governance	.build/contract-reports/spec-001/latest-macos-dynamic.txt	20261004T223654Z-6895
governance	.build/contract-reports/spec-001/latest-macos-static.txt	20261004T141555Z-12014
governance	.build/contract-reports/spec-001/latest-nrf52840-embedded.txt	20261004T144054Z-36978
governance	.build/contract-reports/spec-001/latest-raspberry-pi-armv6.txt	20261004T142310Z-23558
governance	.build/contract-reports/spec-002/latest-macos-dynamic.txt	8af3c97e975f75cd8379250b576975b86bc8fe34-00fb126af8cc48f9
governance	.build/contract-reports/spec-002/latest-macos-static.txt	b18da84a0622e2d24bfc1da8ce17fdf0c89faea7-5845a50eeb7d2730
governance	.build/contract-reports/spec-002/latest-nrf52840-embedded.txt	b18da84a0622e2d24bfc1da8ce17fdf0c89faea7-457fc7e1b9000afd
governance	.build/contract-reports/spec-002/latest-raspberry-pi-armv6.txt	b18da84a0622e2d24bfc1da8ce17fdf0c89faea7-5845a50eeb7d2730
governance	.build/contract-reports/spec-003/latest-macos-dynamic.txt	8af3c97e975f75cd8379250b576975b86bc8fe34-00fb126af8cc48f9
governance	.build/contract-reports/spec-003/latest-macos-static.txt	b18da84a0622e2d24bfc1da8ce17fdf0c89faea7-5845a50eeb7d2730
governance	.build/contract-reports/spec-003/latest-nrf52840-embedded.txt	b18da84a0622e2d24bfc1da8ce17fdf0c89faea7-457fc7e1b9000afd
governance	.build/contract-reports/spec-003/latest-raspberry-pi-armv6.txt	b18da84a0622e2d24bfc1da8ce17fdf0c89faea7-457fc7e1b9000afd
governance	.build/contract-reports/spec-004/latest-macos-dynamic.txt	8af3c97e975f75cd8379250b576975b86bc8fe34-00fb126af8cc48f9
governance	.build/contract-reports/spec-004/latest-macos-static.txt	b18da84a0622e2d24bfc1da8ce17fdf0c89faea7-5845a50eeb7d2730
governance	.build/contract-reports/spec-004/latest-nrf52840-embedded.txt	b18da84a0622e2d24bfc1da8ce17fdf0c89faea7-457fc7e1b9000afd
governance	.build/contract-reports/spec-004/latest-raspberry-pi-armv6.txt	b18da84a0622e2d24bfc1da8ce17fdf0c89faea7-457fc7e1b9000afd
governance	.build/contract-reports/spec-005/latest-macos-dynamic.txt	8af3c97e975f75cd8379250b576975b86bc8fe34-13497580cfa982fc
governance	.build/contract-reports/spec-005/latest-macos-static.txt	b18da84a0622e2d24bfc1da8ce17fdf0c89faea7-91c75f621f54733c
governance	.build/contract-reports/spec-005/latest-nrf52840-embedded.txt	b18da84a0622e2d24bfc1da8ce17fdf0c89faea7-91c75f621f54733c
governance	.build/contract-reports/spec-005/latest-raspberry-pi-armv6.txt	b18da84a0622e2d24bfc1da8ce17fdf0c89faea7-91c75f621f54733c
governance	.build/contract-reports/spec-006/latest-macos-dynamic.txt	8af3c97e975f75cd8379250b576975b86bc8fe34-e4e48e37d8c767c7
governance	.build/contract-reports/spec-006/latest-macos-static.txt	b18da84a0622e2d24bfc1da8ce17fdf0c89faea7-2519f7ee7d9fd3e0
governance	.build/contract-reports/spec-006/latest-nrf52840-embedded.txt	b18da84a0622e2d24bfc1da8ce17fdf0c89faea7-2519f7ee7d9fd3e0
governance	.build/contract-reports/spec-006/latest-raspberry-pi-armv6.txt	b18da84a0622e2d24bfc1da8ce17fdf0c89faea7-2519f7ee7d9fd3e0
governance	.build/contract-reports/spec-007/latest-macos-dynamic.txt	8af3c97e975f75cd8379250b576975b86bc8fe34-9c9b7b98bfb72db1
governance	.build/contract-reports/spec-007/latest-macos-static.txt	b18da84a0622e2d24bfc1da8ce17fdf0c89faea7-88e8f7d4bd213aaf
governance	.build/contract-reports/spec-007/latest-nrf52840-embedded.txt	b18da84a0622e2d24bfc1da8ce17fdf0c89faea7-88e8f7d4bd213aaf
governance	.build/contract-reports/spec-007/latest-raspberry-pi-armv6.txt	b18da84a0622e2d24bfc1da8ce17fdf0c89faea7-88e8f7d4bd213aaf
governance	.build/contract-reports/spec-008/latest-macos-dynamic.txt	8af3c97e975f75cd8379250b576975b86bc8fe34-8c912bd577cac4a7
governance	.build/contract-reports/spec-008/latest-macos-static.txt	b18da84a0622e2d24bfc1da8ce17fdf0c89faea7-cf3969a84328c135
governance	.build/contract-reports/spec-008/latest-nrf52840-embedded.txt	b18da84a0622e2d24bfc1da8ce17fdf0c89faea7-cf3969a84328c135
governance	.build/contract-reports/spec-008/latest-raspberry-pi-armv6.txt	b18da84a0622e2d24bfc1da8ce17fdf0c89faea7-cf3969a84328c135
governance	.build/contract-reports/spec-009/latest-macos-dynamic.txt	8af3c97e975f75cd8379250b576975b86bc8fe34-54aaea69d783eaaa
governance	.build/contract-reports/spec-009/latest-macos-static.txt	b18da84a0622e2d24bfc1da8ce17fdf0c89faea7-16973c7d29593fdf
governance	.build/contract-reports/spec-009/latest-nrf52840-embedded.txt	b18da84a0622e2d24bfc1da8ce17fdf0c89faea7-16973c7d29593fdf
governance	.build/contract-reports/spec-009/latest-raspberry-pi-armv6.txt	b18da84a0622e2d24bfc1da8ce17fdf0c89faea7-16973c7d29593fdf
governance	.build/contract-reports/spec-010/latest-macos-dynamic.txt	8af3c97e975f75cd8379250b576975b86bc8fe34-f09fa73a6913497f
governance	.build/contract-reports/spec-010/latest-macos-static.txt	b18da84a0622e2d24bfc1da8ce17fdf0c89faea7-195b7e7bafcc2d2b
governance	.build/contract-reports/spec-010/latest-nrf52840-embedded.txt	b18da84a0622e2d24bfc1da8ce17fdf0c89faea7-195b7e7bafcc2d2b
governance	.build/contract-reports/spec-010/latest-raspberry-pi-armv6.txt	b18da84a0622e2d24bfc1da8ce17fdf0c89faea7-195b7e7bafcc2d2b
governance	.build/contract-reports/spec-011/latest-macos-dynamic.txt	b18da84a0622e2d24bfc1da8ce17fdf0c89faea7-5845a50eeb7d2730
governance	.build/contract-reports/spec-011/latest-macos-static.txt	b18da84a0622e2d24bfc1da8ce17fdf0c89faea7-5845a50eeb7d2730
governance	.build/contract-reports/spec-011/latest-nrf52840-embedded.txt	b18da84a0622e2d24bfc1da8ce17fdf0c89faea7-457fc7e1b9000afd
governance	.build/contract-reports/spec-011/latest-raspberry-pi-armv6.txt	b18da84a0622e2d24bfc1da8ce17fdf0c89faea7-457fc7e1b9000afd
governance	.build/contract-reports/spec-012/latest-macos-dynamic.txt	8af3c97e975f75cd8379250b576975b86bc8fe34-fc0aae9586267865
governance	.build/contract-reports/spec-012/latest-macos-static.txt	b18da84a0622e2d24bfc1da8ce17fdf0c89faea7-1c61dbad1d952f9d
governance	.build/contract-reports/spec-012/latest-nrf52840-embedded.txt	b18da84a0622e2d24bfc1da8ce17fdf0c89faea7-1c61dbad1d952f9d
governance	.build/contract-reports/spec-012/latest-raspberry-pi-armv6.txt	b18da84a0622e2d24bfc1da8ce17fdf0c89faea7-1c61dbad1d952f9d
governance	.build/contract-reports/spec-013/latest-macos-dynamic.txt	8af3c97e975f75cd8379250b576975b86bc8fe34-d25973a2ebde9c96
governance	.build/contract-reports/spec-013/latest-macos-static.txt	b18da84a0622e2d24bfc1da8ce17fdf0c89faea7-3011c2f2a2dbab33
governance	.build/contract-reports/spec-013/latest-nrf52840-embedded.txt	b18da84a0622e2d24bfc1da8ce17fdf0c89faea7-3011c2f2a2dbab33
governance	.build/contract-reports/spec-013/latest-raspberry-pi-armv6.txt	b18da84a0622e2d24bfc1da8ce17fdf0c89faea7-3011c2f2a2dbab33
governance	.build/contract-reports/spec-015/latest-macos-dynamic.txt	8af3c97e975f75cd8379250b576975b86bc8fe34-00fb126af8cc48f9
governance	.build/contract-reports/spec-015/latest-macos-static.txt	b18da84a0622e2d24bfc1da8ce17fdf0c89faea7-5845a50eeb7d2730
governance	.build/contract-reports/spec-015/latest-nrf52840-embedded.txt	b18da84a0622e2d24bfc1da8ce17fdf0c89faea7-457fc7e1b9000afd
governance	.build/contract-reports/spec-015/latest-raspberry-pi-armv6.txt	b18da84a0622e2d24bfc1da8ce17fdf0c89faea7-457fc7e1b9000afd
published	/var/folders/38/tc_rs_016rz5chj25dzt9nfm0000gn/T/giftui-report-publish-20261005-20195-1dpej8a/reports/run/profile	run
published	/var/folders/38/tc_rs_016rz5chj25dzt9nfm0000gn/T/giftui-report-publish-20261005-20195-1dpej8a/reports/run/profile	run
governance-tooling	.build/contract-reports/spec-001/latest-macos-dynamic.txt	20261004T223654Z-6895
governance-tooling	.build/contract-reports/spec-001/latest-macos-static.txt	20261004T141555Z-12014
governance-tooling	.build/contract-reports/spec-001/latest-nrf52840-embedded.txt	20261004T144054Z-36978
governance-tooling	.build/contract-reports/spec-001/latest-raspberry-pi-armv6.txt	20261004T142310Z-23558
governance-tooling	.build/contract-reports/spec-002/latest-macos-dynamic.txt	8af3c97e975f75cd8379250b576975b86bc8fe34-00fb126af8cc48f9
governance-tooling	.build/contract-reports/spec-002/latest-macos-static.txt	b18da84a0622e2d24bfc1da8ce17fdf0c89faea7-5845a50eeb7d2730
governance-tooling	.build/contract-reports/spec-002/latest-nrf52840-embedded.txt	b18da84a0622e2d24bfc1da8ce17fdf0c89faea7-457fc7e1b9000afd
governance-tooling	.build/contract-reports/spec-002/latest-raspberry-pi-armv6.txt	b18da84a0622e2d24bfc1da8ce17fdf0c89faea7-5845a50eeb7d2730
governance-tooling	.build/contract-reports/spec-003/latest-macos-dynamic.txt	8af3c97e975f75cd8379250b576975b86bc8fe34-00fb126af8cc48f9
governance-tooling	.build/contract-reports/spec-003/latest-macos-static.txt	b18da84a0622e2d24bfc1da8ce17fdf0c89faea7-5845a50eeb7d2730
governance-tooling	.build/contract-reports/spec-003/latest-nrf52840-embedded.txt	b18da84a0622e2d24bfc1da8ce17fdf0c89faea7-457fc7e1b9000afd
governance-tooling	.build/contract-reports/spec-003/latest-raspberry-pi-armv6.txt	b18da84a0622e2d24bfc1da8ce17fdf0c89faea7-457fc7e1b9000afd
governance-tooling	.build/contract-reports/spec-004/latest-macos-dynamic.txt	8af3c97e975f75cd8379250b576975b86bc8fe34-00fb126af8cc48f9
governance-tooling	.build/contract-reports/spec-004/latest-macos-static.txt	b18da84a0622e2d24bfc1da8ce17fdf0c89faea7-5845a50eeb7d2730
governance-tooling	.build/contract-reports/spec-004/latest-nrf52840-embedded.txt	b18da84a0622e2d24bfc1da8ce17fdf0c89faea7-457fc7e1b9000afd
governance-tooling	.build/contract-reports/spec-004/latest-raspberry-pi-armv6.txt	b18da84a0622e2d24bfc1da8ce17fdf0c89faea7-457fc7e1b9000afd
governance-tooling	.build/contract-reports/spec-005/latest-macos-dynamic.txt	8af3c97e975f75cd8379250b576975b86bc8fe34-13497580cfa982fc
governance-tooling	.build/contract-reports/spec-005/latest-macos-static.txt	b18da84a0622e2d24bfc1da8ce17fdf0c89faea7-91c75f621f54733c
governance-tooling	.build/contract-reports/spec-005/latest-nrf52840-embedded.txt	b18da84a0622e2d24bfc1da8ce17fdf0c89faea7-91c75f621f54733c
governance-tooling	.build/contract-reports/spec-005/latest-raspberry-pi-armv6.txt	b18da84a0622e2d24bfc1da8ce17fdf0c89faea7-91c75f621f54733c
governance-tooling	.build/contract-reports/spec-006/latest-macos-dynamic.txt	8af3c97e975f75cd8379250b576975b86bc8fe34-e4e48e37d8c767c7
governance-tooling	.build/contract-reports/spec-006/latest-macos-static.txt	b18da84a0622e2d24bfc1da8ce17fdf0c89faea7-2519f7ee7d9fd3e0
governance-tooling	.build/contract-reports/spec-006/latest-nrf52840-embedded.txt	b18da84a0622e2d24bfc1da8ce17fdf0c89faea7-2519f7ee7d9fd3e0
governance-tooling	.build/contract-reports/spec-006/latest-raspberry-pi-armv6.txt	b18da84a0622e2d24bfc1da8ce17fdf0c89faea7-2519f7ee7d9fd3e0
governance-tooling	.build/contract-reports/spec-007/latest-macos-dynamic.txt	8af3c97e975f75cd8379250b576975b86bc8fe34-9c9b7b98bfb72db1
governance-tooling	.build/contract-reports/spec-007/latest-macos-static.txt	b18da84a0622e2d24bfc1da8ce17fdf0c89faea7-88e8f7d4bd213aaf
governance-tooling	.build/contract-reports/spec-007/latest-nrf52840-embedded.txt	b18da84a0622e2d24bfc1da8ce17fdf0c89faea7-88e8f7d4bd213aaf
governance-tooling	.build/contract-reports/spec-007/latest-raspberry-pi-armv6.txt	b18da84a0622e2d24bfc1da8ce17fdf0c89faea7-88e8f7d4bd213aaf
governance-tooling	.build/contract-reports/spec-008/latest-macos-dynamic.txt	8af3c97e975f75cd8379250b576975b86bc8fe34-8c912bd577cac4a7
governance-tooling	.build/contract-reports/spec-008/latest-macos-static.txt	b18da84a0622e2d24bfc1da8ce17fdf0c89faea7-cf3969a84328c135
governance-tooling	.build/contract-reports/spec-008/latest-nrf52840-embedded.txt	b18da84a0622e2d24bfc1da8ce17fdf0c89faea7-cf3969a84328c135
governance-tooling	.build/contract-reports/spec-008/latest-raspberry-pi-armv6.txt	b18da84a0622e2d24bfc1da8ce17fdf0c89faea7-cf3969a84328c135
governance-tooling	.build/contract-reports/spec-009/latest-macos-dynamic.txt	8af3c97e975f75cd8379250b576975b86bc8fe34-54aaea69d783eaaa
governance-tooling	.build/contract-reports/spec-009/latest-macos-static.txt	b18da84a0622e2d24bfc1da8ce17fdf0c89faea7-16973c7d29593fdf
governance-tooling	.build/contract-reports/spec-009/latest-nrf52840-embedded.txt	b18da84a0622e2d24bfc1da8ce17fdf0c89faea7-16973c7d29593fdf
governance-tooling	.build/contract-reports/spec-009/latest-raspberry-pi-armv6.txt	b18da84a0622e2d24bfc1da8ce17fdf0c89faea7-16973c7d29593fdf
governance-tooling	.build/contract-reports/spec-010/latest-macos-dynamic.txt	8af3c97e975f75cd8379250b576975b86bc8fe34-f09fa73a6913497f
governance-tooling	.build/contract-reports/spec-010/latest-macos-static.txt	b18da84a0622e2d24bfc1da8ce17fdf0c89faea7-195b7e7bafcc2d2b
governance-tooling	.build/contract-reports/spec-010/latest-nrf52840-embedded.txt	b18da84a0622e2d24bfc1da8ce17fdf0c89faea7-195b7e7bafcc2d2b
governance-tooling	.build/contract-reports/spec-010/latest-raspberry-pi-armv6.txt	b18da84a0622e2d24bfc1da8ce17fdf0c89faea7-195b7e7bafcc2d2b
governance-tooling	.build/contract-reports/spec-011/latest-macos-dynamic.txt	b18da84a0622e2d24bfc1da8ce17fdf0c89faea7-5845a50eeb7d2730
governance-tooling	.build/contract-reports/spec-011/latest-macos-static.txt	b18da84a0622e2d24bfc1da8ce17fdf0c89faea7-5845a50eeb7d2730
governance-tooling	.build/contract-reports/spec-011/latest-nrf52840-embedded.txt	b18da84a0622e2d24bfc1da8ce17fdf0c89faea7-457fc7e1b9000afd
governance-tooling	.build/contract-reports/spec-011/latest-raspberry-pi-armv6.txt	b18da84a0622e2d24bfc1da8ce17fdf0c89faea7-457fc7e1b9000afd
governance-tooling	.build/contract-reports/spec-012/latest-macos-dynamic.txt	8af3c97e975f75cd8379250b576975b86bc8fe34-fc0aae9586267865
governance-tooling	.build/contract-reports/spec-012/latest-macos-static.txt	b18da84a0622e2d24bfc1da8ce17fdf0c89faea7-1c61dbad1d952f9d
governance-tooling	.build/contract-reports/spec-012/latest-nrf52840-embedded.txt	b18da84a0622e2d24bfc1da8ce17fdf0c89faea7-1c61dbad1d952f9d
governance-tooling	.build/contract-reports/spec-012/latest-raspberry-pi-armv6.txt	b18da84a0622e2d24bfc1da8ce17fdf0c89faea7-1c61dbad1d952f9d
governance-tooling	.build/contract-reports/spec-013/latest-macos-dynamic.txt	8af3c97e975f75cd8379250b576975b86bc8fe34-d25973a2ebde9c96
governance-tooling	.build/contract-reports/spec-013/latest-macos-static.txt	b18da84a0622e2d24bfc1da8ce17fdf0c89faea7-3011c2f2a2dbab33
governance-tooling	.build/contract-reports/spec-013/latest-nrf52840-embedded.txt	b18da84a0622e2d24bfc1da8ce17fdf0c89faea7-3011c2f2a2dbab33
governance-tooling	.build/contract-reports/spec-013/latest-raspberry-pi-armv6.txt	b18da84a0622e2d24bfc1da8ce17fdf0c89faea7-3011c2f2a2dbab33
governance-tooling	.build/contract-reports/spec-015/latest-macos-dynamic.txt	8af3c97e975f75cd8379250b576975b86bc8fe34-00fb126af8cc48f9
governance-tooling	.build/contract-reports/spec-015/latest-macos-static.txt	b18da84a0622e2d24bfc1da8ce17fdf0c89faea7-5845a50eeb7d2730
governance-tooling	.build/contract-reports/spec-015/latest-nrf52840-embedded.txt	b18da84a0622e2d24bfc1da8ce17fdf0c89faea7-457fc7e1b9000afd
governance-tooling	.build/contract-reports/spec-015/latest-raspberry-pi-armv6.txt	b18da84a0622e2d24bfc1da8ce17fdf0c89faea7-457fc7e1b9000afd
swift-format	.build/contract-reports/spec-001/latest-macos-dynamic.txt	20261004T223654Z-6895
swift-format	.build/contract-reports/spec-001/latest-macos-static.txt	20261004T141555Z-12014
swift-format	.build/contract-reports/spec-001/latest-nrf52840-embedded.txt	20261004T144054Z-36978
swift-format	.build/contract-reports/spec-001/latest-raspberry-pi-armv6.txt	20261004T142310Z-23558
swift-format	.build/contract-reports/spec-002/latest-macos-dynamic.txt	8af3c97e975f75cd8379250b576975b86bc8fe34-00fb126af8cc48f9
swift-format	.build/contract-reports/spec-002/latest-macos-static.txt	b18da84a0622e2d24bfc1da8ce17fdf0c89faea7-5845a50eeb7d2730
swift-format	.build/contract-reports/spec-002/latest-nrf52840-embedded.txt	b18da84a0622e2d24bfc1da8ce17fdf0c89faea7-457fc7e1b9000afd
swift-format	.build/contract-reports/spec-002/latest-raspberry-pi-armv6.txt	b18da84a0622e2d24bfc1da8ce17fdf0c89faea7-5845a50eeb7d2730
swift-format	.build/contract-reports/spec-003/latest-macos-dynamic.txt	8af3c97e975f75cd8379250b576975b86bc8fe34-00fb126af8cc48f9
swift-format	.build/contract-reports/spec-003/latest-macos-static.txt	b18da84a0622e2d24bfc1da8ce17fdf0c89faea7-5845a50eeb7d2730
swift-format	.build/contract-reports/spec-003/latest-nrf52840-embedded.txt	b18da84a0622e2d24bfc1da8ce17fdf0c89faea7-457fc7e1b9000afd
swift-format	.build/contract-reports/spec-003/latest-raspberry-pi-armv6.txt	b18da84a0622e2d24bfc1da8ce17fdf0c89faea7-457fc7e1b9000afd
swift-format	.build/contract-reports/spec-004/latest-macos-dynamic.txt	8af3c97e975f75cd8379250b576975b86bc8fe34-00fb126af8cc48f9
swift-format	.build/contract-reports/spec-004/latest-macos-static.txt	b18da84a0622e2d24bfc1da8ce17fdf0c89faea7-5845a50eeb7d2730
swift-format	.build/contract-reports/spec-004/latest-nrf52840-embedded.txt	b18da84a0622e2d24bfc1da8ce17fdf0c89faea7-457fc7e1b9000afd
swift-format	.build/contract-reports/spec-004/latest-raspberry-pi-armv6.txt	b18da84a0622e2d24bfc1da8ce17fdf0c89faea7-457fc7e1b9000afd
swift-format	.build/contract-reports/spec-005/latest-macos-dynamic.txt	8af3c97e975f75cd8379250b576975b86bc8fe34-13497580cfa982fc
swift-format	.build/contract-reports/spec-005/latest-macos-static.txt	b18da84a0622e2d24bfc1da8ce17fdf0c89faea7-91c75f621f54733c
swift-format	.build/contract-reports/spec-005/latest-nrf52840-embedded.txt	b18da84a0622e2d24bfc1da8ce17fdf0c89faea7-91c75f621f54733c
swift-format	.build/contract-reports/spec-005/latest-raspberry-pi-armv6.txt	b18da84a0622e2d24bfc1da8ce17fdf0c89faea7-91c75f621f54733c
swift-format	.build/contract-reports/spec-006/latest-macos-dynamic.txt	8af3c97e975f75cd8379250b576975b86bc8fe34-e4e48e37d8c767c7
swift-format	.build/contract-reports/spec-006/latest-macos-static.txt	b18da84a0622e2d24bfc1da8ce17fdf0c89faea7-2519f7ee7d9fd3e0
swift-format	.build/contract-reports/spec-006/latest-nrf52840-embedded.txt	b18da84a0622e2d24bfc1da8ce17fdf0c89faea7-2519f7ee7d9fd3e0
swift-format	.build/contract-reports/spec-006/latest-raspberry-pi-armv6.txt	b18da84a0622e2d24bfc1da8ce17fdf0c89faea7-2519f7ee7d9fd3e0
swift-format	.build/contract-reports/spec-007/latest-macos-dynamic.txt	8af3c97e975f75cd8379250b576975b86bc8fe34-9c9b7b98bfb72db1
swift-format	.build/contract-reports/spec-007/latest-macos-static.txt	b18da84a0622e2d24bfc1da8ce17fdf0c89faea7-88e8f7d4bd213aaf
swift-format	.build/contract-reports/spec-007/latest-nrf52840-embedded.txt	b18da84a0622e2d24bfc1da8ce17fdf0c89faea7-88e8f7d4bd213aaf
swift-format	.build/contract-reports/spec-007/latest-raspberry-pi-armv6.txt	b18da84a0622e2d24bfc1da8ce17fdf0c89faea7-88e8f7d4bd213aaf
swift-format	.build/contract-reports/spec-008/latest-macos-dynamic.txt	8af3c97e975f75cd8379250b576975b86bc8fe34-8c912bd577cac4a7
swift-format	.build/contract-reports/spec-008/latest-macos-static.txt	b18da84a0622e2d24bfc1da8ce17fdf0c89faea7-cf3969a84328c135
swift-format	.build/contract-reports/spec-008/latest-nrf52840-embedded.txt	b18da84a0622e2d24bfc1da8ce17fdf0c89faea7-cf3969a84328c135
swift-format	.build/contract-reports/spec-008/latest-raspberry-pi-armv6.txt	b18da84a0622e2d24bfc1da8ce17fdf0c89faea7-cf3969a84328c135
swift-format	.build/contract-reports/spec-009/latest-macos-dynamic.txt	8af3c97e975f75cd8379250b576975b86bc8fe34-54aaea69d783eaaa
swift-format	.build/contract-reports/spec-009/latest-macos-static.txt	b18da84a0622e2d24bfc1da8ce17fdf0c89faea7-16973c7d29593fdf
swift-format	.build/contract-reports/spec-009/latest-nrf52840-embedded.txt	b18da84a0622e2d24bfc1da8ce17fdf0c89faea7-16973c7d29593fdf
swift-format	.build/contract-reports/spec-009/latest-raspberry-pi-armv6.txt	b18da84a0622e2d24bfc1da8ce17fdf0c89faea7-16973c7d29593fdf
swift-format	.build/contract-reports/spec-010/latest-macos-dynamic.txt	8af3c97e975f75cd8379250b576975b86bc8fe34-f09fa73a6913497f
swift-format	.build/contract-reports/spec-010/latest-macos-static.txt	b18da84a0622e2d24bfc1da8ce17fdf0c89faea7-195b7e7bafcc2d2b
swift-format	.build/contract-reports/spec-010/latest-nrf52840-embedded.txt	b18da84a0622e2d24bfc1da8ce17fdf0c89faea7-195b7e7bafcc2d2b
swift-format	.build/contract-reports/spec-010/latest-raspberry-pi-armv6.txt	b18da84a0622e2d24bfc1da8ce17fdf0c89faea7-195b7e7bafcc2d2b
swift-format	.build/contract-reports/spec-011/latest-macos-dynamic.txt	b18da84a0622e2d24bfc1da8ce17fdf0c89faea7-5845a50eeb7d2730
swift-format	.build/contract-reports/spec-011/latest-macos-static.txt	b18da84a0622e2d24bfc1da8ce17fdf0c89faea7-5845a50eeb7d2730
swift-format	.build/contract-reports/spec-011/latest-nrf52840-embedded.txt	b18da84a0622e2d24bfc1da8ce17fdf0c89faea7-457fc7e1b9000afd
swift-format	.build/contract-reports/spec-011/latest-raspberry-pi-armv6.txt	b18da84a0622e2d24bfc1da8ce17fdf0c89faea7-457fc7e1b9000afd
swift-format	.build/contract-reports/spec-012/latest-macos-dynamic.txt	8af3c97e975f75cd8379250b576975b86bc8fe34-fc0aae9586267865
swift-format	.build/contract-reports/spec-012/latest-macos-static.txt	b18da84a0622e2d24bfc1da8ce17fdf0c89faea7-1c61dbad1d952f9d
swift-format	.build/contract-reports/spec-012/latest-nrf52840-embedded.txt	b18da84a0622e2d24bfc1da8ce17fdf0c89faea7-1c61dbad1d952f9d
swift-format	.build/contract-reports/spec-012/latest-raspberry-pi-armv6.txt	b18da84a0622e2d24bfc1da8ce17fdf0c89faea7-1c61dbad1d952f9d
swift-format	.build/contract-reports/spec-013/latest-macos-dynamic.txt	8af3c97e975f75cd8379250b576975b86bc8fe34-d25973a2ebde9c96
swift-format	.build/contract-reports/spec-013/latest-macos-static.txt	b18da84a0622e2d24bfc1da8ce17fdf0c89faea7-3011c2f2a2dbab33
swift-format	.build/contract-reports/spec-013/latest-nrf52840-embedded.txt	b18da84a0622e2d24bfc1da8ce17fdf0c89faea7-3011c2f2a2dbab33
swift-format	.build/contract-reports/spec-013/latest-raspberry-pi-armv6.txt	b18da84a0622e2d24bfc1da8ce17fdf0c89faea7-3011c2f2a2dbab33
swift-format	.build/contract-reports/spec-015/latest-macos-dynamic.txt	8af3c97e975f75cd8379250b576975b86bc8fe34-00fb126af8cc48f9
swift-format	.build/contract-reports/spec-015/latest-macos-static.txt	b18da84a0622e2d24bfc1da8ce17fdf0c89faea7-5845a50eeb7d2730
swift-format	.build/contract-reports/spec-015/latest-nrf52840-embedded.txt	b18da84a0622e2d24bfc1da8ce17fdf0c89faea7-457fc7e1b9000afd
swift-format	.build/contract-reports/spec-015/latest-raspberry-pi-armv6.txt	b18da84a0622e2d24bfc1da8ce17fdf0c89faea7-457fc7e1b9000afd
driver-registry	.build/contract-reports/spec-001/latest-macos-dynamic.txt	20261004T223654Z-6895
driver-registry	.build/contract-reports/spec-001/latest-macos-static.txt	20261004T141555Z-12014
driver-registry	.build/contract-reports/spec-001/latest-nrf52840-embedded.txt	20261004T144054Z-36978
driver-registry	.build/contract-reports/spec-001/latest-raspberry-pi-armv6.txt	20261004T142310Z-23558
driver-registry	.build/contract-reports/spec-002/latest-macos-dynamic.txt	8af3c97e975f75cd8379250b576975b86bc8fe34-00fb126af8cc48f9
driver-registry	.build/contract-reports/spec-002/latest-macos-static.txt	b18da84a0622e2d24bfc1da8ce17fdf0c89faea7-5845a50eeb7d2730
driver-registry	.build/contract-reports/spec-002/latest-nrf52840-embedded.txt	b18da84a0622e2d24bfc1da8ce17fdf0c89faea7-457fc7e1b9000afd
driver-registry	.build/contract-reports/spec-002/latest-raspberry-pi-armv6.txt	b18da84a0622e2d24bfc1da8ce17fdf0c89faea7-5845a50eeb7d2730
driver-registry	.build/contract-reports/spec-003/latest-macos-dynamic.txt	8af3c97e975f75cd8379250b576975b86bc8fe34-00fb126af8cc48f9
driver-registry	.build/contract-reports/spec-003/latest-macos-static.txt	b18da84a0622e2d24bfc1da8ce17fdf0c89faea7-5845a50eeb7d2730
driver-registry	.build/contract-reports/spec-003/latest-nrf52840-embedded.txt	b18da84a0622e2d24bfc1da8ce17fdf0c89faea7-457fc7e1b9000afd
driver-registry	.build/contract-reports/spec-003/latest-raspberry-pi-armv6.txt	b18da84a0622e2d24bfc1da8ce17fdf0c89faea7-457fc7e1b9000afd
driver-registry	.build/contract-reports/spec-004/latest-macos-dynamic.txt	8af3c97e975f75cd8379250b576975b86bc8fe34-00fb126af8cc48f9
driver-registry	.build/contract-reports/spec-004/latest-macos-static.txt	b18da84a0622e2d24bfc1da8ce17fdf0c89faea7-5845a50eeb7d2730
driver-registry	.build/contract-reports/spec-004/latest-nrf52840-embedded.txt	b18da84a0622e2d24bfc1da8ce17fdf0c89faea7-457fc7e1b9000afd
driver-registry	.build/contract-reports/spec-004/latest-raspberry-pi-armv6.txt	b18da84a0622e2d24bfc1da8ce17fdf0c89faea7-457fc7e1b9000afd
driver-registry	.build/contract-reports/spec-005/latest-macos-dynamic.txt	8af3c97e975f75cd8379250b576975b86bc8fe34-13497580cfa982fc
driver-registry	.build/contract-reports/spec-005/latest-macos-static.txt	b18da84a0622e2d24bfc1da8ce17fdf0c89faea7-91c75f621f54733c
driver-registry	.build/contract-reports/spec-005/latest-nrf52840-embedded.txt	b18da84a0622e2d24bfc1da8ce17fdf0c89faea7-91c75f621f54733c
driver-registry	.build/contract-reports/spec-005/latest-raspberry-pi-armv6.txt	b18da84a0622e2d24bfc1da8ce17fdf0c89faea7-91c75f621f54733c
driver-registry	.build/contract-reports/spec-006/latest-macos-dynamic.txt	8af3c97e975f75cd8379250b576975b86bc8fe34-e4e48e37d8c767c7
driver-registry	.build/contract-reports/spec-006/latest-macos-static.txt	b18da84a0622e2d24bfc1da8ce17fdf0c89faea7-2519f7ee7d9fd3e0
driver-registry	.build/contract-reports/spec-006/latest-nrf52840-embedded.txt	b18da84a0622e2d24bfc1da8ce17fdf0c89faea7-2519f7ee7d9fd3e0
driver-registry	.build/contract-reports/spec-006/latest-raspberry-pi-armv6.txt	b18da84a0622e2d24bfc1da8ce17fdf0c89faea7-2519f7ee7d9fd3e0
driver-registry	.build/contract-reports/spec-007/latest-macos-dynamic.txt	8af3c97e975f75cd8379250b576975b86bc8fe34-9c9b7b98bfb72db1
driver-registry	.build/contract-reports/spec-007/latest-macos-static.txt	b18da84a0622e2d24bfc1da8ce17fdf0c89faea7-88e8f7d4bd213aaf
driver-registry	.build/contract-reports/spec-007/latest-nrf52840-embedded.txt	b18da84a0622e2d24bfc1da8ce17fdf0c89faea7-88e8f7d4bd213aaf
driver-registry	.build/contract-reports/spec-007/latest-raspberry-pi-armv6.txt	b18da84a0622e2d24bfc1da8ce17fdf0c89faea7-88e8f7d4bd213aaf
driver-registry	.build/contract-reports/spec-008/latest-macos-dynamic.txt	8af3c97e975f75cd8379250b576975b86bc8fe34-8c912bd577cac4a7
driver-registry	.build/contract-reports/spec-008/latest-macos-static.txt	b18da84a0622e2d24bfc1da8ce17fdf0c89faea7-cf3969a84328c135
driver-registry	.build/contract-reports/spec-008/latest-nrf52840-embedded.txt	b18da84a0622e2d24bfc1da8ce17fdf0c89faea7-cf3969a84328c135
driver-registry	.build/contract-reports/spec-008/latest-raspberry-pi-armv6.txt	b18da84a0622e2d24bfc1da8ce17fdf0c89faea7-cf3969a84328c135
driver-registry	.build/contract-reports/spec-009/latest-macos-dynamic.txt	8af3c97e975f75cd8379250b576975b86bc8fe34-54aaea69d783eaaa
driver-registry	.build/contract-reports/spec-009/latest-macos-static.txt	b18da84a0622e2d24bfc1da8ce17fdf0c89faea7-16973c7d29593fdf
driver-registry	.build/contract-reports/spec-009/latest-nrf52840-embedded.txt	b18da84a0622e2d24bfc1da8ce17fdf0c89faea7-16973c7d29593fdf
driver-registry	.build/contract-reports/spec-009/latest-raspberry-pi-armv6.txt	b18da84a0622e2d24bfc1da8ce17fdf0c89faea7-16973c7d29593fdf
driver-registry	.build/contract-reports/spec-010/latest-macos-dynamic.txt	8af3c97e975f75cd8379250b576975b86bc8fe34-f09fa73a6913497f
driver-registry	.build/contract-reports/spec-010/latest-macos-static.txt	b18da84a0622e2d24bfc1da8ce17fdf0c89faea7-195b7e7bafcc2d2b
driver-registry	.build/contract-reports/spec-010/latest-nrf52840-embedded.txt	b18da84a0622e2d24bfc1da8ce17fdf0c89faea7-195b7e7bafcc2d2b
driver-registry	.build/contract-reports/spec-010/latest-raspberry-pi-armv6.txt	b18da84a0622e2d24bfc1da8ce17fdf0c89faea7-195b7e7bafcc2d2b
driver-registry	.build/contract-reports/spec-011/latest-macos-dynamic.txt	b18da84a0622e2d24bfc1da8ce17fdf0c89faea7-5845a50eeb7d2730
driver-registry	.build/contract-reports/spec-011/latest-macos-static.txt	b18da84a0622e2d24bfc1da8ce17fdf0c89faea7-5845a50eeb7d2730
driver-registry	.build/contract-reports/spec-011/latest-nrf52840-embedded.txt	b18da84a0622e2d24bfc1da8ce17fdf0c89faea7-457fc7e1b9000afd
driver-registry	.build/contract-reports/spec-011/latest-raspberry-pi-armv6.txt	b18da84a0622e2d24bfc1da8ce17fdf0c89faea7-457fc7e1b9000afd
driver-registry	.build/contract-reports/spec-012/latest-macos-dynamic.txt	8af3c97e975f75cd8379250b576975b86bc8fe34-fc0aae9586267865
driver-registry	.build/contract-reports/spec-012/latest-macos-static.txt	b18da84a0622e2d24bfc1da8ce17fdf0c89faea7-1c61dbad1d952f9d
driver-registry	.build/contract-reports/spec-012/latest-nrf52840-embedded.txt	b18da84a0622e2d24bfc1da8ce17fdf0c89faea7-1c61dbad1d952f9d
driver-registry	.build/contract-reports/spec-012/latest-raspberry-pi-armv6.txt	b18da84a0622e2d24bfc1da8ce17fdf0c89faea7-1c61dbad1d952f9d
driver-registry	.build/contract-reports/spec-013/latest-macos-dynamic.txt	8af3c97e975f75cd8379250b576975b86bc8fe34-d25973a2ebde9c96
driver-registry	.build/contract-reports/spec-013/latest-macos-static.txt	b18da84a0622e2d24bfc1da8ce17fdf0c89faea7-3011c2f2a2dbab33
driver-registry	.build/contract-reports/spec-013/latest-nrf52840-embedded.txt	b18da84a0622e2d24bfc1da8ce17fdf0c89faea7-3011c2f2a2dbab33
driver-registry	.build/contract-reports/spec-013/latest-raspberry-pi-armv6.txt	b18da84a0622e2d24bfc1da8ce17fdf0c89faea7-3011c2f2a2dbab33
driver-registry	.build/contract-reports/spec-015/latest-macos-dynamic.txt	8af3c97e975f75cd8379250b576975b86bc8fe34-00fb126af8cc48f9
driver-registry	.build/contract-reports/spec-015/latest-macos-static.txt	b18da84a0622e2d24bfc1da8ce17fdf0c89faea7-5845a50eeb7d2730
driver-registry	.build/contract-reports/spec-015/latest-nrf52840-embedded.txt	b18da84a0622e2d24bfc1da8ce17fdf0c89faea7-457fc7e1b9000afd
driver-registry	.build/contract-reports/spec-015/latest-raspberry-pi-armv6.txt	b18da84a0622e2d24bfc1da8ce17fdf0c89faea7-457fc7e1b9000afd
nrf-topology	.build/contract-reports/spec-001/latest-macos-dynamic.txt	20261004T223654Z-6895
nrf-topology	.build/contract-reports/spec-001/latest-macos-static.txt	20261004T141555Z-12014
nrf-topology	.build/contract-reports/spec-001/latest-nrf52840-embedded.txt	20261004T144054Z-36978
nrf-topology	.build/contract-reports/spec-001/latest-raspberry-pi-armv6.txt	20261004T142310Z-23558
nrf-topology	.build/contract-reports/spec-002/latest-macos-dynamic.txt	8af3c97e975f75cd8379250b576975b86bc8fe34-00fb126af8cc48f9
nrf-topology	.build/contract-reports/spec-002/latest-macos-static.txt	b18da84a0622e2d24bfc1da8ce17fdf0c89faea7-5845a50eeb7d2730
nrf-topology	.build/contract-reports/spec-002/latest-nrf52840-embedded.txt	b18da84a0622e2d24bfc1da8ce17fdf0c89faea7-457fc7e1b9000afd
nrf-topology	.build/contract-reports/spec-002/latest-raspberry-pi-armv6.txt	b18da84a0622e2d24bfc1da8ce17fdf0c89faea7-5845a50eeb7d2730
nrf-topology	.build/contract-reports/spec-003/latest-macos-dynamic.txt	8af3c97e975f75cd8379250b576975b86bc8fe34-00fb126af8cc48f9
nrf-topology	.build/contract-reports/spec-003/latest-macos-static.txt	b18da84a0622e2d24bfc1da8ce17fdf0c89faea7-5845a50eeb7d2730
nrf-topology	.build/contract-reports/spec-003/latest-nrf52840-embedded.txt	b18da84a0622e2d24bfc1da8ce17fdf0c89faea7-457fc7e1b9000afd
nrf-topology	.build/contract-reports/spec-003/latest-raspberry-pi-armv6.txt	b18da84a0622e2d24bfc1da8ce17fdf0c89faea7-457fc7e1b9000afd
nrf-topology	.build/contract-reports/spec-004/latest-macos-dynamic.txt	8af3c97e975f75cd8379250b576975b86bc8fe34-00fb126af8cc48f9
nrf-topology	.build/contract-reports/spec-004/latest-macos-static.txt	b18da84a0622e2d24bfc1da8ce17fdf0c89faea7-5845a50eeb7d2730
nrf-topology	.build/contract-reports/spec-004/latest-nrf52840-embedded.txt	b18da84a0622e2d24bfc1da8ce17fdf0c89faea7-457fc7e1b9000afd
nrf-topology	.build/contract-reports/spec-004/latest-raspberry-pi-armv6.txt	b18da84a0622e2d24bfc1da8ce17fdf0c89faea7-457fc7e1b9000afd
nrf-topology	.build/contract-reports/spec-005/latest-macos-dynamic.txt	8af3c97e975f75cd8379250b576975b86bc8fe34-13497580cfa982fc
nrf-topology	.build/contract-reports/spec-005/latest-macos-static.txt	b18da84a0622e2d24bfc1da8ce17fdf0c89faea7-91c75f621f54733c
nrf-topology	.build/contract-reports/spec-005/latest-nrf52840-embedded.txt	b18da84a0622e2d24bfc1da8ce17fdf0c89faea7-91c75f621f54733c
nrf-topology	.build/contract-reports/spec-005/latest-raspberry-pi-armv6.txt	b18da84a0622e2d24bfc1da8ce17fdf0c89faea7-91c75f621f54733c
nrf-topology	.build/contract-reports/spec-006/latest-macos-dynamic.txt	8af3c97e975f75cd8379250b576975b86bc8fe34-e4e48e37d8c767c7
nrf-topology	.build/contract-reports/spec-006/latest-macos-static.txt	b18da84a0622e2d24bfc1da8ce17fdf0c89faea7-2519f7ee7d9fd3e0
nrf-topology	.build/contract-reports/spec-006/latest-nrf52840-embedded.txt	b18da84a0622e2d24bfc1da8ce17fdf0c89faea7-2519f7ee7d9fd3e0
nrf-topology	.build/contract-reports/spec-006/latest-raspberry-pi-armv6.txt	b18da84a0622e2d24bfc1da8ce17fdf0c89faea7-2519f7ee7d9fd3e0
nrf-topology	.build/contract-reports/spec-007/latest-macos-dynamic.txt	8af3c97e975f75cd8379250b576975b86bc8fe34-9c9b7b98bfb72db1
nrf-topology	.build/contract-reports/spec-007/latest-macos-static.txt	b18da84a0622e2d24bfc1da8ce17fdf0c89faea7-88e8f7d4bd213aaf
nrf-topology	.build/contract-reports/spec-007/latest-nrf52840-embedded.txt	b18da84a0622e2d24bfc1da8ce17fdf0c89faea7-88e8f7d4bd213aaf
nrf-topology	.build/contract-reports/spec-007/latest-raspberry-pi-armv6.txt	b18da84a0622e2d24bfc1da8ce17fdf0c89faea7-88e8f7d4bd213aaf
nrf-topology	.build/contract-reports/spec-008/latest-macos-dynamic.txt	8af3c97e975f75cd8379250b576975b86bc8fe34-8c912bd577cac4a7
nrf-topology	.build/contract-reports/spec-008/latest-macos-static.txt	b18da84a0622e2d24bfc1da8ce17fdf0c89faea7-cf3969a84328c135
nrf-topology	.build/contract-reports/spec-008/latest-nrf52840-embedded.txt	b18da84a0622e2d24bfc1da8ce17fdf0c89faea7-cf3969a84328c135
nrf-topology	.build/contract-reports/spec-008/latest-raspberry-pi-armv6.txt	b18da84a0622e2d24bfc1da8ce17fdf0c89faea7-cf3969a84328c135
nrf-topology	.build/contract-reports/spec-009/latest-macos-dynamic.txt	8af3c97e975f75cd8379250b576975b86bc8fe34-54aaea69d783eaaa
nrf-topology	.build/contract-reports/spec-009/latest-macos-static.txt	b18da84a0622e2d24bfc1da8ce17fdf0c89faea7-16973c7d29593fdf
nrf-topology	.build/contract-reports/spec-009/latest-nrf52840-embedded.txt	b18da84a0622e2d24bfc1da8ce17fdf0c89faea7-16973c7d29593fdf
nrf-topology	.build/contract-reports/spec-009/latest-raspberry-pi-armv6.txt	b18da84a0622e2d24bfc1da8ce17fdf0c89faea7-16973c7d29593fdf
nrf-topology	.build/contract-reports/spec-010/latest-macos-dynamic.txt	8af3c97e975f75cd8379250b576975b86bc8fe34-f09fa73a6913497f
nrf-topology	.build/contract-reports/spec-010/latest-macos-static.txt	b18da84a0622e2d24bfc1da8ce17fdf0c89faea7-195b7e7bafcc2d2b
nrf-topology	.build/contract-reports/spec-010/latest-nrf52840-embedded.txt	b18da84a0622e2d24bfc1da8ce17fdf0c89faea7-195b7e7bafcc2d2b
nrf-topology	.build/contract-reports/spec-010/latest-raspberry-pi-armv6.txt	b18da84a0622e2d24bfc1da8ce17fdf0c89faea7-195b7e7bafcc2d2b
nrf-topology	.build/contract-reports/spec-011/latest-macos-dynamic.txt	b18da84a0622e2d24bfc1da8ce17fdf0c89faea7-5845a50eeb7d2730
nrf-topology	.build/contract-reports/spec-011/latest-macos-static.txt	b18da84a0622e2d24bfc1da8ce17fdf0c89faea7-5845a50eeb7d2730
nrf-topology	.build/contract-reports/spec-011/latest-nrf52840-embedded.txt	b18da84a0622e2d24bfc1da8ce17fdf0c89faea7-457fc7e1b9000afd
nrf-topology	.build/contract-reports/spec-011/latest-raspberry-pi-armv6.txt	b18da84a0622e2d24bfc1da8ce17fdf0c89faea7-457fc7e1b9000afd
nrf-topology	.build/contract-reports/spec-012/latest-macos-dynamic.txt	8af3c97e975f75cd8379250b576975b86bc8fe34-fc0aae9586267865
nrf-topology	.build/contract-reports/spec-012/latest-macos-static.txt	b18da84a0622e2d24bfc1da8ce17fdf0c89faea7-1c61dbad1d952f9d
nrf-topology	.build/contract-reports/spec-012/latest-nrf52840-embedded.txt	b18da84a0622e2d24bfc1da8ce17fdf0c89faea7-1c61dbad1d952f9d
nrf-topology	.build/contract-reports/spec-012/latest-raspberry-pi-armv6.txt	b18da84a0622e2d24bfc1da8ce17fdf0c89faea7-1c61dbad1d952f9d
nrf-topology	.build/contract-reports/spec-013/latest-macos-dynamic.txt	8af3c97e975f75cd8379250b576975b86bc8fe34-d25973a2ebde9c96
nrf-topology	.build/contract-reports/spec-013/latest-macos-static.txt	b18da84a0622e2d24bfc1da8ce17fdf0c89faea7-3011c2f2a2dbab33
nrf-topology	.build/contract-reports/spec-013/latest-nrf52840-embedded.txt	b18da84a0622e2d24bfc1da8ce17fdf0c89faea7-3011c2f2a2dbab33
nrf-topology	.build/contract-reports/spec-013/latest-raspberry-pi-armv6.txt	b18da84a0622e2d24bfc1da8ce17fdf0c89faea7-3011c2f2a2dbab33
nrf-topology	.build/contract-reports/spec-015/latest-macos-dynamic.txt	8af3c97e975f75cd8379250b576975b86bc8fe34-00fb126af8cc48f9
nrf-topology	.build/contract-reports/spec-015/latest-macos-static.txt	b18da84a0622e2d24bfc1da8ce17fdf0c89faea7-5845a50eeb7d2730
nrf-topology	.build/contract-reports/spec-015/latest-nrf52840-embedded.txt	b18da84a0622e2d24bfc1da8ce17fdf0c89faea7-457fc7e1b9000afd
nrf-topology	.build/contract-reports/spec-015/latest-raspberry-pi-armv6.txt	b18da84a0622e2d24bfc1da8ce17fdf0c89faea7-457fc7e1b9000afd
nrf-source-selection	.build/contract-reports/spec-001/latest-macos-dynamic.txt	20261004T223654Z-6895
nrf-source-selection	.build/contract-reports/spec-001/latest-macos-static.txt	20261004T141555Z-12014
nrf-source-selection	.build/contract-reports/spec-001/latest-nrf52840-embedded.txt	20261004T144054Z-36978
nrf-source-selection	.build/contract-reports/spec-001/latest-raspberry-pi-armv6.txt	20261004T142310Z-23558
nrf-source-selection	.build/contract-reports/spec-002/latest-macos-dynamic.txt	8af3c97e975f75cd8379250b576975b86bc8fe34-00fb126af8cc48f9
nrf-source-selection	.build/contract-reports/spec-002/latest-macos-static.txt	b18da84a0622e2d24bfc1da8ce17fdf0c89faea7-5845a50eeb7d2730
nrf-source-selection	.build/contract-reports/spec-002/latest-nrf52840-embedded.txt	b18da84a0622e2d24bfc1da8ce17fdf0c89faea7-457fc7e1b9000afd
nrf-source-selection	.build/contract-reports/spec-002/latest-raspberry-pi-armv6.txt	b18da84a0622e2d24bfc1da8ce17fdf0c89faea7-5845a50eeb7d2730
nrf-source-selection	.build/contract-reports/spec-003/latest-macos-dynamic.txt	8af3c97e975f75cd8379250b576975b86bc8fe34-00fb126af8cc48f9
nrf-source-selection	.build/contract-reports/spec-003/latest-macos-static.txt	b18da84a0622e2d24bfc1da8ce17fdf0c89faea7-5845a50eeb7d2730
nrf-source-selection	.build/contract-reports/spec-003/latest-nrf52840-embedded.txt	b18da84a0622e2d24bfc1da8ce17fdf0c89faea7-457fc7e1b9000afd
nrf-source-selection	.build/contract-reports/spec-003/latest-raspberry-pi-armv6.txt	b18da84a0622e2d24bfc1da8ce17fdf0c89faea7-457fc7e1b9000afd
nrf-source-selection	.build/contract-reports/spec-004/latest-macos-dynamic.txt	8af3c97e975f75cd8379250b576975b86bc8fe34-00fb126af8cc48f9
nrf-source-selection	.build/contract-reports/spec-004/latest-macos-static.txt	b18da84a0622e2d24bfc1da8ce17fdf0c89faea7-5845a50eeb7d2730
nrf-source-selection	.build/contract-reports/spec-004/latest-nrf52840-embedded.txt	b18da84a0622e2d24bfc1da8ce17fdf0c89faea7-457fc7e1b9000afd
nrf-source-selection	.build/contract-reports/spec-004/latest-raspberry-pi-armv6.txt	b18da84a0622e2d24bfc1da8ce17fdf0c89faea7-457fc7e1b9000afd
nrf-source-selection	.build/contract-reports/spec-005/latest-macos-dynamic.txt	8af3c97e975f75cd8379250b576975b86bc8fe34-13497580cfa982fc
nrf-source-selection	.build/contract-reports/spec-005/latest-macos-static.txt	b18da84a0622e2d24bfc1da8ce17fdf0c89faea7-91c75f621f54733c
nrf-source-selection	.build/contract-reports/spec-005/latest-nrf52840-embedded.txt	b18da84a0622e2d24bfc1da8ce17fdf0c89faea7-91c75f621f54733c
nrf-source-selection	.build/contract-reports/spec-005/latest-raspberry-pi-armv6.txt	b18da84a0622e2d24bfc1da8ce17fdf0c89faea7-91c75f621f54733c
nrf-source-selection	.build/contract-reports/spec-006/latest-macos-dynamic.txt	8af3c97e975f75cd8379250b576975b86bc8fe34-e4e48e37d8c767c7
nrf-source-selection	.build/contract-reports/spec-006/latest-macos-static.txt	b18da84a0622e2d24bfc1da8ce17fdf0c89faea7-2519f7ee7d9fd3e0
nrf-source-selection	.build/contract-reports/spec-006/latest-nrf52840-embedded.txt	b18da84a0622e2d24bfc1da8ce17fdf0c89faea7-2519f7ee7d9fd3e0
nrf-source-selection	.build/contract-reports/spec-006/latest-raspberry-pi-armv6.txt	b18da84a0622e2d24bfc1da8ce17fdf0c89faea7-2519f7ee7d9fd3e0
nrf-source-selection	.build/contract-reports/spec-007/latest-macos-dynamic.txt	8af3c97e975f75cd8379250b576975b86bc8fe34-9c9b7b98bfb72db1
nrf-source-selection	.build/contract-reports/spec-007/latest-macos-static.txt	b18da84a0622e2d24bfc1da8ce17fdf0c89faea7-88e8f7d4bd213aaf
nrf-source-selection	.build/contract-reports/spec-007/latest-nrf52840-embedded.txt	b18da84a0622e2d24bfc1da8ce17fdf0c89faea7-88e8f7d4bd213aaf
nrf-source-selection	.build/contract-reports/spec-007/latest-raspberry-pi-armv6.txt	b18da84a0622e2d24bfc1da8ce17fdf0c89faea7-88e8f7d4bd213aaf
nrf-source-selection	.build/contract-reports/spec-008/latest-macos-dynamic.txt	8af3c97e975f75cd8379250b576975b86bc8fe34-8c912bd577cac4a7
nrf-source-selection	.build/contract-reports/spec-008/latest-macos-static.txt	b18da84a0622e2d24bfc1da8ce17fdf0c89faea7-cf3969a84328c135
nrf-source-selection	.build/contract-reports/spec-008/latest-nrf52840-embedded.txt	b18da84a0622e2d24bfc1da8ce17fdf0c89faea7-cf3969a84328c135
nrf-source-selection	.build/contract-reports/spec-008/latest-raspberry-pi-armv6.txt	b18da84a0622e2d24bfc1da8ce17fdf0c89faea7-cf3969a84328c135
nrf-source-selection	.build/contract-reports/spec-009/latest-macos-dynamic.txt	8af3c97e975f75cd8379250b576975b86bc8fe34-54aaea69d783eaaa
nrf-source-selection	.build/contract-reports/spec-009/latest-macos-static.txt	b18da84a0622e2d24bfc1da8ce17fdf0c89faea7-16973c7d29593fdf
nrf-source-selection	.build/contract-reports/spec-009/latest-nrf52840-embedded.txt	b18da84a0622e2d24bfc1da8ce17fdf0c89faea7-16973c7d29593fdf
nrf-source-selection	.build/contract-reports/spec-009/latest-raspberry-pi-armv6.txt	b18da84a0622e2d24bfc1da8ce17fdf0c89faea7-16973c7d29593fdf
nrf-source-selection	.build/contract-reports/spec-010/latest-macos-dynamic.txt	8af3c97e975f75cd8379250b576975b86bc8fe34-f09fa73a6913497f
nrf-source-selection	.build/contract-reports/spec-010/latest-macos-static.txt	b18da84a0622e2d24bfc1da8ce17fdf0c89faea7-195b7e7bafcc2d2b
nrf-source-selection	.build/contract-reports/spec-010/latest-nrf52840-embedded.txt	b18da84a0622e2d24bfc1da8ce17fdf0c89faea7-195b7e7bafcc2d2b
nrf-source-selection	.build/contract-reports/spec-010/latest-raspberry-pi-armv6.txt	b18da84a0622e2d24bfc1da8ce17fdf0c89faea7-195b7e7bafcc2d2b
nrf-source-selection	.build/contract-reports/spec-011/latest-macos-dynamic.txt	b18da84a0622e2d24bfc1da8ce17fdf0c89faea7-5845a50eeb7d2730
nrf-source-selection	.build/contract-reports/spec-011/latest-macos-static.txt	b18da84a0622e2d24bfc1da8ce17fdf0c89faea7-5845a50eeb7d2730
nrf-source-selection	.build/contract-reports/spec-011/latest-nrf52840-embedded.txt	b18da84a0622e2d24bfc1da8ce17fdf0c89faea7-457fc7e1b9000afd
nrf-source-selection	.build/contract-reports/spec-011/latest-raspberry-pi-armv6.txt	b18da84a0622e2d24bfc1da8ce17fdf0c89faea7-457fc7e1b9000afd
nrf-source-selection	.build/contract-reports/spec-012/latest-macos-dynamic.txt	8af3c97e975f75cd8379250b576975b86bc8fe34-fc0aae9586267865
nrf-source-selection	.build/contract-reports/spec-012/latest-macos-static.txt	b18da84a0622e2d24bfc1da8ce17fdf0c89faea7-1c61dbad1d952f9d
nrf-source-selection	.build/contract-reports/spec-012/latest-nrf52840-embedded.txt	b18da84a0622e2d24bfc1da8ce17fdf0c89faea7-1c61dbad1d952f9d
nrf-source-selection	.build/contract-reports/spec-012/latest-raspberry-pi-armv6.txt	b18da84a0622e2d24bfc1da8ce17fdf0c89faea7-1c61dbad1d952f9d
nrf-source-selection	.build/contract-reports/spec-013/latest-macos-dynamic.txt	8af3c97e975f75cd8379250b576975b86bc8fe34-d25973a2ebde9c96
nrf-source-selection	.build/contract-reports/spec-013/latest-macos-static.txt	b18da84a0622e2d24bfc1da8ce17fdf0c89faea7-3011c2f2a2dbab33
nrf-source-selection	.build/contract-reports/spec-013/latest-nrf52840-embedded.txt	b18da84a0622e2d24bfc1da8ce17fdf0c89faea7-3011c2f2a2dbab33
nrf-source-selection	.build/contract-reports/spec-013/latest-raspberry-pi-armv6.txt	b18da84a0622e2d24bfc1da8ce17fdf0c89faea7-3011c2f2a2dbab33
nrf-source-selection	.build/contract-reports/spec-015/latest-macos-dynamic.txt	8af3c97e975f75cd8379250b576975b86bc8fe34-00fb126af8cc48f9
nrf-source-selection	.build/contract-reports/spec-015/latest-macos-static.txt	b18da84a0622e2d24bfc1da8ce17fdf0c89faea7-5845a50eeb7d2730
nrf-source-selection	.build/contract-reports/spec-015/latest-nrf52840-embedded.txt	b18da84a0622e2d24bfc1da8ce17fdf0c89faea7-457fc7e1b9000afd
nrf-source-selection	.build/contract-reports/spec-015/latest-raspberry-pi-armv6.txt	b18da84a0622e2d24bfc1da8ce17fdf0c89faea7-457fc7e1b9000afd
spec-013-migration	.build/contract-reports/spec-001/latest-macos-dynamic.txt	20261004T223654Z-6895
spec-013-migration	.build/contract-reports/spec-001/latest-macos-static.txt	20261004T141555Z-12014
spec-013-migration	.build/contract-reports/spec-001/latest-nrf52840-embedded.txt	20261004T144054Z-36978
spec-013-migration	.build/contract-reports/spec-001/latest-raspberry-pi-armv6.txt	20261004T142310Z-23558
spec-013-migration	.build/contract-reports/spec-002/latest-macos-dynamic.txt	8af3c97e975f75cd8379250b576975b86bc8fe34-00fb126af8cc48f9
spec-013-migration	.build/contract-reports/spec-002/latest-macos-static.txt	b18da84a0622e2d24bfc1da8ce17fdf0c89faea7-5845a50eeb7d2730
spec-013-migration	.build/contract-reports/spec-002/latest-nrf52840-embedded.txt	b18da84a0622e2d24bfc1da8ce17fdf0c89faea7-457fc7e1b9000afd
spec-013-migration	.build/contract-reports/spec-002/latest-raspberry-pi-armv6.txt	b18da84a0622e2d24bfc1da8ce17fdf0c89faea7-5845a50eeb7d2730
spec-013-migration	.build/contract-reports/spec-003/latest-macos-dynamic.txt	8af3c97e975f75cd8379250b576975b86bc8fe34-00fb126af8cc48f9
spec-013-migration	.build/contract-reports/spec-003/latest-macos-static.txt	b18da84a0622e2d24bfc1da8ce17fdf0c89faea7-5845a50eeb7d2730
spec-013-migration	.build/contract-reports/spec-003/latest-nrf52840-embedded.txt	b18da84a0622e2d24bfc1da8ce17fdf0c89faea7-457fc7e1b9000afd
spec-013-migration	.build/contract-reports/spec-003/latest-raspberry-pi-armv6.txt	b18da84a0622e2d24bfc1da8ce17fdf0c89faea7-457fc7e1b9000afd
spec-013-migration	.build/contract-reports/spec-004/latest-macos-dynamic.txt	8af3c97e975f75cd8379250b576975b86bc8fe34-00fb126af8cc48f9
spec-013-migration	.build/contract-reports/spec-004/latest-macos-static.txt	b18da84a0622e2d24bfc1da8ce17fdf0c89faea7-5845a50eeb7d2730
spec-013-migration	.build/contract-reports/spec-004/latest-nrf52840-embedded.txt	b18da84a0622e2d24bfc1da8ce17fdf0c89faea7-457fc7e1b9000afd
spec-013-migration	.build/contract-reports/spec-004/latest-raspberry-pi-armv6.txt	b18da84a0622e2d24bfc1da8ce17fdf0c89faea7-457fc7e1b9000afd
spec-013-migration	.build/contract-reports/spec-005/latest-macos-dynamic.txt	8af3c97e975f75cd8379250b576975b86bc8fe34-13497580cfa982fc
spec-013-migration	.build/contract-reports/spec-005/latest-macos-static.txt	b18da84a0622e2d24bfc1da8ce17fdf0c89faea7-91c75f621f54733c
spec-013-migration	.build/contract-reports/spec-005/latest-nrf52840-embedded.txt	b18da84a0622e2d24bfc1da8ce17fdf0c89faea7-91c75f621f54733c
spec-013-migration	.build/contract-reports/spec-005/latest-raspberry-pi-armv6.txt	b18da84a0622e2d24bfc1da8ce17fdf0c89faea7-91c75f621f54733c
spec-013-migration	.build/contract-reports/spec-006/latest-macos-dynamic.txt	8af3c97e975f75cd8379250b576975b86bc8fe34-e4e48e37d8c767c7
spec-013-migration	.build/contract-reports/spec-006/latest-macos-static.txt	b18da84a0622e2d24bfc1da8ce17fdf0c89faea7-2519f7ee7d9fd3e0
spec-013-migration	.build/contract-reports/spec-006/latest-nrf52840-embedded.txt	b18da84a0622e2d24bfc1da8ce17fdf0c89faea7-2519f7ee7d9fd3e0
spec-013-migration	.build/contract-reports/spec-006/latest-raspberry-pi-armv6.txt	b18da84a0622e2d24bfc1da8ce17fdf0c89faea7-2519f7ee7d9fd3e0
spec-013-migration	.build/contract-reports/spec-007/latest-macos-dynamic.txt	8af3c97e975f75cd8379250b576975b86bc8fe34-9c9b7b98bfb72db1
spec-013-migration	.build/contract-reports/spec-007/latest-macos-static.txt	b18da84a0622e2d24bfc1da8ce17fdf0c89faea7-88e8f7d4bd213aaf
spec-013-migration	.build/contract-reports/spec-007/latest-nrf52840-embedded.txt	b18da84a0622e2d24bfc1da8ce17fdf0c89faea7-88e8f7d4bd213aaf
spec-013-migration	.build/contract-reports/spec-007/latest-raspberry-pi-armv6.txt	b18da84a0622e2d24bfc1da8ce17fdf0c89faea7-88e8f7d4bd213aaf
spec-013-migration	.build/contract-reports/spec-008/latest-macos-dynamic.txt	8af3c97e975f75cd8379250b576975b86bc8fe34-8c912bd577cac4a7
spec-013-migration	.build/contract-reports/spec-008/latest-macos-static.txt	b18da84a0622e2d24bfc1da8ce17fdf0c89faea7-cf3969a84328c135
spec-013-migration	.build/contract-reports/spec-008/latest-nrf52840-embedded.txt	b18da84a0622e2d24bfc1da8ce17fdf0c89faea7-cf3969a84328c135
spec-013-migration	.build/contract-reports/spec-008/latest-raspberry-pi-armv6.txt	b18da84a0622e2d24bfc1da8ce17fdf0c89faea7-cf3969a84328c135
spec-013-migration	.build/contract-reports/spec-009/latest-macos-dynamic.txt	8af3c97e975f75cd8379250b576975b86bc8fe34-54aaea69d783eaaa
spec-013-migration	.build/contract-reports/spec-009/latest-macos-static.txt	b18da84a0622e2d24bfc1da8ce17fdf0c89faea7-16973c7d29593fdf
spec-013-migration	.build/contract-reports/spec-009/latest-nrf52840-embedded.txt	b18da84a0622e2d24bfc1da8ce17fdf0c89faea7-16973c7d29593fdf
spec-013-migration	.build/contract-reports/spec-009/latest-raspberry-pi-armv6.txt	b18da84a0622e2d24bfc1da8ce17fdf0c89faea7-16973c7d29593fdf
spec-013-migration	.build/contract-reports/spec-010/latest-macos-dynamic.txt	8af3c97e975f75cd8379250b576975b86bc8fe34-f09fa73a6913497f
spec-013-migration	.build/contract-reports/spec-010/latest-macos-static.txt	b18da84a0622e2d24bfc1da8ce17fdf0c89faea7-195b7e7bafcc2d2b
spec-013-migration	.build/contract-reports/spec-010/latest-nrf52840-embedded.txt	b18da84a0622e2d24bfc1da8ce17fdf0c89faea7-195b7e7bafcc2d2b
spec-013-migration	.build/contract-reports/spec-010/latest-raspberry-pi-armv6.txt	b18da84a0622e2d24bfc1da8ce17fdf0c89faea7-195b7e7bafcc2d2b
spec-013-migration	.build/contract-reports/spec-011/latest-macos-dynamic.txt	b18da84a0622e2d24bfc1da8ce17fdf0c89faea7-5845a50eeb7d2730
spec-013-migration	.build/contract-reports/spec-011/latest-macos-static.txt	b18da84a0622e2d24bfc1da8ce17fdf0c89faea7-5845a50eeb7d2730
spec-013-migration	.build/contract-reports/spec-011/latest-nrf52840-embedded.txt	b18da84a0622e2d24bfc1da8ce17fdf0c89faea7-457fc7e1b9000afd
spec-013-migration	.build/contract-reports/spec-011/latest-raspberry-pi-armv6.txt	b18da84a0622e2d24bfc1da8ce17fdf0c89faea7-457fc7e1b9000afd
spec-013-migration	.build/contract-reports/spec-012/latest-macos-dynamic.txt	8af3c97e975f75cd8379250b576975b86bc8fe34-fc0aae9586267865
spec-013-migration	.build/contract-reports/spec-012/latest-macos-static.txt	b18da84a0622e2d24bfc1da8ce17fdf0c89faea7-1c61dbad1d952f9d
spec-013-migration	.build/contract-reports/spec-012/latest-nrf52840-embedded.txt	b18da84a0622e2d24bfc1da8ce17fdf0c89faea7-1c61dbad1d952f9d
spec-013-migration	.build/contract-reports/spec-012/latest-raspberry-pi-armv6.txt	b18da84a0622e2d24bfc1da8ce17fdf0c89faea7-1c61dbad1d952f9d
spec-013-migration	.build/contract-reports/spec-013/latest-macos-dynamic.txt	8af3c97e975f75cd8379250b576975b86bc8fe34-d25973a2ebde9c96
spec-013-migration	.build/contract-reports/spec-013/latest-macos-static.txt	b18da84a0622e2d24bfc1da8ce17fdf0c89faea7-3011c2f2a2dbab33
spec-013-migration	.build/contract-reports/spec-013/latest-nrf52840-embedded.txt	b18da84a0622e2d24bfc1da8ce17fdf0c89faea7-3011c2f2a2dbab33
spec-013-migration	.build/contract-reports/spec-013/latest-raspberry-pi-armv6.txt	b18da84a0622e2d24bfc1da8ce17fdf0c89faea7-3011c2f2a2dbab33
spec-013-migration	.build/contract-reports/spec-015/latest-macos-dynamic.txt	8af3c97e975f75cd8379250b576975b86bc8fe34-00fb126af8cc48f9
spec-013-migration	.build/contract-reports/spec-015/latest-macos-static.txt	b18da84a0622e2d24bfc1da8ce17fdf0c89faea7-5845a50eeb7d2730
spec-013-migration	.build/contract-reports/spec-015/latest-nrf52840-embedded.txt	b18da84a0622e2d24bfc1da8ce17fdf0c89faea7-457fc7e1b9000afd
spec-013-migration	.build/contract-reports/spec-015/latest-raspberry-pi-armv6.txt	b18da84a0622e2d24bfc1da8ce17fdf0c89faea7-457fc7e1b9000afd
spec-013-dynamic-binding	.build/contract-reports/spec-001/latest-macos-dynamic.txt	20261004T223654Z-6895
spec-013-dynamic-binding	.build/contract-reports/spec-001/latest-macos-static.txt	20261004T141555Z-12014
spec-013-dynamic-binding	.build/contract-reports/spec-001/latest-nrf52840-embedded.txt	20261004T144054Z-36978
spec-013-dynamic-binding	.build/contract-reports/spec-001/latest-raspberry-pi-armv6.txt	20261004T142310Z-23558
spec-013-dynamic-binding	.build/contract-reports/spec-002/latest-macos-dynamic.txt	8af3c97e975f75cd8379250b576975b86bc8fe34-00fb126af8cc48f9
spec-013-dynamic-binding	.build/contract-reports/spec-002/latest-macos-static.txt	b18da84a0622e2d24bfc1da8ce17fdf0c89faea7-5845a50eeb7d2730
spec-013-dynamic-binding	.build/contract-reports/spec-002/latest-nrf52840-embedded.txt	b18da84a0622e2d24bfc1da8ce17fdf0c89faea7-457fc7e1b9000afd
spec-013-dynamic-binding	.build/contract-reports/spec-002/latest-raspberry-pi-armv6.txt	b18da84a0622e2d24bfc1da8ce17fdf0c89faea7-5845a50eeb7d2730
spec-013-dynamic-binding	.build/contract-reports/spec-003/latest-macos-dynamic.txt	8af3c97e975f75cd8379250b576975b86bc8fe34-00fb126af8cc48f9
spec-013-dynamic-binding	.build/contract-reports/spec-003/latest-macos-static.txt	b18da84a0622e2d24bfc1da8ce17fdf0c89faea7-5845a50eeb7d2730
spec-013-dynamic-binding	.build/contract-reports/spec-003/latest-nrf52840-embedded.txt	b18da84a0622e2d24bfc1da8ce17fdf0c89faea7-457fc7e1b9000afd
spec-013-dynamic-binding	.build/contract-reports/spec-003/latest-raspberry-pi-armv6.txt	b18da84a0622e2d24bfc1da8ce17fdf0c89faea7-457fc7e1b9000afd
spec-013-dynamic-binding	.build/contract-reports/spec-004/latest-macos-dynamic.txt	8af3c97e975f75cd8379250b576975b86bc8fe34-00fb126af8cc48f9
spec-013-dynamic-binding	.build/contract-reports/spec-004/latest-macos-static.txt	b18da84a0622e2d24bfc1da8ce17fdf0c89faea7-5845a50eeb7d2730
spec-013-dynamic-binding	.build/contract-reports/spec-004/latest-nrf52840-embedded.txt	b18da84a0622e2d24bfc1da8ce17fdf0c89faea7-457fc7e1b9000afd
spec-013-dynamic-binding	.build/contract-reports/spec-004/latest-raspberry-pi-armv6.txt	b18da84a0622e2d24bfc1da8ce17fdf0c89faea7-457fc7e1b9000afd
spec-013-dynamic-binding	.build/contract-reports/spec-005/latest-macos-dynamic.txt	8af3c97e975f75cd8379250b576975b86bc8fe34-13497580cfa982fc
spec-013-dynamic-binding	.build/contract-reports/spec-005/latest-macos-static.txt	b18da84a0622e2d24bfc1da8ce17fdf0c89faea7-91c75f621f54733c
spec-013-dynamic-binding	.build/contract-reports/spec-005/latest-nrf52840-embedded.txt	b18da84a0622e2d24bfc1da8ce17fdf0c89faea7-91c75f621f54733c
spec-013-dynamic-binding	.build/contract-reports/spec-005/latest-raspberry-pi-armv6.txt	b18da84a0622e2d24bfc1da8ce17fdf0c89faea7-91c75f621f54733c
spec-013-dynamic-binding	.build/contract-reports/spec-006/latest-macos-dynamic.txt	8af3c97e975f75cd8379250b576975b86bc8fe34-e4e48e37d8c767c7
spec-013-dynamic-binding	.build/contract-reports/spec-006/latest-macos-static.txt	b18da84a0622e2d24bfc1da8ce17fdf0c89faea7-2519f7ee7d9fd3e0
spec-013-dynamic-binding	.build/contract-reports/spec-006/latest-nrf52840-embedded.txt	b18da84a0622e2d24bfc1da8ce17fdf0c89faea7-2519f7ee7d9fd3e0
spec-013-dynamic-binding	.build/contract-reports/spec-006/latest-raspberry-pi-armv6.txt	b18da84a0622e2d24bfc1da8ce17fdf0c89faea7-2519f7ee7d9fd3e0
spec-013-dynamic-binding	.build/contract-reports/spec-007/latest-macos-dynamic.txt	8af3c97e975f75cd8379250b576975b86bc8fe34-9c9b7b98bfb72db1
spec-013-dynamic-binding	.build/contract-reports/spec-007/latest-macos-static.txt	b18da84a0622e2d24bfc1da8ce17fdf0c89faea7-88e8f7d4bd213aaf
spec-013-dynamic-binding	.build/contract-reports/spec-007/latest-nrf52840-embedded.txt	b18da84a0622e2d24bfc1da8ce17fdf0c89faea7-88e8f7d4bd213aaf
spec-013-dynamic-binding	.build/contract-reports/spec-007/latest-raspberry-pi-armv6.txt	b18da84a0622e2d24bfc1da8ce17fdf0c89faea7-88e8f7d4bd213aaf
spec-013-dynamic-binding	.build/contract-reports/spec-008/latest-macos-dynamic.txt	8af3c97e975f75cd8379250b576975b86bc8fe34-8c912bd577cac4a7
spec-013-dynamic-binding	.build/contract-reports/spec-008/latest-macos-static.txt	b18da84a0622e2d24bfc1da8ce17fdf0c89faea7-cf3969a84328c135
spec-013-dynamic-binding	.build/contract-reports/spec-008/latest-nrf52840-embedded.txt	b18da84a0622e2d24bfc1da8ce17fdf0c89faea7-cf3969a84328c135
spec-013-dynamic-binding	.build/contract-reports/spec-008/latest-raspberry-pi-armv6.txt	b18da84a0622e2d24bfc1da8ce17fdf0c89faea7-cf3969a84328c135
spec-013-dynamic-binding	.build/contract-reports/spec-009/latest-macos-dynamic.txt	8af3c97e975f75cd8379250b576975b86bc8fe34-54aaea69d783eaaa
spec-013-dynamic-binding	.build/contract-reports/spec-009/latest-macos-static.txt	b18da84a0622e2d24bfc1da8ce17fdf0c89faea7-16973c7d29593fdf
spec-013-dynamic-binding	.build/contract-reports/spec-009/latest-nrf52840-embedded.txt	b18da84a0622e2d24bfc1da8ce17fdf0c89faea7-16973c7d29593fdf
spec-013-dynamic-binding	.build/contract-reports/spec-009/latest-raspberry-pi-armv6.txt	b18da84a0622e2d24bfc1da8ce17fdf0c89faea7-16973c7d29593fdf
spec-013-dynamic-binding	.build/contract-reports/spec-010/latest-macos-dynamic.txt	8af3c97e975f75cd8379250b576975b86bc8fe34-f09fa73a6913497f
spec-013-dynamic-binding	.build/contract-reports/spec-010/latest-macos-static.txt	b18da84a0622e2d24bfc1da8ce17fdf0c89faea7-195b7e7bafcc2d2b
spec-013-dynamic-binding	.build/contract-reports/spec-010/latest-nrf52840-embedded.txt	b18da84a0622e2d24bfc1da8ce17fdf0c89faea7-195b7e7bafcc2d2b
spec-013-dynamic-binding	.build/contract-reports/spec-010/latest-raspberry-pi-armv6.txt	b18da84a0622e2d24bfc1da8ce17fdf0c89faea7-195b7e7bafcc2d2b
spec-013-dynamic-binding	.build/contract-reports/spec-011/latest-macos-dynamic.txt	b18da84a0622e2d24bfc1da8ce17fdf0c89faea7-5845a50eeb7d2730
spec-013-dynamic-binding	.build/contract-reports/spec-011/latest-macos-static.txt	b18da84a0622e2d24bfc1da8ce17fdf0c89faea7-5845a50eeb7d2730
spec-013-dynamic-binding	.build/contract-reports/spec-011/latest-nrf52840-embedded.txt	b18da84a0622e2d24bfc1da8ce17fdf0c89faea7-457fc7e1b9000afd
spec-013-dynamic-binding	.build/contract-reports/spec-011/latest-raspberry-pi-armv6.txt	b18da84a0622e2d24bfc1da8ce17fdf0c89faea7-457fc7e1b9000afd
spec-013-dynamic-binding	.build/contract-reports/spec-012/latest-macos-dynamic.txt	8af3c97e975f75cd8379250b576975b86bc8fe34-fc0aae9586267865
spec-013-dynamic-binding	.build/contract-reports/spec-012/latest-macos-static.txt	b18da84a0622e2d24bfc1da8ce17fdf0c89faea7-1c61dbad1d952f9d
spec-013-dynamic-binding	.build/contract-reports/spec-012/latest-nrf52840-embedded.txt	b18da84a0622e2d24bfc1da8ce17fdf0c89faea7-1c61dbad1d952f9d
spec-013-dynamic-binding	.build/contract-reports/spec-012/latest-raspberry-pi-armv6.txt	b18da84a0622e2d24bfc1da8ce17fdf0c89faea7-1c61dbad1d952f9d
spec-013-dynamic-binding	.build/contract-reports/spec-013/latest-macos-dynamic.txt	8af3c97e975f75cd8379250b576975b86bc8fe34-d25973a2ebde9c96
spec-013-dynamic-binding	.build/contract-reports/spec-013/latest-macos-static.txt	b18da84a0622e2d24bfc1da8ce17fdf0c89faea7-3011c2f2a2dbab33
spec-013-dynamic-binding	.build/contract-reports/spec-013/latest-nrf52840-embedded.txt	b18da84a0622e2d24bfc1da8ce17fdf0c89faea7-3011c2f2a2dbab33
spec-013-dynamic-binding	.build/contract-reports/spec-013/latest-raspberry-pi-armv6.txt	b18da84a0622e2d24bfc1da8ce17fdf0c89faea7-3011c2f2a2dbab33
spec-013-dynamic-binding	.build/contract-reports/spec-015/latest-macos-dynamic.txt	8af3c97e975f75cd8379250b576975b86bc8fe34-00fb126af8cc48f9
spec-013-dynamic-binding	.build/contract-reports/spec-015/latest-macos-static.txt	b18da84a0622e2d24bfc1da8ce17fdf0c89faea7-5845a50eeb7d2730
spec-013-dynamic-binding	.build/contract-reports/spec-015/latest-nrf52840-embedded.txt	b18da84a0622e2d24bfc1da8ce17fdf0c89faea7-457fc7e1b9000afd
spec-013-dynamic-binding	.build/contract-reports/spec-015/latest-raspberry-pi-armv6.txt	b18da84a0622e2d24bfc1da8ce17fdf0c89faea7-457fc7e1b9000afd
spec-013-static-generated-fixture	.build/contract-reports/spec-001/latest-macos-dynamic.txt	20261004T223654Z-6895
spec-013-static-generated-fixture	.build/contract-reports/spec-001/latest-macos-static.txt	20261004T141555Z-12014
spec-013-static-generated-fixture	.build/contract-reports/spec-001/latest-nrf52840-embedded.txt	20261004T144054Z-36978
spec-013-static-generated-fixture	.build/contract-reports/spec-001/latest-raspberry-pi-armv6.txt	20261004T142310Z-23558
spec-013-static-generated-fixture	.build/contract-reports/spec-002/latest-macos-dynamic.txt	8af3c97e975f75cd8379250b576975b86bc8fe34-00fb126af8cc48f9
spec-013-static-generated-fixture	.build/contract-reports/spec-002/latest-macos-static.txt	b18da84a0622e2d24bfc1da8ce17fdf0c89faea7-5845a50eeb7d2730
spec-013-static-generated-fixture	.build/contract-reports/spec-002/latest-nrf52840-embedded.txt	b18da84a0622e2d24bfc1da8ce17fdf0c89faea7-457fc7e1b9000afd
spec-013-static-generated-fixture	.build/contract-reports/spec-002/latest-raspberry-pi-armv6.txt	b18da84a0622e2d24bfc1da8ce17fdf0c89faea7-5845a50eeb7d2730
spec-013-static-generated-fixture	.build/contract-reports/spec-003/latest-macos-dynamic.txt	8af3c97e975f75cd8379250b576975b86bc8fe34-00fb126af8cc48f9
spec-013-static-generated-fixture	.build/contract-reports/spec-003/latest-macos-static.txt	b18da84a0622e2d24bfc1da8ce17fdf0c89faea7-5845a50eeb7d2730
spec-013-static-generated-fixture	.build/contract-reports/spec-003/latest-nrf52840-embedded.txt	b18da84a0622e2d24bfc1da8ce17fdf0c89faea7-457fc7e1b9000afd
spec-013-static-generated-fixture	.build/contract-reports/spec-003/latest-raspberry-pi-armv6.txt	b18da84a0622e2d24bfc1da8ce17fdf0c89faea7-457fc7e1b9000afd
spec-013-static-generated-fixture	.build/contract-reports/spec-004/latest-macos-dynamic.txt	8af3c97e975f75cd8379250b576975b86bc8fe34-00fb126af8cc48f9
spec-013-static-generated-fixture	.build/contract-reports/spec-004/latest-macos-static.txt	b18da84a0622e2d24bfc1da8ce17fdf0c89faea7-5845a50eeb7d2730
spec-013-static-generated-fixture	.build/contract-reports/spec-004/latest-nrf52840-embedded.txt	b18da84a0622e2d24bfc1da8ce17fdf0c89faea7-457fc7e1b9000afd
spec-013-static-generated-fixture	.build/contract-reports/spec-004/latest-raspberry-pi-armv6.txt	b18da84a0622e2d24bfc1da8ce17fdf0c89faea7-457fc7e1b9000afd
spec-013-static-generated-fixture	.build/contract-reports/spec-005/latest-macos-dynamic.txt	8af3c97e975f75cd8379250b576975b86bc8fe34-13497580cfa982fc
spec-013-static-generated-fixture	.build/contract-reports/spec-005/latest-macos-static.txt	b18da84a0622e2d24bfc1da8ce17fdf0c89faea7-91c75f621f54733c
spec-013-static-generated-fixture	.build/contract-reports/spec-005/latest-nrf52840-embedded.txt	b18da84a0622e2d24bfc1da8ce17fdf0c89faea7-91c75f621f54733c
spec-013-static-generated-fixture	.build/contract-reports/spec-005/latest-raspberry-pi-armv6.txt	b18da84a0622e2d24bfc1da8ce17fdf0c89faea7-91c75f621f54733c
spec-013-static-generated-fixture	.build/contract-reports/spec-006/latest-macos-dynamic.txt	8af3c97e975f75cd8379250b576975b86bc8fe34-e4e48e37d8c767c7
spec-013-static-generated-fixture	.build/contract-reports/spec-006/latest-macos-static.txt	b18da84a0622e2d24bfc1da8ce17fdf0c89faea7-2519f7ee7d9fd3e0
spec-013-static-generated-fixture	.build/contract-reports/spec-006/latest-nrf52840-embedded.txt	b18da84a0622e2d24bfc1da8ce17fdf0c89faea7-2519f7ee7d9fd3e0
spec-013-static-generated-fixture	.build/contract-reports/spec-006/latest-raspberry-pi-armv6.txt	b18da84a0622e2d24bfc1da8ce17fdf0c89faea7-2519f7ee7d9fd3e0
spec-013-static-generated-fixture	.build/contract-reports/spec-007/latest-macos-dynamic.txt	8af3c97e975f75cd8379250b576975b86bc8fe34-9c9b7b98bfb72db1
spec-013-static-generated-fixture	.build/contract-reports/spec-007/latest-macos-static.txt	b18da84a0622e2d24bfc1da8ce17fdf0c89faea7-88e8f7d4bd213aaf
spec-013-static-generated-fixture	.build/contract-reports/spec-007/latest-nrf52840-embedded.txt	b18da84a0622e2d24bfc1da8ce17fdf0c89faea7-88e8f7d4bd213aaf
spec-013-static-generated-fixture	.build/contract-reports/spec-007/latest-raspberry-pi-armv6.txt	b18da84a0622e2d24bfc1da8ce17fdf0c89faea7-88e8f7d4bd213aaf
spec-013-static-generated-fixture	.build/contract-reports/spec-008/latest-macos-dynamic.txt	8af3c97e975f75cd8379250b576975b86bc8fe34-8c912bd577cac4a7
spec-013-static-generated-fixture	.build/contract-reports/spec-008/latest-macos-static.txt	b18da84a0622e2d24bfc1da8ce17fdf0c89faea7-cf3969a84328c135
spec-013-static-generated-fixture	.build/contract-reports/spec-008/latest-nrf52840-embedded.txt	b18da84a0622e2d24bfc1da8ce17fdf0c89faea7-cf3969a84328c135
spec-013-static-generated-fixture	.build/contract-reports/spec-008/latest-raspberry-pi-armv6.txt	b18da84a0622e2d24bfc1da8ce17fdf0c89faea7-cf3969a84328c135
spec-013-static-generated-fixture	.build/contract-reports/spec-009/latest-macos-dynamic.txt	8af3c97e975f75cd8379250b576975b86bc8fe34-54aaea69d783eaaa
spec-013-static-generated-fixture	.build/contract-reports/spec-009/latest-macos-static.txt	b18da84a0622e2d24bfc1da8ce17fdf0c89faea7-16973c7d29593fdf
spec-013-static-generated-fixture	.build/contract-reports/spec-009/latest-nrf52840-embedded.txt	b18da84a0622e2d24bfc1da8ce17fdf0c89faea7-16973c7d29593fdf
spec-013-static-generated-fixture	.build/contract-reports/spec-009/latest-raspberry-pi-armv6.txt	b18da84a0622e2d24bfc1da8ce17fdf0c89faea7-16973c7d29593fdf
spec-013-static-generated-fixture	.build/contract-reports/spec-010/latest-macos-dynamic.txt	8af3c97e975f75cd8379250b576975b86bc8fe34-f09fa73a6913497f
spec-013-static-generated-fixture	.build/contract-reports/spec-010/latest-macos-static.txt	b18da84a0622e2d24bfc1da8ce17fdf0c89faea7-195b7e7bafcc2d2b
spec-013-static-generated-fixture	.build/contract-reports/spec-010/latest-nrf52840-embedded.txt	b18da84a0622e2d24bfc1da8ce17fdf0c89faea7-195b7e7bafcc2d2b
spec-013-static-generated-fixture	.build/contract-reports/spec-010/latest-raspberry-pi-armv6.txt	b18da84a0622e2d24bfc1da8ce17fdf0c89faea7-195b7e7bafcc2d2b
spec-013-static-generated-fixture	.build/contract-reports/spec-011/latest-macos-dynamic.txt	b18da84a0622e2d24bfc1da8ce17fdf0c89faea7-5845a50eeb7d2730
spec-013-static-generated-fixture	.build/contract-reports/spec-011/latest-macos-static.txt	b18da84a0622e2d24bfc1da8ce17fdf0c89faea7-5845a50eeb7d2730
spec-013-static-generated-fixture	.build/contract-reports/spec-011/latest-nrf52840-embedded.txt	b18da84a0622e2d24bfc1da8ce17fdf0c89faea7-457fc7e1b9000afd
spec-013-static-generated-fixture	.build/contract-reports/spec-011/latest-raspberry-pi-armv6.txt	b18da84a0622e2d24bfc1da8ce17fdf0c89faea7-457fc7e1b9000afd
spec-013-static-generated-fixture	.build/contract-reports/spec-012/latest-macos-dynamic.txt	8af3c97e975f75cd8379250b576975b86bc8fe34-fc0aae9586267865
spec-013-static-generated-fixture	.build/contract-reports/spec-012/latest-macos-static.txt	b18da84a0622e2d24bfc1da8ce17fdf0c89faea7-1c61dbad1d952f9d
spec-013-static-generated-fixture	.build/contract-reports/spec-012/latest-nrf52840-embedded.txt	b18da84a0622e2d24bfc1da8ce17fdf0c89faea7-1c61dbad1d952f9d
spec-013-static-generated-fixture	.build/contract-reports/spec-012/latest-raspberry-pi-armv6.txt	b18da84a0622e2d24bfc1da8ce17fdf0c89faea7-1c61dbad1d952f9d
spec-013-static-generated-fixture	.build/contract-reports/spec-013/latest-macos-dynamic.txt	8af3c97e975f75cd8379250b576975b86bc8fe34-d25973a2ebde9c96
spec-013-static-generated-fixture	.build/contract-reports/spec-013/latest-macos-static.txt	b18da84a0622e2d24bfc1da8ce17fdf0c89faea7-3011c2f2a2dbab33
spec-013-static-generated-fixture	.build/contract-reports/spec-013/latest-nrf52840-embedded.txt	b18da84a0622e2d24bfc1da8ce17fdf0c89faea7-3011c2f2a2dbab33
spec-013-static-generated-fixture	.build/contract-reports/spec-013/latest-raspberry-pi-armv6.txt	b18da84a0622e2d24bfc1da8ce17fdf0c89faea7-3011c2f2a2dbab33
spec-013-static-generated-fixture	.build/contract-reports/spec-015/latest-macos-dynamic.txt	8af3c97e975f75cd8379250b576975b86bc8fe34-00fb126af8cc48f9
spec-013-static-generated-fixture	.build/contract-reports/spec-015/latest-macos-static.txt	b18da84a0622e2d24bfc1da8ce17fdf0c89faea7-5845a50eeb7d2730
spec-013-static-generated-fixture	.build/contract-reports/spec-015/latest-nrf52840-embedded.txt	b18da84a0622e2d24bfc1da8ce17fdf0c89faea7-457fc7e1b9000afd
spec-013-static-generated-fixture	.build/contract-reports/spec-015/latest-raspberry-pi-armv6.txt	b18da84a0622e2d24bfc1da8ce17fdf0c89faea7-457fc7e1b9000afd
spec-013-static-storage	.build/contract-reports/spec-001/latest-macos-dynamic.txt	20261004T223654Z-6895
spec-013-static-storage	.build/contract-reports/spec-001/latest-macos-static.txt	20261004T141555Z-12014
spec-013-static-storage	.build/contract-reports/spec-001/latest-nrf52840-embedded.txt	20261004T144054Z-36978
spec-013-static-storage	.build/contract-reports/spec-001/latest-raspberry-pi-armv6.txt	20261004T142310Z-23558
spec-013-static-storage	.build/contract-reports/spec-002/latest-macos-dynamic.txt	8af3c97e975f75cd8379250b576975b86bc8fe34-00fb126af8cc48f9
spec-013-static-storage	.build/contract-reports/spec-002/latest-macos-static.txt	b18da84a0622e2d24bfc1da8ce17fdf0c89faea7-5845a50eeb7d2730
spec-013-static-storage	.build/contract-reports/spec-002/latest-nrf52840-embedded.txt	b18da84a0622e2d24bfc1da8ce17fdf0c89faea7-457fc7e1b9000afd
spec-013-static-storage	.build/contract-reports/spec-002/latest-raspberry-pi-armv6.txt	b18da84a0622e2d24bfc1da8ce17fdf0c89faea7-5845a50eeb7d2730
spec-013-static-storage	.build/contract-reports/spec-003/latest-macos-dynamic.txt	8af3c97e975f75cd8379250b576975b86bc8fe34-00fb126af8cc48f9
spec-013-static-storage	.build/contract-reports/spec-003/latest-macos-static.txt	b18da84a0622e2d24bfc1da8ce17fdf0c89faea7-5845a50eeb7d2730
spec-013-static-storage	.build/contract-reports/spec-003/latest-nrf52840-embedded.txt	b18da84a0622e2d24bfc1da8ce17fdf0c89faea7-457fc7e1b9000afd
spec-013-static-storage	.build/contract-reports/spec-003/latest-raspberry-pi-armv6.txt	b18da84a0622e2d24bfc1da8ce17fdf0c89faea7-457fc7e1b9000afd
spec-013-static-storage	.build/contract-reports/spec-004/latest-macos-dynamic.txt	8af3c97e975f75cd8379250b576975b86bc8fe34-00fb126af8cc48f9
spec-013-static-storage	.build/contract-reports/spec-004/latest-macos-static.txt	b18da84a0622e2d24bfc1da8ce17fdf0c89faea7-5845a50eeb7d2730
spec-013-static-storage	.build/contract-reports/spec-004/latest-nrf52840-embedded.txt	b18da84a0622e2d24bfc1da8ce17fdf0c89faea7-457fc7e1b9000afd
spec-013-static-storage	.build/contract-reports/spec-004/latest-raspberry-pi-armv6.txt	b18da84a0622e2d24bfc1da8ce17fdf0c89faea7-457fc7e1b9000afd
spec-013-static-storage	.build/contract-reports/spec-005/latest-macos-dynamic.txt	8af3c97e975f75cd8379250b576975b86bc8fe34-13497580cfa982fc
spec-013-static-storage	.build/contract-reports/spec-005/latest-macos-static.txt	b18da84a0622e2d24bfc1da8ce17fdf0c89faea7-91c75f621f54733c
spec-013-static-storage	.build/contract-reports/spec-005/latest-nrf52840-embedded.txt	b18da84a0622e2d24bfc1da8ce17fdf0c89faea7-91c75f621f54733c
spec-013-static-storage	.build/contract-reports/spec-005/latest-raspberry-pi-armv6.txt	b18da84a0622e2d24bfc1da8ce17fdf0c89faea7-91c75f621f54733c
spec-013-static-storage	.build/contract-reports/spec-006/latest-macos-dynamic.txt	8af3c97e975f75cd8379250b576975b86bc8fe34-e4e48e37d8c767c7
spec-013-static-storage	.build/contract-reports/spec-006/latest-macos-static.txt	b18da84a0622e2d24bfc1da8ce17fdf0c89faea7-2519f7ee7d9fd3e0
spec-013-static-storage	.build/contract-reports/spec-006/latest-nrf52840-embedded.txt	b18da84a0622e2d24bfc1da8ce17fdf0c89faea7-2519f7ee7d9fd3e0
spec-013-static-storage	.build/contract-reports/spec-006/latest-raspberry-pi-armv6.txt	b18da84a0622e2d24bfc1da8ce17fdf0c89faea7-2519f7ee7d9fd3e0
spec-013-static-storage	.build/contract-reports/spec-007/latest-macos-dynamic.txt	8af3c97e975f75cd8379250b576975b86bc8fe34-9c9b7b98bfb72db1
spec-013-static-storage	.build/contract-reports/spec-007/latest-macos-static.txt	b18da84a0622e2d24bfc1da8ce17fdf0c89faea7-88e8f7d4bd213aaf
spec-013-static-storage	.build/contract-reports/spec-007/latest-nrf52840-embedded.txt	b18da84a0622e2d24bfc1da8ce17fdf0c89faea7-88e8f7d4bd213aaf
spec-013-static-storage	.build/contract-reports/spec-007/latest-raspberry-pi-armv6.txt	b18da84a0622e2d24bfc1da8ce17fdf0c89faea7-88e8f7d4bd213aaf
spec-013-static-storage	.build/contract-reports/spec-008/latest-macos-dynamic.txt	8af3c97e975f75cd8379250b576975b86bc8fe34-8c912bd577cac4a7
spec-013-static-storage	.build/contract-reports/spec-008/latest-macos-static.txt	b18da84a0622e2d24bfc1da8ce17fdf0c89faea7-cf3969a84328c135
spec-013-static-storage	.build/contract-reports/spec-008/latest-nrf52840-embedded.txt	b18da84a0622e2d24bfc1da8ce17fdf0c89faea7-cf3969a84328c135
spec-013-static-storage	.build/contract-reports/spec-008/latest-raspberry-pi-armv6.txt	b18da84a0622e2d24bfc1da8ce17fdf0c89faea7-cf3969a84328c135
spec-013-static-storage	.build/contract-reports/spec-009/latest-macos-dynamic.txt	8af3c97e975f75cd8379250b576975b86bc8fe34-54aaea69d783eaaa
spec-013-static-storage	.build/contract-reports/spec-009/latest-macos-static.txt	b18da84a0622e2d24bfc1da8ce17fdf0c89faea7-16973c7d29593fdf
spec-013-static-storage	.build/contract-reports/spec-009/latest-nrf52840-embedded.txt	b18da84a0622e2d24bfc1da8ce17fdf0c89faea7-16973c7d29593fdf
spec-013-static-storage	.build/contract-reports/spec-009/latest-raspberry-pi-armv6.txt	b18da84a0622e2d24bfc1da8ce17fdf0c89faea7-16973c7d29593fdf
spec-013-static-storage	.build/contract-reports/spec-010/latest-macos-dynamic.txt	8af3c97e975f75cd8379250b576975b86bc8fe34-f09fa73a6913497f
spec-013-static-storage	.build/contract-reports/spec-010/latest-macos-static.txt	b18da84a0622e2d24bfc1da8ce17fdf0c89faea7-195b7e7bafcc2d2b
spec-013-static-storage	.build/contract-reports/spec-010/latest-nrf52840-embedded.txt	b18da84a0622e2d24bfc1da8ce17fdf0c89faea7-195b7e7bafcc2d2b
spec-013-static-storage	.build/contract-reports/spec-010/latest-raspberry-pi-armv6.txt	b18da84a0622e2d24bfc1da8ce17fdf0c89faea7-195b7e7bafcc2d2b
spec-013-static-storage	.build/contract-reports/spec-011/latest-macos-dynamic.txt	b18da84a0622e2d24bfc1da8ce17fdf0c89faea7-5845a50eeb7d2730
spec-013-static-storage	.build/contract-reports/spec-011/latest-macos-static.txt	b18da84a0622e2d24bfc1da8ce17fdf0c89faea7-5845a50eeb7d2730
spec-013-static-storage	.build/contract-reports/spec-011/latest-nrf52840-embedded.txt	b18da84a0622e2d24bfc1da8ce17fdf0c89faea7-457fc7e1b9000afd
spec-013-static-storage	.build/contract-reports/spec-011/latest-raspberry-pi-armv6.txt	b18da84a0622e2d24bfc1da8ce17fdf0c89faea7-457fc7e1b9000afd
spec-013-static-storage	.build/contract-reports/spec-012/latest-macos-dynamic.txt	8af3c97e975f75cd8379250b576975b86bc8fe34-fc0aae9586267865
spec-013-static-storage	.build/contract-reports/spec-012/latest-macos-static.txt	b18da84a0622e2d24bfc1da8ce17fdf0c89faea7-1c61dbad1d952f9d
spec-013-static-storage	.build/contract-reports/spec-012/latest-nrf52840-embedded.txt	b18da84a0622e2d24bfc1da8ce17fdf0c89faea7-1c61dbad1d952f9d
spec-013-static-storage	.build/contract-reports/spec-012/latest-raspberry-pi-armv6.txt	b18da84a0622e2d24bfc1da8ce17fdf0c89faea7-1c61dbad1d952f9d
spec-013-static-storage	.build/contract-reports/spec-013/latest-macos-dynamic.txt	8af3c97e975f75cd8379250b576975b86bc8fe34-d25973a2ebde9c96
spec-013-static-storage	.build/contract-reports/spec-013/latest-macos-static.txt	b18da84a0622e2d24bfc1da8ce17fdf0c89faea7-3011c2f2a2dbab33
spec-013-static-storage	.build/contract-reports/spec-013/latest-nrf52840-embedded.txt	b18da84a0622e2d24bfc1da8ce17fdf0c89faea7-3011c2f2a2dbab33
spec-013-static-storage	.build/contract-reports/spec-013/latest-raspberry-pi-armv6.txt	b18da84a0622e2d24bfc1da8ce17fdf0c89faea7-3011c2f2a2dbab33
spec-013-static-storage	.build/contract-reports/spec-015/latest-macos-dynamic.txt	8af3c97e975f75cd8379250b576975b86bc8fe34-00fb126af8cc48f9
spec-013-static-storage	.build/contract-reports/spec-015/latest-macos-static.txt	b18da84a0622e2d24bfc1da8ce17fdf0c89faea7-5845a50eeb7d2730
spec-013-static-storage	.build/contract-reports/spec-015/latest-nrf52840-embedded.txt	b18da84a0622e2d24bfc1da8ce17fdf0c89faea7-457fc7e1b9000afd
spec-013-static-storage	.build/contract-reports/spec-015/latest-raspberry-pi-armv6.txt	b18da84a0622e2d24bfc1da8ce17fdf0c89faea7-457fc7e1b9000afd
spec-013-macos-static	.build/contract-reports/spec-001/latest-macos-dynamic.txt	20261004T223654Z-6895
spec-013-macos-static	.build/contract-reports/spec-001/latest-macos-static.txt	20261004T141555Z-12014
spec-013-macos-static	.build/contract-reports/spec-001/latest-nrf52840-embedded.txt	20261004T144054Z-36978
spec-013-macos-static	.build/contract-reports/spec-001/latest-raspberry-pi-armv6.txt	20261004T142310Z-23558
spec-013-macos-static	.build/contract-reports/spec-002/latest-macos-dynamic.txt	8af3c97e975f75cd8379250b576975b86bc8fe34-00fb126af8cc48f9
spec-013-macos-static	.build/contract-reports/spec-002/latest-macos-static.txt	b18da84a0622e2d24bfc1da8ce17fdf0c89faea7-5845a50eeb7d2730
spec-013-macos-static	.build/contract-reports/spec-002/latest-nrf52840-embedded.txt	b18da84a0622e2d24bfc1da8ce17fdf0c89faea7-457fc7e1b9000afd
spec-013-macos-static	.build/contract-reports/spec-002/latest-raspberry-pi-armv6.txt	b18da84a0622e2d24bfc1da8ce17fdf0c89faea7-5845a50eeb7d2730
spec-013-macos-static	.build/contract-reports/spec-003/latest-macos-dynamic.txt	8af3c97e975f75cd8379250b576975b86bc8fe34-00fb126af8cc48f9
spec-013-macos-static	.build/contract-reports/spec-003/latest-macos-static.txt	b18da84a0622e2d24bfc1da8ce17fdf0c89faea7-5845a50eeb7d2730
spec-013-macos-static	.build/contract-reports/spec-003/latest-nrf52840-embedded.txt	b18da84a0622e2d24bfc1da8ce17fdf0c89faea7-457fc7e1b9000afd
spec-013-macos-static	.build/contract-reports/spec-003/latest-raspberry-pi-armv6.txt	b18da84a0622e2d24bfc1da8ce17fdf0c89faea7-457fc7e1b9000afd
spec-013-macos-static	.build/contract-reports/spec-004/latest-macos-dynamic.txt	8af3c97e975f75cd8379250b576975b86bc8fe34-00fb126af8cc48f9
spec-013-macos-static	.build/contract-reports/spec-004/latest-macos-static.txt	b18da84a0622e2d24bfc1da8ce17fdf0c89faea7-5845a50eeb7d2730
spec-013-macos-static	.build/contract-reports/spec-004/latest-nrf52840-embedded.txt	b18da84a0622e2d24bfc1da8ce17fdf0c89faea7-457fc7e1b9000afd
spec-013-macos-static	.build/contract-reports/spec-004/latest-raspberry-pi-armv6.txt	b18da84a0622e2d24bfc1da8ce17fdf0c89faea7-457fc7e1b9000afd
spec-013-macos-static	.build/contract-reports/spec-005/latest-macos-dynamic.txt	8af3c97e975f75cd8379250b576975b86bc8fe34-13497580cfa982fc
spec-013-macos-static	.build/contract-reports/spec-005/latest-macos-static.txt	b18da84a0622e2d24bfc1da8ce17fdf0c89faea7-91c75f621f54733c
spec-013-macos-static	.build/contract-reports/spec-005/latest-nrf52840-embedded.txt	b18da84a0622e2d24bfc1da8ce17fdf0c89faea7-91c75f621f54733c
spec-013-macos-static	.build/contract-reports/spec-005/latest-raspberry-pi-armv6.txt	b18da84a0622e2d24bfc1da8ce17fdf0c89faea7-91c75f621f54733c
spec-013-macos-static	.build/contract-reports/spec-006/latest-macos-dynamic.txt	8af3c97e975f75cd8379250b576975b86bc8fe34-e4e48e37d8c767c7
spec-013-macos-static	.build/contract-reports/spec-006/latest-macos-static.txt	b18da84a0622e2d24bfc1da8ce17fdf0c89faea7-2519f7ee7d9fd3e0
spec-013-macos-static	.build/contract-reports/spec-006/latest-nrf52840-embedded.txt	b18da84a0622e2d24bfc1da8ce17fdf0c89faea7-2519f7ee7d9fd3e0
spec-013-macos-static	.build/contract-reports/spec-006/latest-raspberry-pi-armv6.txt	b18da84a0622e2d24bfc1da8ce17fdf0c89faea7-2519f7ee7d9fd3e0
spec-013-macos-static	.build/contract-reports/spec-007/latest-macos-dynamic.txt	8af3c97e975f75cd8379250b576975b86bc8fe34-9c9b7b98bfb72db1
spec-013-macos-static	.build/contract-reports/spec-007/latest-macos-static.txt	b18da84a0622e2d24bfc1da8ce17fdf0c89faea7-88e8f7d4bd213aaf
spec-013-macos-static	.build/contract-reports/spec-007/latest-nrf52840-embedded.txt	b18da84a0622e2d24bfc1da8ce17fdf0c89faea7-88e8f7d4bd213aaf
spec-013-macos-static	.build/contract-reports/spec-007/latest-raspberry-pi-armv6.txt	b18da84a0622e2d24bfc1da8ce17fdf0c89faea7-88e8f7d4bd213aaf
spec-013-macos-static	.build/contract-reports/spec-008/latest-macos-dynamic.txt	8af3c97e975f75cd8379250b576975b86bc8fe34-8c912bd577cac4a7
spec-013-macos-static	.build/contract-reports/spec-008/latest-macos-static.txt	b18da84a0622e2d24bfc1da8ce17fdf0c89faea7-cf3969a84328c135
spec-013-macos-static	.build/contract-reports/spec-008/latest-nrf52840-embedded.txt	b18da84a0622e2d24bfc1da8ce17fdf0c89faea7-cf3969a84328c135
spec-013-macos-static	.build/contract-reports/spec-008/latest-raspberry-pi-armv6.txt	b18da84a0622e2d24bfc1da8ce17fdf0c89faea7-cf3969a84328c135
spec-013-macos-static	.build/contract-reports/spec-009/latest-macos-dynamic.txt	8af3c97e975f75cd8379250b576975b86bc8fe34-54aaea69d783eaaa
spec-013-macos-static	.build/contract-reports/spec-009/latest-macos-static.txt	b18da84a0622e2d24bfc1da8ce17fdf0c89faea7-16973c7d29593fdf
spec-013-macos-static	.build/contract-reports/spec-009/latest-nrf52840-embedded.txt	b18da84a0622e2d24bfc1da8ce17fdf0c89faea7-16973c7d29593fdf
spec-013-macos-static	.build/contract-reports/spec-009/latest-raspberry-pi-armv6.txt	b18da84a0622e2d24bfc1da8ce17fdf0c89faea7-16973c7d29593fdf
spec-013-macos-static	.build/contract-reports/spec-010/latest-macos-dynamic.txt	8af3c97e975f75cd8379250b576975b86bc8fe34-f09fa73a6913497f
spec-013-macos-static	.build/contract-reports/spec-010/latest-macos-static.txt	b18da84a0622e2d24bfc1da8ce17fdf0c89faea7-195b7e7bafcc2d2b
spec-013-macos-static	.build/contract-reports/spec-010/latest-nrf52840-embedded.txt	b18da84a0622e2d24bfc1da8ce17fdf0c89faea7-195b7e7bafcc2d2b
spec-013-macos-static	.build/contract-reports/spec-010/latest-raspberry-pi-armv6.txt	b18da84a0622e2d24bfc1da8ce17fdf0c89faea7-195b7e7bafcc2d2b
spec-013-macos-static	.build/contract-reports/spec-011/latest-macos-dynamic.txt	b18da84a0622e2d24bfc1da8ce17fdf0c89faea7-5845a50eeb7d2730
spec-013-macos-static	.build/contract-reports/spec-011/latest-macos-static.txt	b18da84a0622e2d24bfc1da8ce17fdf0c89faea7-5845a50eeb7d2730
spec-013-macos-static	.build/contract-reports/spec-011/latest-nrf52840-embedded.txt	b18da84a0622e2d24bfc1da8ce17fdf0c89faea7-457fc7e1b9000afd
spec-013-macos-static	.build/contract-reports/spec-011/latest-raspberry-pi-armv6.txt	b18da84a0622e2d24bfc1da8ce17fdf0c89faea7-457fc7e1b9000afd
spec-013-macos-static	.build/contract-reports/spec-012/latest-macos-dynamic.txt	8af3c97e975f75cd8379250b576975b86bc8fe34-fc0aae9586267865
spec-013-macos-static	.build/contract-reports/spec-012/latest-macos-static.txt	b18da84a0622e2d24bfc1da8ce17fdf0c89faea7-1c61dbad1d952f9d
spec-013-macos-static	.build/contract-reports/spec-012/latest-nrf52840-embedded.txt	b18da84a0622e2d24bfc1da8ce17fdf0c89faea7-1c61dbad1d952f9d
spec-013-macos-static	.build/contract-reports/spec-012/latest-raspberry-pi-armv6.txt	b18da84a0622e2d24bfc1da8ce17fdf0c89faea7-1c61dbad1d952f9d
spec-013-macos-static	.build/contract-reports/spec-013/latest-macos-dynamic.txt	8af3c97e975f75cd8379250b576975b86bc8fe34-d25973a2ebde9c96
spec-013-macos-static	.build/contract-reports/spec-013/latest-macos-static.txt	b18da84a0622e2d24bfc1da8ce17fdf0c89faea7-3011c2f2a2dbab33
spec-013-macos-static	.build/contract-reports/spec-013/latest-nrf52840-embedded.txt	b18da84a0622e2d24bfc1da8ce17fdf0c89faea7-3011c2f2a2dbab33
spec-013-macos-static	.build/contract-reports/spec-013/latest-raspberry-pi-armv6.txt	b18da84a0622e2d24bfc1da8ce17fdf0c89faea7-3011c2f2a2dbab33
spec-013-macos-static	.build/contract-reports/spec-015/latest-macos-dynamic.txt	8af3c97e975f75cd8379250b576975b86bc8fe34-00fb126af8cc48f9
spec-013-macos-static	.build/contract-reports/spec-015/latest-macos-static.txt	b18da84a0622e2d24bfc1da8ce17fdf0c89faea7-5845a50eeb7d2730
spec-013-macos-static	.build/contract-reports/spec-015/latest-nrf52840-embedded.txt	b18da84a0622e2d24bfc1da8ce17fdf0c89faea7-457fc7e1b9000afd
spec-013-macos-static	.build/contract-reports/spec-015/latest-raspberry-pi-armv6.txt	b18da84a0622e2d24bfc1da8ce17fdf0c89faea7-457fc7e1b9000afd
spec-013-nrf-static	.build/contract-reports/spec-001/latest-macos-dynamic.txt	20261004T223654Z-6895
spec-013-nrf-static	.build/contract-reports/spec-001/latest-macos-static.txt	20261004T141555Z-12014
spec-013-nrf-static	.build/contract-reports/spec-001/latest-nrf52840-embedded.txt	20261004T144054Z-36978
spec-013-nrf-static	.build/contract-reports/spec-001/latest-raspberry-pi-armv6.txt	20261004T142310Z-23558
spec-013-nrf-static	.build/contract-reports/spec-002/latest-macos-dynamic.txt	8af3c97e975f75cd8379250b576975b86bc8fe34-00fb126af8cc48f9
spec-013-nrf-static	.build/contract-reports/spec-002/latest-macos-static.txt	b18da84a0622e2d24bfc1da8ce17fdf0c89faea7-5845a50eeb7d2730
spec-013-nrf-static	.build/contract-reports/spec-002/latest-nrf52840-embedded.txt	b18da84a0622e2d24bfc1da8ce17fdf0c89faea7-457fc7e1b9000afd
spec-013-nrf-static	.build/contract-reports/spec-002/latest-raspberry-pi-armv6.txt	b18da84a0622e2d24bfc1da8ce17fdf0c89faea7-5845a50eeb7d2730
spec-013-nrf-static	.build/contract-reports/spec-003/latest-macos-dynamic.txt	8af3c97e975f75cd8379250b576975b86bc8fe34-00fb126af8cc48f9
spec-013-nrf-static	.build/contract-reports/spec-003/latest-macos-static.txt	b18da84a0622e2d24bfc1da8ce17fdf0c89faea7-5845a50eeb7d2730
spec-013-nrf-static	.build/contract-reports/spec-003/latest-nrf52840-embedded.txt	b18da84a0622e2d24bfc1da8ce17fdf0c89faea7-457fc7e1b9000afd
spec-013-nrf-static	.build/contract-reports/spec-003/latest-raspberry-pi-armv6.txt	b18da84a0622e2d24bfc1da8ce17fdf0c89faea7-457fc7e1b9000afd
spec-013-nrf-static	.build/contract-reports/spec-004/latest-macos-dynamic.txt	8af3c97e975f75cd8379250b576975b86bc8fe34-00fb126af8cc48f9
spec-013-nrf-static	.build/contract-reports/spec-004/latest-macos-static.txt	b18da84a0622e2d24bfc1da8ce17fdf0c89faea7-5845a50eeb7d2730
spec-013-nrf-static	.build/contract-reports/spec-004/latest-nrf52840-embedded.txt	b18da84a0622e2d24bfc1da8ce17fdf0c89faea7-457fc7e1b9000afd
spec-013-nrf-static	.build/contract-reports/spec-004/latest-raspberry-pi-armv6.txt	b18da84a0622e2d24bfc1da8ce17fdf0c89faea7-457fc7e1b9000afd
spec-013-nrf-static	.build/contract-reports/spec-005/latest-macos-dynamic.txt	8af3c97e975f75cd8379250b576975b86bc8fe34-13497580cfa982fc
spec-013-nrf-static	.build/contract-reports/spec-005/latest-macos-static.txt	b18da84a0622e2d24bfc1da8ce17fdf0c89faea7-91c75f621f54733c
spec-013-nrf-static	.build/contract-reports/spec-005/latest-nrf52840-embedded.txt	b18da84a0622e2d24bfc1da8ce17fdf0c89faea7-91c75f621f54733c
spec-013-nrf-static	.build/contract-reports/spec-005/latest-raspberry-pi-armv6.txt	b18da84a0622e2d24bfc1da8ce17fdf0c89faea7-91c75f621f54733c
spec-013-nrf-static	.build/contract-reports/spec-006/latest-macos-dynamic.txt	8af3c97e975f75cd8379250b576975b86bc8fe34-e4e48e37d8c767c7
spec-013-nrf-static	.build/contract-reports/spec-006/latest-macos-static.txt	b18da84a0622e2d24bfc1da8ce17fdf0c89faea7-2519f7ee7d9fd3e0
spec-013-nrf-static	.build/contract-reports/spec-006/latest-nrf52840-embedded.txt	b18da84a0622e2d24bfc1da8ce17fdf0c89faea7-2519f7ee7d9fd3e0
spec-013-nrf-static	.build/contract-reports/spec-006/latest-raspberry-pi-armv6.txt	b18da84a0622e2d24bfc1da8ce17fdf0c89faea7-2519f7ee7d9fd3e0
spec-013-nrf-static	.build/contract-reports/spec-007/latest-macos-dynamic.txt	8af3c97e975f75cd8379250b576975b86bc8fe34-9c9b7b98bfb72db1
spec-013-nrf-static	.build/contract-reports/spec-007/latest-macos-static.txt	b18da84a0622e2d24bfc1da8ce17fdf0c89faea7-88e8f7d4bd213aaf
spec-013-nrf-static	.build/contract-reports/spec-007/latest-nrf52840-embedded.txt	b18da84a0622e2d24bfc1da8ce17fdf0c89faea7-88e8f7d4bd213aaf
spec-013-nrf-static	.build/contract-reports/spec-007/latest-raspberry-pi-armv6.txt	b18da84a0622e2d24bfc1da8ce17fdf0c89faea7-88e8f7d4bd213aaf
spec-013-nrf-static	.build/contract-reports/spec-008/latest-macos-dynamic.txt	8af3c97e975f75cd8379250b576975b86bc8fe34-8c912bd577cac4a7
spec-013-nrf-static	.build/contract-reports/spec-008/latest-macos-static.txt	b18da84a0622e2d24bfc1da8ce17fdf0c89faea7-cf3969a84328c135
spec-013-nrf-static	.build/contract-reports/spec-008/latest-nrf52840-embedded.txt	b18da84a0622e2d24bfc1da8ce17fdf0c89faea7-cf3969a84328c135
spec-013-nrf-static	.build/contract-reports/spec-008/latest-raspberry-pi-armv6.txt	b18da84a0622e2d24bfc1da8ce17fdf0c89faea7-cf3969a84328c135
spec-013-nrf-static	.build/contract-reports/spec-009/latest-macos-dynamic.txt	8af3c97e975f75cd8379250b576975b86bc8fe34-54aaea69d783eaaa
spec-013-nrf-static	.build/contract-reports/spec-009/latest-macos-static.txt	b18da84a0622e2d24bfc1da8ce17fdf0c89faea7-16973c7d29593fdf
spec-013-nrf-static	.build/contract-reports/spec-009/latest-nrf52840-embedded.txt	b18da84a0622e2d24bfc1da8ce17fdf0c89faea7-16973c7d29593fdf
spec-013-nrf-static	.build/contract-reports/spec-009/latest-raspberry-pi-armv6.txt	b18da84a0622e2d24bfc1da8ce17fdf0c89faea7-16973c7d29593fdf
spec-013-nrf-static	.build/contract-reports/spec-010/latest-macos-dynamic.txt	8af3c97e975f75cd8379250b576975b86bc8fe34-f09fa73a6913497f
spec-013-nrf-static	.build/contract-reports/spec-010/latest-macos-static.txt	b18da84a0622e2d24bfc1da8ce17fdf0c89faea7-195b7e7bafcc2d2b
spec-013-nrf-static	.build/contract-reports/spec-010/latest-nrf52840-embedded.txt	b18da84a0622e2d24bfc1da8ce17fdf0c89faea7-195b7e7bafcc2d2b
spec-013-nrf-static	.build/contract-reports/spec-010/latest-raspberry-pi-armv6.txt	b18da84a0622e2d24bfc1da8ce17fdf0c89faea7-195b7e7bafcc2d2b
spec-013-nrf-static	.build/contract-reports/spec-011/latest-macos-dynamic.txt	b18da84a0622e2d24bfc1da8ce17fdf0c89faea7-5845a50eeb7d2730
spec-013-nrf-static	.build/contract-reports/spec-011/latest-macos-static.txt	b18da84a0622e2d24bfc1da8ce17fdf0c89faea7-5845a50eeb7d2730
spec-013-nrf-static	.build/contract-reports/spec-011/latest-nrf52840-embedded.txt	b18da84a0622e2d24bfc1da8ce17fdf0c89faea7-457fc7e1b9000afd
spec-013-nrf-static	.build/contract-reports/spec-011/latest-raspberry-pi-armv6.txt	b18da84a0622e2d24bfc1da8ce17fdf0c89faea7-457fc7e1b9000afd
spec-013-nrf-static	.build/contract-reports/spec-012/latest-macos-dynamic.txt	8af3c97e975f75cd8379250b576975b86bc8fe34-fc0aae9586267865
spec-013-nrf-static	.build/contract-reports/spec-012/latest-macos-static.txt	b18da84a0622e2d24bfc1da8ce17fdf0c89faea7-1c61dbad1d952f9d
spec-013-nrf-static	.build/contract-reports/spec-012/latest-nrf52840-embedded.txt	b18da84a0622e2d24bfc1da8ce17fdf0c89faea7-1c61dbad1d952f9d
spec-013-nrf-static	.build/contract-reports/spec-012/latest-raspberry-pi-armv6.txt	b18da84a0622e2d24bfc1da8ce17fdf0c89faea7-1c61dbad1d952f9d
spec-013-nrf-static	.build/contract-reports/spec-013/latest-macos-dynamic.txt	8af3c97e975f75cd8379250b576975b86bc8fe34-d25973a2ebde9c96
spec-013-nrf-static	.build/contract-reports/spec-013/latest-macos-static.txt	b18da84a0622e2d24bfc1da8ce17fdf0c89faea7-3011c2f2a2dbab33
spec-013-nrf-static	.build/contract-reports/spec-013/latest-nrf52840-embedded.txt	b18da84a0622e2d24bfc1da8ce17fdf0c89faea7-3011c2f2a2dbab33
spec-013-nrf-static	.build/contract-reports/spec-013/latest-raspberry-pi-armv6.txt	b18da84a0622e2d24bfc1da8ce17fdf0c89faea7-3011c2f2a2dbab33
spec-013-nrf-static	.build/contract-reports/spec-015/latest-macos-dynamic.txt	8af3c97e975f75cd8379250b576975b86bc8fe34-00fb126af8cc48f9
spec-013-nrf-static	.build/contract-reports/spec-015/latest-macos-static.txt	b18da84a0622e2d24bfc1da8ce17fdf0c89faea7-5845a50eeb7d2730
spec-013-nrf-static	.build/contract-reports/spec-015/latest-nrf52840-embedded.txt	b18da84a0622e2d24bfc1da8ce17fdf0c89faea7-457fc7e1b9000afd
spec-013-nrf-static	.build/contract-reports/spec-015/latest-raspberry-pi-armv6.txt	b18da84a0622e2d24bfc1da8ce17fdf0c89faea7-457fc7e1b9000afd
root-tests	.build/contract-reports/spec-001/latest-macos-dynamic.txt	20261004T223654Z-6895
root-tests	.build/contract-reports/spec-001/latest-macos-static.txt	20261004T141555Z-12014
root-tests	.build/contract-reports/spec-001/latest-nrf52840-embedded.txt	20261004T144054Z-36978
root-tests	.build/contract-reports/spec-001/latest-raspberry-pi-armv6.txt	20261004T142310Z-23558
root-tests	.build/contract-reports/spec-002/latest-macos-dynamic.txt	8af3c97e975f75cd8379250b576975b86bc8fe34-00fb126af8cc48f9
root-tests	.build/contract-reports/spec-002/latest-macos-static.txt	b18da84a0622e2d24bfc1da8ce17fdf0c89faea7-5845a50eeb7d2730
root-tests	.build/contract-reports/spec-002/latest-nrf52840-embedded.txt	b18da84a0622e2d24bfc1da8ce17fdf0c89faea7-457fc7e1b9000afd
root-tests	.build/contract-reports/spec-002/latest-raspberry-pi-armv6.txt	b18da84a0622e2d24bfc1da8ce17fdf0c89faea7-5845a50eeb7d2730
root-tests	.build/contract-reports/spec-003/latest-macos-dynamic.txt	8af3c97e975f75cd8379250b576975b86bc8fe34-00fb126af8cc48f9
root-tests	.build/contract-reports/spec-003/latest-macos-static.txt	b18da84a0622e2d24bfc1da8ce17fdf0c89faea7-5845a50eeb7d2730
root-tests	.build/contract-reports/spec-003/latest-nrf52840-embedded.txt	b18da84a0622e2d24bfc1da8ce17fdf0c89faea7-457fc7e1b9000afd
root-tests	.build/contract-reports/spec-003/latest-raspberry-pi-armv6.txt	b18da84a0622e2d24bfc1da8ce17fdf0c89faea7-457fc7e1b9000afd
root-tests	.build/contract-reports/spec-004/latest-macos-dynamic.txt	8af3c97e975f75cd8379250b576975b86bc8fe34-00fb126af8cc48f9
root-tests	.build/contract-reports/spec-004/latest-macos-static.txt	b18da84a0622e2d24bfc1da8ce17fdf0c89faea7-5845a50eeb7d2730
root-tests	.build/contract-reports/spec-004/latest-nrf52840-embedded.txt	b18da84a0622e2d24bfc1da8ce17fdf0c89faea7-457fc7e1b9000afd
root-tests	.build/contract-reports/spec-004/latest-raspberry-pi-armv6.txt	b18da84a0622e2d24bfc1da8ce17fdf0c89faea7-457fc7e1b9000afd
root-tests	.build/contract-reports/spec-005/latest-macos-dynamic.txt	8af3c97e975f75cd8379250b576975b86bc8fe34-13497580cfa982fc
root-tests	.build/contract-reports/spec-005/latest-macos-static.txt	b18da84a0622e2d24bfc1da8ce17fdf0c89faea7-91c75f621f54733c
root-tests	.build/contract-reports/spec-005/latest-nrf52840-embedded.txt	b18da84a0622e2d24bfc1da8ce17fdf0c89faea7-91c75f621f54733c
root-tests	.build/contract-reports/spec-005/latest-raspberry-pi-armv6.txt	b18da84a0622e2d24bfc1da8ce17fdf0c89faea7-91c75f621f54733c
root-tests	.build/contract-reports/spec-006/latest-macos-dynamic.txt	8af3c97e975f75cd8379250b576975b86bc8fe34-e4e48e37d8c767c7
root-tests	.build/contract-reports/spec-006/latest-macos-static.txt	b18da84a0622e2d24bfc1da8ce17fdf0c89faea7-2519f7ee7d9fd3e0
root-tests	.build/contract-reports/spec-006/latest-nrf52840-embedded.txt	b18da84a0622e2d24bfc1da8ce17fdf0c89faea7-2519f7ee7d9fd3e0
root-tests	.build/contract-reports/spec-006/latest-raspberry-pi-armv6.txt	b18da84a0622e2d24bfc1da8ce17fdf0c89faea7-2519f7ee7d9fd3e0
root-tests	.build/contract-reports/spec-007/latest-macos-dynamic.txt	8af3c97e975f75cd8379250b576975b86bc8fe34-9c9b7b98bfb72db1
root-tests	.build/contract-reports/spec-007/latest-macos-static.txt	b18da84a0622e2d24bfc1da8ce17fdf0c89faea7-88e8f7d4bd213aaf
root-tests	.build/contract-reports/spec-007/latest-nrf52840-embedded.txt	b18da84a0622e2d24bfc1da8ce17fdf0c89faea7-88e8f7d4bd213aaf
root-tests	.build/contract-reports/spec-007/latest-raspberry-pi-armv6.txt	b18da84a0622e2d24bfc1da8ce17fdf0c89faea7-88e8f7d4bd213aaf
root-tests	.build/contract-reports/spec-008/latest-macos-dynamic.txt	8af3c97e975f75cd8379250b576975b86bc8fe34-8c912bd577cac4a7
root-tests	.build/contract-reports/spec-008/latest-macos-static.txt	b18da84a0622e2d24bfc1da8ce17fdf0c89faea7-cf3969a84328c135
root-tests	.build/contract-reports/spec-008/latest-nrf52840-embedded.txt	b18da84a0622e2d24bfc1da8ce17fdf0c89faea7-cf3969a84328c135
root-tests	.build/contract-reports/spec-008/latest-raspberry-pi-armv6.txt	b18da84a0622e2d24bfc1da8ce17fdf0c89faea7-cf3969a84328c135
root-tests	.build/contract-reports/spec-009/latest-macos-dynamic.txt	8af3c97e975f75cd8379250b576975b86bc8fe34-54aaea69d783eaaa
root-tests	.build/contract-reports/spec-009/latest-macos-static.txt	b18da84a0622e2d24bfc1da8ce17fdf0c89faea7-16973c7d29593fdf
root-tests	.build/contract-reports/spec-009/latest-nrf52840-embedded.txt	b18da84a0622e2d24bfc1da8ce17fdf0c89faea7-16973c7d29593fdf
root-tests	.build/contract-reports/spec-009/latest-raspberry-pi-armv6.txt	b18da84a0622e2d24bfc1da8ce17fdf0c89faea7-16973c7d29593fdf
root-tests	.build/contract-reports/spec-010/latest-macos-dynamic.txt	8af3c97e975f75cd8379250b576975b86bc8fe34-f09fa73a6913497f
root-tests	.build/contract-reports/spec-010/latest-macos-static.txt	b18da84a0622e2d24bfc1da8ce17fdf0c89faea7-195b7e7bafcc2d2b
root-tests	.build/contract-reports/spec-010/latest-nrf52840-embedded.txt	b18da84a0622e2d24bfc1da8ce17fdf0c89faea7-195b7e7bafcc2d2b
root-tests	.build/contract-reports/spec-010/latest-raspberry-pi-armv6.txt	b18da84a0622e2d24bfc1da8ce17fdf0c89faea7-195b7e7bafcc2d2b
root-tests	.build/contract-reports/spec-011/latest-macos-dynamic.txt	b18da84a0622e2d24bfc1da8ce17fdf0c89faea7-5845a50eeb7d2730
root-tests	.build/contract-reports/spec-011/latest-macos-static.txt	b18da84a0622e2d24bfc1da8ce17fdf0c89faea7-5845a50eeb7d2730
root-tests	.build/contract-reports/spec-011/latest-nrf52840-embedded.txt	b18da84a0622e2d24bfc1da8ce17fdf0c89faea7-457fc7e1b9000afd
root-tests	.build/contract-reports/spec-011/latest-raspberry-pi-armv6.txt	b18da84a0622e2d24bfc1da8ce17fdf0c89faea7-457fc7e1b9000afd
root-tests	.build/contract-reports/spec-012/latest-macos-dynamic.txt	8af3c97e975f75cd8379250b576975b86bc8fe34-fc0aae9586267865
root-tests	.build/contract-reports/spec-012/latest-macos-static.txt	b18da84a0622e2d24bfc1da8ce17fdf0c89faea7-1c61dbad1d952f9d
root-tests	.build/contract-reports/spec-012/latest-nrf52840-embedded.txt	b18da84a0622e2d24bfc1da8ce17fdf0c89faea7-1c61dbad1d952f9d
root-tests	.build/contract-reports/spec-012/latest-raspberry-pi-armv6.txt	b18da84a0622e2d24bfc1da8ce17fdf0c89faea7-1c61dbad1d952f9d
root-tests	.build/contract-reports/spec-013/latest-macos-dynamic.txt	8af3c97e975f75cd8379250b576975b86bc8fe34-d25973a2ebde9c96
root-tests	.build/contract-reports/spec-013/latest-macos-static.txt	b18da84a0622e2d24bfc1da8ce17fdf0c89faea7-3011c2f2a2dbab33
root-tests	.build/contract-reports/spec-013/latest-nrf52840-embedded.txt	b18da84a0622e2d24bfc1da8ce17fdf0c89faea7-3011c2f2a2dbab33
root-tests	.build/contract-reports/spec-013/latest-raspberry-pi-armv6.txt	b18da84a0622e2d24bfc1da8ce17fdf0c89faea7-3011c2f2a2dbab33
root-tests	.build/contract-reports/spec-015/latest-macos-dynamic.txt	8af3c97e975f75cd8379250b576975b86bc8fe34-00fb126af8cc48f9
root-tests	.build/contract-reports/spec-015/latest-macos-static.txt	b18da84a0622e2d24bfc1da8ce17fdf0c89faea7-5845a50eeb7d2730
root-tests	.build/contract-reports/spec-015/latest-nrf52840-embedded.txt	b18da84a0622e2d24bfc1da8ce17fdf0c89faea7-457fc7e1b9000afd
root-tests	.build/contract-reports/spec-015/latest-raspberry-pi-armv6.txt	b18da84a0622e2d24bfc1da8ce17fdf0c89faea7-457fc7e1b9000afd
spec-003-diagnostic-buffer	.build/contract-reports/spec-001/latest-macos-dynamic.txt	20261004T223654Z-6895
spec-003-diagnostic-buffer	.build/contract-reports/spec-001/latest-macos-static.txt	20261004T141555Z-12014
spec-003-diagnostic-buffer	.build/contract-reports/spec-001/latest-nrf52840-embedded.txt	20261004T144054Z-36978
spec-003-diagnostic-buffer	.build/contract-reports/spec-001/latest-raspberry-pi-armv6.txt	20261004T142310Z-23558
spec-003-diagnostic-buffer	.build/contract-reports/spec-002/latest-macos-dynamic.txt	8af3c97e975f75cd8379250b576975b86bc8fe34-00fb126af8cc48f9
spec-003-diagnostic-buffer	.build/contract-reports/spec-002/latest-macos-static.txt	b18da84a0622e2d24bfc1da8ce17fdf0c89faea7-5845a50eeb7d2730
spec-003-diagnostic-buffer	.build/contract-reports/spec-002/latest-nrf52840-embedded.txt	b18da84a0622e2d24bfc1da8ce17fdf0c89faea7-457fc7e1b9000afd
spec-003-diagnostic-buffer	.build/contract-reports/spec-002/latest-raspberry-pi-armv6.txt	b18da84a0622e2d24bfc1da8ce17fdf0c89faea7-5845a50eeb7d2730
spec-003-diagnostic-buffer	.build/contract-reports/spec-003/latest-macos-dynamic.txt	8af3c97e975f75cd8379250b576975b86bc8fe34-00fb126af8cc48f9
spec-003-diagnostic-buffer	.build/contract-reports/spec-003/latest-macos-static.txt	b18da84a0622e2d24bfc1da8ce17fdf0c89faea7-5845a50eeb7d2730
spec-003-diagnostic-buffer	.build/contract-reports/spec-003/latest-nrf52840-embedded.txt	b18da84a0622e2d24bfc1da8ce17fdf0c89faea7-457fc7e1b9000afd
spec-003-diagnostic-buffer	.build/contract-reports/spec-003/latest-raspberry-pi-armv6.txt	b18da84a0622e2d24bfc1da8ce17fdf0c89faea7-457fc7e1b9000afd
spec-003-diagnostic-buffer	.build/contract-reports/spec-004/latest-macos-dynamic.txt	8af3c97e975f75cd8379250b576975b86bc8fe34-00fb126af8cc48f9
spec-003-diagnostic-buffer	.build/contract-reports/spec-004/latest-macos-static.txt	b18da84a0622e2d24bfc1da8ce17fdf0c89faea7-5845a50eeb7d2730
spec-003-diagnostic-buffer	.build/contract-reports/spec-004/latest-nrf52840-embedded.txt	b18da84a0622e2d24bfc1da8ce17fdf0c89faea7-457fc7e1b9000afd
spec-003-diagnostic-buffer	.build/contract-reports/spec-004/latest-raspberry-pi-armv6.txt	b18da84a0622e2d24bfc1da8ce17fdf0c89faea7-457fc7e1b9000afd
spec-003-diagnostic-buffer	.build/contract-reports/spec-005/latest-macos-dynamic.txt	8af3c97e975f75cd8379250b576975b86bc8fe34-13497580cfa982fc
spec-003-diagnostic-buffer	.build/contract-reports/spec-005/latest-macos-static.txt	b18da84a0622e2d24bfc1da8ce17fdf0c89faea7-91c75f621f54733c
spec-003-diagnostic-buffer	.build/contract-reports/spec-005/latest-nrf52840-embedded.txt	b18da84a0622e2d24bfc1da8ce17fdf0c89faea7-91c75f621f54733c
spec-003-diagnostic-buffer	.build/contract-reports/spec-005/latest-raspberry-pi-armv6.txt	b18da84a0622e2d24bfc1da8ce17fdf0c89faea7-91c75f621f54733c
spec-003-diagnostic-buffer	.build/contract-reports/spec-006/latest-macos-dynamic.txt	8af3c97e975f75cd8379250b576975b86bc8fe34-e4e48e37d8c767c7
spec-003-diagnostic-buffer	.build/contract-reports/spec-006/latest-macos-static.txt	b18da84a0622e2d24bfc1da8ce17fdf0c89faea7-2519f7ee7d9fd3e0
spec-003-diagnostic-buffer	.build/contract-reports/spec-006/latest-nrf52840-embedded.txt	b18da84a0622e2d24bfc1da8ce17fdf0c89faea7-2519f7ee7d9fd3e0
spec-003-diagnostic-buffer	.build/contract-reports/spec-006/latest-raspberry-pi-armv6.txt	b18da84a0622e2d24bfc1da8ce17fdf0c89faea7-2519f7ee7d9fd3e0
spec-003-diagnostic-buffer	.build/contract-reports/spec-007/latest-macos-dynamic.txt	8af3c97e975f75cd8379250b576975b86bc8fe34-9c9b7b98bfb72db1
spec-003-diagnostic-buffer	.build/contract-reports/spec-007/latest-macos-static.txt	b18da84a0622e2d24bfc1da8ce17fdf0c89faea7-88e8f7d4bd213aaf
spec-003-diagnostic-buffer	.build/contract-reports/spec-007/latest-nrf52840-embedded.txt	b18da84a0622e2d24bfc1da8ce17fdf0c89faea7-88e8f7d4bd213aaf
spec-003-diagnostic-buffer	.build/contract-reports/spec-007/latest-raspberry-pi-armv6.txt	b18da84a0622e2d24bfc1da8ce17fdf0c89faea7-88e8f7d4bd213aaf
spec-003-diagnostic-buffer	.build/contract-reports/spec-008/latest-macos-dynamic.txt	8af3c97e975f75cd8379250b576975b86bc8fe34-8c912bd577cac4a7
spec-003-diagnostic-buffer	.build/contract-reports/spec-008/latest-macos-static.txt	b18da84a0622e2d24bfc1da8ce17fdf0c89faea7-cf3969a84328c135
spec-003-diagnostic-buffer	.build/contract-reports/spec-008/latest-nrf52840-embedded.txt	b18da84a0622e2d24bfc1da8ce17fdf0c89faea7-cf3969a84328c135
spec-003-diagnostic-buffer	.build/contract-reports/spec-008/latest-raspberry-pi-armv6.txt	b18da84a0622e2d24bfc1da8ce17fdf0c89faea7-cf3969a84328c135
spec-003-diagnostic-buffer	.build/contract-reports/spec-009/latest-macos-dynamic.txt	8af3c97e975f75cd8379250b576975b86bc8fe34-54aaea69d783eaaa
spec-003-diagnostic-buffer	.build/contract-reports/spec-009/latest-macos-static.txt	b18da84a0622e2d24bfc1da8ce17fdf0c89faea7-16973c7d29593fdf
spec-003-diagnostic-buffer	.build/contract-reports/spec-009/latest-nrf52840-embedded.txt	b18da84a0622e2d24bfc1da8ce17fdf0c89faea7-16973c7d29593fdf
spec-003-diagnostic-buffer	.build/contract-reports/spec-009/latest-raspberry-pi-armv6.txt	b18da84a0622e2d24bfc1da8ce17fdf0c89faea7-16973c7d29593fdf
spec-003-diagnostic-buffer	.build/contract-reports/spec-010/latest-macos-dynamic.txt	8af3c97e975f75cd8379250b576975b86bc8fe34-f09fa73a6913497f
spec-003-diagnostic-buffer	.build/contract-reports/spec-010/latest-macos-static.txt	b18da84a0622e2d24bfc1da8ce17fdf0c89faea7-195b7e7bafcc2d2b
spec-003-diagnostic-buffer	.build/contract-reports/spec-010/latest-nrf52840-embedded.txt	b18da84a0622e2d24bfc1da8ce17fdf0c89faea7-195b7e7bafcc2d2b
spec-003-diagnostic-buffer	.build/contract-reports/spec-010/latest-raspberry-pi-armv6.txt	b18da84a0622e2d24bfc1da8ce17fdf0c89faea7-195b7e7bafcc2d2b
spec-003-diagnostic-buffer	.build/contract-reports/spec-011/latest-macos-dynamic.txt	b18da84a0622e2d24bfc1da8ce17fdf0c89faea7-5845a50eeb7d2730
spec-003-diagnostic-buffer	.build/contract-reports/spec-011/latest-macos-static.txt	b18da84a0622e2d24bfc1da8ce17fdf0c89faea7-5845a50eeb7d2730
spec-003-diagnostic-buffer	.build/contract-reports/spec-011/latest-nrf52840-embedded.txt	b18da84a0622e2d24bfc1da8ce17fdf0c89faea7-457fc7e1b9000afd
spec-003-diagnostic-buffer	.build/contract-reports/spec-011/latest-raspberry-pi-armv6.txt	b18da84a0622e2d24bfc1da8ce17fdf0c89faea7-457fc7e1b9000afd
spec-003-diagnostic-buffer	.build/contract-reports/spec-012/latest-macos-dynamic.txt	8af3c97e975f75cd8379250b576975b86bc8fe34-fc0aae9586267865
spec-003-diagnostic-buffer	.build/contract-reports/spec-012/latest-macos-static.txt	b18da84a0622e2d24bfc1da8ce17fdf0c89faea7-1c61dbad1d952f9d
spec-003-diagnostic-buffer	.build/contract-reports/spec-012/latest-nrf52840-embedded.txt	b18da84a0622e2d24bfc1da8ce17fdf0c89faea7-1c61dbad1d952f9d
spec-003-diagnostic-buffer	.build/contract-reports/spec-012/latest-raspberry-pi-armv6.txt	b18da84a0622e2d24bfc1da8ce17fdf0c89faea7-1c61dbad1d952f9d
spec-003-diagnostic-buffer	.build/contract-reports/spec-013/latest-macos-dynamic.txt	8af3c97e975f75cd8379250b576975b86bc8fe34-d25973a2ebde9c96
spec-003-diagnostic-buffer	.build/contract-reports/spec-013/latest-macos-static.txt	b18da84a0622e2d24bfc1da8ce17fdf0c89faea7-3011c2f2a2dbab33
spec-003-diagnostic-buffer	.build/contract-reports/spec-013/latest-nrf52840-embedded.txt	b18da84a0622e2d24bfc1da8ce17fdf0c89faea7-3011c2f2a2dbab33
spec-003-diagnostic-buffer	.build/contract-reports/spec-013/latest-raspberry-pi-armv6.txt	b18da84a0622e2d24bfc1da8ce17fdf0c89faea7-3011c2f2a2dbab33
spec-003-diagnostic-buffer	.build/contract-reports/spec-015/latest-macos-dynamic.txt	8af3c97e975f75cd8379250b576975b86bc8fe34-00fb126af8cc48f9
spec-003-diagnostic-buffer	.build/contract-reports/spec-015/latest-macos-static.txt	b18da84a0622e2d24bfc1da8ce17fdf0c89faea7-5845a50eeb7d2730
spec-003-diagnostic-buffer	.build/contract-reports/spec-015/latest-nrf52840-embedded.txt	b18da84a0622e2d24bfc1da8ce17fdf0c89faea7-457fc7e1b9000afd
spec-003-diagnostic-buffer	.build/contract-reports/spec-015/latest-raspberry-pi-armv6.txt	b18da84a0622e2d24bfc1da8ce17fdf0c89faea7-457fc7e1b9000afd
published	/Users/eugene/work/GiftUI/.build/contract-reports/spec-015/759cf5945d69313ab3546965eace2ecc08da5ab3-d93a5691c785f107/macos-dynamic	759cf5945d69313ab3546965eace2ecc08da5ab3-d93a5691c785f107
published	/Users/eugene/work/GiftUI/.build/contract-reports/spec-001/20261004T225647Z-28781/macos-dynamic	20261004T225647Z-28781
SPEC-001-macos-dynamic	.build/contract-reports/spec-001/latest-macos-dynamic.txt	20261004T225647Z-28781
SPEC-001-macos-dynamic	.build/contract-reports/spec-001/latest-macos-static.txt	20261004T141555Z-12014
SPEC-001-macos-dynamic	.build/contract-reports/spec-001/latest-nrf52840-embedded.txt	20261004T144054Z-36978
SPEC-001-macos-dynamic	.build/contract-reports/spec-001/latest-raspberry-pi-armv6.txt	20261004T142310Z-23558
SPEC-001-macos-dynamic	.build/contract-reports/spec-002/latest-macos-dynamic.txt	8af3c97e975f75cd8379250b576975b86bc8fe34-00fb126af8cc48f9
SPEC-001-macos-dynamic	.build/contract-reports/spec-002/latest-macos-static.txt	b18da84a0622e2d24bfc1da8ce17fdf0c89faea7-5845a50eeb7d2730
SPEC-001-macos-dynamic	.build/contract-reports/spec-002/latest-nrf52840-embedded.txt	b18da84a0622e2d24bfc1da8ce17fdf0c89faea7-457fc7e1b9000afd
SPEC-001-macos-dynamic	.build/contract-reports/spec-002/latest-raspberry-pi-armv6.txt	b18da84a0622e2d24bfc1da8ce17fdf0c89faea7-5845a50eeb7d2730
SPEC-001-macos-dynamic	.build/contract-reports/spec-003/latest-macos-dynamic.txt	8af3c97e975f75cd8379250b576975b86bc8fe34-00fb126af8cc48f9
SPEC-001-macos-dynamic	.build/contract-reports/spec-003/latest-macos-static.txt	b18da84a0622e2d24bfc1da8ce17fdf0c89faea7-5845a50eeb7d2730
SPEC-001-macos-dynamic	.build/contract-reports/spec-003/latest-nrf52840-embedded.txt	b18da84a0622e2d24bfc1da8ce17fdf0c89faea7-457fc7e1b9000afd
SPEC-001-macos-dynamic	.build/contract-reports/spec-003/latest-raspberry-pi-armv6.txt	b18da84a0622e2d24bfc1da8ce17fdf0c89faea7-457fc7e1b9000afd
SPEC-001-macos-dynamic	.build/contract-reports/spec-004/latest-macos-dynamic.txt	8af3c97e975f75cd8379250b576975b86bc8fe34-00fb126af8cc48f9
SPEC-001-macos-dynamic	.build/contract-reports/spec-004/latest-macos-static.txt	b18da84a0622e2d24bfc1da8ce17fdf0c89faea7-5845a50eeb7d2730
SPEC-001-macos-dynamic	.build/contract-reports/spec-004/latest-nrf52840-embedded.txt	b18da84a0622e2d24bfc1da8ce17fdf0c89faea7-457fc7e1b9000afd
SPEC-001-macos-dynamic	.build/contract-reports/spec-004/latest-raspberry-pi-armv6.txt	b18da84a0622e2d24bfc1da8ce17fdf0c89faea7-457fc7e1b9000afd
SPEC-001-macos-dynamic	.build/contract-reports/spec-005/latest-macos-dynamic.txt	8af3c97e975f75cd8379250b576975b86bc8fe34-13497580cfa982fc
SPEC-001-macos-dynamic	.build/contract-reports/spec-005/latest-macos-static.txt	b18da84a0622e2d24bfc1da8ce17fdf0c89faea7-91c75f621f54733c
SPEC-001-macos-dynamic	.build/contract-reports/spec-005/latest-nrf52840-embedded.txt	b18da84a0622e2d24bfc1da8ce17fdf0c89faea7-91c75f621f54733c
SPEC-001-macos-dynamic	.build/contract-reports/spec-005/latest-raspberry-pi-armv6.txt	b18da84a0622e2d24bfc1da8ce17fdf0c89faea7-91c75f621f54733c
SPEC-001-macos-dynamic	.build/contract-reports/spec-006/latest-macos-dynamic.txt	8af3c97e975f75cd8379250b576975b86bc8fe34-e4e48e37d8c767c7
SPEC-001-macos-dynamic	.build/contract-reports/spec-006/latest-macos-static.txt	b18da84a0622e2d24bfc1da8ce17fdf0c89faea7-2519f7ee7d9fd3e0
SPEC-001-macos-dynamic	.build/contract-reports/spec-006/latest-nrf52840-embedded.txt	b18da84a0622e2d24bfc1da8ce17fdf0c89faea7-2519f7ee7d9fd3e0
SPEC-001-macos-dynamic	.build/contract-reports/spec-006/latest-raspberry-pi-armv6.txt	b18da84a0622e2d24bfc1da8ce17fdf0c89faea7-2519f7ee7d9fd3e0
SPEC-001-macos-dynamic	.build/contract-reports/spec-007/latest-macos-dynamic.txt	8af3c97e975f75cd8379250b576975b86bc8fe34-9c9b7b98bfb72db1
SPEC-001-macos-dynamic	.build/contract-reports/spec-007/latest-macos-static.txt	b18da84a0622e2d24bfc1da8ce17fdf0c89faea7-88e8f7d4bd213aaf
SPEC-001-macos-dynamic	.build/contract-reports/spec-007/latest-nrf52840-embedded.txt	b18da84a0622e2d24bfc1da8ce17fdf0c89faea7-88e8f7d4bd213aaf
SPEC-001-macos-dynamic	.build/contract-reports/spec-007/latest-raspberry-pi-armv6.txt	b18da84a0622e2d24bfc1da8ce17fdf0c89faea7-88e8f7d4bd213aaf
SPEC-001-macos-dynamic	.build/contract-reports/spec-008/latest-macos-dynamic.txt	8af3c97e975f75cd8379250b576975b86bc8fe34-8c912bd577cac4a7
SPEC-001-macos-dynamic	.build/contract-reports/spec-008/latest-macos-static.txt	b18da84a0622e2d24bfc1da8ce17fdf0c89faea7-cf3969a84328c135
SPEC-001-macos-dynamic	.build/contract-reports/spec-008/latest-nrf52840-embedded.txt	b18da84a0622e2d24bfc1da8ce17fdf0c89faea7-cf3969a84328c135
SPEC-001-macos-dynamic	.build/contract-reports/spec-008/latest-raspberry-pi-armv6.txt	b18da84a0622e2d24bfc1da8ce17fdf0c89faea7-cf3969a84328c135
SPEC-001-macos-dynamic	.build/contract-reports/spec-009/latest-macos-dynamic.txt	8af3c97e975f75cd8379250b576975b86bc8fe34-54aaea69d783eaaa
SPEC-001-macos-dynamic	.build/contract-reports/spec-009/latest-macos-static.txt	b18da84a0622e2d24bfc1da8ce17fdf0c89faea7-16973c7d29593fdf
SPEC-001-macos-dynamic	.build/contract-reports/spec-009/latest-nrf52840-embedded.txt	b18da84a0622e2d24bfc1da8ce17fdf0c89faea7-16973c7d29593fdf
SPEC-001-macos-dynamic	.build/contract-reports/spec-009/latest-raspberry-pi-armv6.txt	b18da84a0622e2d24bfc1da8ce17fdf0c89faea7-16973c7d29593fdf
SPEC-001-macos-dynamic	.build/contract-reports/spec-010/latest-macos-dynamic.txt	8af3c97e975f75cd8379250b576975b86bc8fe34-f09fa73a6913497f
SPEC-001-macos-dynamic	.build/contract-reports/spec-010/latest-macos-static.txt	b18da84a0622e2d24bfc1da8ce17fdf0c89faea7-195b7e7bafcc2d2b
SPEC-001-macos-dynamic	.build/contract-reports/spec-010/latest-nrf52840-embedded.txt	b18da84a0622e2d24bfc1da8ce17fdf0c89faea7-195b7e7bafcc2d2b
SPEC-001-macos-dynamic	.build/contract-reports/spec-010/latest-raspberry-pi-armv6.txt	b18da84a0622e2d24bfc1da8ce17fdf0c89faea7-195b7e7bafcc2d2b
SPEC-001-macos-dynamic	.build/contract-reports/spec-011/latest-macos-dynamic.txt	b18da84a0622e2d24bfc1da8ce17fdf0c89faea7-5845a50eeb7d2730
SPEC-001-macos-dynamic	.build/contract-reports/spec-011/latest-macos-static.txt	b18da84a0622e2d24bfc1da8ce17fdf0c89faea7-5845a50eeb7d2730
SPEC-001-macos-dynamic	.build/contract-reports/spec-011/latest-nrf52840-embedded.txt	b18da84a0622e2d24bfc1da8ce17fdf0c89faea7-457fc7e1b9000afd
SPEC-001-macos-dynamic	.build/contract-reports/spec-011/latest-raspberry-pi-armv6.txt	b18da84a0622e2d24bfc1da8ce17fdf0c89faea7-457fc7e1b9000afd
SPEC-001-macos-dynamic	.build/contract-reports/spec-012/latest-macos-dynamic.txt	8af3c97e975f75cd8379250b576975b86bc8fe34-fc0aae9586267865
SPEC-001-macos-dynamic	.build/contract-reports/spec-012/latest-macos-static.txt	b18da84a0622e2d24bfc1da8ce17fdf0c89faea7-1c61dbad1d952f9d
SPEC-001-macos-dynamic	.build/contract-reports/spec-012/latest-nrf52840-embedded.txt	b18da84a0622e2d24bfc1da8ce17fdf0c89faea7-1c61dbad1d952f9d
SPEC-001-macos-dynamic	.build/contract-reports/spec-012/latest-raspberry-pi-armv6.txt	b18da84a0622e2d24bfc1da8ce17fdf0c89faea7-1c61dbad1d952f9d
SPEC-001-macos-dynamic	.build/contract-reports/spec-013/latest-macos-dynamic.txt	8af3c97e975f75cd8379250b576975b86bc8fe34-d25973a2ebde9c96
SPEC-001-macos-dynamic	.build/contract-reports/spec-013/latest-macos-static.txt	b18da84a0622e2d24bfc1da8ce17fdf0c89faea7-3011c2f2a2dbab33
SPEC-001-macos-dynamic	.build/contract-reports/spec-013/latest-nrf52840-embedded.txt	b18da84a0622e2d24bfc1da8ce17fdf0c89faea7-3011c2f2a2dbab33
SPEC-001-macos-dynamic	.build/contract-reports/spec-013/latest-raspberry-pi-armv6.txt	b18da84a0622e2d24bfc1da8ce17fdf0c89faea7-3011c2f2a2dbab33
SPEC-001-macos-dynamic	.build/contract-reports/spec-015/latest-macos-dynamic.txt	759cf5945d69313ab3546965eace2ecc08da5ab3-d93a5691c785f107
SPEC-001-macos-dynamic	.build/contract-reports/spec-015/latest-macos-static.txt	b18da84a0622e2d24bfc1da8ce17fdf0c89faea7-5845a50eeb7d2730
SPEC-001-macos-dynamic	.build/contract-reports/spec-015/latest-nrf52840-embedded.txt	b18da84a0622e2d24bfc1da8ce17fdf0c89faea7-457fc7e1b9000afd
SPEC-001-macos-dynamic	.build/contract-reports/spec-015/latest-raspberry-pi-armv6.txt	b18da84a0622e2d24bfc1da8ce17fdf0c89faea7-457fc7e1b9000afd
published	/Users/eugene/work/GiftUI/.build/contract-reports/spec-002/759cf5945d69313ab3546965eace2ecc08da5ab3-d93a5691c785f107/macos-dynamic	759cf5945d69313ab3546965eace2ecc08da5ab3-d93a5691c785f107
SPEC-002-macos-dynamic	.build/contract-reports/spec-001/latest-macos-dynamic.txt	20261004T225647Z-28781
SPEC-002-macos-dynamic	.build/contract-reports/spec-001/latest-macos-static.txt	20261004T141555Z-12014
SPEC-002-macos-dynamic	.build/contract-reports/spec-001/latest-nrf52840-embedded.txt	20261004T144054Z-36978
SPEC-002-macos-dynamic	.build/contract-reports/spec-001/latest-raspberry-pi-armv6.txt	20261004T142310Z-23558
SPEC-002-macos-dynamic	.build/contract-reports/spec-002/latest-macos-dynamic.txt	759cf5945d69313ab3546965eace2ecc08da5ab3-d93a5691c785f107
SPEC-002-macos-dynamic	.build/contract-reports/spec-002/latest-macos-static.txt	b18da84a0622e2d24bfc1da8ce17fdf0c89faea7-5845a50eeb7d2730
SPEC-002-macos-dynamic	.build/contract-reports/spec-002/latest-nrf52840-embedded.txt	b18da84a0622e2d24bfc1da8ce17fdf0c89faea7-457fc7e1b9000afd
SPEC-002-macos-dynamic	.build/contract-reports/spec-002/latest-raspberry-pi-armv6.txt	b18da84a0622e2d24bfc1da8ce17fdf0c89faea7-5845a50eeb7d2730
SPEC-002-macos-dynamic	.build/contract-reports/spec-003/latest-macos-dynamic.txt	8af3c97e975f75cd8379250b576975b86bc8fe34-00fb126af8cc48f9
SPEC-002-macos-dynamic	.build/contract-reports/spec-003/latest-macos-static.txt	b18da84a0622e2d24bfc1da8ce17fdf0c89faea7-5845a50eeb7d2730
SPEC-002-macos-dynamic	.build/contract-reports/spec-003/latest-nrf52840-embedded.txt	b18da84a0622e2d24bfc1da8ce17fdf0c89faea7-457fc7e1b9000afd
SPEC-002-macos-dynamic	.build/contract-reports/spec-003/latest-raspberry-pi-armv6.txt	b18da84a0622e2d24bfc1da8ce17fdf0c89faea7-457fc7e1b9000afd
SPEC-002-macos-dynamic	.build/contract-reports/spec-004/latest-macos-dynamic.txt	8af3c97e975f75cd8379250b576975b86bc8fe34-00fb126af8cc48f9
SPEC-002-macos-dynamic	.build/contract-reports/spec-004/latest-macos-static.txt	b18da84a0622e2d24bfc1da8ce17fdf0c89faea7-5845a50eeb7d2730
SPEC-002-macos-dynamic	.build/contract-reports/spec-004/latest-nrf52840-embedded.txt	b18da84a0622e2d24bfc1da8ce17fdf0c89faea7-457fc7e1b9000afd
SPEC-002-macos-dynamic	.build/contract-reports/spec-004/latest-raspberry-pi-armv6.txt	b18da84a0622e2d24bfc1da8ce17fdf0c89faea7-457fc7e1b9000afd
SPEC-002-macos-dynamic	.build/contract-reports/spec-005/latest-macos-dynamic.txt	8af3c97e975f75cd8379250b576975b86bc8fe34-13497580cfa982fc
SPEC-002-macos-dynamic	.build/contract-reports/spec-005/latest-macos-static.txt	b18da84a0622e2d24bfc1da8ce17fdf0c89faea7-91c75f621f54733c
SPEC-002-macos-dynamic	.build/contract-reports/spec-005/latest-nrf52840-embedded.txt	b18da84a0622e2d24bfc1da8ce17fdf0c89faea7-91c75f621f54733c
SPEC-002-macos-dynamic	.build/contract-reports/spec-005/latest-raspberry-pi-armv6.txt	b18da84a0622e2d24bfc1da8ce17fdf0c89faea7-91c75f621f54733c
SPEC-002-macos-dynamic	.build/contract-reports/spec-006/latest-macos-dynamic.txt	8af3c97e975f75cd8379250b576975b86bc8fe34-e4e48e37d8c767c7
SPEC-002-macos-dynamic	.build/contract-reports/spec-006/latest-macos-static.txt	b18da84a0622e2d24bfc1da8ce17fdf0c89faea7-2519f7ee7d9fd3e0
SPEC-002-macos-dynamic	.build/contract-reports/spec-006/latest-nrf52840-embedded.txt	b18da84a0622e2d24bfc1da8ce17fdf0c89faea7-2519f7ee7d9fd3e0
SPEC-002-macos-dynamic	.build/contract-reports/spec-006/latest-raspberry-pi-armv6.txt	b18da84a0622e2d24bfc1da8ce17fdf0c89faea7-2519f7ee7d9fd3e0
SPEC-002-macos-dynamic	.build/contract-reports/spec-007/latest-macos-dynamic.txt	8af3c97e975f75cd8379250b576975b86bc8fe34-9c9b7b98bfb72db1
SPEC-002-macos-dynamic	.build/contract-reports/spec-007/latest-macos-static.txt	b18da84a0622e2d24bfc1da8ce17fdf0c89faea7-88e8f7d4bd213aaf
SPEC-002-macos-dynamic	.build/contract-reports/spec-007/latest-nrf52840-embedded.txt	b18da84a0622e2d24bfc1da8ce17fdf0c89faea7-88e8f7d4bd213aaf
SPEC-002-macos-dynamic	.build/contract-reports/spec-007/latest-raspberry-pi-armv6.txt	b18da84a0622e2d24bfc1da8ce17fdf0c89faea7-88e8f7d4bd213aaf
SPEC-002-macos-dynamic	.build/contract-reports/spec-008/latest-macos-dynamic.txt	8af3c97e975f75cd8379250b576975b86bc8fe34-8c912bd577cac4a7
SPEC-002-macos-dynamic	.build/contract-reports/spec-008/latest-macos-static.txt	b18da84a0622e2d24bfc1da8ce17fdf0c89faea7-cf3969a84328c135
SPEC-002-macos-dynamic	.build/contract-reports/spec-008/latest-nrf52840-embedded.txt	b18da84a0622e2d24bfc1da8ce17fdf0c89faea7-cf3969a84328c135
SPEC-002-macos-dynamic	.build/contract-reports/spec-008/latest-raspberry-pi-armv6.txt	b18da84a0622e2d24bfc1da8ce17fdf0c89faea7-cf3969a84328c135
SPEC-002-macos-dynamic	.build/contract-reports/spec-009/latest-macos-dynamic.txt	8af3c97e975f75cd8379250b576975b86bc8fe34-54aaea69d783eaaa
SPEC-002-macos-dynamic	.build/contract-reports/spec-009/latest-macos-static.txt	b18da84a0622e2d24bfc1da8ce17fdf0c89faea7-16973c7d29593fdf
SPEC-002-macos-dynamic	.build/contract-reports/spec-009/latest-nrf52840-embedded.txt	b18da84a0622e2d24bfc1da8ce17fdf0c89faea7-16973c7d29593fdf
SPEC-002-macos-dynamic	.build/contract-reports/spec-009/latest-raspberry-pi-armv6.txt	b18da84a0622e2d24bfc1da8ce17fdf0c89faea7-16973c7d29593fdf
SPEC-002-macos-dynamic	.build/contract-reports/spec-010/latest-macos-dynamic.txt	8af3c97e975f75cd8379250b576975b86bc8fe34-f09fa73a6913497f
SPEC-002-macos-dynamic	.build/contract-reports/spec-010/latest-macos-static.txt	b18da84a0622e2d24bfc1da8ce17fdf0c89faea7-195b7e7bafcc2d2b
SPEC-002-macos-dynamic	.build/contract-reports/spec-010/latest-nrf52840-embedded.txt	b18da84a0622e2d24bfc1da8ce17fdf0c89faea7-195b7e7bafcc2d2b
SPEC-002-macos-dynamic	.build/contract-reports/spec-010/latest-raspberry-pi-armv6.txt	b18da84a0622e2d24bfc1da8ce17fdf0c89faea7-195b7e7bafcc2d2b
SPEC-002-macos-dynamic	.build/contract-reports/spec-011/latest-macos-dynamic.txt	b18da84a0622e2d24bfc1da8ce17fdf0c89faea7-5845a50eeb7d2730
SPEC-002-macos-dynamic	.build/contract-reports/spec-011/latest-macos-static.txt	b18da84a0622e2d24bfc1da8ce17fdf0c89faea7-5845a50eeb7d2730
SPEC-002-macos-dynamic	.build/contract-reports/spec-011/latest-nrf52840-embedded.txt	b18da84a0622e2d24bfc1da8ce17fdf0c89faea7-457fc7e1b9000afd
SPEC-002-macos-dynamic	.build/contract-reports/spec-011/latest-raspberry-pi-armv6.txt	b18da84a0622e2d24bfc1da8ce17fdf0c89faea7-457fc7e1b9000afd
SPEC-002-macos-dynamic	.build/contract-reports/spec-012/latest-macos-dynamic.txt	8af3c97e975f75cd8379250b576975b86bc8fe34-fc0aae9586267865
SPEC-002-macos-dynamic	.build/contract-reports/spec-012/latest-macos-static.txt	b18da84a0622e2d24bfc1da8ce17fdf0c89faea7-1c61dbad1d952f9d
SPEC-002-macos-dynamic	.build/contract-reports/spec-012/latest-nrf52840-embedded.txt	b18da84a0622e2d24bfc1da8ce17fdf0c89faea7-1c61dbad1d952f9d
SPEC-002-macos-dynamic	.build/contract-reports/spec-012/latest-raspberry-pi-armv6.txt	b18da84a0622e2d24bfc1da8ce17fdf0c89faea7-1c61dbad1d952f9d
SPEC-002-macos-dynamic	.build/contract-reports/spec-013/latest-macos-dynamic.txt	8af3c97e975f75cd8379250b576975b86bc8fe34-d25973a2ebde9c96
SPEC-002-macos-dynamic	.build/contract-reports/spec-013/latest-macos-static.txt	b18da84a0622e2d24bfc1da8ce17fdf0c89faea7-3011c2f2a2dbab33
SPEC-002-macos-dynamic	.build/contract-reports/spec-013/latest-nrf52840-embedded.txt	b18da84a0622e2d24bfc1da8ce17fdf0c89faea7-3011c2f2a2dbab33
SPEC-002-macos-dynamic	.build/contract-reports/spec-013/latest-raspberry-pi-armv6.txt	b18da84a0622e2d24bfc1da8ce17fdf0c89faea7-3011c2f2a2dbab33
SPEC-002-macos-dynamic	.build/contract-reports/spec-015/latest-macos-dynamic.txt	759cf5945d69313ab3546965eace2ecc08da5ab3-d93a5691c785f107
SPEC-002-macos-dynamic	.build/contract-reports/spec-015/latest-macos-static.txt	b18da84a0622e2d24bfc1da8ce17fdf0c89faea7-5845a50eeb7d2730
SPEC-002-macos-dynamic	.build/contract-reports/spec-015/latest-nrf52840-embedded.txt	b18da84a0622e2d24bfc1da8ce17fdf0c89faea7-457fc7e1b9000afd
SPEC-002-macos-dynamic	.build/contract-reports/spec-015/latest-raspberry-pi-armv6.txt	b18da84a0622e2d24bfc1da8ce17fdf0c89faea7-457fc7e1b9000afd
published	/Users/eugene/work/GiftUI/.build/contract-reports/spec-003/759cf5945d69313ab3546965eace2ecc08da5ab3-d93a5691c785f107/macos-dynamic	759cf5945d69313ab3546965eace2ecc08da5ab3-d93a5691c785f107
SPEC-003-macos-dynamic	.build/contract-reports/spec-001/latest-macos-dynamic.txt	20261004T225647Z-28781
SPEC-003-macos-dynamic	.build/contract-reports/spec-001/latest-macos-static.txt	20261004T141555Z-12014
SPEC-003-macos-dynamic	.build/contract-reports/spec-001/latest-nrf52840-embedded.txt	20261004T144054Z-36978
SPEC-003-macos-dynamic	.build/contract-reports/spec-001/latest-raspberry-pi-armv6.txt	20261004T142310Z-23558
SPEC-003-macos-dynamic	.build/contract-reports/spec-002/latest-macos-dynamic.txt	759cf5945d69313ab3546965eace2ecc08da5ab3-d93a5691c785f107
SPEC-003-macos-dynamic	.build/contract-reports/spec-002/latest-macos-static.txt	b18da84a0622e2d24bfc1da8ce17fdf0c89faea7-5845a50eeb7d2730
SPEC-003-macos-dynamic	.build/contract-reports/spec-002/latest-nrf52840-embedded.txt	b18da84a0622e2d24bfc1da8ce17fdf0c89faea7-457fc7e1b9000afd
SPEC-003-macos-dynamic	.build/contract-reports/spec-002/latest-raspberry-pi-armv6.txt	b18da84a0622e2d24bfc1da8ce17fdf0c89faea7-5845a50eeb7d2730
SPEC-003-macos-dynamic	.build/contract-reports/spec-003/latest-macos-dynamic.txt	759cf5945d69313ab3546965eace2ecc08da5ab3-d93a5691c785f107
SPEC-003-macos-dynamic	.build/contract-reports/spec-003/latest-macos-static.txt	b18da84a0622e2d24bfc1da8ce17fdf0c89faea7-5845a50eeb7d2730
SPEC-003-macos-dynamic	.build/contract-reports/spec-003/latest-nrf52840-embedded.txt	b18da84a0622e2d24bfc1da8ce17fdf0c89faea7-457fc7e1b9000afd
SPEC-003-macos-dynamic	.build/contract-reports/spec-003/latest-raspberry-pi-armv6.txt	b18da84a0622e2d24bfc1da8ce17fdf0c89faea7-457fc7e1b9000afd
SPEC-003-macos-dynamic	.build/contract-reports/spec-004/latest-macos-dynamic.txt	8af3c97e975f75cd8379250b576975b86bc8fe34-00fb126af8cc48f9
SPEC-003-macos-dynamic	.build/contract-reports/spec-004/latest-macos-static.txt	b18da84a0622e2d24bfc1da8ce17fdf0c89faea7-5845a50eeb7d2730
SPEC-003-macos-dynamic	.build/contract-reports/spec-004/latest-nrf52840-embedded.txt	b18da84a0622e2d24bfc1da8ce17fdf0c89faea7-457fc7e1b9000afd
SPEC-003-macos-dynamic	.build/contract-reports/spec-004/latest-raspberry-pi-armv6.txt	b18da84a0622e2d24bfc1da8ce17fdf0c89faea7-457fc7e1b9000afd
SPEC-003-macos-dynamic	.build/contract-reports/spec-005/latest-macos-dynamic.txt	8af3c97e975f75cd8379250b576975b86bc8fe34-13497580cfa982fc
SPEC-003-macos-dynamic	.build/contract-reports/spec-005/latest-macos-static.txt	b18da84a0622e2d24bfc1da8ce17fdf0c89faea7-91c75f621f54733c
SPEC-003-macos-dynamic	.build/contract-reports/spec-005/latest-nrf52840-embedded.txt	b18da84a0622e2d24bfc1da8ce17fdf0c89faea7-91c75f621f54733c
SPEC-003-macos-dynamic	.build/contract-reports/spec-005/latest-raspberry-pi-armv6.txt	b18da84a0622e2d24bfc1da8ce17fdf0c89faea7-91c75f621f54733c
SPEC-003-macos-dynamic	.build/contract-reports/spec-006/latest-macos-dynamic.txt	8af3c97e975f75cd8379250b576975b86bc8fe34-e4e48e37d8c767c7
SPEC-003-macos-dynamic	.build/contract-reports/spec-006/latest-macos-static.txt	b18da84a0622e2d24bfc1da8ce17fdf0c89faea7-2519f7ee7d9fd3e0
SPEC-003-macos-dynamic	.build/contract-reports/spec-006/latest-nrf52840-embedded.txt	b18da84a0622e2d24bfc1da8ce17fdf0c89faea7-2519f7ee7d9fd3e0
SPEC-003-macos-dynamic	.build/contract-reports/spec-006/latest-raspberry-pi-armv6.txt	b18da84a0622e2d24bfc1da8ce17fdf0c89faea7-2519f7ee7d9fd3e0
SPEC-003-macos-dynamic	.build/contract-reports/spec-007/latest-macos-dynamic.txt	8af3c97e975f75cd8379250b576975b86bc8fe34-9c9b7b98bfb72db1
SPEC-003-macos-dynamic	.build/contract-reports/spec-007/latest-macos-static.txt	b18da84a0622e2d24bfc1da8ce17fdf0c89faea7-88e8f7d4bd213aaf
SPEC-003-macos-dynamic	.build/contract-reports/spec-007/latest-nrf52840-embedded.txt	b18da84a0622e2d24bfc1da8ce17fdf0c89faea7-88e8f7d4bd213aaf
SPEC-003-macos-dynamic	.build/contract-reports/spec-007/latest-raspberry-pi-armv6.txt	b18da84a0622e2d24bfc1da8ce17fdf0c89faea7-88e8f7d4bd213aaf
SPEC-003-macos-dynamic	.build/contract-reports/spec-008/latest-macos-dynamic.txt	8af3c97e975f75cd8379250b576975b86bc8fe34-8c912bd577cac4a7
SPEC-003-macos-dynamic	.build/contract-reports/spec-008/latest-macos-static.txt	b18da84a0622e2d24bfc1da8ce17fdf0c89faea7-cf3969a84328c135
SPEC-003-macos-dynamic	.build/contract-reports/spec-008/latest-nrf52840-embedded.txt	b18da84a0622e2d24bfc1da8ce17fdf0c89faea7-cf3969a84328c135
SPEC-003-macos-dynamic	.build/contract-reports/spec-008/latest-raspberry-pi-armv6.txt	b18da84a0622e2d24bfc1da8ce17fdf0c89faea7-cf3969a84328c135
SPEC-003-macos-dynamic	.build/contract-reports/spec-009/latest-macos-dynamic.txt	8af3c97e975f75cd8379250b576975b86bc8fe34-54aaea69d783eaaa
SPEC-003-macos-dynamic	.build/contract-reports/spec-009/latest-macos-static.txt	b18da84a0622e2d24bfc1da8ce17fdf0c89faea7-16973c7d29593fdf
SPEC-003-macos-dynamic	.build/contract-reports/spec-009/latest-nrf52840-embedded.txt	b18da84a0622e2d24bfc1da8ce17fdf0c89faea7-16973c7d29593fdf
SPEC-003-macos-dynamic	.build/contract-reports/spec-009/latest-raspberry-pi-armv6.txt	b18da84a0622e2d24bfc1da8ce17fdf0c89faea7-16973c7d29593fdf
SPEC-003-macos-dynamic	.build/contract-reports/spec-010/latest-macos-dynamic.txt	8af3c97e975f75cd8379250b576975b86bc8fe34-f09fa73a6913497f
SPEC-003-macos-dynamic	.build/contract-reports/spec-010/latest-macos-static.txt	b18da84a0622e2d24bfc1da8ce17fdf0c89faea7-195b7e7bafcc2d2b
SPEC-003-macos-dynamic	.build/contract-reports/spec-010/latest-nrf52840-embedded.txt	b18da84a0622e2d24bfc1da8ce17fdf0c89faea7-195b7e7bafcc2d2b
SPEC-003-macos-dynamic	.build/contract-reports/spec-010/latest-raspberry-pi-armv6.txt	b18da84a0622e2d24bfc1da8ce17fdf0c89faea7-195b7e7bafcc2d2b
SPEC-003-macos-dynamic	.build/contract-reports/spec-011/latest-macos-dynamic.txt	b18da84a0622e2d24bfc1da8ce17fdf0c89faea7-5845a50eeb7d2730
SPEC-003-macos-dynamic	.build/contract-reports/spec-011/latest-macos-static.txt	b18da84a0622e2d24bfc1da8ce17fdf0c89faea7-5845a50eeb7d2730
SPEC-003-macos-dynamic	.build/contract-reports/spec-011/latest-nrf52840-embedded.txt	b18da84a0622e2d24bfc1da8ce17fdf0c89faea7-457fc7e1b9000afd
SPEC-003-macos-dynamic	.build/contract-reports/spec-011/latest-raspberry-pi-armv6.txt	b18da84a0622e2d24bfc1da8ce17fdf0c89faea7-457fc7e1b9000afd
SPEC-003-macos-dynamic	.build/contract-reports/spec-012/latest-macos-dynamic.txt	8af3c97e975f75cd8379250b576975b86bc8fe34-fc0aae9586267865
SPEC-003-macos-dynamic	.build/contract-reports/spec-012/latest-macos-static.txt	b18da84a0622e2d24bfc1da8ce17fdf0c89faea7-1c61dbad1d952f9d
SPEC-003-macos-dynamic	.build/contract-reports/spec-012/latest-nrf52840-embedded.txt	b18da84a0622e2d24bfc1da8ce17fdf0c89faea7-1c61dbad1d952f9d
SPEC-003-macos-dynamic	.build/contract-reports/spec-012/latest-raspberry-pi-armv6.txt	b18da84a0622e2d24bfc1da8ce17fdf0c89faea7-1c61dbad1d952f9d
SPEC-003-macos-dynamic	.build/contract-reports/spec-013/latest-macos-dynamic.txt	8af3c97e975f75cd8379250b576975b86bc8fe34-d25973a2ebde9c96
SPEC-003-macos-dynamic	.build/contract-reports/spec-013/latest-macos-static.txt	b18da84a0622e2d24bfc1da8ce17fdf0c89faea7-3011c2f2a2dbab33
SPEC-003-macos-dynamic	.build/contract-reports/spec-013/latest-nrf52840-embedded.txt	b18da84a0622e2d24bfc1da8ce17fdf0c89faea7-3011c2f2a2dbab33
SPEC-003-macos-dynamic	.build/contract-reports/spec-013/latest-raspberry-pi-armv6.txt	b18da84a0622e2d24bfc1da8ce17fdf0c89faea7-3011c2f2a2dbab33
SPEC-003-macos-dynamic	.build/contract-reports/spec-015/latest-macos-dynamic.txt	759cf5945d69313ab3546965eace2ecc08da5ab3-d93a5691c785f107
SPEC-003-macos-dynamic	.build/contract-reports/spec-015/latest-macos-static.txt	b18da84a0622e2d24bfc1da8ce17fdf0c89faea7-5845a50eeb7d2730
SPEC-003-macos-dynamic	.build/contract-reports/spec-015/latest-nrf52840-embedded.txt	b18da84a0622e2d24bfc1da8ce17fdf0c89faea7-457fc7e1b9000afd
SPEC-003-macos-dynamic	.build/contract-reports/spec-015/latest-raspberry-pi-armv6.txt	b18da84a0622e2d24bfc1da8ce17fdf0c89faea7-457fc7e1b9000afd
published	/Users/eugene/work/GiftUI/.build/contract-reports/spec-004/759cf5945d69313ab3546965eace2ecc08da5ab3-d93a5691c785f107/macos-dynamic	759cf5945d69313ab3546965eace2ecc08da5ab3-d93a5691c785f107
SPEC-004-macos-dynamic	.build/contract-reports/spec-001/latest-macos-dynamic.txt	20261004T225647Z-28781
SPEC-004-macos-dynamic	.build/contract-reports/spec-001/latest-macos-static.txt	20261004T141555Z-12014
SPEC-004-macos-dynamic	.build/contract-reports/spec-001/latest-nrf52840-embedded.txt	20261004T144054Z-36978
SPEC-004-macos-dynamic	.build/contract-reports/spec-001/latest-raspberry-pi-armv6.txt	20261004T142310Z-23558
SPEC-004-macos-dynamic	.build/contract-reports/spec-002/latest-macos-dynamic.txt	759cf5945d69313ab3546965eace2ecc08da5ab3-d93a5691c785f107
SPEC-004-macos-dynamic	.build/contract-reports/spec-002/latest-macos-static.txt	b18da84a0622e2d24bfc1da8ce17fdf0c89faea7-5845a50eeb7d2730
SPEC-004-macos-dynamic	.build/contract-reports/spec-002/latest-nrf52840-embedded.txt	b18da84a0622e2d24bfc1da8ce17fdf0c89faea7-457fc7e1b9000afd
SPEC-004-macos-dynamic	.build/contract-reports/spec-002/latest-raspberry-pi-armv6.txt	b18da84a0622e2d24bfc1da8ce17fdf0c89faea7-5845a50eeb7d2730
SPEC-004-macos-dynamic	.build/contract-reports/spec-003/latest-macos-dynamic.txt	759cf5945d69313ab3546965eace2ecc08da5ab3-d93a5691c785f107
SPEC-004-macos-dynamic	.build/contract-reports/spec-003/latest-macos-static.txt	b18da84a0622e2d24bfc1da8ce17fdf0c89faea7-5845a50eeb7d2730
SPEC-004-macos-dynamic	.build/contract-reports/spec-003/latest-nrf52840-embedded.txt	b18da84a0622e2d24bfc1da8ce17fdf0c89faea7-457fc7e1b9000afd
SPEC-004-macos-dynamic	.build/contract-reports/spec-003/latest-raspberry-pi-armv6.txt	b18da84a0622e2d24bfc1da8ce17fdf0c89faea7-457fc7e1b9000afd
SPEC-004-macos-dynamic	.build/contract-reports/spec-004/latest-macos-dynamic.txt	759cf5945d69313ab3546965eace2ecc08da5ab3-d93a5691c785f107
SPEC-004-macos-dynamic	.build/contract-reports/spec-004/latest-macos-static.txt	b18da84a0622e2d24bfc1da8ce17fdf0c89faea7-5845a50eeb7d2730
SPEC-004-macos-dynamic	.build/contract-reports/spec-004/latest-nrf52840-embedded.txt	b18da84a0622e2d24bfc1da8ce17fdf0c89faea7-457fc7e1b9000afd
SPEC-004-macos-dynamic	.build/contract-reports/spec-004/latest-raspberry-pi-armv6.txt	b18da84a0622e2d24bfc1da8ce17fdf0c89faea7-457fc7e1b9000afd
SPEC-004-macos-dynamic	.build/contract-reports/spec-005/latest-macos-dynamic.txt	8af3c97e975f75cd8379250b576975b86bc8fe34-13497580cfa982fc
SPEC-004-macos-dynamic	.build/contract-reports/spec-005/latest-macos-static.txt	b18da84a0622e2d24bfc1da8ce17fdf0c89faea7-91c75f621f54733c
SPEC-004-macos-dynamic	.build/contract-reports/spec-005/latest-nrf52840-embedded.txt	b18da84a0622e2d24bfc1da8ce17fdf0c89faea7-91c75f621f54733c
SPEC-004-macos-dynamic	.build/contract-reports/spec-005/latest-raspberry-pi-armv6.txt	b18da84a0622e2d24bfc1da8ce17fdf0c89faea7-91c75f621f54733c
SPEC-004-macos-dynamic	.build/contract-reports/spec-006/latest-macos-dynamic.txt	8af3c97e975f75cd8379250b576975b86bc8fe34-e4e48e37d8c767c7
SPEC-004-macos-dynamic	.build/contract-reports/spec-006/latest-macos-static.txt	b18da84a0622e2d24bfc1da8ce17fdf0c89faea7-2519f7ee7d9fd3e0
SPEC-004-macos-dynamic	.build/contract-reports/spec-006/latest-nrf52840-embedded.txt	b18da84a0622e2d24bfc1da8ce17fdf0c89faea7-2519f7ee7d9fd3e0
SPEC-004-macos-dynamic	.build/contract-reports/spec-006/latest-raspberry-pi-armv6.txt	b18da84a0622e2d24bfc1da8ce17fdf0c89faea7-2519f7ee7d9fd3e0
SPEC-004-macos-dynamic	.build/contract-reports/spec-007/latest-macos-dynamic.txt	8af3c97e975f75cd8379250b576975b86bc8fe34-9c9b7b98bfb72db1
SPEC-004-macos-dynamic	.build/contract-reports/spec-007/latest-macos-static.txt	b18da84a0622e2d24bfc1da8ce17fdf0c89faea7-88e8f7d4bd213aaf
SPEC-004-macos-dynamic	.build/contract-reports/spec-007/latest-nrf52840-embedded.txt	b18da84a0622e2d24bfc1da8ce17fdf0c89faea7-88e8f7d4bd213aaf
SPEC-004-macos-dynamic	.build/contract-reports/spec-007/latest-raspberry-pi-armv6.txt	b18da84a0622e2d24bfc1da8ce17fdf0c89faea7-88e8f7d4bd213aaf
SPEC-004-macos-dynamic	.build/contract-reports/spec-008/latest-macos-dynamic.txt	8af3c97e975f75cd8379250b576975b86bc8fe34-8c912bd577cac4a7
SPEC-004-macos-dynamic	.build/contract-reports/spec-008/latest-macos-static.txt	b18da84a0622e2d24bfc1da8ce17fdf0c89faea7-cf3969a84328c135
SPEC-004-macos-dynamic	.build/contract-reports/spec-008/latest-nrf52840-embedded.txt	b18da84a0622e2d24bfc1da8ce17fdf0c89faea7-cf3969a84328c135
SPEC-004-macos-dynamic	.build/contract-reports/spec-008/latest-raspberry-pi-armv6.txt	b18da84a0622e2d24bfc1da8ce17fdf0c89faea7-cf3969a84328c135
SPEC-004-macos-dynamic	.build/contract-reports/spec-009/latest-macos-dynamic.txt	8af3c97e975f75cd8379250b576975b86bc8fe34-54aaea69d783eaaa
SPEC-004-macos-dynamic	.build/contract-reports/spec-009/latest-macos-static.txt	b18da84a0622e2d24bfc1da8ce17fdf0c89faea7-16973c7d29593fdf
SPEC-004-macos-dynamic	.build/contract-reports/spec-009/latest-nrf52840-embedded.txt	b18da84a0622e2d24bfc1da8ce17fdf0c89faea7-16973c7d29593fdf
SPEC-004-macos-dynamic	.build/contract-reports/spec-009/latest-raspberry-pi-armv6.txt	b18da84a0622e2d24bfc1da8ce17fdf0c89faea7-16973c7d29593fdf
SPEC-004-macos-dynamic	.build/contract-reports/spec-010/latest-macos-dynamic.txt	8af3c97e975f75cd8379250b576975b86bc8fe34-f09fa73a6913497f
SPEC-004-macos-dynamic	.build/contract-reports/spec-010/latest-macos-static.txt	b18da84a0622e2d24bfc1da8ce17fdf0c89faea7-195b7e7bafcc2d2b
SPEC-004-macos-dynamic	.build/contract-reports/spec-010/latest-nrf52840-embedded.txt	b18da84a0622e2d24bfc1da8ce17fdf0c89faea7-195b7e7bafcc2d2b
SPEC-004-macos-dynamic	.build/contract-reports/spec-010/latest-raspberry-pi-armv6.txt	b18da84a0622e2d24bfc1da8ce17fdf0c89faea7-195b7e7bafcc2d2b
SPEC-004-macos-dynamic	.build/contract-reports/spec-011/latest-macos-dynamic.txt	b18da84a0622e2d24bfc1da8ce17fdf0c89faea7-5845a50eeb7d2730
SPEC-004-macos-dynamic	.build/contract-reports/spec-011/latest-macos-static.txt	b18da84a0622e2d24bfc1da8ce17fdf0c89faea7-5845a50eeb7d2730
SPEC-004-macos-dynamic	.build/contract-reports/spec-011/latest-nrf52840-embedded.txt	b18da84a0622e2d24bfc1da8ce17fdf0c89faea7-457fc7e1b9000afd
SPEC-004-macos-dynamic	.build/contract-reports/spec-011/latest-raspberry-pi-armv6.txt	b18da84a0622e2d24bfc1da8ce17fdf0c89faea7-457fc7e1b9000afd
SPEC-004-macos-dynamic	.build/contract-reports/spec-012/latest-macos-dynamic.txt	8af3c97e975f75cd8379250b576975b86bc8fe34-fc0aae9586267865
SPEC-004-macos-dynamic	.build/contract-reports/spec-012/latest-macos-static.txt	b18da84a0622e2d24bfc1da8ce17fdf0c89faea7-1c61dbad1d952f9d
SPEC-004-macos-dynamic	.build/contract-reports/spec-012/latest-nrf52840-embedded.txt	b18da84a0622e2d24bfc1da8ce17fdf0c89faea7-1c61dbad1d952f9d
SPEC-004-macos-dynamic	.build/contract-reports/spec-012/latest-raspberry-pi-armv6.txt	b18da84a0622e2d24bfc1da8ce17fdf0c89faea7-1c61dbad1d952f9d
SPEC-004-macos-dynamic	.build/contract-reports/spec-013/latest-macos-dynamic.txt	8af3c97e975f75cd8379250b576975b86bc8fe34-d25973a2ebde9c96
SPEC-004-macos-dynamic	.build/contract-reports/spec-013/latest-macos-static.txt	b18da84a0622e2d24bfc1da8ce17fdf0c89faea7-3011c2f2a2dbab33
SPEC-004-macos-dynamic	.build/contract-reports/spec-013/latest-nrf52840-embedded.txt	b18da84a0622e2d24bfc1da8ce17fdf0c89faea7-3011c2f2a2dbab33
SPEC-004-macos-dynamic	.build/contract-reports/spec-013/latest-raspberry-pi-armv6.txt	b18da84a0622e2d24bfc1da8ce17fdf0c89faea7-3011c2f2a2dbab33
SPEC-004-macos-dynamic	.build/contract-reports/spec-015/latest-macos-dynamic.txt	759cf5945d69313ab3546965eace2ecc08da5ab3-d93a5691c785f107
SPEC-004-macos-dynamic	.build/contract-reports/spec-015/latest-macos-static.txt	b18da84a0622e2d24bfc1da8ce17fdf0c89faea7-5845a50eeb7d2730
SPEC-004-macos-dynamic	.build/contract-reports/spec-015/latest-nrf52840-embedded.txt	b18da84a0622e2d24bfc1da8ce17fdf0c89faea7-457fc7e1b9000afd
SPEC-004-macos-dynamic	.build/contract-reports/spec-015/latest-raspberry-pi-armv6.txt	b18da84a0622e2d24bfc1da8ce17fdf0c89faea7-457fc7e1b9000afd
published	/Users/eugene/work/GiftUI/.build/contract-reports/spec-005/759cf5945d69313ab3546965eace2ecc08da5ab3-13497580cfa982fc/macos-dynamic	759cf5945d69313ab3546965eace2ecc08da5ab3-13497580cfa982fc
SPEC-005-macos-dynamic	.build/contract-reports/spec-001/latest-macos-dynamic.txt	20261004T225647Z-28781
SPEC-005-macos-dynamic	.build/contract-reports/spec-001/latest-macos-static.txt	20261004T141555Z-12014
SPEC-005-macos-dynamic	.build/contract-reports/spec-001/latest-nrf52840-embedded.txt	20261004T144054Z-36978
SPEC-005-macos-dynamic	.build/contract-reports/spec-001/latest-raspberry-pi-armv6.txt	20261004T142310Z-23558
SPEC-005-macos-dynamic	.build/contract-reports/spec-002/latest-macos-dynamic.txt	759cf5945d69313ab3546965eace2ecc08da5ab3-d93a5691c785f107
SPEC-005-macos-dynamic	.build/contract-reports/spec-002/latest-macos-static.txt	b18da84a0622e2d24bfc1da8ce17fdf0c89faea7-5845a50eeb7d2730
SPEC-005-macos-dynamic	.build/contract-reports/spec-002/latest-nrf52840-embedded.txt	b18da84a0622e2d24bfc1da8ce17fdf0c89faea7-457fc7e1b9000afd
SPEC-005-macos-dynamic	.build/contract-reports/spec-002/latest-raspberry-pi-armv6.txt	b18da84a0622e2d24bfc1da8ce17fdf0c89faea7-5845a50eeb7d2730
SPEC-005-macos-dynamic	.build/contract-reports/spec-003/latest-macos-dynamic.txt	759cf5945d69313ab3546965eace2ecc08da5ab3-d93a5691c785f107
SPEC-005-macos-dynamic	.build/contract-reports/spec-003/latest-macos-static.txt	b18da84a0622e2d24bfc1da8ce17fdf0c89faea7-5845a50eeb7d2730
SPEC-005-macos-dynamic	.build/contract-reports/spec-003/latest-nrf52840-embedded.txt	b18da84a0622e2d24bfc1da8ce17fdf0c89faea7-457fc7e1b9000afd
SPEC-005-macos-dynamic	.build/contract-reports/spec-003/latest-raspberry-pi-armv6.txt	b18da84a0622e2d24bfc1da8ce17fdf0c89faea7-457fc7e1b9000afd
SPEC-005-macos-dynamic	.build/contract-reports/spec-004/latest-macos-dynamic.txt	759cf5945d69313ab3546965eace2ecc08da5ab3-d93a5691c785f107
SPEC-005-macos-dynamic	.build/contract-reports/spec-004/latest-macos-static.txt	b18da84a0622e2d24bfc1da8ce17fdf0c89faea7-5845a50eeb7d2730
SPEC-005-macos-dynamic	.build/contract-reports/spec-004/latest-nrf52840-embedded.txt	b18da84a0622e2d24bfc1da8ce17fdf0c89faea7-457fc7e1b9000afd
SPEC-005-macos-dynamic	.build/contract-reports/spec-004/latest-raspberry-pi-armv6.txt	b18da84a0622e2d24bfc1da8ce17fdf0c89faea7-457fc7e1b9000afd
SPEC-005-macos-dynamic	.build/contract-reports/spec-005/latest-macos-dynamic.txt	759cf5945d69313ab3546965eace2ecc08da5ab3-13497580cfa982fc
SPEC-005-macos-dynamic	.build/contract-reports/spec-005/latest-macos-static.txt	b18da84a0622e2d24bfc1da8ce17fdf0c89faea7-91c75f621f54733c
SPEC-005-macos-dynamic	.build/contract-reports/spec-005/latest-nrf52840-embedded.txt	b18da84a0622e2d24bfc1da8ce17fdf0c89faea7-91c75f621f54733c
SPEC-005-macos-dynamic	.build/contract-reports/spec-005/latest-raspberry-pi-armv6.txt	b18da84a0622e2d24bfc1da8ce17fdf0c89faea7-91c75f621f54733c
SPEC-005-macos-dynamic	.build/contract-reports/spec-006/latest-macos-dynamic.txt	8af3c97e975f75cd8379250b576975b86bc8fe34-e4e48e37d8c767c7
SPEC-005-macos-dynamic	.build/contract-reports/spec-006/latest-macos-static.txt	b18da84a0622e2d24bfc1da8ce17fdf0c89faea7-2519f7ee7d9fd3e0
SPEC-005-macos-dynamic	.build/contract-reports/spec-006/latest-nrf52840-embedded.txt	b18da84a0622e2d24bfc1da8ce17fdf0c89faea7-2519f7ee7d9fd3e0
SPEC-005-macos-dynamic	.build/contract-reports/spec-006/latest-raspberry-pi-armv6.txt	b18da84a0622e2d24bfc1da8ce17fdf0c89faea7-2519f7ee7d9fd3e0
SPEC-005-macos-dynamic	.build/contract-reports/spec-007/latest-macos-dynamic.txt	8af3c97e975f75cd8379250b576975b86bc8fe34-9c9b7b98bfb72db1
SPEC-005-macos-dynamic	.build/contract-reports/spec-007/latest-macos-static.txt	b18da84a0622e2d24bfc1da8ce17fdf0c89faea7-88e8f7d4bd213aaf
SPEC-005-macos-dynamic	.build/contract-reports/spec-007/latest-nrf52840-embedded.txt	b18da84a0622e2d24bfc1da8ce17fdf0c89faea7-88e8f7d4bd213aaf
SPEC-005-macos-dynamic	.build/contract-reports/spec-007/latest-raspberry-pi-armv6.txt	b18da84a0622e2d24bfc1da8ce17fdf0c89faea7-88e8f7d4bd213aaf
SPEC-005-macos-dynamic	.build/contract-reports/spec-008/latest-macos-dynamic.txt	8af3c97e975f75cd8379250b576975b86bc8fe34-8c912bd577cac4a7
SPEC-005-macos-dynamic	.build/contract-reports/spec-008/latest-macos-static.txt	b18da84a0622e2d24bfc1da8ce17fdf0c89faea7-cf3969a84328c135
SPEC-005-macos-dynamic	.build/contract-reports/spec-008/latest-nrf52840-embedded.txt	b18da84a0622e2d24bfc1da8ce17fdf0c89faea7-cf3969a84328c135
SPEC-005-macos-dynamic	.build/contract-reports/spec-008/latest-raspberry-pi-armv6.txt	b18da84a0622e2d24bfc1da8ce17fdf0c89faea7-cf3969a84328c135
SPEC-005-macos-dynamic	.build/contract-reports/spec-009/latest-macos-dynamic.txt	8af3c97e975f75cd8379250b576975b86bc8fe34-54aaea69d783eaaa
SPEC-005-macos-dynamic	.build/contract-reports/spec-009/latest-macos-static.txt	b18da84a0622e2d24bfc1da8ce17fdf0c89faea7-16973c7d29593fdf
SPEC-005-macos-dynamic	.build/contract-reports/spec-009/latest-nrf52840-embedded.txt	b18da84a0622e2d24bfc1da8ce17fdf0c89faea7-16973c7d29593fdf
SPEC-005-macos-dynamic	.build/contract-reports/spec-009/latest-raspberry-pi-armv6.txt	b18da84a0622e2d24bfc1da8ce17fdf0c89faea7-16973c7d29593fdf
SPEC-005-macos-dynamic	.build/contract-reports/spec-010/latest-macos-dynamic.txt	8af3c97e975f75cd8379250b576975b86bc8fe34-f09fa73a6913497f
SPEC-005-macos-dynamic	.build/contract-reports/spec-010/latest-macos-static.txt	b18da84a0622e2d24bfc1da8ce17fdf0c89faea7-195b7e7bafcc2d2b
SPEC-005-macos-dynamic	.build/contract-reports/spec-010/latest-nrf52840-embedded.txt	b18da84a0622e2d24bfc1da8ce17fdf0c89faea7-195b7e7bafcc2d2b
SPEC-005-macos-dynamic	.build/contract-reports/spec-010/latest-raspberry-pi-armv6.txt	b18da84a0622e2d24bfc1da8ce17fdf0c89faea7-195b7e7bafcc2d2b
SPEC-005-macos-dynamic	.build/contract-reports/spec-011/latest-macos-dynamic.txt	b18da84a0622e2d24bfc1da8ce17fdf0c89faea7-5845a50eeb7d2730
SPEC-005-macos-dynamic	.build/contract-reports/spec-011/latest-macos-static.txt	b18da84a0622e2d24bfc1da8ce17fdf0c89faea7-5845a50eeb7d2730
SPEC-005-macos-dynamic	.build/contract-reports/spec-011/latest-nrf52840-embedded.txt	b18da84a0622e2d24bfc1da8ce17fdf0c89faea7-457fc7e1b9000afd
SPEC-005-macos-dynamic	.build/contract-reports/spec-011/latest-raspberry-pi-armv6.txt	b18da84a0622e2d24bfc1da8ce17fdf0c89faea7-457fc7e1b9000afd
SPEC-005-macos-dynamic	.build/contract-reports/spec-012/latest-macos-dynamic.txt	8af3c97e975f75cd8379250b576975b86bc8fe34-fc0aae9586267865
SPEC-005-macos-dynamic	.build/contract-reports/spec-012/latest-macos-static.txt	b18da84a0622e2d24bfc1da8ce17fdf0c89faea7-1c61dbad1d952f9d
SPEC-005-macos-dynamic	.build/contract-reports/spec-012/latest-nrf52840-embedded.txt	b18da84a0622e2d24bfc1da8ce17fdf0c89faea7-1c61dbad1d952f9d
SPEC-005-macos-dynamic	.build/contract-reports/spec-012/latest-raspberry-pi-armv6.txt	b18da84a0622e2d24bfc1da8ce17fdf0c89faea7-1c61dbad1d952f9d
SPEC-005-macos-dynamic	.build/contract-reports/spec-013/latest-macos-dynamic.txt	8af3c97e975f75cd8379250b576975b86bc8fe34-d25973a2ebde9c96
SPEC-005-macos-dynamic	.build/contract-reports/spec-013/latest-macos-static.txt	b18da84a0622e2d24bfc1da8ce17fdf0c89faea7-3011c2f2a2dbab33
SPEC-005-macos-dynamic	.build/contract-reports/spec-013/latest-nrf52840-embedded.txt	b18da84a0622e2d24bfc1da8ce17fdf0c89faea7-3011c2f2a2dbab33
SPEC-005-macos-dynamic	.build/contract-reports/spec-013/latest-raspberry-pi-armv6.txt	b18da84a0622e2d24bfc1da8ce17fdf0c89faea7-3011c2f2a2dbab33
SPEC-005-macos-dynamic	.build/contract-reports/spec-015/latest-macos-dynamic.txt	759cf5945d69313ab3546965eace2ecc08da5ab3-d93a5691c785f107
SPEC-005-macos-dynamic	.build/contract-reports/spec-015/latest-macos-static.txt	b18da84a0622e2d24bfc1da8ce17fdf0c89faea7-5845a50eeb7d2730
SPEC-005-macos-dynamic	.build/contract-reports/spec-015/latest-nrf52840-embedded.txt	b18da84a0622e2d24bfc1da8ce17fdf0c89faea7-457fc7e1b9000afd
SPEC-005-macos-dynamic	.build/contract-reports/spec-015/latest-raspberry-pi-armv6.txt	b18da84a0622e2d24bfc1da8ce17fdf0c89faea7-457fc7e1b9000afd
published	/Users/eugene/work/GiftUI/.build/contract-reports/spec-006/759cf5945d69313ab3546965eace2ecc08da5ab3-e4e48e37d8c767c7/macos-dynamic	759cf5945d69313ab3546965eace2ecc08da5ab3-e4e48e37d8c767c7
SPEC-006-macos-dynamic	.build/contract-reports/spec-001/latest-macos-dynamic.txt	20261004T225647Z-28781
SPEC-006-macos-dynamic	.build/contract-reports/spec-001/latest-macos-static.txt	20261004T141555Z-12014
SPEC-006-macos-dynamic	.build/contract-reports/spec-001/latest-nrf52840-embedded.txt	20261004T144054Z-36978
SPEC-006-macos-dynamic	.build/contract-reports/spec-001/latest-raspberry-pi-armv6.txt	20261004T142310Z-23558
SPEC-006-macos-dynamic	.build/contract-reports/spec-002/latest-macos-dynamic.txt	759cf5945d69313ab3546965eace2ecc08da5ab3-d93a5691c785f107
SPEC-006-macos-dynamic	.build/contract-reports/spec-002/latest-macos-static.txt	b18da84a0622e2d24bfc1da8ce17fdf0c89faea7-5845a50eeb7d2730
SPEC-006-macos-dynamic	.build/contract-reports/spec-002/latest-nrf52840-embedded.txt	b18da84a0622e2d24bfc1da8ce17fdf0c89faea7-457fc7e1b9000afd
SPEC-006-macos-dynamic	.build/contract-reports/spec-002/latest-raspberry-pi-armv6.txt	b18da84a0622e2d24bfc1da8ce17fdf0c89faea7-5845a50eeb7d2730
SPEC-006-macos-dynamic	.build/contract-reports/spec-003/latest-macos-dynamic.txt	759cf5945d69313ab3546965eace2ecc08da5ab3-d93a5691c785f107
SPEC-006-macos-dynamic	.build/contract-reports/spec-003/latest-macos-static.txt	b18da84a0622e2d24bfc1da8ce17fdf0c89faea7-5845a50eeb7d2730
SPEC-006-macos-dynamic	.build/contract-reports/spec-003/latest-nrf52840-embedded.txt	b18da84a0622e2d24bfc1da8ce17fdf0c89faea7-457fc7e1b9000afd
SPEC-006-macos-dynamic	.build/contract-reports/spec-003/latest-raspberry-pi-armv6.txt	b18da84a0622e2d24bfc1da8ce17fdf0c89faea7-457fc7e1b9000afd
SPEC-006-macos-dynamic	.build/contract-reports/spec-004/latest-macos-dynamic.txt	759cf5945d69313ab3546965eace2ecc08da5ab3-d93a5691c785f107
SPEC-006-macos-dynamic	.build/contract-reports/spec-004/latest-macos-static.txt	b18da84a0622e2d24bfc1da8ce17fdf0c89faea7-5845a50eeb7d2730
SPEC-006-macos-dynamic	.build/contract-reports/spec-004/latest-nrf52840-embedded.txt	b18da84a0622e2d24bfc1da8ce17fdf0c89faea7-457fc7e1b9000afd
SPEC-006-macos-dynamic	.build/contract-reports/spec-004/latest-raspberry-pi-armv6.txt	b18da84a0622e2d24bfc1da8ce17fdf0c89faea7-457fc7e1b9000afd
SPEC-006-macos-dynamic	.build/contract-reports/spec-005/latest-macos-dynamic.txt	759cf5945d69313ab3546965eace2ecc08da5ab3-13497580cfa982fc
SPEC-006-macos-dynamic	.build/contract-reports/spec-005/latest-macos-static.txt	b18da84a0622e2d24bfc1da8ce17fdf0c89faea7-91c75f621f54733c
SPEC-006-macos-dynamic	.build/contract-reports/spec-005/latest-nrf52840-embedded.txt	b18da84a0622e2d24bfc1da8ce17fdf0c89faea7-91c75f621f54733c
SPEC-006-macos-dynamic	.build/contract-reports/spec-005/latest-raspberry-pi-armv6.txt	b18da84a0622e2d24bfc1da8ce17fdf0c89faea7-91c75f621f54733c
SPEC-006-macos-dynamic	.build/contract-reports/spec-006/latest-macos-dynamic.txt	759cf5945d69313ab3546965eace2ecc08da5ab3-e4e48e37d8c767c7
SPEC-006-macos-dynamic	.build/contract-reports/spec-006/latest-macos-static.txt	b18da84a0622e2d24bfc1da8ce17fdf0c89faea7-2519f7ee7d9fd3e0
SPEC-006-macos-dynamic	.build/contract-reports/spec-006/latest-nrf52840-embedded.txt	b18da84a0622e2d24bfc1da8ce17fdf0c89faea7-2519f7ee7d9fd3e0
SPEC-006-macos-dynamic	.build/contract-reports/spec-006/latest-raspberry-pi-armv6.txt	b18da84a0622e2d24bfc1da8ce17fdf0c89faea7-2519f7ee7d9fd3e0
SPEC-006-macos-dynamic	.build/contract-reports/spec-007/latest-macos-dynamic.txt	8af3c97e975f75cd8379250b576975b86bc8fe34-9c9b7b98bfb72db1
SPEC-006-macos-dynamic	.build/contract-reports/spec-007/latest-macos-static.txt	b18da84a0622e2d24bfc1da8ce17fdf0c89faea7-88e8f7d4bd213aaf
SPEC-006-macos-dynamic	.build/contract-reports/spec-007/latest-nrf52840-embedded.txt	b18da84a0622e2d24bfc1da8ce17fdf0c89faea7-88e8f7d4bd213aaf
SPEC-006-macos-dynamic	.build/contract-reports/spec-007/latest-raspberry-pi-armv6.txt	b18da84a0622e2d24bfc1da8ce17fdf0c89faea7-88e8f7d4bd213aaf
SPEC-006-macos-dynamic	.build/contract-reports/spec-008/latest-macos-dynamic.txt	8af3c97e975f75cd8379250b576975b86bc8fe34-8c912bd577cac4a7
SPEC-006-macos-dynamic	.build/contract-reports/spec-008/latest-macos-static.txt	b18da84a0622e2d24bfc1da8ce17fdf0c89faea7-cf3969a84328c135
SPEC-006-macos-dynamic	.build/contract-reports/spec-008/latest-nrf52840-embedded.txt	b18da84a0622e2d24bfc1da8ce17fdf0c89faea7-cf3969a84328c135
SPEC-006-macos-dynamic	.build/contract-reports/spec-008/latest-raspberry-pi-armv6.txt	b18da84a0622e2d24bfc1da8ce17fdf0c89faea7-cf3969a84328c135
SPEC-006-macos-dynamic	.build/contract-reports/spec-009/latest-macos-dynamic.txt	8af3c97e975f75cd8379250b576975b86bc8fe34-54aaea69d783eaaa
SPEC-006-macos-dynamic	.build/contract-reports/spec-009/latest-macos-static.txt	b18da84a0622e2d24bfc1da8ce17fdf0c89faea7-16973c7d29593fdf
SPEC-006-macos-dynamic	.build/contract-reports/spec-009/latest-nrf52840-embedded.txt	b18da84a0622e2d24bfc1da8ce17fdf0c89faea7-16973c7d29593fdf
SPEC-006-macos-dynamic	.build/contract-reports/spec-009/latest-raspberry-pi-armv6.txt	b18da84a0622e2d24bfc1da8ce17fdf0c89faea7-16973c7d29593fdf
SPEC-006-macos-dynamic	.build/contract-reports/spec-010/latest-macos-dynamic.txt	8af3c97e975f75cd8379250b576975b86bc8fe34-f09fa73a6913497f
SPEC-006-macos-dynamic	.build/contract-reports/spec-010/latest-macos-static.txt	b18da84a0622e2d24bfc1da8ce17fdf0c89faea7-195b7e7bafcc2d2b
SPEC-006-macos-dynamic	.build/contract-reports/spec-010/latest-nrf52840-embedded.txt	b18da84a0622e2d24bfc1da8ce17fdf0c89faea7-195b7e7bafcc2d2b
SPEC-006-macos-dynamic	.build/contract-reports/spec-010/latest-raspberry-pi-armv6.txt	b18da84a0622e2d24bfc1da8ce17fdf0c89faea7-195b7e7bafcc2d2b
SPEC-006-macos-dynamic	.build/contract-reports/spec-011/latest-macos-dynamic.txt	b18da84a0622e2d24bfc1da8ce17fdf0c89faea7-5845a50eeb7d2730
SPEC-006-macos-dynamic	.build/contract-reports/spec-011/latest-macos-static.txt	b18da84a0622e2d24bfc1da8ce17fdf0c89faea7-5845a50eeb7d2730
SPEC-006-macos-dynamic	.build/contract-reports/spec-011/latest-nrf52840-embedded.txt	b18da84a0622e2d24bfc1da8ce17fdf0c89faea7-457fc7e1b9000afd
SPEC-006-macos-dynamic	.build/contract-reports/spec-011/latest-raspberry-pi-armv6.txt	b18da84a0622e2d24bfc1da8ce17fdf0c89faea7-457fc7e1b9000afd
SPEC-006-macos-dynamic	.build/contract-reports/spec-012/latest-macos-dynamic.txt	8af3c97e975f75cd8379250b576975b86bc8fe34-fc0aae9586267865
SPEC-006-macos-dynamic	.build/contract-reports/spec-012/latest-macos-static.txt	b18da84a0622e2d24bfc1da8ce17fdf0c89faea7-1c61dbad1d952f9d
SPEC-006-macos-dynamic	.build/contract-reports/spec-012/latest-nrf52840-embedded.txt	b18da84a0622e2d24bfc1da8ce17fdf0c89faea7-1c61dbad1d952f9d
SPEC-006-macos-dynamic	.build/contract-reports/spec-012/latest-raspberry-pi-armv6.txt	b18da84a0622e2d24bfc1da8ce17fdf0c89faea7-1c61dbad1d952f9d
SPEC-006-macos-dynamic	.build/contract-reports/spec-013/latest-macos-dynamic.txt	8af3c97e975f75cd8379250b576975b86bc8fe34-d25973a2ebde9c96
SPEC-006-macos-dynamic	.build/contract-reports/spec-013/latest-macos-static.txt	b18da84a0622e2d24bfc1da8ce17fdf0c89faea7-3011c2f2a2dbab33
SPEC-006-macos-dynamic	.build/contract-reports/spec-013/latest-nrf52840-embedded.txt	b18da84a0622e2d24bfc1da8ce17fdf0c89faea7-3011c2f2a2dbab33
SPEC-006-macos-dynamic	.build/contract-reports/spec-013/latest-raspberry-pi-armv6.txt	b18da84a0622e2d24bfc1da8ce17fdf0c89faea7-3011c2f2a2dbab33
SPEC-006-macos-dynamic	.build/contract-reports/spec-015/latest-macos-dynamic.txt	759cf5945d69313ab3546965eace2ecc08da5ab3-d93a5691c785f107
SPEC-006-macos-dynamic	.build/contract-reports/spec-015/latest-macos-static.txt	b18da84a0622e2d24bfc1da8ce17fdf0c89faea7-5845a50eeb7d2730
SPEC-006-macos-dynamic	.build/contract-reports/spec-015/latest-nrf52840-embedded.txt	b18da84a0622e2d24bfc1da8ce17fdf0c89faea7-457fc7e1b9000afd
SPEC-006-macos-dynamic	.build/contract-reports/spec-015/latest-raspberry-pi-armv6.txt	b18da84a0622e2d24bfc1da8ce17fdf0c89faea7-457fc7e1b9000afd
published	/Users/eugene/work/GiftUI/.build/contract-reports/spec-007/759cf5945d69313ab3546965eace2ecc08da5ab3-9c9b7b98bfb72db1/macos-dynamic	759cf5945d69313ab3546965eace2ecc08da5ab3-9c9b7b98bfb72db1
SPEC-007-macos-dynamic	.build/contract-reports/spec-001/latest-macos-dynamic.txt	20261004T225647Z-28781
SPEC-007-macos-dynamic	.build/contract-reports/spec-001/latest-macos-static.txt	20261004T141555Z-12014
SPEC-007-macos-dynamic	.build/contract-reports/spec-001/latest-nrf52840-embedded.txt	20261004T144054Z-36978
SPEC-007-macos-dynamic	.build/contract-reports/spec-001/latest-raspberry-pi-armv6.txt	20261004T142310Z-23558
SPEC-007-macos-dynamic	.build/contract-reports/spec-002/latest-macos-dynamic.txt	759cf5945d69313ab3546965eace2ecc08da5ab3-d93a5691c785f107
SPEC-007-macos-dynamic	.build/contract-reports/spec-002/latest-macos-static.txt	b18da84a0622e2d24bfc1da8ce17fdf0c89faea7-5845a50eeb7d2730
SPEC-007-macos-dynamic	.build/contract-reports/spec-002/latest-nrf52840-embedded.txt	b18da84a0622e2d24bfc1da8ce17fdf0c89faea7-457fc7e1b9000afd
SPEC-007-macos-dynamic	.build/contract-reports/spec-002/latest-raspberry-pi-armv6.txt	b18da84a0622e2d24bfc1da8ce17fdf0c89faea7-5845a50eeb7d2730
SPEC-007-macos-dynamic	.build/contract-reports/spec-003/latest-macos-dynamic.txt	759cf5945d69313ab3546965eace2ecc08da5ab3-d93a5691c785f107
SPEC-007-macos-dynamic	.build/contract-reports/spec-003/latest-macos-static.txt	b18da84a0622e2d24bfc1da8ce17fdf0c89faea7-5845a50eeb7d2730
SPEC-007-macos-dynamic	.build/contract-reports/spec-003/latest-nrf52840-embedded.txt	b18da84a0622e2d24bfc1da8ce17fdf0c89faea7-457fc7e1b9000afd
SPEC-007-macos-dynamic	.build/contract-reports/spec-003/latest-raspberry-pi-armv6.txt	b18da84a0622e2d24bfc1da8ce17fdf0c89faea7-457fc7e1b9000afd
SPEC-007-macos-dynamic	.build/contract-reports/spec-004/latest-macos-dynamic.txt	759cf5945d69313ab3546965eace2ecc08da5ab3-d93a5691c785f107
SPEC-007-macos-dynamic	.build/contract-reports/spec-004/latest-macos-static.txt	b18da84a0622e2d24bfc1da8ce17fdf0c89faea7-5845a50eeb7d2730
SPEC-007-macos-dynamic	.build/contract-reports/spec-004/latest-nrf52840-embedded.txt	b18da84a0622e2d24bfc1da8ce17fdf0c89faea7-457fc7e1b9000afd
SPEC-007-macos-dynamic	.build/contract-reports/spec-004/latest-raspberry-pi-armv6.txt	b18da84a0622e2d24bfc1da8ce17fdf0c89faea7-457fc7e1b9000afd
SPEC-007-macos-dynamic	.build/contract-reports/spec-005/latest-macos-dynamic.txt	759cf5945d69313ab3546965eace2ecc08da5ab3-13497580cfa982fc
SPEC-007-macos-dynamic	.build/contract-reports/spec-005/latest-macos-static.txt	b18da84a0622e2d24bfc1da8ce17fdf0c89faea7-91c75f621f54733c
SPEC-007-macos-dynamic	.build/contract-reports/spec-005/latest-nrf52840-embedded.txt	b18da84a0622e2d24bfc1da8ce17fdf0c89faea7-91c75f621f54733c
SPEC-007-macos-dynamic	.build/contract-reports/spec-005/latest-raspberry-pi-armv6.txt	b18da84a0622e2d24bfc1da8ce17fdf0c89faea7-91c75f621f54733c
SPEC-007-macos-dynamic	.build/contract-reports/spec-006/latest-macos-dynamic.txt	759cf5945d69313ab3546965eace2ecc08da5ab3-e4e48e37d8c767c7
SPEC-007-macos-dynamic	.build/contract-reports/spec-006/latest-macos-static.txt	b18da84a0622e2d24bfc1da8ce17fdf0c89faea7-2519f7ee7d9fd3e0
SPEC-007-macos-dynamic	.build/contract-reports/spec-006/latest-nrf52840-embedded.txt	b18da84a0622e2d24bfc1da8ce17fdf0c89faea7-2519f7ee7d9fd3e0
SPEC-007-macos-dynamic	.build/contract-reports/spec-006/latest-raspberry-pi-armv6.txt	b18da84a0622e2d24bfc1da8ce17fdf0c89faea7-2519f7ee7d9fd3e0
SPEC-007-macos-dynamic	.build/contract-reports/spec-007/latest-macos-dynamic.txt	759cf5945d69313ab3546965eace2ecc08da5ab3-9c9b7b98bfb72db1
SPEC-007-macos-dynamic	.build/contract-reports/spec-007/latest-macos-static.txt	b18da84a0622e2d24bfc1da8ce17fdf0c89faea7-88e8f7d4bd213aaf
SPEC-007-macos-dynamic	.build/contract-reports/spec-007/latest-nrf52840-embedded.txt	b18da84a0622e2d24bfc1da8ce17fdf0c89faea7-88e8f7d4bd213aaf
SPEC-007-macos-dynamic	.build/contract-reports/spec-007/latest-raspberry-pi-armv6.txt	b18da84a0622e2d24bfc1da8ce17fdf0c89faea7-88e8f7d4bd213aaf
SPEC-007-macos-dynamic	.build/contract-reports/spec-008/latest-macos-dynamic.txt	8af3c97e975f75cd8379250b576975b86bc8fe34-8c912bd577cac4a7
SPEC-007-macos-dynamic	.build/contract-reports/spec-008/latest-macos-static.txt	b18da84a0622e2d24bfc1da8ce17fdf0c89faea7-cf3969a84328c135
SPEC-007-macos-dynamic	.build/contract-reports/spec-008/latest-nrf52840-embedded.txt	b18da84a0622e2d24bfc1da8ce17fdf0c89faea7-cf3969a84328c135
SPEC-007-macos-dynamic	.build/contract-reports/spec-008/latest-raspberry-pi-armv6.txt	b18da84a0622e2d24bfc1da8ce17fdf0c89faea7-cf3969a84328c135
SPEC-007-macos-dynamic	.build/contract-reports/spec-009/latest-macos-dynamic.txt	8af3c97e975f75cd8379250b576975b86bc8fe34-54aaea69d783eaaa
SPEC-007-macos-dynamic	.build/contract-reports/spec-009/latest-macos-static.txt	b18da84a0622e2d24bfc1da8ce17fdf0c89faea7-16973c7d29593fdf
SPEC-007-macos-dynamic	.build/contract-reports/spec-009/latest-nrf52840-embedded.txt	b18da84a0622e2d24bfc1da8ce17fdf0c89faea7-16973c7d29593fdf
SPEC-007-macos-dynamic	.build/contract-reports/spec-009/latest-raspberry-pi-armv6.txt	b18da84a0622e2d24bfc1da8ce17fdf0c89faea7-16973c7d29593fdf
SPEC-007-macos-dynamic	.build/contract-reports/spec-010/latest-macos-dynamic.txt	8af3c97e975f75cd8379250b576975b86bc8fe34-f09fa73a6913497f
SPEC-007-macos-dynamic	.build/contract-reports/spec-010/latest-macos-static.txt	b18da84a0622e2d24bfc1da8ce17fdf0c89faea7-195b7e7bafcc2d2b
SPEC-007-macos-dynamic	.build/contract-reports/spec-010/latest-nrf52840-embedded.txt	b18da84a0622e2d24bfc1da8ce17fdf0c89faea7-195b7e7bafcc2d2b
SPEC-007-macos-dynamic	.build/contract-reports/spec-010/latest-raspberry-pi-armv6.txt	b18da84a0622e2d24bfc1da8ce17fdf0c89faea7-195b7e7bafcc2d2b
SPEC-007-macos-dynamic	.build/contract-reports/spec-011/latest-macos-dynamic.txt	b18da84a0622e2d24bfc1da8ce17fdf0c89faea7-5845a50eeb7d2730
SPEC-007-macos-dynamic	.build/contract-reports/spec-011/latest-macos-static.txt	b18da84a0622e2d24bfc1da8ce17fdf0c89faea7-5845a50eeb7d2730
SPEC-007-macos-dynamic	.build/contract-reports/spec-011/latest-nrf52840-embedded.txt	b18da84a0622e2d24bfc1da8ce17fdf0c89faea7-457fc7e1b9000afd
SPEC-007-macos-dynamic	.build/contract-reports/spec-011/latest-raspberry-pi-armv6.txt	b18da84a0622e2d24bfc1da8ce17fdf0c89faea7-457fc7e1b9000afd
SPEC-007-macos-dynamic	.build/contract-reports/spec-012/latest-macos-dynamic.txt	8af3c97e975f75cd8379250b576975b86bc8fe34-fc0aae9586267865
SPEC-007-macos-dynamic	.build/contract-reports/spec-012/latest-macos-static.txt	b18da84a0622e2d24bfc1da8ce17fdf0c89faea7-1c61dbad1d952f9d
SPEC-007-macos-dynamic	.build/contract-reports/spec-012/latest-nrf52840-embedded.txt	b18da84a0622e2d24bfc1da8ce17fdf0c89faea7-1c61dbad1d952f9d
SPEC-007-macos-dynamic	.build/contract-reports/spec-012/latest-raspberry-pi-armv6.txt	b18da84a0622e2d24bfc1da8ce17fdf0c89faea7-1c61dbad1d952f9d
SPEC-007-macos-dynamic	.build/contract-reports/spec-013/latest-macos-dynamic.txt	8af3c97e975f75cd8379250b576975b86bc8fe34-d25973a2ebde9c96
SPEC-007-macos-dynamic	.build/contract-reports/spec-013/latest-macos-static.txt	b18da84a0622e2d24bfc1da8ce17fdf0c89faea7-3011c2f2a2dbab33
SPEC-007-macos-dynamic	.build/contract-reports/spec-013/latest-nrf52840-embedded.txt	b18da84a0622e2d24bfc1da8ce17fdf0c89faea7-3011c2f2a2dbab33
SPEC-007-macos-dynamic	.build/contract-reports/spec-013/latest-raspberry-pi-armv6.txt	b18da84a0622e2d24bfc1da8ce17fdf0c89faea7-3011c2f2a2dbab33
SPEC-007-macos-dynamic	.build/contract-reports/spec-015/latest-macos-dynamic.txt	759cf5945d69313ab3546965eace2ecc08da5ab3-d93a5691c785f107
SPEC-007-macos-dynamic	.build/contract-reports/spec-015/latest-macos-static.txt	b18da84a0622e2d24bfc1da8ce17fdf0c89faea7-5845a50eeb7d2730
SPEC-007-macos-dynamic	.build/contract-reports/spec-015/latest-nrf52840-embedded.txt	b18da84a0622e2d24bfc1da8ce17fdf0c89faea7-457fc7e1b9000afd
SPEC-007-macos-dynamic	.build/contract-reports/spec-015/latest-raspberry-pi-armv6.txt	b18da84a0622e2d24bfc1da8ce17fdf0c89faea7-457fc7e1b9000afd
published	/Users/eugene/work/GiftUI/.build/contract-reports/spec-008/759cf5945d69313ab3546965eace2ecc08da5ab3-8c912bd577cac4a7/macos-dynamic	759cf5945d69313ab3546965eace2ecc08da5ab3-8c912bd577cac4a7
SPEC-008-macos-dynamic	.build/contract-reports/spec-001/latest-macos-dynamic.txt	20261004T225647Z-28781
SPEC-008-macos-dynamic	.build/contract-reports/spec-001/latest-macos-static.txt	20261004T141555Z-12014
SPEC-008-macos-dynamic	.build/contract-reports/spec-001/latest-nrf52840-embedded.txt	20261004T144054Z-36978
SPEC-008-macos-dynamic	.build/contract-reports/spec-001/latest-raspberry-pi-armv6.txt	20261004T142310Z-23558
SPEC-008-macos-dynamic	.build/contract-reports/spec-002/latest-macos-dynamic.txt	759cf5945d69313ab3546965eace2ecc08da5ab3-d93a5691c785f107
SPEC-008-macos-dynamic	.build/contract-reports/spec-002/latest-macos-static.txt	b18da84a0622e2d24bfc1da8ce17fdf0c89faea7-5845a50eeb7d2730
SPEC-008-macos-dynamic	.build/contract-reports/spec-002/latest-nrf52840-embedded.txt	b18da84a0622e2d24bfc1da8ce17fdf0c89faea7-457fc7e1b9000afd
SPEC-008-macos-dynamic	.build/contract-reports/spec-002/latest-raspberry-pi-armv6.txt	b18da84a0622e2d24bfc1da8ce17fdf0c89faea7-5845a50eeb7d2730
SPEC-008-macos-dynamic	.build/contract-reports/spec-003/latest-macos-dynamic.txt	759cf5945d69313ab3546965eace2ecc08da5ab3-d93a5691c785f107
SPEC-008-macos-dynamic	.build/contract-reports/spec-003/latest-macos-static.txt	b18da84a0622e2d24bfc1da8ce17fdf0c89faea7-5845a50eeb7d2730
SPEC-008-macos-dynamic	.build/contract-reports/spec-003/latest-nrf52840-embedded.txt	b18da84a0622e2d24bfc1da8ce17fdf0c89faea7-457fc7e1b9000afd
SPEC-008-macos-dynamic	.build/contract-reports/spec-003/latest-raspberry-pi-armv6.txt	b18da84a0622e2d24bfc1da8ce17fdf0c89faea7-457fc7e1b9000afd
SPEC-008-macos-dynamic	.build/contract-reports/spec-004/latest-macos-dynamic.txt	759cf5945d69313ab3546965eace2ecc08da5ab3-d93a5691c785f107
SPEC-008-macos-dynamic	.build/contract-reports/spec-004/latest-macos-static.txt	b18da84a0622e2d24bfc1da8ce17fdf0c89faea7-5845a50eeb7d2730
SPEC-008-macos-dynamic	.build/contract-reports/spec-004/latest-nrf52840-embedded.txt	b18da84a0622e2d24bfc1da8ce17fdf0c89faea7-457fc7e1b9000afd
SPEC-008-macos-dynamic	.build/contract-reports/spec-004/latest-raspberry-pi-armv6.txt	b18da84a0622e2d24bfc1da8ce17fdf0c89faea7-457fc7e1b9000afd
SPEC-008-macos-dynamic	.build/contract-reports/spec-005/latest-macos-dynamic.txt	759cf5945d69313ab3546965eace2ecc08da5ab3-13497580cfa982fc
SPEC-008-macos-dynamic	.build/contract-reports/spec-005/latest-macos-static.txt	b18da84a0622e2d24bfc1da8ce17fdf0c89faea7-91c75f621f54733c
SPEC-008-macos-dynamic	.build/contract-reports/spec-005/latest-nrf52840-embedded.txt	b18da84a0622e2d24bfc1da8ce17fdf0c89faea7-91c75f621f54733c
SPEC-008-macos-dynamic	.build/contract-reports/spec-005/latest-raspberry-pi-armv6.txt	b18da84a0622e2d24bfc1da8ce17fdf0c89faea7-91c75f621f54733c
SPEC-008-macos-dynamic	.build/contract-reports/spec-006/latest-macos-dynamic.txt	759cf5945d69313ab3546965eace2ecc08da5ab3-e4e48e37d8c767c7
SPEC-008-macos-dynamic	.build/contract-reports/spec-006/latest-macos-static.txt	b18da84a0622e2d24bfc1da8ce17fdf0c89faea7-2519f7ee7d9fd3e0
SPEC-008-macos-dynamic	.build/contract-reports/spec-006/latest-nrf52840-embedded.txt	b18da84a0622e2d24bfc1da8ce17fdf0c89faea7-2519f7ee7d9fd3e0
SPEC-008-macos-dynamic	.build/contract-reports/spec-006/latest-raspberry-pi-armv6.txt	b18da84a0622e2d24bfc1da8ce17fdf0c89faea7-2519f7ee7d9fd3e0
SPEC-008-macos-dynamic	.build/contract-reports/spec-007/latest-macos-dynamic.txt	759cf5945d69313ab3546965eace2ecc08da5ab3-9c9b7b98bfb72db1
SPEC-008-macos-dynamic	.build/contract-reports/spec-007/latest-macos-static.txt	b18da84a0622e2d24bfc1da8ce17fdf0c89faea7-88e8f7d4bd213aaf
SPEC-008-macos-dynamic	.build/contract-reports/spec-007/latest-nrf52840-embedded.txt	b18da84a0622e2d24bfc1da8ce17fdf0c89faea7-88e8f7d4bd213aaf
SPEC-008-macos-dynamic	.build/contract-reports/spec-007/latest-raspberry-pi-armv6.txt	b18da84a0622e2d24bfc1da8ce17fdf0c89faea7-88e8f7d4bd213aaf
SPEC-008-macos-dynamic	.build/contract-reports/spec-008/latest-macos-dynamic.txt	759cf5945d69313ab3546965eace2ecc08da5ab3-8c912bd577cac4a7
SPEC-008-macos-dynamic	.build/contract-reports/spec-008/latest-macos-static.txt	b18da84a0622e2d24bfc1da8ce17fdf0c89faea7-cf3969a84328c135
SPEC-008-macos-dynamic	.build/contract-reports/spec-008/latest-nrf52840-embedded.txt	b18da84a0622e2d24bfc1da8ce17fdf0c89faea7-cf3969a84328c135
SPEC-008-macos-dynamic	.build/contract-reports/spec-008/latest-raspberry-pi-armv6.txt	b18da84a0622e2d24bfc1da8ce17fdf0c89faea7-cf3969a84328c135
SPEC-008-macos-dynamic	.build/contract-reports/spec-009/latest-macos-dynamic.txt	8af3c97e975f75cd8379250b576975b86bc8fe34-54aaea69d783eaaa
SPEC-008-macos-dynamic	.build/contract-reports/spec-009/latest-macos-static.txt	b18da84a0622e2d24bfc1da8ce17fdf0c89faea7-16973c7d29593fdf
SPEC-008-macos-dynamic	.build/contract-reports/spec-009/latest-nrf52840-embedded.txt	b18da84a0622e2d24bfc1da8ce17fdf0c89faea7-16973c7d29593fdf
SPEC-008-macos-dynamic	.build/contract-reports/spec-009/latest-raspberry-pi-armv6.txt	b18da84a0622e2d24bfc1da8ce17fdf0c89faea7-16973c7d29593fdf
SPEC-008-macos-dynamic	.build/contract-reports/spec-010/latest-macos-dynamic.txt	8af3c97e975f75cd8379250b576975b86bc8fe34-f09fa73a6913497f
SPEC-008-macos-dynamic	.build/contract-reports/spec-010/latest-macos-static.txt	b18da84a0622e2d24bfc1da8ce17fdf0c89faea7-195b7e7bafcc2d2b
SPEC-008-macos-dynamic	.build/contract-reports/spec-010/latest-nrf52840-embedded.txt	b18da84a0622e2d24bfc1da8ce17fdf0c89faea7-195b7e7bafcc2d2b
SPEC-008-macos-dynamic	.build/contract-reports/spec-010/latest-raspberry-pi-armv6.txt	b18da84a0622e2d24bfc1da8ce17fdf0c89faea7-195b7e7bafcc2d2b
SPEC-008-macos-dynamic	.build/contract-reports/spec-011/latest-macos-dynamic.txt	b18da84a0622e2d24bfc1da8ce17fdf0c89faea7-5845a50eeb7d2730
SPEC-008-macos-dynamic	.build/contract-reports/spec-011/latest-macos-static.txt	b18da84a0622e2d24bfc1da8ce17fdf0c89faea7-5845a50eeb7d2730
SPEC-008-macos-dynamic	.build/contract-reports/spec-011/latest-nrf52840-embedded.txt	b18da84a0622e2d24bfc1da8ce17fdf0c89faea7-457fc7e1b9000afd
SPEC-008-macos-dynamic	.build/contract-reports/spec-011/latest-raspberry-pi-armv6.txt	b18da84a0622e2d24bfc1da8ce17fdf0c89faea7-457fc7e1b9000afd
SPEC-008-macos-dynamic	.build/contract-reports/spec-012/latest-macos-dynamic.txt	8af3c97e975f75cd8379250b576975b86bc8fe34-fc0aae9586267865
SPEC-008-macos-dynamic	.build/contract-reports/spec-012/latest-macos-static.txt	b18da84a0622e2d24bfc1da8ce17fdf0c89faea7-1c61dbad1d952f9d
SPEC-008-macos-dynamic	.build/contract-reports/spec-012/latest-nrf52840-embedded.txt	b18da84a0622e2d24bfc1da8ce17fdf0c89faea7-1c61dbad1d952f9d
SPEC-008-macos-dynamic	.build/contract-reports/spec-012/latest-raspberry-pi-armv6.txt	b18da84a0622e2d24bfc1da8ce17fdf0c89faea7-1c61dbad1d952f9d
SPEC-008-macos-dynamic	.build/contract-reports/spec-013/latest-macos-dynamic.txt	8af3c97e975f75cd8379250b576975b86bc8fe34-d25973a2ebde9c96
SPEC-008-macos-dynamic	.build/contract-reports/spec-013/latest-macos-static.txt	b18da84a0622e2d24bfc1da8ce17fdf0c89faea7-3011c2f2a2dbab33
SPEC-008-macos-dynamic	.build/contract-reports/spec-013/latest-nrf52840-embedded.txt	b18da84a0622e2d24bfc1da8ce17fdf0c89faea7-3011c2f2a2dbab33
SPEC-008-macos-dynamic	.build/contract-reports/spec-013/latest-raspberry-pi-armv6.txt	b18da84a0622e2d24bfc1da8ce17fdf0c89faea7-3011c2f2a2dbab33
SPEC-008-macos-dynamic	.build/contract-reports/spec-015/latest-macos-dynamic.txt	759cf5945d69313ab3546965eace2ecc08da5ab3-d93a5691c785f107
SPEC-008-macos-dynamic	.build/contract-reports/spec-015/latest-macos-static.txt	b18da84a0622e2d24bfc1da8ce17fdf0c89faea7-5845a50eeb7d2730
SPEC-008-macos-dynamic	.build/contract-reports/spec-015/latest-nrf52840-embedded.txt	b18da84a0622e2d24bfc1da8ce17fdf0c89faea7-457fc7e1b9000afd
SPEC-008-macos-dynamic	.build/contract-reports/spec-015/latest-raspberry-pi-armv6.txt	b18da84a0622e2d24bfc1da8ce17fdf0c89faea7-457fc7e1b9000afd
published	/Users/eugene/work/GiftUI/.build/contract-reports/spec-009/759cf5945d69313ab3546965eace2ecc08da5ab3-54aaea69d783eaaa/macos-dynamic	759cf5945d69313ab3546965eace2ecc08da5ab3-54aaea69d783eaaa
SPEC-009-macos-dynamic	.build/contract-reports/spec-001/latest-macos-dynamic.txt	20261004T225647Z-28781
SPEC-009-macos-dynamic	.build/contract-reports/spec-001/latest-macos-static.txt	20261004T141555Z-12014
SPEC-009-macos-dynamic	.build/contract-reports/spec-001/latest-nrf52840-embedded.txt	20261004T144054Z-36978
SPEC-009-macos-dynamic	.build/contract-reports/spec-001/latest-raspberry-pi-armv6.txt	20261004T142310Z-23558
SPEC-009-macos-dynamic	.build/contract-reports/spec-002/latest-macos-dynamic.txt	759cf5945d69313ab3546965eace2ecc08da5ab3-d93a5691c785f107
SPEC-009-macos-dynamic	.build/contract-reports/spec-002/latest-macos-static.txt	b18da84a0622e2d24bfc1da8ce17fdf0c89faea7-5845a50eeb7d2730
SPEC-009-macos-dynamic	.build/contract-reports/spec-002/latest-nrf52840-embedded.txt	b18da84a0622e2d24bfc1da8ce17fdf0c89faea7-457fc7e1b9000afd
SPEC-009-macos-dynamic	.build/contract-reports/spec-002/latest-raspberry-pi-armv6.txt	b18da84a0622e2d24bfc1da8ce17fdf0c89faea7-5845a50eeb7d2730
SPEC-009-macos-dynamic	.build/contract-reports/spec-003/latest-macos-dynamic.txt	759cf5945d69313ab3546965eace2ecc08da5ab3-d93a5691c785f107
SPEC-009-macos-dynamic	.build/contract-reports/spec-003/latest-macos-static.txt	b18da84a0622e2d24bfc1da8ce17fdf0c89faea7-5845a50eeb7d2730
SPEC-009-macos-dynamic	.build/contract-reports/spec-003/latest-nrf52840-embedded.txt	b18da84a0622e2d24bfc1da8ce17fdf0c89faea7-457fc7e1b9000afd
SPEC-009-macos-dynamic	.build/contract-reports/spec-003/latest-raspberry-pi-armv6.txt	b18da84a0622e2d24bfc1da8ce17fdf0c89faea7-457fc7e1b9000afd
SPEC-009-macos-dynamic	.build/contract-reports/spec-004/latest-macos-dynamic.txt	759cf5945d69313ab3546965eace2ecc08da5ab3-d93a5691c785f107
SPEC-009-macos-dynamic	.build/contract-reports/spec-004/latest-macos-static.txt	b18da84a0622e2d24bfc1da8ce17fdf0c89faea7-5845a50eeb7d2730
SPEC-009-macos-dynamic	.build/contract-reports/spec-004/latest-nrf52840-embedded.txt	b18da84a0622e2d24bfc1da8ce17fdf0c89faea7-457fc7e1b9000afd
SPEC-009-macos-dynamic	.build/contract-reports/spec-004/latest-raspberry-pi-armv6.txt	b18da84a0622e2d24bfc1da8ce17fdf0c89faea7-457fc7e1b9000afd
SPEC-009-macos-dynamic	.build/contract-reports/spec-005/latest-macos-dynamic.txt	759cf5945d69313ab3546965eace2ecc08da5ab3-13497580cfa982fc
SPEC-009-macos-dynamic	.build/contract-reports/spec-005/latest-macos-static.txt	b18da84a0622e2d24bfc1da8ce17fdf0c89faea7-91c75f621f54733c
SPEC-009-macos-dynamic	.build/contract-reports/spec-005/latest-nrf52840-embedded.txt	b18da84a0622e2d24bfc1da8ce17fdf0c89faea7-91c75f621f54733c
SPEC-009-macos-dynamic	.build/contract-reports/spec-005/latest-raspberry-pi-armv6.txt	b18da84a0622e2d24bfc1da8ce17fdf0c89faea7-91c75f621f54733c
SPEC-009-macos-dynamic	.build/contract-reports/spec-006/latest-macos-dynamic.txt	759cf5945d69313ab3546965eace2ecc08da5ab3-e4e48e37d8c767c7
SPEC-009-macos-dynamic	.build/contract-reports/spec-006/latest-macos-static.txt	b18da84a0622e2d24bfc1da8ce17fdf0c89faea7-2519f7ee7d9fd3e0
SPEC-009-macos-dynamic	.build/contract-reports/spec-006/latest-nrf52840-embedded.txt	b18da84a0622e2d24bfc1da8ce17fdf0c89faea7-2519f7ee7d9fd3e0
SPEC-009-macos-dynamic	.build/contract-reports/spec-006/latest-raspberry-pi-armv6.txt	b18da84a0622e2d24bfc1da8ce17fdf0c89faea7-2519f7ee7d9fd3e0
SPEC-009-macos-dynamic	.build/contract-reports/spec-007/latest-macos-dynamic.txt	759cf5945d69313ab3546965eace2ecc08da5ab3-9c9b7b98bfb72db1
SPEC-009-macos-dynamic	.build/contract-reports/spec-007/latest-macos-static.txt	b18da84a0622e2d24bfc1da8ce17fdf0c89faea7-88e8f7d4bd213aaf
SPEC-009-macos-dynamic	.build/contract-reports/spec-007/latest-nrf52840-embedded.txt	b18da84a0622e2d24bfc1da8ce17fdf0c89faea7-88e8f7d4bd213aaf
SPEC-009-macos-dynamic	.build/contract-reports/spec-007/latest-raspberry-pi-armv6.txt	b18da84a0622e2d24bfc1da8ce17fdf0c89faea7-88e8f7d4bd213aaf
SPEC-009-macos-dynamic	.build/contract-reports/spec-008/latest-macos-dynamic.txt	759cf5945d69313ab3546965eace2ecc08da5ab3-8c912bd577cac4a7
SPEC-009-macos-dynamic	.build/contract-reports/spec-008/latest-macos-static.txt	b18da84a0622e2d24bfc1da8ce17fdf0c89faea7-cf3969a84328c135
SPEC-009-macos-dynamic	.build/contract-reports/spec-008/latest-nrf52840-embedded.txt	b18da84a0622e2d24bfc1da8ce17fdf0c89faea7-cf3969a84328c135
SPEC-009-macos-dynamic	.build/contract-reports/spec-008/latest-raspberry-pi-armv6.txt	b18da84a0622e2d24bfc1da8ce17fdf0c89faea7-cf3969a84328c135
SPEC-009-macos-dynamic	.build/contract-reports/spec-009/latest-macos-dynamic.txt	759cf5945d69313ab3546965eace2ecc08da5ab3-54aaea69d783eaaa
SPEC-009-macos-dynamic	.build/contract-reports/spec-009/latest-macos-static.txt	b18da84a0622e2d24bfc1da8ce17fdf0c89faea7-16973c7d29593fdf
SPEC-009-macos-dynamic	.build/contract-reports/spec-009/latest-nrf52840-embedded.txt	b18da84a0622e2d24bfc1da8ce17fdf0c89faea7-16973c7d29593fdf
SPEC-009-macos-dynamic	.build/contract-reports/spec-009/latest-raspberry-pi-armv6.txt	b18da84a0622e2d24bfc1da8ce17fdf0c89faea7-16973c7d29593fdf
SPEC-009-macos-dynamic	.build/contract-reports/spec-010/latest-macos-dynamic.txt	8af3c97e975f75cd8379250b576975b86bc8fe34-f09fa73a6913497f
SPEC-009-macos-dynamic	.build/contract-reports/spec-010/latest-macos-static.txt	b18da84a0622e2d24bfc1da8ce17fdf0c89faea7-195b7e7bafcc2d2b
SPEC-009-macos-dynamic	.build/contract-reports/spec-010/latest-nrf52840-embedded.txt	b18da84a0622e2d24bfc1da8ce17fdf0c89faea7-195b7e7bafcc2d2b
SPEC-009-macos-dynamic	.build/contract-reports/spec-010/latest-raspberry-pi-armv6.txt	b18da84a0622e2d24bfc1da8ce17fdf0c89faea7-195b7e7bafcc2d2b
SPEC-009-macos-dynamic	.build/contract-reports/spec-011/latest-macos-dynamic.txt	b18da84a0622e2d24bfc1da8ce17fdf0c89faea7-5845a50eeb7d2730
SPEC-009-macos-dynamic	.build/contract-reports/spec-011/latest-macos-static.txt	b18da84a0622e2d24bfc1da8ce17fdf0c89faea7-5845a50eeb7d2730
SPEC-009-macos-dynamic	.build/contract-reports/spec-011/latest-nrf52840-embedded.txt	b18da84a0622e2d24bfc1da8ce17fdf0c89faea7-457fc7e1b9000afd
SPEC-009-macos-dynamic	.build/contract-reports/spec-011/latest-raspberry-pi-armv6.txt	b18da84a0622e2d24bfc1da8ce17fdf0c89faea7-457fc7e1b9000afd
SPEC-009-macos-dynamic	.build/contract-reports/spec-012/latest-macos-dynamic.txt	8af3c97e975f75cd8379250b576975b86bc8fe34-fc0aae9586267865
SPEC-009-macos-dynamic	.build/contract-reports/spec-012/latest-macos-static.txt	b18da84a0622e2d24bfc1da8ce17fdf0c89faea7-1c61dbad1d952f9d
SPEC-009-macos-dynamic	.build/contract-reports/spec-012/latest-nrf52840-embedded.txt	b18da84a0622e2d24bfc1da8ce17fdf0c89faea7-1c61dbad1d952f9d
SPEC-009-macos-dynamic	.build/contract-reports/spec-012/latest-raspberry-pi-armv6.txt	b18da84a0622e2d24bfc1da8ce17fdf0c89faea7-1c61dbad1d952f9d
SPEC-009-macos-dynamic	.build/contract-reports/spec-013/latest-macos-dynamic.txt	8af3c97e975f75cd8379250b576975b86bc8fe34-d25973a2ebde9c96
SPEC-009-macos-dynamic	.build/contract-reports/spec-013/latest-macos-static.txt	b18da84a0622e2d24bfc1da8ce17fdf0c89faea7-3011c2f2a2dbab33
SPEC-009-macos-dynamic	.build/contract-reports/spec-013/latest-nrf52840-embedded.txt	b18da84a0622e2d24bfc1da8ce17fdf0c89faea7-3011c2f2a2dbab33
SPEC-009-macos-dynamic	.build/contract-reports/spec-013/latest-raspberry-pi-armv6.txt	b18da84a0622e2d24bfc1da8ce17fdf0c89faea7-3011c2f2a2dbab33
SPEC-009-macos-dynamic	.build/contract-reports/spec-015/latest-macos-dynamic.txt	759cf5945d69313ab3546965eace2ecc08da5ab3-d93a5691c785f107
SPEC-009-macos-dynamic	.build/contract-reports/spec-015/latest-macos-static.txt	b18da84a0622e2d24bfc1da8ce17fdf0c89faea7-5845a50eeb7d2730
SPEC-009-macos-dynamic	.build/contract-reports/spec-015/latest-nrf52840-embedded.txt	b18da84a0622e2d24bfc1da8ce17fdf0c89faea7-457fc7e1b9000afd
SPEC-009-macos-dynamic	.build/contract-reports/spec-015/latest-raspberry-pi-armv6.txt	b18da84a0622e2d24bfc1da8ce17fdf0c89faea7-457fc7e1b9000afd
published	/Users/eugene/work/GiftUI/.build/contract-reports/spec-010/759cf5945d69313ab3546965eace2ecc08da5ab3-f09fa73a6913497f/macos-dynamic	759cf5945d69313ab3546965eace2ecc08da5ab3-f09fa73a6913497f
SPEC-010-macos-dynamic	.build/contract-reports/spec-001/latest-macos-dynamic.txt	20261004T225647Z-28781
SPEC-010-macos-dynamic	.build/contract-reports/spec-001/latest-macos-static.txt	20261004T141555Z-12014
SPEC-010-macos-dynamic	.build/contract-reports/spec-001/latest-nrf52840-embedded.txt	20261004T144054Z-36978
SPEC-010-macos-dynamic	.build/contract-reports/spec-001/latest-raspberry-pi-armv6.txt	20261004T142310Z-23558
SPEC-010-macos-dynamic	.build/contract-reports/spec-002/latest-macos-dynamic.txt	759cf5945d69313ab3546965eace2ecc08da5ab3-d93a5691c785f107
SPEC-010-macos-dynamic	.build/contract-reports/spec-002/latest-macos-static.txt	b18da84a0622e2d24bfc1da8ce17fdf0c89faea7-5845a50eeb7d2730
SPEC-010-macos-dynamic	.build/contract-reports/spec-002/latest-nrf52840-embedded.txt	b18da84a0622e2d24bfc1da8ce17fdf0c89faea7-457fc7e1b9000afd
SPEC-010-macos-dynamic	.build/contract-reports/spec-002/latest-raspberry-pi-armv6.txt	b18da84a0622e2d24bfc1da8ce17fdf0c89faea7-5845a50eeb7d2730
SPEC-010-macos-dynamic	.build/contract-reports/spec-003/latest-macos-dynamic.txt	759cf5945d69313ab3546965eace2ecc08da5ab3-d93a5691c785f107
SPEC-010-macos-dynamic	.build/contract-reports/spec-003/latest-macos-static.txt	b18da84a0622e2d24bfc1da8ce17fdf0c89faea7-5845a50eeb7d2730
SPEC-010-macos-dynamic	.build/contract-reports/spec-003/latest-nrf52840-embedded.txt	b18da84a0622e2d24bfc1da8ce17fdf0c89faea7-457fc7e1b9000afd
SPEC-010-macos-dynamic	.build/contract-reports/spec-003/latest-raspberry-pi-armv6.txt	b18da84a0622e2d24bfc1da8ce17fdf0c89faea7-457fc7e1b9000afd
SPEC-010-macos-dynamic	.build/contract-reports/spec-004/latest-macos-dynamic.txt	759cf5945d69313ab3546965eace2ecc08da5ab3-d93a5691c785f107
SPEC-010-macos-dynamic	.build/contract-reports/spec-004/latest-macos-static.txt	b18da84a0622e2d24bfc1da8ce17fdf0c89faea7-5845a50eeb7d2730
SPEC-010-macos-dynamic	.build/contract-reports/spec-004/latest-nrf52840-embedded.txt	b18da84a0622e2d24bfc1da8ce17fdf0c89faea7-457fc7e1b9000afd
SPEC-010-macos-dynamic	.build/contract-reports/spec-004/latest-raspberry-pi-armv6.txt	b18da84a0622e2d24bfc1da8ce17fdf0c89faea7-457fc7e1b9000afd
SPEC-010-macos-dynamic	.build/contract-reports/spec-005/latest-macos-dynamic.txt	759cf5945d69313ab3546965eace2ecc08da5ab3-13497580cfa982fc
SPEC-010-macos-dynamic	.build/contract-reports/spec-005/latest-macos-static.txt	b18da84a0622e2d24bfc1da8ce17fdf0c89faea7-91c75f621f54733c
SPEC-010-macos-dynamic	.build/contract-reports/spec-005/latest-nrf52840-embedded.txt	b18da84a0622e2d24bfc1da8ce17fdf0c89faea7-91c75f621f54733c
SPEC-010-macos-dynamic	.build/contract-reports/spec-005/latest-raspberry-pi-armv6.txt	b18da84a0622e2d24bfc1da8ce17fdf0c89faea7-91c75f621f54733c
SPEC-010-macos-dynamic	.build/contract-reports/spec-006/latest-macos-dynamic.txt	759cf5945d69313ab3546965eace2ecc08da5ab3-e4e48e37d8c767c7
SPEC-010-macos-dynamic	.build/contract-reports/spec-006/latest-macos-static.txt	b18da84a0622e2d24bfc1da8ce17fdf0c89faea7-2519f7ee7d9fd3e0
SPEC-010-macos-dynamic	.build/contract-reports/spec-006/latest-nrf52840-embedded.txt	b18da84a0622e2d24bfc1da8ce17fdf0c89faea7-2519f7ee7d9fd3e0
SPEC-010-macos-dynamic	.build/contract-reports/spec-006/latest-raspberry-pi-armv6.txt	b18da84a0622e2d24bfc1da8ce17fdf0c89faea7-2519f7ee7d9fd3e0
SPEC-010-macos-dynamic	.build/contract-reports/spec-007/latest-macos-dynamic.txt	759cf5945d69313ab3546965eace2ecc08da5ab3-9c9b7b98bfb72db1
SPEC-010-macos-dynamic	.build/contract-reports/spec-007/latest-macos-static.txt	b18da84a0622e2d24bfc1da8ce17fdf0c89faea7-88e8f7d4bd213aaf
SPEC-010-macos-dynamic	.build/contract-reports/spec-007/latest-nrf52840-embedded.txt	b18da84a0622e2d24bfc1da8ce17fdf0c89faea7-88e8f7d4bd213aaf
SPEC-010-macos-dynamic	.build/contract-reports/spec-007/latest-raspberry-pi-armv6.txt	b18da84a0622e2d24bfc1da8ce17fdf0c89faea7-88e8f7d4bd213aaf
SPEC-010-macos-dynamic	.build/contract-reports/spec-008/latest-macos-dynamic.txt	759cf5945d69313ab3546965eace2ecc08da5ab3-8c912bd577cac4a7
SPEC-010-macos-dynamic	.build/contract-reports/spec-008/latest-macos-static.txt	b18da84a0622e2d24bfc1da8ce17fdf0c89faea7-cf3969a84328c135
SPEC-010-macos-dynamic	.build/contract-reports/spec-008/latest-nrf52840-embedded.txt	b18da84a0622e2d24bfc1da8ce17fdf0c89faea7-cf3969a84328c135
SPEC-010-macos-dynamic	.build/contract-reports/spec-008/latest-raspberry-pi-armv6.txt	b18da84a0622e2d24bfc1da8ce17fdf0c89faea7-cf3969a84328c135
SPEC-010-macos-dynamic	.build/contract-reports/spec-009/latest-macos-dynamic.txt	759cf5945d69313ab3546965eace2ecc08da5ab3-54aaea69d783eaaa
SPEC-010-macos-dynamic	.build/contract-reports/spec-009/latest-macos-static.txt	b18da84a0622e2d24bfc1da8ce17fdf0c89faea7-16973c7d29593fdf
SPEC-010-macos-dynamic	.build/contract-reports/spec-009/latest-nrf52840-embedded.txt	b18da84a0622e2d24bfc1da8ce17fdf0c89faea7-16973c7d29593fdf
SPEC-010-macos-dynamic	.build/contract-reports/spec-009/latest-raspberry-pi-armv6.txt	b18da84a0622e2d24bfc1da8ce17fdf0c89faea7-16973c7d29593fdf
SPEC-010-macos-dynamic	.build/contract-reports/spec-010/latest-macos-dynamic.txt	759cf5945d69313ab3546965eace2ecc08da5ab3-f09fa73a6913497f
SPEC-010-macos-dynamic	.build/contract-reports/spec-010/latest-macos-static.txt	b18da84a0622e2d24bfc1da8ce17fdf0c89faea7-195b7e7bafcc2d2b
SPEC-010-macos-dynamic	.build/contract-reports/spec-010/latest-nrf52840-embedded.txt	b18da84a0622e2d24bfc1da8ce17fdf0c89faea7-195b7e7bafcc2d2b
SPEC-010-macos-dynamic	.build/contract-reports/spec-010/latest-raspberry-pi-armv6.txt	b18da84a0622e2d24bfc1da8ce17fdf0c89faea7-195b7e7bafcc2d2b
SPEC-010-macos-dynamic	.build/contract-reports/spec-011/latest-macos-dynamic.txt	b18da84a0622e2d24bfc1da8ce17fdf0c89faea7-5845a50eeb7d2730
SPEC-010-macos-dynamic	.build/contract-reports/spec-011/latest-macos-static.txt	b18da84a0622e2d24bfc1da8ce17fdf0c89faea7-5845a50eeb7d2730
SPEC-010-macos-dynamic	.build/contract-reports/spec-011/latest-nrf52840-embedded.txt	b18da84a0622e2d24bfc1da8ce17fdf0c89faea7-457fc7e1b9000afd
SPEC-010-macos-dynamic	.build/contract-reports/spec-011/latest-raspberry-pi-armv6.txt	b18da84a0622e2d24bfc1da8ce17fdf0c89faea7-457fc7e1b9000afd
SPEC-010-macos-dynamic	.build/contract-reports/spec-012/latest-macos-dynamic.txt	8af3c97e975f75cd8379250b576975b86bc8fe34-fc0aae9586267865
SPEC-010-macos-dynamic	.build/contract-reports/spec-012/latest-macos-static.txt	b18da84a0622e2d24bfc1da8ce17fdf0c89faea7-1c61dbad1d952f9d
SPEC-010-macos-dynamic	.build/contract-reports/spec-012/latest-nrf52840-embedded.txt	b18da84a0622e2d24bfc1da8ce17fdf0c89faea7-1c61dbad1d952f9d
SPEC-010-macos-dynamic	.build/contract-reports/spec-012/latest-raspberry-pi-armv6.txt	b18da84a0622e2d24bfc1da8ce17fdf0c89faea7-1c61dbad1d952f9d
SPEC-010-macos-dynamic	.build/contract-reports/spec-013/latest-macos-dynamic.txt	8af3c97e975f75cd8379250b576975b86bc8fe34-d25973a2ebde9c96
SPEC-010-macos-dynamic	.build/contract-reports/spec-013/latest-macos-static.txt	b18da84a0622e2d24bfc1da8ce17fdf0c89faea7-3011c2f2a2dbab33
SPEC-010-macos-dynamic	.build/contract-reports/spec-013/latest-nrf52840-embedded.txt	b18da84a0622e2d24bfc1da8ce17fdf0c89faea7-3011c2f2a2dbab33
SPEC-010-macos-dynamic	.build/contract-reports/spec-013/latest-raspberry-pi-armv6.txt	b18da84a0622e2d24bfc1da8ce17fdf0c89faea7-3011c2f2a2dbab33
SPEC-010-macos-dynamic	.build/contract-reports/spec-015/latest-macos-dynamic.txt	759cf5945d69313ab3546965eace2ecc08da5ab3-d93a5691c785f107
SPEC-010-macos-dynamic	.build/contract-reports/spec-015/latest-macos-static.txt	b18da84a0622e2d24bfc1da8ce17fdf0c89faea7-5845a50eeb7d2730
SPEC-010-macos-dynamic	.build/contract-reports/spec-015/latest-nrf52840-embedded.txt	b18da84a0622e2d24bfc1da8ce17fdf0c89faea7-457fc7e1b9000afd
SPEC-010-macos-dynamic	.build/contract-reports/spec-015/latest-raspberry-pi-armv6.txt	b18da84a0622e2d24bfc1da8ce17fdf0c89faea7-457fc7e1b9000afd
published	/Users/eugene/work/GiftUI/.build/contract-reports/spec-013/759cf5945d69313ab3546965eace2ecc08da5ab3-d25973a2ebde9c96/macos-dynamic	759cf5945d69313ab3546965eace2ecc08da5ab3-d25973a2ebde9c96
published	/Users/eugene/work/GiftUI/.build/contract-reports/spec-011/759cf5945d69313ab3546965eace2ecc08da5ab3-d93a5691c785f107/macos-dynamic	759cf5945d69313ab3546965eace2ecc08da5ab3-d93a5691c785f107
SPEC-011-macos-dynamic	.build/contract-reports/spec-001/latest-macos-dynamic.txt	20261004T225647Z-28781
SPEC-011-macos-dynamic	.build/contract-reports/spec-001/latest-macos-static.txt	20261004T141555Z-12014
SPEC-011-macos-dynamic	.build/contract-reports/spec-001/latest-nrf52840-embedded.txt	20261004T144054Z-36978
SPEC-011-macos-dynamic	.build/contract-reports/spec-001/latest-raspberry-pi-armv6.txt	20261004T142310Z-23558
SPEC-011-macos-dynamic	.build/contract-reports/spec-002/latest-macos-dynamic.txt	759cf5945d69313ab3546965eace2ecc08da5ab3-d93a5691c785f107
SPEC-011-macos-dynamic	.build/contract-reports/spec-002/latest-macos-static.txt	b18da84a0622e2d24bfc1da8ce17fdf0c89faea7-5845a50eeb7d2730
SPEC-011-macos-dynamic	.build/contract-reports/spec-002/latest-nrf52840-embedded.txt	b18da84a0622e2d24bfc1da8ce17fdf0c89faea7-457fc7e1b9000afd
SPEC-011-macos-dynamic	.build/contract-reports/spec-002/latest-raspberry-pi-armv6.txt	b18da84a0622e2d24bfc1da8ce17fdf0c89faea7-5845a50eeb7d2730
SPEC-011-macos-dynamic	.build/contract-reports/spec-003/latest-macos-dynamic.txt	759cf5945d69313ab3546965eace2ecc08da5ab3-d93a5691c785f107
SPEC-011-macos-dynamic	.build/contract-reports/spec-003/latest-macos-static.txt	b18da84a0622e2d24bfc1da8ce17fdf0c89faea7-5845a50eeb7d2730
SPEC-011-macos-dynamic	.build/contract-reports/spec-003/latest-nrf52840-embedded.txt	b18da84a0622e2d24bfc1da8ce17fdf0c89faea7-457fc7e1b9000afd
SPEC-011-macos-dynamic	.build/contract-reports/spec-003/latest-raspberry-pi-armv6.txt	b18da84a0622e2d24bfc1da8ce17fdf0c89faea7-457fc7e1b9000afd
SPEC-011-macos-dynamic	.build/contract-reports/spec-004/latest-macos-dynamic.txt	759cf5945d69313ab3546965eace2ecc08da5ab3-d93a5691c785f107
SPEC-011-macos-dynamic	.build/contract-reports/spec-004/latest-macos-static.txt	b18da84a0622e2d24bfc1da8ce17fdf0c89faea7-5845a50eeb7d2730
SPEC-011-macos-dynamic	.build/contract-reports/spec-004/latest-nrf52840-embedded.txt	b18da84a0622e2d24bfc1da8ce17fdf0c89faea7-457fc7e1b9000afd
SPEC-011-macos-dynamic	.build/contract-reports/spec-004/latest-raspberry-pi-armv6.txt	b18da84a0622e2d24bfc1da8ce17fdf0c89faea7-457fc7e1b9000afd
SPEC-011-macos-dynamic	.build/contract-reports/spec-005/latest-macos-dynamic.txt	759cf5945d69313ab3546965eace2ecc08da5ab3-13497580cfa982fc
SPEC-011-macos-dynamic	.build/contract-reports/spec-005/latest-macos-static.txt	b18da84a0622e2d24bfc1da8ce17fdf0c89faea7-91c75f621f54733c
SPEC-011-macos-dynamic	.build/contract-reports/spec-005/latest-nrf52840-embedded.txt	b18da84a0622e2d24bfc1da8ce17fdf0c89faea7-91c75f621f54733c
SPEC-011-macos-dynamic	.build/contract-reports/spec-005/latest-raspberry-pi-armv6.txt	b18da84a0622e2d24bfc1da8ce17fdf0c89faea7-91c75f621f54733c
SPEC-011-macos-dynamic	.build/contract-reports/spec-006/latest-macos-dynamic.txt	759cf5945d69313ab3546965eace2ecc08da5ab3-e4e48e37d8c767c7
SPEC-011-macos-dynamic	.build/contract-reports/spec-006/latest-macos-static.txt	b18da84a0622e2d24bfc1da8ce17fdf0c89faea7-2519f7ee7d9fd3e0
SPEC-011-macos-dynamic	.build/contract-reports/spec-006/latest-nrf52840-embedded.txt	b18da84a0622e2d24bfc1da8ce17fdf0c89faea7-2519f7ee7d9fd3e0
SPEC-011-macos-dynamic	.build/contract-reports/spec-006/latest-raspberry-pi-armv6.txt	b18da84a0622e2d24bfc1da8ce17fdf0c89faea7-2519f7ee7d9fd3e0
SPEC-011-macos-dynamic	.build/contract-reports/spec-007/latest-macos-dynamic.txt	759cf5945d69313ab3546965eace2ecc08da5ab3-9c9b7b98bfb72db1
SPEC-011-macos-dynamic	.build/contract-reports/spec-007/latest-macos-static.txt	b18da84a0622e2d24bfc1da8ce17fdf0c89faea7-88e8f7d4bd213aaf
SPEC-011-macos-dynamic	.build/contract-reports/spec-007/latest-nrf52840-embedded.txt	b18da84a0622e2d24bfc1da8ce17fdf0c89faea7-88e8f7d4bd213aaf
SPEC-011-macos-dynamic	.build/contract-reports/spec-007/latest-raspberry-pi-armv6.txt	b18da84a0622e2d24bfc1da8ce17fdf0c89faea7-88e8f7d4bd213aaf
SPEC-011-macos-dynamic	.build/contract-reports/spec-008/latest-macos-dynamic.txt	759cf5945d69313ab3546965eace2ecc08da5ab3-8c912bd577cac4a7
SPEC-011-macos-dynamic	.build/contract-reports/spec-008/latest-macos-static.txt	b18da84a0622e2d24bfc1da8ce17fdf0c89faea7-cf3969a84328c135
SPEC-011-macos-dynamic	.build/contract-reports/spec-008/latest-nrf52840-embedded.txt	b18da84a0622e2d24bfc1da8ce17fdf0c89faea7-cf3969a84328c135
SPEC-011-macos-dynamic	.build/contract-reports/spec-008/latest-raspberry-pi-armv6.txt	b18da84a0622e2d24bfc1da8ce17fdf0c89faea7-cf3969a84328c135
SPEC-011-macos-dynamic	.build/contract-reports/spec-009/latest-macos-dynamic.txt	759cf5945d69313ab3546965eace2ecc08da5ab3-54aaea69d783eaaa
SPEC-011-macos-dynamic	.build/contract-reports/spec-009/latest-macos-static.txt	b18da84a0622e2d24bfc1da8ce17fdf0c89faea7-16973c7d29593fdf
SPEC-011-macos-dynamic	.build/contract-reports/spec-009/latest-nrf52840-embedded.txt	b18da84a0622e2d24bfc1da8ce17fdf0c89faea7-16973c7d29593fdf
SPEC-011-macos-dynamic	.build/contract-reports/spec-009/latest-raspberry-pi-armv6.txt	b18da84a0622e2d24bfc1da8ce17fdf0c89faea7-16973c7d29593fdf
SPEC-011-macos-dynamic	.build/contract-reports/spec-010/latest-macos-dynamic.txt	759cf5945d69313ab3546965eace2ecc08da5ab3-f09fa73a6913497f
SPEC-011-macos-dynamic	.build/contract-reports/spec-010/latest-macos-static.txt	b18da84a0622e2d24bfc1da8ce17fdf0c89faea7-195b7e7bafcc2d2b
SPEC-011-macos-dynamic	.build/contract-reports/spec-010/latest-nrf52840-embedded.txt	b18da84a0622e2d24bfc1da8ce17fdf0c89faea7-195b7e7bafcc2d2b
SPEC-011-macos-dynamic	.build/contract-reports/spec-010/latest-raspberry-pi-armv6.txt	b18da84a0622e2d24bfc1da8ce17fdf0c89faea7-195b7e7bafcc2d2b
SPEC-011-macos-dynamic	.build/contract-reports/spec-011/latest-macos-dynamic.txt	759cf5945d69313ab3546965eace2ecc08da5ab3-d93a5691c785f107
SPEC-011-macos-dynamic	.build/contract-reports/spec-011/latest-macos-static.txt	b18da84a0622e2d24bfc1da8ce17fdf0c89faea7-5845a50eeb7d2730
SPEC-011-macos-dynamic	.build/contract-reports/spec-011/latest-nrf52840-embedded.txt	b18da84a0622e2d24bfc1da8ce17fdf0c89faea7-457fc7e1b9000afd
SPEC-011-macos-dynamic	.build/contract-reports/spec-011/latest-raspberry-pi-armv6.txt	b18da84a0622e2d24bfc1da8ce17fdf0c89faea7-457fc7e1b9000afd
SPEC-011-macos-dynamic	.build/contract-reports/spec-012/latest-macos-dynamic.txt	8af3c97e975f75cd8379250b576975b86bc8fe34-fc0aae9586267865
SPEC-011-macos-dynamic	.build/contract-reports/spec-012/latest-macos-static.txt	b18da84a0622e2d24bfc1da8ce17fdf0c89faea7-1c61dbad1d952f9d
SPEC-011-macos-dynamic	.build/contract-reports/spec-012/latest-nrf52840-embedded.txt	b18da84a0622e2d24bfc1da8ce17fdf0c89faea7-1c61dbad1d952f9d
SPEC-011-macos-dynamic	.build/contract-reports/spec-012/latest-raspberry-pi-armv6.txt	b18da84a0622e2d24bfc1da8ce17fdf0c89faea7-1c61dbad1d952f9d
SPEC-011-macos-dynamic	.build/contract-reports/spec-013/latest-macos-dynamic.txt	759cf5945d69313ab3546965eace2ecc08da5ab3-d25973a2ebde9c96
SPEC-011-macos-dynamic	.build/contract-reports/spec-013/latest-macos-static.txt	b18da84a0622e2d24bfc1da8ce17fdf0c89faea7-3011c2f2a2dbab33
SPEC-011-macos-dynamic	.build/contract-reports/spec-013/latest-nrf52840-embedded.txt	b18da84a0622e2d24bfc1da8ce17fdf0c89faea7-3011c2f2a2dbab33
SPEC-011-macos-dynamic	.build/contract-reports/spec-013/latest-raspberry-pi-armv6.txt	b18da84a0622e2d24bfc1da8ce17fdf0c89faea7-3011c2f2a2dbab33
SPEC-011-macos-dynamic	.build/contract-reports/spec-015/latest-macos-dynamic.txt	759cf5945d69313ab3546965eace2ecc08da5ab3-d93a5691c785f107
SPEC-011-macos-dynamic	.build/contract-reports/spec-015/latest-macos-static.txt	b18da84a0622e2d24bfc1da8ce17fdf0c89faea7-5845a50eeb7d2730
SPEC-011-macos-dynamic	.build/contract-reports/spec-015/latest-nrf52840-embedded.txt	b18da84a0622e2d24bfc1da8ce17fdf0c89faea7-457fc7e1b9000afd
SPEC-011-macos-dynamic	.build/contract-reports/spec-015/latest-raspberry-pi-armv6.txt	b18da84a0622e2d24bfc1da8ce17fdf0c89faea7-457fc7e1b9000afd
published	/Users/eugene/work/GiftUI/.build/contract-reports/spec-012/759cf5945d69313ab3546965eace2ecc08da5ab3-fc0aae9586267865/macos-dynamic	759cf5945d69313ab3546965eace2ecc08da5ab3-fc0aae9586267865
SPEC-012-macos-dynamic	.build/contract-reports/spec-001/latest-macos-dynamic.txt	20261004T225647Z-28781
SPEC-012-macos-dynamic	.build/contract-reports/spec-001/latest-macos-static.txt	20261004T141555Z-12014
SPEC-012-macos-dynamic	.build/contract-reports/spec-001/latest-nrf52840-embedded.txt	20261004T144054Z-36978
SPEC-012-macos-dynamic	.build/contract-reports/spec-001/latest-raspberry-pi-armv6.txt	20261004T142310Z-23558
SPEC-012-macos-dynamic	.build/contract-reports/spec-002/latest-macos-dynamic.txt	759cf5945d69313ab3546965eace2ecc08da5ab3-d93a5691c785f107
SPEC-012-macos-dynamic	.build/contract-reports/spec-002/latest-macos-static.txt	b18da84a0622e2d24bfc1da8ce17fdf0c89faea7-5845a50eeb7d2730
SPEC-012-macos-dynamic	.build/contract-reports/spec-002/latest-nrf52840-embedded.txt	b18da84a0622e2d24bfc1da8ce17fdf0c89faea7-457fc7e1b9000afd
SPEC-012-macos-dynamic	.build/contract-reports/spec-002/latest-raspberry-pi-armv6.txt	b18da84a0622e2d24bfc1da8ce17fdf0c89faea7-5845a50eeb7d2730
SPEC-012-macos-dynamic	.build/contract-reports/spec-003/latest-macos-dynamic.txt	759cf5945d69313ab3546965eace2ecc08da5ab3-d93a5691c785f107
SPEC-012-macos-dynamic	.build/contract-reports/spec-003/latest-macos-static.txt	b18da84a0622e2d24bfc1da8ce17fdf0c89faea7-5845a50eeb7d2730
SPEC-012-macos-dynamic	.build/contract-reports/spec-003/latest-nrf52840-embedded.txt	b18da84a0622e2d24bfc1da8ce17fdf0c89faea7-457fc7e1b9000afd
SPEC-012-macos-dynamic	.build/contract-reports/spec-003/latest-raspberry-pi-armv6.txt	b18da84a0622e2d24bfc1da8ce17fdf0c89faea7-457fc7e1b9000afd
SPEC-012-macos-dynamic	.build/contract-reports/spec-004/latest-macos-dynamic.txt	759cf5945d69313ab3546965eace2ecc08da5ab3-d93a5691c785f107
SPEC-012-macos-dynamic	.build/contract-reports/spec-004/latest-macos-static.txt	b18da84a0622e2d24bfc1da8ce17fdf0c89faea7-5845a50eeb7d2730
SPEC-012-macos-dynamic	.build/contract-reports/spec-004/latest-nrf52840-embedded.txt	b18da84a0622e2d24bfc1da8ce17fdf0c89faea7-457fc7e1b9000afd
SPEC-012-macos-dynamic	.build/contract-reports/spec-004/latest-raspberry-pi-armv6.txt	b18da84a0622e2d24bfc1da8ce17fdf0c89faea7-457fc7e1b9000afd
SPEC-012-macos-dynamic	.build/contract-reports/spec-005/latest-macos-dynamic.txt	759cf5945d69313ab3546965eace2ecc08da5ab3-13497580cfa982fc
SPEC-012-macos-dynamic	.build/contract-reports/spec-005/latest-macos-static.txt	b18da84a0622e2d24bfc1da8ce17fdf0c89faea7-91c75f621f54733c
SPEC-012-macos-dynamic	.build/contract-reports/spec-005/latest-nrf52840-embedded.txt	b18da84a0622e2d24bfc1da8ce17fdf0c89faea7-91c75f621f54733c
SPEC-012-macos-dynamic	.build/contract-reports/spec-005/latest-raspberry-pi-armv6.txt	b18da84a0622e2d24bfc1da8ce17fdf0c89faea7-91c75f621f54733c
SPEC-012-macos-dynamic	.build/contract-reports/spec-006/latest-macos-dynamic.txt	759cf5945d69313ab3546965eace2ecc08da5ab3-e4e48e37d8c767c7
SPEC-012-macos-dynamic	.build/contract-reports/spec-006/latest-macos-static.txt	b18da84a0622e2d24bfc1da8ce17fdf0c89faea7-2519f7ee7d9fd3e0
SPEC-012-macos-dynamic	.build/contract-reports/spec-006/latest-nrf52840-embedded.txt	b18da84a0622e2d24bfc1da8ce17fdf0c89faea7-2519f7ee7d9fd3e0
SPEC-012-macos-dynamic	.build/contract-reports/spec-006/latest-raspberry-pi-armv6.txt	b18da84a0622e2d24bfc1da8ce17fdf0c89faea7-2519f7ee7d9fd3e0
SPEC-012-macos-dynamic	.build/contract-reports/spec-007/latest-macos-dynamic.txt	759cf5945d69313ab3546965eace2ecc08da5ab3-9c9b7b98bfb72db1
SPEC-012-macos-dynamic	.build/contract-reports/spec-007/latest-macos-static.txt	b18da84a0622e2d24bfc1da8ce17fdf0c89faea7-88e8f7d4bd213aaf
SPEC-012-macos-dynamic	.build/contract-reports/spec-007/latest-nrf52840-embedded.txt	b18da84a0622e2d24bfc1da8ce17fdf0c89faea7-88e8f7d4bd213aaf
SPEC-012-macos-dynamic	.build/contract-reports/spec-007/latest-raspberry-pi-armv6.txt	b18da84a0622e2d24bfc1da8ce17fdf0c89faea7-88e8f7d4bd213aaf
SPEC-012-macos-dynamic	.build/contract-reports/spec-008/latest-macos-dynamic.txt	759cf5945d69313ab3546965eace2ecc08da5ab3-8c912bd577cac4a7
SPEC-012-macos-dynamic	.build/contract-reports/spec-008/latest-macos-static.txt	b18da84a0622e2d24bfc1da8ce17fdf0c89faea7-cf3969a84328c135
SPEC-012-macos-dynamic	.build/contract-reports/spec-008/latest-nrf52840-embedded.txt	b18da84a0622e2d24bfc1da8ce17fdf0c89faea7-cf3969a84328c135
SPEC-012-macos-dynamic	.build/contract-reports/spec-008/latest-raspberry-pi-armv6.txt	b18da84a0622e2d24bfc1da8ce17fdf0c89faea7-cf3969a84328c135
SPEC-012-macos-dynamic	.build/contract-reports/spec-009/latest-macos-dynamic.txt	759cf5945d69313ab3546965eace2ecc08da5ab3-54aaea69d783eaaa
SPEC-012-macos-dynamic	.build/contract-reports/spec-009/latest-macos-static.txt	b18da84a0622e2d24bfc1da8ce17fdf0c89faea7-16973c7d29593fdf
SPEC-012-macos-dynamic	.build/contract-reports/spec-009/latest-nrf52840-embedded.txt	b18da84a0622e2d24bfc1da8ce17fdf0c89faea7-16973c7d29593fdf
SPEC-012-macos-dynamic	.build/contract-reports/spec-009/latest-raspberry-pi-armv6.txt	b18da84a0622e2d24bfc1da8ce17fdf0c89faea7-16973c7d29593fdf
SPEC-012-macos-dynamic	.build/contract-reports/spec-010/latest-macos-dynamic.txt	759cf5945d69313ab3546965eace2ecc08da5ab3-f09fa73a6913497f
SPEC-012-macos-dynamic	.build/contract-reports/spec-010/latest-macos-static.txt	b18da84a0622e2d24bfc1da8ce17fdf0c89faea7-195b7e7bafcc2d2b
SPEC-012-macos-dynamic	.build/contract-reports/spec-010/latest-nrf52840-embedded.txt	b18da84a0622e2d24bfc1da8ce17fdf0c89faea7-195b7e7bafcc2d2b
SPEC-012-macos-dynamic	.build/contract-reports/spec-010/latest-raspberry-pi-armv6.txt	b18da84a0622e2d24bfc1da8ce17fdf0c89faea7-195b7e7bafcc2d2b
SPEC-012-macos-dynamic	.build/contract-reports/spec-011/latest-macos-dynamic.txt	759cf5945d69313ab3546965eace2ecc08da5ab3-d93a5691c785f107
SPEC-012-macos-dynamic	.build/contract-reports/spec-011/latest-macos-static.txt	b18da84a0622e2d24bfc1da8ce17fdf0c89faea7-5845a50eeb7d2730
SPEC-012-macos-dynamic	.build/contract-reports/spec-011/latest-nrf52840-embedded.txt	b18da84a0622e2d24bfc1da8ce17fdf0c89faea7-457fc7e1b9000afd
SPEC-012-macos-dynamic	.build/contract-reports/spec-011/latest-raspberry-pi-armv6.txt	b18da84a0622e2d24bfc1da8ce17fdf0c89faea7-457fc7e1b9000afd
SPEC-012-macos-dynamic	.build/contract-reports/spec-012/latest-macos-dynamic.txt	759cf5945d69313ab3546965eace2ecc08da5ab3-fc0aae9586267865
SPEC-012-macos-dynamic	.build/contract-reports/spec-012/latest-macos-static.txt	b18da84a0622e2d24bfc1da8ce17fdf0c89faea7-1c61dbad1d952f9d
SPEC-012-macos-dynamic	.build/contract-reports/spec-012/latest-nrf52840-embedded.txt	b18da84a0622e2d24bfc1da8ce17fdf0c89faea7-1c61dbad1d952f9d
SPEC-012-macos-dynamic	.build/contract-reports/spec-012/latest-raspberry-pi-armv6.txt	b18da84a0622e2d24bfc1da8ce17fdf0c89faea7-1c61dbad1d952f9d
SPEC-012-macos-dynamic	.build/contract-reports/spec-013/latest-macos-dynamic.txt	759cf5945d69313ab3546965eace2ecc08da5ab3-d25973a2ebde9c96
SPEC-012-macos-dynamic	.build/contract-reports/spec-013/latest-macos-static.txt	b18da84a0622e2d24bfc1da8ce17fdf0c89faea7-3011c2f2a2dbab33
SPEC-012-macos-dynamic	.build/contract-reports/spec-013/latest-nrf52840-embedded.txt	b18da84a0622e2d24bfc1da8ce17fdf0c89faea7-3011c2f2a2dbab33
SPEC-012-macos-dynamic	.build/contract-reports/spec-013/latest-raspberry-pi-armv6.txt	b18da84a0622e2d24bfc1da8ce17fdf0c89faea7-3011c2f2a2dbab33
SPEC-012-macos-dynamic	.build/contract-reports/spec-015/latest-macos-dynamic.txt	759cf5945d69313ab3546965eace2ecc08da5ab3-d93a5691c785f107
SPEC-012-macos-dynamic	.build/contract-reports/spec-015/latest-macos-static.txt	b18da84a0622e2d24bfc1da8ce17fdf0c89faea7-5845a50eeb7d2730
SPEC-012-macos-dynamic	.build/contract-reports/spec-015/latest-nrf52840-embedded.txt	b18da84a0622e2d24bfc1da8ce17fdf0c89faea7-457fc7e1b9000afd
SPEC-012-macos-dynamic	.build/contract-reports/spec-015/latest-raspberry-pi-armv6.txt	b18da84a0622e2d24bfc1da8ce17fdf0c89faea7-457fc7e1b9000afd
SPEC-013-macos-dynamic	.build/contract-reports/spec-001/latest-macos-dynamic.txt	20261004T225647Z-28781
SPEC-013-macos-dynamic	.build/contract-reports/spec-001/latest-macos-static.txt	20261004T141555Z-12014
SPEC-013-macos-dynamic	.build/contract-reports/spec-001/latest-nrf52840-embedded.txt	20261004T144054Z-36978
SPEC-013-macos-dynamic	.build/contract-reports/spec-001/latest-raspberry-pi-armv6.txt	20261004T142310Z-23558
SPEC-013-macos-dynamic	.build/contract-reports/spec-002/latest-macos-dynamic.txt	759cf5945d69313ab3546965eace2ecc08da5ab3-d93a5691c785f107
SPEC-013-macos-dynamic	.build/contract-reports/spec-002/latest-macos-static.txt	b18da84a0622e2d24bfc1da8ce17fdf0c89faea7-5845a50eeb7d2730
SPEC-013-macos-dynamic	.build/contract-reports/spec-002/latest-nrf52840-embedded.txt	b18da84a0622e2d24bfc1da8ce17fdf0c89faea7-457fc7e1b9000afd
SPEC-013-macos-dynamic	.build/contract-reports/spec-002/latest-raspberry-pi-armv6.txt	b18da84a0622e2d24bfc1da8ce17fdf0c89faea7-5845a50eeb7d2730
SPEC-013-macos-dynamic	.build/contract-reports/spec-003/latest-macos-dynamic.txt	759cf5945d69313ab3546965eace2ecc08da5ab3-d93a5691c785f107
SPEC-013-macos-dynamic	.build/contract-reports/spec-003/latest-macos-static.txt	b18da84a0622e2d24bfc1da8ce17fdf0c89faea7-5845a50eeb7d2730
SPEC-013-macos-dynamic	.build/contract-reports/spec-003/latest-nrf52840-embedded.txt	b18da84a0622e2d24bfc1da8ce17fdf0c89faea7-457fc7e1b9000afd
SPEC-013-macos-dynamic	.build/contract-reports/spec-003/latest-raspberry-pi-armv6.txt	b18da84a0622e2d24bfc1da8ce17fdf0c89faea7-457fc7e1b9000afd
SPEC-013-macos-dynamic	.build/contract-reports/spec-004/latest-macos-dynamic.txt	759cf5945d69313ab3546965eace2ecc08da5ab3-d93a5691c785f107
SPEC-013-macos-dynamic	.build/contract-reports/spec-004/latest-macos-static.txt	b18da84a0622e2d24bfc1da8ce17fdf0c89faea7-5845a50eeb7d2730
SPEC-013-macos-dynamic	.build/contract-reports/spec-004/latest-nrf52840-embedded.txt	b18da84a0622e2d24bfc1da8ce17fdf0c89faea7-457fc7e1b9000afd
SPEC-013-macos-dynamic	.build/contract-reports/spec-004/latest-raspberry-pi-armv6.txt	b18da84a0622e2d24bfc1da8ce17fdf0c89faea7-457fc7e1b9000afd
SPEC-013-macos-dynamic	.build/contract-reports/spec-005/latest-macos-dynamic.txt	759cf5945d69313ab3546965eace2ecc08da5ab3-13497580cfa982fc
SPEC-013-macos-dynamic	.build/contract-reports/spec-005/latest-macos-static.txt	b18da84a0622e2d24bfc1da8ce17fdf0c89faea7-91c75f621f54733c
SPEC-013-macos-dynamic	.build/contract-reports/spec-005/latest-nrf52840-embedded.txt	b18da84a0622e2d24bfc1da8ce17fdf0c89faea7-91c75f621f54733c
SPEC-013-macos-dynamic	.build/contract-reports/spec-005/latest-raspberry-pi-armv6.txt	b18da84a0622e2d24bfc1da8ce17fdf0c89faea7-91c75f621f54733c
SPEC-013-macos-dynamic	.build/contract-reports/spec-006/latest-macos-dynamic.txt	759cf5945d69313ab3546965eace2ecc08da5ab3-e4e48e37d8c767c7
SPEC-013-macos-dynamic	.build/contract-reports/spec-006/latest-macos-static.txt	b18da84a0622e2d24bfc1da8ce17fdf0c89faea7-2519f7ee7d9fd3e0
SPEC-013-macos-dynamic	.build/contract-reports/spec-006/latest-nrf52840-embedded.txt	b18da84a0622e2d24bfc1da8ce17fdf0c89faea7-2519f7ee7d9fd3e0
SPEC-013-macos-dynamic	.build/contract-reports/spec-006/latest-raspberry-pi-armv6.txt	b18da84a0622e2d24bfc1da8ce17fdf0c89faea7-2519f7ee7d9fd3e0
SPEC-013-macos-dynamic	.build/contract-reports/spec-007/latest-macos-dynamic.txt	759cf5945d69313ab3546965eace2ecc08da5ab3-9c9b7b98bfb72db1
SPEC-013-macos-dynamic	.build/contract-reports/spec-007/latest-macos-static.txt	b18da84a0622e2d24bfc1da8ce17fdf0c89faea7-88e8f7d4bd213aaf
SPEC-013-macos-dynamic	.build/contract-reports/spec-007/latest-nrf52840-embedded.txt	b18da84a0622e2d24bfc1da8ce17fdf0c89faea7-88e8f7d4bd213aaf
SPEC-013-macos-dynamic	.build/contract-reports/spec-007/latest-raspberry-pi-armv6.txt	b18da84a0622e2d24bfc1da8ce17fdf0c89faea7-88e8f7d4bd213aaf
SPEC-013-macos-dynamic	.build/contract-reports/spec-008/latest-macos-dynamic.txt	759cf5945d69313ab3546965eace2ecc08da5ab3-8c912bd577cac4a7
SPEC-013-macos-dynamic	.build/contract-reports/spec-008/latest-macos-static.txt	b18da84a0622e2d24bfc1da8ce17fdf0c89faea7-cf3969a84328c135
SPEC-013-macos-dynamic	.build/contract-reports/spec-008/latest-nrf52840-embedded.txt	b18da84a0622e2d24bfc1da8ce17fdf0c89faea7-cf3969a84328c135
SPEC-013-macos-dynamic	.build/contract-reports/spec-008/latest-raspberry-pi-armv6.txt	b18da84a0622e2d24bfc1da8ce17fdf0c89faea7-cf3969a84328c135
SPEC-013-macos-dynamic	.build/contract-reports/spec-009/latest-macos-dynamic.txt	759cf5945d69313ab3546965eace2ecc08da5ab3-54aaea69d783eaaa
SPEC-013-macos-dynamic	.build/contract-reports/spec-009/latest-macos-static.txt	b18da84a0622e2d24bfc1da8ce17fdf0c89faea7-16973c7d29593fdf
SPEC-013-macos-dynamic	.build/contract-reports/spec-009/latest-nrf52840-embedded.txt	b18da84a0622e2d24bfc1da8ce17fdf0c89faea7-16973c7d29593fdf
SPEC-013-macos-dynamic	.build/contract-reports/spec-009/latest-raspberry-pi-armv6.txt	b18da84a0622e2d24bfc1da8ce17fdf0c89faea7-16973c7d29593fdf
SPEC-013-macos-dynamic	.build/contract-reports/spec-010/latest-macos-dynamic.txt	759cf5945d69313ab3546965eace2ecc08da5ab3-f09fa73a6913497f
SPEC-013-macos-dynamic	.build/contract-reports/spec-010/latest-macos-static.txt	b18da84a0622e2d24bfc1da8ce17fdf0c89faea7-195b7e7bafcc2d2b
SPEC-013-macos-dynamic	.build/contract-reports/spec-010/latest-nrf52840-embedded.txt	b18da84a0622e2d24bfc1da8ce17fdf0c89faea7-195b7e7bafcc2d2b
SPEC-013-macos-dynamic	.build/contract-reports/spec-010/latest-raspberry-pi-armv6.txt	b18da84a0622e2d24bfc1da8ce17fdf0c89faea7-195b7e7bafcc2d2b
SPEC-013-macos-dynamic	.build/contract-reports/spec-011/latest-macos-dynamic.txt	759cf5945d69313ab3546965eace2ecc08da5ab3-d93a5691c785f107
SPEC-013-macos-dynamic	.build/contract-reports/spec-011/latest-macos-static.txt	b18da84a0622e2d24bfc1da8ce17fdf0c89faea7-5845a50eeb7d2730
SPEC-013-macos-dynamic	.build/contract-reports/spec-011/latest-nrf52840-embedded.txt	b18da84a0622e2d24bfc1da8ce17fdf0c89faea7-457fc7e1b9000afd
SPEC-013-macos-dynamic	.build/contract-reports/spec-011/latest-raspberry-pi-armv6.txt	b18da84a0622e2d24bfc1da8ce17fdf0c89faea7-457fc7e1b9000afd
SPEC-013-macos-dynamic	.build/contract-reports/spec-012/latest-macos-dynamic.txt	759cf5945d69313ab3546965eace2ecc08da5ab3-fc0aae9586267865
SPEC-013-macos-dynamic	.build/contract-reports/spec-012/latest-macos-static.txt	b18da84a0622e2d24bfc1da8ce17fdf0c89faea7-1c61dbad1d952f9d
SPEC-013-macos-dynamic	.build/contract-reports/spec-012/latest-nrf52840-embedded.txt	b18da84a0622e2d24bfc1da8ce17fdf0c89faea7-1c61dbad1d952f9d
SPEC-013-macos-dynamic	.build/contract-reports/spec-012/latest-raspberry-pi-armv6.txt	b18da84a0622e2d24bfc1da8ce17fdf0c89faea7-1c61dbad1d952f9d
SPEC-013-macos-dynamic	.build/contract-reports/spec-013/latest-macos-dynamic.txt	759cf5945d69313ab3546965eace2ecc08da5ab3-d25973a2ebde9c96
SPEC-013-macos-dynamic	.build/contract-reports/spec-013/latest-macos-static.txt	b18da84a0622e2d24bfc1da8ce17fdf0c89faea7-3011c2f2a2dbab33
SPEC-013-macos-dynamic	.build/contract-reports/spec-013/latest-nrf52840-embedded.txt	b18da84a0622e2d24bfc1da8ce17fdf0c89faea7-3011c2f2a2dbab33
SPEC-013-macos-dynamic	.build/contract-reports/spec-013/latest-raspberry-pi-armv6.txt	b18da84a0622e2d24bfc1da8ce17fdf0c89faea7-3011c2f2a2dbab33
SPEC-013-macos-dynamic	.build/contract-reports/spec-015/latest-macos-dynamic.txt	759cf5945d69313ab3546965eace2ecc08da5ab3-d93a5691c785f107
SPEC-013-macos-dynamic	.build/contract-reports/spec-015/latest-macos-static.txt	b18da84a0622e2d24bfc1da8ce17fdf0c89faea7-5845a50eeb7d2730
SPEC-013-macos-dynamic	.build/contract-reports/spec-015/latest-nrf52840-embedded.txt	b18da84a0622e2d24bfc1da8ce17fdf0c89faea7-457fc7e1b9000afd
SPEC-013-macos-dynamic	.build/contract-reports/spec-015/latest-raspberry-pi-armv6.txt	b18da84a0622e2d24bfc1da8ce17fdf0c89faea7-457fc7e1b9000afd
published	/Users/eugene/work/GiftUI/.build/spec-014/reports/759cf5945d69313ab3546965eace2ecc08da5ab3-145c16b3b1e9a369/macos-dynamic	759cf5945d69313ab3546965eace2ecc08da5ab3-145c16b3b1e9a369
SPEC-014-macos-dynamic	.build/contract-reports/spec-001/latest-macos-dynamic.txt	20261004T225647Z-28781
SPEC-014-macos-dynamic	.build/contract-reports/spec-001/latest-macos-static.txt	20261004T141555Z-12014
SPEC-014-macos-dynamic	.build/contract-reports/spec-001/latest-nrf52840-embedded.txt	20261004T144054Z-36978
SPEC-014-macos-dynamic	.build/contract-reports/spec-001/latest-raspberry-pi-armv6.txt	20261004T142310Z-23558
SPEC-014-macos-dynamic	.build/contract-reports/spec-002/latest-macos-dynamic.txt	759cf5945d69313ab3546965eace2ecc08da5ab3-d93a5691c785f107
SPEC-014-macos-dynamic	.build/contract-reports/spec-002/latest-macos-static.txt	b18da84a0622e2d24bfc1da8ce17fdf0c89faea7-5845a50eeb7d2730
SPEC-014-macos-dynamic	.build/contract-reports/spec-002/latest-nrf52840-embedded.txt	b18da84a0622e2d24bfc1da8ce17fdf0c89faea7-457fc7e1b9000afd
SPEC-014-macos-dynamic	.build/contract-reports/spec-002/latest-raspberry-pi-armv6.txt	b18da84a0622e2d24bfc1da8ce17fdf0c89faea7-5845a50eeb7d2730
SPEC-014-macos-dynamic	.build/contract-reports/spec-003/latest-macos-dynamic.txt	759cf5945d69313ab3546965eace2ecc08da5ab3-d93a5691c785f107
SPEC-014-macos-dynamic	.build/contract-reports/spec-003/latest-macos-static.txt	b18da84a0622e2d24bfc1da8ce17fdf0c89faea7-5845a50eeb7d2730
SPEC-014-macos-dynamic	.build/contract-reports/spec-003/latest-nrf52840-embedded.txt	b18da84a0622e2d24bfc1da8ce17fdf0c89faea7-457fc7e1b9000afd
SPEC-014-macos-dynamic	.build/contract-reports/spec-003/latest-raspberry-pi-armv6.txt	b18da84a0622e2d24bfc1da8ce17fdf0c89faea7-457fc7e1b9000afd
SPEC-014-macos-dynamic	.build/contract-reports/spec-004/latest-macos-dynamic.txt	759cf5945d69313ab3546965eace2ecc08da5ab3-d93a5691c785f107
SPEC-014-macos-dynamic	.build/contract-reports/spec-004/latest-macos-static.txt	b18da84a0622e2d24bfc1da8ce17fdf0c89faea7-5845a50eeb7d2730
SPEC-014-macos-dynamic	.build/contract-reports/spec-004/latest-nrf52840-embedded.txt	b18da84a0622e2d24bfc1da8ce17fdf0c89faea7-457fc7e1b9000afd
SPEC-014-macos-dynamic	.build/contract-reports/spec-004/latest-raspberry-pi-armv6.txt	b18da84a0622e2d24bfc1da8ce17fdf0c89faea7-457fc7e1b9000afd
SPEC-014-macos-dynamic	.build/contract-reports/spec-005/latest-macos-dynamic.txt	759cf5945d69313ab3546965eace2ecc08da5ab3-13497580cfa982fc
SPEC-014-macos-dynamic	.build/contract-reports/spec-005/latest-macos-static.txt	b18da84a0622e2d24bfc1da8ce17fdf0c89faea7-91c75f621f54733c
SPEC-014-macos-dynamic	.build/contract-reports/spec-005/latest-nrf52840-embedded.txt	b18da84a0622e2d24bfc1da8ce17fdf0c89faea7-91c75f621f54733c
SPEC-014-macos-dynamic	.build/contract-reports/spec-005/latest-raspberry-pi-armv6.txt	b18da84a0622e2d24bfc1da8ce17fdf0c89faea7-91c75f621f54733c
SPEC-014-macos-dynamic	.build/contract-reports/spec-006/latest-macos-dynamic.txt	759cf5945d69313ab3546965eace2ecc08da5ab3-e4e48e37d8c767c7
SPEC-014-macos-dynamic	.build/contract-reports/spec-006/latest-macos-static.txt	b18da84a0622e2d24bfc1da8ce17fdf0c89faea7-2519f7ee7d9fd3e0
SPEC-014-macos-dynamic	.build/contract-reports/spec-006/latest-nrf52840-embedded.txt	b18da84a0622e2d24bfc1da8ce17fdf0c89faea7-2519f7ee7d9fd3e0
SPEC-014-macos-dynamic	.build/contract-reports/spec-006/latest-raspberry-pi-armv6.txt	b18da84a0622e2d24bfc1da8ce17fdf0c89faea7-2519f7ee7d9fd3e0
SPEC-014-macos-dynamic	.build/contract-reports/spec-007/latest-macos-dynamic.txt	759cf5945d69313ab3546965eace2ecc08da5ab3-9c9b7b98bfb72db1
SPEC-014-macos-dynamic	.build/contract-reports/spec-007/latest-macos-static.txt	b18da84a0622e2d24bfc1da8ce17fdf0c89faea7-88e8f7d4bd213aaf
SPEC-014-macos-dynamic	.build/contract-reports/spec-007/latest-nrf52840-embedded.txt	b18da84a0622e2d24bfc1da8ce17fdf0c89faea7-88e8f7d4bd213aaf
SPEC-014-macos-dynamic	.build/contract-reports/spec-007/latest-raspberry-pi-armv6.txt	b18da84a0622e2d24bfc1da8ce17fdf0c89faea7-88e8f7d4bd213aaf
SPEC-014-macos-dynamic	.build/contract-reports/spec-008/latest-macos-dynamic.txt	759cf5945d69313ab3546965eace2ecc08da5ab3-8c912bd577cac4a7
SPEC-014-macos-dynamic	.build/contract-reports/spec-008/latest-macos-static.txt	b18da84a0622e2d24bfc1da8ce17fdf0c89faea7-cf3969a84328c135
SPEC-014-macos-dynamic	.build/contract-reports/spec-008/latest-nrf52840-embedded.txt	b18da84a0622e2d24bfc1da8ce17fdf0c89faea7-cf3969a84328c135
SPEC-014-macos-dynamic	.build/contract-reports/spec-008/latest-raspberry-pi-armv6.txt	b18da84a0622e2d24bfc1da8ce17fdf0c89faea7-cf3969a84328c135
SPEC-014-macos-dynamic	.build/contract-reports/spec-009/latest-macos-dynamic.txt	759cf5945d69313ab3546965eace2ecc08da5ab3-54aaea69d783eaaa
SPEC-014-macos-dynamic	.build/contract-reports/spec-009/latest-macos-static.txt	b18da84a0622e2d24bfc1da8ce17fdf0c89faea7-16973c7d29593fdf
SPEC-014-macos-dynamic	.build/contract-reports/spec-009/latest-nrf52840-embedded.txt	b18da84a0622e2d24bfc1da8ce17fdf0c89faea7-16973c7d29593fdf
SPEC-014-macos-dynamic	.build/contract-reports/spec-009/latest-raspberry-pi-armv6.txt	b18da84a0622e2d24bfc1da8ce17fdf0c89faea7-16973c7d29593fdf
SPEC-014-macos-dynamic	.build/contract-reports/spec-010/latest-macos-dynamic.txt	759cf5945d69313ab3546965eace2ecc08da5ab3-f09fa73a6913497f
SPEC-014-macos-dynamic	.build/contract-reports/spec-010/latest-macos-static.txt	b18da84a0622e2d24bfc1da8ce17fdf0c89faea7-195b7e7bafcc2d2b
SPEC-014-macos-dynamic	.build/contract-reports/spec-010/latest-nrf52840-embedded.txt	b18da84a0622e2d24bfc1da8ce17fdf0c89faea7-195b7e7bafcc2d2b
SPEC-014-macos-dynamic	.build/contract-reports/spec-010/latest-raspberry-pi-armv6.txt	b18da84a0622e2d24bfc1da8ce17fdf0c89faea7-195b7e7bafcc2d2b
SPEC-014-macos-dynamic	.build/contract-reports/spec-011/latest-macos-dynamic.txt	759cf5945d69313ab3546965eace2ecc08da5ab3-d93a5691c785f107
SPEC-014-macos-dynamic	.build/contract-reports/spec-011/latest-macos-static.txt	b18da84a0622e2d24bfc1da8ce17fdf0c89faea7-5845a50eeb7d2730
SPEC-014-macos-dynamic	.build/contract-reports/spec-011/latest-nrf52840-embedded.txt	b18da84a0622e2d24bfc1da8ce17fdf0c89faea7-457fc7e1b9000afd
SPEC-014-macos-dynamic	.build/contract-reports/spec-011/latest-raspberry-pi-armv6.txt	b18da84a0622e2d24bfc1da8ce17fdf0c89faea7-457fc7e1b9000afd
SPEC-014-macos-dynamic	.build/contract-reports/spec-012/latest-macos-dynamic.txt	759cf5945d69313ab3546965eace2ecc08da5ab3-fc0aae9586267865
SPEC-014-macos-dynamic	.build/contract-reports/spec-012/latest-macos-static.txt	b18da84a0622e2d24bfc1da8ce17fdf0c89faea7-1c61dbad1d952f9d
SPEC-014-macos-dynamic	.build/contract-reports/spec-012/latest-nrf52840-embedded.txt	b18da84a0622e2d24bfc1da8ce17fdf0c89faea7-1c61dbad1d952f9d
SPEC-014-macos-dynamic	.build/contract-reports/spec-012/latest-raspberry-pi-armv6.txt	b18da84a0622e2d24bfc1da8ce17fdf0c89faea7-1c61dbad1d952f9d
SPEC-014-macos-dynamic	.build/contract-reports/spec-013/latest-macos-dynamic.txt	759cf5945d69313ab3546965eace2ecc08da5ab3-d25973a2ebde9c96
SPEC-014-macos-dynamic	.build/contract-reports/spec-013/latest-macos-static.txt	b18da84a0622e2d24bfc1da8ce17fdf0c89faea7-3011c2f2a2dbab33
SPEC-014-macos-dynamic	.build/contract-reports/spec-013/latest-nrf52840-embedded.txt	b18da84a0622e2d24bfc1da8ce17fdf0c89faea7-3011c2f2a2dbab33
SPEC-014-macos-dynamic	.build/contract-reports/spec-013/latest-raspberry-pi-armv6.txt	b18da84a0622e2d24bfc1da8ce17fdf0c89faea7-3011c2f2a2dbab33
SPEC-014-macos-dynamic	.build/contract-reports/spec-015/latest-macos-dynamic.txt	759cf5945d69313ab3546965eace2ecc08da5ab3-d93a5691c785f107
SPEC-014-macos-dynamic	.build/contract-reports/spec-015/latest-macos-static.txt	b18da84a0622e2d24bfc1da8ce17fdf0c89faea7-5845a50eeb7d2730
SPEC-014-macos-dynamic	.build/contract-reports/spec-015/latest-nrf52840-embedded.txt	b18da84a0622e2d24bfc1da8ce17fdf0c89faea7-457fc7e1b9000afd
SPEC-014-macos-dynamic	.build/contract-reports/spec-015/latest-raspberry-pi-armv6.txt	b18da84a0622e2d24bfc1da8ce17fdf0c89faea7-457fc7e1b9000afd
SPEC-015-macos-dynamic	.build/contract-reports/spec-001/latest-macos-dynamic.txt	20261004T225647Z-28781
SPEC-015-macos-dynamic	.build/contract-reports/spec-001/latest-macos-static.txt	20261004T141555Z-12014
SPEC-015-macos-dynamic	.build/contract-reports/spec-001/latest-nrf52840-embedded.txt	20261004T144054Z-36978
SPEC-015-macos-dynamic	.build/contract-reports/spec-001/latest-raspberry-pi-armv6.txt	20261004T142310Z-23558
SPEC-015-macos-dynamic	.build/contract-reports/spec-002/latest-macos-dynamic.txt	759cf5945d69313ab3546965eace2ecc08da5ab3-d93a5691c785f107
SPEC-015-macos-dynamic	.build/contract-reports/spec-002/latest-macos-static.txt	b18da84a0622e2d24bfc1da8ce17fdf0c89faea7-5845a50eeb7d2730
SPEC-015-macos-dynamic	.build/contract-reports/spec-002/latest-nrf52840-embedded.txt	b18da84a0622e2d24bfc1da8ce17fdf0c89faea7-457fc7e1b9000afd
SPEC-015-macos-dynamic	.build/contract-reports/spec-002/latest-raspberry-pi-armv6.txt	b18da84a0622e2d24bfc1da8ce17fdf0c89faea7-5845a50eeb7d2730
SPEC-015-macos-dynamic	.build/contract-reports/spec-003/latest-macos-dynamic.txt	759cf5945d69313ab3546965eace2ecc08da5ab3-d93a5691c785f107
SPEC-015-macos-dynamic	.build/contract-reports/spec-003/latest-macos-static.txt	b18da84a0622e2d24bfc1da8ce17fdf0c89faea7-5845a50eeb7d2730
SPEC-015-macos-dynamic	.build/contract-reports/spec-003/latest-nrf52840-embedded.txt	b18da84a0622e2d24bfc1da8ce17fdf0c89faea7-457fc7e1b9000afd
SPEC-015-macos-dynamic	.build/contract-reports/spec-003/latest-raspberry-pi-armv6.txt	b18da84a0622e2d24bfc1da8ce17fdf0c89faea7-457fc7e1b9000afd
SPEC-015-macos-dynamic	.build/contract-reports/spec-004/latest-macos-dynamic.txt	759cf5945d69313ab3546965eace2ecc08da5ab3-d93a5691c785f107
SPEC-015-macos-dynamic	.build/contract-reports/spec-004/latest-macos-static.txt	b18da84a0622e2d24bfc1da8ce17fdf0c89faea7-5845a50eeb7d2730
SPEC-015-macos-dynamic	.build/contract-reports/spec-004/latest-nrf52840-embedded.txt	b18da84a0622e2d24bfc1da8ce17fdf0c89faea7-457fc7e1b9000afd
SPEC-015-macos-dynamic	.build/contract-reports/spec-004/latest-raspberry-pi-armv6.txt	b18da84a0622e2d24bfc1da8ce17fdf0c89faea7-457fc7e1b9000afd
SPEC-015-macos-dynamic	.build/contract-reports/spec-005/latest-macos-dynamic.txt	759cf5945d69313ab3546965eace2ecc08da5ab3-13497580cfa982fc
SPEC-015-macos-dynamic	.build/contract-reports/spec-005/latest-macos-static.txt	b18da84a0622e2d24bfc1da8ce17fdf0c89faea7-91c75f621f54733c
SPEC-015-macos-dynamic	.build/contract-reports/spec-005/latest-nrf52840-embedded.txt	b18da84a0622e2d24bfc1da8ce17fdf0c89faea7-91c75f621f54733c
SPEC-015-macos-dynamic	.build/contract-reports/spec-005/latest-raspberry-pi-armv6.txt	b18da84a0622e2d24bfc1da8ce17fdf0c89faea7-91c75f621f54733c
SPEC-015-macos-dynamic	.build/contract-reports/spec-006/latest-macos-dynamic.txt	759cf5945d69313ab3546965eace2ecc08da5ab3-e4e48e37d8c767c7
SPEC-015-macos-dynamic	.build/contract-reports/spec-006/latest-macos-static.txt	b18da84a0622e2d24bfc1da8ce17fdf0c89faea7-2519f7ee7d9fd3e0
SPEC-015-macos-dynamic	.build/contract-reports/spec-006/latest-nrf52840-embedded.txt	b18da84a0622e2d24bfc1da8ce17fdf0c89faea7-2519f7ee7d9fd3e0
SPEC-015-macos-dynamic	.build/contract-reports/spec-006/latest-raspberry-pi-armv6.txt	b18da84a0622e2d24bfc1da8ce17fdf0c89faea7-2519f7ee7d9fd3e0
SPEC-015-macos-dynamic	.build/contract-reports/spec-007/latest-macos-dynamic.txt	759cf5945d69313ab3546965eace2ecc08da5ab3-9c9b7b98bfb72db1
SPEC-015-macos-dynamic	.build/contract-reports/spec-007/latest-macos-static.txt	b18da84a0622e2d24bfc1da8ce17fdf0c89faea7-88e8f7d4bd213aaf
SPEC-015-macos-dynamic	.build/contract-reports/spec-007/latest-nrf52840-embedded.txt	b18da84a0622e2d24bfc1da8ce17fdf0c89faea7-88e8f7d4bd213aaf
SPEC-015-macos-dynamic	.build/contract-reports/spec-007/latest-raspberry-pi-armv6.txt	b18da84a0622e2d24bfc1da8ce17fdf0c89faea7-88e8f7d4bd213aaf
SPEC-015-macos-dynamic	.build/contract-reports/spec-008/latest-macos-dynamic.txt	759cf5945d69313ab3546965eace2ecc08da5ab3-8c912bd577cac4a7
SPEC-015-macos-dynamic	.build/contract-reports/spec-008/latest-macos-static.txt	b18da84a0622e2d24bfc1da8ce17fdf0c89faea7-cf3969a84328c135
SPEC-015-macos-dynamic	.build/contract-reports/spec-008/latest-nrf52840-embedded.txt	b18da84a0622e2d24bfc1da8ce17fdf0c89faea7-cf3969a84328c135
SPEC-015-macos-dynamic	.build/contract-reports/spec-008/latest-raspberry-pi-armv6.txt	b18da84a0622e2d24bfc1da8ce17fdf0c89faea7-cf3969a84328c135
SPEC-015-macos-dynamic	.build/contract-reports/spec-009/latest-macos-dynamic.txt	759cf5945d69313ab3546965eace2ecc08da5ab3-54aaea69d783eaaa
SPEC-015-macos-dynamic	.build/contract-reports/spec-009/latest-macos-static.txt	b18da84a0622e2d24bfc1da8ce17fdf0c89faea7-16973c7d29593fdf
SPEC-015-macos-dynamic	.build/contract-reports/spec-009/latest-nrf52840-embedded.txt	b18da84a0622e2d24bfc1da8ce17fdf0c89faea7-16973c7d29593fdf
SPEC-015-macos-dynamic	.build/contract-reports/spec-009/latest-raspberry-pi-armv6.txt	b18da84a0622e2d24bfc1da8ce17fdf0c89faea7-16973c7d29593fdf
SPEC-015-macos-dynamic	.build/contract-reports/spec-010/latest-macos-dynamic.txt	759cf5945d69313ab3546965eace2ecc08da5ab3-f09fa73a6913497f
SPEC-015-macos-dynamic	.build/contract-reports/spec-010/latest-macos-static.txt	b18da84a0622e2d24bfc1da8ce17fdf0c89faea7-195b7e7bafcc2d2b
SPEC-015-macos-dynamic	.build/contract-reports/spec-010/latest-nrf52840-embedded.txt	b18da84a0622e2d24bfc1da8ce17fdf0c89faea7-195b7e7bafcc2d2b
SPEC-015-macos-dynamic	.build/contract-reports/spec-010/latest-raspberry-pi-armv6.txt	b18da84a0622e2d24bfc1da8ce17fdf0c89faea7-195b7e7bafcc2d2b
SPEC-015-macos-dynamic	.build/contract-reports/spec-011/latest-macos-dynamic.txt	759cf5945d69313ab3546965eace2ecc08da5ab3-d93a5691c785f107
SPEC-015-macos-dynamic	.build/contract-reports/spec-011/latest-macos-static.txt	b18da84a0622e2d24bfc1da8ce17fdf0c89faea7-5845a50eeb7d2730
SPEC-015-macos-dynamic	.build/contract-reports/spec-011/latest-nrf52840-embedded.txt	b18da84a0622e2d24bfc1da8ce17fdf0c89faea7-457fc7e1b9000afd
SPEC-015-macos-dynamic	.build/contract-reports/spec-011/latest-raspberry-pi-armv6.txt	b18da84a0622e2d24bfc1da8ce17fdf0c89faea7-457fc7e1b9000afd
SPEC-015-macos-dynamic	.build/contract-reports/spec-012/latest-macos-dynamic.txt	759cf5945d69313ab3546965eace2ecc08da5ab3-fc0aae9586267865
SPEC-015-macos-dynamic	.build/contract-reports/spec-012/latest-macos-static.txt	b18da84a0622e2d24bfc1da8ce17fdf0c89faea7-1c61dbad1d952f9d
SPEC-015-macos-dynamic	.build/contract-reports/spec-012/latest-nrf52840-embedded.txt	b18da84a0622e2d24bfc1da8ce17fdf0c89faea7-1c61dbad1d952f9d
SPEC-015-macos-dynamic	.build/contract-reports/spec-012/latest-raspberry-pi-armv6.txt	b18da84a0622e2d24bfc1da8ce17fdf0c89faea7-1c61dbad1d952f9d
SPEC-015-macos-dynamic	.build/contract-reports/spec-013/latest-macos-dynamic.txt	759cf5945d69313ab3546965eace2ecc08da5ab3-d25973a2ebde9c96
SPEC-015-macos-dynamic	.build/contract-reports/spec-013/latest-macos-static.txt	b18da84a0622e2d24bfc1da8ce17fdf0c89faea7-3011c2f2a2dbab33
SPEC-015-macos-dynamic	.build/contract-reports/spec-013/latest-nrf52840-embedded.txt	b18da84a0622e2d24bfc1da8ce17fdf0c89faea7-3011c2f2a2dbab33
SPEC-015-macos-dynamic	.build/contract-reports/spec-013/latest-raspberry-pi-armv6.txt	b18da84a0622e2d24bfc1da8ce17fdf0c89faea7-3011c2f2a2dbab33
SPEC-015-macos-dynamic	.build/contract-reports/spec-015/latest-macos-dynamic.txt	759cf5945d69313ab3546965eace2ecc08da5ab3-d93a5691c785f107
SPEC-015-macos-dynamic	.build/contract-reports/spec-015/latest-macos-static.txt	b18da84a0622e2d24bfc1da8ce17fdf0c89faea7-5845a50eeb7d2730
SPEC-015-macos-dynamic	.build/contract-reports/spec-015/latest-nrf52840-embedded.txt	b18da84a0622e2d24bfc1da8ce17fdf0c89faea7-457fc7e1b9000afd
SPEC-015-macos-dynamic	.build/contract-reports/spec-015/latest-raspberry-pi-armv6.txt	b18da84a0622e2d24bfc1da8ce17fdf0c89faea7-457fc7e1b9000afd
published	/Users/eugene/work/GiftUI/.build/contract-reports/spec-015/759cf5945d69313ab3546965eace2ecc08da5ab3-d93a5691c785f107/macos-static	759cf5945d69313ab3546965eace2ecc08da5ab3-d93a5691c785f107
published	/Users/eugene/work/GiftUI/.build/contract-reports/spec-001/20261004T230354Z-41114/macos-static	20261004T230354Z-41114
SPEC-001-macos-static	.build/contract-reports/spec-001/latest-macos-dynamic.txt	20261004T225647Z-28781
SPEC-001-macos-static	.build/contract-reports/spec-001/latest-macos-static.txt	20261004T230354Z-41114
SPEC-001-macos-static	.build/contract-reports/spec-001/latest-nrf52840-embedded.txt	20261004T144054Z-36978
SPEC-001-macos-static	.build/contract-reports/spec-001/latest-raspberry-pi-armv6.txt	20261004T142310Z-23558
SPEC-001-macos-static	.build/contract-reports/spec-002/latest-macos-dynamic.txt	759cf5945d69313ab3546965eace2ecc08da5ab3-d93a5691c785f107
SPEC-001-macos-static	.build/contract-reports/spec-002/latest-macos-static.txt	b18da84a0622e2d24bfc1da8ce17fdf0c89faea7-5845a50eeb7d2730
SPEC-001-macos-static	.build/contract-reports/spec-002/latest-nrf52840-embedded.txt	b18da84a0622e2d24bfc1da8ce17fdf0c89faea7-457fc7e1b9000afd
SPEC-001-macos-static	.build/contract-reports/spec-002/latest-raspberry-pi-armv6.txt	b18da84a0622e2d24bfc1da8ce17fdf0c89faea7-5845a50eeb7d2730
SPEC-001-macos-static	.build/contract-reports/spec-003/latest-macos-dynamic.txt	759cf5945d69313ab3546965eace2ecc08da5ab3-d93a5691c785f107
SPEC-001-macos-static	.build/contract-reports/spec-003/latest-macos-static.txt	b18da84a0622e2d24bfc1da8ce17fdf0c89faea7-5845a50eeb7d2730
SPEC-001-macos-static	.build/contract-reports/spec-003/latest-nrf52840-embedded.txt	b18da84a0622e2d24bfc1da8ce17fdf0c89faea7-457fc7e1b9000afd
SPEC-001-macos-static	.build/contract-reports/spec-003/latest-raspberry-pi-armv6.txt	b18da84a0622e2d24bfc1da8ce17fdf0c89faea7-457fc7e1b9000afd
SPEC-001-macos-static	.build/contract-reports/spec-004/latest-macos-dynamic.txt	759cf5945d69313ab3546965eace2ecc08da5ab3-d93a5691c785f107
SPEC-001-macos-static	.build/contract-reports/spec-004/latest-macos-static.txt	b18da84a0622e2d24bfc1da8ce17fdf0c89faea7-5845a50eeb7d2730
SPEC-001-macos-static	.build/contract-reports/spec-004/latest-nrf52840-embedded.txt	b18da84a0622e2d24bfc1da8ce17fdf0c89faea7-457fc7e1b9000afd
SPEC-001-macos-static	.build/contract-reports/spec-004/latest-raspberry-pi-armv6.txt	b18da84a0622e2d24bfc1da8ce17fdf0c89faea7-457fc7e1b9000afd
SPEC-001-macos-static	.build/contract-reports/spec-005/latest-macos-dynamic.txt	759cf5945d69313ab3546965eace2ecc08da5ab3-13497580cfa982fc
SPEC-001-macos-static	.build/contract-reports/spec-005/latest-macos-static.txt	b18da84a0622e2d24bfc1da8ce17fdf0c89faea7-91c75f621f54733c
SPEC-001-macos-static	.build/contract-reports/spec-005/latest-nrf52840-embedded.txt	b18da84a0622e2d24bfc1da8ce17fdf0c89faea7-91c75f621f54733c
SPEC-001-macos-static	.build/contract-reports/spec-005/latest-raspberry-pi-armv6.txt	b18da84a0622e2d24bfc1da8ce17fdf0c89faea7-91c75f621f54733c
SPEC-001-macos-static	.build/contract-reports/spec-006/latest-macos-dynamic.txt	759cf5945d69313ab3546965eace2ecc08da5ab3-e4e48e37d8c767c7
SPEC-001-macos-static	.build/contract-reports/spec-006/latest-macos-static.txt	b18da84a0622e2d24bfc1da8ce17fdf0c89faea7-2519f7ee7d9fd3e0
SPEC-001-macos-static	.build/contract-reports/spec-006/latest-nrf52840-embedded.txt	b18da84a0622e2d24bfc1da8ce17fdf0c89faea7-2519f7ee7d9fd3e0
SPEC-001-macos-static	.build/contract-reports/spec-006/latest-raspberry-pi-armv6.txt	b18da84a0622e2d24bfc1da8ce17fdf0c89faea7-2519f7ee7d9fd3e0
SPEC-001-macos-static	.build/contract-reports/spec-007/latest-macos-dynamic.txt	759cf5945d69313ab3546965eace2ecc08da5ab3-9c9b7b98bfb72db1
SPEC-001-macos-static	.build/contract-reports/spec-007/latest-macos-static.txt	b18da84a0622e2d24bfc1da8ce17fdf0c89faea7-88e8f7d4bd213aaf
SPEC-001-macos-static	.build/contract-reports/spec-007/latest-nrf52840-embedded.txt	b18da84a0622e2d24bfc1da8ce17fdf0c89faea7-88e8f7d4bd213aaf
SPEC-001-macos-static	.build/contract-reports/spec-007/latest-raspberry-pi-armv6.txt	b18da84a0622e2d24bfc1da8ce17fdf0c89faea7-88e8f7d4bd213aaf
SPEC-001-macos-static	.build/contract-reports/spec-008/latest-macos-dynamic.txt	759cf5945d69313ab3546965eace2ecc08da5ab3-8c912bd577cac4a7
SPEC-001-macos-static	.build/contract-reports/spec-008/latest-macos-static.txt	b18da84a0622e2d24bfc1da8ce17fdf0c89faea7-cf3969a84328c135
SPEC-001-macos-static	.build/contract-reports/spec-008/latest-nrf52840-embedded.txt	b18da84a0622e2d24bfc1da8ce17fdf0c89faea7-cf3969a84328c135
SPEC-001-macos-static	.build/contract-reports/spec-008/latest-raspberry-pi-armv6.txt	b18da84a0622e2d24bfc1da8ce17fdf0c89faea7-cf3969a84328c135
SPEC-001-macos-static	.build/contract-reports/spec-009/latest-macos-dynamic.txt	759cf5945d69313ab3546965eace2ecc08da5ab3-54aaea69d783eaaa
SPEC-001-macos-static	.build/contract-reports/spec-009/latest-macos-static.txt	b18da84a0622e2d24bfc1da8ce17fdf0c89faea7-16973c7d29593fdf
SPEC-001-macos-static	.build/contract-reports/spec-009/latest-nrf52840-embedded.txt	b18da84a0622e2d24bfc1da8ce17fdf0c89faea7-16973c7d29593fdf
SPEC-001-macos-static	.build/contract-reports/spec-009/latest-raspberry-pi-armv6.txt	b18da84a0622e2d24bfc1da8ce17fdf0c89faea7-16973c7d29593fdf
SPEC-001-macos-static	.build/contract-reports/spec-010/latest-macos-dynamic.txt	759cf5945d69313ab3546965eace2ecc08da5ab3-f09fa73a6913497f
SPEC-001-macos-static	.build/contract-reports/spec-010/latest-macos-static.txt	b18da84a0622e2d24bfc1da8ce17fdf0c89faea7-195b7e7bafcc2d2b
SPEC-001-macos-static	.build/contract-reports/spec-010/latest-nrf52840-embedded.txt	b18da84a0622e2d24bfc1da8ce17fdf0c89faea7-195b7e7bafcc2d2b
SPEC-001-macos-static	.build/contract-reports/spec-010/latest-raspberry-pi-armv6.txt	b18da84a0622e2d24bfc1da8ce17fdf0c89faea7-195b7e7bafcc2d2b
SPEC-001-macos-static	.build/contract-reports/spec-011/latest-macos-dynamic.txt	759cf5945d69313ab3546965eace2ecc08da5ab3-d93a5691c785f107
SPEC-001-macos-static	.build/contract-reports/spec-011/latest-macos-static.txt	b18da84a0622e2d24bfc1da8ce17fdf0c89faea7-5845a50eeb7d2730
SPEC-001-macos-static	.build/contract-reports/spec-011/latest-nrf52840-embedded.txt	b18da84a0622e2d24bfc1da8ce17fdf0c89faea7-457fc7e1b9000afd
SPEC-001-macos-static	.build/contract-reports/spec-011/latest-raspberry-pi-armv6.txt	b18da84a0622e2d24bfc1da8ce17fdf0c89faea7-457fc7e1b9000afd
SPEC-001-macos-static	.build/contract-reports/spec-012/latest-macos-dynamic.txt	759cf5945d69313ab3546965eace2ecc08da5ab3-fc0aae9586267865
SPEC-001-macos-static	.build/contract-reports/spec-012/latest-macos-static.txt	b18da84a0622e2d24bfc1da8ce17fdf0c89faea7-1c61dbad1d952f9d
SPEC-001-macos-static	.build/contract-reports/spec-012/latest-nrf52840-embedded.txt	b18da84a0622e2d24bfc1da8ce17fdf0c89faea7-1c61dbad1d952f9d
SPEC-001-macos-static	.build/contract-reports/spec-012/latest-raspberry-pi-armv6.txt	b18da84a0622e2d24bfc1da8ce17fdf0c89faea7-1c61dbad1d952f9d
SPEC-001-macos-static	.build/contract-reports/spec-013/latest-macos-dynamic.txt	759cf5945d69313ab3546965eace2ecc08da5ab3-d25973a2ebde9c96
SPEC-001-macos-static	.build/contract-reports/spec-013/latest-macos-static.txt	b18da84a0622e2d24bfc1da8ce17fdf0c89faea7-3011c2f2a2dbab33
SPEC-001-macos-static	.build/contract-reports/spec-013/latest-nrf52840-embedded.txt	b18da84a0622e2d24bfc1da8ce17fdf0c89faea7-3011c2f2a2dbab33
SPEC-001-macos-static	.build/contract-reports/spec-013/latest-raspberry-pi-armv6.txt	b18da84a0622e2d24bfc1da8ce17fdf0c89faea7-3011c2f2a2dbab33
SPEC-001-macos-static	.build/contract-reports/spec-015/latest-macos-dynamic.txt	759cf5945d69313ab3546965eace2ecc08da5ab3-d93a5691c785f107
SPEC-001-macos-static	.build/contract-reports/spec-015/latest-macos-static.txt	759cf5945d69313ab3546965eace2ecc08da5ab3-d93a5691c785f107
SPEC-001-macos-static	.build/contract-reports/spec-015/latest-nrf52840-embedded.txt	b18da84a0622e2d24bfc1da8ce17fdf0c89faea7-457fc7e1b9000afd
SPEC-001-macos-static	.build/contract-reports/spec-015/latest-raspberry-pi-armv6.txt	b18da84a0622e2d24bfc1da8ce17fdf0c89faea7-457fc7e1b9000afd
published	/Users/eugene/work/GiftUI/.build/contract-reports/spec-002/759cf5945d69313ab3546965eace2ecc08da5ab3-d93a5691c785f107/macos-static	759cf5945d69313ab3546965eace2ecc08da5ab3-d93a5691c785f107
SPEC-002-macos-static	.build/contract-reports/spec-001/latest-macos-dynamic.txt	20261004T225647Z-28781
SPEC-002-macos-static	.build/contract-reports/spec-001/latest-macos-static.txt	20261004T230354Z-41114
SPEC-002-macos-static	.build/contract-reports/spec-001/latest-nrf52840-embedded.txt	20261004T144054Z-36978
SPEC-002-macos-static	.build/contract-reports/spec-001/latest-raspberry-pi-armv6.txt	20261004T142310Z-23558
SPEC-002-macos-static	.build/contract-reports/spec-002/latest-macos-dynamic.txt	759cf5945d69313ab3546965eace2ecc08da5ab3-d93a5691c785f107
SPEC-002-macos-static	.build/contract-reports/spec-002/latest-macos-static.txt	759cf5945d69313ab3546965eace2ecc08da5ab3-d93a5691c785f107
SPEC-002-macos-static	.build/contract-reports/spec-002/latest-nrf52840-embedded.txt	b18da84a0622e2d24bfc1da8ce17fdf0c89faea7-457fc7e1b9000afd
SPEC-002-macos-static	.build/contract-reports/spec-002/latest-raspberry-pi-armv6.txt	b18da84a0622e2d24bfc1da8ce17fdf0c89faea7-5845a50eeb7d2730
SPEC-002-macos-static	.build/contract-reports/spec-003/latest-macos-dynamic.txt	759cf5945d69313ab3546965eace2ecc08da5ab3-d93a5691c785f107
SPEC-002-macos-static	.build/contract-reports/spec-003/latest-macos-static.txt	b18da84a0622e2d24bfc1da8ce17fdf0c89faea7-5845a50eeb7d2730
SPEC-002-macos-static	.build/contract-reports/spec-003/latest-nrf52840-embedded.txt	b18da84a0622e2d24bfc1da8ce17fdf0c89faea7-457fc7e1b9000afd
SPEC-002-macos-static	.build/contract-reports/spec-003/latest-raspberry-pi-armv6.txt	b18da84a0622e2d24bfc1da8ce17fdf0c89faea7-457fc7e1b9000afd
SPEC-002-macos-static	.build/contract-reports/spec-004/latest-macos-dynamic.txt	759cf5945d69313ab3546965eace2ecc08da5ab3-d93a5691c785f107
SPEC-002-macos-static	.build/contract-reports/spec-004/latest-macos-static.txt	b18da84a0622e2d24bfc1da8ce17fdf0c89faea7-5845a50eeb7d2730
SPEC-002-macos-static	.build/contract-reports/spec-004/latest-nrf52840-embedded.txt	b18da84a0622e2d24bfc1da8ce17fdf0c89faea7-457fc7e1b9000afd
SPEC-002-macos-static	.build/contract-reports/spec-004/latest-raspberry-pi-armv6.txt	b18da84a0622e2d24bfc1da8ce17fdf0c89faea7-457fc7e1b9000afd
SPEC-002-macos-static	.build/contract-reports/spec-005/latest-macos-dynamic.txt	759cf5945d69313ab3546965eace2ecc08da5ab3-13497580cfa982fc
SPEC-002-macos-static	.build/contract-reports/spec-005/latest-macos-static.txt	b18da84a0622e2d24bfc1da8ce17fdf0c89faea7-91c75f621f54733c
SPEC-002-macos-static	.build/contract-reports/spec-005/latest-nrf52840-embedded.txt	b18da84a0622e2d24bfc1da8ce17fdf0c89faea7-91c75f621f54733c
SPEC-002-macos-static	.build/contract-reports/spec-005/latest-raspberry-pi-armv6.txt	b18da84a0622e2d24bfc1da8ce17fdf0c89faea7-91c75f621f54733c
SPEC-002-macos-static	.build/contract-reports/spec-006/latest-macos-dynamic.txt	759cf5945d69313ab3546965eace2ecc08da5ab3-e4e48e37d8c767c7
SPEC-002-macos-static	.build/contract-reports/spec-006/latest-macos-static.txt	b18da84a0622e2d24bfc1da8ce17fdf0c89faea7-2519f7ee7d9fd3e0
SPEC-002-macos-static	.build/contract-reports/spec-006/latest-nrf52840-embedded.txt	b18da84a0622e2d24bfc1da8ce17fdf0c89faea7-2519f7ee7d9fd3e0
SPEC-002-macos-static	.build/contract-reports/spec-006/latest-raspberry-pi-armv6.txt	b18da84a0622e2d24bfc1da8ce17fdf0c89faea7-2519f7ee7d9fd3e0
SPEC-002-macos-static	.build/contract-reports/spec-007/latest-macos-dynamic.txt	759cf5945d69313ab3546965eace2ecc08da5ab3-9c9b7b98bfb72db1
SPEC-002-macos-static	.build/contract-reports/spec-007/latest-macos-static.txt	b18da84a0622e2d24bfc1da8ce17fdf0c89faea7-88e8f7d4bd213aaf
SPEC-002-macos-static	.build/contract-reports/spec-007/latest-nrf52840-embedded.txt	b18da84a0622e2d24bfc1da8ce17fdf0c89faea7-88e8f7d4bd213aaf
SPEC-002-macos-static	.build/contract-reports/spec-007/latest-raspberry-pi-armv6.txt	b18da84a0622e2d24bfc1da8ce17fdf0c89faea7-88e8f7d4bd213aaf
SPEC-002-macos-static	.build/contract-reports/spec-008/latest-macos-dynamic.txt	759cf5945d69313ab3546965eace2ecc08da5ab3-8c912bd577cac4a7
SPEC-002-macos-static	.build/contract-reports/spec-008/latest-macos-static.txt	b18da84a0622e2d24bfc1da8ce17fdf0c89faea7-cf3969a84328c135
SPEC-002-macos-static	.build/contract-reports/spec-008/latest-nrf52840-embedded.txt	b18da84a0622e2d24bfc1da8ce17fdf0c89faea7-cf3969a84328c135
SPEC-002-macos-static	.build/contract-reports/spec-008/latest-raspberry-pi-armv6.txt	b18da84a0622e2d24bfc1da8ce17fdf0c89faea7-cf3969a84328c135
SPEC-002-macos-static	.build/contract-reports/spec-009/latest-macos-dynamic.txt	759cf5945d69313ab3546965eace2ecc08da5ab3-54aaea69d783eaaa
SPEC-002-macos-static	.build/contract-reports/spec-009/latest-macos-static.txt	b18da84a0622e2d24bfc1da8ce17fdf0c89faea7-16973c7d29593fdf
SPEC-002-macos-static	.build/contract-reports/spec-009/latest-nrf52840-embedded.txt	b18da84a0622e2d24bfc1da8ce17fdf0c89faea7-16973c7d29593fdf
SPEC-002-macos-static	.build/contract-reports/spec-009/latest-raspberry-pi-armv6.txt	b18da84a0622e2d24bfc1da8ce17fdf0c89faea7-16973c7d29593fdf
SPEC-002-macos-static	.build/contract-reports/spec-010/latest-macos-dynamic.txt	759cf5945d69313ab3546965eace2ecc08da5ab3-f09fa73a6913497f
SPEC-002-macos-static	.build/contract-reports/spec-010/latest-macos-static.txt	b18da84a0622e2d24bfc1da8ce17fdf0c89faea7-195b7e7bafcc2d2b
SPEC-002-macos-static	.build/contract-reports/spec-010/latest-nrf52840-embedded.txt	b18da84a0622e2d24bfc1da8ce17fdf0c89faea7-195b7e7bafcc2d2b
SPEC-002-macos-static	.build/contract-reports/spec-010/latest-raspberry-pi-armv6.txt	b18da84a0622e2d24bfc1da8ce17fdf0c89faea7-195b7e7bafcc2d2b
SPEC-002-macos-static	.build/contract-reports/spec-011/latest-macos-dynamic.txt	759cf5945d69313ab3546965eace2ecc08da5ab3-d93a5691c785f107
SPEC-002-macos-static	.build/contract-reports/spec-011/latest-macos-static.txt	b18da84a0622e2d24bfc1da8ce17fdf0c89faea7-5845a50eeb7d2730
SPEC-002-macos-static	.build/contract-reports/spec-011/latest-nrf52840-embedded.txt	b18da84a0622e2d24bfc1da8ce17fdf0c89faea7-457fc7e1b9000afd
SPEC-002-macos-static	.build/contract-reports/spec-011/latest-raspberry-pi-armv6.txt	b18da84a0622e2d24bfc1da8ce17fdf0c89faea7-457fc7e1b9000afd
SPEC-002-macos-static	.build/contract-reports/spec-012/latest-macos-dynamic.txt	759cf5945d69313ab3546965eace2ecc08da5ab3-fc0aae9586267865
SPEC-002-macos-static	.build/contract-reports/spec-012/latest-macos-static.txt	b18da84a0622e2d24bfc1da8ce17fdf0c89faea7-1c61dbad1d952f9d
SPEC-002-macos-static	.build/contract-reports/spec-012/latest-nrf52840-embedded.txt	b18da84a0622e2d24bfc1da8ce17fdf0c89faea7-1c61dbad1d952f9d
SPEC-002-macos-static	.build/contract-reports/spec-012/latest-raspberry-pi-armv6.txt	b18da84a0622e2d24bfc1da8ce17fdf0c89faea7-1c61dbad1d952f9d
SPEC-002-macos-static	.build/contract-reports/spec-013/latest-macos-dynamic.txt	759cf5945d69313ab3546965eace2ecc08da5ab3-d25973a2ebde9c96
SPEC-002-macos-static	.build/contract-reports/spec-013/latest-macos-static.txt	b18da84a0622e2d24bfc1da8ce17fdf0c89faea7-3011c2f2a2dbab33
SPEC-002-macos-static	.build/contract-reports/spec-013/latest-nrf52840-embedded.txt	b18da84a0622e2d24bfc1da8ce17fdf0c89faea7-3011c2f2a2dbab33
SPEC-002-macos-static	.build/contract-reports/spec-013/latest-raspberry-pi-armv6.txt	b18da84a0622e2d24bfc1da8ce17fdf0c89faea7-3011c2f2a2dbab33
SPEC-002-macos-static	.build/contract-reports/spec-015/latest-macos-dynamic.txt	759cf5945d69313ab3546965eace2ecc08da5ab3-d93a5691c785f107
SPEC-002-macos-static	.build/contract-reports/spec-015/latest-macos-static.txt	759cf5945d69313ab3546965eace2ecc08da5ab3-d93a5691c785f107
SPEC-002-macos-static	.build/contract-reports/spec-015/latest-nrf52840-embedded.txt	b18da84a0622e2d24bfc1da8ce17fdf0c89faea7-457fc7e1b9000afd
SPEC-002-macos-static	.build/contract-reports/spec-015/latest-raspberry-pi-armv6.txt	b18da84a0622e2d24bfc1da8ce17fdf0c89faea7-457fc7e1b9000afd
published	/Users/eugene/work/GiftUI/.build/contract-reports/spec-003/759cf5945d69313ab3546965eace2ecc08da5ab3-d93a5691c785f107/macos-static	759cf5945d69313ab3546965eace2ecc08da5ab3-d93a5691c785f107
SPEC-003-macos-static	.build/contract-reports/spec-001/latest-macos-dynamic.txt	20261004T225647Z-28781
SPEC-003-macos-static	.build/contract-reports/spec-001/latest-macos-static.txt	20261004T230354Z-41114
SPEC-003-macos-static	.build/contract-reports/spec-001/latest-nrf52840-embedded.txt	20261004T144054Z-36978
SPEC-003-macos-static	.build/contract-reports/spec-001/latest-raspberry-pi-armv6.txt	20261004T142310Z-23558
SPEC-003-macos-static	.build/contract-reports/spec-002/latest-macos-dynamic.txt	759cf5945d69313ab3546965eace2ecc08da5ab3-d93a5691c785f107
SPEC-003-macos-static	.build/contract-reports/spec-002/latest-macos-static.txt	759cf5945d69313ab3546965eace2ecc08da5ab3-d93a5691c785f107
SPEC-003-macos-static	.build/contract-reports/spec-002/latest-nrf52840-embedded.txt	b18da84a0622e2d24bfc1da8ce17fdf0c89faea7-457fc7e1b9000afd
SPEC-003-macos-static	.build/contract-reports/spec-002/latest-raspberry-pi-armv6.txt	b18da84a0622e2d24bfc1da8ce17fdf0c89faea7-5845a50eeb7d2730
SPEC-003-macos-static	.build/contract-reports/spec-003/latest-macos-dynamic.txt	759cf5945d69313ab3546965eace2ecc08da5ab3-d93a5691c785f107
SPEC-003-macos-static	.build/contract-reports/spec-003/latest-macos-static.txt	759cf5945d69313ab3546965eace2ecc08da5ab3-d93a5691c785f107
SPEC-003-macos-static	.build/contract-reports/spec-003/latest-nrf52840-embedded.txt	b18da84a0622e2d24bfc1da8ce17fdf0c89faea7-457fc7e1b9000afd
SPEC-003-macos-static	.build/contract-reports/spec-003/latest-raspberry-pi-armv6.txt	b18da84a0622e2d24bfc1da8ce17fdf0c89faea7-457fc7e1b9000afd
SPEC-003-macos-static	.build/contract-reports/spec-004/latest-macos-dynamic.txt	759cf5945d69313ab3546965eace2ecc08da5ab3-d93a5691c785f107
SPEC-003-macos-static	.build/contract-reports/spec-004/latest-macos-static.txt	b18da84a0622e2d24bfc1da8ce17fdf0c89faea7-5845a50eeb7d2730
SPEC-003-macos-static	.build/contract-reports/spec-004/latest-nrf52840-embedded.txt	b18da84a0622e2d24bfc1da8ce17fdf0c89faea7-457fc7e1b9000afd
SPEC-003-macos-static	.build/contract-reports/spec-004/latest-raspberry-pi-armv6.txt	b18da84a0622e2d24bfc1da8ce17fdf0c89faea7-457fc7e1b9000afd
SPEC-003-macos-static	.build/contract-reports/spec-005/latest-macos-dynamic.txt	759cf5945d69313ab3546965eace2ecc08da5ab3-13497580cfa982fc
SPEC-003-macos-static	.build/contract-reports/spec-005/latest-macos-static.txt	b18da84a0622e2d24bfc1da8ce17fdf0c89faea7-91c75f621f54733c
SPEC-003-macos-static	.build/contract-reports/spec-005/latest-nrf52840-embedded.txt	b18da84a0622e2d24bfc1da8ce17fdf0c89faea7-91c75f621f54733c
SPEC-003-macos-static	.build/contract-reports/spec-005/latest-raspberry-pi-armv6.txt	b18da84a0622e2d24bfc1da8ce17fdf0c89faea7-91c75f621f54733c
SPEC-003-macos-static	.build/contract-reports/spec-006/latest-macos-dynamic.txt	759cf5945d69313ab3546965eace2ecc08da5ab3-e4e48e37d8c767c7
SPEC-003-macos-static	.build/contract-reports/spec-006/latest-macos-static.txt	b18da84a0622e2d24bfc1da8ce17fdf0c89faea7-2519f7ee7d9fd3e0
SPEC-003-macos-static	.build/contract-reports/spec-006/latest-nrf52840-embedded.txt	b18da84a0622e2d24bfc1da8ce17fdf0c89faea7-2519f7ee7d9fd3e0
SPEC-003-macos-static	.build/contract-reports/spec-006/latest-raspberry-pi-armv6.txt	b18da84a0622e2d24bfc1da8ce17fdf0c89faea7-2519f7ee7d9fd3e0
SPEC-003-macos-static	.build/contract-reports/spec-007/latest-macos-dynamic.txt	759cf5945d69313ab3546965eace2ecc08da5ab3-9c9b7b98bfb72db1
SPEC-003-macos-static	.build/contract-reports/spec-007/latest-macos-static.txt	b18da84a0622e2d24bfc1da8ce17fdf0c89faea7-88e8f7d4bd213aaf
SPEC-003-macos-static	.build/contract-reports/spec-007/latest-nrf52840-embedded.txt	b18da84a0622e2d24bfc1da8ce17fdf0c89faea7-88e8f7d4bd213aaf
SPEC-003-macos-static	.build/contract-reports/spec-007/latest-raspberry-pi-armv6.txt	b18da84a0622e2d24bfc1da8ce17fdf0c89faea7-88e8f7d4bd213aaf
SPEC-003-macos-static	.build/contract-reports/spec-008/latest-macos-dynamic.txt	759cf5945d69313ab3546965eace2ecc08da5ab3-8c912bd577cac4a7
SPEC-003-macos-static	.build/contract-reports/spec-008/latest-macos-static.txt	b18da84a0622e2d24bfc1da8ce17fdf0c89faea7-cf3969a84328c135
SPEC-003-macos-static	.build/contract-reports/spec-008/latest-nrf52840-embedded.txt	b18da84a0622e2d24bfc1da8ce17fdf0c89faea7-cf3969a84328c135
SPEC-003-macos-static	.build/contract-reports/spec-008/latest-raspberry-pi-armv6.txt	b18da84a0622e2d24bfc1da8ce17fdf0c89faea7-cf3969a84328c135
SPEC-003-macos-static	.build/contract-reports/spec-009/latest-macos-dynamic.txt	759cf5945d69313ab3546965eace2ecc08da5ab3-54aaea69d783eaaa
SPEC-003-macos-static	.build/contract-reports/spec-009/latest-macos-static.txt	b18da84a0622e2d24bfc1da8ce17fdf0c89faea7-16973c7d29593fdf
SPEC-003-macos-static	.build/contract-reports/spec-009/latest-nrf52840-embedded.txt	b18da84a0622e2d24bfc1da8ce17fdf0c89faea7-16973c7d29593fdf
SPEC-003-macos-static	.build/contract-reports/spec-009/latest-raspberry-pi-armv6.txt	b18da84a0622e2d24bfc1da8ce17fdf0c89faea7-16973c7d29593fdf
SPEC-003-macos-static	.build/contract-reports/spec-010/latest-macos-dynamic.txt	759cf5945d69313ab3546965eace2ecc08da5ab3-f09fa73a6913497f
SPEC-003-macos-static	.build/contract-reports/spec-010/latest-macos-static.txt	b18da84a0622e2d24bfc1da8ce17fdf0c89faea7-195b7e7bafcc2d2b
SPEC-003-macos-static	.build/contract-reports/spec-010/latest-nrf52840-embedded.txt	b18da84a0622e2d24bfc1da8ce17fdf0c89faea7-195b7e7bafcc2d2b
SPEC-003-macos-static	.build/contract-reports/spec-010/latest-raspberry-pi-armv6.txt	b18da84a0622e2d24bfc1da8ce17fdf0c89faea7-195b7e7bafcc2d2b
SPEC-003-macos-static	.build/contract-reports/spec-011/latest-macos-dynamic.txt	759cf5945d69313ab3546965eace2ecc08da5ab3-d93a5691c785f107
SPEC-003-macos-static	.build/contract-reports/spec-011/latest-macos-static.txt	b18da84a0622e2d24bfc1da8ce17fdf0c89faea7-5845a50eeb7d2730
SPEC-003-macos-static	.build/contract-reports/spec-011/latest-nrf52840-embedded.txt	b18da84a0622e2d24bfc1da8ce17fdf0c89faea7-457fc7e1b9000afd
SPEC-003-macos-static	.build/contract-reports/spec-011/latest-raspberry-pi-armv6.txt	b18da84a0622e2d24bfc1da8ce17fdf0c89faea7-457fc7e1b9000afd
SPEC-003-macos-static	.build/contract-reports/spec-012/latest-macos-dynamic.txt	759cf5945d69313ab3546965eace2ecc08da5ab3-fc0aae9586267865
SPEC-003-macos-static	.build/contract-reports/spec-012/latest-macos-static.txt	b18da84a0622e2d24bfc1da8ce17fdf0c89faea7-1c61dbad1d952f9d
SPEC-003-macos-static	.build/contract-reports/spec-012/latest-nrf52840-embedded.txt	b18da84a0622e2d24bfc1da8ce17fdf0c89faea7-1c61dbad1d952f9d
SPEC-003-macos-static	.build/contract-reports/spec-012/latest-raspberry-pi-armv6.txt	b18da84a0622e2d24bfc1da8ce17fdf0c89faea7-1c61dbad1d952f9d
SPEC-003-macos-static	.build/contract-reports/spec-013/latest-macos-dynamic.txt	759cf5945d69313ab3546965eace2ecc08da5ab3-d25973a2ebde9c96
SPEC-003-macos-static	.build/contract-reports/spec-013/latest-macos-static.txt	b18da84a0622e2d24bfc1da8ce17fdf0c89faea7-3011c2f2a2dbab33
SPEC-003-macos-static	.build/contract-reports/spec-013/latest-nrf52840-embedded.txt	b18da84a0622e2d24bfc1da8ce17fdf0c89faea7-3011c2f2a2dbab33
SPEC-003-macos-static	.build/contract-reports/spec-013/latest-raspberry-pi-armv6.txt	b18da84a0622e2d24bfc1da8ce17fdf0c89faea7-3011c2f2a2dbab33
SPEC-003-macos-static	.build/contract-reports/spec-015/latest-macos-dynamic.txt	759cf5945d69313ab3546965eace2ecc08da5ab3-d93a5691c785f107
SPEC-003-macos-static	.build/contract-reports/spec-015/latest-macos-static.txt	759cf5945d69313ab3546965eace2ecc08da5ab3-d93a5691c785f107
SPEC-003-macos-static	.build/contract-reports/spec-015/latest-nrf52840-embedded.txt	b18da84a0622e2d24bfc1da8ce17fdf0c89faea7-457fc7e1b9000afd
SPEC-003-macos-static	.build/contract-reports/spec-015/latest-raspberry-pi-armv6.txt	b18da84a0622e2d24bfc1da8ce17fdf0c89faea7-457fc7e1b9000afd
published	/Users/eugene/work/GiftUI/.build/contract-reports/spec-004/759cf5945d69313ab3546965eace2ecc08da5ab3-d93a5691c785f107/macos-static	759cf5945d69313ab3546965eace2ecc08da5ab3-d93a5691c785f107
SPEC-004-macos-static	.build/contract-reports/spec-001/latest-macos-dynamic.txt	20261004T225647Z-28781
SPEC-004-macos-static	.build/contract-reports/spec-001/latest-macos-static.txt	20261004T230354Z-41114
SPEC-004-macos-static	.build/contract-reports/spec-001/latest-nrf52840-embedded.txt	20261004T144054Z-36978
SPEC-004-macos-static	.build/contract-reports/spec-001/latest-raspberry-pi-armv6.txt	20261004T142310Z-23558
SPEC-004-macos-static	.build/contract-reports/spec-002/latest-macos-dynamic.txt	759cf5945d69313ab3546965eace2ecc08da5ab3-d93a5691c785f107
SPEC-004-macos-static	.build/contract-reports/spec-002/latest-macos-static.txt	759cf5945d69313ab3546965eace2ecc08da5ab3-d93a5691c785f107
SPEC-004-macos-static	.build/contract-reports/spec-002/latest-nrf52840-embedded.txt	b18da84a0622e2d24bfc1da8ce17fdf0c89faea7-457fc7e1b9000afd
SPEC-004-macos-static	.build/contract-reports/spec-002/latest-raspberry-pi-armv6.txt	b18da84a0622e2d24bfc1da8ce17fdf0c89faea7-5845a50eeb7d2730
SPEC-004-macos-static	.build/contract-reports/spec-003/latest-macos-dynamic.txt	759cf5945d69313ab3546965eace2ecc08da5ab3-d93a5691c785f107
SPEC-004-macos-static	.build/contract-reports/spec-003/latest-macos-static.txt	759cf5945d69313ab3546965eace2ecc08da5ab3-d93a5691c785f107
SPEC-004-macos-static	.build/contract-reports/spec-003/latest-nrf52840-embedded.txt	b18da84a0622e2d24bfc1da8ce17fdf0c89faea7-457fc7e1b9000afd
SPEC-004-macos-static	.build/contract-reports/spec-003/latest-raspberry-pi-armv6.txt	b18da84a0622e2d24bfc1da8ce17fdf0c89faea7-457fc7e1b9000afd
SPEC-004-macos-static	.build/contract-reports/spec-004/latest-macos-dynamic.txt	759cf5945d69313ab3546965eace2ecc08da5ab3-d93a5691c785f107
SPEC-004-macos-static	.build/contract-reports/spec-004/latest-macos-static.txt	759cf5945d69313ab3546965eace2ecc08da5ab3-d93a5691c785f107
SPEC-004-macos-static	.build/contract-reports/spec-004/latest-nrf52840-embedded.txt	b18da84a0622e2d24bfc1da8ce17fdf0c89faea7-457fc7e1b9000afd
SPEC-004-macos-static	.build/contract-reports/spec-004/latest-raspberry-pi-armv6.txt	b18da84a0622e2d24bfc1da8ce17fdf0c89faea7-457fc7e1b9000afd
SPEC-004-macos-static	.build/contract-reports/spec-005/latest-macos-dynamic.txt	759cf5945d69313ab3546965eace2ecc08da5ab3-13497580cfa982fc
SPEC-004-macos-static	.build/contract-reports/spec-005/latest-macos-static.txt	b18da84a0622e2d24bfc1da8ce17fdf0c89faea7-91c75f621f54733c
SPEC-004-macos-static	.build/contract-reports/spec-005/latest-nrf52840-embedded.txt	b18da84a0622e2d24bfc1da8ce17fdf0c89faea7-91c75f621f54733c
SPEC-004-macos-static	.build/contract-reports/spec-005/latest-raspberry-pi-armv6.txt	b18da84a0622e2d24bfc1da8ce17fdf0c89faea7-91c75f621f54733c
SPEC-004-macos-static	.build/contract-reports/spec-006/latest-macos-dynamic.txt	759cf5945d69313ab3546965eace2ecc08da5ab3-e4e48e37d8c767c7
SPEC-004-macos-static	.build/contract-reports/spec-006/latest-macos-static.txt	b18da84a0622e2d24bfc1da8ce17fdf0c89faea7-2519f7ee7d9fd3e0
SPEC-004-macos-static	.build/contract-reports/spec-006/latest-nrf52840-embedded.txt	b18da84a0622e2d24bfc1da8ce17fdf0c89faea7-2519f7ee7d9fd3e0
SPEC-004-macos-static	.build/contract-reports/spec-006/latest-raspberry-pi-armv6.txt	b18da84a0622e2d24bfc1da8ce17fdf0c89faea7-2519f7ee7d9fd3e0
SPEC-004-macos-static	.build/contract-reports/spec-007/latest-macos-dynamic.txt	759cf5945d69313ab3546965eace2ecc08da5ab3-9c9b7b98bfb72db1
SPEC-004-macos-static	.build/contract-reports/spec-007/latest-macos-static.txt	b18da84a0622e2d24bfc1da8ce17fdf0c89faea7-88e8f7d4bd213aaf
SPEC-004-macos-static	.build/contract-reports/spec-007/latest-nrf52840-embedded.txt	b18da84a0622e2d24bfc1da8ce17fdf0c89faea7-88e8f7d4bd213aaf
SPEC-004-macos-static	.build/contract-reports/spec-007/latest-raspberry-pi-armv6.txt	b18da84a0622e2d24bfc1da8ce17fdf0c89faea7-88e8f7d4bd213aaf
SPEC-004-macos-static	.build/contract-reports/spec-008/latest-macos-dynamic.txt	759cf5945d69313ab3546965eace2ecc08da5ab3-8c912bd577cac4a7
SPEC-004-macos-static	.build/contract-reports/spec-008/latest-macos-static.txt	b18da84a0622e2d24bfc1da8ce17fdf0c89faea7-cf3969a84328c135
SPEC-004-macos-static	.build/contract-reports/spec-008/latest-nrf52840-embedded.txt	b18da84a0622e2d24bfc1da8ce17fdf0c89faea7-cf3969a84328c135
SPEC-004-macos-static	.build/contract-reports/spec-008/latest-raspberry-pi-armv6.txt	b18da84a0622e2d24bfc1da8ce17fdf0c89faea7-cf3969a84328c135
SPEC-004-macos-static	.build/contract-reports/spec-009/latest-macos-dynamic.txt	759cf5945d69313ab3546965eace2ecc08da5ab3-54aaea69d783eaaa
SPEC-004-macos-static	.build/contract-reports/spec-009/latest-macos-static.txt	b18da84a0622e2d24bfc1da8ce17fdf0c89faea7-16973c7d29593fdf
SPEC-004-macos-static	.build/contract-reports/spec-009/latest-nrf52840-embedded.txt	b18da84a0622e2d24bfc1da8ce17fdf0c89faea7-16973c7d29593fdf
SPEC-004-macos-static	.build/contract-reports/spec-009/latest-raspberry-pi-armv6.txt	b18da84a0622e2d24bfc1da8ce17fdf0c89faea7-16973c7d29593fdf
SPEC-004-macos-static	.build/contract-reports/spec-010/latest-macos-dynamic.txt	759cf5945d69313ab3546965eace2ecc08da5ab3-f09fa73a6913497f
SPEC-004-macos-static	.build/contract-reports/spec-010/latest-macos-static.txt	b18da84a0622e2d24bfc1da8ce17fdf0c89faea7-195b7e7bafcc2d2b
SPEC-004-macos-static	.build/contract-reports/spec-010/latest-nrf52840-embedded.txt	b18da84a0622e2d24bfc1da8ce17fdf0c89faea7-195b7e7bafcc2d2b
SPEC-004-macos-static	.build/contract-reports/spec-010/latest-raspberry-pi-armv6.txt	b18da84a0622e2d24bfc1da8ce17fdf0c89faea7-195b7e7bafcc2d2b
SPEC-004-macos-static	.build/contract-reports/spec-011/latest-macos-dynamic.txt	759cf5945d69313ab3546965eace2ecc08da5ab3-d93a5691c785f107
SPEC-004-macos-static	.build/contract-reports/spec-011/latest-macos-static.txt	b18da84a0622e2d24bfc1da8ce17fdf0c89faea7-5845a50eeb7d2730
SPEC-004-macos-static	.build/contract-reports/spec-011/latest-nrf52840-embedded.txt	b18da84a0622e2d24bfc1da8ce17fdf0c89faea7-457fc7e1b9000afd
SPEC-004-macos-static	.build/contract-reports/spec-011/latest-raspberry-pi-armv6.txt	b18da84a0622e2d24bfc1da8ce17fdf0c89faea7-457fc7e1b9000afd
SPEC-004-macos-static	.build/contract-reports/spec-012/latest-macos-dynamic.txt	759cf5945d69313ab3546965eace2ecc08da5ab3-fc0aae9586267865
SPEC-004-macos-static	.build/contract-reports/spec-012/latest-macos-static.txt	b18da84a0622e2d24bfc1da8ce17fdf0c89faea7-1c61dbad1d952f9d
SPEC-004-macos-static	.build/contract-reports/spec-012/latest-nrf52840-embedded.txt	b18da84a0622e2d24bfc1da8ce17fdf0c89faea7-1c61dbad1d952f9d
SPEC-004-macos-static	.build/contract-reports/spec-012/latest-raspberry-pi-armv6.txt	b18da84a0622e2d24bfc1da8ce17fdf0c89faea7-1c61dbad1d952f9d
SPEC-004-macos-static	.build/contract-reports/spec-013/latest-macos-dynamic.txt	759cf5945d69313ab3546965eace2ecc08da5ab3-d25973a2ebde9c96
SPEC-004-macos-static	.build/contract-reports/spec-013/latest-macos-static.txt	b18da84a0622e2d24bfc1da8ce17fdf0c89faea7-3011c2f2a2dbab33
SPEC-004-macos-static	.build/contract-reports/spec-013/latest-nrf52840-embedded.txt	b18da84a0622e2d24bfc1da8ce17fdf0c89faea7-3011c2f2a2dbab33
SPEC-004-macos-static	.build/contract-reports/spec-013/latest-raspberry-pi-armv6.txt	b18da84a0622e2d24bfc1da8ce17fdf0c89faea7-3011c2f2a2dbab33
SPEC-004-macos-static	.build/contract-reports/spec-015/latest-macos-dynamic.txt	759cf5945d69313ab3546965eace2ecc08da5ab3-d93a5691c785f107
SPEC-004-macos-static	.build/contract-reports/spec-015/latest-macos-static.txt	759cf5945d69313ab3546965eace2ecc08da5ab3-d93a5691c785f107
SPEC-004-macos-static	.build/contract-reports/spec-015/latest-nrf52840-embedded.txt	b18da84a0622e2d24bfc1da8ce17fdf0c89faea7-457fc7e1b9000afd
SPEC-004-macos-static	.build/contract-reports/spec-015/latest-raspberry-pi-armv6.txt	b18da84a0622e2d24bfc1da8ce17fdf0c89faea7-457fc7e1b9000afd
published	/Users/eugene/work/GiftUI/.build/contract-reports/spec-005/759cf5945d69313ab3546965eace2ecc08da5ab3-13497580cfa982fc/macos-static	759cf5945d69313ab3546965eace2ecc08da5ab3-13497580cfa982fc
SPEC-005-macos-static	.build/contract-reports/spec-001/latest-macos-dynamic.txt	20261004T225647Z-28781
SPEC-005-macos-static	.build/contract-reports/spec-001/latest-macos-static.txt	20261004T230354Z-41114
SPEC-005-macos-static	.build/contract-reports/spec-001/latest-nrf52840-embedded.txt	20261004T144054Z-36978
SPEC-005-macos-static	.build/contract-reports/spec-001/latest-raspberry-pi-armv6.txt	20261004T142310Z-23558
SPEC-005-macos-static	.build/contract-reports/spec-002/latest-macos-dynamic.txt	759cf5945d69313ab3546965eace2ecc08da5ab3-d93a5691c785f107
SPEC-005-macos-static	.build/contract-reports/spec-002/latest-macos-static.txt	759cf5945d69313ab3546965eace2ecc08da5ab3-d93a5691c785f107
SPEC-005-macos-static	.build/contract-reports/spec-002/latest-nrf52840-embedded.txt	b18da84a0622e2d24bfc1da8ce17fdf0c89faea7-457fc7e1b9000afd
SPEC-005-macos-static	.build/contract-reports/spec-002/latest-raspberry-pi-armv6.txt	b18da84a0622e2d24bfc1da8ce17fdf0c89faea7-5845a50eeb7d2730
SPEC-005-macos-static	.build/contract-reports/spec-003/latest-macos-dynamic.txt	759cf5945d69313ab3546965eace2ecc08da5ab3-d93a5691c785f107
SPEC-005-macos-static	.build/contract-reports/spec-003/latest-macos-static.txt	759cf5945d69313ab3546965eace2ecc08da5ab3-d93a5691c785f107
SPEC-005-macos-static	.build/contract-reports/spec-003/latest-nrf52840-embedded.txt	b18da84a0622e2d24bfc1da8ce17fdf0c89faea7-457fc7e1b9000afd
SPEC-005-macos-static	.build/contract-reports/spec-003/latest-raspberry-pi-armv6.txt	b18da84a0622e2d24bfc1da8ce17fdf0c89faea7-457fc7e1b9000afd
SPEC-005-macos-static	.build/contract-reports/spec-004/latest-macos-dynamic.txt	759cf5945d69313ab3546965eace2ecc08da5ab3-d93a5691c785f107
SPEC-005-macos-static	.build/contract-reports/spec-004/latest-macos-static.txt	759cf5945d69313ab3546965eace2ecc08da5ab3-d93a5691c785f107
SPEC-005-macos-static	.build/contract-reports/spec-004/latest-nrf52840-embedded.txt	b18da84a0622e2d24bfc1da8ce17fdf0c89faea7-457fc7e1b9000afd
SPEC-005-macos-static	.build/contract-reports/spec-004/latest-raspberry-pi-armv6.txt	b18da84a0622e2d24bfc1da8ce17fdf0c89faea7-457fc7e1b9000afd
SPEC-005-macos-static	.build/contract-reports/spec-005/latest-macos-dynamic.txt	759cf5945d69313ab3546965eace2ecc08da5ab3-13497580cfa982fc
SPEC-005-macos-static	.build/contract-reports/spec-005/latest-macos-static.txt	759cf5945d69313ab3546965eace2ecc08da5ab3-13497580cfa982fc
SPEC-005-macos-static	.build/contract-reports/spec-005/latest-nrf52840-embedded.txt	b18da84a0622e2d24bfc1da8ce17fdf0c89faea7-91c75f621f54733c
SPEC-005-macos-static	.build/contract-reports/spec-005/latest-raspberry-pi-armv6.txt	b18da84a0622e2d24bfc1da8ce17fdf0c89faea7-91c75f621f54733c
SPEC-005-macos-static	.build/contract-reports/spec-006/latest-macos-dynamic.txt	759cf5945d69313ab3546965eace2ecc08da5ab3-e4e48e37d8c767c7
SPEC-005-macos-static	.build/contract-reports/spec-006/latest-macos-static.txt	b18da84a0622e2d24bfc1da8ce17fdf0c89faea7-2519f7ee7d9fd3e0
SPEC-005-macos-static	.build/contract-reports/spec-006/latest-nrf52840-embedded.txt	b18da84a0622e2d24bfc1da8ce17fdf0c89faea7-2519f7ee7d9fd3e0
SPEC-005-macos-static	.build/contract-reports/spec-006/latest-raspberry-pi-armv6.txt	b18da84a0622e2d24bfc1da8ce17fdf0c89faea7-2519f7ee7d9fd3e0
SPEC-005-macos-static	.build/contract-reports/spec-007/latest-macos-dynamic.txt	759cf5945d69313ab3546965eace2ecc08da5ab3-9c9b7b98bfb72db1
SPEC-005-macos-static	.build/contract-reports/spec-007/latest-macos-static.txt	b18da84a0622e2d24bfc1da8ce17fdf0c89faea7-88e8f7d4bd213aaf
SPEC-005-macos-static	.build/contract-reports/spec-007/latest-nrf52840-embedded.txt	b18da84a0622e2d24bfc1da8ce17fdf0c89faea7-88e8f7d4bd213aaf
SPEC-005-macos-static	.build/contract-reports/spec-007/latest-raspberry-pi-armv6.txt	b18da84a0622e2d24bfc1da8ce17fdf0c89faea7-88e8f7d4bd213aaf
SPEC-005-macos-static	.build/contract-reports/spec-008/latest-macos-dynamic.txt	759cf5945d69313ab3546965eace2ecc08da5ab3-8c912bd577cac4a7
SPEC-005-macos-static	.build/contract-reports/spec-008/latest-macos-static.txt	b18da84a0622e2d24bfc1da8ce17fdf0c89faea7-cf3969a84328c135
SPEC-005-macos-static	.build/contract-reports/spec-008/latest-nrf52840-embedded.txt	b18da84a0622e2d24bfc1da8ce17fdf0c89faea7-cf3969a84328c135
SPEC-005-macos-static	.build/contract-reports/spec-008/latest-raspberry-pi-armv6.txt	b18da84a0622e2d24bfc1da8ce17fdf0c89faea7-cf3969a84328c135
SPEC-005-macos-static	.build/contract-reports/spec-009/latest-macos-dynamic.txt	759cf5945d69313ab3546965eace2ecc08da5ab3-54aaea69d783eaaa
SPEC-005-macos-static	.build/contract-reports/spec-009/latest-macos-static.txt	b18da84a0622e2d24bfc1da8ce17fdf0c89faea7-16973c7d29593fdf
SPEC-005-macos-static	.build/contract-reports/spec-009/latest-nrf52840-embedded.txt	b18da84a0622e2d24bfc1da8ce17fdf0c89faea7-16973c7d29593fdf
SPEC-005-macos-static	.build/contract-reports/spec-009/latest-raspberry-pi-armv6.txt	b18da84a0622e2d24bfc1da8ce17fdf0c89faea7-16973c7d29593fdf
SPEC-005-macos-static	.build/contract-reports/spec-010/latest-macos-dynamic.txt	759cf5945d69313ab3546965eace2ecc08da5ab3-f09fa73a6913497f
SPEC-005-macos-static	.build/contract-reports/spec-010/latest-macos-static.txt	b18da84a0622e2d24bfc1da8ce17fdf0c89faea7-195b7e7bafcc2d2b
SPEC-005-macos-static	.build/contract-reports/spec-010/latest-nrf52840-embedded.txt	b18da84a0622e2d24bfc1da8ce17fdf0c89faea7-195b7e7bafcc2d2b
SPEC-005-macos-static	.build/contract-reports/spec-010/latest-raspberry-pi-armv6.txt	b18da84a0622e2d24bfc1da8ce17fdf0c89faea7-195b7e7bafcc2d2b
SPEC-005-macos-static	.build/contract-reports/spec-011/latest-macos-dynamic.txt	759cf5945d69313ab3546965eace2ecc08da5ab3-d93a5691c785f107
SPEC-005-macos-static	.build/contract-reports/spec-011/latest-macos-static.txt	b18da84a0622e2d24bfc1da8ce17fdf0c89faea7-5845a50eeb7d2730
SPEC-005-macos-static	.build/contract-reports/spec-011/latest-nrf52840-embedded.txt	b18da84a0622e2d24bfc1da8ce17fdf0c89faea7-457fc7e1b9000afd
SPEC-005-macos-static	.build/contract-reports/spec-011/latest-raspberry-pi-armv6.txt	b18da84a0622e2d24bfc1da8ce17fdf0c89faea7-457fc7e1b9000afd
SPEC-005-macos-static	.build/contract-reports/spec-012/latest-macos-dynamic.txt	759cf5945d69313ab3546965eace2ecc08da5ab3-fc0aae9586267865
SPEC-005-macos-static	.build/contract-reports/spec-012/latest-macos-static.txt	b18da84a0622e2d24bfc1da8ce17fdf0c89faea7-1c61dbad1d952f9d
SPEC-005-macos-static	.build/contract-reports/spec-012/latest-nrf52840-embedded.txt	b18da84a0622e2d24bfc1da8ce17fdf0c89faea7-1c61dbad1d952f9d
SPEC-005-macos-static	.build/contract-reports/spec-012/latest-raspberry-pi-armv6.txt	b18da84a0622e2d24bfc1da8ce17fdf0c89faea7-1c61dbad1d952f9d
SPEC-005-macos-static	.build/contract-reports/spec-013/latest-macos-dynamic.txt	759cf5945d69313ab3546965eace2ecc08da5ab3-d25973a2ebde9c96
SPEC-005-macos-static	.build/contract-reports/spec-013/latest-macos-static.txt	b18da84a0622e2d24bfc1da8ce17fdf0c89faea7-3011c2f2a2dbab33
SPEC-005-macos-static	.build/contract-reports/spec-013/latest-nrf52840-embedded.txt	b18da84a0622e2d24bfc1da8ce17fdf0c89faea7-3011c2f2a2dbab33
SPEC-005-macos-static	.build/contract-reports/spec-013/latest-raspberry-pi-armv6.txt	b18da84a0622e2d24bfc1da8ce17fdf0c89faea7-3011c2f2a2dbab33
SPEC-005-macos-static	.build/contract-reports/spec-015/latest-macos-dynamic.txt	759cf5945d69313ab3546965eace2ecc08da5ab3-d93a5691c785f107
SPEC-005-macos-static	.build/contract-reports/spec-015/latest-macos-static.txt	759cf5945d69313ab3546965eace2ecc08da5ab3-d93a5691c785f107
SPEC-005-macos-static	.build/contract-reports/spec-015/latest-nrf52840-embedded.txt	b18da84a0622e2d24bfc1da8ce17fdf0c89faea7-457fc7e1b9000afd
SPEC-005-macos-static	.build/contract-reports/spec-015/latest-raspberry-pi-armv6.txt	b18da84a0622e2d24bfc1da8ce17fdf0c89faea7-457fc7e1b9000afd
published	/Users/eugene/work/GiftUI/.build/contract-reports/spec-006/759cf5945d69313ab3546965eace2ecc08da5ab3-e4e48e37d8c767c7/macos-static	759cf5945d69313ab3546965eace2ecc08da5ab3-e4e48e37d8c767c7
SPEC-006-macos-static	.build/contract-reports/spec-001/latest-macos-dynamic.txt	20261004T225647Z-28781
SPEC-006-macos-static	.build/contract-reports/spec-001/latest-macos-static.txt	20261004T230354Z-41114
SPEC-006-macos-static	.build/contract-reports/spec-001/latest-nrf52840-embedded.txt	20261004T144054Z-36978
SPEC-006-macos-static	.build/contract-reports/spec-001/latest-raspberry-pi-armv6.txt	20261004T142310Z-23558
SPEC-006-macos-static	.build/contract-reports/spec-002/latest-macos-dynamic.txt	759cf5945d69313ab3546965eace2ecc08da5ab3-d93a5691c785f107
SPEC-006-macos-static	.build/contract-reports/spec-002/latest-macos-static.txt	759cf5945d69313ab3546965eace2ecc08da5ab3-d93a5691c785f107
SPEC-006-macos-static	.build/contract-reports/spec-002/latest-nrf52840-embedded.txt	b18da84a0622e2d24bfc1da8ce17fdf0c89faea7-457fc7e1b9000afd
SPEC-006-macos-static	.build/contract-reports/spec-002/latest-raspberry-pi-armv6.txt	b18da84a0622e2d24bfc1da8ce17fdf0c89faea7-5845a50eeb7d2730
SPEC-006-macos-static	.build/contract-reports/spec-003/latest-macos-dynamic.txt	759cf5945d69313ab3546965eace2ecc08da5ab3-d93a5691c785f107
SPEC-006-macos-static	.build/contract-reports/spec-003/latest-macos-static.txt	759cf5945d69313ab3546965eace2ecc08da5ab3-d93a5691c785f107
SPEC-006-macos-static	.build/contract-reports/spec-003/latest-nrf52840-embedded.txt	b18da84a0622e2d24bfc1da8ce17fdf0c89faea7-457fc7e1b9000afd
SPEC-006-macos-static	.build/contract-reports/spec-003/latest-raspberry-pi-armv6.txt	b18da84a0622e2d24bfc1da8ce17fdf0c89faea7-457fc7e1b9000afd
SPEC-006-macos-static	.build/contract-reports/spec-004/latest-macos-dynamic.txt	759cf5945d69313ab3546965eace2ecc08da5ab3-d93a5691c785f107
SPEC-006-macos-static	.build/contract-reports/spec-004/latest-macos-static.txt	759cf5945d69313ab3546965eace2ecc08da5ab3-d93a5691c785f107
SPEC-006-macos-static	.build/contract-reports/spec-004/latest-nrf52840-embedded.txt	b18da84a0622e2d24bfc1da8ce17fdf0c89faea7-457fc7e1b9000afd
SPEC-006-macos-static	.build/contract-reports/spec-004/latest-raspberry-pi-armv6.txt	b18da84a0622e2d24bfc1da8ce17fdf0c89faea7-457fc7e1b9000afd
SPEC-006-macos-static	.build/contract-reports/spec-005/latest-macos-dynamic.txt	759cf5945d69313ab3546965eace2ecc08da5ab3-13497580cfa982fc
SPEC-006-macos-static	.build/contract-reports/spec-005/latest-macos-static.txt	759cf5945d69313ab3546965eace2ecc08da5ab3-13497580cfa982fc
SPEC-006-macos-static	.build/contract-reports/spec-005/latest-nrf52840-embedded.txt	b18da84a0622e2d24bfc1da8ce17fdf0c89faea7-91c75f621f54733c
SPEC-006-macos-static	.build/contract-reports/spec-005/latest-raspberry-pi-armv6.txt	b18da84a0622e2d24bfc1da8ce17fdf0c89faea7-91c75f621f54733c
SPEC-006-macos-static	.build/contract-reports/spec-006/latest-macos-dynamic.txt	759cf5945d69313ab3546965eace2ecc08da5ab3-e4e48e37d8c767c7
SPEC-006-macos-static	.build/contract-reports/spec-006/latest-macos-static.txt	759cf5945d69313ab3546965eace2ecc08da5ab3-e4e48e37d8c767c7
SPEC-006-macos-static	.build/contract-reports/spec-006/latest-nrf52840-embedded.txt	b18da84a0622e2d24bfc1da8ce17fdf0c89faea7-2519f7ee7d9fd3e0
SPEC-006-macos-static	.build/contract-reports/spec-006/latest-raspberry-pi-armv6.txt	b18da84a0622e2d24bfc1da8ce17fdf0c89faea7-2519f7ee7d9fd3e0
SPEC-006-macos-static	.build/contract-reports/spec-007/latest-macos-dynamic.txt	759cf5945d69313ab3546965eace2ecc08da5ab3-9c9b7b98bfb72db1
SPEC-006-macos-static	.build/contract-reports/spec-007/latest-macos-static.txt	b18da84a0622e2d24bfc1da8ce17fdf0c89faea7-88e8f7d4bd213aaf
SPEC-006-macos-static	.build/contract-reports/spec-007/latest-nrf52840-embedded.txt	b18da84a0622e2d24bfc1da8ce17fdf0c89faea7-88e8f7d4bd213aaf
SPEC-006-macos-static	.build/contract-reports/spec-007/latest-raspberry-pi-armv6.txt	b18da84a0622e2d24bfc1da8ce17fdf0c89faea7-88e8f7d4bd213aaf
SPEC-006-macos-static	.build/contract-reports/spec-008/latest-macos-dynamic.txt	759cf5945d69313ab3546965eace2ecc08da5ab3-8c912bd577cac4a7
SPEC-006-macos-static	.build/contract-reports/spec-008/latest-macos-static.txt	b18da84a0622e2d24bfc1da8ce17fdf0c89faea7-cf3969a84328c135
SPEC-006-macos-static	.build/contract-reports/spec-008/latest-nrf52840-embedded.txt	b18da84a0622e2d24bfc1da8ce17fdf0c89faea7-cf3969a84328c135
SPEC-006-macos-static	.build/contract-reports/spec-008/latest-raspberry-pi-armv6.txt	b18da84a0622e2d24bfc1da8ce17fdf0c89faea7-cf3969a84328c135
SPEC-006-macos-static	.build/contract-reports/spec-009/latest-macos-dynamic.txt	759cf5945d69313ab3546965eace2ecc08da5ab3-54aaea69d783eaaa
SPEC-006-macos-static	.build/contract-reports/spec-009/latest-macos-static.txt	b18da84a0622e2d24bfc1da8ce17fdf0c89faea7-16973c7d29593fdf
SPEC-006-macos-static	.build/contract-reports/spec-009/latest-nrf52840-embedded.txt	b18da84a0622e2d24bfc1da8ce17fdf0c89faea7-16973c7d29593fdf
SPEC-006-macos-static	.build/contract-reports/spec-009/latest-raspberry-pi-armv6.txt	b18da84a0622e2d24bfc1da8ce17fdf0c89faea7-16973c7d29593fdf
SPEC-006-macos-static	.build/contract-reports/spec-010/latest-macos-dynamic.txt	759cf5945d69313ab3546965eace2ecc08da5ab3-f09fa73a6913497f
SPEC-006-macos-static	.build/contract-reports/spec-010/latest-macos-static.txt	b18da84a0622e2d24bfc1da8ce17fdf0c89faea7-195b7e7bafcc2d2b
SPEC-006-macos-static	.build/contract-reports/spec-010/latest-nrf52840-embedded.txt	b18da84a0622e2d24bfc1da8ce17fdf0c89faea7-195b7e7bafcc2d2b
SPEC-006-macos-static	.build/contract-reports/spec-010/latest-raspberry-pi-armv6.txt	b18da84a0622e2d24bfc1da8ce17fdf0c89faea7-195b7e7bafcc2d2b
SPEC-006-macos-static	.build/contract-reports/spec-011/latest-macos-dynamic.txt	759cf5945d69313ab3546965eace2ecc08da5ab3-d93a5691c785f107
SPEC-006-macos-static	.build/contract-reports/spec-011/latest-macos-static.txt	b18da84a0622e2d24bfc1da8ce17fdf0c89faea7-5845a50eeb7d2730
SPEC-006-macos-static	.build/contract-reports/spec-011/latest-nrf52840-embedded.txt	b18da84a0622e2d24bfc1da8ce17fdf0c89faea7-457fc7e1b9000afd
SPEC-006-macos-static	.build/contract-reports/spec-011/latest-raspberry-pi-armv6.txt	b18da84a0622e2d24bfc1da8ce17fdf0c89faea7-457fc7e1b9000afd
SPEC-006-macos-static	.build/contract-reports/spec-012/latest-macos-dynamic.txt	759cf5945d69313ab3546965eace2ecc08da5ab3-fc0aae9586267865
SPEC-006-macos-static	.build/contract-reports/spec-012/latest-macos-static.txt	b18da84a0622e2d24bfc1da8ce17fdf0c89faea7-1c61dbad1d952f9d
SPEC-006-macos-static	.build/contract-reports/spec-012/latest-nrf52840-embedded.txt	b18da84a0622e2d24bfc1da8ce17fdf0c89faea7-1c61dbad1d952f9d
SPEC-006-macos-static	.build/contract-reports/spec-012/latest-raspberry-pi-armv6.txt	b18da84a0622e2d24bfc1da8ce17fdf0c89faea7-1c61dbad1d952f9d
SPEC-006-macos-static	.build/contract-reports/spec-013/latest-macos-dynamic.txt	759cf5945d69313ab3546965eace2ecc08da5ab3-d25973a2ebde9c96
SPEC-006-macos-static	.build/contract-reports/spec-013/latest-macos-static.txt	b18da84a0622e2d24bfc1da8ce17fdf0c89faea7-3011c2f2a2dbab33
SPEC-006-macos-static	.build/contract-reports/spec-013/latest-nrf52840-embedded.txt	b18da84a0622e2d24bfc1da8ce17fdf0c89faea7-3011c2f2a2dbab33
SPEC-006-macos-static	.build/contract-reports/spec-013/latest-raspberry-pi-armv6.txt	b18da84a0622e2d24bfc1da8ce17fdf0c89faea7-3011c2f2a2dbab33
SPEC-006-macos-static	.build/contract-reports/spec-015/latest-macos-dynamic.txt	759cf5945d69313ab3546965eace2ecc08da5ab3-d93a5691c785f107
SPEC-006-macos-static	.build/contract-reports/spec-015/latest-macos-static.txt	759cf5945d69313ab3546965eace2ecc08da5ab3-d93a5691c785f107
SPEC-006-macos-static	.build/contract-reports/spec-015/latest-nrf52840-embedded.txt	b18da84a0622e2d24bfc1da8ce17fdf0c89faea7-457fc7e1b9000afd
SPEC-006-macos-static	.build/contract-reports/spec-015/latest-raspberry-pi-armv6.txt	b18da84a0622e2d24bfc1da8ce17fdf0c89faea7-457fc7e1b9000afd
published	/Users/eugene/work/GiftUI/.build/contract-reports/spec-007/759cf5945d69313ab3546965eace2ecc08da5ab3-9c9b7b98bfb72db1/macos-static	759cf5945d69313ab3546965eace2ecc08da5ab3-9c9b7b98bfb72db1
SPEC-007-macos-static	.build/contract-reports/spec-001/latest-macos-dynamic.txt	20261004T225647Z-28781
SPEC-007-macos-static	.build/contract-reports/spec-001/latest-macos-static.txt	20261004T230354Z-41114
SPEC-007-macos-static	.build/contract-reports/spec-001/latest-nrf52840-embedded.txt	20261004T144054Z-36978
SPEC-007-macos-static	.build/contract-reports/spec-001/latest-raspberry-pi-armv6.txt	20261004T142310Z-23558
SPEC-007-macos-static	.build/contract-reports/spec-002/latest-macos-dynamic.txt	759cf5945d69313ab3546965eace2ecc08da5ab3-d93a5691c785f107
SPEC-007-macos-static	.build/contract-reports/spec-002/latest-macos-static.txt	759cf5945d69313ab3546965eace2ecc08da5ab3-d93a5691c785f107
SPEC-007-macos-static	.build/contract-reports/spec-002/latest-nrf52840-embedded.txt	b18da84a0622e2d24bfc1da8ce17fdf0c89faea7-457fc7e1b9000afd
SPEC-007-macos-static	.build/contract-reports/spec-002/latest-raspberry-pi-armv6.txt	b18da84a0622e2d24bfc1da8ce17fdf0c89faea7-5845a50eeb7d2730
SPEC-007-macos-static	.build/contract-reports/spec-003/latest-macos-dynamic.txt	759cf5945d69313ab3546965eace2ecc08da5ab3-d93a5691c785f107
SPEC-007-macos-static	.build/contract-reports/spec-003/latest-macos-static.txt	759cf5945d69313ab3546965eace2ecc08da5ab3-d93a5691c785f107
SPEC-007-macos-static	.build/contract-reports/spec-003/latest-nrf52840-embedded.txt	b18da84a0622e2d24bfc1da8ce17fdf0c89faea7-457fc7e1b9000afd
SPEC-007-macos-static	.build/contract-reports/spec-003/latest-raspberry-pi-armv6.txt	b18da84a0622e2d24bfc1da8ce17fdf0c89faea7-457fc7e1b9000afd
SPEC-007-macos-static	.build/contract-reports/spec-004/latest-macos-dynamic.txt	759cf5945d69313ab3546965eace2ecc08da5ab3-d93a5691c785f107
SPEC-007-macos-static	.build/contract-reports/spec-004/latest-macos-static.txt	759cf5945d69313ab3546965eace2ecc08da5ab3-d93a5691c785f107
SPEC-007-macos-static	.build/contract-reports/spec-004/latest-nrf52840-embedded.txt	b18da84a0622e2d24bfc1da8ce17fdf0c89faea7-457fc7e1b9000afd
SPEC-007-macos-static	.build/contract-reports/spec-004/latest-raspberry-pi-armv6.txt	b18da84a0622e2d24bfc1da8ce17fdf0c89faea7-457fc7e1b9000afd
SPEC-007-macos-static	.build/contract-reports/spec-005/latest-macos-dynamic.txt	759cf5945d69313ab3546965eace2ecc08da5ab3-13497580cfa982fc
SPEC-007-macos-static	.build/contract-reports/spec-005/latest-macos-static.txt	759cf5945d69313ab3546965eace2ecc08da5ab3-13497580cfa982fc
SPEC-007-macos-static	.build/contract-reports/spec-005/latest-nrf52840-embedded.txt	b18da84a0622e2d24bfc1da8ce17fdf0c89faea7-91c75f621f54733c
SPEC-007-macos-static	.build/contract-reports/spec-005/latest-raspberry-pi-armv6.txt	b18da84a0622e2d24bfc1da8ce17fdf0c89faea7-91c75f621f54733c
SPEC-007-macos-static	.build/contract-reports/spec-006/latest-macos-dynamic.txt	759cf5945d69313ab3546965eace2ecc08da5ab3-e4e48e37d8c767c7
SPEC-007-macos-static	.build/contract-reports/spec-006/latest-macos-static.txt	759cf5945d69313ab3546965eace2ecc08da5ab3-e4e48e37d8c767c7
SPEC-007-macos-static	.build/contract-reports/spec-006/latest-nrf52840-embedded.txt	b18da84a0622e2d24bfc1da8ce17fdf0c89faea7-2519f7ee7d9fd3e0
SPEC-007-macos-static	.build/contract-reports/spec-006/latest-raspberry-pi-armv6.txt	b18da84a0622e2d24bfc1da8ce17fdf0c89faea7-2519f7ee7d9fd3e0
SPEC-007-macos-static	.build/contract-reports/spec-007/latest-macos-dynamic.txt	759cf5945d69313ab3546965eace2ecc08da5ab3-9c9b7b98bfb72db1
SPEC-007-macos-static	.build/contract-reports/spec-007/latest-macos-static.txt	759cf5945d69313ab3546965eace2ecc08da5ab3-9c9b7b98bfb72db1
SPEC-007-macos-static	.build/contract-reports/spec-007/latest-nrf52840-embedded.txt	b18da84a0622e2d24bfc1da8ce17fdf0c89faea7-88e8f7d4bd213aaf
SPEC-007-macos-static	.build/contract-reports/spec-007/latest-raspberry-pi-armv6.txt	b18da84a0622e2d24bfc1da8ce17fdf0c89faea7-88e8f7d4bd213aaf
SPEC-007-macos-static	.build/contract-reports/spec-008/latest-macos-dynamic.txt	759cf5945d69313ab3546965eace2ecc08da5ab3-8c912bd577cac4a7
SPEC-007-macos-static	.build/contract-reports/spec-008/latest-macos-static.txt	b18da84a0622e2d24bfc1da8ce17fdf0c89faea7-cf3969a84328c135
SPEC-007-macos-static	.build/contract-reports/spec-008/latest-nrf52840-embedded.txt	b18da84a0622e2d24bfc1da8ce17fdf0c89faea7-cf3969a84328c135
SPEC-007-macos-static	.build/contract-reports/spec-008/latest-raspberry-pi-armv6.txt	b18da84a0622e2d24bfc1da8ce17fdf0c89faea7-cf3969a84328c135
SPEC-007-macos-static	.build/contract-reports/spec-009/latest-macos-dynamic.txt	759cf5945d69313ab3546965eace2ecc08da5ab3-54aaea69d783eaaa
SPEC-007-macos-static	.build/contract-reports/spec-009/latest-macos-static.txt	b18da84a0622e2d24bfc1da8ce17fdf0c89faea7-16973c7d29593fdf
SPEC-007-macos-static	.build/contract-reports/spec-009/latest-nrf52840-embedded.txt	b18da84a0622e2d24bfc1da8ce17fdf0c89faea7-16973c7d29593fdf
SPEC-007-macos-static	.build/contract-reports/spec-009/latest-raspberry-pi-armv6.txt	b18da84a0622e2d24bfc1da8ce17fdf0c89faea7-16973c7d29593fdf
SPEC-007-macos-static	.build/contract-reports/spec-010/latest-macos-dynamic.txt	759cf5945d69313ab3546965eace2ecc08da5ab3-f09fa73a6913497f
SPEC-007-macos-static	.build/contract-reports/spec-010/latest-macos-static.txt	b18da84a0622e2d24bfc1da8ce17fdf0c89faea7-195b7e7bafcc2d2b
SPEC-007-macos-static	.build/contract-reports/spec-010/latest-nrf52840-embedded.txt	b18da84a0622e2d24bfc1da8ce17fdf0c89faea7-195b7e7bafcc2d2b
SPEC-007-macos-static	.build/contract-reports/spec-010/latest-raspberry-pi-armv6.txt	b18da84a0622e2d24bfc1da8ce17fdf0c89faea7-195b7e7bafcc2d2b
SPEC-007-macos-static	.build/contract-reports/spec-011/latest-macos-dynamic.txt	759cf5945d69313ab3546965eace2ecc08da5ab3-d93a5691c785f107
SPEC-007-macos-static	.build/contract-reports/spec-011/latest-macos-static.txt	b18da84a0622e2d24bfc1da8ce17fdf0c89faea7-5845a50eeb7d2730
SPEC-007-macos-static	.build/contract-reports/spec-011/latest-nrf52840-embedded.txt	b18da84a0622e2d24bfc1da8ce17fdf0c89faea7-457fc7e1b9000afd
SPEC-007-macos-static	.build/contract-reports/spec-011/latest-raspberry-pi-armv6.txt	b18da84a0622e2d24bfc1da8ce17fdf0c89faea7-457fc7e1b9000afd
SPEC-007-macos-static	.build/contract-reports/spec-012/latest-macos-dynamic.txt	759cf5945d69313ab3546965eace2ecc08da5ab3-fc0aae9586267865
SPEC-007-macos-static	.build/contract-reports/spec-012/latest-macos-static.txt	b18da84a0622e2d24bfc1da8ce17fdf0c89faea7-1c61dbad1d952f9d
SPEC-007-macos-static	.build/contract-reports/spec-012/latest-nrf52840-embedded.txt	b18da84a0622e2d24bfc1da8ce17fdf0c89faea7-1c61dbad1d952f9d
SPEC-007-macos-static	.build/contract-reports/spec-012/latest-raspberry-pi-armv6.txt	b18da84a0622e2d24bfc1da8ce17fdf0c89faea7-1c61dbad1d952f9d
SPEC-007-macos-static	.build/contract-reports/spec-013/latest-macos-dynamic.txt	759cf5945d69313ab3546965eace2ecc08da5ab3-d25973a2ebde9c96
SPEC-007-macos-static	.build/contract-reports/spec-013/latest-macos-static.txt	b18da84a0622e2d24bfc1da8ce17fdf0c89faea7-3011c2f2a2dbab33
SPEC-007-macos-static	.build/contract-reports/spec-013/latest-nrf52840-embedded.txt	b18da84a0622e2d24bfc1da8ce17fdf0c89faea7-3011c2f2a2dbab33
SPEC-007-macos-static	.build/contract-reports/spec-013/latest-raspberry-pi-armv6.txt	b18da84a0622e2d24bfc1da8ce17fdf0c89faea7-3011c2f2a2dbab33
SPEC-007-macos-static	.build/contract-reports/spec-015/latest-macos-dynamic.txt	759cf5945d69313ab3546965eace2ecc08da5ab3-d93a5691c785f107
SPEC-007-macos-static	.build/contract-reports/spec-015/latest-macos-static.txt	759cf5945d69313ab3546965eace2ecc08da5ab3-d93a5691c785f107
SPEC-007-macos-static	.build/contract-reports/spec-015/latest-nrf52840-embedded.txt	b18da84a0622e2d24bfc1da8ce17fdf0c89faea7-457fc7e1b9000afd
SPEC-007-macos-static	.build/contract-reports/spec-015/latest-raspberry-pi-armv6.txt	b18da84a0622e2d24bfc1da8ce17fdf0c89faea7-457fc7e1b9000afd
published	/Users/eugene/work/GiftUI/.build/contract-reports/spec-008/759cf5945d69313ab3546965eace2ecc08da5ab3-8c912bd577cac4a7/macos-static	759cf5945d69313ab3546965eace2ecc08da5ab3-8c912bd577cac4a7
SPEC-008-macos-static	.build/contract-reports/spec-001/latest-macos-dynamic.txt	20261004T225647Z-28781
SPEC-008-macos-static	.build/contract-reports/spec-001/latest-macos-static.txt	20261004T230354Z-41114
SPEC-008-macos-static	.build/contract-reports/spec-001/latest-nrf52840-embedded.txt	20261004T144054Z-36978
SPEC-008-macos-static	.build/contract-reports/spec-001/latest-raspberry-pi-armv6.txt	20261004T142310Z-23558
SPEC-008-macos-static	.build/contract-reports/spec-002/latest-macos-dynamic.txt	759cf5945d69313ab3546965eace2ecc08da5ab3-d93a5691c785f107
SPEC-008-macos-static	.build/contract-reports/spec-002/latest-macos-static.txt	759cf5945d69313ab3546965eace2ecc08da5ab3-d93a5691c785f107
SPEC-008-macos-static	.build/contract-reports/spec-002/latest-nrf52840-embedded.txt	b18da84a0622e2d24bfc1da8ce17fdf0c89faea7-457fc7e1b9000afd
SPEC-008-macos-static	.build/contract-reports/spec-002/latest-raspberry-pi-armv6.txt	b18da84a0622e2d24bfc1da8ce17fdf0c89faea7-5845a50eeb7d2730
SPEC-008-macos-static	.build/contract-reports/spec-003/latest-macos-dynamic.txt	759cf5945d69313ab3546965eace2ecc08da5ab3-d93a5691c785f107
SPEC-008-macos-static	.build/contract-reports/spec-003/latest-macos-static.txt	759cf5945d69313ab3546965eace2ecc08da5ab3-d93a5691c785f107
SPEC-008-macos-static	.build/contract-reports/spec-003/latest-nrf52840-embedded.txt	b18da84a0622e2d24bfc1da8ce17fdf0c89faea7-457fc7e1b9000afd
SPEC-008-macos-static	.build/contract-reports/spec-003/latest-raspberry-pi-armv6.txt	b18da84a0622e2d24bfc1da8ce17fdf0c89faea7-457fc7e1b9000afd
SPEC-008-macos-static	.build/contract-reports/spec-004/latest-macos-dynamic.txt	759cf5945d69313ab3546965eace2ecc08da5ab3-d93a5691c785f107
SPEC-008-macos-static	.build/contract-reports/spec-004/latest-macos-static.txt	759cf5945d69313ab3546965eace2ecc08da5ab3-d93a5691c785f107
SPEC-008-macos-static	.build/contract-reports/spec-004/latest-nrf52840-embedded.txt	b18da84a0622e2d24bfc1da8ce17fdf0c89faea7-457fc7e1b9000afd
SPEC-008-macos-static	.build/contract-reports/spec-004/latest-raspberry-pi-armv6.txt	b18da84a0622e2d24bfc1da8ce17fdf0c89faea7-457fc7e1b9000afd
SPEC-008-macos-static	.build/contract-reports/spec-005/latest-macos-dynamic.txt	759cf5945d69313ab3546965eace2ecc08da5ab3-13497580cfa982fc
SPEC-008-macos-static	.build/contract-reports/spec-005/latest-macos-static.txt	759cf5945d69313ab3546965eace2ecc08da5ab3-13497580cfa982fc
SPEC-008-macos-static	.build/contract-reports/spec-005/latest-nrf52840-embedded.txt	b18da84a0622e2d24bfc1da8ce17fdf0c89faea7-91c75f621f54733c
SPEC-008-macos-static	.build/contract-reports/spec-005/latest-raspberry-pi-armv6.txt	b18da84a0622e2d24bfc1da8ce17fdf0c89faea7-91c75f621f54733c
SPEC-008-macos-static	.build/contract-reports/spec-006/latest-macos-dynamic.txt	759cf5945d69313ab3546965eace2ecc08da5ab3-e4e48e37d8c767c7
SPEC-008-macos-static	.build/contract-reports/spec-006/latest-macos-static.txt	759cf5945d69313ab3546965eace2ecc08da5ab3-e4e48e37d8c767c7
SPEC-008-macos-static	.build/contract-reports/spec-006/latest-nrf52840-embedded.txt	b18da84a0622e2d24bfc1da8ce17fdf0c89faea7-2519f7ee7d9fd3e0
SPEC-008-macos-static	.build/contract-reports/spec-006/latest-raspberry-pi-armv6.txt	b18da84a0622e2d24bfc1da8ce17fdf0c89faea7-2519f7ee7d9fd3e0
SPEC-008-macos-static	.build/contract-reports/spec-007/latest-macos-dynamic.txt	759cf5945d69313ab3546965eace2ecc08da5ab3-9c9b7b98bfb72db1
SPEC-008-macos-static	.build/contract-reports/spec-007/latest-macos-static.txt	759cf5945d69313ab3546965eace2ecc08da5ab3-9c9b7b98bfb72db1
SPEC-008-macos-static	.build/contract-reports/spec-007/latest-nrf52840-embedded.txt	b18da84a0622e2d24bfc1da8ce17fdf0c89faea7-88e8f7d4bd213aaf
SPEC-008-macos-static	.build/contract-reports/spec-007/latest-raspberry-pi-armv6.txt	b18da84a0622e2d24bfc1da8ce17fdf0c89faea7-88e8f7d4bd213aaf
SPEC-008-macos-static	.build/contract-reports/spec-008/latest-macos-dynamic.txt	759cf5945d69313ab3546965eace2ecc08da5ab3-8c912bd577cac4a7
SPEC-008-macos-static	.build/contract-reports/spec-008/latest-macos-static.txt	759cf5945d69313ab3546965eace2ecc08da5ab3-8c912bd577cac4a7
SPEC-008-macos-static	.build/contract-reports/spec-008/latest-nrf52840-embedded.txt	b18da84a0622e2d24bfc1da8ce17fdf0c89faea7-cf3969a84328c135
SPEC-008-macos-static	.build/contract-reports/spec-008/latest-raspberry-pi-armv6.txt	b18da84a0622e2d24bfc1da8ce17fdf0c89faea7-cf3969a84328c135
SPEC-008-macos-static	.build/contract-reports/spec-009/latest-macos-dynamic.txt	759cf5945d69313ab3546965eace2ecc08da5ab3-54aaea69d783eaaa
SPEC-008-macos-static	.build/contract-reports/spec-009/latest-macos-static.txt	b18da84a0622e2d24bfc1da8ce17fdf0c89faea7-16973c7d29593fdf
SPEC-008-macos-static	.build/contract-reports/spec-009/latest-nrf52840-embedded.txt	b18da84a0622e2d24bfc1da8ce17fdf0c89faea7-16973c7d29593fdf
SPEC-008-macos-static	.build/contract-reports/spec-009/latest-raspberry-pi-armv6.txt	b18da84a0622e2d24bfc1da8ce17fdf0c89faea7-16973c7d29593fdf
SPEC-008-macos-static	.build/contract-reports/spec-010/latest-macos-dynamic.txt	759cf5945d69313ab3546965eace2ecc08da5ab3-f09fa73a6913497f
SPEC-008-macos-static	.build/contract-reports/spec-010/latest-macos-static.txt	b18da84a0622e2d24bfc1da8ce17fdf0c89faea7-195b7e7bafcc2d2b
SPEC-008-macos-static	.build/contract-reports/spec-010/latest-nrf52840-embedded.txt	b18da84a0622e2d24bfc1da8ce17fdf0c89faea7-195b7e7bafcc2d2b
SPEC-008-macos-static	.build/contract-reports/spec-010/latest-raspberry-pi-armv6.txt	b18da84a0622e2d24bfc1da8ce17fdf0c89faea7-195b7e7bafcc2d2b
SPEC-008-macos-static	.build/contract-reports/spec-011/latest-macos-dynamic.txt	759cf5945d69313ab3546965eace2ecc08da5ab3-d93a5691c785f107
SPEC-008-macos-static	.build/contract-reports/spec-011/latest-macos-static.txt	b18da84a0622e2d24bfc1da8ce17fdf0c89faea7-5845a50eeb7d2730
SPEC-008-macos-static	.build/contract-reports/spec-011/latest-nrf52840-embedded.txt	b18da84a0622e2d24bfc1da8ce17fdf0c89faea7-457fc7e1b9000afd
SPEC-008-macos-static	.build/contract-reports/spec-011/latest-raspberry-pi-armv6.txt	b18da84a0622e2d24bfc1da8ce17fdf0c89faea7-457fc7e1b9000afd
SPEC-008-macos-static	.build/contract-reports/spec-012/latest-macos-dynamic.txt	759cf5945d69313ab3546965eace2ecc08da5ab3-fc0aae9586267865
SPEC-008-macos-static	.build/contract-reports/spec-012/latest-macos-static.txt	b18da84a0622e2d24bfc1da8ce17fdf0c89faea7-1c61dbad1d952f9d
SPEC-008-macos-static	.build/contract-reports/spec-012/latest-nrf52840-embedded.txt	b18da84a0622e2d24bfc1da8ce17fdf0c89faea7-1c61dbad1d952f9d
SPEC-008-macos-static	.build/contract-reports/spec-012/latest-raspberry-pi-armv6.txt	b18da84a0622e2d24bfc1da8ce17fdf0c89faea7-1c61dbad1d952f9d
SPEC-008-macos-static	.build/contract-reports/spec-013/latest-macos-dynamic.txt	759cf5945d69313ab3546965eace2ecc08da5ab3-d25973a2ebde9c96
SPEC-008-macos-static	.build/contract-reports/spec-013/latest-macos-static.txt	b18da84a0622e2d24bfc1da8ce17fdf0c89faea7-3011c2f2a2dbab33
SPEC-008-macos-static	.build/contract-reports/spec-013/latest-nrf52840-embedded.txt	b18da84a0622e2d24bfc1da8ce17fdf0c89faea7-3011c2f2a2dbab33
SPEC-008-macos-static	.build/contract-reports/spec-013/latest-raspberry-pi-armv6.txt	b18da84a0622e2d24bfc1da8ce17fdf0c89faea7-3011c2f2a2dbab33
SPEC-008-macos-static	.build/contract-reports/spec-015/latest-macos-dynamic.txt	759cf5945d69313ab3546965eace2ecc08da5ab3-d93a5691c785f107
SPEC-008-macos-static	.build/contract-reports/spec-015/latest-macos-static.txt	759cf5945d69313ab3546965eace2ecc08da5ab3-d93a5691c785f107
SPEC-008-macos-static	.build/contract-reports/spec-015/latest-nrf52840-embedded.txt	b18da84a0622e2d24bfc1da8ce17fdf0c89faea7-457fc7e1b9000afd
SPEC-008-macos-static	.build/contract-reports/spec-015/latest-raspberry-pi-armv6.txt	b18da84a0622e2d24bfc1da8ce17fdf0c89faea7-457fc7e1b9000afd
published	/Users/eugene/work/GiftUI/.build/contract-reports/spec-009/759cf5945d69313ab3546965eace2ecc08da5ab3-54aaea69d783eaaa/macos-static	759cf5945d69313ab3546965eace2ecc08da5ab3-54aaea69d783eaaa
SPEC-009-macos-static	.build/contract-reports/spec-001/latest-macos-dynamic.txt	20261004T225647Z-28781
SPEC-009-macos-static	.build/contract-reports/spec-001/latest-macos-static.txt	20261004T230354Z-41114
SPEC-009-macos-static	.build/contract-reports/spec-001/latest-nrf52840-embedded.txt	20261004T144054Z-36978
SPEC-009-macos-static	.build/contract-reports/spec-001/latest-raspberry-pi-armv6.txt	20261004T142310Z-23558
SPEC-009-macos-static	.build/contract-reports/spec-002/latest-macos-dynamic.txt	759cf5945d69313ab3546965eace2ecc08da5ab3-d93a5691c785f107
SPEC-009-macos-static	.build/contract-reports/spec-002/latest-macos-static.txt	759cf5945d69313ab3546965eace2ecc08da5ab3-d93a5691c785f107
SPEC-009-macos-static	.build/contract-reports/spec-002/latest-nrf52840-embedded.txt	b18da84a0622e2d24bfc1da8ce17fdf0c89faea7-457fc7e1b9000afd
SPEC-009-macos-static	.build/contract-reports/spec-002/latest-raspberry-pi-armv6.txt	b18da84a0622e2d24bfc1da8ce17fdf0c89faea7-5845a50eeb7d2730
SPEC-009-macos-static	.build/contract-reports/spec-003/latest-macos-dynamic.txt	759cf5945d69313ab3546965eace2ecc08da5ab3-d93a5691c785f107
SPEC-009-macos-static	.build/contract-reports/spec-003/latest-macos-static.txt	759cf5945d69313ab3546965eace2ecc08da5ab3-d93a5691c785f107
SPEC-009-macos-static	.build/contract-reports/spec-003/latest-nrf52840-embedded.txt	b18da84a0622e2d24bfc1da8ce17fdf0c89faea7-457fc7e1b9000afd
SPEC-009-macos-static	.build/contract-reports/spec-003/latest-raspberry-pi-armv6.txt	b18da84a0622e2d24bfc1da8ce17fdf0c89faea7-457fc7e1b9000afd
SPEC-009-macos-static	.build/contract-reports/spec-004/latest-macos-dynamic.txt	759cf5945d69313ab3546965eace2ecc08da5ab3-d93a5691c785f107
SPEC-009-macos-static	.build/contract-reports/spec-004/latest-macos-static.txt	759cf5945d69313ab3546965eace2ecc08da5ab3-d93a5691c785f107
SPEC-009-macos-static	.build/contract-reports/spec-004/latest-nrf52840-embedded.txt	b18da84a0622e2d24bfc1da8ce17fdf0c89faea7-457fc7e1b9000afd
SPEC-009-macos-static	.build/contract-reports/spec-004/latest-raspberry-pi-armv6.txt	b18da84a0622e2d24bfc1da8ce17fdf0c89faea7-457fc7e1b9000afd
SPEC-009-macos-static	.build/contract-reports/spec-005/latest-macos-dynamic.txt	759cf5945d69313ab3546965eace2ecc08da5ab3-13497580cfa982fc
SPEC-009-macos-static	.build/contract-reports/spec-005/latest-macos-static.txt	759cf5945d69313ab3546965eace2ecc08da5ab3-13497580cfa982fc
SPEC-009-macos-static	.build/contract-reports/spec-005/latest-nrf52840-embedded.txt	b18da84a0622e2d24bfc1da8ce17fdf0c89faea7-91c75f621f54733c
SPEC-009-macos-static	.build/contract-reports/spec-005/latest-raspberry-pi-armv6.txt	b18da84a0622e2d24bfc1da8ce17fdf0c89faea7-91c75f621f54733c
SPEC-009-macos-static	.build/contract-reports/spec-006/latest-macos-dynamic.txt	759cf5945d69313ab3546965eace2ecc08da5ab3-e4e48e37d8c767c7
SPEC-009-macos-static	.build/contract-reports/spec-006/latest-macos-static.txt	759cf5945d69313ab3546965eace2ecc08da5ab3-e4e48e37d8c767c7
SPEC-009-macos-static	.build/contract-reports/spec-006/latest-nrf52840-embedded.txt	b18da84a0622e2d24bfc1da8ce17fdf0c89faea7-2519f7ee7d9fd3e0
SPEC-009-macos-static	.build/contract-reports/spec-006/latest-raspberry-pi-armv6.txt	b18da84a0622e2d24bfc1da8ce17fdf0c89faea7-2519f7ee7d9fd3e0
SPEC-009-macos-static	.build/contract-reports/spec-007/latest-macos-dynamic.txt	759cf5945d69313ab3546965eace2ecc08da5ab3-9c9b7b98bfb72db1
SPEC-009-macos-static	.build/contract-reports/spec-007/latest-macos-static.txt	759cf5945d69313ab3546965eace2ecc08da5ab3-9c9b7b98bfb72db1
SPEC-009-macos-static	.build/contract-reports/spec-007/latest-nrf52840-embedded.txt	b18da84a0622e2d24bfc1da8ce17fdf0c89faea7-88e8f7d4bd213aaf
SPEC-009-macos-static	.build/contract-reports/spec-007/latest-raspberry-pi-armv6.txt	b18da84a0622e2d24bfc1da8ce17fdf0c89faea7-88e8f7d4bd213aaf
SPEC-009-macos-static	.build/contract-reports/spec-008/latest-macos-dynamic.txt	759cf5945d69313ab3546965eace2ecc08da5ab3-8c912bd577cac4a7
SPEC-009-macos-static	.build/contract-reports/spec-008/latest-macos-static.txt	759cf5945d69313ab3546965eace2ecc08da5ab3-8c912bd577cac4a7
SPEC-009-macos-static	.build/contract-reports/spec-008/latest-nrf52840-embedded.txt	b18da84a0622e2d24bfc1da8ce17fdf0c89faea7-cf3969a84328c135
SPEC-009-macos-static	.build/contract-reports/spec-008/latest-raspberry-pi-armv6.txt	b18da84a0622e2d24bfc1da8ce17fdf0c89faea7-cf3969a84328c135
SPEC-009-macos-static	.build/contract-reports/spec-009/latest-macos-dynamic.txt	759cf5945d69313ab3546965eace2ecc08da5ab3-54aaea69d783eaaa
SPEC-009-macos-static	.build/contract-reports/spec-009/latest-macos-static.txt	759cf5945d69313ab3546965eace2ecc08da5ab3-54aaea69d783eaaa
SPEC-009-macos-static	.build/contract-reports/spec-009/latest-nrf52840-embedded.txt	b18da84a0622e2d24bfc1da8ce17fdf0c89faea7-16973c7d29593fdf
SPEC-009-macos-static	.build/contract-reports/spec-009/latest-raspberry-pi-armv6.txt	b18da84a0622e2d24bfc1da8ce17fdf0c89faea7-16973c7d29593fdf
SPEC-009-macos-static	.build/contract-reports/spec-010/latest-macos-dynamic.txt	759cf5945d69313ab3546965eace2ecc08da5ab3-f09fa73a6913497f
SPEC-009-macos-static	.build/contract-reports/spec-010/latest-macos-static.txt	b18da84a0622e2d24bfc1da8ce17fdf0c89faea7-195b7e7bafcc2d2b
SPEC-009-macos-static	.build/contract-reports/spec-010/latest-nrf52840-embedded.txt	b18da84a0622e2d24bfc1da8ce17fdf0c89faea7-195b7e7bafcc2d2b
SPEC-009-macos-static	.build/contract-reports/spec-010/latest-raspberry-pi-armv6.txt	b18da84a0622e2d24bfc1da8ce17fdf0c89faea7-195b7e7bafcc2d2b
SPEC-009-macos-static	.build/contract-reports/spec-011/latest-macos-dynamic.txt	759cf5945d69313ab3546965eace2ecc08da5ab3-d93a5691c785f107
SPEC-009-macos-static	.build/contract-reports/spec-011/latest-macos-static.txt	b18da84a0622e2d24bfc1da8ce17fdf0c89faea7-5845a50eeb7d2730
SPEC-009-macos-static	.build/contract-reports/spec-011/latest-nrf52840-embedded.txt	b18da84a0622e2d24bfc1da8ce17fdf0c89faea7-457fc7e1b9000afd
SPEC-009-macos-static	.build/contract-reports/spec-011/latest-raspberry-pi-armv6.txt	b18da84a0622e2d24bfc1da8ce17fdf0c89faea7-457fc7e1b9000afd
SPEC-009-macos-static	.build/contract-reports/spec-012/latest-macos-dynamic.txt	759cf5945d69313ab3546965eace2ecc08da5ab3-fc0aae9586267865
SPEC-009-macos-static	.build/contract-reports/spec-012/latest-macos-static.txt	b18da84a0622e2d24bfc1da8ce17fdf0c89faea7-1c61dbad1d952f9d
SPEC-009-macos-static	.build/contract-reports/spec-012/latest-nrf52840-embedded.txt	b18da84a0622e2d24bfc1da8ce17fdf0c89faea7-1c61dbad1d952f9d
SPEC-009-macos-static	.build/contract-reports/spec-012/latest-raspberry-pi-armv6.txt	b18da84a0622e2d24bfc1da8ce17fdf0c89faea7-1c61dbad1d952f9d
SPEC-009-macos-static	.build/contract-reports/spec-013/latest-macos-dynamic.txt	759cf5945d69313ab3546965eace2ecc08da5ab3-d25973a2ebde9c96
SPEC-009-macos-static	.build/contract-reports/spec-013/latest-macos-static.txt	b18da84a0622e2d24bfc1da8ce17fdf0c89faea7-3011c2f2a2dbab33
SPEC-009-macos-static	.build/contract-reports/spec-013/latest-nrf52840-embedded.txt	b18da84a0622e2d24bfc1da8ce17fdf0c89faea7-3011c2f2a2dbab33
SPEC-009-macos-static	.build/contract-reports/spec-013/latest-raspberry-pi-armv6.txt	b18da84a0622e2d24bfc1da8ce17fdf0c89faea7-3011c2f2a2dbab33
SPEC-009-macos-static	.build/contract-reports/spec-015/latest-macos-dynamic.txt	759cf5945d69313ab3546965eace2ecc08da5ab3-d93a5691c785f107
SPEC-009-macos-static	.build/contract-reports/spec-015/latest-macos-static.txt	759cf5945d69313ab3546965eace2ecc08da5ab3-d93a5691c785f107
SPEC-009-macos-static	.build/contract-reports/spec-015/latest-nrf52840-embedded.txt	b18da84a0622e2d24bfc1da8ce17fdf0c89faea7-457fc7e1b9000afd
SPEC-009-macos-static	.build/contract-reports/spec-015/latest-raspberry-pi-armv6.txt	b18da84a0622e2d24bfc1da8ce17fdf0c89faea7-457fc7e1b9000afd
published	/Users/eugene/work/GiftUI/.build/contract-reports/spec-010/759cf5945d69313ab3546965eace2ecc08da5ab3-f09fa73a6913497f/macos-static	759cf5945d69313ab3546965eace2ecc08da5ab3-f09fa73a6913497f
SPEC-010-macos-static	.build/contract-reports/spec-001/latest-macos-dynamic.txt	20261004T225647Z-28781
SPEC-010-macos-static	.build/contract-reports/spec-001/latest-macos-static.txt	20261004T230354Z-41114
SPEC-010-macos-static	.build/contract-reports/spec-001/latest-nrf52840-embedded.txt	20261004T144054Z-36978
SPEC-010-macos-static	.build/contract-reports/spec-001/latest-raspberry-pi-armv6.txt	20261004T142310Z-23558
SPEC-010-macos-static	.build/contract-reports/spec-002/latest-macos-dynamic.txt	759cf5945d69313ab3546965eace2ecc08da5ab3-d93a5691c785f107
SPEC-010-macos-static	.build/contract-reports/spec-002/latest-macos-static.txt	759cf5945d69313ab3546965eace2ecc08da5ab3-d93a5691c785f107
SPEC-010-macos-static	.build/contract-reports/spec-002/latest-nrf52840-embedded.txt	b18da84a0622e2d24bfc1da8ce17fdf0c89faea7-457fc7e1b9000afd
SPEC-010-macos-static	.build/contract-reports/spec-002/latest-raspberry-pi-armv6.txt	b18da84a0622e2d24bfc1da8ce17fdf0c89faea7-5845a50eeb7d2730
SPEC-010-macos-static	.build/contract-reports/spec-003/latest-macos-dynamic.txt	759cf5945d69313ab3546965eace2ecc08da5ab3-d93a5691c785f107
SPEC-010-macos-static	.build/contract-reports/spec-003/latest-macos-static.txt	759cf5945d69313ab3546965eace2ecc08da5ab3-d93a5691c785f107
SPEC-010-macos-static	.build/contract-reports/spec-003/latest-nrf52840-embedded.txt	b18da84a0622e2d24bfc1da8ce17fdf0c89faea7-457fc7e1b9000afd
SPEC-010-macos-static	.build/contract-reports/spec-003/latest-raspberry-pi-armv6.txt	b18da84a0622e2d24bfc1da8ce17fdf0c89faea7-457fc7e1b9000afd
SPEC-010-macos-static	.build/contract-reports/spec-004/latest-macos-dynamic.txt	759cf5945d69313ab3546965eace2ecc08da5ab3-d93a5691c785f107
SPEC-010-macos-static	.build/contract-reports/spec-004/latest-macos-static.txt	759cf5945d69313ab3546965eace2ecc08da5ab3-d93a5691c785f107
SPEC-010-macos-static	.build/contract-reports/spec-004/latest-nrf52840-embedded.txt	b18da84a0622e2d24bfc1da8ce17fdf0c89faea7-457fc7e1b9000afd
SPEC-010-macos-static	.build/contract-reports/spec-004/latest-raspberry-pi-armv6.txt	b18da84a0622e2d24bfc1da8ce17fdf0c89faea7-457fc7e1b9000afd
SPEC-010-macos-static	.build/contract-reports/spec-005/latest-macos-dynamic.txt	759cf5945d69313ab3546965eace2ecc08da5ab3-13497580cfa982fc
SPEC-010-macos-static	.build/contract-reports/spec-005/latest-macos-static.txt	759cf5945d69313ab3546965eace2ecc08da5ab3-13497580cfa982fc
SPEC-010-macos-static	.build/contract-reports/spec-005/latest-nrf52840-embedded.txt	b18da84a0622e2d24bfc1da8ce17fdf0c89faea7-91c75f621f54733c
SPEC-010-macos-static	.build/contract-reports/spec-005/latest-raspberry-pi-armv6.txt	b18da84a0622e2d24bfc1da8ce17fdf0c89faea7-91c75f621f54733c
SPEC-010-macos-static	.build/contract-reports/spec-006/latest-macos-dynamic.txt	759cf5945d69313ab3546965eace2ecc08da5ab3-e4e48e37d8c767c7
SPEC-010-macos-static	.build/contract-reports/spec-006/latest-macos-static.txt	759cf5945d69313ab3546965eace2ecc08da5ab3-e4e48e37d8c767c7
SPEC-010-macos-static	.build/contract-reports/spec-006/latest-nrf52840-embedded.txt	b18da84a0622e2d24bfc1da8ce17fdf0c89faea7-2519f7ee7d9fd3e0
SPEC-010-macos-static	.build/contract-reports/spec-006/latest-raspberry-pi-armv6.txt	b18da84a0622e2d24bfc1da8ce17fdf0c89faea7-2519f7ee7d9fd3e0
SPEC-010-macos-static	.build/contract-reports/spec-007/latest-macos-dynamic.txt	759cf5945d69313ab3546965eace2ecc08da5ab3-9c9b7b98bfb72db1
SPEC-010-macos-static	.build/contract-reports/spec-007/latest-macos-static.txt	759cf5945d69313ab3546965eace2ecc08da5ab3-9c9b7b98bfb72db1
SPEC-010-macos-static	.build/contract-reports/spec-007/latest-nrf52840-embedded.txt	b18da84a0622e2d24bfc1da8ce17fdf0c89faea7-88e8f7d4bd213aaf
SPEC-010-macos-static	.build/contract-reports/spec-007/latest-raspberry-pi-armv6.txt	b18da84a0622e2d24bfc1da8ce17fdf0c89faea7-88e8f7d4bd213aaf
SPEC-010-macos-static	.build/contract-reports/spec-008/latest-macos-dynamic.txt	759cf5945d69313ab3546965eace2ecc08da5ab3-8c912bd577cac4a7
SPEC-010-macos-static	.build/contract-reports/spec-008/latest-macos-static.txt	759cf5945d69313ab3546965eace2ecc08da5ab3-8c912bd577cac4a7
SPEC-010-macos-static	.build/contract-reports/spec-008/latest-nrf52840-embedded.txt	b18da84a0622e2d24bfc1da8ce17fdf0c89faea7-cf3969a84328c135
SPEC-010-macos-static	.build/contract-reports/spec-008/latest-raspberry-pi-armv6.txt	b18da84a0622e2d24bfc1da8ce17fdf0c89faea7-cf3969a84328c135
SPEC-010-macos-static	.build/contract-reports/spec-009/latest-macos-dynamic.txt	759cf5945d69313ab3546965eace2ecc08da5ab3-54aaea69d783eaaa
SPEC-010-macos-static	.build/contract-reports/spec-009/latest-macos-static.txt	759cf5945d69313ab3546965eace2ecc08da5ab3-54aaea69d783eaaa
SPEC-010-macos-static	.build/contract-reports/spec-009/latest-nrf52840-embedded.txt	b18da84a0622e2d24bfc1da8ce17fdf0c89faea7-16973c7d29593fdf
SPEC-010-macos-static	.build/contract-reports/spec-009/latest-raspberry-pi-armv6.txt	b18da84a0622e2d24bfc1da8ce17fdf0c89faea7-16973c7d29593fdf
SPEC-010-macos-static	.build/contract-reports/spec-010/latest-macos-dynamic.txt	759cf5945d69313ab3546965eace2ecc08da5ab3-f09fa73a6913497f
SPEC-010-macos-static	.build/contract-reports/spec-010/latest-macos-static.txt	759cf5945d69313ab3546965eace2ecc08da5ab3-f09fa73a6913497f
SPEC-010-macos-static	.build/contract-reports/spec-010/latest-nrf52840-embedded.txt	b18da84a0622e2d24bfc1da8ce17fdf0c89faea7-195b7e7bafcc2d2b
SPEC-010-macos-static	.build/contract-reports/spec-010/latest-raspberry-pi-armv6.txt	b18da84a0622e2d24bfc1da8ce17fdf0c89faea7-195b7e7bafcc2d2b
SPEC-010-macos-static	.build/contract-reports/spec-011/latest-macos-dynamic.txt	759cf5945d69313ab3546965eace2ecc08da5ab3-d93a5691c785f107
SPEC-010-macos-static	.build/contract-reports/spec-011/latest-macos-static.txt	b18da84a0622e2d24bfc1da8ce17fdf0c89faea7-5845a50eeb7d2730
SPEC-010-macos-static	.build/contract-reports/spec-011/latest-nrf52840-embedded.txt	b18da84a0622e2d24bfc1da8ce17fdf0c89faea7-457fc7e1b9000afd
SPEC-010-macos-static	.build/contract-reports/spec-011/latest-raspberry-pi-armv6.txt	b18da84a0622e2d24bfc1da8ce17fdf0c89faea7-457fc7e1b9000afd
SPEC-010-macos-static	.build/contract-reports/spec-012/latest-macos-dynamic.txt	759cf5945d69313ab3546965eace2ecc08da5ab3-fc0aae9586267865
SPEC-010-macos-static	.build/contract-reports/spec-012/latest-macos-static.txt	b18da84a0622e2d24bfc1da8ce17fdf0c89faea7-1c61dbad1d952f9d
SPEC-010-macos-static	.build/contract-reports/spec-012/latest-nrf52840-embedded.txt	b18da84a0622e2d24bfc1da8ce17fdf0c89faea7-1c61dbad1d952f9d
SPEC-010-macos-static	.build/contract-reports/spec-012/latest-raspberry-pi-armv6.txt	b18da84a0622e2d24bfc1da8ce17fdf0c89faea7-1c61dbad1d952f9d
SPEC-010-macos-static	.build/contract-reports/spec-013/latest-macos-dynamic.txt	759cf5945d69313ab3546965eace2ecc08da5ab3-d25973a2ebde9c96
SPEC-010-macos-static	.build/contract-reports/spec-013/latest-macos-static.txt	b18da84a0622e2d24bfc1da8ce17fdf0c89faea7-3011c2f2a2dbab33
SPEC-010-macos-static	.build/contract-reports/spec-013/latest-nrf52840-embedded.txt	b18da84a0622e2d24bfc1da8ce17fdf0c89faea7-3011c2f2a2dbab33
SPEC-010-macos-static	.build/contract-reports/spec-013/latest-raspberry-pi-armv6.txt	b18da84a0622e2d24bfc1da8ce17fdf0c89faea7-3011c2f2a2dbab33
SPEC-010-macos-static	.build/contract-reports/spec-015/latest-macos-dynamic.txt	759cf5945d69313ab3546965eace2ecc08da5ab3-d93a5691c785f107
SPEC-010-macos-static	.build/contract-reports/spec-015/latest-macos-static.txt	759cf5945d69313ab3546965eace2ecc08da5ab3-d93a5691c785f107
SPEC-010-macos-static	.build/contract-reports/spec-015/latest-nrf52840-embedded.txt	b18da84a0622e2d24bfc1da8ce17fdf0c89faea7-457fc7e1b9000afd
SPEC-010-macos-static	.build/contract-reports/spec-015/latest-raspberry-pi-armv6.txt	b18da84a0622e2d24bfc1da8ce17fdf0c89faea7-457fc7e1b9000afd
published	/Users/eugene/work/GiftUI/.build/contract-reports/spec-013/759cf5945d69313ab3546965eace2ecc08da5ab3-d25973a2ebde9c96/macos-static	759cf5945d69313ab3546965eace2ecc08da5ab3-d25973a2ebde9c96
published	/Users/eugene/work/GiftUI/.build/contract-reports/spec-011/759cf5945d69313ab3546965eace2ecc08da5ab3-d93a5691c785f107/macos-static	759cf5945d69313ab3546965eace2ecc08da5ab3-d93a5691c785f107
SPEC-011-macos-static	.build/contract-reports/spec-001/latest-macos-dynamic.txt	20261004T225647Z-28781
SPEC-011-macos-static	.build/contract-reports/spec-001/latest-macos-static.txt	20261004T230354Z-41114
SPEC-011-macos-static	.build/contract-reports/spec-001/latest-nrf52840-embedded.txt	20261004T144054Z-36978
SPEC-011-macos-static	.build/contract-reports/spec-001/latest-raspberry-pi-armv6.txt	20261004T142310Z-23558
SPEC-011-macos-static	.build/contract-reports/spec-002/latest-macos-dynamic.txt	759cf5945d69313ab3546965eace2ecc08da5ab3-d93a5691c785f107
SPEC-011-macos-static	.build/contract-reports/spec-002/latest-macos-static.txt	759cf5945d69313ab3546965eace2ecc08da5ab3-d93a5691c785f107
SPEC-011-macos-static	.build/contract-reports/spec-002/latest-nrf52840-embedded.txt	b18da84a0622e2d24bfc1da8ce17fdf0c89faea7-457fc7e1b9000afd
SPEC-011-macos-static	.build/contract-reports/spec-002/latest-raspberry-pi-armv6.txt	b18da84a0622e2d24bfc1da8ce17fdf0c89faea7-5845a50eeb7d2730
SPEC-011-macos-static	.build/contract-reports/spec-003/latest-macos-dynamic.txt	759cf5945d69313ab3546965eace2ecc08da5ab3-d93a5691c785f107
SPEC-011-macos-static	.build/contract-reports/spec-003/latest-macos-static.txt	759cf5945d69313ab3546965eace2ecc08da5ab3-d93a5691c785f107
SPEC-011-macos-static	.build/contract-reports/spec-003/latest-nrf52840-embedded.txt	b18da84a0622e2d24bfc1da8ce17fdf0c89faea7-457fc7e1b9000afd
SPEC-011-macos-static	.build/contract-reports/spec-003/latest-raspberry-pi-armv6.txt	b18da84a0622e2d24bfc1da8ce17fdf0c89faea7-457fc7e1b9000afd
SPEC-011-macos-static	.build/contract-reports/spec-004/latest-macos-dynamic.txt	759cf5945d69313ab3546965eace2ecc08da5ab3-d93a5691c785f107
SPEC-011-macos-static	.build/contract-reports/spec-004/latest-macos-static.txt	759cf5945d69313ab3546965eace2ecc08da5ab3-d93a5691c785f107
SPEC-011-macos-static	.build/contract-reports/spec-004/latest-nrf52840-embedded.txt	b18da84a0622e2d24bfc1da8ce17fdf0c89faea7-457fc7e1b9000afd
SPEC-011-macos-static	.build/contract-reports/spec-004/latest-raspberry-pi-armv6.txt	b18da84a0622e2d24bfc1da8ce17fdf0c89faea7-457fc7e1b9000afd
SPEC-011-macos-static	.build/contract-reports/spec-005/latest-macos-dynamic.txt	759cf5945d69313ab3546965eace2ecc08da5ab3-13497580cfa982fc
SPEC-011-macos-static	.build/contract-reports/spec-005/latest-macos-static.txt	759cf5945d69313ab3546965eace2ecc08da5ab3-13497580cfa982fc
SPEC-011-macos-static	.build/contract-reports/spec-005/latest-nrf52840-embedded.txt	b18da84a0622e2d24bfc1da8ce17fdf0c89faea7-91c75f621f54733c
SPEC-011-macos-static	.build/contract-reports/spec-005/latest-raspberry-pi-armv6.txt	b18da84a0622e2d24bfc1da8ce17fdf0c89faea7-91c75f621f54733c
SPEC-011-macos-static	.build/contract-reports/spec-006/latest-macos-dynamic.txt	759cf5945d69313ab3546965eace2ecc08da5ab3-e4e48e37d8c767c7
SPEC-011-macos-static	.build/contract-reports/spec-006/latest-macos-static.txt	759cf5945d69313ab3546965eace2ecc08da5ab3-e4e48e37d8c767c7
SPEC-011-macos-static	.build/contract-reports/spec-006/latest-nrf52840-embedded.txt	b18da84a0622e2d24bfc1da8ce17fdf0c89faea7-2519f7ee7d9fd3e0
SPEC-011-macos-static	.build/contract-reports/spec-006/latest-raspberry-pi-armv6.txt	b18da84a0622e2d24bfc1da8ce17fdf0c89faea7-2519f7ee7d9fd3e0
SPEC-011-macos-static	.build/contract-reports/spec-007/latest-macos-dynamic.txt	759cf5945d69313ab3546965eace2ecc08da5ab3-9c9b7b98bfb72db1
SPEC-011-macos-static	.build/contract-reports/spec-007/latest-macos-static.txt	759cf5945d69313ab3546965eace2ecc08da5ab3-9c9b7b98bfb72db1
SPEC-011-macos-static	.build/contract-reports/spec-007/latest-nrf52840-embedded.txt	b18da84a0622e2d24bfc1da8ce17fdf0c89faea7-88e8f7d4bd213aaf
SPEC-011-macos-static	.build/contract-reports/spec-007/latest-raspberry-pi-armv6.txt	b18da84a0622e2d24bfc1da8ce17fdf0c89faea7-88e8f7d4bd213aaf
SPEC-011-macos-static	.build/contract-reports/spec-008/latest-macos-dynamic.txt	759cf5945d69313ab3546965eace2ecc08da5ab3-8c912bd577cac4a7
SPEC-011-macos-static	.build/contract-reports/spec-008/latest-macos-static.txt	759cf5945d69313ab3546965eace2ecc08da5ab3-8c912bd577cac4a7
SPEC-011-macos-static	.build/contract-reports/spec-008/latest-nrf52840-embedded.txt	b18da84a0622e2d24bfc1da8ce17fdf0c89faea7-cf3969a84328c135
SPEC-011-macos-static	.build/contract-reports/spec-008/latest-raspberry-pi-armv6.txt	b18da84a0622e2d24bfc1da8ce17fdf0c89faea7-cf3969a84328c135
SPEC-011-macos-static	.build/contract-reports/spec-009/latest-macos-dynamic.txt	759cf5945d69313ab3546965eace2ecc08da5ab3-54aaea69d783eaaa
SPEC-011-macos-static	.build/contract-reports/spec-009/latest-macos-static.txt	759cf5945d69313ab3546965eace2ecc08da5ab3-54aaea69d783eaaa
SPEC-011-macos-static	.build/contract-reports/spec-009/latest-nrf52840-embedded.txt	b18da84a0622e2d24bfc1da8ce17fdf0c89faea7-16973c7d29593fdf
SPEC-011-macos-static	.build/contract-reports/spec-009/latest-raspberry-pi-armv6.txt	b18da84a0622e2d24bfc1da8ce17fdf0c89faea7-16973c7d29593fdf
SPEC-011-macos-static	.build/contract-reports/spec-010/latest-macos-dynamic.txt	759cf5945d69313ab3546965eace2ecc08da5ab3-f09fa73a6913497f
SPEC-011-macos-static	.build/contract-reports/spec-010/latest-macos-static.txt	759cf5945d69313ab3546965eace2ecc08da5ab3-f09fa73a6913497f
SPEC-011-macos-static	.build/contract-reports/spec-010/latest-nrf52840-embedded.txt	b18da84a0622e2d24bfc1da8ce17fdf0c89faea7-195b7e7bafcc2d2b
SPEC-011-macos-static	.build/contract-reports/spec-010/latest-raspberry-pi-armv6.txt	b18da84a0622e2d24bfc1da8ce17fdf0c89faea7-195b7e7bafcc2d2b
SPEC-011-macos-static	.build/contract-reports/spec-011/latest-macos-dynamic.txt	759cf5945d69313ab3546965eace2ecc08da5ab3-d93a5691c785f107
SPEC-011-macos-static	.build/contract-reports/spec-011/latest-macos-static.txt	759cf5945d69313ab3546965eace2ecc08da5ab3-d93a5691c785f107
SPEC-011-macos-static	.build/contract-reports/spec-011/latest-nrf52840-embedded.txt	b18da84a0622e2d24bfc1da8ce17fdf0c89faea7-457fc7e1b9000afd
SPEC-011-macos-static	.build/contract-reports/spec-011/latest-raspberry-pi-armv6.txt	b18da84a0622e2d24bfc1da8ce17fdf0c89faea7-457fc7e1b9000afd
SPEC-011-macos-static	.build/contract-reports/spec-012/latest-macos-dynamic.txt	759cf5945d69313ab3546965eace2ecc08da5ab3-fc0aae9586267865
SPEC-011-macos-static	.build/contract-reports/spec-012/latest-macos-static.txt	b18da84a0622e2d24bfc1da8ce17fdf0c89faea7-1c61dbad1d952f9d
SPEC-011-macos-static	.build/contract-reports/spec-012/latest-nrf52840-embedded.txt	b18da84a0622e2d24bfc1da8ce17fdf0c89faea7-1c61dbad1d952f9d
SPEC-011-macos-static	.build/contract-reports/spec-012/latest-raspberry-pi-armv6.txt	b18da84a0622e2d24bfc1da8ce17fdf0c89faea7-1c61dbad1d952f9d
SPEC-011-macos-static	.build/contract-reports/spec-013/latest-macos-dynamic.txt	759cf5945d69313ab3546965eace2ecc08da5ab3-d25973a2ebde9c96
SPEC-011-macos-static	.build/contract-reports/spec-013/latest-macos-static.txt	759cf5945d69313ab3546965eace2ecc08da5ab3-d25973a2ebde9c96
SPEC-011-macos-static	.build/contract-reports/spec-013/latest-nrf52840-embedded.txt	b18da84a0622e2d24bfc1da8ce17fdf0c89faea7-3011c2f2a2dbab33
SPEC-011-macos-static	.build/contract-reports/spec-013/latest-raspberry-pi-armv6.txt	b18da84a0622e2d24bfc1da8ce17fdf0c89faea7-3011c2f2a2dbab33
SPEC-011-macos-static	.build/contract-reports/spec-015/latest-macos-dynamic.txt	759cf5945d69313ab3546965eace2ecc08da5ab3-d93a5691c785f107
SPEC-011-macos-static	.build/contract-reports/spec-015/latest-macos-static.txt	759cf5945d69313ab3546965eace2ecc08da5ab3-d93a5691c785f107
SPEC-011-macos-static	.build/contract-reports/spec-015/latest-nrf52840-embedded.txt	b18da84a0622e2d24bfc1da8ce17fdf0c89faea7-457fc7e1b9000afd
SPEC-011-macos-static	.build/contract-reports/spec-015/latest-raspberry-pi-armv6.txt	b18da84a0622e2d24bfc1da8ce17fdf0c89faea7-457fc7e1b9000afd
published	/Users/eugene/work/GiftUI/.build/contract-reports/spec-012/759cf5945d69313ab3546965eace2ecc08da5ab3-fc0aae9586267865/macos-static	759cf5945d69313ab3546965eace2ecc08da5ab3-fc0aae9586267865
SPEC-012-macos-static	.build/contract-reports/spec-001/latest-macos-dynamic.txt	20261004T225647Z-28781
SPEC-012-macos-static	.build/contract-reports/spec-001/latest-macos-static.txt	20261004T230354Z-41114
SPEC-012-macos-static	.build/contract-reports/spec-001/latest-nrf52840-embedded.txt	20261004T144054Z-36978
SPEC-012-macos-static	.build/contract-reports/spec-001/latest-raspberry-pi-armv6.txt	20261004T142310Z-23558
SPEC-012-macos-static	.build/contract-reports/spec-002/latest-macos-dynamic.txt	759cf5945d69313ab3546965eace2ecc08da5ab3-d93a5691c785f107
SPEC-012-macos-static	.build/contract-reports/spec-002/latest-macos-static.txt	759cf5945d69313ab3546965eace2ecc08da5ab3-d93a5691c785f107
SPEC-012-macos-static	.build/contract-reports/spec-002/latest-nrf52840-embedded.txt	b18da84a0622e2d24bfc1da8ce17fdf0c89faea7-457fc7e1b9000afd
SPEC-012-macos-static	.build/contract-reports/spec-002/latest-raspberry-pi-armv6.txt	b18da84a0622e2d24bfc1da8ce17fdf0c89faea7-5845a50eeb7d2730
SPEC-012-macos-static	.build/contract-reports/spec-003/latest-macos-dynamic.txt	759cf5945d69313ab3546965eace2ecc08da5ab3-d93a5691c785f107
SPEC-012-macos-static	.build/contract-reports/spec-003/latest-macos-static.txt	759cf5945d69313ab3546965eace2ecc08da5ab3-d93a5691c785f107
SPEC-012-macos-static	.build/contract-reports/spec-003/latest-nrf52840-embedded.txt	b18da84a0622e2d24bfc1da8ce17fdf0c89faea7-457fc7e1b9000afd
SPEC-012-macos-static	.build/contract-reports/spec-003/latest-raspberry-pi-armv6.txt	b18da84a0622e2d24bfc1da8ce17fdf0c89faea7-457fc7e1b9000afd
SPEC-012-macos-static	.build/contract-reports/spec-004/latest-macos-dynamic.txt	759cf5945d69313ab3546965eace2ecc08da5ab3-d93a5691c785f107
SPEC-012-macos-static	.build/contract-reports/spec-004/latest-macos-static.txt	759cf5945d69313ab3546965eace2ecc08da5ab3-d93a5691c785f107
SPEC-012-macos-static	.build/contract-reports/spec-004/latest-nrf52840-embedded.txt	b18da84a0622e2d24bfc1da8ce17fdf0c89faea7-457fc7e1b9000afd
SPEC-012-macos-static	.build/contract-reports/spec-004/latest-raspberry-pi-armv6.txt	b18da84a0622e2d24bfc1da8ce17fdf0c89faea7-457fc7e1b9000afd
SPEC-012-macos-static	.build/contract-reports/spec-005/latest-macos-dynamic.txt	759cf5945d69313ab3546965eace2ecc08da5ab3-13497580cfa982fc
SPEC-012-macos-static	.build/contract-reports/spec-005/latest-macos-static.txt	759cf5945d69313ab3546965eace2ecc08da5ab3-13497580cfa982fc
SPEC-012-macos-static	.build/contract-reports/spec-005/latest-nrf52840-embedded.txt	b18da84a0622e2d24bfc1da8ce17fdf0c89faea7-91c75f621f54733c
SPEC-012-macos-static	.build/contract-reports/spec-005/latest-raspberry-pi-armv6.txt	b18da84a0622e2d24bfc1da8ce17fdf0c89faea7-91c75f621f54733c
SPEC-012-macos-static	.build/contract-reports/spec-006/latest-macos-dynamic.txt	759cf5945d69313ab3546965eace2ecc08da5ab3-e4e48e37d8c767c7
SPEC-012-macos-static	.build/contract-reports/spec-006/latest-macos-static.txt	759cf5945d69313ab3546965eace2ecc08da5ab3-e4e48e37d8c767c7
SPEC-012-macos-static	.build/contract-reports/spec-006/latest-nrf52840-embedded.txt	b18da84a0622e2d24bfc1da8ce17fdf0c89faea7-2519f7ee7d9fd3e0
SPEC-012-macos-static	.build/contract-reports/spec-006/latest-raspberry-pi-armv6.txt	b18da84a0622e2d24bfc1da8ce17fdf0c89faea7-2519f7ee7d9fd3e0
SPEC-012-macos-static	.build/contract-reports/spec-007/latest-macos-dynamic.txt	759cf5945d69313ab3546965eace2ecc08da5ab3-9c9b7b98bfb72db1
SPEC-012-macos-static	.build/contract-reports/spec-007/latest-macos-static.txt	759cf5945d69313ab3546965eace2ecc08da5ab3-9c9b7b98bfb72db1
SPEC-012-macos-static	.build/contract-reports/spec-007/latest-nrf52840-embedded.txt	b18da84a0622e2d24bfc1da8ce17fdf0c89faea7-88e8f7d4bd213aaf
SPEC-012-macos-static	.build/contract-reports/spec-007/latest-raspberry-pi-armv6.txt	b18da84a0622e2d24bfc1da8ce17fdf0c89faea7-88e8f7d4bd213aaf
SPEC-012-macos-static	.build/contract-reports/spec-008/latest-macos-dynamic.txt	759cf5945d69313ab3546965eace2ecc08da5ab3-8c912bd577cac4a7
SPEC-012-macos-static	.build/contract-reports/spec-008/latest-macos-static.txt	759cf5945d69313ab3546965eace2ecc08da5ab3-8c912bd577cac4a7
SPEC-012-macos-static	.build/contract-reports/spec-008/latest-nrf52840-embedded.txt	b18da84a0622e2d24bfc1da8ce17fdf0c89faea7-cf3969a84328c135
SPEC-012-macos-static	.build/contract-reports/spec-008/latest-raspberry-pi-armv6.txt	b18da84a0622e2d24bfc1da8ce17fdf0c89faea7-cf3969a84328c135
SPEC-012-macos-static	.build/contract-reports/spec-009/latest-macos-dynamic.txt	759cf5945d69313ab3546965eace2ecc08da5ab3-54aaea69d783eaaa
SPEC-012-macos-static	.build/contract-reports/spec-009/latest-macos-static.txt	759cf5945d69313ab3546965eace2ecc08da5ab3-54aaea69d783eaaa
SPEC-012-macos-static	.build/contract-reports/spec-009/latest-nrf52840-embedded.txt	b18da84a0622e2d24bfc1da8ce17fdf0c89faea7-16973c7d29593fdf
SPEC-012-macos-static	.build/contract-reports/spec-009/latest-raspberry-pi-armv6.txt	b18da84a0622e2d24bfc1da8ce17fdf0c89faea7-16973c7d29593fdf
SPEC-012-macos-static	.build/contract-reports/spec-010/latest-macos-dynamic.txt	759cf5945d69313ab3546965eace2ecc08da5ab3-f09fa73a6913497f
SPEC-012-macos-static	.build/contract-reports/spec-010/latest-macos-static.txt	759cf5945d69313ab3546965eace2ecc08da5ab3-f09fa73a6913497f
SPEC-012-macos-static	.build/contract-reports/spec-010/latest-nrf52840-embedded.txt	b18da84a0622e2d24bfc1da8ce17fdf0c89faea7-195b7e7bafcc2d2b
SPEC-012-macos-static	.build/contract-reports/spec-010/latest-raspberry-pi-armv6.txt	b18da84a0622e2d24bfc1da8ce17fdf0c89faea7-195b7e7bafcc2d2b
SPEC-012-macos-static	.build/contract-reports/spec-011/latest-macos-dynamic.txt	759cf5945d69313ab3546965eace2ecc08da5ab3-d93a5691c785f107
SPEC-012-macos-static	.build/contract-reports/spec-011/latest-macos-static.txt	759cf5945d69313ab3546965eace2ecc08da5ab3-d93a5691c785f107
SPEC-012-macos-static	.build/contract-reports/spec-011/latest-nrf52840-embedded.txt	b18da84a0622e2d24bfc1da8ce17fdf0c89faea7-457fc7e1b9000afd
SPEC-012-macos-static	.build/contract-reports/spec-011/latest-raspberry-pi-armv6.txt	b18da84a0622e2d24bfc1da8ce17fdf0c89faea7-457fc7e1b9000afd
SPEC-012-macos-static	.build/contract-reports/spec-012/latest-macos-dynamic.txt	759cf5945d69313ab3546965eace2ecc08da5ab3-fc0aae9586267865
SPEC-012-macos-static	.build/contract-reports/spec-012/latest-macos-static.txt	759cf5945d69313ab3546965eace2ecc08da5ab3-fc0aae9586267865
SPEC-012-macos-static	.build/contract-reports/spec-012/latest-nrf52840-embedded.txt	b18da84a0622e2d24bfc1da8ce17fdf0c89faea7-1c61dbad1d952f9d
SPEC-012-macos-static	.build/contract-reports/spec-012/latest-raspberry-pi-armv6.txt	b18da84a0622e2d24bfc1da8ce17fdf0c89faea7-1c61dbad1d952f9d
SPEC-012-macos-static	.build/contract-reports/spec-013/latest-macos-dynamic.txt	759cf5945d69313ab3546965eace2ecc08da5ab3-d25973a2ebde9c96
SPEC-012-macos-static	.build/contract-reports/spec-013/latest-macos-static.txt	759cf5945d69313ab3546965eace2ecc08da5ab3-d25973a2ebde9c96
SPEC-012-macos-static	.build/contract-reports/spec-013/latest-nrf52840-embedded.txt	b18da84a0622e2d24bfc1da8ce17fdf0c89faea7-3011c2f2a2dbab33
SPEC-012-macos-static	.build/contract-reports/spec-013/latest-raspberry-pi-armv6.txt	b18da84a0622e2d24bfc1da8ce17fdf0c89faea7-3011c2f2a2dbab33
SPEC-012-macos-static	.build/contract-reports/spec-015/latest-macos-dynamic.txt	759cf5945d69313ab3546965eace2ecc08da5ab3-d93a5691c785f107
SPEC-012-macos-static	.build/contract-reports/spec-015/latest-macos-static.txt	759cf5945d69313ab3546965eace2ecc08da5ab3-d93a5691c785f107
SPEC-012-macos-static	.build/contract-reports/spec-015/latest-nrf52840-embedded.txt	b18da84a0622e2d24bfc1da8ce17fdf0c89faea7-457fc7e1b9000afd
SPEC-012-macos-static	.build/contract-reports/spec-015/latest-raspberry-pi-armv6.txt	b18da84a0622e2d24bfc1da8ce17fdf0c89faea7-457fc7e1b9000afd
SPEC-013-macos-static	.build/contract-reports/spec-001/latest-macos-dynamic.txt	20261004T225647Z-28781
SPEC-013-macos-static	.build/contract-reports/spec-001/latest-macos-static.txt	20261004T230354Z-41114
SPEC-013-macos-static	.build/contract-reports/spec-001/latest-nrf52840-embedded.txt	20261004T144054Z-36978
SPEC-013-macos-static	.build/contract-reports/spec-001/latest-raspberry-pi-armv6.txt	20261004T142310Z-23558
SPEC-013-macos-static	.build/contract-reports/spec-002/latest-macos-dynamic.txt	759cf5945d69313ab3546965eace2ecc08da5ab3-d93a5691c785f107
SPEC-013-macos-static	.build/contract-reports/spec-002/latest-macos-static.txt	759cf5945d69313ab3546965eace2ecc08da5ab3-d93a5691c785f107
SPEC-013-macos-static	.build/contract-reports/spec-002/latest-nrf52840-embedded.txt	b18da84a0622e2d24bfc1da8ce17fdf0c89faea7-457fc7e1b9000afd
SPEC-013-macos-static	.build/contract-reports/spec-002/latest-raspberry-pi-armv6.txt	b18da84a0622e2d24bfc1da8ce17fdf0c89faea7-5845a50eeb7d2730
SPEC-013-macos-static	.build/contract-reports/spec-003/latest-macos-dynamic.txt	759cf5945d69313ab3546965eace2ecc08da5ab3-d93a5691c785f107
SPEC-013-macos-static	.build/contract-reports/spec-003/latest-macos-static.txt	759cf5945d69313ab3546965eace2ecc08da5ab3-d93a5691c785f107
SPEC-013-macos-static	.build/contract-reports/spec-003/latest-nrf52840-embedded.txt	b18da84a0622e2d24bfc1da8ce17fdf0c89faea7-457fc7e1b9000afd
SPEC-013-macos-static	.build/contract-reports/spec-003/latest-raspberry-pi-armv6.txt	b18da84a0622e2d24bfc1da8ce17fdf0c89faea7-457fc7e1b9000afd
SPEC-013-macos-static	.build/contract-reports/spec-004/latest-macos-dynamic.txt	759cf5945d69313ab3546965eace2ecc08da5ab3-d93a5691c785f107
SPEC-013-macos-static	.build/contract-reports/spec-004/latest-macos-static.txt	759cf5945d69313ab3546965eace2ecc08da5ab3-d93a5691c785f107
SPEC-013-macos-static	.build/contract-reports/spec-004/latest-nrf52840-embedded.txt	b18da84a0622e2d24bfc1da8ce17fdf0c89faea7-457fc7e1b9000afd
SPEC-013-macos-static	.build/contract-reports/spec-004/latest-raspberry-pi-armv6.txt	b18da84a0622e2d24bfc1da8ce17fdf0c89faea7-457fc7e1b9000afd
SPEC-013-macos-static	.build/contract-reports/spec-005/latest-macos-dynamic.txt	759cf5945d69313ab3546965eace2ecc08da5ab3-13497580cfa982fc
SPEC-013-macos-static	.build/contract-reports/spec-005/latest-macos-static.txt	759cf5945d69313ab3546965eace2ecc08da5ab3-13497580cfa982fc
SPEC-013-macos-static	.build/contract-reports/spec-005/latest-nrf52840-embedded.txt	b18da84a0622e2d24bfc1da8ce17fdf0c89faea7-91c75f621f54733c
SPEC-013-macos-static	.build/contract-reports/spec-005/latest-raspberry-pi-armv6.txt	b18da84a0622e2d24bfc1da8ce17fdf0c89faea7-91c75f621f54733c
SPEC-013-macos-static	.build/contract-reports/spec-006/latest-macos-dynamic.txt	759cf5945d69313ab3546965eace2ecc08da5ab3-e4e48e37d8c767c7
SPEC-013-macos-static	.build/contract-reports/spec-006/latest-macos-static.txt	759cf5945d69313ab3546965eace2ecc08da5ab3-e4e48e37d8c767c7
SPEC-013-macos-static	.build/contract-reports/spec-006/latest-nrf52840-embedded.txt	b18da84a0622e2d24bfc1da8ce17fdf0c89faea7-2519f7ee7d9fd3e0
SPEC-013-macos-static	.build/contract-reports/spec-006/latest-raspberry-pi-armv6.txt	b18da84a0622e2d24bfc1da8ce17fdf0c89faea7-2519f7ee7d9fd3e0
SPEC-013-macos-static	.build/contract-reports/spec-007/latest-macos-dynamic.txt	759cf5945d69313ab3546965eace2ecc08da5ab3-9c9b7b98bfb72db1
SPEC-013-macos-static	.build/contract-reports/spec-007/latest-macos-static.txt	759cf5945d69313ab3546965eace2ecc08da5ab3-9c9b7b98bfb72db1
SPEC-013-macos-static	.build/contract-reports/spec-007/latest-nrf52840-embedded.txt	b18da84a0622e2d24bfc1da8ce17fdf0c89faea7-88e8f7d4bd213aaf
SPEC-013-macos-static	.build/contract-reports/spec-007/latest-raspberry-pi-armv6.txt	b18da84a0622e2d24bfc1da8ce17fdf0c89faea7-88e8f7d4bd213aaf
SPEC-013-macos-static	.build/contract-reports/spec-008/latest-macos-dynamic.txt	759cf5945d69313ab3546965eace2ecc08da5ab3-8c912bd577cac4a7
SPEC-013-macos-static	.build/contract-reports/spec-008/latest-macos-static.txt	759cf5945d69313ab3546965eace2ecc08da5ab3-8c912bd577cac4a7
SPEC-013-macos-static	.build/contract-reports/spec-008/latest-nrf52840-embedded.txt	b18da84a0622e2d24bfc1da8ce17fdf0c89faea7-cf3969a84328c135
SPEC-013-macos-static	.build/contract-reports/spec-008/latest-raspberry-pi-armv6.txt	b18da84a0622e2d24bfc1da8ce17fdf0c89faea7-cf3969a84328c135
SPEC-013-macos-static	.build/contract-reports/spec-009/latest-macos-dynamic.txt	759cf5945d69313ab3546965eace2ecc08da5ab3-54aaea69d783eaaa
SPEC-013-macos-static	.build/contract-reports/spec-009/latest-macos-static.txt	759cf5945d69313ab3546965eace2ecc08da5ab3-54aaea69d783eaaa
SPEC-013-macos-static	.build/contract-reports/spec-009/latest-nrf52840-embedded.txt	b18da84a0622e2d24bfc1da8ce17fdf0c89faea7-16973c7d29593fdf
SPEC-013-macos-static	.build/contract-reports/spec-009/latest-raspberry-pi-armv6.txt	b18da84a0622e2d24bfc1da8ce17fdf0c89faea7-16973c7d29593fdf
SPEC-013-macos-static	.build/contract-reports/spec-010/latest-macos-dynamic.txt	759cf5945d69313ab3546965eace2ecc08da5ab3-f09fa73a6913497f
SPEC-013-macos-static	.build/contract-reports/spec-010/latest-macos-static.txt	759cf5945d69313ab3546965eace2ecc08da5ab3-f09fa73a6913497f
SPEC-013-macos-static	.build/contract-reports/spec-010/latest-nrf52840-embedded.txt	b18da84a0622e2d24bfc1da8ce17fdf0c89faea7-195b7e7bafcc2d2b
SPEC-013-macos-static	.build/contract-reports/spec-010/latest-raspberry-pi-armv6.txt	b18da84a0622e2d24bfc1da8ce17fdf0c89faea7-195b7e7bafcc2d2b
SPEC-013-macos-static	.build/contract-reports/spec-011/latest-macos-dynamic.txt	759cf5945d69313ab3546965eace2ecc08da5ab3-d93a5691c785f107
SPEC-013-macos-static	.build/contract-reports/spec-011/latest-macos-static.txt	759cf5945d69313ab3546965eace2ecc08da5ab3-d93a5691c785f107
SPEC-013-macos-static	.build/contract-reports/spec-011/latest-nrf52840-embedded.txt	b18da84a0622e2d24bfc1da8ce17fdf0c89faea7-457fc7e1b9000afd
SPEC-013-macos-static	.build/contract-reports/spec-011/latest-raspberry-pi-armv6.txt	b18da84a0622e2d24bfc1da8ce17fdf0c89faea7-457fc7e1b9000afd
SPEC-013-macos-static	.build/contract-reports/spec-012/latest-macos-dynamic.txt	759cf5945d69313ab3546965eace2ecc08da5ab3-fc0aae9586267865
SPEC-013-macos-static	.build/contract-reports/spec-012/latest-macos-static.txt	759cf5945d69313ab3546965eace2ecc08da5ab3-fc0aae9586267865
SPEC-013-macos-static	.build/contract-reports/spec-012/latest-nrf52840-embedded.txt	b18da84a0622e2d24bfc1da8ce17fdf0c89faea7-1c61dbad1d952f9d
SPEC-013-macos-static	.build/contract-reports/spec-012/latest-raspberry-pi-armv6.txt	b18da84a0622e2d24bfc1da8ce17fdf0c89faea7-1c61dbad1d952f9d
SPEC-013-macos-static	.build/contract-reports/spec-013/latest-macos-dynamic.txt	759cf5945d69313ab3546965eace2ecc08da5ab3-d25973a2ebde9c96
SPEC-013-macos-static	.build/contract-reports/spec-013/latest-macos-static.txt	759cf5945d69313ab3546965eace2ecc08da5ab3-d25973a2ebde9c96
SPEC-013-macos-static	.build/contract-reports/spec-013/latest-nrf52840-embedded.txt	b18da84a0622e2d24bfc1da8ce17fdf0c89faea7-3011c2f2a2dbab33
SPEC-013-macos-static	.build/contract-reports/spec-013/latest-raspberry-pi-armv6.txt	b18da84a0622e2d24bfc1da8ce17fdf0c89faea7-3011c2f2a2dbab33
SPEC-013-macos-static	.build/contract-reports/spec-015/latest-macos-dynamic.txt	759cf5945d69313ab3546965eace2ecc08da5ab3-d93a5691c785f107
SPEC-013-macos-static	.build/contract-reports/spec-015/latest-macos-static.txt	759cf5945d69313ab3546965eace2ecc08da5ab3-d93a5691c785f107
SPEC-013-macos-static	.build/contract-reports/spec-015/latest-nrf52840-embedded.txt	b18da84a0622e2d24bfc1da8ce17fdf0c89faea7-457fc7e1b9000afd
SPEC-013-macos-static	.build/contract-reports/spec-015/latest-raspberry-pi-armv6.txt	b18da84a0622e2d24bfc1da8ce17fdf0c89faea7-457fc7e1b9000afd
published	/Users/eugene/work/GiftUI/.build/spec-014/reports/759cf5945d69313ab3546965eace2ecc08da5ab3-145c16b3b1e9a369/macos-static	759cf5945d69313ab3546965eace2ecc08da5ab3-145c16b3b1e9a369
SPEC-014-macos-static	.build/contract-reports/spec-001/latest-macos-dynamic.txt	20261004T225647Z-28781
SPEC-014-macos-static	.build/contract-reports/spec-001/latest-macos-static.txt	20261004T230354Z-41114
SPEC-014-macos-static	.build/contract-reports/spec-001/latest-nrf52840-embedded.txt	20261004T144054Z-36978
SPEC-014-macos-static	.build/contract-reports/spec-001/latest-raspberry-pi-armv6.txt	20261004T142310Z-23558
SPEC-014-macos-static	.build/contract-reports/spec-002/latest-macos-dynamic.txt	759cf5945d69313ab3546965eace2ecc08da5ab3-d93a5691c785f107
SPEC-014-macos-static	.build/contract-reports/spec-002/latest-macos-static.txt	759cf5945d69313ab3546965eace2ecc08da5ab3-d93a5691c785f107
SPEC-014-macos-static	.build/contract-reports/spec-002/latest-nrf52840-embedded.txt	b18da84a0622e2d24bfc1da8ce17fdf0c89faea7-457fc7e1b9000afd
SPEC-014-macos-static	.build/contract-reports/spec-002/latest-raspberry-pi-armv6.txt	b18da84a0622e2d24bfc1da8ce17fdf0c89faea7-5845a50eeb7d2730
SPEC-014-macos-static	.build/contract-reports/spec-003/latest-macos-dynamic.txt	759cf5945d69313ab3546965eace2ecc08da5ab3-d93a5691c785f107
SPEC-014-macos-static	.build/contract-reports/spec-003/latest-macos-static.txt	759cf5945d69313ab3546965eace2ecc08da5ab3-d93a5691c785f107
SPEC-014-macos-static	.build/contract-reports/spec-003/latest-nrf52840-embedded.txt	b18da84a0622e2d24bfc1da8ce17fdf0c89faea7-457fc7e1b9000afd
SPEC-014-macos-static	.build/contract-reports/spec-003/latest-raspberry-pi-armv6.txt	b18da84a0622e2d24bfc1da8ce17fdf0c89faea7-457fc7e1b9000afd
SPEC-014-macos-static	.build/contract-reports/spec-004/latest-macos-dynamic.txt	759cf5945d69313ab3546965eace2ecc08da5ab3-d93a5691c785f107
SPEC-014-macos-static	.build/contract-reports/spec-004/latest-macos-static.txt	759cf5945d69313ab3546965eace2ecc08da5ab3-d93a5691c785f107
SPEC-014-macos-static	.build/contract-reports/spec-004/latest-nrf52840-embedded.txt	b18da84a0622e2d24bfc1da8ce17fdf0c89faea7-457fc7e1b9000afd
SPEC-014-macos-static	.build/contract-reports/spec-004/latest-raspberry-pi-armv6.txt	b18da84a0622e2d24bfc1da8ce17fdf0c89faea7-457fc7e1b9000afd
SPEC-014-macos-static	.build/contract-reports/spec-005/latest-macos-dynamic.txt	759cf5945d69313ab3546965eace2ecc08da5ab3-13497580cfa982fc
SPEC-014-macos-static	.build/contract-reports/spec-005/latest-macos-static.txt	759cf5945d69313ab3546965eace2ecc08da5ab3-13497580cfa982fc
SPEC-014-macos-static	.build/contract-reports/spec-005/latest-nrf52840-embedded.txt	b18da84a0622e2d24bfc1da8ce17fdf0c89faea7-91c75f621f54733c
SPEC-014-macos-static	.build/contract-reports/spec-005/latest-raspberry-pi-armv6.txt	b18da84a0622e2d24bfc1da8ce17fdf0c89faea7-91c75f621f54733c
SPEC-014-macos-static	.build/contract-reports/spec-006/latest-macos-dynamic.txt	759cf5945d69313ab3546965eace2ecc08da5ab3-e4e48e37d8c767c7
SPEC-014-macos-static	.build/contract-reports/spec-006/latest-macos-static.txt	759cf5945d69313ab3546965eace2ecc08da5ab3-e4e48e37d8c767c7
SPEC-014-macos-static	.build/contract-reports/spec-006/latest-nrf52840-embedded.txt	b18da84a0622e2d24bfc1da8ce17fdf0c89faea7-2519f7ee7d9fd3e0
SPEC-014-macos-static	.build/contract-reports/spec-006/latest-raspberry-pi-armv6.txt	b18da84a0622e2d24bfc1da8ce17fdf0c89faea7-2519f7ee7d9fd3e0
SPEC-014-macos-static	.build/contract-reports/spec-007/latest-macos-dynamic.txt	759cf5945d69313ab3546965eace2ecc08da5ab3-9c9b7b98bfb72db1
SPEC-014-macos-static	.build/contract-reports/spec-007/latest-macos-static.txt	759cf5945d69313ab3546965eace2ecc08da5ab3-9c9b7b98bfb72db1
SPEC-014-macos-static	.build/contract-reports/spec-007/latest-nrf52840-embedded.txt	b18da84a0622e2d24bfc1da8ce17fdf0c89faea7-88e8f7d4bd213aaf
SPEC-014-macos-static	.build/contract-reports/spec-007/latest-raspberry-pi-armv6.txt	b18da84a0622e2d24bfc1da8ce17fdf0c89faea7-88e8f7d4bd213aaf
SPEC-014-macos-static	.build/contract-reports/spec-008/latest-macos-dynamic.txt	759cf5945d69313ab3546965eace2ecc08da5ab3-8c912bd577cac4a7
SPEC-014-macos-static	.build/contract-reports/spec-008/latest-macos-static.txt	759cf5945d69313ab3546965eace2ecc08da5ab3-8c912bd577cac4a7
SPEC-014-macos-static	.build/contract-reports/spec-008/latest-nrf52840-embedded.txt	b18da84a0622e2d24bfc1da8ce17fdf0c89faea7-cf3969a84328c135
SPEC-014-macos-static	.build/contract-reports/spec-008/latest-raspberry-pi-armv6.txt	b18da84a0622e2d24bfc1da8ce17fdf0c89faea7-cf3969a84328c135
SPEC-014-macos-static	.build/contract-reports/spec-009/latest-macos-dynamic.txt	759cf5945d69313ab3546965eace2ecc08da5ab3-54aaea69d783eaaa
SPEC-014-macos-static	.build/contract-reports/spec-009/latest-macos-static.txt	759cf5945d69313ab3546965eace2ecc08da5ab3-54aaea69d783eaaa
SPEC-014-macos-static	.build/contract-reports/spec-009/latest-nrf52840-embedded.txt	b18da84a0622e2d24bfc1da8ce17fdf0c89faea7-16973c7d29593fdf
SPEC-014-macos-static	.build/contract-reports/spec-009/latest-raspberry-pi-armv6.txt	b18da84a0622e2d24bfc1da8ce17fdf0c89faea7-16973c7d29593fdf
SPEC-014-macos-static	.build/contract-reports/spec-010/latest-macos-dynamic.txt	759cf5945d69313ab3546965eace2ecc08da5ab3-f09fa73a6913497f
SPEC-014-macos-static	.build/contract-reports/spec-010/latest-macos-static.txt	759cf5945d69313ab3546965eace2ecc08da5ab3-f09fa73a6913497f
SPEC-014-macos-static	.build/contract-reports/spec-010/latest-nrf52840-embedded.txt	b18da84a0622e2d24bfc1da8ce17fdf0c89faea7-195b7e7bafcc2d2b
SPEC-014-macos-static	.build/contract-reports/spec-010/latest-raspberry-pi-armv6.txt	b18da84a0622e2d24bfc1da8ce17fdf0c89faea7-195b7e7bafcc2d2b
SPEC-014-macos-static	.build/contract-reports/spec-011/latest-macos-dynamic.txt	759cf5945d69313ab3546965eace2ecc08da5ab3-d93a5691c785f107
SPEC-014-macos-static	.build/contract-reports/spec-011/latest-macos-static.txt	759cf5945d69313ab3546965eace2ecc08da5ab3-d93a5691c785f107
SPEC-014-macos-static	.build/contract-reports/spec-011/latest-nrf52840-embedded.txt	b18da84a0622e2d24bfc1da8ce17fdf0c89faea7-457fc7e1b9000afd
SPEC-014-macos-static	.build/contract-reports/spec-011/latest-raspberry-pi-armv6.txt	b18da84a0622e2d24bfc1da8ce17fdf0c89faea7-457fc7e1b9000afd
SPEC-014-macos-static	.build/contract-reports/spec-012/latest-macos-dynamic.txt	759cf5945d69313ab3546965eace2ecc08da5ab3-fc0aae9586267865
SPEC-014-macos-static	.build/contract-reports/spec-012/latest-macos-static.txt	759cf5945d69313ab3546965eace2ecc08da5ab3-fc0aae9586267865
SPEC-014-macos-static	.build/contract-reports/spec-012/latest-nrf52840-embedded.txt	b18da84a0622e2d24bfc1da8ce17fdf0c89faea7-1c61dbad1d952f9d
SPEC-014-macos-static	.build/contract-reports/spec-012/latest-raspberry-pi-armv6.txt	b18da84a0622e2d24bfc1da8ce17fdf0c89faea7-1c61dbad1d952f9d
SPEC-014-macos-static	.build/contract-reports/spec-013/latest-macos-dynamic.txt	759cf5945d69313ab3546965eace2ecc08da5ab3-d25973a2ebde9c96
SPEC-014-macos-static	.build/contract-reports/spec-013/latest-macos-static.txt	759cf5945d69313ab3546965eace2ecc08da5ab3-d25973a2ebde9c96
SPEC-014-macos-static	.build/contract-reports/spec-013/latest-nrf52840-embedded.txt	b18da84a0622e2d24bfc1da8ce17fdf0c89faea7-3011c2f2a2dbab33
SPEC-014-macos-static	.build/contract-reports/spec-013/latest-raspberry-pi-armv6.txt	b18da84a0622e2d24bfc1da8ce17fdf0c89faea7-3011c2f2a2dbab33
SPEC-014-macos-static	.build/contract-reports/spec-015/latest-macos-dynamic.txt	759cf5945d69313ab3546965eace2ecc08da5ab3-d93a5691c785f107
SPEC-014-macos-static	.build/contract-reports/spec-015/latest-macos-static.txt	759cf5945d69313ab3546965eace2ecc08da5ab3-d93a5691c785f107
SPEC-014-macos-static	.build/contract-reports/spec-015/latest-nrf52840-embedded.txt	b18da84a0622e2d24bfc1da8ce17fdf0c89faea7-457fc7e1b9000afd
SPEC-014-macos-static	.build/contract-reports/spec-015/latest-raspberry-pi-armv6.txt	b18da84a0622e2d24bfc1da8ce17fdf0c89faea7-457fc7e1b9000afd
SPEC-015-macos-static	.build/contract-reports/spec-001/latest-macos-dynamic.txt	20261004T225647Z-28781
SPEC-015-macos-static	.build/contract-reports/spec-001/latest-macos-static.txt	20261004T230354Z-41114
SPEC-015-macos-static	.build/contract-reports/spec-001/latest-nrf52840-embedded.txt	20261004T144054Z-36978
SPEC-015-macos-static	.build/contract-reports/spec-001/latest-raspberry-pi-armv6.txt	20261004T142310Z-23558
SPEC-015-macos-static	.build/contract-reports/spec-002/latest-macos-dynamic.txt	759cf5945d69313ab3546965eace2ecc08da5ab3-d93a5691c785f107
SPEC-015-macos-static	.build/contract-reports/spec-002/latest-macos-static.txt	759cf5945d69313ab3546965eace2ecc08da5ab3-d93a5691c785f107
SPEC-015-macos-static	.build/contract-reports/spec-002/latest-nrf52840-embedded.txt	b18da84a0622e2d24bfc1da8ce17fdf0c89faea7-457fc7e1b9000afd
SPEC-015-macos-static	.build/contract-reports/spec-002/latest-raspberry-pi-armv6.txt	b18da84a0622e2d24bfc1da8ce17fdf0c89faea7-5845a50eeb7d2730
SPEC-015-macos-static	.build/contract-reports/spec-003/latest-macos-dynamic.txt	759cf5945d69313ab3546965eace2ecc08da5ab3-d93a5691c785f107
SPEC-015-macos-static	.build/contract-reports/spec-003/latest-macos-static.txt	759cf5945d69313ab3546965eace2ecc08da5ab3-d93a5691c785f107
SPEC-015-macos-static	.build/contract-reports/spec-003/latest-nrf52840-embedded.txt	b18da84a0622e2d24bfc1da8ce17fdf0c89faea7-457fc7e1b9000afd
SPEC-015-macos-static	.build/contract-reports/spec-003/latest-raspberry-pi-armv6.txt	b18da84a0622e2d24bfc1da8ce17fdf0c89faea7-457fc7e1b9000afd
SPEC-015-macos-static	.build/contract-reports/spec-004/latest-macos-dynamic.txt	759cf5945d69313ab3546965eace2ecc08da5ab3-d93a5691c785f107
SPEC-015-macos-static	.build/contract-reports/spec-004/latest-macos-static.txt	759cf5945d69313ab3546965eace2ecc08da5ab3-d93a5691c785f107
SPEC-015-macos-static	.build/contract-reports/spec-004/latest-nrf52840-embedded.txt	b18da84a0622e2d24bfc1da8ce17fdf0c89faea7-457fc7e1b9000afd
SPEC-015-macos-static	.build/contract-reports/spec-004/latest-raspberry-pi-armv6.txt	b18da84a0622e2d24bfc1da8ce17fdf0c89faea7-457fc7e1b9000afd
SPEC-015-macos-static	.build/contract-reports/spec-005/latest-macos-dynamic.txt	759cf5945d69313ab3546965eace2ecc08da5ab3-13497580cfa982fc
SPEC-015-macos-static	.build/contract-reports/spec-005/latest-macos-static.txt	759cf5945d69313ab3546965eace2ecc08da5ab3-13497580cfa982fc
SPEC-015-macos-static	.build/contract-reports/spec-005/latest-nrf52840-embedded.txt	b18da84a0622e2d24bfc1da8ce17fdf0c89faea7-91c75f621f54733c
SPEC-015-macos-static	.build/contract-reports/spec-005/latest-raspberry-pi-armv6.txt	b18da84a0622e2d24bfc1da8ce17fdf0c89faea7-91c75f621f54733c
SPEC-015-macos-static	.build/contract-reports/spec-006/latest-macos-dynamic.txt	759cf5945d69313ab3546965eace2ecc08da5ab3-e4e48e37d8c767c7
SPEC-015-macos-static	.build/contract-reports/spec-006/latest-macos-static.txt	759cf5945d69313ab3546965eace2ecc08da5ab3-e4e48e37d8c767c7
SPEC-015-macos-static	.build/contract-reports/spec-006/latest-nrf52840-embedded.txt	b18da84a0622e2d24bfc1da8ce17fdf0c89faea7-2519f7ee7d9fd3e0
SPEC-015-macos-static	.build/contract-reports/spec-006/latest-raspberry-pi-armv6.txt	b18da84a0622e2d24bfc1da8ce17fdf0c89faea7-2519f7ee7d9fd3e0
SPEC-015-macos-static	.build/contract-reports/spec-007/latest-macos-dynamic.txt	759cf5945d69313ab3546965eace2ecc08da5ab3-9c9b7b98bfb72db1
SPEC-015-macos-static	.build/contract-reports/spec-007/latest-macos-static.txt	759cf5945d69313ab3546965eace2ecc08da5ab3-9c9b7b98bfb72db1
SPEC-015-macos-static	.build/contract-reports/spec-007/latest-nrf52840-embedded.txt	b18da84a0622e2d24bfc1da8ce17fdf0c89faea7-88e8f7d4bd213aaf
SPEC-015-macos-static	.build/contract-reports/spec-007/latest-raspberry-pi-armv6.txt	b18da84a0622e2d24bfc1da8ce17fdf0c89faea7-88e8f7d4bd213aaf
SPEC-015-macos-static	.build/contract-reports/spec-008/latest-macos-dynamic.txt	759cf5945d69313ab3546965eace2ecc08da5ab3-8c912bd577cac4a7
SPEC-015-macos-static	.build/contract-reports/spec-008/latest-macos-static.txt	759cf5945d69313ab3546965eace2ecc08da5ab3-8c912bd577cac4a7
SPEC-015-macos-static	.build/contract-reports/spec-008/latest-nrf52840-embedded.txt	b18da84a0622e2d24bfc1da8ce17fdf0c89faea7-cf3969a84328c135
SPEC-015-macos-static	.build/contract-reports/spec-008/latest-raspberry-pi-armv6.txt	b18da84a0622e2d24bfc1da8ce17fdf0c89faea7-cf3969a84328c135
SPEC-015-macos-static	.build/contract-reports/spec-009/latest-macos-dynamic.txt	759cf5945d69313ab3546965eace2ecc08da5ab3-54aaea69d783eaaa
SPEC-015-macos-static	.build/contract-reports/spec-009/latest-macos-static.txt	759cf5945d69313ab3546965eace2ecc08da5ab3-54aaea69d783eaaa
SPEC-015-macos-static	.build/contract-reports/spec-009/latest-nrf52840-embedded.txt	b18da84a0622e2d24bfc1da8ce17fdf0c89faea7-16973c7d29593fdf
SPEC-015-macos-static	.build/contract-reports/spec-009/latest-raspberry-pi-armv6.txt	b18da84a0622e2d24bfc1da8ce17fdf0c89faea7-16973c7d29593fdf
SPEC-015-macos-static	.build/contract-reports/spec-010/latest-macos-dynamic.txt	759cf5945d69313ab3546965eace2ecc08da5ab3-f09fa73a6913497f
SPEC-015-macos-static	.build/contract-reports/spec-010/latest-macos-static.txt	759cf5945d69313ab3546965eace2ecc08da5ab3-f09fa73a6913497f
SPEC-015-macos-static	.build/contract-reports/spec-010/latest-nrf52840-embedded.txt	b18da84a0622e2d24bfc1da8ce17fdf0c89faea7-195b7e7bafcc2d2b
SPEC-015-macos-static	.build/contract-reports/spec-010/latest-raspberry-pi-armv6.txt	b18da84a0622e2d24bfc1da8ce17fdf0c89faea7-195b7e7bafcc2d2b
SPEC-015-macos-static	.build/contract-reports/spec-011/latest-macos-dynamic.txt	759cf5945d69313ab3546965eace2ecc08da5ab3-d93a5691c785f107
SPEC-015-macos-static	.build/contract-reports/spec-011/latest-macos-static.txt	759cf5945d69313ab3546965eace2ecc08da5ab3-d93a5691c785f107
SPEC-015-macos-static	.build/contract-reports/spec-011/latest-nrf52840-embedded.txt	b18da84a0622e2d24bfc1da8ce17fdf0c89faea7-457fc7e1b9000afd
SPEC-015-macos-static	.build/contract-reports/spec-011/latest-raspberry-pi-armv6.txt	b18da84a0622e2d24bfc1da8ce17fdf0c89faea7-457fc7e1b9000afd
SPEC-015-macos-static	.build/contract-reports/spec-012/latest-macos-dynamic.txt	759cf5945d69313ab3546965eace2ecc08da5ab3-fc0aae9586267865
SPEC-015-macos-static	.build/contract-reports/spec-012/latest-macos-static.txt	759cf5945d69313ab3546965eace2ecc08da5ab3-fc0aae9586267865
SPEC-015-macos-static	.build/contract-reports/spec-012/latest-nrf52840-embedded.txt	b18da84a0622e2d24bfc1da8ce17fdf0c89faea7-1c61dbad1d952f9d
SPEC-015-macos-static	.build/contract-reports/spec-012/latest-raspberry-pi-armv6.txt	b18da84a0622e2d24bfc1da8ce17fdf0c89faea7-1c61dbad1d952f9d
SPEC-015-macos-static	.build/contract-reports/spec-013/latest-macos-dynamic.txt	759cf5945d69313ab3546965eace2ecc08da5ab3-d25973a2ebde9c96
SPEC-015-macos-static	.build/contract-reports/spec-013/latest-macos-static.txt	759cf5945d69313ab3546965eace2ecc08da5ab3-d25973a2ebde9c96
SPEC-015-macos-static	.build/contract-reports/spec-013/latest-nrf52840-embedded.txt	b18da84a0622e2d24bfc1da8ce17fdf0c89faea7-3011c2f2a2dbab33
SPEC-015-macos-static	.build/contract-reports/spec-013/latest-raspberry-pi-armv6.txt	b18da84a0622e2d24bfc1da8ce17fdf0c89faea7-3011c2f2a2dbab33
SPEC-015-macos-static	.build/contract-reports/spec-015/latest-macos-dynamic.txt	759cf5945d69313ab3546965eace2ecc08da5ab3-d93a5691c785f107
SPEC-015-macos-static	.build/contract-reports/spec-015/latest-macos-static.txt	759cf5945d69313ab3546965eace2ecc08da5ab3-d93a5691c785f107
SPEC-015-macos-static	.build/contract-reports/spec-015/latest-nrf52840-embedded.txt	b18da84a0622e2d24bfc1da8ce17fdf0c89faea7-457fc7e1b9000afd
SPEC-015-macos-static	.build/contract-reports/spec-015/latest-raspberry-pi-armv6.txt	b18da84a0622e2d24bfc1da8ce17fdf0c89faea7-457fc7e1b9000afd
published	/Users/eugene/work/GiftUI/.build/contract-reports/spec-015/759cf5945d69313ab3546965eace2ecc08da5ab3-d93a5691c785f107/raspberry-pi-armv6	759cf5945d69313ab3546965eace2ecc08da5ab3-d93a5691c785f107
published	/Users/eugene/work/GiftUI/.build/contract-reports/spec-001/20261004T231058Z-53505/raspberry-pi-armv6	20261004T231058Z-53505
SPEC-001-raspberry-pi-armv6	.build/contract-reports/spec-001/latest-macos-dynamic.txt	20261004T225647Z-28781
SPEC-001-raspberry-pi-armv6	.build/contract-reports/spec-001/latest-macos-static.txt	20261004T230354Z-41114
SPEC-001-raspberry-pi-armv6	.build/contract-reports/spec-001/latest-nrf52840-embedded.txt	20261004T144054Z-36978
SPEC-001-raspberry-pi-armv6	.build/contract-reports/spec-001/latest-raspberry-pi-armv6.txt	20261004T231058Z-53505
SPEC-001-raspberry-pi-armv6	.build/contract-reports/spec-002/latest-macos-dynamic.txt	759cf5945d69313ab3546965eace2ecc08da5ab3-d93a5691c785f107
SPEC-001-raspberry-pi-armv6	.build/contract-reports/spec-002/latest-macos-static.txt	759cf5945d69313ab3546965eace2ecc08da5ab3-d93a5691c785f107
SPEC-001-raspberry-pi-armv6	.build/contract-reports/spec-002/latest-nrf52840-embedded.txt	b18da84a0622e2d24bfc1da8ce17fdf0c89faea7-457fc7e1b9000afd
SPEC-001-raspberry-pi-armv6	.build/contract-reports/spec-002/latest-raspberry-pi-armv6.txt	b18da84a0622e2d24bfc1da8ce17fdf0c89faea7-5845a50eeb7d2730
SPEC-001-raspberry-pi-armv6	.build/contract-reports/spec-003/latest-macos-dynamic.txt	759cf5945d69313ab3546965eace2ecc08da5ab3-d93a5691c785f107
SPEC-001-raspberry-pi-armv6	.build/contract-reports/spec-003/latest-macos-static.txt	759cf5945d69313ab3546965eace2ecc08da5ab3-d93a5691c785f107
SPEC-001-raspberry-pi-armv6	.build/contract-reports/spec-003/latest-nrf52840-embedded.txt	b18da84a0622e2d24bfc1da8ce17fdf0c89faea7-457fc7e1b9000afd
SPEC-001-raspberry-pi-armv6	.build/contract-reports/spec-003/latest-raspberry-pi-armv6.txt	b18da84a0622e2d24bfc1da8ce17fdf0c89faea7-457fc7e1b9000afd
SPEC-001-raspberry-pi-armv6	.build/contract-reports/spec-004/latest-macos-dynamic.txt	759cf5945d69313ab3546965eace2ecc08da5ab3-d93a5691c785f107
SPEC-001-raspberry-pi-armv6	.build/contract-reports/spec-004/latest-macos-static.txt	759cf5945d69313ab3546965eace2ecc08da5ab3-d93a5691c785f107
SPEC-001-raspberry-pi-armv6	.build/contract-reports/spec-004/latest-nrf52840-embedded.txt	b18da84a0622e2d24bfc1da8ce17fdf0c89faea7-457fc7e1b9000afd
SPEC-001-raspberry-pi-armv6	.build/contract-reports/spec-004/latest-raspberry-pi-armv6.txt	b18da84a0622e2d24bfc1da8ce17fdf0c89faea7-457fc7e1b9000afd
SPEC-001-raspberry-pi-armv6	.build/contract-reports/spec-005/latest-macos-dynamic.txt	759cf5945d69313ab3546965eace2ecc08da5ab3-13497580cfa982fc
SPEC-001-raspberry-pi-armv6	.build/contract-reports/spec-005/latest-macos-static.txt	759cf5945d69313ab3546965eace2ecc08da5ab3-13497580cfa982fc
SPEC-001-raspberry-pi-armv6	.build/contract-reports/spec-005/latest-nrf52840-embedded.txt	b18da84a0622e2d24bfc1da8ce17fdf0c89faea7-91c75f621f54733c
SPEC-001-raspberry-pi-armv6	.build/contract-reports/spec-005/latest-raspberry-pi-armv6.txt	b18da84a0622e2d24bfc1da8ce17fdf0c89faea7-91c75f621f54733c
SPEC-001-raspberry-pi-armv6	.build/contract-reports/spec-006/latest-macos-dynamic.txt	759cf5945d69313ab3546965eace2ecc08da5ab3-e4e48e37d8c767c7
SPEC-001-raspberry-pi-armv6	.build/contract-reports/spec-006/latest-macos-static.txt	759cf5945d69313ab3546965eace2ecc08da5ab3-e4e48e37d8c767c7
SPEC-001-raspberry-pi-armv6	.build/contract-reports/spec-006/latest-nrf52840-embedded.txt	b18da84a0622e2d24bfc1da8ce17fdf0c89faea7-2519f7ee7d9fd3e0
SPEC-001-raspberry-pi-armv6	.build/contract-reports/spec-006/latest-raspberry-pi-armv6.txt	b18da84a0622e2d24bfc1da8ce17fdf0c89faea7-2519f7ee7d9fd3e0
SPEC-001-raspberry-pi-armv6	.build/contract-reports/spec-007/latest-macos-dynamic.txt	759cf5945d69313ab3546965eace2ecc08da5ab3-9c9b7b98bfb72db1
SPEC-001-raspberry-pi-armv6	.build/contract-reports/spec-007/latest-macos-static.txt	759cf5945d69313ab3546965eace2ecc08da5ab3-9c9b7b98bfb72db1
SPEC-001-raspberry-pi-armv6	.build/contract-reports/spec-007/latest-nrf52840-embedded.txt	b18da84a0622e2d24bfc1da8ce17fdf0c89faea7-88e8f7d4bd213aaf
SPEC-001-raspberry-pi-armv6	.build/contract-reports/spec-007/latest-raspberry-pi-armv6.txt	b18da84a0622e2d24bfc1da8ce17fdf0c89faea7-88e8f7d4bd213aaf
SPEC-001-raspberry-pi-armv6	.build/contract-reports/spec-008/latest-macos-dynamic.txt	759cf5945d69313ab3546965eace2ecc08da5ab3-8c912bd577cac4a7
SPEC-001-raspberry-pi-armv6	.build/contract-reports/spec-008/latest-macos-static.txt	759cf5945d69313ab3546965eace2ecc08da5ab3-8c912bd577cac4a7
SPEC-001-raspberry-pi-armv6	.build/contract-reports/spec-008/latest-nrf52840-embedded.txt	b18da84a0622e2d24bfc1da8ce17fdf0c89faea7-cf3969a84328c135
SPEC-001-raspberry-pi-armv6	.build/contract-reports/spec-008/latest-raspberry-pi-armv6.txt	b18da84a0622e2d24bfc1da8ce17fdf0c89faea7-cf3969a84328c135
SPEC-001-raspberry-pi-armv6	.build/contract-reports/spec-009/latest-macos-dynamic.txt	759cf5945d69313ab3546965eace2ecc08da5ab3-54aaea69d783eaaa
SPEC-001-raspberry-pi-armv6	.build/contract-reports/spec-009/latest-macos-static.txt	759cf5945d69313ab3546965eace2ecc08da5ab3-54aaea69d783eaaa
SPEC-001-raspberry-pi-armv6	.build/contract-reports/spec-009/latest-nrf52840-embedded.txt	b18da84a0622e2d24bfc1da8ce17fdf0c89faea7-16973c7d29593fdf
SPEC-001-raspberry-pi-armv6	.build/contract-reports/spec-009/latest-raspberry-pi-armv6.txt	b18da84a0622e2d24bfc1da8ce17fdf0c89faea7-16973c7d29593fdf
SPEC-001-raspberry-pi-armv6	.build/contract-reports/spec-010/latest-macos-dynamic.txt	759cf5945d69313ab3546965eace2ecc08da5ab3-f09fa73a6913497f
SPEC-001-raspberry-pi-armv6	.build/contract-reports/spec-010/latest-macos-static.txt	759cf5945d69313ab3546965eace2ecc08da5ab3-f09fa73a6913497f
SPEC-001-raspberry-pi-armv6	.build/contract-reports/spec-010/latest-nrf52840-embedded.txt	b18da84a0622e2d24bfc1da8ce17fdf0c89faea7-195b7e7bafcc2d2b
SPEC-001-raspberry-pi-armv6	.build/contract-reports/spec-010/latest-raspberry-pi-armv6.txt	b18da84a0622e2d24bfc1da8ce17fdf0c89faea7-195b7e7bafcc2d2b
SPEC-001-raspberry-pi-armv6	.build/contract-reports/spec-011/latest-macos-dynamic.txt	759cf5945d69313ab3546965eace2ecc08da5ab3-d93a5691c785f107
SPEC-001-raspberry-pi-armv6	.build/contract-reports/spec-011/latest-macos-static.txt	759cf5945d69313ab3546965eace2ecc08da5ab3-d93a5691c785f107
SPEC-001-raspberry-pi-armv6	.build/contract-reports/spec-011/latest-nrf52840-embedded.txt	b18da84a0622e2d24bfc1da8ce17fdf0c89faea7-457fc7e1b9000afd
SPEC-001-raspberry-pi-armv6	.build/contract-reports/spec-011/latest-raspberry-pi-armv6.txt	b18da84a0622e2d24bfc1da8ce17fdf0c89faea7-457fc7e1b9000afd
SPEC-001-raspberry-pi-armv6	.build/contract-reports/spec-012/latest-macos-dynamic.txt	759cf5945d69313ab3546965eace2ecc08da5ab3-fc0aae9586267865
SPEC-001-raspberry-pi-armv6	.build/contract-reports/spec-012/latest-macos-static.txt	759cf5945d69313ab3546965eace2ecc08da5ab3-fc0aae9586267865
SPEC-001-raspberry-pi-armv6	.build/contract-reports/spec-012/latest-nrf52840-embedded.txt	b18da84a0622e2d24bfc1da8ce17fdf0c89faea7-1c61dbad1d952f9d
SPEC-001-raspberry-pi-armv6	.build/contract-reports/spec-012/latest-raspberry-pi-armv6.txt	b18da84a0622e2d24bfc1da8ce17fdf0c89faea7-1c61dbad1d952f9d
SPEC-001-raspberry-pi-armv6	.build/contract-reports/spec-013/latest-macos-dynamic.txt	759cf5945d69313ab3546965eace2ecc08da5ab3-d25973a2ebde9c96
SPEC-001-raspberry-pi-armv6	.build/contract-reports/spec-013/latest-macos-static.txt	759cf5945d69313ab3546965eace2ecc08da5ab3-d25973a2ebde9c96
SPEC-001-raspberry-pi-armv6	.build/contract-reports/spec-013/latest-nrf52840-embedded.txt	b18da84a0622e2d24bfc1da8ce17fdf0c89faea7-3011c2f2a2dbab33
SPEC-001-raspberry-pi-armv6	.build/contract-reports/spec-013/latest-raspberry-pi-armv6.txt	b18da84a0622e2d24bfc1da8ce17fdf0c89faea7-3011c2f2a2dbab33
SPEC-001-raspberry-pi-armv6	.build/contract-reports/spec-015/latest-macos-dynamic.txt	759cf5945d69313ab3546965eace2ecc08da5ab3-d93a5691c785f107
SPEC-001-raspberry-pi-armv6	.build/contract-reports/spec-015/latest-macos-static.txt	759cf5945d69313ab3546965eace2ecc08da5ab3-d93a5691c785f107
SPEC-001-raspberry-pi-armv6	.build/contract-reports/spec-015/latest-nrf52840-embedded.txt	b18da84a0622e2d24bfc1da8ce17fdf0c89faea7-457fc7e1b9000afd
SPEC-001-raspberry-pi-armv6	.build/contract-reports/spec-015/latest-raspberry-pi-armv6.txt	759cf5945d69313ab3546965eace2ecc08da5ab3-d93a5691c785f107
published	/Users/eugene/work/GiftUI/.build/contract-reports/spec-002/759cf5945d69313ab3546965eace2ecc08da5ab3-d93a5691c785f107/raspberry-pi-armv6	759cf5945d69313ab3546965eace2ecc08da5ab3-d93a5691c785f107
SPEC-002-raspberry-pi-armv6	.build/contract-reports/spec-001/latest-macos-dynamic.txt	20261004T225647Z-28781
SPEC-002-raspberry-pi-armv6	.build/contract-reports/spec-001/latest-macos-static.txt	20261004T230354Z-41114
SPEC-002-raspberry-pi-armv6	.build/contract-reports/spec-001/latest-nrf52840-embedded.txt	20261004T144054Z-36978
SPEC-002-raspberry-pi-armv6	.build/contract-reports/spec-001/latest-raspberry-pi-armv6.txt	20261004T231058Z-53505
SPEC-002-raspberry-pi-armv6	.build/contract-reports/spec-002/latest-macos-dynamic.txt	759cf5945d69313ab3546965eace2ecc08da5ab3-d93a5691c785f107
SPEC-002-raspberry-pi-armv6	.build/contract-reports/spec-002/latest-macos-static.txt	759cf5945d69313ab3546965eace2ecc08da5ab3-d93a5691c785f107
SPEC-002-raspberry-pi-armv6	.build/contract-reports/spec-002/latest-nrf52840-embedded.txt	b18da84a0622e2d24bfc1da8ce17fdf0c89faea7-457fc7e1b9000afd
SPEC-002-raspberry-pi-armv6	.build/contract-reports/spec-002/latest-raspberry-pi-armv6.txt	759cf5945d69313ab3546965eace2ecc08da5ab3-d93a5691c785f107
SPEC-002-raspberry-pi-armv6	.build/contract-reports/spec-003/latest-macos-dynamic.txt	759cf5945d69313ab3546965eace2ecc08da5ab3-d93a5691c785f107
SPEC-002-raspberry-pi-armv6	.build/contract-reports/spec-003/latest-macos-static.txt	759cf5945d69313ab3546965eace2ecc08da5ab3-d93a5691c785f107
SPEC-002-raspberry-pi-armv6	.build/contract-reports/spec-003/latest-nrf52840-embedded.txt	b18da84a0622e2d24bfc1da8ce17fdf0c89faea7-457fc7e1b9000afd
SPEC-002-raspberry-pi-armv6	.build/contract-reports/spec-003/latest-raspberry-pi-armv6.txt	b18da84a0622e2d24bfc1da8ce17fdf0c89faea7-457fc7e1b9000afd
SPEC-002-raspberry-pi-armv6	.build/contract-reports/spec-004/latest-macos-dynamic.txt	759cf5945d69313ab3546965eace2ecc08da5ab3-d93a5691c785f107
SPEC-002-raspberry-pi-armv6	.build/contract-reports/spec-004/latest-macos-static.txt	759cf5945d69313ab3546965eace2ecc08da5ab3-d93a5691c785f107
SPEC-002-raspberry-pi-armv6	.build/contract-reports/spec-004/latest-nrf52840-embedded.txt	b18da84a0622e2d24bfc1da8ce17fdf0c89faea7-457fc7e1b9000afd
SPEC-002-raspberry-pi-armv6	.build/contract-reports/spec-004/latest-raspberry-pi-armv6.txt	b18da84a0622e2d24bfc1da8ce17fdf0c89faea7-457fc7e1b9000afd
SPEC-002-raspberry-pi-armv6	.build/contract-reports/spec-005/latest-macos-dynamic.txt	759cf5945d69313ab3546965eace2ecc08da5ab3-13497580cfa982fc
SPEC-002-raspberry-pi-armv6	.build/contract-reports/spec-005/latest-macos-static.txt	759cf5945d69313ab3546965eace2ecc08da5ab3-13497580cfa982fc
SPEC-002-raspberry-pi-armv6	.build/contract-reports/spec-005/latest-nrf52840-embedded.txt	b18da84a0622e2d24bfc1da8ce17fdf0c89faea7-91c75f621f54733c
SPEC-002-raspberry-pi-armv6	.build/contract-reports/spec-005/latest-raspberry-pi-armv6.txt	b18da84a0622e2d24bfc1da8ce17fdf0c89faea7-91c75f621f54733c
SPEC-002-raspberry-pi-armv6	.build/contract-reports/spec-006/latest-macos-dynamic.txt	759cf5945d69313ab3546965eace2ecc08da5ab3-e4e48e37d8c767c7
SPEC-002-raspberry-pi-armv6	.build/contract-reports/spec-006/latest-macos-static.txt	759cf5945d69313ab3546965eace2ecc08da5ab3-e4e48e37d8c767c7
SPEC-002-raspberry-pi-armv6	.build/contract-reports/spec-006/latest-nrf52840-embedded.txt	b18da84a0622e2d24bfc1da8ce17fdf0c89faea7-2519f7ee7d9fd3e0
SPEC-002-raspberry-pi-armv6	.build/contract-reports/spec-006/latest-raspberry-pi-armv6.txt	b18da84a0622e2d24bfc1da8ce17fdf0c89faea7-2519f7ee7d9fd3e0
SPEC-002-raspberry-pi-armv6	.build/contract-reports/spec-007/latest-macos-dynamic.txt	759cf5945d69313ab3546965eace2ecc08da5ab3-9c9b7b98bfb72db1
SPEC-002-raspberry-pi-armv6	.build/contract-reports/spec-007/latest-macos-static.txt	759cf5945d69313ab3546965eace2ecc08da5ab3-9c9b7b98bfb72db1
SPEC-002-raspberry-pi-armv6	.build/contract-reports/spec-007/latest-nrf52840-embedded.txt	b18da84a0622e2d24bfc1da8ce17fdf0c89faea7-88e8f7d4bd213aaf
SPEC-002-raspberry-pi-armv6	.build/contract-reports/spec-007/latest-raspberry-pi-armv6.txt	b18da84a0622e2d24bfc1da8ce17fdf0c89faea7-88e8f7d4bd213aaf
SPEC-002-raspberry-pi-armv6	.build/contract-reports/spec-008/latest-macos-dynamic.txt	759cf5945d69313ab3546965eace2ecc08da5ab3-8c912bd577cac4a7
SPEC-002-raspberry-pi-armv6	.build/contract-reports/spec-008/latest-macos-static.txt	759cf5945d69313ab3546965eace2ecc08da5ab3-8c912bd577cac4a7
SPEC-002-raspberry-pi-armv6	.build/contract-reports/spec-008/latest-nrf52840-embedded.txt	b18da84a0622e2d24bfc1da8ce17fdf0c89faea7-cf3969a84328c135
SPEC-002-raspberry-pi-armv6	.build/contract-reports/spec-008/latest-raspberry-pi-armv6.txt	b18da84a0622e2d24bfc1da8ce17fdf0c89faea7-cf3969a84328c135
SPEC-002-raspberry-pi-armv6	.build/contract-reports/spec-009/latest-macos-dynamic.txt	759cf5945d69313ab3546965eace2ecc08da5ab3-54aaea69d783eaaa
SPEC-002-raspberry-pi-armv6	.build/contract-reports/spec-009/latest-macos-static.txt	759cf5945d69313ab3546965eace2ecc08da5ab3-54aaea69d783eaaa
SPEC-002-raspberry-pi-armv6	.build/contract-reports/spec-009/latest-nrf52840-embedded.txt	b18da84a0622e2d24bfc1da8ce17fdf0c89faea7-16973c7d29593fdf
SPEC-002-raspberry-pi-armv6	.build/contract-reports/spec-009/latest-raspberry-pi-armv6.txt	b18da84a0622e2d24bfc1da8ce17fdf0c89faea7-16973c7d29593fdf
SPEC-002-raspberry-pi-armv6	.build/contract-reports/spec-010/latest-macos-dynamic.txt	759cf5945d69313ab3546965eace2ecc08da5ab3-f09fa73a6913497f
SPEC-002-raspberry-pi-armv6	.build/contract-reports/spec-010/latest-macos-static.txt	759cf5945d69313ab3546965eace2ecc08da5ab3-f09fa73a6913497f
SPEC-002-raspberry-pi-armv6	.build/contract-reports/spec-010/latest-nrf52840-embedded.txt	b18da84a0622e2d24bfc1da8ce17fdf0c89faea7-195b7e7bafcc2d2b
SPEC-002-raspberry-pi-armv6	.build/contract-reports/spec-010/latest-raspberry-pi-armv6.txt	b18da84a0622e2d24bfc1da8ce17fdf0c89faea7-195b7e7bafcc2d2b
SPEC-002-raspberry-pi-armv6	.build/contract-reports/spec-011/latest-macos-dynamic.txt	759cf5945d69313ab3546965eace2ecc08da5ab3-d93a5691c785f107
SPEC-002-raspberry-pi-armv6	.build/contract-reports/spec-011/latest-macos-static.txt	759cf5945d69313ab3546965eace2ecc08da5ab3-d93a5691c785f107
SPEC-002-raspberry-pi-armv6	.build/contract-reports/spec-011/latest-nrf52840-embedded.txt	b18da84a0622e2d24bfc1da8ce17fdf0c89faea7-457fc7e1b9000afd
SPEC-002-raspberry-pi-armv6	.build/contract-reports/spec-011/latest-raspberry-pi-armv6.txt	b18da84a0622e2d24bfc1da8ce17fdf0c89faea7-457fc7e1b9000afd
SPEC-002-raspberry-pi-armv6	.build/contract-reports/spec-012/latest-macos-dynamic.txt	759cf5945d69313ab3546965eace2ecc08da5ab3-fc0aae9586267865
SPEC-002-raspberry-pi-armv6	.build/contract-reports/spec-012/latest-macos-static.txt	759cf5945d69313ab3546965eace2ecc08da5ab3-fc0aae9586267865
SPEC-002-raspberry-pi-armv6	.build/contract-reports/spec-012/latest-nrf52840-embedded.txt	b18da84a0622e2d24bfc1da8ce17fdf0c89faea7-1c61dbad1d952f9d
SPEC-002-raspberry-pi-armv6	.build/contract-reports/spec-012/latest-raspberry-pi-armv6.txt	b18da84a0622e2d24bfc1da8ce17fdf0c89faea7-1c61dbad1d952f9d
SPEC-002-raspberry-pi-armv6	.build/contract-reports/spec-013/latest-macos-dynamic.txt	759cf5945d69313ab3546965eace2ecc08da5ab3-d25973a2ebde9c96
SPEC-002-raspberry-pi-armv6	.build/contract-reports/spec-013/latest-macos-static.txt	759cf5945d69313ab3546965eace2ecc08da5ab3-d25973a2ebde9c96
SPEC-002-raspberry-pi-armv6	.build/contract-reports/spec-013/latest-nrf52840-embedded.txt	b18da84a0622e2d24bfc1da8ce17fdf0c89faea7-3011c2f2a2dbab33
SPEC-002-raspberry-pi-armv6	.build/contract-reports/spec-013/latest-raspberry-pi-armv6.txt	b18da84a0622e2d24bfc1da8ce17fdf0c89faea7-3011c2f2a2dbab33
SPEC-002-raspberry-pi-armv6	.build/contract-reports/spec-015/latest-macos-dynamic.txt	759cf5945d69313ab3546965eace2ecc08da5ab3-d93a5691c785f107
SPEC-002-raspberry-pi-armv6	.build/contract-reports/spec-015/latest-macos-static.txt	759cf5945d69313ab3546965eace2ecc08da5ab3-d93a5691c785f107
SPEC-002-raspberry-pi-armv6	.build/contract-reports/spec-015/latest-nrf52840-embedded.txt	b18da84a0622e2d24bfc1da8ce17fdf0c89faea7-457fc7e1b9000afd
SPEC-002-raspberry-pi-armv6	.build/contract-reports/spec-015/latest-raspberry-pi-armv6.txt	759cf5945d69313ab3546965eace2ecc08da5ab3-d93a5691c785f107
published	/Users/eugene/work/GiftUI/.build/contract-reports/spec-003/759cf5945d69313ab3546965eace2ecc08da5ab3-d93a5691c785f107/raspberry-pi-armv6	759cf5945d69313ab3546965eace2ecc08da5ab3-d93a5691c785f107
SPEC-003-raspberry-pi-armv6	.build/contract-reports/spec-001/latest-macos-dynamic.txt	20261004T225647Z-28781
SPEC-003-raspberry-pi-armv6	.build/contract-reports/spec-001/latest-macos-static.txt	20261004T230354Z-41114
SPEC-003-raspberry-pi-armv6	.build/contract-reports/spec-001/latest-nrf52840-embedded.txt	20261004T144054Z-36978
SPEC-003-raspberry-pi-armv6	.build/contract-reports/spec-001/latest-raspberry-pi-armv6.txt	20261004T231058Z-53505
SPEC-003-raspberry-pi-armv6	.build/contract-reports/spec-002/latest-macos-dynamic.txt	759cf5945d69313ab3546965eace2ecc08da5ab3-d93a5691c785f107
SPEC-003-raspberry-pi-armv6	.build/contract-reports/spec-002/latest-macos-static.txt	759cf5945d69313ab3546965eace2ecc08da5ab3-d93a5691c785f107
SPEC-003-raspberry-pi-armv6	.build/contract-reports/spec-002/latest-nrf52840-embedded.txt	b18da84a0622e2d24bfc1da8ce17fdf0c89faea7-457fc7e1b9000afd
SPEC-003-raspberry-pi-armv6	.build/contract-reports/spec-002/latest-raspberry-pi-armv6.txt	759cf5945d69313ab3546965eace2ecc08da5ab3-d93a5691c785f107
SPEC-003-raspberry-pi-armv6	.build/contract-reports/spec-003/latest-macos-dynamic.txt	759cf5945d69313ab3546965eace2ecc08da5ab3-d93a5691c785f107
SPEC-003-raspberry-pi-armv6	.build/contract-reports/spec-003/latest-macos-static.txt	759cf5945d69313ab3546965eace2ecc08da5ab3-d93a5691c785f107
SPEC-003-raspberry-pi-armv6	.build/contract-reports/spec-003/latest-nrf52840-embedded.txt	b18da84a0622e2d24bfc1da8ce17fdf0c89faea7-457fc7e1b9000afd
SPEC-003-raspberry-pi-armv6	.build/contract-reports/spec-003/latest-raspberry-pi-armv6.txt	759cf5945d69313ab3546965eace2ecc08da5ab3-d93a5691c785f107
SPEC-003-raspberry-pi-armv6	.build/contract-reports/spec-004/latest-macos-dynamic.txt	759cf5945d69313ab3546965eace2ecc08da5ab3-d93a5691c785f107
SPEC-003-raspberry-pi-armv6	.build/contract-reports/spec-004/latest-macos-static.txt	759cf5945d69313ab3546965eace2ecc08da5ab3-d93a5691c785f107
SPEC-003-raspberry-pi-armv6	.build/contract-reports/spec-004/latest-nrf52840-embedded.txt	b18da84a0622e2d24bfc1da8ce17fdf0c89faea7-457fc7e1b9000afd
SPEC-003-raspberry-pi-armv6	.build/contract-reports/spec-004/latest-raspberry-pi-armv6.txt	b18da84a0622e2d24bfc1da8ce17fdf0c89faea7-457fc7e1b9000afd
SPEC-003-raspberry-pi-armv6	.build/contract-reports/spec-005/latest-macos-dynamic.txt	759cf5945d69313ab3546965eace2ecc08da5ab3-13497580cfa982fc
SPEC-003-raspberry-pi-armv6	.build/contract-reports/spec-005/latest-macos-static.txt	759cf5945d69313ab3546965eace2ecc08da5ab3-13497580cfa982fc
SPEC-003-raspberry-pi-armv6	.build/contract-reports/spec-005/latest-nrf52840-embedded.txt	b18da84a0622e2d24bfc1da8ce17fdf0c89faea7-91c75f621f54733c
SPEC-003-raspberry-pi-armv6	.build/contract-reports/spec-005/latest-raspberry-pi-armv6.txt	b18da84a0622e2d24bfc1da8ce17fdf0c89faea7-91c75f621f54733c
SPEC-003-raspberry-pi-armv6	.build/contract-reports/spec-006/latest-macos-dynamic.txt	759cf5945d69313ab3546965eace2ecc08da5ab3-e4e48e37d8c767c7
SPEC-003-raspberry-pi-armv6	.build/contract-reports/spec-006/latest-macos-static.txt	759cf5945d69313ab3546965eace2ecc08da5ab3-e4e48e37d8c767c7
SPEC-003-raspberry-pi-armv6	.build/contract-reports/spec-006/latest-nrf52840-embedded.txt	b18da84a0622e2d24bfc1da8ce17fdf0c89faea7-2519f7ee7d9fd3e0
SPEC-003-raspberry-pi-armv6	.build/contract-reports/spec-006/latest-raspberry-pi-armv6.txt	b18da84a0622e2d24bfc1da8ce17fdf0c89faea7-2519f7ee7d9fd3e0
SPEC-003-raspberry-pi-armv6	.build/contract-reports/spec-007/latest-macos-dynamic.txt	759cf5945d69313ab3546965eace2ecc08da5ab3-9c9b7b98bfb72db1
SPEC-003-raspberry-pi-armv6	.build/contract-reports/spec-007/latest-macos-static.txt	759cf5945d69313ab3546965eace2ecc08da5ab3-9c9b7b98bfb72db1
SPEC-003-raspberry-pi-armv6	.build/contract-reports/spec-007/latest-nrf52840-embedded.txt	b18da84a0622e2d24bfc1da8ce17fdf0c89faea7-88e8f7d4bd213aaf
SPEC-003-raspberry-pi-armv6	.build/contract-reports/spec-007/latest-raspberry-pi-armv6.txt	b18da84a0622e2d24bfc1da8ce17fdf0c89faea7-88e8f7d4bd213aaf
SPEC-003-raspberry-pi-armv6	.build/contract-reports/spec-008/latest-macos-dynamic.txt	759cf5945d69313ab3546965eace2ecc08da5ab3-8c912bd577cac4a7
SPEC-003-raspberry-pi-armv6	.build/contract-reports/spec-008/latest-macos-static.txt	759cf5945d69313ab3546965eace2ecc08da5ab3-8c912bd577cac4a7
SPEC-003-raspberry-pi-armv6	.build/contract-reports/spec-008/latest-nrf52840-embedded.txt	b18da84a0622e2d24bfc1da8ce17fdf0c89faea7-cf3969a84328c135
SPEC-003-raspberry-pi-armv6	.build/contract-reports/spec-008/latest-raspberry-pi-armv6.txt	b18da84a0622e2d24bfc1da8ce17fdf0c89faea7-cf3969a84328c135
SPEC-003-raspberry-pi-armv6	.build/contract-reports/spec-009/latest-macos-dynamic.txt	759cf5945d69313ab3546965eace2ecc08da5ab3-54aaea69d783eaaa
SPEC-003-raspberry-pi-armv6	.build/contract-reports/spec-009/latest-macos-static.txt	759cf5945d69313ab3546965eace2ecc08da5ab3-54aaea69d783eaaa
SPEC-003-raspberry-pi-armv6	.build/contract-reports/spec-009/latest-nrf52840-embedded.txt	b18da84a0622e2d24bfc1da8ce17fdf0c89faea7-16973c7d29593fdf
SPEC-003-raspberry-pi-armv6	.build/contract-reports/spec-009/latest-raspberry-pi-armv6.txt	b18da84a0622e2d24bfc1da8ce17fdf0c89faea7-16973c7d29593fdf
SPEC-003-raspberry-pi-armv6	.build/contract-reports/spec-010/latest-macos-dynamic.txt	759cf5945d69313ab3546965eace2ecc08da5ab3-f09fa73a6913497f
SPEC-003-raspberry-pi-armv6	.build/contract-reports/spec-010/latest-macos-static.txt	759cf5945d69313ab3546965eace2ecc08da5ab3-f09fa73a6913497f
SPEC-003-raspberry-pi-armv6	.build/contract-reports/spec-010/latest-nrf52840-embedded.txt	b18da84a0622e2d24bfc1da8ce17fdf0c89faea7-195b7e7bafcc2d2b
SPEC-003-raspberry-pi-armv6	.build/contract-reports/spec-010/latest-raspberry-pi-armv6.txt	b18da84a0622e2d24bfc1da8ce17fdf0c89faea7-195b7e7bafcc2d2b
SPEC-003-raspberry-pi-armv6	.build/contract-reports/spec-011/latest-macos-dynamic.txt	759cf5945d69313ab3546965eace2ecc08da5ab3-d93a5691c785f107
SPEC-003-raspberry-pi-armv6	.build/contract-reports/spec-011/latest-macos-static.txt	759cf5945d69313ab3546965eace2ecc08da5ab3-d93a5691c785f107
SPEC-003-raspberry-pi-armv6	.build/contract-reports/spec-011/latest-nrf52840-embedded.txt	b18da84a0622e2d24bfc1da8ce17fdf0c89faea7-457fc7e1b9000afd
SPEC-003-raspberry-pi-armv6	.build/contract-reports/spec-011/latest-raspberry-pi-armv6.txt	b18da84a0622e2d24bfc1da8ce17fdf0c89faea7-457fc7e1b9000afd
SPEC-003-raspberry-pi-armv6	.build/contract-reports/spec-012/latest-macos-dynamic.txt	759cf5945d69313ab3546965eace2ecc08da5ab3-fc0aae9586267865
SPEC-003-raspberry-pi-armv6	.build/contract-reports/spec-012/latest-macos-static.txt	759cf5945d69313ab3546965eace2ecc08da5ab3-fc0aae9586267865
SPEC-003-raspberry-pi-armv6	.build/contract-reports/spec-012/latest-nrf52840-embedded.txt	b18da84a0622e2d24bfc1da8ce17fdf0c89faea7-1c61dbad1d952f9d
SPEC-003-raspberry-pi-armv6	.build/contract-reports/spec-012/latest-raspberry-pi-armv6.txt	b18da84a0622e2d24bfc1da8ce17fdf0c89faea7-1c61dbad1d952f9d
SPEC-003-raspberry-pi-armv6	.build/contract-reports/spec-013/latest-macos-dynamic.txt	759cf5945d69313ab3546965eace2ecc08da5ab3-d25973a2ebde9c96
SPEC-003-raspberry-pi-armv6	.build/contract-reports/spec-013/latest-macos-static.txt	759cf5945d69313ab3546965eace2ecc08da5ab3-d25973a2ebde9c96
SPEC-003-raspberry-pi-armv6	.build/contract-reports/spec-013/latest-nrf52840-embedded.txt	b18da84a0622e2d24bfc1da8ce17fdf0c89faea7-3011c2f2a2dbab33
SPEC-003-raspberry-pi-armv6	.build/contract-reports/spec-013/latest-raspberry-pi-armv6.txt	b18da84a0622e2d24bfc1da8ce17fdf0c89faea7-3011c2f2a2dbab33
SPEC-003-raspberry-pi-armv6	.build/contract-reports/spec-015/latest-macos-dynamic.txt	759cf5945d69313ab3546965eace2ecc08da5ab3-d93a5691c785f107
SPEC-003-raspberry-pi-armv6	.build/contract-reports/spec-015/latest-macos-static.txt	759cf5945d69313ab3546965eace2ecc08da5ab3-d93a5691c785f107
SPEC-003-raspberry-pi-armv6	.build/contract-reports/spec-015/latest-nrf52840-embedded.txt	b18da84a0622e2d24bfc1da8ce17fdf0c89faea7-457fc7e1b9000afd
SPEC-003-raspberry-pi-armv6	.build/contract-reports/spec-015/latest-raspberry-pi-armv6.txt	759cf5945d69313ab3546965eace2ecc08da5ab3-d93a5691c785f107
published	/Users/eugene/work/GiftUI/.build/contract-reports/spec-004/759cf5945d69313ab3546965eace2ecc08da5ab3-d93a5691c785f107/raspberry-pi-armv6	759cf5945d69313ab3546965eace2ecc08da5ab3-d93a5691c785f107
SPEC-004-raspberry-pi-armv6	.build/contract-reports/spec-001/latest-macos-dynamic.txt	20261004T225647Z-28781
SPEC-004-raspberry-pi-armv6	.build/contract-reports/spec-001/latest-macos-static.txt	20261004T230354Z-41114
SPEC-004-raspberry-pi-armv6	.build/contract-reports/spec-001/latest-nrf52840-embedded.txt	20261004T144054Z-36978
SPEC-004-raspberry-pi-armv6	.build/contract-reports/spec-001/latest-raspberry-pi-armv6.txt	20261004T231058Z-53505
SPEC-004-raspberry-pi-armv6	.build/contract-reports/spec-002/latest-macos-dynamic.txt	759cf5945d69313ab3546965eace2ecc08da5ab3-d93a5691c785f107
SPEC-004-raspberry-pi-armv6	.build/contract-reports/spec-002/latest-macos-static.txt	759cf5945d69313ab3546965eace2ecc08da5ab3-d93a5691c785f107
SPEC-004-raspberry-pi-armv6	.build/contract-reports/spec-002/latest-nrf52840-embedded.txt	b18da84a0622e2d24bfc1da8ce17fdf0c89faea7-457fc7e1b9000afd
SPEC-004-raspberry-pi-armv6	.build/contract-reports/spec-002/latest-raspberry-pi-armv6.txt	759cf5945d69313ab3546965eace2ecc08da5ab3-d93a5691c785f107
SPEC-004-raspberry-pi-armv6	.build/contract-reports/spec-003/latest-macos-dynamic.txt	759cf5945d69313ab3546965eace2ecc08da5ab3-d93a5691c785f107
SPEC-004-raspberry-pi-armv6	.build/contract-reports/spec-003/latest-macos-static.txt	759cf5945d69313ab3546965eace2ecc08da5ab3-d93a5691c785f107
SPEC-004-raspberry-pi-armv6	.build/contract-reports/spec-003/latest-nrf52840-embedded.txt	b18da84a0622e2d24bfc1da8ce17fdf0c89faea7-457fc7e1b9000afd
SPEC-004-raspberry-pi-armv6	.build/contract-reports/spec-003/latest-raspberry-pi-armv6.txt	759cf5945d69313ab3546965eace2ecc08da5ab3-d93a5691c785f107
SPEC-004-raspberry-pi-armv6	.build/contract-reports/spec-004/latest-macos-dynamic.txt	759cf5945d69313ab3546965eace2ecc08da5ab3-d93a5691c785f107
SPEC-004-raspberry-pi-armv6	.build/contract-reports/spec-004/latest-macos-static.txt	759cf5945d69313ab3546965eace2ecc08da5ab3-d93a5691c785f107
SPEC-004-raspberry-pi-armv6	.build/contract-reports/spec-004/latest-nrf52840-embedded.txt	b18da84a0622e2d24bfc1da8ce17fdf0c89faea7-457fc7e1b9000afd
SPEC-004-raspberry-pi-armv6	.build/contract-reports/spec-004/latest-raspberry-pi-armv6.txt	759cf5945d69313ab3546965eace2ecc08da5ab3-d93a5691c785f107
SPEC-004-raspberry-pi-armv6	.build/contract-reports/spec-005/latest-macos-dynamic.txt	759cf5945d69313ab3546965eace2ecc08da5ab3-13497580cfa982fc
SPEC-004-raspberry-pi-armv6	.build/contract-reports/spec-005/latest-macos-static.txt	759cf5945d69313ab3546965eace2ecc08da5ab3-13497580cfa982fc
SPEC-004-raspberry-pi-armv6	.build/contract-reports/spec-005/latest-nrf52840-embedded.txt	b18da84a0622e2d24bfc1da8ce17fdf0c89faea7-91c75f621f54733c
SPEC-004-raspberry-pi-armv6	.build/contract-reports/spec-005/latest-raspberry-pi-armv6.txt	b18da84a0622e2d24bfc1da8ce17fdf0c89faea7-91c75f621f54733c
SPEC-004-raspberry-pi-armv6	.build/contract-reports/spec-006/latest-macos-dynamic.txt	759cf5945d69313ab3546965eace2ecc08da5ab3-e4e48e37d8c767c7
SPEC-004-raspberry-pi-armv6	.build/contract-reports/spec-006/latest-macos-static.txt	759cf5945d69313ab3546965eace2ecc08da5ab3-e4e48e37d8c767c7
SPEC-004-raspberry-pi-armv6	.build/contract-reports/spec-006/latest-nrf52840-embedded.txt	b18da84a0622e2d24bfc1da8ce17fdf0c89faea7-2519f7ee7d9fd3e0
SPEC-004-raspberry-pi-armv6	.build/contract-reports/spec-006/latest-raspberry-pi-armv6.txt	b18da84a0622e2d24bfc1da8ce17fdf0c89faea7-2519f7ee7d9fd3e0
SPEC-004-raspberry-pi-armv6	.build/contract-reports/spec-007/latest-macos-dynamic.txt	759cf5945d69313ab3546965eace2ecc08da5ab3-9c9b7b98bfb72db1
SPEC-004-raspberry-pi-armv6	.build/contract-reports/spec-007/latest-macos-static.txt	759cf5945d69313ab3546965eace2ecc08da5ab3-9c9b7b98bfb72db1
SPEC-004-raspberry-pi-armv6	.build/contract-reports/spec-007/latest-nrf52840-embedded.txt	b18da84a0622e2d24bfc1da8ce17fdf0c89faea7-88e8f7d4bd213aaf
SPEC-004-raspberry-pi-armv6	.build/contract-reports/spec-007/latest-raspberry-pi-armv6.txt	b18da84a0622e2d24bfc1da8ce17fdf0c89faea7-88e8f7d4bd213aaf
SPEC-004-raspberry-pi-armv6	.build/contract-reports/spec-008/latest-macos-dynamic.txt	759cf5945d69313ab3546965eace2ecc08da5ab3-8c912bd577cac4a7
SPEC-004-raspberry-pi-armv6	.build/contract-reports/spec-008/latest-macos-static.txt	759cf5945d69313ab3546965eace2ecc08da5ab3-8c912bd577cac4a7
SPEC-004-raspberry-pi-armv6	.build/contract-reports/spec-008/latest-nrf52840-embedded.txt	b18da84a0622e2d24bfc1da8ce17fdf0c89faea7-cf3969a84328c135
SPEC-004-raspberry-pi-armv6	.build/contract-reports/spec-008/latest-raspberry-pi-armv6.txt	b18da84a0622e2d24bfc1da8ce17fdf0c89faea7-cf3969a84328c135
SPEC-004-raspberry-pi-armv6	.build/contract-reports/spec-009/latest-macos-dynamic.txt	759cf5945d69313ab3546965eace2ecc08da5ab3-54aaea69d783eaaa
SPEC-004-raspberry-pi-armv6	.build/contract-reports/spec-009/latest-macos-static.txt	759cf5945d69313ab3546965eace2ecc08da5ab3-54aaea69d783eaaa
SPEC-004-raspberry-pi-armv6	.build/contract-reports/spec-009/latest-nrf52840-embedded.txt	b18da84a0622e2d24bfc1da8ce17fdf0c89faea7-16973c7d29593fdf
SPEC-004-raspberry-pi-armv6	.build/contract-reports/spec-009/latest-raspberry-pi-armv6.txt	b18da84a0622e2d24bfc1da8ce17fdf0c89faea7-16973c7d29593fdf
SPEC-004-raspberry-pi-armv6	.build/contract-reports/spec-010/latest-macos-dynamic.txt	759cf5945d69313ab3546965eace2ecc08da5ab3-f09fa73a6913497f
SPEC-004-raspberry-pi-armv6	.build/contract-reports/spec-010/latest-macos-static.txt	759cf5945d69313ab3546965eace2ecc08da5ab3-f09fa73a6913497f
SPEC-004-raspberry-pi-armv6	.build/contract-reports/spec-010/latest-nrf52840-embedded.txt	b18da84a0622e2d24bfc1da8ce17fdf0c89faea7-195b7e7bafcc2d2b
SPEC-004-raspberry-pi-armv6	.build/contract-reports/spec-010/latest-raspberry-pi-armv6.txt	b18da84a0622e2d24bfc1da8ce17fdf0c89faea7-195b7e7bafcc2d2b
SPEC-004-raspberry-pi-armv6	.build/contract-reports/spec-011/latest-macos-dynamic.txt	759cf5945d69313ab3546965eace2ecc08da5ab3-d93a5691c785f107
SPEC-004-raspberry-pi-armv6	.build/contract-reports/spec-011/latest-macos-static.txt	759cf5945d69313ab3546965eace2ecc08da5ab3-d93a5691c785f107
SPEC-004-raspberry-pi-armv6	.build/contract-reports/spec-011/latest-nrf52840-embedded.txt	b18da84a0622e2d24bfc1da8ce17fdf0c89faea7-457fc7e1b9000afd
SPEC-004-raspberry-pi-armv6	.build/contract-reports/spec-011/latest-raspberry-pi-armv6.txt	b18da84a0622e2d24bfc1da8ce17fdf0c89faea7-457fc7e1b9000afd
SPEC-004-raspberry-pi-armv6	.build/contract-reports/spec-012/latest-macos-dynamic.txt	759cf5945d69313ab3546965eace2ecc08da5ab3-fc0aae9586267865
SPEC-004-raspberry-pi-armv6	.build/contract-reports/spec-012/latest-macos-static.txt	759cf5945d69313ab3546965eace2ecc08da5ab3-fc0aae9586267865
SPEC-004-raspberry-pi-armv6	.build/contract-reports/spec-012/latest-nrf52840-embedded.txt	b18da84a0622e2d24bfc1da8ce17fdf0c89faea7-1c61dbad1d952f9d
SPEC-004-raspberry-pi-armv6	.build/contract-reports/spec-012/latest-raspberry-pi-armv6.txt	b18da84a0622e2d24bfc1da8ce17fdf0c89faea7-1c61dbad1d952f9d
SPEC-004-raspberry-pi-armv6	.build/contract-reports/spec-013/latest-macos-dynamic.txt	759cf5945d69313ab3546965eace2ecc08da5ab3-d25973a2ebde9c96
SPEC-004-raspberry-pi-armv6	.build/contract-reports/spec-013/latest-macos-static.txt	759cf5945d69313ab3546965eace2ecc08da5ab3-d25973a2ebde9c96
SPEC-004-raspberry-pi-armv6	.build/contract-reports/spec-013/latest-nrf52840-embedded.txt	b18da84a0622e2d24bfc1da8ce17fdf0c89faea7-3011c2f2a2dbab33
SPEC-004-raspberry-pi-armv6	.build/contract-reports/spec-013/latest-raspberry-pi-armv6.txt	b18da84a0622e2d24bfc1da8ce17fdf0c89faea7-3011c2f2a2dbab33
SPEC-004-raspberry-pi-armv6	.build/contract-reports/spec-015/latest-macos-dynamic.txt	759cf5945d69313ab3546965eace2ecc08da5ab3-d93a5691c785f107
SPEC-004-raspberry-pi-armv6	.build/contract-reports/spec-015/latest-macos-static.txt	759cf5945d69313ab3546965eace2ecc08da5ab3-d93a5691c785f107
SPEC-004-raspberry-pi-armv6	.build/contract-reports/spec-015/latest-nrf52840-embedded.txt	b18da84a0622e2d24bfc1da8ce17fdf0c89faea7-457fc7e1b9000afd
SPEC-004-raspberry-pi-armv6	.build/contract-reports/spec-015/latest-raspberry-pi-armv6.txt	759cf5945d69313ab3546965eace2ecc08da5ab3-d93a5691c785f107
published	/Users/eugene/work/GiftUI/.build/contract-reports/spec-005/759cf5945d69313ab3546965eace2ecc08da5ab3-13497580cfa982fc/raspberry-pi-armv6	759cf5945d69313ab3546965eace2ecc08da5ab3-13497580cfa982fc
SPEC-005-raspberry-pi-armv6	.build/contract-reports/spec-001/latest-macos-dynamic.txt	20261004T225647Z-28781
SPEC-005-raspberry-pi-armv6	.build/contract-reports/spec-001/latest-macos-static.txt	20261004T230354Z-41114
SPEC-005-raspberry-pi-armv6	.build/contract-reports/spec-001/latest-nrf52840-embedded.txt	20261004T144054Z-36978
SPEC-005-raspberry-pi-armv6	.build/contract-reports/spec-001/latest-raspberry-pi-armv6.txt	20261004T231058Z-53505
SPEC-005-raspberry-pi-armv6	.build/contract-reports/spec-002/latest-macos-dynamic.txt	759cf5945d69313ab3546965eace2ecc08da5ab3-d93a5691c785f107
SPEC-005-raspberry-pi-armv6	.build/contract-reports/spec-002/latest-macos-static.txt	759cf5945d69313ab3546965eace2ecc08da5ab3-d93a5691c785f107
SPEC-005-raspberry-pi-armv6	.build/contract-reports/spec-002/latest-nrf52840-embedded.txt	b18da84a0622e2d24bfc1da8ce17fdf0c89faea7-457fc7e1b9000afd
SPEC-005-raspberry-pi-armv6	.build/contract-reports/spec-002/latest-raspberry-pi-armv6.txt	759cf5945d69313ab3546965eace2ecc08da5ab3-d93a5691c785f107
SPEC-005-raspberry-pi-armv6	.build/contract-reports/spec-003/latest-macos-dynamic.txt	759cf5945d69313ab3546965eace2ecc08da5ab3-d93a5691c785f107
SPEC-005-raspberry-pi-armv6	.build/contract-reports/spec-003/latest-macos-static.txt	759cf5945d69313ab3546965eace2ecc08da5ab3-d93a5691c785f107
SPEC-005-raspberry-pi-armv6	.build/contract-reports/spec-003/latest-nrf52840-embedded.txt	b18da84a0622e2d24bfc1da8ce17fdf0c89faea7-457fc7e1b9000afd
SPEC-005-raspberry-pi-armv6	.build/contract-reports/spec-003/latest-raspberry-pi-armv6.txt	759cf5945d69313ab3546965eace2ecc08da5ab3-d93a5691c785f107
SPEC-005-raspberry-pi-armv6	.build/contract-reports/spec-004/latest-macos-dynamic.txt	759cf5945d69313ab3546965eace2ecc08da5ab3-d93a5691c785f107
SPEC-005-raspberry-pi-armv6	.build/contract-reports/spec-004/latest-macos-static.txt	759cf5945d69313ab3546965eace2ecc08da5ab3-d93a5691c785f107
SPEC-005-raspberry-pi-armv6	.build/contract-reports/spec-004/latest-nrf52840-embedded.txt	b18da84a0622e2d24bfc1da8ce17fdf0c89faea7-457fc7e1b9000afd
SPEC-005-raspberry-pi-armv6	.build/contract-reports/spec-004/latest-raspberry-pi-armv6.txt	759cf5945d69313ab3546965eace2ecc08da5ab3-d93a5691c785f107
SPEC-005-raspberry-pi-armv6	.build/contract-reports/spec-005/latest-macos-dynamic.txt	759cf5945d69313ab3546965eace2ecc08da5ab3-13497580cfa982fc
SPEC-005-raspberry-pi-armv6	.build/contract-reports/spec-005/latest-macos-static.txt	759cf5945d69313ab3546965eace2ecc08da5ab3-13497580cfa982fc
SPEC-005-raspberry-pi-armv6	.build/contract-reports/spec-005/latest-nrf52840-embedded.txt	b18da84a0622e2d24bfc1da8ce17fdf0c89faea7-91c75f621f54733c
SPEC-005-raspberry-pi-armv6	.build/contract-reports/spec-005/latest-raspberry-pi-armv6.txt	759cf5945d69313ab3546965eace2ecc08da5ab3-13497580cfa982fc
SPEC-005-raspberry-pi-armv6	.build/contract-reports/spec-006/latest-macos-dynamic.txt	759cf5945d69313ab3546965eace2ecc08da5ab3-e4e48e37d8c767c7
SPEC-005-raspberry-pi-armv6	.build/contract-reports/spec-006/latest-macos-static.txt	759cf5945d69313ab3546965eace2ecc08da5ab3-e4e48e37d8c767c7
SPEC-005-raspberry-pi-armv6	.build/contract-reports/spec-006/latest-nrf52840-embedded.txt	b18da84a0622e2d24bfc1da8ce17fdf0c89faea7-2519f7ee7d9fd3e0
SPEC-005-raspberry-pi-armv6	.build/contract-reports/spec-006/latest-raspberry-pi-armv6.txt	b18da84a0622e2d24bfc1da8ce17fdf0c89faea7-2519f7ee7d9fd3e0
SPEC-005-raspberry-pi-armv6	.build/contract-reports/spec-007/latest-macos-dynamic.txt	759cf5945d69313ab3546965eace2ecc08da5ab3-9c9b7b98bfb72db1
SPEC-005-raspberry-pi-armv6	.build/contract-reports/spec-007/latest-macos-static.txt	759cf5945d69313ab3546965eace2ecc08da5ab3-9c9b7b98bfb72db1
SPEC-005-raspberry-pi-armv6	.build/contract-reports/spec-007/latest-nrf52840-embedded.txt	b18da84a0622e2d24bfc1da8ce17fdf0c89faea7-88e8f7d4bd213aaf
SPEC-005-raspberry-pi-armv6	.build/contract-reports/spec-007/latest-raspberry-pi-armv6.txt	b18da84a0622e2d24bfc1da8ce17fdf0c89faea7-88e8f7d4bd213aaf
SPEC-005-raspberry-pi-armv6	.build/contract-reports/spec-008/latest-macos-dynamic.txt	759cf5945d69313ab3546965eace2ecc08da5ab3-8c912bd577cac4a7
SPEC-005-raspberry-pi-armv6	.build/contract-reports/spec-008/latest-macos-static.txt	759cf5945d69313ab3546965eace2ecc08da5ab3-8c912bd577cac4a7
SPEC-005-raspberry-pi-armv6	.build/contract-reports/spec-008/latest-nrf52840-embedded.txt	b18da84a0622e2d24bfc1da8ce17fdf0c89faea7-cf3969a84328c135
SPEC-005-raspberry-pi-armv6	.build/contract-reports/spec-008/latest-raspberry-pi-armv6.txt	b18da84a0622e2d24bfc1da8ce17fdf0c89faea7-cf3969a84328c135
SPEC-005-raspberry-pi-armv6	.build/contract-reports/spec-009/latest-macos-dynamic.txt	759cf5945d69313ab3546965eace2ecc08da5ab3-54aaea69d783eaaa
SPEC-005-raspberry-pi-armv6	.build/contract-reports/spec-009/latest-macos-static.txt	759cf5945d69313ab3546965eace2ecc08da5ab3-54aaea69d783eaaa
SPEC-005-raspberry-pi-armv6	.build/contract-reports/spec-009/latest-nrf52840-embedded.txt	b18da84a0622e2d24bfc1da8ce17fdf0c89faea7-16973c7d29593fdf
SPEC-005-raspberry-pi-armv6	.build/contract-reports/spec-009/latest-raspberry-pi-armv6.txt	b18da84a0622e2d24bfc1da8ce17fdf0c89faea7-16973c7d29593fdf
SPEC-005-raspberry-pi-armv6	.build/contract-reports/spec-010/latest-macos-dynamic.txt	759cf5945d69313ab3546965eace2ecc08da5ab3-f09fa73a6913497f
SPEC-005-raspberry-pi-armv6	.build/contract-reports/spec-010/latest-macos-static.txt	759cf5945d69313ab3546965eace2ecc08da5ab3-f09fa73a6913497f
SPEC-005-raspberry-pi-armv6	.build/contract-reports/spec-010/latest-nrf52840-embedded.txt	b18da84a0622e2d24bfc1da8ce17fdf0c89faea7-195b7e7bafcc2d2b
SPEC-005-raspberry-pi-armv6	.build/contract-reports/spec-010/latest-raspberry-pi-armv6.txt	b18da84a0622e2d24bfc1da8ce17fdf0c89faea7-195b7e7bafcc2d2b
SPEC-005-raspberry-pi-armv6	.build/contract-reports/spec-011/latest-macos-dynamic.txt	759cf5945d69313ab3546965eace2ecc08da5ab3-d93a5691c785f107
SPEC-005-raspberry-pi-armv6	.build/contract-reports/spec-011/latest-macos-static.txt	759cf5945d69313ab3546965eace2ecc08da5ab3-d93a5691c785f107
SPEC-005-raspberry-pi-armv6	.build/contract-reports/spec-011/latest-nrf52840-embedded.txt	b18da84a0622e2d24bfc1da8ce17fdf0c89faea7-457fc7e1b9000afd
SPEC-005-raspberry-pi-armv6	.build/contract-reports/spec-011/latest-raspberry-pi-armv6.txt	b18da84a0622e2d24bfc1da8ce17fdf0c89faea7-457fc7e1b9000afd
SPEC-005-raspberry-pi-armv6	.build/contract-reports/spec-012/latest-macos-dynamic.txt	759cf5945d69313ab3546965eace2ecc08da5ab3-fc0aae9586267865
SPEC-005-raspberry-pi-armv6	.build/contract-reports/spec-012/latest-macos-static.txt	759cf5945d69313ab3546965eace2ecc08da5ab3-fc0aae9586267865
SPEC-005-raspberry-pi-armv6	.build/contract-reports/spec-012/latest-nrf52840-embedded.txt	b18da84a0622e2d24bfc1da8ce17fdf0c89faea7-1c61dbad1d952f9d
SPEC-005-raspberry-pi-armv6	.build/contract-reports/spec-012/latest-raspberry-pi-armv6.txt	b18da84a0622e2d24bfc1da8ce17fdf0c89faea7-1c61dbad1d952f9d
SPEC-005-raspberry-pi-armv6	.build/contract-reports/spec-013/latest-macos-dynamic.txt	759cf5945d69313ab3546965eace2ecc08da5ab3-d25973a2ebde9c96
SPEC-005-raspberry-pi-armv6	.build/contract-reports/spec-013/latest-macos-static.txt	759cf5945d69313ab3546965eace2ecc08da5ab3-d25973a2ebde9c96
SPEC-005-raspberry-pi-armv6	.build/contract-reports/spec-013/latest-nrf52840-embedded.txt	b18da84a0622e2d24bfc1da8ce17fdf0c89faea7-3011c2f2a2dbab33
SPEC-005-raspberry-pi-armv6	.build/contract-reports/spec-013/latest-raspberry-pi-armv6.txt	b18da84a0622e2d24bfc1da8ce17fdf0c89faea7-3011c2f2a2dbab33
SPEC-005-raspberry-pi-armv6	.build/contract-reports/spec-015/latest-macos-dynamic.txt	759cf5945d69313ab3546965eace2ecc08da5ab3-d93a5691c785f107
SPEC-005-raspberry-pi-armv6	.build/contract-reports/spec-015/latest-macos-static.txt	759cf5945d69313ab3546965eace2ecc08da5ab3-d93a5691c785f107
SPEC-005-raspberry-pi-armv6	.build/contract-reports/spec-015/latest-nrf52840-embedded.txt	b18da84a0622e2d24bfc1da8ce17fdf0c89faea7-457fc7e1b9000afd
SPEC-005-raspberry-pi-armv6	.build/contract-reports/spec-015/latest-raspberry-pi-armv6.txt	759cf5945d69313ab3546965eace2ecc08da5ab3-d93a5691c785f107
published	/Users/eugene/work/GiftUI/.build/contract-reports/spec-006/759cf5945d69313ab3546965eace2ecc08da5ab3-e4e48e37d8c767c7/raspberry-pi-armv6	759cf5945d69313ab3546965eace2ecc08da5ab3-e4e48e37d8c767c7
SPEC-006-raspberry-pi-armv6	.build/contract-reports/spec-001/latest-macos-dynamic.txt	20261004T225647Z-28781
SPEC-006-raspberry-pi-armv6	.build/contract-reports/spec-001/latest-macos-static.txt	20261004T230354Z-41114
SPEC-006-raspberry-pi-armv6	.build/contract-reports/spec-001/latest-nrf52840-embedded.txt	20261004T144054Z-36978
SPEC-006-raspberry-pi-armv6	.build/contract-reports/spec-001/latest-raspberry-pi-armv6.txt	20261004T231058Z-53505
SPEC-006-raspberry-pi-armv6	.build/contract-reports/spec-002/latest-macos-dynamic.txt	759cf5945d69313ab3546965eace2ecc08da5ab3-d93a5691c785f107
SPEC-006-raspberry-pi-armv6	.build/contract-reports/spec-002/latest-macos-static.txt	759cf5945d69313ab3546965eace2ecc08da5ab3-d93a5691c785f107
SPEC-006-raspberry-pi-armv6	.build/contract-reports/spec-002/latest-nrf52840-embedded.txt	b18da84a0622e2d24bfc1da8ce17fdf0c89faea7-457fc7e1b9000afd
SPEC-006-raspberry-pi-armv6	.build/contract-reports/spec-002/latest-raspberry-pi-armv6.txt	759cf5945d69313ab3546965eace2ecc08da5ab3-d93a5691c785f107
SPEC-006-raspberry-pi-armv6	.build/contract-reports/spec-003/latest-macos-dynamic.txt	759cf5945d69313ab3546965eace2ecc08da5ab3-d93a5691c785f107
SPEC-006-raspberry-pi-armv6	.build/contract-reports/spec-003/latest-macos-static.txt	759cf5945d69313ab3546965eace2ecc08da5ab3-d93a5691c785f107
SPEC-006-raspberry-pi-armv6	.build/contract-reports/spec-003/latest-nrf52840-embedded.txt	b18da84a0622e2d24bfc1da8ce17fdf0c89faea7-457fc7e1b9000afd
SPEC-006-raspberry-pi-armv6	.build/contract-reports/spec-003/latest-raspberry-pi-armv6.txt	759cf5945d69313ab3546965eace2ecc08da5ab3-d93a5691c785f107
SPEC-006-raspberry-pi-armv6	.build/contract-reports/spec-004/latest-macos-dynamic.txt	759cf5945d69313ab3546965eace2ecc08da5ab3-d93a5691c785f107
SPEC-006-raspberry-pi-armv6	.build/contract-reports/spec-004/latest-macos-static.txt	759cf5945d69313ab3546965eace2ecc08da5ab3-d93a5691c785f107
SPEC-006-raspberry-pi-armv6	.build/contract-reports/spec-004/latest-nrf52840-embedded.txt	b18da84a0622e2d24bfc1da8ce17fdf0c89faea7-457fc7e1b9000afd
SPEC-006-raspberry-pi-armv6	.build/contract-reports/spec-004/latest-raspberry-pi-armv6.txt	759cf5945d69313ab3546965eace2ecc08da5ab3-d93a5691c785f107
SPEC-006-raspberry-pi-armv6	.build/contract-reports/spec-005/latest-macos-dynamic.txt	759cf5945d69313ab3546965eace2ecc08da5ab3-13497580cfa982fc
SPEC-006-raspberry-pi-armv6	.build/contract-reports/spec-005/latest-macos-static.txt	759cf5945d69313ab3546965eace2ecc08da5ab3-13497580cfa982fc
SPEC-006-raspberry-pi-armv6	.build/contract-reports/spec-005/latest-nrf52840-embedded.txt	b18da84a0622e2d24bfc1da8ce17fdf0c89faea7-91c75f621f54733c
SPEC-006-raspberry-pi-armv6	.build/contract-reports/spec-005/latest-raspberry-pi-armv6.txt	759cf5945d69313ab3546965eace2ecc08da5ab3-13497580cfa982fc
SPEC-006-raspberry-pi-armv6	.build/contract-reports/spec-006/latest-macos-dynamic.txt	759cf5945d69313ab3546965eace2ecc08da5ab3-e4e48e37d8c767c7
SPEC-006-raspberry-pi-armv6	.build/contract-reports/spec-006/latest-macos-static.txt	759cf5945d69313ab3546965eace2ecc08da5ab3-e4e48e37d8c767c7
SPEC-006-raspberry-pi-armv6	.build/contract-reports/spec-006/latest-nrf52840-embedded.txt	b18da84a0622e2d24bfc1da8ce17fdf0c89faea7-2519f7ee7d9fd3e0
SPEC-006-raspberry-pi-armv6	.build/contract-reports/spec-006/latest-raspberry-pi-armv6.txt	759cf5945d69313ab3546965eace2ecc08da5ab3-e4e48e37d8c767c7
SPEC-006-raspberry-pi-armv6	.build/contract-reports/spec-007/latest-macos-dynamic.txt	759cf5945d69313ab3546965eace2ecc08da5ab3-9c9b7b98bfb72db1
SPEC-006-raspberry-pi-armv6	.build/contract-reports/spec-007/latest-macos-static.txt	759cf5945d69313ab3546965eace2ecc08da5ab3-9c9b7b98bfb72db1
SPEC-006-raspberry-pi-armv6	.build/contract-reports/spec-007/latest-nrf52840-embedded.txt	b18da84a0622e2d24bfc1da8ce17fdf0c89faea7-88e8f7d4bd213aaf
SPEC-006-raspberry-pi-armv6	.build/contract-reports/spec-007/latest-raspberry-pi-armv6.txt	b18da84a0622e2d24bfc1da8ce17fdf0c89faea7-88e8f7d4bd213aaf
SPEC-006-raspberry-pi-armv6	.build/contract-reports/spec-008/latest-macos-dynamic.txt	759cf5945d69313ab3546965eace2ecc08da5ab3-8c912bd577cac4a7
SPEC-006-raspberry-pi-armv6	.build/contract-reports/spec-008/latest-macos-static.txt	759cf5945d69313ab3546965eace2ecc08da5ab3-8c912bd577cac4a7
SPEC-006-raspberry-pi-armv6	.build/contract-reports/spec-008/latest-nrf52840-embedded.txt	b18da84a0622e2d24bfc1da8ce17fdf0c89faea7-cf3969a84328c135
SPEC-006-raspberry-pi-armv6	.build/contract-reports/spec-008/latest-raspberry-pi-armv6.txt	b18da84a0622e2d24bfc1da8ce17fdf0c89faea7-cf3969a84328c135
SPEC-006-raspberry-pi-armv6	.build/contract-reports/spec-009/latest-macos-dynamic.txt	759cf5945d69313ab3546965eace2ecc08da5ab3-54aaea69d783eaaa
SPEC-006-raspberry-pi-armv6	.build/contract-reports/spec-009/latest-macos-static.txt	759cf5945d69313ab3546965eace2ecc08da5ab3-54aaea69d783eaaa
SPEC-006-raspberry-pi-armv6	.build/contract-reports/spec-009/latest-nrf52840-embedded.txt	b18da84a0622e2d24bfc1da8ce17fdf0c89faea7-16973c7d29593fdf
SPEC-006-raspberry-pi-armv6	.build/contract-reports/spec-009/latest-raspberry-pi-armv6.txt	b18da84a0622e2d24bfc1da8ce17fdf0c89faea7-16973c7d29593fdf
SPEC-006-raspberry-pi-armv6	.build/contract-reports/spec-010/latest-macos-dynamic.txt	759cf5945d69313ab3546965eace2ecc08da5ab3-f09fa73a6913497f
SPEC-006-raspberry-pi-armv6	.build/contract-reports/spec-010/latest-macos-static.txt	759cf5945d69313ab3546965eace2ecc08da5ab3-f09fa73a6913497f
SPEC-006-raspberry-pi-armv6	.build/contract-reports/spec-010/latest-nrf52840-embedded.txt	b18da84a0622e2d24bfc1da8ce17fdf0c89faea7-195b7e7bafcc2d2b
SPEC-006-raspberry-pi-armv6	.build/contract-reports/spec-010/latest-raspberry-pi-armv6.txt	b18da84a0622e2d24bfc1da8ce17fdf0c89faea7-195b7e7bafcc2d2b
SPEC-006-raspberry-pi-armv6	.build/contract-reports/spec-011/latest-macos-dynamic.txt	759cf5945d69313ab3546965eace2ecc08da5ab3-d93a5691c785f107
SPEC-006-raspberry-pi-armv6	.build/contract-reports/spec-011/latest-macos-static.txt	759cf5945d69313ab3546965eace2ecc08da5ab3-d93a5691c785f107
SPEC-006-raspberry-pi-armv6	.build/contract-reports/spec-011/latest-nrf52840-embedded.txt	b18da84a0622e2d24bfc1da8ce17fdf0c89faea7-457fc7e1b9000afd
SPEC-006-raspberry-pi-armv6	.build/contract-reports/spec-011/latest-raspberry-pi-armv6.txt	b18da84a0622e2d24bfc1da8ce17fdf0c89faea7-457fc7e1b9000afd
SPEC-006-raspberry-pi-armv6	.build/contract-reports/spec-012/latest-macos-dynamic.txt	759cf5945d69313ab3546965eace2ecc08da5ab3-fc0aae9586267865
SPEC-006-raspberry-pi-armv6	.build/contract-reports/spec-012/latest-macos-static.txt	759cf5945d69313ab3546965eace2ecc08da5ab3-fc0aae9586267865
SPEC-006-raspberry-pi-armv6	.build/contract-reports/spec-012/latest-nrf52840-embedded.txt	b18da84a0622e2d24bfc1da8ce17fdf0c89faea7-1c61dbad1d952f9d
SPEC-006-raspberry-pi-armv6	.build/contract-reports/spec-012/latest-raspberry-pi-armv6.txt	b18da84a0622e2d24bfc1da8ce17fdf0c89faea7-1c61dbad1d952f9d
SPEC-006-raspberry-pi-armv6	.build/contract-reports/spec-013/latest-macos-dynamic.txt	759cf5945d69313ab3546965eace2ecc08da5ab3-d25973a2ebde9c96
SPEC-006-raspberry-pi-armv6	.build/contract-reports/spec-013/latest-macos-static.txt	759cf5945d69313ab3546965eace2ecc08da5ab3-d25973a2ebde9c96
SPEC-006-raspberry-pi-armv6	.build/contract-reports/spec-013/latest-nrf52840-embedded.txt	b18da84a0622e2d24bfc1da8ce17fdf0c89faea7-3011c2f2a2dbab33
SPEC-006-raspberry-pi-armv6	.build/contract-reports/spec-013/latest-raspberry-pi-armv6.txt	b18da84a0622e2d24bfc1da8ce17fdf0c89faea7-3011c2f2a2dbab33
SPEC-006-raspberry-pi-armv6	.build/contract-reports/spec-015/latest-macos-dynamic.txt	759cf5945d69313ab3546965eace2ecc08da5ab3-d93a5691c785f107
SPEC-006-raspberry-pi-armv6	.build/contract-reports/spec-015/latest-macos-static.txt	759cf5945d69313ab3546965eace2ecc08da5ab3-d93a5691c785f107
SPEC-006-raspberry-pi-armv6	.build/contract-reports/spec-015/latest-nrf52840-embedded.txt	b18da84a0622e2d24bfc1da8ce17fdf0c89faea7-457fc7e1b9000afd
SPEC-006-raspberry-pi-armv6	.build/contract-reports/spec-015/latest-raspberry-pi-armv6.txt	759cf5945d69313ab3546965eace2ecc08da5ab3-d93a5691c785f107
published	/Users/eugene/work/GiftUI/.build/contract-reports/spec-007/759cf5945d69313ab3546965eace2ecc08da5ab3-9c9b7b98bfb72db1/raspberry-pi-armv6	759cf5945d69313ab3546965eace2ecc08da5ab3-9c9b7b98bfb72db1
SPEC-007-raspberry-pi-armv6	.build/contract-reports/spec-001/latest-macos-dynamic.txt	20261004T225647Z-28781
SPEC-007-raspberry-pi-armv6	.build/contract-reports/spec-001/latest-macos-static.txt	20261004T230354Z-41114
SPEC-007-raspberry-pi-armv6	.build/contract-reports/spec-001/latest-nrf52840-embedded.txt	20261004T144054Z-36978
SPEC-007-raspberry-pi-armv6	.build/contract-reports/spec-001/latest-raspberry-pi-armv6.txt	20261004T231058Z-53505
SPEC-007-raspberry-pi-armv6	.build/contract-reports/spec-002/latest-macos-dynamic.txt	759cf5945d69313ab3546965eace2ecc08da5ab3-d93a5691c785f107
SPEC-007-raspberry-pi-armv6	.build/contract-reports/spec-002/latest-macos-static.txt	759cf5945d69313ab3546965eace2ecc08da5ab3-d93a5691c785f107
SPEC-007-raspberry-pi-armv6	.build/contract-reports/spec-002/latest-nrf52840-embedded.txt	b18da84a0622e2d24bfc1da8ce17fdf0c89faea7-457fc7e1b9000afd
SPEC-007-raspberry-pi-armv6	.build/contract-reports/spec-002/latest-raspberry-pi-armv6.txt	759cf5945d69313ab3546965eace2ecc08da5ab3-d93a5691c785f107
SPEC-007-raspberry-pi-armv6	.build/contract-reports/spec-003/latest-macos-dynamic.txt	759cf5945d69313ab3546965eace2ecc08da5ab3-d93a5691c785f107
SPEC-007-raspberry-pi-armv6	.build/contract-reports/spec-003/latest-macos-static.txt	759cf5945d69313ab3546965eace2ecc08da5ab3-d93a5691c785f107
SPEC-007-raspberry-pi-armv6	.build/contract-reports/spec-003/latest-nrf52840-embedded.txt	b18da84a0622e2d24bfc1da8ce17fdf0c89faea7-457fc7e1b9000afd
SPEC-007-raspberry-pi-armv6	.build/contract-reports/spec-003/latest-raspberry-pi-armv6.txt	759cf5945d69313ab3546965eace2ecc08da5ab3-d93a5691c785f107
SPEC-007-raspberry-pi-armv6	.build/contract-reports/spec-004/latest-macos-dynamic.txt	759cf5945d69313ab3546965eace2ecc08da5ab3-d93a5691c785f107
SPEC-007-raspberry-pi-armv6	.build/contract-reports/spec-004/latest-macos-static.txt	759cf5945d69313ab3546965eace2ecc08da5ab3-d93a5691c785f107
SPEC-007-raspberry-pi-armv6	.build/contract-reports/spec-004/latest-nrf52840-embedded.txt	b18da84a0622e2d24bfc1da8ce17fdf0c89faea7-457fc7e1b9000afd
SPEC-007-raspberry-pi-armv6	.build/contract-reports/spec-004/latest-raspberry-pi-armv6.txt	759cf5945d69313ab3546965eace2ecc08da5ab3-d93a5691c785f107
SPEC-007-raspberry-pi-armv6	.build/contract-reports/spec-005/latest-macos-dynamic.txt	759cf5945d69313ab3546965eace2ecc08da5ab3-13497580cfa982fc
SPEC-007-raspberry-pi-armv6	.build/contract-reports/spec-005/latest-macos-static.txt	759cf5945d69313ab3546965eace2ecc08da5ab3-13497580cfa982fc
SPEC-007-raspberry-pi-armv6	.build/contract-reports/spec-005/latest-nrf52840-embedded.txt	b18da84a0622e2d24bfc1da8ce17fdf0c89faea7-91c75f621f54733c
SPEC-007-raspberry-pi-armv6	.build/contract-reports/spec-005/latest-raspberry-pi-armv6.txt	759cf5945d69313ab3546965eace2ecc08da5ab3-13497580cfa982fc
SPEC-007-raspberry-pi-armv6	.build/contract-reports/spec-006/latest-macos-dynamic.txt	759cf5945d69313ab3546965eace2ecc08da5ab3-e4e48e37d8c767c7
SPEC-007-raspberry-pi-armv6	.build/contract-reports/spec-006/latest-macos-static.txt	759cf5945d69313ab3546965eace2ecc08da5ab3-e4e48e37d8c767c7
SPEC-007-raspberry-pi-armv6	.build/contract-reports/spec-006/latest-nrf52840-embedded.txt	b18da84a0622e2d24bfc1da8ce17fdf0c89faea7-2519f7ee7d9fd3e0
SPEC-007-raspberry-pi-armv6	.build/contract-reports/spec-006/latest-raspberry-pi-armv6.txt	759cf5945d69313ab3546965eace2ecc08da5ab3-e4e48e37d8c767c7
SPEC-007-raspberry-pi-armv6	.build/contract-reports/spec-007/latest-macos-dynamic.txt	759cf5945d69313ab3546965eace2ecc08da5ab3-9c9b7b98bfb72db1
SPEC-007-raspberry-pi-armv6	.build/contract-reports/spec-007/latest-macos-static.txt	759cf5945d69313ab3546965eace2ecc08da5ab3-9c9b7b98bfb72db1
SPEC-007-raspberry-pi-armv6	.build/contract-reports/spec-007/latest-nrf52840-embedded.txt	b18da84a0622e2d24bfc1da8ce17fdf0c89faea7-88e8f7d4bd213aaf
SPEC-007-raspberry-pi-armv6	.build/contract-reports/spec-007/latest-raspberry-pi-armv6.txt	759cf5945d69313ab3546965eace2ecc08da5ab3-9c9b7b98bfb72db1
SPEC-007-raspberry-pi-armv6	.build/contract-reports/spec-008/latest-macos-dynamic.txt	759cf5945d69313ab3546965eace2ecc08da5ab3-8c912bd577cac4a7
SPEC-007-raspberry-pi-armv6	.build/contract-reports/spec-008/latest-macos-static.txt	759cf5945d69313ab3546965eace2ecc08da5ab3-8c912bd577cac4a7
SPEC-007-raspberry-pi-armv6	.build/contract-reports/spec-008/latest-nrf52840-embedded.txt	b18da84a0622e2d24bfc1da8ce17fdf0c89faea7-cf3969a84328c135
SPEC-007-raspberry-pi-armv6	.build/contract-reports/spec-008/latest-raspberry-pi-armv6.txt	b18da84a0622e2d24bfc1da8ce17fdf0c89faea7-cf3969a84328c135
SPEC-007-raspberry-pi-armv6	.build/contract-reports/spec-009/latest-macos-dynamic.txt	759cf5945d69313ab3546965eace2ecc08da5ab3-54aaea69d783eaaa
SPEC-007-raspberry-pi-armv6	.build/contract-reports/spec-009/latest-macos-static.txt	759cf5945d69313ab3546965eace2ecc08da5ab3-54aaea69d783eaaa
SPEC-007-raspberry-pi-armv6	.build/contract-reports/spec-009/latest-nrf52840-embedded.txt	b18da84a0622e2d24bfc1da8ce17fdf0c89faea7-16973c7d29593fdf
SPEC-007-raspberry-pi-armv6	.build/contract-reports/spec-009/latest-raspberry-pi-armv6.txt	b18da84a0622e2d24bfc1da8ce17fdf0c89faea7-16973c7d29593fdf
SPEC-007-raspberry-pi-armv6	.build/contract-reports/spec-010/latest-macos-dynamic.txt	759cf5945d69313ab3546965eace2ecc08da5ab3-f09fa73a6913497f
SPEC-007-raspberry-pi-armv6	.build/contract-reports/spec-010/latest-macos-static.txt	759cf5945d69313ab3546965eace2ecc08da5ab3-f09fa73a6913497f
SPEC-007-raspberry-pi-armv6	.build/contract-reports/spec-010/latest-nrf52840-embedded.txt	b18da84a0622e2d24bfc1da8ce17fdf0c89faea7-195b7e7bafcc2d2b
SPEC-007-raspberry-pi-armv6	.build/contract-reports/spec-010/latest-raspberry-pi-armv6.txt	b18da84a0622e2d24bfc1da8ce17fdf0c89faea7-195b7e7bafcc2d2b
SPEC-007-raspberry-pi-armv6	.build/contract-reports/spec-011/latest-macos-dynamic.txt	759cf5945d69313ab3546965eace2ecc08da5ab3-d93a5691c785f107
SPEC-007-raspberry-pi-armv6	.build/contract-reports/spec-011/latest-macos-static.txt	759cf5945d69313ab3546965eace2ecc08da5ab3-d93a5691c785f107
SPEC-007-raspberry-pi-armv6	.build/contract-reports/spec-011/latest-nrf52840-embedded.txt	b18da84a0622e2d24bfc1da8ce17fdf0c89faea7-457fc7e1b9000afd
SPEC-007-raspberry-pi-armv6	.build/contract-reports/spec-011/latest-raspberry-pi-armv6.txt	b18da84a0622e2d24bfc1da8ce17fdf0c89faea7-457fc7e1b9000afd
SPEC-007-raspberry-pi-armv6	.build/contract-reports/spec-012/latest-macos-dynamic.txt	759cf5945d69313ab3546965eace2ecc08da5ab3-fc0aae9586267865
SPEC-007-raspberry-pi-armv6	.build/contract-reports/spec-012/latest-macos-static.txt	759cf5945d69313ab3546965eace2ecc08da5ab3-fc0aae9586267865
SPEC-007-raspberry-pi-armv6	.build/contract-reports/spec-012/latest-nrf52840-embedded.txt	b18da84a0622e2d24bfc1da8ce17fdf0c89faea7-1c61dbad1d952f9d
SPEC-007-raspberry-pi-armv6	.build/contract-reports/spec-012/latest-raspberry-pi-armv6.txt	b18da84a0622e2d24bfc1da8ce17fdf0c89faea7-1c61dbad1d952f9d
SPEC-007-raspberry-pi-armv6	.build/contract-reports/spec-013/latest-macos-dynamic.txt	759cf5945d69313ab3546965eace2ecc08da5ab3-d25973a2ebde9c96
SPEC-007-raspberry-pi-armv6	.build/contract-reports/spec-013/latest-macos-static.txt	759cf5945d69313ab3546965eace2ecc08da5ab3-d25973a2ebde9c96
SPEC-007-raspberry-pi-armv6	.build/contract-reports/spec-013/latest-nrf52840-embedded.txt	b18da84a0622e2d24bfc1da8ce17fdf0c89faea7-3011c2f2a2dbab33
SPEC-007-raspberry-pi-armv6	.build/contract-reports/spec-013/latest-raspberry-pi-armv6.txt	b18da84a0622e2d24bfc1da8ce17fdf0c89faea7-3011c2f2a2dbab33
SPEC-007-raspberry-pi-armv6	.build/contract-reports/spec-015/latest-macos-dynamic.txt	759cf5945d69313ab3546965eace2ecc08da5ab3-d93a5691c785f107
SPEC-007-raspberry-pi-armv6	.build/contract-reports/spec-015/latest-macos-static.txt	759cf5945d69313ab3546965eace2ecc08da5ab3-d93a5691c785f107
SPEC-007-raspberry-pi-armv6	.build/contract-reports/spec-015/latest-nrf52840-embedded.txt	b18da84a0622e2d24bfc1da8ce17fdf0c89faea7-457fc7e1b9000afd
SPEC-007-raspberry-pi-armv6	.build/contract-reports/spec-015/latest-raspberry-pi-armv6.txt	759cf5945d69313ab3546965eace2ecc08da5ab3-d93a5691c785f107
published	/Users/eugene/work/GiftUI/.build/contract-reports/spec-008/759cf5945d69313ab3546965eace2ecc08da5ab3-8c912bd577cac4a7/raspberry-pi-armv6	759cf5945d69313ab3546965eace2ecc08da5ab3-8c912bd577cac4a7
SPEC-008-raspberry-pi-armv6	.build/contract-reports/spec-001/latest-macos-dynamic.txt	20261004T225647Z-28781
SPEC-008-raspberry-pi-armv6	.build/contract-reports/spec-001/latest-macos-static.txt	20261004T230354Z-41114
SPEC-008-raspberry-pi-armv6	.build/contract-reports/spec-001/latest-nrf52840-embedded.txt	20261004T144054Z-36978
SPEC-008-raspberry-pi-armv6	.build/contract-reports/spec-001/latest-raspberry-pi-armv6.txt	20261004T231058Z-53505
SPEC-008-raspberry-pi-armv6	.build/contract-reports/spec-002/latest-macos-dynamic.txt	759cf5945d69313ab3546965eace2ecc08da5ab3-d93a5691c785f107
SPEC-008-raspberry-pi-armv6	.build/contract-reports/spec-002/latest-macos-static.txt	759cf5945d69313ab3546965eace2ecc08da5ab3-d93a5691c785f107
SPEC-008-raspberry-pi-armv6	.build/contract-reports/spec-002/latest-nrf52840-embedded.txt	b18da84a0622e2d24bfc1da8ce17fdf0c89faea7-457fc7e1b9000afd
SPEC-008-raspberry-pi-armv6	.build/contract-reports/spec-002/latest-raspberry-pi-armv6.txt	759cf5945d69313ab3546965eace2ecc08da5ab3-d93a5691c785f107
SPEC-008-raspberry-pi-armv6	.build/contract-reports/spec-003/latest-macos-dynamic.txt	759cf5945d69313ab3546965eace2ecc08da5ab3-d93a5691c785f107
SPEC-008-raspberry-pi-armv6	.build/contract-reports/spec-003/latest-macos-static.txt	759cf5945d69313ab3546965eace2ecc08da5ab3-d93a5691c785f107
SPEC-008-raspberry-pi-armv6	.build/contract-reports/spec-003/latest-nrf52840-embedded.txt	b18da84a0622e2d24bfc1da8ce17fdf0c89faea7-457fc7e1b9000afd
SPEC-008-raspberry-pi-armv6	.build/contract-reports/spec-003/latest-raspberry-pi-armv6.txt	759cf5945d69313ab3546965eace2ecc08da5ab3-d93a5691c785f107
SPEC-008-raspberry-pi-armv6	.build/contract-reports/spec-004/latest-macos-dynamic.txt	759cf5945d69313ab3546965eace2ecc08da5ab3-d93a5691c785f107
SPEC-008-raspberry-pi-armv6	.build/contract-reports/spec-004/latest-macos-static.txt	759cf5945d69313ab3546965eace2ecc08da5ab3-d93a5691c785f107
SPEC-008-raspberry-pi-armv6	.build/contract-reports/spec-004/latest-nrf52840-embedded.txt	b18da84a0622e2d24bfc1da8ce17fdf0c89faea7-457fc7e1b9000afd
SPEC-008-raspberry-pi-armv6	.build/contract-reports/spec-004/latest-raspberry-pi-armv6.txt	759cf5945d69313ab3546965eace2ecc08da5ab3-d93a5691c785f107
SPEC-008-raspberry-pi-armv6	.build/contract-reports/spec-005/latest-macos-dynamic.txt	759cf5945d69313ab3546965eace2ecc08da5ab3-13497580cfa982fc
SPEC-008-raspberry-pi-armv6	.build/contract-reports/spec-005/latest-macos-static.txt	759cf5945d69313ab3546965eace2ecc08da5ab3-13497580cfa982fc
SPEC-008-raspberry-pi-armv6	.build/contract-reports/spec-005/latest-nrf52840-embedded.txt	b18da84a0622e2d24bfc1da8ce17fdf0c89faea7-91c75f621f54733c
SPEC-008-raspberry-pi-armv6	.build/contract-reports/spec-005/latest-raspberry-pi-armv6.txt	759cf5945d69313ab3546965eace2ecc08da5ab3-13497580cfa982fc
SPEC-008-raspberry-pi-armv6	.build/contract-reports/spec-006/latest-macos-dynamic.txt	759cf5945d69313ab3546965eace2ecc08da5ab3-e4e48e37d8c767c7
SPEC-008-raspberry-pi-armv6	.build/contract-reports/spec-006/latest-macos-static.txt	759cf5945d69313ab3546965eace2ecc08da5ab3-e4e48e37d8c767c7
SPEC-008-raspberry-pi-armv6	.build/contract-reports/spec-006/latest-nrf52840-embedded.txt	b18da84a0622e2d24bfc1da8ce17fdf0c89faea7-2519f7ee7d9fd3e0
SPEC-008-raspberry-pi-armv6	.build/contract-reports/spec-006/latest-raspberry-pi-armv6.txt	759cf5945d69313ab3546965eace2ecc08da5ab3-e4e48e37d8c767c7
SPEC-008-raspberry-pi-armv6	.build/contract-reports/spec-007/latest-macos-dynamic.txt	759cf5945d69313ab3546965eace2ecc08da5ab3-9c9b7b98bfb72db1
SPEC-008-raspberry-pi-armv6	.build/contract-reports/spec-007/latest-macos-static.txt	759cf5945d69313ab3546965eace2ecc08da5ab3-9c9b7b98bfb72db1
SPEC-008-raspberry-pi-armv6	.build/contract-reports/spec-007/latest-nrf52840-embedded.txt	b18da84a0622e2d24bfc1da8ce17fdf0c89faea7-88e8f7d4bd213aaf
SPEC-008-raspberry-pi-armv6	.build/contract-reports/spec-007/latest-raspberry-pi-armv6.txt	759cf5945d69313ab3546965eace2ecc08da5ab3-9c9b7b98bfb72db1
SPEC-008-raspberry-pi-armv6	.build/contract-reports/spec-008/latest-macos-dynamic.txt	759cf5945d69313ab3546965eace2ecc08da5ab3-8c912bd577cac4a7
SPEC-008-raspberry-pi-armv6	.build/contract-reports/spec-008/latest-macos-static.txt	759cf5945d69313ab3546965eace2ecc08da5ab3-8c912bd577cac4a7
SPEC-008-raspberry-pi-armv6	.build/contract-reports/spec-008/latest-nrf52840-embedded.txt	b18da84a0622e2d24bfc1da8ce17fdf0c89faea7-cf3969a84328c135
SPEC-008-raspberry-pi-armv6	.build/contract-reports/spec-008/latest-raspberry-pi-armv6.txt	759cf5945d69313ab3546965eace2ecc08da5ab3-8c912bd577cac4a7
SPEC-008-raspberry-pi-armv6	.build/contract-reports/spec-009/latest-macos-dynamic.txt	759cf5945d69313ab3546965eace2ecc08da5ab3-54aaea69d783eaaa
SPEC-008-raspberry-pi-armv6	.build/contract-reports/spec-009/latest-macos-static.txt	759cf5945d69313ab3546965eace2ecc08da5ab3-54aaea69d783eaaa
SPEC-008-raspberry-pi-armv6	.build/contract-reports/spec-009/latest-nrf52840-embedded.txt	b18da84a0622e2d24bfc1da8ce17fdf0c89faea7-16973c7d29593fdf
SPEC-008-raspberry-pi-armv6	.build/contract-reports/spec-009/latest-raspberry-pi-armv6.txt	b18da84a0622e2d24bfc1da8ce17fdf0c89faea7-16973c7d29593fdf
SPEC-008-raspberry-pi-armv6	.build/contract-reports/spec-010/latest-macos-dynamic.txt	759cf5945d69313ab3546965eace2ecc08da5ab3-f09fa73a6913497f
SPEC-008-raspberry-pi-armv6	.build/contract-reports/spec-010/latest-macos-static.txt	759cf5945d69313ab3546965eace2ecc08da5ab3-f09fa73a6913497f
SPEC-008-raspberry-pi-armv6	.build/contract-reports/spec-010/latest-nrf52840-embedded.txt	b18da84a0622e2d24bfc1da8ce17fdf0c89faea7-195b7e7bafcc2d2b
SPEC-008-raspberry-pi-armv6	.build/contract-reports/spec-010/latest-raspberry-pi-armv6.txt	b18da84a0622e2d24bfc1da8ce17fdf0c89faea7-195b7e7bafcc2d2b
SPEC-008-raspberry-pi-armv6	.build/contract-reports/spec-011/latest-macos-dynamic.txt	759cf5945d69313ab3546965eace2ecc08da5ab3-d93a5691c785f107
SPEC-008-raspberry-pi-armv6	.build/contract-reports/spec-011/latest-macos-static.txt	759cf5945d69313ab3546965eace2ecc08da5ab3-d93a5691c785f107
SPEC-008-raspberry-pi-armv6	.build/contract-reports/spec-011/latest-nrf52840-embedded.txt	b18da84a0622e2d24bfc1da8ce17fdf0c89faea7-457fc7e1b9000afd
SPEC-008-raspberry-pi-armv6	.build/contract-reports/spec-011/latest-raspberry-pi-armv6.txt	b18da84a0622e2d24bfc1da8ce17fdf0c89faea7-457fc7e1b9000afd
SPEC-008-raspberry-pi-armv6	.build/contract-reports/spec-012/latest-macos-dynamic.txt	759cf5945d69313ab3546965eace2ecc08da5ab3-fc0aae9586267865
SPEC-008-raspberry-pi-armv6	.build/contract-reports/spec-012/latest-macos-static.txt	759cf5945d69313ab3546965eace2ecc08da5ab3-fc0aae9586267865
SPEC-008-raspberry-pi-armv6	.build/contract-reports/spec-012/latest-nrf52840-embedded.txt	b18da84a0622e2d24bfc1da8ce17fdf0c89faea7-1c61dbad1d952f9d
SPEC-008-raspberry-pi-armv6	.build/contract-reports/spec-012/latest-raspberry-pi-armv6.txt	b18da84a0622e2d24bfc1da8ce17fdf0c89faea7-1c61dbad1d952f9d
SPEC-008-raspberry-pi-armv6	.build/contract-reports/spec-013/latest-macos-dynamic.txt	759cf5945d69313ab3546965eace2ecc08da5ab3-d25973a2ebde9c96
SPEC-008-raspberry-pi-armv6	.build/contract-reports/spec-013/latest-macos-static.txt	759cf5945d69313ab3546965eace2ecc08da5ab3-d25973a2ebde9c96
SPEC-008-raspberry-pi-armv6	.build/contract-reports/spec-013/latest-nrf52840-embedded.txt	b18da84a0622e2d24bfc1da8ce17fdf0c89faea7-3011c2f2a2dbab33
SPEC-008-raspberry-pi-armv6	.build/contract-reports/spec-013/latest-raspberry-pi-armv6.txt	b18da84a0622e2d24bfc1da8ce17fdf0c89faea7-3011c2f2a2dbab33
SPEC-008-raspberry-pi-armv6	.build/contract-reports/spec-015/latest-macos-dynamic.txt	759cf5945d69313ab3546965eace2ecc08da5ab3-d93a5691c785f107
SPEC-008-raspberry-pi-armv6	.build/contract-reports/spec-015/latest-macos-static.txt	759cf5945d69313ab3546965eace2ecc08da5ab3-d93a5691c785f107
SPEC-008-raspberry-pi-armv6	.build/contract-reports/spec-015/latest-nrf52840-embedded.txt	b18da84a0622e2d24bfc1da8ce17fdf0c89faea7-457fc7e1b9000afd
SPEC-008-raspberry-pi-armv6	.build/contract-reports/spec-015/latest-raspberry-pi-armv6.txt	759cf5945d69313ab3546965eace2ecc08da5ab3-d93a5691c785f107
published	/Users/eugene/work/GiftUI/.build/contract-reports/spec-009/759cf5945d69313ab3546965eace2ecc08da5ab3-54aaea69d783eaaa/raspberry-pi-armv6	759cf5945d69313ab3546965eace2ecc08da5ab3-54aaea69d783eaaa
SPEC-009-raspberry-pi-armv6	.build/contract-reports/spec-001/latest-macos-dynamic.txt	20261004T225647Z-28781
SPEC-009-raspberry-pi-armv6	.build/contract-reports/spec-001/latest-macos-static.txt	20261004T230354Z-41114
SPEC-009-raspberry-pi-armv6	.build/contract-reports/spec-001/latest-nrf52840-embedded.txt	20261004T144054Z-36978
SPEC-009-raspberry-pi-armv6	.build/contract-reports/spec-001/latest-raspberry-pi-armv6.txt	20261004T231058Z-53505
SPEC-009-raspberry-pi-armv6	.build/contract-reports/spec-002/latest-macos-dynamic.txt	759cf5945d69313ab3546965eace2ecc08da5ab3-d93a5691c785f107
SPEC-009-raspberry-pi-armv6	.build/contract-reports/spec-002/latest-macos-static.txt	759cf5945d69313ab3546965eace2ecc08da5ab3-d93a5691c785f107
SPEC-009-raspberry-pi-armv6	.build/contract-reports/spec-002/latest-nrf52840-embedded.txt	b18da84a0622e2d24bfc1da8ce17fdf0c89faea7-457fc7e1b9000afd
SPEC-009-raspberry-pi-armv6	.build/contract-reports/spec-002/latest-raspberry-pi-armv6.txt	759cf5945d69313ab3546965eace2ecc08da5ab3-d93a5691c785f107
SPEC-009-raspberry-pi-armv6	.build/contract-reports/spec-003/latest-macos-dynamic.txt	759cf5945d69313ab3546965eace2ecc08da5ab3-d93a5691c785f107
SPEC-009-raspberry-pi-armv6	.build/contract-reports/spec-003/latest-macos-static.txt	759cf5945d69313ab3546965eace2ecc08da5ab3-d93a5691c785f107
SPEC-009-raspberry-pi-armv6	.build/contract-reports/spec-003/latest-nrf52840-embedded.txt	b18da84a0622e2d24bfc1da8ce17fdf0c89faea7-457fc7e1b9000afd
SPEC-009-raspberry-pi-armv6	.build/contract-reports/spec-003/latest-raspberry-pi-armv6.txt	759cf5945d69313ab3546965eace2ecc08da5ab3-d93a5691c785f107
SPEC-009-raspberry-pi-armv6	.build/contract-reports/spec-004/latest-macos-dynamic.txt	759cf5945d69313ab3546965eace2ecc08da5ab3-d93a5691c785f107
SPEC-009-raspberry-pi-armv6	.build/contract-reports/spec-004/latest-macos-static.txt	759cf5945d69313ab3546965eace2ecc08da5ab3-d93a5691c785f107
SPEC-009-raspberry-pi-armv6	.build/contract-reports/spec-004/latest-nrf52840-embedded.txt	b18da84a0622e2d24bfc1da8ce17fdf0c89faea7-457fc7e1b9000afd
SPEC-009-raspberry-pi-armv6	.build/contract-reports/spec-004/latest-raspberry-pi-armv6.txt	759cf5945d69313ab3546965eace2ecc08da5ab3-d93a5691c785f107
SPEC-009-raspberry-pi-armv6	.build/contract-reports/spec-005/latest-macos-dynamic.txt	759cf5945d69313ab3546965eace2ecc08da5ab3-13497580cfa982fc
SPEC-009-raspberry-pi-armv6	.build/contract-reports/spec-005/latest-macos-static.txt	759cf5945d69313ab3546965eace2ecc08da5ab3-13497580cfa982fc
SPEC-009-raspberry-pi-armv6	.build/contract-reports/spec-005/latest-nrf52840-embedded.txt	b18da84a0622e2d24bfc1da8ce17fdf0c89faea7-91c75f621f54733c
SPEC-009-raspberry-pi-armv6	.build/contract-reports/spec-005/latest-raspberry-pi-armv6.txt	759cf5945d69313ab3546965eace2ecc08da5ab3-13497580cfa982fc
SPEC-009-raspberry-pi-armv6	.build/contract-reports/spec-006/latest-macos-dynamic.txt	759cf5945d69313ab3546965eace2ecc08da5ab3-e4e48e37d8c767c7
SPEC-009-raspberry-pi-armv6	.build/contract-reports/spec-006/latest-macos-static.txt	759cf5945d69313ab3546965eace2ecc08da5ab3-e4e48e37d8c767c7
SPEC-009-raspberry-pi-armv6	.build/contract-reports/spec-006/latest-nrf52840-embedded.txt	b18da84a0622e2d24bfc1da8ce17fdf0c89faea7-2519f7ee7d9fd3e0
SPEC-009-raspberry-pi-armv6	.build/contract-reports/spec-006/latest-raspberry-pi-armv6.txt	759cf5945d69313ab3546965eace2ecc08da5ab3-e4e48e37d8c767c7
SPEC-009-raspberry-pi-armv6	.build/contract-reports/spec-007/latest-macos-dynamic.txt	759cf5945d69313ab3546965eace2ecc08da5ab3-9c9b7b98bfb72db1
SPEC-009-raspberry-pi-armv6	.build/contract-reports/spec-007/latest-macos-static.txt	759cf5945d69313ab3546965eace2ecc08da5ab3-9c9b7b98bfb72db1
SPEC-009-raspberry-pi-armv6	.build/contract-reports/spec-007/latest-nrf52840-embedded.txt	b18da84a0622e2d24bfc1da8ce17fdf0c89faea7-88e8f7d4bd213aaf
SPEC-009-raspberry-pi-armv6	.build/contract-reports/spec-007/latest-raspberry-pi-armv6.txt	759cf5945d69313ab3546965eace2ecc08da5ab3-9c9b7b98bfb72db1
SPEC-009-raspberry-pi-armv6	.build/contract-reports/spec-008/latest-macos-dynamic.txt	759cf5945d69313ab3546965eace2ecc08da5ab3-8c912bd577cac4a7
SPEC-009-raspberry-pi-armv6	.build/contract-reports/spec-008/latest-macos-static.txt	759cf5945d69313ab3546965eace2ecc08da5ab3-8c912bd577cac4a7
SPEC-009-raspberry-pi-armv6	.build/contract-reports/spec-008/latest-nrf52840-embedded.txt	b18da84a0622e2d24bfc1da8ce17fdf0c89faea7-cf3969a84328c135
SPEC-009-raspberry-pi-armv6	.build/contract-reports/spec-008/latest-raspberry-pi-armv6.txt	759cf5945d69313ab3546965eace2ecc08da5ab3-8c912bd577cac4a7
SPEC-009-raspberry-pi-armv6	.build/contract-reports/spec-009/latest-macos-dynamic.txt	759cf5945d69313ab3546965eace2ecc08da5ab3-54aaea69d783eaaa
SPEC-009-raspberry-pi-armv6	.build/contract-reports/spec-009/latest-macos-static.txt	759cf5945d69313ab3546965eace2ecc08da5ab3-54aaea69d783eaaa
SPEC-009-raspberry-pi-armv6	.build/contract-reports/spec-009/latest-nrf52840-embedded.txt	b18da84a0622e2d24bfc1da8ce17fdf0c89faea7-16973c7d29593fdf
SPEC-009-raspberry-pi-armv6	.build/contract-reports/spec-009/latest-raspberry-pi-armv6.txt	759cf5945d69313ab3546965eace2ecc08da5ab3-54aaea69d783eaaa
SPEC-009-raspberry-pi-armv6	.build/contract-reports/spec-010/latest-macos-dynamic.txt	759cf5945d69313ab3546965eace2ecc08da5ab3-f09fa73a6913497f
SPEC-009-raspberry-pi-armv6	.build/contract-reports/spec-010/latest-macos-static.txt	759cf5945d69313ab3546965eace2ecc08da5ab3-f09fa73a6913497f
SPEC-009-raspberry-pi-armv6	.build/contract-reports/spec-010/latest-nrf52840-embedded.txt	b18da84a0622e2d24bfc1da8ce17fdf0c89faea7-195b7e7bafcc2d2b
SPEC-009-raspberry-pi-armv6	.build/contract-reports/spec-010/latest-raspberry-pi-armv6.txt	b18da84a0622e2d24bfc1da8ce17fdf0c89faea7-195b7e7bafcc2d2b
SPEC-009-raspberry-pi-armv6	.build/contract-reports/spec-011/latest-macos-dynamic.txt	759cf5945d69313ab3546965eace2ecc08da5ab3-d93a5691c785f107
SPEC-009-raspberry-pi-armv6	.build/contract-reports/spec-011/latest-macos-static.txt	759cf5945d69313ab3546965eace2ecc08da5ab3-d93a5691c785f107
SPEC-009-raspberry-pi-armv6	.build/contract-reports/spec-011/latest-nrf52840-embedded.txt	b18da84a0622e2d24bfc1da8ce17fdf0c89faea7-457fc7e1b9000afd
SPEC-009-raspberry-pi-armv6	.build/contract-reports/spec-011/latest-raspberry-pi-armv6.txt	b18da84a0622e2d24bfc1da8ce17fdf0c89faea7-457fc7e1b9000afd
SPEC-009-raspberry-pi-armv6	.build/contract-reports/spec-012/latest-macos-dynamic.txt	759cf5945d69313ab3546965eace2ecc08da5ab3-fc0aae9586267865
SPEC-009-raspberry-pi-armv6	.build/contract-reports/spec-012/latest-macos-static.txt	759cf5945d69313ab3546965eace2ecc08da5ab3-fc0aae9586267865
SPEC-009-raspberry-pi-armv6	.build/contract-reports/spec-012/latest-nrf52840-embedded.txt	b18da84a0622e2d24bfc1da8ce17fdf0c89faea7-1c61dbad1d952f9d
SPEC-009-raspberry-pi-armv6	.build/contract-reports/spec-012/latest-raspberry-pi-armv6.txt	b18da84a0622e2d24bfc1da8ce17fdf0c89faea7-1c61dbad1d952f9d
SPEC-009-raspberry-pi-armv6	.build/contract-reports/spec-013/latest-macos-dynamic.txt	759cf5945d69313ab3546965eace2ecc08da5ab3-d25973a2ebde9c96
SPEC-009-raspberry-pi-armv6	.build/contract-reports/spec-013/latest-macos-static.txt	759cf5945d69313ab3546965eace2ecc08da5ab3-d25973a2ebde9c96
SPEC-009-raspberry-pi-armv6	.build/contract-reports/spec-013/latest-nrf52840-embedded.txt	b18da84a0622e2d24bfc1da8ce17fdf0c89faea7-3011c2f2a2dbab33
SPEC-009-raspberry-pi-armv6	.build/contract-reports/spec-013/latest-raspberry-pi-armv6.txt	b18da84a0622e2d24bfc1da8ce17fdf0c89faea7-3011c2f2a2dbab33
SPEC-009-raspberry-pi-armv6	.build/contract-reports/spec-015/latest-macos-dynamic.txt	759cf5945d69313ab3546965eace2ecc08da5ab3-d93a5691c785f107
SPEC-009-raspberry-pi-armv6	.build/contract-reports/spec-015/latest-macos-static.txt	759cf5945d69313ab3546965eace2ecc08da5ab3-d93a5691c785f107
SPEC-009-raspberry-pi-armv6	.build/contract-reports/spec-015/latest-nrf52840-embedded.txt	b18da84a0622e2d24bfc1da8ce17fdf0c89faea7-457fc7e1b9000afd
SPEC-009-raspberry-pi-armv6	.build/contract-reports/spec-015/latest-raspberry-pi-armv6.txt	759cf5945d69313ab3546965eace2ecc08da5ab3-d93a5691c785f107
published	/Users/eugene/work/GiftUI/.build/contract-reports/spec-010/759cf5945d69313ab3546965eace2ecc08da5ab3-f09fa73a6913497f/raspberry-pi-armv6	759cf5945d69313ab3546965eace2ecc08da5ab3-f09fa73a6913497f
SPEC-010-raspberry-pi-armv6	.build/contract-reports/spec-001/latest-macos-dynamic.txt	20261004T225647Z-28781
SPEC-010-raspberry-pi-armv6	.build/contract-reports/spec-001/latest-macos-static.txt	20261004T230354Z-41114
SPEC-010-raspberry-pi-armv6	.build/contract-reports/spec-001/latest-nrf52840-embedded.txt	20261004T144054Z-36978
SPEC-010-raspberry-pi-armv6	.build/contract-reports/spec-001/latest-raspberry-pi-armv6.txt	20261004T231058Z-53505
SPEC-010-raspberry-pi-armv6	.build/contract-reports/spec-002/latest-macos-dynamic.txt	759cf5945d69313ab3546965eace2ecc08da5ab3-d93a5691c785f107
SPEC-010-raspberry-pi-armv6	.build/contract-reports/spec-002/latest-macos-static.txt	759cf5945d69313ab3546965eace2ecc08da5ab3-d93a5691c785f107
SPEC-010-raspberry-pi-armv6	.build/contract-reports/spec-002/latest-nrf52840-embedded.txt	b18da84a0622e2d24bfc1da8ce17fdf0c89faea7-457fc7e1b9000afd
SPEC-010-raspberry-pi-armv6	.build/contract-reports/spec-002/latest-raspberry-pi-armv6.txt	759cf5945d69313ab3546965eace2ecc08da5ab3-d93a5691c785f107
SPEC-010-raspberry-pi-armv6	.build/contract-reports/spec-003/latest-macos-dynamic.txt	759cf5945d69313ab3546965eace2ecc08da5ab3-d93a5691c785f107
SPEC-010-raspberry-pi-armv6	.build/contract-reports/spec-003/latest-macos-static.txt	759cf5945d69313ab3546965eace2ecc08da5ab3-d93a5691c785f107
SPEC-010-raspberry-pi-armv6	.build/contract-reports/spec-003/latest-nrf52840-embedded.txt	b18da84a0622e2d24bfc1da8ce17fdf0c89faea7-457fc7e1b9000afd
SPEC-010-raspberry-pi-armv6	.build/contract-reports/spec-003/latest-raspberry-pi-armv6.txt	759cf5945d69313ab3546965eace2ecc08da5ab3-d93a5691c785f107
SPEC-010-raspberry-pi-armv6	.build/contract-reports/spec-004/latest-macos-dynamic.txt	759cf5945d69313ab3546965eace2ecc08da5ab3-d93a5691c785f107
SPEC-010-raspberry-pi-armv6	.build/contract-reports/spec-004/latest-macos-static.txt	759cf5945d69313ab3546965eace2ecc08da5ab3-d93a5691c785f107
SPEC-010-raspberry-pi-armv6	.build/contract-reports/spec-004/latest-nrf52840-embedded.txt	b18da84a0622e2d24bfc1da8ce17fdf0c89faea7-457fc7e1b9000afd
SPEC-010-raspberry-pi-armv6	.build/contract-reports/spec-004/latest-raspberry-pi-armv6.txt	759cf5945d69313ab3546965eace2ecc08da5ab3-d93a5691c785f107
SPEC-010-raspberry-pi-armv6	.build/contract-reports/spec-005/latest-macos-dynamic.txt	759cf5945d69313ab3546965eace2ecc08da5ab3-13497580cfa982fc
SPEC-010-raspberry-pi-armv6	.build/contract-reports/spec-005/latest-macos-static.txt	759cf5945d69313ab3546965eace2ecc08da5ab3-13497580cfa982fc
SPEC-010-raspberry-pi-armv6	.build/contract-reports/spec-005/latest-nrf52840-embedded.txt	b18da84a0622e2d24bfc1da8ce17fdf0c89faea7-91c75f621f54733c
SPEC-010-raspberry-pi-armv6	.build/contract-reports/spec-005/latest-raspberry-pi-armv6.txt	759cf5945d69313ab3546965eace2ecc08da5ab3-13497580cfa982fc
SPEC-010-raspberry-pi-armv6	.build/contract-reports/spec-006/latest-macos-dynamic.txt	759cf5945d69313ab3546965eace2ecc08da5ab3-e4e48e37d8c767c7
SPEC-010-raspberry-pi-armv6	.build/contract-reports/spec-006/latest-macos-static.txt	759cf5945d69313ab3546965eace2ecc08da5ab3-e4e48e37d8c767c7
SPEC-010-raspberry-pi-armv6	.build/contract-reports/spec-006/latest-nrf52840-embedded.txt	b18da84a0622e2d24bfc1da8ce17fdf0c89faea7-2519f7ee7d9fd3e0
SPEC-010-raspberry-pi-armv6	.build/contract-reports/spec-006/latest-raspberry-pi-armv6.txt	759cf5945d69313ab3546965eace2ecc08da5ab3-e4e48e37d8c767c7
SPEC-010-raspberry-pi-armv6	.build/contract-reports/spec-007/latest-macos-dynamic.txt	759cf5945d69313ab3546965eace2ecc08da5ab3-9c9b7b98bfb72db1
SPEC-010-raspberry-pi-armv6	.build/contract-reports/spec-007/latest-macos-static.txt	759cf5945d69313ab3546965eace2ecc08da5ab3-9c9b7b98bfb72db1
SPEC-010-raspberry-pi-armv6	.build/contract-reports/spec-007/latest-nrf52840-embedded.txt	b18da84a0622e2d24bfc1da8ce17fdf0c89faea7-88e8f7d4bd213aaf
SPEC-010-raspberry-pi-armv6	.build/contract-reports/spec-007/latest-raspberry-pi-armv6.txt	759cf5945d69313ab3546965eace2ecc08da5ab3-9c9b7b98bfb72db1
SPEC-010-raspberry-pi-armv6	.build/contract-reports/spec-008/latest-macos-dynamic.txt	759cf5945d69313ab3546965eace2ecc08da5ab3-8c912bd577cac4a7
SPEC-010-raspberry-pi-armv6	.build/contract-reports/spec-008/latest-macos-static.txt	759cf5945d69313ab3546965eace2ecc08da5ab3-8c912bd577cac4a7
SPEC-010-raspberry-pi-armv6	.build/contract-reports/spec-008/latest-nrf52840-embedded.txt	b18da84a0622e2d24bfc1da8ce17fdf0c89faea7-cf3969a84328c135
SPEC-010-raspberry-pi-armv6	.build/contract-reports/spec-008/latest-raspberry-pi-armv6.txt	759cf5945d69313ab3546965eace2ecc08da5ab3-8c912bd577cac4a7
SPEC-010-raspberry-pi-armv6	.build/contract-reports/spec-009/latest-macos-dynamic.txt	759cf5945d69313ab3546965eace2ecc08da5ab3-54aaea69d783eaaa
SPEC-010-raspberry-pi-armv6	.build/contract-reports/spec-009/latest-macos-static.txt	759cf5945d69313ab3546965eace2ecc08da5ab3-54aaea69d783eaaa
SPEC-010-raspberry-pi-armv6	.build/contract-reports/spec-009/latest-nrf52840-embedded.txt	b18da84a0622e2d24bfc1da8ce17fdf0c89faea7-16973c7d29593fdf
SPEC-010-raspberry-pi-armv6	.build/contract-reports/spec-009/latest-raspberry-pi-armv6.txt	759cf5945d69313ab3546965eace2ecc08da5ab3-54aaea69d783eaaa
SPEC-010-raspberry-pi-armv6	.build/contract-reports/spec-010/latest-macos-dynamic.txt	759cf5945d69313ab3546965eace2ecc08da5ab3-f09fa73a6913497f
SPEC-010-raspberry-pi-armv6	.build/contract-reports/spec-010/latest-macos-static.txt	759cf5945d69313ab3546965eace2ecc08da5ab3-f09fa73a6913497f
SPEC-010-raspberry-pi-armv6	.build/contract-reports/spec-010/latest-nrf52840-embedded.txt	b18da84a0622e2d24bfc1da8ce17fdf0c89faea7-195b7e7bafcc2d2b
SPEC-010-raspberry-pi-armv6	.build/contract-reports/spec-010/latest-raspberry-pi-armv6.txt	759cf5945d69313ab3546965eace2ecc08da5ab3-f09fa73a6913497f
SPEC-010-raspberry-pi-armv6	.build/contract-reports/spec-011/latest-macos-dynamic.txt	759cf5945d69313ab3546965eace2ecc08da5ab3-d93a5691c785f107
SPEC-010-raspberry-pi-armv6	.build/contract-reports/spec-011/latest-macos-static.txt	759cf5945d69313ab3546965eace2ecc08da5ab3-d93a5691c785f107
SPEC-010-raspberry-pi-armv6	.build/contract-reports/spec-011/latest-nrf52840-embedded.txt	b18da84a0622e2d24bfc1da8ce17fdf0c89faea7-457fc7e1b9000afd
SPEC-010-raspberry-pi-armv6	.build/contract-reports/spec-011/latest-raspberry-pi-armv6.txt	b18da84a0622e2d24bfc1da8ce17fdf0c89faea7-457fc7e1b9000afd
SPEC-010-raspberry-pi-armv6	.build/contract-reports/spec-012/latest-macos-dynamic.txt	759cf5945d69313ab3546965eace2ecc08da5ab3-fc0aae9586267865
SPEC-010-raspberry-pi-armv6	.build/contract-reports/spec-012/latest-macos-static.txt	759cf5945d69313ab3546965eace2ecc08da5ab3-fc0aae9586267865
SPEC-010-raspberry-pi-armv6	.build/contract-reports/spec-012/latest-nrf52840-embedded.txt	b18da84a0622e2d24bfc1da8ce17fdf0c89faea7-1c61dbad1d952f9d
SPEC-010-raspberry-pi-armv6	.build/contract-reports/spec-012/latest-raspberry-pi-armv6.txt	b18da84a0622e2d24bfc1da8ce17fdf0c89faea7-1c61dbad1d952f9d
SPEC-010-raspberry-pi-armv6	.build/contract-reports/spec-013/latest-macos-dynamic.txt	759cf5945d69313ab3546965eace2ecc08da5ab3-d25973a2ebde9c96
SPEC-010-raspberry-pi-armv6	.build/contract-reports/spec-013/latest-macos-static.txt	759cf5945d69313ab3546965eace2ecc08da5ab3-d25973a2ebde9c96
SPEC-010-raspberry-pi-armv6	.build/contract-reports/spec-013/latest-nrf52840-embedded.txt	b18da84a0622e2d24bfc1da8ce17fdf0c89faea7-3011c2f2a2dbab33
SPEC-010-raspberry-pi-armv6	.build/contract-reports/spec-013/latest-raspberry-pi-armv6.txt	b18da84a0622e2d24bfc1da8ce17fdf0c89faea7-3011c2f2a2dbab33
SPEC-010-raspberry-pi-armv6	.build/contract-reports/spec-015/latest-macos-dynamic.txt	759cf5945d69313ab3546965eace2ecc08da5ab3-d93a5691c785f107
SPEC-010-raspberry-pi-armv6	.build/contract-reports/spec-015/latest-macos-static.txt	759cf5945d69313ab3546965eace2ecc08da5ab3-d93a5691c785f107
SPEC-010-raspberry-pi-armv6	.build/contract-reports/spec-015/latest-nrf52840-embedded.txt	b18da84a0622e2d24bfc1da8ce17fdf0c89faea7-457fc7e1b9000afd
SPEC-010-raspberry-pi-armv6	.build/contract-reports/spec-015/latest-raspberry-pi-armv6.txt	759cf5945d69313ab3546965eace2ecc08da5ab3-d93a5691c785f107
published	/Users/eugene/work/GiftUI/.build/contract-reports/spec-013/759cf5945d69313ab3546965eace2ecc08da5ab3-d25973a2ebde9c96/raspberry-pi-armv6	759cf5945d69313ab3546965eace2ecc08da5ab3-d25973a2ebde9c96
published	/Users/eugene/work/GiftUI/.build/contract-reports/spec-011/759cf5945d69313ab3546965eace2ecc08da5ab3-d93a5691c785f107/raspberry-pi-armv6	759cf5945d69313ab3546965eace2ecc08da5ab3-d93a5691c785f107
SPEC-011-raspberry-pi-armv6	.build/contract-reports/spec-001/latest-macos-dynamic.txt	20261004T225647Z-28781
SPEC-011-raspberry-pi-armv6	.build/contract-reports/spec-001/latest-macos-static.txt	20261004T230354Z-41114
SPEC-011-raspberry-pi-armv6	.build/contract-reports/spec-001/latest-nrf52840-embedded.txt	20261004T144054Z-36978
SPEC-011-raspberry-pi-armv6	.build/contract-reports/spec-001/latest-raspberry-pi-armv6.txt	20261004T231058Z-53505
SPEC-011-raspberry-pi-armv6	.build/contract-reports/spec-002/latest-macos-dynamic.txt	759cf5945d69313ab3546965eace2ecc08da5ab3-d93a5691c785f107
SPEC-011-raspberry-pi-armv6	.build/contract-reports/spec-002/latest-macos-static.txt	759cf5945d69313ab3546965eace2ecc08da5ab3-d93a5691c785f107
SPEC-011-raspberry-pi-armv6	.build/contract-reports/spec-002/latest-nrf52840-embedded.txt	b18da84a0622e2d24bfc1da8ce17fdf0c89faea7-457fc7e1b9000afd
SPEC-011-raspberry-pi-armv6	.build/contract-reports/spec-002/latest-raspberry-pi-armv6.txt	759cf5945d69313ab3546965eace2ecc08da5ab3-d93a5691c785f107
SPEC-011-raspberry-pi-armv6	.build/contract-reports/spec-003/latest-macos-dynamic.txt	759cf5945d69313ab3546965eace2ecc08da5ab3-d93a5691c785f107
SPEC-011-raspberry-pi-armv6	.build/contract-reports/spec-003/latest-macos-static.txt	759cf5945d69313ab3546965eace2ecc08da5ab3-d93a5691c785f107
SPEC-011-raspberry-pi-armv6	.build/contract-reports/spec-003/latest-nrf52840-embedded.txt	b18da84a0622e2d24bfc1da8ce17fdf0c89faea7-457fc7e1b9000afd
SPEC-011-raspberry-pi-armv6	.build/contract-reports/spec-003/latest-raspberry-pi-armv6.txt	759cf5945d69313ab3546965eace2ecc08da5ab3-d93a5691c785f107
SPEC-011-raspberry-pi-armv6	.build/contract-reports/spec-004/latest-macos-dynamic.txt	759cf5945d69313ab3546965eace2ecc08da5ab3-d93a5691c785f107
SPEC-011-raspberry-pi-armv6	.build/contract-reports/spec-004/latest-macos-static.txt	759cf5945d69313ab3546965eace2ecc08da5ab3-d93a5691c785f107
SPEC-011-raspberry-pi-armv6	.build/contract-reports/spec-004/latest-nrf52840-embedded.txt	b18da84a0622e2d24bfc1da8ce17fdf0c89faea7-457fc7e1b9000afd
SPEC-011-raspberry-pi-armv6	.build/contract-reports/spec-004/latest-raspberry-pi-armv6.txt	759cf5945d69313ab3546965eace2ecc08da5ab3-d93a5691c785f107
SPEC-011-raspberry-pi-armv6	.build/contract-reports/spec-005/latest-macos-dynamic.txt	759cf5945d69313ab3546965eace2ecc08da5ab3-13497580cfa982fc
SPEC-011-raspberry-pi-armv6	.build/contract-reports/spec-005/latest-macos-static.txt	759cf5945d69313ab3546965eace2ecc08da5ab3-13497580cfa982fc
SPEC-011-raspberry-pi-armv6	.build/contract-reports/spec-005/latest-nrf52840-embedded.txt	b18da84a0622e2d24bfc1da8ce17fdf0c89faea7-91c75f621f54733c
SPEC-011-raspberry-pi-armv6	.build/contract-reports/spec-005/latest-raspberry-pi-armv6.txt	759cf5945d69313ab3546965eace2ecc08da5ab3-13497580cfa982fc
SPEC-011-raspberry-pi-armv6	.build/contract-reports/spec-006/latest-macos-dynamic.txt	759cf5945d69313ab3546965eace2ecc08da5ab3-e4e48e37d8c767c7
SPEC-011-raspberry-pi-armv6	.build/contract-reports/spec-006/latest-macos-static.txt	759cf5945d69313ab3546965eace2ecc08da5ab3-e4e48e37d8c767c7
SPEC-011-raspberry-pi-armv6	.build/contract-reports/spec-006/latest-nrf52840-embedded.txt	b18da84a0622e2d24bfc1da8ce17fdf0c89faea7-2519f7ee7d9fd3e0
SPEC-011-raspberry-pi-armv6	.build/contract-reports/spec-006/latest-raspberry-pi-armv6.txt	759cf5945d69313ab3546965eace2ecc08da5ab3-e4e48e37d8c767c7
SPEC-011-raspberry-pi-armv6	.build/contract-reports/spec-007/latest-macos-dynamic.txt	759cf5945d69313ab3546965eace2ecc08da5ab3-9c9b7b98bfb72db1
SPEC-011-raspberry-pi-armv6	.build/contract-reports/spec-007/latest-macos-static.txt	759cf5945d69313ab3546965eace2ecc08da5ab3-9c9b7b98bfb72db1
SPEC-011-raspberry-pi-armv6	.build/contract-reports/spec-007/latest-nrf52840-embedded.txt	b18da84a0622e2d24bfc1da8ce17fdf0c89faea7-88e8f7d4bd213aaf
SPEC-011-raspberry-pi-armv6	.build/contract-reports/spec-007/latest-raspberry-pi-armv6.txt	759cf5945d69313ab3546965eace2ecc08da5ab3-9c9b7b98bfb72db1
SPEC-011-raspberry-pi-armv6	.build/contract-reports/spec-008/latest-macos-dynamic.txt	759cf5945d69313ab3546965eace2ecc08da5ab3-8c912bd577cac4a7
SPEC-011-raspberry-pi-armv6	.build/contract-reports/spec-008/latest-macos-static.txt	759cf5945d69313ab3546965eace2ecc08da5ab3-8c912bd577cac4a7
SPEC-011-raspberry-pi-armv6	.build/contract-reports/spec-008/latest-nrf52840-embedded.txt	b18da84a0622e2d24bfc1da8ce17fdf0c89faea7-cf3969a84328c135
SPEC-011-raspberry-pi-armv6	.build/contract-reports/spec-008/latest-raspberry-pi-armv6.txt	759cf5945d69313ab3546965eace2ecc08da5ab3-8c912bd577cac4a7
SPEC-011-raspberry-pi-armv6	.build/contract-reports/spec-009/latest-macos-dynamic.txt	759cf5945d69313ab3546965eace2ecc08da5ab3-54aaea69d783eaaa
SPEC-011-raspberry-pi-armv6	.build/contract-reports/spec-009/latest-macos-static.txt	759cf5945d69313ab3546965eace2ecc08da5ab3-54aaea69d783eaaa
SPEC-011-raspberry-pi-armv6	.build/contract-reports/spec-009/latest-nrf52840-embedded.txt	b18da84a0622e2d24bfc1da8ce17fdf0c89faea7-16973c7d29593fdf
SPEC-011-raspberry-pi-armv6	.build/contract-reports/spec-009/latest-raspberry-pi-armv6.txt	759cf5945d69313ab3546965eace2ecc08da5ab3-54aaea69d783eaaa
SPEC-011-raspberry-pi-armv6	.build/contract-reports/spec-010/latest-macos-dynamic.txt	759cf5945d69313ab3546965eace2ecc08da5ab3-f09fa73a6913497f
SPEC-011-raspberry-pi-armv6	.build/contract-reports/spec-010/latest-macos-static.txt	759cf5945d69313ab3546965eace2ecc08da5ab3-f09fa73a6913497f
SPEC-011-raspberry-pi-armv6	.build/contract-reports/spec-010/latest-nrf52840-embedded.txt	b18da84a0622e2d24bfc1da8ce17fdf0c89faea7-195b7e7bafcc2d2b
SPEC-011-raspberry-pi-armv6	.build/contract-reports/spec-010/latest-raspberry-pi-armv6.txt	759cf5945d69313ab3546965eace2ecc08da5ab3-f09fa73a6913497f
SPEC-011-raspberry-pi-armv6	.build/contract-reports/spec-011/latest-macos-dynamic.txt	759cf5945d69313ab3546965eace2ecc08da5ab3-d93a5691c785f107
SPEC-011-raspberry-pi-armv6	.build/contract-reports/spec-011/latest-macos-static.txt	759cf5945d69313ab3546965eace2ecc08da5ab3-d93a5691c785f107
SPEC-011-raspberry-pi-armv6	.build/contract-reports/spec-011/latest-nrf52840-embedded.txt	b18da84a0622e2d24bfc1da8ce17fdf0c89faea7-457fc7e1b9000afd
SPEC-011-raspberry-pi-armv6	.build/contract-reports/spec-011/latest-raspberry-pi-armv6.txt	759cf5945d69313ab3546965eace2ecc08da5ab3-d93a5691c785f107
SPEC-011-raspberry-pi-armv6	.build/contract-reports/spec-012/latest-macos-dynamic.txt	759cf5945d69313ab3546965eace2ecc08da5ab3-fc0aae9586267865
SPEC-011-raspberry-pi-armv6	.build/contract-reports/spec-012/latest-macos-static.txt	759cf5945d69313ab3546965eace2ecc08da5ab3-fc0aae9586267865
SPEC-011-raspberry-pi-armv6	.build/contract-reports/spec-012/latest-nrf52840-embedded.txt	b18da84a0622e2d24bfc1da8ce17fdf0c89faea7-1c61dbad1d952f9d
SPEC-011-raspberry-pi-armv6	.build/contract-reports/spec-012/latest-raspberry-pi-armv6.txt	b18da84a0622e2d24bfc1da8ce17fdf0c89faea7-1c61dbad1d952f9d
SPEC-011-raspberry-pi-armv6	.build/contract-reports/spec-013/latest-macos-dynamic.txt	759cf5945d69313ab3546965eace2ecc08da5ab3-d25973a2ebde9c96
SPEC-011-raspberry-pi-armv6	.build/contract-reports/spec-013/latest-macos-static.txt	759cf5945d69313ab3546965eace2ecc08da5ab3-d25973a2ebde9c96
SPEC-011-raspberry-pi-armv6	.build/contract-reports/spec-013/latest-nrf52840-embedded.txt	b18da84a0622e2d24bfc1da8ce17fdf0c89faea7-3011c2f2a2dbab33
SPEC-011-raspberry-pi-armv6	.build/contract-reports/spec-013/latest-raspberry-pi-armv6.txt	759cf5945d69313ab3546965eace2ecc08da5ab3-d25973a2ebde9c96
SPEC-011-raspberry-pi-armv6	.build/contract-reports/spec-015/latest-macos-dynamic.txt	759cf5945d69313ab3546965eace2ecc08da5ab3-d93a5691c785f107
SPEC-011-raspberry-pi-armv6	.build/contract-reports/spec-015/latest-macos-static.txt	759cf5945d69313ab3546965eace2ecc08da5ab3-d93a5691c785f107
SPEC-011-raspberry-pi-armv6	.build/contract-reports/spec-015/latest-nrf52840-embedded.txt	b18da84a0622e2d24bfc1da8ce17fdf0c89faea7-457fc7e1b9000afd
SPEC-011-raspberry-pi-armv6	.build/contract-reports/spec-015/latest-raspberry-pi-armv6.txt	759cf5945d69313ab3546965eace2ecc08da5ab3-d93a5691c785f107
published	/Users/eugene/work/GiftUI/.build/contract-reports/spec-012/759cf5945d69313ab3546965eace2ecc08da5ab3-fc0aae9586267865/raspberry-pi-armv6	759cf5945d69313ab3546965eace2ecc08da5ab3-fc0aae9586267865
SPEC-012-raspberry-pi-armv6	.build/contract-reports/spec-001/latest-macos-dynamic.txt	20261004T225647Z-28781
SPEC-012-raspberry-pi-armv6	.build/contract-reports/spec-001/latest-macos-static.txt	20261004T230354Z-41114
SPEC-012-raspberry-pi-armv6	.build/contract-reports/spec-001/latest-nrf52840-embedded.txt	20261004T144054Z-36978
SPEC-012-raspberry-pi-armv6	.build/contract-reports/spec-001/latest-raspberry-pi-armv6.txt	20261004T231058Z-53505
SPEC-012-raspberry-pi-armv6	.build/contract-reports/spec-002/latest-macos-dynamic.txt	759cf5945d69313ab3546965eace2ecc08da5ab3-d93a5691c785f107
SPEC-012-raspberry-pi-armv6	.build/contract-reports/spec-002/latest-macos-static.txt	759cf5945d69313ab3546965eace2ecc08da5ab3-d93a5691c785f107
SPEC-012-raspberry-pi-armv6	.build/contract-reports/spec-002/latest-nrf52840-embedded.txt	b18da84a0622e2d24bfc1da8ce17fdf0c89faea7-457fc7e1b9000afd
SPEC-012-raspberry-pi-armv6	.build/contract-reports/spec-002/latest-raspberry-pi-armv6.txt	759cf5945d69313ab3546965eace2ecc08da5ab3-d93a5691c785f107
SPEC-012-raspberry-pi-armv6	.build/contract-reports/spec-003/latest-macos-dynamic.txt	759cf5945d69313ab3546965eace2ecc08da5ab3-d93a5691c785f107
SPEC-012-raspberry-pi-armv6	.build/contract-reports/spec-003/latest-macos-static.txt	759cf5945d69313ab3546965eace2ecc08da5ab3-d93a5691c785f107
SPEC-012-raspberry-pi-armv6	.build/contract-reports/spec-003/latest-nrf52840-embedded.txt	b18da84a0622e2d24bfc1da8ce17fdf0c89faea7-457fc7e1b9000afd
SPEC-012-raspberry-pi-armv6	.build/contract-reports/spec-003/latest-raspberry-pi-armv6.txt	759cf5945d69313ab3546965eace2ecc08da5ab3-d93a5691c785f107
SPEC-012-raspberry-pi-armv6	.build/contract-reports/spec-004/latest-macos-dynamic.txt	759cf5945d69313ab3546965eace2ecc08da5ab3-d93a5691c785f107
SPEC-012-raspberry-pi-armv6	.build/contract-reports/spec-004/latest-macos-static.txt	759cf5945d69313ab3546965eace2ecc08da5ab3-d93a5691c785f107
SPEC-012-raspberry-pi-armv6	.build/contract-reports/spec-004/latest-nrf52840-embedded.txt	b18da84a0622e2d24bfc1da8ce17fdf0c89faea7-457fc7e1b9000afd
SPEC-012-raspberry-pi-armv6	.build/contract-reports/spec-004/latest-raspberry-pi-armv6.txt	759cf5945d69313ab3546965eace2ecc08da5ab3-d93a5691c785f107
SPEC-012-raspberry-pi-armv6	.build/contract-reports/spec-005/latest-macos-dynamic.txt	759cf5945d69313ab3546965eace2ecc08da5ab3-13497580cfa982fc
SPEC-012-raspberry-pi-armv6	.build/contract-reports/spec-005/latest-macos-static.txt	759cf5945d69313ab3546965eace2ecc08da5ab3-13497580cfa982fc
SPEC-012-raspberry-pi-armv6	.build/contract-reports/spec-005/latest-nrf52840-embedded.txt	b18da84a0622e2d24bfc1da8ce17fdf0c89faea7-91c75f621f54733c
SPEC-012-raspberry-pi-armv6	.build/contract-reports/spec-005/latest-raspberry-pi-armv6.txt	759cf5945d69313ab3546965eace2ecc08da5ab3-13497580cfa982fc
SPEC-012-raspberry-pi-armv6	.build/contract-reports/spec-006/latest-macos-dynamic.txt	759cf5945d69313ab3546965eace2ecc08da5ab3-e4e48e37d8c767c7
SPEC-012-raspberry-pi-armv6	.build/contract-reports/spec-006/latest-macos-static.txt	759cf5945d69313ab3546965eace2ecc08da5ab3-e4e48e37d8c767c7
SPEC-012-raspberry-pi-armv6	.build/contract-reports/spec-006/latest-nrf52840-embedded.txt	b18da84a0622e2d24bfc1da8ce17fdf0c89faea7-2519f7ee7d9fd3e0
SPEC-012-raspberry-pi-armv6	.build/contract-reports/spec-006/latest-raspberry-pi-armv6.txt	759cf5945d69313ab3546965eace2ecc08da5ab3-e4e48e37d8c767c7
SPEC-012-raspberry-pi-armv6	.build/contract-reports/spec-007/latest-macos-dynamic.txt	759cf5945d69313ab3546965eace2ecc08da5ab3-9c9b7b98bfb72db1
SPEC-012-raspberry-pi-armv6	.build/contract-reports/spec-007/latest-macos-static.txt	759cf5945d69313ab3546965eace2ecc08da5ab3-9c9b7b98bfb72db1
SPEC-012-raspberry-pi-armv6	.build/contract-reports/spec-007/latest-nrf52840-embedded.txt	b18da84a0622e2d24bfc1da8ce17fdf0c89faea7-88e8f7d4bd213aaf
SPEC-012-raspberry-pi-armv6	.build/contract-reports/spec-007/latest-raspberry-pi-armv6.txt	759cf5945d69313ab3546965eace2ecc08da5ab3-9c9b7b98bfb72db1
SPEC-012-raspberry-pi-armv6	.build/contract-reports/spec-008/latest-macos-dynamic.txt	759cf5945d69313ab3546965eace2ecc08da5ab3-8c912bd577cac4a7
SPEC-012-raspberry-pi-armv6	.build/contract-reports/spec-008/latest-macos-static.txt	759cf5945d69313ab3546965eace2ecc08da5ab3-8c912bd577cac4a7
SPEC-012-raspberry-pi-armv6	.build/contract-reports/spec-008/latest-nrf52840-embedded.txt	b18da84a0622e2d24bfc1da8ce17fdf0c89faea7-cf3969a84328c135
SPEC-012-raspberry-pi-armv6	.build/contract-reports/spec-008/latest-raspberry-pi-armv6.txt	759cf5945d69313ab3546965eace2ecc08da5ab3-8c912bd577cac4a7
SPEC-012-raspberry-pi-armv6	.build/contract-reports/spec-009/latest-macos-dynamic.txt	759cf5945d69313ab3546965eace2ecc08da5ab3-54aaea69d783eaaa
SPEC-012-raspberry-pi-armv6	.build/contract-reports/spec-009/latest-macos-static.txt	759cf5945d69313ab3546965eace2ecc08da5ab3-54aaea69d783eaaa
SPEC-012-raspberry-pi-armv6	.build/contract-reports/spec-009/latest-nrf52840-embedded.txt	b18da84a0622e2d24bfc1da8ce17fdf0c89faea7-16973c7d29593fdf
SPEC-012-raspberry-pi-armv6	.build/contract-reports/spec-009/latest-raspberry-pi-armv6.txt	759cf5945d69313ab3546965eace2ecc08da5ab3-54aaea69d783eaaa
SPEC-012-raspberry-pi-armv6	.build/contract-reports/spec-010/latest-macos-dynamic.txt	759cf5945d69313ab3546965eace2ecc08da5ab3-f09fa73a6913497f
SPEC-012-raspberry-pi-armv6	.build/contract-reports/spec-010/latest-macos-static.txt	759cf5945d69313ab3546965eace2ecc08da5ab3-f09fa73a6913497f
SPEC-012-raspberry-pi-armv6	.build/contract-reports/spec-010/latest-nrf52840-embedded.txt	b18da84a0622e2d24bfc1da8ce17fdf0c89faea7-195b7e7bafcc2d2b
SPEC-012-raspberry-pi-armv6	.build/contract-reports/spec-010/latest-raspberry-pi-armv6.txt	759cf5945d69313ab3546965eace2ecc08da5ab3-f09fa73a6913497f
SPEC-012-raspberry-pi-armv6	.build/contract-reports/spec-011/latest-macos-dynamic.txt	759cf5945d69313ab3546965eace2ecc08da5ab3-d93a5691c785f107
SPEC-012-raspberry-pi-armv6	.build/contract-reports/spec-011/latest-macos-static.txt	759cf5945d69313ab3546965eace2ecc08da5ab3-d93a5691c785f107
SPEC-012-raspberry-pi-armv6	.build/contract-reports/spec-011/latest-nrf52840-embedded.txt	b18da84a0622e2d24bfc1da8ce17fdf0c89faea7-457fc7e1b9000afd
SPEC-012-raspberry-pi-armv6	.build/contract-reports/spec-011/latest-raspberry-pi-armv6.txt	759cf5945d69313ab3546965eace2ecc08da5ab3-d93a5691c785f107
SPEC-012-raspberry-pi-armv6	.build/contract-reports/spec-012/latest-macos-dynamic.txt	759cf5945d69313ab3546965eace2ecc08da5ab3-fc0aae9586267865
SPEC-012-raspberry-pi-armv6	.build/contract-reports/spec-012/latest-macos-static.txt	759cf5945d69313ab3546965eace2ecc08da5ab3-fc0aae9586267865
SPEC-012-raspberry-pi-armv6	.build/contract-reports/spec-012/latest-nrf52840-embedded.txt	b18da84a0622e2d24bfc1da8ce17fdf0c89faea7-1c61dbad1d952f9d
SPEC-012-raspberry-pi-armv6	.build/contract-reports/spec-012/latest-raspberry-pi-armv6.txt	759cf5945d69313ab3546965eace2ecc08da5ab3-fc0aae9586267865
SPEC-012-raspberry-pi-armv6	.build/contract-reports/spec-013/latest-macos-dynamic.txt	759cf5945d69313ab3546965eace2ecc08da5ab3-d25973a2ebde9c96
SPEC-012-raspberry-pi-armv6	.build/contract-reports/spec-013/latest-macos-static.txt	759cf5945d69313ab3546965eace2ecc08da5ab3-d25973a2ebde9c96
SPEC-012-raspberry-pi-armv6	.build/contract-reports/spec-013/latest-nrf52840-embedded.txt	b18da84a0622e2d24bfc1da8ce17fdf0c89faea7-3011c2f2a2dbab33
SPEC-012-raspberry-pi-armv6	.build/contract-reports/spec-013/latest-raspberry-pi-armv6.txt	759cf5945d69313ab3546965eace2ecc08da5ab3-d25973a2ebde9c96
SPEC-012-raspberry-pi-armv6	.build/contract-reports/spec-015/latest-macos-dynamic.txt	759cf5945d69313ab3546965eace2ecc08da5ab3-d93a5691c785f107
SPEC-012-raspberry-pi-armv6	.build/contract-reports/spec-015/latest-macos-static.txt	759cf5945d69313ab3546965eace2ecc08da5ab3-d93a5691c785f107
SPEC-012-raspberry-pi-armv6	.build/contract-reports/spec-015/latest-nrf52840-embedded.txt	b18da84a0622e2d24bfc1da8ce17fdf0c89faea7-457fc7e1b9000afd
SPEC-012-raspberry-pi-armv6	.build/contract-reports/spec-015/latest-raspberry-pi-armv6.txt	759cf5945d69313ab3546965eace2ecc08da5ab3-d93a5691c785f107
SPEC-013-raspberry-pi-armv6	.build/contract-reports/spec-001/latest-macos-dynamic.txt	20261004T225647Z-28781
SPEC-013-raspberry-pi-armv6	.build/contract-reports/spec-001/latest-macos-static.txt	20261004T230354Z-41114
SPEC-013-raspberry-pi-armv6	.build/contract-reports/spec-001/latest-nrf52840-embedded.txt	20261004T144054Z-36978
SPEC-013-raspberry-pi-armv6	.build/contract-reports/spec-001/latest-raspberry-pi-armv6.txt	20261004T231058Z-53505
SPEC-013-raspberry-pi-armv6	.build/contract-reports/spec-002/latest-macos-dynamic.txt	759cf5945d69313ab3546965eace2ecc08da5ab3-d93a5691c785f107
SPEC-013-raspberry-pi-armv6	.build/contract-reports/spec-002/latest-macos-static.txt	759cf5945d69313ab3546965eace2ecc08da5ab3-d93a5691c785f107
SPEC-013-raspberry-pi-armv6	.build/contract-reports/spec-002/latest-nrf52840-embedded.txt	b18da84a0622e2d24bfc1da8ce17fdf0c89faea7-457fc7e1b9000afd
SPEC-013-raspberry-pi-armv6	.build/contract-reports/spec-002/latest-raspberry-pi-armv6.txt	759cf5945d69313ab3546965eace2ecc08da5ab3-d93a5691c785f107
SPEC-013-raspberry-pi-armv6	.build/contract-reports/spec-003/latest-macos-dynamic.txt	759cf5945d69313ab3546965eace2ecc08da5ab3-d93a5691c785f107
SPEC-013-raspberry-pi-armv6	.build/contract-reports/spec-003/latest-macos-static.txt	759cf5945d69313ab3546965eace2ecc08da5ab3-d93a5691c785f107
SPEC-013-raspberry-pi-armv6	.build/contract-reports/spec-003/latest-nrf52840-embedded.txt	b18da84a0622e2d24bfc1da8ce17fdf0c89faea7-457fc7e1b9000afd
SPEC-013-raspberry-pi-armv6	.build/contract-reports/spec-003/latest-raspberry-pi-armv6.txt	759cf5945d69313ab3546965eace2ecc08da5ab3-d93a5691c785f107
SPEC-013-raspberry-pi-armv6	.build/contract-reports/spec-004/latest-macos-dynamic.txt	759cf5945d69313ab3546965eace2ecc08da5ab3-d93a5691c785f107
SPEC-013-raspberry-pi-armv6	.build/contract-reports/spec-004/latest-macos-static.txt	759cf5945d69313ab3546965eace2ecc08da5ab3-d93a5691c785f107
SPEC-013-raspberry-pi-armv6	.build/contract-reports/spec-004/latest-nrf52840-embedded.txt	b18da84a0622e2d24bfc1da8ce17fdf0c89faea7-457fc7e1b9000afd
SPEC-013-raspberry-pi-armv6	.build/contract-reports/spec-004/latest-raspberry-pi-armv6.txt	759cf5945d69313ab3546965eace2ecc08da5ab3-d93a5691c785f107
SPEC-013-raspberry-pi-armv6	.build/contract-reports/spec-005/latest-macos-dynamic.txt	759cf5945d69313ab3546965eace2ecc08da5ab3-13497580cfa982fc
SPEC-013-raspberry-pi-armv6	.build/contract-reports/spec-005/latest-macos-static.txt	759cf5945d69313ab3546965eace2ecc08da5ab3-13497580cfa982fc
SPEC-013-raspberry-pi-armv6	.build/contract-reports/spec-005/latest-nrf52840-embedded.txt	b18da84a0622e2d24bfc1da8ce17fdf0c89faea7-91c75f621f54733c
SPEC-013-raspberry-pi-armv6	.build/contract-reports/spec-005/latest-raspberry-pi-armv6.txt	759cf5945d69313ab3546965eace2ecc08da5ab3-13497580cfa982fc
SPEC-013-raspberry-pi-armv6	.build/contract-reports/spec-006/latest-macos-dynamic.txt	759cf5945d69313ab3546965eace2ecc08da5ab3-e4e48e37d8c767c7
SPEC-013-raspberry-pi-armv6	.build/contract-reports/spec-006/latest-macos-static.txt	759cf5945d69313ab3546965eace2ecc08da5ab3-e4e48e37d8c767c7
SPEC-013-raspberry-pi-armv6	.build/contract-reports/spec-006/latest-nrf52840-embedded.txt	b18da84a0622e2d24bfc1da8ce17fdf0c89faea7-2519f7ee7d9fd3e0
SPEC-013-raspberry-pi-armv6	.build/contract-reports/spec-006/latest-raspberry-pi-armv6.txt	759cf5945d69313ab3546965eace2ecc08da5ab3-e4e48e37d8c767c7
SPEC-013-raspberry-pi-armv6	.build/contract-reports/spec-007/latest-macos-dynamic.txt	759cf5945d69313ab3546965eace2ecc08da5ab3-9c9b7b98bfb72db1
SPEC-013-raspberry-pi-armv6	.build/contract-reports/spec-007/latest-macos-static.txt	759cf5945d69313ab3546965eace2ecc08da5ab3-9c9b7b98bfb72db1
SPEC-013-raspberry-pi-armv6	.build/contract-reports/spec-007/latest-nrf52840-embedded.txt	b18da84a0622e2d24bfc1da8ce17fdf0c89faea7-88e8f7d4bd213aaf
SPEC-013-raspberry-pi-armv6	.build/contract-reports/spec-007/latest-raspberry-pi-armv6.txt	759cf5945d69313ab3546965eace2ecc08da5ab3-9c9b7b98bfb72db1
SPEC-013-raspberry-pi-armv6	.build/contract-reports/spec-008/latest-macos-dynamic.txt	759cf5945d69313ab3546965eace2ecc08da5ab3-8c912bd577cac4a7
SPEC-013-raspberry-pi-armv6	.build/contract-reports/spec-008/latest-macos-static.txt	759cf5945d69313ab3546965eace2ecc08da5ab3-8c912bd577cac4a7
SPEC-013-raspberry-pi-armv6	.build/contract-reports/spec-008/latest-nrf52840-embedded.txt	b18da84a0622e2d24bfc1da8ce17fdf0c89faea7-cf3969a84328c135
SPEC-013-raspberry-pi-armv6	.build/contract-reports/spec-008/latest-raspberry-pi-armv6.txt	759cf5945d69313ab3546965eace2ecc08da5ab3-8c912bd577cac4a7
SPEC-013-raspberry-pi-armv6	.build/contract-reports/spec-009/latest-macos-dynamic.txt	759cf5945d69313ab3546965eace2ecc08da5ab3-54aaea69d783eaaa
SPEC-013-raspberry-pi-armv6	.build/contract-reports/spec-009/latest-macos-static.txt	759cf5945d69313ab3546965eace2ecc08da5ab3-54aaea69d783eaaa
SPEC-013-raspberry-pi-armv6	.build/contract-reports/spec-009/latest-nrf52840-embedded.txt	b18da84a0622e2d24bfc1da8ce17fdf0c89faea7-16973c7d29593fdf
SPEC-013-raspberry-pi-armv6	.build/contract-reports/spec-009/latest-raspberry-pi-armv6.txt	759cf5945d69313ab3546965eace2ecc08da5ab3-54aaea69d783eaaa
SPEC-013-raspberry-pi-armv6	.build/contract-reports/spec-010/latest-macos-dynamic.txt	759cf5945d69313ab3546965eace2ecc08da5ab3-f09fa73a6913497f
SPEC-013-raspberry-pi-armv6	.build/contract-reports/spec-010/latest-macos-static.txt	759cf5945d69313ab3546965eace2ecc08da5ab3-f09fa73a6913497f
SPEC-013-raspberry-pi-armv6	.build/contract-reports/spec-010/latest-nrf52840-embedded.txt	b18da84a0622e2d24bfc1da8ce17fdf0c89faea7-195b7e7bafcc2d2b
SPEC-013-raspberry-pi-armv6	.build/contract-reports/spec-010/latest-raspberry-pi-armv6.txt	759cf5945d69313ab3546965eace2ecc08da5ab3-f09fa73a6913497f
SPEC-013-raspberry-pi-armv6	.build/contract-reports/spec-011/latest-macos-dynamic.txt	759cf5945d69313ab3546965eace2ecc08da5ab3-d93a5691c785f107
SPEC-013-raspberry-pi-armv6	.build/contract-reports/spec-011/latest-macos-static.txt	759cf5945d69313ab3546965eace2ecc08da5ab3-d93a5691c785f107
SPEC-013-raspberry-pi-armv6	.build/contract-reports/spec-011/latest-nrf52840-embedded.txt	b18da84a0622e2d24bfc1da8ce17fdf0c89faea7-457fc7e1b9000afd
SPEC-013-raspberry-pi-armv6	.build/contract-reports/spec-011/latest-raspberry-pi-armv6.txt	759cf5945d69313ab3546965eace2ecc08da5ab3-d93a5691c785f107
SPEC-013-raspberry-pi-armv6	.build/contract-reports/spec-012/latest-macos-dynamic.txt	759cf5945d69313ab3546965eace2ecc08da5ab3-fc0aae9586267865
SPEC-013-raspberry-pi-armv6	.build/contract-reports/spec-012/latest-macos-static.txt	759cf5945d69313ab3546965eace2ecc08da5ab3-fc0aae9586267865
SPEC-013-raspberry-pi-armv6	.build/contract-reports/spec-012/latest-nrf52840-embedded.txt	b18da84a0622e2d24bfc1da8ce17fdf0c89faea7-1c61dbad1d952f9d
SPEC-013-raspberry-pi-armv6	.build/contract-reports/spec-012/latest-raspberry-pi-armv6.txt	759cf5945d69313ab3546965eace2ecc08da5ab3-fc0aae9586267865
SPEC-013-raspberry-pi-armv6	.build/contract-reports/spec-013/latest-macos-dynamic.txt	759cf5945d69313ab3546965eace2ecc08da5ab3-d25973a2ebde9c96
SPEC-013-raspberry-pi-armv6	.build/contract-reports/spec-013/latest-macos-static.txt	759cf5945d69313ab3546965eace2ecc08da5ab3-d25973a2ebde9c96
SPEC-013-raspberry-pi-armv6	.build/contract-reports/spec-013/latest-nrf52840-embedded.txt	b18da84a0622e2d24bfc1da8ce17fdf0c89faea7-3011c2f2a2dbab33
SPEC-013-raspberry-pi-armv6	.build/contract-reports/spec-013/latest-raspberry-pi-armv6.txt	759cf5945d69313ab3546965eace2ecc08da5ab3-d25973a2ebde9c96
SPEC-013-raspberry-pi-armv6	.build/contract-reports/spec-015/latest-macos-dynamic.txt	759cf5945d69313ab3546965eace2ecc08da5ab3-d93a5691c785f107
SPEC-013-raspberry-pi-armv6	.build/contract-reports/spec-015/latest-macos-static.txt	759cf5945d69313ab3546965eace2ecc08da5ab3-d93a5691c785f107
SPEC-013-raspberry-pi-armv6	.build/contract-reports/spec-015/latest-nrf52840-embedded.txt	b18da84a0622e2d24bfc1da8ce17fdf0c89faea7-457fc7e1b9000afd
SPEC-013-raspberry-pi-armv6	.build/contract-reports/spec-015/latest-raspberry-pi-armv6.txt	759cf5945d69313ab3546965eace2ecc08da5ab3-d93a5691c785f107
published	/Users/eugene/work/GiftUI/.build/spec-014/reports/759cf5945d69313ab3546965eace2ecc08da5ab3-145c16b3b1e9a369/raspberry-pi-armv6	759cf5945d69313ab3546965eace2ecc08da5ab3-145c16b3b1e9a369
SPEC-014-raspberry-pi-armv6	.build/contract-reports/spec-001/latest-macos-dynamic.txt	20261004T225647Z-28781
SPEC-014-raspberry-pi-armv6	.build/contract-reports/spec-001/latest-macos-static.txt	20261004T230354Z-41114
SPEC-014-raspberry-pi-armv6	.build/contract-reports/spec-001/latest-nrf52840-embedded.txt	20261004T144054Z-36978
SPEC-014-raspberry-pi-armv6	.build/contract-reports/spec-001/latest-raspberry-pi-armv6.txt	20261004T231058Z-53505
SPEC-014-raspberry-pi-armv6	.build/contract-reports/spec-002/latest-macos-dynamic.txt	759cf5945d69313ab3546965eace2ecc08da5ab3-d93a5691c785f107
SPEC-014-raspberry-pi-armv6	.build/contract-reports/spec-002/latest-macos-static.txt	759cf5945d69313ab3546965eace2ecc08da5ab3-d93a5691c785f107
SPEC-014-raspberry-pi-armv6	.build/contract-reports/spec-002/latest-nrf52840-embedded.txt	b18da84a0622e2d24bfc1da8ce17fdf0c89faea7-457fc7e1b9000afd
SPEC-014-raspberry-pi-armv6	.build/contract-reports/spec-002/latest-raspberry-pi-armv6.txt	759cf5945d69313ab3546965eace2ecc08da5ab3-d93a5691c785f107
SPEC-014-raspberry-pi-armv6	.build/contract-reports/spec-003/latest-macos-dynamic.txt	759cf5945d69313ab3546965eace2ecc08da5ab3-d93a5691c785f107
SPEC-014-raspberry-pi-armv6	.build/contract-reports/spec-003/latest-macos-static.txt	759cf5945d69313ab3546965eace2ecc08da5ab3-d93a5691c785f107
SPEC-014-raspberry-pi-armv6	.build/contract-reports/spec-003/latest-nrf52840-embedded.txt	b18da84a0622e2d24bfc1da8ce17fdf0c89faea7-457fc7e1b9000afd
SPEC-014-raspberry-pi-armv6	.build/contract-reports/spec-003/latest-raspberry-pi-armv6.txt	759cf5945d69313ab3546965eace2ecc08da5ab3-d93a5691c785f107
SPEC-014-raspberry-pi-armv6	.build/contract-reports/spec-004/latest-macos-dynamic.txt	759cf5945d69313ab3546965eace2ecc08da5ab3-d93a5691c785f107
SPEC-014-raspberry-pi-armv6	.build/contract-reports/spec-004/latest-macos-static.txt	759cf5945d69313ab3546965eace2ecc08da5ab3-d93a5691c785f107
SPEC-014-raspberry-pi-armv6	.build/contract-reports/spec-004/latest-nrf52840-embedded.txt	b18da84a0622e2d24bfc1da8ce17fdf0c89faea7-457fc7e1b9000afd
SPEC-014-raspberry-pi-armv6	.build/contract-reports/spec-004/latest-raspberry-pi-armv6.txt	759cf5945d69313ab3546965eace2ecc08da5ab3-d93a5691c785f107
SPEC-014-raspberry-pi-armv6	.build/contract-reports/spec-005/latest-macos-dynamic.txt	759cf5945d69313ab3546965eace2ecc08da5ab3-13497580cfa982fc
SPEC-014-raspberry-pi-armv6	.build/contract-reports/spec-005/latest-macos-static.txt	759cf5945d69313ab3546965eace2ecc08da5ab3-13497580cfa982fc
SPEC-014-raspberry-pi-armv6	.build/contract-reports/spec-005/latest-nrf52840-embedded.txt	b18da84a0622e2d24bfc1da8ce17fdf0c89faea7-91c75f621f54733c
SPEC-014-raspberry-pi-armv6	.build/contract-reports/spec-005/latest-raspberry-pi-armv6.txt	759cf5945d69313ab3546965eace2ecc08da5ab3-13497580cfa982fc
SPEC-014-raspberry-pi-armv6	.build/contract-reports/spec-006/latest-macos-dynamic.txt	759cf5945d69313ab3546965eace2ecc08da5ab3-e4e48e37d8c767c7
SPEC-014-raspberry-pi-armv6	.build/contract-reports/spec-006/latest-macos-static.txt	759cf5945d69313ab3546965eace2ecc08da5ab3-e4e48e37d8c767c7
SPEC-014-raspberry-pi-armv6	.build/contract-reports/spec-006/latest-nrf52840-embedded.txt	b18da84a0622e2d24bfc1da8ce17fdf0c89faea7-2519f7ee7d9fd3e0
SPEC-014-raspberry-pi-armv6	.build/contract-reports/spec-006/latest-raspberry-pi-armv6.txt	759cf5945d69313ab3546965eace2ecc08da5ab3-e4e48e37d8c767c7
SPEC-014-raspberry-pi-armv6	.build/contract-reports/spec-007/latest-macos-dynamic.txt	759cf5945d69313ab3546965eace2ecc08da5ab3-9c9b7b98bfb72db1
SPEC-014-raspberry-pi-armv6	.build/contract-reports/spec-007/latest-macos-static.txt	759cf5945d69313ab3546965eace2ecc08da5ab3-9c9b7b98bfb72db1
SPEC-014-raspberry-pi-armv6	.build/contract-reports/spec-007/latest-nrf52840-embedded.txt	b18da84a0622e2d24bfc1da8ce17fdf0c89faea7-88e8f7d4bd213aaf
SPEC-014-raspberry-pi-armv6	.build/contract-reports/spec-007/latest-raspberry-pi-armv6.txt	759cf5945d69313ab3546965eace2ecc08da5ab3-9c9b7b98bfb72db1
SPEC-014-raspberry-pi-armv6	.build/contract-reports/spec-008/latest-macos-dynamic.txt	759cf5945d69313ab3546965eace2ecc08da5ab3-8c912bd577cac4a7
SPEC-014-raspberry-pi-armv6	.build/contract-reports/spec-008/latest-macos-static.txt	759cf5945d69313ab3546965eace2ecc08da5ab3-8c912bd577cac4a7
SPEC-014-raspberry-pi-armv6	.build/contract-reports/spec-008/latest-nrf52840-embedded.txt	b18da84a0622e2d24bfc1da8ce17fdf0c89faea7-cf3969a84328c135
SPEC-014-raspberry-pi-armv6	.build/contract-reports/spec-008/latest-raspberry-pi-armv6.txt	759cf5945d69313ab3546965eace2ecc08da5ab3-8c912bd577cac4a7
SPEC-014-raspberry-pi-armv6	.build/contract-reports/spec-009/latest-macos-dynamic.txt	759cf5945d69313ab3546965eace2ecc08da5ab3-54aaea69d783eaaa
SPEC-014-raspberry-pi-armv6	.build/contract-reports/spec-009/latest-macos-static.txt	759cf5945d69313ab3546965eace2ecc08da5ab3-54aaea69d783eaaa
SPEC-014-raspberry-pi-armv6	.build/contract-reports/spec-009/latest-nrf52840-embedded.txt	b18da84a0622e2d24bfc1da8ce17fdf0c89faea7-16973c7d29593fdf
SPEC-014-raspberry-pi-armv6	.build/contract-reports/spec-009/latest-raspberry-pi-armv6.txt	759cf5945d69313ab3546965eace2ecc08da5ab3-54aaea69d783eaaa
SPEC-014-raspberry-pi-armv6	.build/contract-reports/spec-010/latest-macos-dynamic.txt	759cf5945d69313ab3546965eace2ecc08da5ab3-f09fa73a6913497f
SPEC-014-raspberry-pi-armv6	.build/contract-reports/spec-010/latest-macos-static.txt	759cf5945d69313ab3546965eace2ecc08da5ab3-f09fa73a6913497f
SPEC-014-raspberry-pi-armv6	.build/contract-reports/spec-010/latest-nrf52840-embedded.txt	b18da84a0622e2d24bfc1da8ce17fdf0c89faea7-195b7e7bafcc2d2b
SPEC-014-raspberry-pi-armv6	.build/contract-reports/spec-010/latest-raspberry-pi-armv6.txt	759cf5945d69313ab3546965eace2ecc08da5ab3-f09fa73a6913497f
SPEC-014-raspberry-pi-armv6	.build/contract-reports/spec-011/latest-macos-dynamic.txt	759cf5945d69313ab3546965eace2ecc08da5ab3-d93a5691c785f107
SPEC-014-raspberry-pi-armv6	.build/contract-reports/spec-011/latest-macos-static.txt	759cf5945d69313ab3546965eace2ecc08da5ab3-d93a5691c785f107
SPEC-014-raspberry-pi-armv6	.build/contract-reports/spec-011/latest-nrf52840-embedded.txt	b18da84a0622e2d24bfc1da8ce17fdf0c89faea7-457fc7e1b9000afd
SPEC-014-raspberry-pi-armv6	.build/contract-reports/spec-011/latest-raspberry-pi-armv6.txt	759cf5945d69313ab3546965eace2ecc08da5ab3-d93a5691c785f107
SPEC-014-raspberry-pi-armv6	.build/contract-reports/spec-012/latest-macos-dynamic.txt	759cf5945d69313ab3546965eace2ecc08da5ab3-fc0aae9586267865
SPEC-014-raspberry-pi-armv6	.build/contract-reports/spec-012/latest-macos-static.txt	759cf5945d69313ab3546965eace2ecc08da5ab3-fc0aae9586267865
SPEC-014-raspberry-pi-armv6	.build/contract-reports/spec-012/latest-nrf52840-embedded.txt	b18da84a0622e2d24bfc1da8ce17fdf0c89faea7-1c61dbad1d952f9d
SPEC-014-raspberry-pi-armv6	.build/contract-reports/spec-012/latest-raspberry-pi-armv6.txt	759cf5945d69313ab3546965eace2ecc08da5ab3-fc0aae9586267865
SPEC-014-raspberry-pi-armv6	.build/contract-reports/spec-013/latest-macos-dynamic.txt	759cf5945d69313ab3546965eace2ecc08da5ab3-d25973a2ebde9c96
SPEC-014-raspberry-pi-armv6	.build/contract-reports/spec-013/latest-macos-static.txt	759cf5945d69313ab3546965eace2ecc08da5ab3-d25973a2ebde9c96
SPEC-014-raspberry-pi-armv6	.build/contract-reports/spec-013/latest-nrf52840-embedded.txt	b18da84a0622e2d24bfc1da8ce17fdf0c89faea7-3011c2f2a2dbab33
SPEC-014-raspberry-pi-armv6	.build/contract-reports/spec-013/latest-raspberry-pi-armv6.txt	759cf5945d69313ab3546965eace2ecc08da5ab3-d25973a2ebde9c96
SPEC-014-raspberry-pi-armv6	.build/contract-reports/spec-015/latest-macos-dynamic.txt	759cf5945d69313ab3546965eace2ecc08da5ab3-d93a5691c785f107
SPEC-014-raspberry-pi-armv6	.build/contract-reports/spec-015/latest-macos-static.txt	759cf5945d69313ab3546965eace2ecc08da5ab3-d93a5691c785f107
SPEC-014-raspberry-pi-armv6	.build/contract-reports/spec-015/latest-nrf52840-embedded.txt	b18da84a0622e2d24bfc1da8ce17fdf0c89faea7-457fc7e1b9000afd
SPEC-014-raspberry-pi-armv6	.build/contract-reports/spec-015/latest-raspberry-pi-armv6.txt	759cf5945d69313ab3546965eace2ecc08da5ab3-d93a5691c785f107
SPEC-015-raspberry-pi-armv6	.build/contract-reports/spec-001/latest-macos-dynamic.txt	20261004T225647Z-28781
SPEC-015-raspberry-pi-armv6	.build/contract-reports/spec-001/latest-macos-static.txt	20261004T230354Z-41114
SPEC-015-raspberry-pi-armv6	.build/contract-reports/spec-001/latest-nrf52840-embedded.txt	20261004T144054Z-36978
SPEC-015-raspberry-pi-armv6	.build/contract-reports/spec-001/latest-raspberry-pi-armv6.txt	20261004T231058Z-53505
SPEC-015-raspberry-pi-armv6	.build/contract-reports/spec-002/latest-macos-dynamic.txt	759cf5945d69313ab3546965eace2ecc08da5ab3-d93a5691c785f107
SPEC-015-raspberry-pi-armv6	.build/contract-reports/spec-002/latest-macos-static.txt	759cf5945d69313ab3546965eace2ecc08da5ab3-d93a5691c785f107
SPEC-015-raspberry-pi-armv6	.build/contract-reports/spec-002/latest-nrf52840-embedded.txt	b18da84a0622e2d24bfc1da8ce17fdf0c89faea7-457fc7e1b9000afd
SPEC-015-raspberry-pi-armv6	.build/contract-reports/spec-002/latest-raspberry-pi-armv6.txt	759cf5945d69313ab3546965eace2ecc08da5ab3-d93a5691c785f107
SPEC-015-raspberry-pi-armv6	.build/contract-reports/spec-003/latest-macos-dynamic.txt	759cf5945d69313ab3546965eace2ecc08da5ab3-d93a5691c785f107
SPEC-015-raspberry-pi-armv6	.build/contract-reports/spec-003/latest-macos-static.txt	759cf5945d69313ab3546965eace2ecc08da5ab3-d93a5691c785f107
SPEC-015-raspberry-pi-armv6	.build/contract-reports/spec-003/latest-nrf52840-embedded.txt	b18da84a0622e2d24bfc1da8ce17fdf0c89faea7-457fc7e1b9000afd
SPEC-015-raspberry-pi-armv6	.build/contract-reports/spec-003/latest-raspberry-pi-armv6.txt	759cf5945d69313ab3546965eace2ecc08da5ab3-d93a5691c785f107
SPEC-015-raspberry-pi-armv6	.build/contract-reports/spec-004/latest-macos-dynamic.txt	759cf5945d69313ab3546965eace2ecc08da5ab3-d93a5691c785f107
SPEC-015-raspberry-pi-armv6	.build/contract-reports/spec-004/latest-macos-static.txt	759cf5945d69313ab3546965eace2ecc08da5ab3-d93a5691c785f107
SPEC-015-raspberry-pi-armv6	.build/contract-reports/spec-004/latest-nrf52840-embedded.txt	b18da84a0622e2d24bfc1da8ce17fdf0c89faea7-457fc7e1b9000afd
SPEC-015-raspberry-pi-armv6	.build/contract-reports/spec-004/latest-raspberry-pi-armv6.txt	759cf5945d69313ab3546965eace2ecc08da5ab3-d93a5691c785f107
SPEC-015-raspberry-pi-armv6	.build/contract-reports/spec-005/latest-macos-dynamic.txt	759cf5945d69313ab3546965eace2ecc08da5ab3-13497580cfa982fc
SPEC-015-raspberry-pi-armv6	.build/contract-reports/spec-005/latest-macos-static.txt	759cf5945d69313ab3546965eace2ecc08da5ab3-13497580cfa982fc
SPEC-015-raspberry-pi-armv6	.build/contract-reports/spec-005/latest-nrf52840-embedded.txt	b18da84a0622e2d24bfc1da8ce17fdf0c89faea7-91c75f621f54733c
SPEC-015-raspberry-pi-armv6	.build/contract-reports/spec-005/latest-raspberry-pi-armv6.txt	759cf5945d69313ab3546965eace2ecc08da5ab3-13497580cfa982fc
SPEC-015-raspberry-pi-armv6	.build/contract-reports/spec-006/latest-macos-dynamic.txt	759cf5945d69313ab3546965eace2ecc08da5ab3-e4e48e37d8c767c7
SPEC-015-raspberry-pi-armv6	.build/contract-reports/spec-006/latest-macos-static.txt	759cf5945d69313ab3546965eace2ecc08da5ab3-e4e48e37d8c767c7
SPEC-015-raspberry-pi-armv6	.build/contract-reports/spec-006/latest-nrf52840-embedded.txt	b18da84a0622e2d24bfc1da8ce17fdf0c89faea7-2519f7ee7d9fd3e0
SPEC-015-raspberry-pi-armv6	.build/contract-reports/spec-006/latest-raspberry-pi-armv6.txt	759cf5945d69313ab3546965eace2ecc08da5ab3-e4e48e37d8c767c7
SPEC-015-raspberry-pi-armv6	.build/contract-reports/spec-007/latest-macos-dynamic.txt	759cf5945d69313ab3546965eace2ecc08da5ab3-9c9b7b98bfb72db1
SPEC-015-raspberry-pi-armv6	.build/contract-reports/spec-007/latest-macos-static.txt	759cf5945d69313ab3546965eace2ecc08da5ab3-9c9b7b98bfb72db1
SPEC-015-raspberry-pi-armv6	.build/contract-reports/spec-007/latest-nrf52840-embedded.txt	b18da84a0622e2d24bfc1da8ce17fdf0c89faea7-88e8f7d4bd213aaf
SPEC-015-raspberry-pi-armv6	.build/contract-reports/spec-007/latest-raspberry-pi-armv6.txt	759cf5945d69313ab3546965eace2ecc08da5ab3-9c9b7b98bfb72db1
SPEC-015-raspberry-pi-armv6	.build/contract-reports/spec-008/latest-macos-dynamic.txt	759cf5945d69313ab3546965eace2ecc08da5ab3-8c912bd577cac4a7
SPEC-015-raspberry-pi-armv6	.build/contract-reports/spec-008/latest-macos-static.txt	759cf5945d69313ab3546965eace2ecc08da5ab3-8c912bd577cac4a7
SPEC-015-raspberry-pi-armv6	.build/contract-reports/spec-008/latest-nrf52840-embedded.txt	b18da84a0622e2d24bfc1da8ce17fdf0c89faea7-cf3969a84328c135
SPEC-015-raspberry-pi-armv6	.build/contract-reports/spec-008/latest-raspberry-pi-armv6.txt	759cf5945d69313ab3546965eace2ecc08da5ab3-8c912bd577cac4a7
SPEC-015-raspberry-pi-armv6	.build/contract-reports/spec-009/latest-macos-dynamic.txt	759cf5945d69313ab3546965eace2ecc08da5ab3-54aaea69d783eaaa
SPEC-015-raspberry-pi-armv6	.build/contract-reports/spec-009/latest-macos-static.txt	759cf5945d69313ab3546965eace2ecc08da5ab3-54aaea69d783eaaa
SPEC-015-raspberry-pi-armv6	.build/contract-reports/spec-009/latest-nrf52840-embedded.txt	b18da84a0622e2d24bfc1da8ce17fdf0c89faea7-16973c7d29593fdf
SPEC-015-raspberry-pi-armv6	.build/contract-reports/spec-009/latest-raspberry-pi-armv6.txt	759cf5945d69313ab3546965eace2ecc08da5ab3-54aaea69d783eaaa
SPEC-015-raspberry-pi-armv6	.build/contract-reports/spec-010/latest-macos-dynamic.txt	759cf5945d69313ab3546965eace2ecc08da5ab3-f09fa73a6913497f
SPEC-015-raspberry-pi-armv6	.build/contract-reports/spec-010/latest-macos-static.txt	759cf5945d69313ab3546965eace2ecc08da5ab3-f09fa73a6913497f
SPEC-015-raspberry-pi-armv6	.build/contract-reports/spec-010/latest-nrf52840-embedded.txt	b18da84a0622e2d24bfc1da8ce17fdf0c89faea7-195b7e7bafcc2d2b
SPEC-015-raspberry-pi-armv6	.build/contract-reports/spec-010/latest-raspberry-pi-armv6.txt	759cf5945d69313ab3546965eace2ecc08da5ab3-f09fa73a6913497f
SPEC-015-raspberry-pi-armv6	.build/contract-reports/spec-011/latest-macos-dynamic.txt	759cf5945d69313ab3546965eace2ecc08da5ab3-d93a5691c785f107
SPEC-015-raspberry-pi-armv6	.build/contract-reports/spec-011/latest-macos-static.txt	759cf5945d69313ab3546965eace2ecc08da5ab3-d93a5691c785f107
SPEC-015-raspberry-pi-armv6	.build/contract-reports/spec-011/latest-nrf52840-embedded.txt	b18da84a0622e2d24bfc1da8ce17fdf0c89faea7-457fc7e1b9000afd
SPEC-015-raspberry-pi-armv6	.build/contract-reports/spec-011/latest-raspberry-pi-armv6.txt	759cf5945d69313ab3546965eace2ecc08da5ab3-d93a5691c785f107
SPEC-015-raspberry-pi-armv6	.build/contract-reports/spec-012/latest-macos-dynamic.txt	759cf5945d69313ab3546965eace2ecc08da5ab3-fc0aae9586267865
SPEC-015-raspberry-pi-armv6	.build/contract-reports/spec-012/latest-macos-static.txt	759cf5945d69313ab3546965eace2ecc08da5ab3-fc0aae9586267865
SPEC-015-raspberry-pi-armv6	.build/contract-reports/spec-012/latest-nrf52840-embedded.txt	b18da84a0622e2d24bfc1da8ce17fdf0c89faea7-1c61dbad1d952f9d
SPEC-015-raspberry-pi-armv6	.build/contract-reports/spec-012/latest-raspberry-pi-armv6.txt	759cf5945d69313ab3546965eace2ecc08da5ab3-fc0aae9586267865
SPEC-015-raspberry-pi-armv6	.build/contract-reports/spec-013/latest-macos-dynamic.txt	759cf5945d69313ab3546965eace2ecc08da5ab3-d25973a2ebde9c96
SPEC-015-raspberry-pi-armv6	.build/contract-reports/spec-013/latest-macos-static.txt	759cf5945d69313ab3546965eace2ecc08da5ab3-d25973a2ebde9c96
SPEC-015-raspberry-pi-armv6	.build/contract-reports/spec-013/latest-nrf52840-embedded.txt	b18da84a0622e2d24bfc1da8ce17fdf0c89faea7-3011c2f2a2dbab33
SPEC-015-raspberry-pi-armv6	.build/contract-reports/spec-013/latest-raspberry-pi-armv6.txt	759cf5945d69313ab3546965eace2ecc08da5ab3-d25973a2ebde9c96
SPEC-015-raspberry-pi-armv6	.build/contract-reports/spec-015/latest-macos-dynamic.txt	759cf5945d69313ab3546965eace2ecc08da5ab3-d93a5691c785f107
SPEC-015-raspberry-pi-armv6	.build/contract-reports/spec-015/latest-macos-static.txt	759cf5945d69313ab3546965eace2ecc08da5ab3-d93a5691c785f107
SPEC-015-raspberry-pi-armv6	.build/contract-reports/spec-015/latest-nrf52840-embedded.txt	b18da84a0622e2d24bfc1da8ce17fdf0c89faea7-457fc7e1b9000afd
SPEC-015-raspberry-pi-armv6	.build/contract-reports/spec-015/latest-raspberry-pi-armv6.txt	759cf5945d69313ab3546965eace2ecc08da5ab3-d93a5691c785f107
published	/Users/eugene/work/GiftUI/.build/contract-reports/spec-015/759cf5945d69313ab3546965eace2ecc08da5ab3-d93a5691c785f107/nrf52840-embedded	759cf5945d69313ab3546965eace2ecc08da5ab3-d93a5691c785f107
published	/Users/eugene/work/GiftUI/.build/contract-reports/spec-001/20261004T232626Z-65897/nrf52840-embedded	20261004T232626Z-65897
SPEC-001-nrf52840-embedded	.build/contract-reports/spec-001/latest-macos-dynamic.txt	20261004T225647Z-28781
SPEC-001-nrf52840-embedded	.build/contract-reports/spec-001/latest-macos-static.txt	20261004T230354Z-41114
SPEC-001-nrf52840-embedded	.build/contract-reports/spec-001/latest-nrf52840-embedded.txt	20261004T232626Z-65897
SPEC-001-nrf52840-embedded	.build/contract-reports/spec-001/latest-raspberry-pi-armv6.txt	20261004T231058Z-53505
SPEC-001-nrf52840-embedded	.build/contract-reports/spec-002/latest-macos-dynamic.txt	759cf5945d69313ab3546965eace2ecc08da5ab3-d93a5691c785f107
SPEC-001-nrf52840-embedded	.build/contract-reports/spec-002/latest-macos-static.txt	759cf5945d69313ab3546965eace2ecc08da5ab3-d93a5691c785f107
SPEC-001-nrf52840-embedded	.build/contract-reports/spec-002/latest-nrf52840-embedded.txt	b18da84a0622e2d24bfc1da8ce17fdf0c89faea7-457fc7e1b9000afd
SPEC-001-nrf52840-embedded	.build/contract-reports/spec-002/latest-raspberry-pi-armv6.txt	759cf5945d69313ab3546965eace2ecc08da5ab3-d93a5691c785f107
SPEC-001-nrf52840-embedded	.build/contract-reports/spec-003/latest-macos-dynamic.txt	759cf5945d69313ab3546965eace2ecc08da5ab3-d93a5691c785f107
SPEC-001-nrf52840-embedded	.build/contract-reports/spec-003/latest-macos-static.txt	759cf5945d69313ab3546965eace2ecc08da5ab3-d93a5691c785f107
SPEC-001-nrf52840-embedded	.build/contract-reports/spec-003/latest-nrf52840-embedded.txt	b18da84a0622e2d24bfc1da8ce17fdf0c89faea7-457fc7e1b9000afd
SPEC-001-nrf52840-embedded	.build/contract-reports/spec-003/latest-raspberry-pi-armv6.txt	759cf5945d69313ab3546965eace2ecc08da5ab3-d93a5691c785f107
SPEC-001-nrf52840-embedded	.build/contract-reports/spec-004/latest-macos-dynamic.txt	759cf5945d69313ab3546965eace2ecc08da5ab3-d93a5691c785f107
SPEC-001-nrf52840-embedded	.build/contract-reports/spec-004/latest-macos-static.txt	759cf5945d69313ab3546965eace2ecc08da5ab3-d93a5691c785f107
SPEC-001-nrf52840-embedded	.build/contract-reports/spec-004/latest-nrf52840-embedded.txt	b18da84a0622e2d24bfc1da8ce17fdf0c89faea7-457fc7e1b9000afd
SPEC-001-nrf52840-embedded	.build/contract-reports/spec-004/latest-raspberry-pi-armv6.txt	759cf5945d69313ab3546965eace2ecc08da5ab3-d93a5691c785f107
SPEC-001-nrf52840-embedded	.build/contract-reports/spec-005/latest-macos-dynamic.txt	759cf5945d69313ab3546965eace2ecc08da5ab3-13497580cfa982fc
SPEC-001-nrf52840-embedded	.build/contract-reports/spec-005/latest-macos-static.txt	759cf5945d69313ab3546965eace2ecc08da5ab3-13497580cfa982fc
SPEC-001-nrf52840-embedded	.build/contract-reports/spec-005/latest-nrf52840-embedded.txt	b18da84a0622e2d24bfc1da8ce17fdf0c89faea7-91c75f621f54733c
SPEC-001-nrf52840-embedded	.build/contract-reports/spec-005/latest-raspberry-pi-armv6.txt	759cf5945d69313ab3546965eace2ecc08da5ab3-13497580cfa982fc
SPEC-001-nrf52840-embedded	.build/contract-reports/spec-006/latest-macos-dynamic.txt	759cf5945d69313ab3546965eace2ecc08da5ab3-e4e48e37d8c767c7
SPEC-001-nrf52840-embedded	.build/contract-reports/spec-006/latest-macos-static.txt	759cf5945d69313ab3546965eace2ecc08da5ab3-e4e48e37d8c767c7
SPEC-001-nrf52840-embedded	.build/contract-reports/spec-006/latest-nrf52840-embedded.txt	b18da84a0622e2d24bfc1da8ce17fdf0c89faea7-2519f7ee7d9fd3e0
SPEC-001-nrf52840-embedded	.build/contract-reports/spec-006/latest-raspberry-pi-armv6.txt	759cf5945d69313ab3546965eace2ecc08da5ab3-e4e48e37d8c767c7
SPEC-001-nrf52840-embedded	.build/contract-reports/spec-007/latest-macos-dynamic.txt	759cf5945d69313ab3546965eace2ecc08da5ab3-9c9b7b98bfb72db1
SPEC-001-nrf52840-embedded	.build/contract-reports/spec-007/latest-macos-static.txt	759cf5945d69313ab3546965eace2ecc08da5ab3-9c9b7b98bfb72db1
SPEC-001-nrf52840-embedded	.build/contract-reports/spec-007/latest-nrf52840-embedded.txt	b18da84a0622e2d24bfc1da8ce17fdf0c89faea7-88e8f7d4bd213aaf
SPEC-001-nrf52840-embedded	.build/contract-reports/spec-007/latest-raspberry-pi-armv6.txt	759cf5945d69313ab3546965eace2ecc08da5ab3-9c9b7b98bfb72db1
SPEC-001-nrf52840-embedded	.build/contract-reports/spec-008/latest-macos-dynamic.txt	759cf5945d69313ab3546965eace2ecc08da5ab3-8c912bd577cac4a7
SPEC-001-nrf52840-embedded	.build/contract-reports/spec-008/latest-macos-static.txt	759cf5945d69313ab3546965eace2ecc08da5ab3-8c912bd577cac4a7
SPEC-001-nrf52840-embedded	.build/contract-reports/spec-008/latest-nrf52840-embedded.txt	b18da84a0622e2d24bfc1da8ce17fdf0c89faea7-cf3969a84328c135
SPEC-001-nrf52840-embedded	.build/contract-reports/spec-008/latest-raspberry-pi-armv6.txt	759cf5945d69313ab3546965eace2ecc08da5ab3-8c912bd577cac4a7
SPEC-001-nrf52840-embedded	.build/contract-reports/spec-009/latest-macos-dynamic.txt	759cf5945d69313ab3546965eace2ecc08da5ab3-54aaea69d783eaaa
SPEC-001-nrf52840-embedded	.build/contract-reports/spec-009/latest-macos-static.txt	759cf5945d69313ab3546965eace2ecc08da5ab3-54aaea69d783eaaa
SPEC-001-nrf52840-embedded	.build/contract-reports/spec-009/latest-nrf52840-embedded.txt	b18da84a0622e2d24bfc1da8ce17fdf0c89faea7-16973c7d29593fdf
SPEC-001-nrf52840-embedded	.build/contract-reports/spec-009/latest-raspberry-pi-armv6.txt	759cf5945d69313ab3546965eace2ecc08da5ab3-54aaea69d783eaaa
SPEC-001-nrf52840-embedded	.build/contract-reports/spec-010/latest-macos-dynamic.txt	759cf5945d69313ab3546965eace2ecc08da5ab3-f09fa73a6913497f
SPEC-001-nrf52840-embedded	.build/contract-reports/spec-010/latest-macos-static.txt	759cf5945d69313ab3546965eace2ecc08da5ab3-f09fa73a6913497f
SPEC-001-nrf52840-embedded	.build/contract-reports/spec-010/latest-nrf52840-embedded.txt	b18da84a0622e2d24bfc1da8ce17fdf0c89faea7-195b7e7bafcc2d2b
SPEC-001-nrf52840-embedded	.build/contract-reports/spec-010/latest-raspberry-pi-armv6.txt	759cf5945d69313ab3546965eace2ecc08da5ab3-f09fa73a6913497f
SPEC-001-nrf52840-embedded	.build/contract-reports/spec-011/latest-macos-dynamic.txt	759cf5945d69313ab3546965eace2ecc08da5ab3-d93a5691c785f107
SPEC-001-nrf52840-embedded	.build/contract-reports/spec-011/latest-macos-static.txt	759cf5945d69313ab3546965eace2ecc08da5ab3-d93a5691c785f107
SPEC-001-nrf52840-embedded	.build/contract-reports/spec-011/latest-nrf52840-embedded.txt	b18da84a0622e2d24bfc1da8ce17fdf0c89faea7-457fc7e1b9000afd
SPEC-001-nrf52840-embedded	.build/contract-reports/spec-011/latest-raspberry-pi-armv6.txt	759cf5945d69313ab3546965eace2ecc08da5ab3-d93a5691c785f107
SPEC-001-nrf52840-embedded	.build/contract-reports/spec-012/latest-macos-dynamic.txt	759cf5945d69313ab3546965eace2ecc08da5ab3-fc0aae9586267865
SPEC-001-nrf52840-embedded	.build/contract-reports/spec-012/latest-macos-static.txt	759cf5945d69313ab3546965eace2ecc08da5ab3-fc0aae9586267865
SPEC-001-nrf52840-embedded	.build/contract-reports/spec-012/latest-nrf52840-embedded.txt	b18da84a0622e2d24bfc1da8ce17fdf0c89faea7-1c61dbad1d952f9d
SPEC-001-nrf52840-embedded	.build/contract-reports/spec-012/latest-raspberry-pi-armv6.txt	759cf5945d69313ab3546965eace2ecc08da5ab3-fc0aae9586267865
SPEC-001-nrf52840-embedded	.build/contract-reports/spec-013/latest-macos-dynamic.txt	759cf5945d69313ab3546965eace2ecc08da5ab3-d25973a2ebde9c96
SPEC-001-nrf52840-embedded	.build/contract-reports/spec-013/latest-macos-static.txt	759cf5945d69313ab3546965eace2ecc08da5ab3-d25973a2ebde9c96
SPEC-001-nrf52840-embedded	.build/contract-reports/spec-013/latest-nrf52840-embedded.txt	b18da84a0622e2d24bfc1da8ce17fdf0c89faea7-3011c2f2a2dbab33
SPEC-001-nrf52840-embedded	.build/contract-reports/spec-013/latest-raspberry-pi-armv6.txt	759cf5945d69313ab3546965eace2ecc08da5ab3-d25973a2ebde9c96
SPEC-001-nrf52840-embedded	.build/contract-reports/spec-015/latest-macos-dynamic.txt	759cf5945d69313ab3546965eace2ecc08da5ab3-d93a5691c785f107
SPEC-001-nrf52840-embedded	.build/contract-reports/spec-015/latest-macos-static.txt	759cf5945d69313ab3546965eace2ecc08da5ab3-d93a5691c785f107
SPEC-001-nrf52840-embedded	.build/contract-reports/spec-015/latest-nrf52840-embedded.txt	759cf5945d69313ab3546965eace2ecc08da5ab3-d93a5691c785f107
SPEC-001-nrf52840-embedded	.build/contract-reports/spec-015/latest-raspberry-pi-armv6.txt	759cf5945d69313ab3546965eace2ecc08da5ab3-d93a5691c785f107
published	/Users/eugene/work/GiftUI/.build/contract-reports/spec-002/759cf5945d69313ab3546965eace2ecc08da5ab3-d93a5691c785f107/nrf52840-embedded	759cf5945d69313ab3546965eace2ecc08da5ab3-d93a5691c785f107
SPEC-002-nrf52840-embedded	.build/contract-reports/spec-001/latest-macos-dynamic.txt	20261004T225647Z-28781
SPEC-002-nrf52840-embedded	.build/contract-reports/spec-001/latest-macos-static.txt	20261004T230354Z-41114
SPEC-002-nrf52840-embedded	.build/contract-reports/spec-001/latest-nrf52840-embedded.txt	20261004T232626Z-65897
SPEC-002-nrf52840-embedded	.build/contract-reports/spec-001/latest-raspberry-pi-armv6.txt	20261004T231058Z-53505
SPEC-002-nrf52840-embedded	.build/contract-reports/spec-002/latest-macos-dynamic.txt	759cf5945d69313ab3546965eace2ecc08da5ab3-d93a5691c785f107
SPEC-002-nrf52840-embedded	.build/contract-reports/spec-002/latest-macos-static.txt	759cf5945d69313ab3546965eace2ecc08da5ab3-d93a5691c785f107
SPEC-002-nrf52840-embedded	.build/contract-reports/spec-002/latest-nrf52840-embedded.txt	759cf5945d69313ab3546965eace2ecc08da5ab3-d93a5691c785f107
SPEC-002-nrf52840-embedded	.build/contract-reports/spec-002/latest-raspberry-pi-armv6.txt	759cf5945d69313ab3546965eace2ecc08da5ab3-d93a5691c785f107
SPEC-002-nrf52840-embedded	.build/contract-reports/spec-003/latest-macos-dynamic.txt	759cf5945d69313ab3546965eace2ecc08da5ab3-d93a5691c785f107
SPEC-002-nrf52840-embedded	.build/contract-reports/spec-003/latest-macos-static.txt	759cf5945d69313ab3546965eace2ecc08da5ab3-d93a5691c785f107
SPEC-002-nrf52840-embedded	.build/contract-reports/spec-003/latest-nrf52840-embedded.txt	b18da84a0622e2d24bfc1da8ce17fdf0c89faea7-457fc7e1b9000afd
SPEC-002-nrf52840-embedded	.build/contract-reports/spec-003/latest-raspberry-pi-armv6.txt	759cf5945d69313ab3546965eace2ecc08da5ab3-d93a5691c785f107
SPEC-002-nrf52840-embedded	.build/contract-reports/spec-004/latest-macos-dynamic.txt	759cf5945d69313ab3546965eace2ecc08da5ab3-d93a5691c785f107
SPEC-002-nrf52840-embedded	.build/contract-reports/spec-004/latest-macos-static.txt	759cf5945d69313ab3546965eace2ecc08da5ab3-d93a5691c785f107
SPEC-002-nrf52840-embedded	.build/contract-reports/spec-004/latest-nrf52840-embedded.txt	b18da84a0622e2d24bfc1da8ce17fdf0c89faea7-457fc7e1b9000afd
SPEC-002-nrf52840-embedded	.build/contract-reports/spec-004/latest-raspberry-pi-armv6.txt	759cf5945d69313ab3546965eace2ecc08da5ab3-d93a5691c785f107
SPEC-002-nrf52840-embedded	.build/contract-reports/spec-005/latest-macos-dynamic.txt	759cf5945d69313ab3546965eace2ecc08da5ab3-13497580cfa982fc
SPEC-002-nrf52840-embedded	.build/contract-reports/spec-005/latest-macos-static.txt	759cf5945d69313ab3546965eace2ecc08da5ab3-13497580cfa982fc
SPEC-002-nrf52840-embedded	.build/contract-reports/spec-005/latest-nrf52840-embedded.txt	b18da84a0622e2d24bfc1da8ce17fdf0c89faea7-91c75f621f54733c
SPEC-002-nrf52840-embedded	.build/contract-reports/spec-005/latest-raspberry-pi-armv6.txt	759cf5945d69313ab3546965eace2ecc08da5ab3-13497580cfa982fc
SPEC-002-nrf52840-embedded	.build/contract-reports/spec-006/latest-macos-dynamic.txt	759cf5945d69313ab3546965eace2ecc08da5ab3-e4e48e37d8c767c7
SPEC-002-nrf52840-embedded	.build/contract-reports/spec-006/latest-macos-static.txt	759cf5945d69313ab3546965eace2ecc08da5ab3-e4e48e37d8c767c7
SPEC-002-nrf52840-embedded	.build/contract-reports/spec-006/latest-nrf52840-embedded.txt	b18da84a0622e2d24bfc1da8ce17fdf0c89faea7-2519f7ee7d9fd3e0
SPEC-002-nrf52840-embedded	.build/contract-reports/spec-006/latest-raspberry-pi-armv6.txt	759cf5945d69313ab3546965eace2ecc08da5ab3-e4e48e37d8c767c7
SPEC-002-nrf52840-embedded	.build/contract-reports/spec-007/latest-macos-dynamic.txt	759cf5945d69313ab3546965eace2ecc08da5ab3-9c9b7b98bfb72db1
SPEC-002-nrf52840-embedded	.build/contract-reports/spec-007/latest-macos-static.txt	759cf5945d69313ab3546965eace2ecc08da5ab3-9c9b7b98bfb72db1
SPEC-002-nrf52840-embedded	.build/contract-reports/spec-007/latest-nrf52840-embedded.txt	b18da84a0622e2d24bfc1da8ce17fdf0c89faea7-88e8f7d4bd213aaf
SPEC-002-nrf52840-embedded	.build/contract-reports/spec-007/latest-raspberry-pi-armv6.txt	759cf5945d69313ab3546965eace2ecc08da5ab3-9c9b7b98bfb72db1
SPEC-002-nrf52840-embedded	.build/contract-reports/spec-008/latest-macos-dynamic.txt	759cf5945d69313ab3546965eace2ecc08da5ab3-8c912bd577cac4a7
SPEC-002-nrf52840-embedded	.build/contract-reports/spec-008/latest-macos-static.txt	759cf5945d69313ab3546965eace2ecc08da5ab3-8c912bd577cac4a7
SPEC-002-nrf52840-embedded	.build/contract-reports/spec-008/latest-nrf52840-embedded.txt	b18da84a0622e2d24bfc1da8ce17fdf0c89faea7-cf3969a84328c135
SPEC-002-nrf52840-embedded	.build/contract-reports/spec-008/latest-raspberry-pi-armv6.txt	759cf5945d69313ab3546965eace2ecc08da5ab3-8c912bd577cac4a7
SPEC-002-nrf52840-embedded	.build/contract-reports/spec-009/latest-macos-dynamic.txt	759cf5945d69313ab3546965eace2ecc08da5ab3-54aaea69d783eaaa
SPEC-002-nrf52840-embedded	.build/contract-reports/spec-009/latest-macos-static.txt	759cf5945d69313ab3546965eace2ecc08da5ab3-54aaea69d783eaaa
SPEC-002-nrf52840-embedded	.build/contract-reports/spec-009/latest-nrf52840-embedded.txt	b18da84a0622e2d24bfc1da8ce17fdf0c89faea7-16973c7d29593fdf
SPEC-002-nrf52840-embedded	.build/contract-reports/spec-009/latest-raspberry-pi-armv6.txt	759cf5945d69313ab3546965eace2ecc08da5ab3-54aaea69d783eaaa
SPEC-002-nrf52840-embedded	.build/contract-reports/spec-010/latest-macos-dynamic.txt	759cf5945d69313ab3546965eace2ecc08da5ab3-f09fa73a6913497f
SPEC-002-nrf52840-embedded	.build/contract-reports/spec-010/latest-macos-static.txt	759cf5945d69313ab3546965eace2ecc08da5ab3-f09fa73a6913497f
SPEC-002-nrf52840-embedded	.build/contract-reports/spec-010/latest-nrf52840-embedded.txt	b18da84a0622e2d24bfc1da8ce17fdf0c89faea7-195b7e7bafcc2d2b
SPEC-002-nrf52840-embedded	.build/contract-reports/spec-010/latest-raspberry-pi-armv6.txt	759cf5945d69313ab3546965eace2ecc08da5ab3-f09fa73a6913497f
SPEC-002-nrf52840-embedded	.build/contract-reports/spec-011/latest-macos-dynamic.txt	759cf5945d69313ab3546965eace2ecc08da5ab3-d93a5691c785f107
SPEC-002-nrf52840-embedded	.build/contract-reports/spec-011/latest-macos-static.txt	759cf5945d69313ab3546965eace2ecc08da5ab3-d93a5691c785f107
SPEC-002-nrf52840-embedded	.build/contract-reports/spec-011/latest-nrf52840-embedded.txt	b18da84a0622e2d24bfc1da8ce17fdf0c89faea7-457fc7e1b9000afd
SPEC-002-nrf52840-embedded	.build/contract-reports/spec-011/latest-raspberry-pi-armv6.txt	759cf5945d69313ab3546965eace2ecc08da5ab3-d93a5691c785f107
SPEC-002-nrf52840-embedded	.build/contract-reports/spec-012/latest-macos-dynamic.txt	759cf5945d69313ab3546965eace2ecc08da5ab3-fc0aae9586267865
SPEC-002-nrf52840-embedded	.build/contract-reports/spec-012/latest-macos-static.txt	759cf5945d69313ab3546965eace2ecc08da5ab3-fc0aae9586267865
SPEC-002-nrf52840-embedded	.build/contract-reports/spec-012/latest-nrf52840-embedded.txt	b18da84a0622e2d24bfc1da8ce17fdf0c89faea7-1c61dbad1d952f9d
SPEC-002-nrf52840-embedded	.build/contract-reports/spec-012/latest-raspberry-pi-armv6.txt	759cf5945d69313ab3546965eace2ecc08da5ab3-fc0aae9586267865
SPEC-002-nrf52840-embedded	.build/contract-reports/spec-013/latest-macos-dynamic.txt	759cf5945d69313ab3546965eace2ecc08da5ab3-d25973a2ebde9c96
SPEC-002-nrf52840-embedded	.build/contract-reports/spec-013/latest-macos-static.txt	759cf5945d69313ab3546965eace2ecc08da5ab3-d25973a2ebde9c96
SPEC-002-nrf52840-embedded	.build/contract-reports/spec-013/latest-nrf52840-embedded.txt	b18da84a0622e2d24bfc1da8ce17fdf0c89faea7-3011c2f2a2dbab33
SPEC-002-nrf52840-embedded	.build/contract-reports/spec-013/latest-raspberry-pi-armv6.txt	759cf5945d69313ab3546965eace2ecc08da5ab3-d25973a2ebde9c96
SPEC-002-nrf52840-embedded	.build/contract-reports/spec-015/latest-macos-dynamic.txt	759cf5945d69313ab3546965eace2ecc08da5ab3-d93a5691c785f107
SPEC-002-nrf52840-embedded	.build/contract-reports/spec-015/latest-macos-static.txt	759cf5945d69313ab3546965eace2ecc08da5ab3-d93a5691c785f107
SPEC-002-nrf52840-embedded	.build/contract-reports/spec-015/latest-nrf52840-embedded.txt	759cf5945d69313ab3546965eace2ecc08da5ab3-d93a5691c785f107
SPEC-002-nrf52840-embedded	.build/contract-reports/spec-015/latest-raspberry-pi-armv6.txt	759cf5945d69313ab3546965eace2ecc08da5ab3-d93a5691c785f107
published	/Users/eugene/work/GiftUI/.build/contract-reports/spec-003/759cf5945d69313ab3546965eace2ecc08da5ab3-d93a5691c785f107/nrf52840-embedded	759cf5945d69313ab3546965eace2ecc08da5ab3-d93a5691c785f107
SPEC-003-nrf52840-embedded	.build/contract-reports/spec-001/latest-macos-dynamic.txt	20261004T225647Z-28781
SPEC-003-nrf52840-embedded	.build/contract-reports/spec-001/latest-macos-static.txt	20261004T230354Z-41114
SPEC-003-nrf52840-embedded	.build/contract-reports/spec-001/latest-nrf52840-embedded.txt	20261004T232626Z-65897
SPEC-003-nrf52840-embedded	.build/contract-reports/spec-001/latest-raspberry-pi-armv6.txt	20261004T231058Z-53505
SPEC-003-nrf52840-embedded	.build/contract-reports/spec-002/latest-macos-dynamic.txt	759cf5945d69313ab3546965eace2ecc08da5ab3-d93a5691c785f107
SPEC-003-nrf52840-embedded	.build/contract-reports/spec-002/latest-macos-static.txt	759cf5945d69313ab3546965eace2ecc08da5ab3-d93a5691c785f107
SPEC-003-nrf52840-embedded	.build/contract-reports/spec-002/latest-nrf52840-embedded.txt	759cf5945d69313ab3546965eace2ecc08da5ab3-d93a5691c785f107
SPEC-003-nrf52840-embedded	.build/contract-reports/spec-002/latest-raspberry-pi-armv6.txt	759cf5945d69313ab3546965eace2ecc08da5ab3-d93a5691c785f107
SPEC-003-nrf52840-embedded	.build/contract-reports/spec-003/latest-macos-dynamic.txt	759cf5945d69313ab3546965eace2ecc08da5ab3-d93a5691c785f107
SPEC-003-nrf52840-embedded	.build/contract-reports/spec-003/latest-macos-static.txt	759cf5945d69313ab3546965eace2ecc08da5ab3-d93a5691c785f107
SPEC-003-nrf52840-embedded	.build/contract-reports/spec-003/latest-nrf52840-embedded.txt	759cf5945d69313ab3546965eace2ecc08da5ab3-d93a5691c785f107
SPEC-003-nrf52840-embedded	.build/contract-reports/spec-003/latest-raspberry-pi-armv6.txt	759cf5945d69313ab3546965eace2ecc08da5ab3-d93a5691c785f107
SPEC-003-nrf52840-embedded	.build/contract-reports/spec-004/latest-macos-dynamic.txt	759cf5945d69313ab3546965eace2ecc08da5ab3-d93a5691c785f107
SPEC-003-nrf52840-embedded	.build/contract-reports/spec-004/latest-macos-static.txt	759cf5945d69313ab3546965eace2ecc08da5ab3-d93a5691c785f107
SPEC-003-nrf52840-embedded	.build/contract-reports/spec-004/latest-nrf52840-embedded.txt	b18da84a0622e2d24bfc1da8ce17fdf0c89faea7-457fc7e1b9000afd
SPEC-003-nrf52840-embedded	.build/contract-reports/spec-004/latest-raspberry-pi-armv6.txt	759cf5945d69313ab3546965eace2ecc08da5ab3-d93a5691c785f107
SPEC-003-nrf52840-embedded	.build/contract-reports/spec-005/latest-macos-dynamic.txt	759cf5945d69313ab3546965eace2ecc08da5ab3-13497580cfa982fc
SPEC-003-nrf52840-embedded	.build/contract-reports/spec-005/latest-macos-static.txt	759cf5945d69313ab3546965eace2ecc08da5ab3-13497580cfa982fc
SPEC-003-nrf52840-embedded	.build/contract-reports/spec-005/latest-nrf52840-embedded.txt	b18da84a0622e2d24bfc1da8ce17fdf0c89faea7-91c75f621f54733c
SPEC-003-nrf52840-embedded	.build/contract-reports/spec-005/latest-raspberry-pi-armv6.txt	759cf5945d69313ab3546965eace2ecc08da5ab3-13497580cfa982fc
SPEC-003-nrf52840-embedded	.build/contract-reports/spec-006/latest-macos-dynamic.txt	759cf5945d69313ab3546965eace2ecc08da5ab3-e4e48e37d8c767c7
SPEC-003-nrf52840-embedded	.build/contract-reports/spec-006/latest-macos-static.txt	759cf5945d69313ab3546965eace2ecc08da5ab3-e4e48e37d8c767c7
SPEC-003-nrf52840-embedded	.build/contract-reports/spec-006/latest-nrf52840-embedded.txt	b18da84a0622e2d24bfc1da8ce17fdf0c89faea7-2519f7ee7d9fd3e0
SPEC-003-nrf52840-embedded	.build/contract-reports/spec-006/latest-raspberry-pi-armv6.txt	759cf5945d69313ab3546965eace2ecc08da5ab3-e4e48e37d8c767c7
SPEC-003-nrf52840-embedded	.build/contract-reports/spec-007/latest-macos-dynamic.txt	759cf5945d69313ab3546965eace2ecc08da5ab3-9c9b7b98bfb72db1
SPEC-003-nrf52840-embedded	.build/contract-reports/spec-007/latest-macos-static.txt	759cf5945d69313ab3546965eace2ecc08da5ab3-9c9b7b98bfb72db1
SPEC-003-nrf52840-embedded	.build/contract-reports/spec-007/latest-nrf52840-embedded.txt	b18da84a0622e2d24bfc1da8ce17fdf0c89faea7-88e8f7d4bd213aaf
SPEC-003-nrf52840-embedded	.build/contract-reports/spec-007/latest-raspberry-pi-armv6.txt	759cf5945d69313ab3546965eace2ecc08da5ab3-9c9b7b98bfb72db1
SPEC-003-nrf52840-embedded	.build/contract-reports/spec-008/latest-macos-dynamic.txt	759cf5945d69313ab3546965eace2ecc08da5ab3-8c912bd577cac4a7
SPEC-003-nrf52840-embedded	.build/contract-reports/spec-008/latest-macos-static.txt	759cf5945d69313ab3546965eace2ecc08da5ab3-8c912bd577cac4a7
SPEC-003-nrf52840-embedded	.build/contract-reports/spec-008/latest-nrf52840-embedded.txt	b18da84a0622e2d24bfc1da8ce17fdf0c89faea7-cf3969a84328c135
SPEC-003-nrf52840-embedded	.build/contract-reports/spec-008/latest-raspberry-pi-armv6.txt	759cf5945d69313ab3546965eace2ecc08da5ab3-8c912bd577cac4a7
SPEC-003-nrf52840-embedded	.build/contract-reports/spec-009/latest-macos-dynamic.txt	759cf5945d69313ab3546965eace2ecc08da5ab3-54aaea69d783eaaa
SPEC-003-nrf52840-embedded	.build/contract-reports/spec-009/latest-macos-static.txt	759cf5945d69313ab3546965eace2ecc08da5ab3-54aaea69d783eaaa
SPEC-003-nrf52840-embedded	.build/contract-reports/spec-009/latest-nrf52840-embedded.txt	b18da84a0622e2d24bfc1da8ce17fdf0c89faea7-16973c7d29593fdf
SPEC-003-nrf52840-embedded	.build/contract-reports/spec-009/latest-raspberry-pi-armv6.txt	759cf5945d69313ab3546965eace2ecc08da5ab3-54aaea69d783eaaa
SPEC-003-nrf52840-embedded	.build/contract-reports/spec-010/latest-macos-dynamic.txt	759cf5945d69313ab3546965eace2ecc08da5ab3-f09fa73a6913497f
SPEC-003-nrf52840-embedded	.build/contract-reports/spec-010/latest-macos-static.txt	759cf5945d69313ab3546965eace2ecc08da5ab3-f09fa73a6913497f
SPEC-003-nrf52840-embedded	.build/contract-reports/spec-010/latest-nrf52840-embedded.txt	b18da84a0622e2d24bfc1da8ce17fdf0c89faea7-195b7e7bafcc2d2b
SPEC-003-nrf52840-embedded	.build/contract-reports/spec-010/latest-raspberry-pi-armv6.txt	759cf5945d69313ab3546965eace2ecc08da5ab3-f09fa73a6913497f
SPEC-003-nrf52840-embedded	.build/contract-reports/spec-011/latest-macos-dynamic.txt	759cf5945d69313ab3546965eace2ecc08da5ab3-d93a5691c785f107
SPEC-003-nrf52840-embedded	.build/contract-reports/spec-011/latest-macos-static.txt	759cf5945d69313ab3546965eace2ecc08da5ab3-d93a5691c785f107
SPEC-003-nrf52840-embedded	.build/contract-reports/spec-011/latest-nrf52840-embedded.txt	b18da84a0622e2d24bfc1da8ce17fdf0c89faea7-457fc7e1b9000afd
SPEC-003-nrf52840-embedded	.build/contract-reports/spec-011/latest-raspberry-pi-armv6.txt	759cf5945d69313ab3546965eace2ecc08da5ab3-d93a5691c785f107
SPEC-003-nrf52840-embedded	.build/contract-reports/spec-012/latest-macos-dynamic.txt	759cf5945d69313ab3546965eace2ecc08da5ab3-fc0aae9586267865
SPEC-003-nrf52840-embedded	.build/contract-reports/spec-012/latest-macos-static.txt	759cf5945d69313ab3546965eace2ecc08da5ab3-fc0aae9586267865
SPEC-003-nrf52840-embedded	.build/contract-reports/spec-012/latest-nrf52840-embedded.txt	b18da84a0622e2d24bfc1da8ce17fdf0c89faea7-1c61dbad1d952f9d
SPEC-003-nrf52840-embedded	.build/contract-reports/spec-012/latest-raspberry-pi-armv6.txt	759cf5945d69313ab3546965eace2ecc08da5ab3-fc0aae9586267865
SPEC-003-nrf52840-embedded	.build/contract-reports/spec-013/latest-macos-dynamic.txt	759cf5945d69313ab3546965eace2ecc08da5ab3-d25973a2ebde9c96
SPEC-003-nrf52840-embedded	.build/contract-reports/spec-013/latest-macos-static.txt	759cf5945d69313ab3546965eace2ecc08da5ab3-d25973a2ebde9c96
SPEC-003-nrf52840-embedded	.build/contract-reports/spec-013/latest-nrf52840-embedded.txt	b18da84a0622e2d24bfc1da8ce17fdf0c89faea7-3011c2f2a2dbab33
SPEC-003-nrf52840-embedded	.build/contract-reports/spec-013/latest-raspberry-pi-armv6.txt	759cf5945d69313ab3546965eace2ecc08da5ab3-d25973a2ebde9c96
SPEC-003-nrf52840-embedded	.build/contract-reports/spec-015/latest-macos-dynamic.txt	759cf5945d69313ab3546965eace2ecc08da5ab3-d93a5691c785f107
SPEC-003-nrf52840-embedded	.build/contract-reports/spec-015/latest-macos-static.txt	759cf5945d69313ab3546965eace2ecc08da5ab3-d93a5691c785f107
SPEC-003-nrf52840-embedded	.build/contract-reports/spec-015/latest-nrf52840-embedded.txt	759cf5945d69313ab3546965eace2ecc08da5ab3-d93a5691c785f107
SPEC-003-nrf52840-embedded	.build/contract-reports/spec-015/latest-raspberry-pi-armv6.txt	759cf5945d69313ab3546965eace2ecc08da5ab3-d93a5691c785f107
published	/Users/eugene/work/GiftUI/.build/contract-reports/spec-004/759cf5945d69313ab3546965eace2ecc08da5ab3-d93a5691c785f107/nrf52840-embedded	759cf5945d69313ab3546965eace2ecc08da5ab3-d93a5691c785f107
SPEC-004-nrf52840-embedded	.build/contract-reports/spec-001/latest-macos-dynamic.txt	20261004T225647Z-28781
SPEC-004-nrf52840-embedded	.build/contract-reports/spec-001/latest-macos-static.txt	20261004T230354Z-41114
SPEC-004-nrf52840-embedded	.build/contract-reports/spec-001/latest-nrf52840-embedded.txt	20261004T232626Z-65897
SPEC-004-nrf52840-embedded	.build/contract-reports/spec-001/latest-raspberry-pi-armv6.txt	20261004T231058Z-53505
SPEC-004-nrf52840-embedded	.build/contract-reports/spec-002/latest-macos-dynamic.txt	759cf5945d69313ab3546965eace2ecc08da5ab3-d93a5691c785f107
SPEC-004-nrf52840-embedded	.build/contract-reports/spec-002/latest-macos-static.txt	759cf5945d69313ab3546965eace2ecc08da5ab3-d93a5691c785f107
SPEC-004-nrf52840-embedded	.build/contract-reports/spec-002/latest-nrf52840-embedded.txt	759cf5945d69313ab3546965eace2ecc08da5ab3-d93a5691c785f107
SPEC-004-nrf52840-embedded	.build/contract-reports/spec-002/latest-raspberry-pi-armv6.txt	759cf5945d69313ab3546965eace2ecc08da5ab3-d93a5691c785f107
SPEC-004-nrf52840-embedded	.build/contract-reports/spec-003/latest-macos-dynamic.txt	759cf5945d69313ab3546965eace2ecc08da5ab3-d93a5691c785f107
SPEC-004-nrf52840-embedded	.build/contract-reports/spec-003/latest-macos-static.txt	759cf5945d69313ab3546965eace2ecc08da5ab3-d93a5691c785f107
SPEC-004-nrf52840-embedded	.build/contract-reports/spec-003/latest-nrf52840-embedded.txt	759cf5945d69313ab3546965eace2ecc08da5ab3-d93a5691c785f107
SPEC-004-nrf52840-embedded	.build/contract-reports/spec-003/latest-raspberry-pi-armv6.txt	759cf5945d69313ab3546965eace2ecc08da5ab3-d93a5691c785f107
SPEC-004-nrf52840-embedded	.build/contract-reports/spec-004/latest-macos-dynamic.txt	759cf5945d69313ab3546965eace2ecc08da5ab3-d93a5691c785f107
SPEC-004-nrf52840-embedded	.build/contract-reports/spec-004/latest-macos-static.txt	759cf5945d69313ab3546965eace2ecc08da5ab3-d93a5691c785f107
SPEC-004-nrf52840-embedded	.build/contract-reports/spec-004/latest-nrf52840-embedded.txt	759cf5945d69313ab3546965eace2ecc08da5ab3-d93a5691c785f107
SPEC-004-nrf52840-embedded	.build/contract-reports/spec-004/latest-raspberry-pi-armv6.txt	759cf5945d69313ab3546965eace2ecc08da5ab3-d93a5691c785f107
SPEC-004-nrf52840-embedded	.build/contract-reports/spec-005/latest-macos-dynamic.txt	759cf5945d69313ab3546965eace2ecc08da5ab3-13497580cfa982fc
SPEC-004-nrf52840-embedded	.build/contract-reports/spec-005/latest-macos-static.txt	759cf5945d69313ab3546965eace2ecc08da5ab3-13497580cfa982fc
SPEC-004-nrf52840-embedded	.build/contract-reports/spec-005/latest-nrf52840-embedded.txt	b18da84a0622e2d24bfc1da8ce17fdf0c89faea7-91c75f621f54733c
SPEC-004-nrf52840-embedded	.build/contract-reports/spec-005/latest-raspberry-pi-armv6.txt	759cf5945d69313ab3546965eace2ecc08da5ab3-13497580cfa982fc
SPEC-004-nrf52840-embedded	.build/contract-reports/spec-006/latest-macos-dynamic.txt	759cf5945d69313ab3546965eace2ecc08da5ab3-e4e48e37d8c767c7
SPEC-004-nrf52840-embedded	.build/contract-reports/spec-006/latest-macos-static.txt	759cf5945d69313ab3546965eace2ecc08da5ab3-e4e48e37d8c767c7
SPEC-004-nrf52840-embedded	.build/contract-reports/spec-006/latest-nrf52840-embedded.txt	b18da84a0622e2d24bfc1da8ce17fdf0c89faea7-2519f7ee7d9fd3e0
SPEC-004-nrf52840-embedded	.build/contract-reports/spec-006/latest-raspberry-pi-armv6.txt	759cf5945d69313ab3546965eace2ecc08da5ab3-e4e48e37d8c767c7
SPEC-004-nrf52840-embedded	.build/contract-reports/spec-007/latest-macos-dynamic.txt	759cf5945d69313ab3546965eace2ecc08da5ab3-9c9b7b98bfb72db1
SPEC-004-nrf52840-embedded	.build/contract-reports/spec-007/latest-macos-static.txt	759cf5945d69313ab3546965eace2ecc08da5ab3-9c9b7b98bfb72db1
SPEC-004-nrf52840-embedded	.build/contract-reports/spec-007/latest-nrf52840-embedded.txt	b18da84a0622e2d24bfc1da8ce17fdf0c89faea7-88e8f7d4bd213aaf
SPEC-004-nrf52840-embedded	.build/contract-reports/spec-007/latest-raspberry-pi-armv6.txt	759cf5945d69313ab3546965eace2ecc08da5ab3-9c9b7b98bfb72db1
SPEC-004-nrf52840-embedded	.build/contract-reports/spec-008/latest-macos-dynamic.txt	759cf5945d69313ab3546965eace2ecc08da5ab3-8c912bd577cac4a7
SPEC-004-nrf52840-embedded	.build/contract-reports/spec-008/latest-macos-static.txt	759cf5945d69313ab3546965eace2ecc08da5ab3-8c912bd577cac4a7
SPEC-004-nrf52840-embedded	.build/contract-reports/spec-008/latest-nrf52840-embedded.txt	b18da84a0622e2d24bfc1da8ce17fdf0c89faea7-cf3969a84328c135
SPEC-004-nrf52840-embedded	.build/contract-reports/spec-008/latest-raspberry-pi-armv6.txt	759cf5945d69313ab3546965eace2ecc08da5ab3-8c912bd577cac4a7
SPEC-004-nrf52840-embedded	.build/contract-reports/spec-009/latest-macos-dynamic.txt	759cf5945d69313ab3546965eace2ecc08da5ab3-54aaea69d783eaaa
SPEC-004-nrf52840-embedded	.build/contract-reports/spec-009/latest-macos-static.txt	759cf5945d69313ab3546965eace2ecc08da5ab3-54aaea69d783eaaa
SPEC-004-nrf52840-embedded	.build/contract-reports/spec-009/latest-nrf52840-embedded.txt	b18da84a0622e2d24bfc1da8ce17fdf0c89faea7-16973c7d29593fdf
SPEC-004-nrf52840-embedded	.build/contract-reports/spec-009/latest-raspberry-pi-armv6.txt	759cf5945d69313ab3546965eace2ecc08da5ab3-54aaea69d783eaaa
SPEC-004-nrf52840-embedded	.build/contract-reports/spec-010/latest-macos-dynamic.txt	759cf5945d69313ab3546965eace2ecc08da5ab3-f09fa73a6913497f
SPEC-004-nrf52840-embedded	.build/contract-reports/spec-010/latest-macos-static.txt	759cf5945d69313ab3546965eace2ecc08da5ab3-f09fa73a6913497f
SPEC-004-nrf52840-embedded	.build/contract-reports/spec-010/latest-nrf52840-embedded.txt	b18da84a0622e2d24bfc1da8ce17fdf0c89faea7-195b7e7bafcc2d2b
SPEC-004-nrf52840-embedded	.build/contract-reports/spec-010/latest-raspberry-pi-armv6.txt	759cf5945d69313ab3546965eace2ecc08da5ab3-f09fa73a6913497f
SPEC-004-nrf52840-embedded	.build/contract-reports/spec-011/latest-macos-dynamic.txt	759cf5945d69313ab3546965eace2ecc08da5ab3-d93a5691c785f107
SPEC-004-nrf52840-embedded	.build/contract-reports/spec-011/latest-macos-static.txt	759cf5945d69313ab3546965eace2ecc08da5ab3-d93a5691c785f107
SPEC-004-nrf52840-embedded	.build/contract-reports/spec-011/latest-nrf52840-embedded.txt	b18da84a0622e2d24bfc1da8ce17fdf0c89faea7-457fc7e1b9000afd
SPEC-004-nrf52840-embedded	.build/contract-reports/spec-011/latest-raspberry-pi-armv6.txt	759cf5945d69313ab3546965eace2ecc08da5ab3-d93a5691c785f107
SPEC-004-nrf52840-embedded	.build/contract-reports/spec-012/latest-macos-dynamic.txt	759cf5945d69313ab3546965eace2ecc08da5ab3-fc0aae9586267865
SPEC-004-nrf52840-embedded	.build/contract-reports/spec-012/latest-macos-static.txt	759cf5945d69313ab3546965eace2ecc08da5ab3-fc0aae9586267865
SPEC-004-nrf52840-embedded	.build/contract-reports/spec-012/latest-nrf52840-embedded.txt	b18da84a0622e2d24bfc1da8ce17fdf0c89faea7-1c61dbad1d952f9d
SPEC-004-nrf52840-embedded	.build/contract-reports/spec-012/latest-raspberry-pi-armv6.txt	759cf5945d69313ab3546965eace2ecc08da5ab3-fc0aae9586267865
SPEC-004-nrf52840-embedded	.build/contract-reports/spec-013/latest-macos-dynamic.txt	759cf5945d69313ab3546965eace2ecc08da5ab3-d25973a2ebde9c96
SPEC-004-nrf52840-embedded	.build/contract-reports/spec-013/latest-macos-static.txt	759cf5945d69313ab3546965eace2ecc08da5ab3-d25973a2ebde9c96
SPEC-004-nrf52840-embedded	.build/contract-reports/spec-013/latest-nrf52840-embedded.txt	b18da84a0622e2d24bfc1da8ce17fdf0c89faea7-3011c2f2a2dbab33
SPEC-004-nrf52840-embedded	.build/contract-reports/spec-013/latest-raspberry-pi-armv6.txt	759cf5945d69313ab3546965eace2ecc08da5ab3-d25973a2ebde9c96
SPEC-004-nrf52840-embedded	.build/contract-reports/spec-015/latest-macos-dynamic.txt	759cf5945d69313ab3546965eace2ecc08da5ab3-d93a5691c785f107
SPEC-004-nrf52840-embedded	.build/contract-reports/spec-015/latest-macos-static.txt	759cf5945d69313ab3546965eace2ecc08da5ab3-d93a5691c785f107
SPEC-004-nrf52840-embedded	.build/contract-reports/spec-015/latest-nrf52840-embedded.txt	759cf5945d69313ab3546965eace2ecc08da5ab3-d93a5691c785f107
SPEC-004-nrf52840-embedded	.build/contract-reports/spec-015/latest-raspberry-pi-armv6.txt	759cf5945d69313ab3546965eace2ecc08da5ab3-d93a5691c785f107
published	/Users/eugene/work/GiftUI/.build/contract-reports/spec-005/759cf5945d69313ab3546965eace2ecc08da5ab3-13497580cfa982fc/nrf52840-embedded	759cf5945d69313ab3546965eace2ecc08da5ab3-13497580cfa982fc
SPEC-005-nrf52840-embedded	.build/contract-reports/spec-001/latest-macos-dynamic.txt	20261004T225647Z-28781
SPEC-005-nrf52840-embedded	.build/contract-reports/spec-001/latest-macos-static.txt	20261004T230354Z-41114
SPEC-005-nrf52840-embedded	.build/contract-reports/spec-001/latest-nrf52840-embedded.txt	20261004T232626Z-65897
SPEC-005-nrf52840-embedded	.build/contract-reports/spec-001/latest-raspberry-pi-armv6.txt	20261004T231058Z-53505
SPEC-005-nrf52840-embedded	.build/contract-reports/spec-002/latest-macos-dynamic.txt	759cf5945d69313ab3546965eace2ecc08da5ab3-d93a5691c785f107
SPEC-005-nrf52840-embedded	.build/contract-reports/spec-002/latest-macos-static.txt	759cf5945d69313ab3546965eace2ecc08da5ab3-d93a5691c785f107
SPEC-005-nrf52840-embedded	.build/contract-reports/spec-002/latest-nrf52840-embedded.txt	759cf5945d69313ab3546965eace2ecc08da5ab3-d93a5691c785f107
SPEC-005-nrf52840-embedded	.build/contract-reports/spec-002/latest-raspberry-pi-armv6.txt	759cf5945d69313ab3546965eace2ecc08da5ab3-d93a5691c785f107
SPEC-005-nrf52840-embedded	.build/contract-reports/spec-003/latest-macos-dynamic.txt	759cf5945d69313ab3546965eace2ecc08da5ab3-d93a5691c785f107
SPEC-005-nrf52840-embedded	.build/contract-reports/spec-003/latest-macos-static.txt	759cf5945d69313ab3546965eace2ecc08da5ab3-d93a5691c785f107
SPEC-005-nrf52840-embedded	.build/contract-reports/spec-003/latest-nrf52840-embedded.txt	759cf5945d69313ab3546965eace2ecc08da5ab3-d93a5691c785f107
SPEC-005-nrf52840-embedded	.build/contract-reports/spec-003/latest-raspberry-pi-armv6.txt	759cf5945d69313ab3546965eace2ecc08da5ab3-d93a5691c785f107
SPEC-005-nrf52840-embedded	.build/contract-reports/spec-004/latest-macos-dynamic.txt	759cf5945d69313ab3546965eace2ecc08da5ab3-d93a5691c785f107
SPEC-005-nrf52840-embedded	.build/contract-reports/spec-004/latest-macos-static.txt	759cf5945d69313ab3546965eace2ecc08da5ab3-d93a5691c785f107
SPEC-005-nrf52840-embedded	.build/contract-reports/spec-004/latest-nrf52840-embedded.txt	759cf5945d69313ab3546965eace2ecc08da5ab3-d93a5691c785f107
SPEC-005-nrf52840-embedded	.build/contract-reports/spec-004/latest-raspberry-pi-armv6.txt	759cf5945d69313ab3546965eace2ecc08da5ab3-d93a5691c785f107
SPEC-005-nrf52840-embedded	.build/contract-reports/spec-005/latest-macos-dynamic.txt	759cf5945d69313ab3546965eace2ecc08da5ab3-13497580cfa982fc
SPEC-005-nrf52840-embedded	.build/contract-reports/spec-005/latest-macos-static.txt	759cf5945d69313ab3546965eace2ecc08da5ab3-13497580cfa982fc
SPEC-005-nrf52840-embedded	.build/contract-reports/spec-005/latest-nrf52840-embedded.txt	759cf5945d69313ab3546965eace2ecc08da5ab3-13497580cfa982fc
SPEC-005-nrf52840-embedded	.build/contract-reports/spec-005/latest-raspberry-pi-armv6.txt	759cf5945d69313ab3546965eace2ecc08da5ab3-13497580cfa982fc
SPEC-005-nrf52840-embedded	.build/contract-reports/spec-006/latest-macos-dynamic.txt	759cf5945d69313ab3546965eace2ecc08da5ab3-e4e48e37d8c767c7
SPEC-005-nrf52840-embedded	.build/contract-reports/spec-006/latest-macos-static.txt	759cf5945d69313ab3546965eace2ecc08da5ab3-e4e48e37d8c767c7
SPEC-005-nrf52840-embedded	.build/contract-reports/spec-006/latest-nrf52840-embedded.txt	b18da84a0622e2d24bfc1da8ce17fdf0c89faea7-2519f7ee7d9fd3e0
SPEC-005-nrf52840-embedded	.build/contract-reports/spec-006/latest-raspberry-pi-armv6.txt	759cf5945d69313ab3546965eace2ecc08da5ab3-e4e48e37d8c767c7
SPEC-005-nrf52840-embedded	.build/contract-reports/spec-007/latest-macos-dynamic.txt	759cf5945d69313ab3546965eace2ecc08da5ab3-9c9b7b98bfb72db1
SPEC-005-nrf52840-embedded	.build/contract-reports/spec-007/latest-macos-static.txt	759cf5945d69313ab3546965eace2ecc08da5ab3-9c9b7b98bfb72db1
SPEC-005-nrf52840-embedded	.build/contract-reports/spec-007/latest-nrf52840-embedded.txt	b18da84a0622e2d24bfc1da8ce17fdf0c89faea7-88e8f7d4bd213aaf
SPEC-005-nrf52840-embedded	.build/contract-reports/spec-007/latest-raspberry-pi-armv6.txt	759cf5945d69313ab3546965eace2ecc08da5ab3-9c9b7b98bfb72db1
SPEC-005-nrf52840-embedded	.build/contract-reports/spec-008/latest-macos-dynamic.txt	759cf5945d69313ab3546965eace2ecc08da5ab3-8c912bd577cac4a7
SPEC-005-nrf52840-embedded	.build/contract-reports/spec-008/latest-macos-static.txt	759cf5945d69313ab3546965eace2ecc08da5ab3-8c912bd577cac4a7
SPEC-005-nrf52840-embedded	.build/contract-reports/spec-008/latest-nrf52840-embedded.txt	b18da84a0622e2d24bfc1da8ce17fdf0c89faea7-cf3969a84328c135
SPEC-005-nrf52840-embedded	.build/contract-reports/spec-008/latest-raspberry-pi-armv6.txt	759cf5945d69313ab3546965eace2ecc08da5ab3-8c912bd577cac4a7
SPEC-005-nrf52840-embedded	.build/contract-reports/spec-009/latest-macos-dynamic.txt	759cf5945d69313ab3546965eace2ecc08da5ab3-54aaea69d783eaaa
SPEC-005-nrf52840-embedded	.build/contract-reports/spec-009/latest-macos-static.txt	759cf5945d69313ab3546965eace2ecc08da5ab3-54aaea69d783eaaa
SPEC-005-nrf52840-embedded	.build/contract-reports/spec-009/latest-nrf52840-embedded.txt	b18da84a0622e2d24bfc1da8ce17fdf0c89faea7-16973c7d29593fdf
SPEC-005-nrf52840-embedded	.build/contract-reports/spec-009/latest-raspberry-pi-armv6.txt	759cf5945d69313ab3546965eace2ecc08da5ab3-54aaea69d783eaaa
SPEC-005-nrf52840-embedded	.build/contract-reports/spec-010/latest-macos-dynamic.txt	759cf5945d69313ab3546965eace2ecc08da5ab3-f09fa73a6913497f
SPEC-005-nrf52840-embedded	.build/contract-reports/spec-010/latest-macos-static.txt	759cf5945d69313ab3546965eace2ecc08da5ab3-f09fa73a6913497f
SPEC-005-nrf52840-embedded	.build/contract-reports/spec-010/latest-nrf52840-embedded.txt	b18da84a0622e2d24bfc1da8ce17fdf0c89faea7-195b7e7bafcc2d2b
SPEC-005-nrf52840-embedded	.build/contract-reports/spec-010/latest-raspberry-pi-armv6.txt	759cf5945d69313ab3546965eace2ecc08da5ab3-f09fa73a6913497f
SPEC-005-nrf52840-embedded	.build/contract-reports/spec-011/latest-macos-dynamic.txt	759cf5945d69313ab3546965eace2ecc08da5ab3-d93a5691c785f107
SPEC-005-nrf52840-embedded	.build/contract-reports/spec-011/latest-macos-static.txt	759cf5945d69313ab3546965eace2ecc08da5ab3-d93a5691c785f107
SPEC-005-nrf52840-embedded	.build/contract-reports/spec-011/latest-nrf52840-embedded.txt	b18da84a0622e2d24bfc1da8ce17fdf0c89faea7-457fc7e1b9000afd
SPEC-005-nrf52840-embedded	.build/contract-reports/spec-011/latest-raspberry-pi-armv6.txt	759cf5945d69313ab3546965eace2ecc08da5ab3-d93a5691c785f107
SPEC-005-nrf52840-embedded	.build/contract-reports/spec-012/latest-macos-dynamic.txt	759cf5945d69313ab3546965eace2ecc08da5ab3-fc0aae9586267865
SPEC-005-nrf52840-embedded	.build/contract-reports/spec-012/latest-macos-static.txt	759cf5945d69313ab3546965eace2ecc08da5ab3-fc0aae9586267865
SPEC-005-nrf52840-embedded	.build/contract-reports/spec-012/latest-nrf52840-embedded.txt	b18da84a0622e2d24bfc1da8ce17fdf0c89faea7-1c61dbad1d952f9d
SPEC-005-nrf52840-embedded	.build/contract-reports/spec-012/latest-raspberry-pi-armv6.txt	759cf5945d69313ab3546965eace2ecc08da5ab3-fc0aae9586267865
SPEC-005-nrf52840-embedded	.build/contract-reports/spec-013/latest-macos-dynamic.txt	759cf5945d69313ab3546965eace2ecc08da5ab3-d25973a2ebde9c96
SPEC-005-nrf52840-embedded	.build/contract-reports/spec-013/latest-macos-static.txt	759cf5945d69313ab3546965eace2ecc08da5ab3-d25973a2ebde9c96
SPEC-005-nrf52840-embedded	.build/contract-reports/spec-013/latest-nrf52840-embedded.txt	b18da84a0622e2d24bfc1da8ce17fdf0c89faea7-3011c2f2a2dbab33
SPEC-005-nrf52840-embedded	.build/contract-reports/spec-013/latest-raspberry-pi-armv6.txt	759cf5945d69313ab3546965eace2ecc08da5ab3-d25973a2ebde9c96
SPEC-005-nrf52840-embedded	.build/contract-reports/spec-015/latest-macos-dynamic.txt	759cf5945d69313ab3546965eace2ecc08da5ab3-d93a5691c785f107
SPEC-005-nrf52840-embedded	.build/contract-reports/spec-015/latest-macos-static.txt	759cf5945d69313ab3546965eace2ecc08da5ab3-d93a5691c785f107
SPEC-005-nrf52840-embedded	.build/contract-reports/spec-015/latest-nrf52840-embedded.txt	759cf5945d69313ab3546965eace2ecc08da5ab3-d93a5691c785f107
SPEC-005-nrf52840-embedded	.build/contract-reports/spec-015/latest-raspberry-pi-armv6.txt	759cf5945d69313ab3546965eace2ecc08da5ab3-d93a5691c785f107
published	/Users/eugene/work/GiftUI/.build/contract-reports/spec-006/759cf5945d69313ab3546965eace2ecc08da5ab3-e4e48e37d8c767c7/nrf52840-embedded	759cf5945d69313ab3546965eace2ecc08da5ab3-e4e48e37d8c767c7
SPEC-006-nrf52840-embedded	.build/contract-reports/spec-001/latest-macos-dynamic.txt	20261004T225647Z-28781
SPEC-006-nrf52840-embedded	.build/contract-reports/spec-001/latest-macos-static.txt	20261004T230354Z-41114
SPEC-006-nrf52840-embedded	.build/contract-reports/spec-001/latest-nrf52840-embedded.txt	20261004T232626Z-65897
SPEC-006-nrf52840-embedded	.build/contract-reports/spec-001/latest-raspberry-pi-armv6.txt	20261004T231058Z-53505
SPEC-006-nrf52840-embedded	.build/contract-reports/spec-002/latest-macos-dynamic.txt	759cf5945d69313ab3546965eace2ecc08da5ab3-d93a5691c785f107
SPEC-006-nrf52840-embedded	.build/contract-reports/spec-002/latest-macos-static.txt	759cf5945d69313ab3546965eace2ecc08da5ab3-d93a5691c785f107
SPEC-006-nrf52840-embedded	.build/contract-reports/spec-002/latest-nrf52840-embedded.txt	759cf5945d69313ab3546965eace2ecc08da5ab3-d93a5691c785f107
SPEC-006-nrf52840-embedded	.build/contract-reports/spec-002/latest-raspberry-pi-armv6.txt	759cf5945d69313ab3546965eace2ecc08da5ab3-d93a5691c785f107
SPEC-006-nrf52840-embedded	.build/contract-reports/spec-003/latest-macos-dynamic.txt	759cf5945d69313ab3546965eace2ecc08da5ab3-d93a5691c785f107
SPEC-006-nrf52840-embedded	.build/contract-reports/spec-003/latest-macos-static.txt	759cf5945d69313ab3546965eace2ecc08da5ab3-d93a5691c785f107
SPEC-006-nrf52840-embedded	.build/contract-reports/spec-003/latest-nrf52840-embedded.txt	759cf5945d69313ab3546965eace2ecc08da5ab3-d93a5691c785f107
SPEC-006-nrf52840-embedded	.build/contract-reports/spec-003/latest-raspberry-pi-armv6.txt	759cf5945d69313ab3546965eace2ecc08da5ab3-d93a5691c785f107
SPEC-006-nrf52840-embedded	.build/contract-reports/spec-004/latest-macos-dynamic.txt	759cf5945d69313ab3546965eace2ecc08da5ab3-d93a5691c785f107
SPEC-006-nrf52840-embedded	.build/contract-reports/spec-004/latest-macos-static.txt	759cf5945d69313ab3546965eace2ecc08da5ab3-d93a5691c785f107
SPEC-006-nrf52840-embedded	.build/contract-reports/spec-004/latest-nrf52840-embedded.txt	759cf5945d69313ab3546965eace2ecc08da5ab3-d93a5691c785f107
SPEC-006-nrf52840-embedded	.build/contract-reports/spec-004/latest-raspberry-pi-armv6.txt	759cf5945d69313ab3546965eace2ecc08da5ab3-d93a5691c785f107
SPEC-006-nrf52840-embedded	.build/contract-reports/spec-005/latest-macos-dynamic.txt	759cf5945d69313ab3546965eace2ecc08da5ab3-13497580cfa982fc
SPEC-006-nrf52840-embedded	.build/contract-reports/spec-005/latest-macos-static.txt	759cf5945d69313ab3546965eace2ecc08da5ab3-13497580cfa982fc
SPEC-006-nrf52840-embedded	.build/contract-reports/spec-005/latest-nrf52840-embedded.txt	759cf5945d69313ab3546965eace2ecc08da5ab3-13497580cfa982fc
SPEC-006-nrf52840-embedded	.build/contract-reports/spec-005/latest-raspberry-pi-armv6.txt	759cf5945d69313ab3546965eace2ecc08da5ab3-13497580cfa982fc
SPEC-006-nrf52840-embedded	.build/contract-reports/spec-006/latest-macos-dynamic.txt	759cf5945d69313ab3546965eace2ecc08da5ab3-e4e48e37d8c767c7
SPEC-006-nrf52840-embedded	.build/contract-reports/spec-006/latest-macos-static.txt	759cf5945d69313ab3546965eace2ecc08da5ab3-e4e48e37d8c767c7
SPEC-006-nrf52840-embedded	.build/contract-reports/spec-006/latest-nrf52840-embedded.txt	759cf5945d69313ab3546965eace2ecc08da5ab3-e4e48e37d8c767c7
SPEC-006-nrf52840-embedded	.build/contract-reports/spec-006/latest-raspberry-pi-armv6.txt	759cf5945d69313ab3546965eace2ecc08da5ab3-e4e48e37d8c767c7
SPEC-006-nrf52840-embedded	.build/contract-reports/spec-007/latest-macos-dynamic.txt	759cf5945d69313ab3546965eace2ecc08da5ab3-9c9b7b98bfb72db1
SPEC-006-nrf52840-embedded	.build/contract-reports/spec-007/latest-macos-static.txt	759cf5945d69313ab3546965eace2ecc08da5ab3-9c9b7b98bfb72db1
SPEC-006-nrf52840-embedded	.build/contract-reports/spec-007/latest-nrf52840-embedded.txt	b18da84a0622e2d24bfc1da8ce17fdf0c89faea7-88e8f7d4bd213aaf
SPEC-006-nrf52840-embedded	.build/contract-reports/spec-007/latest-raspberry-pi-armv6.txt	759cf5945d69313ab3546965eace2ecc08da5ab3-9c9b7b98bfb72db1
SPEC-006-nrf52840-embedded	.build/contract-reports/spec-008/latest-macos-dynamic.txt	759cf5945d69313ab3546965eace2ecc08da5ab3-8c912bd577cac4a7
SPEC-006-nrf52840-embedded	.build/contract-reports/spec-008/latest-macos-static.txt	759cf5945d69313ab3546965eace2ecc08da5ab3-8c912bd577cac4a7
SPEC-006-nrf52840-embedded	.build/contract-reports/spec-008/latest-nrf52840-embedded.txt	b18da84a0622e2d24bfc1da8ce17fdf0c89faea7-cf3969a84328c135
SPEC-006-nrf52840-embedded	.build/contract-reports/spec-008/latest-raspberry-pi-armv6.txt	759cf5945d69313ab3546965eace2ecc08da5ab3-8c912bd577cac4a7
SPEC-006-nrf52840-embedded	.build/contract-reports/spec-009/latest-macos-dynamic.txt	759cf5945d69313ab3546965eace2ecc08da5ab3-54aaea69d783eaaa
SPEC-006-nrf52840-embedded	.build/contract-reports/spec-009/latest-macos-static.txt	759cf5945d69313ab3546965eace2ecc08da5ab3-54aaea69d783eaaa
SPEC-006-nrf52840-embedded	.build/contract-reports/spec-009/latest-nrf52840-embedded.txt	b18da84a0622e2d24bfc1da8ce17fdf0c89faea7-16973c7d29593fdf
SPEC-006-nrf52840-embedded	.build/contract-reports/spec-009/latest-raspberry-pi-armv6.txt	759cf5945d69313ab3546965eace2ecc08da5ab3-54aaea69d783eaaa
SPEC-006-nrf52840-embedded	.build/contract-reports/spec-010/latest-macos-dynamic.txt	759cf5945d69313ab3546965eace2ecc08da5ab3-f09fa73a6913497f
SPEC-006-nrf52840-embedded	.build/contract-reports/spec-010/latest-macos-static.txt	759cf5945d69313ab3546965eace2ecc08da5ab3-f09fa73a6913497f
SPEC-006-nrf52840-embedded	.build/contract-reports/spec-010/latest-nrf52840-embedded.txt	b18da84a0622e2d24bfc1da8ce17fdf0c89faea7-195b7e7bafcc2d2b
SPEC-006-nrf52840-embedded	.build/contract-reports/spec-010/latest-raspberry-pi-armv6.txt	759cf5945d69313ab3546965eace2ecc08da5ab3-f09fa73a6913497f
SPEC-006-nrf52840-embedded	.build/contract-reports/spec-011/latest-macos-dynamic.txt	759cf5945d69313ab3546965eace2ecc08da5ab3-d93a5691c785f107
SPEC-006-nrf52840-embedded	.build/contract-reports/spec-011/latest-macos-static.txt	759cf5945d69313ab3546965eace2ecc08da5ab3-d93a5691c785f107
SPEC-006-nrf52840-embedded	.build/contract-reports/spec-011/latest-nrf52840-embedded.txt	b18da84a0622e2d24bfc1da8ce17fdf0c89faea7-457fc7e1b9000afd
SPEC-006-nrf52840-embedded	.build/contract-reports/spec-011/latest-raspberry-pi-armv6.txt	759cf5945d69313ab3546965eace2ecc08da5ab3-d93a5691c785f107
SPEC-006-nrf52840-embedded	.build/contract-reports/spec-012/latest-macos-dynamic.txt	759cf5945d69313ab3546965eace2ecc08da5ab3-fc0aae9586267865
SPEC-006-nrf52840-embedded	.build/contract-reports/spec-012/latest-macos-static.txt	759cf5945d69313ab3546965eace2ecc08da5ab3-fc0aae9586267865
SPEC-006-nrf52840-embedded	.build/contract-reports/spec-012/latest-nrf52840-embedded.txt	b18da84a0622e2d24bfc1da8ce17fdf0c89faea7-1c61dbad1d952f9d
SPEC-006-nrf52840-embedded	.build/contract-reports/spec-012/latest-raspberry-pi-armv6.txt	759cf5945d69313ab3546965eace2ecc08da5ab3-fc0aae9586267865
SPEC-006-nrf52840-embedded	.build/contract-reports/spec-013/latest-macos-dynamic.txt	759cf5945d69313ab3546965eace2ecc08da5ab3-d25973a2ebde9c96
SPEC-006-nrf52840-embedded	.build/contract-reports/spec-013/latest-macos-static.txt	759cf5945d69313ab3546965eace2ecc08da5ab3-d25973a2ebde9c96
SPEC-006-nrf52840-embedded	.build/contract-reports/spec-013/latest-nrf52840-embedded.txt	b18da84a0622e2d24bfc1da8ce17fdf0c89faea7-3011c2f2a2dbab33
SPEC-006-nrf52840-embedded	.build/contract-reports/spec-013/latest-raspberry-pi-armv6.txt	759cf5945d69313ab3546965eace2ecc08da5ab3-d25973a2ebde9c96
SPEC-006-nrf52840-embedded	.build/contract-reports/spec-015/latest-macos-dynamic.txt	759cf5945d69313ab3546965eace2ecc08da5ab3-d93a5691c785f107
SPEC-006-nrf52840-embedded	.build/contract-reports/spec-015/latest-macos-static.txt	759cf5945d69313ab3546965eace2ecc08da5ab3-d93a5691c785f107
SPEC-006-nrf52840-embedded	.build/contract-reports/spec-015/latest-nrf52840-embedded.txt	759cf5945d69313ab3546965eace2ecc08da5ab3-d93a5691c785f107
SPEC-006-nrf52840-embedded	.build/contract-reports/spec-015/latest-raspberry-pi-armv6.txt	759cf5945d69313ab3546965eace2ecc08da5ab3-d93a5691c785f107
published	/Users/eugene/work/GiftUI/.build/contract-reports/spec-007/759cf5945d69313ab3546965eace2ecc08da5ab3-9c9b7b98bfb72db1/nrf52840-embedded	759cf5945d69313ab3546965eace2ecc08da5ab3-9c9b7b98bfb72db1
SPEC-007-nrf52840-embedded	.build/contract-reports/spec-001/latest-macos-dynamic.txt	20261004T225647Z-28781
SPEC-007-nrf52840-embedded	.build/contract-reports/spec-001/latest-macos-static.txt	20261004T230354Z-41114
SPEC-007-nrf52840-embedded	.build/contract-reports/spec-001/latest-nrf52840-embedded.txt	20261004T232626Z-65897
SPEC-007-nrf52840-embedded	.build/contract-reports/spec-001/latest-raspberry-pi-armv6.txt	20261004T231058Z-53505
SPEC-007-nrf52840-embedded	.build/contract-reports/spec-002/latest-macos-dynamic.txt	759cf5945d69313ab3546965eace2ecc08da5ab3-d93a5691c785f107
SPEC-007-nrf52840-embedded	.build/contract-reports/spec-002/latest-macos-static.txt	759cf5945d69313ab3546965eace2ecc08da5ab3-d93a5691c785f107
SPEC-007-nrf52840-embedded	.build/contract-reports/spec-002/latest-nrf52840-embedded.txt	759cf5945d69313ab3546965eace2ecc08da5ab3-d93a5691c785f107
SPEC-007-nrf52840-embedded	.build/contract-reports/spec-002/latest-raspberry-pi-armv6.txt	759cf5945d69313ab3546965eace2ecc08da5ab3-d93a5691c785f107
SPEC-007-nrf52840-embedded	.build/contract-reports/spec-003/latest-macos-dynamic.txt	759cf5945d69313ab3546965eace2ecc08da5ab3-d93a5691c785f107
SPEC-007-nrf52840-embedded	.build/contract-reports/spec-003/latest-macos-static.txt	759cf5945d69313ab3546965eace2ecc08da5ab3-d93a5691c785f107
SPEC-007-nrf52840-embedded	.build/contract-reports/spec-003/latest-nrf52840-embedded.txt	759cf5945d69313ab3546965eace2ecc08da5ab3-d93a5691c785f107
SPEC-007-nrf52840-embedded	.build/contract-reports/spec-003/latest-raspberry-pi-armv6.txt	759cf5945d69313ab3546965eace2ecc08da5ab3-d93a5691c785f107
SPEC-007-nrf52840-embedded	.build/contract-reports/spec-004/latest-macos-dynamic.txt	759cf5945d69313ab3546965eace2ecc08da5ab3-d93a5691c785f107
SPEC-007-nrf52840-embedded	.build/contract-reports/spec-004/latest-macos-static.txt	759cf5945d69313ab3546965eace2ecc08da5ab3-d93a5691c785f107
SPEC-007-nrf52840-embedded	.build/contract-reports/spec-004/latest-nrf52840-embedded.txt	759cf5945d69313ab3546965eace2ecc08da5ab3-d93a5691c785f107
SPEC-007-nrf52840-embedded	.build/contract-reports/spec-004/latest-raspberry-pi-armv6.txt	759cf5945d69313ab3546965eace2ecc08da5ab3-d93a5691c785f107
SPEC-007-nrf52840-embedded	.build/contract-reports/spec-005/latest-macos-dynamic.txt	759cf5945d69313ab3546965eace2ecc08da5ab3-13497580cfa982fc
SPEC-007-nrf52840-embedded	.build/contract-reports/spec-005/latest-macos-static.txt	759cf5945d69313ab3546965eace2ecc08da5ab3-13497580cfa982fc
SPEC-007-nrf52840-embedded	.build/contract-reports/spec-005/latest-nrf52840-embedded.txt	759cf5945d69313ab3546965eace2ecc08da5ab3-13497580cfa982fc
SPEC-007-nrf52840-embedded	.build/contract-reports/spec-005/latest-raspberry-pi-armv6.txt	759cf5945d69313ab3546965eace2ecc08da5ab3-13497580cfa982fc
SPEC-007-nrf52840-embedded	.build/contract-reports/spec-006/latest-macos-dynamic.txt	759cf5945d69313ab3546965eace2ecc08da5ab3-e4e48e37d8c767c7
SPEC-007-nrf52840-embedded	.build/contract-reports/spec-006/latest-macos-static.txt	759cf5945d69313ab3546965eace2ecc08da5ab3-e4e48e37d8c767c7
SPEC-007-nrf52840-embedded	.build/contract-reports/spec-006/latest-nrf52840-embedded.txt	759cf5945d69313ab3546965eace2ecc08da5ab3-e4e48e37d8c767c7
SPEC-007-nrf52840-embedded	.build/contract-reports/spec-006/latest-raspberry-pi-armv6.txt	759cf5945d69313ab3546965eace2ecc08da5ab3-e4e48e37d8c767c7
SPEC-007-nrf52840-embedded	.build/contract-reports/spec-007/latest-macos-dynamic.txt	759cf5945d69313ab3546965eace2ecc08da5ab3-9c9b7b98bfb72db1
SPEC-007-nrf52840-embedded	.build/contract-reports/spec-007/latest-macos-static.txt	759cf5945d69313ab3546965eace2ecc08da5ab3-9c9b7b98bfb72db1
SPEC-007-nrf52840-embedded	.build/contract-reports/spec-007/latest-nrf52840-embedded.txt	759cf5945d69313ab3546965eace2ecc08da5ab3-9c9b7b98bfb72db1
SPEC-007-nrf52840-embedded	.build/contract-reports/spec-007/latest-raspberry-pi-armv6.txt	759cf5945d69313ab3546965eace2ecc08da5ab3-9c9b7b98bfb72db1
SPEC-007-nrf52840-embedded	.build/contract-reports/spec-008/latest-macos-dynamic.txt	759cf5945d69313ab3546965eace2ecc08da5ab3-8c912bd577cac4a7
SPEC-007-nrf52840-embedded	.build/contract-reports/spec-008/latest-macos-static.txt	759cf5945d69313ab3546965eace2ecc08da5ab3-8c912bd577cac4a7
SPEC-007-nrf52840-embedded	.build/contract-reports/spec-008/latest-nrf52840-embedded.txt	b18da84a0622e2d24bfc1da8ce17fdf0c89faea7-cf3969a84328c135
SPEC-007-nrf52840-embedded	.build/contract-reports/spec-008/latest-raspberry-pi-armv6.txt	759cf5945d69313ab3546965eace2ecc08da5ab3-8c912bd577cac4a7
SPEC-007-nrf52840-embedded	.build/contract-reports/spec-009/latest-macos-dynamic.txt	759cf5945d69313ab3546965eace2ecc08da5ab3-54aaea69d783eaaa
SPEC-007-nrf52840-embedded	.build/contract-reports/spec-009/latest-macos-static.txt	759cf5945d69313ab3546965eace2ecc08da5ab3-54aaea69d783eaaa
SPEC-007-nrf52840-embedded	.build/contract-reports/spec-009/latest-nrf52840-embedded.txt	b18da84a0622e2d24bfc1da8ce17fdf0c89faea7-16973c7d29593fdf
SPEC-007-nrf52840-embedded	.build/contract-reports/spec-009/latest-raspberry-pi-armv6.txt	759cf5945d69313ab3546965eace2ecc08da5ab3-54aaea69d783eaaa
SPEC-007-nrf52840-embedded	.build/contract-reports/spec-010/latest-macos-dynamic.txt	759cf5945d69313ab3546965eace2ecc08da5ab3-f09fa73a6913497f
SPEC-007-nrf52840-embedded	.build/contract-reports/spec-010/latest-macos-static.txt	759cf5945d69313ab3546965eace2ecc08da5ab3-f09fa73a6913497f
SPEC-007-nrf52840-embedded	.build/contract-reports/spec-010/latest-nrf52840-embedded.txt	b18da84a0622e2d24bfc1da8ce17fdf0c89faea7-195b7e7bafcc2d2b
SPEC-007-nrf52840-embedded	.build/contract-reports/spec-010/latest-raspberry-pi-armv6.txt	759cf5945d69313ab3546965eace2ecc08da5ab3-f09fa73a6913497f
SPEC-007-nrf52840-embedded	.build/contract-reports/spec-011/latest-macos-dynamic.txt	759cf5945d69313ab3546965eace2ecc08da5ab3-d93a5691c785f107
SPEC-007-nrf52840-embedded	.build/contract-reports/spec-011/latest-macos-static.txt	759cf5945d69313ab3546965eace2ecc08da5ab3-d93a5691c785f107
SPEC-007-nrf52840-embedded	.build/contract-reports/spec-011/latest-nrf52840-embedded.txt	b18da84a0622e2d24bfc1da8ce17fdf0c89faea7-457fc7e1b9000afd
SPEC-007-nrf52840-embedded	.build/contract-reports/spec-011/latest-raspberry-pi-armv6.txt	759cf5945d69313ab3546965eace2ecc08da5ab3-d93a5691c785f107
SPEC-007-nrf52840-embedded	.build/contract-reports/spec-012/latest-macos-dynamic.txt	759cf5945d69313ab3546965eace2ecc08da5ab3-fc0aae9586267865
SPEC-007-nrf52840-embedded	.build/contract-reports/spec-012/latest-macos-static.txt	759cf5945d69313ab3546965eace2ecc08da5ab3-fc0aae9586267865
SPEC-007-nrf52840-embedded	.build/contract-reports/spec-012/latest-nrf52840-embedded.txt	b18da84a0622e2d24bfc1da8ce17fdf0c89faea7-1c61dbad1d952f9d
SPEC-007-nrf52840-embedded	.build/contract-reports/spec-012/latest-raspberry-pi-armv6.txt	759cf5945d69313ab3546965eace2ecc08da5ab3-fc0aae9586267865
SPEC-007-nrf52840-embedded	.build/contract-reports/spec-013/latest-macos-dynamic.txt	759cf5945d69313ab3546965eace2ecc08da5ab3-d25973a2ebde9c96
SPEC-007-nrf52840-embedded	.build/contract-reports/spec-013/latest-macos-static.txt	759cf5945d69313ab3546965eace2ecc08da5ab3-d25973a2ebde9c96
SPEC-007-nrf52840-embedded	.build/contract-reports/spec-013/latest-nrf52840-embedded.txt	b18da84a0622e2d24bfc1da8ce17fdf0c89faea7-3011c2f2a2dbab33
SPEC-007-nrf52840-embedded	.build/contract-reports/spec-013/latest-raspberry-pi-armv6.txt	759cf5945d69313ab3546965eace2ecc08da5ab3-d25973a2ebde9c96
SPEC-007-nrf52840-embedded	.build/contract-reports/spec-015/latest-macos-dynamic.txt	759cf5945d69313ab3546965eace2ecc08da5ab3-d93a5691c785f107
SPEC-007-nrf52840-embedded	.build/contract-reports/spec-015/latest-macos-static.txt	759cf5945d69313ab3546965eace2ecc08da5ab3-d93a5691c785f107
SPEC-007-nrf52840-embedded	.build/contract-reports/spec-015/latest-nrf52840-embedded.txt	759cf5945d69313ab3546965eace2ecc08da5ab3-d93a5691c785f107
SPEC-007-nrf52840-embedded	.build/contract-reports/spec-015/latest-raspberry-pi-armv6.txt	759cf5945d69313ab3546965eace2ecc08da5ab3-d93a5691c785f107
published	/Users/eugene/work/GiftUI/.build/contract-reports/spec-008/759cf5945d69313ab3546965eace2ecc08da5ab3-8c912bd577cac4a7/nrf52840-embedded	759cf5945d69313ab3546965eace2ecc08da5ab3-8c912bd577cac4a7
SPEC-008-nrf52840-embedded	.build/contract-reports/spec-001/latest-macos-dynamic.txt	20261004T225647Z-28781
SPEC-008-nrf52840-embedded	.build/contract-reports/spec-001/latest-macos-static.txt	20261004T230354Z-41114
SPEC-008-nrf52840-embedded	.build/contract-reports/spec-001/latest-nrf52840-embedded.txt	20261004T232626Z-65897
SPEC-008-nrf52840-embedded	.build/contract-reports/spec-001/latest-raspberry-pi-armv6.txt	20261004T231058Z-53505
SPEC-008-nrf52840-embedded	.build/contract-reports/spec-002/latest-macos-dynamic.txt	759cf5945d69313ab3546965eace2ecc08da5ab3-d93a5691c785f107
SPEC-008-nrf52840-embedded	.build/contract-reports/spec-002/latest-macos-static.txt	759cf5945d69313ab3546965eace2ecc08da5ab3-d93a5691c785f107
SPEC-008-nrf52840-embedded	.build/contract-reports/spec-002/latest-nrf52840-embedded.txt	759cf5945d69313ab3546965eace2ecc08da5ab3-d93a5691c785f107
SPEC-008-nrf52840-embedded	.build/contract-reports/spec-002/latest-raspberry-pi-armv6.txt	759cf5945d69313ab3546965eace2ecc08da5ab3-d93a5691c785f107
SPEC-008-nrf52840-embedded	.build/contract-reports/spec-003/latest-macos-dynamic.txt	759cf5945d69313ab3546965eace2ecc08da5ab3-d93a5691c785f107
SPEC-008-nrf52840-embedded	.build/contract-reports/spec-003/latest-macos-static.txt	759cf5945d69313ab3546965eace2ecc08da5ab3-d93a5691c785f107
SPEC-008-nrf52840-embedded	.build/contract-reports/spec-003/latest-nrf52840-embedded.txt	759cf5945d69313ab3546965eace2ecc08da5ab3-d93a5691c785f107
SPEC-008-nrf52840-embedded	.build/contract-reports/spec-003/latest-raspberry-pi-armv6.txt	759cf5945d69313ab3546965eace2ecc08da5ab3-d93a5691c785f107
SPEC-008-nrf52840-embedded	.build/contract-reports/spec-004/latest-macos-dynamic.txt	759cf5945d69313ab3546965eace2ecc08da5ab3-d93a5691c785f107
SPEC-008-nrf52840-embedded	.build/contract-reports/spec-004/latest-macos-static.txt	759cf5945d69313ab3546965eace2ecc08da5ab3-d93a5691c785f107
SPEC-008-nrf52840-embedded	.build/contract-reports/spec-004/latest-nrf52840-embedded.txt	759cf5945d69313ab3546965eace2ecc08da5ab3-d93a5691c785f107
SPEC-008-nrf52840-embedded	.build/contract-reports/spec-004/latest-raspberry-pi-armv6.txt	759cf5945d69313ab3546965eace2ecc08da5ab3-d93a5691c785f107
SPEC-008-nrf52840-embedded	.build/contract-reports/spec-005/latest-macos-dynamic.txt	759cf5945d69313ab3546965eace2ecc08da5ab3-13497580cfa982fc
SPEC-008-nrf52840-embedded	.build/contract-reports/spec-005/latest-macos-static.txt	759cf5945d69313ab3546965eace2ecc08da5ab3-13497580cfa982fc
SPEC-008-nrf52840-embedded	.build/contract-reports/spec-005/latest-nrf52840-embedded.txt	759cf5945d69313ab3546965eace2ecc08da5ab3-13497580cfa982fc
SPEC-008-nrf52840-embedded	.build/contract-reports/spec-005/latest-raspberry-pi-armv6.txt	759cf5945d69313ab3546965eace2ecc08da5ab3-13497580cfa982fc
SPEC-008-nrf52840-embedded	.build/contract-reports/spec-006/latest-macos-dynamic.txt	759cf5945d69313ab3546965eace2ecc08da5ab3-e4e48e37d8c767c7
SPEC-008-nrf52840-embedded	.build/contract-reports/spec-006/latest-macos-static.txt	759cf5945d69313ab3546965eace2ecc08da5ab3-e4e48e37d8c767c7
SPEC-008-nrf52840-embedded	.build/contract-reports/spec-006/latest-nrf52840-embedded.txt	759cf5945d69313ab3546965eace2ecc08da5ab3-e4e48e37d8c767c7
SPEC-008-nrf52840-embedded	.build/contract-reports/spec-006/latest-raspberry-pi-armv6.txt	759cf5945d69313ab3546965eace2ecc08da5ab3-e4e48e37d8c767c7
SPEC-008-nrf52840-embedded	.build/contract-reports/spec-007/latest-macos-dynamic.txt	759cf5945d69313ab3546965eace2ecc08da5ab3-9c9b7b98bfb72db1
SPEC-008-nrf52840-embedded	.build/contract-reports/spec-007/latest-macos-static.txt	759cf5945d69313ab3546965eace2ecc08da5ab3-9c9b7b98bfb72db1
SPEC-008-nrf52840-embedded	.build/contract-reports/spec-007/latest-nrf52840-embedded.txt	759cf5945d69313ab3546965eace2ecc08da5ab3-9c9b7b98bfb72db1
SPEC-008-nrf52840-embedded	.build/contract-reports/spec-007/latest-raspberry-pi-armv6.txt	759cf5945d69313ab3546965eace2ecc08da5ab3-9c9b7b98bfb72db1
SPEC-008-nrf52840-embedded	.build/contract-reports/spec-008/latest-macos-dynamic.txt	759cf5945d69313ab3546965eace2ecc08da5ab3-8c912bd577cac4a7
SPEC-008-nrf52840-embedded	.build/contract-reports/spec-008/latest-macos-static.txt	759cf5945d69313ab3546965eace2ecc08da5ab3-8c912bd577cac4a7
SPEC-008-nrf52840-embedded	.build/contract-reports/spec-008/latest-nrf52840-embedded.txt	759cf5945d69313ab3546965eace2ecc08da5ab3-8c912bd577cac4a7
SPEC-008-nrf52840-embedded	.build/contract-reports/spec-008/latest-raspberry-pi-armv6.txt	759cf5945d69313ab3546965eace2ecc08da5ab3-8c912bd577cac4a7
SPEC-008-nrf52840-embedded	.build/contract-reports/spec-009/latest-macos-dynamic.txt	759cf5945d69313ab3546965eace2ecc08da5ab3-54aaea69d783eaaa
SPEC-008-nrf52840-embedded	.build/contract-reports/spec-009/latest-macos-static.txt	759cf5945d69313ab3546965eace2ecc08da5ab3-54aaea69d783eaaa
SPEC-008-nrf52840-embedded	.build/contract-reports/spec-009/latest-nrf52840-embedded.txt	b18da84a0622e2d24bfc1da8ce17fdf0c89faea7-16973c7d29593fdf
SPEC-008-nrf52840-embedded	.build/contract-reports/spec-009/latest-raspberry-pi-armv6.txt	759cf5945d69313ab3546965eace2ecc08da5ab3-54aaea69d783eaaa
SPEC-008-nrf52840-embedded	.build/contract-reports/spec-010/latest-macos-dynamic.txt	759cf5945d69313ab3546965eace2ecc08da5ab3-f09fa73a6913497f
SPEC-008-nrf52840-embedded	.build/contract-reports/spec-010/latest-macos-static.txt	759cf5945d69313ab3546965eace2ecc08da5ab3-f09fa73a6913497f
SPEC-008-nrf52840-embedded	.build/contract-reports/spec-010/latest-nrf52840-embedded.txt	b18da84a0622e2d24bfc1da8ce17fdf0c89faea7-195b7e7bafcc2d2b
SPEC-008-nrf52840-embedded	.build/contract-reports/spec-010/latest-raspberry-pi-armv6.txt	759cf5945d69313ab3546965eace2ecc08da5ab3-f09fa73a6913497f
SPEC-008-nrf52840-embedded	.build/contract-reports/spec-011/latest-macos-dynamic.txt	759cf5945d69313ab3546965eace2ecc08da5ab3-d93a5691c785f107
SPEC-008-nrf52840-embedded	.build/contract-reports/spec-011/latest-macos-static.txt	759cf5945d69313ab3546965eace2ecc08da5ab3-d93a5691c785f107
SPEC-008-nrf52840-embedded	.build/contract-reports/spec-011/latest-nrf52840-embedded.txt	b18da84a0622e2d24bfc1da8ce17fdf0c89faea7-457fc7e1b9000afd
SPEC-008-nrf52840-embedded	.build/contract-reports/spec-011/latest-raspberry-pi-armv6.txt	759cf5945d69313ab3546965eace2ecc08da5ab3-d93a5691c785f107
SPEC-008-nrf52840-embedded	.build/contract-reports/spec-012/latest-macos-dynamic.txt	759cf5945d69313ab3546965eace2ecc08da5ab3-fc0aae9586267865
SPEC-008-nrf52840-embedded	.build/contract-reports/spec-012/latest-macos-static.txt	759cf5945d69313ab3546965eace2ecc08da5ab3-fc0aae9586267865
SPEC-008-nrf52840-embedded	.build/contract-reports/spec-012/latest-nrf52840-embedded.txt	b18da84a0622e2d24bfc1da8ce17fdf0c89faea7-1c61dbad1d952f9d
SPEC-008-nrf52840-embedded	.build/contract-reports/spec-012/latest-raspberry-pi-armv6.txt	759cf5945d69313ab3546965eace2ecc08da5ab3-fc0aae9586267865
SPEC-008-nrf52840-embedded	.build/contract-reports/spec-013/latest-macos-dynamic.txt	759cf5945d69313ab3546965eace2ecc08da5ab3-d25973a2ebde9c96
SPEC-008-nrf52840-embedded	.build/contract-reports/spec-013/latest-macos-static.txt	759cf5945d69313ab3546965eace2ecc08da5ab3-d25973a2ebde9c96
SPEC-008-nrf52840-embedded	.build/contract-reports/spec-013/latest-nrf52840-embedded.txt	b18da84a0622e2d24bfc1da8ce17fdf0c89faea7-3011c2f2a2dbab33
SPEC-008-nrf52840-embedded	.build/contract-reports/spec-013/latest-raspberry-pi-armv6.txt	759cf5945d69313ab3546965eace2ecc08da5ab3-d25973a2ebde9c96
SPEC-008-nrf52840-embedded	.build/contract-reports/spec-015/latest-macos-dynamic.txt	759cf5945d69313ab3546965eace2ecc08da5ab3-d93a5691c785f107
SPEC-008-nrf52840-embedded	.build/contract-reports/spec-015/latest-macos-static.txt	759cf5945d69313ab3546965eace2ecc08da5ab3-d93a5691c785f107
SPEC-008-nrf52840-embedded	.build/contract-reports/spec-015/latest-nrf52840-embedded.txt	759cf5945d69313ab3546965eace2ecc08da5ab3-d93a5691c785f107
SPEC-008-nrf52840-embedded	.build/contract-reports/spec-015/latest-raspberry-pi-armv6.txt	759cf5945d69313ab3546965eace2ecc08da5ab3-d93a5691c785f107
published	/Users/eugene/work/GiftUI/.build/contract-reports/spec-009/759cf5945d69313ab3546965eace2ecc08da5ab3-54aaea69d783eaaa/nrf52840-embedded	759cf5945d69313ab3546965eace2ecc08da5ab3-54aaea69d783eaaa
SPEC-009-nrf52840-embedded	.build/contract-reports/spec-001/latest-macos-dynamic.txt	20261004T225647Z-28781
SPEC-009-nrf52840-embedded	.build/contract-reports/spec-001/latest-macos-static.txt	20261004T230354Z-41114
SPEC-009-nrf52840-embedded	.build/contract-reports/spec-001/latest-nrf52840-embedded.txt	20261004T232626Z-65897
SPEC-009-nrf52840-embedded	.build/contract-reports/spec-001/latest-raspberry-pi-armv6.txt	20261004T231058Z-53505
SPEC-009-nrf52840-embedded	.build/contract-reports/spec-002/latest-macos-dynamic.txt	759cf5945d69313ab3546965eace2ecc08da5ab3-d93a5691c785f107
SPEC-009-nrf52840-embedded	.build/contract-reports/spec-002/latest-macos-static.txt	759cf5945d69313ab3546965eace2ecc08da5ab3-d93a5691c785f107
SPEC-009-nrf52840-embedded	.build/contract-reports/spec-002/latest-nrf52840-embedded.txt	759cf5945d69313ab3546965eace2ecc08da5ab3-d93a5691c785f107
SPEC-009-nrf52840-embedded	.build/contract-reports/spec-002/latest-raspberry-pi-armv6.txt	759cf5945d69313ab3546965eace2ecc08da5ab3-d93a5691c785f107
SPEC-009-nrf52840-embedded	.build/contract-reports/spec-003/latest-macos-dynamic.txt	759cf5945d69313ab3546965eace2ecc08da5ab3-d93a5691c785f107
SPEC-009-nrf52840-embedded	.build/contract-reports/spec-003/latest-macos-static.txt	759cf5945d69313ab3546965eace2ecc08da5ab3-d93a5691c785f107
SPEC-009-nrf52840-embedded	.build/contract-reports/spec-003/latest-nrf52840-embedded.txt	759cf5945d69313ab3546965eace2ecc08da5ab3-d93a5691c785f107
SPEC-009-nrf52840-embedded	.build/contract-reports/spec-003/latest-raspberry-pi-armv6.txt	759cf5945d69313ab3546965eace2ecc08da5ab3-d93a5691c785f107
SPEC-009-nrf52840-embedded	.build/contract-reports/spec-004/latest-macos-dynamic.txt	759cf5945d69313ab3546965eace2ecc08da5ab3-d93a5691c785f107
SPEC-009-nrf52840-embedded	.build/contract-reports/spec-004/latest-macos-static.txt	759cf5945d69313ab3546965eace2ecc08da5ab3-d93a5691c785f107
SPEC-009-nrf52840-embedded	.build/contract-reports/spec-004/latest-nrf52840-embedded.txt	759cf5945d69313ab3546965eace2ecc08da5ab3-d93a5691c785f107
SPEC-009-nrf52840-embedded	.build/contract-reports/spec-004/latest-raspberry-pi-armv6.txt	759cf5945d69313ab3546965eace2ecc08da5ab3-d93a5691c785f107
SPEC-009-nrf52840-embedded	.build/contract-reports/spec-005/latest-macos-dynamic.txt	759cf5945d69313ab3546965eace2ecc08da5ab3-13497580cfa982fc
SPEC-009-nrf52840-embedded	.build/contract-reports/spec-005/latest-macos-static.txt	759cf5945d69313ab3546965eace2ecc08da5ab3-13497580cfa982fc
SPEC-009-nrf52840-embedded	.build/contract-reports/spec-005/latest-nrf52840-embedded.txt	759cf5945d69313ab3546965eace2ecc08da5ab3-13497580cfa982fc
SPEC-009-nrf52840-embedded	.build/contract-reports/spec-005/latest-raspberry-pi-armv6.txt	759cf5945d69313ab3546965eace2ecc08da5ab3-13497580cfa982fc
SPEC-009-nrf52840-embedded	.build/contract-reports/spec-006/latest-macos-dynamic.txt	759cf5945d69313ab3546965eace2ecc08da5ab3-e4e48e37d8c767c7
SPEC-009-nrf52840-embedded	.build/contract-reports/spec-006/latest-macos-static.txt	759cf5945d69313ab3546965eace2ecc08da5ab3-e4e48e37d8c767c7
SPEC-009-nrf52840-embedded	.build/contract-reports/spec-006/latest-nrf52840-embedded.txt	759cf5945d69313ab3546965eace2ecc08da5ab3-e4e48e37d8c767c7
SPEC-009-nrf52840-embedded	.build/contract-reports/spec-006/latest-raspberry-pi-armv6.txt	759cf5945d69313ab3546965eace2ecc08da5ab3-e4e48e37d8c767c7
SPEC-009-nrf52840-embedded	.build/contract-reports/spec-007/latest-macos-dynamic.txt	759cf5945d69313ab3546965eace2ecc08da5ab3-9c9b7b98bfb72db1
SPEC-009-nrf52840-embedded	.build/contract-reports/spec-007/latest-macos-static.txt	759cf5945d69313ab3546965eace2ecc08da5ab3-9c9b7b98bfb72db1
SPEC-009-nrf52840-embedded	.build/contract-reports/spec-007/latest-nrf52840-embedded.txt	759cf5945d69313ab3546965eace2ecc08da5ab3-9c9b7b98bfb72db1
SPEC-009-nrf52840-embedded	.build/contract-reports/spec-007/latest-raspberry-pi-armv6.txt	759cf5945d69313ab3546965eace2ecc08da5ab3-9c9b7b98bfb72db1
SPEC-009-nrf52840-embedded	.build/contract-reports/spec-008/latest-macos-dynamic.txt	759cf5945d69313ab3546965eace2ecc08da5ab3-8c912bd577cac4a7
SPEC-009-nrf52840-embedded	.build/contract-reports/spec-008/latest-macos-static.txt	759cf5945d69313ab3546965eace2ecc08da5ab3-8c912bd577cac4a7
SPEC-009-nrf52840-embedded	.build/contract-reports/spec-008/latest-nrf52840-embedded.txt	759cf5945d69313ab3546965eace2ecc08da5ab3-8c912bd577cac4a7
SPEC-009-nrf52840-embedded	.build/contract-reports/spec-008/latest-raspberry-pi-armv6.txt	759cf5945d69313ab3546965eace2ecc08da5ab3-8c912bd577cac4a7
SPEC-009-nrf52840-embedded	.build/contract-reports/spec-009/latest-macos-dynamic.txt	759cf5945d69313ab3546965eace2ecc08da5ab3-54aaea69d783eaaa
SPEC-009-nrf52840-embedded	.build/contract-reports/spec-009/latest-macos-static.txt	759cf5945d69313ab3546965eace2ecc08da5ab3-54aaea69d783eaaa
SPEC-009-nrf52840-embedded	.build/contract-reports/spec-009/latest-nrf52840-embedded.txt	759cf5945d69313ab3546965eace2ecc08da5ab3-54aaea69d783eaaa
SPEC-009-nrf52840-embedded	.build/contract-reports/spec-009/latest-raspberry-pi-armv6.txt	759cf5945d69313ab3546965eace2ecc08da5ab3-54aaea69d783eaaa
SPEC-009-nrf52840-embedded	.build/contract-reports/spec-010/latest-macos-dynamic.txt	759cf5945d69313ab3546965eace2ecc08da5ab3-f09fa73a6913497f
SPEC-009-nrf52840-embedded	.build/contract-reports/spec-010/latest-macos-static.txt	759cf5945d69313ab3546965eace2ecc08da5ab3-f09fa73a6913497f
SPEC-009-nrf52840-embedded	.build/contract-reports/spec-010/latest-nrf52840-embedded.txt	b18da84a0622e2d24bfc1da8ce17fdf0c89faea7-195b7e7bafcc2d2b
SPEC-009-nrf52840-embedded	.build/contract-reports/spec-010/latest-raspberry-pi-armv6.txt	759cf5945d69313ab3546965eace2ecc08da5ab3-f09fa73a6913497f
SPEC-009-nrf52840-embedded	.build/contract-reports/spec-011/latest-macos-dynamic.txt	759cf5945d69313ab3546965eace2ecc08da5ab3-d93a5691c785f107
SPEC-009-nrf52840-embedded	.build/contract-reports/spec-011/latest-macos-static.txt	759cf5945d69313ab3546965eace2ecc08da5ab3-d93a5691c785f107
SPEC-009-nrf52840-embedded	.build/contract-reports/spec-011/latest-nrf52840-embedded.txt	b18da84a0622e2d24bfc1da8ce17fdf0c89faea7-457fc7e1b9000afd
SPEC-009-nrf52840-embedded	.build/contract-reports/spec-011/latest-raspberry-pi-armv6.txt	759cf5945d69313ab3546965eace2ecc08da5ab3-d93a5691c785f107
SPEC-009-nrf52840-embedded	.build/contract-reports/spec-012/latest-macos-dynamic.txt	759cf5945d69313ab3546965eace2ecc08da5ab3-fc0aae9586267865
SPEC-009-nrf52840-embedded	.build/contract-reports/spec-012/latest-macos-static.txt	759cf5945d69313ab3546965eace2ecc08da5ab3-fc0aae9586267865
SPEC-009-nrf52840-embedded	.build/contract-reports/spec-012/latest-nrf52840-embedded.txt	b18da84a0622e2d24bfc1da8ce17fdf0c89faea7-1c61dbad1d952f9d
SPEC-009-nrf52840-embedded	.build/contract-reports/spec-012/latest-raspberry-pi-armv6.txt	759cf5945d69313ab3546965eace2ecc08da5ab3-fc0aae9586267865
SPEC-009-nrf52840-embedded	.build/contract-reports/spec-013/latest-macos-dynamic.txt	759cf5945d69313ab3546965eace2ecc08da5ab3-d25973a2ebde9c96
SPEC-009-nrf52840-embedded	.build/contract-reports/spec-013/latest-macos-static.txt	759cf5945d69313ab3546965eace2ecc08da5ab3-d25973a2ebde9c96
SPEC-009-nrf52840-embedded	.build/contract-reports/spec-013/latest-nrf52840-embedded.txt	b18da84a0622e2d24bfc1da8ce17fdf0c89faea7-3011c2f2a2dbab33
SPEC-009-nrf52840-embedded	.build/contract-reports/spec-013/latest-raspberry-pi-armv6.txt	759cf5945d69313ab3546965eace2ecc08da5ab3-d25973a2ebde9c96
SPEC-009-nrf52840-embedded	.build/contract-reports/spec-015/latest-macos-dynamic.txt	759cf5945d69313ab3546965eace2ecc08da5ab3-d93a5691c785f107
SPEC-009-nrf52840-embedded	.build/contract-reports/spec-015/latest-macos-static.txt	759cf5945d69313ab3546965eace2ecc08da5ab3-d93a5691c785f107
SPEC-009-nrf52840-embedded	.build/contract-reports/spec-015/latest-nrf52840-embedded.txt	759cf5945d69313ab3546965eace2ecc08da5ab3-d93a5691c785f107
SPEC-009-nrf52840-embedded	.build/contract-reports/spec-015/latest-raspberry-pi-armv6.txt	759cf5945d69313ab3546965eace2ecc08da5ab3-d93a5691c785f107
published	/Users/eugene/work/GiftUI/.build/contract-reports/spec-010/759cf5945d69313ab3546965eace2ecc08da5ab3-f09fa73a6913497f/nrf52840-embedded	759cf5945d69313ab3546965eace2ecc08da5ab3-f09fa73a6913497f
SPEC-010-nrf52840-embedded	.build/contract-reports/spec-001/latest-macos-dynamic.txt	20261004T225647Z-28781
SPEC-010-nrf52840-embedded	.build/contract-reports/spec-001/latest-macos-static.txt	20261004T230354Z-41114
SPEC-010-nrf52840-embedded	.build/contract-reports/spec-001/latest-nrf52840-embedded.txt	20261004T232626Z-65897
SPEC-010-nrf52840-embedded	.build/contract-reports/spec-001/latest-raspberry-pi-armv6.txt	20261004T231058Z-53505
SPEC-010-nrf52840-embedded	.build/contract-reports/spec-002/latest-macos-dynamic.txt	759cf5945d69313ab3546965eace2ecc08da5ab3-d93a5691c785f107
SPEC-010-nrf52840-embedded	.build/contract-reports/spec-002/latest-macos-static.txt	759cf5945d69313ab3546965eace2ecc08da5ab3-d93a5691c785f107
SPEC-010-nrf52840-embedded	.build/contract-reports/spec-002/latest-nrf52840-embedded.txt	759cf5945d69313ab3546965eace2ecc08da5ab3-d93a5691c785f107
SPEC-010-nrf52840-embedded	.build/contract-reports/spec-002/latest-raspberry-pi-armv6.txt	759cf5945d69313ab3546965eace2ecc08da5ab3-d93a5691c785f107
SPEC-010-nrf52840-embedded	.build/contract-reports/spec-003/latest-macos-dynamic.txt	759cf5945d69313ab3546965eace2ecc08da5ab3-d93a5691c785f107
SPEC-010-nrf52840-embedded	.build/contract-reports/spec-003/latest-macos-static.txt	759cf5945d69313ab3546965eace2ecc08da5ab3-d93a5691c785f107
SPEC-010-nrf52840-embedded	.build/contract-reports/spec-003/latest-nrf52840-embedded.txt	759cf5945d69313ab3546965eace2ecc08da5ab3-d93a5691c785f107
SPEC-010-nrf52840-embedded	.build/contract-reports/spec-003/latest-raspberry-pi-armv6.txt	759cf5945d69313ab3546965eace2ecc08da5ab3-d93a5691c785f107
SPEC-010-nrf52840-embedded	.build/contract-reports/spec-004/latest-macos-dynamic.txt	759cf5945d69313ab3546965eace2ecc08da5ab3-d93a5691c785f107
SPEC-010-nrf52840-embedded	.build/contract-reports/spec-004/latest-macos-static.txt	759cf5945d69313ab3546965eace2ecc08da5ab3-d93a5691c785f107
SPEC-010-nrf52840-embedded	.build/contract-reports/spec-004/latest-nrf52840-embedded.txt	759cf5945d69313ab3546965eace2ecc08da5ab3-d93a5691c785f107
SPEC-010-nrf52840-embedded	.build/contract-reports/spec-004/latest-raspberry-pi-armv6.txt	759cf5945d69313ab3546965eace2ecc08da5ab3-d93a5691c785f107
SPEC-010-nrf52840-embedded	.build/contract-reports/spec-005/latest-macos-dynamic.txt	759cf5945d69313ab3546965eace2ecc08da5ab3-13497580cfa982fc
SPEC-010-nrf52840-embedded	.build/contract-reports/spec-005/latest-macos-static.txt	759cf5945d69313ab3546965eace2ecc08da5ab3-13497580cfa982fc
SPEC-010-nrf52840-embedded	.build/contract-reports/spec-005/latest-nrf52840-embedded.txt	759cf5945d69313ab3546965eace2ecc08da5ab3-13497580cfa982fc
SPEC-010-nrf52840-embedded	.build/contract-reports/spec-005/latest-raspberry-pi-armv6.txt	759cf5945d69313ab3546965eace2ecc08da5ab3-13497580cfa982fc
SPEC-010-nrf52840-embedded	.build/contract-reports/spec-006/latest-macos-dynamic.txt	759cf5945d69313ab3546965eace2ecc08da5ab3-e4e48e37d8c767c7
SPEC-010-nrf52840-embedded	.build/contract-reports/spec-006/latest-macos-static.txt	759cf5945d69313ab3546965eace2ecc08da5ab3-e4e48e37d8c767c7
SPEC-010-nrf52840-embedded	.build/contract-reports/spec-006/latest-nrf52840-embedded.txt	759cf5945d69313ab3546965eace2ecc08da5ab3-e4e48e37d8c767c7
SPEC-010-nrf52840-embedded	.build/contract-reports/spec-006/latest-raspberry-pi-armv6.txt	759cf5945d69313ab3546965eace2ecc08da5ab3-e4e48e37d8c767c7
SPEC-010-nrf52840-embedded	.build/contract-reports/spec-007/latest-macos-dynamic.txt	759cf5945d69313ab3546965eace2ecc08da5ab3-9c9b7b98bfb72db1
SPEC-010-nrf52840-embedded	.build/contract-reports/spec-007/latest-macos-static.txt	759cf5945d69313ab3546965eace2ecc08da5ab3-9c9b7b98bfb72db1
SPEC-010-nrf52840-embedded	.build/contract-reports/spec-007/latest-nrf52840-embedded.txt	759cf5945d69313ab3546965eace2ecc08da5ab3-9c9b7b98bfb72db1
SPEC-010-nrf52840-embedded	.build/contract-reports/spec-007/latest-raspberry-pi-armv6.txt	759cf5945d69313ab3546965eace2ecc08da5ab3-9c9b7b98bfb72db1
SPEC-010-nrf52840-embedded	.build/contract-reports/spec-008/latest-macos-dynamic.txt	759cf5945d69313ab3546965eace2ecc08da5ab3-8c912bd577cac4a7
SPEC-010-nrf52840-embedded	.build/contract-reports/spec-008/latest-macos-static.txt	759cf5945d69313ab3546965eace2ecc08da5ab3-8c912bd577cac4a7
SPEC-010-nrf52840-embedded	.build/contract-reports/spec-008/latest-nrf52840-embedded.txt	759cf5945d69313ab3546965eace2ecc08da5ab3-8c912bd577cac4a7
SPEC-010-nrf52840-embedded	.build/contract-reports/spec-008/latest-raspberry-pi-armv6.txt	759cf5945d69313ab3546965eace2ecc08da5ab3-8c912bd577cac4a7
SPEC-010-nrf52840-embedded	.build/contract-reports/spec-009/latest-macos-dynamic.txt	759cf5945d69313ab3546965eace2ecc08da5ab3-54aaea69d783eaaa
SPEC-010-nrf52840-embedded	.build/contract-reports/spec-009/latest-macos-static.txt	759cf5945d69313ab3546965eace2ecc08da5ab3-54aaea69d783eaaa
SPEC-010-nrf52840-embedded	.build/contract-reports/spec-009/latest-nrf52840-embedded.txt	759cf5945d69313ab3546965eace2ecc08da5ab3-54aaea69d783eaaa
SPEC-010-nrf52840-embedded	.build/contract-reports/spec-009/latest-raspberry-pi-armv6.txt	759cf5945d69313ab3546965eace2ecc08da5ab3-54aaea69d783eaaa
SPEC-010-nrf52840-embedded	.build/contract-reports/spec-010/latest-macos-dynamic.txt	759cf5945d69313ab3546965eace2ecc08da5ab3-f09fa73a6913497f
SPEC-010-nrf52840-embedded	.build/contract-reports/spec-010/latest-macos-static.txt	759cf5945d69313ab3546965eace2ecc08da5ab3-f09fa73a6913497f
SPEC-010-nrf52840-embedded	.build/contract-reports/spec-010/latest-nrf52840-embedded.txt	759cf5945d69313ab3546965eace2ecc08da5ab3-f09fa73a6913497f
SPEC-010-nrf52840-embedded	.build/contract-reports/spec-010/latest-raspberry-pi-armv6.txt	759cf5945d69313ab3546965eace2ecc08da5ab3-f09fa73a6913497f
SPEC-010-nrf52840-embedded	.build/contract-reports/spec-011/latest-macos-dynamic.txt	759cf5945d69313ab3546965eace2ecc08da5ab3-d93a5691c785f107
SPEC-010-nrf52840-embedded	.build/contract-reports/spec-011/latest-macos-static.txt	759cf5945d69313ab3546965eace2ecc08da5ab3-d93a5691c785f107
SPEC-010-nrf52840-embedded	.build/contract-reports/spec-011/latest-nrf52840-embedded.txt	b18da84a0622e2d24bfc1da8ce17fdf0c89faea7-457fc7e1b9000afd
SPEC-010-nrf52840-embedded	.build/contract-reports/spec-011/latest-raspberry-pi-armv6.txt	759cf5945d69313ab3546965eace2ecc08da5ab3-d93a5691c785f107
SPEC-010-nrf52840-embedded	.build/contract-reports/spec-012/latest-macos-dynamic.txt	759cf5945d69313ab3546965eace2ecc08da5ab3-fc0aae9586267865
SPEC-010-nrf52840-embedded	.build/contract-reports/spec-012/latest-macos-static.txt	759cf5945d69313ab3546965eace2ecc08da5ab3-fc0aae9586267865
SPEC-010-nrf52840-embedded	.build/contract-reports/spec-012/latest-nrf52840-embedded.txt	b18da84a0622e2d24bfc1da8ce17fdf0c89faea7-1c61dbad1d952f9d
SPEC-010-nrf52840-embedded	.build/contract-reports/spec-012/latest-raspberry-pi-armv6.txt	759cf5945d69313ab3546965eace2ecc08da5ab3-fc0aae9586267865
SPEC-010-nrf52840-embedded	.build/contract-reports/spec-013/latest-macos-dynamic.txt	759cf5945d69313ab3546965eace2ecc08da5ab3-d25973a2ebde9c96
SPEC-010-nrf52840-embedded	.build/contract-reports/spec-013/latest-macos-static.txt	759cf5945d69313ab3546965eace2ecc08da5ab3-d25973a2ebde9c96
SPEC-010-nrf52840-embedded	.build/contract-reports/spec-013/latest-nrf52840-embedded.txt	b18da84a0622e2d24bfc1da8ce17fdf0c89faea7-3011c2f2a2dbab33
SPEC-010-nrf52840-embedded	.build/contract-reports/spec-013/latest-raspberry-pi-armv6.txt	759cf5945d69313ab3546965eace2ecc08da5ab3-d25973a2ebde9c96
SPEC-010-nrf52840-embedded	.build/contract-reports/spec-015/latest-macos-dynamic.txt	759cf5945d69313ab3546965eace2ecc08da5ab3-d93a5691c785f107
SPEC-010-nrf52840-embedded	.build/contract-reports/spec-015/latest-macos-static.txt	759cf5945d69313ab3546965eace2ecc08da5ab3-d93a5691c785f107
SPEC-010-nrf52840-embedded	.build/contract-reports/spec-015/latest-nrf52840-embedded.txt	759cf5945d69313ab3546965eace2ecc08da5ab3-d93a5691c785f107
SPEC-010-nrf52840-embedded	.build/contract-reports/spec-015/latest-raspberry-pi-armv6.txt	759cf5945d69313ab3546965eace2ecc08da5ab3-d93a5691c785f107
published	/Users/eugene/work/GiftUI/.build/contract-reports/spec-013/759cf5945d69313ab3546965eace2ecc08da5ab3-d25973a2ebde9c96/nrf52840-embedded	759cf5945d69313ab3546965eace2ecc08da5ab3-d25973a2ebde9c96
published	/Users/eugene/work/GiftUI/.build/contract-reports/spec-011/759cf5945d69313ab3546965eace2ecc08da5ab3-d93a5691c785f107/nrf52840-embedded	759cf5945d69313ab3546965eace2ecc08da5ab3-d93a5691c785f107
SPEC-011-nrf52840-embedded	.build/contract-reports/spec-001/latest-macos-dynamic.txt	20261004T225647Z-28781
SPEC-011-nrf52840-embedded	.build/contract-reports/spec-001/latest-macos-static.txt	20261004T230354Z-41114
SPEC-011-nrf52840-embedded	.build/contract-reports/spec-001/latest-nrf52840-embedded.txt	20261004T232626Z-65897
SPEC-011-nrf52840-embedded	.build/contract-reports/spec-001/latest-raspberry-pi-armv6.txt	20261004T231058Z-53505
SPEC-011-nrf52840-embedded	.build/contract-reports/spec-002/latest-macos-dynamic.txt	759cf5945d69313ab3546965eace2ecc08da5ab3-d93a5691c785f107
SPEC-011-nrf52840-embedded	.build/contract-reports/spec-002/latest-macos-static.txt	759cf5945d69313ab3546965eace2ecc08da5ab3-d93a5691c785f107
SPEC-011-nrf52840-embedded	.build/contract-reports/spec-002/latest-nrf52840-embedded.txt	759cf5945d69313ab3546965eace2ecc08da5ab3-d93a5691c785f107
SPEC-011-nrf52840-embedded	.build/contract-reports/spec-002/latest-raspberry-pi-armv6.txt	759cf5945d69313ab3546965eace2ecc08da5ab3-d93a5691c785f107
SPEC-011-nrf52840-embedded	.build/contract-reports/spec-003/latest-macos-dynamic.txt	759cf5945d69313ab3546965eace2ecc08da5ab3-d93a5691c785f107
SPEC-011-nrf52840-embedded	.build/contract-reports/spec-003/latest-macos-static.txt	759cf5945d69313ab3546965eace2ecc08da5ab3-d93a5691c785f107
SPEC-011-nrf52840-embedded	.build/contract-reports/spec-003/latest-nrf52840-embedded.txt	759cf5945d69313ab3546965eace2ecc08da5ab3-d93a5691c785f107
SPEC-011-nrf52840-embedded	.build/contract-reports/spec-003/latest-raspberry-pi-armv6.txt	759cf5945d69313ab3546965eace2ecc08da5ab3-d93a5691c785f107
SPEC-011-nrf52840-embedded	.build/contract-reports/spec-004/latest-macos-dynamic.txt	759cf5945d69313ab3546965eace2ecc08da5ab3-d93a5691c785f107
SPEC-011-nrf52840-embedded	.build/contract-reports/spec-004/latest-macos-static.txt	759cf5945d69313ab3546965eace2ecc08da5ab3-d93a5691c785f107
SPEC-011-nrf52840-embedded	.build/contract-reports/spec-004/latest-nrf52840-embedded.txt	759cf5945d69313ab3546965eace2ecc08da5ab3-d93a5691c785f107
SPEC-011-nrf52840-embedded	.build/contract-reports/spec-004/latest-raspberry-pi-armv6.txt	759cf5945d69313ab3546965eace2ecc08da5ab3-d93a5691c785f107
SPEC-011-nrf52840-embedded	.build/contract-reports/spec-005/latest-macos-dynamic.txt	759cf5945d69313ab3546965eace2ecc08da5ab3-13497580cfa982fc
SPEC-011-nrf52840-embedded	.build/contract-reports/spec-005/latest-macos-static.txt	759cf5945d69313ab3546965eace2ecc08da5ab3-13497580cfa982fc
SPEC-011-nrf52840-embedded	.build/contract-reports/spec-005/latest-nrf52840-embedded.txt	759cf5945d69313ab3546965eace2ecc08da5ab3-13497580cfa982fc
SPEC-011-nrf52840-embedded	.build/contract-reports/spec-005/latest-raspberry-pi-armv6.txt	759cf5945d69313ab3546965eace2ecc08da5ab3-13497580cfa982fc
SPEC-011-nrf52840-embedded	.build/contract-reports/spec-006/latest-macos-dynamic.txt	759cf5945d69313ab3546965eace2ecc08da5ab3-e4e48e37d8c767c7
SPEC-011-nrf52840-embedded	.build/contract-reports/spec-006/latest-macos-static.txt	759cf5945d69313ab3546965eace2ecc08da5ab3-e4e48e37d8c767c7
SPEC-011-nrf52840-embedded	.build/contract-reports/spec-006/latest-nrf52840-embedded.txt	759cf5945d69313ab3546965eace2ecc08da5ab3-e4e48e37d8c767c7
SPEC-011-nrf52840-embedded	.build/contract-reports/spec-006/latest-raspberry-pi-armv6.txt	759cf5945d69313ab3546965eace2ecc08da5ab3-e4e48e37d8c767c7
SPEC-011-nrf52840-embedded	.build/contract-reports/spec-007/latest-macos-dynamic.txt	759cf5945d69313ab3546965eace2ecc08da5ab3-9c9b7b98bfb72db1
SPEC-011-nrf52840-embedded	.build/contract-reports/spec-007/latest-macos-static.txt	759cf5945d69313ab3546965eace2ecc08da5ab3-9c9b7b98bfb72db1
SPEC-011-nrf52840-embedded	.build/contract-reports/spec-007/latest-nrf52840-embedded.txt	759cf5945d69313ab3546965eace2ecc08da5ab3-9c9b7b98bfb72db1
SPEC-011-nrf52840-embedded	.build/contract-reports/spec-007/latest-raspberry-pi-armv6.txt	759cf5945d69313ab3546965eace2ecc08da5ab3-9c9b7b98bfb72db1
SPEC-011-nrf52840-embedded	.build/contract-reports/spec-008/latest-macos-dynamic.txt	759cf5945d69313ab3546965eace2ecc08da5ab3-8c912bd577cac4a7
SPEC-011-nrf52840-embedded	.build/contract-reports/spec-008/latest-macos-static.txt	759cf5945d69313ab3546965eace2ecc08da5ab3-8c912bd577cac4a7
SPEC-011-nrf52840-embedded	.build/contract-reports/spec-008/latest-nrf52840-embedded.txt	759cf5945d69313ab3546965eace2ecc08da5ab3-8c912bd577cac4a7
SPEC-011-nrf52840-embedded	.build/contract-reports/spec-008/latest-raspberry-pi-armv6.txt	759cf5945d69313ab3546965eace2ecc08da5ab3-8c912bd577cac4a7
SPEC-011-nrf52840-embedded	.build/contract-reports/spec-009/latest-macos-dynamic.txt	759cf5945d69313ab3546965eace2ecc08da5ab3-54aaea69d783eaaa
SPEC-011-nrf52840-embedded	.build/contract-reports/spec-009/latest-macos-static.txt	759cf5945d69313ab3546965eace2ecc08da5ab3-54aaea69d783eaaa
SPEC-011-nrf52840-embedded	.build/contract-reports/spec-009/latest-nrf52840-embedded.txt	759cf5945d69313ab3546965eace2ecc08da5ab3-54aaea69d783eaaa
SPEC-011-nrf52840-embedded	.build/contract-reports/spec-009/latest-raspberry-pi-armv6.txt	759cf5945d69313ab3546965eace2ecc08da5ab3-54aaea69d783eaaa
SPEC-011-nrf52840-embedded	.build/contract-reports/spec-010/latest-macos-dynamic.txt	759cf5945d69313ab3546965eace2ecc08da5ab3-f09fa73a6913497f
SPEC-011-nrf52840-embedded	.build/contract-reports/spec-010/latest-macos-static.txt	759cf5945d69313ab3546965eace2ecc08da5ab3-f09fa73a6913497f
SPEC-011-nrf52840-embedded	.build/contract-reports/spec-010/latest-nrf52840-embedded.txt	759cf5945d69313ab3546965eace2ecc08da5ab3-f09fa73a6913497f
SPEC-011-nrf52840-embedded	.build/contract-reports/spec-010/latest-raspberry-pi-armv6.txt	759cf5945d69313ab3546965eace2ecc08da5ab3-f09fa73a6913497f
SPEC-011-nrf52840-embedded	.build/contract-reports/spec-011/latest-macos-dynamic.txt	759cf5945d69313ab3546965eace2ecc08da5ab3-d93a5691c785f107
SPEC-011-nrf52840-embedded	.build/contract-reports/spec-011/latest-macos-static.txt	759cf5945d69313ab3546965eace2ecc08da5ab3-d93a5691c785f107
SPEC-011-nrf52840-embedded	.build/contract-reports/spec-011/latest-nrf52840-embedded.txt	759cf5945d69313ab3546965eace2ecc08da5ab3-d93a5691c785f107
SPEC-011-nrf52840-embedded	.build/contract-reports/spec-011/latest-raspberry-pi-armv6.txt	759cf5945d69313ab3546965eace2ecc08da5ab3-d93a5691c785f107
SPEC-011-nrf52840-embedded	.build/contract-reports/spec-012/latest-macos-dynamic.txt	759cf5945d69313ab3546965eace2ecc08da5ab3-fc0aae9586267865
SPEC-011-nrf52840-embedded	.build/contract-reports/spec-012/latest-macos-static.txt	759cf5945d69313ab3546965eace2ecc08da5ab3-fc0aae9586267865
SPEC-011-nrf52840-embedded	.build/contract-reports/spec-012/latest-nrf52840-embedded.txt	b18da84a0622e2d24bfc1da8ce17fdf0c89faea7-1c61dbad1d952f9d
SPEC-011-nrf52840-embedded	.build/contract-reports/spec-012/latest-raspberry-pi-armv6.txt	759cf5945d69313ab3546965eace2ecc08da5ab3-fc0aae9586267865
SPEC-011-nrf52840-embedded	.build/contract-reports/spec-013/latest-macos-dynamic.txt	759cf5945d69313ab3546965eace2ecc08da5ab3-d25973a2ebde9c96
SPEC-011-nrf52840-embedded	.build/contract-reports/spec-013/latest-macos-static.txt	759cf5945d69313ab3546965eace2ecc08da5ab3-d25973a2ebde9c96
SPEC-011-nrf52840-embedded	.build/contract-reports/spec-013/latest-nrf52840-embedded.txt	759cf5945d69313ab3546965eace2ecc08da5ab3-d25973a2ebde9c96
SPEC-011-nrf52840-embedded	.build/contract-reports/spec-013/latest-raspberry-pi-armv6.txt	759cf5945d69313ab3546965eace2ecc08da5ab3-d25973a2ebde9c96
SPEC-011-nrf52840-embedded	.build/contract-reports/spec-015/latest-macos-dynamic.txt	759cf5945d69313ab3546965eace2ecc08da5ab3-d93a5691c785f107
SPEC-011-nrf52840-embedded	.build/contract-reports/spec-015/latest-macos-static.txt	759cf5945d69313ab3546965eace2ecc08da5ab3-d93a5691c785f107
SPEC-011-nrf52840-embedded	.build/contract-reports/spec-015/latest-nrf52840-embedded.txt	759cf5945d69313ab3546965eace2ecc08da5ab3-d93a5691c785f107
SPEC-011-nrf52840-embedded	.build/contract-reports/spec-015/latest-raspberry-pi-armv6.txt	759cf5945d69313ab3546965eace2ecc08da5ab3-d93a5691c785f107
published	/Users/eugene/work/GiftUI/.build/contract-reports/spec-012/759cf5945d69313ab3546965eace2ecc08da5ab3-fc0aae9586267865/nrf52840-embedded	759cf5945d69313ab3546965eace2ecc08da5ab3-fc0aae9586267865
SPEC-012-nrf52840-embedded	.build/contract-reports/spec-001/latest-macos-dynamic.txt	20261004T225647Z-28781
SPEC-012-nrf52840-embedded	.build/contract-reports/spec-001/latest-macos-static.txt	20261004T230354Z-41114
SPEC-012-nrf52840-embedded	.build/contract-reports/spec-001/latest-nrf52840-embedded.txt	20261004T232626Z-65897
SPEC-012-nrf52840-embedded	.build/contract-reports/spec-001/latest-raspberry-pi-armv6.txt	20261004T231058Z-53505
SPEC-012-nrf52840-embedded	.build/contract-reports/spec-002/latest-macos-dynamic.txt	759cf5945d69313ab3546965eace2ecc08da5ab3-d93a5691c785f107
SPEC-012-nrf52840-embedded	.build/contract-reports/spec-002/latest-macos-static.txt	759cf5945d69313ab3546965eace2ecc08da5ab3-d93a5691c785f107
SPEC-012-nrf52840-embedded	.build/contract-reports/spec-002/latest-nrf52840-embedded.txt	759cf5945d69313ab3546965eace2ecc08da5ab3-d93a5691c785f107
SPEC-012-nrf52840-embedded	.build/contract-reports/spec-002/latest-raspberry-pi-armv6.txt	759cf5945d69313ab3546965eace2ecc08da5ab3-d93a5691c785f107
SPEC-012-nrf52840-embedded	.build/contract-reports/spec-003/latest-macos-dynamic.txt	759cf5945d69313ab3546965eace2ecc08da5ab3-d93a5691c785f107
SPEC-012-nrf52840-embedded	.build/contract-reports/spec-003/latest-macos-static.txt	759cf5945d69313ab3546965eace2ecc08da5ab3-d93a5691c785f107
SPEC-012-nrf52840-embedded	.build/contract-reports/spec-003/latest-nrf52840-embedded.txt	759cf5945d69313ab3546965eace2ecc08da5ab3-d93a5691c785f107
SPEC-012-nrf52840-embedded	.build/contract-reports/spec-003/latest-raspberry-pi-armv6.txt	759cf5945d69313ab3546965eace2ecc08da5ab3-d93a5691c785f107
SPEC-012-nrf52840-embedded	.build/contract-reports/spec-004/latest-macos-dynamic.txt	759cf5945d69313ab3546965eace2ecc08da5ab3-d93a5691c785f107
SPEC-012-nrf52840-embedded	.build/contract-reports/spec-004/latest-macos-static.txt	759cf5945d69313ab3546965eace2ecc08da5ab3-d93a5691c785f107
SPEC-012-nrf52840-embedded	.build/contract-reports/spec-004/latest-nrf52840-embedded.txt	759cf5945d69313ab3546965eace2ecc08da5ab3-d93a5691c785f107
SPEC-012-nrf52840-embedded	.build/contract-reports/spec-004/latest-raspberry-pi-armv6.txt	759cf5945d69313ab3546965eace2ecc08da5ab3-d93a5691c785f107
SPEC-012-nrf52840-embedded	.build/contract-reports/spec-005/latest-macos-dynamic.txt	759cf5945d69313ab3546965eace2ecc08da5ab3-13497580cfa982fc
SPEC-012-nrf52840-embedded	.build/contract-reports/spec-005/latest-macos-static.txt	759cf5945d69313ab3546965eace2ecc08da5ab3-13497580cfa982fc
SPEC-012-nrf52840-embedded	.build/contract-reports/spec-005/latest-nrf52840-embedded.txt	759cf5945d69313ab3546965eace2ecc08da5ab3-13497580cfa982fc
SPEC-012-nrf52840-embedded	.build/contract-reports/spec-005/latest-raspberry-pi-armv6.txt	759cf5945d69313ab3546965eace2ecc08da5ab3-13497580cfa982fc
SPEC-012-nrf52840-embedded	.build/contract-reports/spec-006/latest-macos-dynamic.txt	759cf5945d69313ab3546965eace2ecc08da5ab3-e4e48e37d8c767c7
SPEC-012-nrf52840-embedded	.build/contract-reports/spec-006/latest-macos-static.txt	759cf5945d69313ab3546965eace2ecc08da5ab3-e4e48e37d8c767c7
SPEC-012-nrf52840-embedded	.build/contract-reports/spec-006/latest-nrf52840-embedded.txt	759cf5945d69313ab3546965eace2ecc08da5ab3-e4e48e37d8c767c7
SPEC-012-nrf52840-embedded	.build/contract-reports/spec-006/latest-raspberry-pi-armv6.txt	759cf5945d69313ab3546965eace2ecc08da5ab3-e4e48e37d8c767c7
SPEC-012-nrf52840-embedded	.build/contract-reports/spec-007/latest-macos-dynamic.txt	759cf5945d69313ab3546965eace2ecc08da5ab3-9c9b7b98bfb72db1
SPEC-012-nrf52840-embedded	.build/contract-reports/spec-007/latest-macos-static.txt	759cf5945d69313ab3546965eace2ecc08da5ab3-9c9b7b98bfb72db1
SPEC-012-nrf52840-embedded	.build/contract-reports/spec-007/latest-nrf52840-embedded.txt	759cf5945d69313ab3546965eace2ecc08da5ab3-9c9b7b98bfb72db1
SPEC-012-nrf52840-embedded	.build/contract-reports/spec-007/latest-raspberry-pi-armv6.txt	759cf5945d69313ab3546965eace2ecc08da5ab3-9c9b7b98bfb72db1
SPEC-012-nrf52840-embedded	.build/contract-reports/spec-008/latest-macos-dynamic.txt	759cf5945d69313ab3546965eace2ecc08da5ab3-8c912bd577cac4a7
SPEC-012-nrf52840-embedded	.build/contract-reports/spec-008/latest-macos-static.txt	759cf5945d69313ab3546965eace2ecc08da5ab3-8c912bd577cac4a7
SPEC-012-nrf52840-embedded	.build/contract-reports/spec-008/latest-nrf52840-embedded.txt	759cf5945d69313ab3546965eace2ecc08da5ab3-8c912bd577cac4a7
SPEC-012-nrf52840-embedded	.build/contract-reports/spec-008/latest-raspberry-pi-armv6.txt	759cf5945d69313ab3546965eace2ecc08da5ab3-8c912bd577cac4a7
SPEC-012-nrf52840-embedded	.build/contract-reports/spec-009/latest-macos-dynamic.txt	759cf5945d69313ab3546965eace2ecc08da5ab3-54aaea69d783eaaa
SPEC-012-nrf52840-embedded	.build/contract-reports/spec-009/latest-macos-static.txt	759cf5945d69313ab3546965eace2ecc08da5ab3-54aaea69d783eaaa
SPEC-012-nrf52840-embedded	.build/contract-reports/spec-009/latest-nrf52840-embedded.txt	759cf5945d69313ab3546965eace2ecc08da5ab3-54aaea69d783eaaa
SPEC-012-nrf52840-embedded	.build/contract-reports/spec-009/latest-raspberry-pi-armv6.txt	759cf5945d69313ab3546965eace2ecc08da5ab3-54aaea69d783eaaa
SPEC-012-nrf52840-embedded	.build/contract-reports/spec-010/latest-macos-dynamic.txt	759cf5945d69313ab3546965eace2ecc08da5ab3-f09fa73a6913497f
SPEC-012-nrf52840-embedded	.build/contract-reports/spec-010/latest-macos-static.txt	759cf5945d69313ab3546965eace2ecc08da5ab3-f09fa73a6913497f
SPEC-012-nrf52840-embedded	.build/contract-reports/spec-010/latest-nrf52840-embedded.txt	759cf5945d69313ab3546965eace2ecc08da5ab3-f09fa73a6913497f
SPEC-012-nrf52840-embedded	.build/contract-reports/spec-010/latest-raspberry-pi-armv6.txt	759cf5945d69313ab3546965eace2ecc08da5ab3-f09fa73a6913497f
SPEC-012-nrf52840-embedded	.build/contract-reports/spec-011/latest-macos-dynamic.txt	759cf5945d69313ab3546965eace2ecc08da5ab3-d93a5691c785f107
SPEC-012-nrf52840-embedded	.build/contract-reports/spec-011/latest-macos-static.txt	759cf5945d69313ab3546965eace2ecc08da5ab3-d93a5691c785f107
SPEC-012-nrf52840-embedded	.build/contract-reports/spec-011/latest-nrf52840-embedded.txt	759cf5945d69313ab3546965eace2ecc08da5ab3-d93a5691c785f107
SPEC-012-nrf52840-embedded	.build/contract-reports/spec-011/latest-raspberry-pi-armv6.txt	759cf5945d69313ab3546965eace2ecc08da5ab3-d93a5691c785f107
SPEC-012-nrf52840-embedded	.build/contract-reports/spec-012/latest-macos-dynamic.txt	759cf5945d69313ab3546965eace2ecc08da5ab3-fc0aae9586267865
SPEC-012-nrf52840-embedded	.build/contract-reports/spec-012/latest-macos-static.txt	759cf5945d69313ab3546965eace2ecc08da5ab3-fc0aae9586267865
SPEC-012-nrf52840-embedded	.build/contract-reports/spec-012/latest-nrf52840-embedded.txt	759cf5945d69313ab3546965eace2ecc08da5ab3-fc0aae9586267865
SPEC-012-nrf52840-embedded	.build/contract-reports/spec-012/latest-raspberry-pi-armv6.txt	759cf5945d69313ab3546965eace2ecc08da5ab3-fc0aae9586267865
SPEC-012-nrf52840-embedded	.build/contract-reports/spec-013/latest-macos-dynamic.txt	759cf5945d69313ab3546965eace2ecc08da5ab3-d25973a2ebde9c96
SPEC-012-nrf52840-embedded	.build/contract-reports/spec-013/latest-macos-static.txt	759cf5945d69313ab3546965eace2ecc08da5ab3-d25973a2ebde9c96
SPEC-012-nrf52840-embedded	.build/contract-reports/spec-013/latest-nrf52840-embedded.txt	759cf5945d69313ab3546965eace2ecc08da5ab3-d25973a2ebde9c96
SPEC-012-nrf52840-embedded	.build/contract-reports/spec-013/latest-raspberry-pi-armv6.txt	759cf5945d69313ab3546965eace2ecc08da5ab3-d25973a2ebde9c96
SPEC-012-nrf52840-embedded	.build/contract-reports/spec-015/latest-macos-dynamic.txt	759cf5945d69313ab3546965eace2ecc08da5ab3-d93a5691c785f107
SPEC-012-nrf52840-embedded	.build/contract-reports/spec-015/latest-macos-static.txt	759cf5945d69313ab3546965eace2ecc08da5ab3-d93a5691c785f107
SPEC-012-nrf52840-embedded	.build/contract-reports/spec-015/latest-nrf52840-embedded.txt	759cf5945d69313ab3546965eace2ecc08da5ab3-d93a5691c785f107
SPEC-012-nrf52840-embedded	.build/contract-reports/spec-015/latest-raspberry-pi-armv6.txt	759cf5945d69313ab3546965eace2ecc08da5ab3-d93a5691c785f107
SPEC-013-nrf52840-embedded	.build/contract-reports/spec-001/latest-macos-dynamic.txt	20261004T225647Z-28781
SPEC-013-nrf52840-embedded	.build/contract-reports/spec-001/latest-macos-static.txt	20261004T230354Z-41114
SPEC-013-nrf52840-embedded	.build/contract-reports/spec-001/latest-nrf52840-embedded.txt	20261004T232626Z-65897
SPEC-013-nrf52840-embedded	.build/contract-reports/spec-001/latest-raspberry-pi-armv6.txt	20261004T231058Z-53505
SPEC-013-nrf52840-embedded	.build/contract-reports/spec-002/latest-macos-dynamic.txt	759cf5945d69313ab3546965eace2ecc08da5ab3-d93a5691c785f107
SPEC-013-nrf52840-embedded	.build/contract-reports/spec-002/latest-macos-static.txt	759cf5945d69313ab3546965eace2ecc08da5ab3-d93a5691c785f107
SPEC-013-nrf52840-embedded	.build/contract-reports/spec-002/latest-nrf52840-embedded.txt	759cf5945d69313ab3546965eace2ecc08da5ab3-d93a5691c785f107
SPEC-013-nrf52840-embedded	.build/contract-reports/spec-002/latest-raspberry-pi-armv6.txt	759cf5945d69313ab3546965eace2ecc08da5ab3-d93a5691c785f107
SPEC-013-nrf52840-embedded	.build/contract-reports/spec-003/latest-macos-dynamic.txt	759cf5945d69313ab3546965eace2ecc08da5ab3-d93a5691c785f107
SPEC-013-nrf52840-embedded	.build/contract-reports/spec-003/latest-macos-static.txt	759cf5945d69313ab3546965eace2ecc08da5ab3-d93a5691c785f107
SPEC-013-nrf52840-embedded	.build/contract-reports/spec-003/latest-nrf52840-embedded.txt	759cf5945d69313ab3546965eace2ecc08da5ab3-d93a5691c785f107
SPEC-013-nrf52840-embedded	.build/contract-reports/spec-003/latest-raspberry-pi-armv6.txt	759cf5945d69313ab3546965eace2ecc08da5ab3-d93a5691c785f107
SPEC-013-nrf52840-embedded	.build/contract-reports/spec-004/latest-macos-dynamic.txt	759cf5945d69313ab3546965eace2ecc08da5ab3-d93a5691c785f107
SPEC-013-nrf52840-embedded	.build/contract-reports/spec-004/latest-macos-static.txt	759cf5945d69313ab3546965eace2ecc08da5ab3-d93a5691c785f107
SPEC-013-nrf52840-embedded	.build/contract-reports/spec-004/latest-nrf52840-embedded.txt	759cf5945d69313ab3546965eace2ecc08da5ab3-d93a5691c785f107
SPEC-013-nrf52840-embedded	.build/contract-reports/spec-004/latest-raspberry-pi-armv6.txt	759cf5945d69313ab3546965eace2ecc08da5ab3-d93a5691c785f107
SPEC-013-nrf52840-embedded	.build/contract-reports/spec-005/latest-macos-dynamic.txt	759cf5945d69313ab3546965eace2ecc08da5ab3-13497580cfa982fc
SPEC-013-nrf52840-embedded	.build/contract-reports/spec-005/latest-macos-static.txt	759cf5945d69313ab3546965eace2ecc08da5ab3-13497580cfa982fc
SPEC-013-nrf52840-embedded	.build/contract-reports/spec-005/latest-nrf52840-embedded.txt	759cf5945d69313ab3546965eace2ecc08da5ab3-13497580cfa982fc
SPEC-013-nrf52840-embedded	.build/contract-reports/spec-005/latest-raspberry-pi-armv6.txt	759cf5945d69313ab3546965eace2ecc08da5ab3-13497580cfa982fc
SPEC-013-nrf52840-embedded	.build/contract-reports/spec-006/latest-macos-dynamic.txt	759cf5945d69313ab3546965eace2ecc08da5ab3-e4e48e37d8c767c7
SPEC-013-nrf52840-embedded	.build/contract-reports/spec-006/latest-macos-static.txt	759cf5945d69313ab3546965eace2ecc08da5ab3-e4e48e37d8c767c7
SPEC-013-nrf52840-embedded	.build/contract-reports/spec-006/latest-nrf52840-embedded.txt	759cf5945d69313ab3546965eace2ecc08da5ab3-e4e48e37d8c767c7
SPEC-013-nrf52840-embedded	.build/contract-reports/spec-006/latest-raspberry-pi-armv6.txt	759cf5945d69313ab3546965eace2ecc08da5ab3-e4e48e37d8c767c7
SPEC-013-nrf52840-embedded	.build/contract-reports/spec-007/latest-macos-dynamic.txt	759cf5945d69313ab3546965eace2ecc08da5ab3-9c9b7b98bfb72db1
SPEC-013-nrf52840-embedded	.build/contract-reports/spec-007/latest-macos-static.txt	759cf5945d69313ab3546965eace2ecc08da5ab3-9c9b7b98bfb72db1
SPEC-013-nrf52840-embedded	.build/contract-reports/spec-007/latest-nrf52840-embedded.txt	759cf5945d69313ab3546965eace2ecc08da5ab3-9c9b7b98bfb72db1
SPEC-013-nrf52840-embedded	.build/contract-reports/spec-007/latest-raspberry-pi-armv6.txt	759cf5945d69313ab3546965eace2ecc08da5ab3-9c9b7b98bfb72db1
SPEC-013-nrf52840-embedded	.build/contract-reports/spec-008/latest-macos-dynamic.txt	759cf5945d69313ab3546965eace2ecc08da5ab3-8c912bd577cac4a7
SPEC-013-nrf52840-embedded	.build/contract-reports/spec-008/latest-macos-static.txt	759cf5945d69313ab3546965eace2ecc08da5ab3-8c912bd577cac4a7
SPEC-013-nrf52840-embedded	.build/contract-reports/spec-008/latest-nrf52840-embedded.txt	759cf5945d69313ab3546965eace2ecc08da5ab3-8c912bd577cac4a7
SPEC-013-nrf52840-embedded	.build/contract-reports/spec-008/latest-raspberry-pi-armv6.txt	759cf5945d69313ab3546965eace2ecc08da5ab3-8c912bd577cac4a7
SPEC-013-nrf52840-embedded	.build/contract-reports/spec-009/latest-macos-dynamic.txt	759cf5945d69313ab3546965eace2ecc08da5ab3-54aaea69d783eaaa
SPEC-013-nrf52840-embedded	.build/contract-reports/spec-009/latest-macos-static.txt	759cf5945d69313ab3546965eace2ecc08da5ab3-54aaea69d783eaaa
SPEC-013-nrf52840-embedded	.build/contract-reports/spec-009/latest-nrf52840-embedded.txt	759cf5945d69313ab3546965eace2ecc08da5ab3-54aaea69d783eaaa
SPEC-013-nrf52840-embedded	.build/contract-reports/spec-009/latest-raspberry-pi-armv6.txt	759cf5945d69313ab3546965eace2ecc08da5ab3-54aaea69d783eaaa
SPEC-013-nrf52840-embedded	.build/contract-reports/spec-010/latest-macos-dynamic.txt	759cf5945d69313ab3546965eace2ecc08da5ab3-f09fa73a6913497f
SPEC-013-nrf52840-embedded	.build/contract-reports/spec-010/latest-macos-static.txt	759cf5945d69313ab3546965eace2ecc08da5ab3-f09fa73a6913497f
SPEC-013-nrf52840-embedded	.build/contract-reports/spec-010/latest-nrf52840-embedded.txt	759cf5945d69313ab3546965eace2ecc08da5ab3-f09fa73a6913497f
SPEC-013-nrf52840-embedded	.build/contract-reports/spec-010/latest-raspberry-pi-armv6.txt	759cf5945d69313ab3546965eace2ecc08da5ab3-f09fa73a6913497f
SPEC-013-nrf52840-embedded	.build/contract-reports/spec-011/latest-macos-dynamic.txt	759cf5945d69313ab3546965eace2ecc08da5ab3-d93a5691c785f107
SPEC-013-nrf52840-embedded	.build/contract-reports/spec-011/latest-macos-static.txt	759cf5945d69313ab3546965eace2ecc08da5ab3-d93a5691c785f107
SPEC-013-nrf52840-embedded	.build/contract-reports/spec-011/latest-nrf52840-embedded.txt	759cf5945d69313ab3546965eace2ecc08da5ab3-d93a5691c785f107
SPEC-013-nrf52840-embedded	.build/contract-reports/spec-011/latest-raspberry-pi-armv6.txt	759cf5945d69313ab3546965eace2ecc08da5ab3-d93a5691c785f107
SPEC-013-nrf52840-embedded	.build/contract-reports/spec-012/latest-macos-dynamic.txt	759cf5945d69313ab3546965eace2ecc08da5ab3-fc0aae9586267865
SPEC-013-nrf52840-embedded	.build/contract-reports/spec-012/latest-macos-static.txt	759cf5945d69313ab3546965eace2ecc08da5ab3-fc0aae9586267865
SPEC-013-nrf52840-embedded	.build/contract-reports/spec-012/latest-nrf52840-embedded.txt	759cf5945d69313ab3546965eace2ecc08da5ab3-fc0aae9586267865
SPEC-013-nrf52840-embedded	.build/contract-reports/spec-012/latest-raspberry-pi-armv6.txt	759cf5945d69313ab3546965eace2ecc08da5ab3-fc0aae9586267865
SPEC-013-nrf52840-embedded	.build/contract-reports/spec-013/latest-macos-dynamic.txt	759cf5945d69313ab3546965eace2ecc08da5ab3-d25973a2ebde9c96
SPEC-013-nrf52840-embedded	.build/contract-reports/spec-013/latest-macos-static.txt	759cf5945d69313ab3546965eace2ecc08da5ab3-d25973a2ebde9c96
SPEC-013-nrf52840-embedded	.build/contract-reports/spec-013/latest-nrf52840-embedded.txt	759cf5945d69313ab3546965eace2ecc08da5ab3-d25973a2ebde9c96
SPEC-013-nrf52840-embedded	.build/contract-reports/spec-013/latest-raspberry-pi-armv6.txt	759cf5945d69313ab3546965eace2ecc08da5ab3-d25973a2ebde9c96
SPEC-013-nrf52840-embedded	.build/contract-reports/spec-015/latest-macos-dynamic.txt	759cf5945d69313ab3546965eace2ecc08da5ab3-d93a5691c785f107
SPEC-013-nrf52840-embedded	.build/contract-reports/spec-015/latest-macos-static.txt	759cf5945d69313ab3546965eace2ecc08da5ab3-d93a5691c785f107
SPEC-013-nrf52840-embedded	.build/contract-reports/spec-015/latest-nrf52840-embedded.txt	759cf5945d69313ab3546965eace2ecc08da5ab3-d93a5691c785f107
SPEC-013-nrf52840-embedded	.build/contract-reports/spec-015/latest-raspberry-pi-armv6.txt	759cf5945d69313ab3546965eace2ecc08da5ab3-d93a5691c785f107
published	/Users/eugene/work/GiftUI/.build/spec-014/reports/759cf5945d69313ab3546965eace2ecc08da5ab3-145c16b3b1e9a369/nrf52840-embedded	759cf5945d69313ab3546965eace2ecc08da5ab3-145c16b3b1e9a369
SPEC-014-nrf52840-embedded	.build/contract-reports/spec-001/latest-macos-dynamic.txt	20261004T225647Z-28781
SPEC-014-nrf52840-embedded	.build/contract-reports/spec-001/latest-macos-static.txt	20261004T230354Z-41114
SPEC-014-nrf52840-embedded	.build/contract-reports/spec-001/latest-nrf52840-embedded.txt	20261004T232626Z-65897
SPEC-014-nrf52840-embedded	.build/contract-reports/spec-001/latest-raspberry-pi-armv6.txt	20261004T231058Z-53505
SPEC-014-nrf52840-embedded	.build/contract-reports/spec-002/latest-macos-dynamic.txt	759cf5945d69313ab3546965eace2ecc08da5ab3-d93a5691c785f107
SPEC-014-nrf52840-embedded	.build/contract-reports/spec-002/latest-macos-static.txt	759cf5945d69313ab3546965eace2ecc08da5ab3-d93a5691c785f107
SPEC-014-nrf52840-embedded	.build/contract-reports/spec-002/latest-nrf52840-embedded.txt	759cf5945d69313ab3546965eace2ecc08da5ab3-d93a5691c785f107
SPEC-014-nrf52840-embedded	.build/contract-reports/spec-002/latest-raspberry-pi-armv6.txt	759cf5945d69313ab3546965eace2ecc08da5ab3-d93a5691c785f107
SPEC-014-nrf52840-embedded	.build/contract-reports/spec-003/latest-macos-dynamic.txt	759cf5945d69313ab3546965eace2ecc08da5ab3-d93a5691c785f107
SPEC-014-nrf52840-embedded	.build/contract-reports/spec-003/latest-macos-static.txt	759cf5945d69313ab3546965eace2ecc08da5ab3-d93a5691c785f107
SPEC-014-nrf52840-embedded	.build/contract-reports/spec-003/latest-nrf52840-embedded.txt	759cf5945d69313ab3546965eace2ecc08da5ab3-d93a5691c785f107
SPEC-014-nrf52840-embedded	.build/contract-reports/spec-003/latest-raspberry-pi-armv6.txt	759cf5945d69313ab3546965eace2ecc08da5ab3-d93a5691c785f107
SPEC-014-nrf52840-embedded	.build/contract-reports/spec-004/latest-macos-dynamic.txt	759cf5945d69313ab3546965eace2ecc08da5ab3-d93a5691c785f107
SPEC-014-nrf52840-embedded	.build/contract-reports/spec-004/latest-macos-static.txt	759cf5945d69313ab3546965eace2ecc08da5ab3-d93a5691c785f107
SPEC-014-nrf52840-embedded	.build/contract-reports/spec-004/latest-nrf52840-embedded.txt	759cf5945d69313ab3546965eace2ecc08da5ab3-d93a5691c785f107
SPEC-014-nrf52840-embedded	.build/contract-reports/spec-004/latest-raspberry-pi-armv6.txt	759cf5945d69313ab3546965eace2ecc08da5ab3-d93a5691c785f107
SPEC-014-nrf52840-embedded	.build/contract-reports/spec-005/latest-macos-dynamic.txt	759cf5945d69313ab3546965eace2ecc08da5ab3-13497580cfa982fc
SPEC-014-nrf52840-embedded	.build/contract-reports/spec-005/latest-macos-static.txt	759cf5945d69313ab3546965eace2ecc08da5ab3-13497580cfa982fc
SPEC-014-nrf52840-embedded	.build/contract-reports/spec-005/latest-nrf52840-embedded.txt	759cf5945d69313ab3546965eace2ecc08da5ab3-13497580cfa982fc
SPEC-014-nrf52840-embedded	.build/contract-reports/spec-005/latest-raspberry-pi-armv6.txt	759cf5945d69313ab3546965eace2ecc08da5ab3-13497580cfa982fc
SPEC-014-nrf52840-embedded	.build/contract-reports/spec-006/latest-macos-dynamic.txt	759cf5945d69313ab3546965eace2ecc08da5ab3-e4e48e37d8c767c7
SPEC-014-nrf52840-embedded	.build/contract-reports/spec-006/latest-macos-static.txt	759cf5945d69313ab3546965eace2ecc08da5ab3-e4e48e37d8c767c7
SPEC-014-nrf52840-embedded	.build/contract-reports/spec-006/latest-nrf52840-embedded.txt	759cf5945d69313ab3546965eace2ecc08da5ab3-e4e48e37d8c767c7
SPEC-014-nrf52840-embedded	.build/contract-reports/spec-006/latest-raspberry-pi-armv6.txt	759cf5945d69313ab3546965eace2ecc08da5ab3-e4e48e37d8c767c7
SPEC-014-nrf52840-embedded	.build/contract-reports/spec-007/latest-macos-dynamic.txt	759cf5945d69313ab3546965eace2ecc08da5ab3-9c9b7b98bfb72db1
SPEC-014-nrf52840-embedded	.build/contract-reports/spec-007/latest-macos-static.txt	759cf5945d69313ab3546965eace2ecc08da5ab3-9c9b7b98bfb72db1
SPEC-014-nrf52840-embedded	.build/contract-reports/spec-007/latest-nrf52840-embedded.txt	759cf5945d69313ab3546965eace2ecc08da5ab3-9c9b7b98bfb72db1
SPEC-014-nrf52840-embedded	.build/contract-reports/spec-007/latest-raspberry-pi-armv6.txt	759cf5945d69313ab3546965eace2ecc08da5ab3-9c9b7b98bfb72db1
SPEC-014-nrf52840-embedded	.build/contract-reports/spec-008/latest-macos-dynamic.txt	759cf5945d69313ab3546965eace2ecc08da5ab3-8c912bd577cac4a7
SPEC-014-nrf52840-embedded	.build/contract-reports/spec-008/latest-macos-static.txt	759cf5945d69313ab3546965eace2ecc08da5ab3-8c912bd577cac4a7
SPEC-014-nrf52840-embedded	.build/contract-reports/spec-008/latest-nrf52840-embedded.txt	759cf5945d69313ab3546965eace2ecc08da5ab3-8c912bd577cac4a7
SPEC-014-nrf52840-embedded	.build/contract-reports/spec-008/latest-raspberry-pi-armv6.txt	759cf5945d69313ab3546965eace2ecc08da5ab3-8c912bd577cac4a7
SPEC-014-nrf52840-embedded	.build/contract-reports/spec-009/latest-macos-dynamic.txt	759cf5945d69313ab3546965eace2ecc08da5ab3-54aaea69d783eaaa
SPEC-014-nrf52840-embedded	.build/contract-reports/spec-009/latest-macos-static.txt	759cf5945d69313ab3546965eace2ecc08da5ab3-54aaea69d783eaaa
SPEC-014-nrf52840-embedded	.build/contract-reports/spec-009/latest-nrf52840-embedded.txt	759cf5945d69313ab3546965eace2ecc08da5ab3-54aaea69d783eaaa
SPEC-014-nrf52840-embedded	.build/contract-reports/spec-009/latest-raspberry-pi-armv6.txt	759cf5945d69313ab3546965eace2ecc08da5ab3-54aaea69d783eaaa
SPEC-014-nrf52840-embedded	.build/contract-reports/spec-010/latest-macos-dynamic.txt	759cf5945d69313ab3546965eace2ecc08da5ab3-f09fa73a6913497f
SPEC-014-nrf52840-embedded	.build/contract-reports/spec-010/latest-macos-static.txt	759cf5945d69313ab3546965eace2ecc08da5ab3-f09fa73a6913497f
SPEC-014-nrf52840-embedded	.build/contract-reports/spec-010/latest-nrf52840-embedded.txt	759cf5945d69313ab3546965eace2ecc08da5ab3-f09fa73a6913497f
SPEC-014-nrf52840-embedded	.build/contract-reports/spec-010/latest-raspberry-pi-armv6.txt	759cf5945d69313ab3546965eace2ecc08da5ab3-f09fa73a6913497f
SPEC-014-nrf52840-embedded	.build/contract-reports/spec-011/latest-macos-dynamic.txt	759cf5945d69313ab3546965eace2ecc08da5ab3-d93a5691c785f107
SPEC-014-nrf52840-embedded	.build/contract-reports/spec-011/latest-macos-static.txt	759cf5945d69313ab3546965eace2ecc08da5ab3-d93a5691c785f107
SPEC-014-nrf52840-embedded	.build/contract-reports/spec-011/latest-nrf52840-embedded.txt	759cf5945d69313ab3546965eace2ecc08da5ab3-d93a5691c785f107
SPEC-014-nrf52840-embedded	.build/contract-reports/spec-011/latest-raspberry-pi-armv6.txt	759cf5945d69313ab3546965eace2ecc08da5ab3-d93a5691c785f107
SPEC-014-nrf52840-embedded	.build/contract-reports/spec-012/latest-macos-dynamic.txt	759cf5945d69313ab3546965eace2ecc08da5ab3-fc0aae9586267865
SPEC-014-nrf52840-embedded	.build/contract-reports/spec-012/latest-macos-static.txt	759cf5945d69313ab3546965eace2ecc08da5ab3-fc0aae9586267865
SPEC-014-nrf52840-embedded	.build/contract-reports/spec-012/latest-nrf52840-embedded.txt	759cf5945d69313ab3546965eace2ecc08da5ab3-fc0aae9586267865
SPEC-014-nrf52840-embedded	.build/contract-reports/spec-012/latest-raspberry-pi-armv6.txt	759cf5945d69313ab3546965eace2ecc08da5ab3-fc0aae9586267865
SPEC-014-nrf52840-embedded	.build/contract-reports/spec-013/latest-macos-dynamic.txt	759cf5945d69313ab3546965eace2ecc08da5ab3-d25973a2ebde9c96
SPEC-014-nrf52840-embedded	.build/contract-reports/spec-013/latest-macos-static.txt	759cf5945d69313ab3546965eace2ecc08da5ab3-d25973a2ebde9c96
SPEC-014-nrf52840-embedded	.build/contract-reports/spec-013/latest-nrf52840-embedded.txt	759cf5945d69313ab3546965eace2ecc08da5ab3-d25973a2ebde9c96
SPEC-014-nrf52840-embedded	.build/contract-reports/spec-013/latest-raspberry-pi-armv6.txt	759cf5945d69313ab3546965eace2ecc08da5ab3-d25973a2ebde9c96
SPEC-014-nrf52840-embedded	.build/contract-reports/spec-015/latest-macos-dynamic.txt	759cf5945d69313ab3546965eace2ecc08da5ab3-d93a5691c785f107
SPEC-014-nrf52840-embedded	.build/contract-reports/spec-015/latest-macos-static.txt	759cf5945d69313ab3546965eace2ecc08da5ab3-d93a5691c785f107
SPEC-014-nrf52840-embedded	.build/contract-reports/spec-015/latest-nrf52840-embedded.txt	759cf5945d69313ab3546965eace2ecc08da5ab3-d93a5691c785f107
SPEC-014-nrf52840-embedded	.build/contract-reports/spec-015/latest-raspberry-pi-armv6.txt	759cf5945d69313ab3546965eace2ecc08da5ab3-d93a5691c785f107
SPEC-015-nrf52840-embedded	.build/contract-reports/spec-001/latest-macos-dynamic.txt	20261004T225647Z-28781
SPEC-015-nrf52840-embedded	.build/contract-reports/spec-001/latest-macos-static.txt	20261004T230354Z-41114
SPEC-015-nrf52840-embedded	.build/contract-reports/spec-001/latest-nrf52840-embedded.txt	20261004T232626Z-65897
SPEC-015-nrf52840-embedded	.build/contract-reports/spec-001/latest-raspberry-pi-armv6.txt	20261004T231058Z-53505
SPEC-015-nrf52840-embedded	.build/contract-reports/spec-002/latest-macos-dynamic.txt	759cf5945d69313ab3546965eace2ecc08da5ab3-d93a5691c785f107
SPEC-015-nrf52840-embedded	.build/contract-reports/spec-002/latest-macos-static.txt	759cf5945d69313ab3546965eace2ecc08da5ab3-d93a5691c785f107
SPEC-015-nrf52840-embedded	.build/contract-reports/spec-002/latest-nrf52840-embedded.txt	759cf5945d69313ab3546965eace2ecc08da5ab3-d93a5691c785f107
SPEC-015-nrf52840-embedded	.build/contract-reports/spec-002/latest-raspberry-pi-armv6.txt	759cf5945d69313ab3546965eace2ecc08da5ab3-d93a5691c785f107
SPEC-015-nrf52840-embedded	.build/contract-reports/spec-003/latest-macos-dynamic.txt	759cf5945d69313ab3546965eace2ecc08da5ab3-d93a5691c785f107
SPEC-015-nrf52840-embedded	.build/contract-reports/spec-003/latest-macos-static.txt	759cf5945d69313ab3546965eace2ecc08da5ab3-d93a5691c785f107
SPEC-015-nrf52840-embedded	.build/contract-reports/spec-003/latest-nrf52840-embedded.txt	759cf5945d69313ab3546965eace2ecc08da5ab3-d93a5691c785f107
SPEC-015-nrf52840-embedded	.build/contract-reports/spec-003/latest-raspberry-pi-armv6.txt	759cf5945d69313ab3546965eace2ecc08da5ab3-d93a5691c785f107
SPEC-015-nrf52840-embedded	.build/contract-reports/spec-004/latest-macos-dynamic.txt	759cf5945d69313ab3546965eace2ecc08da5ab3-d93a5691c785f107
SPEC-015-nrf52840-embedded	.build/contract-reports/spec-004/latest-macos-static.txt	759cf5945d69313ab3546965eace2ecc08da5ab3-d93a5691c785f107
SPEC-015-nrf52840-embedded	.build/contract-reports/spec-004/latest-nrf52840-embedded.txt	759cf5945d69313ab3546965eace2ecc08da5ab3-d93a5691c785f107
SPEC-015-nrf52840-embedded	.build/contract-reports/spec-004/latest-raspberry-pi-armv6.txt	759cf5945d69313ab3546965eace2ecc08da5ab3-d93a5691c785f107
SPEC-015-nrf52840-embedded	.build/contract-reports/spec-005/latest-macos-dynamic.txt	759cf5945d69313ab3546965eace2ecc08da5ab3-13497580cfa982fc
SPEC-015-nrf52840-embedded	.build/contract-reports/spec-005/latest-macos-static.txt	759cf5945d69313ab3546965eace2ecc08da5ab3-13497580cfa982fc
SPEC-015-nrf52840-embedded	.build/contract-reports/spec-005/latest-nrf52840-embedded.txt	759cf5945d69313ab3546965eace2ecc08da5ab3-13497580cfa982fc
SPEC-015-nrf52840-embedded	.build/contract-reports/spec-005/latest-raspberry-pi-armv6.txt	759cf5945d69313ab3546965eace2ecc08da5ab3-13497580cfa982fc
SPEC-015-nrf52840-embedded	.build/contract-reports/spec-006/latest-macos-dynamic.txt	759cf5945d69313ab3546965eace2ecc08da5ab3-e4e48e37d8c767c7
SPEC-015-nrf52840-embedded	.build/contract-reports/spec-006/latest-macos-static.txt	759cf5945d69313ab3546965eace2ecc08da5ab3-e4e48e37d8c767c7
SPEC-015-nrf52840-embedded	.build/contract-reports/spec-006/latest-nrf52840-embedded.txt	759cf5945d69313ab3546965eace2ecc08da5ab3-e4e48e37d8c767c7
SPEC-015-nrf52840-embedded	.build/contract-reports/spec-006/latest-raspberry-pi-armv6.txt	759cf5945d69313ab3546965eace2ecc08da5ab3-e4e48e37d8c767c7
SPEC-015-nrf52840-embedded	.build/contract-reports/spec-007/latest-macos-dynamic.txt	759cf5945d69313ab3546965eace2ecc08da5ab3-9c9b7b98bfb72db1
SPEC-015-nrf52840-embedded	.build/contract-reports/spec-007/latest-macos-static.txt	759cf5945d69313ab3546965eace2ecc08da5ab3-9c9b7b98bfb72db1
SPEC-015-nrf52840-embedded	.build/contract-reports/spec-007/latest-nrf52840-embedded.txt	759cf5945d69313ab3546965eace2ecc08da5ab3-9c9b7b98bfb72db1
SPEC-015-nrf52840-embedded	.build/contract-reports/spec-007/latest-raspberry-pi-armv6.txt	759cf5945d69313ab3546965eace2ecc08da5ab3-9c9b7b98bfb72db1
SPEC-015-nrf52840-embedded	.build/contract-reports/spec-008/latest-macos-dynamic.txt	759cf5945d69313ab3546965eace2ecc08da5ab3-8c912bd577cac4a7
SPEC-015-nrf52840-embedded	.build/contract-reports/spec-008/latest-macos-static.txt	759cf5945d69313ab3546965eace2ecc08da5ab3-8c912bd577cac4a7
SPEC-015-nrf52840-embedded	.build/contract-reports/spec-008/latest-nrf52840-embedded.txt	759cf5945d69313ab3546965eace2ecc08da5ab3-8c912bd577cac4a7
SPEC-015-nrf52840-embedded	.build/contract-reports/spec-008/latest-raspberry-pi-armv6.txt	759cf5945d69313ab3546965eace2ecc08da5ab3-8c912bd577cac4a7
SPEC-015-nrf52840-embedded	.build/contract-reports/spec-009/latest-macos-dynamic.txt	759cf5945d69313ab3546965eace2ecc08da5ab3-54aaea69d783eaaa
SPEC-015-nrf52840-embedded	.build/contract-reports/spec-009/latest-macos-static.txt	759cf5945d69313ab3546965eace2ecc08da5ab3-54aaea69d783eaaa
SPEC-015-nrf52840-embedded	.build/contract-reports/spec-009/latest-nrf52840-embedded.txt	759cf5945d69313ab3546965eace2ecc08da5ab3-54aaea69d783eaaa
SPEC-015-nrf52840-embedded	.build/contract-reports/spec-009/latest-raspberry-pi-armv6.txt	759cf5945d69313ab3546965eace2ecc08da5ab3-54aaea69d783eaaa
SPEC-015-nrf52840-embedded	.build/contract-reports/spec-010/latest-macos-dynamic.txt	759cf5945d69313ab3546965eace2ecc08da5ab3-f09fa73a6913497f
SPEC-015-nrf52840-embedded	.build/contract-reports/spec-010/latest-macos-static.txt	759cf5945d69313ab3546965eace2ecc08da5ab3-f09fa73a6913497f
SPEC-015-nrf52840-embedded	.build/contract-reports/spec-010/latest-nrf52840-embedded.txt	759cf5945d69313ab3546965eace2ecc08da5ab3-f09fa73a6913497f
SPEC-015-nrf52840-embedded	.build/contract-reports/spec-010/latest-raspberry-pi-armv6.txt	759cf5945d69313ab3546965eace2ecc08da5ab3-f09fa73a6913497f
SPEC-015-nrf52840-embedded	.build/contract-reports/spec-011/latest-macos-dynamic.txt	759cf5945d69313ab3546965eace2ecc08da5ab3-d93a5691c785f107
SPEC-015-nrf52840-embedded	.build/contract-reports/spec-011/latest-macos-static.txt	759cf5945d69313ab3546965eace2ecc08da5ab3-d93a5691c785f107
SPEC-015-nrf52840-embedded	.build/contract-reports/spec-011/latest-nrf52840-embedded.txt	759cf5945d69313ab3546965eace2ecc08da5ab3-d93a5691c785f107
SPEC-015-nrf52840-embedded	.build/contract-reports/spec-011/latest-raspberry-pi-armv6.txt	759cf5945d69313ab3546965eace2ecc08da5ab3-d93a5691c785f107
SPEC-015-nrf52840-embedded	.build/contract-reports/spec-012/latest-macos-dynamic.txt	759cf5945d69313ab3546965eace2ecc08da5ab3-fc0aae9586267865
SPEC-015-nrf52840-embedded	.build/contract-reports/spec-012/latest-macos-static.txt	759cf5945d69313ab3546965eace2ecc08da5ab3-fc0aae9586267865
SPEC-015-nrf52840-embedded	.build/contract-reports/spec-012/latest-nrf52840-embedded.txt	759cf5945d69313ab3546965eace2ecc08da5ab3-fc0aae9586267865
SPEC-015-nrf52840-embedded	.build/contract-reports/spec-012/latest-raspberry-pi-armv6.txt	759cf5945d69313ab3546965eace2ecc08da5ab3-fc0aae9586267865
SPEC-015-nrf52840-embedded	.build/contract-reports/spec-013/latest-macos-dynamic.txt	759cf5945d69313ab3546965eace2ecc08da5ab3-d25973a2ebde9c96
SPEC-015-nrf52840-embedded	.build/contract-reports/spec-013/latest-macos-static.txt	759cf5945d69313ab3546965eace2ecc08da5ab3-d25973a2ebde9c96
SPEC-015-nrf52840-embedded	.build/contract-reports/spec-013/latest-nrf52840-embedded.txt	759cf5945d69313ab3546965eace2ecc08da5ab3-d25973a2ebde9c96
SPEC-015-nrf52840-embedded	.build/contract-reports/spec-013/latest-raspberry-pi-armv6.txt	759cf5945d69313ab3546965eace2ecc08da5ab3-d25973a2ebde9c96
SPEC-015-nrf52840-embedded	.build/contract-reports/spec-015/latest-macos-dynamic.txt	759cf5945d69313ab3546965eace2ecc08da5ab3-d93a5691c785f107
SPEC-015-nrf52840-embedded	.build/contract-reports/spec-015/latest-macos-static.txt	759cf5945d69313ab3546965eace2ecc08da5ab3-d93a5691c785f107
SPEC-015-nrf52840-embedded	.build/contract-reports/spec-015/latest-nrf52840-embedded.txt	759cf5945d69313ab3546965eace2ecc08da5ab3-d93a5691c785f107
SPEC-015-nrf52840-embedded	.build/contract-reports/spec-015/latest-raspberry-pi-armv6.txt	759cf5945d69313ab3546965eace2ecc08da5ab3-d93a5691c785f107
retained-staging	.build/contract-reports/spec-001/.tmp-macos-dynamic-20260919T173354Z-19813	incomplete
retained-staging	.build/contract-reports/spec-001/.tmp-macos-dynamic-20260923T095547Z-66861	incomplete
retained-staging	.build/contract-reports/spec-001/.tmp-macos-dynamic-20260926T222150Z-65088	incomplete
retained-staging	.build/contract-reports/spec-001/.tmp-macos-dynamic-20260927T120809Z-36570	incomplete
retained-staging	.build/contract-reports/spec-001/.tmp-macos-dynamic-20261001T081441Z-36169	incomplete
retained-staging	.build/contract-reports/spec-001/.tmp-macos-dynamic-20261001T082317Z-51696	incomplete
retained-staging	.build/contract-reports/spec-001/.tmp-macos-dynamic-20261001T091332Z-84016	incomplete
retained-staging	.build/contract-reports/spec-001/.tmp-macos-dynamic-20261001T123314Z-30290	incomplete
retained-staging	.build/contract-reports/spec-001/.tmp-macos-dynamic-20261001T124025Z-37603	incomplete
retained-staging	.build/contract-reports/spec-001/.tmp-macos-dynamic-20261002T084038Z-64946	incomplete
retained-staging	.build/contract-reports/spec-001/.tmp-macos-dynamic-20261002T141009Z-79536	incomplete
retained-staging	.build/contract-reports/spec-001/.tmp-macos-dynamic-20261003T151918Z-67310	incomplete
retained-staging	.build/contract-reports/spec-001/.tmp-macos-static-20260927T071735Z-93171	incomplete
retained-staging	.build/contract-reports/spec-001/.tmp-macos-static-20261003T152126Z-72145	incomplete
retained-staging	.build/contract-reports/spec-001/.tmp-macos-static-20261004T224340Z-18283	incomplete
retained-staging	.build/contract-reports/spec-001/.tmp-nrf52840-embedded-20260920T174614Z-72526	incomplete
retained-staging	.build/contract-reports/spec-001/.tmp-nrf52840-embedded-20260921T093159Z-95721	incomplete
retained-staging	.build/contract-reports/spec-001/.tmp-nrf52840-embedded-20260921T093216Z-96268	incomplete
retained-staging	.build/contract-reports/spec-001/.tmp-nrf52840-embedded-20260921T093430Z-98727	incomplete
retained-staging	.build/contract-reports/spec-001/.tmp-nrf52840-embedded-20260921T094155Z-6494	incomplete
retained-staging	.build/contract-reports/spec-001/.tmp-nrf52840-embedded-20260921T094207Z-6979	incomplete
retained-staging	.build/contract-reports/spec-001/.tmp-nrf52840-embedded-20260921T100940Z-12557	incomplete
retained-staging	.build/contract-reports/spec-001/.tmp-nrf52840-embedded-20260921T101920Z-19423	incomplete
retained-staging	.build/contract-reports/spec-001/.tmp-nrf52840-embedded-20260921T101928Z-19663	incomplete
retained-staging	.build/contract-reports/spec-001/.tmp-nrf52840-embedded-20260921T103043Z-29697	incomplete
retained-staging	.build/contract-reports/spec-001/.tmp-nrf52840-embedded-20260921T103144Z-30982	incomplete
retained-staging	.build/contract-reports/spec-001/.tmp-nrf52840-embedded-20260921T104024Z-35118	incomplete
retained-staging	.build/contract-reports/spec-001/.tmp-nrf52840-embedded-20260921T104051Z-35438	incomplete
retained-staging	.build/contract-reports/spec-001/.tmp-nrf52840-embedded-20260923T085734Z-39943	incomplete
retained-staging	.build/contract-reports/spec-001/.tmp-nrf52840-embedded-20260923T223200Z-32289	incomplete
retained-staging	.build/contract-reports/spec-001/.tmp-nrf52840-embedded-20260923T223211Z-32536	incomplete
retained-staging	.build/contract-reports/spec-001/.tmp-nrf52840-embedded-20260930T081003Z-79219	incomplete
retained-staging	.build/contract-reports/spec-001/.tmp-nrf52840-embedded-20260930T150950Z-15879	incomplete
retained-staging	.build/contract-reports/spec-001/.tmp-nrf52840-embedded-20261001T191139Z-27046	incomplete
retained-staging	.build/contract-reports/spec-001/.tmp-nrf52840-embedded-20261002T094742Z-18303	incomplete
retained-staging	.build/contract-reports/spec-001/.tmp-nrf52840-embedded-20261002T152135Z-45130	incomplete
retained-staging	.build/contract-reports/spec-001/.tmp-nrf52840-embedded-20261003T071210Z-2027	incomplete
retained-staging	.build/contract-reports/spec-001/.tmp-nrf52840-embedded-20261003T071819Z-7055	incomplete
retained-staging	.build/contract-reports/spec-001/.tmp-nrf52840-embedded-20261003T072252Z-10482	incomplete
retained-staging	.build/contract-reports/spec-001/.tmp-nrf52840-embedded-20261003T152453Z-81100	incomplete
retained-staging	.build/contract-reports/spec-001/.tmp-raspberry-pi-armv6-20260920T153939Z-9312	incomplete
retained-staging	.build/contract-reports/spec-001/.tmp-raspberry-pi-armv6-20260920T154342Z-11438	incomplete
retained-staging	.build/contract-reports/spec-001/.tmp-raspberry-pi-armv6-20260920T155011Z-16128	incomplete
retained-staging	.build/contract-reports/spec-001/.tmp-raspberry-pi-armv6-20260920T155332Z-20359	incomplete
retained-staging	.build/contract-reports/spec-001/.tmp-raspberry-pi-armv6-20260920T163522Z-33518	incomplete
retained-staging	.build/contract-reports/spec-001/.tmp-raspberry-pi-armv6-20260920T163639Z-35612	incomplete
retained-staging	.build/contract-reports/spec-001/.tmp-raspberry-pi-armv6-20260924T202806Z-32303	incomplete
retained-staging	.build/contract-reports/spec-001/.tmp-raspberry-pi-armv6-20260925T062041Z-43423	incomplete
retained-staging	.build/contract-reports/spec-001/.tmp-raspberry-pi-armv6-20260926T104818Z-22111	incomplete
retained-staging	.build/contract-reports/spec-001/.tmp-raspberry-pi-armv6-20260930T080441Z-74675	incomplete
retained-staging	.build/contract-reports/spec-001/.tmp-raspberry-pi-armv6-20260930T150310Z-11675	incomplete
retained-staging	.build/contract-reports/spec-001/.tmp-raspberry-pi-armv6-20261001T184425Z-98629	incomplete
retained-staging	.build/contract-reports/spec-001/.tmp-raspberry-pi-armv6-20261001T190332Z-21283	incomplete
retained-staging	.build/contract-reports/spec-001/.tmp-raspberry-pi-armv6-20261002T094003Z-12100	incomplete
retained-staging	.build/contract-reports/spec-001/.tmp-raspberry-pi-armv6-20261002T150552Z-24878	incomplete
retained-staging	.build/contract-reports/spec-001/.tmp-raspberry-pi-armv6-20261003T071211Z-2229	incomplete
retained-staging	.build/contract-reports/spec-001/.tmp-raspberry-pi-armv6-20261003T071819Z-7054	incomplete
retained-staging	.build/contract-reports/spec-001/.tmp-raspberry-pi-armv6-20261003T085444Z-23309	incomplete
retained-staging	.build/contract-reports/spec-001/.tmp-raspberry-pi-armv6-20261003T152320Z-77146	incomplete
retained-staging	.build/contract-reports/spec-002/.tmp-macos-dynamic-14513	incomplete
retained-staging	.build/contract-reports/spec-002/.tmp-macos-dynamic-15215	incomplete
retained-staging	.build/contract-reports/spec-002/.tmp-macos-dynamic-17897	incomplete
retained-staging	.build/contract-reports/spec-002/.tmp-macos-dynamic-18062	incomplete
retained-staging	.build/contract-reports/spec-002/.tmp-macos-dynamic-18201	incomplete
retained-staging	.build/contract-reports/spec-002/.tmp-macos-dynamic-18410	incomplete
retained-staging	.build/contract-reports/spec-002/.tmp-macos-dynamic-21195	incomplete
retained-staging	.build/contract-reports/spec-002/.tmp-macos-dynamic-24169	incomplete
retained-staging	.build/contract-reports/spec-002/.tmp-macos-dynamic-35663	incomplete
retained-staging	.build/contract-reports/spec-002/.tmp-macos-dynamic-36278	incomplete
retained-staging	.build/contract-reports/spec-002/.tmp-macos-dynamic-44734	incomplete
retained-staging	.build/contract-reports/spec-002/.tmp-macos-dynamic-50140	incomplete
retained-staging	.build/contract-reports/spec-002/.tmp-macos-dynamic-50199	incomplete
retained-staging	.build/contract-reports/spec-002/.tmp-macos-dynamic-53069	incomplete
retained-staging	.build/contract-reports/spec-002/.tmp-macos-dynamic-56980	incomplete
retained-staging	.build/contract-reports/spec-002/.tmp-macos-dynamic-65199	incomplete
retained-staging	.build/contract-reports/spec-002/.tmp-macos-dynamic-66035	incomplete
retained-staging	.build/contract-reports/spec-002/.tmp-macos-dynamic-66698	incomplete
retained-staging	.build/contract-reports/spec-002/.tmp-macos-dynamic-66844	incomplete
retained-staging	.build/contract-reports/spec-002/.tmp-macos-dynamic-67504	incomplete
retained-staging	.build/contract-reports/spec-002/.tmp-macos-dynamic-70622	incomplete
retained-staging	.build/contract-reports/spec-002/.tmp-macos-dynamic-72599	incomplete
retained-staging	.build/contract-reports/spec-002/.tmp-macos-dynamic-79461	incomplete
retained-staging	.build/contract-reports/spec-002/.tmp-macos-dynamic-79751	incomplete
retained-staging	.build/contract-reports/spec-002/.tmp-macos-dynamic-86520	incomplete
retained-staging	.build/contract-reports/spec-002/.tmp-macos-dynamic-89049	incomplete
retained-staging	.build/contract-reports/spec-002/.tmp-macos-dynamic-91552	incomplete
retained-staging	.build/contract-reports/spec-002/.tmp-macos-dynamic-94034	incomplete
retained-staging	.build/contract-reports/spec-002/.tmp-macos-dynamic-95311	incomplete
retained-staging	.build/contract-reports/spec-002/.tmp-macos-dynamic-95554	incomplete
retained-staging	.build/contract-reports/spec-002/.tmp-macos-dynamic-99349	incomplete
retained-staging	.build/contract-reports/spec-002/.tmp-macos-dynamic-99846	incomplete
retained-staging	.build/contract-reports/spec-002/.tmp-macos-static-3101	incomplete
retained-staging	.build/contract-reports/spec-002/.tmp-macos-static-71285	incomplete
retained-staging	.build/contract-reports/spec-002/.tmp-macos-static-72339	incomplete
retained-staging	.build/contract-reports/spec-002/.tmp-macos-static-95065	incomplete
retained-staging	.build/contract-reports/spec-002/.tmp-raspberry-pi-armv6-58508	incomplete
retained-staging	.build/contract-reports/spec-002/.tmp-raspberry-pi-armv6-75867	incomplete
retained-staging	.build/contract-reports/spec-002/.tmp-raspberry-pi-armv6-77338	incomplete
retained-staging	.build/contract-reports/spec-002/.tmp-raspberry-pi-armv6-99884	incomplete
retained-staging	.build/contract-reports/spec-003/.tmp-macos-dynamic-121	incomplete
retained-staging	.build/contract-reports/spec-003/.tmp-macos-dynamic-14624	incomplete
retained-staging	.build/contract-reports/spec-003/.tmp-macos-dynamic-15271	incomplete
retained-staging	.build/contract-reports/spec-003/.tmp-macos-dynamic-21251	incomplete
retained-staging	.build/contract-reports/spec-003/.tmp-macos-dynamic-30565	incomplete
retained-staging	.build/contract-reports/spec-003/.tmp-macos-dynamic-36422	incomplete
retained-staging	.build/contract-reports/spec-003/.tmp-macos-dynamic-3829	incomplete
retained-staging	.build/contract-reports/spec-003/.tmp-macos-dynamic-44845	incomplete
retained-staging	.build/contract-reports/spec-003/.tmp-macos-dynamic-4867	incomplete
retained-staging	.build/contract-reports/spec-003/.tmp-macos-dynamic-50196	incomplete
retained-staging	.build/contract-reports/spec-003/.tmp-macos-dynamic-50326	incomplete
retained-staging	.build/contract-reports/spec-003/.tmp-macos-dynamic-51485	incomplete
retained-staging	.build/contract-reports/spec-003/.tmp-macos-dynamic-52041	incomplete
retained-staging	.build/contract-reports/spec-003/.tmp-macos-dynamic-65260	incomplete
retained-staging	.build/contract-reports/spec-003/.tmp-macos-dynamic-66149	incomplete
retained-staging	.build/contract-reports/spec-003/.tmp-macos-dynamic-67618	incomplete
retained-staging	.build/contract-reports/spec-003/.tmp-macos-dynamic-71508	incomplete
retained-staging	.build/contract-reports/spec-003/.tmp-macos-dynamic-74202	incomplete
retained-staging	.build/contract-reports/spec-003/.tmp-macos-dynamic-76515	incomplete
retained-staging	.build/contract-reports/spec-003/.tmp-macos-dynamic-79522	incomplete
retained-staging	.build/contract-reports/spec-003/.tmp-macos-dynamic-79880	incomplete
retained-staging	.build/contract-reports/spec-003/.tmp-macos-dynamic-82751	incomplete
retained-staging	.build/contract-reports/spec-003/.tmp-macos-dynamic-83867	incomplete
retained-staging	.build/contract-reports/spec-003/.tmp-macos-dynamic-84481	incomplete
retained-staging	.build/contract-reports/spec-003/.tmp-macos-dynamic-89163	incomplete
retained-staging	.build/contract-reports/spec-003/.tmp-macos-dynamic-89566	incomplete
retained-staging	.build/contract-reports/spec-003/.tmp-macos-dynamic-91629	incomplete
retained-staging	.build/contract-reports/spec-003/.tmp-macos-dynamic-96091	incomplete
retained-staging	.build/contract-reports/spec-003/.tmp-macos-dynamic-9871	incomplete
retained-staging	.build/contract-reports/spec-003/.tmp-macos-static-16750	incomplete
retained-staging	.build/contract-reports/spec-003/.tmp-macos-static-22244	incomplete
retained-staging	.build/contract-reports/spec-003/.tmp-macos-static-23100	incomplete
retained-staging	.build/contract-reports/spec-003/.tmp-macos-static-23969	incomplete
retained-staging	.build/contract-reports/spec-003/.tmp-macos-static-3248	incomplete
retained-staging	.build/contract-reports/spec-003/.tmp-macos-static-5440	incomplete
retained-staging	.build/contract-reports/spec-003/.tmp-macos-static-59471	incomplete
retained-staging	.build/contract-reports/spec-003/.tmp-macos-static-62586	incomplete
retained-staging	.build/contract-reports/spec-003/.tmp-macos-static-62825	incomplete
retained-staging	.build/contract-reports/spec-003/.tmp-macos-static-63667	incomplete
retained-staging	.build/contract-reports/spec-003/.tmp-macos-static-64735	incomplete
retained-staging	.build/contract-reports/spec-003/.tmp-macos-static-65897	incomplete
retained-staging	.build/contract-reports/spec-003/.tmp-macos-static-66754	incomplete
retained-staging	.build/contract-reports/spec-003/.tmp-macos-static-67051	incomplete
retained-staging	.build/contract-reports/spec-003/.tmp-macos-static-68018	incomplete
retained-staging	.build/contract-reports/spec-003/.tmp-macos-static-68394	incomplete
retained-staging	.build/contract-reports/spec-003/.tmp-macos-static-69399	incomplete
retained-staging	.build/contract-reports/spec-003/.tmp-macos-static-71398	incomplete
retained-staging	.build/contract-reports/spec-003/.tmp-macos-static-72452	incomplete
retained-staging	.build/contract-reports/spec-003/.tmp-macos-static-7396	incomplete
retained-staging	.build/contract-reports/spec-003/.tmp-macos-static-81558	incomplete
retained-staging	.build/contract-reports/spec-003/.tmp-macos-static-86310	incomplete
retained-staging	.build/contract-reports/spec-003/.tmp-macos-static-9401	incomplete
retained-staging	.build/contract-reports/spec-003/.tmp-macos-static-94967	incomplete
retained-staging	.build/contract-reports/spec-003/.tmp-macos-static-95178	incomplete
retained-staging	.build/contract-reports/spec-003/.tmp-macos-static-95200	incomplete
retained-staging	.build/contract-reports/spec-003/.tmp-macos-static-9826	incomplete
retained-staging	.build/contract-reports/spec-003/.tmp-nrf52840-embedded-17394	incomplete
retained-staging	.build/contract-reports/spec-003/.tmp-nrf52840-embedded-22061	incomplete
retained-staging	.build/contract-reports/spec-003/.tmp-nrf52840-embedded-35020	incomplete
retained-staging	.build/contract-reports/spec-003/.tmp-nrf52840-embedded-70577	incomplete
retained-staging	.build/contract-reports/spec-003/.tmp-nrf52840-embedded-71421	incomplete
retained-staging	.build/contract-reports/spec-003/.tmp-nrf52840-embedded-73334	incomplete
retained-staging	.build/contract-reports/spec-003/.tmp-nrf52840-embedded-75338	incomplete
retained-staging	.build/contract-reports/spec-003/.tmp-nrf52840-embedded-82421	incomplete
retained-staging	.build/contract-reports/spec-003/.tmp-nrf52840-embedded-82733	incomplete
retained-staging	.build/contract-reports/spec-003/.tmp-raspberry-pi-armv6-10448	incomplete
retained-staging	.build/contract-reports/spec-003/.tmp-raspberry-pi-armv6-11090	incomplete
retained-staging	.build/contract-reports/spec-003/.tmp-raspberry-pi-armv6-11818	incomplete
retained-staging	.build/contract-reports/spec-003/.tmp-raspberry-pi-armv6-12342	incomplete
retained-staging	.build/contract-reports/spec-003/.tmp-raspberry-pi-armv6-12534	incomplete
retained-staging	.build/contract-reports/spec-003/.tmp-raspberry-pi-armv6-13063	incomplete
retained-staging	.build/contract-reports/spec-003/.tmp-raspberry-pi-armv6-13591	incomplete
retained-staging	.build/contract-reports/spec-003/.tmp-raspberry-pi-armv6-140	incomplete
retained-staging	.build/contract-reports/spec-003/.tmp-raspberry-pi-armv6-14152	incomplete
retained-staging	.build/contract-reports/spec-003/.tmp-raspberry-pi-armv6-14696	incomplete
retained-staging	.build/contract-reports/spec-003/.tmp-raspberry-pi-armv6-1495	incomplete
retained-staging	.build/contract-reports/spec-003/.tmp-raspberry-pi-armv6-14993	incomplete
retained-staging	.build/contract-reports/spec-003/.tmp-raspberry-pi-armv6-15240	incomplete
retained-staging	.build/contract-reports/spec-003/.tmp-raspberry-pi-armv6-15768	incomplete
retained-staging	.build/contract-reports/spec-003/.tmp-raspberry-pi-armv6-16298	incomplete
retained-staging	.build/contract-reports/spec-003/.tmp-raspberry-pi-armv6-16847	incomplete
retained-staging	.build/contract-reports/spec-003/.tmp-raspberry-pi-armv6-17376	incomplete
retained-staging	.build/contract-reports/spec-003/.tmp-raspberry-pi-armv6-17909	incomplete
retained-staging	.build/contract-reports/spec-003/.tmp-raspberry-pi-armv6-18462	incomplete
retained-staging	.build/contract-reports/spec-003/.tmp-raspberry-pi-armv6-19007	incomplete
retained-staging	.build/contract-reports/spec-003/.tmp-raspberry-pi-armv6-19532	incomplete
retained-staging	.build/contract-reports/spec-003/.tmp-raspberry-pi-armv6-20005	incomplete
retained-staging	.build/contract-reports/spec-003/.tmp-raspberry-pi-armv6-2033	incomplete
retained-staging	.build/contract-reports/spec-003/.tmp-raspberry-pi-armv6-20479	incomplete
retained-staging	.build/contract-reports/spec-003/.tmp-raspberry-pi-armv6-21043	incomplete
retained-staging	.build/contract-reports/spec-003/.tmp-raspberry-pi-armv6-24034	incomplete
retained-staging	.build/contract-reports/spec-003/.tmp-raspberry-pi-armv6-2584	incomplete
retained-staging	.build/contract-reports/spec-003/.tmp-raspberry-pi-armv6-3177	incomplete
retained-staging	.build/contract-reports/spec-003/.tmp-raspberry-pi-armv6-35743	incomplete
retained-staging	.build/contract-reports/spec-003/.tmp-raspberry-pi-armv6-3829	incomplete
retained-staging	.build/contract-reports/spec-003/.tmp-raspberry-pi-armv6-4367	incomplete
retained-staging	.build/contract-reports/spec-003/.tmp-raspberry-pi-armv6-4934	incomplete
retained-staging	.build/contract-reports/spec-003/.tmp-raspberry-pi-armv6-5463	incomplete
retained-staging	.build/contract-reports/spec-003/.tmp-raspberry-pi-armv6-5995	incomplete
retained-staging	.build/contract-reports/spec-003/.tmp-raspberry-pi-armv6-6666	incomplete
retained-staging	.build/contract-reports/spec-003/.tmp-raspberry-pi-armv6-68554	incomplete
retained-staging	.build/contract-reports/spec-003/.tmp-raspberry-pi-armv6-6960	incomplete
retained-staging	.build/contract-reports/spec-003/.tmp-raspberry-pi-armv6-76023	incomplete
retained-staging	.build/contract-reports/spec-003/.tmp-raspberry-pi-armv6-7629	incomplete
retained-staging	.build/contract-reports/spec-003/.tmp-raspberry-pi-armv6-77521	incomplete
retained-staging	.build/contract-reports/spec-003/.tmp-raspberry-pi-armv6-795	incomplete
retained-staging	.build/contract-reports/spec-003/.tmp-raspberry-pi-armv6-8342	incomplete
retained-staging	.build/contract-reports/spec-003/.tmp-raspberry-pi-armv6-87490	incomplete
retained-staging	.build/contract-reports/spec-003/.tmp-raspberry-pi-armv6-88175	incomplete
retained-staging	.build/contract-reports/spec-003/.tmp-raspberry-pi-armv6-96112	incomplete
retained-staging	.build/contract-reports/spec-003/.tmp-raspberry-pi-armv6-97277	incomplete
retained-staging	.build/contract-reports/spec-003/.tmp-raspberry-pi-armv6-97824	incomplete
retained-staging	.build/contract-reports/spec-003/.tmp-raspberry-pi-armv6-98451	incomplete
retained-staging	.build/contract-reports/spec-003/.tmp-raspberry-pi-armv6-99067	incomplete
retained-staging	.build/contract-reports/spec-003/.tmp-raspberry-pi-armv6-99606	incomplete
retained-staging	.build/contract-reports/spec-003/.tmp-raspberry-pi-armv6-99842	incomplete
retained-staging	.build/contract-reports/spec-004/.tmp-macos-dynamic-10125	incomplete
retained-staging	.build/contract-reports/spec-004/.tmp-macos-dynamic-10329	incomplete
retained-staging	.build/contract-reports/spec-004/.tmp-macos-dynamic-14833	incomplete
retained-staging	.build/contract-reports/spec-004/.tmp-macos-dynamic-15466	incomplete
retained-staging	.build/contract-reports/spec-004/.tmp-macos-dynamic-21451	incomplete
retained-staging	.build/contract-reports/spec-004/.tmp-macos-dynamic-30818	incomplete
retained-staging	.build/contract-reports/spec-004/.tmp-macos-dynamic-36665	incomplete
retained-staging	.build/contract-reports/spec-004/.tmp-macos-dynamic-4115	incomplete
retained-staging	.build/contract-reports/spec-004/.tmp-macos-dynamic-45058	incomplete
retained-staging	.build/contract-reports/spec-004/.tmp-macos-dynamic-467	incomplete
retained-staging	.build/contract-reports/spec-004/.tmp-macos-dynamic-50396	incomplete
retained-staging	.build/contract-reports/spec-004/.tmp-macos-dynamic-50579	incomplete
retained-staging	.build/contract-reports/spec-004/.tmp-macos-dynamic-5120	incomplete
retained-staging	.build/contract-reports/spec-004/.tmp-macos-dynamic-51738	incomplete
retained-staging	.build/contract-reports/spec-004/.tmp-macos-dynamic-52300	incomplete
retained-staging	.build/contract-reports/spec-004/.tmp-macos-dynamic-65508	incomplete
retained-staging	.build/contract-reports/spec-004/.tmp-macos-dynamic-66393	incomplete
retained-staging	.build/contract-reports/spec-004/.tmp-macos-dynamic-67861	incomplete
retained-staging	.build/contract-reports/spec-004/.tmp-macos-dynamic-71761	incomplete
retained-staging	.build/contract-reports/spec-004/.tmp-macos-dynamic-74455	incomplete
retained-staging	.build/contract-reports/spec-004/.tmp-macos-dynamic-7448	incomplete
retained-staging	.build/contract-reports/spec-004/.tmp-macos-dynamic-76768	incomplete
retained-staging	.build/contract-reports/spec-004/.tmp-macos-dynamic-79772	incomplete
retained-staging	.build/contract-reports/spec-004/.tmp-macos-dynamic-80133	incomplete
retained-staging	.build/contract-reports/spec-004/.tmp-macos-dynamic-8213	incomplete
retained-staging	.build/contract-reports/spec-004/.tmp-macos-dynamic-83312	incomplete
retained-staging	.build/contract-reports/spec-004/.tmp-macos-dynamic-84734	incomplete
retained-staging	.build/contract-reports/spec-004/.tmp-macos-dynamic-89407	incomplete
retained-staging	.build/contract-reports/spec-004/.tmp-macos-dynamic-91829	incomplete
retained-staging	.build/contract-reports/spec-004/.tmp-macos-dynamic-96395	incomplete
retained-staging	.build/contract-reports/spec-004/.tmp-macos-dynamic-9764	incomplete
retained-staging	.build/contract-reports/spec-004/.tmp-macos-static-17005	incomplete
retained-staging	.build/contract-reports/spec-004/.tmp-macos-static-18368	incomplete
retained-staging	.build/contract-reports/spec-004/.tmp-macos-static-3504	incomplete
retained-staging	.build/contract-reports/spec-004/.tmp-macos-static-5736	incomplete
retained-staging	.build/contract-reports/spec-004/.tmp-macos-static-71641	incomplete
retained-staging	.build/contract-reports/spec-004/.tmp-macos-static-72695	incomplete
retained-staging	.build/contract-reports/spec-004/.tmp-macos-static-7649	incomplete
retained-staging	.build/contract-reports/spec-004/.tmp-macos-static-95421	incomplete
retained-staging	.build/contract-reports/spec-004/.tmp-nrf52840-embedded-17647	incomplete
retained-staging	.build/contract-reports/spec-004/.tmp-nrf52840-embedded-22356	incomplete
retained-staging	.build/contract-reports/spec-004/.tmp-nrf52840-embedded-35273	incomplete
retained-staging	.build/contract-reports/spec-004/.tmp-nrf52840-embedded-57505	incomplete
retained-staging	.build/contract-reports/spec-004/.tmp-nrf52840-embedded-82672	incomplete
retained-staging	.build/contract-reports/spec-004/.tmp-nrf52840-embedded-82976	incomplete
retained-staging	.build/contract-reports/spec-004/.tmp-raspberry-pi-armv6-12595	incomplete
retained-staging	.build/contract-reports/spec-004/.tmp-raspberry-pi-armv6-15252	incomplete
retained-staging	.build/contract-reports/spec-004/.tmp-raspberry-pi-armv6-24287	incomplete
retained-staging	.build/contract-reports/spec-004/.tmp-raspberry-pi-armv6-3328	incomplete
retained-staging	.build/contract-reports/spec-004/.tmp-raspberry-pi-armv6-76266	incomplete
retained-staging	.build/contract-reports/spec-004/.tmp-raspberry-pi-armv6-77764	incomplete
retained-staging	.build/contract-reports/spec-004/.tmp-raspberry-pi-armv6-82236	incomplete
retained-staging	.build/contract-reports/spec-005/.tmp-macos-dynamic-10518	incomplete
retained-staging	.build/contract-reports/spec-005/.tmp-macos-dynamic-1423	incomplete
retained-staging	.build/contract-reports/spec-005/.tmp-macos-dynamic-15211	incomplete
retained-staging	.build/contract-reports/spec-005/.tmp-macos-dynamic-15828	incomplete
retained-staging	.build/contract-reports/spec-005/.tmp-macos-dynamic-21818	incomplete
retained-staging	.build/contract-reports/spec-005/.tmp-macos-dynamic-29095	incomplete
retained-staging	.build/contract-reports/spec-005/.tmp-macos-dynamic-31212	incomplete
retained-staging	.build/contract-reports/spec-005/.tmp-macos-dynamic-37048	incomplete
retained-staging	.build/contract-reports/spec-005/.tmp-macos-dynamic-45435	incomplete
retained-staging	.build/contract-reports/spec-005/.tmp-macos-dynamic-4567	incomplete
retained-staging	.build/contract-reports/spec-005/.tmp-macos-dynamic-50805	incomplete
retained-staging	.build/contract-reports/spec-005/.tmp-macos-dynamic-50969	incomplete
retained-staging	.build/contract-reports/spec-005/.tmp-macos-dynamic-52173	incomplete
retained-staging	.build/contract-reports/spec-005/.tmp-macos-dynamic-52693	incomplete
retained-staging	.build/contract-reports/spec-005/.tmp-macos-dynamic-5511	incomplete
retained-staging	.build/contract-reports/spec-005/.tmp-macos-dynamic-57153	incomplete
retained-staging	.build/contract-reports/spec-005/.tmp-macos-dynamic-65893	incomplete
retained-staging	.build/contract-reports/spec-005/.tmp-macos-dynamic-66792	incomplete
retained-staging	.build/contract-reports/spec-005/.tmp-macos-dynamic-68148	incomplete
retained-staging	.build/contract-reports/spec-005/.tmp-macos-dynamic-68244	incomplete
retained-staging	.build/contract-reports/spec-005/.tmp-macos-dynamic-72154	incomplete
retained-staging	.build/contract-reports/spec-005/.tmp-macos-dynamic-74848	incomplete
retained-staging	.build/contract-reports/spec-005/.tmp-macos-dynamic-77161	incomplete
retained-staging	.build/contract-reports/spec-005/.tmp-macos-dynamic-80159	incomplete
retained-staging	.build/contract-reports/spec-005/.tmp-macos-dynamic-8029	incomplete
retained-staging	.build/contract-reports/spec-005/.tmp-macos-dynamic-80523	incomplete
retained-staging	.build/contract-reports/spec-005/.tmp-macos-dynamic-83865	incomplete
retained-staging	.build/contract-reports/spec-005/.tmp-macos-dynamic-85127	incomplete
retained-staging	.build/contract-reports/spec-005/.tmp-macos-dynamic-89790	incomplete
retained-staging	.build/contract-reports/spec-005/.tmp-macos-dynamic-92197	incomplete
retained-staging	.build/contract-reports/spec-005/.tmp-macos-dynamic-96788	incomplete
retained-staging	.build/contract-reports/spec-005/.tmp-macos-static-17398	incomplete
retained-staging	.build/contract-reports/spec-005/.tmp-macos-static-18873	incomplete
retained-staging	.build/contract-reports/spec-005/.tmp-macos-static-3895	incomplete
retained-staging	.build/contract-reports/spec-005/.tmp-macos-static-6129	incomplete
retained-staging	.build/contract-reports/spec-005/.tmp-macos-static-72024	incomplete
retained-staging	.build/contract-reports/spec-005/.tmp-macos-static-73099	incomplete
retained-staging	.build/contract-reports/spec-005/.tmp-macos-static-8049	incomplete
retained-staging	.build/contract-reports/spec-005/.tmp-macos-static-95804	incomplete
retained-staging	.build/contract-reports/spec-005/.tmp-nrf52840-embedded-18040	incomplete
retained-staging	.build/contract-reports/spec-005/.tmp-nrf52840-embedded-22749	incomplete
retained-staging	.build/contract-reports/spec-005/.tmp-nrf52840-embedded-35667	incomplete
retained-staging	.build/contract-reports/spec-005/.tmp-nrf52840-embedded-83055	incomplete
retained-staging	.build/contract-reports/spec-005/.tmp-nrf52840-embedded-83359	incomplete
retained-staging	.build/contract-reports/spec-005/.tmp-raspberry-pi-armv6-12988	incomplete
retained-staging	.build/contract-reports/spec-005/.tmp-raspberry-pi-armv6-15645	incomplete
retained-staging	.build/contract-reports/spec-005/.tmp-raspberry-pi-armv6-24680	incomplete
retained-staging	.build/contract-reports/spec-005/.tmp-raspberry-pi-armv6-76649	incomplete
retained-staging	.build/contract-reports/spec-005/.tmp-raspberry-pi-armv6-78147	incomplete
retained-staging	.build/contract-reports/spec-006/.tmp-macos-dynamic-10565	incomplete
retained-staging	.build/contract-reports/spec-006/.tmp-macos-dynamic-1471	incomplete
retained-staging	.build/contract-reports/spec-006/.tmp-macos-dynamic-15926	incomplete
retained-staging	.build/contract-reports/spec-006/.tmp-macos-dynamic-21920	incomplete
retained-staging	.build/contract-reports/spec-006/.tmp-macos-dynamic-27885	incomplete
retained-staging	.build/contract-reports/spec-006/.tmp-macos-dynamic-31261	incomplete
retained-staging	.build/contract-reports/spec-006/.tmp-macos-dynamic-37095	incomplete
retained-staging	.build/contract-reports/spec-006/.tmp-macos-dynamic-3726	incomplete
retained-staging	.build/contract-reports/spec-006/.tmp-macos-dynamic-39518	incomplete
retained-staging	.build/contract-reports/spec-006/.tmp-macos-dynamic-4615	incomplete
retained-staging	.build/contract-reports/spec-006/.tmp-macos-dynamic-50907	incomplete
retained-staging	.build/contract-reports/spec-006/.tmp-macos-dynamic-51016	incomplete
retained-staging	.build/contract-reports/spec-006/.tmp-macos-dynamic-52225	incomplete
retained-staging	.build/contract-reports/spec-006/.tmp-macos-dynamic-52740	incomplete
retained-staging	.build/contract-reports/spec-006/.tmp-macos-dynamic-5558	incomplete
retained-staging	.build/contract-reports/spec-006/.tmp-macos-dynamic-56916	incomplete
retained-staging	.build/contract-reports/spec-006/.tmp-macos-dynamic-60672	incomplete
retained-staging	.build/contract-reports/spec-006/.tmp-macos-dynamic-66000	incomplete
retained-staging	.build/contract-reports/spec-006/.tmp-macos-dynamic-66839	incomplete
retained-staging	.build/contract-reports/spec-006/.tmp-macos-dynamic-68181	incomplete
retained-staging	.build/contract-reports/spec-006/.tmp-macos-dynamic-72201	incomplete
retained-staging	.build/contract-reports/spec-006/.tmp-macos-dynamic-74533	incomplete
retained-staging	.build/contract-reports/spec-006/.tmp-macos-dynamic-74895	incomplete
retained-staging	.build/contract-reports/spec-006/.tmp-macos-dynamic-76294	incomplete
retained-staging	.build/contract-reports/spec-006/.tmp-macos-dynamic-77208	incomplete
retained-staging	.build/contract-reports/spec-006/.tmp-macos-dynamic-80272	incomplete
retained-staging	.build/contract-reports/spec-006/.tmp-macos-dynamic-80640	incomplete
retained-staging	.build/contract-reports/spec-006/.tmp-macos-dynamic-83922	incomplete
retained-staging	.build/contract-reports/spec-006/.tmp-macos-dynamic-85174	incomplete
retained-staging	.build/contract-reports/spec-006/.tmp-macos-dynamic-89837	incomplete
retained-staging	.build/contract-reports/spec-006/.tmp-macos-dynamic-92320	incomplete
retained-staging	.build/contract-reports/spec-006/.tmp-macos-dynamic-96835	incomplete
retained-staging	.build/contract-reports/spec-006/.tmp-macos-static-17445	incomplete
retained-staging	.build/contract-reports/spec-006/.tmp-macos-static-4010	incomplete
retained-staging	.build/contract-reports/spec-006/.tmp-macos-static-6176	incomplete
retained-staging	.build/contract-reports/spec-006/.tmp-macos-static-72071	incomplete
retained-staging	.build/contract-reports/spec-006/.tmp-macos-static-8096	incomplete
retained-staging	.build/contract-reports/spec-006/.tmp-macos-static-95851	incomplete
retained-staging	.build/contract-reports/spec-006/.tmp-nrf52840-embedded-18087	incomplete
retained-staging	.build/contract-reports/spec-006/.tmp-nrf52840-embedded-22796	incomplete
retained-staging	.build/contract-reports/spec-006/.tmp-nrf52840-embedded-35714	incomplete
retained-staging	.build/contract-reports/spec-006/.tmp-nrf52840-embedded-83102	incomplete
retained-staging	.build/contract-reports/spec-006/.tmp-raspberry-pi-armv6-13035	incomplete
retained-staging	.build/contract-reports/spec-006/.tmp-raspberry-pi-armv6-15707	incomplete
retained-staging	.build/contract-reports/spec-006/.tmp-raspberry-pi-armv6-24727	incomplete
retained-staging	.build/contract-reports/spec-006/.tmp-raspberry-pi-armv6-76696	incomplete
retained-staging	.build/contract-reports/spec-006/.tmp-raspberry-pi-armv6-78258	incomplete
retained-staging	.build/contract-reports/spec-007/.tmp-macos-dynamic-1514	incomplete
retained-staging	.build/contract-reports/spec-007/.tmp-macos-dynamic-15539	incomplete
retained-staging	.build/contract-reports/spec-007/.tmp-macos-dynamic-15993	incomplete
retained-staging	.build/contract-reports/spec-007/.tmp-macos-dynamic-21987	incomplete
retained-staging	.build/contract-reports/spec-007/.tmp-macos-dynamic-27952	incomplete
retained-staging	.build/contract-reports/spec-007/.tmp-macos-dynamic-37137	incomplete
retained-staging	.build/contract-reports/spec-007/.tmp-macos-dynamic-3794	incomplete
retained-staging	.build/contract-reports/spec-007/.tmp-macos-dynamic-39585	incomplete
retained-staging	.build/contract-reports/spec-007/.tmp-macos-dynamic-45763	incomplete
retained-staging	.build/contract-reports/spec-007/.tmp-macos-dynamic-50974	incomplete
retained-staging	.build/contract-reports/spec-007/.tmp-macos-dynamic-51058	incomplete
retained-staging	.build/contract-reports/spec-007/.tmp-macos-dynamic-5600	incomplete
retained-staging	.build/contract-reports/spec-007/.tmp-macos-dynamic-57004	incomplete
retained-staging	.build/contract-reports/spec-007/.tmp-macos-dynamic-60739	incomplete
retained-staging	.build/contract-reports/spec-007/.tmp-macos-dynamic-66042	incomplete
retained-staging	.build/contract-reports/spec-007/.tmp-macos-dynamic-66881	incomplete
retained-staging	.build/contract-reports/spec-007/.tmp-macos-dynamic-68248	incomplete
retained-staging	.build/contract-reports/spec-007/.tmp-macos-dynamic-68596	incomplete
retained-staging	.build/contract-reports/spec-007/.tmp-macos-dynamic-74621	incomplete
retained-staging	.build/contract-reports/spec-007/.tmp-macos-dynamic-76361	incomplete
retained-staging	.build/contract-reports/spec-007/.tmp-macos-dynamic-80314	incomplete
retained-staging	.build/contract-reports/spec-007/.tmp-macos-dynamic-80682	incomplete
retained-staging	.build/contract-reports/spec-007/.tmp-macos-dynamic-85216	incomplete
retained-staging	.build/contract-reports/spec-007/.tmp-macos-dynamic-89879	incomplete
retained-staging	.build/contract-reports/spec-007/.tmp-macos-dynamic-90643	incomplete
retained-staging	.build/contract-reports/spec-007/.tmp-macos-dynamic-92387	incomplete
retained-staging	.build/contract-reports/spec-007/.tmp-macos-static-4052	incomplete
retained-staging	.build/contract-reports/spec-007/.tmp-macos-static-72113	incomplete
retained-staging	.build/contract-reports/spec-007/.tmp-macos-static-73428	incomplete
retained-staging	.build/contract-reports/spec-007/.tmp-macos-static-8138	incomplete
retained-staging	.build/contract-reports/spec-007/.tmp-macos-static-95893	incomplete
retained-staging	.build/contract-reports/spec-007/.tmp-nrf52840-embedded-18129	incomplete
retained-staging	.build/contract-reports/spec-007/.tmp-nrf52840-embedded-83144	incomplete
retained-staging	.build/contract-reports/spec-007/.tmp-nrf52840-embedded-83680	incomplete
retained-staging	.build/contract-reports/spec-007/.tmp-nrf52840-embedded-97502	incomplete
retained-staging	.build/contract-reports/spec-007/.tmp-nrf52840-embedded-97533	incomplete
retained-staging	.build/contract-reports/spec-007/.tmp-raspberry-pi-armv6-13077	incomplete
retained-staging	.build/contract-reports/spec-007/.tmp-raspberry-pi-armv6-76738	incomplete
retained-staging	.build/contract-reports/spec-007/.tmp-raspberry-pi-armv6-78403	incomplete
retained-staging	.build/contract-reports/spec-008/.tmp-macos-dynamic-11814	incomplete
retained-staging	.build/contract-reports/spec-008/.tmp-macos-dynamic-15592	incomplete
retained-staging	.build/contract-reports/spec-008/.tmp-macos-dynamic-16046	incomplete
retained-staging	.build/contract-reports/spec-008/.tmp-macos-dynamic-1606	incomplete
retained-staging	.build/contract-reports/spec-008/.tmp-macos-dynamic-22094	incomplete
retained-staging	.build/contract-reports/spec-008/.tmp-macos-dynamic-28017	incomplete
retained-staging	.build/contract-reports/spec-008/.tmp-macos-dynamic-32569	incomplete
retained-staging	.build/contract-reports/spec-008/.tmp-macos-dynamic-37190	incomplete
retained-staging	.build/contract-reports/spec-008/.tmp-macos-dynamic-3859	incomplete
retained-staging	.build/contract-reports/spec-008/.tmp-macos-dynamic-39671	incomplete
retained-staging	.build/contract-reports/spec-008/.tmp-macos-dynamic-45816	incomplete
retained-staging	.build/contract-reports/spec-008/.tmp-macos-dynamic-51081	incomplete
retained-staging	.build/contract-reports/spec-008/.tmp-macos-dynamic-51127	incomplete
retained-staging	.build/contract-reports/spec-008/.tmp-macos-dynamic-53414	incomplete
retained-staging	.build/contract-reports/spec-008/.tmp-macos-dynamic-53571	incomplete
retained-staging	.build/contract-reports/spec-008/.tmp-macos-dynamic-57070	incomplete
retained-staging	.build/contract-reports/spec-008/.tmp-macos-dynamic-60804	incomplete
retained-staging	.build/contract-reports/spec-008/.tmp-macos-dynamic-6089	incomplete
retained-staging	.build/contract-reports/spec-008/.tmp-macos-dynamic-66110	incomplete
retained-staging	.build/contract-reports/spec-008/.tmp-macos-dynamic-66934	incomplete
retained-staging	.build/contract-reports/spec-008/.tmp-macos-dynamic-68313	incomplete
retained-staging	.build/contract-reports/spec-008/.tmp-macos-dynamic-68649	incomplete
retained-staging	.build/contract-reports/spec-008/.tmp-macos-dynamic-73339	incomplete
retained-staging	.build/contract-reports/spec-008/.tmp-macos-dynamic-74686	incomplete
retained-staging	.build/contract-reports/spec-008/.tmp-macos-dynamic-76023	incomplete
retained-staging	.build/contract-reports/spec-008/.tmp-macos-dynamic-76426	incomplete
retained-staging	.build/contract-reports/spec-008/.tmp-macos-dynamic-78464	incomplete
retained-staging	.build/contract-reports/spec-008/.tmp-macos-dynamic-80379	incomplete
retained-staging	.build/contract-reports/spec-008/.tmp-macos-dynamic-80733	incomplete
retained-staging	.build/contract-reports/spec-008/.tmp-macos-dynamic-85352	incomplete
retained-staging	.build/contract-reports/spec-008/.tmp-macos-dynamic-86687	incomplete
retained-staging	.build/contract-reports/spec-008/.tmp-macos-dynamic-89932	incomplete
retained-staging	.build/contract-reports/spec-008/.tmp-macos-dynamic-90829	incomplete
retained-staging	.build/contract-reports/spec-008/.tmp-macos-dynamic-92452	incomplete
retained-staging	.build/contract-reports/spec-008/.tmp-macos-dynamic-98157	incomplete
retained-staging	.build/contract-reports/spec-008/.tmp-macos-static-18679	incomplete
retained-staging	.build/contract-reports/spec-008/.tmp-macos-static-4103	incomplete
retained-staging	.build/contract-reports/spec-008/.tmp-macos-static-72166	incomplete
retained-staging	.build/contract-reports/spec-008/.tmp-macos-static-73481	incomplete
retained-staging	.build/contract-reports/spec-008/.tmp-macos-static-7574	incomplete
retained-staging	.build/contract-reports/spec-008/.tmp-macos-static-8327	incomplete
retained-staging	.build/contract-reports/spec-008/.tmp-macos-static-95946	incomplete
retained-staging	.build/contract-reports/spec-008/.tmp-nrf52840-embedded-18266	incomplete
retained-staging	.build/contract-reports/spec-008/.tmp-nrf52840-embedded-23173	incomplete
retained-staging	.build/contract-reports/spec-008/.tmp-nrf52840-embedded-36048	incomplete
retained-staging	.build/contract-reports/spec-008/.tmp-nrf52840-embedded-83197	incomplete
retained-staging	.build/contract-reports/spec-008/.tmp-raspberry-pi-armv6-13214	incomplete
retained-staging	.build/contract-reports/spec-008/.tmp-raspberry-pi-armv6-16155	incomplete
retained-staging	.build/contract-reports/spec-008/.tmp-raspberry-pi-armv6-25146	incomplete
retained-staging	.build/contract-reports/spec-008/.tmp-raspberry-pi-armv6-76791	incomplete
retained-staging	.build/contract-reports/spec-008/.tmp-raspberry-pi-armv6-78456	incomplete
retained-staging	.build/contract-reports/spec-009/.tmp-macos-dynamic-12025	incomplete
retained-staging	.build/contract-reports/spec-009/.tmp-macos-dynamic-1780	incomplete
retained-staging	.build/contract-reports/spec-009/.tmp-macos-dynamic-32570	incomplete
retained-staging	.build/contract-reports/spec-009/.tmp-macos-dynamic-32777	incomplete
retained-staging	.build/contract-reports/spec-009/.tmp-macos-dynamic-34834	incomplete
retained-staging	.build/contract-reports/spec-009/.tmp-macos-dynamic-37426	incomplete
retained-staging	.build/contract-reports/spec-009/.tmp-macos-dynamic-40118	incomplete
retained-staging	.build/contract-reports/spec-009/.tmp-macos-dynamic-40568	incomplete
retained-staging	.build/contract-reports/spec-009/.tmp-macos-dynamic-40695	incomplete
retained-staging	.build/contract-reports/spec-009/.tmp-macos-dynamic-51296	incomplete
retained-staging	.build/contract-reports/spec-009/.tmp-macos-dynamic-53623	incomplete
retained-staging	.build/contract-reports/spec-009/.tmp-macos-dynamic-53826	incomplete
retained-staging	.build/contract-reports/spec-009/.tmp-macos-dynamic-6297	incomplete
retained-staging	.build/contract-reports/spec-009/.tmp-macos-dynamic-66279	incomplete
retained-staging	.build/contract-reports/spec-009/.tmp-macos-dynamic-67105	incomplete
retained-staging	.build/contract-reports/spec-009/.tmp-macos-dynamic-73552	incomplete
retained-staging	.build/contract-reports/spec-009/.tmp-macos-dynamic-76232	incomplete
retained-staging	.build/contract-reports/spec-009/.tmp-macos-dynamic-78672	incomplete
retained-staging	.build/contract-reports/spec-009/.tmp-macos-dynamic-80588	incomplete
retained-staging	.build/contract-reports/spec-009/.tmp-macos-dynamic-80902	incomplete
retained-staging	.build/contract-reports/spec-009/.tmp-macos-dynamic-86895	incomplete
retained-staging	.build/contract-reports/spec-009/.tmp-macos-dynamic-90140	incomplete
retained-staging	.build/contract-reports/spec-009/.tmp-macos-dynamic-98407	incomplete
retained-staging	.build/contract-reports/spec-009/.tmp-macos-static-18887	incomplete
retained-staging	.build/contract-reports/spec-009/.tmp-macos-static-40211	incomplete
retained-staging	.build/contract-reports/spec-009/.tmp-macos-static-4328	incomplete
retained-staging	.build/contract-reports/spec-009/.tmp-macos-static-72335	incomplete
retained-staging	.build/contract-reports/spec-009/.tmp-macos-static-7829	incomplete
retained-staging	.build/contract-reports/spec-009/.tmp-macos-static-8496	incomplete
retained-staging	.build/contract-reports/spec-009/.tmp-macos-static-96163	incomplete
retained-staging	.build/contract-reports/spec-009/.tmp-nrf52840-embedded-18435	incomplete
retained-staging	.build/contract-reports/spec-009/.tmp-nrf52840-embedded-23423	incomplete
retained-staging	.build/contract-reports/spec-009/.tmp-nrf52840-embedded-36256	incomplete
retained-staging	.build/contract-reports/spec-009/.tmp-nrf52840-embedded-40117	incomplete
retained-staging	.build/contract-reports/spec-009/.tmp-nrf52840-embedded-83366	incomplete
retained-staging	.build/contract-reports/spec-009/.tmp-raspberry-pi-armv6-13383	incomplete
retained-staging	.build/contract-reports/spec-009/.tmp-raspberry-pi-armv6-16405	incomplete
retained-staging	.build/contract-reports/spec-009/.tmp-raspberry-pi-armv6-25354	incomplete
retained-staging	.build/contract-reports/spec-009/.tmp-raspberry-pi-armv6-40306	incomplete
retained-staging	.build/contract-reports/spec-009/.tmp-raspberry-pi-armv6-76960	incomplete
retained-staging	.build/contract-reports/spec-011/.tmp-macos-dynamic-12397	incomplete
retained-staging	.build/contract-reports/spec-011/.tmp-macos-dynamic-15798	incomplete
retained-staging	.build/contract-reports/spec-011/.tmp-macos-dynamic-16167	incomplete
retained-staging	.build/contract-reports/spec-011/.tmp-macos-dynamic-16808	incomplete
retained-staging	.build/contract-reports/spec-011/.tmp-macos-dynamic-1943	incomplete
retained-staging	.build/contract-reports/spec-011/.tmp-macos-dynamic-22954	incomplete
retained-staging	.build/contract-reports/spec-011/.tmp-macos-dynamic-28293	incomplete
retained-staging	.build/contract-reports/spec-011/.tmp-macos-dynamic-30254	incomplete
retained-staging	.build/contract-reports/spec-011/.tmp-macos-dynamic-32935	incomplete
retained-staging	.build/contract-reports/spec-011/.tmp-macos-dynamic-33147	incomplete
retained-staging	.build/contract-reports/spec-011/.tmp-macos-dynamic-37794	incomplete
retained-staging	.build/contract-reports/spec-011/.tmp-macos-dynamic-40453	incomplete
retained-staging	.build/contract-reports/spec-011/.tmp-macos-dynamic-46697	incomplete
retained-staging	.build/contract-reports/spec-011/.tmp-macos-dynamic-4683	incomplete
retained-staging	.build/contract-reports/spec-011/.tmp-macos-dynamic-51661	incomplete
retained-staging	.build/contract-reports/spec-011/.tmp-macos-dynamic-51883	incomplete
retained-staging	.build/contract-reports/spec-011/.tmp-macos-dynamic-52579	incomplete
retained-staging	.build/contract-reports/spec-011/.tmp-macos-dynamic-53779	incomplete
retained-staging	.build/contract-reports/spec-011/.tmp-macos-dynamic-54197	incomplete
retained-staging	.build/contract-reports/spec-011/.tmp-macos-dynamic-57873	incomplete
retained-staging	.build/contract-reports/spec-011/.tmp-macos-dynamic-61564	incomplete
retained-staging	.build/contract-reports/spec-011/.tmp-macos-dynamic-66671	incomplete
retained-staging	.build/contract-reports/spec-011/.tmp-macos-dynamic-6735	incomplete
retained-staging	.build/contract-reports/spec-011/.tmp-macos-dynamic-67471	incomplete
retained-staging	.build/contract-reports/spec-011/.tmp-macos-dynamic-68589	incomplete
retained-staging	.build/contract-reports/spec-011/.tmp-macos-dynamic-69540	incomplete
retained-staging	.build/contract-reports/spec-011/.tmp-macos-dynamic-70885	incomplete
retained-staging	.build/contract-reports/spec-011/.tmp-macos-dynamic-73931	incomplete
retained-staging	.build/contract-reports/spec-011/.tmp-macos-dynamic-75499	incomplete
retained-staging	.build/contract-reports/spec-011/.tmp-macos-dynamic-76602	incomplete
retained-staging	.build/contract-reports/spec-011/.tmp-macos-dynamic-77187	incomplete
retained-staging	.build/contract-reports/spec-011/.tmp-macos-dynamic-79042	incomplete
retained-staging	.build/contract-reports/spec-011/.tmp-macos-dynamic-80956	incomplete
retained-staging	.build/contract-reports/spec-011/.tmp-macos-dynamic-81269	incomplete
retained-staging	.build/contract-reports/spec-011/.tmp-macos-dynamic-87332	incomplete
retained-staging	.build/contract-reports/spec-011/.tmp-macos-dynamic-90513	incomplete
retained-staging	.build/contract-reports/spec-011/.tmp-macos-dynamic-91684	incomplete
retained-staging	.build/contract-reports/spec-011/.tmp-macos-dynamic-93255	incomplete
retained-staging	.build/contract-reports/spec-011/.tmp-macos-dynamic-98778	incomplete
retained-staging	.build/contract-reports/spec-011/.tmp-macos-static-19257	incomplete
retained-staging	.build/contract-reports/spec-011/.tmp-macos-static-4705	incomplete
retained-staging	.build/contract-reports/spec-011/.tmp-macos-static-72708	incomplete
retained-staging	.build/contract-reports/spec-011/.tmp-macos-static-74385	incomplete
retained-staging	.build/contract-reports/spec-011/.tmp-macos-static-79018	incomplete
retained-staging	.build/contract-reports/spec-011/.tmp-macos-static-8201	incomplete
retained-staging	.build/contract-reports/spec-011/.tmp-macos-static-8862	incomplete
retained-staging	.build/contract-reports/spec-011/.tmp-macos-static-96533	incomplete
retained-staging	.build/contract-reports/spec-011/.tmp-nrf52840-embedded-187	incomplete
retained-staging	.build/contract-reports/spec-011/.tmp-nrf52840-embedded-18788	incomplete
retained-staging	.build/contract-reports/spec-011/.tmp-nrf52840-embedded-23772	incomplete
retained-staging	.build/contract-reports/spec-011/.tmp-nrf52840-embedded-36609	incomplete
retained-staging	.build/contract-reports/spec-011/.tmp-nrf52840-embedded-83710	incomplete
retained-staging	.build/contract-reports/spec-011/.tmp-nrf52840-embedded-86225	incomplete
retained-staging	.build/contract-reports/spec-011/.tmp-raspberry-pi-armv6-13735	incomplete
retained-staging	.build/contract-reports/spec-011/.tmp-raspberry-pi-armv6-16765	incomplete
retained-staging	.build/contract-reports/spec-011/.tmp-raspberry-pi-armv6-25719	incomplete
retained-staging	.build/contract-reports/spec-011/.tmp-raspberry-pi-armv6-77318	incomplete
retained-staging	.build/contract-reports/spec-011/.tmp-raspberry-pi-armv6-79478	incomplete
retained-staging	.build/contract-reports/spec-011/.tmp-raspberry-pi-armv6-86641	incomplete
retained-staging	.build/contract-reports/spec-012/.tmp-macos-dynamic-12462	incomplete
retained-staging	.build/contract-reports/spec-012/.tmp-macos-dynamic-16871	incomplete
retained-staging	.build/contract-reports/spec-012/.tmp-macos-dynamic-2009	incomplete
retained-staging	.build/contract-reports/spec-012/.tmp-macos-dynamic-23017	incomplete
retained-staging	.build/contract-reports/spec-012/.tmp-macos-dynamic-32998	incomplete
retained-staging	.build/contract-reports/spec-012/.tmp-macos-dynamic-33212	incomplete
retained-staging	.build/contract-reports/spec-012/.tmp-macos-dynamic-34833	incomplete
retained-staging	.build/contract-reports/spec-012/.tmp-macos-dynamic-37859	incomplete
retained-staging	.build/contract-reports/spec-012/.tmp-macos-dynamic-40506	incomplete
retained-staging	.build/contract-reports/spec-012/.tmp-macos-dynamic-51726	incomplete
retained-staging	.build/contract-reports/spec-012/.tmp-macos-dynamic-51988	incomplete
retained-staging	.build/contract-reports/spec-012/.tmp-macos-dynamic-53844	incomplete
retained-staging	.build/contract-reports/spec-012/.tmp-macos-dynamic-54262	incomplete
retained-staging	.build/contract-reports/spec-012/.tmp-macos-dynamic-61627	incomplete
retained-staging	.build/contract-reports/spec-012/.tmp-macos-dynamic-66741	incomplete
retained-staging	.build/contract-reports/spec-012/.tmp-macos-dynamic-67536	incomplete
retained-staging	.build/contract-reports/spec-012/.tmp-macos-dynamic-6818	incomplete
retained-staging	.build/contract-reports/spec-012/.tmp-macos-dynamic-73996	incomplete
retained-staging	.build/contract-reports/spec-012/.tmp-macos-dynamic-76667	incomplete
retained-staging	.build/contract-reports/spec-012/.tmp-macos-dynamic-79107	incomplete
retained-staging	.build/contract-reports/spec-012/.tmp-macos-dynamic-81334	incomplete
retained-staging	.build/contract-reports/spec-012/.tmp-macos-dynamic-87397	incomplete
retained-staging	.build/contract-reports/spec-012/.tmp-macos-dynamic-90578	incomplete
retained-staging	.build/contract-reports/spec-012/.tmp-macos-dynamic-92117	incomplete
retained-staging	.build/contract-reports/spec-012/.tmp-macos-dynamic-92239	incomplete
retained-staging	.build/contract-reports/spec-012/.tmp-macos-dynamic-92517	incomplete
retained-staging	.build/contract-reports/spec-012/.tmp-macos-dynamic-93318	incomplete
retained-staging	.build/contract-reports/spec-012/.tmp-macos-dynamic-98885	incomplete
retained-staging	.build/contract-reports/spec-012/.tmp-macos-static-19322	incomplete
retained-staging	.build/contract-reports/spec-012/.tmp-macos-static-4770	incomplete
retained-staging	.build/contract-reports/spec-012/.tmp-macos-static-72773	incomplete
retained-staging	.build/contract-reports/spec-012/.tmp-macos-static-8309	incomplete
retained-staging	.build/contract-reports/spec-012/.tmp-macos-static-8927	incomplete
retained-staging	.build/contract-reports/spec-012/.tmp-macos-static-96598	incomplete
retained-staging	.build/contract-reports/spec-012/.tmp-nrf52840-embedded-18853	incomplete
retained-staging	.build/contract-reports/spec-012/.tmp-nrf52840-embedded-23879	incomplete
retained-staging	.build/contract-reports/spec-012/.tmp-nrf52840-embedded-36674	incomplete
retained-staging	.build/contract-reports/spec-012/.tmp-nrf52840-embedded-72135	incomplete
retained-staging	.build/contract-reports/spec-012/.tmp-nrf52840-embedded-72427	incomplete
retained-staging	.build/contract-reports/spec-012/.tmp-nrf52840-embedded-83775	incomplete
retained-staging	.build/contract-reports/spec-012/.tmp-raspberry-pi-armv6-13800	incomplete
retained-staging	.build/contract-reports/spec-012/.tmp-raspberry-pi-armv6-16874	incomplete
retained-staging	.build/contract-reports/spec-012/.tmp-raspberry-pi-armv6-25784	incomplete
retained-staging	.build/contract-reports/spec-012/.tmp-raspberry-pi-armv6-77383	incomplete
retained-staging	.build/contract-reports/spec-012/.tmp-raspberry-pi-armv6-93913	incomplete
retained-staging	.build/contract-reports/spec-013/.tmp-macos-dynamic-16958	incomplete
retained-staging	.build/contract-reports/spec-013/.tmp-macos-dynamic-28595	incomplete
retained-staging	.build/contract-reports/spec-013/.tmp-macos-dynamic-30355	incomplete
retained-staging	.build/contract-reports/spec-013/.tmp-macos-dynamic-40569	incomplete
retained-staging	.build/contract-reports/spec-013/.tmp-macos-dynamic-4981	incomplete
retained-staging	.build/contract-reports/spec-013/.tmp-macos-dynamic-58192	incomplete
retained-staging	.build/contract-reports/spec-013/.tmp-macos-dynamic-61690	incomplete
retained-staging	.build/contract-reports/spec-013/.tmp-macos-dynamic-68684	incomplete
retained-staging	.build/contract-reports/spec-013/.tmp-macos-dynamic-71454	incomplete
retained-staging	.build/contract-reports/spec-013/.tmp-macos-dynamic-77485	incomplete
retained-staging	.build/contract-reports/spec-013/.tmp-macos-static-79644	incomplete
retained-staging	.build/contract-reports/spec-013/.tmp-nrf52840-embedded-1016	incomplete
retained-staging	.build/contract-reports/spec-013/.tmp-raspberry-pi-armv6-87278	incomplete
retained-staging	.build/contract-reports/spec-015/.tmp-macos-dynamic-27976	incomplete
retained-staging	.build/contract-reports/spec-015/.tmp-macos-dynamic-30426	incomplete
retained-staging	.build/contract-reports/spec-015/.tmp-macos-dynamic-37353	incomplete
retained-staging	.build/contract-reports/spec-015/.tmp-macos-dynamic-38810	incomplete
retained-staging	.build/contract-reports/spec-015/.tmp-macos-dynamic-38842	incomplete
retained-staging	.build/contract-reports/spec-015/.tmp-macos-dynamic-40074	incomplete
retained-staging	.build/contract-reports/spec-015/.tmp-macos-dynamic-40426	incomplete
retained-staging	.build/contract-reports/spec-015/.tmp-macos-dynamic-41654	incomplete
retained-staging	.build/contract-reports/spec-015/.tmp-macos-dynamic-55834	incomplete
retained-staging	.build/contract-reports/spec-015/.tmp-macos-dynamic-66666	incomplete
retained-staging	.build/contract-reports/spec-015/.tmp-macos-dynamic-71075	incomplete
retained-staging	.build/contract-reports/spec-015/.tmp-macos-dynamic-71818	incomplete
retained-staging	.build/contract-reports/spec-015/.tmp-macos-dynamic-72212	incomplete
retained-staging	.build/contract-reports/spec-015/.tmp-macos-dynamic-72452	incomplete
retained-staging	.build/contract-reports/spec-015/.tmp-macos-dynamic-80966	incomplete
retained-staging	.build/contract-reports/spec-015/.tmp-macos-dynamic-89628	incomplete
retained-staging	.build/contract-reports/spec-015/.tmp-macos-dynamic-92168	incomplete
retained-staging	.build/contract-reports/spec-015/.tmp-macos-static-40133	incomplete
retained-staging	.build/contract-reports/spec-015/.tmp-macos-static-76971	incomplete
retained-staging	.build/contract-reports/spec-015/.tmp-nrf52840-embedded-23027	incomplete
retained-staging	.build/contract-reports/spec-015/.tmp-nrf52840-embedded-40364	incomplete
retained-staging	.build/contract-reports/spec-015/.tmp-nrf52840-embedded-41552	incomplete
retained-staging	.build/contract-reports/spec-015/.tmp-nrf52840-embedded-43584	incomplete
retained-staging	.build/contract-reports/spec-015/.tmp-nrf52840-embedded-47437	incomplete
retained-staging	.build/contract-reports/spec-015/.tmp-nrf52840-embedded-56566	incomplete
retained-staging	.build/contract-reports/spec-015/.tmp-nrf52840-embedded-66783	incomplete
retained-staging	.build/contract-reports/spec-015/.tmp-nrf52840-embedded-80622	incomplete
retained-staging	.build/contract-reports/spec-015/.tmp-raspberry-pi-armv6-11861	incomplete
retained-staging	.build/contract-reports/spec-015/.tmp-raspberry-pi-armv6-16574	incomplete
retained-staging	.build/contract-reports/spec-015/.tmp-raspberry-pi-armv6-17821	incomplete
retained-staging	.build/contract-reports/spec-015/.tmp-raspberry-pi-armv6-18105	incomplete
retained-staging	.build/contract-reports/spec-015/.tmp-raspberry-pi-armv6-20892	incomplete
retained-staging	.build/contract-reports/spec-015/.tmp-raspberry-pi-armv6-23929	incomplete
retained-staging	.build/contract-reports/spec-015/.tmp-raspberry-pi-armv6-32628	incomplete
retained-staging	.build/contract-reports/spec-015/.tmp-raspberry-pi-armv6-34818	incomplete
retained-staging	.build/contract-reports/spec-015/.tmp-raspberry-pi-armv6-35825	incomplete
retained-staging	.build/contract-reports/spec-015/.tmp-raspberry-pi-armv6-40306	incomplete
retained-staging	.build/contract-reports/spec-015/.tmp-raspberry-pi-armv6-40896	incomplete
retained-staging	.build/contract-reports/spec-015/.tmp-raspberry-pi-armv6-41528	incomplete
retained-staging	.build/contract-reports/spec-015/.tmp-raspberry-pi-armv6-43639	incomplete
retained-staging	.build/contract-reports/spec-015/.tmp-raspberry-pi-armv6-44361	incomplete
retained-staging	.build/contract-reports/spec-015/.tmp-raspberry-pi-armv6-53981	incomplete
retained-staging	.build/contract-reports/spec-015/.tmp-raspberry-pi-armv6-75158	incomplete
retained-staging	.build/contract-reports/spec-015/.tmp-raspberry-pi-armv6-78511	incomplete
retained-staging	.build/contract-reports/spec-015/.tmp-raspberry-pi-armv6-80945	incomplete
retained-staging	.build/contract-reports/spec-015/.tmp-raspberry-pi-armv6-99122	incomplete
