commands.txt	4cbf26a9f8241e33de7692ee67ad97f76006342ee7142dcd190c5ec472f6dd68
declarations/commands.txt	f40eca0f8f41c7d4577a4d20de60dc76cfd7441feb172cd49efede6ceb25443b
declarations/fixtures/bounded-text-byte-count-mutation/stderr.txt	9f619d6c3fc5f7d6e512279fb4b1242410fc1da7fbb8875e35923af64a0ceb8a
declarations/fixtures/bounded-text-byte-count-mutation/stdout.txt	e3b0c44298fc1c149afbf4c8996fb92427ae41e4649b934ca495991b7852b855
declarations/fixtures/bounded-text-public-surface/stderr.txt	e3b0c44298fc1c149afbf4c8996fb92427ae41e4649b934ca495991b7852b855
declarations/fixtures/bounded-text-public-surface/stdout.txt	e3b0c44298fc1c149afbf4c8996fb92427ae41e4649b934ca495991b7852b855
declarations/fixtures/bounded-text-storage-access/stderr.txt	cb1aa4a1a8b23a13014f7eb102039e67ed8ffbfe163c6e23ef977062848d6112
declarations/fixtures/bounded-text-storage-access/stdout.txt	e3b0c44298fc1c149afbf4c8996fb92427ae41e4649b934ca495991b7852b855
declarations/fixtures/bounded-text-string-input/stderr.txt	18c6dc1a15f334a3dcd1b8c9e493b5d047101a669c1f97aa61a88696d5881e2e
declarations/fixtures/bounded-text-string-input/stdout.txt	e3b0c44298fc1c149afbf4c8996fb92427ae41e4649b934ca495991b7852b855
declarations/fixtures/color-alpha-initializer/stderr.txt	44ef86d670ffcd721d628c5028b45fd5cc98a0dc022aa51cb65adbb2903a746a
declarations/fixtures/color-alpha-initializer/stdout.txt	e3b0c44298fc1c149afbf4c8996fb92427ae41e4649b934ca495991b7852b855
declarations/fixtures/color-alpha-member/stderr.txt	cdcb7d5eaac4b5b65ab30b5024f8d7ea666333fb846572cfa8ee25358d7a236a
declarations/fixtures/color-alpha-member/stdout.txt	e3b0c44298fc1c149afbf4c8996fb92427ae41e4649b934ca495991b7852b855
declarations/fixtures/color-backend-hook/stderr.txt	1f5e6fcc842e2f906c150150ba476583e362a6cd478a9ea6ba84e9cc789b9b6d
declarations/fixtures/color-backend-hook/stdout.txt	e3b0c44298fc1c149afbf4c8996fb92427ae41e4649b934ca495991b7852b855
declarations/fixtures/color-clear-access/stderr.txt	d4761eeb70734a7647d32dbe90e1ef189e5bb4e040ca0602a6d15f663d1c63aa
declarations/fixtures/color-clear-access/stdout.txt	e3b0c44298fc1c149afbf4c8996fb92427ae41e4649b934ca495991b7852b855
declarations/fixtures/color-public-surface/stderr.txt	e3b0c44298fc1c149afbf4c8996fb92427ae41e4649b934ca495991b7852b855
declarations/fixtures/color-public-surface/stdout.txt	e3b0c44298fc1c149afbf4c8996fb92427ae41e4649b934ca495991b7852b855
declarations/fixtures/declaration-boundaries/stderr.txt	e3b0c44298fc1c149afbf4c8996fb92427ae41e4649b934ca495991b7852b855
declarations/fixtures/declaration-boundaries/stdout.txt	e3b0c44298fc1c149afbf4c8996fb92427ae41e4649b934ca495991b7852b855
declarations/fixtures/style-payload-construction/stderr.txt	2da75982c1694bfac36ec1cd88faaf9f253a90831b622c20b973a88e8a13cc1d
declarations/fixtures/style-payload-construction/stdout.txt	e3b0c44298fc1c149afbf4c8996fb92427ae41e4649b934ca495991b7852b855
declarations/fixtures/style-public-surface/stderr.txt	e3b0c44298fc1c149afbf4c8996fb92427ae41e4649b934ca495991b7852b855
declarations/fixtures/style-public-surface/stdout.txt	e3b0c44298fc1c149afbf4c8996fb92427ae41e4649b934ca495991b7852b855
declarations/fixtures/style-wrapper-storage/stderr.txt	4e6d21b058c003f8b8dc62c9999aeb05a7cf743d2d3bad7e7c31dc6a497a908c
declarations/fixtures/style-wrapper-storage/stdout.txt	e3b0c44298fc1c149afbf4c8996fb92427ae41e4649b934ca495991b7852b855
declarations/fixtures/text-interpolation/stderr.txt	fe3f2175eb6c1031648171b3a41ee78d9e95bc59ca6a02d36a53dc59afc19800
declarations/fixtures/text-interpolation/stdout.txt	e3b0c44298fc1c149afbf4c8996fb92427ae41e4649b934ca495991b7852b855
declarations/fixtures/text-payload-access/stderr.txt	7cd7086af8fcf4fa91884d33a752455c334e257f225b1e49c3925f42fc4eb29c
declarations/fixtures/text-payload-access/stdout.txt	e3b0c44298fc1c149afbf4c8996fb92427ae41e4649b934ca495991b7852b855
declarations/fixtures/text-public-surface/stderr.txt	e3b0c44298fc1c149afbf4c8996fb92427ae41e4649b934ca495991b7852b855
declarations/fixtures/text-public-surface/stdout.txt	e3b0c44298fc1c149afbf4c8996fb92427ae41e4649b934ca495991b7852b855
declarations/fixtures/text-string-input/stderr.txt	7b3e19ac980a7d981578b4f641e97a25fd432b9b03d0b19d26e971fdb61c5c8d
declarations/fixtures/text-string-input/stdout.txt	e3b0c44298fc1c149afbf4c8996fb92427ae41e4649b934ca495991b7852b855
declarations/module-cache/2OQONTZ2QE5F9/SwiftShims-1HKQZ1XPHECUE.pcm	faf74f1062130e8fea826e5aff5207c5766b730928a04a5a2e070b45be8c8040
declarations/module-cache/modules.timestamp	e3b0c44298fc1c149afbf4c8996fb92427ae41e4649b934ca495991b7852b855
declarations/modules/GiftUI.swiftdoc	4056c4e7845f1fbf2e5e617944b3a68e55d9312db94e1017a68bf72aa875bddf
declarations/modules/GiftUI.swiftmodule	f2288dd0ddd3b0e36ac618a361b47e480c58d8105f8b56250c46fb085e62c77f
declarations/modules/GiftUI.swiftsourceinfo	4557e0eb42f4736f4aa58e424f6f787bb8fe9eee18eb64b60e19c22f7b58c358
declarations/results.tsv	6cc911a4fbe71e2d051cb9f052df78694712527b67881cd7e30ab3b6d871151e
image-hashes.tsv	7ae5c5bdf6316494b5c37b6901d3f6c8520fbc20da78c2e54c58552338309575
input-hashes.tsv	8c912bd577cac4a785793468655011b3a1123af1d811cc9c2880f3e077e23b0a
metadata.txt	3f7a69f28a8af747a95032b9943c6d37a15b3b947a95e654bc0ec05732cf37eb
prerequisites.tsv	252603ed4a92f797529789c2ead1c76de61c094a72d201c08c98406155761ccb
render-evidence/signal-analyzer-high-water.tsv	4812c148189162278757dd4e5c03fbfd89b6833ff6decf8ccb73ad5a17d78db8
render-evidence/stack-high-water.tsv	c1612adf4f9c9393c7ea9001b72dcb233881d8ee4b69a055ee5247166631b8a3
render-evidence/timing-method.tsv	537bb442bde472fb4e70b4ea908aa1d0bffec7ddbe74a81c620903bc5e864823
render-evidence/workspace.tsv	2fe1b519f3ad1a485d2a45bbf55d73679d2e440bfc02b4e52acbc601fc0f003d
render-image/GiftUI.o	70a75ad2061727829f082851ff76bfaa760d1eba5e14875f5845213c8dd02594
render-image/GiftUILayout.o	26b3c134ac5d7355895de70b3bbce4c3a9402fe022ff00d025e5486808255416
render-image/GiftUIRenderCore.o	7d944c60415cb7d6cbd8e87e0bdfae05af7554c75cc14893af2db82b5a4a27b7
render-image/GiftUIRenderEvidenceProbe.o	1b1e9380641aa13c7c13728ecf27a7c8e9f568ec20282e91d8a6242ff9d725f6
render-image/GiftUIRenderLowering.o	4be3a73991f7f08df66eaab68eccaff53d844b544c5a69ddb5f1dca55a3a0d47
render-image/GiftUISemanticCore.o	158ebcde3ff1a25cfc0ec810296aa0b0d28715e8a04570c1942bae2f24f3101c
render-image/GiftUITextResources.o	606633bfa59f8d5b1915941eda52d6375dc58097aa0a4a5fae838eef41b434a2
render-image/allocation.tsv	e565f5e71127925e3d568b531747094dd93ef9b3741347f376b072da796c7442
render-image/arm-attributes.txt	b1cf2c133bb70839666f3326d91a0da2d075641c44ddc64a4157c80a30a7230a
render-image/baseline	3fc1f1037523209a6b7faf2a61d0c8090d732cb4d8ad46b8a00b1e78866b18da
render-image/baseline.map	1565ddde1fa4967351c0e6b431c3d723e0a95ba7efab7fc26401ecb70b03a20a
render-image/candidate	e48e4169ac999f06e936b3f3e0f4e2e1ae217cab51c2515dbaeb5eab96ab3472
render-image/candidate.map	3aa260bfa4660c3541bbaed398fbce5c893130f93decbfcddeeaafa3a849a754
render-image/commands.txt	b3ebdf828e24fff6f905f803229e33e1586ca02164cd5508fa8a34d64774b5ed
render-image/concrete-workspace.tsv	dd9aa3c5ff166a7b96537aeb2fdffe04f3fe3f3c31e367f72f3764f2ed66f081
render-image/linked-section-deltas.tsv	1b1f8174f3003c99886180d411d195edd68587563d7aba0c5fd97e5018328d90
render-image/linked-section-deltas.tsv.baseline-sections.txt	21ed601024e33774f6760aeb3055207b388710c7ed8196638f8905ee3148df1a
render-image/linked-section-deltas.tsv.candidate-sections.txt	800042a733f8e7fb976cd47c58dcc7aaaec1ccb146370fbbd4b54de5c54c1d75
render-image/modules/GiftUI.swiftdoc	4056c4e7845f1fbf2e5e617944b3a68e55d9312db94e1017a68bf72aa875bddf
render-image/modules/GiftUI.swiftmodule	af1cb0e91b9044d1e9d64ab7fbc5393b0d47a5c40c06556f6e7da3392364052d
render-image/modules/GiftUI.swiftsourceinfo	425a65b24a2fdae2f20596522b5e0285b0ed28463da5ccc7806fc23dd31ef5ea
render-image/modules/GiftUILayout.swiftdoc	ca9a15ec64a3984e0d23056ad84e41f19e28c8292fa3842598c273f73f34727a
render-image/modules/GiftUILayout.swiftmodule	da71ea7b45ce4124593cdcd8164303f60b9d929694f4ff9125da958f2228f644
render-image/modules/GiftUILayout.swiftsourceinfo	128bbc5c868ccc1df3ee243d94c8ec537c5d7b6a159520c89e09efd834594e40
render-image/modules/GiftUIRenderCore.swiftdoc	1a26069d6652f8960a1c9082894cbfb34cdd211bc4cbc661fb1a97fb20b33859
render-image/modules/GiftUIRenderCore.swiftmodule	e58837b01a955ae48fa37f967378d039f15011ee061fc8bc0895fd6e2214e571
render-image/modules/GiftUIRenderCore.swiftsourceinfo	53bad1afcf548883bbf0c44909f1e14f1f5ce97b06c9e36ce7990a78cf059906
render-image/modules/GiftUIRenderEvidenceProbe.swiftdoc	4b8c6474dcd1635057d675db391c141593b561890aa61497836477878caa7499
render-image/modules/GiftUIRenderEvidenceProbe.swiftmodule	84db909e2dd681970ea3b2f707f1fd9c19207958fe61fd42c0ff8f112b61c3be
render-image/modules/GiftUIRenderEvidenceProbe.swiftsourceinfo	3e3bd70ae0b49e9156176950c4a3db9db43596befd3cc1c3e0b18676572425f1
render-image/modules/GiftUIRenderLowering.swiftdoc	ba817c91801c41685940234a4ef6901d12d9fb1bfc0e59e8d90248bf704f7e3a
render-image/modules/GiftUIRenderLowering.swiftmodule	7c0ac6655644b5d2a484c8346b0498b015d8c48adc719b918ab16ee8292974af
render-image/modules/GiftUIRenderLowering.swiftsourceinfo	f05cbd2177069ca8d406a8ccbfaed993eb8504e39d7aeb48db2fca65d9d287f4
render-image/modules/GiftUISemanticCore.swiftdoc	baa7309b2cd9ce95c09fedc7b5038b02212d51ec4cad770f8f6103045845bc41
render-image/modules/GiftUISemanticCore.swiftmodule	def8668c820a4a6497536a015f81e6a79ae97af6154124b89b8a61302f668165
render-image/modules/GiftUISemanticCore.swiftsourceinfo	f37c8c2438b3f6a550c50a4ca4027f00aed16f9c9d319e2c5c1faed054dbdf97
render-image/modules/GiftUITextResources.swiftdoc	d8b0c752ef6116fa5b12f16373f6d1bac8056209ff672a25d362a8c6ba3ff32e
render-image/modules/GiftUITextResources.swiftmodule	4ccac8363dbe2a46fd2179e5066f7cf39f2c55b483b2f029ea18f84314ef894d
render-image/modules/GiftUITextResources.swiftsourceinfo	fde33d2f3b213bcd5c5a7ee90cd4c8bdfdd238d3ac535399951623d7d2da7715
render-image/render-resource.ll	ae7badbd8c3afd71b9ae774f634b7ce73b6bd9b0da33b61fc6a24ebbf02481ef
render-image/render-resource.sil	9df3ad788cc51e707fba5202c1ceb316f710326b762726456d8b1daec1f24e0b
render-image/symbols.txt	0efb0c0103e94ac3e6852d4268b33a85200e998efeff6beb8f268eadfb5cb9f0
render-image/zephyr-baseline/CMakeCache.txt	efa99d18c4ccc24e27462baef7e277c7f269c4f6101ab79a1530b1793b38f8bd
render-image/zephyr-baseline/CMakeFiles/4.4.2/CMakeASMCompiler.cmake	b6f314a1a43d9d2ede9f43ad0c9ea2cc2f19700adf151dca93cece3f50a69ce8
render-image/zephyr-baseline/CMakeFiles/4.4.2/CMakeCCompiler.cmake	b882ccbbcc16d8ad365ebb5dd83228365dc11c6465356d205998544ddff87cdb
render-image/zephyr-baseline/CMakeFiles/4.4.2/CMakeCXXCompiler.cmake	5356019b97c2337c5ff1a5e37797e32cd79f8dee09b92090791f6bf0f872ccae
render-image/zephyr-baseline/CMakeFiles/4.4.2/CMakeSwiftCompiler.cmake	2e26869285c619fbf76301083e356a9e30564431b40173ee1f33c8bd8a680472
render-image/zephyr-baseline/CMakeFiles/4.4.2/CMakeSystem.cmake	c776de23d2e2fd1229957964882f385c16fae85a53561cf15ae121e25bbc86b3
render-image/zephyr-baseline/CMakeFiles/4.4.2/CompilerIdC/CMakeCCompilerId.c	6ccdb729a0b1d02ba3d9b57e617d311fbac288d9c0d32416c048ef044157f041
render-image/zephyr-baseline/CMakeFiles/4.4.2/CompilerIdC/CMakeCCompilerId.o	93e7f8559bf4db927eb6ee08635cffa5c7cdecd7c88fe060562a4cde2e511f7a
render-image/zephyr-baseline/CMakeFiles/4.4.2/CompilerIdCXX/CMakeCXXCompilerId.cpp	5b0cbdb2a0d0a5b91a89026321eb0202fdecb22328eb5c668566ce5cb17e3cd2
render-image/zephyr-baseline/CMakeFiles/4.4.2/CompilerIdCXX/CMakeCXXCompilerId.o	5698e7e796c93c783a07919bbd02dc0c3eff2cdd61afac43f0da5a63827314fc
render-image/zephyr-baseline/CMakeFiles/4.4.2/CompilerIdSwift/CompilerId/main.swift	c5b473220a38897bb1ff9d0c882fde04e17f6e3dcf61021f0eca136c80d2edb6
render-image/zephyr-baseline/CMakeFiles/4.4.2/SwiftCompilerDriver/lib.in	01ba4719c80b6fe911b091a7c05124b64eeece964e09c058ef8f9805daca546b
render-image/zephyr-baseline/CMakeFiles/4.4.2/SwiftCompilerDriver/main.swift	18a6066e8dd25f6d99b3274b3232ebae6750fc8d1637729125863d7919df784f
render-image/zephyr-baseline/CMakeFiles/CMakeConfigureLog.yaml	2df5bba85ecf348ea6156284c131e7ba271e70b3b689a7340f20803d4e3d754f
render-image/zephyr-baseline/CMakeFiles/InstallScripts.json	6dbea00d5b3bcf2fb52731e31c0b9f028e525494a419a07d849e6abd4aadd100
render-image/zephyr-baseline/CMakeFiles/TargetDirectories.txt	a60246be179d7bb6320c9a987ee101f55f07e152f2ce1cf7e1be6b77b9e386c0
render-image/zephyr-baseline/CMakeFiles/app.dir/src/main.c.obj	27a7368db4c737533d7cd62916aa1e82a23d5596ed35da645cbbde1c4b5a89ed
render-image/zephyr-baseline/CMakeFiles/app.dir/src/stubs.c.obj	bb9f463df43c564f75bb95ac06d3ef92b47be547804e597329142b72c5ba982a
render-image/zephyr-baseline/CMakeFiles/app_swift.dir/output-file-map.json	a5aefcb21bb5d2c797edb37627fd0febc3a6175bea6aee7abee7a68b46d54a00
render-image/zephyr-baseline/CMakeFiles/app_swift.dir/src/RenderProbe.swift.obj	2232938d082622bdc8dddf8b15ded045c34cfa92b697012d28dc3e1447f9dd67
render-image/zephyr-baseline/CMakeFiles/clean_additional.cmake	86262331788e5973582797ed60ac463c4d9ab58ed6e8b7a83fa1ce27bc6a1081
render-image/zephyr-baseline/CMakeFiles/cmake.check_cache	a26189e394421da57f45706a07713c5720acd200a41711b0c0c590c3c63371c4
render-image/zephyr-baseline/CMakeFiles/rules.ninja	77d697e3c52df26eaa3021cbdf7956d4118daac1d06dc83921d38f90f1583529
render-image/zephyr-baseline/Kconfig/Kconfig.dts	30e5a7db1a5d45590ab696be7ac90ca75f0c87c772b8ebaef59e1727e3947aff
render-image/zephyr-baseline/Kconfig/Kconfig.modules	0fc45ffec59cc40ac992e8133bd58461595acd1bd7d028e0703b07d76afc68c3
render-image/zephyr-baseline/Kconfig/Kconfig.sysbuild.modules	d0afd39bac6af27b8948b47d78b5c89780acbd4f0a4d20845a820d585ae7a93b
render-image/zephyr-baseline/Kconfig/arch/Kconfig	4d24cb17ed9376f90006fcabe28464e6c3ad8b5023cf61afde285879e7c274a0
render-image/zephyr-baseline/Kconfig/boards/Kconfig	88d41b412935ee19530b3a3125fa1fb5ce5e92f227174b5b25f9a93f5a96b3f5
render-image/zephyr-baseline/Kconfig/boards/Kconfig.defconfig	a9584c8a4a246635f5a13a44a5c28ecba493745e75717e8dbd7306d73c10e71b
render-image/zephyr-baseline/Kconfig/boards/Kconfig.nrf52840dk	0b504ca4a91a2654980742076734eb49fca04aa5c861a710de5df312a172acb9
render-image/zephyr-baseline/Kconfig/boards/Kconfig.sysbuild	1694a61cec96a32f1aecdc5524552c2cd8107195280a870a8cc2cded5ba16b27
render-image/zephyr-baseline/Kconfig/kconfig_module_dirs.cmake	1f3f294a247ebb56bdd20df863fb3a4ed7207a929bf1abd0434792c3181d6ed4
render-image/zephyr-baseline/Kconfig/kconfig_module_dirs.env	200c2f7b1fbd22db453af4e37a9f511733677a26d4cf3b8b67cd2c3621086aed
render-image/zephyr-baseline/Kconfig/soc/Kconfig	088df84d2fa004901f021dd63dbbad3bedb61317c41f930a0152b8e077cb926d
render-image/zephyr-baseline/Kconfig/soc/Kconfig.defconfig	00f8d1cc5da3e3b174b27309ff23024c56a6281140cc45f8e60f19a1a977f022
render-image/zephyr-baseline/Kconfig/soc/Kconfig.soc	353a2de9c3bcf8cec1c3c34085111bdc53cac1ce7c160601a3c1bd9792362fb1
render-image/zephyr-baseline/Kconfig/soc/Kconfig.sysbuild	b45e64b13fe88539dc11960ef945c074fdb623c87222a7699166e75d80d96147
render-image/zephyr-baseline/app/libapp.a	49bb9d621c0eb5fd42b3ca789cae17ae26c307bb23458d48a0e13253254b3929
render-image/zephyr-baseline/app_swift.swiftdoc	f4e8e43606e28180910e72dd382ced142fef65514a166739b3602f761f386b1c
render-image/zephyr-baseline/app_swift.swiftmodule	339dd82b5b77cf5072167b120e9106b67c963ce0bb01e910ee259c62986fd34e
render-image/zephyr-baseline/app_swift.swiftsourceinfo	0c3de3437743f80428b2388c76b206c010d7a8259738f57130059a81077ad5d2
render-image/zephyr-baseline/build.ninja	3d9c8bcc0ba2036a0856ae0b51b7dbb44e5517618cc422cc6423b88d2ba06d92
render-image/zephyr-baseline/build_info.yml	438e4edc98b5fcaafa5a04512b5587cde5c92f937e3cce8d95d78ad6c2d165a8
render-image/zephyr-baseline/build_info.yml.bak	ade1b38ef9fb41ffd2a2d2a59307bb02e7f0f5d26efc8a0bb1941cebdc5cb481
render-image/zephyr-baseline/cmake_install.cmake	cd8983dbadcef27676225bc761be2be69bd4c1bc5cf63a0bfb15703a05492a95
render-image/zephyr-baseline/compile_commands.json	39294e0c0d4c487be5dd71cc1eef82673508e3cffc13056539f10521fefbad32
render-image/zephyr-baseline/modules/cmsis/cmake_install.cmake	6666b3dd0654ccf50501ed224eaacf69683eb5c410c0f385efc68ae09db1f2a6
render-image/zephyr-baseline/modules/cmsis_6/cmake_install.cmake	0b527e3ad573e867b4ae74b83ddeca2d11256331f9c8f1488ebab060cc5fa1bb
render-image/zephyr-baseline/modules/cmsis_6/cmsis_6/CMSIS/Core/cmake_install.cmake	401165642057c7936fd54f232c775097807764045fc34bad2c82b9e2baedb61f
render-image/zephyr-baseline/modules/cmsis_6/cmsis_6/CMSIS/cmake_install.cmake	48d5647e40895577c417838b0178911090fa57ca8b3902c48347d8a072ed0c82
render-image/zephyr-baseline/modules/cmsis_6/cmsis_6/cmake_install.cmake	6594e8b3f1fdd3fda41b4fa150a6d75bfbfeb327bbea9e71e0f0a17b42ef7982
render-image/zephyr-baseline/modules/hal_nordic/cmake_install.cmake	885d577d5156fc1caabc6a0a2024631b3113b83f5d685182e95d7ccc9d76e985
render-image/zephyr-baseline/modules/hal_nordic/nrfx/CMakeFiles/nrfx.dir/nrfx_glue.c.obj	70c6707cf746ffaf1557383ca2eebe2cbb141528a1612e3ac65033d60290811d
render-image/zephyr-baseline/modules/hal_nordic/nrfx/cmake_install.cmake	55c4b4bce1f0aa77bc5370011e6e6f3704c2d39ae4e67efe1889706f37824309
render-image/zephyr-baseline/modules/hal_nordic/nrfx/libnrfx.a	d279a6f8de475b6b0fe0dd335d91560a2c5a1be2c6f1dcc1f57fe130c0c50c54
render-image/zephyr-baseline/modules/segger/cmake_install.cmake	c58bbf8aaa4333563d18cd6018f086a1cb493332389f920e8881f6c34e44eb84
render-image/zephyr-baseline/sysbuild_modules.txt	e3b0c44298fc1c149afbf4c8996fb92427ae41e4649b934ca495991b7852b855
render-image/zephyr-baseline/zephyr/CMakeFiles/offsets.dir/arch/arm/core/offsets/offsets.c.obj	bc88889ae8840876ccc6b98855c1452989925b8490daa0452492006b56d52e61
render-image/zephyr-baseline/zephyr/CMakeFiles/zephyr.dir/lib/heap/heap.c.obj	6f8fb380698e8bcc44e13cfe006fe3e1388a0ce17ae45501be3da96b44242909
render-image/zephyr-baseline/zephyr/CMakeFiles/zephyr.dir/lib/libc/validate_libc.c.obj	07a25d731bb05e63c5f0a7d43c890c733951716537c21c8f1cf2af15975b827e
render-image/zephyr-baseline/zephyr/CMakeFiles/zephyr.dir/lib/os/assert.c.obj	324abc4212aada76617c8cd81d46a5c58f596c2444f66342f64ed9883f58033d
render-image/zephyr-baseline/zephyr/CMakeFiles/zephyr.dir/lib/os/cbprintf_complete.c.obj	0593cd7ce55d80e23524ef5f1d791aa60f085c56ae08600e6f030f1f55182b81
render-image/zephyr-baseline/zephyr/CMakeFiles/zephyr.dir/lib/os/cbprintf_packaged.c.obj	a8c06b7b0dd42cc0ea5b68e1224eb8d4050dc64bb40d0741059f5e8ab2bffadc
render-image/zephyr-baseline/zephyr/CMakeFiles/zephyr.dir/lib/os/clock.c.obj	cd710c42ab0c152f25544eed1e7b1a94a931eb8e0578f38b670d50db09a18abf
render-image/zephyr-baseline/zephyr/CMakeFiles/zephyr.dir/lib/os/printk.c.obj	494c896eaf2d14de330d4554c19168e3ab462ad7f0c3061de334346d4faafe86
render-image/zephyr-baseline/zephyr/CMakeFiles/zephyr.dir/lib/os/sem.c.obj	9f2bb63e59a305a12ab1876ded5ba03b04e4b6f140cd7e837c2aef47d241a017
render-image/zephyr-baseline/zephyr/CMakeFiles/zephyr.dir/lib/os/thread_entry.c.obj	004eb646ab1fa091c3c5b9948798421eab414b3490cbb9d219dfcf8625f66d21
render-image/zephyr-baseline/zephyr/CMakeFiles/zephyr.dir/lib/utils/bitarray.c.obj	4cc3cd3619d00404d2ee70f265438eb37a2080c0638f06b42f7cf14e6980346f
render-image/zephyr-baseline/zephyr/CMakeFiles/zephyr.dir/lib/utils/bitmask.c.obj	593a27fdabbfcb279a0f812dcade812732f33c4e63895d1ad14513e9d8cf572f
render-image/zephyr-baseline/zephyr/CMakeFiles/zephyr.dir/lib/utils/dec.c.obj	0afa5fc102432689b4a350770089291ae6d500f50be42c70a1604cc1c7c603ea
render-image/zephyr-baseline/zephyr/CMakeFiles/zephyr.dir/lib/utils/hex.c.obj	8c6516a1fb296edee3baf0f4ca4d907e7384887ad613f46e3b583b7db917b2ca
render-image/zephyr-baseline/zephyr/CMakeFiles/zephyr.dir/lib/utils/last_section_id.c.obj	c5fb9655829811b90e8262aba6e6aee8347b6339aa113a4bbe6e6d6f02c63ab8
render-image/zephyr-baseline/zephyr/CMakeFiles/zephyr.dir/lib/utils/notify.c.obj	ccac19ce77c7cb5fa0ffadc65435d17d6bb52b03e6797a465441ea8b61b7effb
render-image/zephyr-baseline/zephyr/CMakeFiles/zephyr.dir/lib/utils/onoff.c.obj	72bd46c1e693f812cbc85dfe183d9c0e5a3ef84f95880cb3384807e5898f7483
render-image/zephyr-baseline/zephyr/CMakeFiles/zephyr.dir/lib/utils/rb.c.obj	44a0d31c2aa42e845a71d0bfa95bce0559cc3cc8fe0c9c3cb8e0cc65220e533e
render-image/zephyr-baseline/zephyr/CMakeFiles/zephyr.dir/lib/utils/ring_buffer.c.obj	a7bc3f51c138f961c707bf343e0ce111b3b2695251a325701fdd673825280699
render-image/zephyr-baseline/zephyr/CMakeFiles/zephyr.dir/lib/utils/timeutil.c.obj	99f695e874cf3847f202ebaa09ca8a8be74c6ed029b6c25d730485244fd6745d
render-image/zephyr-baseline/zephyr/CMakeFiles/zephyr.dir/misc/generated/configs.c.obj	225bf4dd660608b8ae33ed4606fb09305fa689e70d6e18e9104b057ccb51d44b
render-image/zephyr-baseline/zephyr/CMakeFiles/zephyr.dir/subsys/mem_mgmt/mem_attr.c.obj	c8c9844dd24a6d25f93affc48e62860530ab66b1beadf73b9efffdcd4df66569
render-image/zephyr-baseline/zephyr/CMakeFiles/zephyr.dir/subsys/tracing/tracing_none.c.obj	df5e6ebc04a811ce2875bf674327e7e3edefedf17f3e915f252f2992326f8f08
render-image/zephyr-baseline/zephyr/CMakeFiles/zephyr_final.dir/isr_tables.c.obj	237741154bbb591b7caa8afb91951e2b9d43a686930e0f852568167fde3939e4
render-image/zephyr-baseline/zephyr/CMakeFiles/zephyr_final.dir/misc/empty_file.c.obj	ba2d3f0c896ad1437591a82f14b8f4d5761db076bfa13a95bcb7268a48fca799
render-image/zephyr-baseline/zephyr/CMakeFiles/zephyr_pre0.dir/misc/empty_file.c.obj	ba2d3f0c896ad1437591a82f14b8f4d5761db076bfa13a95bcb7268a48fca799
render-image/zephyr-baseline/zephyr/arch/arch/arm/cmake_install.cmake	5a8e08cfe1895331665f909d1396e5250486256f05d62a993f3f16492e1a626b
render-image/zephyr-baseline/zephyr/arch/arch/arm/core/CMakeFiles/arch__arm__core.dir/fatal.c.obj	f71c095154711b022d599b43a4e36f2929e55ac3aaf7f53b0f6b374534485064
render-image/zephyr-baseline/zephyr/arch/arch/arm/core/CMakeFiles/arch__arm__core.dir/nmi.c.obj	bddfae60bd0b29333f606423977b57bcbc0c4666988d48ef6f39897ec0fb0902
render-image/zephyr-baseline/zephyr/arch/arch/arm/core/CMakeFiles/arch__arm__core.dir/nmi_on_reset.S.obj	8c738d9ace985dddf0bd0c882e183f0ab6be1ff516f01cde2d2c3d3f8a3d30ce
render-image/zephyr-baseline/zephyr/arch/arch/arm/core/CMakeFiles/arch__arm__core.dir/tls.c.obj	f2bfd3f7bfea6a78d0304f1db07b2100dd2a4f2a2079144443e9fdd77a9f9f96
render-image/zephyr-baseline/zephyr/arch/arch/arm/core/cmake_install.cmake	b9f8ac96dc2163d519b20d151f901852ddfd88980b942df1deb15fea337c4e15
render-image/zephyr-baseline/zephyr/arch/arch/arm/core/cortex_m/CMakeFiles/arch__arm__core__cortex_m.dir/__aeabi_read_tp.S.obj	51f5826050542985bfad8aa3930f335a60e9ba8d2bae014844abdcca82a62afd
render-image/zephyr-baseline/zephyr/arch/arch/arm/core/cortex_m/CMakeFiles/arch__arm__core__cortex_m.dir/cpu_idle.c.obj	ec9a3796527240f9fce0f6075cc3120c4a36367b8edf6ebb5e5948e8ba891767
render-image/zephyr-baseline/zephyr/arch/arch/arm/core/cortex_m/CMakeFiles/arch__arm__core__cortex_m.dir/exc_exit.c.obj	3386a5864d9543c1ae95a03e28e8bfac4e102837c2eda6091ef6993afe134123
render-image/zephyr-baseline/zephyr/arch/arch/arm/core/cortex_m/CMakeFiles/arch__arm__core__cortex_m.dir/fault.c.obj	976da9a0807da040c7b52f783b8a2aa85dceea165dc4d8d989581c12975cb6a7
render-image/zephyr-baseline/zephyr/arch/arch/arm/core/cortex_m/CMakeFiles/arch__arm__core__cortex_m.dir/fault_s.S.obj	48813fa8a0fcdf0c76de3d3a4cfb389352423349876855dfb6216fd9f83d08ed
render-image/zephyr-baseline/zephyr/arch/arch/arm/core/cortex_m/CMakeFiles/arch__arm__core__cortex_m.dir/fpu.c.obj	469ef3ba4af003cc306fe2ac527de47775a5a0b6675fdec5761e855d0d845444
render-image/zephyr-baseline/zephyr/arch/arch/arm/core/cortex_m/CMakeFiles/arch__arm__core__cortex_m.dir/irq_init.c.obj	c84ab3b80af108b2fecdac92a5f88e7704e2c23fa1b3a1a592b58f1492cd4eb2
render-image/zephyr-baseline/zephyr/arch/arch/arm/core/cortex_m/CMakeFiles/arch__arm__core__cortex_m.dir/irq_manage.c.obj	2f0e1cf9f6bfaeccc3724e18cdb54f11631dc192d91a05963dfa853ae1960bdf
render-image/zephyr-baseline/zephyr/arch/arch/arm/core/cortex_m/CMakeFiles/arch__arm__core__cortex_m.dir/isr_wrapper.c.obj	9d16f755714451141c35413c3457a89bae6a25802bfc2fee04e6410e7ea0984e
render-image/zephyr-baseline/zephyr/arch/arch/arm/core/cortex_m/CMakeFiles/arch__arm__core__cortex_m.dir/prep_c.c.obj	ea49987bed0d76e373747763a61479634dd678c6a715317ae790d0eedce43d85
render-image/zephyr-baseline/zephyr/arch/arch/arm/core/cortex_m/CMakeFiles/arch__arm__core__cortex_m.dir/reset.S.obj	356edbcc500cda87225b8cfdb3b8365389157595817e55869e403bd7604b5bd9
render-image/zephyr-baseline/zephyr/arch/arch/arm/core/cortex_m/CMakeFiles/arch__arm__core__cortex_m.dir/scb.c.obj	5024847ab1d64f3977367b4f8399d9de97d5473fc28ea3b4a1e0ee84ea3f828b
render-image/zephyr-baseline/zephyr/arch/arch/arm/core/cortex_m/CMakeFiles/arch__arm__core__cortex_m.dir/swap_helper.S.obj	15df657dc53c103c9c61282547ed6a1c353662e9d206a3ffdca4566d6812a789
render-image/zephyr-baseline/zephyr/arch/arch/arm/core/cortex_m/CMakeFiles/arch__arm__core__cortex_m.dir/thread.c.obj	dd5b7435eb44ca0a87d79af2b03fb604965dba090269aee39af91b1e75ebd835
render-image/zephyr-baseline/zephyr/arch/arch/arm/core/cortex_m/CMakeFiles/arch__arm__core__cortex_m.dir/thread_abort.c.obj	681663e7dba772f2a1df59efe833598f52025f4303d274bbbf3657e43b24f04b
render-image/zephyr-baseline/zephyr/arch/arch/arm/core/cortex_m/CMakeFiles/arch__arm__core__cortex_m.dir/vector_table.S.obj	fb6de477c10b021a40fb8079d300a09fedf9c43e52153015e3d61972fe8b82db
render-image/zephyr-baseline/zephyr/arch/arch/arm/core/cortex_m/cmake_install.cmake	2f66d7462e786dee3ee440c4cbc3f5dcd641952af766e9fb2a6996b6825f907b
render-image/zephyr-baseline/zephyr/arch/arch/arm/core/cortex_m/libarch__arm__core__cortex_m.a	c0566bd640b9728751fb35881326272f5bb043ba8096099689d06c41d5c89a68
render-image/zephyr-baseline/zephyr/arch/arch/arm/core/libarch__arm__core.a	a90d4e223f59eb6cd0da03e1f476feb0744e9b8f3a8797112f37ee894949e858
render-image/zephyr-baseline/zephyr/arch/arch/arm/core/mpu/CMakeFiles/arch__arm__core__mpu.dir/arm_core_mpu.c.obj	79b14856538f5f9c7a457b42f8f00e7803db819bd9d6ed35dc3758358aac172a
render-image/zephyr-baseline/zephyr/arch/arch/arm/core/mpu/CMakeFiles/arch__arm__core__mpu.dir/arm_mpu.c.obj	4fca1152933f02bc22890b62aed136ed13c13a5334c7c5cedafa95e829ef0cb0
render-image/zephyr-baseline/zephyr/arch/arch/arm/core/mpu/CMakeFiles/arch__arm__core__mpu.dir/arm_mpu_regions.c.obj	4c9978dfe3e2e6ba7bfe54a0ca7c0c8b7189874d92626d36a4255f07f7519dab
render-image/zephyr-baseline/zephyr/arch/arch/arm/core/mpu/cmake_install.cmake	3d8f56df840f96e3d2d581cf447dfa34fe662e2c05691e3b4af619eb513fdd56
render-image/zephyr-baseline/zephyr/arch/arch/arm/core/mpu/libarch__arm__core__mpu.a	5f9c12bbb4243d848e049af876b7f4d28b770d56c59d38300aca19c82e977e7a
render-image/zephyr-baseline/zephyr/arch/cmake_install.cmake	6939667641dc2fbb5eb8423f1c437ffa7b0beef27ed872f7ac2659ed55535bc4
render-image/zephyr-baseline/zephyr/arch/common/CMakeFiles/arch__common.dir/init.c.obj	aece0ad43bedc25bab66598f6c26bc1f087b0a1b3554eb5cbddde25720166868
render-image/zephyr-baseline/zephyr/arch/common/CMakeFiles/arch__common.dir/sw_isr_common.c.obj	fdbd57f2791c17915a70c290c9d661953c1d2a3fd3bc3a2dbc01a7530aa614c1
render-image/zephyr-baseline/zephyr/arch/common/CMakeFiles/arch__common.dir/xip.c.obj	edce9bdb500f8104fc5bf5924573d5c4f2a9df5d4c49989823e48af8ddada2dd
render-image/zephyr-baseline/zephyr/arch/common/CMakeFiles/isr_tables.dir/isr_tables.c.obj	a7c8d37b520dea751f25fed1f44ced1787251262783750e22fe3842127e129d5
render-image/zephyr-baseline/zephyr/arch/common/cmake_install.cmake	c3b0f1a0d1da33082d4518010ea49fcb941786e0247667ba515dbf2eea8f222f
render-image/zephyr-baseline/zephyr/arch/common/libarch__common.a	8ca766694b0347ca2f1aecfefe63ddbdc64abe2bd2971f3e091c8743750809a9
render-image/zephyr-baseline/zephyr/arch/common/libisr_tables.a	ed6c6aaee634ff2b7833df6dad4e819dc93b241aaf5c4cfed6a16102e26e5aef
render-image/zephyr-baseline/zephyr/boards/cmake_install.cmake	65336d20dbd227c6e4cd775e9a5a1daee7b8b7528966b4fe7cec0d2e1108f3a5
render-image/zephyr-baseline/zephyr/boards/nordic/nrf52840dk/cmake_install.cmake	7de38a87f157a65f79609630de1526d90232cb0693e1de738f1101c72e12491b
render-image/zephyr-baseline/zephyr/boards/shields/cmake_install.cmake	4dcfbd4849e250cc74e22d368b976ca24226b2ec2009e9ebdae45ac2ffa591c9
render-image/zephyr-baseline/zephyr/cmake/flash/cmake_install.cmake	39006cbc45e58182253a1b1b00e85409106204738df016f25d124f05309f30de
render-image/zephyr-baseline/zephyr/cmake/reports/cmake_install.cmake	34f78ea64ae2f3aa2976e830fb576eda83de3370d590455eeed2a809701d7eac
render-image/zephyr-baseline/zephyr/cmake/usage/cmake_install.cmake	3278dd077cbbb3617681d142bc93ecf65037738b3702b28a54c8f9b5ca5bc450
render-image/zephyr-baseline/zephyr/cmake_install.cmake	99fcb5d8b5efd9da2b24d6a58e2b9d4efc2d2af895b94ef0d558510ec9269ecc
render-image/zephyr-baseline/zephyr/drivers/clock_control/CMakeFiles/drivers__clock_control.dir/clock_control_nrf.c.obj	0411464ea7052e6a3b6e50ad80ce5e3cd271cbc906990ff65e42ebabf8496655
render-image/zephyr-baseline/zephyr/drivers/clock_control/cmake_install.cmake	81a5a6916a3dc7f0fa62aac32e17798d775dd1e135aaed0227e9aed5643a4bdd
render-image/zephyr-baseline/zephyr/drivers/clock_control/libdrivers__clock_control.a	dd0100d84ca301dc82a1d90181b21990ae656224475a2bf55632d191a91c203a
render-image/zephyr-baseline/zephyr/drivers/cmake_install.cmake	c4ddb8be4952ce4200903d09aef2a1bcc4e4bc487565dd51c8284c6402185193
render-image/zephyr-baseline/zephyr/drivers/console/CMakeFiles/drivers__console.dir/uart_console.c.obj	324a678769b7279d393d0a14ac58e2086e6c35ca9158e9a72ebb43921a7be96b
render-image/zephyr-baseline/zephyr/drivers/console/cmake_install.cmake	628d5b00355b20c0e53ed6f8238848181597d398ca64a44fd14b67c96e0ce305
render-image/zephyr-baseline/zephyr/drivers/console/libdrivers__console.a	28f4b543e1b27ec85cbbe5c97681d9a636111cd9b6eabdaa24270095be7c110b
render-image/zephyr-baseline/zephyr/drivers/disk/cmake_install.cmake	33915056ffb02cf1b93a68343118550435a785c7ba417f365f40ca0435e1f209
render-image/zephyr-baseline/zephyr/drivers/firmware/cmake_install.cmake	0ce98a85379855eb6799bd56424cc041d7c1cd870514ff57e8fd290a6bb139c0
render-image/zephyr-baseline/zephyr/drivers/gpio/CMakeFiles/drivers__gpio.dir/gpio_nrfx.c.obj	d385cda430708fb6e55791ff541152ba76a5a8888362e0b1114ed65300195e06
render-image/zephyr-baseline/zephyr/drivers/gpio/cmake_install.cmake	8fd2a472b6838ae3803d3412ed91e20b26f1263874d5f0697361bd9bfbe2f90c
render-image/zephyr-baseline/zephyr/drivers/gpio/libdrivers__gpio.a	8f9c27826c4747e31062078e044ef4f3b4dd617b87f72e79cde72e8382da9f31
render-image/zephyr-baseline/zephyr/drivers/interrupt_controller/cmake_install.cmake	a558e401141f69164484735e45ac752b641c0ad134811a5aa22b1a6c09085661
render-image/zephyr-baseline/zephyr/drivers/misc/cmake_install.cmake	64f377a7ce92a3081a2451af52e17eab5979efbbd288675820963dcbcc83b6a3
render-image/zephyr-baseline/zephyr/drivers/misc/interconn/cmake_install.cmake	d521fe95bfc058c7a63c58608103affd4455c7ad01d79f2770736d187101c669
render-image/zephyr-baseline/zephyr/drivers/pcie/cmake_install.cmake	0e912adb4c07e86d811a0ef325fac24bc2d0fad380b96740a24eef1afda0b5f8
render-image/zephyr-baseline/zephyr/drivers/pinctrl/CMakeFiles/drivers__pinctrl.dir/common.c.obj	7b4fbe51a063d1519ebff1775f2254361c8f15030a2413e599df1b78296e025b
render-image/zephyr-baseline/zephyr/drivers/pinctrl/CMakeFiles/drivers__pinctrl.dir/pinctrl_nrf.c.obj	6cdf30f8dbd6dac1717ae6e1ec37521c857b59c234b76ae6e9d3788ba244968a
render-image/zephyr-baseline/zephyr/drivers/pinctrl/cmake_install.cmake	e6b1c26934fda7d41d17df93e7e1c4e66414eee5554ac27467f7675156a65634
render-image/zephyr-baseline/zephyr/drivers/pinctrl/libdrivers__pinctrl.a	1888483cfac381ad9b166358add272f1ce0295e922b078decf45d9dcf97878c1
render-image/zephyr-baseline/zephyr/drivers/pinctrl/renesas/cmake_install.cmake	656733859a7e5a5cbb9115c70a904a819f4d71ee7b325497ff5b2d8063c275b6
render-image/zephyr-baseline/zephyr/drivers/serial/CMakeFiles/drivers__serial.dir/uart_nrfx_uarte.c.obj	8202dd8b66fd5f611edbabe7d03ee7b62ff72a446c51abd836961280f6e04a22
render-image/zephyr-baseline/zephyr/drivers/serial/cmake_install.cmake	3503ed10ca2eef5ed5ed8b012e1b72f6f48cde38941810a2121db67c7c087e66
render-image/zephyr-baseline/zephyr/drivers/serial/libdrivers__serial.a	c77ac7f62c997c1edc5c5746417a4d134e9156e502218e6168a204d82cf45c7a
render-image/zephyr-baseline/zephyr/drivers/timer/CMakeFiles/drivers__timer.dir/nrf_rtc_timer.c.obj	ddd74adc35ae7be3890a80da110dad7b6868faa2cb0939111a803506fbebb585
render-image/zephyr-baseline/zephyr/drivers/timer/CMakeFiles/drivers__timer.dir/sys_clock_init.c.obj	fec3129d3e8ea43d95310da8c836284837aec96c84d7689e809496c5fdd700a2
render-image/zephyr-baseline/zephyr/drivers/timer/cmake_install.cmake	51ec22f91dec12e95a57ed116aa9526d32d87fdbae19bbac31065479c9479575
render-image/zephyr-baseline/zephyr/drivers/timer/libdrivers__timer.a	25928a0bde544fd072d75927ae46109a261a6904571d8918b1790f3c114e8760
render-image/zephyr-baseline/zephyr/drivers/usb/cmake_install.cmake	c800956f0532cbbbcbd2ace8fc5b35c1e69dda36a354c6c3f7d130fa6a3c7468
render-image/zephyr-baseline/zephyr/drivers/usb/common/cmake_install.cmake	108eebafedb2ae1903e07635ac9d77490a7ef77f4b2033ca428ee60f574059e1
render-image/zephyr-baseline/zephyr/drivers/usb/common/nrf_usbd_common/cmake_install.cmake	f6d5bf4eec16af8e7c657983c469288668b378638448ff3fda314c45dcc27fee
render-image/zephyr-baseline/zephyr/drivers/usb_c/cmake_install.cmake	aeb2cc25eb5de14cc9ea207c85b72fba5dc9991df2a0032cfc782f35c3719f3d
render-image/zephyr-baseline/zephyr/edt.pickle	f2d8848a2a7bb1be88b2d86efdbd78336fc4c9a7fdecbedd33179cd7f837dd60
render-image/zephyr-baseline/zephyr/edt.pickle.cmake	04b5dfb375d0d3aa6461556cd2ad923ba0cb72d2c74a91482fc31e67165a6b29
render-image/zephyr-baseline/zephyr/edt.pickle.cmake.new	04b5dfb375d0d3aa6461556cd2ad923ba0cb72d2c74a91482fc31e67165a6b29
render-image/zephyr-baseline/zephyr/include/generated/app_data_alignment.ld	d918f67f7a86d870a364a37c38ffb29060524546cabe37ab210030689fb327e4
render-image/zephyr-baseline/zephyr/include/generated/app_smem.ld	56c91adeb585cf35747f27e18cef663c5f82ad88849261d685af72ea93437fb7
render-image/zephyr-baseline/zephyr/include/generated/app_smem_aligned.ld	086a51673605cb0c9c5cf8408256deb683f286db8c2b51c32cb1eb9e2f8d945b
render-image/zephyr-baseline/zephyr/include/generated/app_smem_unaligned.ld	6cd9f396193e5a6da1e142a8ff51f7d37fb8d781291a50b899365d90ae5e28ca
render-image/zephyr-baseline/zephyr/include/generated/device-api-sections.cmake	c3348c034d325ebeb07a6792f7831f9c3f7996fadd2a4550f309439b2ef57b05
render-image/zephyr-baseline/zephyr/include/generated/device-api-sections.ld	69f54516d68a8ba2c2739066225ed8f24a0bb0703b7ab3e4ea743caf80aa2117
render-image/zephyr-baseline/zephyr/include/generated/snippets-data-sections.ld	e3b0c44298fc1c149afbf4c8996fb92427ae41e4649b934ca495991b7852b855
render-image/zephyr-baseline/zephyr/include/generated/snippets-dtcm-section.ld	e3b0c44298fc1c149afbf4c8996fb92427ae41e4649b934ca495991b7852b855
render-image/zephyr-baseline/zephyr/include/generated/snippets-itcm-section.ld	e3b0c44298fc1c149afbf4c8996fb92427ae41e4649b934ca495991b7852b855
render-image/zephyr-baseline/zephyr/include/generated/snippets-nocache-section.ld	e3b0c44298fc1c149afbf4c8996fb92427ae41e4649b934ca495991b7852b855
render-image/zephyr-baseline/zephyr/include/generated/snippets-noinit.ld	e3b0c44298fc1c149afbf4c8996fb92427ae41e4649b934ca495991b7852b855
render-image/zephyr-baseline/zephyr/include/generated/snippets-pinned-data-sections.ld	e3b0c44298fc1c149afbf4c8996fb92427ae41e4649b934ca495991b7852b855
render-image/zephyr-baseline/zephyr/include/generated/snippets-pinned-ram-sections.ld	e3b0c44298fc1c149afbf4c8996fb92427ae41e4649b934ca495991b7852b855
render-image/zephyr-baseline/zephyr/include/generated/snippets-pinned-rodata.ld	e3b0c44298fc1c149afbf4c8996fb92427ae41e4649b934ca495991b7852b855
render-image/zephyr-baseline/zephyr/include/generated/snippets-ram-sections.ld	da2722ade381509b250ed97093f4c285be016e934d676463a5f499b2ed8db908
render-image/zephyr-baseline/zephyr/include/generated/snippets-ramfunc-section.ld	e3b0c44298fc1c149afbf4c8996fb92427ae41e4649b934ca495991b7852b855
render-image/zephyr-baseline/zephyr/include/generated/snippets-rodata.ld	e8f9b0eef6f66f9af5092eadaf40050dc99ce80ef8c428ef4da347525f71e54d
render-image/zephyr-baseline/zephyr/include/generated/snippets-rom-sections.ld	e3b0c44298fc1c149afbf4c8996fb92427ae41e4649b934ca495991b7852b855
render-image/zephyr-baseline/zephyr/include/generated/snippets-rom-start.ld	0d8587ad00b6b1b0cd3e73a133c4a3b361889cea11a58c6104554af844e40c3b
render-image/zephyr-baseline/zephyr/include/generated/snippets-rwdata.ld	e3b0c44298fc1c149afbf4c8996fb92427ae41e4649b934ca495991b7852b855
render-image/zephyr-baseline/zephyr/include/generated/snippets-sections.ld	4ffe1dad72356e18af3474c43aae331fbfa198996904a495f8a0a3b11c21cf63
render-image/zephyr-baseline/zephyr/include/generated/snippets-text-sections.ld	e3b0c44298fc1c149afbf4c8996fb92427ae41e4649b934ca495991b7852b855
render-image/zephyr-baseline/zephyr/include/generated/syscall_list.h	347abcb72e331001b1c758d906be4cf16f9b4900d98930a4f469e9b2e1a0929c
render-image/zephyr-baseline/zephyr/include/generated/zephyr/autoconf.h	17be23b829fb71ea21dbc671acb858f85e398b7ef0b4fb75d31c39b7203a8d85
render-image/zephyr-baseline/zephyr/include/generated/zephyr/devicetree_generated.h	c148c1e4be4bddc0dcb4b1ac1a03188428ec91a4954b5bd746aaafd496779e74
render-image/zephyr-baseline/zephyr/include/generated/zephyr/driver-validation.h	6f543aedb1aa3177b9d7fb1d58083369920d4e4085c0a0ba20a6e28386fedf8d
render-image/zephyr-baseline/zephyr/include/generated/zephyr/kobj-types-enum.h	10912a4e8b200d9ff995a28ec9102b219c69c4bdacf395a848c026c162a173b6
render-image/zephyr-baseline/zephyr/include/generated/zephyr/offsets.h	c41fc0d0c1fb33f8d4c6ea848c53a5f85ce6c096e4d2d36cd81fd90e4420eec8
render-image/zephyr-baseline/zephyr/include/generated/zephyr/otype-to-size.h	f5b79f8f96ec393b42b010c4105b10ccec217a0da7a554e367be56e043e39c4e
render-image/zephyr-baseline/zephyr/include/generated/zephyr/otype-to-str.h	45c7af55e9e173904a03ba64de3e6f90a9956c625c83baac7db7ddabeba07bae
render-image/zephyr-baseline/zephyr/include/generated/zephyr/syscall_dispatch.c	9045dff6158fbf78a0d2439c208370f32446e4436c84374c6eb6e8082cd3938e
render-image/zephyr-baseline/zephyr/include/generated/zephyr/syscall_exports_llext.c	2d83b3cbd43bb0a4b9ab981373e34c4f14284f0bb6a39d3306a7abae527ecb31
render-image/zephyr-baseline/zephyr/include/generated/zephyr/syscall_list.h	347abcb72e331001b1c758d906be4cf16f9b4900d98930a4f469e9b2e1a0929c
render-image/zephyr-baseline/zephyr/include/generated/zephyr/syscalls/adc.h	9826d89cadf700621f8fe67830f8737e0a10be47b48bb9995435ca5e366db7be
render-image/zephyr-baseline/zephyr/include/generated/zephyr/syscalls/arch.h	bdfa15659cc71eeaef1dd3aeab50675f6cd42567d5df127dfbdc2d2752f12608
render-image/zephyr-baseline/zephyr/include/generated/zephyr/syscalls/atomic_c.h	690bf3a38ff5f3db2a07b7b1d8cafc1574520e024139949a8e0b401c794897fd
render-image/zephyr-baseline/zephyr/include/generated/zephyr/syscalls/auxdisplay.h	733a97e9e8ce609cf33572d6c6569968c540507e9ddf60de8bcbc6c4403f56b0
render-image/zephyr-baseline/zephyr/include/generated/zephyr/syscalls/bbram.h	d3f2359dcdfd777c752afee87e2fccee1103e97d0dfdd931b0e47d284472f466
render-image/zephyr-baseline/zephyr/include/generated/zephyr/syscalls/cache.h	9595ae4505a410ba66bc8b35b82d8125d49afca8ca5770151136a5df8f273483
render-image/zephyr-baseline/zephyr/include/generated/zephyr/syscalls/can.h	e597b61cdf7cff2ec02fbe96528da1ae99eebfa31145b007d7edb4b35a5c6443
render-image/zephyr-baseline/zephyr/include/generated/zephyr/syscalls/charger.h	6c5aa9a321295dc90f10b61c5da10d05ef06da64a5e469b8c706c980ab544bdc
render-image/zephyr-baseline/zephyr/include/generated/zephyr/syscalls/clock.h	d93994fa48615f6410a0abe98035706cd540a41be3d249d5a9bc5ab3def8e80d
render-image/zephyr-baseline/zephyr/include/generated/zephyr/syscalls/comparator.h	f173d054b32be07978caae81b12c30255db4e5623e45e742ea7ed9feb6195aca
render-image/zephyr-baseline/zephyr/include/generated/zephyr/syscalls/counter.h	3cbfaba8a9d57edaad03e942c9a035a6461dfab37932fb08e4530e65fd3ee40e
render-image/zephyr-baseline/zephyr/include/generated/zephyr/syscalls/crc.h	e91e0c8c220ee7d4e49d1507fe61c5dc8f72806d64db30ca61582bb3ec3d0df4
render-image/zephyr-baseline/zephyr/include/generated/zephyr/syscalls/dac.h	93cb285c343c886a49e9bba4a6851091183b724b0703e01d4bed0e24cdb0c1d3
render-image/zephyr-baseline/zephyr/include/generated/zephyr/syscalls/demand_paging.h	8b59746ea33a5970839886a673554dec989e8d39fcda583a8477fc4155e90d79
render-image/zephyr-baseline/zephyr/include/generated/zephyr/syscalls/device.h	3d4e26c69424baf08feeb4b61edd366e2c07d40077e798afd285bd5bb2eaa3b3
render-image/zephyr-baseline/zephyr/include/generated/zephyr/syscalls/devmux.h	283ae85bb2f8552256627c80d7489debf791ecd9f787753400786d7145da75f2
render-image/zephyr-baseline/zephyr/include/generated/zephyr/syscalls/eeprom.h	0fdb93b75245294dcdb38cc6f5362dde6042ab7904b7f3182aa59fba6b6a6e3e
render-image/zephyr-baseline/zephyr/include/generated/zephyr/syscalls/emul_fuel_gauge.h	fe1721d7367cf180e7803ce5d881ebb396acf7499048296395784e2d584fff33
render-image/zephyr-baseline/zephyr/include/generated/zephyr/syscalls/entropy.h	0df4b2c08742946f1810a658993a2926eea1761582d24beee83f10e0290f728e
render-image/zephyr-baseline/zephyr/include/generated/zephyr/syscalls/errno_private.h	89a30215206556099585f61b21e7a53291381289606fc969e0c547ebe6f50caf
render-image/zephyr-baseline/zephyr/include/generated/zephyr/syscalls/error.h	bf0a1c156b83bd8b9de42494e2432cd86b9b1050b05544d1615ac9a2413c526a
render-image/zephyr-baseline/zephyr/include/generated/zephyr/syscalls/espi.h	cdaf872ad74f3f755c4e281e767707013a01b8cf86008eebf72e8e91d39ddc54
render-image/zephyr-baseline/zephyr/include/generated/zephyr/syscalls/espi_saf.h	98526d591115988026a44a3415e9c06f1016c3ac929288239fc17e98062aba2a
render-image/zephyr-baseline/zephyr/include/generated/zephyr/syscalls/ethernet.h	f2d4ace37815df3d64bf299b6da990f9ebedae608665821e7f2952e5988f1080
render-image/zephyr-baseline/zephyr/include/generated/zephyr/syscalls/fdtable.h	3001410733d5533ca463be4ab3177ee7ce8cd6994e94801c24e7eaa7ea477795
render-image/zephyr-baseline/zephyr/include/generated/zephyr/syscalls/flash.h	140edaf7a7b8c6ffeceaf0edc6300b76c6510cc34cbddf016bfc147022c7ada9
render-image/zephyr-baseline/zephyr/include/generated/zephyr/syscalls/flash_simulator.h	6909b135d051fd8c02871a4474bc7daebe4bf452e8a42c818535ea349b8d5f5d
render-image/zephyr-baseline/zephyr/include/generated/zephyr/syscalls/fuel_gauge.h	1864bd85bd821fe175463d21084e5e1673c1a3a386b142c9568b9101d95ddad6
render-image/zephyr-baseline/zephyr/include/generated/zephyr/syscalls/gnss.h	0b400ab70cc1ecfe408c6e44f58b62fc7fe30b5d8dd6dcf0bcff5732cfe26b8e
render-image/zephyr-baseline/zephyr/include/generated/zephyr/syscalls/gpio.h	6cd7d45375e80f61680c35b8cbd67b23f6abfa95558a0f557e655598dc2fd902
render-image/zephyr-baseline/zephyr/include/generated/zephyr/syscalls/haptics.h	4f6882307e67761c5f7df29cc2995791816fecccfa185360c92054e32a5abb14
render-image/zephyr-baseline/zephyr/include/generated/zephyr/syscalls/hwinfo.h	1aa569458b7088204f9111acefa9b35642d75c0dbdc4cc150f1272cccdc48ddd
render-image/zephyr-baseline/zephyr/include/generated/zephyr/syscalls/i2c.h	749db7a3e3a0dfa88374149b68d0e8007008c9754acadfd817ce33227f07ad9e
render-image/zephyr-baseline/zephyr/include/generated/zephyr/syscalls/i2s.h	45895c2222fd8bf1f8543da0880eb5f7357f8910cf0e85656857d8d9fee58a29
render-image/zephyr-baseline/zephyr/include/generated/zephyr/syscalls/i3c.h	60ffcae4a7e6a9487db3c414a98e4bac5e068616af837015906ee94713370eb3
render-image/zephyr-baseline/zephyr/include/generated/zephyr/syscalls/input_renesas_ra_ctsu.h	c95257f75149596ca1f11bbecfc4aa70c825d2edb13028997738b97f08a941e8
render-image/zephyr-baseline/zephyr/include/generated/zephyr/syscalls/input_renesas_rx_ctsu.h	b0ce9cfd4159bd557dd17c732299fdfd4a729466eef0461edfdb214a2d5d551b
render-image/zephyr-baseline/zephyr/include/generated/zephyr/syscalls/ipm.h	deb46e15b3108dbb8632e77ae861dfcce53de7ca567dd38985418710e6d0a82d
render-image/zephyr-baseline/zephyr/include/generated/zephyr/syscalls/ivshmem.h	7ee1adc34e724ed6bb42ec6aaf7d69f3d72ca2e198081a71dc2234244e94e6bc
render-image/zephyr-baseline/zephyr/include/generated/zephyr/syscalls/kernel.h	bd4c8bffdbdc262db640e441e43a95c495f0537dedc0de363b7f32cad34281d4
render-image/zephyr-baseline/zephyr/include/generated/zephyr/syscalls/kobject.h	e77ac77f11d48facdc66ee9aa5aeae0f92311aa4a28cc0bea2132a556f49e121
render-image/zephyr-baseline/zephyr/include/generated/zephyr/syscalls/led.h	26415e779f0daf82ac0f3f3a024dd69416bb9374c81e931c2f319295cb4cf88a
render-image/zephyr-baseline/zephyr/include/generated/zephyr/syscalls/libc-hooks.h	dbcdb12e3bd27c12a5b730b9037afe9ba6b5921482b27380e211747a5fdf3485
render-image/zephyr-baseline/zephyr/include/generated/zephyr/syscalls/llext.h	77abff04348e7c75bcca1fb74db42bd7108fff3c0bbe21907a50cd26e9df90ac
render-image/zephyr-baseline/zephyr/include/generated/zephyr/syscalls/log_ctrl.h	70603c6bc9b7442ca9cfe82a0fe3b96d0c32694d67f1b47dfa701a67c9b49739
render-image/zephyr-baseline/zephyr/include/generated/zephyr/syscalls/log_msg.h	c984a4da2d0e985d1bc585b9bdadf880f20b6c4f8745617eea6fd50dcd06509c
render-image/zephyr-baseline/zephyr/include/generated/zephyr/syscalls/maxim_ds3231.h	7ad16ea2d8f38e3f6c7c14fb86ccaab2881a69cd38ac137afaad3a4313009a31
render-image/zephyr-baseline/zephyr/include/generated/zephyr/syscalls/mbox.h	579e7240b2760f6b275bde67d6d9ae5980351ddfc54a3c82164bc86e4ac79a09
render-image/zephyr-baseline/zephyr/include/generated/zephyr/syscalls/mdio.h	ed61c2ab4e32821c65dc296fd1feb8c525e97e0d03482e7f9d3d1aee2b395924
render-image/zephyr-baseline/zephyr/include/generated/zephyr/syscalls/mspi.h	7ce9dcdd5453e23e13ea9bc315a7e273e955350b8889bedb95d87049cd076dfa
render-image/zephyr-baseline/zephyr/include/generated/zephyr/syscalls/mutex.h	d549a190df71da2b70661ee8c3ac9cfb0a9bfe7a22ef5c208be6e03cb0299e23
render-image/zephyr-baseline/zephyr/include/generated/zephyr/syscalls/net_if.h	02f2ced6cebaa2698f5569dd351593b9aeca0b40adf3fea0b2a7002a66470b08
render-image/zephyr-baseline/zephyr/include/generated/zephyr/syscalls/net_ip.h	712e7d878c6e770c01656daa8ae047d00ddf55e5f024f9175f7561e93a5e04e6
render-image/zephyr-baseline/zephyr/include/generated/zephyr/syscalls/nrf_qspi_nor.h	5779c41d175d7f8bc7d00134e99a68a4a2a05f777044881e04d5ba30f74edbe5
render-image/zephyr-baseline/zephyr/include/generated/zephyr/syscalls/opamp.h	9da088b9cf8fb143e0d51ca2cdeb95d85aef71e6bd9cc23efacfd7eee762a5e4
render-image/zephyr-baseline/zephyr/include/generated/zephyr/syscalls/peci.h	151415ddcf37ceddcb6541925798cf0eea8f31b04ea642566e20257c0b24d13b
render-image/zephyr-baseline/zephyr/include/generated/zephyr/syscalls/ps2.h	f7e5bd30f00902aa72cad2f6cfd341c2d8074a50805f7065ddd699a2398756ea
render-image/zephyr-baseline/zephyr/include/generated/zephyr/syscalls/psi5.h	1b46cfc34b500e5a87c27042f9a668332d83562eca26a4efde49f589577ed30e
render-image/zephyr-baseline/zephyr/include/generated/zephyr/syscalls/ptp_clock.h	f960f9018255ca61d93f95a7981e02e76dda14273c793043ce3c7989ee9aea09
render-image/zephyr-baseline/zephyr/include/generated/zephyr/syscalls/pwm.h	1b0f9a20a506c33be9cca2548e1eaa530029eab79f730a656e0e6c41838120bd
render-image/zephyr-baseline/zephyr/include/generated/zephyr/syscalls/random.h	ba5365c0d793d4e914f48e034dd459063031da327b3fc18bed6001b888a79bd5
render-image/zephyr-baseline/zephyr/include/generated/zephyr/syscalls/renesas_elc.h	a3bb082cec9e4426d578da862ccef63428d51a37b40ddd3b10c04241d0bfdcbd
render-image/zephyr-baseline/zephyr/include/generated/zephyr/syscalls/reset.h	d6eab4dee9a56d8c6608f8229e086152c6015d592487d16c661d54e0bd337377
render-image/zephyr-baseline/zephyr/include/generated/zephyr/syscalls/retained_mem.h	7d8df8be2525c952e2ad56440a300b38bfc43f31b5c0cac7d39ebd6c8479bf28
render-image/zephyr-baseline/zephyr/include/generated/zephyr/syscalls/rtc.h	143a6aa0d9907c2568a25ba70dc932ebe02042262f1aa95947e97443ca87a015
render-image/zephyr-baseline/zephyr/include/generated/zephyr/syscalls/rtio.h	f383056f2da335464f0e3497c3bb7f27135c7c4bdf0835cf0adab6046e8c26d9
render-image/zephyr-baseline/zephyr/include/generated/zephyr/syscalls/sdhc.h	64f12879aa0fb9e32d82059d08e116ee1fad8c8a11e0f93b5154a0a8357bdf4b
render-image/zephyr-baseline/zephyr/include/generated/zephyr/syscalls/sensor.h	c49ed2753c9d2924a16dcbedb1dcc884a6dfb543118dcf3886e1e5d77399194b
render-image/zephyr-baseline/zephyr/include/generated/zephyr/syscalls/sent.h	bf45ac4e6e4f1004ab3ca45d41993a0c949a6af6f62750812935bba3b910adf1
render-image/zephyr-baseline/zephyr/include/generated/zephyr/syscalls/sip_svc_driver.h	b079f272b9a0de110efcfe647aee704fa7b91811e7ca92f995153dff11b77f10
render-image/zephyr-baseline/zephyr/include/generated/zephyr/syscalls/smbus.h	693c9e52f9556b7b31f2b69027135c9c75480c6ecdd79e279893d1fa91a62dad
render-image/zephyr-baseline/zephyr/include/generated/zephyr/syscalls/socket.h	04f656e2c2a924fede7f3fdd3e8fd22b3d22a0f354e8da91c0ad8a46687ceba4
render-image/zephyr-baseline/zephyr/include/generated/zephyr/syscalls/socket_service.h	8e649e781d62e23317f3fd07ff990b5e00b7001ffacd509b950654e3a5a48d1c
render-image/zephyr-baseline/zephyr/include/generated/zephyr/syscalls/spi.h	5592670618eadb1cdf89178a32d13ae25a0c6c26af3716927b78d010b16cbfa9
render-image/zephyr-baseline/zephyr/include/generated/zephyr/syscalls/stepper.h	3cba5245cc69ea5ab91a994a0b79a4e7d72f5fb03d7c939ab573ec3a9611a4aa
render-image/zephyr-baseline/zephyr/include/generated/zephyr/syscalls/syscon.h	d3acfa810927e22d156c5db55cf8add60cfb8c9a0882dcb6b0eda75f3f7b4a0b
render-image/zephyr-baseline/zephyr/include/generated/zephyr/syscalls/tee.h	4529a75ff6853a66203775bdad7ac340cc3290873116a741287775617d67bb05
render-image/zephyr-baseline/zephyr/include/generated/zephyr/syscalls/time_units.h	b0418c9339b2e13b0ad006bb70833328dfdc3bb44aa381e0507a9447265c710c
render-image/zephyr-baseline/zephyr/include/generated/zephyr/syscalls/timeaware_gpio.h	2f7acaf08246e15fc417e2d50644aff187ce188b5fa7e6ee61b623a838d2d9a9
render-image/zephyr-baseline/zephyr/include/generated/zephyr/syscalls/uart.h	8917e9922ed5255152630ad632346cf46d808ed8f61083d71c828b7c7f13fb19
render-image/zephyr-baseline/zephyr/include/generated/zephyr/syscalls/updatehub.h	dbb43b3b5c64b5a34445c82e4b644af6e653c256a57b040470e3e76ad3f79e33
render-image/zephyr-baseline/zephyr/include/generated/zephyr/syscalls/usb_bc12.h	5f57307cb5461cccb0f83a4f41a7cf2d1a52340a5f7bd9b004d76265ee32370a
render-image/zephyr-baseline/zephyr/include/generated/zephyr/syscalls/w1.h	d1619893aff1838fb6ec50f554fe95bc5a0b39f8292d395b98a8d52be540dc79
render-image/zephyr-baseline/zephyr/include/generated/zephyr/syscalls/watchdog.h	8b92be702693388147db10b734417886e5f0249a12fd7fcf30694ee268bdcfdc
render-image/zephyr-baseline/zephyr/include/generated/zephyr/version.h	253d4b4769374e72a307902a3d743d22a02d5404b57bfbb5daf11c3050ddc04d
render-image/zephyr-baseline/zephyr/isr_tables.c	d162acb1148472cd9f8d3ef47f4f4a76a655271ba49d8489f58c06a536b912e0
render-image/zephyr-baseline/zephyr/isr_tables_swi.ld	b8615c04f6ef48661afaaa61894cb0d2cdf0fe14ca0cfe1a338e72cd589d0320
render-image/zephyr-baseline/zephyr/isr_tables_vt.ld	b8615c04f6ef48661afaaa61894cb0d2cdf0fe14ca0cfe1a338e72cd589d0320
render-image/zephyr-baseline/zephyr/kconfig/sources.txt	8257f098b3c18a7f8cde93f59341a27d8fb3f52d07017659b39281687081b7b6
render-image/zephyr-baseline/zephyr/kernel/CMakeFiles/kernel.dir/banner.c.obj	e0e9879a85575e01d68109f22ae131ec502665dd7e1f7958768252892c3f2c8e
render-image/zephyr-baseline/zephyr/kernel/CMakeFiles/kernel.dir/busy_wait.c.obj	fff1aa102477ee4453dfca6cd83172a877525ec3f7844368b747c09e5c3daf20
render-image/zephyr-baseline/zephyr/kernel/CMakeFiles/kernel.dir/condvar.c.obj	9d10a10a871588a49565c47685ab0e9363daa0d884cc2c37ea79fad75333fd8e
render-image/zephyr-baseline/zephyr/kernel/CMakeFiles/kernel.dir/device.c.obj	ed3066beb124a4a9c1e82e1fe5d31c85f9a037ca43a1546f53411723073e069c
render-image/zephyr-baseline/zephyr/kernel/CMakeFiles/kernel.dir/dynamic_disabled.c.obj	650d99260c7dd941196c4d3d8c93cf146dc2c534ddf1bd61917b7b4e01f6685b
render-image/zephyr-baseline/zephyr/kernel/CMakeFiles/kernel.dir/errno.c.obj	720314718072e79b7f847a6daaefb16bb0bc74f29f6df4d87637c057499a944a
render-image/zephyr-baseline/zephyr/kernel/CMakeFiles/kernel.dir/fatal.c.obj	5f2705f137ac01a8c5a4f668bfd07ff7e8508fd7afc9702efd39dc974c77244d
render-image/zephyr-baseline/zephyr/kernel/CMakeFiles/kernel.dir/float.c.obj	dc03ed7ad059da188fe8d04869251e280436c1dd99400989f2b5075e11a3b6bd
render-image/zephyr-baseline/zephyr/kernel/CMakeFiles/kernel.dir/idle.c.obj	92aa86ff9371bfb8e1a8b56a721d4578a468562dbf8bbf9e587eaf898a39c7bc
render-image/zephyr-baseline/zephyr/kernel/CMakeFiles/kernel.dir/init.c.obj	c580d42e715ed1ac2a7da2b6e6c8ea53427d76a459fa03993dfd17fc82822153
render-image/zephyr-baseline/zephyr/kernel/CMakeFiles/kernel.dir/kheap.c.obj	7741e361030887ed77e6193335c8ded05a86c6f1922a0838edd548841536cf90
render-image/zephyr-baseline/zephyr/kernel/CMakeFiles/kernel.dir/mailbox.c.obj	08e52d5c33ab256205d6accadf4954a45f225cd8bd1b01c1697ec1460c66c46b
render-image/zephyr-baseline/zephyr/kernel/CMakeFiles/kernel.dir/main_weak.c.obj	69ee89860a8ac6cf93d82595df0801c47008ee9061a58283d5e9185bf664067f
render-image/zephyr-baseline/zephyr/kernel/CMakeFiles/kernel.dir/mem_slab.c.obj	56efee22a3f139c12c744f0d25a74fe769c4375a84463bfd6198d5cdf176c1b4
render-image/zephyr-baseline/zephyr/kernel/CMakeFiles/kernel.dir/mempool.c.obj	58677ccbedaa1de7127ebb027312744ba6330b2984e1f04b0f93cd6cb9e6ddf2
render-image/zephyr-baseline/zephyr/kernel/CMakeFiles/kernel.dir/msg_q.c.obj	279aaaca1845e3a2225c4c2882e3686f9a9b6cd0b61062383e3532ee615400a7
render-image/zephyr-baseline/zephyr/kernel/CMakeFiles/kernel.dir/mutex.c.obj	0930c565666e67451fc923aef575b7b9213a603c18a77de53ca7a8a8a4e5462c
render-image/zephyr-baseline/zephyr/kernel/CMakeFiles/kernel.dir/pipe.c.obj	6cf2789a2eb396fb5a97fbd4ecbffaaae1f211a0a04b19fcc2fd4a8823c318d2
render-image/zephyr-baseline/zephyr/kernel/CMakeFiles/kernel.dir/queue.c.obj	c0dd40efd2021d421457a849c8fac875e01ab4284f93f2efc3d407855ade8b97
render-image/zephyr-baseline/zephyr/kernel/CMakeFiles/kernel.dir/sched.c.obj	86b95af21bc3e0567f9ad6282bb1b69593cd228c6035f2566d66df7c8a537547
render-image/zephyr-baseline/zephyr/kernel/CMakeFiles/kernel.dir/sem.c.obj	935e91ea60d63d8c8dd0f572dad8467e80142f326f8ac9e3080d896edbe050f9
render-image/zephyr-baseline/zephyr/kernel/CMakeFiles/kernel.dir/stack.c.obj	912509074e54b7955cbf00e081b860522c6b76f078175752164eb2148a3e1f2c
render-image/zephyr-baseline/zephyr/kernel/CMakeFiles/kernel.dir/system_work_q.c.obj	d7a2d65cec2eb21d51ede333a3e15efb671c8d2a39f4373a03fe54e4b5d2d04f
render-image/zephyr-baseline/zephyr/kernel/CMakeFiles/kernel.dir/thread.c.obj	4d584c96a83e066f2842f7feca5490589f0aa593f4b7ef1bb7e6f9e6c3e90d49
render-image/zephyr-baseline/zephyr/kernel/CMakeFiles/kernel.dir/timeout.c.obj	35bacd113362690cb630cdeaf103e18fa84d228594c6487ca69647ae5baa6e50
render-image/zephyr-baseline/zephyr/kernel/CMakeFiles/kernel.dir/timer.c.obj	827c5562d0476455d95021791a6a3c363ecafc0a92fd4754805f9d6787a9731e
render-image/zephyr-baseline/zephyr/kernel/CMakeFiles/kernel.dir/timeslicing.c.obj	e8d6e5375c3440f93bf6e41247a4d3d965e81e6045e226f916e6815308daf4f2
render-image/zephyr-baseline/zephyr/kernel/CMakeFiles/kernel.dir/version.c.obj	e38578ad823f7ae2a6706c7fd3589cfa8214416509f13daa0414bc871c8ea673
render-image/zephyr-baseline/zephyr/kernel/CMakeFiles/kernel.dir/work.c.obj	1ff850c2fd33069c696b0e136faf6f8d3a869dcef4c5a0be3d7e33d95fe8bd62
render-image/zephyr-baseline/zephyr/kernel/cmake_install.cmake	7fdd01b1de79cd8b760c65ad512726c634b7c06aa81b94b80b707d65258cb59c
render-image/zephyr-baseline/zephyr/kernel/libkernel.a	a2d2591da8456a4fc336acffcaff62db5f2818b04bf2d18c9e7b9af175e4b196
render-image/zephyr-baseline/zephyr/lib/cmake_install.cmake	d1d399ca5ca465744a51c7f6b52dd34118d4a70a948b97840901a7d4878b08f3
render-image/zephyr-baseline/zephyr/lib/hash/cmake_install.cmake	b39c1d297080bccb576e052657695388f2a40c0ebaa64e921bd0925104753b47
render-image/zephyr-baseline/zephyr/lib/heap/cmake_install.cmake	6038daa0e93fa50a778c3a9f848105567d2e2ae4b2b179d3d5f2a961bf111dc8
render-image/zephyr-baseline/zephyr/lib/libc/cmake_install.cmake	4a6c7b99a7ae5b822d6d119e410d41e32d5cd9870e10803283987cd1e94ed886
render-image/zephyr-baseline/zephyr/lib/libc/common/CMakeFiles/lib__libc__common.dir/source/stdlib/abort.c.obj	c80f960c816e05848ec67ef5839ed2017a4caa289a5d543bae2a584dd559f643
render-image/zephyr-baseline/zephyr/lib/libc/common/CMakeFiles/lib__libc__common.dir/source/stdlib/malloc.c.obj	6f22636fc777cbad62ea30901bfd3b4bb2eec73e933eb00ae260ca775e9547e8
render-image/zephyr-baseline/zephyr/lib/libc/common/CMakeFiles/lib__libc__common.dir/source/time/time.c.obj	c9a372f93f8c08511c69c3e38da04babc5eb4d4374b89cfea89f7b790f43b517
render-image/zephyr-baseline/zephyr/lib/libc/common/cmake_install.cmake	da89eb1c21bfd6103af13ae1d283f74f80ffe0f66a193bed012273f19a623490
render-image/zephyr-baseline/zephyr/lib/libc/common/liblib__libc__common.a	3efe30d49e180243c2c80ba052b8182e2ecff51a98b589171b36ca337536a701
render-image/zephyr-baseline/zephyr/lib/libc/picolibc/CMakeFiles/lib__libc__picolibc.dir/assert.c.obj	b0d032c5a7c2fbeda931c7e380598b259f337cc8575d0d70db8fc3786f8d73eb
render-image/zephyr-baseline/zephyr/lib/libc/picolibc/CMakeFiles/lib__libc__picolibc.dir/cbprintf.c.obj	9c25fbc016702d34e3cb6c8d5610409781d9a3437c56183f5f776e4b89cfcf77
render-image/zephyr-baseline/zephyr/lib/libc/picolibc/CMakeFiles/lib__libc__picolibc.dir/chk_fail.c.obj	fce92e63dec8574fa307b166f45195ff270f130d481a69d01c9d38df7f75438d
render-image/zephyr-baseline/zephyr/lib/libc/picolibc/CMakeFiles/lib__libc__picolibc.dir/errno_wrap.c.obj	9e0753423a9fa6719fb32a16fb68e653011d26cede83411865d5b2da5e9875b2
render-image/zephyr-baseline/zephyr/lib/libc/picolibc/CMakeFiles/lib__libc__picolibc.dir/exit.c.obj	8dac4d3f70624c81ae87b3af8992113ff6dac462ddbad319a6fef950d19a7e6e
render-image/zephyr-baseline/zephyr/lib/libc/picolibc/CMakeFiles/lib__libc__picolibc.dir/locks.c.obj	1c9fbaa314afd6b94bff40f0380e42c3c5dd7a6ecbec2157017dd997e8aa3619
render-image/zephyr-baseline/zephyr/lib/libc/picolibc/CMakeFiles/lib__libc__picolibc.dir/stdio.c.obj	10a185d99caf64fa9a21720877ffed1f22df3b5823980585355b886e0568a6be
render-image/zephyr-baseline/zephyr/lib/libc/picolibc/cmake_install.cmake	ad699c72871f373afd2e2d5aa669c6afcfdfd3d706457536e157a907951f6e37
render-image/zephyr-baseline/zephyr/lib/libc/picolibc/liblib__libc__picolibc.a	db42f2de0de067958793ee2c6e24f74c053074f57cdc2a6d142ec8b0555c6e53
render-image/zephyr-baseline/zephyr/lib/mem_blocks/cmake_install.cmake	2c5c32c1f973a3b75ab45c0b838a8ba69a1c395cf7fd97be8a9a17c576a12f74
render-image/zephyr-baseline/zephyr/lib/midi2/cmake_install.cmake	7ca62896bcf9a4e2a629e6ce814b889096f3f27051a9e04e9609591cc2cff16e
render-image/zephyr-baseline/zephyr/lib/os/cmake_install.cmake	8231c279a1362a2903bf10a0e3c29a654ef05edcccaccd80f1cb8c5812cd712e
render-image/zephyr-baseline/zephyr/lib/posix/c_lang_support_r/cmake_install.cmake	14dbe748c1b4de7e78b33c599886087789f353dd09336da089a7cda059d02a8c
render-image/zephyr-baseline/zephyr/lib/posix/c_lib_ext/CMakeFiles/lib__posix__c_lib_ext.dir/fnmatch.c.obj	9d7bcf470b2046d120284298d1388a2f4d4ffd70653cd200884d5e1e87bb62d8
render-image/zephyr-baseline/zephyr/lib/posix/c_lib_ext/CMakeFiles/lib__posix__c_lib_ext.dir/getentropy.c.obj	85b60541eb67757fac707a00db40aff39c7a5dc069a95f76b6dc22a05af0ee9e
render-image/zephyr-baseline/zephyr/lib/posix/c_lib_ext/CMakeFiles/lib__posix__c_lib_ext.dir/getopt/getopt.c.obj	73ffe1a6219349184ced82f868d9541803d7b3e77c2c4df15e3aa16c455470ae
render-image/zephyr-baseline/zephyr/lib/posix/c_lib_ext/CMakeFiles/lib__posix__c_lib_ext.dir/getopt/getopt_common.c.obj	1326aa2503dd813d814776e027e14397aa656b5578f4e3060071e0e908f757c9
render-image/zephyr-baseline/zephyr/lib/posix/c_lib_ext/cmake_install.cmake	83bc1da6f9b129ba74d134520dc0503bc3a859de1c60f5f03e0ce7439a1f5d3c
render-image/zephyr-baseline/zephyr/lib/posix/c_lib_ext/liblib__posix__c_lib_ext.a	78c02714ac4b7670c52e9727abe71a777c792fefb43b7175afc7fb4d219a1ebd
render-image/zephyr-baseline/zephyr/lib/posix/cmake_install.cmake	eacd8fafebd4eafc00d3f82d2b052b661aa56c437741e696cbe7a07c7269326e
render-image/zephyr-baseline/zephyr/lib/utils/cmake_install.cmake	2786749bbdab40ec07898378b070a99b5fe40952d640715c867c5239d45e9954
render-image/zephyr-baseline/zephyr/lib/uuid/cmake_install.cmake	48c71e51c5f3450df316b631fb395fb74260d1eae259da8bb2761e66716c71fb
render-image/zephyr-baseline/zephyr/libzephyr.a	1128ab04005b3e4cd906ebd30410baca4b03cd8e71fd84f958ddedcac34428e7
render-image/zephyr-baseline/zephyr/linker.cmd	57225cd7e34a4e024706bcdb619ce91734334bbe98b9ec3307e4d9930bd39400
render-image/zephyr-baseline/zephyr/linker.cmd.dep	d7f1019f0fe9af7b8fa928bbf746cdd81ab4516ddb017ae26a71b925b4a5e1c0
render-image/zephyr-baseline/zephyr/linker_zephyr_pre0.cmd	20fada1c15f6decb22d94c1587634b08d7a280247f8c93f018fa6efbb2e999e1
render-image/zephyr-baseline/zephyr/linker_zephyr_pre0.cmd.dep	bdffc25ae033825c499ee42c38e01410c24497c0238be37b77a4c92d1c200d48
render-image/zephyr-baseline/zephyr/misc/generated/configs.c	eb7b3c016de48e1a013e4ceb593d146921ae74eb603f2bfab3ae5018b2f41bd8
render-image/zephyr-baseline/zephyr/misc/generated/struct_tags.json	be1955497c3430f67eef51bf8a83c6d2febcdcf4898e4838fc18d0660046470c
render-image/zephyr-baseline/zephyr/misc/generated/syscalls.json	924d1bced514cf5704881ba1a7d51a3dae003eb2e37a91eccfd4c1e56818d4bf
render-image/zephyr-baseline/zephyr/misc/generated/syscalls_file_list.txt	622347c5d668b9753c1c1c70affa958e45793e51e91f0405814c0e9de249af03
render-image/zephyr-baseline/zephyr/misc/generated/syscalls_subdirs.trigger	e3b0c44298fc1c149afbf4c8996fb92427ae41e4649b934ca495991b7852b855
render-image/zephyr-baseline/zephyr/misc/generated/syscalls_subdirs.txt	03c6e9d81761b7f8e6156fee13da10b926d3c1a1c31cd91202d9209433650216
render-image/zephyr-baseline/zephyr/runners.yaml	c9b0d084ae7ea4a43027b51e2ed0f0fa810794ff46d8d908d7e62d1054758aad
render-image/zephyr-baseline/zephyr/snippets_generated.cmake	831e032c1e9bd0b77d6ea7198843ba55f06beba8275bf860b9ffb047451684a3
render-image/zephyr-baseline/zephyr/soc/cmake_install.cmake	17c70ea7b2390e957db805e70219b29066dfec1df4b0d3c21ffdf3a2fa82582c
render-image/zephyr-baseline/zephyr/soc/common/cmake_install.cmake	6e2366a268fb8da8c1632ef58027c58211488140141ec9d582214af34e08ba8c
render-image/zephyr-baseline/zephyr/soc/soc/nrf52840/CMakeFiles/soc__nordic.dir/common/reboot.c.obj	e82cfa7a31686d7f7fc1f4862dcb849cf6366d45d6ee9887b5bbeacfa848db12
render-image/zephyr-baseline/zephyr/soc/soc/nrf52840/CMakeFiles/soc__nordic.dir/nrf52/soc.c.obj	e28b796427f627f09731d85b58ad8b83bb8ac8acf6c2ea76ab2ff82ac5ba4bd8
render-image/zephyr-baseline/zephyr/soc/soc/nrf52840/CMakeFiles/soc__nordic.dir/validate_base_addresses.c.obj	ab527dd36b2c900377133fd60e5d0782afcce4fc3ff2e97fa4616207fee02d22
render-image/zephyr-baseline/zephyr/soc/soc/nrf52840/CMakeFiles/soc__nordic.dir/validate_binding_headers.c.obj	d0cd730077910ca8edcd56cd8cfb7f76390f61077028cacafa2cd5bc8c249daa
render-image/zephyr-baseline/zephyr/soc/soc/nrf52840/CMakeFiles/soc__nordic.dir/validate_enabled_instances.c.obj	bd92e6db5dc7ef8daf436db9ddd9599d7970ffbbd49a4b3a2780cfc9b0d6b167
render-image/zephyr-baseline/zephyr/soc/soc/nrf52840/cmake_install.cmake	ef78893ee4ddbc93366e09a1173d8bc6f8a5ef42af1315d732dd8b8285cb740b
render-image/zephyr-baseline/zephyr/soc/soc/nrf52840/common/cmake_install.cmake	df9a8d80b3d9af34b3ac0312f68b8c25c9e09e3f615a562e1bee62df94e0f6d4
render-image/zephyr-baseline/zephyr/soc/soc/nrf52840/common/uicr/cmake_install.cmake	8a3224ac8d7d56a01d0389760d8e24eb26a680efa5d4d39fa3d10a772a11180b
render-image/zephyr-baseline/zephyr/soc/soc/nrf52840/libsoc__nordic.a	965929704ffdf84e2d35828d1af51dff1ec318d30b3a61a65025f310f5e507ca
render-image/zephyr-baseline/zephyr/soc/soc/nrf52840/nrf52/cmake_install.cmake	3b67726d45801770b81134490ecc2a9d24fb9cb26f844fc381680f3c9fef6de6
render-image/zephyr-baseline/zephyr/subsys/canbus/cmake_install.cmake	1838c89fe3309642df3df6af399c5977a08d030bafe03c486d96d35b328e0292
render-image/zephyr-baseline/zephyr/subsys/cmake_install.cmake	ba0bf31bf8928ec642c25dfd5c65e653afc148aea61dcf3183a1ed9160264ba7
render-image/zephyr-baseline/zephyr/subsys/debug/cmake_install.cmake	6b4f45dd0b73279073e51fabc191393c09d9b277943bcffde2be96a46b0502b0
render-image/zephyr-baseline/zephyr/subsys/fb/cmake_install.cmake	263d3d8597b51a1db71eec6c06b4db3b1c02a5010abeb1d4a08908ea79c9d070
render-image/zephyr-baseline/zephyr/subsys/fs/cmake_install.cmake	3dcf24de7707836ec4b069da4e022e5ddc468a1eb3b992375e68f15b3cf47587
render-image/zephyr-baseline/zephyr/subsys/gnss/cmake_install.cmake	40f4be6f2f1a466c1eb4b23da78668f12dc2fe857eb581e8c02be0cb84142def
render-image/zephyr-baseline/zephyr/subsys/instrumentation/cmake_install.cmake	54392387baaa4fb089c1c86f263b2650ddfa6249bbfd28cb2cfc48f4640602b6
render-image/zephyr-baseline/zephyr/subsys/ipc/cmake_install.cmake	25c00af4b8e0e601cff525c290feb9e82067db0295790a3f6f9d1953cbe17678
render-image/zephyr-baseline/zephyr/subsys/logging/backends/cmake_install.cmake	0909e4defeae62bf662b183b7a177112e442638f864d2b2140e3345cdbf33df1
render-image/zephyr-baseline/zephyr/subsys/logging/cmake_install.cmake	2f14b7601c982ef0d2ecd202055173266524069b6676daa9015c409183b84919
render-image/zephyr-baseline/zephyr/subsys/logging/frontends/cmake_install.cmake	061a447b6fb79fcea42a6821f39208ad8ac65bfc623fe63f63c1a550ac388254
render-image/zephyr-baseline/zephyr/subsys/mem_mgmt/cmake_install.cmake	4c792d1aa13731312c0aa0d2669adc47498bd1d0ca2d193fe2d8395048e5bb76
render-image/zephyr-baseline/zephyr/subsys/mgmt/cmake_install.cmake	b11ea177a06eb7db2b63cc4259abf3fa257212525087320a52c8b4b11370708d
render-image/zephyr-baseline/zephyr/subsys/modbus/cmake_install.cmake	a2b2c038cba87fac4ba1096b7037afa8a89a09a44a311c2ffa55ddcf52a117db
render-image/zephyr-baseline/zephyr/subsys/pm/cmake_install.cmake	c9eb6c949f3f1e8fb2ef6d1f041212235fb6a07835f847ece609d6f3131a3a52
render-image/zephyr-baseline/zephyr/subsys/pm/policy/cmake_install.cmake	c5c4c2b7e55c3f65ef39868b083bfc391171691f1b200d6378e6a1dcd28c7a54
render-image/zephyr-baseline/zephyr/subsys/pmci/cmake_install.cmake	67ea550221e9e413fb18d3ea9259fbc5213a100e5930bdde03e0eb2eeaa915f7
render-image/zephyr-baseline/zephyr/subsys/portability/cmake_install.cmake	31595b680d60f9c358dbe9caefa4c017a9e00c86013794f44d16a0187f69f082
render-image/zephyr-baseline/zephyr/subsys/random/cmake_install.cmake	b86fd6f3dbfc373f86e5fd1296982bb0d0e12c4dfbc91b9d2355dc3c9884ed76
render-image/zephyr-baseline/zephyr/subsys/rtio/cmake_install.cmake	29f45f58fb01d340c766ac9e17885f8b0fd0dd16aa64abeccf204e6e809d0d15
render-image/zephyr-baseline/zephyr/subsys/sd/cmake_install.cmake	a734b6cfbfb830a41c13ef6bb2a7a4a948fc01757147ab6738e2f5463a861fa3
render-image/zephyr-baseline/zephyr/subsys/stats/cmake_install.cmake	ea2c0524658937bf4f4af1ab728db77ed6111b4ad22a5cd72dbb77c6fa15b6de
render-image/zephyr-baseline/zephyr/subsys/storage/cmake_install.cmake	68ac40aff5c136f2c806cab5d8a8032c1f22cfd707897b3f9429905291206e78
render-image/zephyr-baseline/zephyr/subsys/task_wdt/cmake_install.cmake	8b04c3f02a771261941ef3c88b3989d2b6436964830e572cb498fc90830be0d9
render-image/zephyr-baseline/zephyr/subsys/testsuite/cmake_install.cmake	9d9a668117c9845522d232d491683c6c2c7cfd96437531493ad9e6fc325fd729
render-image/zephyr-baseline/zephyr/subsys/tracing/cmake_install.cmake	00ee2a6241fb7f48750e616c31d2145127754ac97795d07d99c697060d98f6a2
render-image/zephyr-baseline/zephyr/subsys/usb/cmake_install.cmake	bbe02c68cbac975dfeabf37ec1e2be1bcacd84c0e41334179e1724245ab17f69
render-image/zephyr-baseline/zephyr/syscall_weakdefs_llext.c	7d70f19903ab82dc62c5a3e7ca58f858734009fa220fe11809eadc300f3db16d
render-image/zephyr-baseline/zephyr/zephyr.bin	5787f414da7915dd9da4b7c0941496be36f18b4468dac23f0c132ac650558222
render-image/zephyr-baseline/zephyr/zephyr.dts	ab856f2e1c1942f3f4d9d997ed3a062c54e5b2012db5100ae49001705f6f0cea
render-image/zephyr-baseline/zephyr/zephyr.dts.d	e5dc41f6fbe53c2c9e12b48515642cb5d19bb9e32a36f222f37b39f3df52f555
render-image/zephyr-baseline/zephyr/zephyr.dts.pre	f8fc55ceec28d4f00d61f9cc02851007b6ccdbcaef38a43f109df8634cb49066
render-image/zephyr-baseline/zephyr/zephyr.elf	3fc1f1037523209a6b7faf2a61d0c8090d732cb4d8ad46b8a00b1e78866b18da
render-image/zephyr-baseline/zephyr/zephyr.hex	aaaac192702685fd9e58dcb84c14ceae6d84584ef654ea90da95a9e458cdfeff
render-image/zephyr-baseline/zephyr/zephyr.map	1565ddde1fa4967351c0e6b431c3d723e0a95ba7efab7fc26401ecb70b03a20a
render-image/zephyr-baseline/zephyr/zephyr.stat	37a0c17469f89574ab4caf39ed752befbe0cd3d1c89b328534abe864acc941ad
render-image/zephyr-baseline/zephyr/zephyr_final.map	1565ddde1fa4967351c0e6b431c3d723e0a95ba7efab7fc26401ecb70b03a20a
render-image/zephyr-baseline/zephyr/zephyr_pre0.elf	c3a4219d447a4fe3064eb6c6c42830bbc0fef0abf627628fd234c4ae9255192d
render-image/zephyr-baseline/zephyr/zephyr_pre0.map	a880a22a2bb3fcbdd6b1924352e19cc83b03acc0ebc5646fe942f3d217cb699f
render-image/zephyr-baseline/zephyr_modules.txt	4e59cebd26002c9ab63342ba0a3d9f8910dca953c73b5e054079e400033ccafa
render-image/zephyr-baseline/zephyr_settings.txt	ee1ccb96f462d4c661e81d5410888314870a52bd71b57701b5f7a46aa95a1d49
render-image/zephyr-candidate/CMakeCache.txt	8909b81aaf85f1e7cc0815e467b9d6aa6c8fc86504c70683a11a27a234c5fa68
render-image/zephyr-candidate/CMakeFiles/4.4.2/CMakeASMCompiler.cmake	b6f314a1a43d9d2ede9f43ad0c9ea2cc2f19700adf151dca93cece3f50a69ce8
render-image/zephyr-candidate/CMakeFiles/4.4.2/CMakeCCompiler.cmake	b882ccbbcc16d8ad365ebb5dd83228365dc11c6465356d205998544ddff87cdb
render-image/zephyr-candidate/CMakeFiles/4.4.2/CMakeCXXCompiler.cmake	5356019b97c2337c5ff1a5e37797e32cd79f8dee09b92090791f6bf0f872ccae
render-image/zephyr-candidate/CMakeFiles/4.4.2/CMakeSwiftCompiler.cmake	2e26869285c619fbf76301083e356a9e30564431b40173ee1f33c8bd8a680472
render-image/zephyr-candidate/CMakeFiles/4.4.2/CMakeSystem.cmake	c776de23d2e2fd1229957964882f385c16fae85a53561cf15ae121e25bbc86b3
render-image/zephyr-candidate/CMakeFiles/4.4.2/CompilerIdC/CMakeCCompilerId.c	6ccdb729a0b1d02ba3d9b57e617d311fbac288d9c0d32416c048ef044157f041
render-image/zephyr-candidate/CMakeFiles/4.4.2/CompilerIdC/CMakeCCompilerId.o	93e7f8559bf4db927eb6ee08635cffa5c7cdecd7c88fe060562a4cde2e511f7a
render-image/zephyr-candidate/CMakeFiles/4.4.2/CompilerIdCXX/CMakeCXXCompilerId.cpp	5b0cbdb2a0d0a5b91a89026321eb0202fdecb22328eb5c668566ce5cb17e3cd2
render-image/zephyr-candidate/CMakeFiles/4.4.2/CompilerIdCXX/CMakeCXXCompilerId.o	5698e7e796c93c783a07919bbd02dc0c3eff2cdd61afac43f0da5a63827314fc
render-image/zephyr-candidate/CMakeFiles/4.4.2/CompilerIdSwift/CompilerId/main.swift	c5b473220a38897bb1ff9d0c882fde04e17f6e3dcf61021f0eca136c80d2edb6
render-image/zephyr-candidate/CMakeFiles/4.4.2/SwiftCompilerDriver/lib.in	01ba4719c80b6fe911b091a7c05124b64eeece964e09c058ef8f9805daca546b
render-image/zephyr-candidate/CMakeFiles/4.4.2/SwiftCompilerDriver/main.swift	18a6066e8dd25f6d99b3274b3232ebae6750fc8d1637729125863d7919df784f
render-image/zephyr-candidate/CMakeFiles/CMakeConfigureLog.yaml	59ea7435d7fff5504d490a12b759152d40c7aea937d2016097365a196f5113ee
render-image/zephyr-candidate/CMakeFiles/InstallScripts.json	4a47575a200a6ce3e2bf5a56e62d3a7b276210cb5d1419d5afbb92da487556fb
render-image/zephyr-candidate/CMakeFiles/TargetDirectories.txt	d2e578cbf248b638fa34c50f340dced8e73b974a937ffe2dd1c2b3ea862b8658
render-image/zephyr-candidate/CMakeFiles/app.dir/src/main.c.obj	864782bbc2dbb700e38cb140ec8a663749090399efd643427d3f508828292002
render-image/zephyr-candidate/CMakeFiles/app.dir/src/stubs.c.obj	72cfadc639fcf859914d8b1284e3135b674de3b3a99cac74b8f0084db3e1687f
render-image/zephyr-candidate/CMakeFiles/app_swift.dir/output-file-map.json	a5aefcb21bb5d2c797edb37627fd0febc3a6175bea6aee7abee7a68b46d54a00
render-image/zephyr-candidate/CMakeFiles/app_swift.dir/src/RenderProbe.swift.obj	c3df3a0a8dd45ae9498be7b7a799ba67a222339307fc87dc9af5ed03ede4e86f
render-image/zephyr-candidate/CMakeFiles/clean_additional.cmake	86262331788e5973582797ed60ac463c4d9ab58ed6e8b7a83fa1ce27bc6a1081
render-image/zephyr-candidate/CMakeFiles/cmake.check_cache	a26189e394421da57f45706a07713c5720acd200a41711b0c0c590c3c63371c4
render-image/zephyr-candidate/CMakeFiles/rules.ninja	52418c5a50d20cbf42cbf91056ca36ba2d5bbbb56b79f80c8cc17b75467995a6
render-image/zephyr-candidate/Kconfig/Kconfig.dts	30e5a7db1a5d45590ab696be7ac90ca75f0c87c772b8ebaef59e1727e3947aff
render-image/zephyr-candidate/Kconfig/Kconfig.modules	0fc45ffec59cc40ac992e8133bd58461595acd1bd7d028e0703b07d76afc68c3
render-image/zephyr-candidate/Kconfig/Kconfig.sysbuild.modules	d0afd39bac6af27b8948b47d78b5c89780acbd4f0a4d20845a820d585ae7a93b
render-image/zephyr-candidate/Kconfig/arch/Kconfig	4d24cb17ed9376f90006fcabe28464e6c3ad8b5023cf61afde285879e7c274a0
render-image/zephyr-candidate/Kconfig/boards/Kconfig	88d41b412935ee19530b3a3125fa1fb5ce5e92f227174b5b25f9a93f5a96b3f5
render-image/zephyr-candidate/Kconfig/boards/Kconfig.defconfig	a9584c8a4a246635f5a13a44a5c28ecba493745e75717e8dbd7306d73c10e71b
render-image/zephyr-candidate/Kconfig/boards/Kconfig.nrf52840dk	0b504ca4a91a2654980742076734eb49fca04aa5c861a710de5df312a172acb9
render-image/zephyr-candidate/Kconfig/boards/Kconfig.sysbuild	1694a61cec96a32f1aecdc5524552c2cd8107195280a870a8cc2cded5ba16b27
render-image/zephyr-candidate/Kconfig/kconfig_module_dirs.cmake	1f3f294a247ebb56bdd20df863fb3a4ed7207a929bf1abd0434792c3181d6ed4
render-image/zephyr-candidate/Kconfig/kconfig_module_dirs.env	200c2f7b1fbd22db453af4e37a9f511733677a26d4cf3b8b67cd2c3621086aed
render-image/zephyr-candidate/Kconfig/soc/Kconfig	088df84d2fa004901f021dd63dbbad3bedb61317c41f930a0152b8e077cb926d
render-image/zephyr-candidate/Kconfig/soc/Kconfig.defconfig	00f8d1cc5da3e3b174b27309ff23024c56a6281140cc45f8e60f19a1a977f022
render-image/zephyr-candidate/Kconfig/soc/Kconfig.soc	353a2de9c3bcf8cec1c3c34085111bdc53cac1ce7c160601a3c1bd9792362fb1
render-image/zephyr-candidate/Kconfig/soc/Kconfig.sysbuild	b45e64b13fe88539dc11960ef945c074fdb623c87222a7699166e75d80d96147
render-image/zephyr-candidate/app/libapp.a	ea5ce25f4828486ad43208a7e163dd251a89be91a2e1d5b764b06f46b80ecd43
render-image/zephyr-candidate/app_swift.swiftdoc	f4e8e43606e28180910e72dd382ced142fef65514a166739b3602f761f386b1c
render-image/zephyr-candidate/app_swift.swiftmodule	03e300fc91985e5ba5db6266f3e292bbb204e4f2fddeeef6091275f5d2d8ad9b
render-image/zephyr-candidate/app_swift.swiftsourceinfo	0c3de3437743f80428b2388c76b206c010d7a8259738f57130059a81077ad5d2
render-image/zephyr-candidate/build.ninja	ef58348b2f1011a32b331ac8b2aa3323a7b9dd8aafed086dab1df0140b6ef2f4
render-image/zephyr-candidate/build_info.yml	822bdab8c1b7ce65c2b6a59a57008e430f7892d16837c9872ebe0dd8ea228f65
render-image/zephyr-candidate/build_info.yml.bak	80b43946286d9a2186568235929f148c377fbcfb2edfbe3c513c3f0b79ec332f
render-image/zephyr-candidate/cmake_install.cmake	e0a2a99379568a6870833f2384ac2222103d7a68aa049f863697d7dc232a3aa7
render-image/zephyr-candidate/compile_commands.json	49bf2bb950c63db9089f1dd62e4ff253c55b89f3cb3bb833f5cea1d36b8433a0
render-image/zephyr-candidate/modules/cmsis/cmake_install.cmake	17e7163095b20edee39d45afebe8aaedc0929115a1c9fc5486ef5703c9c84b82
render-image/zephyr-candidate/modules/cmsis_6/cmake_install.cmake	2870e6495dd312fd6b5313abdf21c1c2468c563992f74c969638cf40d2c28c27
render-image/zephyr-candidate/modules/cmsis_6/cmsis_6/CMSIS/Core/cmake_install.cmake	5dc55c336eee41f4159df2c1443af752fa172413d3e31bc0e19c30790e62151d
render-image/zephyr-candidate/modules/cmsis_6/cmsis_6/CMSIS/cmake_install.cmake	8c2267910ca6928f584f4cebdc39e28fc4cafa7ab916b052882a0329ba07e647
render-image/zephyr-candidate/modules/cmsis_6/cmsis_6/cmake_install.cmake	a41a4c211441a2ddfe77d69b359a47defb6b7d83ce72eb40ca9b84ff97eafe5a
render-image/zephyr-candidate/modules/hal_nordic/cmake_install.cmake	367eb672e909c3f6f49f83abcf8ec09769d0371d800a8aeef2cc2ec9b46966a8
render-image/zephyr-candidate/modules/hal_nordic/nrfx/CMakeFiles/nrfx.dir/nrfx_glue.c.obj	e05a4a7749a5fe9c8969edd1e14d1e5e994e44ecb5a4be5fa55888a363a20c25
render-image/zephyr-candidate/modules/hal_nordic/nrfx/cmake_install.cmake	4569101f25260c1547ee3b1730b854d5185ddd851c220c82b5c2735c5bb3baa2
render-image/zephyr-candidate/modules/hal_nordic/nrfx/libnrfx.a	6a0359da4033014c1c34ca3378d0d67f90882ad8f372bb2e06e1bd0becc8abd1
render-image/zephyr-candidate/modules/segger/cmake_install.cmake	0f4a900c5bb871c9fff290ea2a24d1ba52c64c0a05c8bbb35d53189c0182c058
render-image/zephyr-candidate/sysbuild_modules.txt	e3b0c44298fc1c149afbf4c8996fb92427ae41e4649b934ca495991b7852b855
render-image/zephyr-candidate/zephyr/CMakeFiles/offsets.dir/arch/arm/core/offsets/offsets.c.obj	24cd2a5d0abef96fb84fee1c50bb4c5102767a55ca9a4c1c65b76f74c2ec2453
render-image/zephyr-candidate/zephyr/CMakeFiles/zephyr.dir/lib/heap/heap.c.obj	41cc46afc1e2d0df55d12241b5906127d8e0f9561af56576db37ee5a7e7e73ef
render-image/zephyr-candidate/zephyr/CMakeFiles/zephyr.dir/lib/libc/validate_libc.c.obj	dddadd241d5a112617315fe027c2dbd4c9948b534235b777a4ed66cf798835b8
render-image/zephyr-candidate/zephyr/CMakeFiles/zephyr.dir/lib/os/assert.c.obj	a39f4bc4b62d5fd44992414d552a5893914ef74b6556d0defd24b3932f65aa73
render-image/zephyr-candidate/zephyr/CMakeFiles/zephyr.dir/lib/os/cbprintf_complete.c.obj	9551f2f9f358e5ab0e1d344def0d3c71de6a2646e4f8801b47b10d7634bfae31
render-image/zephyr-candidate/zephyr/CMakeFiles/zephyr.dir/lib/os/cbprintf_packaged.c.obj	096be812dbb24b6e20a5845ce89f6ea3e7c22ba454163fd8d20160249f1c92ac
render-image/zephyr-candidate/zephyr/CMakeFiles/zephyr.dir/lib/os/clock.c.obj	1b0a981059f684ff9cbdb21dc91aff1a208cf472af21685ea30b1fe854160dfc
render-image/zephyr-candidate/zephyr/CMakeFiles/zephyr.dir/lib/os/printk.c.obj	1108a45d25df7dd3cbe302cf1cb3c8fae5807aab3549a05908719ea7c092e891
render-image/zephyr-candidate/zephyr/CMakeFiles/zephyr.dir/lib/os/sem.c.obj	e48d09b58f6fd8e6c0e408b6ea3f0ad85746bd50bc950fa76bb920f82d112d45
render-image/zephyr-candidate/zephyr/CMakeFiles/zephyr.dir/lib/os/thread_entry.c.obj	e11be6c1c57749a2db6e432deb126d2542633807a423b45c1b2c1044346580d3
render-image/zephyr-candidate/zephyr/CMakeFiles/zephyr.dir/lib/utils/bitarray.c.obj	5dd7b39c60af9155d73db5c48f4af9c95c3b1ac118b55a0a124446c09922481c
render-image/zephyr-candidate/zephyr/CMakeFiles/zephyr.dir/lib/utils/bitmask.c.obj	4912695efbbd260682b16b5502bb73f372bc9668b41ac517ec5855278c859a95
render-image/zephyr-candidate/zephyr/CMakeFiles/zephyr.dir/lib/utils/dec.c.obj	ceb6705f0b3f0ee3fa1816984cd5c790c1235fff778d36599b7c7a999534693d
render-image/zephyr-candidate/zephyr/CMakeFiles/zephyr.dir/lib/utils/hex.c.obj	426d274e8a1c0b5b0ec8186bcbf13c4b218f41ff1ff67386623d46d21bc21a3a
render-image/zephyr-candidate/zephyr/CMakeFiles/zephyr.dir/lib/utils/last_section_id.c.obj	e792e7135da0332df1b969e72aed6cabe5da889b2401d3093a6e60dba845d34f
render-image/zephyr-candidate/zephyr/CMakeFiles/zephyr.dir/lib/utils/notify.c.obj	a28200cbe6339879806d58645c652566cda6fae036984ba13bec5db6d5d63c3d
render-image/zephyr-candidate/zephyr/CMakeFiles/zephyr.dir/lib/utils/onoff.c.obj	dfc509862b10641066a3a148ecd251c8c7e9ed228a99ba0432f357f51b4ef71a
render-image/zephyr-candidate/zephyr/CMakeFiles/zephyr.dir/lib/utils/rb.c.obj	68cbcf6fdce328e4b6be66bb006028c0fb1d5eca656702446d8e324ea499eb49
render-image/zephyr-candidate/zephyr/CMakeFiles/zephyr.dir/lib/utils/ring_buffer.c.obj	f3ffad3dfb455e77538ead0dadcd4f6c6a392bda37eb94d7fabc81bc597fb6fe
render-image/zephyr-candidate/zephyr/CMakeFiles/zephyr.dir/lib/utils/timeutil.c.obj	b00a11cc44684bbd9fdf387aa7c6003fe72961b01b5fa84897c4c0e810d6e1c4
render-image/zephyr-candidate/zephyr/CMakeFiles/zephyr.dir/misc/generated/configs.c.obj	cb321d131d3517c6d711d578b9ea380b2a3e5d756ee81d86cf1c4e0464be61e6
render-image/zephyr-candidate/zephyr/CMakeFiles/zephyr.dir/subsys/mem_mgmt/mem_attr.c.obj	e344554401e57b1841580d06cb39f631d614c6d32543ae04e5f11d9e0b927783
render-image/zephyr-candidate/zephyr/CMakeFiles/zephyr.dir/subsys/tracing/tracing_none.c.obj	68913568e783ed7f05cd5d20a3ea16dc8529aacb434edeb090b72c6e23775454
render-image/zephyr-candidate/zephyr/CMakeFiles/zephyr_final.dir/isr_tables.c.obj	633fe863c71f97d4b14783e36373f997fccc994621e22bcaaaa9a7fd8f4b67e5
render-image/zephyr-candidate/zephyr/CMakeFiles/zephyr_final.dir/misc/empty_file.c.obj	b156d3504d5f45a1a5560a012031ce451a50a40a4eb2f7a78815549a372cb0ac
render-image/zephyr-candidate/zephyr/CMakeFiles/zephyr_pre0.dir/misc/empty_file.c.obj	b156d3504d5f45a1a5560a012031ce451a50a40a4eb2f7a78815549a372cb0ac
render-image/zephyr-candidate/zephyr/arch/arch/arm/cmake_install.cmake	655afffc91d410d2445e1780a4a16a39868ce57c50232142158ada2e1dad813d
render-image/zephyr-candidate/zephyr/arch/arch/arm/core/CMakeFiles/arch__arm__core.dir/fatal.c.obj	38afa60cd7da746e9a6c4d9437ad64dd41688b3ab0af67dd09ac4c38e3ea0fea
render-image/zephyr-candidate/zephyr/arch/arch/arm/core/CMakeFiles/arch__arm__core.dir/nmi.c.obj	286f78d8bc7be048d799e873238d3b8cb2e9d5ef18f43bb193875aeec7321d8a
render-image/zephyr-candidate/zephyr/arch/arch/arm/core/CMakeFiles/arch__arm__core.dir/nmi_on_reset.S.obj	1eca2b83bc7abd8b74a8e561d10a38d5f10465eba52f648d40226b44d2802b75
render-image/zephyr-candidate/zephyr/arch/arch/arm/core/CMakeFiles/arch__arm__core.dir/tls.c.obj	a75c0a06dabe6b250805c6eea3ee16a0c5e95d34852cd5198c2e859a1f745259
render-image/zephyr-candidate/zephyr/arch/arch/arm/core/cmake_install.cmake	a9c2c6b6e3eb2f8fe922dabae7184d03c3d5a1037721494113be243f1a304cd5
render-image/zephyr-candidate/zephyr/arch/arch/arm/core/cortex_m/CMakeFiles/arch__arm__core__cortex_m.dir/__aeabi_read_tp.S.obj	4ffbc406196ba8f755431b9bcceefbedca39e6fb15acdb053c2fe89e38988f3e
render-image/zephyr-candidate/zephyr/arch/arch/arm/core/cortex_m/CMakeFiles/arch__arm__core__cortex_m.dir/cpu_idle.c.obj	43f38fd830dca06712087d497e79deb022e97099ce365023572a485fc2847142
render-image/zephyr-candidate/zephyr/arch/arch/arm/core/cortex_m/CMakeFiles/arch__arm__core__cortex_m.dir/exc_exit.c.obj	23c98c17ada5c50ab48912b63685522325e487d7a78bb1166b530bb024d23e85
render-image/zephyr-candidate/zephyr/arch/arch/arm/core/cortex_m/CMakeFiles/arch__arm__core__cortex_m.dir/fault.c.obj	29a1b9a4c74a0800b6e382459e4fd699d4fe9751b002563660ca7b251d22f0bd
render-image/zephyr-candidate/zephyr/arch/arch/arm/core/cortex_m/CMakeFiles/arch__arm__core__cortex_m.dir/fault_s.S.obj	8e4db03dcd84e3f4873003bc0bc493126a51f91995d710b3bf74bf53ae6f7e71
render-image/zephyr-candidate/zephyr/arch/arch/arm/core/cortex_m/CMakeFiles/arch__arm__core__cortex_m.dir/fpu.c.obj	9faf66e75c8d82668584413b43a6b3b5772ecc3e7d9e4aae06eb8873bd635535
render-image/zephyr-candidate/zephyr/arch/arch/arm/core/cortex_m/CMakeFiles/arch__arm__core__cortex_m.dir/irq_init.c.obj	ad00917d4f534a75b0b140e4fe3a7266f135bd1e9251ca2f7e178420cb2d0035
render-image/zephyr-candidate/zephyr/arch/arch/arm/core/cortex_m/CMakeFiles/arch__arm__core__cortex_m.dir/irq_manage.c.obj	cb9096c0a83c3669c90834abcd939fd9e9bfed17983e0bbb2818bc4dfaabab5c
render-image/zephyr-candidate/zephyr/arch/arch/arm/core/cortex_m/CMakeFiles/arch__arm__core__cortex_m.dir/isr_wrapper.c.obj	525129b9e57b4da871feb6926f8cc86f4b064e412117bc2e4cd1e813b3850207
render-image/zephyr-candidate/zephyr/arch/arch/arm/core/cortex_m/CMakeFiles/arch__arm__core__cortex_m.dir/prep_c.c.obj	40d48aa44f659b67c3319482eb6f0dea58fcc32ccc77d80170d02b8411853452
render-image/zephyr-candidate/zephyr/arch/arch/arm/core/cortex_m/CMakeFiles/arch__arm__core__cortex_m.dir/reset.S.obj	17c50d4f94bf1eef583996f32cf6bfa15ee5c22a7a8da49e83899c864c46c761
render-image/zephyr-candidate/zephyr/arch/arch/arm/core/cortex_m/CMakeFiles/arch__arm__core__cortex_m.dir/scb.c.obj	a5d5b199d4d62879cdcf2aa7df7fbfd2de92b3e53165f829649cfde81ac0014d
render-image/zephyr-candidate/zephyr/arch/arch/arm/core/cortex_m/CMakeFiles/arch__arm__core__cortex_m.dir/swap_helper.S.obj	7bd649aeb2f5339d62b1e5fc438f49ac51c42aa24ee86cc9a31446377feff9dc
render-image/zephyr-candidate/zephyr/arch/arch/arm/core/cortex_m/CMakeFiles/arch__arm__core__cortex_m.dir/thread.c.obj	82b1b717c4cb71602c8dab37ce503ea3c0f5cbace32caf38b957a77cf40fcf27
render-image/zephyr-candidate/zephyr/arch/arch/arm/core/cortex_m/CMakeFiles/arch__arm__core__cortex_m.dir/thread_abort.c.obj	b8cc89d36b95d4a7d43a4ab54116e78fd2de3cac2f903d31a572401cceaff0a7
render-image/zephyr-candidate/zephyr/arch/arch/arm/core/cortex_m/CMakeFiles/arch__arm__core__cortex_m.dir/vector_table.S.obj	fb6de477c10b021a40fb8079d300a09fedf9c43e52153015e3d61972fe8b82db
render-image/zephyr-candidate/zephyr/arch/arch/arm/core/cortex_m/cmake_install.cmake	58902c638fdec50d73103d9dd61374898b5f2ef0460649c44e64e4f6451da803
render-image/zephyr-candidate/zephyr/arch/arch/arm/core/cortex_m/libarch__arm__core__cortex_m.a	d95d44ca2d7da6a6fcb2262c799ccb7e6ff0e3587eeb8bd0e85d654d5ae9e1b5
render-image/zephyr-candidate/zephyr/arch/arch/arm/core/libarch__arm__core.a	4c876bb8a9e10feaa3518485297d58ff9ff222a1711b86d344f4b7f785bd75b2
render-image/zephyr-candidate/zephyr/arch/arch/arm/core/mpu/CMakeFiles/arch__arm__core__mpu.dir/arm_core_mpu.c.obj	62457b6745ccdf13e9fc9a160027c031d9feaa891dc665a1c2a111c978bd18df
render-image/zephyr-candidate/zephyr/arch/arch/arm/core/mpu/CMakeFiles/arch__arm__core__mpu.dir/arm_mpu.c.obj	561d8552c4243679e2c8c0029b10f4916d0d00ca814c6fb8949a7ac266172d3f
render-image/zephyr-candidate/zephyr/arch/arch/arm/core/mpu/CMakeFiles/arch__arm__core__mpu.dir/arm_mpu_regions.c.obj	41874be9c28abab4b4b6851a32a435f57af4705a196e6c02f6d0ba5e9212950f
render-image/zephyr-candidate/zephyr/arch/arch/arm/core/mpu/cmake_install.cmake	defb0e1847cfb9a77a2a9e60faa5f75e1becca2aed7b907306e51656abb3f4d5
render-image/zephyr-candidate/zephyr/arch/arch/arm/core/mpu/libarch__arm__core__mpu.a	b3c85c6db3930ca03b281a0305f2ee6210b61500764fcfa751fcad4f92897682
render-image/zephyr-candidate/zephyr/arch/cmake_install.cmake	991d724c576b51d1fed5ba7af189dc5c948adc6de12719a425ada8015b168f74
render-image/zephyr-candidate/zephyr/arch/common/CMakeFiles/arch__common.dir/init.c.obj	45c8e29265bfc873f030b4335ed3a2acd519078e5c585a641e1e481e4e9c1596
render-image/zephyr-candidate/zephyr/arch/common/CMakeFiles/arch__common.dir/sw_isr_common.c.obj	be68f76de1bb5f99bf095457fe711c46d953b5205e16c578383f038ccc14825d
render-image/zephyr-candidate/zephyr/arch/common/CMakeFiles/arch__common.dir/xip.c.obj	c16faa81e329f67b998a8e08629b4ad5fa4b487ce3a2a5e740743796952a5af9
render-image/zephyr-candidate/zephyr/arch/common/CMakeFiles/isr_tables.dir/isr_tables.c.obj	132cf8fd7199358ed4ffc7de3fa19cf4646166666cbd0e93c6a622046e6943f2
render-image/zephyr-candidate/zephyr/arch/common/cmake_install.cmake	fecb4211fa23c9e58ce8fada341a9ef19a2c3d7df0be2c2293a4ebe5522ca1d0
render-image/zephyr-candidate/zephyr/arch/common/libarch__common.a	9f71aba4452fe00f4a11a44d3545ff4690d3f707b2c90f3d2efe1f6398970c37
render-image/zephyr-candidate/zephyr/arch/common/libisr_tables.a	fefdd6aaa8ec46fb5a5f7d143ccfa4cf1388e707d70e8b9bca4fddf2d70d3372
render-image/zephyr-candidate/zephyr/boards/cmake_install.cmake	49c756621dd2deb0fae6eab04dc968268d57005ddf0af7685af8926f2ca0c78e
render-image/zephyr-candidate/zephyr/boards/nordic/nrf52840dk/cmake_install.cmake	274328fd298e273b52406d1bae8eef1935f74013dc47516717d656fd52c8d134
render-image/zephyr-candidate/zephyr/boards/shields/cmake_install.cmake	c99f1788dc78cffae1711f8a87cdc330891b7a577d0d8a1e4e583824637217ca
render-image/zephyr-candidate/zephyr/cmake/flash/cmake_install.cmake	7752befb525c86d642b97f2aff1569db33c30412d5c4915d456ed63ff87b5330
render-image/zephyr-candidate/zephyr/cmake/reports/cmake_install.cmake	e794bbbe01bd9c2149688f22355877dd6cf13f8dc5795700c4b7e5a2fe84efe3
render-image/zephyr-candidate/zephyr/cmake/usage/cmake_install.cmake	4fd6cfabf04b7117a35943c23417726168f4b810d8fff489f9697fe6f6b40aac
render-image/zephyr-candidate/zephyr/cmake_install.cmake	d487220110d6a7138aa8c21a19b8a8f85e03bc192eee5d85261a72567c896a21
render-image/zephyr-candidate/zephyr/drivers/clock_control/CMakeFiles/drivers__clock_control.dir/clock_control_nrf.c.obj	c7c494476190df9709b42bce67c98212edf4325a9c5e5262f0e06626047d2fb1
render-image/zephyr-candidate/zephyr/drivers/clock_control/cmake_install.cmake	19bc7df4351409358a88738dda68d88723c190877b8b52184ea4a490fcce2f14
render-image/zephyr-candidate/zephyr/drivers/clock_control/libdrivers__clock_control.a	9ae5a7053a277b956665887a0563b2dcc394777a6fcb6334b9079fe30b63045b
render-image/zephyr-candidate/zephyr/drivers/cmake_install.cmake	9dd7fbf6263dec8d08dab3c616fcc7fc6c32e1cc08f7f315e64873161857696f
render-image/zephyr-candidate/zephyr/drivers/console/CMakeFiles/drivers__console.dir/uart_console.c.obj	c344132bf0716c56e1b7a4ac24ba06841bf5809542c5486668bf6ddf0fef5546
render-image/zephyr-candidate/zephyr/drivers/console/cmake_install.cmake	ed2166c9b9ab0cbe1dc65848fb8c6147467fcebd66cc3084f0a6e71f1dc962a7
render-image/zephyr-candidate/zephyr/drivers/console/libdrivers__console.a	c3aaebe567433c3baee210ad39af197e0babe08ad5b36de48fef8dab68847d2b
render-image/zephyr-candidate/zephyr/drivers/disk/cmake_install.cmake	d54a9aeb60ef2bc9ceb008faae561faaa8ec54cfcc330d233f5ebc8990905291
render-image/zephyr-candidate/zephyr/drivers/firmware/cmake_install.cmake	9b1f1042e760cbe37d196e42c8143a66743b7e8f73d24e1fbb997829b5295ea9
render-image/zephyr-candidate/zephyr/drivers/gpio/CMakeFiles/drivers__gpio.dir/gpio_nrfx.c.obj	75a655dc20587c5d3fa6463b19f108b89d1e91aa217d58b470f2d00fbc16ec07
render-image/zephyr-candidate/zephyr/drivers/gpio/cmake_install.cmake	dfae84472458c5d783b415285a94e3eb677b95fd1f0acf02e21421817b5ca6a3
render-image/zephyr-candidate/zephyr/drivers/gpio/libdrivers__gpio.a	d5f95d841da92dbc7ffc0c9325febb469532e07bbfca1933b28b75f3a4716842
render-image/zephyr-candidate/zephyr/drivers/interrupt_controller/cmake_install.cmake	ed57b37976b2b94ad8f1f2bedc2913a02475f3d773cb470d70771b832d532843
render-image/zephyr-candidate/zephyr/drivers/misc/cmake_install.cmake	81f1201ab16b4ef34e6ecbc63fa72a8ad5bc997c815c7faaee7ccefd00228e57
render-image/zephyr-candidate/zephyr/drivers/misc/interconn/cmake_install.cmake	63b5bea2df090086fb0081c4fb4ee8572ea8bf3808cfb680604decfbf2788ba2
render-image/zephyr-candidate/zephyr/drivers/pcie/cmake_install.cmake	061df0cef0617c4655cfc66425924f23bd349dd7e1d995ba4cddb9f36a676261
render-image/zephyr-candidate/zephyr/drivers/pinctrl/CMakeFiles/drivers__pinctrl.dir/common.c.obj	255b0f7cc52db0add272aa1497271a386f502773d83314b8e07610723a74f56d
render-image/zephyr-candidate/zephyr/drivers/pinctrl/CMakeFiles/drivers__pinctrl.dir/pinctrl_nrf.c.obj	5b08b26c4519b05b5fd77e981b71a55e137a41b138b07b599941230186661469
render-image/zephyr-candidate/zephyr/drivers/pinctrl/cmake_install.cmake	d293c301f087391d264ccfc36f401faa9fddc1dd49fbdc9d07650b48b5581eee
render-image/zephyr-candidate/zephyr/drivers/pinctrl/libdrivers__pinctrl.a	d6a6bdb194a15c0c41cd62b1f6b61074d131073ae63854f8a977b2dc02903cab
render-image/zephyr-candidate/zephyr/drivers/pinctrl/renesas/cmake_install.cmake	648a39c0a03ca3dafe03003257171fb51304983ac690b481700f45dbb5ea09fe
render-image/zephyr-candidate/zephyr/drivers/serial/CMakeFiles/drivers__serial.dir/uart_nrfx_uarte.c.obj	9d674c6b1c559d2aaab18fa11cd119b6a4a49505d31716aacec2482229d235da
render-image/zephyr-candidate/zephyr/drivers/serial/cmake_install.cmake	da028089740558e405046e89ca98d696eb79e0adc37100852494abff10582045
render-image/zephyr-candidate/zephyr/drivers/serial/libdrivers__serial.a	3daad70f6473a02775abd55609799fabdca8d58707f8eec8c9175f0ac9262812
render-image/zephyr-candidate/zephyr/drivers/timer/CMakeFiles/drivers__timer.dir/nrf_rtc_timer.c.obj	a8b3f035057a624c1759f6185dcf4ee24d0307660061cff6c109a25b7e5c5632
render-image/zephyr-candidate/zephyr/drivers/timer/CMakeFiles/drivers__timer.dir/sys_clock_init.c.obj	fe86d25c432908ae3596817f58bbb0b907f3260b2603f0841ed1e58c91569408
render-image/zephyr-candidate/zephyr/drivers/timer/cmake_install.cmake	19b70c4ff8fc4ec4bcbea5ede7a948db5deb2e7864cdd9e684ebfcf0297245eb
render-image/zephyr-candidate/zephyr/drivers/timer/libdrivers__timer.a	1dbbc57ac435a23d38d263cd7b39a5112a522719e38f1340fe0909a20b51155e
render-image/zephyr-candidate/zephyr/drivers/usb/cmake_install.cmake	1eb80405929c339b36585b11c754b4e7f0c49bbe2c491b3e28cdbed912b29078
render-image/zephyr-candidate/zephyr/drivers/usb/common/cmake_install.cmake	cb4bfca85fc55a22628386a82e1b1e71887ed75e44dd4e5afda0e99a47264007
render-image/zephyr-candidate/zephyr/drivers/usb/common/nrf_usbd_common/cmake_install.cmake	107eb793a1e847d3dc5e9b058cd4a6d32fc7db14320e569201a5209c12eab66f
render-image/zephyr-candidate/zephyr/drivers/usb_c/cmake_install.cmake	f2d2052c8d5e6d4fdbbfd624e978e420205f02769c911aab09a7fe850940b0d0
render-image/zephyr-candidate/zephyr/edt.pickle	0dde2e2e0b0f1a84ed715b1371576f4fc57283cbf21008d32ffd033cd40eb7ef
render-image/zephyr-candidate/zephyr/edt.pickle.cmake	04b5dfb375d0d3aa6461556cd2ad923ba0cb72d2c74a91482fc31e67165a6b29
render-image/zephyr-candidate/zephyr/edt.pickle.cmake.new	04b5dfb375d0d3aa6461556cd2ad923ba0cb72d2c74a91482fc31e67165a6b29
render-image/zephyr-candidate/zephyr/include/generated/app_data_alignment.ld	d918f67f7a86d870a364a37c38ffb29060524546cabe37ab210030689fb327e4
render-image/zephyr-candidate/zephyr/include/generated/app_smem.ld	56c91adeb585cf35747f27e18cef663c5f82ad88849261d685af72ea93437fb7
render-image/zephyr-candidate/zephyr/include/generated/app_smem_aligned.ld	086a51673605cb0c9c5cf8408256deb683f286db8c2b51c32cb1eb9e2f8d945b
render-image/zephyr-candidate/zephyr/include/generated/app_smem_unaligned.ld	6cd9f396193e5a6da1e142a8ff51f7d37fb8d781291a50b899365d90ae5e28ca
render-image/zephyr-candidate/zephyr/include/generated/device-api-sections.cmake	c3348c034d325ebeb07a6792f7831f9c3f7996fadd2a4550f309439b2ef57b05
render-image/zephyr-candidate/zephyr/include/generated/device-api-sections.ld	69f54516d68a8ba2c2739066225ed8f24a0bb0703b7ab3e4ea743caf80aa2117
render-image/zephyr-candidate/zephyr/include/generated/snippets-data-sections.ld	e3b0c44298fc1c149afbf4c8996fb92427ae41e4649b934ca495991b7852b855
render-image/zephyr-candidate/zephyr/include/generated/snippets-dtcm-section.ld	e3b0c44298fc1c149afbf4c8996fb92427ae41e4649b934ca495991b7852b855
render-image/zephyr-candidate/zephyr/include/generated/snippets-itcm-section.ld	e3b0c44298fc1c149afbf4c8996fb92427ae41e4649b934ca495991b7852b855
render-image/zephyr-candidate/zephyr/include/generated/snippets-nocache-section.ld	e3b0c44298fc1c149afbf4c8996fb92427ae41e4649b934ca495991b7852b855
render-image/zephyr-candidate/zephyr/include/generated/snippets-noinit.ld	e3b0c44298fc1c149afbf4c8996fb92427ae41e4649b934ca495991b7852b855
render-image/zephyr-candidate/zephyr/include/generated/snippets-pinned-data-sections.ld	e3b0c44298fc1c149afbf4c8996fb92427ae41e4649b934ca495991b7852b855
render-image/zephyr-candidate/zephyr/include/generated/snippets-pinned-ram-sections.ld	e3b0c44298fc1c149afbf4c8996fb92427ae41e4649b934ca495991b7852b855
render-image/zephyr-candidate/zephyr/include/generated/snippets-pinned-rodata.ld	e3b0c44298fc1c149afbf4c8996fb92427ae41e4649b934ca495991b7852b855
render-image/zephyr-candidate/zephyr/include/generated/snippets-ram-sections.ld	da2722ade381509b250ed97093f4c285be016e934d676463a5f499b2ed8db908
render-image/zephyr-candidate/zephyr/include/generated/snippets-ramfunc-section.ld	e3b0c44298fc1c149afbf4c8996fb92427ae41e4649b934ca495991b7852b855
render-image/zephyr-candidate/zephyr/include/generated/snippets-rodata.ld	e8f9b0eef6f66f9af5092eadaf40050dc99ce80ef8c428ef4da347525f71e54d
render-image/zephyr-candidate/zephyr/include/generated/snippets-rom-sections.ld	e3b0c44298fc1c149afbf4c8996fb92427ae41e4649b934ca495991b7852b855
render-image/zephyr-candidate/zephyr/include/generated/snippets-rom-start.ld	0d8587ad00b6b1b0cd3e73a133c4a3b361889cea11a58c6104554af844e40c3b
render-image/zephyr-candidate/zephyr/include/generated/snippets-rwdata.ld	e3b0c44298fc1c149afbf4c8996fb92427ae41e4649b934ca495991b7852b855
render-image/zephyr-candidate/zephyr/include/generated/snippets-sections.ld	4ffe1dad72356e18af3474c43aae331fbfa198996904a495f8a0a3b11c21cf63
render-image/zephyr-candidate/zephyr/include/generated/snippets-text-sections.ld	e3b0c44298fc1c149afbf4c8996fb92427ae41e4649b934ca495991b7852b855
render-image/zephyr-candidate/zephyr/include/generated/syscall_list.h	347abcb72e331001b1c758d906be4cf16f9b4900d98930a4f469e9b2e1a0929c
render-image/zephyr-candidate/zephyr/include/generated/zephyr/autoconf.h	17be23b829fb71ea21dbc671acb858f85e398b7ef0b4fb75d31c39b7203a8d85
render-image/zephyr-candidate/zephyr/include/generated/zephyr/devicetree_generated.h	d578999a649588b7448ea33bb2608786f4c51b73d3cb7f415b7d1bb1c89d5722
render-image/zephyr-candidate/zephyr/include/generated/zephyr/driver-validation.h	6f543aedb1aa3177b9d7fb1d58083369920d4e4085c0a0ba20a6e28386fedf8d
render-image/zephyr-candidate/zephyr/include/generated/zephyr/kobj-types-enum.h	10912a4e8b200d9ff995a28ec9102b219c69c4bdacf395a848c026c162a173b6
render-image/zephyr-candidate/zephyr/include/generated/zephyr/offsets.h	c41fc0d0c1fb33f8d4c6ea848c53a5f85ce6c096e4d2d36cd81fd90e4420eec8
render-image/zephyr-candidate/zephyr/include/generated/zephyr/otype-to-size.h	f5b79f8f96ec393b42b010c4105b10ccec217a0da7a554e367be56e043e39c4e
render-image/zephyr-candidate/zephyr/include/generated/zephyr/otype-to-str.h	45c7af55e9e173904a03ba64de3e6f90a9956c625c83baac7db7ddabeba07bae
render-image/zephyr-candidate/zephyr/include/generated/zephyr/syscall_dispatch.c	9045dff6158fbf78a0d2439c208370f32446e4436c84374c6eb6e8082cd3938e
render-image/zephyr-candidate/zephyr/include/generated/zephyr/syscall_exports_llext.c	2d83b3cbd43bb0a4b9ab981373e34c4f14284f0bb6a39d3306a7abae527ecb31
render-image/zephyr-candidate/zephyr/include/generated/zephyr/syscall_list.h	347abcb72e331001b1c758d906be4cf16f9b4900d98930a4f469e9b2e1a0929c
render-image/zephyr-candidate/zephyr/include/generated/zephyr/syscalls/adc.h	9826d89cadf700621f8fe67830f8737e0a10be47b48bb9995435ca5e366db7be
render-image/zephyr-candidate/zephyr/include/generated/zephyr/syscalls/arch.h	bdfa15659cc71eeaef1dd3aeab50675f6cd42567d5df127dfbdc2d2752f12608
render-image/zephyr-candidate/zephyr/include/generated/zephyr/syscalls/atomic_c.h	690bf3a38ff5f3db2a07b7b1d8cafc1574520e024139949a8e0b401c794897fd
render-image/zephyr-candidate/zephyr/include/generated/zephyr/syscalls/auxdisplay.h	733a97e9e8ce609cf33572d6c6569968c540507e9ddf60de8bcbc6c4403f56b0
render-image/zephyr-candidate/zephyr/include/generated/zephyr/syscalls/bbram.h	d3f2359dcdfd777c752afee87e2fccee1103e97d0dfdd931b0e47d284472f466
render-image/zephyr-candidate/zephyr/include/generated/zephyr/syscalls/cache.h	9595ae4505a410ba66bc8b35b82d8125d49afca8ca5770151136a5df8f273483
render-image/zephyr-candidate/zephyr/include/generated/zephyr/syscalls/can.h	e597b61cdf7cff2ec02fbe96528da1ae99eebfa31145b007d7edb4b35a5c6443
render-image/zephyr-candidate/zephyr/include/generated/zephyr/syscalls/charger.h	6c5aa9a321295dc90f10b61c5da10d05ef06da64a5e469b8c706c980ab544bdc
render-image/zephyr-candidate/zephyr/include/generated/zephyr/syscalls/clock.h	d93994fa48615f6410a0abe98035706cd540a41be3d249d5a9bc5ab3def8e80d
render-image/zephyr-candidate/zephyr/include/generated/zephyr/syscalls/comparator.h	f173d054b32be07978caae81b12c30255db4e5623e45e742ea7ed9feb6195aca
render-image/zephyr-candidate/zephyr/include/generated/zephyr/syscalls/counter.h	3cbfaba8a9d57edaad03e942c9a035a6461dfab37932fb08e4530e65fd3ee40e
render-image/zephyr-candidate/zephyr/include/generated/zephyr/syscalls/crc.h	e91e0c8c220ee7d4e49d1507fe61c5dc8f72806d64db30ca61582bb3ec3d0df4
render-image/zephyr-candidate/zephyr/include/generated/zephyr/syscalls/dac.h	93cb285c343c886a49e9bba4a6851091183b724b0703e01d4bed0e24cdb0c1d3
render-image/zephyr-candidate/zephyr/include/generated/zephyr/syscalls/demand_paging.h	8b59746ea33a5970839886a673554dec989e8d39fcda583a8477fc4155e90d79
render-image/zephyr-candidate/zephyr/include/generated/zephyr/syscalls/device.h	3d4e26c69424baf08feeb4b61edd366e2c07d40077e798afd285bd5bb2eaa3b3
render-image/zephyr-candidate/zephyr/include/generated/zephyr/syscalls/devmux.h	283ae85bb2f8552256627c80d7489debf791ecd9f787753400786d7145da75f2
render-image/zephyr-candidate/zephyr/include/generated/zephyr/syscalls/eeprom.h	0fdb93b75245294dcdb38cc6f5362dde6042ab7904b7f3182aa59fba6b6a6e3e
render-image/zephyr-candidate/zephyr/include/generated/zephyr/syscalls/emul_fuel_gauge.h	fe1721d7367cf180e7803ce5d881ebb396acf7499048296395784e2d584fff33
render-image/zephyr-candidate/zephyr/include/generated/zephyr/syscalls/entropy.h	0df4b2c08742946f1810a658993a2926eea1761582d24beee83f10e0290f728e
render-image/zephyr-candidate/zephyr/include/generated/zephyr/syscalls/errno_private.h	89a30215206556099585f61b21e7a53291381289606fc969e0c547ebe6f50caf
render-image/zephyr-candidate/zephyr/include/generated/zephyr/syscalls/error.h	bf0a1c156b83bd8b9de42494e2432cd86b9b1050b05544d1615ac9a2413c526a
render-image/zephyr-candidate/zephyr/include/generated/zephyr/syscalls/espi.h	cdaf872ad74f3f755c4e281e767707013a01b8cf86008eebf72e8e91d39ddc54
render-image/zephyr-candidate/zephyr/include/generated/zephyr/syscalls/espi_saf.h	98526d591115988026a44a3415e9c06f1016c3ac929288239fc17e98062aba2a
render-image/zephyr-candidate/zephyr/include/generated/zephyr/syscalls/ethernet.h	f2d4ace37815df3d64bf299b6da990f9ebedae608665821e7f2952e5988f1080
render-image/zephyr-candidate/zephyr/include/generated/zephyr/syscalls/fdtable.h	3001410733d5533ca463be4ab3177ee7ce8cd6994e94801c24e7eaa7ea477795
render-image/zephyr-candidate/zephyr/include/generated/zephyr/syscalls/flash.h	140edaf7a7b8c6ffeceaf0edc6300b76c6510cc34cbddf016bfc147022c7ada9
render-image/zephyr-candidate/zephyr/include/generated/zephyr/syscalls/flash_simulator.h	6909b135d051fd8c02871a4474bc7daebe4bf452e8a42c818535ea349b8d5f5d
render-image/zephyr-candidate/zephyr/include/generated/zephyr/syscalls/fuel_gauge.h	1864bd85bd821fe175463d21084e5e1673c1a3a386b142c9568b9101d95ddad6
render-image/zephyr-candidate/zephyr/include/generated/zephyr/syscalls/gnss.h	0b400ab70cc1ecfe408c6e44f58b62fc7fe30b5d8dd6dcf0bcff5732cfe26b8e
render-image/zephyr-candidate/zephyr/include/generated/zephyr/syscalls/gpio.h	6cd7d45375e80f61680c35b8cbd67b23f6abfa95558a0f557e655598dc2fd902
render-image/zephyr-candidate/zephyr/include/generated/zephyr/syscalls/haptics.h	4f6882307e67761c5f7df29cc2995791816fecccfa185360c92054e32a5abb14
render-image/zephyr-candidate/zephyr/include/generated/zephyr/syscalls/hwinfo.h	1aa569458b7088204f9111acefa9b35642d75c0dbdc4cc150f1272cccdc48ddd
render-image/zephyr-candidate/zephyr/include/generated/zephyr/syscalls/i2c.h	749db7a3e3a0dfa88374149b68d0e8007008c9754acadfd817ce33227f07ad9e
render-image/zephyr-candidate/zephyr/include/generated/zephyr/syscalls/i2s.h	45895c2222fd8bf1f8543da0880eb5f7357f8910cf0e85656857d8d9fee58a29
render-image/zephyr-candidate/zephyr/include/generated/zephyr/syscalls/i3c.h	60ffcae4a7e6a9487db3c414a98e4bac5e068616af837015906ee94713370eb3
render-image/zephyr-candidate/zephyr/include/generated/zephyr/syscalls/input_renesas_ra_ctsu.h	c95257f75149596ca1f11bbecfc4aa70c825d2edb13028997738b97f08a941e8
render-image/zephyr-candidate/zephyr/include/generated/zephyr/syscalls/input_renesas_rx_ctsu.h	b0ce9cfd4159bd557dd17c732299fdfd4a729466eef0461edfdb214a2d5d551b
render-image/zephyr-candidate/zephyr/include/generated/zephyr/syscalls/ipm.h	deb46e15b3108dbb8632e77ae861dfcce53de7ca567dd38985418710e6d0a82d
render-image/zephyr-candidate/zephyr/include/generated/zephyr/syscalls/ivshmem.h	7ee1adc34e724ed6bb42ec6aaf7d69f3d72ca2e198081a71dc2234244e94e6bc
render-image/zephyr-candidate/zephyr/include/generated/zephyr/syscalls/kernel.h	bd4c8bffdbdc262db640e441e43a95c495f0537dedc0de363b7f32cad34281d4
render-image/zephyr-candidate/zephyr/include/generated/zephyr/syscalls/kobject.h	e77ac77f11d48facdc66ee9aa5aeae0f92311aa4a28cc0bea2132a556f49e121
render-image/zephyr-candidate/zephyr/include/generated/zephyr/syscalls/led.h	26415e779f0daf82ac0f3f3a024dd69416bb9374c81e931c2f319295cb4cf88a
render-image/zephyr-candidate/zephyr/include/generated/zephyr/syscalls/libc-hooks.h	dbcdb12e3bd27c12a5b730b9037afe9ba6b5921482b27380e211747a5fdf3485
render-image/zephyr-candidate/zephyr/include/generated/zephyr/syscalls/llext.h	77abff04348e7c75bcca1fb74db42bd7108fff3c0bbe21907a50cd26e9df90ac
render-image/zephyr-candidate/zephyr/include/generated/zephyr/syscalls/log_ctrl.h	70603c6bc9b7442ca9cfe82a0fe3b96d0c32694d67f1b47dfa701a67c9b49739
render-image/zephyr-candidate/zephyr/include/generated/zephyr/syscalls/log_msg.h	c984a4da2d0e985d1bc585b9bdadf880f20b6c4f8745617eea6fd50dcd06509c
render-image/zephyr-candidate/zephyr/include/generated/zephyr/syscalls/maxim_ds3231.h	7ad16ea2d8f38e3f6c7c14fb86ccaab2881a69cd38ac137afaad3a4313009a31
render-image/zephyr-candidate/zephyr/include/generated/zephyr/syscalls/mbox.h	579e7240b2760f6b275bde67d6d9ae5980351ddfc54a3c82164bc86e4ac79a09
render-image/zephyr-candidate/zephyr/include/generated/zephyr/syscalls/mdio.h	ed61c2ab4e32821c65dc296fd1feb8c525e97e0d03482e7f9d3d1aee2b395924
render-image/zephyr-candidate/zephyr/include/generated/zephyr/syscalls/mspi.h	7ce9dcdd5453e23e13ea9bc315a7e273e955350b8889bedb95d87049cd076dfa
render-image/zephyr-candidate/zephyr/include/generated/zephyr/syscalls/mutex.h	d549a190df71da2b70661ee8c3ac9cfb0a9bfe7a22ef5c208be6e03cb0299e23
render-image/zephyr-candidate/zephyr/include/generated/zephyr/syscalls/net_if.h	02f2ced6cebaa2698f5569dd351593b9aeca0b40adf3fea0b2a7002a66470b08
render-image/zephyr-candidate/zephyr/include/generated/zephyr/syscalls/net_ip.h	712e7d878c6e770c01656daa8ae047d00ddf55e5f024f9175f7561e93a5e04e6
render-image/zephyr-candidate/zephyr/include/generated/zephyr/syscalls/nrf_qspi_nor.h	5779c41d175d7f8bc7d00134e99a68a4a2a05f777044881e04d5ba30f74edbe5
render-image/zephyr-candidate/zephyr/include/generated/zephyr/syscalls/opamp.h	9da088b9cf8fb143e0d51ca2cdeb95d85aef71e6bd9cc23efacfd7eee762a5e4
render-image/zephyr-candidate/zephyr/include/generated/zephyr/syscalls/peci.h	151415ddcf37ceddcb6541925798cf0eea8f31b04ea642566e20257c0b24d13b
render-image/zephyr-candidate/zephyr/include/generated/zephyr/syscalls/ps2.h	f7e5bd30f00902aa72cad2f6cfd341c2d8074a50805f7065ddd699a2398756ea
render-image/zephyr-candidate/zephyr/include/generated/zephyr/syscalls/psi5.h	1b46cfc34b500e5a87c27042f9a668332d83562eca26a4efde49f589577ed30e
render-image/zephyr-candidate/zephyr/include/generated/zephyr/syscalls/ptp_clock.h	f960f9018255ca61d93f95a7981e02e76dda14273c793043ce3c7989ee9aea09
render-image/zephyr-candidate/zephyr/include/generated/zephyr/syscalls/pwm.h	1b0f9a20a506c33be9cca2548e1eaa530029eab79f730a656e0e6c41838120bd
render-image/zephyr-candidate/zephyr/include/generated/zephyr/syscalls/random.h	ba5365c0d793d4e914f48e034dd459063031da327b3fc18bed6001b888a79bd5
render-image/zephyr-candidate/zephyr/include/generated/zephyr/syscalls/renesas_elc.h	a3bb082cec9e4426d578da862ccef63428d51a37b40ddd3b10c04241d0bfdcbd
render-image/zephyr-candidate/zephyr/include/generated/zephyr/syscalls/reset.h	d6eab4dee9a56d8c6608f8229e086152c6015d592487d16c661d54e0bd337377
render-image/zephyr-candidate/zephyr/include/generated/zephyr/syscalls/retained_mem.h	7d8df8be2525c952e2ad56440a300b38bfc43f31b5c0cac7d39ebd6c8479bf28
render-image/zephyr-candidate/zephyr/include/generated/zephyr/syscalls/rtc.h	143a6aa0d9907c2568a25ba70dc932ebe02042262f1aa95947e97443ca87a015
render-image/zephyr-candidate/zephyr/include/generated/zephyr/syscalls/rtio.h	f383056f2da335464f0e3497c3bb7f27135c7c4bdf0835cf0adab6046e8c26d9
render-image/zephyr-candidate/zephyr/include/generated/zephyr/syscalls/sdhc.h	64f12879aa0fb9e32d82059d08e116ee1fad8c8a11e0f93b5154a0a8357bdf4b
render-image/zephyr-candidate/zephyr/include/generated/zephyr/syscalls/sensor.h	c49ed2753c9d2924a16dcbedb1dcc884a6dfb543118dcf3886e1e5d77399194b
render-image/zephyr-candidate/zephyr/include/generated/zephyr/syscalls/sent.h	bf45ac4e6e4f1004ab3ca45d41993a0c949a6af6f62750812935bba3b910adf1
render-image/zephyr-candidate/zephyr/include/generated/zephyr/syscalls/sip_svc_driver.h	b079f272b9a0de110efcfe647aee704fa7b91811e7ca92f995153dff11b77f10
render-image/zephyr-candidate/zephyr/include/generated/zephyr/syscalls/smbus.h	693c9e52f9556b7b31f2b69027135c9c75480c6ecdd79e279893d1fa91a62dad
render-image/zephyr-candidate/zephyr/include/generated/zephyr/syscalls/socket.h	04f656e2c2a924fede7f3fdd3e8fd22b3d22a0f354e8da91c0ad8a46687ceba4
render-image/zephyr-candidate/zephyr/include/generated/zephyr/syscalls/socket_service.h	8e649e781d62e23317f3fd07ff990b5e00b7001ffacd509b950654e3a5a48d1c
render-image/zephyr-candidate/zephyr/include/generated/zephyr/syscalls/spi.h	5592670618eadb1cdf89178a32d13ae25a0c6c26af3716927b78d010b16cbfa9
render-image/zephyr-candidate/zephyr/include/generated/zephyr/syscalls/stepper.h	3cba5245cc69ea5ab91a994a0b79a4e7d72f5fb03d7c939ab573ec3a9611a4aa
render-image/zephyr-candidate/zephyr/include/generated/zephyr/syscalls/syscon.h	d3acfa810927e22d156c5db55cf8add60cfb8c9a0882dcb6b0eda75f3f7b4a0b
render-image/zephyr-candidate/zephyr/include/generated/zephyr/syscalls/tee.h	4529a75ff6853a66203775bdad7ac340cc3290873116a741287775617d67bb05
render-image/zephyr-candidate/zephyr/include/generated/zephyr/syscalls/time_units.h	b0418c9339b2e13b0ad006bb70833328dfdc3bb44aa381e0507a9447265c710c
render-image/zephyr-candidate/zephyr/include/generated/zephyr/syscalls/timeaware_gpio.h	2f7acaf08246e15fc417e2d50644aff187ce188b5fa7e6ee61b623a838d2d9a9
render-image/zephyr-candidate/zephyr/include/generated/zephyr/syscalls/uart.h	8917e9922ed5255152630ad632346cf46d808ed8f61083d71c828b7c7f13fb19
render-image/zephyr-candidate/zephyr/include/generated/zephyr/syscalls/updatehub.h	dbb43b3b5c64b5a34445c82e4b644af6e653c256a57b040470e3e76ad3f79e33
render-image/zephyr-candidate/zephyr/include/generated/zephyr/syscalls/usb_bc12.h	5f57307cb5461cccb0f83a4f41a7cf2d1a52340a5f7bd9b004d76265ee32370a
render-image/zephyr-candidate/zephyr/include/generated/zephyr/syscalls/w1.h	d1619893aff1838fb6ec50f554fe95bc5a0b39f8292d395b98a8d52be540dc79
render-image/zephyr-candidate/zephyr/include/generated/zephyr/syscalls/watchdog.h	8b92be702693388147db10b734417886e5f0249a12fd7fcf30694ee268bdcfdc
render-image/zephyr-candidate/zephyr/include/generated/zephyr/version.h	253d4b4769374e72a307902a3d743d22a02d5404b57bfbb5daf11c3050ddc04d
render-image/zephyr-candidate/zephyr/isr_tables.c	9807642cc15b5f6133091fc5a1abacc7d3ea3c145994f4fc3723f8be78175818
render-image/zephyr-candidate/zephyr/isr_tables_swi.ld	b8615c04f6ef48661afaaa61894cb0d2cdf0fe14ca0cfe1a338e72cd589d0320
render-image/zephyr-candidate/zephyr/isr_tables_vt.ld	b8615c04f6ef48661afaaa61894cb0d2cdf0fe14ca0cfe1a338e72cd589d0320
render-image/zephyr-candidate/zephyr/kconfig/sources.txt	8eea5e3106dc2b97b6b68ef4187fae0f6582bcbe5801cb776fa8c06495b4c520
render-image/zephyr-candidate/zephyr/kernel/CMakeFiles/kernel.dir/banner.c.obj	195ced5362c96cd861a75cb5a7747a1d66975614cb36a048e1ef49e9b3fdf26a
render-image/zephyr-candidate/zephyr/kernel/CMakeFiles/kernel.dir/busy_wait.c.obj	69eaa63d6bf47c30926e19c5cdca1e00329f48440a402b0cee1fb4b281625f36
render-image/zephyr-candidate/zephyr/kernel/CMakeFiles/kernel.dir/condvar.c.obj	30a3fecc29ce2b425d207c85ea77c05f15459cf5aefec1e2c551081d97596062
render-image/zephyr-candidate/zephyr/kernel/CMakeFiles/kernel.dir/device.c.obj	9e6b46b1058b05e36367d304e2fc37a9d69972c75f55d3a0630bd5eee248f1c7
render-image/zephyr-candidate/zephyr/kernel/CMakeFiles/kernel.dir/dynamic_disabled.c.obj	e31d6adf66c21477250e09690e77c9aac2d4721aa46c2e8a6066fd15e0640b03
render-image/zephyr-candidate/zephyr/kernel/CMakeFiles/kernel.dir/errno.c.obj	3c05b7958dd5be41f3dc13f9d0d056aec4a25da2028c6e97124faadf14cfb0be
render-image/zephyr-candidate/zephyr/kernel/CMakeFiles/kernel.dir/fatal.c.obj	b0057ae25be6f3c1a8dddeba354c1e73906ac78ca1c0586e542a19d9e26c0ae1
render-image/zephyr-candidate/zephyr/kernel/CMakeFiles/kernel.dir/float.c.obj	7c2aeaca7eec433b2dbf270535e6b63441627e55a83d793e87fcf2b4aa0c323f
render-image/zephyr-candidate/zephyr/kernel/CMakeFiles/kernel.dir/idle.c.obj	0fea64e2658ecd9d891bd77aab552e7ff30c844ffb09039d929e6d3a7b56e5ef
render-image/zephyr-candidate/zephyr/kernel/CMakeFiles/kernel.dir/init.c.obj	46d53c2891c485ff297634fe07b52f4a228d0745d3a7b704f37a852c0257aef2
render-image/zephyr-candidate/zephyr/kernel/CMakeFiles/kernel.dir/kheap.c.obj	9c48db50fd72e49a64fb36b2f4e04caad54c9c2ef709ee66e35a605cfdd8c017
render-image/zephyr-candidate/zephyr/kernel/CMakeFiles/kernel.dir/mailbox.c.obj	de9c9bbb45029621e8c6d579f9258e2ce1025ba10aafd80b37ea7c8748377c44
render-image/zephyr-candidate/zephyr/kernel/CMakeFiles/kernel.dir/main_weak.c.obj	ef759cd759f1e21a4477ba36c9e0a4b6f883623d5cacd6de16d6b8128c8e14a1
render-image/zephyr-candidate/zephyr/kernel/CMakeFiles/kernel.dir/mem_slab.c.obj	30f77489ff7150fc02fbcab6db7745ebf7a07c1a18edf38bf6dfbec6fe2f80fe
render-image/zephyr-candidate/zephyr/kernel/CMakeFiles/kernel.dir/mempool.c.obj	6e7e575e3b42a3c7fea45ac75df9f702665e9d4571cfca4e69d121c04600975f
render-image/zephyr-candidate/zephyr/kernel/CMakeFiles/kernel.dir/msg_q.c.obj	a64f4a51b4c4cb3af6bacafb4d088b11146b37ea92de76aa5fb0debfe8f2dcc5
render-image/zephyr-candidate/zephyr/kernel/CMakeFiles/kernel.dir/mutex.c.obj	e42cfa0d6cf9271348a3f1559b82d12f84cd072f582c6d8dce67026d825d5d4b
render-image/zephyr-candidate/zephyr/kernel/CMakeFiles/kernel.dir/pipe.c.obj	c9a02e7cc5f58bf205bfe27bf797231f0534149190ede2f729ba5994a2c44c60
render-image/zephyr-candidate/zephyr/kernel/CMakeFiles/kernel.dir/queue.c.obj	1a5deb2736ff1381136f66a0bbe5d71edf159a3488159df25c41d5dbaccdb193
render-image/zephyr-candidate/zephyr/kernel/CMakeFiles/kernel.dir/sched.c.obj	e8d51cc823306c90d03635c640498f5b290d16fd93c5c893636c5e306bee91f2
render-image/zephyr-candidate/zephyr/kernel/CMakeFiles/kernel.dir/sem.c.obj	de8b8b365b72d1f036154089985d4b7a4921b234623ae8686dc46006bf5dfbce
render-image/zephyr-candidate/zephyr/kernel/CMakeFiles/kernel.dir/stack.c.obj	90e819d185bef92a1777796362a4e99229ecdfd8f24d1d6b8b7d1929d54566fa
render-image/zephyr-candidate/zephyr/kernel/CMakeFiles/kernel.dir/system_work_q.c.obj	7793d5fb12db37091d0e6a13ea8f279b507a94036ee2bb6f9f1ff46c392eb0ba
render-image/zephyr-candidate/zephyr/kernel/CMakeFiles/kernel.dir/thread.c.obj	1fb696a7c9c8d7dfd6fc69c8415612ce49b51fba69c0345fac5ba3f9750fb48e
render-image/zephyr-candidate/zephyr/kernel/CMakeFiles/kernel.dir/timeout.c.obj	39a0f8ab151c08fdaae588417fbf7df6be9f7a396e492763d126b77632883c88
render-image/zephyr-candidate/zephyr/kernel/CMakeFiles/kernel.dir/timer.c.obj	f57bab094a6a30e5157ab85f1bdefbb8286f4b44665cd8ce3a4d8c95985fd718
render-image/zephyr-candidate/zephyr/kernel/CMakeFiles/kernel.dir/timeslicing.c.obj	884008cad0fc82f1db654ea13bc49d52c77b4913a44112859e13a855ef3b239c
render-image/zephyr-candidate/zephyr/kernel/CMakeFiles/kernel.dir/version.c.obj	43abe66a035a52de0ff9a4a14efae98c0b84d5d3b09a5a809375024ed36f1e59
render-image/zephyr-candidate/zephyr/kernel/CMakeFiles/kernel.dir/work.c.obj	2d5867b14da04da4eff300928be215dff173b806866fcb4c4129860dbfb45504
render-image/zephyr-candidate/zephyr/kernel/cmake_install.cmake	c14ca9e4baf1e60d5d740f6643ce7159e4d85066a1da724bc75fffdfac7505e2
render-image/zephyr-candidate/zephyr/kernel/libkernel.a	224982b5f079a3e07fbe7e30ba116648db57659c73d625800c181c64bff85cf6
render-image/zephyr-candidate/zephyr/lib/cmake_install.cmake	1b5edf80e886d71ed63e196db013d70d37b58c80fb67f92caccc94dae55229b2
render-image/zephyr-candidate/zephyr/lib/hash/cmake_install.cmake	8ca6bbb91c7a566f9e7fa927bee4e6035d741044a413007d5beaf2886f87d5cc
render-image/zephyr-candidate/zephyr/lib/heap/cmake_install.cmake	b6483dd0d8722fda21dfc53675cb542cece108c2c646aebd9367c1c1d004288a
render-image/zephyr-candidate/zephyr/lib/libc/cmake_install.cmake	93427a3602ea942d79ec792a9553912ad93009bcf408d34a49fb00e0b467c271
render-image/zephyr-candidate/zephyr/lib/libc/common/CMakeFiles/lib__libc__common.dir/source/stdlib/abort.c.obj	b890d61ac746f8b8a27d5ebe136de8a392626d5fca211dc1ed6f13a1a3ba8318
render-image/zephyr-candidate/zephyr/lib/libc/common/CMakeFiles/lib__libc__common.dir/source/stdlib/malloc.c.obj	de3ff9e5ac575f165872a4c29a895027d0bd12b8fc9c31c4de14e93d39c01d58
render-image/zephyr-candidate/zephyr/lib/libc/common/CMakeFiles/lib__libc__common.dir/source/time/time.c.obj	f1aeb55f3683dc1adc7bd76987eacbb8a224e3492f2e8ae0eb7ebc339bfc580a
render-image/zephyr-candidate/zephyr/lib/libc/common/cmake_install.cmake	60bd21782bcb31af1a6342d1ac96126d90971b0866942ad17b98f5525be0b511
render-image/zephyr-candidate/zephyr/lib/libc/common/liblib__libc__common.a	d79f6b78545952e4940a24d33af043a9858251a1f0bb6b80524a4cde2b65213a
render-image/zephyr-candidate/zephyr/lib/libc/picolibc/CMakeFiles/lib__libc__picolibc.dir/assert.c.obj	e6c9280e6331b31ba23fdbcd731fd85a124a45c9601828cc3ad15fe788f401e6
render-image/zephyr-candidate/zephyr/lib/libc/picolibc/CMakeFiles/lib__libc__picolibc.dir/cbprintf.c.obj	4b84968674a1681034c27841f36fc628e341c79197950e17ed616d4513edab2b
render-image/zephyr-candidate/zephyr/lib/libc/picolibc/CMakeFiles/lib__libc__picolibc.dir/chk_fail.c.obj	ae58ac596642f08664cc6d0f728e4f5ecfd03f11971f0a8c0afb528c37487177
render-image/zephyr-candidate/zephyr/lib/libc/picolibc/CMakeFiles/lib__libc__picolibc.dir/errno_wrap.c.obj	fe64ab47fe3e0428c7769cc1eca6c79c9198c6b4e26970c8aa1a03334ae33cce
render-image/zephyr-candidate/zephyr/lib/libc/picolibc/CMakeFiles/lib__libc__picolibc.dir/exit.c.obj	e7be9c55efb1925f1a0063e40cda874e26c1a3c9c67d712b1e9703953abbf718
render-image/zephyr-candidate/zephyr/lib/libc/picolibc/CMakeFiles/lib__libc__picolibc.dir/locks.c.obj	ad65c9ae660f77e7120080b69987fa4f11916bb62de47fbff7955408ab85b37a
render-image/zephyr-candidate/zephyr/lib/libc/picolibc/CMakeFiles/lib__libc__picolibc.dir/stdio.c.obj	77d06bf1117af7299a0ee19cdc3374fa5a31758bffbaf4fa686836e43e20c15b
render-image/zephyr-candidate/zephyr/lib/libc/picolibc/cmake_install.cmake	2f70f8a6fc1410e7602c5ba85ee6f30117f0f80fdb2666482c0d9f9e6b15a98c
render-image/zephyr-candidate/zephyr/lib/libc/picolibc/liblib__libc__picolibc.a	e51dea0c3f82687846c578c00a10c21dfa2a7063bd645578253ce65b34435893
render-image/zephyr-candidate/zephyr/lib/mem_blocks/cmake_install.cmake	eef47b41dfd6b2ffc71d22f947692d099212e1ba47d69dee732384650ed31f4d
render-image/zephyr-candidate/zephyr/lib/midi2/cmake_install.cmake	067904c85241368ee8a55562d8b70acb323394a2bd6c085c53da959960dfec90
render-image/zephyr-candidate/zephyr/lib/os/cmake_install.cmake	d102b4ec77dc5efced0517677afb69e889899a96005c048e198a238cfe0dc860
render-image/zephyr-candidate/zephyr/lib/posix/c_lang_support_r/cmake_install.cmake	330655e99ee27cb4ec87da5576b21034509c875a61be85e1a5dbb8aaa06b6944
render-image/zephyr-candidate/zephyr/lib/posix/c_lib_ext/CMakeFiles/lib__posix__c_lib_ext.dir/fnmatch.c.obj	1564d5c3430744f43261bab16fddf87e191ec800709d5985ef139a98518108d6
render-image/zephyr-candidate/zephyr/lib/posix/c_lib_ext/CMakeFiles/lib__posix__c_lib_ext.dir/getentropy.c.obj	5a9445b8f586014a0de05e2baf4e250c1dfcbb258fc5914ee31a6a875acadc2a
render-image/zephyr-candidate/zephyr/lib/posix/c_lib_ext/CMakeFiles/lib__posix__c_lib_ext.dir/getopt/getopt.c.obj	34134d8a1b06a7cfec9bd24cda599b185806ec86f20776cafdf6288ee0472c8c
render-image/zephyr-candidate/zephyr/lib/posix/c_lib_ext/CMakeFiles/lib__posix__c_lib_ext.dir/getopt/getopt_common.c.obj	fda74370093338a518b67cd422e1a7162b710f7a762662ec100a07981252735c
render-image/zephyr-candidate/zephyr/lib/posix/c_lib_ext/cmake_install.cmake	f7a54eccef2b754c7bc8dc1eb3644cddb1f0ce86516c2f0bee23e913210a5ce4
render-image/zephyr-candidate/zephyr/lib/posix/c_lib_ext/liblib__posix__c_lib_ext.a	2be0ac3a16e8b74333dbfda41a98b4567c8d68099e46e1ff78016ebefe66a751
render-image/zephyr-candidate/zephyr/lib/posix/cmake_install.cmake	1c9d115a36a6d77307f685e59bac8c75c063e818cba55a91fac9364b4afd64f3
render-image/zephyr-candidate/zephyr/lib/utils/cmake_install.cmake	8ca52ff3972f46f0aeebb1d55d2a43e3e0b3860186f6a9f88b7b7e75c6980539
render-image/zephyr-candidate/zephyr/lib/uuid/cmake_install.cmake	f0cf360860cef6cebbceca92d88664e4451ac341f423b7965faa382f363c9eb1
render-image/zephyr-candidate/zephyr/libzephyr.a	109d9102c88e585f59a38984f2b5b6c41a5228a5454768a67897e770992335ca
render-image/zephyr-candidate/zephyr/linker.cmd	57225cd7e34a4e024706bcdb619ce91734334bbe98b9ec3307e4d9930bd39400
render-image/zephyr-candidate/zephyr/linker.cmd.dep	01a4ebadcbe474bb31208c65b14ed770742274be60f2a0a6e47990cde60bb84a
render-image/zephyr-candidate/zephyr/linker_zephyr_pre0.cmd	20fada1c15f6decb22d94c1587634b08d7a280247f8c93f018fa6efbb2e999e1
render-image/zephyr-candidate/zephyr/linker_zephyr_pre0.cmd.dep	43abad0db36baf828d8fbfa81ce0bd4a766c31174242ad0e9db06581505f000b
render-image/zephyr-candidate/zephyr/misc/generated/configs.c	eb7b3c016de48e1a013e4ceb593d146921ae74eb603f2bfab3ae5018b2f41bd8
render-image/zephyr-candidate/zephyr/misc/generated/struct_tags.json	be1955497c3430f67eef51bf8a83c6d2febcdcf4898e4838fc18d0660046470c
render-image/zephyr-candidate/zephyr/misc/generated/syscalls.json	924d1bced514cf5704881ba1a7d51a3dae003eb2e37a91eccfd4c1e56818d4bf
render-image/zephyr-candidate/zephyr/misc/generated/syscalls_file_list.txt	622347c5d668b9753c1c1c70affa958e45793e51e91f0405814c0e9de249af03
render-image/zephyr-candidate/zephyr/misc/generated/syscalls_subdirs.trigger	e3b0c44298fc1c149afbf4c8996fb92427ae41e4649b934ca495991b7852b855
render-image/zephyr-candidate/zephyr/misc/generated/syscalls_subdirs.txt	6c869afc3d1d6ef2303b1a8c6e541d2eb698704c175ec9f44baa2f77bb18d600
render-image/zephyr-candidate/zephyr/runners.yaml	c9b0d084ae7ea4a43027b51e2ed0f0fa810794ff46d8d908d7e62d1054758aad
render-image/zephyr-candidate/zephyr/snippets_generated.cmake	831e032c1e9bd0b77d6ea7198843ba55f06beba8275bf860b9ffb047451684a3
render-image/zephyr-candidate/zephyr/soc/cmake_install.cmake	fb24af9f2fcb844946881f8efc3ae7502c650db895a0e6d146b1222cc5eec28e
render-image/zephyr-candidate/zephyr/soc/common/cmake_install.cmake	5c188086ed0bec2e09022bb93deddb977b002d1d880af45d8a74fcdf9227440e
render-image/zephyr-candidate/zephyr/soc/soc/nrf52840/CMakeFiles/soc__nordic.dir/common/reboot.c.obj	260bf555aac552cef694a18dbf2435fe87c7cf55a8a8f456295631c48c745023
render-image/zephyr-candidate/zephyr/soc/soc/nrf52840/CMakeFiles/soc__nordic.dir/nrf52/soc.c.obj	8ccc10a2054c079b6706683cb7d533b286ac849e3c2c2608bbda0a8ec4ae55b6
render-image/zephyr-candidate/zephyr/soc/soc/nrf52840/CMakeFiles/soc__nordic.dir/validate_base_addresses.c.obj	6a7412f528ff5e1d7d85c3c4263aec95de1be8c137cc53bc02618fa3942510a7
render-image/zephyr-candidate/zephyr/soc/soc/nrf52840/CMakeFiles/soc__nordic.dir/validate_binding_headers.c.obj	3d855cfaa9a70471b77e8de17b9967ddc493e266154ae7720af85ae9e329daf7
render-image/zephyr-candidate/zephyr/soc/soc/nrf52840/CMakeFiles/soc__nordic.dir/validate_enabled_instances.c.obj	52d6ecdaa2ddeea5f098b9aa0422cb8e3dd8c18190b4a82b05c43f49de24dd83
render-image/zephyr-candidate/zephyr/soc/soc/nrf52840/cmake_install.cmake	43c229bc85c5825e10ad8730199d84a87fed8c096887ed3ff63f78119294be44
render-image/zephyr-candidate/zephyr/soc/soc/nrf52840/common/cmake_install.cmake	9a6df2f58eb559dfe198ddc89d05f1099a4857a802b222a0da5d79f06443ef98
render-image/zephyr-candidate/zephyr/soc/soc/nrf52840/common/uicr/cmake_install.cmake	66043a971ce1f5e199ae0b393ff6960ce96790aea59a28b4c350199afeec8082
render-image/zephyr-candidate/zephyr/soc/soc/nrf52840/libsoc__nordic.a	78cf958537e86264b0a67b63cc950a20b84c30c2df3c5728bc0c515f338ac7aa
render-image/zephyr-candidate/zephyr/soc/soc/nrf52840/nrf52/cmake_install.cmake	8e7d9e02749832bb61633b8dad78abdb6b53ca8ca343cb5ad63f9af332d5cddf
render-image/zephyr-candidate/zephyr/subsys/canbus/cmake_install.cmake	5961ae117b352fcb94b4f632ffa115af0df4120c9a2f9a8bdbc77d649b3e43e1
render-image/zephyr-candidate/zephyr/subsys/cmake_install.cmake	ebf78d1150a41864492960bca37d4ea3f018fcd6fd3db92be7a70f223b700fb5
render-image/zephyr-candidate/zephyr/subsys/debug/cmake_install.cmake	3cf346c0ab03002613518edeeb746915dde4b2f6ed65e0e1c867b6a7d5a70211
render-image/zephyr-candidate/zephyr/subsys/fb/cmake_install.cmake	e4a1503fe3f8bc042ea3e64da189e8a1b510891cdb027d9dd4b3dc638d561467
render-image/zephyr-candidate/zephyr/subsys/fs/cmake_install.cmake	5112b5e3b9fab20e19a4d7cb2678ad006d512d1a8c84a19b350d7d2cbf231ce5
render-image/zephyr-candidate/zephyr/subsys/gnss/cmake_install.cmake	f4e32888c14f79967f0c65fb6efbfaf9345398cb1791f3fc96282cbc064828c5
render-image/zephyr-candidate/zephyr/subsys/instrumentation/cmake_install.cmake	1289177011c52fb6ecdfdc026fdca23582703f50527802fb87fb4fd3ab5239c7
render-image/zephyr-candidate/zephyr/subsys/ipc/cmake_install.cmake	8f4d3e2a21a5229e4fd8f079257f6319ff3c75f8fd96063f72cbd59cd8133d3c
render-image/zephyr-candidate/zephyr/subsys/logging/backends/cmake_install.cmake	e986566b7de7de443b378e2fec1c2f73b34efb059b6bd5f85f0e0b2eb58f7702
render-image/zephyr-candidate/zephyr/subsys/logging/cmake_install.cmake	e3642a07ecd103839b280f620ae7426996be1144cce8528a2ca6281ee4b192d8
render-image/zephyr-candidate/zephyr/subsys/logging/frontends/cmake_install.cmake	5c80c41015e40d6dfe9706defe0cabb760ca90ad3b803157c0f955bb095a8600
render-image/zephyr-candidate/zephyr/subsys/mem_mgmt/cmake_install.cmake	94b1ef71b27a538606cf9c8b69d9858d850fec62b5507f1251a7645680bd263e
render-image/zephyr-candidate/zephyr/subsys/mgmt/cmake_install.cmake	d925a9f13dfbec76ad309612a1bd3d8240ceaff9282c43777a69c002cc0314fd
render-image/zephyr-candidate/zephyr/subsys/modbus/cmake_install.cmake	852203e903ade3f544df2b2a0e372be333d4cbe3dc052b0b96f00fa3647a097f
render-image/zephyr-candidate/zephyr/subsys/pm/cmake_install.cmake	d862d79cd44861162d0b3e764d6bafe71911804be6f9f7d1507e3932f5430d63
render-image/zephyr-candidate/zephyr/subsys/pm/policy/cmake_install.cmake	1936ee088bbd128af051b4ced95393f65f484ed4f53108d53d160bbda16b62b0
render-image/zephyr-candidate/zephyr/subsys/pmci/cmake_install.cmake	844112c8a6a05fc65eca8b21ef5dbee3165985b7b0f24bea2fa71ccf5688885d
render-image/zephyr-candidate/zephyr/subsys/portability/cmake_install.cmake	cce565b210fb71e41430ab7ec678a3ad662b2636cf21cf45dd4f3ef3c8cbeb89
render-image/zephyr-candidate/zephyr/subsys/random/cmake_install.cmake	f7f12733b3059a4f8e237caee7d5371d74b636974f9be4a6be477a6f1370e81e
render-image/zephyr-candidate/zephyr/subsys/rtio/cmake_install.cmake	27da813e74bd56afb0ed2b8dec9fbd52706d4eda866617b6ab1b046e625d6dbf
render-image/zephyr-candidate/zephyr/subsys/sd/cmake_install.cmake	41c357bdff47df9ed5621c1bba54ba2925ae0eed6710decd491954bea4d7b979
render-image/zephyr-candidate/zephyr/subsys/stats/cmake_install.cmake	e6bb80f5afcd647690cd01007e10153295de3307cf80b1cec9d373e135f4ff8c
render-image/zephyr-candidate/zephyr/subsys/storage/cmake_install.cmake	027e75f0a983482706999899f0979cff808c78a9b07411ff78e2b7a65cbfae0f
render-image/zephyr-candidate/zephyr/subsys/task_wdt/cmake_install.cmake	0ee5bf3fa06a0b4aa9598c4a1190558ad2ffc1dca0b739581f66ded7f71b51d7
render-image/zephyr-candidate/zephyr/subsys/testsuite/cmake_install.cmake	a059241ff96da3439ef2d7ccc397b983a434b932a6486af5955651a9a371efe3
render-image/zephyr-candidate/zephyr/subsys/tracing/cmake_install.cmake	2f57c929352ebbabf19a5a562c1eb1edd25e23d18fd378f87b220fc975fa1288
render-image/zephyr-candidate/zephyr/subsys/usb/cmake_install.cmake	fd4bb9e64a0fd1d0464b2194d6bbc3aa7f461cca514685a24b7ed440c80e25cb
render-image/zephyr-candidate/zephyr/syscall_weakdefs_llext.c	7d70f19903ab82dc62c5a3e7ca58f858734009fa220fe11809eadc300f3db16d
render-image/zephyr-candidate/zephyr/zephyr.bin	80d48023e7e18ca306c2b1cb083cd5848544a59a9035590e01dca8edf1755fa7
render-image/zephyr-candidate/zephyr/zephyr.dts	ab856f2e1c1942f3f4d9d997ed3a062c54e5b2012db5100ae49001705f6f0cea
render-image/zephyr-candidate/zephyr/zephyr.dts.d	e5dc41f6fbe53c2c9e12b48515642cb5d19bb9e32a36f222f37b39f3df52f555
render-image/zephyr-candidate/zephyr/zephyr.dts.pre	f8fc55ceec28d4f00d61f9cc02851007b6ccdbcaef38a43f109df8634cb49066
render-image/zephyr-candidate/zephyr/zephyr.elf	e48e4169ac999f06e936b3f3e0f4e2e1ae217cab51c2515dbaeb5eab96ab3472
render-image/zephyr-candidate/zephyr/zephyr.hex	1af874c7d28a2448956c9e9975534440f0a76086d5fa2d4e48bee3e1856ebe63
render-image/zephyr-candidate/zephyr/zephyr.map	3aa260bfa4660c3541bbaed398fbce5c893130f93decbfcddeeaafa3a849a754
render-image/zephyr-candidate/zephyr/zephyr.stat	5aafd3fabeda166cedfa246037edec8a362011a6284246fe325230e7b407f030
render-image/zephyr-candidate/zephyr/zephyr_final.map	3aa260bfa4660c3541bbaed398fbce5c893130f93decbfcddeeaafa3a849a754
render-image/zephyr-candidate/zephyr/zephyr_pre0.elf	3d772f9851691b5f043f6677fad91ff7f3b6225977325470a9e76118c08ddf17
render-image/zephyr-candidate/zephyr/zephyr_pre0.map	c7321cf2c5ccc4f7b4d85844fdee2f5e0222b2919950c7a5bdb112425da22597
render-image/zephyr-candidate/zephyr_modules.txt	4e59cebd26002c9ab63342ba0a3d9f8910dca953c73b5e054079e400033ccafa
render-image/zephyr-candidate/zephyr_settings.txt	ee1ccb96f462d4c661e81d5410888314870a52bd71b57701b5f7a46aa95a1d49
required-evidence.tsv	2ec0bb73e0fb58eb778e5810fe86c25b84fa089c1863d154159cf9356443704b
run.log	d36374ce9a9c353e228329da0a2cb389c9b200f9a4cff71f90b65244869217bc
value-layouts/commands.txt	6f607cfb25e82e90ea384a98ed8e657332ebf3ce61e27a3c5ad91fc4ecd1985d
value-layouts/identity.tsv	25faf5486e0993e1d0703e9bb1fcc75d9d47208a9586a1220ee47f98cc186ffe
value-layouts/module-cache/2OQONTZ2QE5F9/SwiftShims-1HKQZ1XPHECUE.pcm	a6d928573ba5b7ad36d9140514b683f31531abd3e9e2386ffe25bdfd2bc9aa37
value-layouts/module-cache/modules.timestamp	e3b0c44298fc1c149afbf4c8996fb92427ae41e4649b934ca495991b7852b855
value-layouts/modules/GiftUI.swiftdoc	4056c4e7845f1fbf2e5e617944b3a68e55d9312db94e1017a68bf72aa875bddf
value-layouts/modules/GiftUI.swiftmodule	5a9779e56a6f1e793ec9e9dd92e4aa25b7fdd64d9e10a408b810357265ec6343
value-layouts/modules/GiftUI.swiftsourceinfo	e45cfd864b5352b492971ed3e48074e55baed3687f437d5d2be5dcddb986603a
value-layouts/modules/GiftUIRenderCore.swiftdoc	1a26069d6652f8960a1c9082894cbfb34cdd211bc4cbc661fb1a97fb20b33859
value-layouts/modules/GiftUIRenderCore.swiftmodule	e816a96db2c9d67d4aded063497f76ccb9e67ee50f7397bc14f153792f138338
value-layouts/modules/GiftUIRenderCore.swiftsourceinfo	072a5fb2dc7c1959989a992ca40a4069e492d8bdddbea6902567bab9fff4823f
value-layouts/modules/GiftUIRenderLowering.swiftdoc	ba817c91801c41685940234a4ef6901d12d9fb1bfc0e59e8d90248bf704f7e3a
value-layouts/modules/GiftUIRenderLowering.swiftmodule	8650fc210cb0c12fd97ccacd4bc71b3ecb6eb3d425e67d364f1272989640d628
value-layouts/modules/GiftUIRenderLowering.swiftsourceinfo	147304304a3318949473a3a4fdda32409abf19564eb59ec4970cfe524a4a60b1
value-layouts/modules/GiftUITextResources.swiftdoc	d8b0c752ef6116fa5b12f16373f6d1bac8056209ff672a25d362a8c6ba3ff32e
value-layouts/modules/GiftUITextResources.swiftmodule	11f0a76a9937767e225fff5e7777b463867d946bc69362f380f9754147ef6468
value-layouts/modules/GiftUITextResources.swiftsourceinfo	fde33d2f3b213bcd5c5a7ee90cd4c8bdfdd238d3ac535399951623d7d2da7715
value-layouts/render-value-layouts.ll	0d992bee61641bc343d4421459c8aa1b08821236b4e13b940df67eae273880e5
value-layouts/render-value-layouts.tsv	a486bdecfbc66d12c241a228b3abf2cd5a37c088374b68c6ad551c9ba65bb51a
