Package.swift	9ab02ff80ef2e5d4d60d025807acb050368234e76adb3acbd0862beef29cd84c
Sources/GiftUIRuntimeCore/RuntimeCompletePipeline.swift	d55e75af82a611eb3a47f8bdafcf585f3fd75bdcc364d1a7f18f33d2e5cfc72d
Sources/GiftUIRuntimeCore/RuntimeCoordinatorCleanup.swift	bc912a0f80009ea097042ae4eeb357be895d161602f00add63868ce05a733597
Sources/GiftUIRuntimeCore/RuntimeCoordinatorContracts.swift	25d36231bc04d6b730a39aee60b9c53017dabb35efd2b7337ddd9696509485f4
Sources/GiftUIRuntimeCore/RuntimeCoordinatorLifecycle.swift	e205b58cb2a3539dd3a2baff0d76b4de7d2244fd003f962b0b6f9e1d8b41e816
Sources/GiftUIRuntimeCore/RuntimeCoordinatorQuiescence.swift	df6ee95bb5a9a5fdd7b5f325e0c5e8f74556fb515bd429537880e752eadb1f7e
Sources/GiftUIRuntimeCore/RuntimeCoreBoundary.swift	25eb74d4020f6055e92d15157564c5b0107bc68b815b6fa7cd051b884b98dbaf
Sources/GiftUIRuntimeCore/RuntimeFocusedFailureState.swift	c1fa51e550f8b3c16364e1c714fe16118c2549cf19191e789e550c7b46d9668d
Sources/GiftUIRuntimeCore/RuntimeInteractionCandidateCoordinator.swift	b0aae41b274a7d76b1a430e10f71e6dac865b681f8743ef2423ff4e37a4415db
Sources/GiftUIRuntimeCore/RuntimeInteractionCandidateTransaction.swift	bdfa6d34c503436084663e22fbabedf2220f2d0d4e7f935ccd0d61bbabc9f0c1
Sources/GiftUIRuntimeCore/RuntimeInteractionDispatcher.swift	260298b71d56e47f5a5d52e12f89e584137a7fbc92e031eae7b10d20c711e1aa
Sources/GiftUIRuntimeCore/RuntimeInteractionMutationOwner.swift	a0581fb08298386442093a8ca8e6203baa94e040d8c898341f95fb3d98844122
Sources/GiftUIRuntimeCore/RuntimeObservableProfileWorkspace.swift	ee7124154e2d49f17324ff6eb4b5dced37e1d8b0457555f7b35903214fdcea1d
Sources/GiftUIRuntimeCore/RuntimeOwnerFailure.swift	7728c6631e620e312f006ddc60e8fdec5d58efb3ea702b662b21ea187586ae57
Sources/GiftUIRuntimeCore/RuntimeProfileStorage.swift	9b00d9d6ced10e8b4868953e67c998fb9addf2e55a228c857c2cf317b0367f66
Sources/GiftUIRuntimeCore/RuntimeProfileValidation.swift	600f1c4430175c4f35a6f0840bcd58547a3c661499bb6b3c2869327cbb94b40a
Sources/GiftUIRuntimeCore/RuntimeProfileValues.swift	8b9518a0c8be49ae9ca740aaedc35eb3adb9e7f1edd60952bb94ced8e9964089
Sources/GiftUIRuntimeCore/RuntimeStorageRegistry.swift	74a16a850ea540c2b0d508a1f12661108f0cfd3e3939f849e337c1d39874523f
Sources/GiftUIRuntimeDynamic/DynamicCanvasCallableStorage.swift	e7624e4978ee2f3c4c7ad98ec530f71af951c440bf776790af27284fff8e95ec
Sources/GiftUIRuntimeDynamic/DynamicDrawingPlanWorkspace.swift	0a53daae0a3feaf2edf8c2bcfd00c45232711d4e21ce4209fccc8a8f3a4e1728
Sources/GiftUIRuntimeDynamic/DynamicInteractionStorage.swift	957580a3652077eed285f8023b949cff9736b13fede5a450ff81ef3a9280a008
Sources/GiftUIRuntimeDynamic/DynamicLayoutHostStorage.swift	4412df0fd0573a2485548cb4f724a315338d62d737d7ffbec2c500556baf1b44
Sources/GiftUIRuntimeDynamic/DynamicLivePathStorage.swift	ed7d34498d9804a50e9e9e988f7e42c8db182a7be71cc14d1c8bc4aec79b7410
Sources/GiftUIRuntimeDynamic/DynamicObservableModelRegistration.swift	691ec8bfbc5a0198d48b15fa5ee9a8b3e5ede829bfc389606029614f2de57d06
Sources/GiftUIRuntimeDynamic/DynamicObservableModelStorage.swift	71609f6d8c77073522d279fe802d5e46f6f0df6673b05e403869087bb8132d23
Sources/GiftUIRuntimeDynamic/DynamicObservableProfileSlotStorage.swift	5991d552b65e94afea75124d7291b5c5b3ce8d25286b6265daec6b1a76b0a435
Sources/GiftUIRuntimeDynamic/DynamicObservableRootAdapter.swift	97010033a9de442d157bf03f37835f457b11a1af7e40ec45431a8a24bdcca6d0
Sources/GiftUIRuntimeDynamic/DynamicObservableRootTargetAccess.swift	67decd15cb577936ae2dc91527a4c7fdf2bf11b8434d92708fbe577f9e41e8aa
Sources/GiftUIRuntimeDynamic/DynamicObservableStateReconciler.swift	bb2d1c0637d3701b5eb56d14e0f85f2e0297aa9805ac1ba0b5a1b05b7791d725
Sources/GiftUIRuntimeDynamic/DynamicProfileBoundary.swift	4f82457985fc7bd411b022dbd527c8fcc005b546ebe44fd65aac75dd8890b168
Sources/GiftUIRuntimeDynamic/DynamicProfileStorage.swift	fcb7594699584e5c75f6dd08dc8fbb572f533a86cce4915259579042ee219b24
Sources/GiftUIRuntimeDynamic/DynamicRenderWorkspace.swift	d855bfda4d76b5a73456becf1dfcd746dff82f2ef2cf32cb22bb228af67c9706
Sources/GiftUIRuntimeDynamic/DynamicRuntimeExecutionCoordinator.swift	152528180ec6c60c339fccbdbd4ab5761a7872579df929c030548bf48750fe04
Sources/GiftUIRuntimeDynamic/DynamicRuntimeProfileBinding.swift	dd5d51452544c4ba530b511f53735b1581561f674d840abe564d98709fd7bff6
Sources/GiftUIRuntimeDynamic/DynamicSemanticHostStorage.swift	c0d545e0ac666eb98a7c6649e73ee0e93539faebba780f980e32b51d37f1aca8
Sources/GiftUIRuntimeStatic/StaticCanvasHostHandle.swift	11d78c634eb3bc0a4b697d9ca36cd753d5d7a4a42d92da458a38a44779ce4f67
Sources/GiftUIRuntimeStatic/StaticCanvasOccurrence.swift	e71c57803442943d8c18dfdc497b45ed412907e3f8bcecb8e316bf49c53a456d
Sources/GiftUIRuntimeStatic/StaticGeneratedProfileMetadata.swift	7539730d2864f6d42f0336918b23cdd949088a0e43f4d5b0aa709bafa2b3ee45
Sources/GiftUIRuntimeStatic/StaticInteractionStorage.swift	dc3648560338f093f912b7e0bc812bdaa95e7a434a3bd836c903560bf3971219
Sources/GiftUIRuntimeStatic/StaticObservableModelStorage.swift	85426dcd1f5b2ebb793996c5ff1b78ffce89a002119ce7f11c91f9cdcd014f19
Sources/GiftUIRuntimeStatic/StaticObservableProfileSlotStorage.swift	2a2c81140cad3f32c3bb4cba5b0dc4c392b908e45c9c7b2c047f242f858eb946
Sources/GiftUIRuntimeStatic/StaticObservableRegistrationRecord.swift	8383b9705c8a111c9b80f5792fe0abcadc1c09a4527de8ff80bcd6d5808c4b90
Sources/GiftUIRuntimeStatic/StaticObservableRootAdapter.swift	708465a9f0f7ae4f1756743684ff8d582b3133a7e096f6387a41bc2a5dae43c8
Sources/GiftUIRuntimeStatic/StaticObservableRootTargetAccess.swift	9f2521e94e193c6804ab6b4b352f6df9eb965dd9c6bbaf9817180fbe7f61ba47
Sources/GiftUIRuntimeStatic/StaticProfileBoundary.swift	95f0224489c4c38dc2a19a6cad5ac803ede53efbfec32df0891c8230ffbb39eb
Sources/GiftUIRuntimeStatic/StaticProfileStorage.swift	246c2af21fe8fb5f87852ced9bfec7b2ab50a2c93263ac17e76db407cf52b16b
Sources/GiftUIRuntimeStatic/StaticRuntimeExecutionCoordinator.swift	ccd0c016221157d381ec68d72bb3c3d01fc539d4e5c2df34aeddc33676ca7801
Sources/GiftUIRuntimeStatic/StaticRuntimeProfileBinding.swift	f1375857ff8ab65af206155c87f654180ab577d9b60b4ed86fe0cbc9cd2cd81e
Tests/ContractFixtures/SPEC001/Evidence/milestone-10/approved-pixel-closure.md	f72ee6945120482cf8b1ed900329d0d1e05aac619c3575b5d634ccf060bbe995
Tests/ContractFixtures/SPEC001/Evidence/milestone-10/approved-pixel-validation.tar.gz	4482ac2ddd74a366e04542aa92140ad079ba0bec1717fe637d71e60fce337232
Tests/ContractFixtures/SPEC001/Evidence/milestone-10/assembled-focused-reruns.tar.gz	63a0e44883058ed44aabb1a4a02dce8a881b16c553eda4a91882c25905a56f39
Tests/ContractFixtures/SPEC001/Evidence/milestone-10/assembled-focused-reruns.tsv	5c758e4c9be1104734ede15c8a9f18e4fae8a37b0993be24250a7630624c5428
Tests/ContractFixtures/SPEC001/Evidence/milestone-10/assembled-gate-logs.tar.gz	7586d884f981573528054b311dc4d585707487038d85fab62076da0b7185dad0
Tests/ContractFixtures/SPEC001/Evidence/milestone-10/assembled-gate-metadata.txt	b8a5a54955b740fccedd980c36882cd464f67bd09c8958eb28141721176c35ec
Tests/ContractFixtures/SPEC001/Evidence/milestone-10/assembled-gate-results.tsv	b80c614036e5c614fe9ea1d96a80c1a35f6e0f01d6dea1ac72f3cd0b76726d23
Tests/ContractFixtures/SPEC001/Evidence/milestone-10/assembled-revalidation.md	87189d968828058fa250d775bf98ddf36c187a69c8a55cbff413f7ab1650fe4b
Tests/ContractFixtures/SPEC001/Evidence/milestone-10/canonical-dynamic-metrics.md	9c8ca941ede2a9345ec046c51934cae9f35ee6eb42a7433f7424ff427d6c3d34
Tests/ContractFixtures/SPEC001/Evidence/milestone-10/canonical-embedded-contracts.md	d466d668b74bedf55a450c6c42bd953866fac62f7e5868527c1e1b9089715355
Tests/ContractFixtures/SPEC001/Evidence/milestone-10/canonical-native-layout.log	78b6b7937105c31b7196b9787087d0a80ebf3bf0f80940d7b350b05c982d64a6
Tests/ContractFixtures/SPEC001/Evidence/milestone-10/canonical-nrf-abi.txt	b1cf2c133bb70839666f3326d91a0da2d075641c44ddc64a4157c80a30a7230a
Tests/ContractFixtures/SPEC001/Evidence/milestone-10/canonical-nrf-memory.txt	007742aa2d7854d1f6e6eed2d77dd130ae0debe0b8636b86bc9edda714e5bc62
Tests/ContractFixtures/SPEC001/Evidence/milestone-10/canonical-owner-sources.tsv	024aeae6c0dca61b8fece588aac7aeea7f95a884573e737890e556e8f87ddd46
Tests/ContractFixtures/SPEC001/Evidence/milestone-10/canonical-raster-hashes.tsv	6cafeeb0e6fe052fec04434bb318ace5081ff3d5fa5c33d7cde1c198a4c92e1e
Tests/ContractFixtures/SPEC001/Evidence/milestone-10/canonical-selected-sources.tsv	cc6e60a4a305d7e7b8f60e09067c726b43ee3a22c172619d8563c01866db150e
Tests/ContractFixtures/SPEC001/Evidence/milestone-10/canonical-semantic-revision-fixture.md	ca286eb19b08dbd3fb496a72e5710ea4ce8aab8d47234a6c7c695912f74ef7b6
Tests/ContractFixtures/SPEC001/Evidence/milestone-10/cleanup-before.log	b79141b031c2de496b9f1c94abc9fed5477e402a98eb4a734b45161f59d54b87
Tests/ContractFixtures/SPEC001/Evidence/milestone-10/cleanup-focused.log	f434809e49cc30232ede8e412988a01d17ed929c412e930a3b1776582c5a53af
Tests/ContractFixtures/SPEC001/Evidence/milestone-10/common-runner-partial-mutation.log	58b5098bd29075f369f7677e49cad0a775d1333e3cbcb823a300a8cf613b0105
Tests/ContractFixtures/SPEC001/Evidence/milestone-10/common-runner-partial-mutation.patch	b65c561cfd9d988ba75fe6c5ed681c955c78f698e0a5ddf82b22de63dd722b2f
Tests/ContractFixtures/SPEC001/Evidence/milestone-10/compiler.txt	56c0f49031e9998c3fa6a85fb65ba183104d94aac2a27588469c95dd62530e72
Tests/ContractFixtures/SPEC001/Evidence/milestone-10/connected-pi-20261003/README.md	2356768603878b730e7495c9cbb8f8412af02c65b5f118eacff37cb3b8d47870
Tests/ContractFixtures/SPEC001/Evidence/milestone-10/connected-pi-20261003/calibrated-binary.sha256	be1f24f40730c5eb1093ad889f3ed9517f33604da9de05650e03e8657d13cee1
Tests/ContractFixtures/SPEC001/Evidence/milestone-10/connected-pi-20261003/calibrated-events.log	5a2498f0b74913d0077c12de4cc89853c21e1d5b8a09a16b1ef01414d94890a6
Tests/ContractFixtures/SPEC001/Evidence/milestone-10/connected-pi-20261003/failure-summary.txt	7ea413c2d0fd5cf0e102e72259a795d94da43aae34149a3e4a9f828bd707139c
Tests/ContractFixtures/SPEC001/Evidence/milestone-10/connected-pi-20261003/final-binary.sha256	6dc114b858c3f594e67d803fe23678574691cc812a2beb41a7d16a7562473af1
Tests/ContractFixtures/SPEC001/Evidence/milestone-10/connected-pi-20261003/final-build.log	ca343c787c0c978108ab7437e31a76b44463d9122f9642cca9e13fc11cebfb0b
Tests/ContractFixtures/SPEC001/Evidence/milestone-10/connected-pi-20261003/final-focused-tests.log	790780a2d59ca4bdb9c08c53dc63f88380aedf749cbdadc8377fdb5381314dc9
Tests/ContractFixtures/SPEC001/Evidence/milestone-10/connected-pi-20261003/final-source-hashes.tsv	b4692241d389c6a0de39d7971d1d8318619e0d98af3672fe6b5c990aae7d2ca3
Tests/ContractFixtures/SPEC001/Evidence/milestone-10/connected-pi-20261003/stopped-binary.sha256	2739f09f155e5540f96b8e0cd82c9b77945f5020558a7c741c1fd056f08bf6b7
Tests/ContractFixtures/SPEC001/Evidence/milestone-10/connected-pi-20261003/stopped-events.log	ab7b40fe1787beb5d9de4961583971db89c1d6e18a2d05fd55f22b1a550c161b
Tests/ContractFixtures/SPEC001/Evidence/milestone-10/connected-stack-validation.tar.gz	1b704a191176013a8f7e90f17d28b8345db5314d1ffe051537651e55ea88fbbf
Tests/ContractFixtures/SPEC001/Evidence/milestone-10/connected-stack.md	5466ca03faa1a352e6949f9d99c2e5ec9d6bac310f9d8366bb52d20f597a02ff
Tests/ContractFixtures/SPEC001/Evidence/milestone-10/connected-touch-pacing-20261003.md	2339030e5735b88a98e933f14d16186dc42fe6a125ca51eb3195608516a21d41
Tests/ContractFixtures/SPEC001/Evidence/milestone-10/connected-touch-pacing-validation.tar.gz	0ab061b748c962568f57df7375049a402e4c774489dbc9a8451525fa384277a2
Tests/ContractFixtures/SPEC001/Evidence/milestone-10/criterion-revalidation.tsv	5281bb176483d4ecf8e2e0261a2de1e133d7285a616d6b4a8ebb541cc86a1556
Tests/ContractFixtures/SPEC001/Evidence/milestone-10/current-cleared-20261003/README.md	74f86110782db13968977be68bbc89ed47ed69ffbd8eec07cfb3b20817a680a9
Tests/ContractFixtures/SPEC001/Evidence/milestone-10/current-cleared-20261003/approval.md	e04fcb5a0b977528c4d02029e32ffc5e3d060de6aa99e7f4a898e9d90476c30e
Tests/ContractFixtures/SPEC001/Evidence/milestone-10/current-cleared-20261003/approved-validation.tar.gz	eed8c3f6310c1924a49e5ae685cd223a5d34b68cf41edc2bc509d9ce3a9a0eac
Tests/ContractFixtures/SPEC001/Evidence/milestone-10/current-cleared-20261003/nrf-cleared.png	a95d2b0c1c1e1abf09de7d69bb198e136861c2e61cfc5ad609ae6be77804ed6d
Tests/ContractFixtures/SPEC001/Evidence/milestone-10/current-cleared-20261003/pi-cleared-physical.png	2ae683b352402b7859461e840101114e4dcf51f68c957f9bbb03e23ec0992d06
Tests/ContractFixtures/SPEC001/Evidence/milestone-10/current-cleared-20261003/pi-cleared.png	46d0ee16780d9480022734702f3a5e28351d5025a4ba8a4b91836d9438783295
Tests/ContractFixtures/SPEC001/Evidence/milestone-10/current-cleared-20261003/recording-evidence.tar.gz	178503bd941a7cf5216564646104a87cf59c14e6564039ed9f16f8098ea52f5e
Tests/ContractFixtures/SPEC001/Evidence/milestone-10/dynamic-derivation-cleanup.md	5b0913befafc5dc135321b7f9672af2ddf4b3f049c6151a19c22a2d60b5021f4
Tests/ContractFixtures/SPEC001/Evidence/milestone-10/dynamic-failure-recovery.md	a4b4da7e08cc85d65dd1ccad7c55b4f1a17140528aa49b04879e2014efa0cee9
Tests/ContractFixtures/SPEC001/Evidence/milestone-10/dynamic-production-fault-trace.tsv	fa110ccb18196676634e9b993014f3ad76c37326ad39a407b6973576200c6bae
Tests/ContractFixtures/SPEC001/Evidence/milestone-10/dynamic-production-source-hashes.tsv	18afd65cc40a099f6a2982598945467e1978bb2204a3de7cc5a2f99df08494c6
Tests/ContractFixtures/SPEC001/Evidence/milestone-10/dynamic-production-validation.tar.gz	f90ab3c0558fd224d190087b61beb76b7f4aab54896331f7429344702e51b04e
Tests/ContractFixtures/SPEC001/Evidence/milestone-10/dynamic-runner-blocker.md	0c70439c8a386769fae45ab6bacc50c9b8d6ea50e34d780ec11f1bb031684b9f
Tests/ContractFixtures/SPEC001/Evidence/milestone-10/dynamic-stage-join.md	077b5846f393107a388fa7a19568f749e4fe190a266000df2731dfdd6fc070e7
Tests/ContractFixtures/SPEC001/Evidence/milestone-10/executable-dependency-isolation.md	217765402af71dcab8886c6b571e97570f8c15184d19de5d49b40a12d9d8deec
Tests/ContractFixtures/SPEC001/Evidence/milestone-10/final-executable-isolation.tar.gz	5fd94ae2db145e865bfc3da4c30b1f0d4c596393d07266932d470680859f70f1
Tests/ContractFixtures/SPEC001/Evidence/milestone-10/final-gate-log-hashes.tsv	109bb67c43ac588a9e0ece2ea4201e43bb909ea75a5d979229f8cd02b112dfd3
Tests/ContractFixtures/SPEC001/Evidence/milestone-10/final-gate-logs.tar.gz	26a20c057aade7e9f011c936e79a58e65dbc5113343640eb5df9017da1654947
Tests/ContractFixtures/SPEC001/Evidence/milestone-10/final-gate-metadata.txt	7f7ffa4deab55bd71795b3e5aa0222c3c119c83ce212c54b58749f138a374b60
Tests/ContractFixtures/SPEC001/Evidence/milestone-10/final-gate-results.tsv	46a559a6a3a4b360ce757149b94014ecec357a79a8b3f3dd65a495759e2e341e
Tests/ContractFixtures/SPEC001/Evidence/milestone-10/final-source-applicability.txt	2cfc68b94b7ed54409b034ad530555eac822a944e0f99eb25cc2a6542f67ed66
Tests/ContractFixtures/SPEC001/Evidence/milestone-10/forbidden-import.log	f422042b8bc68f3cc5d293b43b0babe4dcdaa54b5844ea49e14ebefd3e89f7d2
Tests/ContractFixtures/SPEC001/Evidence/milestone-10/gate-reconciliation.md	ea2d3f5fc1ecb78781364fbc0d46de545654bcf29243396f641c866c9b7a14a0
Tests/ContractFixtures/SPEC001/Evidence/milestone-10/iteration-closeout-20261003/README.md	984ba77f5ff72dd1bcfd734147b1b1949e40d2899198f78bf7a246c437da36cf
Tests/ContractFixtures/SPEC001/Evidence/milestone-10/iteration-closeout-20261003/archive.sha256	acba7c50f1cb00a46e4e748211a95c666cfb6ae57fc6bab16314fd7483e261eb
Tests/ContractFixtures/SPEC001/Evidence/milestone-10/iteration-closeout-20261003/delivery-review.md	d4500fdd01dcd11a879609434d69859db180c365b33dc065627f8f069c2974a8
Tests/ContractFixtures/SPEC001/Evidence/milestone-10/iteration-closeout-20261003/delivery-validation.sha256	746224b89a573f5647abccb5fdd7e79a8344b465d22009481c6c971efc4570e4
Tests/ContractFixtures/SPEC001/Evidence/milestone-10/iteration-closeout-20261003/delivery-validation.tar.gz	74ba6f88293dc3055770bf2d883d50273811400ccec3a8346cc0fbe308670c77
Tests/ContractFixtures/SPEC001/Evidence/milestone-10/iteration-closeout-20261003/gate-ledger.tsv	fec20674ed1d335e59b20c0d9e5d6f25867b5d166c0311ff916f30b977ff1f09
Tests/ContractFixtures/SPEC001/Evidence/milestone-10/iteration-closeout-20261003/measurements.json	73bd2c2f81f671363cb79741d0f30fca0828e25c731a3b030df9548a7308b68c
Tests/ContractFixtures/SPEC001/Evidence/milestone-10/iteration-closeout-20261003/owner-transition-approval.md	30a5e75a79d206941dbfa2fd7a43a37d443bf9b3e68d397f141a26d1c7e57f00
Tests/ContractFixtures/SPEC001/Evidence/milestone-10/iteration-closeout-20261003/remaining-spec-transition-approval.md	c3f30fb8c8c22a4a0c96826676494363d4b394f2de29c06a503c9cf63099864d
Tests/ContractFixtures/SPEC001/Evidence/milestone-10/iteration-closeout-20261003/validation.tar.gz	64715407b2ed8768f4c93d21e2f713339df183a57d77699237432438e1974d55
Tests/ContractFixtures/SPEC001/Evidence/milestone-10/landscape-owner-fixtures.md	d189cb8163e5989783c8856de038ee2ff761de0a3558f5d82970e9ad6b11c10f
Tests/ContractFixtures/SPEC001/Evidence/milestone-10/macos-dynamic-reference-trace.tsv	6fc2cea09a3ea021018fae98105c41a400be8c9c47bfb9f3a8770fc05bf5949a
Tests/ContractFixtures/SPEC001/Evidence/milestone-10/macos-static-paced-reference-trace.tsv	2a827a97e194400973310b8dd23fff46030c8c99234debbc3165206506affaa7
Tests/ContractFixtures/SPEC001/Evidence/milestone-10/ownership-baseline.md	a1b35a1d3538b65b13718486ff7f2460d52f223fb0e7f540709b152d7eb838c6
Tests/ContractFixtures/SPEC001/Evidence/milestone-10/pixel-review/README.md	69873c4f96eab2fc18d49241d4c4216db9c12d64ebf5731005f89a1e2eaf2d16
Tests/ContractFixtures/SPEC001/Evidence/milestone-10/pixel-review/nrf-cleared.png	69fe4bed1ebb82845ffa4cb074c7d346d342c41c8794867ca8954727a16105a7
Tests/ContractFixtures/SPEC001/Evidence/milestone-10/pixel-review/nrf-diagnostic.png	f5060b5f93c94cd7c2bbb50200de95e025ddd36da1956d52c9100d7713e8f67b
Tests/ContractFixtures/SPEC001/Evidence/milestone-10/pixel-review/nrf-idle.png	72d5fa4993377da76a0c74dc5751eec9a5eecc6c606f1d60063ec354ed896424
Tests/ContractFixtures/SPEC001/Evidence/milestone-10/pixel-review/nrf-running-four-traces.png	71d9541c57ba7abad9743de5193b19e2048ce0c4eb492ecaf85c0a5192c3a538
Tests/ContractFixtures/SPEC001/Evidence/milestone-10/pixel-review/nrf-stopped.png	42eca5a69780c3f5db2561b4de028f0435cf44167015565015b9ce0541dc78b0
Tests/ContractFixtures/SPEC001/Evidence/milestone-10/pixel-review/nrf-window-five-seconds.png	59e1d36f7486a3a9d305a5eb0bee4dea1a2825d1693a114a0a195365881873fe
Tests/ContractFixtures/SPEC001/Evidence/milestone-10/pixel-review/nrf-window-one-second.png	908641cc3701b9eea11dcd115f8f8da018f1c053e2db336023214ac4e857e17f
Tests/ContractFixtures/SPEC001/Evidence/milestone-10/pixel-review/nrf-window-two-seconds.png	71d9541c57ba7abad9743de5193b19e2048ce0c4eb492ecaf85c0a5192c3a538
Tests/ContractFixtures/SPEC001/Evidence/milestone-10/pixel-review/pi-cleared-physical.png	7464af5ad936fb3f5864441f13e2746b12dd01baa67a290b6409f79153e2666c
Tests/ContractFixtures/SPEC001/Evidence/milestone-10/pixel-review/pi-cleared.png	cd020632b4fa772b57182732639b7a1cd7477c4a2e7b08b71457bae459daa801
Tests/ContractFixtures/SPEC001/Evidence/milestone-10/pixel-review/pi-diagnostic-physical.png	296e588223cf94a443ea89aba1a0b18ddd8b47ca6ecc178f700eac2ea38c0abf
Tests/ContractFixtures/SPEC001/Evidence/milestone-10/pixel-review/pi-diagnostic.png	921898aad31474011c71e96f561d0455095d0c0a4eb5426b1a0436069df07086
Tests/ContractFixtures/SPEC001/Evidence/milestone-10/pixel-review/pi-idle-physical.png	acce5fbf3340b69706afd1cc7ed969c3e1eabff458cfa4674f1665491bdc3d3d
Tests/ContractFixtures/SPEC001/Evidence/milestone-10/pixel-review/pi-idle.png	47e0aff5016a9abfa90640ad3249c7b8aa11d842e270e992208f08428395dd11
Tests/ContractFixtures/SPEC001/Evidence/milestone-10/pixel-review/pi-running-four-traces-physical.png	a9ad9751f8d7437b14729c691f474590d2c3842f3c0293c4e97dd2225de2854f
Tests/ContractFixtures/SPEC001/Evidence/milestone-10/pixel-review/pi-running-four-traces.png	e6f171fd95d1fd0c1305a27cb26b69814ae012a4999990f8695978ff7a2dc97e
Tests/ContractFixtures/SPEC001/Evidence/milestone-10/pixel-review/pi-stopped-physical.png	ba6b5a677d50374f49b4ad9e6a69d73c4f1d95bd8c1ea0890f6b9a22bf1f7559
Tests/ContractFixtures/SPEC001/Evidence/milestone-10/pixel-review/pi-stopped.png	f5ed740b283288be4f1198751f6ef7f1637f60a3e5396cc3848b64dcae06141f
Tests/ContractFixtures/SPEC001/Evidence/milestone-10/pixel-review/pi-window-five-seconds-physical.png	2d0b95f8264057e4fb334346b8501343a56aa7cb314c841d95abd67367e0ecb1
Tests/ContractFixtures/SPEC001/Evidence/milestone-10/pixel-review/pi-window-five-seconds.png	491ea4eaa933bb8abe3180218dfc5b76bd8571a05460b6bde2a5e8bcd557d066
Tests/ContractFixtures/SPEC001/Evidence/milestone-10/pixel-review/pi-window-one-second-physical.png	95dad33e190aab20b5e54edc9189a253be7c5532b4cf811fbcb9a1091bc6a1f8
Tests/ContractFixtures/SPEC001/Evidence/milestone-10/pixel-review/pi-window-one-second.png	8945dd0048961cf89a4a1a72514543f7ebf2805e7661a5977720c6da4d72136c
Tests/ContractFixtures/SPEC001/Evidence/milestone-10/pixel-review/pi-window-two-seconds-physical.png	a9ad9751f8d7437b14729c691f474590d2c3842f3c0293c4e97dd2225de2854f
Tests/ContractFixtures/SPEC001/Evidence/milestone-10/pixel-review/pi-window-two-seconds.png	e6f171fd95d1fd0c1305a27cb26b69814ae012a4999990f8695978ff7a2dc97e
Tests/ContractFixtures/SPEC001/Evidence/milestone-10/pixel-review/recording-candidates.tar.gz	a0b6f6b0ad64351c531d212e01cde8272051ca6e7415359e555bf9691290af9b
Tests/ContractFixtures/SPEC001/Evidence/milestone-10/revalidation-disposition.md	8c129ee88e895b4a9c69eb09814b2d889f19c65766ebf186d3224b89eb44b123
Tests/ContractFixtures/SPEC001/Evidence/milestone-10/selected-sources.tsv	fa1d1da90765607d29cfa964e88072f0aa848afe12b7065d52afed6edd0a6e47
Tests/ContractFixtures/SPEC001/Evidence/milestone-10/static-c-loop-pacing.md	32cbd661df5481c9ce3258551ba4e9ab66542bfb740cbc314b7ea32b86cebd8f
Tests/ContractFixtures/SPEC001/Evidence/milestone-10/static-production-fault-trace.tsv	fa110ccb18196676634e9b993014f3ad76c37326ad39a407b6973576200c6bae
Tests/ContractFixtures/SPEC001/Evidence/milestone-10/static-production-join.md	ae80e3e7c8ad392a78f3e9db478c531546d0726d15bc10d4b340f03bfb8f93ee
Tests/ContractFixtures/SPEC001/Evidence/milestone-10/static-production-validation.tar.gz	4561a1078acf414f8aedccdc2d99b4fcdd0482e9354031465deca13b791ee379
Tests/ContractFixtures/SPEC001/Evidence/milestone-10/static-runner-blocker.md	6c6b594ba7bbf67b3e8a1894c574d78e1a5fb2a36312dbc115e01c6612b0e98f
Tests/ContractFixtures/SPEC001/Evidence/milestone-10/static-shared-contracts.md	84bdb3ffb9b672d8ae8108e95f168f45ac5aeda0cee1aa8a8ca58d614662ee8c
Tests/ContractFixtures/SPEC001/Evidence/milestone-10/static-typed-preparation-validation.tar.gz	935a598fcc0acb510ea6c9aef407c0fcff787850f9e19a0f3f6e2c1bf355b7dc
Tests/ContractFixtures/SPEC001/Evidence/milestone-10/static-typed-preparation.md	db1f5edf7e3a5d89fa6bedf53b721713eff164218cc0398a2615934f7ee8e621
Tests/ContractFixtures/SPEC001/Evidence/milestone-10/targets.tsv	1e436b7a8846a1ea4f08409447efac2bcc8ea090e34423ff945940f2f23c4022
Tests/ContractFixtures/SPEC001/Evidence/milestone-5/action-model-target-access.md	70b6705425fcfe643182db58dacd6df4c684b331ab08056d0216d928baa37b98
Tests/ContractFixtures/SPEC001/Evidence/milestone-5/fact-mutation-publication.md	a4ba8c146b1fae5a56905ba0368b7d254e3cca21120d7f95e81d690346f46404
Tests/ContractFixtures/SPEC001/Evidence/milestone-5/integrated-cycle.md	ac1b5cd447bff0d047c95f57aaa2df4a93245801f0dfa1599b54e986322ae7ce
Tests/ContractFixtures/SPEC001/Evidence/milestone-5/observable-generation-origin.md	22ca3b6a1bf9398560d4edccc7a6d1db2c57434493203ac972a6ec001e956ace
Tests/ContractFixtures/SPEC001/Evidence/milestone-5/static-fact-admission.md	ca5d57d8cf382545e2b47a228c01418b4817738e9b31b3f2c46c58b5c8f4bdd0
Tests/ContractFixtures/SPEC001/Evidence/milestone-6/dynamic-drawing-plan-workspace.md	b3e7ea7773bf12ef1131361fbb0ea28700e6bec8cb8b81918f164c6aec65540e
Tests/ContractFixtures/SPEC001/Evidence/milestone-6/dynamic-layout-preset-blocker.md	0ce8dfca989254a4c2861a275da80a5d6e1afce17d1452eb0cdb210cbfb7f332
Tests/ContractFixtures/SPEC001/Evidence/milestone-6/dynamic-live-path-storage.md	e226e568edc391f5492bf854ac31bb021b0d6cf4a0a75c24df37eed00cf37840
Tests/ContractFixtures/SPEC001/Evidence/milestone-6/dynamic-observable-semantic-bridge.md	e3f1e09853fa68734d5006a013bc5e7cdd1d6eb60b6ee4eb3b0625a9e5cd3826
Tests/ContractFixtures/SPEC001/Evidence/milestone-6/dynamic-pi-contact-ingress.md	a93d47bf44b0899f5eb4e2a6abf2bfb97a61bb9db2f6548fd160dcf2c266cc81
Tests/ContractFixtures/SPEC001/Evidence/milestone-6/dynamic-pi-correlation-allocation.md	0c977287796f61e1c1533f7e9ea2f97ea2eacb90f026cba6980d913632665255
Tests/ContractFixtures/SPEC001/Evidence/milestone-6/dynamic-pi-lifecycle-owner.md	9764e7c0b11b553293954782ae6955c9bf671f8fc503218869500fc629f00ee1
Tests/ContractFixtures/SPEC001/Evidence/milestone-6/dynamic-pi-wake-pacing.md	8c7d12fe1169cb1cff47841bee72abbaccd0c7f5a18b74247660e1b4dfac7e94
Tests/ContractFixtures/SPEC001/Evidence/milestone-6/dynamic-render-projection-blocker.md	600f4a2c8c9be8b2e1cd63f02f5c84891bf9f51b2450e1e516700cf7e1e823c7
Tests/ContractFixtures/SPEC001/Evidence/milestone-6/dynamic-render-workspace.md	953939a80efaf43d994854c75f55fd981cbebbbe57faa64031211ca393a77b8d
Tests/ContractFixtures/SPEC001/Evidence/milestone-6/dynamic-semantic-host-storage.md	d5ce635eabf6210bba5f24dc51eaa4e85c92404a931a3b70964f4fd305040fa2
Tests/ContractFixtures/SPEC001/Evidence/milestone-6/dynamic-semantic-preset-blocker.md	98973656e7287fbbb79472b62a4df8052ae994d1c1d57e5a71422fa0c545819d
Tests/ContractFixtures/SPEC001/Evidence/milestone-6/dynamic-target-host-interaction.md	0f54a74e1cb31ac6b69c22c21d3801176d30d4badfb25acafc0820d4cfd0dec6
Tests/ContractFixtures/SPEC001/Evidence/milestone-6/dynamic-target-host-presentation-pipeline.md	876e526f79231de27595ea127ed932aee1860e2a7044c856f206cbd5e9446121
Tests/ContractFixtures/SPEC001/Evidence/milestone-6/host-structural-gates.md	00dad8300a850e112093bdf479981fc0ef265a8850fd49e60dc5d3e5e69194f9
Tests/ContractFixtures/SPEC001/Evidence/milestone-6/nrf52840-tft-input-adapter.md	f0ebccb90985d303320dea6b74ca25c34d8e52c3e02e7f798238ec05faadd8ba
Tests/ContractFixtures/SPEC001/Evidence/milestone-6/piscreen-platform-adapter.md	c16746180317d9538a14140f0fde654fd88d02031479d82908eef67213d525c4
Tests/ContractFixtures/SPEC001/Evidence/milestone-6/portable-surface-measurement.md	09f745c1bfe4dd7129e51e97caaa685c521ef06a0f2c08b1d4d9cd7d3a469aad
Tests/ContractFixtures/SPEC001/Evidence/milestone-6/source-and-facility-substitution.md	e3b8f5af0755e7550a0c8d4498ec2101ab591b186682df55bc8b9484215392dd
Tests/ContractFixtures/SPEC001/Evidence/milestone-7/diagnostic-profile-equivalence.md	a5a8c2f7676786ae8e9b405fa45ca7c0ad00fb6202fe0adb9b740e1f54863f9e
Tests/ContractFixtures/SPEC001/Evidence/milestone-7/exhaustive-failure-matrix.md	73dc31a5f6d3e7400b5b953b18b50bdfd64d66a68a64b568468c9d8c80e1e571
Tests/ContractFixtures/SPEC001/Evidence/milestone-7/host-loop-rehearsal.md	6025d913204d2f35ef4c47237f4145c5744fa26b5a5b7ca3cf1da530a7cb23ec
Tests/ContractFixtures/SPEC001/Evidence/milestone-7/macos-dynamic-reference-trace.tsv	1084f5c05c0f5e522d154bb7a4440f0c5453d3d41c63a4f227b579b26ee99c44
Tests/ContractFixtures/SPEC001/Evidence/milestone-7/macos-static-reference-trace.tsv	a8482496cc7fefcdc78e51ed7843b4b28bcdb21df42a320c08279d12879f0949
Tests/ContractFixtures/SPEC001/Evidence/milestone-7/nrf-ordered-trace.tsv	e1ed2a3f87c31dc993da39b015909585ec974c89bd6a09899444fa2593d1c4b5
Tests/ContractFixtures/SPEC001/Evidence/milestone-7/pi-ordered-trace.tsv	49b0306af8db4b27a4a8a4c7da28aae31e12c3778c81d82dc00255577641b3d0
Tests/ContractFixtures/SPEC001/Evidence/milestone-7/raster-candidates/README.md	e2f4f84d82a28bc3c138fcfed3d1cb3c0eaac43319d6d060625faeaea0115935
Tests/ContractFixtures/SPEC001/Evidence/milestone-7/raster-candidates/nrf-cleared.png	a67a221f3e48b37bca1bc6399e4df35623da9d17a8cfcc670382ba9c4adb0ca9
Tests/ContractFixtures/SPEC001/Evidence/milestone-7/raster-candidates/nrf-diagnostic.png	6047c769aea4b3dd45ef1232629cd98d65dfefb9029af4b6d7fac3e829cf84bd
Tests/ContractFixtures/SPEC001/Evidence/milestone-7/raster-candidates/nrf-idle.png	bc2653210fff66b3d24994087ecd81cfadb4d67891dd65a11d47a205caa89e72
Tests/ContractFixtures/SPEC001/Evidence/milestone-7/raster-candidates/nrf-running-four-traces.png	881331782ef9db0148d9e6357ba1848522acc03a195a8e62fbca687c2dccea9a
Tests/ContractFixtures/SPEC001/Evidence/milestone-7/raster-candidates/nrf-stopped.png	63d2e516dccb5f53449ab4bf5a7deaed115c029ca15b656e7d57c01a7e45790d
Tests/ContractFixtures/SPEC001/Evidence/milestone-7/raster-candidates/nrf-window-five-seconds.png	f790d5128cd36936ccc01dde0a4e791ed1c52d12d4823d0e2b32e6fabf97f24a
Tests/ContractFixtures/SPEC001/Evidence/milestone-7/raster-candidates/nrf-window-one-second.png	02612eef2c3578f90cecdcf8530cb89b554888f1349ffecbfdf31ecb0c90cf23
Tests/ContractFixtures/SPEC001/Evidence/milestone-7/raster-candidates/nrf-window-two-seconds.png	a67a221f3e48b37bca1bc6399e4df35623da9d17a8cfcc670382ba9c4adb0ca9
Tests/ContractFixtures/SPEC001/Evidence/milestone-7/raster-candidates/pi-cleared-physical.png	3a6fbde8847412c44c90c5f9a5486a8d98f1ad0e081b251e21804a35c2ef1210
Tests/ContractFixtures/SPEC001/Evidence/milestone-7/raster-candidates/pi-cleared.png	48356919b32565e0fd739d142f89f658d5104bbd61d6d58043d29eb85edfd7ed
Tests/ContractFixtures/SPEC001/Evidence/milestone-7/raster-candidates/pi-diagnostic-physical.png	70c9d79ebce295529476c9d21f805ff0396fbace264f9c91f999536d4d25b6a0
Tests/ContractFixtures/SPEC001/Evidence/milestone-7/raster-candidates/pi-diagnostic.png	d1cd6a0a6199a448180845c9d5cd43708aebb75c11402bcfa7c0e99f634b2e8d
Tests/ContractFixtures/SPEC001/Evidence/milestone-7/raster-candidates/pi-idle-physical.png	860f32a639c8d59d6cb6929913b5a07fe708c3f7eee739df9cd5bd84af371f97
Tests/ContractFixtures/SPEC001/Evidence/milestone-7/raster-candidates/pi-idle.png	e6e45afc3754d8b58cd09f2401ba6c285c38e32153b59572274ac882c86b4732
Tests/ContractFixtures/SPEC001/Evidence/milestone-7/raster-candidates/pi-running-four-traces-physical.png	954507f00a42ce6dc86d33f4ce1e8e65f9bc53ae57f7c0f147b1f0c36184b8dc
Tests/ContractFixtures/SPEC001/Evidence/milestone-7/raster-candidates/pi-running-four-traces.png	aa0ae47f59c15664ebcd7115fb6c771886215a8fa3e965422444e3f3b900a6b9
Tests/ContractFixtures/SPEC001/Evidence/milestone-7/raster-candidates/pi-stopped-physical.png	62a73502ecb70937e289ffa505e33b9d5f1e050308cb3841e54425d139518fd5
Tests/ContractFixtures/SPEC001/Evidence/milestone-7/raster-candidates/pi-stopped.png	f4c49e4b1baa8a79f3507e3d5f4576832df597bdd6e82d2bb3d327d400afc956
Tests/ContractFixtures/SPEC001/Evidence/milestone-7/raster-candidates/pi-window-five-seconds-physical.png	9c8c23a10c71c0b75142747208e9ea848baa1486e4ae05f7ad80149d1bd22263
Tests/ContractFixtures/SPEC001/Evidence/milestone-7/raster-candidates/pi-window-five-seconds.png	074e5fe5575480af41cf11a55b26c761ca1f415fb265f87220ca3ddd6c750d95
Tests/ContractFixtures/SPEC001/Evidence/milestone-7/raster-candidates/pi-window-one-second-physical.png	9639cbb5833c1de0c726533d6bcc97276541de2dc3e801492a7bd27201b543f3
Tests/ContractFixtures/SPEC001/Evidence/milestone-7/raster-candidates/pi-window-one-second.png	e66f2b081f9ec7ca7892f50edca852b80193465d1d7511ad48c367263e489858
Tests/ContractFixtures/SPEC001/Evidence/milestone-7/raster-candidates/pi-window-two-seconds-physical.png	3a6fbde8847412c44c90c5f9a5486a8d98f1ad0e081b251e21804a35c2ef1210
Tests/ContractFixtures/SPEC001/Evidence/milestone-7/raster-candidates/pi-window-two-seconds.png	48356919b32565e0fd739d142f89f658d5104bbd61d6d58043d29eb85edfd7ed
Tests/ContractFixtures/SPEC001/Evidence/milestone-7/revision-exhaustion.md	1d9cb6bd7a1f39cfd9f0cbd5dd0b98b1f2b37fa636b8523dd968aea6c64639a7
Tests/ContractFixtures/SPEC001/Evidence/milestone-7/sustained-workload-and-resources.md	7fd7325e30b6df8d2ca38ad275fc1280abd78c415937483e359bf2a95272cb42
Tests/ContractFixtures/SPEC001/Evidence/milestone-8/adaptive-layout-20261001/README.md	702a79c2fb2b6ed160f33d88e7a3beae6d3e7bc895790a42745f9ae482d178e2
Tests/ContractFixtures/SPEC001/Evidence/milestone-8/adaptive-layout-20261001/arm-attributes.txt	b1cf2c133bb70839666f3326d91a0da2d075641c44ddc64a4157c80a30a7230a
Tests/ContractFixtures/SPEC001/Evidence/milestone-8/adaptive-layout-20261001/audit-failure-summary.txt	27fc16119fb71b245d31da2518d97046ed30038ccbb549143836192a873ada6a
Tests/ContractFixtures/SPEC001/Evidence/milestone-8/adaptive-layout-20261001/baseline-audit-replay.txt	7c927fe694b8f1e65dd036c07be8ef76689f0844137be56df6cf04638cdfd9cc
Tests/ContractFixtures/SPEC001/Evidence/milestone-8/adaptive-layout-20261001/firmware-build.log	67fc46149f4bd2d1022d80b59a1144fa88559cab569747c95f159727a49de549
Tests/ContractFixtures/SPEC001/Evidence/milestone-8/adaptive-layout-20261001/focused-tests.log	355b27de685dd3e23466995426cac29266ce10f400a76ee18ff28f4701724452
Tests/ContractFixtures/SPEC001/Evidence/milestone-8/adaptive-layout-20261001/memory-summary.txt	ff604c0ddef3dd730d3cb8413feda686b5544ba393b32a96f63e75f85f054273
Tests/ContractFixtures/SPEC001/Evidence/milestone-8/adaptive-layout-20261001/nrf-behavior-comparison.txt	7c9ab4c3469243294eca2b41b25b205e2d7094fa10b8e1f380dc08b913b981cf
Tests/ContractFixtures/SPEC001/Evidence/milestone-8/adaptive-layout-20261001/nrf-cleared.png	69fe4bed1ebb82845ffa4cb074c7d346d342c41c8794867ca8954727a16105a7
Tests/ContractFixtures/SPEC001/Evidence/milestone-8/adaptive-layout-20261001/nrf-diagnostic.png	6bde85ea4cfc3f3d7b87138fa44f8a8c7860a0d8fd85dac902cacaa7e6031e5f
Tests/ContractFixtures/SPEC001/Evidence/milestone-8/adaptive-layout-20261001/nrf-fault-results.txt	c2e9205d159ee707bcbb881c83fb43da08a181740be90ef061d51efcfa745f60
Tests/ContractFixtures/SPEC001/Evidence/milestone-8/adaptive-layout-20261001/nrf-idle.png	b8fb6643b54e1774737f196a779ff2fc29a681ee2c8354185a89fc8135ba1614
Tests/ContractFixtures/SPEC001/Evidence/milestone-8/adaptive-layout-20261001/nrf-raster-hashes.tsv	66954ec9fa3c74a6abb8ec6eec5997711a85eda7e9883e3ff6141a8635190565
Tests/ContractFixtures/SPEC001/Evidence/milestone-8/adaptive-layout-20261001/nrf-running-four-traces.png	4d8d439354c152dccba23022bfb3dc575a87dbabec76fad5dc1a0ded57994063
Tests/ContractFixtures/SPEC001/Evidence/milestone-8/adaptive-layout-20261001/nrf-stopped.png	7a0be9e5946dfa467afea66649826c94688f31bc5924435fdb9d13c9814f597e
Tests/ContractFixtures/SPEC001/Evidence/milestone-8/adaptive-layout-20261001/nrf-window-five-seconds.png	aaace01717884f0527b33ee63aa0e9d5626e4096bb1e9281adb8053dfc0153da
Tests/ContractFixtures/SPEC001/Evidence/milestone-8/adaptive-layout-20261001/nrf-window-one-second.png	dd63c9162935719b607b5fd502eedce2912dc009c6e40de41c9577e12b019dc4
Tests/ContractFixtures/SPEC001/Evidence/milestone-8/adaptive-layout-20261001/nrf-window-two-seconds.png	69fe4bed1ebb82845ffa4cb074c7d346d342c41c8794867ca8954727a16105a7
Tests/ContractFixtures/SPEC001/Evidence/milestone-8/adaptive-layout-20261001/pi-behavior-comparison.txt	4fb87ae35e4311980840daec94b033cca969e8bedb6081994ef34f11d96976b9
Tests/ContractFixtures/SPEC001/Evidence/milestone-8/adaptive-layout-20261001/pi-cleared-physical.png	791693d76e0f7d24a27ea5c75180b53c654154ced011dd4dda5ee3fada7c0610
Tests/ContractFixtures/SPEC001/Evidence/milestone-8/adaptive-layout-20261001/pi-cleared.png	3c01010a03051e94348fab1b786794bfbcb5de0114031486b6ea369f5cae7145
Tests/ContractFixtures/SPEC001/Evidence/milestone-8/adaptive-layout-20261001/pi-diagnostic-physical.png	ef4e57b4a7117033f485f2f41dc40d987a176d9ea5c08201b1a8c51dfd09649b
Tests/ContractFixtures/SPEC001/Evidence/milestone-8/adaptive-layout-20261001/pi-diagnostic.png	faf48622c400ab9857bd87d9f555c6f736de611ac8735a60b060a88992aac295
Tests/ContractFixtures/SPEC001/Evidence/milestone-8/adaptive-layout-20261001/pi-fault-results.txt	2b741716a741878389c0a0adeede418347122b93471ed62616a4b994414a52e9
Tests/ContractFixtures/SPEC001/Evidence/milestone-8/adaptive-layout-20261001/pi-idle-physical.png	1edccb27cf4dbed42fd1ceeb3507c750eee6d4705dd65ef1a7f2b1c91963fb73
Tests/ContractFixtures/SPEC001/Evidence/milestone-8/adaptive-layout-20261001/pi-idle.png	6da229194691bf4c3239209c96c0c984308b9921471d8f48e76369e717e60fb8
Tests/ContractFixtures/SPEC001/Evidence/milestone-8/adaptive-layout-20261001/pi-raster-hashes.tsv	74be7e0634852cd7c63fc867f83ed73586c6fa71927f35f83cefe2de73e07af6
Tests/ContractFixtures/SPEC001/Evidence/milestone-8/adaptive-layout-20261001/pi-running-four-traces-physical.png	fec098ce82a7fe89298c98f422887da8c8ad7dce134823a4a45578878fe78c04
Tests/ContractFixtures/SPEC001/Evidence/milestone-8/adaptive-layout-20261001/pi-running-four-traces.png	5f138cb8573320f8c42ecaebbb799ca1919e0d378a2baeeb961585a018e2ff8c
Tests/ContractFixtures/SPEC001/Evidence/milestone-8/adaptive-layout-20261001/pi-stopped-physical.png	db8b8f0579b08873bc10a786dfd13f8dad2101a0a3d44b2acafba01f1ce14326
Tests/ContractFixtures/SPEC001/Evidence/milestone-8/adaptive-layout-20261001/pi-stopped.png	ce1c8ceea78cf4a56565974f5a1c0ded794040a0d11d93612c262978d08371f4
Tests/ContractFixtures/SPEC001/Evidence/milestone-8/adaptive-layout-20261001/pi-window-five-seconds-physical.png	3cd74f95f3de3889d2c9ab18deed3fa3f58c0ee9f60fc5e94f96267507215378
Tests/ContractFixtures/SPEC001/Evidence/milestone-8/adaptive-layout-20261001/pi-window-five-seconds.png	6419e6030e49fa681045e28593f3eafcff38a61b4caa4ae789b003ba4b424d07
Tests/ContractFixtures/SPEC001/Evidence/milestone-8/adaptive-layout-20261001/pi-window-one-second-physical.png	20ee4d2760766b7fa16430bd5c1046fbed3d9e6d1c8a8c400c68110d5bb93ac0
Tests/ContractFixtures/SPEC001/Evidence/milestone-8/adaptive-layout-20261001/pi-window-one-second.png	c3dc9a8b0c9f3fcc876eb3666d1039e3ba8f5a1c0526f474c143ab22fb0e23b2
Tests/ContractFixtures/SPEC001/Evidence/milestone-8/adaptive-layout-20261001/pi-window-two-seconds-physical.png	791693d76e0f7d24a27ea5c75180b53c654154ced011dd4dda5ee3fada7c0610
Tests/ContractFixtures/SPEC001/Evidence/milestone-8/adaptive-layout-20261001/pi-window-two-seconds.png	3c01010a03051e94348fab1b786794bfbcb5de0114031486b6ea369f5cae7145
Tests/ContractFixtures/SPEC001/Evidence/milestone-8/adaptive-layout-20261001/repository-gate.log	1c967dea16d06905288cbe5488ef532592154082198a569d226302b85482a3ff
Tests/ContractFixtures/SPEC001/Evidence/milestone-8/adaptive-layout-20261001/repository-results.tsv	e1c0bcaf843535fd06d844389e1d2dd831d71c05e060a4e01732f36ead7b4dab
Tests/ContractFixtures/SPEC001/Evidence/milestone-8/adaptive-layout-20261001/source-hashes.tsv	ea6a94f19a6e518a744b4360dd8e8175a13418cde692a5ed77e8617e1a24bbc8
Tests/ContractFixtures/SPEC001/Evidence/milestone-8/adaptive-layout-20261001/unit-test-summary.txt	779cc22ec50f90be7812958b3c09122f9afc2c3d5307e546ea78a706f982266f
Tests/ContractFixtures/SPEC001/Evidence/milestone-8/font-parity-20261001/README.md	986bf9dc9d059a62d126cd381937e25ae23fbb55120948f2a9488faefd52b673
Tests/ContractFixtures/SPEC001/Evidence/milestone-8/font-parity-20261001/nrf-behavior-comparison.txt	7c9ab4c3469243294eca2b41b25b205e2d7094fa10b8e1f380dc08b913b981cf
Tests/ContractFixtures/SPEC001/Evidence/milestone-8/font-parity-20261001/nrf-diagnostic.png	6bde85ea4cfc3f3d7b87138fa44f8a8c7860a0d8fd85dac902cacaa7e6031e5f
Tests/ContractFixtures/SPEC001/Evidence/milestone-8/font-parity-20261001/nrf-fault-results.txt	c2e9205d159ee707bcbb881c83fb43da08a181740be90ef061d51efcfa745f60
Tests/ContractFixtures/SPEC001/Evidence/milestone-8/font-parity-20261001/nrf-running-four-traces.png	4d8d439354c152dccba23022bfb3dc575a87dbabec76fad5dc1a0ded57994063
Tests/ContractFixtures/SPEC001/Evidence/milestone-8/font-parity-20261001/pi-behavior-comparison.txt	4fb87ae35e4311980840daec94b033cca969e8bedb6081994ef34f11d96976b9
Tests/ContractFixtures/SPEC001/Evidence/milestone-8/font-parity-20261001/pi-build.log	964c7ca531d8101e1787585fb44a19a8f7ee1f39fe05e4c60f4c4636654c10bd
Tests/ContractFixtures/SPEC001/Evidence/milestone-8/font-parity-20261001/pi-diagnostic.png	a76266b27504ee7fbd31aa99fcd6fad70b05717c403d0fa90fac0b1fa6d96205
Tests/ContractFixtures/SPEC001/Evidence/milestone-8/font-parity-20261001/pi-fault-results.txt	2b741716a741878389c0a0adeede418347122b93471ed62616a4b994414a52e9
Tests/ContractFixtures/SPEC001/Evidence/milestone-8/font-parity-20261001/pi-identities.txt	75d3c270b13f92a40ef71713f501dad25f4cf1c9f463eebe00f0e0929c091b87
Tests/ContractFixtures/SPEC001/Evidence/milestone-8/font-parity-20261001/pi-raster-hashes.tsv	59d123453b178f03018db8bff2951445204db04ed117cebb26a6f720aa5ad4eb
Tests/ContractFixtures/SPEC001/Evidence/milestone-8/font-parity-20261001/pi-running-four-traces.png	3265a4d099e92bf958b526ddbcb694941be15e2ed04d2b2dd1a06582cb465f6e
Tests/ContractFixtures/SPEC001/Evidence/milestone-8/font-parity-20261001/pixel-font-parity.txt	dfefac2ba4726809c68b3ae30d2c567833953dceb2f67d4a8a59f2ff01c324c3
Tests/ContractFixtures/SPEC001/Evidence/milestone-8/font-parity-20261001/repository-gate-results.tsv	ca9b4b9f6d5e42dd7384b3fc78063c72c4af3a39855b657b10593f925ddd8920
Tests/ContractFixtures/SPEC001/Evidence/milestone-8/font-parity-20261001/repository-gate.log	69e65c134f36a3182803ea9ac47e721b60b53930b58b391ad212930e58c473d7
Tests/ContractFixtures/SPEC001/Evidence/milestone-8/font-parity-20261001/source-hashes.tsv	c6b5882fe17ea8e5f861d2c8f877b10a17a0310c609180f476fcd46e1364c050
Tests/ContractFixtures/SPEC001/Evidence/milestone-8/font-parity-20261001/unit-test-summary.txt	21dc50edd9aeb443826372d4b9749bd70f8a1fbf66dc54c0e0ab6e993393d224
Tests/ContractFixtures/SPEC001/Evidence/milestone-8/nrf52840-240x320-connected-attempt.md	0b9b606875a29104bda07a064e9baa069edd1fb2a3ec014768c6cf3126463a82
Tests/ContractFixtures/SPEC001/Evidence/milestone-8/nrf52840-240x320-hardware-free.md	ec7dde6811d43a92beb195b595b62c153648119b962dcc2e71a5adccf6515c9e
Tests/ContractFixtures/SPEC001/Evidence/milestone-8/nrf52840-320x240-connected-landscape.jpg	802e5b1d0f163005c242db87623b70ab3c5284b92fe2803fbcd51cadfa0c35c9
Tests/ContractFixtures/SPEC001/Evidence/milestone-8/nrf52840-320x240-landscape-candidate.md	fecd341b9fb95622c3c1a3378d79e2491f615a7af24fd379289edec53f7648e5
Tests/ContractFixtures/SPEC001/Evidence/milestone-8/nrf52840-connected-attempt.md	774416cc378e26c4873265ffa4b4b1cbddf8ae4a16b8917c2dc8be85c20245e8
Tests/ContractFixtures/SPEC001/Evidence/milestone-8/pi-active-frame-20260927.png	65309ad1ccaa6f64d0cb93d38d12768566d86db7b76e0bfc9dfe2eb476417917
Tests/ContractFixtures/SPEC001/Evidence/milestone-8/pi-active-frame-20260927.rgb565le.gz	4d03353d0c87d80c5e771b577501ee9b1fe52d6eab46c5d2ad1fc04bbcbcfc3f
Tests/ContractFixtures/SPEC001/Evidence/milestone-8/pi-cold-derive-profile-20260928.log	24286554e96803339b1a8e0cce88d2c0a6a4b9bd9398996b20bbe0c4390feda5
Tests/ContractFixtures/SPEC001/Evidence/milestone-8/pi-cold-frame-optimization-20260928.md	30c23f4ad3a3298eb334b591ebb3fc3239f8f932bdfc0080bd08cdd228118ec8
Tests/ContractFixtures/SPEC001/Evidence/milestone-8/pi-cold-pixel-read-repeat-20260928.log	2886d97f855676d62a246f52141ce2375939fb28fdd424edbc31bbd574c0f2fd
Tests/ContractFixtures/SPEC001/Evidence/milestone-8/pi-cold-pixel-read-trace-20260928.log	57e6800e48e24ca9e37933379cab6bdde75ed01ce0f4f6771792d773bd4b5aac
Tests/ContractFixtures/SPEC001/Evidence/milestone-8/pi-cold-pixel-writer-repeat-20260928.log	4bf560f56e764575cbaee097a7b2e44b0bb3ef79d1e6cd3e39f7afd7080e3835
Tests/ContractFixtures/SPEC001/Evidence/milestone-8/pi-cold-pixel-writer-trace-20260928.log	9d52f7ce9ce6226744dc768a4366ad9c580a79affd8bc9f0d95b648dc5e34356
Tests/ContractFixtures/SPEC001/Evidence/milestone-8/pi-cold-run-scanner-repeat-20260928.log	5b83c60adeef2b1f030e295165e7afb6a8407ad78890d8e3b6a38c2e7d5f2011
Tests/ContractFixtures/SPEC001/Evidence/milestone-8/pi-cold-run-scanner-trace-20260928.log	5a1e16bca3f1a88b02b52a2bb1b871f071a9dc3195b9c808962ac8b21bcc3781
Tests/ContractFixtures/SPEC001/Evidence/milestone-8/pi-cold-semantic-publish-profile-20260928.log	393721eb0d31a50a8d7791fff85cec3f8bd71124cbb5c659162205f8b71a792b
Tests/ContractFixtures/SPEC001/Evidence/milestone-8/pi-cold-semantic-sort-once-20260928.md	3bee9a9cb7cbc41c454c6c68f65365c10e980a8495f742b411924363e90c1df9
Tests/ContractFixtures/SPEC001/Evidence/milestone-8/pi-cold-semantic-sort-once-profile-20260928.log	4c909b1d933baae19e8e4d950f3f4c95607fa24037d6d278f972dae54771fd10
Tests/ContractFixtures/SPEC001/Evidence/milestone-8/pi-cold-semantic-sort-once-repeat-20260928.log	ccca5f8078837c1260760b4ca69b766a9c0d01418592b177021f70ef41ede6c1
Tests/ContractFixtures/SPEC001/Evidence/milestone-8/pi-cold-semantic-sort-once-timer-free-60s-20260928.log	359f3570d225127a3a7217450e9bb6560bc2b56e0ba92f0919f81a7c3c03477d
Tests/ContractFixtures/SPEC001/Evidence/milestone-8/pi-cold-semantic-sort-once-timer-free-repeat-60s-20260928.log	25ca60e230fa422d7e8e6ef8ddd14835bc0292dde9e64e15f6f58d5768d663dd
Tests/ContractFixtures/SPEC001/Evidence/milestone-8/pi-connected-frame-20260927.png	b3c00c6f1f77e5ab8308d981924445db24e6ea7f6e5863a3ea980315d868abd0
Tests/ContractFixtures/SPEC001/Evidence/milestone-8/pi-connected-run-20260927.log	4d2c98ffedfe48ac83c71fe39ddc608e930dbfcca1d1af2187a8a09d2ea21b78
Tests/ContractFixtures/SPEC001/Evidence/milestone-8/pi-derivation-baseline-profile-20260928.log	a3b669a2c2b0774aa208b939eaf0dc8241381c9ff9a199457f1a7159d382c63b
Tests/ContractFixtures/SPEC001/Evidence/milestone-8/pi-derivation-followup-20260928.md	374b95aa48e99505fcfa102a7be233e8f20ef734ac2d74a68112252820f2ac78
Tests/ContractFixtures/SPEC001/Evidence/milestone-8/pi-frame-performance-candidate-20260927.md	3f1e9a757c5b2de249127f909b924f26b7d47ac6d2c09d1885669e186456694c
Tests/ContractFixtures/SPEC001/Evidence/milestone-8/pi-full-surface-initial-full-20260928.log	01c24b624caa75ea0050e4ea403d44071eeac843929e577b2dcb9c008688501d
Tests/ContractFixtures/SPEC001/Evidence/milestone-8/pi-full-surface-initial-full-repeat-20260928.log	1fc72d1098fec8c5fafcab8dfb5f19b7b5f6bb1784d0103fa98d703ae3b1dc2b
Tests/ContractFixtures/SPEC001/Evidence/milestone-8/pi-full-surface-initial-full-sha256-20260928.txt	c9b806bfbac515ebc84d3d263bb1e67d73f92d1aca5fe6904508201c2913f05e
Tests/ContractFixtures/SPEC001/Evidence/milestone-8/pi-full-surface-initial-tiled-20260928.log	b3262e5e2894bff59a66a95b2d4ce81ac32d73f4395b8b25e5499a39a2fbbc44
Tests/ContractFixtures/SPEC001/Evidence/milestone-8/pi-full-surface-initial-tiled-repeat-20260928.log	044526edb7ed05f3d30321b0afad025f02250e99da4650e09c4359fbede8159b
Tests/ContractFixtures/SPEC001/Evidence/milestone-8/pi-full-surface-initial-tiled-repeat-sha256-20260928.txt	3d452fc9ec0b0fb3b656b054b975ee00e56ca7c8172b0e0b1ffc4a643c2a3fc3
Tests/ContractFixtures/SPEC001/Evidence/milestone-8/pi-full-surface-initial-tiled-sha256-20260928.txt	3d452fc9ec0b0fb3b656b054b975ee00e56ca7c8172b0e0b1ffc4a643c2a3fc3
Tests/ContractFixtures/SPEC001/Evidence/milestone-8/pi-fullwidth-connected-20260927.png	127b735ae6b7272063c89dcd70c0705fb49f81a4a3f10a01b0dc865ecbb6969e
Tests/ContractFixtures/SPEC001/Evidence/milestone-8/pi-fullwidth-connected-20260927.rgb565le.gz	99dd8ab5afaa2e0eb36d50d2425830fe37b7d7eac27e768c7ac1875972dfe0a0
Tests/ContractFixtures/SPEC001/Evidence/milestone-8/pi-fullwidth-run-20260927.log	40807ec79ad023730c5b13ffc0b5ff63aa73410cfe142c35becf1934423e9c4b
Tests/ContractFixtures/SPEC001/Evidence/milestone-8/pi-fullwidth-touch-20260927.log	460bb293ebec65a417b7de621b330afb2f58e6fce2d1cfa125753374dd46bb22
Tests/ContractFixtures/SPEC001/Evidence/milestone-8/pi-indexed-layout-candidate-60s-20260928.log	6bf5b054aacc439ba75d80e051432439b9260f971428d46ceff5844454cd4480
Tests/ContractFixtures/SPEC001/Evidence/milestone-8/pi-indexed-layout-candidate-profile-20260928.log	e4967c6d495a5e54aafcdbfd4dc1284d342f79cf98bc48237e321e349d28080b
Tests/ContractFixtures/SPEC001/Evidence/milestone-8/pi-layout-lookup-frame-trace-20260928.log	945b6141fae73bbd8b19fb7f483400a0a1b5c98b9bfa36c705e2452e524bc993
Tests/ContractFixtures/SPEC001/Evidence/milestone-8/pi-packed-projection-candidate-20260928.md	324cb1e4f3c46888c2bdb3b8942c75f77567ac81294b24b034201147a6ff34c0
Tests/ContractFixtures/SPEC001/Evidence/milestone-8/pi-performance-analysis-20260927.md	a8936fa9afed9619b7cd3511c8fa236d4f8fed14b37568dc45ca58406bba481e
Tests/ContractFixtures/SPEC001/Evidence/milestone-8/pi-performance-baseline-20260927.log	a78d9d57f7532f8bc0691a341ab94523597e9f966ea0ddbc6930e854b2590b37
Tests/ContractFixtures/SPEC001/Evidence/milestone-8/pi-performance-candidate-connected-20260928.log	7fb00780d3812d5b1cd5b167004ce383d429b1cc59a0fcdf055d8089ff758370
Tests/ContractFixtures/SPEC001/Evidence/milestone-8/pi-performance-candidate-detailed-instrumentation-20260928.patch	df723e8c68d122ac3d502ccc4e90435b34c301af7baf9a761e3276ec9d1fde78
Tests/ContractFixtures/SPEC001/Evidence/milestone-8/pi-performance-candidate-focused-20260928.log	1717cdb64fbf0dc3ba8b482328ce5d8b54b18001d74d9ad61996b81a6410beb5
Tests/ContractFixtures/SPEC001/Evidence/milestone-8/pi-performance-candidate-light-instrumentation-20260928.patch	dfc44a2554f6b0edf5031be734f40e540f553f1318be92be2a3678dae6179c2b
Tests/ContractFixtures/SPEC001/Evidence/milestone-8/pi-performance-candidate-light-profile-20260928.log	1d8110e214aca3056874b46c37dc294e7a4816e813da7ed377bce541505b44b2
Tests/ContractFixtures/SPEC001/Evidence/milestone-8/pi-performance-candidate-measurement-20260928.md	7c962f7866fb1c5d2b6a68772c5cf894d71dfad521233214ef6808a74dfda254
Tests/ContractFixtures/SPEC001/Evidence/milestone-8/pi-performance-closeout-20260930.md	135be0762e50900b858bda66939ecb68aaf1699356bf6a85d441a62941aa0831
Tests/ContractFixtures/SPEC001/Evidence/milestone-8/pi-performance-closeout-gate-20260930.tsv	de59fc6effac74547889fce7807d7efeb7c103103811c040676aff5a27611d6a
Tests/ContractFixtures/SPEC001/Evidence/milestone-8/pi-performance-final-retry-20260927.log	9b1460b4964b0f81e2db88d7151365718a3afce7d1fc9b519f7276b87b6ba63a
Tests/ContractFixtures/SPEC001/Evidence/milestone-8/pi-performance-focused-profile-20260927.log	8a3d5af7ee361a3bb615c58278a0795c258ca3d1066f75c223e247adb2795ecd
Tests/ContractFixtures/SPEC001/Evidence/milestone-8/pi-performance-layout-fill-profile-20260927.log	28f6c2d255bbec69cdbf3c03385f44f2a727afad0d9bc6f230a160380257af58
Tests/ContractFixtures/SPEC001/Evidence/milestone-8/pi-performance-layout-fill-profile-retry-20260927.log	b38fabfc75003d046a5035128f3c5c4fd8515dd43e409c1e86ce1e8937297a07
Tests/ContractFixtures/SPEC001/Evidence/milestone-8/pi-performance-layout-lookup-connected-20260928.log	558e526d6f5ce3e87475b0d10e7a518941c0dd6d136c569015388eb05ad68e84
Tests/ContractFixtures/SPEC001/Evidence/milestone-8/pi-performance-layout-lookup-incremental-gdb-20260928.log	3a149f1d5b91a85857b22999a0a49a3bb608362160d2fa9383b54d98c9869bf9
Tests/ContractFixtures/SPEC001/Evidence/milestone-8/pi-performance-layout-lookup-measurement-20260928.md	1eaf92b94cdb1ef8424d7f526bfca4bb55b320b84f618aac3e3af1c063d815b2
Tests/ContractFixtures/SPEC001/Evidence/milestone-8/pi-performance-optimization-20260927.md	3166376662af45c9c6987e388f7ab39d4e7d7d014cc1011d66b9b5b59a5c078b
Tests/ContractFixtures/SPEC001/Evidence/milestone-8/pi-performance-optimized-20260927.log	e8144e371d1f1ae28f127368c0425815df8b4b7e8290af9006039d563405a95f
Tests/ContractFixtures/SPEC001/Evidence/milestone-8/pi-performance-optimized-frame-20260927.png	f84ab21dbbbb64f4725d0843e4f2cce3fc34b20579728451212a034c277278bd
Tests/ContractFixtures/SPEC001/Evidence/milestone-8/pi-performance-optimized-frame-20260927.rgb565le.gz	08d40cddadbbfde05ed8a7d8ea8d79ba2de53ca073ef78b6d643e26d62d5a6de
Tests/ContractFixtures/SPEC001/Evidence/milestone-8/pi-performance-packed-connected-20260928.log	4040723e17e96b0d35215079fdcc27ad47a1a362c8290797e717aa1c9766bec5
Tests/ContractFixtures/SPEC001/Evidence/milestone-8/pi-performance-phase-investigation-20260927.md	ea97a348c15a0397b018c275d47aba897a94129f099191511cf3d0a42ce2b516
Tests/ContractFixtures/SPEC001/Evidence/milestone-8/pi-performance-phase-profile-20260927.log	ec01afbd37b085cff70c66d1786a8540c3a9220806bd5e6bf4c97aad1d00c678
Tests/ContractFixtures/SPEC001/Evidence/milestone-8/pi-performance-retained-cache-rejected-20260927.log	55cb161286a0197ab28e71fb3a5bb2687ac5e8d770d3b0b99b2aa72701b6c21d
Tests/ContractFixtures/SPEC001/Evidence/milestone-8/pi-performance-row-scratch-20260927.log	74ded10af28cb145e3a549da4e2903911934249db0a7e79678380f5654d1442f
Tests/ContractFixtures/SPEC001/Evidence/milestone-8/pi-performance-semantic-lookup-20260927.log	5a96c511f661b643c927e3a52e9b8a1207ffc057e38b925096b29a1cd158204d
Tests/ContractFixtures/SPEC001/Evidence/milestone-8/pi-performance-single-validation-20260927.log	8fd9aba55c03e259476e6ae871979bd5ab43199df26d99733023cb46bd4f63e0
Tests/ContractFixtures/SPEC001/Evidence/milestone-8/pi-performance-trace-instrumentation-20260927.patch	a84e193be04c43e62f8fb0fd0866788d566f5a8e00a9a19555dc008d62ea37c7
Tests/ContractFixtures/SPEC001/Evidence/milestone-8/pi-physical-surface-60s-20260928.log	941b272b2494cd3b47e9d3b2c93101ca74feb8aed1f1eb695ecb297ff7a5897e
Tests/ContractFixtures/SPEC001/Evidence/milestone-8/pi-physical-surface-experiment-20260928.md	fc888b5bae607fe45d1920ef33db38921fe33f44db0badf0b62fdef8bfd6ceea
Tests/ContractFixtures/SPEC001/Evidence/milestone-8/pi-physical-surface-initial-20260928.log	8fd712d4f6ad525b300aa21e7ea3d767017485817cd0330fb9498f4e3f76b6c4
Tests/ContractFixtures/SPEC001/Evidence/milestone-8/pi-physical-surface-initial-sha256-20260928.txt	3d452fc9ec0b0fb3b656b054b975ee00e56ca7c8172b0e0b1ffc4a643c2a3fc3
Tests/ContractFixtures/SPEC001/Evidence/milestone-8/pi-physical-surface-repeat-60s-20260928.log	389a39c97671bf4edc22f5c1cf92c31a6d42752c50240ad0b102a9201c21ca59
Tests/ContractFixtures/SPEC001/Evidence/milestone-8/pi-physical-surface-tiled-60s-20260928.log	311d8d54ecf52a262a8807a92e5685425b8e7430026a33d36a4d5654614d09d3
Tests/ContractFixtures/SPEC001/Evidence/milestone-8/pi-semantic-publish-candidate-profile-20260928.log	96f3301699412e68f9fbb7b755c14d1b30000ea44c8baaa11203215bd940d7dc
Tests/ContractFixtures/SPEC001/Evidence/milestone-8/piscreen-partial-20260925.png	6d6599b6833282a3e14ecc9ad49f73808c9c1f27fef1c19f944c5d3e2e3dac56
Tests/ContractFixtures/SPEC001/Evidence/milestone-8/piscreen-row-skip-live-20260925.png	e6446a121fb2f35554f798f31c48e041898aa851419671b9ac3190361fbfe99e
Tests/ContractFixtures/SPEC001/Evidence/milestone-8/raspberry-pi-piscreen-attempt.md	41028451c221972bf6fd41fb30699ad0b601c582585aa4fc0b5605708cb99d79
Tests/ContractFixtures/SPEC001/Evidence/milestone-8/timeline-cleanup-20261001/README.md	0e2deb418618558630a87bca798df70e84aa26813aaf217db8e40b391d96de02
Tests/ContractFixtures/SPEC001/Evidence/milestone-8/timeline-cleanup-20261001/action-parity.log	1360a741dc74aebc7d4d6c509e7daa98a38d0aab6cc777bcbedd3985c260739d
Tests/ContractFixtures/SPEC001/Evidence/milestone-8/timeline-cleanup-20261001/artifact-sha256.txt	9dd3f1ac21d34b688fc665f455067c31867417c32aee335140ad3cf605651928
Tests/ContractFixtures/SPEC001/Evidence/milestone-8/timeline-cleanup-20261001/font-parity.log	80284a1794dd34885ed12909c4701deda374c3208bd9cbfc41d769df0906a5ba
Tests/ContractFixtures/SPEC001/Evidence/milestone-8/timeline-cleanup-20261001/format.log	e3b0c44298fc1c149afbf4c8996fb92427ae41e4649b934ca495991b7852b855
Tests/ContractFixtures/SPEC001/Evidence/milestone-8/timeline-cleanup-20261001/governance.log	65b76f65d7dfe5f2e064c5f027aae51131d1e8bc4e81d78ace959c21b65605e9
Tests/ContractFixtures/SPEC001/Evidence/milestone-8/timeline-cleanup-20261001/host-configuration-contract.log	052b81a6ee0c37908bdcc96aa103333f05291b27b287d06a58cb019ef0e38352
Tests/ContractFixtures/SPEC001/Evidence/milestone-8/timeline-cleanup-20261001/macos-dynamic-reference-trace.tsv	6fc2cea09a3ea021018fae98105c41a400be8c9c47bfb9f3a8770fc05bf5949a
Tests/ContractFixtures/SPEC001/Evidence/milestone-8/timeline-cleanup-20261001/macos-static-reference-trace.tsv	5ee5c75359f46095466cedac9c5500fd8c26d2b18b710c180ce0201b2c45ccee
Tests/ContractFixtures/SPEC001/Evidence/milestone-8/timeline-cleanup-20261001/nrf-arm-attributes.txt	b1cf2c133bb70839666f3326d91a0da2d075641c44ddc64a4157c80a30a7230a
Tests/ContractFixtures/SPEC001/Evidence/milestone-8/timeline-cleanup-20261001/nrf-build.log	00c3f14b58d05bd11097432732335f73c7dd1f72bfc321d15da5c7b1443300ce
Tests/ContractFixtures/SPEC001/Evidence/milestone-8/timeline-cleanup-20261001/nrf-diagnostic.log	c80860b44d91c837072a5b2fc5b8eba13ab6aaa1b09ba552b5ed907eea8043f6
Tests/ContractFixtures/SPEC001/Evidence/milestone-8/timeline-cleanup-20261001/nrf-diagnostic.png	f5060b5f93c94cd7c2bbb50200de95e025ddd36da1956d52c9100d7713e8f67b
Tests/ContractFixtures/SPEC001/Evidence/milestone-8/timeline-cleanup-20261001/nrf-elf-header.txt	23551c0353d31bb38b1d97342e086ff93b7d36973b4475a5305774bae1582d5c
Tests/ContractFixtures/SPEC001/Evidence/milestone-8/timeline-cleanup-20261001/nrf-faults.log	8be9eac4fce82451293f98aed6584c48c5daaf60e8b23568aff7bf9db8c10476
Tests/ContractFixtures/SPEC001/Evidence/milestone-8/timeline-cleanup-20261001/nrf-idle.png	72d5fa4993377da76a0c74dc5751eec9a5eecc6c606f1d60063ec354ed896424
Tests/ContractFixtures/SPEC001/Evidence/milestone-8/timeline-cleanup-20261001/nrf-maximum-diagnostic.log	129ef7b5d270de3bbc24bddf48acb1212949dbc82f438c6f68607fff2ae458b0
Tests/ContractFixtures/SPEC001/Evidence/milestone-8/timeline-cleanup-20261001/nrf-maximum-diagnostic.png	23ed1d8cdd21a426cfdee2664d119181fe98ef5af312a640a21938c1eccfe7ab
Tests/ContractFixtures/SPEC001/Evidence/milestone-8/timeline-cleanup-20261001/nrf-memory-summary.txt	098c6709fc45239b1a6a15134fc03e3d306702a87c8b3f1877547a5c76b25f4c
Tests/ContractFixtures/SPEC001/Evidence/milestone-8/timeline-cleanup-20261001/nrf-rasters.tsv	6cafeeb0e6fe052fec04434bb318ace5081ff3d5fa5c33d7cde1c198a4c92e1e
Tests/ContractFixtures/SPEC001/Evidence/milestone-8/timeline-cleanup-20261001/nrf-reference-comparison.log	cede96944a24371079c307bc9b9142c16b294510e8cd6aa43c49aff0bdb43750
Tests/ContractFixtures/SPEC001/Evidence/milestone-8/timeline-cleanup-20261001/nrf-rehearsal.log	0a513be28ac13db46c9f55c8f8d8aedf46de309d169fbeda434105bd8f8626eb
Tests/ContractFixtures/SPEC001/Evidence/milestone-8/timeline-cleanup-20261001/nrf-running-four-traces.png	71d9541c57ba7abad9743de5193b19e2048ce0c4eb492ecaf85c0a5192c3a538
Tests/ContractFixtures/SPEC001/Evidence/milestone-8/timeline-cleanup-20261001/nrf-stopped.png	42eca5a69780c3f5db2561b4de028f0435cf44167015565015b9ce0541dc78b0
Tests/ContractFixtures/SPEC001/Evidence/milestone-8/timeline-cleanup-20261001/nrf-window-five-seconds.png	59e1d36f7486a3a9d305a5eb0bee4dea1a2825d1693a114a0a195365881873fe
Tests/ContractFixtures/SPEC001/Evidence/milestone-8/timeline-cleanup-20261001/nrf-window-one-second.png	908641cc3701b9eea11dcd115f8f8da018f1c053e2db336023214ac4e857e17f
Tests/ContractFixtures/SPEC001/Evidence/milestone-8/timeline-cleanup-20261001/nrf-window-two-seconds.png	71d9541c57ba7abad9743de5193b19e2048ce0c4eb492ecaf85c0a5192c3a538
Tests/ContractFixtures/SPEC001/Evidence/milestone-8/timeline-cleanup-20261001/pi-build.log	2e115bf390faec01ad1f8a4054d83c1851b66543190436bd6d0534a0a3f934c4
Tests/ContractFixtures/SPEC001/Evidence/milestone-8/timeline-cleanup-20261001/pi-diagnostic-physical.png	296e588223cf94a443ea89aba1a0b18ddd8b47ca6ecc178f700eac2ea38c0abf
Tests/ContractFixtures/SPEC001/Evidence/milestone-8/timeline-cleanup-20261001/pi-diagnostic.log	eb40e548daa3de737281172b25825b05ce10e1f341b6a425c2e1a0523fb3f12e
Tests/ContractFixtures/SPEC001/Evidence/milestone-8/timeline-cleanup-20261001/pi-diagnostic.png	921898aad31474011c71e96f561d0455095d0c0a4eb5426b1a0436069df07086
Tests/ContractFixtures/SPEC001/Evidence/milestone-8/timeline-cleanup-20261001/pi-faults.log	b46d3b3a78d074f8b53755c6bb020491f8f8d50c701148959d72446a2ccca016
Tests/ContractFixtures/SPEC001/Evidence/milestone-8/timeline-cleanup-20261001/pi-idle-physical.png	acce5fbf3340b69706afd1cc7ed969c3e1eabff458cfa4674f1665491bdc3d3d
Tests/ContractFixtures/SPEC001/Evidence/milestone-8/timeline-cleanup-20261001/pi-idle.png	47e0aff5016a9abfa90640ad3249c7b8aa11d842e270e992208f08428395dd11
Tests/ContractFixtures/SPEC001/Evidence/milestone-8/timeline-cleanup-20261001/pi-rasters.tsv	b01347de94d28d66d6883109a69acdfc9b7d9fef3983439b34e5a28b3c437be7
Tests/ContractFixtures/SPEC001/Evidence/milestone-8/timeline-cleanup-20261001/pi-reference-comparison.log	ce6d132842c7efd160de7bd486f55b5496e095bbe78b63c29e2d50fc4365f6f8
Tests/ContractFixtures/SPEC001/Evidence/milestone-8/timeline-cleanup-20261001/pi-rehearsal.log	b4eccd4e8a0a4228c3c06269ad87d0b4fcfa80a99ff37f0eeab303cb228498b9
Tests/ContractFixtures/SPEC001/Evidence/milestone-8/timeline-cleanup-20261001/pi-running-four-traces-physical.png	a9ad9751f8d7437b14729c691f474590d2c3842f3c0293c4e97dd2225de2854f
Tests/ContractFixtures/SPEC001/Evidence/milestone-8/timeline-cleanup-20261001/pi-running-four-traces.png	e6f171fd95d1fd0c1305a27cb26b69814ae012a4999990f8695978ff7a2dc97e
Tests/ContractFixtures/SPEC001/Evidence/milestone-8/timeline-cleanup-20261001/pi-stopped-physical.png	ba6b5a677d50374f49b4ad9e6a69d73c4f1d95bd8c1ea0890f6b9a22bf1f7559
Tests/ContractFixtures/SPEC001/Evidence/milestone-8/timeline-cleanup-20261001/pi-stopped.png	f5ed740b283288be4f1198751f6ef7f1637f60a3e5396cc3848b64dcae06141f
Tests/ContractFixtures/SPEC001/Evidence/milestone-8/timeline-cleanup-20261001/pi-window-five-seconds-physical.png	2d0b95f8264057e4fb334346b8501343a56aa7cb314c841d95abd67367e0ecb1
Tests/ContractFixtures/SPEC001/Evidence/milestone-8/timeline-cleanup-20261001/pi-window-five-seconds.png	491ea4eaa933bb8abe3180218dfc5b76bd8571a05460b6bde2a5e8bcd557d066
Tests/ContractFixtures/SPEC001/Evidence/milestone-8/timeline-cleanup-20261001/pi-window-one-second-physical.png	95dad33e190aab20b5e54edc9189a253be7c5532b4cf811fbcb9a1091bc6a1f8
Tests/ContractFixtures/SPEC001/Evidence/milestone-8/timeline-cleanup-20261001/pi-window-one-second.png	8945dd0048961cf89a4a1a72514543f7ebf2805e7661a5977720c6da4d72136c
Tests/ContractFixtures/SPEC001/Evidence/milestone-8/timeline-cleanup-20261001/pi-window-two-seconds-physical.png	a9ad9751f8d7437b14729c691f474590d2c3842f3c0293c4e97dd2225de2854f
Tests/ContractFixtures/SPEC001/Evidence/milestone-8/timeline-cleanup-20261001/pi-window-two-seconds.png	e6f171fd95d1fd0c1305a27cb26b69814ae012a4999990f8695978ff7a2dc97e
Tests/ContractFixtures/SPEC001/Evidence/milestone-8/timeline-cleanup-20261001/portable-check.log	4e733ec950b7db2b8ccd1bb2ebc1934c18dd97f2d9c657f901f63084a7ebd4e8
Tests/ContractFixtures/SPEC001/Evidence/milestone-8/timeline-cleanup-20261001/repository-gate.log	1c967dea16d06905288cbe5488ef532592154082198a569d226302b85482a3ff
Tests/ContractFixtures/SPEC001/Evidence/milestone-8/timeline-cleanup-20261001/repository-metadata.txt	452549f59d496bd70db17c66a0cac0912e8e0883a386ffd8ea84b38a5b275e5f
Tests/ContractFixtures/SPEC001/Evidence/milestone-8/timeline-cleanup-20261001/repository-results.tsv	e1c0bcaf843535fd06d844389e1d2dd831d71c05e060a4e01732f36ead7b4dab
Tests/ContractFixtures/SPEC001/Evidence/milestone-8/timeline-cleanup-20261001/screenshot-sha256.txt	d03b5ed9f369332de5feb143d535e555a1011188345cf7b6e7ba5cf5e1cd2934
Tests/ContractFixtures/SPEC001/Evidence/milestone-8/timeline-cleanup-20261001/signal-analyzer-contract.log	2e6d7666c78fffa5e88c237247f4f4e9f53a809c41972913b9da033728637bbf
Tests/ContractFixtures/SPEC001/Evidence/milestone-8/timeline-cleanup-20261001/source-sha256.txt	85974693ffa94cc96950957a8d759a9b8a86f97e475ad6a0df9f191c2e59cd47
Tests/ContractFixtures/SPEC001/Evidence/milestone-8/timeline-cleanup-20261001/topology-check.log	e9c1f83464b0377e2118bb0e8c510f21d30c2f585e4f209f7158e20c8f28bed4
Tests/ContractFixtures/SPEC001/Evidence/milestone-8/timeline-cleanup-20261001/unit-tests.log	0347bbfab85de56330e9bc3ac76d75d1797dfea80892a28caf8fe5f92bd770aa
Tests/ContractFixtures/SPEC001/Evidence/milestone-8/touch-controls-20261001/README.md	3f693877f34c5876b61f1cc69edb75bae6ed6cbebe8963209a8b2498922a2326
Tests/ContractFixtures/SPEC001/Evidence/milestone-8/touch-controls-20261001/audit-failure-summary.txt	6d56c8ee86bd27717e3234fa25a739c8d9b3bd9f4cc2f8144b2ee0c3927b0920
Tests/ContractFixtures/SPEC001/Evidence/milestone-8/touch-controls-20261001/font-parity.txt	80284a1794dd34885ed12909c4701deda374c3208bd9cbfc41d769df0906a5ba
Tests/ContractFixtures/SPEC001/Evidence/milestone-8/touch-controls-20261001/governance.log	65b76f65d7dfe5f2e064c5f027aae51131d1e8bc4e81d78ace959c21b65605e9
Tests/ContractFixtures/SPEC001/Evidence/milestone-8/touch-controls-20261001/macos-dynamic-reference-trace.tsv	2980603f50c27a2d4ea85c9e90cbe93efc418d3d449f5c9512b6c0d4f1523158
Tests/ContractFixtures/SPEC001/Evidence/milestone-8/touch-controls-20261001/macos-static-reference-trace.tsv	ca6051207ece86f2d74d8762844eca07966c8bab9fd9d58fe2c6c576a2eb9854
Tests/ContractFixtures/SPEC001/Evidence/milestone-8/touch-controls-20261001/nrf-arm-attributes.txt	b1cf2c133bb70839666f3326d91a0da2d075641c44ddc64a4157c80a30a7230a
Tests/ContractFixtures/SPEC001/Evidence/milestone-8/touch-controls-20261001/nrf-behavior-comparison.txt	cede96944a24371079c307bc9b9142c16b294510e8cd6aa43c49aff0bdb43750
Tests/ContractFixtures/SPEC001/Evidence/milestone-8/touch-controls-20261001/nrf-build.log	baf420dae607a4dc0667e460127687d8891c2130f78d3a92a4a3a0b22f825ef0
Tests/ContractFixtures/SPEC001/Evidence/milestone-8/touch-controls-20261001/nrf-diagnostic.log	0a96adc3104ab56611081534245105c1ef46229abcd72a367622170e12ce18dd
Tests/ContractFixtures/SPEC001/Evidence/milestone-8/touch-controls-20261001/nrf-diagnostic.png	8f439090801531a3205c24651a3285c3a850a6e57b5f79b2abe6e021e10040b9
Tests/ContractFixtures/SPEC001/Evidence/milestone-8/touch-controls-20261001/nrf-faults.log	8be9eac4fce82451293f98aed6584c48c5daaf60e8b23568aff7bf9db8c10476
Tests/ContractFixtures/SPEC001/Evidence/milestone-8/touch-controls-20261001/nrf-idle.png	2c18e9adc90063a32fafc04fc1806d8de72c30c7ed42b31781de89c1dd2e82c8
Tests/ContractFixtures/SPEC001/Evidence/milestone-8/touch-controls-20261001/nrf-maximum-diagnostic.log	e901c8a967253fb339e5e8d78cf5971158d1314d7ef79afc66b91036e269d1b8
Tests/ContractFixtures/SPEC001/Evidence/milestone-8/touch-controls-20261001/nrf-maximum-diagnostic.png	7c78fa22d7e462220e3f50d69b042363578d056a4618e018b2e5937ee5cf66b1
Tests/ContractFixtures/SPEC001/Evidence/milestone-8/touch-controls-20261001/nrf-memory-summary.txt	11d9293fe96d0789a49b0820a1d98e17134557dcf4882ccc9ba6c69da35fccfd
Tests/ContractFixtures/SPEC001/Evidence/milestone-8/touch-controls-20261001/nrf-raster-hashes.tsv	35640cb3407e6a9f9ed21136e5b3fb08a8a5db87dafa5615b3a097c579d14912
Tests/ContractFixtures/SPEC001/Evidence/milestone-8/touch-controls-20261001/nrf-rehearsal.log	3c04cf8b60376eb31af2a154c5fd55b29f379c1b7753b51d23e94124b0ca93b5
Tests/ContractFixtures/SPEC001/Evidence/milestone-8/touch-controls-20261001/nrf-running-four-traces.png	6dad72eef54717f72aca7558fdfa89b9ce23fc3d229aed6bcb3797cf5a2a5ef5
Tests/ContractFixtures/SPEC001/Evidence/milestone-8/touch-controls-20261001/nrf-stopped.png	4b681905d2b892807b84edd96e4c4ad5a0461d04659a8a115def46e7563f2cc0
Tests/ContractFixtures/SPEC001/Evidence/milestone-8/touch-controls-20261001/nrf-window-five-seconds.png	f250d92babb5bec3e1f9d4359003d4ea8b8340c360ad797dac0da828efc1ee4a
Tests/ContractFixtures/SPEC001/Evidence/milestone-8/touch-controls-20261001/nrf-window-one-second.png	d4116289a932700e67c16ce3c5744fae9cb8e7cdcdcd4ea118ea92566dca218d
Tests/ContractFixtures/SPEC001/Evidence/milestone-8/touch-controls-20261001/nrf-window-two-seconds.png	6dad72eef54717f72aca7558fdfa89b9ce23fc3d229aed6bcb3797cf5a2a5ef5
Tests/ContractFixtures/SPEC001/Evidence/milestone-8/touch-controls-20261001/pi-behavior-comparison.txt	ce6d132842c7efd160de7bd486f55b5496e095bbe78b63c29e2d50fc4365f6f8
Tests/ContractFixtures/SPEC001/Evidence/milestone-8/touch-controls-20261001/pi-build.log	5c7a4bd8f26dc59c04b2db85e9ebc6f33f599cfad0a5f87fa98bf8925c2b831a
Tests/ContractFixtures/SPEC001/Evidence/milestone-8/touch-controls-20261001/pi-diagnostic-physical.png	a33f84b7871675860fb49297970d1e59c83858ca1a1ebee24f4fb192df335df1
Tests/ContractFixtures/SPEC001/Evidence/milestone-8/touch-controls-20261001/pi-diagnostic.log	f628c80e189d5dc952ea7fd4c0790557d4a982e947ad61737a571c916edaa3c1
Tests/ContractFixtures/SPEC001/Evidence/milestone-8/touch-controls-20261001/pi-diagnostic.png	478fce1e32c16d8a73f3d160e0b732b6046d76a4241eca4a70fd928b9c7022d4
Tests/ContractFixtures/SPEC001/Evidence/milestone-8/touch-controls-20261001/pi-faults.log	f4a28d81d3d5d271244d2a3946969bf48adb0e07690b85e55a495037c6e084ca
Tests/ContractFixtures/SPEC001/Evidence/milestone-8/touch-controls-20261001/pi-idle-physical.png	32c59028532f2d579f4bd7ca1bea149b89d549f5cd2f17cc7e269c63c1c47338
Tests/ContractFixtures/SPEC001/Evidence/milestone-8/touch-controls-20261001/pi-idle.png	92d9422664d192a83ca9e67022bdbad9f1a278ec619b7e1f4b8127d0196ad75f
Tests/ContractFixtures/SPEC001/Evidence/milestone-8/touch-controls-20261001/pi-raster-hashes.tsv	a9505f8acab76f7db27f7a2ffa6d23f7a9c4045e4ef60200711990b8fe00b809
Tests/ContractFixtures/SPEC001/Evidence/milestone-8/touch-controls-20261001/pi-rehearsal.log	4928f2b8e8113e20900f7daf4ae0cfdc832e2a1d7985bc19848a506f311ead25
Tests/ContractFixtures/SPEC001/Evidence/milestone-8/touch-controls-20261001/pi-running-four-traces-physical.png	7aa704d58d45bc045479bd42b8eaa9ce770039585cc8cb5c8ef70cee989c42bf
Tests/ContractFixtures/SPEC001/Evidence/milestone-8/touch-controls-20261001/pi-running-four-traces.png	112e4057eb55aeacedfb7209f21b0752f0b4fc57f97e4102af9d451555ecf1dc
Tests/ContractFixtures/SPEC001/Evidence/milestone-8/touch-controls-20261001/pi-stopped-physical.png	bbcf8175998ec5b2ad2aace933edee659ec9eba8ae5db501bdd5d2b8895b3820
Tests/ContractFixtures/SPEC001/Evidence/milestone-8/touch-controls-20261001/pi-stopped.png	47b0a0f4681409293b971861a946f5c5e65a62e3a6406d9e053cea5f5c9882cf
Tests/ContractFixtures/SPEC001/Evidence/milestone-8/touch-controls-20261001/pi-window-five-seconds-physical.png	ab41d2f56fe0cddf6d135627e02bca8baf3f89b948575cfded350c32ff28c18d
Tests/ContractFixtures/SPEC001/Evidence/milestone-8/touch-controls-20261001/pi-window-five-seconds.png	b3ef35271f1ec76e4717561f3275641cdc63c874eefaacaf602e9d5c30aa436b
Tests/ContractFixtures/SPEC001/Evidence/milestone-8/touch-controls-20261001/pi-window-one-second-physical.png	8b6ad8cb7040b7dfa2c994ec5bc14cffd4e423b3e9fc7460a9ded7d181328f96
Tests/ContractFixtures/SPEC001/Evidence/milestone-8/touch-controls-20261001/pi-window-one-second.png	2bdf51b856f1179c14eb39e6cf294e408b34e5f7a7d943963f7fd99015a10c5d
Tests/ContractFixtures/SPEC001/Evidence/milestone-8/touch-controls-20261001/pi-window-two-seconds-physical.png	7aa704d58d45bc045479bd42b8eaa9ce770039585cc8cb5c8ef70cee989c42bf
Tests/ContractFixtures/SPEC001/Evidence/milestone-8/touch-controls-20261001/pi-window-two-seconds.png	112e4057eb55aeacedfb7209f21b0752f0b4fc57f97e4102af9d451555ecf1dc
Tests/ContractFixtures/SPEC001/Evidence/milestone-8/touch-controls-20261001/repository-gate.log	1c967dea16d06905288cbe5488ef532592154082198a569d226302b85482a3ff
Tests/ContractFixtures/SPEC001/Evidence/milestone-8/touch-controls-20261001/repository-results.tsv	e1c0bcaf843535fd06d844389e1d2dd831d71c05e060a4e01732f36ead7b4dab
Tests/ContractFixtures/SPEC001/Evidence/milestone-8/touch-controls-20261001/signal-analyzer-contract-gate.log	c8b3974ca642c368c5513d600c44e10d5f1f181ef7473d3800436639685bca26
Tests/ContractFixtures/SPEC001/Evidence/milestone-8/touch-controls-20261001/source-hashes.tsv	85397f8d163176e850afbbedf499038c9f203298ff7e33dc4b8d256bde192a6d
Tests/ContractFixtures/SPEC001/Evidence/milestone-8/touch-controls-20261001/unit-test-summary.txt	c54ec11d8d6f3d63445f063b0c3d99f81faf9e52af8283097ef1aca8bbfb4210
Tests/ContractFixtures/SPEC001/Evidence/milestone-8/touch-controls-20261001/unit-tests.log	f8161cc92704290e5bfad08bc76d04c208e6e96b2cb6730f25cd697bc375d9c9
Tests/ContractFixtures/SPEC001/Evidence/milestone-8/touch-events-20261001/README.md	571cf369f77053137ee1a160744016dfea3a66dfd9419044eff4eabe9044bf67
Tests/ContractFixtures/SPEC001/Evidence/milestone-8/touch-events-20261001/behavior-comparison.txt	429c9372c6b3e8ddbd1f29d761db11d69413eaf0f422a0d39244639ee74e0440
Tests/ContractFixtures/SPEC001/Evidence/milestone-8/touch-events-20261001/diagnostic-buffer-rerun.log	f71e6b45b67b906d71db1d33e082eea356e33fc413b97573bf2a2c70afe53e49
Tests/ContractFixtures/SPEC001/Evidence/milestone-8/touch-events-20261001/focused-tests.log	813e0cb60ddac3ff5cb3e20050cc6f433ffcfa86bbca3444f5b02cdfefe19208
Tests/ContractFixtures/SPEC001/Evidence/milestone-8/touch-events-20261001/macos-reference-traces.log	f54fb38a0dddaab535e42ab3159da3f7ada1d21bf53a04aed7ea9d5d74ca6eae
Tests/ContractFixtures/SPEC001/Evidence/milestone-8/touch-events-20261001/nrf-touch-probes.tsv	9f6c0ae3054d0d7b048d8db21307c0e61d3607f94a776abd6ffba707ba1fb245
Tests/ContractFixtures/SPEC001/Evidence/milestone-8/touch-events-20261001/nrf-trace.log	aae800be2835f6dadb51b7bb8088838b28324e0fc1eb2e7bd661e569db1d0115
Tests/ContractFixtures/SPEC001/Evidence/milestone-8/touch-events-20261001/pi-trace.log	eb2e2206185ea9cba988cf343112b123ba63942e57a4f8f82ec88445d6927e97
Tests/ContractFixtures/SPEC001/Evidence/milestone-8/touch-events-20261001/repository-gate.log	eca03c61c790eb4484c3580213f85bef1538ec137b8cd54b48697d86a09fa2c2
Tests/ContractFixtures/SPEC001/Evidence/milestone-8/touch-events-20261001/repository-results.tsv	f8752f6a508381bee00d34829fce1c5373cfe59ccc67d833bc5e8d7548d5fd69
Tests/ContractFixtures/SPEC001/Evidence/milestone-8/touch-events-20261001/source-hashes.tsv	e1e5f6f3fc60706874ab8b95857ca1a5c6785640bbec43f16ace8d6bab1a0c4e
Tests/ContractFixtures/SPEC001/Evidence/milestone-8/touch-events-20261001/unit-test-summary.txt	16666b54fd6d86ee780be9de4f4dc2e467b45228e1d120db87f8cc3f5f222d4a
Tests/ContractFixtures/SPEC001/Evidence/milestone-9/hardware-free-driver-suite.md	2089747980aff0ef93783ed69913e5458bac5a785306a3d807d4c6fcab8ddab8
Tests/ContractFixtures/SPEC001/Evidence/milestone-9/interface-and-dependency-audit.md	277715c6947e651858f920b4399013713098243cb24c0f3013419d1b21660945
Tests/ContractFixtures/SPEC001/Evidence/milestone-9/repository-gates.md	73c1a9cebd8e26349ec0e3b106bd942cc69af237af608ab093386d71b295907b
Tests/ContractFixtures/SPEC001/Fixtures/Negative/nrf-firmware-input-storage-copy/expected-diagnostic-patterns.txt	dc54135adfc048c1045c2934643067fea32fc4166f8e9a721b2452910f911e7c
Tests/ContractFixtures/SPEC001/Fixtures/Negative/nrf-firmware-input-storage-copy/main.swift	7b018c821e258087b1c55ac9c70fa6ea135b757ef4ee964b88a9f8553cd3faa8
Tests/ContractFixtures/SPEC001/PixelReferences/HistoricalCleared/nrf-cleared.rgb565	8fc061c5d964b2d02204183d4b9406907d38cd01bc608da8988fe56b2be71746
Tests/ContractFixtures/SPEC001/PixelReferences/HistoricalCleared/pi-cleared-physical.rgb565	4c66bb6359ec9d84ed701814caa83d4c17a4644967743c4df234418f5b8dcf0d
Tests/ContractFixtures/SPEC001/PixelReferences/HistoricalCleared/pi-cleared.rgb565	a310e0ce825ea316dac2ba095539b145a6e2217afa640cef96f02735c3dd9ed4
Tests/ContractFixtures/SPEC001/PixelReferences/README.md	bd7e7a7369264ee613263036d0fe139b92778930c2f473c8db2157798c21a6f5
Tests/ContractFixtures/SPEC001/PixelReferences/nrf-cleared.rgb565	b2ca89797af54ab5476d4e66067e7db74e6389f3616895b7d3cd1142e37ec03c
Tests/ContractFixtures/SPEC001/PixelReferences/nrf-diagnostic.rgb565	b076292bce21b4623ed399e6a4726de4cadd278060965f5e72cf9f7b8a78fe97
Tests/ContractFixtures/SPEC001/PixelReferences/nrf-idle.rgb565	0bee791913d8d54931ec7926fc9f0e32865c31ec069171b4100fb638433de206
Tests/ContractFixtures/SPEC001/PixelReferences/nrf-running-four-traces.rgb565	9959eeae473ddd16a08f7882b84a278fda0100a7799d80173b01aca427a881d2
Tests/ContractFixtures/SPEC001/PixelReferences/nrf-stopped.rgb565	1c520d11eae78ee1c74017d3cb9a8405d625875adc0e5334b0a8fb8acee0f11b
Tests/ContractFixtures/SPEC001/PixelReferences/nrf-window-five-seconds.rgb565	0b6f38ee6dc3be2c1bb7a7501affa4a05a35dd5818cb67cee8625b3e2fe642aa
Tests/ContractFixtures/SPEC001/PixelReferences/nrf-window-one-second.rgb565	866832c413215dc508021ebfa395191187b6be2791f5446eee56c0cbfbc8cf0c
Tests/ContractFixtures/SPEC001/PixelReferences/nrf-window-two-seconds.rgb565	9959eeae473ddd16a08f7882b84a278fda0100a7799d80173b01aca427a881d2
Tests/ContractFixtures/SPEC001/PixelReferences/pi-cleared-physical.rgb565	da9a8a91b29407adeb4b1817ea6d9bd8912cc87278b0b8e43dffd9d35fd857ff
Tests/ContractFixtures/SPEC001/PixelReferences/pi-cleared.rgb565	18c4ad0e7fc9cef44c9a9a69d6ad06dc00a04eb75ae02023df355fe8c889b752
Tests/ContractFixtures/SPEC001/PixelReferences/pi-diagnostic-physical.rgb565	a5f49e402ebac165fbc54f9a3ebed9881154592a251bbf419d67e8a4980025a4
Tests/ContractFixtures/SPEC001/PixelReferences/pi-diagnostic.rgb565	f65af58525648e215cc4fcc26f7e17e22c62fe104501c262e83563582693539e
Tests/ContractFixtures/SPEC001/PixelReferences/pi-idle-physical.rgb565	c9241fed96620fe5b78c5c39266961abb913ca5453190ebe7729ca4819162fa5
Tests/ContractFixtures/SPEC001/PixelReferences/pi-idle.rgb565	e08ed727317f99fbb6bf03b983da359ee21780e44a8cae1e8fdfb825543e1420
Tests/ContractFixtures/SPEC001/PixelReferences/pi-running-four-traces-physical.rgb565	fd961b7b170eeb35f91513a25a2378dc2e8c644171a712b63fd3b09809290697
Tests/ContractFixtures/SPEC001/PixelReferences/pi-running-four-traces.rgb565	fbf9386b0e69b8d58fd2b4c892453f94b7ac866ad390b3fa71cc81d062a66c46
Tests/ContractFixtures/SPEC001/PixelReferences/pi-stopped-physical.rgb565	06da6bb14890bb4fea5a36f3ce106e6a4b846827bc7d7e6735f3dcdaeaeceb66
Tests/ContractFixtures/SPEC001/PixelReferences/pi-stopped.rgb565	8bf7f32d4e1190bd798041156d4f41d7c4b6d517720b1454625a367eaef37a21
Tests/ContractFixtures/SPEC001/PixelReferences/pi-window-five-seconds-physical.rgb565	4c4832c13e0d8d64767eb09ac87dad1b385d49fe79cbcc1ca6e0f73403c8ae5d
Tests/ContractFixtures/SPEC001/PixelReferences/pi-window-five-seconds.rgb565	68355adf966f2a05d1bdf60c86527a946b46efd6048589f7bd38b52f296e49a8
Tests/ContractFixtures/SPEC001/PixelReferences/pi-window-one-second-physical.rgb565	ab3d60b9e4ee9aff22f349bf5c4ab7cea3c2e571fa090f80519a0521c0e1cbfc
Tests/ContractFixtures/SPEC001/PixelReferences/pi-window-one-second.rgb565	c1044055adcdbb72bb2900486202d79ff7b28e208b229ac0b69c49d5baab5ed6
Tests/ContractFixtures/SPEC001/PixelReferences/pi-window-two-seconds-physical.rgb565	fd961b7b170eeb35f91513a25a2378dc2e8c644171a712b63fd3b09809290697
Tests/ContractFixtures/SPEC001/PixelReferences/pi-window-two-seconds.rgb565	fbf9386b0e69b8d58fd2b4c892453f94b7ac866ad390b3fa71cc81d062a66c46
Tests/ContractFixtures/SPEC001/PixelReferences/reviewed-hashes.tsv	7b63858018f84c875766b901a260ff2461c3ee8f23c444ded13b928efb448e0e
Tests/ContractFixtures/SPEC001/README.md	aba24bcd75ed024012e80259f757bc99e42d2eca576af9c145a58d657588ea59
Tests/ContractFixtures/SPEC001/TopologySemanticProbe.swift	9fce99f39253ae80e6592971f6aae228cff46cfa027369f0c9968b09b12d4dea
Tests/ContractFixtures/SPEC001/admission-adapter-cases.tsv	6b0fbc06a74fc8a28f048ecabed338eb1261d66e2933c76d6df64483c7d5fc31
Tests/ContractFixtures/SPEC001/analyzer-consumers.tsv	7fa619d59ba89e6f0b59512c276ff3a87c8e6f9efc390b335b647c6599926be7
Tests/ContractFixtures/SPEC001/callback-transcript.schema.tsv	7abffc71fc46ae0f561a1421a4c9e3d60498ded1b6d6dae2095bce35eb9eb189
Tests/ContractFixtures/SPEC001/capture-publication-cases.tsv	2c0fdfed1e40ae5cbf984a7272c1726a9e37da8e3f2045575947369aa4f36181
Tests/ContractFixtures/SPEC001/capture-value-cases.tsv	a9785f1ce0a1130d07b1e7025c468a924d74e1739f9d0e8c3d4f4b21c7bc37a9
Tests/ContractFixtures/SPEC001/control-state-cases.tsv	94213aec8751acf4f1878b99d3fce907eadcc386589de7eb345c3d8aa532bf99
Tests/ContractFixtures/SPEC001/criterion-evidence-registry.tsv	5060cf3b6c66ff6f8bcb6614fae66761c27f48a95881d4af71efc3f1c77049cf
Tests/ContractFixtures/SPEC001/cycle-transcript.schema.tsv	c48013bf0b0760b044d49540f9fbde65a62ec5874199f697bdeb765279f3f55b
Tests/ContractFixtures/SPEC001/deterministic-source-cases.tsv	656ccc3554a1f87725b206824b6c1031eed071330c88d768ed94a0f74b499737
Tests/ContractFixtures/SPEC001/diagnostic-cases.tsv	424378341017d6b888f27f2b162e6c30bb92853babb95bb64878c5e73a51d52e
Tests/ContractFixtures/SPEC001/diagnostic-profile-matrix.tsv	e721815ddb4a07bebd1386c7b9bd5f26dd0f3e4054cfecd276aedcc8ceec9b0b
Tests/ContractFixtures/SPEC001/domain-contract-cases.tsv	6dedeaf61a3b9417585dd609fc5dcd3079b1dba3a8d11a53f45f2aca0d9a236a
Tests/ContractFixtures/SPEC001/downstream-source-truth.tsv	fc433016316d6a2bedfdcf905904a4fa90adf6347ed20ab879b356ea0dee40b6
Tests/ContractFixtures/SPEC001/driver-invocations.tsv	15013dfbcc5b2b1782447589a38bd9a0c60960cb9c8ca846998d84f338c99410
Tests/ContractFixtures/SPEC001/evidence-kinds.tsv	462d99fb5a90db08910dea2db9da783318a68e109cd3c2e5491a21e3bc18abb8
Tests/ContractFixtures/SPEC001/exhaustive-failure-cases.tsv	c32830321dbafe6eeabaabbbbf9c0e6e3336d61df1cec79c314807b10a470284
Tests/ContractFixtures/SPEC001/fact-admission-cases.tsv	492c6daac441fa0aed3b66bc9a71ba34c0d81c5e80e48efeccf40930c7b0be21
Tests/ContractFixtures/SPEC001/fact-application-cases.tsv	b1de29d03167e48aace332f1a642a015e62783cd3abe92ba8cf90347329cb900
Tests/ContractFixtures/SPEC001/failure-owner-cases.tsv	a7cd553284603f66bb671f501f948bef671815649cb9b7eeff0d68c84c59c89f
Tests/ContractFixtures/SPEC001/fixture-registry.tsv	f98d8d3bd2956327269247bd37b749c1d33f76fce0042cc192df5c8ca316e6bd
Tests/ContractFixtures/SPEC001/generated-static-equivalents.tsv	7069b76b5b86f61359b70163242465dcc1c5b3eb6e4717a0629b42d0b1fe01de
Tests/ContractFixtures/SPEC001/hierarchy-shape-cases.tsv	5415760dc6c65997669e29224c330c279d2c9c69200478a7131dc01f796d1eb1
Tests/ContractFixtures/SPEC001/host-transcript.schema.tsv	a75c828a0955d129325b4e5491a6f7d6dd642830540de3435af365afc18b23fc
Tests/ContractFixtures/SPEC001/integrated-cycle-cases.tsv	204bcb6f2a978f369c2f848992965cb6a69ac0693eaae2513836a49d0424bb52
Tests/ContractFixtures/SPEC001/migration-inventory.tsv	076e77c7f294023b4aaacf167f4eac2d98cc35aa8df4d7b0059f9d2468152d94
Tests/ContractFixtures/SPEC001/module-boundaries.tsv	db51f11288da5b350cdf830d6ef05fd54584ca2b3b76781c0f368e52dc7de51a
Tests/ContractFixtures/SPEC001/negative-dependency-fixtures.tsv	ff3c17e6c06fc6bb293cfc90bf5cef66fb2c27eff9a6da8a9f51da58317338ce
Tests/ContractFixtures/SPEC001/nrf-static-canvas-manifest.yaml	1935b85e48fcca51ee33cde8bec4c76770d199386c1a20a5b1fc5fb29eab6224
Tests/ContractFixtures/SPEC001/nrf-touch-ui-diagnostic-projection.json	f2ca9c26210d14872b10dbc5b36401e55a377ad67f7affa2d8946ad9aa61b66b
Tests/ContractFixtures/SPEC001/nrf-touch-ui-projection.json	20b1ed30222dd9a0cfd23d3cb198a3f3ba7e0378512ff28921144e9252ae2816
Tests/ContractFixtures/SPEC001/portable-profile-audit.tsv	f06864100a553813036637e356810b56798a0c71cbee3c71cc4f1b335c42478a
Tests/ContractFixtures/SPEC001/prerequisite-registry.tsv	903b748721f07536a9cdf64f7d54bafeb7656334517d6aa98f2b033806f2bb4e
Tests/ContractFixtures/SPEC001/presentation-integration-cases.tsv	7b7e9f1dae29838c9dba007b2df39318f9290fe0305fe1fcba4257ae38c45764
Tests/ContractFixtures/SPEC001/presentation-value-cases.tsv	931c072996b2f9f0522b23961d06ea439ae20c14b2a9270f19632709098e50d7
Tests/ContractFixtures/SPEC001/repository-lifecycle-cases.tsv	d69d595bccd405f3662ec687e8ede46650fc405729b12977c3451448868b5976
Tests/ContractFixtures/SPEC001/resource-transcript.schema.tsv	77cc7a77de6fa7fe17eaf9c84de721d07d6331c643d6ce92938d5655af639495
Tests/ContractFixtures/SPEC001/retention-cases.tsv	0fdae46ee51220fa160bea8cfc00e96059952824ce17e3921ac8dc970fa7cf94
Tests/ContractFixtures/SPEC001/revision-boundary-cases.tsv	7a78d8f63044c6800ba6c4c38a8083267074de4cb81704a6f99a96ce30ecbd7e
Tests/ContractFixtures/SPEC001/semantic-transcript.schema.tsv	c79a824157341cc23db605bf8e2c865f6adf363d86ed2f78a39a69139e5618bd
Tests/ContractFixtures/SPEC001/sustained-workload-cases.tsv	424c9cf729c166167643154fb7d4886229e1268d640608caa55115853086b82c
Tests/ContractFixtures/SPEC001/task-evidence.yaml	7e64ef0fbca541d637b7c99b40a3e2e95f77bd0ea91da07ab939d84d1de0c10e
Tests/ContractFixtures/SPEC001/topology-semantic-transcript.txt.gz	2e2a7bf03c986ae8027b2ee8edef7c628271a2c590101edb537dfa4ed582fbd9
Tests/ContractFixtures/SPEC001/waveform-drawing-cases.tsv	6d470a9235bee2caa8e7832373a01edb912a4233c3ad566fc826ffafdba95b8f
Tests/ContractFixtures/SPEC001/workload-oracle-cases.tsv	103234109ce73b213340c22415d1cacf85f9656e39c1ee52e4addde07ecde8f8
Tests/ContractFixtures/SPEC013/Evidence/milestone-1/profile-storage-compiler-blocker.md	ef0b430895fd91949f6fd04ff65b142a5028e2c8883e19cabde012dae7eb95c8
Tests/ContractFixtures/SPEC013/Evidence/milestone-1/profile-storage-lifetime.md	957da59656895ef8f97f2eb289909faca90bfe4b662972f88ec0de3ec4b47226
Tests/ContractFixtures/SPEC013/Evidence/milestone-1/runtime-failure-and-coordinator-contract.md	9b72d9065d7b75d2bb929e47b1ee40d5d34eca3c830f59e9574a544de6a8946e
Tests/ContractFixtures/SPEC013/Evidence/milestone-1/runtime-profile-limits.md	ee09ce7e9122a9ed228925400d0864057b9c0850422482f492596151e8af0c53
Tests/ContractFixtures/SPEC013/Evidence/milestone-1/storage-audit-accounting.md	1399c1003969af9372969f545ab57fd1bed3445e37ab6a228dccdea2910c05ff
Tests/ContractFixtures/SPEC013/Evidence/milestone-1/storage-capacity-validation.md	b8f0370332492ded103f769682ee7e1a33c47f2537665eeb2aca3491f1ab33e7
Tests/ContractFixtures/SPEC013/Evidence/milestone-2/cleanup-oracle.md	692d800f54e8fdb68e5dc4c49d86cb218ed4cb42967c44779c11006fc7ab447c
Tests/ContractFixtures/SPEC013/Evidence/milestone-2/common-lifecycle.md	b478b9bfa7a015585558056081de88b4f79038e508fef3dded8f965c2d59d450
Tests/ContractFixtures/SPEC013/Evidence/milestone-2/common-transaction.md	27de88c28f817d5ee842b08ca03a865c6bf8dc5a554b5095c8d86dd27952bd7f
Tests/ContractFixtures/SPEC013/Evidence/milestone-2/focused-failure-disposition.md	5c09d1d8e0e0968bcaefc292a94c2c6596189788ebe1b54ab4860851163ddb91
Tests/ContractFixtures/SPEC013/Evidence/milestone-2/quiescence.md	0a2416fe71e02f8d8a0f7c7900515186809720a755f7f7905eae104f41ba2861
Tests/ContractFixtures/SPEC013/Evidence/milestone-3/dynamic-canvas-callables.md	1bde3a86c744cc41f3e114fb94e6ac84e00a8267329a317b6e6cf79a2124de4a
Tests/ContractFixtures/SPEC013/Evidence/milestone-3/dynamic-construction.md	dd8c4b03b1d6d3f6ed8ac0c6d1b4b74c5265d958137dfab3473cfcb24d9cbc4a
Tests/ContractFixtures/SPEC013/Evidence/milestone-3/dynamic-profile-binding.md	b903ab078ff9fabfeb32aa28e37edd38dda39aefe88e2263b0d9a2264542b817
Tests/ContractFixtures/SPEC013/Evidence/milestone-3/dynamic-storage-lifetime.md	51442b347f48810c4e57283a761a7b1aa0e0608ed8a66ee82103a64acc525d70
Tests/ContractFixtures/SPEC013/Evidence/milestone-3/dynamic-storage.md	0584092807081eaa2fcbf54dd44534a965444e5d33ecd080702b3acf93574a09
Tests/ContractFixtures/SPEC013/Evidence/milestone-3/focused-owner-integration-blocker.md	3b2658a6b598c2a063eae00aca40d1ea85a65d118e572089744a371f8b2ab5e6
Tests/ContractFixtures/SPEC013/Evidence/milestone-4/static-canvas-lifetime.md	f3a07ee855e06f5d912848ce91ccb5aa1777666c9be131072a45e054f2a4a468
Tests/ContractFixtures/SPEC013/Evidence/milestone-4/static-canvas-validation.md	16780e769c62319d591f76148cb853538fd0cadb11e2baa29ae8e0ab1f5a0491
Tests/ContractFixtures/SPEC013/Evidence/milestone-4/static-generated-metadata.md	7e6dfed204862084e5947a1ea36a04b687366536aa3a1c10bedc4aa4fe48f5dc
Tests/ContractFixtures/SPEC013/Evidence/milestone-4/static-profile-binding.md	ab72b56bda8622bd973731eabea183bf0526fe0ea2b98b490a0d69d693a0a418
Tests/ContractFixtures/SPEC013/Evidence/milestone-4/static-profile-compilation.md	ff76fc6bcc919869299e41ba1bf0907ff96872c3b863cbdd0650797fd1c5832b
Tests/ContractFixtures/SPEC013/Evidence/milestone-4/static-storage.md	1da2c1dba8d80cf7af677e40327bd8b5a4d71814c05ac08bbfd217442a5658bb
Tests/ContractFixtures/SPEC013/Evidence/milestone-5/complete-production-pipeline.md	e8442a919885575ff21e301410632062d2d4f4726d69cc0cd7463786c9366a2e
Tests/ContractFixtures/SPEC013/Evidence/milestone-5/production-observable-profile-workspaces.md	83bf9c3946eee4df096cb2ef99503b05b4fd217c87258e1eb9325a09bba067de
Tests/ContractFixtures/SPEC013/Evidence/milestone-5/production-owner-integration-blocker.md	6c417ad2337d3e2bf3ec9c6afcb8f67be208e3162b8c538a89aa8a4bbb731d31
Tests/ContractFixtures/SPEC013/Evidence/milestone-6/borrow-boundaries.md	a0fca2dc8ed4819f2aa1d2306bd77f32c5ed634da341f3e8da5f8aa846bc7f5c
Tests/ContractFixtures/SPEC013/Evidence/milestone-6/cycle-failure-matrix.md	03345d2b852fb1695c0923d0b667cf1d53842c4dc03170d946e79d7e3966d5e4
Tests/ContractFixtures/SPEC013/Evidence/milestone-6/handoff-recovery.md	5bc186e3dea446e2dc367b30d6b3f7f5bd93f57de5176ae6b571aa371bf5a504
Tests/ContractFixtures/SPEC013/Evidence/milestone-6/profile-equivalence.md	0beaa2e5b39a3570aa4f3f7e54b38c9a87e3b16e227ca6c6dfd5326c21c7ff76
Tests/ContractFixtures/SPEC013/Evidence/milestone-6/startup-validation.md	9e203f2c8d7125cf9418ee1b8638933ecb99a9a8f828677c46312292c2d7ca34
Tests/ContractFixtures/SPEC013/Evidence/milestone-6/storage-boundaries.md	c6a0323f0105116584f63dc16c371044af2dc730bafc4d5c6c123d507bfc6524
Tests/ContractFixtures/SPEC013/Evidence/milestone-7/pristine-profile-builds.md	ef403aa218ebfe153856aa33f6e5db0298989376e9320cd3006e51ad6e493c1d
Tests/ContractFixtures/SPEC013/Evidence/milestone-7/report-driver.md	dc2f3deba48dec61c57b491115173be96b1da07c2995aca28e574b5d48bca7a7
Tests/ContractFixtures/SPEC013/Evidence/milestone-7/resource-instrumentation.md	479add8394d48b7d3661c310fc1f00785e2af448e9a187b7342152174f2f62b7
Tests/ContractFixtures/SPEC013/Evidence/milestone-7/signal-analyzer-workload.md	5abd9c4da60f25fd5fb7f364cd9f233d5cf3a9ce8f7b1ee676ff997ec7f3b641
Tests/ContractFixtures/SPEC013/Evidence/milestone-7/target-inspection.md	4f13a5228193c5aa9220f1c51520880611123c029f3345799a02c2a09c998456
Tests/ContractFixtures/SPEC013/Evidence/milestone-8/downstream-integration.md	f3f508145a2fe9cee060de2e92e16ace5e32cc96ecdfae089034f3f673a350dd
Tests/ContractFixtures/SPEC013/Evidence/milestone-8/final-package-audit.md	98df0fa8e711ce23f4c469a048954b2d563cf3e9b21b9ba227a7e48212374b7a
Tests/ContractFixtures/SPEC013/Evidence/milestone-8/repository-profile-gates.md	adfdfc003212846f7d8473166ae56ae8d348628faf3f47de56aa2d8a6ba63c5b
Tests/ContractFixtures/SPEC013/Evidence/milestone-9/amendment-declarations.swift	026db41c20fd2a6b77882bef14628abc916b631148898055f77dfea9b989d4aa
Tests/ContractFixtures/SPEC013/Evidence/milestone-9/carrier-compiler-evidence.tar.gz	4ae6ad579a3acb96110ca95111e7206036628d8f58536fc5bb3c02d8541747a5
Tests/ContractFixtures/SPEC013/Evidence/milestone-9/carrier-implementation.md	5ae1ba30b9f4d1d6f448398ecb908006c9e697bada94b03e99dec702ca6743e3
Tests/ContractFixtures/SPEC013/Evidence/milestone-9/carrier-layouts.tsv	5c1d97e97100a451fbe6e6630341d48743ecd42aec3422b77de9e76a777ba154
Tests/ContractFixtures/SPEC013/Evidence/milestone-9/carrier-resources.md	23d3edf32c4064aeaca3fdbf916c46cc28879512b6656f50ac43c8c201909e82
Tests/ContractFixtures/SPEC013/Evidence/milestone-9/carrier-source-hashes.tsv	5082c1a0b4b2847fb1f6e18ac7cf744d74b188a43607f0294c0d7e997770603f
Tests/ContractFixtures/SPEC013/Evidence/milestone-9/owner-handoff-reports.tar.gz	c3e7c4dc0b132bcbbcdbaf5b35a200c390ac363dc6a7d9ae8de4537ce261096a
Tests/ContractFixtures/SPEC013/Evidence/milestone-9/owner-handoff-results.tsv	7930eac22a1a509e5122b26efa5719b6e5cd9106f943b326d455f0edf2109083
Tests/ContractFixtures/SPEC013/Evidence/milestone-9/owner-handoff.md	e76552ba0f461c33f6c16dc720ea63435e6345a5b97cf51ca43d32f3b4c8787d
Tests/ContractFixtures/SPEC013/Evidence/milestone-9/partial-mutation-behavior.md	17590ffcb54661d80b6cb0be1ce53a60bf9dee616a7f1c20a257fda22fdfb6dd
Tests/ContractFixtures/SPEC013/Evidence/milestone-9/seam-amendment-review.md	9e0b015dcadf9b51e5b588cc962a752b7ab82ca91c76e8ffa807ff22018daa60
Tests/ContractFixtures/SPEC013/Instrumentation/AllocationInterposer.c	8b1aa46d763787a469d245f660261091345e19fddbf3904dc4f75afeb3f4f18c
Tests/ContractFixtures/SPEC013/Instrumentation/AllocationInterposerProbe.c	6724804f3350eb419ad17efe18a06d84109c46c7f96dfac50183e91ed8f0f909
Tests/ContractFixtures/SPEC013/Instrumentation/RuntimeProfileResourceProbe.swift	e22e58c5295325283243546606d3b157fa48db50f2462a48efe1d6bc834918f0
Tests/ContractFixtures/SPEC013/Instrumentation/RuntimeProfileTimingProbe.swift	bc30923ccf7eaa231be192f9cec68a995af1957f8c2be067828a5132aba44bf0
Tests/ContractFixtures/SPEC013/Instrumentation/RuntimeProfileValueLayoutProbe.swift	d6321285fa72be6e0270b2f6a673cad6bfd97f31aeae474c8c001273d9071ed2
Tests/ContractFixtures/SPEC013/Instrumentation/StaticProfileCompileProbe.swift	6f643063382af2c39802cfbac692a7cede543f8ce35caf520acb6d72fd747265
Tests/ContractFixtures/SPEC013/Instrumentation/resource-measurement-methods.tsv	05afa4159470fa21dae0f93679585a28e28f9b339ea56069c2ef14d8b148dfd3
Tests/ContractFixtures/SPEC013/README.md	302760c12a94ba6c2ca2643c0807fa406529443a715806360481559cadb3fd61
Tests/ContractFixtures/SPEC013/artificial-limit-schema.tsv	0cae4e05396e0d7bcb3a566612ebb415a24f6a71ff52f42f93f9d5fff9b16e60
Tests/ContractFixtures/SPEC013/artificial-limit-values.tsv	65e16646401e3d8056787fe8bf656d75bb961118c6b3861fc6b5ebaa85fe1024
Tests/ContractFixtures/SPEC013/borrows.yaml	1f9b330a7c0f30942f19c1b0a3d393fdc09db79c242491f7063078174e268a6a
Tests/ContractFixtures/SPEC013/canonical-transcript.tsv	e791514ae876c89d756e95e92c3ed4b46ef075ee206d178464b06baaac4ec275
Tests/ContractFixtures/SPEC013/cycles.yaml	0b66cd4d41fbc5554a74a66aea17ccbd5c821369e11c894c62a509a1656130bb
Tests/ContractFixtures/SPEC013/equivalence.yaml	3fa7aea394dbe650eead335a204615a5df0516c569e2bef8bf4a69da6375e4e2
Tests/ContractFixtures/SPEC013/fixture-manifest.tsv	1152d981ef12345b8a762d1319b3944b51451197f8cb3c60eab7faf9f15db6b7
Tests/ContractFixtures/SPEC013/handoff.yaml	18983d9937812e3a71c8e09e47c3bc533c75e69b4ac90fb6deeaaf3b7463fae9
Tests/ContractFixtures/SPEC013/migration-inventory.tsv	deedc5bab203ef3da70837854302a51d30f553c7e8083a07d3a2caed834d4a11
Tests/ContractFixtures/SPEC013/module-boundaries.tsv	80b726fa7c45fd55044557697c0dc25c2c3d7f91111d8f6a90b1addb919e892f
Tests/ContractFixtures/SPEC013/report-schema.tsv	ef373edce1d3b0eec5cf5699fc0488b81a2ca30037415a53548044a5def1d2a8
Tests/ContractFixtures/SPEC013/required-evidence.tsv	e222ef0f83f6e16682cb003cea86579159fc26d8e2da5df8f47bc444535dfcd0
Tests/ContractFixtures/SPEC013/signal-analyzer.yaml	83d09d7b9d0a49d6ed37d49a7aac2815fea7dc0fcd3d30db289b118936779467
Tests/ContractFixtures/SPEC013/startup.yaml	ac91f67d18adc654dd9877def73cf7210a0a46f0e9a9b28953faee0a06acf731
Tests/ContractFixtures/SPEC013/static-canvas.yaml	d867a23cf2adbd2d5dfce4080440143c4eaacdf542a02454d11c35840185d45d
Tests/ContractFixtures/SPEC013/storage-families.tsv	041b1a5f6a9960149093f5189ebf727da16df952afe92be90c87c43733fd4daa
Tests/ContractFixtures/SPEC013/storage.yaml	1b91ece12ff54aa269b0e482dc1cb3cf6252935c04816015ef23f1e261d0ddf1
Tests/ContractFixtures/SPEC015/Evidence/milestone-1/component-graph-and-validation-guard.md	4bb1e089a6f59cb6938e2ec3f5ebbc4c149303129216eb633de2c0cb726fe169
Tests/ContractFixtures/SPEC015/Evidence/milestone-1/host-configuration-surfaces.md	ec2358b8a82b946e17e1031527bbceaa31fce16a0c3a5163d70ff4fcb766b31f
Tests/ContractFixtures/SPEC015/Evidence/milestone-1/host-configuration-values.md	13a525283d19f04da708704ce6e5e0f4a8e163c5d3f6541f17541d2c28a2faee
Tests/ContractFixtures/SPEC015/Evidence/milestone-2/generated-workload-and-presets.md	cc37a3890483fd1f8c3d31676f29dd8d5c089201c0ffe2a359e92e963742b13d
Tests/ContractFixtures/SPEC015/Evidence/milestone-2/layout-capacity-amendment-review.md	66ca70cb2b725c7a80fbd5e1d264f387a25ac49a6647d8b15f68bf1d05330404
Tests/ContractFixtures/SPEC015/Evidence/milestone-2/production-capacity-amendment.md	63aea5f65abeea9229fa9e38614859fc6efc8922b60e31751c45954c27faba26
Tests/ContractFixtures/SPEC015/Evidence/milestone-2/semantic-capacity-amendment-review.md	7fc5c38eebcfa980b8fb5c81de1126bc5b09a4d0f3e6fff69a38f24e580c4955
Tests/ContractFixtures/SPEC015/Evidence/milestone-3/application-projection-validation.md	44074052114484d1468ae7379e6fe5dcbd679c8e8837f0da8f948e3c351e8f80
Tests/ContractFixtures/SPEC015/Evidence/milestone-3/capability-validation.md	3c5920c4294c9963570d99e8b77ef28ef59a205f3f8f51f34a5dbf9a6bdbff16
Tests/ContractFixtures/SPEC015/Evidence/milestone-3/complete-workload-validation.md	8c2f2ac646d158145ec5c893307538161e0f01e4d8d51a24e56f5ce571860af0
Tests/ContractFixtures/SPEC015/Evidence/milestone-3/endpoint-validation.md	d6cb2692e81efe071ca0631a8faf2e5a4d544133fd99b2a76fd5d6dd9d35b0fa
Tests/ContractFixtures/SPEC015/Evidence/milestone-3/policy-and-report-validation.md	1c85f4f33400b14b8e622f369bd1e919482ff5737265574f0316b46051bec9f7
Tests/ContractFixtures/SPEC015/Evidence/milestone-3/profile-and-text-validation.md	f5fa60cf8d3e60f02d7f438b8f9950ef290e542d2a7db223349a949227426300
Tests/ContractFixtures/SPEC015/Evidence/milestone-4/activation-lifecycle.md	3c68e82d512a4b8c5f9782b534f2bd2bd45adccb6df09177285ea54c1cd57eb3
Tests/ContractFixtures/SPEC015/Evidence/milestone-4/host-failure-adapter.md	8deeb08e401be5deba53d239a6f7ce575a50fefe2cb5fb12c93ffa961185bd65
Tests/ContractFixtures/SPEC015/Evidence/milestone-4/two-phase-preset-construction.md	00da9babba8f5fa71b8fa0c2eb72d2d34146febc9220089b67e6e23e3564dfa4
Tests/ContractFixtures/SPEC015/Evidence/milestone-5/action-generation-dispatch.md	31d4be5d1b5ed2abfdf18b0cc39117b16d6f8dc99a65e85150e0e461b3015576
Tests/ContractFixtures/SPEC015/Evidence/milestone-5/application-opportunity-integration.md	023e69160d87fd7574cbd807375924072abde2690e3e0e122844465c19b1c183
Tests/ContractFixtures/SPEC015/Evidence/milestone-5/endpoint-health-and-reconstruction.md	fac1cc2c388e08aad9bf70e8d1ab78d1490c906592fca9ea305291ef898a0dd3
Tests/ContractFixtures/SPEC015/Evidence/milestone-5/normalized-input-and-action.md	35ae6bdd8f85db714cfa903a0b1fba195bdcc6b1e29298bcf39fb309e0b9c8ea
Tests/ContractFixtures/SPEC015/Evidence/milestone-5/presentation-recovery.md	c593c48147817ad8095e2048ac4a63409b430e787bef98f234898e6f9c89391c
Tests/ContractFixtures/SPEC015/Evidence/milestone-5/scheduled-opportunity.md	9267a21a938adbc59785d33fc7c45d25cf250be8a5e33359b1c911b408ef4b4d
Tests/ContractFixtures/SPEC015/Evidence/milestone-5/wake-and-pacing.md	8a51a3a35170d0743f580cddf3ae33322bd39862167185032f8e817683fd2e76
Tests/ContractFixtures/SPEC015/Evidence/milestone-6/240x320-four-preset-comparison.md	448e6fbdf4b0ac647532c964005e206b215430a3054698bd6c02da38de37c938
Tests/ContractFixtures/SPEC015/Evidence/milestone-6/320x240-four-preset-comparison.md	994e4ab9e599d2ab4b6ac6b6fbd297103e2f29e83e18e1ea3b182b5876ded884
Tests/ContractFixtures/SPEC015/Evidence/milestone-6/four-preset-comparison.md	cf4b8cbb2343c418f90483df4573a0185ebfcac3d0176742371462a4d9ddc1ed
Tests/ContractFixtures/SPEC015/Evidence/milestone-6/macos-presets.md	fa10548df8ab6fa89ffdb32606dd0fe373e4fa822adf19900effd0bddec0ac75
Tests/ContractFixtures/SPEC015/Evidence/milestone-6/nrf52840-static.md	7168c591b3a1ee88fb79822a00bfdc2c35252355210371517ac8c372ecffe72c
Tests/ContractFixtures/SPEC015/Evidence/milestone-6/raspberry-pi-armv6.md	ed54996588cb76beac7f821b60a1ea82524f9f554366e4c65647e845cf8a624c
Tests/ContractFixtures/SPEC015/Evidence/milestone-7/exhaustive-negative-corpus.md	99eaaf91e981f39605461b6b5e2594d033bf123969e7b6086bec8d2a43f99673
Tests/ContractFixtures/SPEC015/Evidence/milestone-7/four-profile-driver.md	146d1a926af9d569fdcd13c000398cbc7acabe9e261dfac03bf9a2d8d8a440bc
Tests/ContractFixtures/SPEC015/Evidence/milestone-7/repository-gates.md	4f14d21a7afc1ad54cbf90f3ead5d2f86037b05f16c6efd3ff17296977a92f68
Tests/ContractFixtures/SPEC015/Evidence/milestone-7/source-boundary-scan.md	2cdc49837b5192ff37dda5ee233be2568aab798039d6d253834891c5af319e90
Tests/ContractFixtures/SPEC015/Fixtures/Negative/external-package-access/main.swift	100917d956259f1aa7b74878a865bae47adb5b3cb9dffc2f4048abf4b331c179
Tests/ContractFixtures/SPEC015/Fixtures/Negative/non-sendable-activation-failure/main.swift	e93ed9bbd09e97ebfcd6fae99d72ca0edcb908defc4bf7562245d862b1b7ed13
Tests/ContractFixtures/SPEC015/Fixtures/Positive/host-configuration-surface/main.swift	d6dc240b158c335427e80ce20a0f282dadcf8d50ce3c4ff956d5a04ad59e0037
Tests/ContractFixtures/SPEC015/Generated/macos_dynamic.workload.generated.tsv	aa486d56a68cb901474a03a9006a24b445e74e3c206d165b3341e37baa6be258
Tests/ContractFixtures/SPEC015/Generated/macos_static.workload.generated.tsv	88fc621b4281b5078348f585501e080b9fdd06694d71ccc8375d8d0f499cc4b1
Tests/ContractFixtures/SPEC015/Generated/nrf52840_static.workload.generated.tsv	9ced8d242406acd2f54b5f84aa1c1b98d9fb215e080a346417015989710ff001
Tests/ContractFixtures/SPEC015/Generated/raspberry_pi_dynamic.workload.generated.tsv	c99aa25e49731ca7a1174b26f14a59267d9e8d98568ef502792967ea015a5ceb
Tests/ContractFixtures/SPEC015/Generated/runtime-limit-leaves.generated.tsv	d567a904d4573b3955102e689ce79f2f73004f3072b1f4aca440a7b958ba67b0
Tests/ContractFixtures/SPEC015/README.md	e1994c06d74a925cc4663320dda2375e6c83ffbf065b57bc4d401295e77b99af
Tests/ContractFixtures/SPEC015/criterion-registry.tsv	eecc72d2de41f4fa3b73d0372da0a4f87aed9ea940c54296fda4aead916b531c
Tests/ContractFixtures/SPEC015/evidence-kinds.tsv	1aa7aabd12a9790d72bf2e29a6b759556920603ee775a6f2fb3559f1dd4f0345
Tests/ContractFixtures/SPEC015/fixture-registry.tsv	3e8531307e544d3a8b054087be46dbe7dcb5c120691203556b80235ad8d140b7
Tests/ContractFixtures/SPEC015/lifecycle-transcript.schema.tsv	3eb991ed4dc0bd8cada9be3d84ea231fe0e2fe7c583f9808daad8f160c5b2693
Tests/ContractFixtures/SPEC015/migration-inventory.tsv	23aa22e536df2a592ec9ca4d3e03743e47b74851c859eaa49655fdcdf1ccc96f
Tests/ContractFixtures/SPEC015/module-owners.tsv	ea26da77ffcd254676d5b47a3278c42d5100b7bf47d73d78c020a750f3a57d7f
Tests/ContractFixtures/SPEC015/normalized-preset-report.schema.tsv	ceb0ec199c5ac2594d45d02d7b6b482bcfa15f83e78a6b4de53c927d191a8abe
Tests/ContractFixtures/SPEC015/normalized-semantic-report.schema.tsv	ec3f9364926b5043286ba9b0471f24b12aca0b8f37fc9a782fead48213a94a31
Tests/ContractFixtures/SPEC015/owner-call-transcript.schema.tsv	96fb9001734ac0d5929a03c9b7e1ceb475d7821622ae8b4f629d5257e32156e7
Tests/ContractFixtures/SPEC015/portable-workload.schema.tsv	ff76286882e7f8e0df086fdb28b63829406fbf5255277ce0aeaa78fda89cfb58
Tests/ContractFixtures/SPEC015/preset-expectation.schema.tsv	87482ab43124cf8e6c04dba54a0cf2c127d290f85a6bf8cc8f008efb4eedfef4
Tests/ContractFixtures/SPEC015/required-evidence.tsv	3386fc524fd641031f7efd49c992c7f4ab2d30a69bb140ad23655f278ef8927f
Tests/ContractFixtures/SPEC015/resource-report.schema.tsv	a97ea8331573a091595a24ef61316dce6e126749d99f17cdef2a19d1192a660e
Tests/ContractFixtures/SPEC015/signal-analyzer-workload.tsv	70a811bc047e6e1edca8b501603b30dc361f877a40761de06a8d1f3ca4ae0683
Tests/ContractFixtures/SPEC015/validation-access-ledger.schema.tsv	0d7edb816ffbf11a9c835e2a89468c16b01465258335994a574d4359ad6cfb36
Tests/ContractFixtures/SPEC015/validation-transcript.schema.tsv	ddda8febb26f8079b810c029451a68db85b67aa42a05338b74c4b9171aa0343d
Tests/ContractFixtures/SPEC015/workload-manifest-v2.schema.tsv	21772b44dc0f2f428b46801efedc196676c7e33a5d4c0ae7c41e317d5b4e5a4f
Tests/GiftUIHostConfigurationTests/GeneratedSignalAnalyzerPresetTests.swift	10f5bde4291f81d6256de9abe14bca1aca25079c25b14ef8906fe4fd38c8fd21
Tests/GiftUIHostConfigurationTests/HardwareFreePresetRunnerTests.swift	68f9a049f0b26c3b96cfa64c44a002083eae16254e5bdd4cdda2aa61f296a7d8
Tests/GiftUIHostConfigurationTests/HostActivationControllerTests.swift	29fbd3789b3721c1442d36b33cb961f5144b200bc095673468b37e88bee248c7
Tests/GiftUIHostConfigurationTests/HostApplicationIntegrationTests.swift	df36f4161c1df4467bb66a3291f30bb146d326b3e3c4d4731b67491b561c792d
Tests/GiftUIHostConfigurationTests/HostApplicationOpportunityGateTests.swift	da81072816b13ccba6404d234ff26bbb928aef1a2d90a9024e344ed7660a9ccc
Tests/GiftUIHostConfigurationTests/HostApplicationStartupValidationTests.swift	e60228ee5d3c030eeb09284f0aceb7c4eccce9c1977b471a76a96d80d52188b5
Tests/GiftUIHostConfigurationTests/HostComponentGraphValidationTests.swift	5dc6299b4e692f677133487b86934256209ea3d4d17068e116274573f68cda8c
Tests/GiftUIHostConfigurationTests/HostConfigurationSurfaceTests.swift	ba8ab8cd4f1319e8dc4c858ef42ec492fa71c50b88fa17840e750245fa9ac7fc
Tests/GiftUIHostConfigurationTests/HostConfigurationTests.swift	6e94ab51b466aab3695d2c403bdacb3ea7749159c87cc7d7d1758059b0e2b982
Tests/GiftUIHostConfigurationTests/HostConfigurationValueTests.swift	a8b451809d9a09d9ef7728230571e6928b2ebb86bc4d599cf41bfad7b5845c61
Tests/GiftUIHostConfigurationTests/HostEndpointHealthControllerTests.swift	c00be65f4f593476476768f1aa3e0d4e076f0656a688f084c542849bb67e148d
Tests/GiftUIHostConfigurationTests/HostEndpointStartupValidationTests.swift	807c54e57f2400cb152f3283b66530579392b6c0bc84ab157bd40f91d965e1ec
Tests/GiftUIHostConfigurationTests/HostFailureAdapterTests.swift	9210426262c86137fd8c576c671989efbb175d5f52cf759b2bf03a13bd979e60
Tests/GiftUIHostConfigurationTests/HostNormalizedInputGateTests.swift	da01b4a43eaa20881577c61334c07abb138de518d2166314e6becedbb81af1f7
Tests/GiftUIHostConfigurationTests/HostPresentationRecoveryTests.swift	a8a483f25657f09f2dd69c056aa48509a3a97569107f7a01388db00b5f0f32a8
Tests/GiftUIHostConfigurationTests/HostPresetBootstrapTests.swift	b5a99aff5d0b8ae1ac825ff2d259a8c1b8a80dd61e0eaf7b8cedc2f76d3d18dd
Tests/GiftUIHostConfigurationTests/HostResidualFailureRoutingTests.swift	c780541787daf8233fc858edfb3a653981881f84bd1df0203f8d8fa152146a63
Tests/GiftUIHostConfigurationTests/HostResidualPolicyTableValidationTests.swift	2d7cdccd69401ee7076694c5d5e08f8f5695f8d8a0b68a6a22c040fcd6194b51
Tests/GiftUIHostConfigurationTests/HostScheduledOpportunityControllerTests.swift	4eaab350edae40c06e5a0258f7ac34cc79a168ae226f5f2e940ee4993c4aff80
Tests/GiftUIHostConfigurationTests/HostSequencedFactAdmissionTests.swift	f22e52da4a142b91c457238600ee79f76299c16167c8f557ef5756989a045dac
Tests/GiftUIHostConfigurationTests/HostValidatorCapabilityTests.swift	365179404ab85c5ef2bd3364e7e0f2f76d0e1fbe84c9786862bf4da5b597a718
Tests/GiftUIHostConfigurationTests/HostValidatorFixture.swift	aefc466ff39a6840c0cbe0a6585c93aab7249fc40c9a40f4719beba9afcb2038
Tests/GiftUIHostConfigurationTests/HostValidatorProfileAndTextTests.swift	b27f16fb720182cae4fc36a8c4cd71114028c3d34eec90d2e2f47cdf596cd05d
Tests/GiftUIHostConfigurationTests/HostWakePacingControllerTests.swift	e45164d1bf06b1a214c0eec884280899c91f0558cfe7b6d20b51171c92971097
Tests/GiftUIHostConfigurationTests/HostWorkloadStartupValidationTests.swift	d451062ceeebc8dae0e372f8158f77e4b1f664fe4ffee43c09d9d2d5db4f5006
Tests/GiftUIHostConfigurationTests/SignalAnalyzerDiagnosticProfileMatrixTests.swift	06279d0a83f179f1d23d79868776a76515cee0ee8ef932966cec68a8e836736f
Tests/GiftUIHostConfigurationTests/SignalAnalyzerDrawingStartupValidationTests.swift	e97b376dcd040a8c2876425298544456db0ce710928b3b0b557bba7e57d0d23c
Tests/GiftUIHostConfigurationTests/SignalAnalyzerDynamicSemanticJoinTests.swift	128f73a67f915dc3c331f4c4c303f5e804bc5b843828f00339322d263bd087b2
Tests/GiftUIHostConfigurationTests/SignalAnalyzerHostActionDispatchTests.swift	105cf9d9d312bf5d77c69ee9f3dd0bd7ee4437239e01a6daf1aa142092e2f9bb
Tests/GiftUIHostConfigurationTests/SignalAnalyzerHostFactAdmissionTests.swift	fd2c2b28eb96168b8077492326c0a1bf264a940cabf6b0298a48dc9e620ed94c
Tests/GiftUIHostConfigurationTests/SignalAnalyzerIntegratedCycleTests.swift	a6f443af5e4326709068c0366706ecca1e245f6195a851526b8a02a3d774507e
Tests/GiftUIHostConfigurationTests/SignalAnalyzerPresetHostInstanceTests.swift	87c0b6e886706ca07d18dafc8ec6c9163f1e47f3aff11037b0b8192bb1df5946
Tests/GiftUIHostConfigurationTests/SignalAnalyzerStartupAdmissionTests.swift	270ab46fb74dd0c05d99540d68d4bad7b4fed8e8bf68d78ff1ce2b1c0a59345c
Tests/GiftUIHostConfigurationTests/StaticSignalAnalyzerNRFAssemblyTests.swift	1e2220d520c7b7484e35fe3ab0d95cda7379b7616445f40d02dd0462fd59f50e
Tests/GiftUIHostConfigurationTests/StaticSignalAnalyzerNRFCanvasTableTests.swift	3131e7924277ef5f0032af439fd6a679fb2d7b5fc3ad6a91dc64c4f725807bce
Tests/GiftUIHostConfigurationTests/StaticSignalAnalyzerNRFCaptureFactAdmissionTests.swift	ce44b7e19b48d3e29c7d56afa7a8775e52f83d37fcf11b4ab6245cf0180bd144
Tests/GiftUIHostConfigurationTests/StaticSignalAnalyzerNRFCaptureHistoryTests.swift	a98d4669b6331e90d22cb5dec324cfd2eb78f49e408e8e96b0f7801f133eea43
Tests/GiftUIHostConfigurationTests/StaticSignalAnalyzerNRFCaptureRecordTests.swift	c640665e677ceb03a77ad628b30e4db0d801b8d318bf8e1f43c80629b0c717c0
Tests/GiftUIHostConfigurationTests/StaticSignalAnalyzerNRFCaptureSnapshotViewTests.swift	d6bf453b4ea90a7abf4776662c1ff35689908fe44f7ed9fa21b8b4c637bc8480
Tests/GiftUIHostConfigurationTests/StaticSignalAnalyzerNRFCompactCaptureFactTests.swift	bd3d7618f37e74251faf0fb7dd1ff9170c0624774e022bd56e46ad6dd7ed587d
Tests/GiftUIHostConfigurationTests/StaticSignalAnalyzerNRFCompactFactRingTests.swift	3b252c4c5157031b70ac6ca48674e8f8ca03135616bfeb61dbf7895be3fefefa
Tests/GiftUIHostConfigurationTests/StaticSignalAnalyzerNRFDeterministicSourceTests.swift	8bdc771eea1344c91e161a68088f8b887709a7163e84adfbfe44b74d8cdbfbab
Tests/GiftUIHostConfigurationTests/StaticSignalAnalyzerNRFDisplayTargetTests.swift	800a6f9a1dc0b7d5d8d56617ecce2a1ddb4d9079ed831acceb0fe3e4e748c68d
Tests/GiftUIHostConfigurationTests/StaticSignalAnalyzerNRFDrawingPlanRecordsTests.swift	969d916b38aabcb8fa411e77c4250382d2038010b3f206967ecb86ad836ab15b
Tests/GiftUIHostConfigurationTests/StaticSignalAnalyzerNRFDrawingPlanStorageTests.swift	b92aad446b2cd4e005ffdf396331c5d55c3b3085fa1db5244ace1c6eb7baad20
Tests/GiftUIHostConfigurationTests/StaticSignalAnalyzerNRFDrawingWorkspaceTests.swift	98ffdc87c0a5639b2931a969f20bdd8a31622d4181877358324f96668d4ef4b6
Tests/GiftUIHostConfigurationTests/StaticSignalAnalyzerNRFEmbeddedLayoutScopeCodecTests.swift	5899b8334bbb80e86d3be93192d8619dd96267fc70af8a1af5c3bd6d3dfb7ec1
Tests/GiftUIHostConfigurationTests/StaticSignalAnalyzerNRFEmbeddedLayoutTextCodecTests.swift	663c9a8915af456587f8e3c8aca5daf921b6206161301347bd88fbc440c47717
Tests/GiftUIHostConfigurationTests/StaticSignalAnalyzerNRFEmbeddedLayoutWorkspaceTests.swift	0e628c2c40ac1c1eaa99797c9a70fba35d132596b3d76c7b7a2054b780d7b5c9
Tests/GiftUIHostConfigurationTests/StaticSignalAnalyzerNRFEmbeddedSemanticRegionTests.swift	3a572e09edb0eab08c8e7ff40f2e6936b7841334a32b1f57faa9edb834a65d88
Tests/GiftUIHostConfigurationTests/StaticSignalAnalyzerNRFEndpointTests.swift	835918d089db5bb07197ebe617a8c08a1bb16b798c4f13d9d235bea1469e4c89
Tests/GiftUIHostConfigurationTests/StaticSignalAnalyzerNRFFactPayloadLayoutTests.swift	65efcf6867e376467bb1a8dace04ea43b4f8d092687b93b9b31a79b896cba9db
Tests/GiftUIHostConfigurationTests/StaticSignalAnalyzerNRFInputABITests.swift	5282907c808d5a9ed1f5504cf232897aef22b740d77bd25fccc86fbb2d6cb6fd
Tests/GiftUIHostConfigurationTests/StaticSignalAnalyzerNRFInputCoordinatorTests.swift	76ffe0cd96c4e443746bfceeda60b4e0a9d148521bc0a1a473ffea41eaeb8d59
Tests/GiftUIHostConfigurationTests/StaticSignalAnalyzerNRFInteractionHandlerTests.swift	5631703e5ea7b2ee831e82d863f58ff39eb6b4cb899f7edf99c61c21a0ab0275
Tests/GiftUIHostConfigurationTests/StaticSignalAnalyzerNRFLayoutScopeCodecTests.swift	c007eefee400a27a626a3459b4dceff04a76e8b1366f508b484538527c119dff
Tests/GiftUIHostConfigurationTests/StaticSignalAnalyzerNRFLayoutTextCodecTests.swift	848fc86a01a2d7c998298b046d6cbe02d02ea80b0f6dd03539418d3be18c6a29
Tests/GiftUIHostConfigurationTests/StaticSignalAnalyzerNRFLayoutWorkspaceTests.swift	054b31def2b355e883e476617093666265c8cbe45595a520ef882b702aafe83d
Tests/GiftUIHostConfigurationTests/StaticSignalAnalyzerNRFLivePathStorageTests.swift	7db346b9dc0997fb2b6a4ff7c706a9db04d304d0e8ede076fc835188d73eee8c
Tests/GiftUIHostConfigurationTests/StaticSignalAnalyzerNRFModelCaptureStateTests.swift	8ba7214c600bec7eb17ee2046522942b10a4136b92de5598a4156befd25cb121
Tests/GiftUIHostConfigurationTests/StaticSignalAnalyzerNRFModelLocationTests.swift	4a05660cb7aae92a2572fcb8f2c5795aaa8abab13c7fc6378574a7997a606030
Tests/GiftUIHostConfigurationTests/StaticSignalAnalyzerNRFModelTextWriterTests.swift	de9d66f984d7ad37e1b4fbfbf75a88152b01fae94ce8c7d6dcd9e8c4aec69482
Tests/GiftUIHostConfigurationTests/StaticSignalAnalyzerNRFModifierPayloadTests.swift	5fa56756f5cc37f328bb3a17d79520af9a0528d0eb65e11d5455daf6e969f826
Tests/GiftUIHostConfigurationTests/StaticSignalAnalyzerNRFPackedSemanticRecordsTests.swift	631958cc328e045378985c818ad603d17b2fe71dcfc5179174d534f0a1b5db56
Tests/GiftUIHostConfigurationTests/StaticSignalAnalyzerNRFPresentationCompositionTests.swift	e75e7cafc012974eec44baa5dd6c1cca561a19eaa1855d972ae748b435b77cff
Tests/GiftUIHostConfigurationTests/StaticSignalAnalyzerNRFPresentationInputsTests.swift	b9d058975fd770c82d4d73a9af30f5a2d6876c979e9c843cadaa3313c8f89fde
Tests/GiftUIHostConfigurationTests/StaticSignalAnalyzerNRFPrimitivePayloadTests.swift	b3947752efe1a70ed0ebaaddcea6425b505eba2ce71fa916b5258b777d0f8dd2
Tests/GiftUIHostConfigurationTests/StaticSignalAnalyzerNRFProfileBindingTests.swift	1b7a54bd08940ea4ae5c0ca83af003ed7b6f7583e7aaee46840c3e1fdf3d227b
Tests/GiftUIHostConfigurationTests/StaticSignalAnalyzerNRFProfileRegionsTests.swift	dc3357ed8cee83b8b3f02724da343d9d0f908886e8039e8a356783da3d63680f
Tests/GiftUIHostConfigurationTests/StaticSignalAnalyzerNRFReferenceMetricsTests.swift	cc7f20f3ff1c95019760d4498454b3e0335495366f3410f9d1fc1493a710a836
Tests/GiftUIHostConfigurationTests/StaticSignalAnalyzerNRFRenderWorkspaceTests.swift	8cb00cccca0d1a0cbdbac765b5e855759d76322bf9fb026e612309af80825f08
Tests/GiftUIHostConfigurationTests/StaticSignalAnalyzerNRFRepositoryProducerTests.swift	004ed444438253b6aa923401bbdd825d7b4ac3d22d3ba66088bd1874b8f770de
Tests/GiftUIHostConfigurationTests/StaticSignalAnalyzerNRFRuntimeStorageTests.swift	9f65158db4182a329156f82cf1291d4d9dc618a9836fd997c820ca635bdd184b
Tests/GiftUIHostConfigurationTests/StaticSignalAnalyzerNRFSPITFTTransportTests.swift	039ad8f3194999ece635b43df5112ec983fd1ebcbae28b94286f05db4b53f140
Tests/GiftUIHostConfigurationTests/StaticSignalAnalyzerNRFSealedFactApplicationTests.swift	3f303e0ac81c16888fa309f854c7d812623824d198cb15eac9960657b3d9403c
Tests/GiftUIHostConfigurationTests/StaticSignalAnalyzerNRFTextPoolWriterTests.swift	96e2283954f7a39bf78e0902b2a699a32a74377ac95f0ad8b30ffcf46ca44911
Tests/GiftUIHostConfigurationTests/StaticSignalAnalyzerNRFTileStorageTests.swift	85e05226174861dd993adafcc4c5d54dd3de240da038d552f7818e79f8a0c250
Tests/GiftUIHostConfigurationTests/StaticSignalAnalyzerNRFTopologyWriterTests.swift	36c599aefe9a87426ce0838274a08643211351ac9f0507094ef4009fdcffc9db
Tests/GiftUIHostConfigurationTests/StaticSignalAnalyzerNRFUTF8TextPoolTests.swift	14bd54fda5b0227f18adc43ed7a821c9e8a4d103c4db59a8555b0db201489582
Tests/GiftUIRuntimeConformanceTests/ObservableProfileWorkspaceTests.swift	7184ae721a5270edabac7165b4725de403615b29cb37f28102380ba415f9a776
Tests/GiftUIRuntimeConformanceTests/ProductionObservableModelStorageTests.swift	7b01d4f7da6bd637c78fcf5d2213e4881bd89f357fd4260d26d4d5537d7458f1
Tests/GiftUIRuntimeConformanceTests/ProductionObservableProfileWorkspaceTests.swift	5b27b5d5fcd45d19dd85c435e06e8213903a4c043c8ae04bb82355ef7c4de864
Tests/GiftUIRuntimeConformanceTests/ProductionObservableRegistrationTests.swift	7f7c25a1c0368d0481f2efe60911e005054806c3c11543b9d0f6a0bf75382ad3
Tests/GiftUIRuntimeConformanceTests/ProductionObservableRootActionDispatchTests.swift	ce4ed74d35d46e68554177a61d72df562928bd7b6665ad76a9cb8666bee574ed
Tests/GiftUIRuntimeConformanceTests/ProductionObservableRootAdapterTests.swift	91e6097b66af09912ec5edfced78d4be437bbc8d9e37e208bdbdee8004fa8ec1
Tests/GiftUIRuntimeConformanceTests/ProfileCanvasStorageDifferentialTests.swift	c3ff0f9ad6743f362a9a64a629d4440b17b5c4ad39a21cb2ab099b643d58640e
Tests/GiftUIRuntimeConformanceTests/ProfileDifferentialTests.swift	f0f7d8006009dd420fdc8b0fc0b954e6a4507275510bfa6ddf6d2eb081f89853
Tests/GiftUIRuntimeConformanceTests/RuntimeConformanceBoundaryTests.swift	404c74c8a6329996806d2f0fb453e0170adbbd6bd1d46630a5147ff35f239a4b
Tests/GiftUIRuntimeCoreTests/RuntimeCompletePipelineTests.swift	b1e889c5fdc1e206cf7776d9c0b374c3d1df77bd257d5593f9170922e020b9ac
Tests/GiftUIRuntimeCoreTests/RuntimeCoordinatorCleanupTests.swift	399ef0cef05396391febab5dfb6a1f218fe8c80a9554d98c18465636f7aa77c6
Tests/GiftUIRuntimeCoreTests/RuntimeCoordinatorLifecycleTests.swift	f17375244066d740f5316f2a5e40a7ee1ba2b47b100b894f46e7c58a82b7fbea
Tests/GiftUIRuntimeCoreTests/RuntimeCoordinatorQuiescenceTests.swift	e22e773812ee7d6ff73a4f4e51ab5bff18eb07370b748adee6d0bc615aa53b45
Tests/GiftUIRuntimeCoreTests/RuntimeCoordinatorTransactionTests.swift	d8996c2d6b9f18a3b8e1d3c1bba23601287cb7f7824efcc03881e07bed5cdc71
Tests/GiftUIRuntimeCoreTests/RuntimeCoreBoundaryTests.swift	1eae07abdf665bcf0aa435dcef968d91a2e270c0b609f97ab7f1f06e65374109
Tests/GiftUIRuntimeCoreTests/RuntimeFocusedFailureStateTests.swift	5b8acfaf9b4d9ff2ec628092ae7d1d7ce0fbe0de7c25d9b4c9a5efb1097b0b73
Tests/GiftUIRuntimeCoreTests/RuntimeInteractionCandidateCoordinatorTests.swift	88e78e727719c6b879cf74a12d9b412307c8811401aaf91913271985f2316782
Tests/GiftUIRuntimeCoreTests/RuntimeInteractionCandidateTransactionTests.swift	2919f00a7984d2cb465893c353326ee863886eb446f94dd828cfa4d4a2659503
Tests/GiftUIRuntimeCoreTests/RuntimeInteractionDispatcherTests.swift	d88f6f5cf9a822e5d9d2801ffb40bfc590a1bd75800cea4f04e210ede8246fc5
Tests/GiftUIRuntimeCoreTests/RuntimeInteractionMutationOwnerTests.swift	9b3eaba30122b393b8802e081e653bf794685ea5191766dc76ecb4eb5910e7e0
Tests/GiftUIRuntimeCoreTests/RuntimeProfileLimitsTests.swift	8d0018da6fcf66128d508b92f379c6b22bd6919fe0c1cd1ffc035e3b538fe05e
Tests/GiftUIRuntimeCoreTests/RuntimeProfileStorageTests.swift	41bad805dc5fcecc3891303c5ae44fe001d5806002d5b9885f17e58e0a21a79f
Tests/GiftUIRuntimeCoreTests/RuntimeProfileValidationTests.swift	63230d373d60b8711b5e072aaef139becb11a156253486ca6f0c93f00aa7daac
Tests/GiftUIRuntimeCoreTests/RuntimeStorageAuditTests.swift	fc3d433979d69f7bf17a12459850e15daa3e12f38fb46d4bb65f92515595ada1
Tests/GiftUIRuntimeDynamicTests/DynamicInteractionStorageTests.swift	0236d077a6d1a89f43e3d62206fc4ade08fd505b4d4e048e60d6c4b155a6d745
Tests/GiftUIRuntimeDynamicTests/DynamicLayoutHostStorageTests.swift	60c0eff2e40573c8f338a9fb6478b02df804ddb83cb1ba978fbc99492e61aee5
Tests/GiftUIRuntimeDynamicTests/DynamicLivePathStorageTests.swift	16133655f3549e86dee047f092dc5f1f6c5aa5f45a184c54d9a8bae1255d0b02
Tests/GiftUIRuntimeDynamicTests/DynamicObservableModelRegistrationTests.swift	ce86df90cd080fd0c080ae5c4fd78cfc33277aba2d363ce9e4632faa997f0b4e
Tests/GiftUIRuntimeDynamicTests/DynamicObservableModelStorageTests.swift	331ba67910e143c6f0f00b20d7cf0c45d9b7043f86123e156c18e5b7609226e0
Tests/GiftUIRuntimeDynamicTests/DynamicObservableRootAdapterTests.swift	5d5cc81e9bbb15667af0c050d871eba6d83cd46175fc98f410701da70cb237c8
Tests/GiftUIRuntimeDynamicTests/DynamicObservableRootTargetAccessTests.swift	2297bd2eb8befc19530934fb894f8f43bde10fa40c97c2a1900677428d58f2eb
Tests/GiftUIRuntimeDynamicTests/DynamicObservableStateReconcilerTests.swift	e6de7d9e1292db86d9fd475acef48a0597184b725adb3179fee71d50b8f68ec0
Tests/GiftUIRuntimeDynamicTests/DynamicProfileBoundaryTests.swift	0d7ac3000529f1f6b191049e0fb5f4af709fc2ea72cf24910728a4144034be6b
Tests/GiftUIRuntimeDynamicTests/DynamicRenderWorkspaceTests.swift	05abd6d198744a5d55fdaee73114ea4c35364ec35fe8a0719cc5ff2675e9be3f
Tests/GiftUIRuntimeDynamicTests/DynamicSemanticHostStorageTests.swift	7486370f4ced89b8bc816d9cd74bfb2ae41545882d90f5451c1585ccd4db3c90
Tests/GiftUIRuntimeStaticTests/GeneratedStaticProfileFixture.swift	36f66ce4f14cfe40dfce04dc7b15f1afbe5b696f8714301172ea7d5288695be4
Tests/GiftUIRuntimeStaticTests/StaticGeneratedMetadataTests.swift	cea05377ec0c0b46a6c795540e4a229b43efa8af26fe79bf80c4a65c967c0d72
Tests/GiftUIRuntimeStaticTests/StaticInteractionStorageTests.swift	ab5cd4e224d2f287629da3aafd1e9e9577bacb32c019695577a510807ca124b6
Tests/GiftUIRuntimeStaticTests/StaticObservableModelStorageTests.swift	068d37195cfd28c1f15ad865322f5fc8a5778b44b323a62b916baa8cbcc34847
Tests/GiftUIRuntimeStaticTests/StaticObservableRegistrationRecordTests.swift	b13bf1f4a94e7c17e5880bf70ba3ad6b596e0c936f33d2591ea7007174123e97
Tests/GiftUIRuntimeStaticTests/StaticObservableRootAdapterTests.swift	d04c0fdaf283e05576b41aa62047bb319763618320528381ffc799c0cc6b9c05
Tests/GiftUIRuntimeStaticTests/StaticObservableRootTargetAccessTests.swift	14958d98542786353e08a75013ba3e6dba621c2ebbedf6ee72c9ce6a7a3baee9
Tests/GiftUIRuntimeStaticTests/StaticProfileBoundaryTests.swift	4be7ada81339d0664730b12c49f97a4bbd0eb737ad76fbc47c1ccf2e5eb2bfef
docs/implementation-plans/spec-013-implementation-plan.md	f79846bf9e62def27114cd7329c03b434923887e4b17031542a553ff8c4734cf
docs/specs/spec-013-runtime-profiles.md	64e260aa77687d56043306cace881e3f420a6a5531df2fbca65bfe537fae58df
scripts/contracts/check-spec-013-amended-carriers.py	9b87a350525070c64e35c4437c18a0ca551dc6e1940f22e7d909eb9075b2de49
scripts/contracts/check-spec-013-borrow-boundaries.rb	e7e201d88b7f2bc571aa6323484cb8b87264fde1ad582741ac6182b70a4b01bc
scripts/contracts/check-spec-013-cycle-failures.rb	3d4aebbd006dbb2684b3373635b980322f40536e583586bb43f8f3eb87a33bb7
scripts/contracts/check-spec-013-downstream-integration.rb	915386f6dcda9ec5d937b5325b2ef438ea58ee5f293e2d5e6a0608ac7c05ef91
scripts/contracts/check-spec-013-dynamic-binding.rb	b9d87a4c81a0d689f6033a325802a058ccd3f7070619116c3cd148b2037ee907
scripts/contracts/check-spec-013-equivalence.rb	ad8d5a235e55b68f39b77ae4846074cc4a8c54b5df9e203bfc021f089e0d6d64
scripts/contracts/check-spec-013-handoff-recovery.rb	65a317d1a589acc542331f90396fa2c8bfa9a241ddc440890b4f149f35c045f2
scripts/contracts/check-spec-013-harness.rb	06c793edbd391e0a97534c448a73da3bd418a381af6e01b570d21b2a848e4119
scripts/contracts/check-spec-013-migration.rb	38b0f102092853de374413c9747e94861f2bb120040e4a7b6356d8e3d223c88d
scripts/contracts/check-spec-013-module-contract.rb	1d37acced31b98c7a6b02ea517e211eee1148d2ec1d0b6ed08abb82f93c40477
scripts/contracts/check-spec-013-module-contract.sh	367170947b2e7c73a67c3fcb0184c9123554d95b0a0292fe46544bb5c0862e97
scripts/contracts/check-spec-013-pristine-builds.sh	d4f295fce33b8669d0327742e1aae8bbbc1a6712b1c517f79c93d0cbc4131710
scripts/contracts/check-spec-013-report-driver.rb	a8c5c453cfd3137b864c2025273e6c1b083f2f87304b97fc55f3f7a1aa16e4f5
scripts/contracts/check-spec-013-resource-instrumentation.rb	e493377f16142ecff44a03a0da7ac07c35034a6891a69167ec44d966392a8923
scripts/contracts/check-spec-013-resource-instrumentation.sh	a217e3de805a5df929feffdafcb6e796b76cc04afb3085c36334747978d8b460
scripts/contracts/check-spec-013-startup-corpus.rb	06e3e4390ce84af3fc14199c1ab4abff6fae88df9b9f5b24e423a197e5aa9ea7
scripts/contracts/check-spec-013-static-generated-fixture.rb	9ae05050442b9f2c406ef52c34d250f9997e6d6594a93a11fbaa89e0c3064d33
scripts/contracts/check-spec-013-static-profiles.sh	67f72ef8e6bfc00d84fd67f64fb57d53d44db310b6ff5874eacaa2afc71f535b
scripts/contracts/check-spec-013-static-storage.rb	d1a0134dfe2769a9b1cf7799106eb52b6457fda730c0ae36de4f5566cfba7c28
scripts/contracts/check-spec-013-storage-boundaries.rb	30bc8f9927a74ec95a4ad2878a8c663c137974747e8064f21c64ae0c0cdb29e5
scripts/contracts/check-spec-013-storage-registry.rb	637fe857b60256f6670d3d3f1b89954a63290b104181b790413050a9ef2fa1f9
scripts/contracts/check-spec-013-target-evidence.rb	d2d3c9caae9b135d244039b1d1f9f39e5d2e1bcc95eb9657047e14f8004cc976
scripts/contracts/check-spec-013-workloads.sh	2d156e645a1108e4301dc6eece23c06d7fe457867976a4f1fdf7bf002a4ef71c
scripts/contracts/collect-spec-013-pi-target-evidence.sh	0cb72452deb11a64101d2708e973710b63819bddd405e82577895f69a41a483d
scripts/contracts/collect-spec-013-t7.3-evidence.sh	d7eb95b620c7ca62a0e89696d3a452c9a2205be81fcc7481c36295e1ce6f5901
scripts/contracts/compare-spec-013-pristine-builds.rb	fb0678d3fae3b4eeac8c3a5b913fa871aacf880247d410470167fa19b5b359b7
scripts/contracts/finalize-contract-metadata.rb	c41f7e4448e79486a392ce441c38714bf3b6f89911e02bef9e7ed9cbb30616f9
scripts/contracts/publish-contract-report.rb	0a48c42e7bc66d2ce562f9b6bbed4984e6876b2e29d633d779c6a11ff16f7bfb
scripts/contracts/report-input-identity.rb	b362ea189338a40f961a797c233c0d18085af4955939ee63afe4302604ad6ad8
scripts/contracts/report-spec-013-profile.rb	1c4c65c4386418ba01eb5127f5639b1607474ce5b2bb29a30456d96e11620869
scripts/contracts/run-spec-013.sh	0ef6a3945e6be7cd408d7b6b18c628ef24b361d417d3be40ed5d22c38a826e83
scripts/contracts/verify-contract-report.rb	1a00883ed205e0d5244d73c719d9f3ac72ab2524fc441e262459401cbb0fc6e0
