build/GiftUIFoundationProfileCorpusProbe.ll	5f08b1a8b8eb023cf4cc1ac772be539263aa0c372aa24b42bc49b5b11f828898
build/clang-cache/modules.timestamp	e3b0c44298fc1c149afbf4c8996fb92427ae41e4649b934ca495991b7852b855
build/foundation-layout.ll	5a49f8ba1ceb44986e378b0bd1c1f417879355d184150fcc52d7f663344bb5f3
build/foundation-operation.ll	d8d7d24c131bb3ca3d8ba70b449d7766316b74c3cb2ab8210347ce379d4fa69d
build/swiftpm/arm64-apple-macosx/release/GiftUI-tool.build/ActionHandler.swift.o	aa1e95b1c8e6757e67e9d2777ee04601b210ac8083069c980e329747ee469526
build/swiftpm/arm64-apple-macosx/release/GiftUI-tool.build/BoundedText.swift.o	5edc3e57fc94c080b5a5d7ceae435ccdd52d8c893072c14cc712d3e86e83278d
build/swiftpm/arm64-apple-macosx/release/GiftUI-tool.build/Button.swift.o	03112ea73eebccbe2fd7f7b68f914dda4098091bb8424577f18310a52c0bc8d3
build/swiftpm/arm64-apple-macosx/release/GiftUI-tool.build/Canvas.swift.o	75b066ab89e96604ecee0f46ed3e9b9eec957d3d0f184800f6544f5f6eacd4de
build/swiftpm/arm64-apple-macosx/release/GiftUI-tool.build/Color.swift.o	567f0028b6c95ae1b07a13db7db883c0a51bd8db02f19aadb35e1c64cd09d2a7
build/swiftpm/arm64-apple-macosx/release/GiftUI-tool.build/DeclarativeView.swift.o	7900959a59b69decd1c07cedbdc4471919061f4aec024ab39a48f2d800278f0c
build/swiftpm/arm64-apple-macosx/release/GiftUI-tool.build/Disabled.swift.o	77840f836a7790d253b01500cdf3c3faf3d6689dbee9a59345e6b06f6ea7cde7
build/swiftpm/arm64-apple-macosx/release/GiftUI-tool.build/DrawingStyles.swift.o	ec25428216a65a8323bad9f9bff4202ae307bcc77ec57652b68b1d536c734a86
build/swiftpm/arm64-apple-macosx/release/GiftUI-tool.build/DrawingSurface.swift.o	d85e9fc8924ac4197311bc9319b9527af4ce95191e945cdcb538d056956024bf
build/swiftpm/arm64-apple-macosx/release/GiftUI-tool.build/GiftUI.d	e650f47992ec8ecf999cdb6ed49f5c0679e01ea9f43d3f2cd460b7bc3a70f0eb
build/swiftpm/arm64-apple-macosx/release/GiftUI-tool.build/GiftUI.dia	2c72d5afff8cce441f2f8299a18215b0bf79605aa7eb05839e38f7949b46c0e2
build/swiftpm/arm64-apple-macosx/release/GiftUI-tool.build/GiftUI.swift.o	e09f008e6ddbd32d80de43a94ab55b34dbf7e3991d36bc124d318978e097734e
build/swiftpm/arm64-apple-macosx/release/GiftUI-tool.build/LayoutContainers.swift.o	66a5b587bf964c683b3240736a377af1bfbc79f4b2db964068cf56b4826d9593
build/swiftpm/arm64-apple-macosx/release/GiftUI-tool.build/LayoutModifiers.swift.o	3731aa82027dd173c13278778b79528946c753f2f1eeff72f402e9158dd72fb3
build/swiftpm/arm64-apple-macosx/release/GiftUI-tool.build/LayoutValues.swift.o	43771787c0e8b23f3e27a9a70285438263972175fb1da27b92f81e5647bc1136
build/swiftpm/arm64-apple-macosx/release/GiftUI-tool.build/ObservableState.swift.o	5aedd7204cca2f0cd916becb654e15e88ef823fb4a2e7727a65e706f0c452add
build/swiftpm/arm64-apple-macosx/release/GiftUI-tool.build/StyleModifiers.swift.o	e34236d26c4b7306a5146c8165befe34b0f0533e226bf93013b680be45af1f53
build/swiftpm/arm64-apple-macosx/release/GiftUI-tool.build/Text.swift.o	89c2d23f3348df872b64c5e9860acdf53b7e832a2bcd1937d459bcd0b11d496e
build/swiftpm/arm64-apple-macosx/release/GiftUI-tool.build/include/GiftUI-Swift.h	05bf94481a7e1a7b1e3d63de5ce3e51559e47f6910cbfe9762cf0d77d68a2fab
build/swiftpm/arm64-apple-macosx/release/GiftUI-tool.build/include/module.modulemap	82cedc9e4a444b6b00828028cf52b83f406cf6cada27de1a6c03ce23ba27514f
build/swiftpm/arm64-apple-macosx/release/GiftUI-tool.build/output-file-map.json	5cea40db8ddfcf9834487813b7292a3ae47ac3482b03dbaf00ea965a599bd42a
build/swiftpm/arm64-apple-macosx/release/GiftUI-tool.build/sources	69ba40856431dc63ab6b0ec024591665f65e51f67d5824626ee2128f0b71ac6f
build/swiftpm/arm64-apple-macosx/release/GiftUIBackendIntegration-tool.build/FullSurfacePayloadEmitter.swift.o	e39df35d7478541b28019a3db68c1261a865dd0fa017bb918dd74488242b359a
build/swiftpm/arm64-apple-macosx/release/GiftUIBackendIntegration-tool.build/GiftUIBackendIntegration.d	50f6142cef2a4f7d4033cce57a56a64f81ab89f76fd161b2ea85269399b3e47b
build/swiftpm/arm64-apple-macosx/release/GiftUIBackendIntegration-tool.build/GiftUIBackendIntegration.dia	2c72d5afff8cce441f2f8299a18215b0bf79605aa7eb05839e38f7949b46c0e2
build/swiftpm/arm64-apple-macosx/release/GiftUIBackendIntegration-tool.build/OneShotRasterBackendEndpoint.swift.o	430d49bdbb3be38655dc9498be3118e78f46c5332a153605e9a782cad563792e
build/swiftpm/arm64-apple-macosx/release/GiftUIBackendIntegration-tool.build/OperationMajorRGB565RasterSession.swift.o	82be7d24d741498be493a720d43a7a7cfa6d9b851db2235a667f3bf2fd152282
build/swiftpm/arm64-apple-macosx/release/GiftUIBackendIntegration-tool.build/OperationMajorTileTraversal.swift.o	06bc878990a55b958e544ceb69b05c567c1348186c6ac8b482b07d6152dfa866
build/swiftpm/arm64-apple-macosx/release/GiftUIBackendIntegration-tool.build/RGB565TilePayloadEmitter.swift.o	b9b4fa1540d083ce5d32c4ef43c241e8006feac8818e0aeb00eb294d130df32d
build/swiftpm/arm64-apple-macosx/release/GiftUIBackendIntegration-tool.build/RasterBackendEndpoint.swift.o	abde384388255e2c847c89e41801692293d7f5cfd8c700f2e1d7aea7bde87442
build/swiftpm/arm64-apple-macosx/release/GiftUIBackendIntegration-tool.build/RasterBackendOwnerFailureAdapter.swift.o	691d9f82df1214f7ee5eb76e9e72adc2775a0430e5778c57d927930dc3509cb2
build/swiftpm/arm64-apple-macosx/release/GiftUIBackendIntegration-tool.build/RasterBackendStartupValidator.swift.o	cbd062d415e448f8f6bb97795ca88a0653115c4c3b0a22a25cbf3471f0b7caa9
build/swiftpm/arm64-apple-macosx/release/GiftUIBackendIntegration-tool.build/RasterFrameWorkAdmission.swift.o	35114b3eca58b9761cc2a9106bb45b1af523def15909e60fb90679a94880cf17
build/swiftpm/arm64-apple-macosx/release/GiftUIBackendIntegration-tool.build/RasterTextResourceValidation.swift.o	0ce49550943a7e3a9fdfeb7f9f0d057393e436d566b1da7736f19169cab22388
build/swiftpm/arm64-apple-macosx/release/GiftUIBackendIntegration-tool.build/include/GiftUIBackendIntegration-Swift.h	0a305aaba7cc7f2b25743ad7a3ad3e79acd9f2a6eccd3d451d326c9118a614ef
build/swiftpm/arm64-apple-macosx/release/GiftUIBackendIntegration-tool.build/include/module.modulemap	c39c15f46f03c6e9dd087fda52ef6abf275b1bf6e57e4d1e5fbc0aa7d2012d69
build/swiftpm/arm64-apple-macosx/release/GiftUIBackendIntegration-tool.build/output-file-map.json	4244b18c83f1b84991c1f157ac176468b79baeecbe4c30ddc93fd61676c8f454
build/swiftpm/arm64-apple-macosx/release/GiftUIBackendIntegration-tool.build/sources	e7a6c349925cf27b6de87fff9efc24c1df8f43b0cd9dd5c9eab319f9f354c316
build/swiftpm/arm64-apple-macosx/release/GiftUIBackendIntegrationTests-tool.build/output-file-map.json	60c954d32d313245205e227cd60fa4f6f72423a8f853e12a7399701d029c63ff
build/swiftpm/arm64-apple-macosx/release/GiftUICapabilities-tool.build/GiftUICapabilities.d	8ef01938b26cd7c31a98ebcd299d6876b41c82c94b46c948c5304fa827bd4359
build/swiftpm/arm64-apple-macosx/release/GiftUICapabilities-tool.build/GiftUICapabilities.dia	2c72d5afff8cce441f2f8299a18215b0bf79605aa7eb05839e38f7949b46c0e2
build/swiftpm/arm64-apple-macosx/release/GiftUICapabilities-tool.build/GiftUICapabilities.swift.o	5c630e192b9729b90661eb9f0fa894c732814710829895ba82a1fe475e7bd5e3
build/swiftpm/arm64-apple-macosx/release/GiftUICapabilities-tool.build/include/GiftUICapabilities-Swift.h	cffa180a510c9e55a49894905ef19f2a65e7ed9a40930ad907df89f93f498abe
build/swiftpm/arm64-apple-macosx/release/GiftUICapabilities-tool.build/include/module.modulemap	565596a59c2333930f22183a67b79d77a17a64861c6be413a98c6209611d642a
build/swiftpm/arm64-apple-macosx/release/GiftUICapabilities-tool.build/output-file-map.json	bb9eb6414a9aeebfcf7f3d7b782aca70d6a1c2238bb0bad8f50597eaf730ec4f
build/swiftpm/arm64-apple-macosx/release/GiftUICapabilities-tool.build/sources	cbe0bb35354e9e7974748b0bd2b61d8c403c880b5f21c06a5fa1b386cf4fc025
build/swiftpm/arm64-apple-macosx/release/GiftUICapabilitiesTests-tool.build/output-file-map.json	20a1abbaa22ef1048c489118b9aa33cbab1e2836b84df2091a6b77b94947a419
build/swiftpm/arm64-apple-macosx/release/GiftUICapabilityAdapterTests-tool.build/output-file-map.json	ec19e5358bbccbbbe7c0ea1e62b029bf03b10dc0b48eed6a65b683a76bc79a76
build/swiftpm/arm64-apple-macosx/release/GiftUICapabilityFailureAdapterFixture-tool.build/CapabilityFailureAdapter.swift.o	2dbe004326818bb12d1731fe6ebd392e2ec3ddcf85f628d44c781ac6f88f3946
build/swiftpm/arm64-apple-macosx/release/GiftUICapabilityFailureAdapterFixture-tool.build/GiftUICapabilityFailureAdapterFixture.d	c76d055966ea0702ef09a76c1cb4f9ac2557a084201f9976df21c005bde7de70
build/swiftpm/arm64-apple-macosx/release/GiftUICapabilityFailureAdapterFixture-tool.build/GiftUICapabilityFailureAdapterFixture.dia	2c72d5afff8cce441f2f8299a18215b0bf79605aa7eb05839e38f7949b46c0e2
build/swiftpm/arm64-apple-macosx/release/GiftUICapabilityFailureAdapterFixture-tool.build/include/GiftUICapabilityFailureAdapterFixture-Swift.h	995ea21efb53627505e91a3edc7ea4e17c8722cb3a95a1752514dfeda3c79221
build/swiftpm/arm64-apple-macosx/release/GiftUICapabilityFailureAdapterFixture-tool.build/include/module.modulemap	2daa435ffd71a2b33b278e5ac151297024a3bf74652a299a0a6bf9671e9b8e37
build/swiftpm/arm64-apple-macosx/release/GiftUICapabilityFailureAdapterFixture-tool.build/output-file-map.json	8cbf958e196f72ac61fd2235e41bf42d8f961faf5198ec9b7a64fa894459cab5
build/swiftpm/arm64-apple-macosx/release/GiftUICapabilityFailureAdapterFixture-tool.build/sources	749027b898b80f7c9a7976605a2090a1ad98eeb5781e4db57b0a5c96a063863e
build/swiftpm/arm64-apple-macosx/release/GiftUICapabilityFailureAdapterTests-tool.build/output-file-map.json	3bc174d7a7764466b4bfd0a4ddbcd184636f1e06f014b58299458b6e40c0133f
build/swiftpm/arm64-apple-macosx/release/GiftUIDisplayCore-tool.build/DisplayContracts.swift.o	d44e4f01fbb0f0e10d7f22aabdc4efe1826cafc4fadc09de0407ad1199d0ee56
build/swiftpm/arm64-apple-macosx/release/GiftUIDisplayCore-tool.build/GiftUIDisplayCore.d	51a705b41baedf0606305fe1f085fad6a00a7936bca8938653516db50ab210d3
build/swiftpm/arm64-apple-macosx/release/GiftUIDisplayCore-tool.build/GiftUIDisplayCore.dia	2c72d5afff8cce441f2f8299a18215b0bf79605aa7eb05839e38f7949b46c0e2
build/swiftpm/arm64-apple-macosx/release/GiftUIDisplayCore-tool.build/SurfaceDisplayContributionAdapter.swift.o	a2a73bde470c992cdcbdeb74d0f6b88661ab548a78fedadeeae1044f47176c90
build/swiftpm/arm64-apple-macosx/release/GiftUIDisplayCore-tool.build/include/GiftUIDisplayCore-Swift.h	eda77275e65446be1f54f20b04890429b3729848b4863191d2874f26e88fe58d
build/swiftpm/arm64-apple-macosx/release/GiftUIDisplayCore-tool.build/include/module.modulemap	eb89f4b493026d49cec4c863c2fa6c82ad92a26c5cb0bb8c624b7754e59ba819
build/swiftpm/arm64-apple-macosx/release/GiftUIDisplayCore-tool.build/output-file-map.json	9c3a37ab770dd510c343fd27e81880ca6fe562ea0e1763517fcb7ecb59f396c8
build/swiftpm/arm64-apple-macosx/release/GiftUIDisplayCore-tool.build/sources	6b5406274d8fb531b8465dfe752b45337de183d82199d7c744e4e4865ed918a1
build/swiftpm/arm64-apple-macosx/release/GiftUIDisplayCoreTests-tool.build/output-file-map.json	3e7fa2fd7f99420699965f2740a306280e36d4d4322701ab36f0037caee732cf
build/swiftpm/arm64-apple-macosx/release/GiftUIDrawing-tool.build/CanvasInvocationSource.swift.o	386bdade95b61a3da81aba1facff18d9589c9cd8a23fc91a780c63296d63c965
build/swiftpm/arm64-apple-macosx/release/GiftUIDrawing-tool.build/CanvasPlanProducer.swift.o	ed98d2a5b786632c65ea45276b1e0c1d19a7c25e5006e2f684d48599f7116c31
build/swiftpm/arm64-apple-macosx/release/GiftUIDrawing-tool.build/CanvasRenderProducer.swift.o	85cde33b54b281d1f10c6e65e4d2b6c26119c2a9f49cea37294293cf649e7d24
build/swiftpm/arm64-apple-macosx/release/GiftUIDrawing-tool.build/DrawingLimits.swift.o	30bc531fb12e77b6d8d2b044ce2a79e18697b289326fc340931877c47d14079a
build/swiftpm/arm64-apple-macosx/release/GiftUIDrawing-tool.build/DrawingPlan.swift.o	b72a46cd479837b76bc51b09b91c800317c521d92b025da0338d447095fb8a28
build/swiftpm/arm64-apple-macosx/release/GiftUIDrawing-tool.build/DrawingValues.swift.o	5970420e72b53b1b3167205393d636d616922748d2ba56e858972f838e10e503
build/swiftpm/arm64-apple-macosx/release/GiftUIDrawing-tool.build/GiftUIDrawing.d	edb35d5c2fef277bbc97f3e94ac03e57cf69a806e30825073f52fc1461b829be
build/swiftpm/arm64-apple-macosx/release/GiftUIDrawing-tool.build/GiftUIDrawing.dia	2c72d5afff8cce441f2f8299a18215b0bf79605aa7eb05839e38f7949b46c0e2
build/swiftpm/arm64-apple-macosx/release/GiftUIDrawing-tool.build/GiftUIDrawing.swift.o	b7d5703ab33fae866ac4aa952ae56776f29bd06169e99d41827a33ffd5a2efc6
build/swiftpm/arm64-apple-macosx/release/GiftUIDrawing-tool.build/PathConstruction.swift.o	30ba50346ea437cda8f27f69da8b74169ad957d6a51e7853321abdb4587ebb01
build/swiftpm/arm64-apple-macosx/release/GiftUIDrawing-tool.build/StaticCanvasCallableTable.swift.o	16ca1af741c2d3e1fc12acb28282ededc1733af30a55c9e2449897a9142a4e4b
build/swiftpm/arm64-apple-macosx/release/GiftUIDrawing-tool.build/StrokeSnapshot.swift.o	191fa0abb3af0aaeb17ff8d4a99842fa2a426623b142079b2ac6eb62e63b68db
build/swiftpm/arm64-apple-macosx/release/GiftUIDrawing-tool.build/include/GiftUIDrawing-Swift.h	bea116b99217682202ba00369d07d0e40d2054a60f9a7b3563a7a6c18a18aee4
build/swiftpm/arm64-apple-macosx/release/GiftUIDrawing-tool.build/include/module.modulemap	8f09c09e961a20238b0da01e5ec7dce8be5e1d09707253bb4b917400ab5031d0
build/swiftpm/arm64-apple-macosx/release/GiftUIDrawing-tool.build/output-file-map.json	1471be07190cb69778555ae514acdba266a60acb1c6c94399b2ac467044327f8
build/swiftpm/arm64-apple-macosx/release/GiftUIDrawing-tool.build/sources	26e4362166c465faf22723279d85bbb67eb0a8a63914e55d532cea5d648aae76
build/swiftpm/arm64-apple-macosx/release/GiftUIDrawingFailureAdapterFixture-tool.build/GiftUIDrawingFailureAdapterFixture.d	ee0013c48cc065f7c66e7551cff1ac411f4603d2d52bc2e01fb0508738799308
build/swiftpm/arm64-apple-macosx/release/GiftUIDrawingFailureAdapterFixture-tool.build/GiftUIDrawingFailureAdapterFixture.dia	2c72d5afff8cce441f2f8299a18215b0bf79605aa7eb05839e38f7949b46c0e2
build/swiftpm/arm64-apple-macosx/release/GiftUIDrawingFailureAdapterFixture-tool.build/GiftUIDrawingFailureAdapterFixture.swift.o	f10705a591f39c02c033cb3e8f69bc3d67c26c174314f2545787e562ebd80d45
build/swiftpm/arm64-apple-macosx/release/GiftUIDrawingFailureAdapterFixture-tool.build/include/GiftUIDrawingFailureAdapterFixture-Swift.h	1bef5b9be06c3e2f9f3c96e883ff898e0192a77b733939b0032bef40d4bfca4b
build/swiftpm/arm64-apple-macosx/release/GiftUIDrawingFailureAdapterFixture-tool.build/include/module.modulemap	c6e813bf27a1cd90cd5e88d116b09bf0ec386afb4315147869636eae7e24ac6b
build/swiftpm/arm64-apple-macosx/release/GiftUIDrawingFailureAdapterFixture-tool.build/output-file-map.json	f244b216095a6d614e29c1d963ed8f6b73fa6a7065d3075f2d27bd3f4f03e88e
build/swiftpm/arm64-apple-macosx/release/GiftUIDrawingFailureAdapterFixture-tool.build/sources	16cbe44acc919257e182aa592cb216b819240e4e03b476165881c35506e345e5
build/swiftpm/arm64-apple-macosx/release/GiftUIDrawingTests-tool.build/output-file-map.json	eae0729a01b67826faadd3372e1231f49248f14fefacb3c75d5e759130d7cae5
build/swiftpm/arm64-apple-macosx/release/GiftUIDynamicConveniences-tool.build/DynamicCanvas.swift.o	cce9d93214ae9ec9ed0ab9a4edb1bc57d28d5cb19d94d9e8b117ec9a262c32b9
build/swiftpm/arm64-apple-macosx/release/GiftUIDynamicConveniences-tool.build/GiftUIDynamicConveniences.d	013b2ea0b2f6eec543b7164df510c6b7f3bc3ad679b32daa2886a3ba0fa8addf
build/swiftpm/arm64-apple-macosx/release/GiftUIDynamicConveniences-tool.build/GiftUIDynamicConveniences.dia	2c72d5afff8cce441f2f8299a18215b0bf79605aa7eb05839e38f7949b46c0e2
build/swiftpm/arm64-apple-macosx/release/GiftUIDynamicConveniences-tool.build/include/GiftUIDynamicConveniences-Swift.h	6f520614ff2325f27a07bcbee27f1d3ae2ded3fcc304084750337f2428dc8cba
build/swiftpm/arm64-apple-macosx/release/GiftUIDynamicConveniences-tool.build/include/module.modulemap	b7fc3a936fb9ffd6b7a81c09aba634131a30cfeb5fcaac49da527e57bd28efc5
build/swiftpm/arm64-apple-macosx/release/GiftUIDynamicConveniences-tool.build/output-file-map.json	140edca5cc2e65e66e8334c6e2124e1e874a2df358b20f2c5e89a8b558a2970a
build/swiftpm/arm64-apple-macosx/release/GiftUIDynamicConveniences-tool.build/sources	009a3310b9836bd5cc4735fc44d145cdba9e73e0c43a02f9c9ee7fba0d114f51
build/swiftpm/arm64-apple-macosx/release/GiftUIExecution-tool.build/AdmissionValues.swift.o	204ac2495dec969c04acccad5a4e08507ee53b602793b44964a6937e96664926
build/swiftpm/arm64-apple-macosx/release/GiftUIExecution-tool.build/ExecutionAdmissionController.swift.o	85d8385c65b198d90102f4342e998391d083ee2356711ee39fde7a7b43778841
build/swiftpm/arm64-apple-macosx/release/GiftUIExecution-tool.build/ExecutionAdmissionSealTransaction.swift.o	fecd6306e79a6a82dd1d93630cfcaa70b8fdcf0cc1482c28bf6472b46eb23937
build/swiftpm/arm64-apple-macosx/release/GiftUIExecution-tool.build/ExecutionAdmissionSealer.swift.o	1c259b0418a6c5a3b188fdc629dcf63ad284154f21bbbd8a952dba68ecd2970c
build/swiftpm/arm64-apple-macosx/release/GiftUIExecution-tool.build/ExecutionMutationBatch.swift.o	225aa0590a48712425eb2a4e060096de70a3c23e25dd11c9b08bd0034700d8be
build/swiftpm/arm64-apple-macosx/release/GiftUIExecution-tool.build/ExecutionOpportunityRunner.swift.o	02397d6664436d1e2dad5aa9d9e41545b8362bf4cb1f0f433180426d1763f0a4
build/swiftpm/arm64-apple-macosx/release/GiftUIExecution-tool.build/ExecutionPhaseMachine.swift.o	dc75d1597146919bf749a5d2f7abdfa4af872c79bdfc52fb7ada86867fb6660a
build/swiftpm/arm64-apple-macosx/release/GiftUIExecution-tool.build/ExecutionValues.swift.o	7b108499e1de310f09a39a06304017ae5320c1ea2f8ec8b94b61b793b4e34e34
build/swiftpm/arm64-apple-macosx/release/GiftUIExecution-tool.build/ExecutionWakeAccumulator.swift.o	c1dd986d14fb25fa8034f2789fe7e04bc0ec71446a55966fcb89411aed719c31
build/swiftpm/arm64-apple-macosx/release/GiftUIExecution-tool.build/FrameHandoffValues.swift.o	9cff81fb2dfc22e6c7bcefa03f70b1b47af60253336281d19281aed98d2c4505
build/swiftpm/arm64-apple-macosx/release/GiftUIExecution-tool.build/FrameOfferNormalization.swift.o	b91cdccf21ece6057f7696372621dce2a9eb1f10a4509c9973bb0afb1dde84b2
build/swiftpm/arm64-apple-macosx/release/GiftUIExecution-tool.build/GiftUIExecution.d	10155b410e7c512abaf2d26a2a41a448589ad6a2c9aeaca162ddc62d70537e22
build/swiftpm/arm64-apple-macosx/release/GiftUIExecution-tool.build/GiftUIExecution.dia	2c72d5afff8cce441f2f8299a18215b0bf79605aa7eb05839e38f7949b46c0e2
build/swiftpm/arm64-apple-macosx/release/GiftUIExecution-tool.build/IdentityAllocators.swift.o	e9843fbff3a283a25bfa47b9cd1a2914704642f8c775953cd9311b90fd54b137
build/swiftpm/arm64-apple-macosx/release/GiftUIExecution-tool.build/InputSourceSequenceState.swift.o	407d637efb13cd7fc4acc04c3dee1566aa1527c0a211db01bc92b54932025d4f
build/swiftpm/arm64-apple-macosx/release/GiftUIExecution-tool.build/PointerActionCapture.swift.o	95b72ab9619c947282491d89c99bb0c86e5ed6715d03c679adafe634ec5c8a48
build/swiftpm/arm64-apple-macosx/release/GiftUIExecution-tool.build/RecordingCandidateOfferCoordinator.swift.o	f95915c61ea163c0d6e1b07dbb580ddb46066126a0c05e162d380d65acc4c0d4
build/swiftpm/arm64-apple-macosx/release/GiftUIExecution-tool.build/RecordingCycleCoordinator.swift.o	68a9d5d6011014fbb2762ca98b8b756c912bb646cfe04e3f9b726b94bdc2c3bb
build/swiftpm/arm64-apple-macosx/release/GiftUIExecution-tool.build/RecordingCycleFinalizer.swift.o	f247f100f34fcb126dfb53dbc36aed13f1bb2446877bba9c15cbc9b58d165161
build/swiftpm/arm64-apple-macosx/release/GiftUIExecution-tool.build/RecordingDerivationRecovery.swift.o	67fe9a2d8bc4379b06a803b90f1a72b1726725ebeaef525d43aee4997f78d229
build/swiftpm/arm64-apple-macosx/release/GiftUIExecution-tool.build/RecordingDerivationTransaction.swift.o	2f14ec1501b889074faa23a02e9eecbf1eede0d8dceb0da41b0eec23c955d3d3
build/swiftpm/arm64-apple-macosx/release/GiftUIExecution-tool.build/RecordingFocusedFailureSelection.swift.o	0f9d0f6cdb49974df98cafaf21d08b264432c622e1346a7dcfc5d497e431dd75
build/swiftpm/arm64-apple-macosx/release/GiftUIExecution-tool.build/RecordingFrameCommitTransaction.swift.o	285d573128ba4ad55c2707f391d48a0cf1de4e6efab9e7101de16ac3584d535e
build/swiftpm/arm64-apple-macosx/release/GiftUIExecution-tool.build/RecordingFrameEndpoint.swift.o	14f2d3d87cde6a5c803a5511e0bfd49277f16e6c599330f431715e1de0a0d9c3
build/swiftpm/arm64-apple-macosx/release/GiftUIExecution-tool.build/RecordingMutationBatch.swift.o	25638e60c33e59f641c8cd7f41619ed642771a5ddf054c4931fe8d14ce17d1f7
build/swiftpm/arm64-apple-macosx/release/GiftUIExecution-tool.build/RecordingPresentationPendingCoordinator.swift.o	853e69dcd6e66dbf70a6ec22b909c4eef3bac9b3c2d518c0195ce0d4b8b730bf
build/swiftpm/arm64-apple-macosx/release/GiftUIExecution-tool.build/RecordingPresentationTerminalRecovery.swift.o	3b53791feaf7bcc48f2b0c639213e4dcb231d9f67716ca470f10ad7538caed39
build/swiftpm/arm64-apple-macosx/release/GiftUIExecution-tool.build/RunCycleValues.swift.o	7709d70c7852cba757e075f47a9f6aba05558cc2aad700777e1e8517fa90dfba
build/swiftpm/arm64-apple-macosx/release/GiftUIExecution-tool.build/WakeValues.swift.o	a542d4db3ad605c12bf86585df52ec140044f8c529634726e0726bf8038fbd25
build/swiftpm/arm64-apple-macosx/release/GiftUIExecution-tool.build/include/GiftUIExecution-Swift.h	0167cada02a06c793f57e938e95134df3f7b8e0db1784850d02bf393fa5c68e9
build/swiftpm/arm64-apple-macosx/release/GiftUIExecution-tool.build/include/module.modulemap	354c11429412d886a7ed5c531933758b06f3e20f6cf5ef21ba4c45e04be769c2
build/swiftpm/arm64-apple-macosx/release/GiftUIExecution-tool.build/output-file-map.json	1427425e02867ba3d1ec59a7ccc75e615444962c2f2f6a06a52b5f9e7b362eca
build/swiftpm/arm64-apple-macosx/release/GiftUIExecution-tool.build/sources	a2752ecb0c45bf2199a7e5f76071198519459d6afb5e1b9b07c49283c4b64d64
build/swiftpm/arm64-apple-macosx/release/GiftUIExecutionTests-tool.build/output-file-map.json	5e8606b05160595932710009d7f0d0854f5b6591e2a6b91cba03a11e9227cfc4
build/swiftpm/arm64-apple-macosx/release/GiftUIFailureCore-tool.build/GiftUIFailureCore.d	608423fa885f836eabb934f10e8de57de8512e1d6277fb3d9360bb4907ac73fd
build/swiftpm/arm64-apple-macosx/release/GiftUIFailureCore-tool.build/GiftUIFailureCore.dia	2c72d5afff8cce441f2f8299a18215b0bf79605aa7eb05839e38f7949b46c0e2
build/swiftpm/arm64-apple-macosx/release/GiftUIFailureCore-tool.build/GiftUIFailureCore.swift.o	d5107f480537744e8219e4df7f8bc3988bff7d940b1862054c9cd3323d9c56c4
build/swiftpm/arm64-apple-macosx/release/GiftUIFailureCore-tool.build/include/GiftUIFailureCore-Swift.h	00aebc43dbc0f5e4dd0c91d290a5134d21e70a678e83bdf4b5c3f3b756ef9151
build/swiftpm/arm64-apple-macosx/release/GiftUIFailureCore-tool.build/include/module.modulemap	114fe9501ec24327c7c790c50606e962cbdf413c7c641493d1128d34255fb97d
build/swiftpm/arm64-apple-macosx/release/GiftUIFailureCore-tool.build/output-file-map.json	77b06ededdd608a28466b8ba33b85f356386bd78efe7c5bec89b5b0023cfb81c
build/swiftpm/arm64-apple-macosx/release/GiftUIFailureCore-tool.build/sources	e93a61ff9daec0a29293f62049bca4740d8b87d0e352ca6c9987e2b4cd5c824c
build/swiftpm/arm64-apple-macosx/release/GiftUIFailureCoreTests-tool.build/output-file-map.json	a8e8a451bbd70ec09f686cebe66631368ff032ba162dcde28f7e50b3670befda
build/swiftpm/arm64-apple-macosx/release/GiftUIFailureDiagnostics-tool.build/GiftUIDiagnosticProjector.swift.o	d4a0ef1a7410dd33dbb8c5c3953f1540dc3abecc7ad5c5f9591a5490195d21ac
build/swiftpm/arm64-apple-macosx/release/GiftUIFailureDiagnostics-tool.build/GiftUIFailureDiagnostics.d	62368cc0c9450b109146f0ff72b4cf437408cfb830768f48a8f9e6b7e8355ee9
build/swiftpm/arm64-apple-macosx/release/GiftUIFailureDiagnostics-tool.build/GiftUIFailureDiagnostics.dia	2c72d5afff8cce441f2f8299a18215b0bf79605aa7eb05839e38f7949b46c0e2
build/swiftpm/arm64-apple-macosx/release/GiftUIFailureDiagnostics-tool.build/GiftUIFixedDiagnosticBuffer.swift.o	40c080d1bd0969867f47fffbeebdb70b64d21189867be006f60b15226c8959ce
build/swiftpm/arm64-apple-macosx/release/GiftUIFailureDiagnostics-tool.build/include/GiftUIFailureDiagnostics-Swift.h	a822a9cbc287819bf0912f18885a46c2aae82d3c22fd9dffc0baede9c7b492c6
build/swiftpm/arm64-apple-macosx/release/GiftUIFailureDiagnostics-tool.build/include/module.modulemap	0209cc16f8d832a8ec47c589eb128b175a6bab66b8133d8c92f649b3626998cf
build/swiftpm/arm64-apple-macosx/release/GiftUIFailureDiagnostics-tool.build/output-file-map.json	ce29c568578526d68fd37419855909f9476bf38d052890bb92b065cfa8aca92a
build/swiftpm/arm64-apple-macosx/release/GiftUIFailureDiagnostics-tool.build/sources	eff03abc65af2033bdb86c07c17c32159254c067125cc2c7277fc3293a224cc8
build/swiftpm/arm64-apple-macosx/release/GiftUIFailureDiagnosticsTests-tool.build/output-file-map.json	97c4fc9c35b34ab50b8e94bb37811b528be2127fd7b8ee9e348999583f927d08
build/swiftpm/arm64-apple-macosx/release/GiftUIFailureExecution-tool.build/GiftUICorrelatedFailure.swift.o	8657e8906c2f7bd3965df4e541452d8b53d2aebf8792574bbbbea65ee7063ef3
build/swiftpm/arm64-apple-macosx/release/GiftUIFailureExecution-tool.build/GiftUIFailureExecution.d	30c3d021fc40fea4a8ef94e0a8f533c84f59e9c24d1dd517155f800f0757e871
build/swiftpm/arm64-apple-macosx/release/GiftUIFailureExecution-tool.build/GiftUIFailureExecution.dia	2c72d5afff8cce441f2f8299a18215b0bf79605aa7eb05839e38f7949b46c0e2
build/swiftpm/arm64-apple-macosx/release/GiftUIFailureExecution-tool.build/GiftUIFailureExecution.swift.o	11550c07d0f11238c5851247762ef86188cc684c17bc6821f8d4a1c42abeee91
build/swiftpm/arm64-apple-macosx/release/GiftUIFailureExecution-tool.build/include/GiftUIFailureExecution-Swift.h	ee966e1cda915e604726da21e90754e9891260b437edd5e605660ac923021514
build/swiftpm/arm64-apple-macosx/release/GiftUIFailureExecution-tool.build/include/module.modulemap	e5b819a84bb2d60f3d14c0a68af395d9bff9c8a5f778eedeea9092891f80c98d
build/swiftpm/arm64-apple-macosx/release/GiftUIFailureExecution-tool.build/output-file-map.json	e1601a877ba851d080946e81c2dc2266d1fb771e8337f09eb25a1493aa2c67f2
build/swiftpm/arm64-apple-macosx/release/GiftUIFailureExecution-tool.build/sources	b67a9cbb2f3b2b21d73b45ce463ccb588b7903297ec8c79797cd1fb185689495
build/swiftpm/arm64-apple-macosx/release/GiftUIFailureExecutionTests-tool.build/output-file-map.json	31ec4bc52bc31ac0253c9736890eab913a930a24e4ad92e735f034402fa9c1c4
build/swiftpm/arm64-apple-macosx/release/GiftUIFoundationFailureAdapterTests-tool.build/output-file-map.json	e4997e4440d467107caf504c19ba634724a10627cf8591b9a8ad50d4afba6046
build/swiftpm/arm64-apple-macosx/release/GiftUIHostConfiguration-tool.build/CheckedMVPHostConfigurationValidator.swift.o	4464c991def8446f9cada9a4dd19e83375bf0de58fa0e348b4b2e8fe9798a64e
build/swiftpm/arm64-apple-macosx/release/GiftUIHostConfiguration-tool.build/GiftUIHostConfiguration.d	b6c10f235d1841224f348c6ae14452030d244dbd3eec6912d61c8b040fdc7f16
build/swiftpm/arm64-apple-macosx/release/GiftUIHostConfiguration-tool.build/GiftUIHostConfiguration.dia	2c72d5afff8cce441f2f8299a18215b0bf79605aa7eb05839e38f7949b46c0e2
build/swiftpm/arm64-apple-macosx/release/GiftUIHostConfiguration-tool.build/HostActivationController.swift.o	99532a739d0b093891b718f2c06a5c1c092f9722be1a9a54dfd53b6a9f4cc88a
build/swiftpm/arm64-apple-macosx/release/GiftUIHostConfiguration-tool.build/HostApplicationOpportunityGate.swift.o	6e8c4e60da59fd9975a46377c6843a59d2173f039e87307d3c54351ce6206f1a
build/swiftpm/arm64-apple-macosx/release/GiftUIHostConfiguration-tool.build/HostApplicationStartupValidation.swift.o	5bc88dd5d4631269d52111a6433e97e181a8a108e9e634a5e4e6e3c8d7660b26
build/swiftpm/arm64-apple-macosx/release/GiftUIHostConfiguration-tool.build/HostComponentGraphValidation.swift.o	46d563ad9867aa6056c05937918101af6df0469b7106c0cf14d6e3609d50c7ff
build/swiftpm/arm64-apple-macosx/release/GiftUIHostConfiguration-tool.build/HostConfigurationResults.swift.o	a01a1cde9b020afedaf437e8dacace47144ac89f92ddbd3effedf9a4cdf83c52
build/swiftpm/arm64-apple-macosx/release/GiftUIHostConfiguration-tool.build/HostConfigurationValues.swift.o	ac4c49e2afec51607d6b5114226756f851d1a5a201e8cf593bca054df09d2216
build/swiftpm/arm64-apple-macosx/release/GiftUIHostConfiguration-tool.build/HostEndpointHealthController.swift.o	3bd9153353368d5ffc73fde3e4818018faec967f7d8b6f82701625d5a953263f
build/swiftpm/arm64-apple-macosx/release/GiftUIHostConfiguration-tool.build/HostEndpointStartupValidation.swift.o	af12645a2edddc49848376d38c535e5ac05703855e3c52fa66fe030746c07070
build/swiftpm/arm64-apple-macosx/release/GiftUIHostConfiguration-tool.build/HostFailureAdapter.swift.o	28fe9589abeaa08309a119b5a27bda344bb490ab135238084c4bb70d1006530d
build/swiftpm/arm64-apple-macosx/release/GiftUIHostConfiguration-tool.build/HostNormalizedInputGate.swift.o	0bfe6f398a56650af52e028cf8e81912c91eaaf2602206d4f057b506b03e1323
build/swiftpm/arm64-apple-macosx/release/GiftUIHostConfiguration-tool.build/HostPresentationRecovery.swift.o	8774685f7f1d10b15ebde000a442521dd74cb18a60ed74063c980351b9b4a2cd
build/swiftpm/arm64-apple-macosx/release/GiftUIHostConfiguration-tool.build/HostPresetBootstrap.swift.o	d633c027f098499607e1becc9eefabc3508c5a383e5bf65d5d066b2aa9742f8b
build/swiftpm/arm64-apple-macosx/release/GiftUIHostConfiguration-tool.build/HostResidualFailureRouting.swift.o	a1bf47c1c0245e4d72ff16bd9fdad76151463c854615310f05b9479c5f6a3c8b
build/swiftpm/arm64-apple-macosx/release/GiftUIHostConfiguration-tool.build/HostResidualPolicyContracts.swift.o	5cfe71736d865aaf01c5dcefd55d13ba4af7b9b584e8c7c1eec4a020b2e40407
build/swiftpm/arm64-apple-macosx/release/GiftUIHostConfiguration-tool.build/HostResidualPolicyTableValidation.swift.o	4551582b61fd337bae1329221db4bdcde4e6d94dd514c87adfd0385f97a41205
build/swiftpm/arm64-apple-macosx/release/GiftUIHostConfiguration-tool.build/HostScheduledOpportunityController.swift.o	3ce5d1ea3d651b13d501c39322609c96dfe52489afd9e84c56322d5fe09c6b49
build/swiftpm/arm64-apple-macosx/release/GiftUIHostConfiguration-tool.build/HostSequencedFactAdmission.swift.o	cd4cdf48e9d5f93557865e13230fd2a65aa318e54b3a366f83211ed13145a57c
build/swiftpm/arm64-apple-macosx/release/GiftUIHostConfiguration-tool.build/HostWakePacingController.swift.o	262a855e28b11159cc97ad826bd8b8b16084773c852cea021a5e5efe77f8a4d7
build/swiftpm/arm64-apple-macosx/release/GiftUIHostConfiguration-tool.build/SignalAnalyzerDrawingStartupValidation.swift.o	863fb20782651210063dcb331afb492abd44759342a0fbd6fca054d61da90582
build/swiftpm/arm64-apple-macosx/release/GiftUIHostConfiguration-tool.build/SignalAnalyzerPresetHostInstance.swift.o	8ef5587a952eaf9758b84cfa7136e42d866c77f5b4068af583cdc36e98981cc9
build/swiftpm/arm64-apple-macosx/release/GiftUIHostConfiguration-tool.build/SignalAnalyzerPresets.generated.swift.o	404a3f4a31e3a3af5524cca0f93d230b0ebb698aa686655b9b9453d722b5df48
build/swiftpm/arm64-apple-macosx/release/GiftUIHostConfiguration-tool.build/SignalAnalyzerWorkloadStartupValidation.swift.o	c48fa770bfd8125c023ff868294b85da32ee2523347676c9fd49f5a41055d441
build/swiftpm/arm64-apple-macosx/release/GiftUIHostConfiguration-tool.build/include/GiftUIHostConfiguration-Swift.h	df032ee128b717d13355ee81c3f5fb3bbf793f9f202b007ff26ffc2b9bd5c611
build/swiftpm/arm64-apple-macosx/release/GiftUIHostConfiguration-tool.build/include/module.modulemap	1fb4779c19271d9cae9ca2318959d3e832170d5e6da69f33cfedeb1ab342153d
build/swiftpm/arm64-apple-macosx/release/GiftUIHostConfiguration-tool.build/output-file-map.json	55711c820423994505da49e9ffc069c699875a4c84a63a4664e4cb40a852858a
build/swiftpm/arm64-apple-macosx/release/GiftUIHostConfiguration-tool.build/sources	e62a60cc0cb58ef37006107c10ec6fd4b3b0f7c4ef00b75e5ce6e2a7c1b49c00
build/swiftpm/arm64-apple-macosx/release/GiftUIHostConfigurationTests-tool.build/output-file-map.json	2adb610dd24f5a5491654686d12396bd49e8da148f4ee7e7d3b77df49e183af7
build/swiftpm/arm64-apple-macosx/release/GiftUIInteraction-tool.build/EffectiveActionEnabledState.swift.o	ab52c59e26ebb549705217d3d4fb137395677bd1efe8a56e7fc17b810c0b0b0d
build/swiftpm/arm64-apple-macosx/release/GiftUIInteraction-tool.build/ExecutionGestureAdapter.swift.o	9674caf626264cc8031680b795607a2dc825a85c7ba5f839af5d5f59f1aaa4d9
build/swiftpm/arm64-apple-macosx/release/GiftUIInteraction-tool.build/GiftUIInteraction.d	1642b04549cb3a5802619e2346f32134b0638766fc81fd2792f5eb9fc63e249a
build/swiftpm/arm64-apple-macosx/release/GiftUIInteraction-tool.build/GiftUIInteraction.dia	2c72d5afff8cce441f2f8299a18215b0bf79605aa7eb05839e38f7949b46c0e2
build/swiftpm/arm64-apple-macosx/release/GiftUIInteraction-tool.build/InteractionFailurePrecedence.swift.o	37e9f7d9684ad5e33f75857251d0bff6b10c479d69453281a0b6d4470c69827f
build/swiftpm/arm64-apple-macosx/release/GiftUIInteraction-tool.build/InteractionState.swift.o	c262380485f89afdcd99aa724c09eb775d61fa7dc0f62c690478e53481dbe456
build/swiftpm/arm64-apple-macosx/release/GiftUIInteraction-tool.build/InteractionStorage.swift.o	2aff9fe6d5dc3f5dff5699acaf00bcb126408874d7a2ac0fa311a827b544997a
build/swiftpm/arm64-apple-macosx/release/GiftUIInteraction-tool.build/InteractionValues.swift.o	b16c8c7e06f42b23c6e7e567fd7fdce81deae09448de68b9d8268418b37839c2
build/swiftpm/arm64-apple-macosx/release/GiftUIInteraction-tool.build/include/GiftUIInteraction-Swift.h	db914067a6e673d141a3cf668d9809acd625a8dda42d5134b1a4bfbf898ffc46
build/swiftpm/arm64-apple-macosx/release/GiftUIInteraction-tool.build/include/module.modulemap	5c8a45ebf87419da78e6cc889ef7a49da76f9963338b903f01bf9b828b3c9386
build/swiftpm/arm64-apple-macosx/release/GiftUIInteraction-tool.build/output-file-map.json	84c2dd0c7879b119e969b3ac0eec2d81c2b60c2b4e8f4afb0b56ccaeea2b4616
build/swiftpm/arm64-apple-macosx/release/GiftUIInteraction-tool.build/sources	e3b54b03ba8ee6a89dee9e8ac9af88e1ae60f0e6ee8303accea1ce4b2fed6f5b
build/swiftpm/arm64-apple-macosx/release/GiftUIInteractionFailureAdapterFixture-tool.build/GiftUIInteractionFailureAdapterFixture.d	f3dacd8053af28dfb69e09bc1bbc862d05f5d8512e190051f0a521508e3cb8b9
build/swiftpm/arm64-apple-macosx/release/GiftUIInteractionFailureAdapterFixture-tool.build/GiftUIInteractionFailureAdapterFixture.dia	2c72d5afff8cce441f2f8299a18215b0bf79605aa7eb05839e38f7949b46c0e2
build/swiftpm/arm64-apple-macosx/release/GiftUIInteractionFailureAdapterFixture-tool.build/InteractionFailureAdapter.swift.o	d5171b1d625e5d4f8b0b1b56e359aa63d741c11b30e0839d81a85f6847c88518
build/swiftpm/arm64-apple-macosx/release/GiftUIInteractionFailureAdapterFixture-tool.build/InteractionFailureContainment.swift.o	ec63cd21f9309e14258a960092e246e4fc9d9e89e5163b69811f3797a4c1423f
build/swiftpm/arm64-apple-macosx/release/GiftUIInteractionFailureAdapterFixture-tool.build/include/GiftUIInteractionFailureAdapterFixture-Swift.h	29fd004db70a2f146aa66a2f0ef672231674dfffc2576ab6eb16b194ce9ed350
build/swiftpm/arm64-apple-macosx/release/GiftUIInteractionFailureAdapterFixture-tool.build/include/module.modulemap	11102b89ebbeee488ad314def7e43f242a7c599c2ae287cf55bfff999a16fc8b
build/swiftpm/arm64-apple-macosx/release/GiftUIInteractionFailureAdapterFixture-tool.build/output-file-map.json	e571930564bf345632c89bf2fae6a849f358818e1a3c064f7803e3ece5154197
build/swiftpm/arm64-apple-macosx/release/GiftUIInteractionFailureAdapterFixture-tool.build/sources	5c1d9e47dc048f028e118c14e7d2ccd4217f89301abd5e25571c81764a575d01
build/swiftpm/arm64-apple-macosx/release/GiftUIInteractionFailureAdapterTests-tool.build/output-file-map.json	0268dad4ace642f76b7d74fc93e120f9fc085df47174690f77a3ea53de2809aa
build/swiftpm/arm64-apple-macosx/release/GiftUIInteractionTests-tool.build/output-file-map.json	ce54d6e470750dd22e258960b07fe7b6aece72ba636ca7e647d7c1adf79d5611
build/swiftpm/arm64-apple-macosx/release/GiftUILayout-tool.build/GiftUILayout.d	25ffa89f9a2f23910b3227b83bcb4b8ad7df320edc40143737f38cb9d4dc1fa8
build/swiftpm/arm64-apple-macosx/release/GiftUILayout-tool.build/GiftUILayout.dia	2c72d5afff8cce441f2f8299a18215b0bf79605aa7eb05839e38f7949b46c0e2
build/swiftpm/arm64-apple-macosx/release/GiftUILayout-tool.build/Layout.swift.o	5944771780c00c4d5749c95ba9ffad2d7f6a692c5b5741b17fdc970ce9607f04
build/swiftpm/arm64-apple-macosx/release/GiftUILayout-tool.build/LayoutCounters.swift.o	96038988d4671accac4964dcc745020f52c1eafb4099340ee85941c87ced1c0c
build/swiftpm/arm64-apple-macosx/release/GiftUILayout-tool.build/LayoutEngine.swift.o	997c9fd729995c35acdcb6fb060bae6b0fcf9160822284856a5ac52c255499c2
build/swiftpm/arm64-apple-macosx/release/GiftUILayout-tool.build/LayoutError.swift.o	507bb680234402f9fd35d142b1230d73680536d676473520a91c66cf3a562c50
build/swiftpm/arm64-apple-macosx/release/GiftUILayout-tool.build/LayoutGeometry.swift.o	ff3d609948e7e70d162841e4fd8b02f93450bcc8969e206cd454eae7c8930f4e
build/swiftpm/arm64-apple-macosx/release/GiftUILayout-tool.build/LayoutPublication.swift.o	bf9d4bd23f91d8107326279e71050f7f269f53db48841f30d3c0193a11a59b03
build/swiftpm/arm64-apple-macosx/release/GiftUILayout-tool.build/LayoutResultSink.swift.o	5cdcafe007e116f4374167b2e87a3b12ac6301a0808a4c8d5da1dacf9886ed55
build/swiftpm/arm64-apple-macosx/release/GiftUILayout-tool.build/LayoutSemanticValidation.swift.o	15ba049f15ea839bde2bf54556061e032e1dadd2014455475d72310d162ebb9b
build/swiftpm/arm64-apple-macosx/release/GiftUILayout-tool.build/LayoutValues.swift.o	eac3fd5de5818b72a18c2bebbb9e564cdc88ced58607f490406fd020231ef3c2
build/swiftpm/arm64-apple-macosx/release/GiftUILayout-tool.build/LayoutWorkspace.swift.o	a74fbfae072e087056c8538c28ef3a31f16583d89b7dc544b53b7d6a4420c51f
build/swiftpm/arm64-apple-macosx/release/GiftUILayout-tool.build/ResolvedRenderLayoutView.swift.o	f45108c16fb48b9c3fbe840241ff46c796efc0c57d5cc0724ae5717c3bec7aa8
build/swiftpm/arm64-apple-macosx/release/GiftUILayout-tool.build/include/GiftUILayout-Swift.h	4f5ad8bee8e05e0bac108851a9173684da17c41dee1349b2019956d7666a8068
build/swiftpm/arm64-apple-macosx/release/GiftUILayout-tool.build/include/module.modulemap	469a67eba47c0e6932e19633f2d12c973805e229759d6f6ea3a6b8a2c9e9ad3e
build/swiftpm/arm64-apple-macosx/release/GiftUILayout-tool.build/output-file-map.json	dc42758f088b534d6bc35600a896a85a790f1fd064263b15fbc6a24bba2d4db0
build/swiftpm/arm64-apple-macosx/release/GiftUILayout-tool.build/sources	cb5411dbb9ba2fde4139082eda404c9af84509589104f3f1f593c7a6ddd7e4c5
build/swiftpm/arm64-apple-macosx/release/GiftUILayoutFailureAdapterFixture-tool.build/GiftUILayoutFailureAdapterFixture.d	aa3d526d6729d7b8ff524678dd96fe6d3385efe68dd20965fd70a55ad6610c43
build/swiftpm/arm64-apple-macosx/release/GiftUILayoutFailureAdapterFixture-tool.build/GiftUILayoutFailureAdapterFixture.dia	2c72d5afff8cce441f2f8299a18215b0bf79605aa7eb05839e38f7949b46c0e2
build/swiftpm/arm64-apple-macosx/release/GiftUILayoutFailureAdapterFixture-tool.build/LayoutFailureAdapter.swift.o	30d94f9528f4a8b732dccd28325376e479ecc9e296b0b2ef14d23c6ee775e012
build/swiftpm/arm64-apple-macosx/release/GiftUILayoutFailureAdapterFixture-tool.build/include/GiftUILayoutFailureAdapterFixture-Swift.h	c1925784808aa24de979ca717c7fe230d38ca9dfd5de960dc420d769407292ef
build/swiftpm/arm64-apple-macosx/release/GiftUILayoutFailureAdapterFixture-tool.build/include/module.modulemap	9e212ccba72f1752c5a72c53b7a7a14811da5179c0567a4b6bbc8c4dc3b43f38
build/swiftpm/arm64-apple-macosx/release/GiftUILayoutFailureAdapterFixture-tool.build/output-file-map.json	16d58061902c7b629834616b3fe257aa73921758fac32ed9854b68608f0b46ed
build/swiftpm/arm64-apple-macosx/release/GiftUILayoutFailureAdapterFixture-tool.build/sources	dc0b7fdd248893e73ceaa18cd718a6807bc8b350d17fa1470d6ee995c6ed60b0
build/swiftpm/arm64-apple-macosx/release/GiftUILayoutFailureAdapterTests-tool.build/output-file-map.json	0e181125a08ca313cfdfdc17ab9f11c04b762f1b058d4d7160ba132105d019f8
build/swiftpm/arm64-apple-macosx/release/GiftUILayoutTests-tool.build/output-file-map.json	59a1dab0e8833b22bc976bcd040850100c8655c649d98c6e07ad484deeda8bd5
build/swiftpm/arm64-apple-macosx/release/GiftUIMacros-tool	a73ee99ae8c6ae13fe67699c0ba6abdd7f3ec90e0f4df1526eae3b9b66191ee6
build/swiftpm/arm64-apple-macosx/release/GiftUIMacros-tool.build/GiftUIMacros.d	5617d10d11ed97a39a4d42122edf8efa4b01c542de6a709f7ff3270c8602a95f
build/swiftpm/arm64-apple-macosx/release/GiftUIMacros-tool.build/GiftUIMacros.dia	2c72d5afff8cce441f2f8299a18215b0bf79605aa7eb05839e38f7949b46c0e2
build/swiftpm/arm64-apple-macosx/release/GiftUIMacros-tool.build/GiftUIMacros.swift.o	629ed7147484281a5795d72d77cfe96fa5517bd3354e10bf60fb378f937f1c50
build/swiftpm/arm64-apple-macosx/release/GiftUIMacros-tool.build/ObservableStateHostMacro.swift.o	d4b6ad3828d2f13d9da0ea2a59de71ce52a99e69606a2dd288287b5eed1d3c59
build/swiftpm/arm64-apple-macosx/release/GiftUIMacros-tool.build/output-file-map.json	33560ea3f3304080d80c7c3ceb6acb1dbc5871d2f9c313247f2d654829866294
build/swiftpm/arm64-apple-macosx/release/GiftUIMacros-tool.build/sources	1760c37b5bdf05065c7ff51489bebb8eabb413dded9cda6b1eadb3d7acb9b0da
build/swiftpm/arm64-apple-macosx/release/GiftUIMacros-tool.dSYM/Contents/Info.plist	5cd590500becd54cb98d02ec9a86e8f6bfb96a8e44a3b160b13ff93efdfa618e
build/swiftpm/arm64-apple-macosx/release/GiftUIMacros-tool.dSYM/Contents/Resources/DWARF/GiftUIMacros-tool	8f848d99543fdeee9978a856c2dc41bd1116554438a268678008ebdf28cf86e2
build/swiftpm/arm64-apple-macosx/release/GiftUIMacros-tool.dSYM/Contents/Resources/Relocations/aarch64/GiftUIMacros-tool.yml	ca626d3ac819164bb51ac8ad67dc65c8ad66e1220b37a5204afb6e976a9843b3
build/swiftpm/arm64-apple-macosx/release/GiftUIMacros-tool.product/Objects.LinkFileList	94cf6223e206c81faef44c076a74edf7fe283bd3ab1d66abf46af43b3b15ad2c
build/swiftpm/arm64-apple-macosx/release/GiftUIMacrosTests-tool.build/output-file-map.json	f2dcd898397c9c5db24dba1612de33f738b35e2e8276157e9a874c6f008dd276
build/swiftpm/arm64-apple-macosx/release/GiftUIObservableState-tool.build/GiftUIObservableState.d	6a50b1d0a8e5216f74d1a9f473496911f27b0aaf855772da7896cd85c0880bc8
build/swiftpm/arm64-apple-macosx/release/GiftUIObservableState-tool.build/GiftUIObservableState.dia	2c72d5afff8cce441f2f8299a18215b0bf79605aa7eb05839e38f7949b46c0e2
build/swiftpm/arm64-apple-macosx/release/GiftUIObservableState-tool.build/ObservableStateAssociationLifecycle.swift.o	85586113c50c33cb4bb400b68ef65bab9b31745aaeeb32c22959918c6bcc77e0
build/swiftpm/arm64-apple-macosx/release/GiftUIObservableState-tool.build/ObservableStateAttachmentGenerationAllocator.swift.o	6e8e69c838d2932b9dc860c27264e7db8595653b0509d5195f22bb97915ff00f
build/swiftpm/arm64-apple-macosx/release/GiftUIObservableState-tool.build/ObservableStateBindingDecorator.swift.o	045fb20d651b06b3cd01ebfa669c7917aa00f1cb1a77e2e302ef0002a18a5280
build/swiftpm/arm64-apple-macosx/release/GiftUIObservableState-tool.build/ObservableStateCandidateLifecycle.swift.o	ec3c3b1bcbde998434d92d5e4f80e7ef35813099b9da798c013ce7c4d584edd7
build/swiftpm/arm64-apple-macosx/release/GiftUIObservableState-tool.build/ObservableStateDirtyDerivation.swift.o	90900c68e30f730bb959768e70df55c366f1be98335ea1c854289102ea7e7d1d
build/swiftpm/arm64-apple-macosx/release/GiftUIObservableState-tool.build/ObservableStateMutationResultSlot.swift.o	98c22b690fd5038fbed86964ad8e25449fdcd74f9043c005a584b7a7f2ce0f74
build/swiftpm/arm64-apple-macosx/release/GiftUIObservableState-tool.build/ObservableStateProtocols.swift.o	afdfe2a6277b27d986d67d90d82a9ecf3476ef839f4b54db1329574ec30b5fc5
build/swiftpm/arm64-apple-macosx/release/GiftUIObservableState-tool.build/ObservableStateRegistrationBridge.swift.o	1e3687b7bb0a47bc7ef2eaf5139eb6f5cea671f8f5781da2d8c6087d7bf5bba3
build/swiftpm/arm64-apple-macosx/release/GiftUIObservableState-tool.build/ObservableStateRegistrationLifecycle.swift.o	6133a70774f15091eaf710a83c191651238226a6f8691c0a57136948a4df7b81
build/swiftpm/arm64-apple-macosx/release/GiftUIObservableState-tool.build/ObservableStateReplacementBridge.swift.o	d533ad5ccddbdb2da4d51141d7ef889b882bbc65dc56151d6af3a3b15c0239ec
build/swiftpm/arm64-apple-macosx/release/GiftUIObservableState-tool.build/ObservableStateReplacementTransaction.swift.o	e72dbca4fa8cc732e06928a39fd88e65f67fed82fef2222b31c53ad75a141163
build/swiftpm/arm64-apple-macosx/release/GiftUIObservableState-tool.build/ObservableStateReportGuard.swift.o	b17c81f7d1f9e62cf1e611ed2c7a5765f0ee3a06f1d5d6eaa45c13420d4a0b6f
build/swiftpm/arm64-apple-macosx/release/GiftUIObservableState-tool.build/ObservableStateReportRoute.swift.o	363f19c0d21b83a3d906582cfefdda50f0ee52aa76c053af43f459e69454c725
build/swiftpm/arm64-apple-macosx/release/GiftUIObservableState-tool.build/ObservableStateTargetLifetime.swift.o	275e526b9c254bf87f2713ff8348f2e551a7865012a273b405da3e2a0a3985ce
build/swiftpm/arm64-apple-macosx/release/GiftUIObservableState-tool.build/ObservableStateTargetLookupSlot.swift.o	a5f677a2ad0c3bd92548873b47383026897ccfc44c82afed4616a751a6e01cbf
build/swiftpm/arm64-apple-macosx/release/GiftUIObservableState-tool.build/ObservableStateValues.swift.o	441707ba7ef38df973feb9937628f85538c072714f91626444630c2216b2035e
build/swiftpm/arm64-apple-macosx/release/GiftUIObservableState-tool.build/PresentationFactAdmission.swift.o	90b58a8402c83b0f7da5f2977113a89147e5b9abb4cd0d55d3ee85346c8055a7
build/swiftpm/arm64-apple-macosx/release/GiftUIObservableState-tool.build/include/GiftUIObservableState-Swift.h	737be4dc594275483276b75c5c72af9ac4d34972d1a747e3014d4e9149e762f5
build/swiftpm/arm64-apple-macosx/release/GiftUIObservableState-tool.build/include/module.modulemap	a8159a252aab8f4e46d8714a96deda8a2f3fd0c34bf785b1553f37638be4b43f
build/swiftpm/arm64-apple-macosx/release/GiftUIObservableState-tool.build/output-file-map.json	49d1c06b5222c09cc6a239832b84f21a0054f07a88364d915d831b575ac23306
build/swiftpm/arm64-apple-macosx/release/GiftUIObservableState-tool.build/sources	e7411f49f5b50eb2cf4b59764235314d9804fc4421816e6a584d64e0fd046c20
build/swiftpm/arm64-apple-macosx/release/GiftUIObservableStateFailureAdapterFixture-tool.build/GiftUIObservableStateFailureAdapterFixture.d	231d3ddccb6c10691e897ddf002322cb576bc25a37955fb0e34482ba073244bf
build/swiftpm/arm64-apple-macosx/release/GiftUIObservableStateFailureAdapterFixture-tool.build/GiftUIObservableStateFailureAdapterFixture.dia	2c72d5afff8cce441f2f8299a18215b0bf79605aa7eb05839e38f7949b46c0e2
build/swiftpm/arm64-apple-macosx/release/GiftUIObservableStateFailureAdapterFixture-tool.build/ObservableStateFailureAdapter.swift.o	0724f2e9ffd02818416def4023d930673f6819e77c8a5081e54e250cd459a6b1
build/swiftpm/arm64-apple-macosx/release/GiftUIObservableStateFailureAdapterFixture-tool.build/include/GiftUIObservableStateFailureAdapterFixture-Swift.h	8eb00d46afaae70b70e8cb7fada9ec8a296690692118ca4808982c6d9a5d6d04
build/swiftpm/arm64-apple-macosx/release/GiftUIObservableStateFailureAdapterFixture-tool.build/include/module.modulemap	5bc1e8b92897361125681f7e953b665487220dd5b028d989626b7c59e4020b98
build/swiftpm/arm64-apple-macosx/release/GiftUIObservableStateFailureAdapterFixture-tool.build/output-file-map.json	9ae0235777e706b7c32658f59496351acc64e4ffc271d66b2fc65fdb54d1bb89
build/swiftpm/arm64-apple-macosx/release/GiftUIObservableStateFailureAdapterFixture-tool.build/sources	bdc582fa7257852e0d0763f48247aecfc7c831222c92ca72be4c6797a102303f
build/swiftpm/arm64-apple-macosx/release/GiftUIObservableStateFailureAdapterTests-tool.build/output-file-map.json	752659b865cb08e977c622009e8b5ebbea57d78ebc2eb81311d63158cb1e99e4
build/swiftpm/arm64-apple-macosx/release/GiftUIObservableStateTests-tool.build/output-file-map.json	986ab197bd13fa2aa5d6f2b4bd5c6f35b305d73a9ecf3940d0b73590e20a0a9b
build/swiftpm/arm64-apple-macosx/release/GiftUIPackageDiscoveredTests-tool.build/include/module.modulemap	fcf001fee877afb10f584ee0cb6951797d4bdab755f83a85b532c41dd49241fe
build/swiftpm/arm64-apple-macosx/release/GiftUIPackageDiscoveredTests-tool.build/output-file-map.json	8e1f4a51a0f036e0a04cbcefbd78f2e05b411503ad56467a12e4f388c1802421
build/swiftpm/arm64-apple-macosx/release/GiftUIPackageTests-tool.build/include/module.modulemap	679eb2d498677aedc9701a95fe494e4243ab070a7012204b5b55e75196f7d887
build/swiftpm/arm64-apple-macosx/release/GiftUIPackageTests-tool.build/output-file-map.json	3e3f8321b813eb1ecccee55c27d7dd5638fc92ebd2cb4912fea787adc853a1d3
build/swiftpm/arm64-apple-macosx/release/GiftUIPlatformRaspberryPi-tool.build/GiftUIPlatformRaspberryPi.d	40411003ea12caebf3122d23d990db8f4937146f52c2b2f64a038094322e1a85
build/swiftpm/arm64-apple-macosx/release/GiftUIPlatformRaspberryPi-tool.build/GiftUIPlatformRaspberryPi.dia	2c72d5afff8cce441f2f8299a18215b0bf79605aa7eb05839e38f7949b46c0e2
build/swiftpm/arm64-apple-macosx/release/GiftUIPlatformRaspberryPi-tool.build/LinuxPiScreenDevices.swift.o	c8d282f873a9d380c779aa4b4229ec534f3f0d6d240dd05c53f4399901233e1f
build/swiftpm/arm64-apple-macosx/release/GiftUIPlatformRaspberryPi-tool.build/LinuxPiScreenExercise.swift.o	24f40dbd94ff518a1697d987056d90b5b9a888ad24a13d0fbdf5467bef1633c1
build/swiftpm/arm64-apple-macosx/release/GiftUIPlatformRaspberryPi-tool.build/PiScreenConsoleModeOwner.swift.o	a16623e89a692a0917de40b4380c6207cc98bb076f0309babe1c4b82d10dce38
build/swiftpm/arm64-apple-macosx/release/GiftUIPlatformRaspberryPi-tool.build/PiScreenDisplayTarget.swift.o	e822f3acfa001884d0e35f7379e27ce9fb646b7344262581f79346d5f9d994f1
build/swiftpm/arm64-apple-macosx/release/GiftUIPlatformRaspberryPi-tool.build/PiScreenFramebufferProjection.swift.o	3444d1610e5e3884b3059c1cf15d830cd1b4b4db404a10aa922fad9e57925e11
build/swiftpm/arm64-apple-macosx/release/GiftUIPlatformRaspberryPi-tool.build/PiScreenGeometry.swift.o	3cc8c56cd797539bb171bf7c18839454124e800ab5b0cde5bd005d75174e1101
build/swiftpm/arm64-apple-macosx/release/GiftUIPlatformRaspberryPi-tool.build/PiScreenInputEventDecoder.swift.o	f6ad33e68049f2c44ca406e21f945bada5a6c757002e3066c18c9fb428dd1c09
build/swiftpm/arm64-apple-macosx/release/GiftUIPlatformRaspberryPi-tool.build/include/GiftUIPlatformRaspberryPi-Swift.h	fd861a356598ab61dd326a86ae1a56061bf5fdf29eb205f9c754b14d98e1900a
build/swiftpm/arm64-apple-macosx/release/GiftUIPlatformRaspberryPi-tool.build/include/module.modulemap	4f62cc918665b25618ec6255493bbcaed31482b544e75d9c71c7307a0e0ea332
build/swiftpm/arm64-apple-macosx/release/GiftUIPlatformRaspberryPi-tool.build/output-file-map.json	27148265a1d66ad5d746a15afab637478a8b1c0e34c4a371ec98a1ec1beb3ca4
build/swiftpm/arm64-apple-macosx/release/GiftUIPlatformRaspberryPi-tool.build/sources	639397242b7e663942d586edd7f9a5fe4f8023b3d97c84336f0b05dd95576313
build/swiftpm/arm64-apple-macosx/release/GiftUIPlatformRaspberryPiTests-tool.build/output-file-map.json	1b96a92067e7cec731c3372869e1edf249bf36f6fb656ebdc3df4af911867d8f
build/swiftpm/arm64-apple-macosx/release/GiftUIRasterCore-tool.build/FullSurfaceRGB565Framebuffer.swift.o	5d993da7b41eaa4abdcc5ec3a8079c20c5ee880359b1bafddbe203f4c295c0ad
build/swiftpm/arm64-apple-macosx/release/GiftUIRasterCore-tool.build/FullSurfaceRGBA8888Buffer.swift.o	1c21bf46ca3f0344a20df2aaab4a19d98d3dff1ac49823a7eb4cfd4d4e2186a7
build/swiftpm/arm64-apple-macosx/release/GiftUIRasterCore-tool.build/GiftUIRasterCore.d	2d21530877ad865caaa2514786ce95906eb2fa17500de62f32c8b9b908d8c409
build/swiftpm/arm64-apple-macosx/release/GiftUIRasterCore-tool.build/GiftUIRasterCore.dia	2c72d5afff8cce441f2f8299a18215b0bf79605aa7eb05839e38f7949b46c0e2
build/swiftpm/arm64-apple-macosx/release/GiftUIRasterCore-tool.build/RGB565TileWorkspace.swift.o	12f4a2829eb4db52596847bc5766baeab6bb6570e5a7118d6d14ff5427d00d78
build/swiftpm/arm64-apple-macosx/release/GiftUIRasterCore-tool.build/RasterBackendContributionAdapter.swift.o	a112abb80c8790ca4298ad59b5c359311cc87c724b447b498ad26668a8d92ea8
build/swiftpm/arm64-apple-macosx/release/GiftUIRasterCore-tool.build/RasterFillCoverage.swift.o	4efde307f2b3d2f679ae88f0a609c68a77f68b5f57f6b6b465fafac2164a1968
build/swiftpm/arm64-apple-macosx/release/GiftUIRasterCore-tool.build/RasterFrameSink.swift.o	4a5e29d805cae96d3fd1ef6ebf3646a5ac2fc15033dac71a52fc059feeaef18b
build/swiftpm/arm64-apple-macosx/release/GiftUIRasterCore-tool.build/RasterFrameWork.swift.o	5dba72dc21565774d0c68eb49e448af3f71cbf84b52a8aa8f50a7729854fd6d1
build/swiftpm/arm64-apple-macosx/release/GiftUIRasterCore-tool.build/RasterGlyphCoverage.swift.o	dcc16cff97b384bf4ffc15b489d4d42a18ee052dace653995c47d4e4660904d8
build/swiftpm/arm64-apple-macosx/release/GiftUIRasterCore-tool.build/RasterPayloadLimits.swift.o	eb6e9431aa66e85998c167e28d326ec09a163e456451363423bbad38b70eb083
build/swiftpm/arm64-apple-macosx/release/GiftUIRasterCore-tool.build/RasterStrokeCoverage.swift.o	b9445b7805c92ae235a8819d4ba3ab72acbad921ebdebdb210f0c73f1546a0e9
build/swiftpm/arm64-apple-macosx/release/GiftUIRasterCore-tool.build/RasterWorkTracker.swift.o	5a0ae2049c78a31760e301bf3fad930f4e2951e083615b1eac442dec142dd2e3
build/swiftpm/arm64-apple-macosx/release/GiftUIRasterCore-tool.build/include/GiftUIRasterCore-Swift.h	68282ab8793582d8a01b106a8bd54dfe709a812dc4363f979496199b74976af4
build/swiftpm/arm64-apple-macosx/release/GiftUIRasterCore-tool.build/include/module.modulemap	861e57f73bd262922c17acded0e1bf900e1b4df4ac0e9acf004587b4bf8170e1
build/swiftpm/arm64-apple-macosx/release/GiftUIRasterCore-tool.build/output-file-map.json	c55818db1afa340d268fe40bde9ccc316e1db139a258a90d50b24d613b187923
build/swiftpm/arm64-apple-macosx/release/GiftUIRasterCore-tool.build/sources	950b7dc1dbe0e0a7ae0aef6236fb6eacb6c60806262b4f23046884180f12a0f2
build/swiftpm/arm64-apple-macosx/release/GiftUIRasterCoreTests-tool.build/output-file-map.json	36bb5464e5819850a5ba7ec01d38520c663b39b15af2a2bac9ceaafd78f067cb
build/swiftpm/arm64-apple-macosx/release/GiftUIReferenceTextResources-tool.build/GiftUIPiCompactTextResources.swift.o	ac467158c47f22b3f0ae6526f4e0101cc3550d68d6ed94b14724b4bb61cfc53a
build/swiftpm/arm64-apple-macosx/release/GiftUIReferenceTextResources-tool.build/GiftUIReferenceTextResources.d	9bd8b02661c6d8ece2a6365eb5b1600b64ce0e39fe8df1fbe46b72b11ca41e66
build/swiftpm/arm64-apple-macosx/release/GiftUIReferenceTextResources-tool.build/GiftUIReferenceTextResources.dia	2c72d5afff8cce441f2f8299a18215b0bf79605aa7eb05839e38f7949b46c0e2
build/swiftpm/arm64-apple-macosx/release/GiftUIReferenceTextResources-tool.build/GiftUIReferenceTextResources.swift.o	2eb78e5a4413cfc73007ab32145c8e3fd825a8d260f6c96dad3a584e57529f16
build/swiftpm/arm64-apple-macosx/release/GiftUIReferenceTextResources-tool.build/PiCompactBitmapPayload.generated.swift.o	2ba126561deefbb7d508b90e10702f4b12e771cc58f469cc14ac996b59da39da
build/swiftpm/arm64-apple-macosx/release/GiftUIReferenceTextResources-tool.build/PiCompactCatalogue.generated.swift.o	35946353d03f1f01d732a74d41c9fe7ec2806f0d59211f531fb836785bedf35b
build/swiftpm/arm64-apple-macosx/release/GiftUIReferenceTextResources-tool.build/ReferenceBitmapPayload.generated.swift.o	25facb432c2afddb62308fd33a1e55028f48f5885a18052347b292aba823ce95
build/swiftpm/arm64-apple-macosx/release/GiftUIReferenceTextResources-tool.build/ReferenceCatalogue.generated.swift.o	24ae6d26fca9ddc3b6d080bdb18b2be79b096961d76df7d08b1df3b28ec561b6
build/swiftpm/arm64-apple-macosx/release/GiftUIReferenceTextResources-tool.build/ReferenceOutlinePayload.generated.swift.o	765cac65849b74c074273038878b15ed3859674c31f5bbd342788d8e7299486a
build/swiftpm/arm64-apple-macosx/release/GiftUIReferenceTextResources-tool.build/include/GiftUIReferenceTextResources-Swift.h	fd94563125a4973de177fedf6412a20e671acc0cf1ad6bea61a7fbf15786a313
build/swiftpm/arm64-apple-macosx/release/GiftUIReferenceTextResources-tool.build/include/module.modulemap	edd5be9dfaf096bf1df0d735bfa2570c9599140218cd5b2cae17901cfbacebfc
build/swiftpm/arm64-apple-macosx/release/GiftUIReferenceTextResources-tool.build/output-file-map.json	bc79c5c438012aa1fa3ca969ba6b4c706e46b14e14df03ecdfdab9494709e17f
build/swiftpm/arm64-apple-macosx/release/GiftUIReferenceTextResources-tool.build/sources	84e56cdf60622da0a3eb75834d01313d81b4f6f9f4536b74c7e84f18fcddcbde
build/swiftpm/arm64-apple-macosx/release/GiftUIReferenceTextResourcesTests-tool.build/output-file-map.json	c90e136a08e636d3e437c4ee25af559dcfe31c0a8dcea7f336539580d895bd87
build/swiftpm/arm64-apple-macosx/release/GiftUIRenderCore-tool.build/DrawingOperationSink.swift.o	5f8c3439fbef246c5c2ed3f3647eb70923b3bee56ae6b8a11ebd2c9981a98244
build/swiftpm/arm64-apple-macosx/release/GiftUIRenderCore-tool.build/GiftUIRenderCore.d	6cba81a923dda43bc48248ef9da00c6a2d0cc4c38aef92d8a42441f3106d88c2
build/swiftpm/arm64-apple-macosx/release/GiftUIRenderCore-tool.build/GiftUIRenderCore.dia	2c72d5afff8cce441f2f8299a18215b0bf79605aa7eb05839e38f7949b46c0e2
build/swiftpm/arm64-apple-macosx/release/GiftUIRenderCore-tool.build/RenderOperationSink.swift.o	63ff0e1b4c297167cb93745465b66212af37b7962c5f74b28401b41fe56a55af
build/swiftpm/arm64-apple-macosx/release/GiftUIRenderCore-tool.build/RenderRecordingSink.swift.o	4f2057a76c140e5c1917064a3070493a39164141e65dc319759bb722113a02b4
build/swiftpm/arm64-apple-macosx/release/GiftUIRenderCore-tool.build/RenderValues.swift.o	fbff7dcb4a876fabe671842b7990dddcff441eb0ccacbb0ec459a67f89026461
build/swiftpm/arm64-apple-macosx/release/GiftUIRenderCore-tool.build/include/GiftUIRenderCore-Swift.h	2ad219d62d8d9a67f3eab8e3c84d3f78fda26ca3f51adfa1ecfab41f6f2e5d0a
build/swiftpm/arm64-apple-macosx/release/GiftUIRenderCore-tool.build/include/module.modulemap	97a132a8a2132081c36d0ceac90fc65970e2aa012144885a53ec2f9e6862087b
build/swiftpm/arm64-apple-macosx/release/GiftUIRenderCore-tool.build/output-file-map.json	586c6c82a5a59c2b9223e8ed77666186027522da08dc691a9b1cb0d434c21e2a
build/swiftpm/arm64-apple-macosx/release/GiftUIRenderCore-tool.build/sources	39f055f3aa816e1a17b9b189a66f5fe01a0fee8f3b4d68120ac41c1bb7895fe7
build/swiftpm/arm64-apple-macosx/release/GiftUIRenderCoreTests-tool.build/output-file-map.json	5d386632e057099a33ec522023956ff80af9a8a412d6ad155096f3e52beb157a
build/swiftpm/arm64-apple-macosx/release/GiftUIRenderFailureAdapterFixture-tool.build/GiftUIRenderFailureAdapterFixture.d	bed02700605e03879938d1ab0f4de0f88f0b49a8477806356bf8814f703222d8
build/swiftpm/arm64-apple-macosx/release/GiftUIRenderFailureAdapterFixture-tool.build/GiftUIRenderFailureAdapterFixture.dia	2c72d5afff8cce441f2f8299a18215b0bf79605aa7eb05839e38f7949b46c0e2
build/swiftpm/arm64-apple-macosx/release/GiftUIRenderFailureAdapterFixture-tool.build/RenderFailureAdapter.swift.o	ab81ec6b18d5701b8629cb67b831da681256c86b2ff5d9c40ce800787a8408dd
build/swiftpm/arm64-apple-macosx/release/GiftUIRenderFailureAdapterFixture-tool.build/include/GiftUIRenderFailureAdapterFixture-Swift.h	8349001b6d068250a178e776c8a2633ecd2f794a98449ca6d1cf0a49cd7126c2
build/swiftpm/arm64-apple-macosx/release/GiftUIRenderFailureAdapterFixture-tool.build/include/module.modulemap	b48730d2f3dd93674aff00c2487632b19dabeb5bcff58cccc65ed98f89ca01b2
build/swiftpm/arm64-apple-macosx/release/GiftUIRenderFailureAdapterFixture-tool.build/output-file-map.json	bfb322536869851b3df078f2af16e3933b6a97e4ba7bab0f9fc98593cc4a8b14
build/swiftpm/arm64-apple-macosx/release/GiftUIRenderFailureAdapterFixture-tool.build/sources	2b51d93abfb54c403474d060ff00cb4ff83ff9af6a63753b32173463b3ede321
build/swiftpm/arm64-apple-macosx/release/GiftUIRenderFailureAdapterTests-tool.build/output-file-map.json	814e9292d0d09c1b0d69e3e66b9d6bbd683e9aa6c30f67d73c379b9cc4bd4ff9
build/swiftpm/arm64-apple-macosx/release/GiftUIRenderLowering-tool.build/GiftUIRenderLowering.d	66bce54a504da5dd25422c9ca7fcf19cfba08f22edab9bea7997fed546ddfec3
build/swiftpm/arm64-apple-macosx/release/GiftUIRenderLowering-tool.build/GiftUIRenderLowering.dia	2c72d5afff8cce441f2f8299a18215b0bf79605aa7eb05839e38f7949b46c0e2
build/swiftpm/arm64-apple-macosx/release/GiftUIRenderLowering-tool.build/RenderExtensions.swift.o	b152276a1ac158533ca2d5edf038a70a68892b0685e77f87aa139d3476387adb
build/swiftpm/arm64-apple-macosx/release/GiftUIRenderLowering-tool.build/RenderPreflight.swift.o	7e94db805256e39e732daab131594d038e2076605d49b5a7b61ee93892b0cf60
build/swiftpm/arm64-apple-macosx/release/GiftUIRenderLowering-tool.build/RenderProducer.swift.o	f2131870625b51df8177426330d8dc29b2c5a7d2e1b85996eaa4ad346c04571e
build/swiftpm/arm64-apple-macosx/release/GiftUIRenderLowering-tool.build/RenderProductionValues.swift.o	43194a310f2510f0a0d1a5d982ab6c39a12fe4bbd8bbf1acf56e92eb89452759
build/swiftpm/arm64-apple-macosx/release/GiftUIRenderLowering-tool.build/RenderStreaming.swift.o	5692bfe83c40504478da7fbe2696a144ff43ebfea17db5ba5758815d9230a363
build/swiftpm/arm64-apple-macosx/release/GiftUIRenderLowering-tool.build/include/GiftUIRenderLowering-Swift.h	3dd5fc95cdec2ad6222a180da06a95bee94cafcfce2acb6ce0c1d6fe879d3c7c
build/swiftpm/arm64-apple-macosx/release/GiftUIRenderLowering-tool.build/include/module.modulemap	b18d268ed9592cb05ea48949ab020d3a68558f5092f2d36b378fabaf32383393
build/swiftpm/arm64-apple-macosx/release/GiftUIRenderLowering-tool.build/output-file-map.json	6b7448d718e21595ca6d69b23c0139f36340a778f904f5e57959f256d3c207a9
build/swiftpm/arm64-apple-macosx/release/GiftUIRenderLowering-tool.build/sources	6935a1a3c32caf705f279327459cea8f255925b976d548a2778a7a27fb260f72
build/swiftpm/arm64-apple-macosx/release/GiftUIRenderLoweringTests-tool.build/output-file-map.json	5301fd45e19da3c38fcb40834b7282985d1ab299679792f0b9ad2e850720ba69
build/swiftpm/arm64-apple-macosx/release/GiftUIRuntimeConformanceTests-tool.build/output-file-map.json	71ea22956d8241fabb3e481933d798592395f35b3025ae32a4972cf6f5fe416d
build/swiftpm/arm64-apple-macosx/release/GiftUIRuntimeCore-tool.build/GiftUIRuntimeCore.d	534c149413aa395eb67681553c1e9c6d6fe04db0c830d4c80cfcb408b85a0354
build/swiftpm/arm64-apple-macosx/release/GiftUIRuntimeCore-tool.build/GiftUIRuntimeCore.dia	2c72d5afff8cce441f2f8299a18215b0bf79605aa7eb05839e38f7949b46c0e2
build/swiftpm/arm64-apple-macosx/release/GiftUIRuntimeCore-tool.build/RuntimeCompletePipeline.swift.o	3e0bc68d88af005b8ed52a385cfb6ad49770091adbf73b640022425574dc7483
build/swiftpm/arm64-apple-macosx/release/GiftUIRuntimeCore-tool.build/RuntimeCoordinatorCleanup.swift.o	0eeab86d10db462d62f4b7e580e1bbd73e04d4185da2656cceb7a63b7cdf7c5e
build/swiftpm/arm64-apple-macosx/release/GiftUIRuntimeCore-tool.build/RuntimeCoordinatorContracts.swift.o	dc016b420276f0994742c4ed2db8256eeb1077958b6c8c4dc49e13c4eb24a9ef
build/swiftpm/arm64-apple-macosx/release/GiftUIRuntimeCore-tool.build/RuntimeCoordinatorLifecycle.swift.o	6c8219182b08d70e35235c84fdf4e9c612ce6f6d4d73619f9b13b1e6dd40f4de
build/swiftpm/arm64-apple-macosx/release/GiftUIRuntimeCore-tool.build/RuntimeCoordinatorQuiescence.swift.o	eabfa9ebdbeac236b4f3d8b9bc37d4333cf6389ff5d4ab95377c8cd41d758fab
build/swiftpm/arm64-apple-macosx/release/GiftUIRuntimeCore-tool.build/RuntimeCoreBoundary.swift.o	8b7a21cccadf794355006582ed8a038ddb71731b00657be6960516067b9ed990
build/swiftpm/arm64-apple-macosx/release/GiftUIRuntimeCore-tool.build/RuntimeFocusedFailureState.swift.o	6885c7321b0d429f18d9967c4f04613c133576f5c2b67c9a43b0ebf7c5ff74b6
build/swiftpm/arm64-apple-macosx/release/GiftUIRuntimeCore-tool.build/RuntimeInteractionCandidateCoordinator.swift.o	b1a5193d2ab7dc2577a78a079f422828baf50c6511efedacbdb2ac4fa898beb3
build/swiftpm/arm64-apple-macosx/release/GiftUIRuntimeCore-tool.build/RuntimeInteractionCandidateTransaction.swift.o	18a4b61a47e9ff723b2c024ecdafeff0f9a80458c572987c4faa20a95a8bd2fb
build/swiftpm/arm64-apple-macosx/release/GiftUIRuntimeCore-tool.build/RuntimeInteractionDispatcher.swift.o	21a265b65bc9926d83e13842b2e9921040ae274559aba9151ab89e5576438274
build/swiftpm/arm64-apple-macosx/release/GiftUIRuntimeCore-tool.build/RuntimeInteractionMutationOwner.swift.o	870c63709a30c1527987804397d39e708f4ee477d7ac600f7a1edd4d58120058
build/swiftpm/arm64-apple-macosx/release/GiftUIRuntimeCore-tool.build/RuntimeObservableProfileWorkspace.swift.o	5b08d26a15b90f72eb0bd4ace69ccd46dd0e7fb320a2280bbff524e3455e6f5b
build/swiftpm/arm64-apple-macosx/release/GiftUIRuntimeCore-tool.build/RuntimeOwnerFailure.swift.o	f7a3c02cda9efc2fd0b955deac223e7a51cd85683916f8bf398b00439905feeb
build/swiftpm/arm64-apple-macosx/release/GiftUIRuntimeCore-tool.build/RuntimeProfileStorage.swift.o	6288c7c7a530436625ce4f084e23c1e0cd928fd01a47a341a0d836f981d2b5fa
build/swiftpm/arm64-apple-macosx/release/GiftUIRuntimeCore-tool.build/RuntimeProfileValidation.swift.o	e83c006cd0405e9e67ac8b188ea259a169171c2951f2962de246e0595cc3c1c7
build/swiftpm/arm64-apple-macosx/release/GiftUIRuntimeCore-tool.build/RuntimeProfileValues.swift.o	085f66633e016451334f043adff779f52281873d53d2cf161fc7dd38f9f9c527
build/swiftpm/arm64-apple-macosx/release/GiftUIRuntimeCore-tool.build/RuntimeStorageRegistry.swift.o	d478ac7b91ad8841a882d73357fc1d7293ada8af59eb263b692979403f41c67e
build/swiftpm/arm64-apple-macosx/release/GiftUIRuntimeCore-tool.build/include/GiftUIRuntimeCore-Swift.h	a0460ade4678d14595c9747151892532a57aee83e879b6bcd69ffe1741f598c9
build/swiftpm/arm64-apple-macosx/release/GiftUIRuntimeCore-tool.build/include/module.modulemap	4041023e23b0cf0b453b185d17002a91a3e1c94777f015beebe5fcfa0f753083
build/swiftpm/arm64-apple-macosx/release/GiftUIRuntimeCore-tool.build/output-file-map.json	dcf146c3e73396f1ade372f188556934cd47e73dcb04093500f879c5ece501dc
build/swiftpm/arm64-apple-macosx/release/GiftUIRuntimeCore-tool.build/sources	28f26c83197304f4a7d818817667d7f668ab6d17acebabb791fa341170cbd834
build/swiftpm/arm64-apple-macosx/release/GiftUIRuntimeCoreTests-tool.build/output-file-map.json	4a6027ba3ed931442457b50321f822feeffaf6f7b3c904c422cf6c6f86b42a4d
build/swiftpm/arm64-apple-macosx/release/GiftUIRuntimeDynamic-tool.build/DynamicCanvasCallableStorage.swift.o	5f97701cd3b0f25ee19cfd06ffa83e91a85fbff00504c464f1b9ae869969e978
build/swiftpm/arm64-apple-macosx/release/GiftUIRuntimeDynamic-tool.build/DynamicDrawingPlanWorkspace.swift.o	a5b7ec26a555f907373e10232fd7acd6029bb28cf811ea21e6ec44425d103534
build/swiftpm/arm64-apple-macosx/release/GiftUIRuntimeDynamic-tool.build/DynamicInteractionStorage.swift.o	adde0fcdab7429f6142ff96bf791663e10fe0680d5211fc2938d08a9e098035c
build/swiftpm/arm64-apple-macosx/release/GiftUIRuntimeDynamic-tool.build/DynamicLayoutHostStorage.swift.o	c4c6b5e2a0e8f7e99c6e036824562eb98c669cc38ad012cb0e7c3d6307ee5d85
build/swiftpm/arm64-apple-macosx/release/GiftUIRuntimeDynamic-tool.build/DynamicLivePathStorage.swift.o	7dc6e65b018c7050e420b3311a2799f44a6c28cbd377a35e0429db17fa67aa38
build/swiftpm/arm64-apple-macosx/release/GiftUIRuntimeDynamic-tool.build/DynamicObservableModelRegistration.swift.o	1242fe178be020db43fe2ee47db9dcd5ab09317248051e07c0421d2703405ee0
build/swiftpm/arm64-apple-macosx/release/GiftUIRuntimeDynamic-tool.build/DynamicObservableModelStorage.swift.o	4f0f0af8395d5be545897b436470ec089268d82d538d17f01290f36fe68ce351
build/swiftpm/arm64-apple-macosx/release/GiftUIRuntimeDynamic-tool.build/DynamicObservableProfileSlotStorage.swift.o	1ac84efe8e0f497b85a83a30c3c5a54c580fd7b55dfac33fbaefcf35fc84b13e
build/swiftpm/arm64-apple-macosx/release/GiftUIRuntimeDynamic-tool.build/DynamicObservableRootAdapter.swift.o	600990dae5251c45b63dcc8dfaacfc46844e43b59a42ade18b5e783117d1dd49
build/swiftpm/arm64-apple-macosx/release/GiftUIRuntimeDynamic-tool.build/DynamicObservableRootTargetAccess.swift.o	ee96978578d8c0fd6c38b2eb5a14c23d4bde801185f91ae32ad5d78612697436
build/swiftpm/arm64-apple-macosx/release/GiftUIRuntimeDynamic-tool.build/DynamicObservableStateReconciler.swift.o	c798f8c73dc4cbf279d96a50646d37de6779e36c78420be6142e6e77d6dbbdf2
build/swiftpm/arm64-apple-macosx/release/GiftUIRuntimeDynamic-tool.build/DynamicProfileBoundary.swift.o	51b928d29c981abbb9658a0c7851f4ed95d62080bae8808fe08a5a7723b30f69
build/swiftpm/arm64-apple-macosx/release/GiftUIRuntimeDynamic-tool.build/DynamicProfileStorage.swift.o	dd171d441ef670c4ba9d68ace0a7a85e4565b898211f134dcb3f478383ca1032
build/swiftpm/arm64-apple-macosx/release/GiftUIRuntimeDynamic-tool.build/DynamicRenderWorkspace.swift.o	1bd20954ca9f0f82b30b512011b69be2ff7627f00ef66dbbbc61cec054eb3790
build/swiftpm/arm64-apple-macosx/release/GiftUIRuntimeDynamic-tool.build/DynamicRuntimeExecutionCoordinator.swift.o	d64648411e924e3f56afd2d64f72ff22a0f68e0ab04cbadb4d2ced0637ccae25
build/swiftpm/arm64-apple-macosx/release/GiftUIRuntimeDynamic-tool.build/DynamicRuntimeProfileBinding.swift.o	2da4c61e2ddb60a193d6c949d417f895f47420bd862b8c235c036e58d9dc106e
build/swiftpm/arm64-apple-macosx/release/GiftUIRuntimeDynamic-tool.build/DynamicSemanticHostStorage.swift.o	1ac6bd5f70893d8faa9ba38659a8d4c76b074560e4b7f7a7fa55a0075f8c7bd7
build/swiftpm/arm64-apple-macosx/release/GiftUIRuntimeDynamic-tool.build/GiftUIRuntimeDynamic.d	5b8d817764ac67a8e165312990961ebc0145cd3c4e4a8c3b01a22f7bf080caeb
build/swiftpm/arm64-apple-macosx/release/GiftUIRuntimeDynamic-tool.build/GiftUIRuntimeDynamic.dia	2c72d5afff8cce441f2f8299a18215b0bf79605aa7eb05839e38f7949b46c0e2
build/swiftpm/arm64-apple-macosx/release/GiftUIRuntimeDynamic-tool.build/include/GiftUIRuntimeDynamic-Swift.h	d07bb78dee5b046664d14025eb91049cd5c5a0e5bc225dee5575060f4ea749eb
build/swiftpm/arm64-apple-macosx/release/GiftUIRuntimeDynamic-tool.build/include/module.modulemap	3789bb571355c2aaf63eb0f49049563fc1d5fdb97d7992d3b272ae8980fe2830
build/swiftpm/arm64-apple-macosx/release/GiftUIRuntimeDynamic-tool.build/output-file-map.json	379e8a1ee6f8e505e07c712e486034a23175b31a68cc76e1dc98cd3f121db119
build/swiftpm/arm64-apple-macosx/release/GiftUIRuntimeDynamic-tool.build/sources	2e7ffd80a86de164b55462f1059e84d37c5fc8148478a1de1bd75222e69d05a7
build/swiftpm/arm64-apple-macosx/release/GiftUIRuntimeDynamicTests-tool.build/output-file-map.json	e1ace704ea7f940163e0338e1aafcca02a773f4fce424bd43b81d9c91cc44389
build/swiftpm/arm64-apple-macosx/release/GiftUIRuntimeFailureAdapterFixture-tool.build/GiftUIRuntimeFailureAdapterFixture.d	6c0cb58e6740c7e799025601587350c46abae89e71df4b8e7f02be7931a8d818
build/swiftpm/arm64-apple-macosx/release/GiftUIRuntimeFailureAdapterFixture-tool.build/GiftUIRuntimeFailureAdapterFixture.dia	2c72d5afff8cce441f2f8299a18215b0bf79605aa7eb05839e38f7949b46c0e2
build/swiftpm/arm64-apple-macosx/release/GiftUIRuntimeFailureAdapterFixture-tool.build/RuntimeFailureAdapterBoundary.swift.o	d946bf1f2ae879a1e3e3918029dd89d05f5590872ee7b5a977e4a0a727f6878b
build/swiftpm/arm64-apple-macosx/release/GiftUIRuntimeFailureAdapterFixture-tool.build/include/GiftUIRuntimeFailureAdapterFixture-Swift.h	e1ebf3c464369ad610b6b549e24acb14788486ea0f807351541b013d4276c5f8
build/swiftpm/arm64-apple-macosx/release/GiftUIRuntimeFailureAdapterFixture-tool.build/include/module.modulemap	d03e1bbe25b286ba899b77b3508b4651ea276cd47e7465bc3d484347e11bf1f4
build/swiftpm/arm64-apple-macosx/release/GiftUIRuntimeFailureAdapterFixture-tool.build/output-file-map.json	8c16d633aab96f83e0cba85f5aec51c7c6eab4c3d6c94685f6783353e316c14f
build/swiftpm/arm64-apple-macosx/release/GiftUIRuntimeFailureAdapterFixture-tool.build/sources	69bd739b2515b59ead97fad03ebaa06b6252f7322e0b51ebf08dabb5ba05e669
build/swiftpm/arm64-apple-macosx/release/GiftUIRuntimeFailureAdapterTests-tool.build/output-file-map.json	50a8d3548d394705fa7792c011b2b6bda910c386674dae33e8ae4a6ece4dde4f
build/swiftpm/arm64-apple-macosx/release/GiftUIRuntimeStatic-tool.build/GiftUIRuntimeStatic.d	5a5eb3175eb1233331275afa11d6016273dbd709e23379f15c974a5b0dc22d88
build/swiftpm/arm64-apple-macosx/release/GiftUIRuntimeStatic-tool.build/GiftUIRuntimeStatic.dia	2c72d5afff8cce441f2f8299a18215b0bf79605aa7eb05839e38f7949b46c0e2
build/swiftpm/arm64-apple-macosx/release/GiftUIRuntimeStatic-tool.build/StaticCanvasHostHandle.swift.o	2860e1f5bb9a233d7a60c881123c60865826e3c0a247fe783ff1fdfb2d4dbbdb
build/swiftpm/arm64-apple-macosx/release/GiftUIRuntimeStatic-tool.build/StaticCanvasOccurrence.swift.o	cab1f556a9fc9b5f594d9e990e1d5df33512352d5d08db2fda5a6e3df073ebc7
build/swiftpm/arm64-apple-macosx/release/GiftUIRuntimeStatic-tool.build/StaticGeneratedProfileMetadata.swift.o	d242b0e1ba1cb57a64990e4dc8aeda33dc9b279ba542eaff1c05870422f765a0
build/swiftpm/arm64-apple-macosx/release/GiftUIRuntimeStatic-tool.build/StaticInteractionStorage.swift.o	d0e55525b96376b13ff024dbd367672c5a0e1bfab9e36ba6856775b8f5744db9
build/swiftpm/arm64-apple-macosx/release/GiftUIRuntimeStatic-tool.build/StaticObservableModelStorage.swift.o	938174767b3248aefdc0045df36d88c37b7c0e4d523d8f5b0de05e2cb3e49632
build/swiftpm/arm64-apple-macosx/release/GiftUIRuntimeStatic-tool.build/StaticObservableProfileSlotStorage.swift.o	8a740ac375e280d42e56ea8df21602f113e1b01054956838e057fc73a8ad7d00
build/swiftpm/arm64-apple-macosx/release/GiftUIRuntimeStatic-tool.build/StaticObservableRegistrationRecord.swift.o	cf68ef1773ab5c8d7bb4ffb10b330511a983472db30adaf4cffa5916a7085d2a
build/swiftpm/arm64-apple-macosx/release/GiftUIRuntimeStatic-tool.build/StaticObservableRootAdapter.swift.o	9dec01d332a5d467d31d1b43986fe435663ae029ab6df17580aae9562cd54e7b
build/swiftpm/arm64-apple-macosx/release/GiftUIRuntimeStatic-tool.build/StaticObservableRootTargetAccess.swift.o	8b260954b8ddfce67c07b7bb98da214794ae0b9b65aff2e800db7528e0b03611
build/swiftpm/arm64-apple-macosx/release/GiftUIRuntimeStatic-tool.build/StaticProfileBoundary.swift.o	ae5c919c61629fc07e35acac14b06e4a3e419cf1694c338aca17ac5f5a549653
build/swiftpm/arm64-apple-macosx/release/GiftUIRuntimeStatic-tool.build/StaticProfileStorage.swift.o	394924f01bf50c1fb3fd02583c7e9cb6bb80a68522ba2cf02966b9c18488782b
build/swiftpm/arm64-apple-macosx/release/GiftUIRuntimeStatic-tool.build/StaticRuntimeExecutionCoordinator.swift.o	69401d2693574c69cfdcd2fe82ea8ac3acd938e701cd014c56f7e4101b47a144
build/swiftpm/arm64-apple-macosx/release/GiftUIRuntimeStatic-tool.build/StaticRuntimeProfileBinding.swift.o	3cc4f8fb2445e38b2237bd83dc0b24a2a09f14110791ef68a5b32721647350a4
build/swiftpm/arm64-apple-macosx/release/GiftUIRuntimeStatic-tool.build/include/GiftUIRuntimeStatic-Swift.h	4b640bc58838137bafbec96deaad1afd3d3d31f094114e54bef4640c1f2f6fd3
build/swiftpm/arm64-apple-macosx/release/GiftUIRuntimeStatic-tool.build/include/module.modulemap	617e50bbd1b8eb10657599d266d56b2dc0ec9fdb685e65bc915caba11af61a6f
build/swiftpm/arm64-apple-macosx/release/GiftUIRuntimeStatic-tool.build/output-file-map.json	ce490ead9d7521cce80626f50bb213cb5cb6b6c21497a937ed4cbc11d71ba083
build/swiftpm/arm64-apple-macosx/release/GiftUIRuntimeStatic-tool.build/sources	9849481b33b517236f2276478cd35890ecce16ca3f7797992d13ed06db8f7acd
build/swiftpm/arm64-apple-macosx/release/GiftUIRuntimeStaticTests-tool.build/output-file-map.json	860095b72fd4fd9633cc82d292ee01ac118b5b3774580c9c81b7d8eeb7430967
build/swiftpm/arm64-apple-macosx/release/GiftUISemanticCore-tool.build/GiftUISemanticCore.d	b9ad1f23595a278a237785cbcbd01c639b7465713948880dd2f751b558cc0c43
build/swiftpm/arm64-apple-macosx/release/GiftUISemanticCore-tool.build/GiftUISemanticCore.dia	2c72d5afff8cce441f2f8299a18215b0bf79605aa7eb05839e38f7949b46c0e2
build/swiftpm/arm64-apple-macosx/release/GiftUISemanticCore-tool.build/GiftUISemanticCore.swift.o	6e4ea17d42098fe110e0df9bd8aa6f76191eb206353cb1e626cc34bc451a3eea
build/swiftpm/arm64-apple-macosx/release/GiftUISemanticCore-tool.build/SemanticLayoutView.swift.o	cd336c7df2fabaa076cc3f26650a6c864826fa562af472bbe61365f777ddbc0b
build/swiftpm/arm64-apple-macosx/release/GiftUISemanticCore-tool.build/SemanticRenderView.swift.o	bb3388f5e8b10765227e37cafea035046cbfc04c172d862f06e0d9e6b8c6457e
build/swiftpm/arm64-apple-macosx/release/GiftUISemanticCore-tool.build/include/GiftUISemanticCore-Swift.h	ead45df058fb86feb0f6685aa471c845e1469f189664335ed55143fe1d8130d2
build/swiftpm/arm64-apple-macosx/release/GiftUISemanticCore-tool.build/include/module.modulemap	5a1340119d64e0eb5cc2269a97f0bd56a187202e3b635cfe13c8e1d8deaf6b71
build/swiftpm/arm64-apple-macosx/release/GiftUISemanticCore-tool.build/output-file-map.json	edf6cab8e686260e95e82427274712025e7f0d14aa3fdcb2addc3970f8c13f5c
build/swiftpm/arm64-apple-macosx/release/GiftUISemanticCore-tool.build/sources	439219a0a59c49a9ebe73915ec39871b520374c0b9399b21a0267a1ff212bb12
build/swiftpm/arm64-apple-macosx/release/GiftUISemanticCoreTests-tool.build/output-file-map.json	898c317e02c1c0606e5ae4a95c9ae1d364716e2f5b90fd07ba2ee307ce593cd3
build/swiftpm/arm64-apple-macosx/release/GiftUISemanticFailureAdapterFixture-tool.build/GiftUISemanticFailureAdapterFixture.d	aae0a49460766235290b78171090eda7ff6d7e68e8ca1836dca5284b29e44221
build/swiftpm/arm64-apple-macosx/release/GiftUISemanticFailureAdapterFixture-tool.build/GiftUISemanticFailureAdapterFixture.dia	2c72d5afff8cce441f2f8299a18215b0bf79605aa7eb05839e38f7949b46c0e2
build/swiftpm/arm64-apple-macosx/release/GiftUISemanticFailureAdapterFixture-tool.build/SemanticFailureAdapter.swift.o	f642fab0212e326ad2ef87213f8ab723a0dfd0d9a35537ccaa1c89b74580be1a
build/swiftpm/arm64-apple-macosx/release/GiftUISemanticFailureAdapterFixture-tool.build/include/GiftUISemanticFailureAdapterFixture-Swift.h	fb5cd7c774869892f8c0c82cdda2371926e723a3070e3ecd6f76ab2a3ffe0a28
build/swiftpm/arm64-apple-macosx/release/GiftUISemanticFailureAdapterFixture-tool.build/include/module.modulemap	0e17f1148d48e157764f61dbee06f1f12471f7c8f09af0b845b1d11294211f6d
build/swiftpm/arm64-apple-macosx/release/GiftUISemanticFailureAdapterFixture-tool.build/output-file-map.json	09e5db98ff6271a8d97cda3050a40acf057679f77f8a3f9276df8ea2275b03f9
build/swiftpm/arm64-apple-macosx/release/GiftUISemanticFailureAdapterFixture-tool.build/sources	cb8c4d6e349caf0f6f9e5f665b8ffed63b33e33e637e5aacab119b7ef1e5231d
build/swiftpm/arm64-apple-macosx/release/GiftUISemanticFailureAdapterTests-tool.build/output-file-map.json	b15510251d330130c2a79b456e3249a45317614fb223a91e982059ff9db4cb1f
build/swiftpm/arm64-apple-macosx/release/GiftUISurfaceCore-tool.build/GiftUISurfaceCore.d	f242e60860bbb17a1487c59c3303efee267d052694e819cb369e1ae5adfd7a7a
build/swiftpm/arm64-apple-macosx/release/GiftUISurfaceCore-tool.build/GiftUISurfaceCore.dia	2c72d5afff8cce441f2f8299a18215b0bf79605aa7eb05839e38f7949b46c0e2
build/swiftpm/arm64-apple-macosx/release/GiftUISurfaceCore-tool.build/RasterSurface.swift.o	911824192d6f2c9ef23ee37f6cae82cec81107aaa08e7523f791983782966fe9
build/swiftpm/arm64-apple-macosx/release/GiftUISurfaceCore-tool.build/SurfaceValues.swift.o	c6f142a26be1132f9e3c059791d17346d6fdbfb4ac8ef286c5ac07054d968100
build/swiftpm/arm64-apple-macosx/release/GiftUISurfaceCore-tool.build/include/GiftUISurfaceCore-Swift.h	0e7770eff7ec865c448fd31d43587b19d014aee92ed3f641e5ae75b5548d564c
build/swiftpm/arm64-apple-macosx/release/GiftUISurfaceCore-tool.build/include/module.modulemap	08b57b19de2ca75a5047b015bf3dd2bf4cabd54e3ea0d2227c733c85023afa92
build/swiftpm/arm64-apple-macosx/release/GiftUISurfaceCore-tool.build/output-file-map.json	30a038dc65321ea96decaff4224ae92cf5c92afafdf795ed3ed60c30bd153172
build/swiftpm/arm64-apple-macosx/release/GiftUISurfaceCore-tool.build/sources	0c3c28bdde8dfc9a832118442b9a5a1cb33f98136630644882d14bf06a053e8c
build/swiftpm/arm64-apple-macosx/release/GiftUISurfaceCoreTests-tool.build/output-file-map.json	75bfcef6a62a3b99cfff6869f6e5502ca8ca904a4987dc4597573038833ca1b0
build/swiftpm/arm64-apple-macosx/release/GiftUITests-tool.build/output-file-map.json	e700fb52543fe1a1624942f1a0eba71f5816298def595cff4b580c512db07305
build/swiftpm/arm64-apple-macosx/release/GiftUITextResourceFailureAdapterFixture-tool.build/GiftUITextResourceFailureAdapterFixture.d	6caac50cc53157c10a423819ecf9f2bcdb5cb4cd3288078d669c2bb6ee0970d9
build/swiftpm/arm64-apple-macosx/release/GiftUITextResourceFailureAdapterFixture-tool.build/GiftUITextResourceFailureAdapterFixture.dia	2c72d5afff8cce441f2f8299a18215b0bf79605aa7eb05839e38f7949b46c0e2
build/swiftpm/arm64-apple-macosx/release/GiftUITextResourceFailureAdapterFixture-tool.build/GiftUITextResourceFailureAdapterFixture.swift.o	db7d164cf3bd8e72451d044a1c99b716c64baab7301490ec2bbf04ce6a5d07d5
build/swiftpm/arm64-apple-macosx/release/GiftUITextResourceFailureAdapterFixture-tool.build/include/GiftUITextResourceFailureAdapterFixture-Swift.h	a240d1190e87a783568a783edc6434fc5e51f7524f97296f7b83b02694d388dd
build/swiftpm/arm64-apple-macosx/release/GiftUITextResourceFailureAdapterFixture-tool.build/include/module.modulemap	8cc108452e4bd1d71d9a326644ec26f5642725c74fb2f885b4c8c2b62d925d01
build/swiftpm/arm64-apple-macosx/release/GiftUITextResourceFailureAdapterFixture-tool.build/output-file-map.json	f426e4241da507955a6d372f2b5369efea3cfdfaece26f7634722462f37db3c7
build/swiftpm/arm64-apple-macosx/release/GiftUITextResourceFailureAdapterFixture-tool.build/sources	68f32815074638d34018764880835d7fc93107688f3fc27bd31ed423a64b8901
build/swiftpm/arm64-apple-macosx/release/GiftUITextResourceOwnerAdapterTests-tool.build/output-file-map.json	f2892c3e66dbb62d45ba8b71a92fe79ac235affdaa06409e107c83f1faab7e92
build/swiftpm/arm64-apple-macosx/release/GiftUITextResources-tool.build/GiftUITextResources.d	1ea9705638d9219242745147c5ddaabf4fab87291906e5c144e45e4d90f8039d
build/swiftpm/arm64-apple-macosx/release/GiftUITextResources-tool.build/GiftUITextResources.dia	2c72d5afff8cce441f2f8299a18215b0bf79605aa7eb05839e38f7949b46c0e2
build/swiftpm/arm64-apple-macosx/release/GiftUITextResources-tool.build/GiftUITextResources.swift.o	b876382f99a6cd2448e35894c758c0bcbb3c586b92379121a4d342a4dde0c748
build/swiftpm/arm64-apple-macosx/release/GiftUITextResources-tool.build/include/GiftUITextResources-Swift.h	2c2e63be63f2bf66b6ca14ab94252ee9d40fdc4cb0add8b93a419082bb7c660d
build/swiftpm/arm64-apple-macosx/release/GiftUITextResources-tool.build/include/module.modulemap	ba1bd2e0ee64848a97d0a17a1535aa528db0ec584c9c961e7566f180756be8e7
build/swiftpm/arm64-apple-macosx/release/GiftUITextResources-tool.build/output-file-map.json	d54da0b837eba838f1825be3d9c6f4a566fecdddd76af987e7998d589d35d55a
build/swiftpm/arm64-apple-macosx/release/GiftUITextResources-tool.build/sources	264d51c9cf08831330a4e521e8fca04f9088a22df7f4971c9efd2e6571ed34d9
build/swiftpm/arm64-apple-macosx/release/GiftUITextResourcesTests-tool.build/output-file-map.json	3dde6459314079bf43628c2a63d122e8c35cf8f316a9d414bebcc496f3ab0760
build/swiftpm/arm64-apple-macosx/release/ModuleCache/172PRR6C9UKQM/Darwin-1FXX23EKWOBA9.pcm	224de6c1ab25323c5317f5fe101279056e559b095f4fcae9ad989ef84e1f94ed
build/swiftpm/arm64-apple-macosx/release/ModuleCache/172PRR6C9UKQM/MachO-20RPYVQSX341K.pcm	c6a9d9ea3469803a67c5fd3abb70901af46df0d35646283c33a6d69aec3a60d8
build/swiftpm/arm64-apple-macosx/release/ModuleCache/172PRR6C9UKQM/ObjectiveC-1G8H182PQX3QE.pcm	1c8b72ca2de630182908d0e4a1424918f068247f457000ee599ee8cbf8b92da8
build/swiftpm/arm64-apple-macosx/release/ModuleCache/172PRR6C9UKQM/SwiftShims-19EWHCF94MGNA.pcm	3abdb99f5113afa0861e15e7de8aa9ccdb7c38a5a3351f8e55ea49d3419733fe
build/swiftpm/arm64-apple-macosx/release/ModuleCache/172PRR6C9UKQM/_AvailabilityInternal-2YSBQADOLX02V.pcm	6ba7ad5eb07c033d40f44d5cf02645011d9eeba5d6a1edefd7bea02007ec9322
build/swiftpm/arm64-apple-macosx/release/ModuleCache/172PRR6C9UKQM/_Builtin_float-2RYO0GH1POOPJ.pcm	d910878f89d30db9bfe319c384b1db79b0df2be51051ba73ba07fc01642794d9
build/swiftpm/arm64-apple-macosx/release/ModuleCache/172PRR6C9UKQM/_Builtin_inttypes-2RYO0GH1POOPJ.pcm	58ab5544c74f1a089ecc1c39ed2f09f1cc71fc1f6819c43541f135232b890ee9
build/swiftpm/arm64-apple-macosx/release/ModuleCache/172PRR6C9UKQM/_Builtin_limits-2RYO0GH1POOPJ.pcm	2a35efbc40597b3c319e2344564f7a928ff3b6dda51eba1c9d47f5596af535a1
build/swiftpm/arm64-apple-macosx/release/ModuleCache/172PRR6C9UKQM/_Builtin_stdarg-2RYO0GH1POOPJ.pcm	4be006b7ac7333b02bfb4afb7ace8ba684a007f9012a6cccb552ec19aa849f09
build/swiftpm/arm64-apple-macosx/release/ModuleCache/172PRR6C9UKQM/_Builtin_stdbool-2RYO0GH1POOPJ.pcm	407b2f138d9902863ae4b655647888db20b02cf25262635372662acf218fade7
build/swiftpm/arm64-apple-macosx/release/ModuleCache/172PRR6C9UKQM/_Builtin_stddef-2RYO0GH1POOPJ.pcm	c84582f272cd20e62fa83c079f88644e34b6931021cc7f50ca581178872664b9
build/swiftpm/arm64-apple-macosx/release/ModuleCache/172PRR6C9UKQM/_Builtin_stdint-2RYO0GH1POOPJ.pcm	c0e00ce018843874b4cc8653322e446dce59e9e3c1ca4343ef1f65520cab43ca
build/swiftpm/arm64-apple-macosx/release/ModuleCache/172PRR6C9UKQM/_DarwinFoundation1-2YSBQADOLX02V.pcm	bcc38a24740c47e3fc8a2bdd9bc066439d8a35e1fd6190cd3c9711fafc8484e5
build/swiftpm/arm64-apple-macosx/release/ModuleCache/172PRR6C9UKQM/_DarwinFoundation2-3J4ZFA06I5V1P.pcm	194c3e36a135f12d1dc89d26be6dcc304fc30bf4da142dfc9311f8e7bdfc650b
build/swiftpm/arm64-apple-macosx/release/ModuleCache/172PRR6C9UKQM/_DarwinFoundation3-2NSGASPTSNBVQ.pcm	5dadff440e16722f127659536b07d7e1d64b789e4875b332aa1a9e0ecc3fc875
build/swiftpm/arm64-apple-macosx/release/ModuleCache/172PRR6C9UKQM/_SwiftConcurrencyShims-19EWHCF94MGNA.pcm	f9a4c58bc4923d859f2ce6b0f6b6fd4544dd23c30ad0ae314aed8bef5f2a5073
build/swiftpm/arm64-apple-macosx/release/ModuleCache/172PRR6C9UKQM/ptrcheck-2RYO0GH1POOPJ.pcm	b2b807d861c0aa46122e5c0d26465cee6789fcf9e2799a47198f7bed810070ae
build/swiftpm/arm64-apple-macosx/release/ModuleCache/172PRR6C9UKQM/sys_types-3J4ZFA06I5V1P.pcm	62b430627aa3e5c99899ea7c23cfc41c24d66eefb501094a065738eef9582f4a
build/swiftpm/arm64-apple-macosx/release/ModuleCache/18SLE3VSNCNPA/Darwin-1FXX23EKWOBA9.pcm	b11f2aa6a35bc4fd7accbdd07ec47a76df91f14f4e9a2dc89c64adf9860ebd7e
build/swiftpm/arm64-apple-macosx/release/ModuleCache/18SLE3VSNCNPA/Dispatch-R76HXUP80TVL.pcm	acc4fa95756f85365316c68811f6b52bb32c816ba1d00e72c59d447d659721c6
build/swiftpm/arm64-apple-macosx/release/ModuleCache/18SLE3VSNCNPA/MachO-20RPYVQSX341K.pcm	c681d2a097482c0e5d8250152658cdedc361192836b71822ceee186e823ef6cf
build/swiftpm/arm64-apple-macosx/release/ModuleCache/18SLE3VSNCNPA/ObjectiveC-1G8H182PQX3QE.pcm	099958961159712205f576c4ac293fea0ec23ac51c795be9f0604058da01a0a9
build/swiftpm/arm64-apple-macosx/release/ModuleCache/18SLE3VSNCNPA/SwiftShims-19EWHCF94MGNA.pcm	fa56397097e198774f2e329154b270e3afa74c17b95839d2491b4be4fa613c72
build/swiftpm/arm64-apple-macosx/release/ModuleCache/18SLE3VSNCNPA/XPC-T0ZXCAST7PE3.pcm	1cf0350b6f411ad482de74b2df3b8ca5d4a5a331ba8dc2a8d17fe92244a91e59
build/swiftpm/arm64-apple-macosx/release/ModuleCache/18SLE3VSNCNPA/_AvailabilityInternal-2YSBQADOLX02V.pcm	135771f908d3d4f5a789929ca086fee166fb01915838a3ffe24fc130882e42f5
build/swiftpm/arm64-apple-macosx/release/ModuleCache/18SLE3VSNCNPA/_Builtin_float-2RYO0GH1POOPJ.pcm	732bfda6e6cd30403df1c30babf6fd4d0179d2708ee625f14bb070791784914a
build/swiftpm/arm64-apple-macosx/release/ModuleCache/18SLE3VSNCNPA/_Builtin_inttypes-2RYO0GH1POOPJ.pcm	4ab3e1eae1d47cd0e2c079cdcedcaef4cc4cfd4fe0d2158d3a8a362a4d56a74d
build/swiftpm/arm64-apple-macosx/release/ModuleCache/18SLE3VSNCNPA/_Builtin_limits-2RYO0GH1POOPJ.pcm	cc1d23bbe816bf356781a9b5848cc3178ea59c8b6950cbdd8829b47f48d03d6f
build/swiftpm/arm64-apple-macosx/release/ModuleCache/18SLE3VSNCNPA/_Builtin_stdarg-2RYO0GH1POOPJ.pcm	0f9b0421783382144946fc089eaf2f1b50c4f37e10947a7cd55ce564cdf08d01
build/swiftpm/arm64-apple-macosx/release/ModuleCache/18SLE3VSNCNPA/_Builtin_stdatomic-2RYO0GH1POOPJ.pcm	38f73a797bb79211a8081120ea5b7c12e26e1b6031f06dabc429f17df0e79886
build/swiftpm/arm64-apple-macosx/release/ModuleCache/18SLE3VSNCNPA/_Builtin_stdbool-2RYO0GH1POOPJ.pcm	66f6b6e92a17f717ee2ffe6f397e62de8c6ddadb740dfcab9a41e6c35edbcbba
build/swiftpm/arm64-apple-macosx/release/ModuleCache/18SLE3VSNCNPA/_Builtin_stddef-2RYO0GH1POOPJ.pcm	73e947583fc5d6548a9a782e3787589b1dede4a91be029c46492620a6234d0c5
build/swiftpm/arm64-apple-macosx/release/ModuleCache/18SLE3VSNCNPA/_Builtin_stdint-2RYO0GH1POOPJ.pcm	63468c24776c3e9b39d3e5482c50d9a277e44d156be729cfa906560672201f32
build/swiftpm/arm64-apple-macosx/release/ModuleCache/18SLE3VSNCNPA/_DarwinFoundation1-2YSBQADOLX02V.pcm	46988936c10024b51cf26aeec614e3a51511b5ad1d3133835eab2e6dc10af7e6
build/swiftpm/arm64-apple-macosx/release/ModuleCache/18SLE3VSNCNPA/_DarwinFoundation2-3J4ZFA06I5V1P.pcm	a54536aecfa285f5a74d8efbb085201346aa89e14cb739f24a1f5a0168cf8fcd
build/swiftpm/arm64-apple-macosx/release/ModuleCache/18SLE3VSNCNPA/_DarwinFoundation3-2NSGASPTSNBVQ.pcm	c913b9e53fd7d27bd7244731768115579baf6cb6b15656031f5ca0ef100d2e31
build/swiftpm/arm64-apple-macosx/release/ModuleCache/18SLE3VSNCNPA/_SwiftConcurrencyShims-19EWHCF94MGNA.pcm	7dcd20ab7814c262493e82d6b460d45e9b27ef9349622ba8329749073b9f2232
build/swiftpm/arm64-apple-macosx/release/ModuleCache/18SLE3VSNCNPA/launch-3T3BU4MASLMUM.pcm	c2f7de2f9de7e7f577f0bb9769bfaebaa1005eb5a0c59d24fb8e2652da7ef75a
build/swiftpm/arm64-apple-macosx/release/ModuleCache/18SLE3VSNCNPA/os-2MV8OP7R98AN8.pcm	5289ada50e752d95aeb95804f9bd262d4c244f782a5eb78c9f2939e01ff5572e
build/swiftpm/arm64-apple-macosx/release/ModuleCache/18SLE3VSNCNPA/os_object-2MV8OP7R98AN8.pcm	09874bd67e3274e64231be9aa93a9733d8760514c0815d38ddd01c360fc5604a
build/swiftpm/arm64-apple-macosx/release/ModuleCache/18SLE3VSNCNPA/os_workgroup-2MV8OP7R98AN8.pcm	63dc40a8f29ac4947f672f0aeb8dda3df04c6519f9b064fd1f6fd163f3068b05
build/swiftpm/arm64-apple-macosx/release/ModuleCache/18SLE3VSNCNPA/ptrcheck-2RYO0GH1POOPJ.pcm	69a67b678bbbe82f001109092d5d51ada67c9d1bb9bea2131be66ed77cfb1e29
build/swiftpm/arm64-apple-macosx/release/ModuleCache/18SLE3VSNCNPA/sys_types-3J4ZFA06I5V1P.pcm	93ba9c6b7c7cd0725936766ef8ed9952e67c4fe1b0fcc5f02255c51976d97b08
build/swiftpm/arm64-apple-macosx/release/ModuleCache/1EOOYTKTXOWZL/Darwin-1FXX23EKWOBA9.pcm	d9d985c6afe106f9c8e0217fdcc76f23c971ccd7216310816ccdd43cd38100af
build/swiftpm/arm64-apple-macosx/release/ModuleCache/1EOOYTKTXOWZL/Dispatch-R76HXUP80TVL.pcm	d010715a9875abe02e25b28ecbc4230d060d9dd605b021b0dc6095365b4b7fd7
build/swiftpm/arm64-apple-macosx/release/ModuleCache/1EOOYTKTXOWZL/MachO-20RPYVQSX341K.pcm	95ac5e0604bb2970afc289450dc3789fc5dc5831ed65831a13e62df5b9a3e261
build/swiftpm/arm64-apple-macosx/release/ModuleCache/1EOOYTKTXOWZL/ObjectiveC-1G8H182PQX3QE.pcm	9e04e1db470df4b3ddeb1af2700e8162f1b8127d9767bd364dcd0f93cacbe29a
build/swiftpm/arm64-apple-macosx/release/ModuleCache/1EOOYTKTXOWZL/SwiftShims-19EWHCF94MGNA.pcm	90db2e21d6b7aefad20548b6124745285a69ea2354bc1927474f1c5fbe0cc95f
build/swiftpm/arm64-apple-macosx/release/ModuleCache/1EOOYTKTXOWZL/XPC-T0ZXCAST7PE3.pcm	4e24f5049f692c04257e28f47a5fd4018df16e7650c658d4ac531f3b4329f4a2
build/swiftpm/arm64-apple-macosx/release/ModuleCache/1EOOYTKTXOWZL/_AvailabilityInternal-2YSBQADOLX02V.pcm	79c4e8d536217b52c519f96e5e46592b5b6bc64201fb478c8e6e91e7af5b9d03
build/swiftpm/arm64-apple-macosx/release/ModuleCache/1EOOYTKTXOWZL/_Builtin_float-2RYO0GH1POOPJ.pcm	2ea9d43b54686261e7913cde38e0f37ec76171f1edb1b417deabe390bc4edf26
build/swiftpm/arm64-apple-macosx/release/ModuleCache/1EOOYTKTXOWZL/_Builtin_inttypes-2RYO0GH1POOPJ.pcm	fe51910cda5d255edc8416f37803464a036adc550816ac8632e94bc319485de4
build/swiftpm/arm64-apple-macosx/release/ModuleCache/1EOOYTKTXOWZL/_Builtin_limits-2RYO0GH1POOPJ.pcm	d5c2032357f3c61ffa95c82e052b71dfede8d9924e3d5535888190a21184b84b
build/swiftpm/arm64-apple-macosx/release/ModuleCache/1EOOYTKTXOWZL/_Builtin_stdarg-2RYO0GH1POOPJ.pcm	3e6ae0a902fc9b5b51cda7dc7b87ec9bfbcfb93595af8bc79e9e6a8ce24eb85e
build/swiftpm/arm64-apple-macosx/release/ModuleCache/1EOOYTKTXOWZL/_Builtin_stdatomic-2RYO0GH1POOPJ.pcm	54d6934eb543e792f57dab53ba25a341154a98651978be35ec6db0ff6135d491
build/swiftpm/arm64-apple-macosx/release/ModuleCache/1EOOYTKTXOWZL/_Builtin_stdbool-2RYO0GH1POOPJ.pcm	ef1815937efacfaa9d342cec8a2d9cdb46d87d228f78ef4a6bbeb77bf4a00df1
build/swiftpm/arm64-apple-macosx/release/ModuleCache/1EOOYTKTXOWZL/_Builtin_stddef-2RYO0GH1POOPJ.pcm	0947952527f9887c1192006467758510a427fde08996436e24038a55b76695b0
build/swiftpm/arm64-apple-macosx/release/ModuleCache/1EOOYTKTXOWZL/_Builtin_stdint-2RYO0GH1POOPJ.pcm	1937404211942d79987af5052c29554481ecc05118c4dd7fbdf5cbd69b3c7b92
build/swiftpm/arm64-apple-macosx/release/ModuleCache/1EOOYTKTXOWZL/_DarwinFoundation1-2YSBQADOLX02V.pcm	9b799e7e6b1c63e9d316b21f616ab15d396605536460518b57d2fdbb1f69beed
build/swiftpm/arm64-apple-macosx/release/ModuleCache/1EOOYTKTXOWZL/_DarwinFoundation2-3J4ZFA06I5V1P.pcm	68394a073dbc9d10fc756aa30ee954283634cf7d51f0ca4f723e0b34174bdb43
build/swiftpm/arm64-apple-macosx/release/ModuleCache/1EOOYTKTXOWZL/_DarwinFoundation3-2NSGASPTSNBVQ.pcm	b1ca5bae05820910e2e1baad83611f54e5ef0626408defb617bf7070202653ca
build/swiftpm/arm64-apple-macosx/release/ModuleCache/1EOOYTKTXOWZL/_SwiftConcurrencyShims-19EWHCF94MGNA.pcm	4197f767f4e4d047f86999914aa2ae3139449491b962718de82dbeaddbf0314b
build/swiftpm/arm64-apple-macosx/release/ModuleCache/1EOOYTKTXOWZL/_SwiftSyntaxCShims-3PQJAHWI2ELLC.pcm	6f031b602d407732565de7ad47bd8f799bdbe0531fdcc4e17e0e8dc9b994cb42
build/swiftpm/arm64-apple-macosx/release/ModuleCache/1EOOYTKTXOWZL/launch-3T3BU4MASLMUM.pcm	37c6353a27cb808c4d3ee1f6a30d4a5df23077800121cb3103ebe70db72b046f
build/swiftpm/arm64-apple-macosx/release/ModuleCache/1EOOYTKTXOWZL/os-2MV8OP7R98AN8.pcm	1228c7261fb98e0d548f53639a9f696c7c37273ef516f13e02aeacef3c579817
build/swiftpm/arm64-apple-macosx/release/ModuleCache/1EOOYTKTXOWZL/os_object-2MV8OP7R98AN8.pcm	531c817978b8b9818b3e7e83d059c5b38b42c3fddfa63569d2f1ad98d4bb4871
build/swiftpm/arm64-apple-macosx/release/ModuleCache/1EOOYTKTXOWZL/os_workgroup-2MV8OP7R98AN8.pcm	bb20092778cb76d83c2dbeec2272231a9b2f0e8e470d29fc64c590e15ba80ca3
build/swiftpm/arm64-apple-macosx/release/ModuleCache/1EOOYTKTXOWZL/ptrcheck-2RYO0GH1POOPJ.pcm	2e0c346c7cae7e7e7bf4e43b7135983893dc141fc845bd62861a44edec32311c
build/swiftpm/arm64-apple-macosx/release/ModuleCache/1EOOYTKTXOWZL/sys_types-3J4ZFA06I5V1P.pcm	a3f590b0c0ba06c25f4a3c7576c027d3bb06ca6b78710d97b5d9c2cb30209d08
build/swiftpm/arm64-apple-macosx/release/ModuleCache/2LDLHZ4AZKH2E/Darwin-1FXX23EKWOBA9.pcm	4f5286c60b171410745cf6f112bcc2af1045a3f20a0f66e28979da0767842f0d
build/swiftpm/arm64-apple-macosx/release/ModuleCache/2LDLHZ4AZKH2E/Dispatch-R76HXUP80TVL.pcm	88dfe378400633cefc909aefccb1438068b8a23499a205377682f2b84b3ff352
build/swiftpm/arm64-apple-macosx/release/ModuleCache/2LDLHZ4AZKH2E/MachO-20RPYVQSX341K.pcm	cd689563ac77824db8dbc7a2cc305b4452e93bae295834430504171290399115
build/swiftpm/arm64-apple-macosx/release/ModuleCache/2LDLHZ4AZKH2E/ObjectiveC-1G8H182PQX3QE.pcm	da47f48f2b936889b20947e27558cefb4f376369d8c075215400c74c5a16daff
build/swiftpm/arm64-apple-macosx/release/ModuleCache/2LDLHZ4AZKH2E/SwiftShims-19EWHCF94MGNA.pcm	005cf223e11ef5c4a55c50e08e9a7c44d0d0b26e9e18d1df199e21d5844113c3
build/swiftpm/arm64-apple-macosx/release/ModuleCache/2LDLHZ4AZKH2E/XPC-T0ZXCAST7PE3.pcm	010c4b003ad540dd2e61c5a709e6576118a7e531d182530fe26fd4c23cd48ee9
build/swiftpm/arm64-apple-macosx/release/ModuleCache/2LDLHZ4AZKH2E/_AvailabilityInternal-2YSBQADOLX02V.pcm	6ebc39be1cab9ea006f987469a30e2e9acdf2cd25ea593a93d232854d2a1f5e3
build/swiftpm/arm64-apple-macosx/release/ModuleCache/2LDLHZ4AZKH2E/_Builtin_float-2RYO0GH1POOPJ.pcm	5c64ac334c8dee0a64af3aa4cf6b380e3f0ec51208f2872cda310894d7801ba7
build/swiftpm/arm64-apple-macosx/release/ModuleCache/2LDLHZ4AZKH2E/_Builtin_inttypes-2RYO0GH1POOPJ.pcm	480adac5b4b559b2b612efa5e8dfe23e19b921f70ab1386d1ce5d9e33b0a20c4
build/swiftpm/arm64-apple-macosx/release/ModuleCache/2LDLHZ4AZKH2E/_Builtin_limits-2RYO0GH1POOPJ.pcm	c9bcc72c008d1431dc2cd163136aeafb2f9d9c71a1ac4b223ccf29f4da7de74d
build/swiftpm/arm64-apple-macosx/release/ModuleCache/2LDLHZ4AZKH2E/_Builtin_stdarg-2RYO0GH1POOPJ.pcm	c51853313427a1bcf61000dc3ec4294fc59e4e1ecf44461f4569ec1ac02181cb
build/swiftpm/arm64-apple-macosx/release/ModuleCache/2LDLHZ4AZKH2E/_Builtin_stdatomic-2RYO0GH1POOPJ.pcm	9a78fbcf621d4a927524e69bab5d460b7aab3d3dbeae34592f974636f256d5ce
build/swiftpm/arm64-apple-macosx/release/ModuleCache/2LDLHZ4AZKH2E/_Builtin_stdbool-2RYO0GH1POOPJ.pcm	decd6aeb095e5544b3ba58f407fc25964ec27dc390bc0dc9415a76c0c16eea01
build/swiftpm/arm64-apple-macosx/release/ModuleCache/2LDLHZ4AZKH2E/_Builtin_stddef-2RYO0GH1POOPJ.pcm	0e7352a92acc38a76eda8e643c4731bcd0c9f61c39c402ac7670de30dba9a30d
build/swiftpm/arm64-apple-macosx/release/ModuleCache/2LDLHZ4AZKH2E/_Builtin_stdint-2RYO0GH1POOPJ.pcm	85a3bcc6faa73855b5052483d5017302acf498025b1c8ec8e3dfdded5023be27
build/swiftpm/arm64-apple-macosx/release/ModuleCache/2LDLHZ4AZKH2E/_DarwinFoundation1-2YSBQADOLX02V.pcm	90c33fe65b114f26acd15ed6dc78f0f56e09ab265234d08fd9af2af568b252dd
build/swiftpm/arm64-apple-macosx/release/ModuleCache/2LDLHZ4AZKH2E/_DarwinFoundation2-3J4ZFA06I5V1P.pcm	fea50d34e337d199ccba73c6576108c1374dd6136d0bd391c8647c03220148eb
build/swiftpm/arm64-apple-macosx/release/ModuleCache/2LDLHZ4AZKH2E/_DarwinFoundation3-2NSGASPTSNBVQ.pcm	f4ae25b31b5d62c52159ac8969d5c251a3998588d7ded0db1f9ed163932e58af
build/swiftpm/arm64-apple-macosx/release/ModuleCache/2LDLHZ4AZKH2E/_SwiftConcurrencyShims-19EWHCF94MGNA.pcm	23ffc3a2a202bde08e557f568fff47ed5a1928ca1091804fd48b2de2d335916b
build/swiftpm/arm64-apple-macosx/release/ModuleCache/2LDLHZ4AZKH2E/_SwiftSyntaxCShims-3PQJAHWI2ELLC.pcm	6fdf942ff7d18a8c702b166a3803d75dadbf2a38b7a90be3a9dc41972f879387
build/swiftpm/arm64-apple-macosx/release/ModuleCache/2LDLHZ4AZKH2E/launch-3T3BU4MASLMUM.pcm	b4f7c3abbd51044b0849b04ba6b627321271a1f60ea8917bcb08531a66f57d58
build/swiftpm/arm64-apple-macosx/release/ModuleCache/2LDLHZ4AZKH2E/os-2MV8OP7R98AN8.pcm	679979eb0a8031e74d1958a02e9628fb2f0ffd580d7859a2621d272dd8ca71bb
build/swiftpm/arm64-apple-macosx/release/ModuleCache/2LDLHZ4AZKH2E/os_object-2MV8OP7R98AN8.pcm	2728c10abe0251ca56f456d542e3042a876d6623f872fadfb0875e74e7d06f2b
build/swiftpm/arm64-apple-macosx/release/ModuleCache/2LDLHZ4AZKH2E/os_workgroup-2MV8OP7R98AN8.pcm	c0da5b7fdb57c396ecf6468abf1e74d95690cac74ca6d413a8756aac827e86b8
build/swiftpm/arm64-apple-macosx/release/ModuleCache/2LDLHZ4AZKH2E/ptrcheck-2RYO0GH1POOPJ.pcm	19c9bbe429e1ae3019329abad04d22ddef9c883697667fbb521168a5fdd77410
build/swiftpm/arm64-apple-macosx/release/ModuleCache/2LDLHZ4AZKH2E/sys_types-3J4ZFA06I5V1P.pcm	8f371a5b70852489b5b978b1c4236fb37c0161ba3ccc90224c860bf6b581835b
build/swiftpm/arm64-apple-macosx/release/ModuleCache/Combine-12VGLFQX5WK65.swiftmodule	0002408d8d89378608df6758fc02cbfebf78c62d5013b52d0f2e80577027ec9f
build/swiftpm/arm64-apple-macosx/release/ModuleCache/Darwin-KAMM2KBRX1UD.swiftmodule	5ceab9bc8242c671bffc9def4550ced42f6886fd6d61b945853f3b5c353f38e5
build/swiftpm/arm64-apple-macosx/release/ModuleCache/Dispatch-2SVB8VHYDEVHE.swiftmodule	f71ab4408bf86bfc82416dccd78f64005fdbd7af312b288823680a0fa6dcbd72
build/swiftpm/arm64-apple-macosx/release/ModuleCache/FB66QPGDF940/Darwin-1FXX23EKWOBA9.pcm	4a56f513fb6f9ff868749d79cdfc02b03889902f1c90f4520bacf42672e72f2f
build/swiftpm/arm64-apple-macosx/release/ModuleCache/FB66QPGDF940/_AvailabilityInternal-2YSBQADOLX02V.pcm	df23a5a600a8fd47126cea6c54fc5e1df4015552b45d71a1d36429605161125d
build/swiftpm/arm64-apple-macosx/release/ModuleCache/FB66QPGDF940/_Builtin_inttypes-2RYO0GH1POOPJ.pcm	7d434fdd9a7090221d9d7b55d186f0abaaac75dbd27fc1a76760359bde3b0eb6
build/swiftpm/arm64-apple-macosx/release/ModuleCache/FB66QPGDF940/_Builtin_limits-2RYO0GH1POOPJ.pcm	23925ce8d3992376368abc3a60d79193b2dcbc30f42fd975cb9304f497ba91fc
build/swiftpm/arm64-apple-macosx/release/ModuleCache/FB66QPGDF940/_Builtin_stdarg-2RYO0GH1POOPJ.pcm	437550b3af30e16bd9a5335024fc9326a1bb594a236ada3f4310fd8cbc492d99
build/swiftpm/arm64-apple-macosx/release/ModuleCache/FB66QPGDF940/_Builtin_stdbool-2RYO0GH1POOPJ.pcm	ea5a5853c303f92fac0a115d143c7b1c3df46a9b99ad95d28f0c39ae844d766c
build/swiftpm/arm64-apple-macosx/release/ModuleCache/FB66QPGDF940/_Builtin_stddef-2RYO0GH1POOPJ.pcm	e0c45253252d8e7c13117734f0ec19e7c167cd5948869f212429a1e12ba347ae
build/swiftpm/arm64-apple-macosx/release/ModuleCache/FB66QPGDF940/_Builtin_stdint-2RYO0GH1POOPJ.pcm	5370611eef22eb64edc6639ff189d47ee739e62918c0f6cae67209dc89a40102
build/swiftpm/arm64-apple-macosx/release/ModuleCache/FB66QPGDF940/_DarwinFoundation1-2YSBQADOLX02V.pcm	b8eb3c9260c28fe9bd526306df1caa852f04b18d97ecd7d15217e58c76c5990d
build/swiftpm/arm64-apple-macosx/release/ModuleCache/FB66QPGDF940/_DarwinFoundation2-3J4ZFA06I5V1P.pcm	3b118e1b31077eb44e487555897b806d671a166b487e04719e0be5cae71e440d
build/swiftpm/arm64-apple-macosx/release/ModuleCache/FB66QPGDF940/_DarwinFoundation3-2NSGASPTSNBVQ.pcm	8294a995efc1bccb7d4da02280d6d50b978361805aad55a57c06268e6e176f5f
build/swiftpm/arm64-apple-macosx/release/ModuleCache/FB66QPGDF940/modules.idx	7dce55e9221049193fa424d956a8a74a87de0938608db45ba56b5257ee7b0a9c
build/swiftpm/arm64-apple-macosx/release/ModuleCache/FB66QPGDF940/ptrcheck-2RYO0GH1POOPJ.pcm	b55b6ce53b67525e7d88b87a276a008742e2af58700541830b205fb961b7bc0d
build/swiftpm/arm64-apple-macosx/release/ModuleCache/ObjectiveC-1CAF64Z98ZQ1C.swiftmodule	003c4d995aa2438c6787b23e5cda32612d05009377e3c597ab6ce0ec103f12d7
build/swiftpm/arm64-apple-macosx/release/ModuleCache/XPC-1531KTDZFOPQT.swiftmodule	02e8827fcaa8c46037ab212d457425bd4c0db3528d2ff5af4e52244c5f31c48c
build/swiftpm/arm64-apple-macosx/release/ModuleCache/_DarwinFoundation1-2G59DTQTZVHQ8.swiftmodule	284f5ecad1554e446671f02666a9cea9b4229a7572b82aa02d76ea43a5ddfc1a
build/swiftpm/arm64-apple-macosx/release/ModuleCache/_DarwinFoundation2-3PYWV2IF5DC9B.swiftmodule	cbf34a2a4d1d832d804c0c055b280153c451b6057de342b10d883a6dcaa37fc1
build/swiftpm/arm64-apple-macosx/release/ModuleCache/_DarwinFoundation3-NL56UP74R7KV.swiftmodule	24c3a20d03f4389efbf24b43f8034a289e402a37640199e464108dff89c9906c
build/swiftpm/arm64-apple-macosx/release/ModuleCache/modules.timestamp	e3b0c44298fc1c149afbf4c8996fb92427ae41e4649b934ca495991b7852b855
build/swiftpm/arm64-apple-macosx/release/ModuleCache/os-2R992ODAQORC5.swiftmodule	a1240c00df2766f7c6af3a34533c7ce55c64be5eff54f6f8c2b0e2c456e7635d
build/swiftpm/arm64-apple-macosx/release/Modules-tool/GiftUI.abi.json	4277ac6b49f8511196028a5ac20f5b1b1dfa754c24615d34068089f0b1739728
build/swiftpm/arm64-apple-macosx/release/Modules-tool/GiftUI.swiftdoc	4ab010ec93e07a698d36823f116d945864bb48a724981cc885d7ef756152d310
build/swiftpm/arm64-apple-macosx/release/Modules-tool/GiftUI.swiftmodule	a86808210d098438f42911662dad9e458c584bd54483092f2f9c3c3a5b4c9dce
build/swiftpm/arm64-apple-macosx/release/Modules-tool/GiftUI.swiftsourceinfo	cbb1acc8e0a30d0ab615b97d2839da80aa13adbac04bb776992b1e02960c2446
build/swiftpm/arm64-apple-macosx/release/Modules-tool/GiftUIBackendIntegration.abi.json	4277ac6b49f8511196028a5ac20f5b1b1dfa754c24615d34068089f0b1739728
build/swiftpm/arm64-apple-macosx/release/Modules-tool/GiftUIBackendIntegration.swiftdoc	166669f005cf8a9995688759c1a8f24f75f32f934090dcf683fdb857baf20ead
build/swiftpm/arm64-apple-macosx/release/Modules-tool/GiftUIBackendIntegration.swiftmodule	ba97a6ba4cd66cd5d4047afc0a5c8a8d21abc5f3459b00e67262ef13db5d9abb
build/swiftpm/arm64-apple-macosx/release/Modules-tool/GiftUIBackendIntegration.swiftsourceinfo	89b43dc3f1fc05eb9913210a6bceaecfde812d8e4f9966cfa4dde8b3c514dc50
build/swiftpm/arm64-apple-macosx/release/Modules-tool/GiftUICapabilities.abi.json	4277ac6b49f8511196028a5ac20f5b1b1dfa754c24615d34068089f0b1739728
build/swiftpm/arm64-apple-macosx/release/Modules-tool/GiftUICapabilities.swiftdoc	5dd1c8a26a8fb4cb2db306d95e1c1a65e5d9397a4646bf42ee440eb13e9dec88
build/swiftpm/arm64-apple-macosx/release/Modules-tool/GiftUICapabilities.swiftmodule	2f6cba59b9cf94ab984c56d60df6fb516e00e801038b6fa300fdec78d4777702
build/swiftpm/arm64-apple-macosx/release/Modules-tool/GiftUICapabilities.swiftsourceinfo	10bd8a816c5bcaa50514612c0d92e09ca10ac60b630701e9fee5d2e38800d502
build/swiftpm/arm64-apple-macosx/release/Modules-tool/GiftUICapabilityFailureAdapterFixture.abi.json	4277ac6b49f8511196028a5ac20f5b1b1dfa754c24615d34068089f0b1739728
build/swiftpm/arm64-apple-macosx/release/Modules-tool/GiftUICapabilityFailureAdapterFixture.swiftdoc	6a9ce618174490a450d8d6005b0c97727902bc8c44b3e8805cf2e2be686bb0e8
build/swiftpm/arm64-apple-macosx/release/Modules-tool/GiftUICapabilityFailureAdapterFixture.swiftmodule	5967a1ab90d45aef4ca4ef37fd3c5b61f53d3cbd3b8ba440546b17875654bab6
build/swiftpm/arm64-apple-macosx/release/Modules-tool/GiftUICapabilityFailureAdapterFixture.swiftsourceinfo	e3eae9806d02ab031d34476474905cefdcae26cf4a8dedfe686114eebb959c88
build/swiftpm/arm64-apple-macosx/release/Modules-tool/GiftUIDisplayCore.abi.json	4277ac6b49f8511196028a5ac20f5b1b1dfa754c24615d34068089f0b1739728
build/swiftpm/arm64-apple-macosx/release/Modules-tool/GiftUIDisplayCore.swiftdoc	b3b2fda4ece42d3a751af77d74806df0de43b18bbf0c45f0bb2f479eb2bcc65f
build/swiftpm/arm64-apple-macosx/release/Modules-tool/GiftUIDisplayCore.swiftmodule	1bef39bf67e6e458712a1e98724bba1e2e04e9ae7283db7f1fd2b42a78429041
build/swiftpm/arm64-apple-macosx/release/Modules-tool/GiftUIDisplayCore.swiftsourceinfo	5e060ad1a612b279727d6fc2bcfbcf0340c05cd3e267ce13085e7139f69e206e
build/swiftpm/arm64-apple-macosx/release/Modules-tool/GiftUIDrawing.abi.json	4277ac6b49f8511196028a5ac20f5b1b1dfa754c24615d34068089f0b1739728
build/swiftpm/arm64-apple-macosx/release/Modules-tool/GiftUIDrawing.swiftdoc	4e1eea893855260446fa9aa905643e3d9bd06ebedd7d56adbbe0d388bc2dd249
build/swiftpm/arm64-apple-macosx/release/Modules-tool/GiftUIDrawing.swiftmodule	164b82716df121180ad2c98483cb5be42dfaa7b672f4096f59c1db37669873d3
build/swiftpm/arm64-apple-macosx/release/Modules-tool/GiftUIDrawing.swiftsourceinfo	a2a4937ba75e30b52e18bee0f314e26d509c8322e9e5c0d70ea575f1df41a0ff
build/swiftpm/arm64-apple-macosx/release/Modules-tool/GiftUIDrawingFailureAdapterFixture.abi.json	4277ac6b49f8511196028a5ac20f5b1b1dfa754c24615d34068089f0b1739728
build/swiftpm/arm64-apple-macosx/release/Modules-tool/GiftUIDrawingFailureAdapterFixture.swiftdoc	03fe954e2b7a2d79cd01a013bdadec140d4b8db14c2de16505b265a8f57502ba
build/swiftpm/arm64-apple-macosx/release/Modules-tool/GiftUIDrawingFailureAdapterFixture.swiftmodule	b1f0e75d1432ee8d91702f6cad8425cbe63a96de234cb693d7fbc03eafbc7638
build/swiftpm/arm64-apple-macosx/release/Modules-tool/GiftUIDrawingFailureAdapterFixture.swiftsourceinfo	c65ebde0f3da6f7d5c387c211469dfe210eadf9ca21cb7f6586ef14f3687a2cc
build/swiftpm/arm64-apple-macosx/release/Modules-tool/GiftUIDynamicConveniences.abi.json	4277ac6b49f8511196028a5ac20f5b1b1dfa754c24615d34068089f0b1739728
build/swiftpm/arm64-apple-macosx/release/Modules-tool/GiftUIDynamicConveniences.swiftdoc	f57a35b6d064ad7855f16a46e7141d37b1902a93e315a91be9efd2011dde5cca
build/swiftpm/arm64-apple-macosx/release/Modules-tool/GiftUIDynamicConveniences.swiftmodule	2c01fd7f8796df7a66df2879af52e8bbfcbfd5eef7d722be961502c160555d4f
build/swiftpm/arm64-apple-macosx/release/Modules-tool/GiftUIDynamicConveniences.swiftsourceinfo	1cbe468b252fdce009b9cc5ab475bf86629c89e9ab22b76ef607bec236d7909d
build/swiftpm/arm64-apple-macosx/release/Modules-tool/GiftUIExecution.abi.json	4277ac6b49f8511196028a5ac20f5b1b1dfa754c24615d34068089f0b1739728
build/swiftpm/arm64-apple-macosx/release/Modules-tool/GiftUIExecution.swiftdoc	978cc0aff9bb82715485b118dee0c13f370aadb8e927ce192656ba3f991bb0de
build/swiftpm/arm64-apple-macosx/release/Modules-tool/GiftUIExecution.swiftmodule	e2fd83f54f6c93f009a8b4b599519af15b5c7ddcfa4b98fbf14d860544a1f561
build/swiftpm/arm64-apple-macosx/release/Modules-tool/GiftUIExecution.swiftsourceinfo	bfe0113e56a1217dfbdcff5b02f914e060ce64df30c10596e4a39b8e0bae5a30
build/swiftpm/arm64-apple-macosx/release/Modules-tool/GiftUIFailureCore.abi.json	4277ac6b49f8511196028a5ac20f5b1b1dfa754c24615d34068089f0b1739728
build/swiftpm/arm64-apple-macosx/release/Modules-tool/GiftUIFailureCore.swiftdoc	a6150393e659623bd109b2fa33ee5ad1003d48a326ff6d05c62b566e4858b230
build/swiftpm/arm64-apple-macosx/release/Modules-tool/GiftUIFailureCore.swiftmodule	d0063f5d95632169750e72ffa60793062491d4e76ac204477573597825a55e60
build/swiftpm/arm64-apple-macosx/release/Modules-tool/GiftUIFailureCore.swiftsourceinfo	8abef9ae59770e36bb31466f3929a4b8d532c529bc7a91d75566678d5863cc8b
build/swiftpm/arm64-apple-macosx/release/Modules-tool/GiftUIFailureDiagnostics.abi.json	4277ac6b49f8511196028a5ac20f5b1b1dfa754c24615d34068089f0b1739728
build/swiftpm/arm64-apple-macosx/release/Modules-tool/GiftUIFailureDiagnostics.swiftdoc	0e92c1e0eae5f0d3f210e609b093f5734f2380b02e355bbaceb9fb22b6b4d493
build/swiftpm/arm64-apple-macosx/release/Modules-tool/GiftUIFailureDiagnostics.swiftmodule	bd965dcceaa4677a7937f194664dadf57706ea984dba2eb85e09e743ddf3c72d
build/swiftpm/arm64-apple-macosx/release/Modules-tool/GiftUIFailureDiagnostics.swiftsourceinfo	7578926ac36d9b4d550e918c10e6e2713cb21a863f37c5ba1da19607a227f541
build/swiftpm/arm64-apple-macosx/release/Modules-tool/GiftUIFailureExecution.abi.json	4277ac6b49f8511196028a5ac20f5b1b1dfa754c24615d34068089f0b1739728
build/swiftpm/arm64-apple-macosx/release/Modules-tool/GiftUIFailureExecution.swiftdoc	0e6e51276ad78ca9b9b4e61952dbe7739dd12ac13781f22c8c12114eb9011f28
build/swiftpm/arm64-apple-macosx/release/Modules-tool/GiftUIFailureExecution.swiftmodule	96a317dfef0f04959b650394bc4946ad6c023aae829b87c336437638ddc4a6d0
build/swiftpm/arm64-apple-macosx/release/Modules-tool/GiftUIFailureExecution.swiftsourceinfo	dce921963f79c75c6ee62f2ac8eb61d3f3be04599e488beedd026cd5d4a0f833
build/swiftpm/arm64-apple-macosx/release/Modules-tool/GiftUIHostConfiguration.abi.json	4277ac6b49f8511196028a5ac20f5b1b1dfa754c24615d34068089f0b1739728
build/swiftpm/arm64-apple-macosx/release/Modules-tool/GiftUIHostConfiguration.swiftdoc	064225ce3acef921d87b76fb92658c27bf06515fa0fbd8cf8930a9c7f08e2379
build/swiftpm/arm64-apple-macosx/release/Modules-tool/GiftUIHostConfiguration.swiftmodule	869cd387d65b7b91b74fdd944359ebd5f7cde066f5ceb6ea77bf475b2e806ef1
build/swiftpm/arm64-apple-macosx/release/Modules-tool/GiftUIHostConfiguration.swiftsourceinfo	fd4b0c8a50f09338cc0b72ab68b4beccbaf5cc51d3eb2aac2145684a16ad0962
build/swiftpm/arm64-apple-macosx/release/Modules-tool/GiftUIInteraction.abi.json	4277ac6b49f8511196028a5ac20f5b1b1dfa754c24615d34068089f0b1739728
build/swiftpm/arm64-apple-macosx/release/Modules-tool/GiftUIInteraction.swiftdoc	67288e8c307e287e4fcd824eb202bc3d6d24db6b95787f2919b342d500f1d7f0
build/swiftpm/arm64-apple-macosx/release/Modules-tool/GiftUIInteraction.swiftmodule	4b9a118e61eda8960648ff307b609148c29dc878c9aea7b90531b67adfde2c62
build/swiftpm/arm64-apple-macosx/release/Modules-tool/GiftUIInteraction.swiftsourceinfo	a3e0ca56d1a7a2d3f991076452f28115792e064e16030680ddbc73b6f38c2b7b
build/swiftpm/arm64-apple-macosx/release/Modules-tool/GiftUIInteractionFailureAdapterFixture.abi.json	4277ac6b49f8511196028a5ac20f5b1b1dfa754c24615d34068089f0b1739728
build/swiftpm/arm64-apple-macosx/release/Modules-tool/GiftUIInteractionFailureAdapterFixture.swiftdoc	7e3eb1ecb90a6a93d8fd034e40fffe9cf623e956107523a927423aad86309460
build/swiftpm/arm64-apple-macosx/release/Modules-tool/GiftUIInteractionFailureAdapterFixture.swiftmodule	d29b7c72dbc059a5bda5991a989c16616035b0b09314d18fb2ad0ad401b056ff
build/swiftpm/arm64-apple-macosx/release/Modules-tool/GiftUIInteractionFailureAdapterFixture.swiftsourceinfo	1de73690609725c8f7309317fb5ce5249c1d3ae08142a18b019ea793e7137ead
build/swiftpm/arm64-apple-macosx/release/Modules-tool/GiftUILayout.abi.json	4277ac6b49f8511196028a5ac20f5b1b1dfa754c24615d34068089f0b1739728
build/swiftpm/arm64-apple-macosx/release/Modules-tool/GiftUILayout.swiftdoc	f6ad975159bf738b415da7df8956433435425c787bcffd04db1caa347d8331a4
build/swiftpm/arm64-apple-macosx/release/Modules-tool/GiftUILayout.swiftmodule	13ea11aad8d306e860575d66288ddef18d4d63ce34bc417a2164828d5e445181
build/swiftpm/arm64-apple-macosx/release/Modules-tool/GiftUILayout.swiftsourceinfo	04d99204b8b0c4cf12da2fcddaf5c68753c1380930e05baf1391031d1333769d
build/swiftpm/arm64-apple-macosx/release/Modules-tool/GiftUILayoutFailureAdapterFixture.abi.json	4277ac6b49f8511196028a5ac20f5b1b1dfa754c24615d34068089f0b1739728
build/swiftpm/arm64-apple-macosx/release/Modules-tool/GiftUILayoutFailureAdapterFixture.swiftdoc	411c7601c59d4a7046a1d4a206a4b1c58f4a620881431b4374c16f9e8b6ca61b
build/swiftpm/arm64-apple-macosx/release/Modules-tool/GiftUILayoutFailureAdapterFixture.swiftmodule	64ae46ff86ac0ac6f2bc564a2e7848a15282e3621783ae7efade9e08467ca2bc
build/swiftpm/arm64-apple-macosx/release/Modules-tool/GiftUILayoutFailureAdapterFixture.swiftsourceinfo	e0ef287fb68d69ba153c056ed7b4d7cb7f208cc9b79fb2390dd5ebd53628ee23
build/swiftpm/arm64-apple-macosx/release/Modules-tool/GiftUIMacros.abi.json	4277ac6b49f8511196028a5ac20f5b1b1dfa754c24615d34068089f0b1739728
build/swiftpm/arm64-apple-macosx/release/Modules-tool/GiftUIMacros.swiftdoc	98c7a914c24baa1da6ce3bc9998006fcd3d05d8701f90f3fd3d68ae62bb75543
build/swiftpm/arm64-apple-macosx/release/Modules-tool/GiftUIMacros.swiftmodule	e868b8859ca16c765030d05cc6346c71edf8426a31260024d3bb6d24ab5bad21
build/swiftpm/arm64-apple-macosx/release/Modules-tool/GiftUIMacros.swiftsourceinfo	0d1932be20d9597d9486824aa6c03d8b43c8f356d26b8166d672d7af1623639e
build/swiftpm/arm64-apple-macosx/release/Modules-tool/GiftUIObservableState.abi.json	4277ac6b49f8511196028a5ac20f5b1b1dfa754c24615d34068089f0b1739728
build/swiftpm/arm64-apple-macosx/release/Modules-tool/GiftUIObservableState.swiftdoc	efdc4b966cd63970137a286f313bed3e2fe31c8b3b183e8370cd6208766eb367
build/swiftpm/arm64-apple-macosx/release/Modules-tool/GiftUIObservableState.swiftmodule	a0f8d994092ee7ee65b8dfc9130f3ad77578e22de7dc6ff5c9437ba51dde6bcd
build/swiftpm/arm64-apple-macosx/release/Modules-tool/GiftUIObservableState.swiftsourceinfo	f3aeb9f180837a9d2be8083c4af00a13bb531fc0135978ed0d576714fa7b7f95
build/swiftpm/arm64-apple-macosx/release/Modules-tool/GiftUIObservableStateFailureAdapterFixture.abi.json	4277ac6b49f8511196028a5ac20f5b1b1dfa754c24615d34068089f0b1739728
build/swiftpm/arm64-apple-macosx/release/Modules-tool/GiftUIObservableStateFailureAdapterFixture.swiftdoc	5fb74470b7ea2ce2ac13a3319f3357380d88446f2df444a46f0b4dd78117c158
build/swiftpm/arm64-apple-macosx/release/Modules-tool/GiftUIObservableStateFailureAdapterFixture.swiftmodule	555163608e34001b3adebac683efe90b32e008c6e1e302cf18684b70882e920d
build/swiftpm/arm64-apple-macosx/release/Modules-tool/GiftUIObservableStateFailureAdapterFixture.swiftsourceinfo	a46bacf7dfaa561ca2dfda35e70e25cb735c07653fd38251cbc0e4fc0d18d0a3
build/swiftpm/arm64-apple-macosx/release/Modules-tool/GiftUIPlatformRaspberryPi.abi.json	4277ac6b49f8511196028a5ac20f5b1b1dfa754c24615d34068089f0b1739728
build/swiftpm/arm64-apple-macosx/release/Modules-tool/GiftUIPlatformRaspberryPi.swiftdoc	8d3ebe20831181393f83bb9c13dc36010bb5ccef10b267659be202131fcbcba2
build/swiftpm/arm64-apple-macosx/release/Modules-tool/GiftUIPlatformRaspberryPi.swiftmodule	8cc79d3a0851f66ebeabcee0eb4fc66bff25772eb6d35332aaf152af38042128
build/swiftpm/arm64-apple-macosx/release/Modules-tool/GiftUIPlatformRaspberryPi.swiftsourceinfo	2215df578bf22fb1874b99866d148191b2045b080d42a3655117aa53e197b596
build/swiftpm/arm64-apple-macosx/release/Modules-tool/GiftUIRasterCore.abi.json	4277ac6b49f8511196028a5ac20f5b1b1dfa754c24615d34068089f0b1739728
build/swiftpm/arm64-apple-macosx/release/Modules-tool/GiftUIRasterCore.swiftdoc	17ca48ac96eef943b1ed4284914dce288c62ff9728f5e61b30944095c39640c8
build/swiftpm/arm64-apple-macosx/release/Modules-tool/GiftUIRasterCore.swiftmodule	2390e50804791e75eeedcb74314d1bac6c57c2569cd7c4e2c74f4d7f40f627e3
build/swiftpm/arm64-apple-macosx/release/Modules-tool/GiftUIRasterCore.swiftsourceinfo	2daf936afb9dd5121f85ed02d10fe78f83805af7178e895d0f50457342d320eb
build/swiftpm/arm64-apple-macosx/release/Modules-tool/GiftUIReferenceTextResources.abi.json	4277ac6b49f8511196028a5ac20f5b1b1dfa754c24615d34068089f0b1739728
build/swiftpm/arm64-apple-macosx/release/Modules-tool/GiftUIReferenceTextResources.swiftdoc	e1a7db13400acd4ea426c044afc57e94e26a6033f7eb94a88eb36ab9183c1566
build/swiftpm/arm64-apple-macosx/release/Modules-tool/GiftUIReferenceTextResources.swiftmodule	89cf9f65bc97d0b2431c12bd05c9004ded3b74725b7ba77477b10b0cf7167e9e
build/swiftpm/arm64-apple-macosx/release/Modules-tool/GiftUIReferenceTextResources.swiftsourceinfo	211613e5410af4fb2b4ad074a02495bf992f62520f4f3b324c5bf0b217bf054e
build/swiftpm/arm64-apple-macosx/release/Modules-tool/GiftUIRenderCore.abi.json	4277ac6b49f8511196028a5ac20f5b1b1dfa754c24615d34068089f0b1739728
build/swiftpm/arm64-apple-macosx/release/Modules-tool/GiftUIRenderCore.swiftdoc	1764bacd582fe155242eb7d6702196d66534b7dc2cf8d5c8c6866fc60f2f51c3
build/swiftpm/arm64-apple-macosx/release/Modules-tool/GiftUIRenderCore.swiftmodule	5b153ebb68a0a799f990520712efaabe8020b1c0ab83524ef0c17a89a7f6c426
build/swiftpm/arm64-apple-macosx/release/Modules-tool/GiftUIRenderCore.swiftsourceinfo	1e5a97e3069aaaab5e75db2f3e7596a2c7ed85d66ca88c4dea686730a73fe19c
build/swiftpm/arm64-apple-macosx/release/Modules-tool/GiftUIRenderFailureAdapterFixture.abi.json	4277ac6b49f8511196028a5ac20f5b1b1dfa754c24615d34068089f0b1739728
build/swiftpm/arm64-apple-macosx/release/Modules-tool/GiftUIRenderFailureAdapterFixture.swiftdoc	31ac97cd756c94779561b1282c74e487664de041ffdb30da9fe9e4211a72e2e3
build/swiftpm/arm64-apple-macosx/release/Modules-tool/GiftUIRenderFailureAdapterFixture.swiftmodule	e2f9ac60dd91e67f0e966742fe00aaff63717e2f32b047f66ebe7f0ca8f0323a
build/swiftpm/arm64-apple-macosx/release/Modules-tool/GiftUIRenderFailureAdapterFixture.swiftsourceinfo	9cb01c8542c5b691bfad4d60be4e73defc8aa9e9ad9ff983664884ee2e77f1aa
build/swiftpm/arm64-apple-macosx/release/Modules-tool/GiftUIRenderLowering.abi.json	4277ac6b49f8511196028a5ac20f5b1b1dfa754c24615d34068089f0b1739728
build/swiftpm/arm64-apple-macosx/release/Modules-tool/GiftUIRenderLowering.swiftdoc	246f8d442a759bbd5dd2b4f10d245d70cfaf48ecd26fd30666ff3231e1e6a3be
build/swiftpm/arm64-apple-macosx/release/Modules-tool/GiftUIRenderLowering.swiftmodule	710b5d3acb5f7a2348bf21c121d686bd9c7982cb537b97d3dcb2875681102960
build/swiftpm/arm64-apple-macosx/release/Modules-tool/GiftUIRenderLowering.swiftsourceinfo	122279fabfb949190607bc97a2d8ff36e54cbdd6687057495728e6a08d046457
build/swiftpm/arm64-apple-macosx/release/Modules-tool/GiftUIRuntimeCore.abi.json	4277ac6b49f8511196028a5ac20f5b1b1dfa754c24615d34068089f0b1739728
build/swiftpm/arm64-apple-macosx/release/Modules-tool/GiftUIRuntimeCore.swiftdoc	ff5df4c266bbca0537bfedfce474b2e42ec2b2b060c4494ffe738ccf6f98f96d
build/swiftpm/arm64-apple-macosx/release/Modules-tool/GiftUIRuntimeCore.swiftmodule	fccbddbf116a467092a9d83824af3e8abdf5baadd0717eabd064f714f2785292
build/swiftpm/arm64-apple-macosx/release/Modules-tool/GiftUIRuntimeCore.swiftsourceinfo	50ba59c218ebcff8ccee760acb2fd728627817761959c169fdd868245d7a4938
build/swiftpm/arm64-apple-macosx/release/Modules-tool/GiftUIRuntimeDynamic.abi.json	4277ac6b49f8511196028a5ac20f5b1b1dfa754c24615d34068089f0b1739728
build/swiftpm/arm64-apple-macosx/release/Modules-tool/GiftUIRuntimeDynamic.swiftdoc	f4595c8544843e37849e1d774fd6279cd651a2334d089ef11678193cf571081e
build/swiftpm/arm64-apple-macosx/release/Modules-tool/GiftUIRuntimeDynamic.swiftmodule	bbaf111437f3ffcba35075753696d48a22b02604f52ebde26b069741d7d86913
build/swiftpm/arm64-apple-macosx/release/Modules-tool/GiftUIRuntimeDynamic.swiftsourceinfo	9b3aea7d7967a30f0c65a47b94539c787c0c7515a8a79bb65d22f0ab9bfe16fd
build/swiftpm/arm64-apple-macosx/release/Modules-tool/GiftUIRuntimeFailureAdapterFixture.abi.json	4277ac6b49f8511196028a5ac20f5b1b1dfa754c24615d34068089f0b1739728
build/swiftpm/arm64-apple-macosx/release/Modules-tool/GiftUIRuntimeFailureAdapterFixture.swiftdoc	d16f601edf1dff47e6ba62314c2607a4751b3cff50591fcf8158f3e018c11bb6
build/swiftpm/arm64-apple-macosx/release/Modules-tool/GiftUIRuntimeFailureAdapterFixture.swiftmodule	f13c0b7704b19422d1616530b4658f002d6730f97d9c4ea75a70f098553fa569
build/swiftpm/arm64-apple-macosx/release/Modules-tool/GiftUIRuntimeFailureAdapterFixture.swiftsourceinfo	e3812eaa1664b021e1c95d7042511f4b9077ce25021e85e56310582c061bb401
build/swiftpm/arm64-apple-macosx/release/Modules-tool/GiftUIRuntimeStatic.abi.json	4277ac6b49f8511196028a5ac20f5b1b1dfa754c24615d34068089f0b1739728
build/swiftpm/arm64-apple-macosx/release/Modules-tool/GiftUIRuntimeStatic.swiftdoc	bbaaa1307230bea8666ee28db0ebb758500157c7cd7c147571334273716c3952
build/swiftpm/arm64-apple-macosx/release/Modules-tool/GiftUIRuntimeStatic.swiftmodule	6986f5283082bb84d8b06fcbc052b49c4d3627cbc5182b867c9b1c7b382a9241
build/swiftpm/arm64-apple-macosx/release/Modules-tool/GiftUIRuntimeStatic.swiftsourceinfo	15dcd3606a691d9c479a490cfc46c0235ad17cbd9bc6bb91d6dcc64879809d82
build/swiftpm/arm64-apple-macosx/release/Modules-tool/GiftUISemanticCore.abi.json	4277ac6b49f8511196028a5ac20f5b1b1dfa754c24615d34068089f0b1739728
build/swiftpm/arm64-apple-macosx/release/Modules-tool/GiftUISemanticCore.swiftdoc	3fe3d7360eb660423e304b72cf202b73d700c73c7be8995a8ef982d424e27275
build/swiftpm/arm64-apple-macosx/release/Modules-tool/GiftUISemanticCore.swiftmodule	f15acadf022c36f26bfa93958a66507b28e9765e1ba2e3f5d8b523759ec34e06
build/swiftpm/arm64-apple-macosx/release/Modules-tool/GiftUISemanticCore.swiftsourceinfo	fc60159b9707feb90ab375d1284c1d27e6db17b8649194dd75459eccc5a9eb42
build/swiftpm/arm64-apple-macosx/release/Modules-tool/GiftUISemanticFailureAdapterFixture.abi.json	4277ac6b49f8511196028a5ac20f5b1b1dfa754c24615d34068089f0b1739728
build/swiftpm/arm64-apple-macosx/release/Modules-tool/GiftUISemanticFailureAdapterFixture.swiftdoc	e3d32e34f3f2b5c73e565b75bfcec6e8da5d31733c9edfa5ccb4bfc8bb221a88
build/swiftpm/arm64-apple-macosx/release/Modules-tool/GiftUISemanticFailureAdapterFixture.swiftmodule	2f65234fd90566ba6805eabdbd6adff5e60afd7f12ce240bfe9c008311b1433f
build/swiftpm/arm64-apple-macosx/release/Modules-tool/GiftUISemanticFailureAdapterFixture.swiftsourceinfo	56b28fa609b7e57a682b7f5237070fa012ef60ef98eeccf98a7a835fcf30d04d
build/swiftpm/arm64-apple-macosx/release/Modules-tool/GiftUISurfaceCore.abi.json	4277ac6b49f8511196028a5ac20f5b1b1dfa754c24615d34068089f0b1739728
build/swiftpm/arm64-apple-macosx/release/Modules-tool/GiftUISurfaceCore.swiftdoc	9ea063666e8f1e9761e4f2d440a57441753b2c0a4bfcfeb383ab3a2b1b228ce9
build/swiftpm/arm64-apple-macosx/release/Modules-tool/GiftUISurfaceCore.swiftmodule	bfe0b6019d35a149be7c4deccc68aa24831e1a9a596ba110eefa56e0addfafca
build/swiftpm/arm64-apple-macosx/release/Modules-tool/GiftUISurfaceCore.swiftsourceinfo	75ea1d1b9112f90fd73d6e8ca8078233d6c337b8048bc1bc4ca61578ad06c0d7
build/swiftpm/arm64-apple-macosx/release/Modules-tool/GiftUITextResourceFailureAdapterFixture.abi.json	4277ac6b49f8511196028a5ac20f5b1b1dfa754c24615d34068089f0b1739728
build/swiftpm/arm64-apple-macosx/release/Modules-tool/GiftUITextResourceFailureAdapterFixture.swiftdoc	272eb69fa7c5378add477754a6afe5244753832cc293b255670a20aa88f59791
build/swiftpm/arm64-apple-macosx/release/Modules-tool/GiftUITextResourceFailureAdapterFixture.swiftmodule	44fd451d8b53f6aacf6f6d02743352205fdb5ae3e80245a8c887aaed9d374e6e
build/swiftpm/arm64-apple-macosx/release/Modules-tool/GiftUITextResourceFailureAdapterFixture.swiftsourceinfo	fb1c4d5fba282b21406aca76a1acf0fd840a5621bde5077f1f7a4de4ab6278de
build/swiftpm/arm64-apple-macosx/release/Modules-tool/GiftUITextResources.abi.json	4277ac6b49f8511196028a5ac20f5b1b1dfa754c24615d34068089f0b1739728
build/swiftpm/arm64-apple-macosx/release/Modules-tool/GiftUITextResources.swiftdoc	a627c677d5bf30bbfff9315343d33935b7ea479389464f8a6dba0fb79847e078
build/swiftpm/arm64-apple-macosx/release/Modules-tool/GiftUITextResources.swiftmodule	9406515f9cac2d63977c547e119e90ace6354f951476501b3878751b12ccd7a0
build/swiftpm/arm64-apple-macosx/release/Modules-tool/GiftUITextResources.swiftsourceinfo	c43b99587d40e9d173df458b2bf198fa450cc4da8e84c6ec6a891cd167d7c7bf
build/swiftpm/arm64-apple-macosx/release/Modules-tool/SignalAnalyzerData.abi.json	4277ac6b49f8511196028a5ac20f5b1b1dfa754c24615d34068089f0b1739728
build/swiftpm/arm64-apple-macosx/release/Modules-tool/SignalAnalyzerData.swiftdoc	2938985ee1002005d4c9051b84b1bfb054f48f4d65d8a953cf71c0cfca456ba7
build/swiftpm/arm64-apple-macosx/release/Modules-tool/SignalAnalyzerData.swiftmodule	a128d4c8f7b4774f70590c487efc9f3f9a7c99f18a69a895f3ca01d8f26f14c8
build/swiftpm/arm64-apple-macosx/release/Modules-tool/SignalAnalyzerData.swiftsourceinfo	be9b488a458c5cad9a6a3bd41bac6733d8d206ccbbeb1db432b78035922b7527
build/swiftpm/arm64-apple-macosx/release/Modules-tool/SignalAnalyzerDomain.abi.json	4277ac6b49f8511196028a5ac20f5b1b1dfa754c24615d34068089f0b1739728
build/swiftpm/arm64-apple-macosx/release/Modules-tool/SignalAnalyzerDomain.swiftdoc	be958e3ea442d0cd88e8292e4da539bc608e27276f1f8649a1ecaeb8cc83c0b9
build/swiftpm/arm64-apple-macosx/release/Modules-tool/SignalAnalyzerDomain.swiftmodule	4cf5999807515912959ce9ad1a0a46dffe241eb40df2c72eefaca987d1839cf8
build/swiftpm/arm64-apple-macosx/release/Modules-tool/SignalAnalyzerDomain.swiftsourceinfo	43c3cc504187b6731153e48d350f3982fac59d2e8288e4ca001a70d28109e993
build/swiftpm/arm64-apple-macosx/release/Modules-tool/SignalAnalyzerHost.abi.json	4277ac6b49f8511196028a5ac20f5b1b1dfa754c24615d34068089f0b1739728
build/swiftpm/arm64-apple-macosx/release/Modules-tool/SignalAnalyzerHost.swiftdoc	75e037d1d0f3644aa0ea99f9843ed3b819d31a6d608307c2ec383e2b5868923d
build/swiftpm/arm64-apple-macosx/release/Modules-tool/SignalAnalyzerHost.swiftmodule	3fb0f009b53d31b4e334ac66dcc73e4e939d2bf2e7d9ad58cde4da7f915c4300
build/swiftpm/arm64-apple-macosx/release/Modules-tool/SignalAnalyzerHost.swiftsourceinfo	ad31191f108a54573227880eb32d2ba428576ae9811ed16957c3aa024187b22c
build/swiftpm/arm64-apple-macosx/release/Modules-tool/SignalAnalyzerPresentation.abi.json	4277ac6b49f8511196028a5ac20f5b1b1dfa754c24615d34068089f0b1739728
build/swiftpm/arm64-apple-macosx/release/Modules-tool/SignalAnalyzerPresentation.swiftdoc	44690e964e8ed049645d8b44571756d0bf49d5aeb801deeddb6eec8b4202a85e
build/swiftpm/arm64-apple-macosx/release/Modules-tool/SignalAnalyzerPresentation.swiftmodule	6e279e43820204647021beb91c94ab597bc48053f789fcbc98fb31146f8588b1
build/swiftpm/arm64-apple-macosx/release/Modules-tool/SignalAnalyzerPresentation.swiftsourceinfo	cd19c829cabd70302b9a1014bcc1e3f33137e092832ceacd6bdf4b76b343e1f3
build/swiftpm/arm64-apple-macosx/release/Modules-tool/SignalAnalyzerPresetHarness.abi.json	4277ac6b49f8511196028a5ac20f5b1b1dfa754c24615d34068089f0b1739728
build/swiftpm/arm64-apple-macosx/release/Modules-tool/SignalAnalyzerPresetHarness.swiftdoc	cc70b209c64bbda33a2db3bc7e811dac6389ca3870204a811cb9a3f9b6479f2a
build/swiftpm/arm64-apple-macosx/release/Modules-tool/SignalAnalyzerPresetHarness.swiftmodule	52d56f4267a80cc9654664babddbb96b1277959b3060dc04776e2199a8857768
build/swiftpm/arm64-apple-macosx/release/Modules-tool/SignalAnalyzerPresetHarness.swiftsourceinfo	2d51920746fa6cd5295fcc42fd92f708762e3f597d1911ed9b05a511ac5c8d6e
build/swiftpm/arm64-apple-macosx/release/Modules-tool/SignalAnalyzerTargetHost.abi.json	4277ac6b49f8511196028a5ac20f5b1b1dfa754c24615d34068089f0b1739728
build/swiftpm/arm64-apple-macosx/release/Modules-tool/SignalAnalyzerTargetHost.swiftdoc	0b3f7c3ad3f9d7b50f31a3c0d3c2df15a310f3125a9b77612bd2fe351776bc21
build/swiftpm/arm64-apple-macosx/release/Modules-tool/SignalAnalyzerTargetHost.swiftmodule	a14ac331affeed1cae97bca9c2096d62b7f5f76fd1e1055f65afb9f13f84fef4
build/swiftpm/arm64-apple-macosx/release/Modules-tool/SignalAnalyzerTargetHost.swiftsourceinfo	06397e53c47a0f2ee4d006262d1b211936d4ee6f88831a7035e461518937f606
build/swiftpm/arm64-apple-macosx/release/Modules-tool/SwiftBasicFormat.abi.json	4277ac6b49f8511196028a5ac20f5b1b1dfa754c24615d34068089f0b1739728
build/swiftpm/arm64-apple-macosx/release/Modules-tool/SwiftBasicFormat.swiftdoc	84795cd8402c8c196e39438f9975ebeb8c044561f14818037640d6cc19c6fded
build/swiftpm/arm64-apple-macosx/release/Modules-tool/SwiftBasicFormat.swiftmodule	2b33d9cc99cd63598d825feb8b667759835e3d68ebfe801ad3eb614ea9d5cde4
build/swiftpm/arm64-apple-macosx/release/Modules-tool/SwiftBasicFormat.swiftsourceinfo	1e9ac3d8467e1ff8d94aad2f235ecbb571b23488e761978d894418c2da64a5bc
build/swiftpm/arm64-apple-macosx/release/Modules-tool/SwiftCompilerPlugin.abi.json	4277ac6b49f8511196028a5ac20f5b1b1dfa754c24615d34068089f0b1739728
build/swiftpm/arm64-apple-macosx/release/Modules-tool/SwiftCompilerPlugin.swiftdoc	20ebfa7ae8fec6ac7b675f1945ca5a372667f8e24d388f0ddef88fb38bd2d86c
build/swiftpm/arm64-apple-macosx/release/Modules-tool/SwiftCompilerPlugin.swiftmodule	a6e24e5f525c3cc1da3be3340ecdfa1c0c3c9c911e1af163007457f6e9a577ba
build/swiftpm/arm64-apple-macosx/release/Modules-tool/SwiftCompilerPlugin.swiftsourceinfo	d0956454031370db75c973073c7f3b1566016b8d094c6bb8371ddb6d227921b2
build/swiftpm/arm64-apple-macosx/release/Modules-tool/SwiftCompilerPluginMessageHandling.abi.json	4277ac6b49f8511196028a5ac20f5b1b1dfa754c24615d34068089f0b1739728
build/swiftpm/arm64-apple-macosx/release/Modules-tool/SwiftCompilerPluginMessageHandling.swiftdoc	aa8f0b5f2c0b31104aa8be38585a56db13599f2eee03523815c7e6ff0f09c8d2
build/swiftpm/arm64-apple-macosx/release/Modules-tool/SwiftCompilerPluginMessageHandling.swiftmodule	67465cb736a67f261fbced6104168d593c636d044c1c9ab3f07e9b0ea39bbff1
build/swiftpm/arm64-apple-macosx/release/Modules-tool/SwiftCompilerPluginMessageHandling.swiftsourceinfo	52427146d7a10c3f3aee02bbfdf2758c2ffb52956a11a18e73c1ef6cda6ed4dd
build/swiftpm/arm64-apple-macosx/release/Modules-tool/SwiftDiagnostics.abi.json	4277ac6b49f8511196028a5ac20f5b1b1dfa754c24615d34068089f0b1739728
build/swiftpm/arm64-apple-macosx/release/Modules-tool/SwiftDiagnostics.swiftdoc	5cbf6b9d5ad41941abbf8b282f6a399dbc75508d421279334b5f1bb07d14f9fc
build/swiftpm/arm64-apple-macosx/release/Modules-tool/SwiftDiagnostics.swiftmodule	e4c2163afb89b4e75ae369afdea6e60e6385212d621d337f63e220c1f14acd2d
build/swiftpm/arm64-apple-macosx/release/Modules-tool/SwiftDiagnostics.swiftsourceinfo	219e2655cb67755c5608e8e8f5724fd9e618c87102a7abcf2bc3f1796290d016
build/swiftpm/arm64-apple-macosx/release/Modules-tool/SwiftIfConfig.abi.json	4277ac6b49f8511196028a5ac20f5b1b1dfa754c24615d34068089f0b1739728
build/swiftpm/arm64-apple-macosx/release/Modules-tool/SwiftIfConfig.swiftdoc	a76584673ee1ff90ff314ccaa2ecb7197b29f82eb886d7d266307368779da7b9
build/swiftpm/arm64-apple-macosx/release/Modules-tool/SwiftIfConfig.swiftmodule	8d505b8b909dd62b9fff73f4353cadbf2900d50f7b6cf1f7f9d6dbf5372de8d5
build/swiftpm/arm64-apple-macosx/release/Modules-tool/SwiftIfConfig.swiftsourceinfo	f30ae9efe5d13e660f416e547cf19ee1c8aaccef2b4d469319936e5436bb613c
build/swiftpm/arm64-apple-macosx/release/Modules-tool/SwiftOperators.abi.json	4277ac6b49f8511196028a5ac20f5b1b1dfa754c24615d34068089f0b1739728
build/swiftpm/arm64-apple-macosx/release/Modules-tool/SwiftOperators.swiftdoc	ba01291e8153bb92626e29a8597a9bfbe562b58fcca2f64cce2b9b3c2d75ba77
build/swiftpm/arm64-apple-macosx/release/Modules-tool/SwiftOperators.swiftmodule	a47163a08157d0cbe5d14f1a3c6fb1b62a61ea1896463a4ce80e0ebac9228576
build/swiftpm/arm64-apple-macosx/release/Modules-tool/SwiftOperators.swiftsourceinfo	0ebbf9987d58b839630e41ec2792c46baaec6cb40ea3d1aca64c8dd07e46bf91
build/swiftpm/arm64-apple-macosx/release/Modules-tool/SwiftParser.abi.json	4277ac6b49f8511196028a5ac20f5b1b1dfa754c24615d34068089f0b1739728
build/swiftpm/arm64-apple-macosx/release/Modules-tool/SwiftParser.swiftdoc	7c97e26cdfbad4e7b710b76f1fa8e39265ef7575ee97aee5c07d488ab5d77bcf
build/swiftpm/arm64-apple-macosx/release/Modules-tool/SwiftParser.swiftmodule	074269868774d251acea67bb20b8e0c36aa67245830deb904814e05ae62775ea
build/swiftpm/arm64-apple-macosx/release/Modules-tool/SwiftParser.swiftsourceinfo	26aca320e194078ed7f480f0473b8351b98f4e98ea957baa52f4a96e748508ac
build/swiftpm/arm64-apple-macosx/release/Modules-tool/SwiftParserDiagnostics.abi.json	4277ac6b49f8511196028a5ac20f5b1b1dfa754c24615d34068089f0b1739728
build/swiftpm/arm64-apple-macosx/release/Modules-tool/SwiftParserDiagnostics.swiftdoc	0c5dcadb6a9b39347e469057737793e5b01bf9b66b6f1e11243a0a1a046a8b92
build/swiftpm/arm64-apple-macosx/release/Modules-tool/SwiftParserDiagnostics.swiftmodule	8c626a01c57d28786dfb6addfc696addc63fe49135e29c4e9aa471ecf1738261
build/swiftpm/arm64-apple-macosx/release/Modules-tool/SwiftParserDiagnostics.swiftsourceinfo	ee2cc614d8e2dd5af8896314a71b27b8ef727132870d680deaeb4b54378dacef
build/swiftpm/arm64-apple-macosx/release/Modules-tool/SwiftSyntax.abi.json	4277ac6b49f8511196028a5ac20f5b1b1dfa754c24615d34068089f0b1739728
build/swiftpm/arm64-apple-macosx/release/Modules-tool/SwiftSyntax.swiftdoc	9b720dc50d379040c1a867bb636bc48d3bce231cb90f0544af95e94af5c0e380
build/swiftpm/arm64-apple-macosx/release/Modules-tool/SwiftSyntax.swiftmodule	80d111730b38956ff9a5b48253e626d4ab39645b926f48f93b1e25aa2ec5a4fb
build/swiftpm/arm64-apple-macosx/release/Modules-tool/SwiftSyntax.swiftsourceinfo	443ec24b90b7634dc5cdae38bbcfb40088c759d113e9d2ce17f2a98bba7c2168
build/swiftpm/arm64-apple-macosx/release/Modules-tool/SwiftSyntax509.abi.json	4277ac6b49f8511196028a5ac20f5b1b1dfa754c24615d34068089f0b1739728
build/swiftpm/arm64-apple-macosx/release/Modules-tool/SwiftSyntax509.swiftdoc	8ac704e6501ece514b9a4b1191d13e27c4af8f76dc9398b7182d91c73ed39352
build/swiftpm/arm64-apple-macosx/release/Modules-tool/SwiftSyntax509.swiftmodule	4bc65453eecdca49d37f936abdea8f0f8b2d51c721260101dadad0d71a7f5fb9
build/swiftpm/arm64-apple-macosx/release/Modules-tool/SwiftSyntax509.swiftsourceinfo	ece113ecf1c0b4d8ef58d344249daef32e3ea1ee52b19e8664348efa9bc99a17
build/swiftpm/arm64-apple-macosx/release/Modules-tool/SwiftSyntax510.abi.json	4277ac6b49f8511196028a5ac20f5b1b1dfa754c24615d34068089f0b1739728
build/swiftpm/arm64-apple-macosx/release/Modules-tool/SwiftSyntax510.swiftdoc	47054b26fda719f008f0bec4b4e29e7972e79f9e5f4a3605e7c94ead78061bd2
build/swiftpm/arm64-apple-macosx/release/Modules-tool/SwiftSyntax510.swiftmodule	3345be2cfcd3268dd271c994bae0348e9ffa910ef315a86b17ea275394901146
build/swiftpm/arm64-apple-macosx/release/Modules-tool/SwiftSyntax510.swiftsourceinfo	7b4ca7b0147431e5cfef8a74593379e659b3e9f0ee5fc5859598ea5be2391b22
build/swiftpm/arm64-apple-macosx/release/Modules-tool/SwiftSyntax600.abi.json	4277ac6b49f8511196028a5ac20f5b1b1dfa754c24615d34068089f0b1739728
build/swiftpm/arm64-apple-macosx/release/Modules-tool/SwiftSyntax600.swiftdoc	feae735ebb35ff3e45c3f600f557dd528f22ff7c74c0f43ec8d1f853f8097314
build/swiftpm/arm64-apple-macosx/release/Modules-tool/SwiftSyntax600.swiftmodule	30c19c72a6e63a9d3598950d76600bc4017ff606765c096b292b43fe4b6630a3
build/swiftpm/arm64-apple-macosx/release/Modules-tool/SwiftSyntax600.swiftsourceinfo	a41900ed36dd634bb97264a28ebbbf0d62711c6823cc2759dfecce28a4608028
build/swiftpm/arm64-apple-macosx/release/Modules-tool/SwiftSyntax601.abi.json	4277ac6b49f8511196028a5ac20f5b1b1dfa754c24615d34068089f0b1739728
build/swiftpm/arm64-apple-macosx/release/Modules-tool/SwiftSyntax601.swiftdoc	24ccbdbe9a6fc6971b45efe8b6bde32b20714e8c227f149e4d22cdc3eba0763a
build/swiftpm/arm64-apple-macosx/release/Modules-tool/SwiftSyntax601.swiftmodule	8a1356e58d71a38e2ca644f4ec055c6d690fad0f944cccbd7bf006e8a56ab935
build/swiftpm/arm64-apple-macosx/release/Modules-tool/SwiftSyntax601.swiftsourceinfo	24c8ff001c9335ed7df7626a7254bf6b3b09c3c68e49fad31f0289e770a4a919
build/swiftpm/arm64-apple-macosx/release/Modules-tool/SwiftSyntax602.abi.json	4277ac6b49f8511196028a5ac20f5b1b1dfa754c24615d34068089f0b1739728
build/swiftpm/arm64-apple-macosx/release/Modules-tool/SwiftSyntax602.swiftdoc	2670bfb4726808beaf4dbcdc7e956c4b90864d900efae86a666d4e43242c3720
build/swiftpm/arm64-apple-macosx/release/Modules-tool/SwiftSyntax602.swiftmodule	8128a3f2a91a92ab7dfd3343d025c0c36a117e4428c9bee911c2c2065c4d4144
build/swiftpm/arm64-apple-macosx/release/Modules-tool/SwiftSyntax602.swiftsourceinfo	2540af913f3a8789575c3b9a3d444c48817dbf3a1fe976fa7c9b516c38fa1b38
build/swiftpm/arm64-apple-macosx/release/Modules-tool/SwiftSyntax603.abi.json	4277ac6b49f8511196028a5ac20f5b1b1dfa754c24615d34068089f0b1739728
build/swiftpm/arm64-apple-macosx/release/Modules-tool/SwiftSyntax603.swiftdoc	75c8af2fa662f3e491f037855965e47ddfd7e9a6d23727a55f737c6e6ae70c65
build/swiftpm/arm64-apple-macosx/release/Modules-tool/SwiftSyntax603.swiftmodule	f74f4e2aac6fa1044986adbe59662fa5535fb516fc07274766f488e216f0feea
build/swiftpm/arm64-apple-macosx/release/Modules-tool/SwiftSyntax603.swiftsourceinfo	88fcca90235f16f3d1f82574b174723e468513cf7ef10d26a3c221bc37828a36
build/swiftpm/arm64-apple-macosx/release/Modules-tool/SwiftSyntaxBuilder.abi.json	4277ac6b49f8511196028a5ac20f5b1b1dfa754c24615d34068089f0b1739728
build/swiftpm/arm64-apple-macosx/release/Modules-tool/SwiftSyntaxBuilder.swiftdoc	282ed069c89f101841ddff07a828d40f92dcab774b59689281fdcd07e46c1757
build/swiftpm/arm64-apple-macosx/release/Modules-tool/SwiftSyntaxBuilder.swiftmodule	5a356d5813cc61ebfd965ef560c5c3c800bcd06ac4e2390bdec3ba11f6bb5b0f
build/swiftpm/arm64-apple-macosx/release/Modules-tool/SwiftSyntaxBuilder.swiftsourceinfo	c0abaf596c514252fa608fdb795ec4f0cb1370df7804c4773f0b3dbb36c2b84a
build/swiftpm/arm64-apple-macosx/release/Modules-tool/SwiftSyntaxMacroExpansion.abi.json	4277ac6b49f8511196028a5ac20f5b1b1dfa754c24615d34068089f0b1739728
build/swiftpm/arm64-apple-macosx/release/Modules-tool/SwiftSyntaxMacroExpansion.swiftdoc	a28fddc4bcb88e2369ece9f873f8052c27ac8c2bb3150e19cb9b72e6442ef90d
build/swiftpm/arm64-apple-macosx/release/Modules-tool/SwiftSyntaxMacroExpansion.swiftmodule	fe9fc4eb0aaa55f69a9e9f07f0531d3dcd026de639630780c3ea291609037d26
build/swiftpm/arm64-apple-macosx/release/Modules-tool/SwiftSyntaxMacroExpansion.swiftsourceinfo	ba1db61e40394b1943961407ca69fb916daf16a3f8ac35804f7bc80a65bec918
build/swiftpm/arm64-apple-macosx/release/Modules-tool/SwiftSyntaxMacros.abi.json	4277ac6b49f8511196028a5ac20f5b1b1dfa754c24615d34068089f0b1739728
build/swiftpm/arm64-apple-macosx/release/Modules-tool/SwiftSyntaxMacros.swiftdoc	2391a270faf1a3e9d343725038160e5eb0b5844c40585d719372e2df2e01dd33
build/swiftpm/arm64-apple-macosx/release/Modules-tool/SwiftSyntaxMacros.swiftmodule	76fdb63d3294a73340740bcff352d93465b0b721210c72c9bc9c6967fdc7a073
build/swiftpm/arm64-apple-macosx/release/Modules-tool/SwiftSyntaxMacros.swiftsourceinfo	dc27ad6a1deb8b9b323d9658ce17617b81498ad85b238ab6ff8cc3e8c3e7a39c
build/swiftpm/arm64-apple-macosx/release/SignalAnalyzerData-tool.build/DefaultSignalAcquisitionRepository.swift.o	78dd4318ef2d2b4d29e2f043101b143fbca163a470985ac58d0b2fdbd6695bdf
build/swiftpm/arm64-apple-macosx/release/SignalAnalyzerData-tool.build/DeterministicSignalDataSource.swift.o	5390ef63ce98a95da53d094ca54c0b955d117ee101e9bde0ed833110c4f927eb
build/swiftpm/arm64-apple-macosx/release/SignalAnalyzerData-tool.build/DeterministicSignalGenerator.swift.o	b26ff70b499a3f53c6ff1e38c716ffe7bb19b3c743dcd93c2c822c48ce1372f9
build/swiftpm/arm64-apple-macosx/release/SignalAnalyzerData-tool.build/ModuleBoundary.swift.o	0bf033e03c8d601d0fbc00e64cb638af2869af4ab088d9c2ebb5d2921eabf44b
build/swiftpm/arm64-apple-macosx/release/SignalAnalyzerData-tool.build/SignalAnalyzerData.d	13edb908662539a09f544001bf746f52a353baf983df92d7f3a63aa44f4a6910
build/swiftpm/arm64-apple-macosx/release/SignalAnalyzerData-tool.build/SignalAnalyzerData.dia	2c72d5afff8cce441f2f8299a18215b0bf79605aa7eb05839e38f7949b46c0e2
build/swiftpm/arm64-apple-macosx/release/SignalAnalyzerData-tool.build/SignalCaptureStore.swift.o	7fb1e34f0c0823b763bc3b647fe147f818357e20abadc65c6108ff0afa4ee2ff
build/swiftpm/arm64-apple-macosx/release/SignalAnalyzerData-tool.build/include/SignalAnalyzerData-Swift.h	7376b24aec60d25c91b0551fe22b206038290a06d1148bfc73d0d1af03154875
build/swiftpm/arm64-apple-macosx/release/SignalAnalyzerData-tool.build/include/module.modulemap	a94c1804501b6751ef1c74f12b017f6dcb13c785dcd7e0a8c6545efff88e7b06
build/swiftpm/arm64-apple-macosx/release/SignalAnalyzerData-tool.build/output-file-map.json	ce6bad11e29df5c32718498580666cf7a80f4c89b50fdee5b92ff85baa87b8df
build/swiftpm/arm64-apple-macosx/release/SignalAnalyzerData-tool.build/sources	b80894b6c4f2546bd712a3877f655834c22af5abba0b33f66097be4c8f67302f
build/swiftpm/arm64-apple-macosx/release/SignalAnalyzerDataTests-tool.build/output-file-map.json	355ecd797301784d5c397bd5e5090e7b77444877d7a4332e43c6ee00e03054ed
build/swiftpm/arm64-apple-macosx/release/SignalAnalyzerDomain-tool.build/AcquisitionState.swift.o	b773486568e583cf2e7a1037a2b506b03c4c3aa5a619aebd495ec7c3d5b2744c
build/swiftpm/arm64-apple-macosx/release/SignalAnalyzerDomain-tool.build/ModuleBoundary.swift.o	d04aa7eb04109882140d62c0f66e2b33629cd5dde27832d393034015fb8ba346
build/swiftpm/arm64-apple-macosx/release/SignalAnalyzerDomain-tool.build/SignalAcquisitionContracts.swift.o	de6ccdaee87438480413bb8f8ff6b60f27113474fefaa26f9e8ccf9739c5d251
build/swiftpm/arm64-apple-macosx/release/SignalAnalyzerDomain-tool.build/SignalAnalyzerDiagnostic.swift.o	253f4860ae0658191384b6defc832aa9ce5b3d829c88dad871bb2b571d73eb63
build/swiftpm/arm64-apple-macosx/release/SignalAnalyzerDomain-tool.build/SignalAnalyzerDomain.d	c26e77e88e49fb45fe126ca723aba0b5abda998b6912d9eb2b682a17960828db
build/swiftpm/arm64-apple-macosx/release/SignalAnalyzerDomain-tool.build/SignalAnalyzerDomain.dia	2c72d5afff8cce441f2f8299a18215b0bf79605aa7eb05839e38f7949b46c0e2
build/swiftpm/arm64-apple-macosx/release/SignalAnalyzerDomain-tool.build/SignalCaptureChange.swift.o	cc5d4abdea9c5515717e4a54e7fa53ada02ffd1b3ab6f848aef80ff5b51d755c
build/swiftpm/arm64-apple-macosx/release/SignalAnalyzerDomain-tool.build/SignalCapturePublication.swift.o	7ae4786cf565cd941499a6113d93b651a7dbec77ebdbb8562d238adb4a2201f6
build/swiftpm/arm64-apple-macosx/release/SignalAnalyzerDomain-tool.build/SignalPrimitiveValues.swift.o	6111ce0c8b143c75921e2484f2b1bc32bec3eda97c6e3149c75d02c06610662d
build/swiftpm/arm64-apple-macosx/release/SignalAnalyzerDomain-tool.build/SignalValues.swift.o	9d56633eac06c9f76aae8349f2b1c7922b7cdb8ef39634d5e5c908e3fac5a601
build/swiftpm/arm64-apple-macosx/release/SignalAnalyzerDomain-tool.build/include/SignalAnalyzerDomain-Swift.h	ca7f48378998bef444f7793c3fb4a3d582f37d639c7fdd54ed33d02b60c4a968
build/swiftpm/arm64-apple-macosx/release/SignalAnalyzerDomain-tool.build/include/module.modulemap	e3d47f9a2dede0e5f471d8b7bb9f9549ccc536540b2cb2dd915f6db2bc10bf95
build/swiftpm/arm64-apple-macosx/release/SignalAnalyzerDomain-tool.build/output-file-map.json	11278f26ff5c2f9870ed38b32ef2b4f0806c97c93f6b956dd7a1e9302d1e8a49
build/swiftpm/arm64-apple-macosx/release/SignalAnalyzerDomain-tool.build/sources	3df274c570712fef89465f8fd5d6953cfaf5f6c89adf17dcd1adcadbe87d62e9
build/swiftpm/arm64-apple-macosx/release/SignalAnalyzerDomainTests-tool.build/output-file-map.json	ef4c89fcfb0cab62675b1f3105f199d632e6cf4315d9543f457eb0d223564b71
build/swiftpm/arm64-apple-macosx/release/SignalAnalyzerHost-tool.build/SignalAnalyzerHost.d	92202f3d9bead11ba9f9e8e9646e034b4eafc19351fd91e50568f24f0ec5822f
build/swiftpm/arm64-apple-macosx/release/SignalAnalyzerHost-tool.build/SignalAnalyzerHost.dia	2c72d5afff8cce441f2f8299a18215b0bf79605aa7eb05839e38f7949b46c0e2
build/swiftpm/arm64-apple-macosx/release/SignalAnalyzerHost-tool.build/SignalAnalyzerHostFactAdmission.swift.o	e8ffe00a018bb64f81fc685c976840e2fa94fc6e2ec927e07ba843b8199938b5
build/swiftpm/arm64-apple-macosx/release/SignalAnalyzerHost-tool.build/include/SignalAnalyzerHost-Swift.h	aa71b308661dadedb277ac16a9699f7f0351c9be2c54d8047aeab4d6621cf3d7
build/swiftpm/arm64-apple-macosx/release/SignalAnalyzerHost-tool.build/include/module.modulemap	ad6cb5fb51dbd0e16355326b2023eeec759fa539ceba5902ff06a4b8d43f7c93
build/swiftpm/arm64-apple-macosx/release/SignalAnalyzerHost-tool.build/output-file-map.json	b6c6ef6ea5153b0023d790087164ebfee92612bbb296f9a48e3a5f9abf4cda3a
build/swiftpm/arm64-apple-macosx/release/SignalAnalyzerHost-tool.build/sources	b7461ede26647017130a47b9a92c6779fe3a05432b5925892bfeed029eef53dc
build/swiftpm/arm64-apple-macosx/release/SignalAnalyzerPresentation-tool.build/ModuleBoundary.swift.o	0ef1c6bb8679c57a61b54828164831f2d34eed61cbd0f5da682e191187a800ef
build/swiftpm/arm64-apple-macosx/release/SignalAnalyzerPresentation-tool.build/SignalAnalyzerDiagnostic+BoundedText.swift.o	d36969989cf70abaf84faf69d142c0ac7488d5f5d9d52f5ab12c4e1588988f00
build/swiftpm/arm64-apple-macosx/release/SignalAnalyzerPresentation-tool.build/SignalAnalyzerFailureNormalizer.swift.o	f53e2b12bbc785e756789ced02f6fb310c8c2bb254887e6379f73f69fc2f9742
build/swiftpm/arm64-apple-macosx/release/SignalAnalyzerPresentation-tool.build/SignalAnalyzerFailurePolicyValues.swift.o	f526e22d4bd7e80fd8dfdfd63a5d29bd0237cc853c46913e2fd4086fb8d95083
build/swiftpm/arm64-apple-macosx/release/SignalAnalyzerPresentation-tool.build/SignalAnalyzerLayoutConstraints.swift.o	0cb8c0a308a8b4fdccc71f0de46d60461935fd4fc8efa2ded29475f74549ca64
build/swiftpm/arm64-apple-macosx/release/SignalAnalyzerPresentation-tool.build/SignalAnalyzerOwnerFailureAdapter.swift.o	d7a8f7108828b4d292d344278e2cc1c1dfd24df391c70a8a4ee7592e66b3e9ff
build/swiftpm/arm64-apple-macosx/release/SignalAnalyzerPresentation-tool.build/SignalAnalyzerPresentation.d	f6d699d5a0b667b3d0e6fef879b1dd77158684207b2a558f0061a6cf453eda55
build/swiftpm/arm64-apple-macosx/release/SignalAnalyzerPresentation-tool.build/SignalAnalyzerPresentation.dia	2c72d5afff8cce441f2f8299a18215b0bf79605aa7eb05839e38f7949b46c0e2
build/swiftpm/arm64-apple-macosx/release/SignalAnalyzerPresentation-tool.build/SignalAnalyzerPresentationAdmissionAdapter.swift.o	139c0fb14a4f571f294ee101b6d4f98221f7e452b7e961c5e89c542b7d9efc2d
build/swiftpm/arm64-apple-macosx/release/SignalAnalyzerPresentation-tool.build/SignalAnalyzerPresentationValues.swift.o	e449591bb973ff8e0ad3e22e7fe67b3f682d15ff68ebf24ca73f871cd85ab1b6
build/swiftpm/arm64-apple-macosx/release/SignalAnalyzerPresentation-tool.build/SignalAnalyzerRuntimeCondition.swift.o	aeaa3f36a5605f97310f1d92e76fc3590b908bf35209355bdf1c78767bf22a24
build/swiftpm/arm64-apple-macosx/release/SignalAnalyzerPresentation-tool.build/SignalAnalyzerRuntimeFailureNormalizer.swift.o	8c974fa69f5f47cb46344fa8c4194642686d529a8c9929d1132074c35adef8ad
build/swiftpm/arm64-apple-macosx/release/SignalAnalyzerPresentation-tool.build/SignalAnalyzerRuntimeFailureRule.swift.o	2969660ae466e1206c7e3a6a8d7bf1330bdeff72624264e9a43b84797ab903ed
build/swiftpm/arm64-apple-macosx/release/SignalAnalyzerPresentation-tool.build/SignalAnalyzerTimelineFormatting.swift.o	fd7ffd85f2dea18c301422d1182de70f45eb4e8d420491c94d3c5c78363dbfe3
build/swiftpm/arm64-apple-macosx/release/SignalAnalyzerPresentation-tool.build/SignalAnalyzerView.swift.o	7a5a02e2d23407327aa02c304006eaee48b876e37377264e7b6f4822406a280e
build/swiftpm/arm64-apple-macosx/release/SignalAnalyzerPresentation-tool.build/SignalAnalyzerWaveformGeometry.swift.o	25c9d4f12141f5c31bc8af3afb94d2fefb4cfd0a6adc3f5256ea529811720fb9
build/swiftpm/arm64-apple-macosx/release/SignalAnalyzerPresentation-tool.build/include/SignalAnalyzerPresentation-Swift.h	22422425013aebb1e99341004263ec8d8d1b89cb7ce5550d60b7410d96ac4957
build/swiftpm/arm64-apple-macosx/release/SignalAnalyzerPresentation-tool.build/include/module.modulemap	1ba633bb2465e624908a57befbad73d864746c95ca3de1bebf29088e6074798e
build/swiftpm/arm64-apple-macosx/release/SignalAnalyzerPresentation-tool.build/output-file-map.json	cd36a6c4120a304ed1e45cc41aa3a009c7ac117bb8023920e902b669099c8c99
build/swiftpm/arm64-apple-macosx/release/SignalAnalyzerPresentation-tool.build/sources	3f4293b3257a46588ff262f0dd50c5bed30db62dbb78f10db2227149cefb3206
build/swiftpm/arm64-apple-macosx/release/SignalAnalyzerPresentationTests-tool.build/output-file-map.json	a4fa147fbb8da32d0316a16a5fd20b1d669e0d0266e14cec7c64f74bf23d1696
build/swiftpm/arm64-apple-macosx/release/SignalAnalyzerPresetHarness-tool.build/HardwareFreePresetRunner.swift.o	61177511a4ab41ab05a08bfd365e9c3026fe4a4f8d6431387ec594050809112d
build/swiftpm/arm64-apple-macosx/release/SignalAnalyzerPresetHarness-tool.build/SignalAnalyzerPresetHarness.d	2c25d63d66d5175062ad627703d38803fe350c8a1949a2e6a7fd9fb9739319bd
build/swiftpm/arm64-apple-macosx/release/SignalAnalyzerPresetHarness-tool.build/SignalAnalyzerPresetHarness.dia	2c72d5afff8cce441f2f8299a18215b0bf79605aa7eb05839e38f7949b46c0e2
build/swiftpm/arm64-apple-macosx/release/SignalAnalyzerPresetHarness-tool.build/include/SignalAnalyzerPresetHarness-Swift.h	14129101906eb736739a552e1d3c577f30c07e7b82a5ca0e64187f77b32a61e9
build/swiftpm/arm64-apple-macosx/release/SignalAnalyzerPresetHarness-tool.build/include/module.modulemap	7a1ed350c88288adedc99ce3ce65069012c44d3130e6935bf930aef9f6199341
build/swiftpm/arm64-apple-macosx/release/SignalAnalyzerPresetHarness-tool.build/output-file-map.json	9bfc016ae6d64b80929205594123af70cc314b78b8f102c07ea1630c70140a76
build/swiftpm/arm64-apple-macosx/release/SignalAnalyzerPresetHarness-tool.build/sources	7176caf74f9c463cadda98408fa77aebb8e23ede2a03e2ed81a80203c0b0ee70
build/swiftpm/arm64-apple-macosx/release/SignalAnalyzerTargetHost-tool.build/DynamicSignalAnalyzerActionDispatcher.swift.o	cc5497f718d842aabbb3510d6eb4e2134c321f386bccb46e48e05d6ec3e46f08
build/swiftpm/arm64-apple-macosx/release/SignalAnalyzerTargetHost-tool.build/DynamicSignalAnalyzerApplicationFailureOwner.swift.o	fbbb57c2543272fb954006462d59c82a5d47c84e6f3bcb29654bf25a82ce00ce
build/swiftpm/arm64-apple-macosx/release/SignalAnalyzerTargetHost-tool.build/DynamicSignalAnalyzerPiAssembly.swift.o	a06ee5fb77b6f08b01a7bb30d71eabb3c5eed4b1907bcc88374fca9589fc5418
build/swiftpm/arm64-apple-macosx/release/SignalAnalyzerTargetHost-tool.build/DynamicSignalAnalyzerPiContactIngress.swift.o	423eb994b2e0b5ff615a1982ba58a7fc2200fdb04d869d6415345c760cf038a6
build/swiftpm/arm64-apple-macosx/release/SignalAnalyzerTargetHost-tool.build/DynamicSignalAnalyzerPiCorrelationOwner.swift.o	a1a6c55b4aa2cd863d219c928e732e500a6f77bd972e6d675fbf52cb229f2d30
build/swiftpm/arm64-apple-macosx/release/SignalAnalyzerTargetHost-tool.build/DynamicSignalAnalyzerPiEndpoint.swift.o	36f5c441281945ee24398f7f5f24ed781fba75dac9848b214fa52d0559b9d0ed
build/swiftpm/arm64-apple-macosx/release/SignalAnalyzerTargetHost-tool.build/DynamicSignalAnalyzerPiInitialPresentationOwner.swift.o	f562d59e860fb27f79ef8f7499ec99cb205788c1a2a73f8b4d9542edf319b200
build/swiftpm/arm64-apple-macosx/release/SignalAnalyzerTargetHost-tool.build/DynamicSignalAnalyzerPiInputCoordinator.swift.o	fcd0939d44770f1d509cbacdf21d4567fa917fb8900f616b30aa985c72a9a350
build/swiftpm/arm64-apple-macosx/release/SignalAnalyzerTargetHost-tool.build/DynamicSignalAnalyzerPiLifecycleOwner.swift.o	69e2908174baeede51342f8d462b8a17a73bceb41f27570708d08b64b274e3a9
build/swiftpm/arm64-apple-macosx/release/SignalAnalyzerTargetHost-tool.build/DynamicSignalAnalyzerPiWakeAdmission.swift.o	e61ee161cedbf431e250a6a70e3ec724e7ac8ff18ef7f1a511097a5076a6f3b7
build/swiftpm/arm64-apple-macosx/release/SignalAnalyzerTargetHost-tool.build/DynamicSignalAnalyzerPiWakePacingOwner.swift.o	5e6d510e8900003a3ddabba36889e67ff835496470db3b1e8c5762c4f8051904
build/swiftpm/arm64-apple-macosx/release/SignalAnalyzerTargetHost-tool.build/DynamicSignalAnalyzerPresentationPipeline.swift.o	4963965b9c78533b516441248d92796e6e44b23ca21388bbead3eca69a69d606
build/swiftpm/arm64-apple-macosx/release/SignalAnalyzerTargetHost-tool.build/SignalAnalyzerCycleFailureNormalizer.swift.o	7922ce99ba93af32b5612015bf7d9fbb078a4422c04d4e70a3b0fd1114f2d196
build/swiftpm/arm64-apple-macosx/release/SignalAnalyzerTargetHost-tool.build/SignalAnalyzerCycleOwnerFailure.swift.o	dbfea79527d7cbab820d8d68392a9c20582866c213ed429d6a06419fe5040864
build/swiftpm/arm64-apple-macosx/release/SignalAnalyzerTargetHost-tool.build/SignalAnalyzerCycleResidualPolicyOwner.swift.o	b3a1ab6db844e1048c9467ca70a1872b61cfa03b94dc1544ade85451e2dfe214
build/swiftpm/arm64-apple-macosx/release/SignalAnalyzerTargetHost-tool.build/SignalAnalyzerTargetHost.d	179c445115e936f8206ce97fd90290de3820cd3f11579149cbf71521f2823e71
build/swiftpm/arm64-apple-macosx/release/SignalAnalyzerTargetHost-tool.build/SignalAnalyzerTargetHost.dia	2c72d5afff8cce441f2f8299a18215b0bf79605aa7eb05839e38f7949b46c0e2
build/swiftpm/arm64-apple-macosx/release/SignalAnalyzerTargetHost-tool.build/StaticSignalAnalyzerActionDispatcher.swift.o	3121ba87ff25406bf6a63f27cd39a069a62590ba21f31b0c7491e2e3cedbcfc9
build/swiftpm/arm64-apple-macosx/release/SignalAnalyzerTargetHost-tool.build/StaticSignalAnalyzerNRFApplicationInputOwner.swift.o	05aaab5162886a6f7249c3a39f4c6a3edd90a4e11054d039c354c126b698454c
build/swiftpm/arm64-apple-macosx/release/SignalAnalyzerTargetHost-tool.build/StaticSignalAnalyzerNRFApplicationStorage.swift.o	5339a6dc2b61eefdac4efd96cd3eb8e7749f26e9b7a3e0e532e11144e3b4ae64
build/swiftpm/arm64-apple-macosx/release/SignalAnalyzerTargetHost-tool.build/StaticSignalAnalyzerNRFAssembly.swift.o	f0a9550097aa5f672c734f1d0464a5751c6ac4b5dabd3eb070c337a79f6856b8
build/swiftpm/arm64-apple-macosx/release/SignalAnalyzerTargetHost-tool.build/StaticSignalAnalyzerNRFCanvasInvocationSource.swift.o	c491ace9f0093c4342b5513f2245691659a674a516844ef93e08778515d479e5
build/swiftpm/arm64-apple-macosx/release/SignalAnalyzerTargetHost-tool.build/StaticSignalAnalyzerNRFCanvasPass.swift.o	0bf52cf6e27cd73b8c2a431cbde7618e77842fa417cc0f9b28fd08bb9f7b6c86
build/swiftpm/arm64-apple-macosx/release/SignalAnalyzerTargetHost-tool.build/StaticSignalAnalyzerNRFCanvasTable.generated.swift.o	b102752a8b380b25ff2b1372538adb9ccb085bbe9bac35c88b5eb554473e0c14
build/swiftpm/arm64-apple-macosx/release/SignalAnalyzerTargetHost-tool.build/StaticSignalAnalyzerNRFCaptureFactAdmission.swift.o	3292e95a2576346cef8a91185e9ae441121b5d5a64d9c526cc3a6333ec36b336
build/swiftpm/arm64-apple-macosx/release/SignalAnalyzerTargetHost-tool.build/StaticSignalAnalyzerNRFCaptureHistory.swift.o	dc0e603ee1fac8db1162b6a8f7bdaf2eb0caf64790bd04c3daea25aec93e3b0d
build/swiftpm/arm64-apple-macosx/release/SignalAnalyzerTargetHost-tool.build/StaticSignalAnalyzerNRFCaptureRecord.swift.o	68933ce38b39279a71a24c5f1d757b36fd45ab029785769a513f6d6769e6079f
build/swiftpm/arm64-apple-macosx/release/SignalAnalyzerTargetHost-tool.build/StaticSignalAnalyzerNRFCaptureSnapshotView.swift.o	47ae809bb4f1042999851652fc07935d17f1b045f31539e6e6b2e3f2dbaa0b62
build/swiftpm/arm64-apple-macosx/release/SignalAnalyzerTargetHost-tool.build/StaticSignalAnalyzerNRFCaptureStorage.swift.o	ab869689b927967081dd3725e485f27b1e5ba61377ff0114b4214f1cb3f2fb2b
build/swiftpm/arm64-apple-macosx/release/SignalAnalyzerTargetHost-tool.build/StaticSignalAnalyzerNRFCompactCaptureFact.swift.o	a10918a4ebaf1197b07ca91debd68814d8897eb27e91ca8a2f60b782d8b60212
build/swiftpm/arm64-apple-macosx/release/SignalAnalyzerTargetHost-tool.build/StaticSignalAnalyzerNRFCompactFactRing.swift.o	82e883a74e3bed3e82e34ef807e63f0ac3c36cd532c7c2a28fc2b3b29bf41c17
build/swiftpm/arm64-apple-macosx/release/SignalAnalyzerTargetHost-tool.build/StaticSignalAnalyzerNRFCompactPresentationFact.swift.o	7bceb573a68e3be4ec0aab17927b80f04973e1d0a4f87475197706a417666cbb
build/swiftpm/arm64-apple-macosx/release/SignalAnalyzerTargetHost-tool.build/StaticSignalAnalyzerNRFDeterministicSource.swift.o	e481fd6125903a3a0a118491e13ac4a20838c4a5463d01dc2ed72c508fcc3ed7
build/swiftpm/arm64-apple-macosx/release/SignalAnalyzerTargetHost-tool.build/StaticSignalAnalyzerNRFDisplayTarget.swift.o	4b3520ef2c10df3f3d3a284686cc57da4c610cce668e479910dbf77d2496e797
build/swiftpm/arm64-apple-macosx/release/SignalAnalyzerTargetHost-tool.build/StaticSignalAnalyzerNRFDrawingPlanRecords.swift.o	49c69a865316545a4ea1da240add39eab02651f9f7334093f26ea71246a00410
build/swiftpm/arm64-apple-macosx/release/SignalAnalyzerTargetHost-tool.build/StaticSignalAnalyzerNRFDrawingPlanStorage.swift.o	f65789c05e62fa89d4179f86057884b1e7d3c41344bf6575dc47915e334d49c3
build/swiftpm/arm64-apple-macosx/release/SignalAnalyzerTargetHost-tool.build/StaticSignalAnalyzerNRFDrawingWorkspace.swift.o	16b383a9eabda24fe7e5bea8d08f095a498d6bb6623af67dbadfcc33ed995020
build/swiftpm/arm64-apple-macosx/release/SignalAnalyzerTargetHost-tool.build/StaticSignalAnalyzerNRFEmbeddedCanvasTable.generated.swift.o	293513bf2a365e2126fa6990f84ae404cd652cd7d1514898e8a7fc6d6110b7cb
build/swiftpm/arm64-apple-macosx/release/SignalAnalyzerTargetHost-tool.build/StaticSignalAnalyzerNRFEmbeddedLayoutInterfaces.swift.o	bf1a8d912b53af6a248879aecdf7f55a50cb3f2c4221c1814f6506b4437e3f25
build/swiftpm/arm64-apple-macosx/release/SignalAnalyzerTargetHost-tool.build/StaticSignalAnalyzerNRFEmbeddedLayoutModifier.swift.o	dd6088a0cf7eaa713e3e173cad4eb16a682999e652c9f6ce45bf5d6f43c268ba
build/swiftpm/arm64-apple-macosx/release/SignalAnalyzerTargetHost-tool.build/StaticSignalAnalyzerNRFEmbeddedLayoutPrimitive.swift.o	9c8a2ecc9540547a89d3ce2ca7735322c9701006a346bf69ca7f6bacfd2a18ba
build/swiftpm/arm64-apple-macosx/release/SignalAnalyzerTargetHost-tool.build/StaticSignalAnalyzerNRFEmbeddedLayoutScopeCodec.swift.o	3a8d9a7036556ee76318d97447a399f98d83b181fd2d0b9fd2328deccea4e3b6
build/swiftpm/arm64-apple-macosx/release/SignalAnalyzerTargetHost-tool.build/StaticSignalAnalyzerNRFEmbeddedLayoutTextCodec.swift.o	7cd5b27a6b99c18ab9330f77a727c3d18123eb60f8f4ce47f363d9b3325ab1a2
build/swiftpm/arm64-apple-macosx/release/SignalAnalyzerTargetHost-tool.build/StaticSignalAnalyzerNRFEmbeddedLayoutWorkspace.swift.o	ec40a63b20c893ab1bbece7ef945fb917dba47a390c5811abdff9aee53615435
build/swiftpm/arm64-apple-macosx/release/SignalAnalyzerTargetHost-tool.build/StaticSignalAnalyzerNRFEmbeddedResolvedLayoutView.swift.o	e67d53a5155b799cfadfebda222cf622920f556556700b445588bbe6ac30fd4b
build/swiftpm/arm64-apple-macosx/release/SignalAnalyzerTargetHost-tool.build/StaticSignalAnalyzerNRFEmbeddedSemanticRegion.swift.o	c66091bd1bae85872fe0ab34fc5b14dd4062f0e9db7874e2ca857050760cfbad
build/swiftpm/arm64-apple-macosx/release/SignalAnalyzerTargetHost-tool.build/StaticSignalAnalyzerNRFEmbeddedSemanticValidator.swift.o	6d99dfe54a3cd055279127dfd2dbbfb340d88bac90ccdd486745098c09c22c75
build/swiftpm/arm64-apple-macosx/release/SignalAnalyzerTargetHost-tool.build/StaticSignalAnalyzerNRFEmbeddedSemanticView.swift.o	87b96fc33c8b341077c1fe771f735b139fe89ad78e728c28c64d38eb9b546317
build/swiftpm/arm64-apple-macosx/release/SignalAnalyzerTargetHost-tool.build/StaticSignalAnalyzerNRFEndpoint.swift.o	6f5b82b8a9c5b78f4d350326470a6f946218ac6895e5c1b6598db34b7918ffec
build/swiftpm/arm64-apple-macosx/release/SignalAnalyzerTargetHost-tool.build/StaticSignalAnalyzerNRFGeneratedMetadata.swift.o	cf6f86f743cbb68c1be936bb649e011aaf17208599dcb813b419cf61cbdc2434
build/swiftpm/arm64-apple-macosx/release/SignalAnalyzerTargetHost-tool.build/StaticSignalAnalyzerNRFInputABI.swift.o	499f6bcfa7294d4dc3b233ea0dfe2aadf556dee90c8013c428af2fc355b37817
build/swiftpm/arm64-apple-macosx/release/SignalAnalyzerTargetHost-tool.build/StaticSignalAnalyzerNRFInputCoordinator.swift.o	00ee2138769325ed88afed3a22322388cf847a10d6d30e489bcd48f8af4e33cf
build/swiftpm/arm64-apple-macosx/release/SignalAnalyzerTargetHost-tool.build/StaticSignalAnalyzerNRFInteractionCandidateProducer.swift.o	26e4ffd61383fe50322bb59d4dc003780569e9daec5a2451dca9e10110f06b9a
build/swiftpm/arm64-apple-macosx/release/SignalAnalyzerTargetHost-tool.build/StaticSignalAnalyzerNRFInteractionHandler.swift.o	f50be2532ba78247799b14a39c45f484ce2e3d61d2969f51cf433a9971d3ffe4
build/swiftpm/arm64-apple-macosx/release/SignalAnalyzerTargetHost-tool.build/StaticSignalAnalyzerNRFInteractionOccurrences.swift.o	4c24edc6ea5232135aa4fa5738b932cfe0bafdd4d24bc2b37ca76892dbc9c5eb
build/swiftpm/arm64-apple-macosx/release/SignalAnalyzerTargetHost-tool.build/StaticSignalAnalyzerNRFInteractionTargetProjection.swift.o	7df0cc80600c14b591049820990c96d44459629799e1b0b59c104cd0f3903b78
build/swiftpm/arm64-apple-macosx/release/SignalAnalyzerTargetHost-tool.build/StaticSignalAnalyzerNRFLayoutPass.swift.o	d380648dcd09ca7d7eaca18ca71a268c59b5879d85546e7fed6d9ed8fc35e7ef
build/swiftpm/arm64-apple-macosx/release/SignalAnalyzerTargetHost-tool.build/StaticSignalAnalyzerNRFLayoutScopeCodec.swift.o	d763caca2098dda766be92730b26a114a9843f1340d7de32d95b767fff96d66d
build/swiftpm/arm64-apple-macosx/release/SignalAnalyzerTargetHost-tool.build/StaticSignalAnalyzerNRFLayoutTextCodec.swift.o	6afd6e9caeea9a524322ae4830f721d98b87096b2583461c346f479a80289c97
build/swiftpm/arm64-apple-macosx/release/SignalAnalyzerTargetHost-tool.build/StaticSignalAnalyzerNRFLayoutWorkspace.swift.o	26b38a8ed5d8e86318062e885af8e443a9b0cc3afa0548b99feb0fbb0fefc774
build/swiftpm/arm64-apple-macosx/release/SignalAnalyzerTargetHost-tool.build/StaticSignalAnalyzerNRFLivePathStorage.swift.o	bb848ff74f36e8d4ef673c3fd878f4852c2aeae0f7812099bfd2126fd17cc650
build/swiftpm/arm64-apple-macosx/release/SignalAnalyzerTargetHost-tool.build/StaticSignalAnalyzerNRFModelCaptureState.swift.o	87058a4e7bcd673cde1237327194071566ab5c2853b390d0f23f1e85f9e205be
build/swiftpm/arm64-apple-macosx/release/SignalAnalyzerTargetHost-tool.build/StaticSignalAnalyzerNRFModelDescriptor.generated.swift.o	0889043c7d0cdd85da962a657bb8c8d064fc33de30905a7fb0d2e8ff87b96791
build/swiftpm/arm64-apple-macosx/release/SignalAnalyzerTargetHost-tool.build/StaticSignalAnalyzerNRFModelLocation.swift.o	5d76a7afdcb64600e16c865c7472e8d10d4eb467fa1135d5f28b6aa8beeed665
build/swiftpm/arm64-apple-macosx/release/SignalAnalyzerTargetHost-tool.build/StaticSignalAnalyzerNRFModelModifierWriter.swift.o	a14b410361bda3afe1e1053df5440702ee7831e1cf437b93951a42007c537136
build/swiftpm/arm64-apple-macosx/release/SignalAnalyzerTargetHost-tool.build/StaticSignalAnalyzerNRFModelTextWriter.swift.o	76c3e20e190ecce4ac28ba88b159a3379b61a533dc2e39d5c073b23b4c16589c
build/swiftpm/arm64-apple-macosx/release/SignalAnalyzerTargetHost-tool.build/StaticSignalAnalyzerNRFModifierPayload.generated.swift.o	5bbe6c6021c87a71d482e24c2e35e10cca98ac496ef43cd290d857614c937b3d
build/swiftpm/arm64-apple-macosx/release/SignalAnalyzerTargetHost-tool.build/StaticSignalAnalyzerNRFOperationalFailureBridge.swift.o	fa317df4b8b7c66d7c3280d51361bcdc4b358d10ad2c7f0bd6c1fe27146b849d
build/swiftpm/arm64-apple-macosx/release/SignalAnalyzerTargetHost-tool.build/StaticSignalAnalyzerNRFOperationalFailureFact.swift.o	cc31e4c82e28d4c5b2ba3c56e54771d5de1649b9c1bf81ae604741e92ec923c9
build/swiftpm/arm64-apple-macosx/release/SignalAnalyzerTargetHost-tool.build/StaticSignalAnalyzerNRFPacedApplicationStage.swift.o	5904eb618c9986e5c094beadf91944823c0e6ee7aed21e14f2a7742a15334594
build/swiftpm/arm64-apple-macosx/release/SignalAnalyzerTargetHost-tool.build/StaticSignalAnalyzerNRFPackedSemanticRecords.generated.swift.o	e799f034ab58d84fbbc0645469b50ce16aefa26192957272245fe7465bd7ec8b
build/swiftpm/arm64-apple-macosx/release/SignalAnalyzerTargetHost-tool.build/StaticSignalAnalyzerNRFPresentationCommitter.swift.o	1cb9614ac11906eb26f4a4cef7208647f0a6f8deb93a67f9ad776deca3dc6a1e
build/swiftpm/arm64-apple-macosx/release/SignalAnalyzerTargetHost-tool.build/StaticSignalAnalyzerNRFPresentationComposition.swift.o	e5d01ee6f8b3204f48da3f47bd4fd8dd2689f293141706cc60df84c3f8e66d29
build/swiftpm/arm64-apple-macosx/release/SignalAnalyzerTargetHost-tool.build/StaticSignalAnalyzerNRFPresentationHandoff.swift.o	1308629d3b1b9a7bfa91bfac95f37ab72802cb523732284e5d0a2029d28f8d29
build/swiftpm/arm64-apple-macosx/release/SignalAnalyzerTargetHost-tool.build/StaticSignalAnalyzerNRFPresentationHealth.swift.o	fe8922424abbeaeabf8b109901783bed7c5d66764808a699189f3fd4238b4210
build/swiftpm/arm64-apple-macosx/release/SignalAnalyzerTargetHost-tool.build/StaticSignalAnalyzerNRFPresentationIdentityOwner.swift.o	0637260da550bccddfd41572f27b138273db75cbb8e4dc89a7886d80b0f2a04a
build/swiftpm/arm64-apple-macosx/release/SignalAnalyzerTargetHost-tool.build/StaticSignalAnalyzerNRFPresentationInputs.generated.swift.o	489c7232dd22b55cd79400ae7eaa633836329d4d5a7d8a3621f6913d4dce9a59
build/swiftpm/arm64-apple-macosx/release/SignalAnalyzerTargetHost-tool.build/StaticSignalAnalyzerNRFPresentationPreparation.swift.o	f3c40ac94084dc1ef627173f694eb96753a1323194077f6d6e68c8d898e1fa9f
build/swiftpm/arm64-apple-macosx/release/SignalAnalyzerTargetHost-tool.build/StaticSignalAnalyzerNRFPresentationTransaction.swift.o	5b2f7bdc4d18abf1715d453be46f87e29b1744828fcc1dc28a9f6f231f2c8371
build/swiftpm/arm64-apple-macosx/release/SignalAnalyzerTargetHost-tool.build/StaticSignalAnalyzerNRFPrimitivePayload.generated.swift.o	de8402225a3600502f8bf3338c73c31a3d3feeb1ac03dc11e2a4f95a894086da
build/swiftpm/arm64-apple-macosx/release/SignalAnalyzerTargetHost-tool.build/StaticSignalAnalyzerNRFProfileBinding.swift.o	0f5abb36327d3e8c48580b105fd3ff49bc09d28d8d68d7eb206d4d46e26f28aa
build/swiftpm/arm64-apple-macosx/release/SignalAnalyzerTargetHost-tool.build/StaticSignalAnalyzerNRFProfileRegions.swift.o	585ebf2bba74b60025f9b303db0f0aead6d5c2d3b24c96b7c046cb43f61d5800
build/swiftpm/arm64-apple-macosx/release/SignalAnalyzerTargetHost-tool.build/StaticSignalAnalyzerNRFReferenceMetrics.generated.swift.o	a456520ea0b9ab48a084f4b4febfa2d00d21f6bcf4b88d680d91890c352b9774
build/swiftpm/arm64-apple-macosx/release/SignalAnalyzerTargetHost-tool.build/StaticSignalAnalyzerNRFRegionMap.swift.o	53851819f0efc3be0273e80071341afbe795aa8818bc12a92c5f513fd0948fca
build/swiftpm/arm64-apple-macosx/release/SignalAnalyzerTargetHost-tool.build/StaticSignalAnalyzerNRFRenderOffer.swift.o	52878e211ea16caf62d2549282a12844a79cd1227873e13c7d2d01cb992c1435
build/swiftpm/arm64-apple-macosx/release/SignalAnalyzerTargetHost-tool.build/StaticSignalAnalyzerNRFRenderWorkspace.swift.o	95b093e1550b8400de014e2a8647ea0f966e65434d06eadbbf636b9b8888fd83
build/swiftpm/arm64-apple-macosx/release/SignalAnalyzerTargetHost-tool.build/StaticSignalAnalyzerNRFRepositoryProducer.swift.o	57c6e07759ca2a8baa72e1b38dbcd61c3c2b071da0cb48ea76d4ecdec11889e9
build/swiftpm/arm64-apple-macosx/release/SignalAnalyzerTargetHost-tool.build/StaticSignalAnalyzerNRFResidualRouting.swift.o	6928d3a2b13acf70a2fb43fff1d984dba68ed5d500d2cd5cf5de1e5a2eaa292a
build/swiftpm/arm64-apple-macosx/release/SignalAnalyzerTargetHost-tool.build/StaticSignalAnalyzerNRFResolvedLayout.swift.o	c8ff2bf4a438fbb76b2b134546b9a1d5d1005ca4288e4a43d60420f7f90361bc
build/swiftpm/arm64-apple-macosx/release/SignalAnalyzerTargetHost-tool.build/StaticSignalAnalyzerNRFRuntimeStorage.swift.o	93bff87d003c7524390964367ad9c014e1a2a1b5a0b47fa5498ce93f04db21b2
build/swiftpm/arm64-apple-macosx/release/SignalAnalyzerTargetHost-tool.build/StaticSignalAnalyzerNRFSPITFTTransport.swift.o	827811f354f5984fc7bbdbe63faa8a51c28f9231a36dc4242d65875015f44433
build/swiftpm/arm64-apple-macosx/release/SignalAnalyzerTargetHost-tool.build/StaticSignalAnalyzerNRFSealedFactApplication.swift.o	81a19e911a317aead352083e30e6cf51ca67dbb0d5443a56e2d7fb19e1895c5e
build/swiftpm/arm64-apple-macosx/release/SignalAnalyzerTargetHost-tool.build/StaticSignalAnalyzerNRFSemanticPublication.swift.o	056975774adefe3163cd2948d0396d6f0bce75dc53136017f8a155df9638e1a1
build/swiftpm/arm64-apple-macosx/release/SignalAnalyzerTargetHost-tool.build/StaticSignalAnalyzerNRFSemanticRegion.generated.swift.o	05a0c48f44d660164e8f9e40b838dd8f524e93c66b07077d035bd735b685890a
build/swiftpm/arm64-apple-macosx/release/SignalAnalyzerTargetHost-tool.build/StaticSignalAnalyzerNRFSnapshotFact.swift.o	b0f8a2d2458000c8a3346e4740502e0376999aa1aa1a0c106e4dd8e767f2d30f
build/swiftpm/arm64-apple-macosx/release/SignalAnalyzerTargetHost-tool.build/StaticSignalAnalyzerNRFTextPoolWriter.generated.swift.o	95fd863846b658bd2285cd71a31334ce457b6229146d36aaa33f2108984294e7
build/swiftpm/arm64-apple-macosx/release/SignalAnalyzerTargetHost-tool.build/StaticSignalAnalyzerNRFTileStorage.swift.o	6fcc5b95313c3b4d79682b461f94094eda9de8f922b3640696e35b63f58a485e
build/swiftpm/arm64-apple-macosx/release/SignalAnalyzerTargetHost-tool.build/StaticSignalAnalyzerNRFTopologyWriter.generated.swift.o	fe01fa88453fc614122f707880b9c0beb6da76b1f11c22e33c721af3011b22e8
build/swiftpm/arm64-apple-macosx/release/SignalAnalyzerTargetHost-tool.build/StaticSignalAnalyzerNRFUTF8LayoutView.generated.swift.o	0a1e9d5bf056aa894ea0dacee9749aa9542adb519fb850dfdbdafdb0529e1404
build/swiftpm/arm64-apple-macosx/release/SignalAnalyzerTargetHost-tool.build/StaticSignalAnalyzerNRFUTF8RenderView.generated.swift.o	8668680145a43b221fdb1ff85386ba8018726d68e4fdf2ed54875357228ddb02
build/swiftpm/arm64-apple-macosx/release/SignalAnalyzerTargetHost-tool.build/StaticSignalAnalyzerNRFUTF8TextPool.generated.swift.o	3e6b3f202621d194687eccddc52ebb8c8c694f9916c9b69418f1603d0ccc7dab
build/swiftpm/arm64-apple-macosx/release/SignalAnalyzerTargetHost-tool.build/include/SignalAnalyzerTargetHost-Swift.h	362d850117d21e1d5082b3f0f7863fdb553480766abc0fc16032536c78e5592a
build/swiftpm/arm64-apple-macosx/release/SignalAnalyzerTargetHost-tool.build/include/module.modulemap	93821c99328262b1827b4a748118c74177e6493acc4cb3b784e5d34bce49438c
build/swiftpm/arm64-apple-macosx/release/SignalAnalyzerTargetHost-tool.build/output-file-map.json	0dca50b1c7bacd66153eee8d1ed2ba22d8e5e2f3d128383045ab895ba88dc8f2
build/swiftpm/arm64-apple-macosx/release/SignalAnalyzerTargetHost-tool.build/sources	4f46f0f094a0c171245b1175549b04b3f45bd22689a785b281950db252a206ba
build/swiftpm/arm64-apple-macosx/release/SwiftBasicFormat-tool.build/BasicFormat.swift.o	b88651e26428340d1bc9243e4c91d6fad63315fb48c0dbf8604af3a5b72c5efa
build/swiftpm/arm64-apple-macosx/release/SwiftBasicFormat-tool.build/Indenter.swift.o	2428ba3502b5d2fdc6a0a3b8e711a7941fd69fb2fdecf509b426ec3326e1705f
build/swiftpm/arm64-apple-macosx/release/SwiftBasicFormat-tool.build/InferIndentation.swift.o	13affddc0514ada323a9eb7f9f6c76a319d88ec7875b7a77d6bc4cb18d8c4816
build/swiftpm/arm64-apple-macosx/release/SwiftBasicFormat-tool.build/SwiftBasicFormat.d	e5ef2939b3748441a5dcbc472bb9fbd1d0b7c78668f09257a17b2d060ee348f1
build/swiftpm/arm64-apple-macosx/release/SwiftBasicFormat-tool.build/SwiftBasicFormat.dia	2c72d5afff8cce441f2f8299a18215b0bf79605aa7eb05839e38f7949b46c0e2
build/swiftpm/arm64-apple-macosx/release/SwiftBasicFormat-tool.build/Syntax+Extensions.swift.o	0df0af1335d5dfd070c1bffdf82f9c14813dc7409e2d7d1b6b5965d67463b56f
build/swiftpm/arm64-apple-macosx/release/SwiftBasicFormat-tool.build/SyntaxProtocol+Formatted.swift.o	ea786b87a0a9f61bfa0aa597629b9733f1867009fcc1234d19ae5b5dabd4182d
build/swiftpm/arm64-apple-macosx/release/SwiftBasicFormat-tool.build/Trivia+FormatExtensions.swift.o	56d8f940e9d08be9235463e2889b00c861964123c2d99772f681cea1785262ee
build/swiftpm/arm64-apple-macosx/release/SwiftBasicFormat-tool.build/include/SwiftBasicFormat-Swift.h	3e7c40b594c95d10cd6a02490894281ea017d66ed0c77d8b1e75afd1ab7f9dde
build/swiftpm/arm64-apple-macosx/release/SwiftBasicFormat-tool.build/include/module.modulemap	7b678073bc3234b7f94e3524ab0fb3d6a4f8dc50470d2826cdd03148c1a53923
build/swiftpm/arm64-apple-macosx/release/SwiftBasicFormat-tool.build/output-file-map.json	161c78660afd13c184ea6fd67f752eefa29c9c82e29a03c09600c63df757f23b
build/swiftpm/arm64-apple-macosx/release/SwiftBasicFormat-tool.build/sources	5f01fb04ff9316276e8026053b1b6d435413dd8082ba6a3f8cddd45b29fd7c9c
build/swiftpm/arm64-apple-macosx/release/SwiftCompilerPlugin-tool.build/CompilerPlugin.swift.o	459af762b16329abc1e8ca8702d84d70ea67d2f7e454efd1541a2ddf58e2c7f6
build/swiftpm/arm64-apple-macosx/release/SwiftCompilerPlugin-tool.build/SwiftCompilerPlugin.d	7934af3fa7eec720d6105d8f1fe189444be3cb6ca9d4c8cdf45b58b09fa0c314
build/swiftpm/arm64-apple-macosx/release/SwiftCompilerPlugin-tool.build/SwiftCompilerPlugin.dia	2c72d5afff8cce441f2f8299a18215b0bf79605aa7eb05839e38f7949b46c0e2
build/swiftpm/arm64-apple-macosx/release/SwiftCompilerPlugin-tool.build/include/SwiftCompilerPlugin-Swift.h	d24344fa37b55096f0c1fd781fd9131cae48b845bba915ddd9b85c17094af8a2
build/swiftpm/arm64-apple-macosx/release/SwiftCompilerPlugin-tool.build/include/module.modulemap	63b58adecda2154a9884cb4fabd0fbe032d975df540802b3d6f09c0f7c8607bb
build/swiftpm/arm64-apple-macosx/release/SwiftCompilerPlugin-tool.build/output-file-map.json	97d4a764a9f4febb5b1f837902163a911dc1372fc8c68884ed468225ab55e169
build/swiftpm/arm64-apple-macosx/release/SwiftCompilerPlugin-tool.build/sources	3df12e402e6241b7385c83ee4a17ad6fc085881ea83031e62a59a158db8b63ac
build/swiftpm/arm64-apple-macosx/release/SwiftCompilerPluginMessageHandling-tool.build/CodingUtilities.swift.o	e5e00b9329e89bb492f4789013e616cc7fc43a2e3b4cc0d53f12bf98032860ee
build/swiftpm/arm64-apple-macosx/release/SwiftCompilerPluginMessageHandling-tool.build/CompilerPluginMessageHandler.swift.o	d92f4f4b36aaa93b07483b709ac52ccc62ea0a5a5f6848d3411be1adf7aab943
build/swiftpm/arm64-apple-macosx/release/SwiftCompilerPluginMessageHandling-tool.build/Diagnostics.swift.o	5b3f0451db7f1536735a181d46bca91bf635a775a9484609b89324ced42c4272
build/swiftpm/arm64-apple-macosx/release/SwiftCompilerPluginMessageHandling-tool.build/JSON.swift.o	fbd91f4faab1d2881d3d858bd32f05a29df5c347a19c1f9d341c0c7ed31dbecc
build/swiftpm/arm64-apple-macosx/release/SwiftCompilerPluginMessageHandling-tool.build/JSONDecoding.swift.o	fe679f666f55efb6a5f52ef87f33a4a606aa4385bc53f93f66f25bae3e822e91
build/swiftpm/arm64-apple-macosx/release/SwiftCompilerPluginMessageHandling-tool.build/JSONEncoding.swift.o	a6213871d2b9c8bd521bf5d6cc438bd411efd730f8c77fa41e89e7a727b4e970
build/swiftpm/arm64-apple-macosx/release/SwiftCompilerPluginMessageHandling-tool.build/LRUCache.swift.o	8d1878c3faab5908762b94ac2cc0a93b434ee79a3830b989f63d1c19509434ba
build/swiftpm/arm64-apple-macosx/release/SwiftCompilerPluginMessageHandling-tool.build/Macros.swift.o	7086b156401afe731ab1db16145dddd49289a0e66c05c01d36f7df4e4a50f5a9
build/swiftpm/arm64-apple-macosx/release/SwiftCompilerPluginMessageHandling-tool.build/PluginMacroExpansionContext.swift.o	47ea55375dbd4877c7c72bb052051a168971d415275a733c700c0f7f5b196de1
build/swiftpm/arm64-apple-macosx/release/SwiftCompilerPluginMessageHandling-tool.build/PluginMessageCompatibility.swift.o	30c656398912f270dab52cb02acab21cb3ba71599d143aaa0c11d97c834ff1c4
build/swiftpm/arm64-apple-macosx/release/SwiftCompilerPluginMessageHandling-tool.build/PluginMessages.swift.o	3b7d8d5b79cbb7f7d30bb57d6827412cd92d611bd8b587cfd1fa10a842c3c906
build/swiftpm/arm64-apple-macosx/release/SwiftCompilerPluginMessageHandling-tool.build/StandardIOMessageConnection.swift.o	eb3c3f49ea64a7f67f6e383a5993d0f8373888516742da64183b656a74e2205e
build/swiftpm/arm64-apple-macosx/release/SwiftCompilerPluginMessageHandling-tool.build/SwiftCompilerPluginMessageHandling.d	ef35c490eaeaedf27255572078183a840ccda448d311fed6f2a4056283ebb640
build/swiftpm/arm64-apple-macosx/release/SwiftCompilerPluginMessageHandling-tool.build/SwiftCompilerPluginMessageHandling.dia	2c72d5afff8cce441f2f8299a18215b0bf79605aa7eb05839e38f7949b46c0e2
build/swiftpm/arm64-apple-macosx/release/SwiftCompilerPluginMessageHandling-tool.build/include/SwiftCompilerPluginMessageHandling-Swift.h	dab8b4ca5c4bca9f4adbafc1a17134fda38d4c13f8eacd13ca5ce890c259d0bc
build/swiftpm/arm64-apple-macosx/release/SwiftCompilerPluginMessageHandling-tool.build/include/module.modulemap	62e0ee3414c96431f0d4e982b33c747fde7697da7d728e7d47062ebfc82b0130
build/swiftpm/arm64-apple-macosx/release/SwiftCompilerPluginMessageHandling-tool.build/output-file-map.json	fcc2fd01703f220ead692a41425fb9f619ca622f28a79dc1b4aa46085d81709b
build/swiftpm/arm64-apple-macosx/release/SwiftCompilerPluginMessageHandling-tool.build/sources	8f8f16ca3ee87fdc942c88287e475f4df76028b79d55b69ade9baec6259f7da1
build/swiftpm/arm64-apple-macosx/release/SwiftDiagnostics-tool.build/ANSIDiagnosticDecorator.swift.o	cee7851b2eb5606f303ab5a83f5be3449868e93878ba62b894369bbb1f028e91
build/swiftpm/arm64-apple-macosx/release/SwiftDiagnostics-tool.build/BasicDiagnosticDecorator.swift.o	c9ca7e142e31147e0308d77146350c713604604fbab075fc04567c6d8e502f23
build/swiftpm/arm64-apple-macosx/release/SwiftDiagnostics-tool.build/Convenience.swift.o	a0a97ad0738615232e9c4673bb7ff1fd69aac9fb925ec016088cbb81360f91cd
build/swiftpm/arm64-apple-macosx/release/SwiftDiagnostics-tool.build/Diagnostic.swift.o	6ccc5f8169818ae16b6d6e21c6655c9ac85660158c5adbe8bf03af92b073b9c2
build/swiftpm/arm64-apple-macosx/release/SwiftDiagnostics-tool.build/DiagnosticDecorator.swift.o	a5e31401c4952ac4ba995dbeb049ba2755bf643300a6ac845f1406a10dbde840
build/swiftpm/arm64-apple-macosx/release/SwiftDiagnostics-tool.build/DiagnosticsFormatter.swift.o	9b4845e098465596290539a794985d4ac0af0810cb4382fa2c0a717ce7aa359b
build/swiftpm/arm64-apple-macosx/release/SwiftDiagnostics-tool.build/FixIt.swift.o	71be6f798a1cf55911a959fac26de02149b2ac4e54defec8e7914611edd66d2c
build/swiftpm/arm64-apple-macosx/release/SwiftDiagnostics-tool.build/GroupedDiagnostics.swift.o	9f08395a9ec327d475b412d96f4ff9e6bb5c4469c3e305b00b8b8700dece7e47
build/swiftpm/arm64-apple-macosx/release/SwiftDiagnostics-tool.build/Message.swift.o	8757315a805cd4d05ca814341aa5dae891a80d0886d8be002a3af8676b844f00
build/swiftpm/arm64-apple-macosx/release/SwiftDiagnostics-tool.build/Note.swift.o	1e965422213a4fc3e22ce1c7e7f7dc0a7af3c62bf04ba212e37a012b204ebcf1
build/swiftpm/arm64-apple-macosx/release/SwiftDiagnostics-tool.build/SwiftDiagnostics.d	715f9c2fab39f23da06fe1e75fad764a6133ffe3f29b73615252c7c20db73863
build/swiftpm/arm64-apple-macosx/release/SwiftDiagnostics-tool.build/SwiftDiagnostics.dia	2c72d5afff8cce441f2f8299a18215b0bf79605aa7eb05839e38f7949b46c0e2
build/swiftpm/arm64-apple-macosx/release/SwiftDiagnostics-tool.build/include/SwiftDiagnostics-Swift.h	361c4e3ed42c92e8f4e86eb92a33edc28f30f80e94bf672693a9ebd16c2ca17d
build/swiftpm/arm64-apple-macosx/release/SwiftDiagnostics-tool.build/include/module.modulemap	6c4f4533aafbbde71f1211ac4292a6c6bc0a25f0bce0ffe5286bb1ed1ed9a21b
build/swiftpm/arm64-apple-macosx/release/SwiftDiagnostics-tool.build/output-file-map.json	63222e083a14361e553a56311706ba36cfc4a6b23a09e31fe35e4c8c61c7f1c4
build/swiftpm/arm64-apple-macosx/release/SwiftDiagnostics-tool.build/sources	d07d4cfd0127048f260298ea7e544d5825a68dc3f56582a34036057d2c5a2396
build/swiftpm/arm64-apple-macosx/release/SwiftIDEUtils-tool.build/include/module.modulemap	bb359012ffbd8a8bbef3f952de4783ca8fadc344d7d372c6a5e6aa515b4012ba
build/swiftpm/arm64-apple-macosx/release/SwiftIDEUtils-tool.build/output-file-map.json	2ef5e0b248bf98197947f61b1716d48e6aadddb58df35a192d8d824a3f8f299c
build/swiftpm/arm64-apple-macosx/release/SwiftIfConfig-tool.build/ActiveClauseEvaluator.swift.o	02f9803611f1b0f669e313afb3a2c5e5b13785f9ee664cf352c0732fb46eec04
build/swiftpm/arm64-apple-macosx/release/SwiftIfConfig-tool.build/ActiveSyntaxRewriter.swift.o	63aa7744c4f0143dd5b73bcf53ef09b73d472265fffcf95fb078022565795662
build/swiftpm/arm64-apple-macosx/release/SwiftIfConfig-tool.build/ActiveSyntaxVisitor.swift.o	1bf730c3d9f8040f5fcc4e3407961d7fd541539827a8f946c6163b280b301407
build/swiftpm/arm64-apple-macosx/release/SwiftIfConfig-tool.build/BuildConfiguration.swift.o	a446a72210b61ceb0884d016c50b1b90e5e85294e3b42e08e40e28cc8117d607
build/swiftpm/arm64-apple-macosx/release/SwiftIfConfig-tool.build/ConfiguredRegions.swift.o	2fe950ac9ad8446072328d684fbdebdb1ac05c52026a5c747d48ed377a3e6e10
build/swiftpm/arm64-apple-macosx/release/SwiftIfConfig-tool.build/IfConfigDecl+IfConfig.swift.o	1a979e8196731acf689cb81c51215aa7b23ca03863f3b32d959cd6ac8c39aee5
build/swiftpm/arm64-apple-macosx/release/SwiftIfConfig-tool.build/IfConfigDiagnostic.swift.o	be11b97a30008668498f134de57fbc9f4776b2c04f1f7683c9db265c4bbda7ad
build/swiftpm/arm64-apple-macosx/release/SwiftIfConfig-tool.build/IfConfigEvaluation.swift.o	e5825a7957a79a30fff920d270c7f15063d509686df719a8d7f778e0641bcf51
build/swiftpm/arm64-apple-macosx/release/SwiftIfConfig-tool.build/IfConfigFunctions.swift.o	b1ff64d69e98d6e2238a18a4557e8361ed4262469c71b18806820537766f7801
build/swiftpm/arm64-apple-macosx/release/SwiftIfConfig-tool.build/IfConfigRegionState.swift.o	2c8fd110ca42d26cb6c47863354c42f92819d5adec8a2b89703131a6241dc702
build/swiftpm/arm64-apple-macosx/release/SwiftIfConfig-tool.build/StaticBuildConfiguration.swift.o	a614f79ab9ed27aa472def8eca5875e7d3af60bac59366c2d7c13532149d709f
build/swiftpm/arm64-apple-macosx/release/SwiftIfConfig-tool.build/SwiftIfConfig.d	6eec18aae9e39a8dad485a47953a1b167aa28f425d89b7bb54963bce16a59d9e
build/swiftpm/arm64-apple-macosx/release/SwiftIfConfig-tool.build/SwiftIfConfig.dia	2c72d5afff8cce441f2f8299a18215b0bf79605aa7eb05839e38f7949b46c0e2
build/swiftpm/arm64-apple-macosx/release/SwiftIfConfig-tool.build/SyntaxLiteralUtils.swift.o	fce77730d9f4a020b38037de57f60661e431c15b77139e4f91053a7eb1d861f5
build/swiftpm/arm64-apple-macosx/release/SwiftIfConfig-tool.build/SyntaxProtocol+IfConfig.swift.o	e61ec75f8c48b43791d185d9b9e6493776eea9e9bdb79be7e0fb165cfe9c5ba4
build/swiftpm/arm64-apple-macosx/release/SwiftIfConfig-tool.build/VersionTuple+Parsing.swift.o	39b088eaf4f25bdb6aa9b63ec2011782053af37bdb80010ae30925da1d408a01
build/swiftpm/arm64-apple-macosx/release/SwiftIfConfig-tool.build/VersionTuple.swift.o	6f9550bde3233b9511a50aa5d3ff22ea8a508f9eed1779bc7f3bf737045e5542
build/swiftpm/arm64-apple-macosx/release/SwiftIfConfig-tool.build/include/SwiftIfConfig-Swift.h	5f34640e44ef1cda4e06f4c401e6b77e6c3ca0c1d13c38ce959331d75f223856
build/swiftpm/arm64-apple-macosx/release/SwiftIfConfig-tool.build/include/module.modulemap	3547d0974858c65ecc905e013d95dc95778b50f57bd9029925d1040c44d74cc3
build/swiftpm/arm64-apple-macosx/release/SwiftIfConfig-tool.build/output-file-map.json	fdfc65f31f1fe3f34cb0d73ea961be337031fc6cb2f97150495186004bd07216
build/swiftpm/arm64-apple-macosx/release/SwiftIfConfig-tool.build/sources	794d2350e0fbba512994331547f3afca8b188421f809036999c1b9b41a5b479d
build/swiftpm/arm64-apple-macosx/release/SwiftOperators-tool.build/Operator.swift.o	de3151dbe4f538a35fcd010d6ab11a861811868798a890f826f324bf197cf081
build/swiftpm/arm64-apple-macosx/release/SwiftOperators-tool.build/OperatorError+Diagnostics.swift.o	2240447ac97ed5eb64cb3c5daf0f3b4c302b4eb239ad201df32f65a5fb0104cf
build/swiftpm/arm64-apple-macosx/release/SwiftOperators-tool.build/OperatorError.swift.o	a455b8cfe067d3801fb7261045656af9e9a55a758facb78ab927d004770789cf
build/swiftpm/arm64-apple-macosx/release/SwiftOperators-tool.build/OperatorTable+Defaults.swift.o	250417ad17c25046137cce84d8e9a95404d57ae1d4c0ee827edcfae08251add4
build/swiftpm/arm64-apple-macosx/release/SwiftOperators-tool.build/OperatorTable+Folding.swift.o	5328bdeac6f54f0eadf046d4951dfe2de76427c024942dc0f2af93513616cbb4
build/swiftpm/arm64-apple-macosx/release/SwiftOperators-tool.build/OperatorTable+Semantics.swift.o	5d41854da45f3e4804b2b046e6816d5464b70fe2a3d5dab211e11ef8c4bbcef4
build/swiftpm/arm64-apple-macosx/release/SwiftOperators-tool.build/OperatorTable.swift.o	84cde8821533d706d0dab3b4a142c9601dfe7d1618490ea03b82e5d87cd65347
build/swiftpm/arm64-apple-macosx/release/SwiftOperators-tool.build/PrecedenceGraph.swift.o	ad03aed5aa018913f00b72e76808bc3ef5981ed121eb40e41438e4ce3d59c669
build/swiftpm/arm64-apple-macosx/release/SwiftOperators-tool.build/PrecedenceGroup.swift.o	f25806b52ca1cafcef88d3d6557093ab789909f33c1f142dd23f91b12dac7f32
build/swiftpm/arm64-apple-macosx/release/SwiftOperators-tool.build/SwiftOperators.d	7f2ab33d4dbd8b5437ce1709b573c5df2c2413f893c391a414d29b6819ae50fb
build/swiftpm/arm64-apple-macosx/release/SwiftOperators-tool.build/SwiftOperators.dia	2c72d5afff8cce441f2f8299a18215b0bf79605aa7eb05839e38f7949b46c0e2
build/swiftpm/arm64-apple-macosx/release/SwiftOperators-tool.build/SyntaxSynthesis.swift.o	4c3bd605c8a3325f5c564bd5c1f2dddfe111ae14a5773b603aa015c3076c5884
build/swiftpm/arm64-apple-macosx/release/SwiftOperators-tool.build/include/SwiftOperators-Swift.h	b5462aa2854d13c0c9106d1a156949163d138329b498689eb34456dda3abd487
build/swiftpm/arm64-apple-macosx/release/SwiftOperators-tool.build/include/module.modulemap	467d270079c7f593c4c7f9126dda7143f075fe7e5b3d60ba7660c1a5c977551b
build/swiftpm/arm64-apple-macosx/release/SwiftOperators-tool.build/output-file-map.json	bc5d01003de551981bcf0b2952b55e5a7ef4ff71096f8eafc2fe2b14860ee4aa
build/swiftpm/arm64-apple-macosx/release/SwiftOperators-tool.build/sources	dcd141ef9d72e342bc98d42914af680e2e62c482c578fc25a941737869a46064
build/swiftpm/arm64-apple-macosx/release/SwiftParser-tool.build/Attributes.swift.o	028bca8c25778b365fa9640084014956d7e2561f7af0ae0d017d24ecf9c7cf6c
build/swiftpm/arm64-apple-macosx/release/SwiftParser-tool.build/Availability.swift.o	7aacb4094392d97d3cdb5c3f8cfc909367f3355e72fb39b88877a0db10c4946c
build/swiftpm/arm64-apple-macosx/release/SwiftParser-tool.build/CharacterInfo.swift.o	96ccca638bc0c83955e5d85cf86894a3b20accf059375c57c43214ad4c7a1f2e
build/swiftpm/arm64-apple-macosx/release/SwiftParser-tool.build/CollectionNodes+Parsable.swift.o	35a2c15c79d82ba1bd2247f848d1f8e3e34a556e0092eddcbbbec343edc71341
build/swiftpm/arm64-apple-macosx/release/SwiftParser-tool.build/CompilerFiles.swift.o	aec215ab89b1d30d67bc9e7cfce31539c153c08e96cb44c011c9c9a919cf1be0
build/swiftpm/arm64-apple-macosx/release/SwiftParser-tool.build/Cursor.swift.o	2ca1d1922425d5462e08465a24353e695468e17de00b5e52e171b4d8f5b68b61
build/swiftpm/arm64-apple-macosx/release/SwiftParser-tool.build/Declarations.swift.o	4fc0fc59e561a81fc31a591c2d8c6f3336d1b0227a98c057a8e23c72b74c50e2
build/swiftpm/arm64-apple-macosx/release/SwiftParser-tool.build/Directives.swift.o	4871ac61c3fa58fe24c64c28164897d2d7b38eac87252148a4d7a17e0f8b9236
build/swiftpm/arm64-apple-macosx/release/SwiftParser-tool.build/ExperimentalFeatures.swift.o	a78bd799a4f6d3ade3afca136dc53ef79b91d45137cf8df2dd32f4e3c0cf1d15
build/swiftpm/arm64-apple-macosx/release/SwiftParser-tool.build/ExpressionInterpretedAsVersionTuple.swift.o	0a07ee33dc6d9ab498efa4eef11c403a9c98dc116ad1364063f984ae57ad51c5
build/swiftpm/arm64-apple-macosx/release/SwiftParser-tool.build/Expressions.swift.o	794127e6f14f4a09cd0bc1c30409fafdf884f83ec7b39903ae127d4ae133a0d0
build/swiftpm/arm64-apple-macosx/release/SwiftParser-tool.build/IncrementalParseTransition.swift.o	43a1c8a0c7775b348d5131c834b093a38b1fd172d9e892c22d2d1c15a5d8aaf4
build/swiftpm/arm64-apple-macosx/release/SwiftParser-tool.build/IsLexerClassified.swift.o	827d6058eb84fc7f3d1defe1cbc6a274c9c7a6e55f08f9750809a4b265a3569a
build/swiftpm/arm64-apple-macosx/release/SwiftParser-tool.build/IsValidIdentifier.swift.o	a4c9e11e40d396c28f90d1a5c09d9c9db0d2879e8fe25a25bf0dc8c9b5971d9e
build/swiftpm/arm64-apple-macosx/release/SwiftParser-tool.build/LayoutNodes+Parsable.swift.o	9f62902abaf962f66c7432e509068bba56e564c20065f52110267bc7039a89dc
build/swiftpm/arm64-apple-macosx/release/SwiftParser-tool.build/Lexeme.swift.o	26ad1be7b74b219814073047d3c159ab07f3c88a904628a28af9639aa66c15a2
build/swiftpm/arm64-apple-macosx/release/SwiftParser-tool.build/LexemeSequence.swift.o	d90ca71b6eb3c2a38ac9869ee82a7184eddf4d6e857f34a44cbbcc103633fa9a
build/swiftpm/arm64-apple-macosx/release/SwiftParser-tool.build/Lexer.swift.o	57601cee122e709edf68771016ef794989c855b1f30c197d277408bb378fdaec
build/swiftpm/arm64-apple-macosx/release/SwiftParser-tool.build/Lookahead.swift.o	90cb977b3a1fabe5c49e998f6968bf70017520b3def0780d34cd04994b3e3741
build/swiftpm/arm64-apple-macosx/release/SwiftParser-tool.build/LoopProgressCondition.swift.o	ae2ee09a0a3b38a8b7229e0f034597ce72a5de8f99967dda2c64aadd07b5b801
build/swiftpm/arm64-apple-macosx/release/SwiftParser-tool.build/Modifiers.swift.o	d148bbc14503cba6aaab8cb8504d3c745e901657455a567377908850e8b3f4c7
build/swiftpm/arm64-apple-macosx/release/SwiftParser-tool.build/Names.swift.o	0843d35526aece8bc5f355558bea65f9de5db45944596033ec559225da343d04
build/swiftpm/arm64-apple-macosx/release/SwiftParser-tool.build/Nominals.swift.o	54cb5c764cb1bf261a8c7a0db91fb57824b20fd80b30da2ad3b96d39ebd23aaa
build/swiftpm/arm64-apple-macosx/release/SwiftParser-tool.build/Parameters.swift.o	444a80efae7560e8e1f3b4c60cc0f45b521563396956ee197ffb0355f595f6a7
build/swiftpm/arm64-apple-macosx/release/SwiftParser-tool.build/ParseSourceFile.swift.o	17569b0a0156fa9b9897bfbb15d3c8747751e58b146de6e1b4c47de20e8d581d
build/swiftpm/arm64-apple-macosx/release/SwiftParser-tool.build/Parser+TokenSpecSet.swift.o	b07fe4f6b985ef8410c4de64cc9c366bff18b59669668ca3b36ef78a59b36ba3
build/swiftpm/arm64-apple-macosx/release/SwiftParser-tool.build/Parser.swift.o	8ac37203fb3ebca9d34d5cd08f3ec16547433ce55cb2aa1f1f86dca4ab36ec6b
build/swiftpm/arm64-apple-macosx/release/SwiftParser-tool.build/Patterns.swift.o	0acdb014537a755bb8fb90a5362a88e8dcb4f3741168ff0eea65c6f9962f6feb
build/swiftpm/arm64-apple-macosx/release/SwiftParser-tool.build/Recovery.swift.o	1a398fa3f05706a2ffe2d3b7bea24dc9cc6eaef07d97c1cbc787add1ca0a8922
build/swiftpm/arm64-apple-macosx/release/SwiftParser-tool.build/RegexLiteralLexer.swift.o	bb43a29c698c699b24a2e86e2399f00ee341debe34b32ae9d5a65421373d8922
build/swiftpm/arm64-apple-macosx/release/SwiftParser-tool.build/Specifiers.swift.o	c4b045a48fb73053481601c2d5ceefd228baaacee6ca72ea27a69065d723b577
build/swiftpm/arm64-apple-macosx/release/SwiftParser-tool.build/Statements.swift.o	948850e0176c2a4b3e62f47e2581e2dfc614eec2be280a32cb53db0fcb19a96f
build/swiftpm/arm64-apple-macosx/release/SwiftParser-tool.build/StringLiteralRepresentedLiteralValue.swift.o	6d80540a808c827422eeec0f70ed5501d1fb4227e559b070f01429f8a9076e82
build/swiftpm/arm64-apple-macosx/release/SwiftParser-tool.build/StringLiterals.swift.o	52adc47c29cb6c71e10fa4827b99d1aafaf963f8d67a0b732b181c2cd498786f
build/swiftpm/arm64-apple-macosx/release/SwiftParser-tool.build/SwiftParser.d	addf36ace516c2ea2fe5fab178e4ae5afdfd043111585d308a7f81ed28f3561c
build/swiftpm/arm64-apple-macosx/release/SwiftParser-tool.build/SwiftParser.dia	2c72d5afff8cce441f2f8299a18215b0bf79605aa7eb05839e38f7949b46c0e2
build/swiftpm/arm64-apple-macosx/release/SwiftParser-tool.build/SwiftParserCompatibility.swift.o	2c918476210f92e5f7ad7a52dff73cb6ac9316d7e9f5eeb2487abdc50a353bc0
build/swiftpm/arm64-apple-macosx/release/SwiftParser-tool.build/SwiftVersion.swift.o	c607fe5c6d39b2f776ee7f5c8cfe3c3f690f32038bec47e6323c10da9d1102a7
build/swiftpm/arm64-apple-macosx/release/SwiftParser-tool.build/SyntaxUtils.swift.o	41389119446a47e1a357b1799850cfeedcfbcf1f89526f095cd363df6d40b422
build/swiftpm/arm64-apple-macosx/release/SwiftParser-tool.build/TokenConsumer.swift.o	19b13c352a8780a92b925e73098e7538ad499970a59aae14ead7f5b39c4d2be4
build/swiftpm/arm64-apple-macosx/release/SwiftParser-tool.build/TokenPrecedence.swift.o	4e43727612fd4cbd9ae9a50f6a899abc21a45f409d4169a3a69f96290684a3fe
build/swiftpm/arm64-apple-macosx/release/SwiftParser-tool.build/TokenSpec.swift.o	b816013e572289dc153335810113eae19eff544083d604476767c3522a950394
build/swiftpm/arm64-apple-macosx/release/SwiftParser-tool.build/TokenSpecSet.swift.o	47cf57d449d37e7dafb41fd31e8dc2047d6bf70357a544dfdc8983bfad834e03
build/swiftpm/arm64-apple-macosx/release/SwiftParser-tool.build/TokenSpecStaticMembers.swift.o	0b87e0d46cbb2fbcda1cf54291c9738437938a5b78f1dd7fe95d09414651868d
build/swiftpm/arm64-apple-macosx/release/SwiftParser-tool.build/TopLevel.swift.o	649c4a2bd57dd0bcc0bc702c9371173ccb96a549c488af95feac034ac60b15ea
build/swiftpm/arm64-apple-macosx/release/SwiftParser-tool.build/TriviaParser.swift.o	9106303e7a3a82fa8760a432ae93385399d709061b1e2b7d5f0c68eab2099680
build/swiftpm/arm64-apple-macosx/release/SwiftParser-tool.build/Types.swift.o	253a0dc9ad050643c4c5e33759aafa972d81f3ee20bd4f73019f1d1130967207
build/swiftpm/arm64-apple-macosx/release/SwiftParser-tool.build/UnicodeScalarExtensions.swift.o	d85051cdf68075a3f7471504745f62c4125b76b7e89949551ae6954551bc9d42
build/swiftpm/arm64-apple-macosx/release/SwiftParser-tool.build/include/SwiftParser-Swift.h	c6773798280ae2fe0cbdbc25226b500c555c16868342a7c2dfdd2a4bf482074c
build/swiftpm/arm64-apple-macosx/release/SwiftParser-tool.build/include/module.modulemap	46462e691d5c3125d24ff08796b9323c144000fa1a5c6b8309adf9bfb52204b1
build/swiftpm/arm64-apple-macosx/release/SwiftParser-tool.build/output-file-map.json	529f7acebc7440fbf88c289c7d8664b6b53c35d2ac4f7d2c62ea45a920b45862
build/swiftpm/arm64-apple-macosx/release/SwiftParser-tool.build/sources	93f2e0ba447023b4e5417ef579ef6a5ba2fbdb21679d450f806fab55835a818c
build/swiftpm/arm64-apple-macosx/release/SwiftParserDiagnostics-tool.build/ChildNameForDiagnostics.swift.o	b2041bac6488e5bacf7147581c7ca6c0090f15371ac759aba43b788e0f53b435
build/swiftpm/arm64-apple-macosx/release/SwiftParserDiagnostics-tool.build/DiagnosticExtensions.swift.o	11a5b735a31335f63614467fe1fcb86d2715c700e1739b0a09ada33c45c40aba
build/swiftpm/arm64-apple-macosx/release/SwiftParserDiagnostics-tool.build/LexerDiagnosticMessages.swift.o	10664b0dfe09dd3dfda3e81663e98dc00317a2eaba5646e4353a77d823d72211
build/swiftpm/arm64-apple-macosx/release/SwiftParserDiagnostics-tool.build/MissingNodesError.swift.o	465926e05645f862ac02357d1d49d606107859dd9b611fccfd6bdafc9a31d89b
build/swiftpm/arm64-apple-macosx/release/SwiftParserDiagnostics-tool.build/MissingTokenError.swift.o	528bef8a77488a940feefbd12d3244424bcbd987542cbfc862c44fd485bd069d
build/swiftpm/arm64-apple-macosx/release/SwiftParserDiagnostics-tool.build/MultiLineStringLiteralDiagnosticsGenerator.swift.o	a5641e387e570fe37055aa12939448df9a8374c43d39a28b8ff495bbac3fe561
build/swiftpm/arm64-apple-macosx/release/SwiftParserDiagnostics-tool.build/ParseDiagnosticsGenerator.swift.o	70c96ef89376b7738a7ca252b786ea0c56692cbc5e3c4c7074d5e08c243205fc
build/swiftpm/arm64-apple-macosx/release/SwiftParserDiagnostics-tool.build/ParserDiagnosticMessages.swift.o	b32da61850aa0714d451d5ee5875630ece91a5befd79caf78e588318e031518b
build/swiftpm/arm64-apple-macosx/release/SwiftParserDiagnostics-tool.build/PresenceUtils.swift.o	fe9a8690b1663287566c3d6c778bc0e8e845700e56f8249362ede54019582fa4
build/swiftpm/arm64-apple-macosx/release/SwiftParserDiagnostics-tool.build/SwiftParserDiagnostics.d	55589861b9b5d316a69c2ffa70a5abbeeecff509031fe7367a33f8f376a8f924
build/swiftpm/arm64-apple-macosx/release/SwiftParserDiagnostics-tool.build/SwiftParserDiagnostics.dia	2c72d5afff8cce441f2f8299a18215b0bf79605aa7eb05839e38f7949b46c0e2
build/swiftpm/arm64-apple-macosx/release/SwiftParserDiagnostics-tool.build/SyntaxExtensions.swift.o	6981d530e672764935235fb9a65bc8152d674f08ca15747c3cc851509fa54360
build/swiftpm/arm64-apple-macosx/release/SwiftParserDiagnostics-tool.build/SyntaxKindNameForDiagnostics.swift.o	38314a3ffd22d456b1648264baf673bf04842b99bfd8c1db36c042bf64f74ab9
build/swiftpm/arm64-apple-macosx/release/SwiftParserDiagnostics-tool.build/TokenNameForDiagnostics.swift.o	8767eeae1743c021ee0bdf7ae7f844597563e180bcc53f93b6dad81909ba60ec
build/swiftpm/arm64-apple-macosx/release/SwiftParserDiagnostics-tool.build/Utils.swift.o	b1570ee6f6b8794288b8f6e523db658635fd076db8646e5d11c1d5566d775265
build/swiftpm/arm64-apple-macosx/release/SwiftParserDiagnostics-tool.build/include/SwiftParserDiagnostics-Swift.h	d005dc305d6fa0d0f13893531d4bec47f179edd94eb30b2e6ac28ff73836a4f3
build/swiftpm/arm64-apple-macosx/release/SwiftParserDiagnostics-tool.build/include/module.modulemap	80793a49c324ce3e88087731d1181a6e7af99b4bbe932b27ae12c9e63bd50f8b
build/swiftpm/arm64-apple-macosx/release/SwiftParserDiagnostics-tool.build/output-file-map.json	8231709e05cee62e79a6c29cd8e9fb071b3ab3c9ac674d4ae8cd93150aa7df2d
build/swiftpm/arm64-apple-macosx/release/SwiftParserDiagnostics-tool.build/sources	486c0506414e7eacd92997223d8f0b5c5fb1f0c026ca28446347a28994277138
build/swiftpm/arm64-apple-macosx/release/SwiftSyntax-tool.build/AbsolutePosition.swift.o	5391658849d3cb5215086a9f14d535655465f96c7aebb342c9a0ead7e7a016a5
build/swiftpm/arm64-apple-macosx/release/SwiftSyntax-tool.build/AbsoluteSyntaxInfo.swift.o	907c6194aa18b9117dcc0fc73f7f32a5be63c4a2f51dea2d8f513bf428e25e99
build/swiftpm/arm64-apple-macosx/release/SwiftSyntax-tool.build/ArenaAllocatedBuffer.swift.o	692e5bb6ca9a0b07a421b25dc84d82cd605383387810a8d7557f7c7fe6d55fc8
build/swiftpm/arm64-apple-macosx/release/SwiftSyntax-tool.build/Assert.swift.o	fce01c10ad3e6c9f7946337e12b582a5d641f699c80e5d1e37f4ce0a1a6f70fa
build/swiftpm/arm64-apple-macosx/release/SwiftSyntax-tool.build/BumpPtrAllocator.swift.o	5d5dd81e0856d83dfa17d6f2558c16a464ef2e4f37b76e98b9147f8a1412cd3e
build/swiftpm/arm64-apple-macosx/release/SwiftSyntax-tool.build/ChildNameForKeyPath.swift.o	351746f500ade4f6ae99c6c33b3689247eaa033d8fc22f95b349bf8a814cc73c
build/swiftpm/arm64-apple-macosx/release/SwiftSyntax-tool.build/CommonAncestor.swift.o	772119353163003039a3bac218566d696388f0f95b703f3ce2276fe57fbcaf20
build/swiftpm/arm64-apple-macosx/release/SwiftSyntax-tool.build/Convenience.swift.o	4749522857cff46bb2658c81341fa20c630ac1a75c9c27b5d6bc460005fba4a5
build/swiftpm/arm64-apple-macosx/release/SwiftSyntax-tool.build/CustomTraits.swift.o	76a3c3eb16c02b58144a95486949258f633092c3e495c3d4236b3c526307b129
build/swiftpm/arm64-apple-macosx/release/SwiftSyntax-tool.build/EditorPlaceholder.swift.o	fc377d181dc438ab02752490f2d9833babf2360bd8d253a8fc5375517e84f706
build/swiftpm/arm64-apple-macosx/release/SwiftSyntax-tool.build/Identifier.swift.o	74d8c7e5d56def2965fd8f330036cb26eb77d6292336ed992741fb15a4349d92
build/swiftpm/arm64-apple-macosx/release/SwiftSyntax-tool.build/Keyword.swift.o	7626278fd67950a7a86e29267baab78e70d070f915fc6329e8cd0ba8598b5688
build/swiftpm/arm64-apple-macosx/release/SwiftSyntax-tool.build/MemoryLayout.swift.o	d7cf635a0ae02118c802b9fdc5ae8c5f0e0062c87b0b0eff579766494f79df93
build/swiftpm/arm64-apple-macosx/release/SwiftSyntax-tool.build/MissingNodeInitializers.swift.o	300790e9bd8e5cc59c6228659b262088b44c7fbd52ce78d1f61306801662749b
build/swiftpm/arm64-apple-macosx/release/SwiftSyntax-tool.build/RawSyntax.swift.o	ee6acebcaffc95b50bb6d66dcdf2160e434323b6aa723da6a672a0fdf72ee2d7
build/swiftpm/arm64-apple-macosx/release/SwiftSyntax-tool.build/RawSyntaxArena.swift.o	6933c7b515f67d0c1c1b517581a5fd66dc6a73816c345300e6719cf03717cc71
build/swiftpm/arm64-apple-macosx/release/SwiftSyntax-tool.build/RawSyntaxLayoutView.swift.o	ff63d32c8a82af20847f0dfc5f27d7e15530412c1b6f542643fc458b80aaa935
build/swiftpm/arm64-apple-macosx/release/SwiftSyntax-tool.build/RawSyntaxNodeProtocol.swift.o	94af63942f7d6f400957cbdf6e783a0d76c3b93bc3caf68c2a16c0ddf5866aeb
build/swiftpm/arm64-apple-macosx/release/SwiftSyntax-tool.build/RawSyntaxNodesAB.swift.o	49624beddd8d6071373b31f7ce767a5fa9c36e6b5863fc42d0ad4c0ac5fafbf6
build/swiftpm/arm64-apple-macosx/release/SwiftSyntax-tool.build/RawSyntaxNodesC.swift.o	57d804a08c3b1b10064a27db99ec1536cf547f319621914f769fdbe372bb154e
build/swiftpm/arm64-apple-macosx/release/SwiftSyntax-tool.build/RawSyntaxNodesD.swift.o	7bb89e2c573e4637614ba4b96098a469a390729fcb8f62f71a62698fc3bcd53b
build/swiftpm/arm64-apple-macosx/release/SwiftSyntax-tool.build/RawSyntaxNodesEF.swift.o	d294b501a862184974b11a3e554539492b06b978b805e91129e9ff12cda771d7
build/swiftpm/arm64-apple-macosx/release/SwiftSyntax-tool.build/RawSyntaxNodesGHI.swift.o	9f5e7a540cbd94116d883a3597908e5b796eb0436728804d9c688d14638878a9
build/swiftpm/arm64-apple-macosx/release/SwiftSyntax-tool.build/RawSyntaxNodesJKLMN.swift.o	585a3d92f7b3df5912496c905b420727a20fc54d50bca74f1cd881f8a0ec47ab
build/swiftpm/arm64-apple-macosx/release/SwiftSyntax-tool.build/RawSyntaxNodesOP.swift.o	c20fdc8e02649b719c57ec2e0e291c16da0ba08cffe2afae52df1555e2c206b7
build/swiftpm/arm64-apple-macosx/release/SwiftSyntax-tool.build/RawSyntaxNodesQRS.swift.o	936eabf07d0ad10877f146caa2aab8651c61bfe0e68148946292ef9c86386687
build/swiftpm/arm64-apple-macosx/release/SwiftSyntax-tool.build/RawSyntaxNodesTUVWXYZ.swift.o	05dd14f8dffcb2748d27d51385b371ad8b14feedb9ca6b8c402c8e34cc3e4148
build/swiftpm/arm64-apple-macosx/release/SwiftSyntax-tool.build/RawSyntaxTokenView.swift.o	0f4f8619122b3830dba73f45d25b77fb48eee18404f4d3706e1388d4241d8b42
build/swiftpm/arm64-apple-macosx/release/SwiftSyntax-tool.build/RawSyntaxValidation.swift.o	17f57d4353d0adfce4269c08a87d794b509ec5064f9fe90914ce3a3e44b28d7e
build/swiftpm/arm64-apple-macosx/release/SwiftSyntax-tool.build/RenamedChildrenCompatibility.swift.o	34f8405b0e9943f4be48438b02ebeca51be81d1458dd2e8dd118202ba93912c6
build/swiftpm/arm64-apple-macosx/release/SwiftSyntax-tool.build/RenamedNodesCompatibility.swift.o	4ee447668d73f4e7f60968373b734cafefe3b6a3ba89196fdc81f951c78a064f
build/swiftpm/arm64-apple-macosx/release/SwiftSyntax-tool.build/SourceEdit.swift.o	4478f21b119409930e31468ec2433f58edc1751719ffab3de02233fea3bc0bf3
build/swiftpm/arm64-apple-macosx/release/SwiftSyntax-tool.build/SourceLength.swift.o	47264d0cee19d5183c9c0eed5a432da63a3100e739f8a75f63aeac3c736cf7c2
build/swiftpm/arm64-apple-macosx/release/SwiftSyntax-tool.build/SourceLocation.swift.o	e08db2c6751fa4f55d13ba2c92acf7767a9770e712c93b985335c0e626d381df
build/swiftpm/arm64-apple-macosx/release/SwiftSyntax-tool.build/SourcePresence.swift.o	70615d300277d2db398d7d1b0b74bc8d60e7c636288adf451ca3f5ab2ab75a82
build/swiftpm/arm64-apple-macosx/release/SwiftSyntax-tool.build/SwiftSyntax.d	b866a6f9e21b2ad71df43af822e60683f181511b96f63d161dba2accf438d738
build/swiftpm/arm64-apple-macosx/release/SwiftSyntax-tool.build/SwiftSyntax.dia	2c72d5afff8cce441f2f8299a18215b0bf79605aa7eb05839e38f7949b46c0e2
build/swiftpm/arm64-apple-macosx/release/SwiftSyntax-tool.build/SwiftSyntaxCompatibility.swift.o	d91a0359f24064787a6f4822542208ee57261164008432f426426871d78d8ab8
build/swiftpm/arm64-apple-macosx/release/SwiftSyntax-tool.build/Syntax.swift.o	11bdf31a3589f4fc397aec60812b18a08236e1628a10ac46084267c607d77bdb
build/swiftpm/arm64-apple-macosx/release/SwiftSyntax-tool.build/SyntaxAnyVisitor.swift.o	77e92301848982dc03794f7f8832ef34d118c362978d0854850599f9fe93661a
build/swiftpm/arm64-apple-macosx/release/SwiftSyntax-tool.build/SyntaxBaseNodes.swift.o	1410e4438ca886f80450d84770fecb076f62d3a7d1d20f88ffc73943ad13f344
build/swiftpm/arm64-apple-macosx/release/SwiftSyntax-tool.build/SyntaxChildren.swift.o	fe7836e84e476dcb4e8b33a5f19dfa9d67ad97e5e25a7b45ea236e4bfa54b43f
build/swiftpm/arm64-apple-macosx/release/SwiftSyntax-tool.build/SyntaxCollection.swift.o	d90599f7af53845ceeb71cba6681b84c68437782dae6fe9c7214784b02b0fff0
build/swiftpm/arm64-apple-macosx/release/SwiftSyntax-tool.build/SyntaxCollections.swift.o	edd2fa67016d4a453fe12c2f0723e66a7dd90729835c9b666dc029f3aea10abd
build/swiftpm/arm64-apple-macosx/release/SwiftSyntax-tool.build/SyntaxEnum.swift.o	f2e1a0827bb580630129a7c42c5ec4dd837124d6d67e1a1a3d25a90222ed23cf
build/swiftpm/arm64-apple-macosx/release/SwiftSyntax-tool.build/SyntaxHashable.swift.o	3fa404a419e95664bc373f79d5e0e6441c0dbdb7eb828ccb47c123507e1857f8
build/swiftpm/arm64-apple-macosx/release/SwiftSyntax-tool.build/SyntaxIdentifier.swift.o	76412422285d68c2a0354b6e3bbc34c4e1cf5a7f750831cd1f6fc066258698fd
build/swiftpm/arm64-apple-macosx/release/SwiftSyntax-tool.build/SyntaxKind.swift.o	fe18d3ed61a23d8885b3046382a35a521c946985210c431a569cf9f06eaf0aba
build/swiftpm/arm64-apple-macosx/release/SwiftSyntax-tool.build/SyntaxNodeStructure.swift.o	8c5d5a3ed5f87c49cbefd7a1d263cc54995f69fa4ccc6752a0054c470d4e98fc
build/swiftpm/arm64-apple-macosx/release/SwiftSyntax-tool.build/SyntaxNodesAB.swift.o	6f05ec11f3985089e67b89c8d9e51584edb05e03d2aaf67e7df67aa6034b3407
build/swiftpm/arm64-apple-macosx/release/SwiftSyntax-tool.build/SyntaxNodesC.swift.o	7b66ea98b9a07774738c9b48f0c122a9bbe796e3535487ec77f52a3e8918a76c
build/swiftpm/arm64-apple-macosx/release/SwiftSyntax-tool.build/SyntaxNodesD.swift.o	ab0500377282171ff120bfad42e103b78ff7bf60f9d7c3da357ce41e9d809945
build/swiftpm/arm64-apple-macosx/release/SwiftSyntax-tool.build/SyntaxNodesEF.swift.o	ccf4229e86e32691fdfd6fb5e5b78647dcdba3cdc8d10fedfa335e0232ba7d3a
build/swiftpm/arm64-apple-macosx/release/SwiftSyntax-tool.build/SyntaxNodesGHI.swift.o	b8a99254ab0250b7b0cbe13d5f5fc28a5085e63a07bd100fc233b8d1d0987ae3
build/swiftpm/arm64-apple-macosx/release/SwiftSyntax-tool.build/SyntaxNodesJKLMN.swift.o	b8ad8129e0deeae67dc1b229c8a4464a64cee5aa0cc655c753fe9abf3a47c4cc
build/swiftpm/arm64-apple-macosx/release/SwiftSyntax-tool.build/SyntaxNodesOP.swift.o	59f6a97cb2fee21e04c4805bb85329f335e5347c3bc96850240b7b3ea92a2300
build/swiftpm/arm64-apple-macosx/release/SwiftSyntax-tool.build/SyntaxNodesQRS.swift.o	a2f8453fb8702eff2f206f489ead32792b489ebf22955894b85e66581a5cd6d5
build/swiftpm/arm64-apple-macosx/release/SwiftSyntax-tool.build/SyntaxNodesTUVWXYZ.swift.o	6464dc4d2c2b873402e15fd24d77cc5a6d5b69e796d2ba817b5c0c83c142917f
build/swiftpm/arm64-apple-macosx/release/SwiftSyntax-tool.build/SyntaxProtocol.swift.o	525c15e4c61edd8516f6ba2a0db62aa8f0c0a60454ac906fa4a59c2c621db936
build/swiftpm/arm64-apple-macosx/release/SwiftSyntax-tool.build/SyntaxRewriter.swift.o	2596da66f8a9ef7086273e2fa6b2c72b15198e5d5e52167b232a4e87bd651107
build/swiftpm/arm64-apple-macosx/release/SwiftSyntax-tool.build/SyntaxText.swift.o	1e383138e5f20aed7d216d3256d7ee65a43edffd68d800ad2a07d4edecf31643
build/swiftpm/arm64-apple-macosx/release/SwiftSyntax-tool.build/SyntaxTraits.swift.o	812937c80448fcb78110f3bc48bc3879f0ee06150395ffdd92dd9c3987219e26
build/swiftpm/arm64-apple-macosx/release/SwiftSyntax-tool.build/SyntaxTreeViewMode.swift.o	22d3ef0c000666818d639cf78bc5918f7459adf7f348317427527202ebfa8249
build/swiftpm/arm64-apple-macosx/release/SwiftSyntax-tool.build/SyntaxVisitor.swift.o	91114410d89314194e827102a653e96ad8247743fbc0a77aa7b06c95a037a14d
build/swiftpm/arm64-apple-macosx/release/SwiftSyntax-tool.build/TokenDiagnostic.swift.o	03a47482a3e38b440657cf074b62428ab42e1ca4df0a6d03ad5e33af27cfe53d
build/swiftpm/arm64-apple-macosx/release/SwiftSyntax-tool.build/TokenKind.swift.o	dcc586f0605189511299a585d6dc97b1bfadf9db7302c8a088ed9e8c155e41c5
build/swiftpm/arm64-apple-macosx/release/SwiftSyntax-tool.build/TokenSequence.swift.o	957bc4fef7dac22bf960655d61c2828e1f3dc65625645fa22f6880929965c292
build/swiftpm/arm64-apple-macosx/release/SwiftSyntax-tool.build/TokenSyntax.swift.o	2d80daf73bf57a505ed0062638c35d2a9602694ab9034c751ecca77c31ed5143
build/swiftpm/arm64-apple-macosx/release/SwiftSyntax-tool.build/Tokens.swift.o	2a879da07607220b1a0b6bf9308181c65a57f2c70614d214ad2ada77e006f2f9
build/swiftpm/arm64-apple-macosx/release/SwiftSyntax-tool.build/Trivia.swift.o	0aabce0f098c908d81be88fcec552feff8255fe573ee619e7646c0904a26a9d3
build/swiftpm/arm64-apple-macosx/release/SwiftSyntax-tool.build/TriviaPieces.swift.o	30e1dfaf0f389391c93d30ef409c36a6bc290b869b2b8af71423c7197ab30f80
build/swiftpm/arm64-apple-macosx/release/SwiftSyntax-tool.build/Utils.swift.o	daedc81d85764a457c5e5cc06016cfec72d9a6f4d5fb7afc7368f4ae0167d704
build/swiftpm/arm64-apple-macosx/release/SwiftSyntax-tool.build/include/SwiftSyntax-Swift.h	741552fea62f3e49875ace0e928d8fb5d352f03939252260940453c3ba1c0e79
build/swiftpm/arm64-apple-macosx/release/SwiftSyntax-tool.build/include/module.modulemap	bb78a572b484800b9eea27699e2eedd8e272faea6bfcb7442abc908b865d4adb
build/swiftpm/arm64-apple-macosx/release/SwiftSyntax-tool.build/output-file-map.json	d8744dc84338b062ff46185ef4123d3921ce22f8a90196e7cb9009b36a0bc0a6
build/swiftpm/arm64-apple-macosx/release/SwiftSyntax-tool.build/sources	f2d3c973e733dc3b6844c02561682868e6ba3746f1d0f1ebbecf0b910735bcd0
build/swiftpm/arm64-apple-macosx/release/SwiftSyntax509-tool.build/Empty.swift.o	f201723253d23b90f680aca8fbff45c1425fb62410c8621d3e1a4a8f97009018
build/swiftpm/arm64-apple-macosx/release/SwiftSyntax509-tool.build/SwiftSyntax509.d	56869e1d1644e964c77bbc461353496cfc561e61039ed6e883d89a7c69a50d95
build/swiftpm/arm64-apple-macosx/release/SwiftSyntax509-tool.build/SwiftSyntax509.dia	2c72d5afff8cce441f2f8299a18215b0bf79605aa7eb05839e38f7949b46c0e2
build/swiftpm/arm64-apple-macosx/release/SwiftSyntax509-tool.build/include/SwiftSyntax509-Swift.h	eb3de6e540629488f1a5b7e3cedb802c1f03aba94f85ef19aa292343c9fbf136
build/swiftpm/arm64-apple-macosx/release/SwiftSyntax509-tool.build/include/module.modulemap	e760bfa0e8863cce29ad3759e5c54aa32928d092caf705b553ae890c144a7f9d
build/swiftpm/arm64-apple-macosx/release/SwiftSyntax509-tool.build/output-file-map.json	e3329e4749a896a8653ef0dc9c00edd02dad94a1f4cfaf63ec7db5f28fd817fa
build/swiftpm/arm64-apple-macosx/release/SwiftSyntax509-tool.build/sources	b80e7a94c8718dfaedc6ae617baf7a8a5b0e07261d1081ec263ee7b9e578c968
build/swiftpm/arm64-apple-macosx/release/SwiftSyntax510-tool.build/Empty.swift.o	660204318cb7424cc8c18eb900aedbb65a2cdc711690147794bac636ea1caa54
build/swiftpm/arm64-apple-macosx/release/SwiftSyntax510-tool.build/SwiftSyntax510.d	362b77d5ac3c0b5bb3a24ef96521fe0e9458d765b16eb013122a5238f92be950
build/swiftpm/arm64-apple-macosx/release/SwiftSyntax510-tool.build/SwiftSyntax510.dia	2c72d5afff8cce441f2f8299a18215b0bf79605aa7eb05839e38f7949b46c0e2
build/swiftpm/arm64-apple-macosx/release/SwiftSyntax510-tool.build/include/SwiftSyntax510-Swift.h	f37443c1e1cc128b438488e4989701594d462d174b0b07516981237cddeeb9f5
build/swiftpm/arm64-apple-macosx/release/SwiftSyntax510-tool.build/include/module.modulemap	4bdc9cfe464561202863b2a8cf780542bfb4b17d134a4ad08dbc41fc7e0a8af8
build/swiftpm/arm64-apple-macosx/release/SwiftSyntax510-tool.build/output-file-map.json	0b91c4ffea5e86d8b05ee811f5383dd5b6143ca0eeafdfeee3e230c88302aa4f
build/swiftpm/arm64-apple-macosx/release/SwiftSyntax510-tool.build/sources	8ce9d976798bc075d41a10eaa9061c7035716c66a9a0c06e815826d24b92d6ec
build/swiftpm/arm64-apple-macosx/release/SwiftSyntax600-tool.build/Empty.swift.o	8d13a4a8f086d74db4d966ad9cd5a93070e65c6608f23bc26c5aae0173724300
build/swiftpm/arm64-apple-macosx/release/SwiftSyntax600-tool.build/SwiftSyntax600.d	bf2a822b46b4247cb7f5fd2bdfb40d5ff16a9ac08e013bb3ea73f76ee4b64226
build/swiftpm/arm64-apple-macosx/release/SwiftSyntax600-tool.build/SwiftSyntax600.dia	2c72d5afff8cce441f2f8299a18215b0bf79605aa7eb05839e38f7949b46c0e2
build/swiftpm/arm64-apple-macosx/release/SwiftSyntax600-tool.build/include/SwiftSyntax600-Swift.h	c3f172dc825f3fcf995dd68b5bf58a8bbdfc727ec827a6c09ea2d81a6044e10a
build/swiftpm/arm64-apple-macosx/release/SwiftSyntax600-tool.build/include/module.modulemap	3a54928ec64e1c4f785108c5ea39ff828a2622fd4689616f4bb8baa397aa4ef7
build/swiftpm/arm64-apple-macosx/release/SwiftSyntax600-tool.build/output-file-map.json	8d1c25b63d65ee3f3577823c8599609addfb7718515c592b6e1d85a6fa898705
build/swiftpm/arm64-apple-macosx/release/SwiftSyntax600-tool.build/sources	6f8765c2e8e4d10840377ac26f47f61265fd398d10391503d8f7666fcf7978de
build/swiftpm/arm64-apple-macosx/release/SwiftSyntax601-tool.build/Empty.swift.o	1b1f19a3d9ba2d38e2506e30c232397cdb5ce117d858fafe1418188ede7dd7e5
build/swiftpm/arm64-apple-macosx/release/SwiftSyntax601-tool.build/SwiftSyntax601.d	f849a417b26d9bae7f320e5104570b7e67f55f3db4fdb59c7ecfd70e3c822b30
build/swiftpm/arm64-apple-macosx/release/SwiftSyntax601-tool.build/SwiftSyntax601.dia	2c72d5afff8cce441f2f8299a18215b0bf79605aa7eb05839e38f7949b46c0e2
build/swiftpm/arm64-apple-macosx/release/SwiftSyntax601-tool.build/include/SwiftSyntax601-Swift.h	6dac6a52666d61d7904d3ef01a75fe732c5f07339bb392c0ab1b1be5adfba735
build/swiftpm/arm64-apple-macosx/release/SwiftSyntax601-tool.build/include/module.modulemap	f434fe9917c55ff096ee32de6df6e08d2025df522690b2831d8aa3f2d54dc2b7
build/swiftpm/arm64-apple-macosx/release/SwiftSyntax601-tool.build/output-file-map.json	308dc63a0501f502d05d848546abaea33b031ba392d5a1948406be28893f4c81
build/swiftpm/arm64-apple-macosx/release/SwiftSyntax601-tool.build/sources	0d9106d217a74e96be545a74cb62b48e155cc913f72c1900ec5398d0b432a43f
build/swiftpm/arm64-apple-macosx/release/SwiftSyntax602-tool.build/Empty.swift.o	b23df85afa5a66814eee6c4d9a936afca9598268c83134fd4474757e5e0b1d63
build/swiftpm/arm64-apple-macosx/release/SwiftSyntax602-tool.build/SwiftSyntax602.d	e2ad184f8a27c7201562bcaf772ca0b385b2aaca32a1d99a5ffc1c9504f75427
build/swiftpm/arm64-apple-macosx/release/SwiftSyntax602-tool.build/SwiftSyntax602.dia	2c72d5afff8cce441f2f8299a18215b0bf79605aa7eb05839e38f7949b46c0e2
build/swiftpm/arm64-apple-macosx/release/SwiftSyntax602-tool.build/include/SwiftSyntax602-Swift.h	a018e69df2fbb099de261e1050933a102ed6373cce60c7836475b68fd34d39b9
build/swiftpm/arm64-apple-macosx/release/SwiftSyntax602-tool.build/include/module.modulemap	fe54d114476de4e05bfec5324638473a23014f51ccb5478c3847251bcbae7ee3
build/swiftpm/arm64-apple-macosx/release/SwiftSyntax602-tool.build/output-file-map.json	30271d8ecb2dfff8ce45c93f38f6755ca10bc7e6548ae17b47f16d5132b3fa4b
build/swiftpm/arm64-apple-macosx/release/SwiftSyntax602-tool.build/sources	5d113fbabd70d2c748b497f93212f8545702724d0f9184b0360a555d03a4ec76
build/swiftpm/arm64-apple-macosx/release/SwiftSyntax603-tool.build/Empty.swift.o	0821c466c8df31d2a1600d6414cbbaa5c4b5e117b76b79b7526618f46ccb2570
build/swiftpm/arm64-apple-macosx/release/SwiftSyntax603-tool.build/SwiftSyntax603.d	f6964bc6b4977cbc97be433ed8ec911ab02b163c272c5782a19701b0fd374447
build/swiftpm/arm64-apple-macosx/release/SwiftSyntax603-tool.build/SwiftSyntax603.dia	2c72d5afff8cce441f2f8299a18215b0bf79605aa7eb05839e38f7949b46c0e2
build/swiftpm/arm64-apple-macosx/release/SwiftSyntax603-tool.build/include/SwiftSyntax603-Swift.h	92c8dc0d38ea6db7851bc645e179226d5cfcd29fd82fdb5782ec3ef36115e449
build/swiftpm/arm64-apple-macosx/release/SwiftSyntax603-tool.build/include/module.modulemap	2f49a0a0821bc982470e3a19c3bb943cb6d451042ad24591dc8bf10e7ff8391c
build/swiftpm/arm64-apple-macosx/release/SwiftSyntax603-tool.build/output-file-map.json	eee91e172338cf31deecb7018ca6a54044b611ffbe9954ed54b01a8893178cd4
build/swiftpm/arm64-apple-macosx/release/SwiftSyntax603-tool.build/sources	6de7bffd364652748b44caad58adff1f81641e6eaa6821178b46bab6dc4f4fdb
build/swiftpm/arm64-apple-macosx/release/SwiftSyntaxBuilder-tool.build/BuildableNodes.swift.o	dfab2c8c40b21ff14b990664208790b039c1f9824185c1d68ff85ecf6862b53b
build/swiftpm/arm64-apple-macosx/release/SwiftSyntaxBuilder-tool.build/ConvenienceInitializers.swift.o	9baab1fbf0d4f24eb475192cd86cd0b3a8fda891c150e55b4afdddb4ee4b26ba
build/swiftpm/arm64-apple-macosx/release/SwiftSyntaxBuilder-tool.build/DeclSyntaxParseable.swift.o	4d92062c52ce293ad14f40797029afbec2eb38290bc41615b342adab4d4d2688
build/swiftpm/arm64-apple-macosx/release/SwiftSyntaxBuilder-tool.build/Indenter.swift.o	b4f2e32eea683577df116d215eb7e00c118150fb72cd187a727859f97627f4a8
build/swiftpm/arm64-apple-macosx/release/SwiftSyntaxBuilder-tool.build/ListBuilder.swift.o	ec3dcaabd2f69fbda311f11c56c985f0b3fa1a0623a745e8b1a436837b7dbcfc
build/swiftpm/arm64-apple-macosx/release/SwiftSyntaxBuilder-tool.build/RenamedChildrenBuilderCompatibility.swift.o	1529b8504abead542aac234df42875580693f9b52043d3c8d0df152381a3c5d1
build/swiftpm/arm64-apple-macosx/release/SwiftSyntaxBuilder-tool.build/ResultBuilderExtensions.swift.o	bac2b254c43911716c78cc508fc188e8f6f3997fd3c9a571f7a6d4be88b7f3d2
build/swiftpm/arm64-apple-macosx/release/SwiftSyntaxBuilder-tool.build/ResultBuilders.swift.o	18dec9223cad4a798f71dd8d48bcf9535fefb70781ebfa728674ddda983bd0eb
build/swiftpm/arm64-apple-macosx/release/SwiftSyntaxBuilder-tool.build/SwiftSyntaxBuilder.d	07d5f3ff1744198c7847e25e326ce4a8181e4fa2340915abdffa785af9ae63d1
build/swiftpm/arm64-apple-macosx/release/SwiftSyntaxBuilder-tool.build/SwiftSyntaxBuilder.dia	2c72d5afff8cce441f2f8299a18215b0bf79605aa7eb05839e38f7949b46c0e2
build/swiftpm/arm64-apple-macosx/release/SwiftSyntaxBuilder-tool.build/SwiftSyntaxBuilderCompatibility.swift.o	2e288cffe99e0745568b73a5f0b9196dbe229814f2161dc8af8f700df019de37
build/swiftpm/arm64-apple-macosx/release/SwiftSyntaxBuilder-tool.build/Syntax+StringInterpolation.swift.o	e9614cd1e464617e9226b40a6084700d173a0d228114bd8ec5835a2703fa8893
build/swiftpm/arm64-apple-macosx/release/SwiftSyntaxBuilder-tool.build/SyntaxExpressibleByStringInterpolationConformances.swift.o	ecbe52e6d4ccea09e0bf7446b51cdaba3275ec1e22894104facddce419d407e5
build/swiftpm/arm64-apple-macosx/release/SwiftSyntaxBuilder-tool.build/SyntaxNodeWithBody.swift.o	4639cb6360660214e9c214d4fe0c105add76fbb6e97c916de1404c3492673019
build/swiftpm/arm64-apple-macosx/release/SwiftSyntaxBuilder-tool.build/SyntaxParsable+ExpressibleByStringInterpolation.swift.o	86bdcb2fd48932fb3d7fdf84831ad5d330950cfccf9060ef07e648564d6e2957
build/swiftpm/arm64-apple-macosx/release/SwiftSyntaxBuilder-tool.build/ValidatingSyntaxNodes.swift.o	4ad4252193504a6c5583aedbe85974f3bd05229409b5065e8209fa65a82b613c
build/swiftpm/arm64-apple-macosx/release/SwiftSyntaxBuilder-tool.build/WithTrailingCommaSyntax+EnsuringTrailingComma.swift.o	816a180d0a19b7fefbd769bef47ca89aab0f54481206d4846df42f645e264454
build/swiftpm/arm64-apple-macosx/release/SwiftSyntaxBuilder-tool.build/include/SwiftSyntaxBuilder-Swift.h	b70afc4c69f67b20de24ae76bf6269688f6fabd1ca8c7d43e5062354ada9567f
build/swiftpm/arm64-apple-macosx/release/SwiftSyntaxBuilder-tool.build/include/module.modulemap	812ae9e45e8627850d6b15b967189cc53784c40173a94dd96e535af6f48eab1b
build/swiftpm/arm64-apple-macosx/release/SwiftSyntaxBuilder-tool.build/output-file-map.json	187111bde50898c0e542daadccaeeba13644ae7e7ff087f963b3bd755d2cf80b
build/swiftpm/arm64-apple-macosx/release/SwiftSyntaxBuilder-tool.build/sources	43fc718d14eb482968813481925680f691c7ffcdcc68b58940828aedaf787952
build/swiftpm/arm64-apple-macosx/release/SwiftSyntaxMacroExpansion-tool.build/BasicMacroExpansionContext.swift.o	fc07e898930b72877c1aa51a51a31e919e0b097e4bacd5cf9f79201dc3e166a0
build/swiftpm/arm64-apple-macosx/release/SwiftSyntaxMacroExpansion-tool.build/FunctionParameterUtils.swift.o	48ab9849db73d6a6990e51d2379e4799ddaad63551776c9f35a8cd37c45a09e3
build/swiftpm/arm64-apple-macosx/release/SwiftSyntaxMacroExpansion-tool.build/IndentationUtils.swift.o	0b22823de388f4de9c7759ca30f70642c107acb4e92e365afe6199c92fed23fe
build/swiftpm/arm64-apple-macosx/release/SwiftSyntaxMacroExpansion-tool.build/MacroArgument.swift.o	381803cace36545b1972e150c06d382455ff28e3ebe8e2c8c41459ea32a2a1da
build/swiftpm/arm64-apple-macosx/release/SwiftSyntaxMacroExpansion-tool.build/MacroExpansion.swift.o	bf1ecd63c9e0b6c48099ac9016f1267e489335bbc0d19162419b5055985baf46
build/swiftpm/arm64-apple-macosx/release/SwiftSyntaxMacroExpansion-tool.build/MacroExpansionDiagnosticMessages.swift.o	f7d14884099d7d91485b51297e84041079fad982d8b41647edc4831b44dad7bb
build/swiftpm/arm64-apple-macosx/release/SwiftSyntaxMacroExpansion-tool.build/MacroReplacement.swift.o	70ec94a7d848c2aa9ecd6cb1883777e0c523ed1f380f82ff057a28ab7beff2d0
build/swiftpm/arm64-apple-macosx/release/SwiftSyntaxMacroExpansion-tool.build/MacroSpec.swift.o	f3f4982b7da4b8d3a9027142878475d0204a2da2d98942a2d4a38cff7c36abb6
build/swiftpm/arm64-apple-macosx/release/SwiftSyntaxMacroExpansion-tool.build/MacroSystem.swift.o	ac11e8a5102206a77cec9223a769010498965afc394f72415cdd8ec7a9ea58d4
build/swiftpm/arm64-apple-macosx/release/SwiftSyntaxMacroExpansion-tool.build/SwiftSyntaxMacroExpansion.d	9927879c2a8ff3b7c6284733b5a534051e0d3be54b2d4e392cd75c38327bdf9a
build/swiftpm/arm64-apple-macosx/release/SwiftSyntaxMacroExpansion-tool.build/SwiftSyntaxMacroExpansion.dia	2c72d5afff8cce441f2f8299a18215b0bf79605aa7eb05839e38f7949b46c0e2
build/swiftpm/arm64-apple-macosx/release/SwiftSyntaxMacroExpansion-tool.build/include/SwiftSyntaxMacroExpansion-Swift.h	099ffdc783ed96b125d7571011e57eeca4fd322d4aa789e6b1a09c2e4de6f4ad
build/swiftpm/arm64-apple-macosx/release/SwiftSyntaxMacroExpansion-tool.build/include/module.modulemap	9bca780073e63b98a1dfeee5eabb50c5463a46345c69ea9e333e30a8d09437ef
build/swiftpm/arm64-apple-macosx/release/SwiftSyntaxMacroExpansion-tool.build/output-file-map.json	1c0605120bd0b738bf4490bf197804944f77920bd7eb3b52bcee6f17e9af4e3b
build/swiftpm/arm64-apple-macosx/release/SwiftSyntaxMacroExpansion-tool.build/sources	baaeb3009fa1b76c433344f1c51e03c50c44f14fdfd7ece8aed2428911449c7e
build/swiftpm/arm64-apple-macosx/release/SwiftSyntaxMacros-tool.build/AbstractSourceLocation.swift.o	bf264b86eb1a71233f1a444915f06f7ffa87e7f8e559d65ae910325bdde48c00
build/swiftpm/arm64-apple-macosx/release/SwiftSyntaxMacros-tool.build/AccessorMacro.swift.o	61010a46ff6def3029b00f2730302b354bf6eaa7ebdbfd4a229489e70e463ab1
build/swiftpm/arm64-apple-macosx/release/SwiftSyntaxMacros-tool.build/AttachedMacro.swift.o	1925e36e9ca99609bb6cf91e693b2afb54f32ed2bcf86e78dd0700ea09ccd328
build/swiftpm/arm64-apple-macosx/release/SwiftSyntaxMacros-tool.build/BodyMacro.swift.o	0f257927469c512a809fa2b9892eebc8661efccbcdf854ef92f02db3f3337148
build/swiftpm/arm64-apple-macosx/release/SwiftSyntaxMacros-tool.build/CodeItemMacro.swift.o	1a8905c58a6a9ad860fb4a878962a2bbb4aa56672a9776ccc911352bc0535a3a
build/swiftpm/arm64-apple-macosx/release/SwiftSyntaxMacros-tool.build/DeclarationMacro.swift.o	785238e295b6b2c5be72cc0b6c8b0a8ef55dc21d043c5ab34580c35a1ce6324c
build/swiftpm/arm64-apple-macosx/release/SwiftSyntaxMacros-tool.build/ExpressionMacro.swift.o	c4a8851b50ad8f1949193e168733c5140b832e44862f47d8e053fed8e0218fd3
build/swiftpm/arm64-apple-macosx/release/SwiftSyntaxMacros-tool.build/ExtensionMacro.swift.o	1f720a91e70c411e8e51cec7e4a3a08c6ccb63c3f91c89c3de4d7b14ebf11acc
build/swiftpm/arm64-apple-macosx/release/SwiftSyntaxMacros-tool.build/FreestandingMacro.swift.o	4a7da2e753baae7a9022c41dd070aacf5b98d095c7a48f3b438329646fa6ed3a
build/swiftpm/arm64-apple-macosx/release/SwiftSyntaxMacros-tool.build/Macro+Format.swift.o	53d6a49ec467c2853054b70d4b90a8fea42aa68f304bf7d9ab1eb0103b630a20
build/swiftpm/arm64-apple-macosx/release/SwiftSyntaxMacros-tool.build/Macro.swift.o	f53e04fe22ebe5b4fdbf2623352064e904cd9ade17c74fd21fcca686af42e783
build/swiftpm/arm64-apple-macosx/release/SwiftSyntaxMacros-tool.build/MacroExpansionContext.swift.o	0c1194848d5911147d47c171e7757bd61b79d6151cc7a553e65e21d35c64e32c
build/swiftpm/arm64-apple-macosx/release/SwiftSyntaxMacros-tool.build/MacroExpansionDiagnosticMessages.swift.o	aede0c565b29bba40534cc2c12a225f6c0c72fa04083d0729c1d0c0ea75d6925
build/swiftpm/arm64-apple-macosx/release/SwiftSyntaxMacros-tool.build/MemberAttributeMacro.swift.o	872ec8197224141b65642c242012f8e08f38bb29f01671e5ca9162be3967769e
build/swiftpm/arm64-apple-macosx/release/SwiftSyntaxMacros-tool.build/MemberMacro.swift.o	739fa99552e778ea1406f02a0035529299bb87f2da488db95f6eb3948c052f94
build/swiftpm/arm64-apple-macosx/release/SwiftSyntaxMacros-tool.build/PeerMacro.swift.o	7efd908a4457849e00d48ffebf10aafd13318def08fddab598dec5279901235f
build/swiftpm/arm64-apple-macosx/release/SwiftSyntaxMacros-tool.build/PreambleMacro.swift.o	e60e5a4ef9fd1333af55ce38d4a4abf965f7e54bfa6ad15142a1965ef3248624
build/swiftpm/arm64-apple-macosx/release/SwiftSyntaxMacros-tool.build/SwiftSyntaxMacros.d	dc8af8595efdc37af9ba91673e1003643e6c0b3374bf4abd77213b36bda937e3
build/swiftpm/arm64-apple-macosx/release/SwiftSyntaxMacros-tool.build/SwiftSyntaxMacros.dia	2c72d5afff8cce441f2f8299a18215b0bf79605aa7eb05839e38f7949b46c0e2
build/swiftpm/arm64-apple-macosx/release/SwiftSyntaxMacros-tool.build/Syntax+LexicalContext.swift.o	b27656b2707e68163dbcbbaaa6fdff545018d3ac755306bee23c427ea94efdab
build/swiftpm/arm64-apple-macosx/release/SwiftSyntaxMacros-tool.build/include/SwiftSyntaxMacros-Swift.h	cbc14d095aabebae3b6473ca07a65960f6a585ced7fe7b6fea78763150a52dba
build/swiftpm/arm64-apple-macosx/release/SwiftSyntaxMacros-tool.build/include/module.modulemap	43d9f92971556cc0e2f3094702a2d8117212a2441e016a4ef3b1ce193f2b7564
build/swiftpm/arm64-apple-macosx/release/SwiftSyntaxMacros-tool.build/output-file-map.json	64bddab5d7061eac7d81648ddcc62906f761914a044d81f2d60fc7d0cc452351
build/swiftpm/arm64-apple-macosx/release/SwiftSyntaxMacros-tool.build/sources	00873e731d61c6d373584cb5231fcf095c3c189be27c4bc8527277dd8e9b7659
build/swiftpm/arm64-apple-macosx/release/SwiftSyntaxMacrosGenericTestSupport-tool.build/include/module.modulemap	a62c5d51e8c51f895fe28e95ff304e726d4f678a7e0c2e234d4f3e280a0de591
build/swiftpm/arm64-apple-macosx/release/SwiftSyntaxMacrosGenericTestSupport-tool.build/output-file-map.json	620bbf2cfc8fda4e77b6b9dfd737c30517c7350d5b7a1554c38591d6340c7a2d
build/swiftpm/arm64-apple-macosx/release/SwiftSyntaxMacrosTestSupport-tool.build/include/module.modulemap	f44e8c94533d2edda0732682e66f7556b1fb496008086813114f492fb56f0150
build/swiftpm/arm64-apple-macosx/release/SwiftSyntaxMacrosTestSupport-tool.build/output-file-map.json	6b026d79fa04bb3e52ff9979efdf0fcd7ce882241c44544962affef06d72f106
build/swiftpm/arm64-apple-macosx/release/_SwiftSyntaxCShims-tool.build/PlatformMutex.c.d	0a052fcd09ec53522c3a785405dcbf7dd31ef3969f807873f078e31bc3b5d7d5
build/swiftpm/arm64-apple-macosx/release/_SwiftSyntaxCShims-tool.build/PlatformMutex.c.o	95a6d9afcda3628cdb040415c042b2b1398a713819b0f6ea0e124272171c6158
build/swiftpm/arm64-apple-macosx/release/_SwiftSyntaxGenericTestSupport-tool.build/include/module.modulemap	4ff82c8b6dc173b192b8ef3429056da9e6b6ce00dfb271c86341307e04527c4b
build/swiftpm/arm64-apple-macosx/release/_SwiftSyntaxGenericTestSupport-tool.build/output-file-map.json	6ba5f36dda5516e3d4c98978f684e5106598f8008e0ad9b9759a72d4bfb3c8c6
build/swiftpm/arm64-apple-macosx/release/plugin-tools-description.json	48ccd2b127a5b08e9ce3bc52d9eac77ded03fd51df0ff9548e5be7f99add6295
build/swiftpm/armv6-unknown-linux-gnueabihf/release/GiftUI.build/ActionHandler.swift.o	13392596cc78e8bfcb3fdf391acd5ee3ae1cc1667e651fb404a95e00adb84436
build/swiftpm/armv6-unknown-linux-gnueabihf/release/GiftUI.build/BoundedText.swift.o	4690278844a49d53571ab1c1de1d442a5d921bfa5b4fd764cfec3ce567e8ff09
build/swiftpm/armv6-unknown-linux-gnueabihf/release/GiftUI.build/Button.swift.o	2761f0470b5c771893982c1632cfeda2e61583d6bf975894dd6135db1915c86f
build/swiftpm/armv6-unknown-linux-gnueabihf/release/GiftUI.build/Canvas.swift.o	a84a60bbec67b562ee9b20b1a9550d9c413184a689402e636b16f1aee542ac01
build/swiftpm/armv6-unknown-linux-gnueabihf/release/GiftUI.build/Color.swift.o	bcdc071b9fbe9c3826d093148cc1006d44f274233347aa89c436892039110622
build/swiftpm/armv6-unknown-linux-gnueabihf/release/GiftUI.build/DeclarativeView.swift.o	a6df424f5b2d8ba0beb9d3e6b045a862542a44bfd7e96b166e5e2c948c6f6e78
build/swiftpm/armv6-unknown-linux-gnueabihf/release/GiftUI.build/Disabled.swift.o	a63e508f25b588ff3760dc41cda56ebe26b06160e35c97ca808b2d846c491371
build/swiftpm/armv6-unknown-linux-gnueabihf/release/GiftUI.build/DrawingStyles.swift.o	245febc0d58c077ed807904d54154eafc64c2874fbc8660e0c9c67760602bdb2
build/swiftpm/armv6-unknown-linux-gnueabihf/release/GiftUI.build/DrawingSurface.swift.o	0e6cca4be159ecab5f6c7b4cf115f1a57343071d7a49f450aba9c69cf3d36b33
build/swiftpm/armv6-unknown-linux-gnueabihf/release/GiftUI.build/GiftUI.d	1d5191fdddd383f632c9ec97c4fbb0fdd0c0f1240384306d83c977a2e1c4a3d6
build/swiftpm/armv6-unknown-linux-gnueabihf/release/GiftUI.build/GiftUI.dia	2c72d5afff8cce441f2f8299a18215b0bf79605aa7eb05839e38f7949b46c0e2
build/swiftpm/armv6-unknown-linux-gnueabihf/release/GiftUI.build/GiftUI.swift.o	d5b646902ca2a84377a26585624786422349df7f43a1877e82f4cfd25a0eb867
build/swiftpm/armv6-unknown-linux-gnueabihf/release/GiftUI.build/LayoutContainers.swift.o	59f42e0824ca3859e1e0cfcdceac5a659fbf712467cf6c3e18566e9b35ddfc37
build/swiftpm/armv6-unknown-linux-gnueabihf/release/GiftUI.build/LayoutModifiers.swift.o	19711b6bbda0f52b03a30db49c28330520e670be723599a6b386bb22e380d5a9
build/swiftpm/armv6-unknown-linux-gnueabihf/release/GiftUI.build/LayoutValues.swift.o	ccaca079ebc296d43f11a5d8addb07bc330eccf49fd4ccec9d9571b01084f58a
build/swiftpm/armv6-unknown-linux-gnueabihf/release/GiftUI.build/ObservableState.swift.o	f64e0160300dedbccc213cd2f01a497c476ab7c4af5f1a65c1bc7a5c401bbdad
build/swiftpm/armv6-unknown-linux-gnueabihf/release/GiftUI.build/SignalAnalyzerMacOSDynamic.autolink	c8409c1b6293ba4333bfb14a52c9e1d855af8bc921999e28b1985af792273a33
build/swiftpm/armv6-unknown-linux-gnueabihf/release/GiftUI.build/SignalAnalyzerMacOSStatic.autolink	c8409c1b6293ba4333bfb14a52c9e1d855af8bc921999e28b1985af792273a33
build/swiftpm/armv6-unknown-linux-gnueabihf/release/GiftUI.build/SignalAnalyzerNRF52840HostOracle.autolink	c8409c1b6293ba4333bfb14a52c9e1d855af8bc921999e28b1985af792273a33
build/swiftpm/armv6-unknown-linux-gnueabihf/release/GiftUI.build/SignalAnalyzerRaspberryPiARMv6.autolink	51ace0599d8d78d17f5277f89c7c079ae431b4c811148b9c41d060aa03f4c360
build/swiftpm/armv6-unknown-linux-gnueabihf/release/GiftUI.build/StyleModifiers.swift.o	796131aac850592d048fbd14767cc5c00eb4eb376e2219032a539aff3bda2e78
build/swiftpm/armv6-unknown-linux-gnueabihf/release/GiftUI.build/Text.swift.o	8e2bce52917788f627c3d0afadc8bc2568945fc50b1b06d73aef3975464b7ca9
build/swiftpm/armv6-unknown-linux-gnueabihf/release/GiftUI.build/include/GiftUI-Swift.h	f4465491d68feb590458c6633678ee17574c5e36fff9b654a61764403a8053bf
build/swiftpm/armv6-unknown-linux-gnueabihf/release/GiftUI.build/include/module.modulemap	fa1c3ffb546c6c1fb052a21f4af2be2f3304dd625a37173839c70cd1af6abf7f
build/swiftpm/armv6-unknown-linux-gnueabihf/release/GiftUI.build/output-file-map.json	96e6891c10119d759fbb70d1fddeaa3ed0eb1b2af337c5c25cbef32d17542f2f
build/swiftpm/armv6-unknown-linux-gnueabihf/release/GiftUI.build/sources	69ba40856431dc63ab6b0ec024591665f65e51f67d5824626ee2128f0b71ac6f
build/swiftpm/armv6-unknown-linux-gnueabihf/release/GiftUIBackendIntegration.build/FullSurfacePayloadEmitter.swift.o	6bb0f188e81b79a469d1b0404a76e053945bf6154c011f792b57bd0f98accc9d
build/swiftpm/armv6-unknown-linux-gnueabihf/release/GiftUIBackendIntegration.build/GiftUIBackendIntegration.d	5aa2fe7bdddd26e897b3a80e20708c0001674af08a52050009993e352da966b9
build/swiftpm/armv6-unknown-linux-gnueabihf/release/GiftUIBackendIntegration.build/GiftUIBackendIntegration.dia	2c72d5afff8cce441f2f8299a18215b0bf79605aa7eb05839e38f7949b46c0e2
build/swiftpm/armv6-unknown-linux-gnueabihf/release/GiftUIBackendIntegration.build/OneShotRasterBackendEndpoint.swift.o	2d95651e0cc88fd41931152fac2615beb930dc0a2c72c134ebddd672e8a7885c
build/swiftpm/armv6-unknown-linux-gnueabihf/release/GiftUIBackendIntegration.build/OperationMajorRGB565RasterSession.swift.o	6f448e3c6aa0718bc1b2472c0c15df07a75a1d291c1abc8be10b9c39a5204d3c
build/swiftpm/armv6-unknown-linux-gnueabihf/release/GiftUIBackendIntegration.build/OperationMajorTileTraversal.swift.o	886ef5f41fb9e651a80696b0cf14e222106014ae10ea7b6a2a064bed52e80394
build/swiftpm/armv6-unknown-linux-gnueabihf/release/GiftUIBackendIntegration.build/RGB565TilePayloadEmitter.swift.o	5e7bf2ab5903c6557d4f50e4f052d3b328771c5106f13e855a6c3ffb02543125
build/swiftpm/armv6-unknown-linux-gnueabihf/release/GiftUIBackendIntegration.build/RasterBackendEndpoint.swift.o	cc58e463941e23f46f899725ac6330e45c1eb5fc5b359dcbc8dd038bd17830e5
build/swiftpm/armv6-unknown-linux-gnueabihf/release/GiftUIBackendIntegration.build/RasterBackendOwnerFailureAdapter.swift.o	6117544af2b682c2d736b8833c49c72a1d9d25721972f54c06ee305ea220ef78
build/swiftpm/armv6-unknown-linux-gnueabihf/release/GiftUIBackendIntegration.build/RasterBackendStartupValidator.swift.o	d39246b16b91f30cb01168ed64fe2c599eeb2b14f40bd6cd65424776b031e220
build/swiftpm/armv6-unknown-linux-gnueabihf/release/GiftUIBackendIntegration.build/RasterFrameWorkAdmission.swift.o	01d594d6228c38ff148c555272b6f43a9562e51bba049bda13230b5c0a2c61a9
build/swiftpm/armv6-unknown-linux-gnueabihf/release/GiftUIBackendIntegration.build/RasterTextResourceValidation.swift.o	25f9a5c102a93ab06bea32e1627d67b0cecabec77cca90aa49fc72b3444fb2a1
build/swiftpm/armv6-unknown-linux-gnueabihf/release/GiftUIBackendIntegration.build/include/GiftUIBackendIntegration-Swift.h	080e4a46760c8417d90f3697ae962b871c11bd7f186ab62919955fc89eca7bff
build/swiftpm/armv6-unknown-linux-gnueabihf/release/GiftUIBackendIntegration.build/include/module.modulemap	4261ac84914dceb15108aee63f00e8ffa096591cae5ea02a29e2631403f83b7f
build/swiftpm/armv6-unknown-linux-gnueabihf/release/GiftUIBackendIntegration.build/output-file-map.json	23b0048beae722bbfc9a00b526fae4fedacccf9285868dffe6f271d37bd9536b
build/swiftpm/armv6-unknown-linux-gnueabihf/release/GiftUIBackendIntegration.build/sources	e7a6c349925cf27b6de87fff9efc24c1df8f43b0cd9dd5c9eab319f9f354c316
build/swiftpm/armv6-unknown-linux-gnueabihf/release/GiftUICapabilities.build/GiftUICapabilities.d	ee7c22d47aa8acefdc5ea26f7305f632eb5b9d2e1c9c7b88e83b88b42d5ddc1b
build/swiftpm/armv6-unknown-linux-gnueabihf/release/GiftUICapabilities.build/GiftUICapabilities.dia	2c72d5afff8cce441f2f8299a18215b0bf79605aa7eb05839e38f7949b46c0e2
build/swiftpm/armv6-unknown-linux-gnueabihf/release/GiftUICapabilities.build/GiftUICapabilities.swift.o	1340915975ce8d5c3fa5fefa17d06e8b050c777626b56568099396aa786e1522
build/swiftpm/armv6-unknown-linux-gnueabihf/release/GiftUICapabilities.build/include/GiftUICapabilities-Swift.h	32f911f94c72bb566dc6c6f4bc74747e239706c6456fa4da5c944e848120b1e9
build/swiftpm/armv6-unknown-linux-gnueabihf/release/GiftUICapabilities.build/include/module.modulemap	c8b70759ea0f27c5389c2b3c8d0dc968524d032de10d28fc4df9b071cb94d37c
build/swiftpm/armv6-unknown-linux-gnueabihf/release/GiftUICapabilities.build/output-file-map.json	008f74b427c73a00a249dba57eadb24f774f01380c3480035a21106fcf98a4ab
build/swiftpm/armv6-unknown-linux-gnueabihf/release/GiftUICapabilities.build/sources	cbe0bb35354e9e7974748b0bd2b61d8c403c880b5f21c06a5fa1b386cf4fc025
build/swiftpm/armv6-unknown-linux-gnueabihf/release/GiftUICapabilityFailureAdapterFixture.build/CapabilityFailureAdapter.swift.o	311e0590e63b5a19bcbe2693e1698f45ecfd76a4e3d99c124130b0f114f37439
build/swiftpm/armv6-unknown-linux-gnueabihf/release/GiftUICapabilityFailureAdapterFixture.build/GiftUICapabilityFailureAdapterFixture.d	faf0a9ca8e72b44f3f7f94115c40e590ebc20d4935fea17093a64fee1dad9ad5
build/swiftpm/armv6-unknown-linux-gnueabihf/release/GiftUICapabilityFailureAdapterFixture.build/GiftUICapabilityFailureAdapterFixture.dia	2c72d5afff8cce441f2f8299a18215b0bf79605aa7eb05839e38f7949b46c0e2
build/swiftpm/armv6-unknown-linux-gnueabihf/release/GiftUICapabilityFailureAdapterFixture.build/include/GiftUICapabilityFailureAdapterFixture-Swift.h	04f0b9dc68f3407f721679b1492a96899e8c4725f0cf880a6992363f80eaf68a
build/swiftpm/armv6-unknown-linux-gnueabihf/release/GiftUICapabilityFailureAdapterFixture.build/include/module.modulemap	179f9659b50ad08494700e951ca142ba21e5ed419ea2717f0dd83cd4df40e8f6
build/swiftpm/armv6-unknown-linux-gnueabihf/release/GiftUICapabilityFailureAdapterFixture.build/output-file-map.json	d89b1f69132d287a9f40262673209510f469e6600ae1c30d0745063423da706f
build/swiftpm/armv6-unknown-linux-gnueabihf/release/GiftUICapabilityFailureAdapterFixture.build/sources	749027b898b80f7c9a7976605a2090a1ad98eeb5781e4db57b0a5c96a063863e
build/swiftpm/armv6-unknown-linux-gnueabihf/release/GiftUIDisplayCore.build/DisplayContracts.swift.o	edbb0aee3fc6923b5014a8c914048b17da2f09b72d2f977cb8e26175d7db1c4e
build/swiftpm/armv6-unknown-linux-gnueabihf/release/GiftUIDisplayCore.build/GiftUIDisplayCore.d	19755e26e03b741d2ba241dd6b7e7759ccd13427e972438b6d7447c18f2d5dbe
build/swiftpm/armv6-unknown-linux-gnueabihf/release/GiftUIDisplayCore.build/GiftUIDisplayCore.dia	2c72d5afff8cce441f2f8299a18215b0bf79605aa7eb05839e38f7949b46c0e2
build/swiftpm/armv6-unknown-linux-gnueabihf/release/GiftUIDisplayCore.build/SurfaceDisplayContributionAdapter.swift.o	4fc1ea774cb515d3eb5521226b269d1bee667d9653ffb74200aaecb1099dae67
build/swiftpm/armv6-unknown-linux-gnueabihf/release/GiftUIDisplayCore.build/include/GiftUIDisplayCore-Swift.h	d32751adcba2685e19b4beb75c185ee923e5cccc3000d5057f6323d8966646ab
build/swiftpm/armv6-unknown-linux-gnueabihf/release/GiftUIDisplayCore.build/include/module.modulemap	bf3d50e9e88b9d58f2bab4144cf08dc1a5ff9ad65620b42235bcf0e74664309f
build/swiftpm/armv6-unknown-linux-gnueabihf/release/GiftUIDisplayCore.build/output-file-map.json	13febecbe08e15868bd036c4f91f67f9e55f2d0b55669096d6667349cd6bcca9
build/swiftpm/armv6-unknown-linux-gnueabihf/release/GiftUIDisplayCore.build/sources	6b5406274d8fb531b8465dfe752b45337de183d82199d7c744e4e4865ed918a1
build/swiftpm/armv6-unknown-linux-gnueabihf/release/GiftUIDrawing.build/CanvasInvocationSource.swift.o	a22945b311fb94a20c63dc1159bf0e9b7c0c1e8a2cf0f689cae588ea98a35a07
build/swiftpm/armv6-unknown-linux-gnueabihf/release/GiftUIDrawing.build/CanvasPlanProducer.swift.o	ad44cc8e3704ff0f55ac300c82f2774984c3a37167d89701be67ef9fecade512
build/swiftpm/armv6-unknown-linux-gnueabihf/release/GiftUIDrawing.build/CanvasRenderProducer.swift.o	b2918a638ba32faab52dcd0b92b16910574c1c56b867e376985f890f69ec9e5e
build/swiftpm/armv6-unknown-linux-gnueabihf/release/GiftUIDrawing.build/DrawingLimits.swift.o	e55b08b73b0a845760d9d65cfcfa5f410adc4211f04b85f309baf34148434949
build/swiftpm/armv6-unknown-linux-gnueabihf/release/GiftUIDrawing.build/DrawingPlan.swift.o	d101e4f4a798f5695289c8bda09dde89ef2f509af4af6482c5e128d0cf79d3f4
build/swiftpm/armv6-unknown-linux-gnueabihf/release/GiftUIDrawing.build/DrawingValues.swift.o	73c4082547c897536f8ac81c90cc23b908d2085791f08786b3c6293e434f76f5
build/swiftpm/armv6-unknown-linux-gnueabihf/release/GiftUIDrawing.build/GiftUIDrawing.d	82fcb18dcda64da6afa9076172eb8291bd5b95819a78684cd43fab00f5e8cdf8
build/swiftpm/armv6-unknown-linux-gnueabihf/release/GiftUIDrawing.build/GiftUIDrawing.dia	2c72d5afff8cce441f2f8299a18215b0bf79605aa7eb05839e38f7949b46c0e2
build/swiftpm/armv6-unknown-linux-gnueabihf/release/GiftUIDrawing.build/GiftUIDrawing.swift.o	e7d87c2bb968f5c13445c4a4c49e38080a1289924e03137a0bc51d4f6f313677
build/swiftpm/armv6-unknown-linux-gnueabihf/release/GiftUIDrawing.build/PathConstruction.swift.o	c2b2e712409f0bd21c177389f4436143e2644227f86b0494ef84d7d57f16ed8f
build/swiftpm/armv6-unknown-linux-gnueabihf/release/GiftUIDrawing.build/StaticCanvasCallableTable.swift.o	923303cbf737600dbf55ecbff15aeb6fe24bcc198e0ee5df410ae3b38b64addc
build/swiftpm/armv6-unknown-linux-gnueabihf/release/GiftUIDrawing.build/StrokeSnapshot.swift.o	0510c6c43750d203c673e4764e0de7b06cbcca23011c3c261477cf9d041bcbd7
build/swiftpm/armv6-unknown-linux-gnueabihf/release/GiftUIDrawing.build/include/GiftUIDrawing-Swift.h	f64a8962fe20bd954dab92c3f72f3df1488ae15d5a1ec3372f1b86cbe17bddcc
build/swiftpm/armv6-unknown-linux-gnueabihf/release/GiftUIDrawing.build/include/module.modulemap	a5211f7196cc32dc89506720908a022f941d0b3d143d7b8df816384f9a8c02dd
build/swiftpm/armv6-unknown-linux-gnueabihf/release/GiftUIDrawing.build/output-file-map.json	2838079dfdc37e3fc4517896788b0c8352d40509d592f074519076197cfd7b4a
build/swiftpm/armv6-unknown-linux-gnueabihf/release/GiftUIDrawing.build/sources	26e4362166c465faf22723279d85bbb67eb0a8a63914e55d532cea5d648aae76
build/swiftpm/armv6-unknown-linux-gnueabihf/release/GiftUIDrawingFailureAdapterFixture.build/GiftUIDrawingFailureAdapterFixture.d	e67ee40d06571063c328f37a2287cccdd93dfdc319fce98118be036d784f6f9d
build/swiftpm/armv6-unknown-linux-gnueabihf/release/GiftUIDrawingFailureAdapterFixture.build/GiftUIDrawingFailureAdapterFixture.dia	2c72d5afff8cce441f2f8299a18215b0bf79605aa7eb05839e38f7949b46c0e2
build/swiftpm/armv6-unknown-linux-gnueabihf/release/GiftUIDrawingFailureAdapterFixture.build/GiftUIDrawingFailureAdapterFixture.swift.o	4d043ee23114fe9e534010f25c408e23295dd306b7044cfcc3e6f760f68c65e2
build/swiftpm/armv6-unknown-linux-gnueabihf/release/GiftUIDrawingFailureAdapterFixture.build/include/GiftUIDrawingFailureAdapterFixture-Swift.h	57222d34e83d9bd176283f2a12a2880bc733c615a9fe2ee90a69809dc0ec0879
build/swiftpm/armv6-unknown-linux-gnueabihf/release/GiftUIDrawingFailureAdapterFixture.build/include/module.modulemap	307b3aa52926d7e228ed9a7f3853f34fe85e1b0a0df564be60da0ad0c7c3590f
build/swiftpm/armv6-unknown-linux-gnueabihf/release/GiftUIDrawingFailureAdapterFixture.build/output-file-map.json	fd0ad4ef2ebd0bda487b5efb7a932bd2a29b83afa0db403532c74b4f4d7c07ce
build/swiftpm/armv6-unknown-linux-gnueabihf/release/GiftUIDrawingFailureAdapterFixture.build/sources	16cbe44acc919257e182aa592cb216b819240e4e03b476165881c35506e345e5
build/swiftpm/armv6-unknown-linux-gnueabihf/release/GiftUIDynamicConveniences.build/DynamicCanvas.swift.o	005a3de9801787ee6b31f614cdef45b0dea140dafec533ab5bdd5d129448af17
build/swiftpm/armv6-unknown-linux-gnueabihf/release/GiftUIDynamicConveniences.build/GiftUIDynamicConveniences.d	8b3adb42f63ddd34425bc6c8fe352095e8cd35707157ab5c3bee7a53bc4d4f16
build/swiftpm/armv6-unknown-linux-gnueabihf/release/GiftUIDynamicConveniences.build/GiftUIDynamicConveniences.dia	2c72d5afff8cce441f2f8299a18215b0bf79605aa7eb05839e38f7949b46c0e2
build/swiftpm/armv6-unknown-linux-gnueabihf/release/GiftUIDynamicConveniences.build/include/GiftUIDynamicConveniences-Swift.h	71ddc3675e715bd7c9ed3b6e535395c9ecb4af13a756b55f51d04442cc51326c
build/swiftpm/armv6-unknown-linux-gnueabihf/release/GiftUIDynamicConveniences.build/include/module.modulemap	04b2a5c9ca77f3285704b33271a8231db15259b1cc698da967de349ec87ae957
build/swiftpm/armv6-unknown-linux-gnueabihf/release/GiftUIDynamicConveniences.build/output-file-map.json	f9f7de61cf1c88cf914ff4e5da6faca335449c353cbc0d0317e6eb8224f76223
build/swiftpm/armv6-unknown-linux-gnueabihf/release/GiftUIDynamicConveniences.build/sources	009a3310b9836bd5cc4735fc44d145cdba9e73e0c43a02f9c9ee7fba0d114f51
build/swiftpm/armv6-unknown-linux-gnueabihf/release/GiftUIExecution.build/AdmissionValues.swift.o	41e9f48edbcfd2184290c6c6c0f591e1265f2ee48e1202b405fde47b42f7433a
build/swiftpm/armv6-unknown-linux-gnueabihf/release/GiftUIExecution.build/ExecutionAdmissionController.swift.o	88869f6065f995117fc3ecb0513e951fdee883c25abb9ffe5f0aac48596c5126
build/swiftpm/armv6-unknown-linux-gnueabihf/release/GiftUIExecution.build/ExecutionAdmissionSealTransaction.swift.o	7fb19c31b1af2af778b09d46a25799d877ad75786be0eabe05be55c389a51d70
build/swiftpm/armv6-unknown-linux-gnueabihf/release/GiftUIExecution.build/ExecutionAdmissionSealer.swift.o	7b6f777f659a7c606c9f479e510efe9b7386e47a41adf4fe83ff15bcf8e3135e
build/swiftpm/armv6-unknown-linux-gnueabihf/release/GiftUIExecution.build/ExecutionMutationBatch.swift.o	80331654f6befd662b133cdc3a8ba931af5615b40fa753f6908b510c0aaea4ea
build/swiftpm/armv6-unknown-linux-gnueabihf/release/GiftUIExecution.build/ExecutionOpportunityRunner.swift.o	aae0fa97d60e7faac02719a8a9edf99e461b38f659b34058dc2604ef35470555
build/swiftpm/armv6-unknown-linux-gnueabihf/release/GiftUIExecution.build/ExecutionPhaseMachine.swift.o	c449fcaa14c755ff54f3ef1bf06c22e90ee4d23648a0e1d7276357eec2f48e61
build/swiftpm/armv6-unknown-linux-gnueabihf/release/GiftUIExecution.build/ExecutionValues.swift.o	4341cf3c7ceb09a6a00929a1368d9addb96a59cd109b818983f64d8ab9740e99
build/swiftpm/armv6-unknown-linux-gnueabihf/release/GiftUIExecution.build/ExecutionWakeAccumulator.swift.o	fa7340d2d4cc4ad2825c3a9c7f3a2e1026c17cd66afb977399ec57c8c27c4cbc
build/swiftpm/armv6-unknown-linux-gnueabihf/release/GiftUIExecution.build/FrameHandoffValues.swift.o	bd458ea0b57cb3d9bedbf2c571f3998e0981963ff5e1a0c19f6ad484d1bfe866
build/swiftpm/armv6-unknown-linux-gnueabihf/release/GiftUIExecution.build/FrameOfferNormalization.swift.o	2d93fec66ba9477a75af58b8d17639291350b809fac9094c1d8f689cdd98e418
build/swiftpm/armv6-unknown-linux-gnueabihf/release/GiftUIExecution.build/GiftUIExecution.d	bd6084ae24a4bc57926e22f636d9bb0c5ca0649d68314f4d4006314ab05abc40
build/swiftpm/armv6-unknown-linux-gnueabihf/release/GiftUIExecution.build/GiftUIExecution.dia	2c72d5afff8cce441f2f8299a18215b0bf79605aa7eb05839e38f7949b46c0e2
build/swiftpm/armv6-unknown-linux-gnueabihf/release/GiftUIExecution.build/IdentityAllocators.swift.o	a3ef0083143d33a9ac74de6d9d0409fda3e47c7320b1becd5b36dd4edef2f0e1
build/swiftpm/armv6-unknown-linux-gnueabihf/release/GiftUIExecution.build/InputSourceSequenceState.swift.o	9d6119e975c2ece8f048dc5c7aa305c79b8a28902447d43a121dedb247af2141
build/swiftpm/armv6-unknown-linux-gnueabihf/release/GiftUIExecution.build/PointerActionCapture.swift.o	75845217e3315010065117d428927fca8411bb549ee1094dd046c0171bccd2d7
build/swiftpm/armv6-unknown-linux-gnueabihf/release/GiftUIExecution.build/RecordingCandidateOfferCoordinator.swift.o	6e94ec13eb14bad997f8132bd623acc47c66a6328beffcaa2e739f193914f036
build/swiftpm/armv6-unknown-linux-gnueabihf/release/GiftUIExecution.build/RecordingCycleCoordinator.swift.o	0c35bcb0321fa958ac91b610acfe2710f9dadd8e161058ac26253dc7917433e1
build/swiftpm/armv6-unknown-linux-gnueabihf/release/GiftUIExecution.build/RecordingCycleFinalizer.swift.o	62af5ef2c3962c4c16d67c4559cede1e4ce56a8953656a67f4763c43aba76e78
build/swiftpm/armv6-unknown-linux-gnueabihf/release/GiftUIExecution.build/RecordingDerivationRecovery.swift.o	e51be7edeedfea80f0f23e3a66d2dc385f3a3bd085e231aa0bcc9da0131e84e4
build/swiftpm/armv6-unknown-linux-gnueabihf/release/GiftUIExecution.build/RecordingDerivationTransaction.swift.o	6fe9ad57e1865386b2386aba54a84d692819d4f99baa2a84dca3638f93990f51
build/swiftpm/armv6-unknown-linux-gnueabihf/release/GiftUIExecution.build/RecordingFocusedFailureSelection.swift.o	7e5fc888d796e8738ac3be483dca3a6eb54921ea0f545fd651a1943fca178a37
build/swiftpm/armv6-unknown-linux-gnueabihf/release/GiftUIExecution.build/RecordingFrameCommitTransaction.swift.o	5173da62fbcca3b11760366430208bf3e5a69c829d091f8b8f4398e7e330b871
build/swiftpm/armv6-unknown-linux-gnueabihf/release/GiftUIExecution.build/RecordingFrameEndpoint.swift.o	e14bcaa22d6928dfccc51d621a19b3d563e5c011e929ffd97829f27569bf8aba
build/swiftpm/armv6-unknown-linux-gnueabihf/release/GiftUIExecution.build/RecordingMutationBatch.swift.o	4597638710bc944227b2e6db10e123df8feec77eb521345dc94164d2f33c2386
build/swiftpm/armv6-unknown-linux-gnueabihf/release/GiftUIExecution.build/RecordingPresentationPendingCoordinator.swift.o	762205ca420a747885e5c66473c85b81d1f9877d99200adb46d099af16e0eb34
build/swiftpm/armv6-unknown-linux-gnueabihf/release/GiftUIExecution.build/RecordingPresentationTerminalRecovery.swift.o	68c7addf59c1c008aea3ba49b242c01c70c90ac1c21594ea95b73386d84c0475
build/swiftpm/armv6-unknown-linux-gnueabihf/release/GiftUIExecution.build/RunCycleValues.swift.o	40aa878173efda1fa692724b423ef6f74e69b3f0d1c0dd77f144f70997086f01
build/swiftpm/armv6-unknown-linux-gnueabihf/release/GiftUIExecution.build/WakeValues.swift.o	9b382952594fb111c9838258a2900b2cbd01b5bfb0c869d1b5dce204340e9b92
build/swiftpm/armv6-unknown-linux-gnueabihf/release/GiftUIExecution.build/include/GiftUIExecution-Swift.h	f605e811fc46c784a2edd113187743b6df38f868ba7af2f73b426dc69ec1d6a9
build/swiftpm/armv6-unknown-linux-gnueabihf/release/GiftUIExecution.build/include/module.modulemap	d3f4b89c0763f95cc655f3f69bbff35d8c59fb6580419ee4a77461162d76143f
build/swiftpm/armv6-unknown-linux-gnueabihf/release/GiftUIExecution.build/output-file-map.json	98940e53b0dd392a0d965a4b316c841e68ba3f8ebbd031f3545548b44cb647e9
build/swiftpm/armv6-unknown-linux-gnueabihf/release/GiftUIExecution.build/sources	a2752ecb0c45bf2199a7e5f76071198519459d6afb5e1b9b07c49283c4b64d64
build/swiftpm/armv6-unknown-linux-gnueabihf/release/GiftUIFailureCore.build/GiftUIFailureCore.d	123737306a8eb7b6444f11215e77141c538129e645c52c4628d84518c20a4818
build/swiftpm/armv6-unknown-linux-gnueabihf/release/GiftUIFailureCore.build/GiftUIFailureCore.dia	2c72d5afff8cce441f2f8299a18215b0bf79605aa7eb05839e38f7949b46c0e2
build/swiftpm/armv6-unknown-linux-gnueabihf/release/GiftUIFailureCore.build/GiftUIFailureCore.swift.o	09249595ca25d8cd1f06df73431fc09221ec9d169aab2fdce36b32fddff9fd7a
build/swiftpm/armv6-unknown-linux-gnueabihf/release/GiftUIFailureCore.build/include/GiftUIFailureCore-Swift.h	9e98387fe1eb4caff12c327babd632ca81b369cfb67dcb9936ddb78543049160
build/swiftpm/armv6-unknown-linux-gnueabihf/release/GiftUIFailureCore.build/include/module.modulemap	e4a6d40442328c52fb59d88ae49bc8fdacf5f745d996575136809912795d91d8
build/swiftpm/armv6-unknown-linux-gnueabihf/release/GiftUIFailureCore.build/output-file-map.json	75da2ddff6040c12b9b5ffa83c23c298aef396980398d509b1ec01147bc22f83
build/swiftpm/armv6-unknown-linux-gnueabihf/release/GiftUIFailureCore.build/sources	e93a61ff9daec0a29293f62049bca4740d8b87d0e352ca6c9987e2b4cd5c824c
build/swiftpm/armv6-unknown-linux-gnueabihf/release/GiftUIFailureDiagnostics.build/GiftUIDiagnosticProjector.swift.o	4be9ff467634c6efefb2fc0c23ae23ac6b4e9181d26fbb91df310a90f20ad67d
build/swiftpm/armv6-unknown-linux-gnueabihf/release/GiftUIFailureDiagnostics.build/GiftUIFailureDiagnostics.d	ab671ebbe5c6638445029fc5a52b40311b82c501bf2865ef4d2f6e8cb8af5215
build/swiftpm/armv6-unknown-linux-gnueabihf/release/GiftUIFailureDiagnostics.build/GiftUIFailureDiagnostics.dia	2c72d5afff8cce441f2f8299a18215b0bf79605aa7eb05839e38f7949b46c0e2
build/swiftpm/armv6-unknown-linux-gnueabihf/release/GiftUIFailureDiagnostics.build/GiftUIFixedDiagnosticBuffer.swift.o	3d9033cddf0cf0745c29a91dfcd250745adb43316628f34991c8eba33cb0b9f5
build/swiftpm/armv6-unknown-linux-gnueabihf/release/GiftUIFailureDiagnostics.build/include/GiftUIFailureDiagnostics-Swift.h	2bf823229fe0da7b8a22d60b876e8d01529ecb5c6308ec9d68152e7eaa2ef080
build/swiftpm/armv6-unknown-linux-gnueabihf/release/GiftUIFailureDiagnostics.build/include/module.modulemap	6757864e42f8e35a7e33cdec8ce8a934186a39bf1ca4848d39e210a0bddecffa
build/swiftpm/armv6-unknown-linux-gnueabihf/release/GiftUIFailureDiagnostics.build/output-file-map.json	2c05b0a6962080d8e100d5729c48eeb6a73f1b92b127d346f295c9a8c508e6f8
build/swiftpm/armv6-unknown-linux-gnueabihf/release/GiftUIFailureDiagnostics.build/sources	eff03abc65af2033bdb86c07c17c32159254c067125cc2c7277fc3293a224cc8
build/swiftpm/armv6-unknown-linux-gnueabihf/release/GiftUIFailureExecution.build/GiftUICorrelatedFailure.swift.o	9d5100e1f878b6380817254710a1b15d88a008653bca1f175f39ce8488691f5a
build/swiftpm/armv6-unknown-linux-gnueabihf/release/GiftUIFailureExecution.build/GiftUIFailureExecution.d	2289933827166d8102f5a20a207ab1fbd4fed602376c8aea6781bc0550b39931
build/swiftpm/armv6-unknown-linux-gnueabihf/release/GiftUIFailureExecution.build/GiftUIFailureExecution.dia	2c72d5afff8cce441f2f8299a18215b0bf79605aa7eb05839e38f7949b46c0e2
build/swiftpm/armv6-unknown-linux-gnueabihf/release/GiftUIFailureExecution.build/GiftUIFailureExecution.swift.o	8a384a6a1519172019e87443db56d24ffc955179e0479489fd93e01cef0b7b85
build/swiftpm/armv6-unknown-linux-gnueabihf/release/GiftUIFailureExecution.build/include/GiftUIFailureExecution-Swift.h	5592cbad13c9acdd4afee259b758be3435a56a379beb6b9b3901ab481f87ba10
build/swiftpm/armv6-unknown-linux-gnueabihf/release/GiftUIFailureExecution.build/include/module.modulemap	6e84daf5a40d73373c34becf4d6d0b917ae74b807abb79b4439efbfc40896b6b
build/swiftpm/armv6-unknown-linux-gnueabihf/release/GiftUIFailureExecution.build/output-file-map.json	3e5d7ce1b3f616dca9298064b50581b7358a1767f5ad26f518881ec89bafd73a
build/swiftpm/armv6-unknown-linux-gnueabihf/release/GiftUIFailureExecution.build/sources	b67a9cbb2f3b2b21d73b45ce463ccb588b7903297ec8c79797cd1fb185689495
build/swiftpm/armv6-unknown-linux-gnueabihf/release/GiftUIHostConfiguration.build/CheckedMVPHostConfigurationValidator.swift.o	e6eca014d8a18f2e6c7615fed8584fd41e1b26c7615d316b20c233d646f2e1cc
build/swiftpm/armv6-unknown-linux-gnueabihf/release/GiftUIHostConfiguration.build/GiftUIHostConfiguration.d	d2332434bcaddab595a6b9f477bf35e73b805940f09f660944e879c6784bcba6
build/swiftpm/armv6-unknown-linux-gnueabihf/release/GiftUIHostConfiguration.build/GiftUIHostConfiguration.dia	2c72d5afff8cce441f2f8299a18215b0bf79605aa7eb05839e38f7949b46c0e2
build/swiftpm/armv6-unknown-linux-gnueabihf/release/GiftUIHostConfiguration.build/HostActivationController.swift.o	9f29e3e9ed92d0797045c6ba2a0d04a27c29ba6bce0ee80ff03ecb41bcb3c488
build/swiftpm/armv6-unknown-linux-gnueabihf/release/GiftUIHostConfiguration.build/HostApplicationOpportunityGate.swift.o	a79ec4b27911653471801c556c25a08e0c8d3730977efa9e2ca666bc77861ed5
build/swiftpm/armv6-unknown-linux-gnueabihf/release/GiftUIHostConfiguration.build/HostApplicationStartupValidation.swift.o	f8fa3a4d0f7b8835c8146c42fe445a864c8241dd5f132a6f36c498313b087720
build/swiftpm/armv6-unknown-linux-gnueabihf/release/GiftUIHostConfiguration.build/HostComponentGraphValidation.swift.o	9067a17f6aa916cf854506925b13512bea68cf9b790720767cdcca646a2e2dfb
build/swiftpm/armv6-unknown-linux-gnueabihf/release/GiftUIHostConfiguration.build/HostConfigurationResults.swift.o	89c27be5fe6bcf0833b4e5b68387a1d2010f736b4bb215ec9786c4ef33848155
build/swiftpm/armv6-unknown-linux-gnueabihf/release/GiftUIHostConfiguration.build/HostConfigurationValues.swift.o	f90edabbd91e57f503f80d39ff442147b228f91252d6eb93f062d653b39206d2
build/swiftpm/armv6-unknown-linux-gnueabihf/release/GiftUIHostConfiguration.build/HostEndpointHealthController.swift.o	0718ea0e7ae1848114d8f538847db1d51cd0a2a8f119a0e7656f4a9c64622c86
build/swiftpm/armv6-unknown-linux-gnueabihf/release/GiftUIHostConfiguration.build/HostEndpointStartupValidation.swift.o	ded389569226e1b7cfbc08ae48f9f7c58f2b3b17bb13dad1519943bc56c531e4
build/swiftpm/armv6-unknown-linux-gnueabihf/release/GiftUIHostConfiguration.build/HostFailureAdapter.swift.o	0ec34f0dfd28b8394eba85b1394cfc02543d6e4711ce3eb727896165445a2f5c
build/swiftpm/armv6-unknown-linux-gnueabihf/release/GiftUIHostConfiguration.build/HostNormalizedInputGate.swift.o	a9007629e2461cb7495fd3ed82c771428bb7e9e044043460e897c57a3bbf24f4
build/swiftpm/armv6-unknown-linux-gnueabihf/release/GiftUIHostConfiguration.build/HostPresentationRecovery.swift.o	edd8b636f78f0cfc55a80024004e9fcfc5ecef4913e74d549435ce5324c0b29c
build/swiftpm/armv6-unknown-linux-gnueabihf/release/GiftUIHostConfiguration.build/HostPresetBootstrap.swift.o	290e45164b993172d0a8b044d00fbe909947b131eb172181f004bd733305e92b
build/swiftpm/armv6-unknown-linux-gnueabihf/release/GiftUIHostConfiguration.build/HostResidualFailureRouting.swift.o	a046597940546a9804ed7d8abb0a15d4b5a2df86297539d71f681a6df851c487
build/swiftpm/armv6-unknown-linux-gnueabihf/release/GiftUIHostConfiguration.build/HostResidualPolicyContracts.swift.o	b1acee800a29ae1b0c011c2af9278425747e63656b266616ac887533f02d5341
build/swiftpm/armv6-unknown-linux-gnueabihf/release/GiftUIHostConfiguration.build/HostResidualPolicyTableValidation.swift.o	21e3c96a3e1a5740773898c8d6021f7e980bd3db0cad735c30f893e5ec670c4e
build/swiftpm/armv6-unknown-linux-gnueabihf/release/GiftUIHostConfiguration.build/HostScheduledOpportunityController.swift.o	df0cdbc4f15a78203478219e5be194c150dbbf9d6d8071b4e7190337e16dd3f4
build/swiftpm/armv6-unknown-linux-gnueabihf/release/GiftUIHostConfiguration.build/HostSequencedFactAdmission.swift.o	865d580b5d82121fe26ca9327f807ba71edd353e66c5fbd78abfb813e9dca14d
build/swiftpm/armv6-unknown-linux-gnueabihf/release/GiftUIHostConfiguration.build/HostWakePacingController.swift.o	b158ff531e6bb9a7a4aeb822ce16234337c025705415d49abc06a1a2ddae2f47
build/swiftpm/armv6-unknown-linux-gnueabihf/release/GiftUIHostConfiguration.build/SignalAnalyzerDrawingStartupValidation.swift.o	5ff25a29525259446f76db1327b39dc4215a323143df93049bb6423d96f157f4
build/swiftpm/armv6-unknown-linux-gnueabihf/release/GiftUIHostConfiguration.build/SignalAnalyzerPresetHostInstance.swift.o	588074bc794d7f4b3f2c6baca015295fab2b7fb47c8735278004a091d569b3db
build/swiftpm/armv6-unknown-linux-gnueabihf/release/GiftUIHostConfiguration.build/SignalAnalyzerPresets.generated.swift.o	7f61de5bea03e5585503ea697f248702f4e35ab1a6c6f197e9935a732ac813d4
build/swiftpm/armv6-unknown-linux-gnueabihf/release/GiftUIHostConfiguration.build/SignalAnalyzerWorkloadStartupValidation.swift.o	0486f6bccdf031fd7f8ff8ed1a7f20cf185be741778d5476b6e21ff4494b5c09
build/swiftpm/armv6-unknown-linux-gnueabihf/release/GiftUIHostConfiguration.build/include/GiftUIHostConfiguration-Swift.h	d34de6d61e2027838d65ef807f436e9091d4ecaf6c6a50c206481bbaaeffc030
build/swiftpm/armv6-unknown-linux-gnueabihf/release/GiftUIHostConfiguration.build/include/module.modulemap	ee8f0998edb516f004ee96ee176abf1f578a062eeb89aaff996e0b0c9f2f260b
build/swiftpm/armv6-unknown-linux-gnueabihf/release/GiftUIHostConfiguration.build/output-file-map.json	bde5680a9f739c561623ccbf8457691f2fef14f776b9a04e62ab74e7a7ab300a
build/swiftpm/armv6-unknown-linux-gnueabihf/release/GiftUIHostConfiguration.build/sources	e62a60cc0cb58ef37006107c10ec6fd4b3b0f7c4ef00b75e5ce6e2a7c1b49c00
build/swiftpm/armv6-unknown-linux-gnueabihf/release/GiftUIInteraction.build/EffectiveActionEnabledState.swift.o	1611627f1b60e86acb70e4a00fe1339039d7dc59dceb65bfbdad0f5e544b4177
build/swiftpm/armv6-unknown-linux-gnueabihf/release/GiftUIInteraction.build/ExecutionGestureAdapter.swift.o	d41fe2e957e98127ba7235bca0bd27257a5e0d4b64b571ed1c47d3ae94703c51
build/swiftpm/armv6-unknown-linux-gnueabihf/release/GiftUIInteraction.build/GiftUIInteraction.d	cbb244a147cf69fd3912d6d2f01bba6554468485a92d14f038dc29c5fc091b24
build/swiftpm/armv6-unknown-linux-gnueabihf/release/GiftUIInteraction.build/GiftUIInteraction.dia	2c72d5afff8cce441f2f8299a18215b0bf79605aa7eb05839e38f7949b46c0e2
build/swiftpm/armv6-unknown-linux-gnueabihf/release/GiftUIInteraction.build/InteractionFailurePrecedence.swift.o	ac2f6a88d6b79dcbc66b99ce22e93afd3040488b31f4a6c210177ba428c9f963
build/swiftpm/armv6-unknown-linux-gnueabihf/release/GiftUIInteraction.build/InteractionState.swift.o	782c199501cf196e9732f6b72abcc436cf8d72df6561ab7c666f3a4910eed278
build/swiftpm/armv6-unknown-linux-gnueabihf/release/GiftUIInteraction.build/InteractionStorage.swift.o	f2063eab4e15fee47519b40ef6876ff9e0c5ea90c4cec287506479a8c19191d0
build/swiftpm/armv6-unknown-linux-gnueabihf/release/GiftUIInteraction.build/InteractionValues.swift.o	defbaa2886397fa1b08485690da37695a49a2b435bc09dd2b8292e2c69d5711e
build/swiftpm/armv6-unknown-linux-gnueabihf/release/GiftUIInteraction.build/include/GiftUIInteraction-Swift.h	0d9cd89b779e66de778ab3e35c2575dd0f9f69a218cb2b7cad93d5a5356b7c62
build/swiftpm/armv6-unknown-linux-gnueabihf/release/GiftUIInteraction.build/include/module.modulemap	2ef3bce30370dfa94dbf0f2bf9cd908425582c2104f76f08ff0cbe76f9c7f56f
build/swiftpm/armv6-unknown-linux-gnueabihf/release/GiftUIInteraction.build/output-file-map.json	caceae17162b90f778b0879043532e275d1aa559a291bcaa5c3321b905b6029f
build/swiftpm/armv6-unknown-linux-gnueabihf/release/GiftUIInteraction.build/sources	e3b54b03ba8ee6a89dee9e8ac9af88e1ae60f0e6ee8303accea1ce4b2fed6f5b
build/swiftpm/armv6-unknown-linux-gnueabihf/release/GiftUIInteractionFailureAdapterFixture.build/GiftUIInteractionFailureAdapterFixture.d	b824f850630e13b8ef1952c14086dd3f767da15e147082aad048d72e3a7387b6
build/swiftpm/armv6-unknown-linux-gnueabihf/release/GiftUIInteractionFailureAdapterFixture.build/GiftUIInteractionFailureAdapterFixture.dia	2c72d5afff8cce441f2f8299a18215b0bf79605aa7eb05839e38f7949b46c0e2
build/swiftpm/armv6-unknown-linux-gnueabihf/release/GiftUIInteractionFailureAdapterFixture.build/InteractionFailureAdapter.swift.o	e884480d5c7a32617589a18c09b157d6a7267c60de69db6048aa4b5e3716726c
build/swiftpm/armv6-unknown-linux-gnueabihf/release/GiftUIInteractionFailureAdapterFixture.build/InteractionFailureContainment.swift.o	1246c3b07b8382c0bc062c6f9484c3cb79c191ef1228f34c57dafdb31ef04c28
build/swiftpm/armv6-unknown-linux-gnueabihf/release/GiftUIInteractionFailureAdapterFixture.build/include/GiftUIInteractionFailureAdapterFixture-Swift.h	590506de760bf124552e58600f77d5e3337b2a186dc516ef91ac69578f035e92
build/swiftpm/armv6-unknown-linux-gnueabihf/release/GiftUIInteractionFailureAdapterFixture.build/include/module.modulemap	59d44962fdb840c40f306c22610815eedd1775cfa8d78dc9c56e5e46f30edc89
build/swiftpm/armv6-unknown-linux-gnueabihf/release/GiftUIInteractionFailureAdapterFixture.build/output-file-map.json	3b51c45afb174878bc2cbc91616d75da63eeff6738fbce8f51fe0794ac135318
build/swiftpm/armv6-unknown-linux-gnueabihf/release/GiftUIInteractionFailureAdapterFixture.build/sources	5c1d9e47dc048f028e118c14e7d2ccd4217f89301abd5e25571c81764a575d01
build/swiftpm/armv6-unknown-linux-gnueabihf/release/GiftUILayout.build/GiftUILayout.d	e1459918ebe4905fd53e8650b931c51d4f8f725270bd5860774d2c81bb62defe
build/swiftpm/armv6-unknown-linux-gnueabihf/release/GiftUILayout.build/GiftUILayout.dia	2c72d5afff8cce441f2f8299a18215b0bf79605aa7eb05839e38f7949b46c0e2
build/swiftpm/armv6-unknown-linux-gnueabihf/release/GiftUILayout.build/Layout.swift.o	67692ea111c7479f73f7fc86f3e3f26aa0618d9b653fb7eed0e6b53561ebeedd
build/swiftpm/armv6-unknown-linux-gnueabihf/release/GiftUILayout.build/LayoutCounters.swift.o	5bfd015031bd919ee7e2614236451fafcd66997c95bbb80ef44eb48790999152
build/swiftpm/armv6-unknown-linux-gnueabihf/release/GiftUILayout.build/LayoutEngine.swift.o	0e250c8428ec27a5e34d8b1154f0c7a292f730b3e7214160d33452292e6b9b00
build/swiftpm/armv6-unknown-linux-gnueabihf/release/GiftUILayout.build/LayoutError.swift.o	cc8ed9af26310a0f782ef92c532d43d301a8316e7fbe9b02a53c25c5a21f40f5
build/swiftpm/armv6-unknown-linux-gnueabihf/release/GiftUILayout.build/LayoutGeometry.swift.o	4c3218af8b28290be3033be7e8859f1012b129e1c970793587591471f11a9c20
build/swiftpm/armv6-unknown-linux-gnueabihf/release/GiftUILayout.build/LayoutPublication.swift.o	d1d79ebc75bc2e877fece2e713da4c7825fa74348f3934aac24312f06c10a1e6
build/swiftpm/armv6-unknown-linux-gnueabihf/release/GiftUILayout.build/LayoutResultSink.swift.o	a139355b079b4d6e33876e65f0730a281fdbb20fdd539e81513a711711ae81e5
build/swiftpm/armv6-unknown-linux-gnueabihf/release/GiftUILayout.build/LayoutSemanticValidation.swift.o	0af3589ca3070cd6111fe3845ef7cd471b69978bfb96afd326ee8d2f0c3febcb
build/swiftpm/armv6-unknown-linux-gnueabihf/release/GiftUILayout.build/LayoutValues.swift.o	5bb7e580eceae4028edc81109d98a69aba823d2382ef52683945ccdf26167ea4
build/swiftpm/armv6-unknown-linux-gnueabihf/release/GiftUILayout.build/LayoutWorkspace.swift.o	80fbf134146150226a7c519dbe2459fe12429ac3fa085fd83c0d96fef2d157d1
build/swiftpm/armv6-unknown-linux-gnueabihf/release/GiftUILayout.build/ResolvedRenderLayoutView.swift.o	1c865bfc2d215452feabc928d9de8c832f87c1bdbd13388ff7e10530deae5c1e
build/swiftpm/armv6-unknown-linux-gnueabihf/release/GiftUILayout.build/include/GiftUILayout-Swift.h	5a1301eccd42b72722359501f1e5b64cc2c39afe309b59078aa399ea56dab68a
build/swiftpm/armv6-unknown-linux-gnueabihf/release/GiftUILayout.build/include/module.modulemap	857ae27a4203985fb53333bd9178c0d0dfcf9dc028369697a1d2c54bc77c6b0e
build/swiftpm/armv6-unknown-linux-gnueabihf/release/GiftUILayout.build/output-file-map.json	cb03bd3084076df7e779fbf30cca84d9f26149ee01213f42f357dcd76a99faa0
build/swiftpm/armv6-unknown-linux-gnueabihf/release/GiftUILayout.build/sources	cb5411dbb9ba2fde4139082eda404c9af84509589104f3f1f593c7a6ddd7e4c5
build/swiftpm/armv6-unknown-linux-gnueabihf/release/GiftUILayoutFailureAdapterFixture.build/GiftUILayoutFailureAdapterFixture.d	08d1d1d538ae675a5e1549060eb50b9f2e897843e95d75ef11994c6ca90fdc1f
build/swiftpm/armv6-unknown-linux-gnueabihf/release/GiftUILayoutFailureAdapterFixture.build/GiftUILayoutFailureAdapterFixture.dia	2c72d5afff8cce441f2f8299a18215b0bf79605aa7eb05839e38f7949b46c0e2
build/swiftpm/armv6-unknown-linux-gnueabihf/release/GiftUILayoutFailureAdapterFixture.build/LayoutFailureAdapter.swift.o	4fa06c1a3b137c604afc77993cdb986e33b565574bc685f771137d038f102dfd
build/swiftpm/armv6-unknown-linux-gnueabihf/release/GiftUILayoutFailureAdapterFixture.build/include/GiftUILayoutFailureAdapterFixture-Swift.h	7c9b69600911f9421d8f11b106fea737d9b41b025e0bc8ef4500cb17dd9f6168
build/swiftpm/armv6-unknown-linux-gnueabihf/release/GiftUILayoutFailureAdapterFixture.build/include/module.modulemap	5ec9810818842d736d043ce7b1250bb87a760f777b29150ae62f6f8d5d534938
build/swiftpm/armv6-unknown-linux-gnueabihf/release/GiftUILayoutFailureAdapterFixture.build/output-file-map.json	56d82d6d6460688408870edda9b0aa619f8a1679ae411b104ac693dd89539e69
build/swiftpm/armv6-unknown-linux-gnueabihf/release/GiftUILayoutFailureAdapterFixture.build/sources	dc0b7fdd248893e73ceaa18cd718a6807bc8b350d17fa1470d6ee995c6ed60b0
build/swiftpm/armv6-unknown-linux-gnueabihf/release/GiftUIObservableState.build/GiftUIObservableState.d	c8d21434f787413482abc78f0a3775a042b541be5f5df5ab727804ed563e1c74
build/swiftpm/armv6-unknown-linux-gnueabihf/release/GiftUIObservableState.build/GiftUIObservableState.dia	2c72d5afff8cce441f2f8299a18215b0bf79605aa7eb05839e38f7949b46c0e2
build/swiftpm/armv6-unknown-linux-gnueabihf/release/GiftUIObservableState.build/ObservableStateAssociationLifecycle.swift.o	af46196ad234ef7cc77b77c5957b273620662e4c50d1034e54a402fc670df6fd
build/swiftpm/armv6-unknown-linux-gnueabihf/release/GiftUIObservableState.build/ObservableStateAttachmentGenerationAllocator.swift.o	1944aacca1a3bb8c969defe982e60a67ed58597dcb2db2ed7d3a599ea165a371
build/swiftpm/armv6-unknown-linux-gnueabihf/release/GiftUIObservableState.build/ObservableStateBindingDecorator.swift.o	2e9aa4cc831b739319c30aa55317b529be5ed1e24ea43a0dad83a21b8c96e734
build/swiftpm/armv6-unknown-linux-gnueabihf/release/GiftUIObservableState.build/ObservableStateCandidateLifecycle.swift.o	5c55f65b84720f51551871acb23f8aed084ccb623d274eb16cfebb99c86a076d
build/swiftpm/armv6-unknown-linux-gnueabihf/release/GiftUIObservableState.build/ObservableStateDirtyDerivation.swift.o	a891e2d75b1f3141c581f5c1e42589e279e1e78ec6b114b9a873da547e7cbfab
build/swiftpm/armv6-unknown-linux-gnueabihf/release/GiftUIObservableState.build/ObservableStateMutationResultSlot.swift.o	55eecac1b813e0fb95ae3f18ba61be9c33de880de1f0006a513ad0b526279c9b
build/swiftpm/armv6-unknown-linux-gnueabihf/release/GiftUIObservableState.build/ObservableStateProtocols.swift.o	c85c636a6ec61616753190a94330828cded8fd1085f03f22276784d634c5ff3e
build/swiftpm/armv6-unknown-linux-gnueabihf/release/GiftUIObservableState.build/ObservableStateRegistrationBridge.swift.o	a77fea0483e19a482840290531777baab303354e513f582e1b80ae3d82715d9b
build/swiftpm/armv6-unknown-linux-gnueabihf/release/GiftUIObservableState.build/ObservableStateRegistrationLifecycle.swift.o	bf04d45dc7f7cda75472ecfd7e0227bbb10cd61f044b3aae8b05f937a6962c08
build/swiftpm/armv6-unknown-linux-gnueabihf/release/GiftUIObservableState.build/ObservableStateReplacementBridge.swift.o	f12b8bbde475e46b5eebb181b711ba6d6fb82923a2fbb34ab25ff25b8d002e63
build/swiftpm/armv6-unknown-linux-gnueabihf/release/GiftUIObservableState.build/ObservableStateReplacementTransaction.swift.o	80b1924cf8b15848ca3457a8611ac055baa5db3bb642095ed44bbfd1d2db67a5
build/swiftpm/armv6-unknown-linux-gnueabihf/release/GiftUIObservableState.build/ObservableStateReportGuard.swift.o	910cfaa943a2300fd9a45d825ca095e3c6ffd564eadb0fa6bf07419f2723bf94
build/swiftpm/armv6-unknown-linux-gnueabihf/release/GiftUIObservableState.build/ObservableStateReportRoute.swift.o	2a093075496bd592524f6f3e982dce3680c73d0165a99a051cc417aaf71e2a87
build/swiftpm/armv6-unknown-linux-gnueabihf/release/GiftUIObservableState.build/ObservableStateTargetLifetime.swift.o	5ef83bddba1b031974cc455d414cb5bf5aa4f8cbf449d9d4717d186044e5efc7
build/swiftpm/armv6-unknown-linux-gnueabihf/release/GiftUIObservableState.build/ObservableStateTargetLookupSlot.swift.o	2473679ad1f58cd818a6ccfaa956c249e72b6df26612f4a2de2e8e0fb1e9b6c7
build/swiftpm/armv6-unknown-linux-gnueabihf/release/GiftUIObservableState.build/ObservableStateValues.swift.o	a31c5277757dfc9a352b527493143d1b6911be92bf66e123b1c871f5fd8b22e5
build/swiftpm/armv6-unknown-linux-gnueabihf/release/GiftUIObservableState.build/PresentationFactAdmission.swift.o	6cdc515fa6aa69bd234b1be42c6b6c6e6f93b55862dc224b49ecd4e721449533
build/swiftpm/armv6-unknown-linux-gnueabihf/release/GiftUIObservableState.build/include/GiftUIObservableState-Swift.h	20f9d018d7d61e09a3a1c4b87933e7bfb8fede8fb8ab51991ab906484af9e855
build/swiftpm/armv6-unknown-linux-gnueabihf/release/GiftUIObservableState.build/include/module.modulemap	2381c796c408b69ba71db826915e9609676bcc8c42bc5703a1f65065c13f5c3c
build/swiftpm/armv6-unknown-linux-gnueabihf/release/GiftUIObservableState.build/output-file-map.json	d9c72ccf4f46007d0b6de98b958dc280541446680ae987fbec2e9bcc5bdd32fe
build/swiftpm/armv6-unknown-linux-gnueabihf/release/GiftUIObservableState.build/sources	e7411f49f5b50eb2cf4b59764235314d9804fc4421816e6a584d64e0fd046c20
build/swiftpm/armv6-unknown-linux-gnueabihf/release/GiftUIObservableStateFailureAdapterFixture.build/GiftUIObservableStateFailureAdapterFixture.d	0a8a16134bb6d50f00cd6f85253a8c0b6b824daa3aaaf9431f95a2ed526d2e68
build/swiftpm/armv6-unknown-linux-gnueabihf/release/GiftUIObservableStateFailureAdapterFixture.build/GiftUIObservableStateFailureAdapterFixture.dia	2c72d5afff8cce441f2f8299a18215b0bf79605aa7eb05839e38f7949b46c0e2
build/swiftpm/armv6-unknown-linux-gnueabihf/release/GiftUIObservableStateFailureAdapterFixture.build/ObservableStateFailureAdapter.swift.o	067c864f81f8a48402a5c342076b46016d47f13586da05339280365ea65fa0ff
build/swiftpm/armv6-unknown-linux-gnueabihf/release/GiftUIObservableStateFailureAdapterFixture.build/include/GiftUIObservableStateFailureAdapterFixture-Swift.h	e4a3e73447b114bc6d6f1488e7b6498ab79617955bb9726e1a86d42be0c66e65
build/swiftpm/armv6-unknown-linux-gnueabihf/release/GiftUIObservableStateFailureAdapterFixture.build/include/module.modulemap	ff15a3b1fc7c94c807937bfc570670f6e00176a01b6b49ce4c29ef3ca23f144a
build/swiftpm/armv6-unknown-linux-gnueabihf/release/GiftUIObservableStateFailureAdapterFixture.build/output-file-map.json	c51790d335b6fd09c32c1e3a21aaa837a344c1aa84f45182a1422938392c1cf0
build/swiftpm/armv6-unknown-linux-gnueabihf/release/GiftUIObservableStateFailureAdapterFixture.build/sources	bdc582fa7257852e0d0763f48247aecfc7c831222c92ca72be4c6797a102303f
build/swiftpm/armv6-unknown-linux-gnueabihf/release/GiftUIPlatformRaspberryPi.build/GiftUIPlatformRaspberryPi.d	4f2ffb8356cefbd49293fe06bd438bff85d5da547cbd9dbf8a270038e3158e36
build/swiftpm/armv6-unknown-linux-gnueabihf/release/GiftUIPlatformRaspberryPi.build/GiftUIPlatformRaspberryPi.dia	2c72d5afff8cce441f2f8299a18215b0bf79605aa7eb05839e38f7949b46c0e2
build/swiftpm/armv6-unknown-linux-gnueabihf/release/GiftUIPlatformRaspberryPi.build/LinuxPiScreenDevices.swift.o	4476de0b42502bdcbe633374ed9d01b3c7557729763ebe82af7d6216878680ff
build/swiftpm/armv6-unknown-linux-gnueabihf/release/GiftUIPlatformRaspberryPi.build/LinuxPiScreenExercise.swift.o	2ebe8d9c7116d59357207d6007009b4a06de83d98fe387971aceabf197b418dc
build/swiftpm/armv6-unknown-linux-gnueabihf/release/GiftUIPlatformRaspberryPi.build/PiScreenConsoleModeOwner.swift.o	c4a2ba857e4b7a52b49fc68210c0f24a59ca83f16484d8a4a3bd8f83f3e2931f
build/swiftpm/armv6-unknown-linux-gnueabihf/release/GiftUIPlatformRaspberryPi.build/PiScreenDisplayTarget.swift.o	420afd07cbe702f3457171493c642045a91c097a9640b53b3f806cb1b9ef81e9
build/swiftpm/armv6-unknown-linux-gnueabihf/release/GiftUIPlatformRaspberryPi.build/PiScreenFramebufferProjection.swift.o	fcf8dd753542475960bd570172644e236fe302c47d3790a8331c793706c701dd
build/swiftpm/armv6-unknown-linux-gnueabihf/release/GiftUIPlatformRaspberryPi.build/PiScreenGeometry.swift.o	d2d667a067a2b9f78b3f5d61918c9e7a813ea6c8ef7722eceba1776d35494630
build/swiftpm/armv6-unknown-linux-gnueabihf/release/GiftUIPlatformRaspberryPi.build/PiScreenInputEventDecoder.swift.o	25ee181c98b7392165330ba3686a9c9be310dd7fb152785e1c46eb31f526a713
build/swiftpm/armv6-unknown-linux-gnueabihf/release/GiftUIPlatformRaspberryPi.build/include/GiftUIPlatformRaspberryPi-Swift.h	01804018d5c72bfa480f9246eb70a7ada4c76618dbc12ab19fcbb822f9fb6a0e
build/swiftpm/armv6-unknown-linux-gnueabihf/release/GiftUIPlatformRaspberryPi.build/include/module.modulemap	a8fced9284eaefb3ee0d6821ccda54c242a4ed2ba17c18e9c0d7b59fe37b1038
build/swiftpm/armv6-unknown-linux-gnueabihf/release/GiftUIPlatformRaspberryPi.build/output-file-map.json	45043038ed508fdbbf8dedac2aea9c6c3685604fb25786269d3024845b3c9afa
build/swiftpm/armv6-unknown-linux-gnueabihf/release/GiftUIPlatformRaspberryPi.build/sources	639397242b7e663942d586edd7f9a5fe4f8023b3d97c84336f0b05dd95576313
build/swiftpm/armv6-unknown-linux-gnueabihf/release/GiftUIRasterCore.build/FullSurfaceRGB565Framebuffer.swift.o	117de12ff4d6deeb263e124baab3948058fd18bad79f72c9b1773fe35fa2f9e8
build/swiftpm/armv6-unknown-linux-gnueabihf/release/GiftUIRasterCore.build/FullSurfaceRGBA8888Buffer.swift.o	e63b8fbd528ae90764118c259549f7a3c8feb9663118f78aba4f4c65a0abf568
build/swiftpm/armv6-unknown-linux-gnueabihf/release/GiftUIRasterCore.build/GiftUIRasterCore.d	009bafc3c326bdc9ed2cf43985327df857486b76f75a58e696267242eb249d81
build/swiftpm/armv6-unknown-linux-gnueabihf/release/GiftUIRasterCore.build/GiftUIRasterCore.dia	2c72d5afff8cce441f2f8299a18215b0bf79605aa7eb05839e38f7949b46c0e2
build/swiftpm/armv6-unknown-linux-gnueabihf/release/GiftUIRasterCore.build/RGB565TileWorkspace.swift.o	6d28e757253499a395a52c3f2f5619f56d33148065a29ea9184216772cd3551b
build/swiftpm/armv6-unknown-linux-gnueabihf/release/GiftUIRasterCore.build/RasterBackendContributionAdapter.swift.o	2016047fe4dd72b2a90f86be57ef9b56edc63a17b142b44d8d03b40e3afd718c
build/swiftpm/armv6-unknown-linux-gnueabihf/release/GiftUIRasterCore.build/RasterFillCoverage.swift.o	dac80fbf5448a05be702eae4ce8798a5757b08c16e2053c4a0c8648d6f71e3e6
build/swiftpm/armv6-unknown-linux-gnueabihf/release/GiftUIRasterCore.build/RasterFrameSink.swift.o	b841dd05e5598902831baef5927b4e862e9f29982946466d9053bf908daeb757
build/swiftpm/armv6-unknown-linux-gnueabihf/release/GiftUIRasterCore.build/RasterFrameWork.swift.o	75a8a1de89ae6c1de47abdc91f278ff603061be1041e113f2b557342d98c7b71
build/swiftpm/armv6-unknown-linux-gnueabihf/release/GiftUIRasterCore.build/RasterGlyphCoverage.swift.o	fcad022a14e862dd43878f52773ffba5a0587ed442a023ca36c44becacefe47d
build/swiftpm/armv6-unknown-linux-gnueabihf/release/GiftUIRasterCore.build/RasterPayloadLimits.swift.o	61c972ae4e9d107b2b42b5801cdf88821da5c9af8805ae0d8343a37eaa75965c
build/swiftpm/armv6-unknown-linux-gnueabihf/release/GiftUIRasterCore.build/RasterStrokeCoverage.swift.o	a6acc55edb11729454c53e3e928882e6ece680865e1c3e3e848058db00b0ac49
build/swiftpm/armv6-unknown-linux-gnueabihf/release/GiftUIRasterCore.build/RasterWorkTracker.swift.o	437b0125f35b0382a78d5e8b8d5859382e9182a1d98a0e3d224b737d1455670c
build/swiftpm/armv6-unknown-linux-gnueabihf/release/GiftUIRasterCore.build/include/GiftUIRasterCore-Swift.h	4dc4ce556a79769a75e3d719f8334800553cfecddfe71e6bddf28964bc66a672
build/swiftpm/armv6-unknown-linux-gnueabihf/release/GiftUIRasterCore.build/include/module.modulemap	2877d7f6c8ab2736d783c458271664054a981a81ef017aa642b01cd0c37e19ad
build/swiftpm/armv6-unknown-linux-gnueabihf/release/GiftUIRasterCore.build/output-file-map.json	b5fb3ab52b7231c9398e47891840f71f97616b0446c910b5c573c1517a08b5a0
build/swiftpm/armv6-unknown-linux-gnueabihf/release/GiftUIRasterCore.build/sources	950b7dc1dbe0e0a7ae0aef6236fb6eacb6c60806262b4f23046884180f12a0f2
build/swiftpm/armv6-unknown-linux-gnueabihf/release/GiftUIReferenceTextResources.build/GiftUIPiCompactTextResources.swift.o	c20badc5d37e3e593543e485e81396ce0fada6a9a97ceed62fbaaccf776df9ca
build/swiftpm/armv6-unknown-linux-gnueabihf/release/GiftUIReferenceTextResources.build/GiftUIReferenceTextResources.d	ce6fcd3b0908a56c2641b204c8fe459b0b284a372d192a9a247ec2bdf35e59d4
build/swiftpm/armv6-unknown-linux-gnueabihf/release/GiftUIReferenceTextResources.build/GiftUIReferenceTextResources.dia	2c72d5afff8cce441f2f8299a18215b0bf79605aa7eb05839e38f7949b46c0e2
build/swiftpm/armv6-unknown-linux-gnueabihf/release/GiftUIReferenceTextResources.build/GiftUIReferenceTextResources.swift.o	564ddab7ccd1704ac673f2f87a480c4c289a4e79c0a3bf9fc483cb72d0c7634d
build/swiftpm/armv6-unknown-linux-gnueabihf/release/GiftUIReferenceTextResources.build/PiCompactBitmapPayload.generated.swift.o	6b7a9a3d22c841558f676bdaadb3105b8c9a4acaaa364492333b76a851229296
build/swiftpm/armv6-unknown-linux-gnueabihf/release/GiftUIReferenceTextResources.build/PiCompactCatalogue.generated.swift.o	64053d9f141d60718e59b648f970b6a8513f3d4dea9debc72580055a271a615e
build/swiftpm/armv6-unknown-linux-gnueabihf/release/GiftUIReferenceTextResources.build/ReferenceBitmapPayload.generated.swift.o	e7cf1e3cce3ad9ae37c5283c15795ab7e03abd9cc846d2bd8e9bc59e918a282b
build/swiftpm/armv6-unknown-linux-gnueabihf/release/GiftUIReferenceTextResources.build/ReferenceCatalogue.generated.swift.o	dd162b8cd9943874fd24094ca867f015b4ff3ad65604a24b54147ba680aed372
build/swiftpm/armv6-unknown-linux-gnueabihf/release/GiftUIReferenceTextResources.build/ReferenceOutlinePayload.generated.swift.o	935897a89a333b1280a595ec01d7a6a5caded80fcfb19c5844b7cba8d20a181b
build/swiftpm/armv6-unknown-linux-gnueabihf/release/GiftUIReferenceTextResources.build/include/GiftUIReferenceTextResources-Swift.h	2c247caf9a5775ec6bc9c1ac1295a6022b14c38aa4d1a44d946a6b0bc628a7f3
build/swiftpm/armv6-unknown-linux-gnueabihf/release/GiftUIReferenceTextResources.build/include/module.modulemap	7238d1e1f1c78b115cb7b4e2e79879c3df4126da48471aafd4077669eeba7248
build/swiftpm/armv6-unknown-linux-gnueabihf/release/GiftUIReferenceTextResources.build/output-file-map.json	dacbd7a24d35d1193c57c7e50a1e3233b26e5d3cce44fd65f32ea259b79b8277
build/swiftpm/armv6-unknown-linux-gnueabihf/release/GiftUIReferenceTextResources.build/sources	84e56cdf60622da0a3eb75834d01313d81b4f6f9f4536b74c7e84f18fcddcbde
build/swiftpm/armv6-unknown-linux-gnueabihf/release/GiftUIRenderCore.build/DrawingOperationSink.swift.o	1f81e74656937bf1633ddbd5c1adad8d3c58cfea8ee98813756ebe25376cca2c
build/swiftpm/armv6-unknown-linux-gnueabihf/release/GiftUIRenderCore.build/GiftUIRenderCore.d	fe56ec66654a3b3fc9fb93af5bfbc580d22074feee29039142e01d7b25dc5f4a
build/swiftpm/armv6-unknown-linux-gnueabihf/release/GiftUIRenderCore.build/GiftUIRenderCore.dia	2c72d5afff8cce441f2f8299a18215b0bf79605aa7eb05839e38f7949b46c0e2
build/swiftpm/armv6-unknown-linux-gnueabihf/release/GiftUIRenderCore.build/RenderOperationSink.swift.o	4404e152de3a8cec107f0f440ad26776c8a30147b48516b868eff6974292d9ae
build/swiftpm/armv6-unknown-linux-gnueabihf/release/GiftUIRenderCore.build/RenderRecordingSink.swift.o	ec3b946f6fe77bdf749b579aecac6d8ee2826581b4976fcf1fae56314bc3f29e
build/swiftpm/armv6-unknown-linux-gnueabihf/release/GiftUIRenderCore.build/RenderValues.swift.o	031e2c6e4328d759e66fd3a18df8b9058e34c2bf52ffb22bb398236f5b64cf0a
build/swiftpm/armv6-unknown-linux-gnueabihf/release/GiftUIRenderCore.build/include/GiftUIRenderCore-Swift.h	798a376fd1a89614c53b68dc3d107805583c640f14f8e4ff1dde5b6b15704519
build/swiftpm/armv6-unknown-linux-gnueabihf/release/GiftUIRenderCore.build/include/module.modulemap	666a9a41794c2dd4be98a9c0331068768c1d34a59b2e5a1a1444f03a873373c6
build/swiftpm/armv6-unknown-linux-gnueabihf/release/GiftUIRenderCore.build/output-file-map.json	d8259043b3b2b2479b4c3a782d0945f5c305f63a4a23ee710b463c67a4226c9c
build/swiftpm/armv6-unknown-linux-gnueabihf/release/GiftUIRenderCore.build/sources	39f055f3aa816e1a17b9b189a66f5fe01a0fee8f3b4d68120ac41c1bb7895fe7
build/swiftpm/armv6-unknown-linux-gnueabihf/release/GiftUIRenderFailureAdapterFixture.build/GiftUIRenderFailureAdapterFixture.d	2eac65b6d810088758c33a5a7f7830d7f310312ed69b4aa6f7c74f058dcab482
build/swiftpm/armv6-unknown-linux-gnueabihf/release/GiftUIRenderFailureAdapterFixture.build/GiftUIRenderFailureAdapterFixture.dia	2c72d5afff8cce441f2f8299a18215b0bf79605aa7eb05839e38f7949b46c0e2
build/swiftpm/armv6-unknown-linux-gnueabihf/release/GiftUIRenderFailureAdapterFixture.build/RenderFailureAdapter.swift.o	27079e60871f6a48fee7230a17f6bfbe57fc441358df0c99220cbb752186ce61
build/swiftpm/armv6-unknown-linux-gnueabihf/release/GiftUIRenderFailureAdapterFixture.build/include/GiftUIRenderFailureAdapterFixture-Swift.h	6e82d735db6fa888f9d37964d5e155afcd62dd50c7882e681495514fbd3cd3d5
build/swiftpm/armv6-unknown-linux-gnueabihf/release/GiftUIRenderFailureAdapterFixture.build/include/module.modulemap	003107569aca12d972edb52b10eba2af1996b0b73616c32f778755c834c8963b
build/swiftpm/armv6-unknown-linux-gnueabihf/release/GiftUIRenderFailureAdapterFixture.build/output-file-map.json	c7590db4cfad67a7015bad222620480205f27385e2816fad80aa97ada6f8ab81
build/swiftpm/armv6-unknown-linux-gnueabihf/release/GiftUIRenderFailureAdapterFixture.build/sources	2b51d93abfb54c403474d060ff00cb4ff83ff9af6a63753b32173463b3ede321
build/swiftpm/armv6-unknown-linux-gnueabihf/release/GiftUIRenderLowering.build/GiftUIRenderLowering.d	bef90b648d50e5f6a85945b5719c6048b5d425a6a32ee0568a4297279e1cf464
build/swiftpm/armv6-unknown-linux-gnueabihf/release/GiftUIRenderLowering.build/GiftUIRenderLowering.dia	2c72d5afff8cce441f2f8299a18215b0bf79605aa7eb05839e38f7949b46c0e2
build/swiftpm/armv6-unknown-linux-gnueabihf/release/GiftUIRenderLowering.build/RenderExtensions.swift.o	7ab9e251380063e8a3b71a7a189300ccc507f2348083498e9304816fd0bb6524
build/swiftpm/armv6-unknown-linux-gnueabihf/release/GiftUIRenderLowering.build/RenderPreflight.swift.o	202dbf4d7340dfc70131e8986c3a57d632f0274d40b8aec4ab5a386f7a58271e
build/swiftpm/armv6-unknown-linux-gnueabihf/release/GiftUIRenderLowering.build/RenderProducer.swift.o	58811181e0c836dd720178b50a1eebf13f61b80e4b8aaabf57da16f6227a85f0
build/swiftpm/armv6-unknown-linux-gnueabihf/release/GiftUIRenderLowering.build/RenderProductionValues.swift.o	d34be24c576942d855e6c07ffc2d5de33aacdb8dba5e24aa194a86624e152671
build/swiftpm/armv6-unknown-linux-gnueabihf/release/GiftUIRenderLowering.build/RenderStreaming.swift.o	f9831c6562195890b9ce1cfb00dffb886a0b58525b74232522e9e83ee1b1b66d
build/swiftpm/armv6-unknown-linux-gnueabihf/release/GiftUIRenderLowering.build/include/GiftUIRenderLowering-Swift.h	0ad402476a1c996bff1407a8b50f0f1730a5fd62824bee74dcfeaafe48b7ab75
build/swiftpm/armv6-unknown-linux-gnueabihf/release/GiftUIRenderLowering.build/include/module.modulemap	8fcbf4e2a8dceba3f1de842bbcd3abe2e3748d660495d16d391624aba3a01efd
build/swiftpm/armv6-unknown-linux-gnueabihf/release/GiftUIRenderLowering.build/output-file-map.json	02ec5875eecc8e11d6a872127bb492240f1d6a5355413268b83a07090e4337be
build/swiftpm/armv6-unknown-linux-gnueabihf/release/GiftUIRenderLowering.build/sources	6935a1a3c32caf705f279327459cea8f255925b976d548a2778a7a27fb260f72
build/swiftpm/armv6-unknown-linux-gnueabihf/release/GiftUIRuntimeCore.build/GiftUIRuntimeCore.d	83e85d45f01866ec1b1cca11360c9c8a7b32cd8c2ba64a0e532866d167584656
build/swiftpm/armv6-unknown-linux-gnueabihf/release/GiftUIRuntimeCore.build/GiftUIRuntimeCore.dia	2c72d5afff8cce441f2f8299a18215b0bf79605aa7eb05839e38f7949b46c0e2
build/swiftpm/armv6-unknown-linux-gnueabihf/release/GiftUIRuntimeCore.build/RuntimeCompletePipeline.swift.o	620061df196d9ac8af465aa826e26065b7fb2299a01749bada92cc3faf9ce699
build/swiftpm/armv6-unknown-linux-gnueabihf/release/GiftUIRuntimeCore.build/RuntimeCoordinatorCleanup.swift.o	35903028dc03ab946b812b55accb2d8a5fa47c1fb2208459d679c917a6b0fb1a
build/swiftpm/armv6-unknown-linux-gnueabihf/release/GiftUIRuntimeCore.build/RuntimeCoordinatorContracts.swift.o	7e695d6937a7d75ad4fb1acc8c6a210e8fd2eaf30d420a19c8bd3966c6d8dc2a
build/swiftpm/armv6-unknown-linux-gnueabihf/release/GiftUIRuntimeCore.build/RuntimeCoordinatorLifecycle.swift.o	5e1681deeb46bfe6c84562e46a310daa15766fd9708c70887ee3353a36e6b0f4
build/swiftpm/armv6-unknown-linux-gnueabihf/release/GiftUIRuntimeCore.build/RuntimeCoordinatorQuiescence.swift.o	45d81e94ef593a0b367166cdafce1c515ba5c44774697d30970ba0de4953ca30
build/swiftpm/armv6-unknown-linux-gnueabihf/release/GiftUIRuntimeCore.build/RuntimeCoreBoundary.swift.o	6a1b03f341a04782e9acc178a87cd192eff4b8183fc113ca37242ec958e7bb86
build/swiftpm/armv6-unknown-linux-gnueabihf/release/GiftUIRuntimeCore.build/RuntimeFocusedFailureState.swift.o	94021d1b09ca7164b87cd80cef7196b971da0efad05dff329f190d38d04b2316
build/swiftpm/armv6-unknown-linux-gnueabihf/release/GiftUIRuntimeCore.build/RuntimeInteractionCandidateCoordinator.swift.o	4e76411221797bd835afbefd0c98686f7b5215c02066bba7db691ef49bff457b
build/swiftpm/armv6-unknown-linux-gnueabihf/release/GiftUIRuntimeCore.build/RuntimeInteractionCandidateTransaction.swift.o	f747ad22ceb3a0e622d30d3a506cb212d010195316056b17218e1b734058c260
build/swiftpm/armv6-unknown-linux-gnueabihf/release/GiftUIRuntimeCore.build/RuntimeInteractionDispatcher.swift.o	53805d8671bf45803f4471ec82cff120df64de4412adc39eaffb426498f4318f
build/swiftpm/armv6-unknown-linux-gnueabihf/release/GiftUIRuntimeCore.build/RuntimeInteractionMutationOwner.swift.o	154d37560b493d529eb2687276e8f2af2d261a58ccae209dad2b2a3a1c32ff07
build/swiftpm/armv6-unknown-linux-gnueabihf/release/GiftUIRuntimeCore.build/RuntimeObservableProfileWorkspace.swift.o	ff3cc09ad44ad7417d4f9a3d97e47e7cc701b653696121a8af11e416ddf15a10
build/swiftpm/armv6-unknown-linux-gnueabihf/release/GiftUIRuntimeCore.build/RuntimeOwnerFailure.swift.o	6838a92c26227a8eb791263b03240cd59cb366afd6dd77e952cd5400edf7f301
build/swiftpm/armv6-unknown-linux-gnueabihf/release/GiftUIRuntimeCore.build/RuntimeProfileStorage.swift.o	483195460ddda070b6298e45ccb98b6227f8e990f288210fdff5f24316cdc2ba
build/swiftpm/armv6-unknown-linux-gnueabihf/release/GiftUIRuntimeCore.build/RuntimeProfileValidation.swift.o	2a22c638dc221cde0371d2231b6b0e2f673ccb013b54362c85ad876272b8caf1
build/swiftpm/armv6-unknown-linux-gnueabihf/release/GiftUIRuntimeCore.build/RuntimeProfileValues.swift.o	8e15af97e65520af16215b24ebae43c5038323598a41421023b1ec9813da39c4
build/swiftpm/armv6-unknown-linux-gnueabihf/release/GiftUIRuntimeCore.build/RuntimeStorageRegistry.swift.o	0e16f091078b5ca33303842676d4fc397939e0a20826d384e56e8f4bd53551f9
build/swiftpm/armv6-unknown-linux-gnueabihf/release/GiftUIRuntimeCore.build/include/GiftUIRuntimeCore-Swift.h	68ac3e89af4a957773070b3a50437e068154475ee972618f4bd4f43b9d4be475
build/swiftpm/armv6-unknown-linux-gnueabihf/release/GiftUIRuntimeCore.build/include/module.modulemap	3a3594fe487cff70a7299ae051b41bf7e5779dac0ab5a089d2f912d07ecb2d27
build/swiftpm/armv6-unknown-linux-gnueabihf/release/GiftUIRuntimeCore.build/output-file-map.json	d30f7c3a3e1ffa04f8585806ebf277ef084ce928442d466d0f012d2feb5f9cd0
build/swiftpm/armv6-unknown-linux-gnueabihf/release/GiftUIRuntimeCore.build/sources	28f26c83197304f4a7d818817667d7f668ab6d17acebabb791fa341170cbd834
build/swiftpm/armv6-unknown-linux-gnueabihf/release/GiftUIRuntimeDynamic.build/DynamicCanvasCallableStorage.swift.o	3bf69003ff70e71629970cfbb2e9fd7e779df69427354fcbdda3765cbe14bf2e
build/swiftpm/armv6-unknown-linux-gnueabihf/release/GiftUIRuntimeDynamic.build/DynamicDrawingPlanWorkspace.swift.o	bbbeb4616ba858fd465924e5dd0492afbbbdf8644d835c3e55203d0d3d368b76
build/swiftpm/armv6-unknown-linux-gnueabihf/release/GiftUIRuntimeDynamic.build/DynamicInteractionStorage.swift.o	58240fbb36081611318db053657df0f1126fa4d905bb11f34470da2be6dea498
build/swiftpm/armv6-unknown-linux-gnueabihf/release/GiftUIRuntimeDynamic.build/DynamicLayoutHostStorage.swift.o	9220bf1947d1444a3b22f95c6b6dca6aa6c8f73b30e1c02fbd08847b44ac3047
build/swiftpm/armv6-unknown-linux-gnueabihf/release/GiftUIRuntimeDynamic.build/DynamicLivePathStorage.swift.o	0711f497f3ee485f3121850bebca95943815d17a2c367f67ad69e0000e878704
build/swiftpm/armv6-unknown-linux-gnueabihf/release/GiftUIRuntimeDynamic.build/DynamicObservableModelRegistration.swift.o	e52c41b71cf0c9ad213b91227cdf56a11c35d617783c1c5d195c33eb95b24df6
build/swiftpm/armv6-unknown-linux-gnueabihf/release/GiftUIRuntimeDynamic.build/DynamicObservableModelStorage.swift.o	bfef9fb8a28ff1dd2d3b0eba0b4b3904d58b04b3e30aeff884cff371895ec816
build/swiftpm/armv6-unknown-linux-gnueabihf/release/GiftUIRuntimeDynamic.build/DynamicObservableProfileSlotStorage.swift.o	174ab0cede025594928f08ce4ea41ee3feb434028b5c6bde5e855a0c901822e1
build/swiftpm/armv6-unknown-linux-gnueabihf/release/GiftUIRuntimeDynamic.build/DynamicObservableRootAdapter.swift.o	18534b0611acc2bc60eec3403795d47eecebd6b26869374aab4af434d9d3968a
build/swiftpm/armv6-unknown-linux-gnueabihf/release/GiftUIRuntimeDynamic.build/DynamicObservableRootTargetAccess.swift.o	1e0bd938e7bffb505b9319868ac06a2caec9f33c5926b814952c8cd4119b1db3
build/swiftpm/armv6-unknown-linux-gnueabihf/release/GiftUIRuntimeDynamic.build/DynamicObservableStateReconciler.swift.o	1e694ddd71e299c2e914cc63e23d1da6d642f4ee12f351c77f7cafe6076fd3c4
build/swiftpm/armv6-unknown-linux-gnueabihf/release/GiftUIRuntimeDynamic.build/DynamicProfileBoundary.swift.o	ee18ee477ecf7dc8db18c3378774348d329464472d73af6b956f22b26f7b8860
build/swiftpm/armv6-unknown-linux-gnueabihf/release/GiftUIRuntimeDynamic.build/DynamicProfileStorage.swift.o	78ee2ee4630597dad8e14269e427654d9ec96ecaa1ce55a09b62897fa9af7207
build/swiftpm/armv6-unknown-linux-gnueabihf/release/GiftUIRuntimeDynamic.build/DynamicRenderWorkspace.swift.o	84d916035a3183e0ef0d0df9fbfb9eb9dc1e3d6ab39a45c88d094018c1ea6403
build/swiftpm/armv6-unknown-linux-gnueabihf/release/GiftUIRuntimeDynamic.build/DynamicRuntimeExecutionCoordinator.swift.o	93f9b688ac9dc343131cb9d684c89c579d6f0e4fffd9d1f87ad8c9042eb91762
build/swiftpm/armv6-unknown-linux-gnueabihf/release/GiftUIRuntimeDynamic.build/DynamicRuntimeProfileBinding.swift.o	6f89ac702d3ec27aec52c3ff4d470ea7df9dea6258b8c8d8527f0a48104d54cf
build/swiftpm/armv6-unknown-linux-gnueabihf/release/GiftUIRuntimeDynamic.build/DynamicSemanticHostStorage.swift.o	6fe34d4b99d9e6845f609fb9f4380a932a84102e4fe28a5549ade4d29f074505
build/swiftpm/armv6-unknown-linux-gnueabihf/release/GiftUIRuntimeDynamic.build/GiftUIRuntimeDynamic.d	971537ad946bb1328c0a946f7b03c0b6a9bee09cce591583ac554228d914011c
build/swiftpm/armv6-unknown-linux-gnueabihf/release/GiftUIRuntimeDynamic.build/GiftUIRuntimeDynamic.dia	2c72d5afff8cce441f2f8299a18215b0bf79605aa7eb05839e38f7949b46c0e2
build/swiftpm/armv6-unknown-linux-gnueabihf/release/GiftUIRuntimeDynamic.build/include/GiftUIRuntimeDynamic-Swift.h	78da9b9b15d619b5bd7172c8fde33df3bfb60ca0c9025305365b9ec012c9e69e
build/swiftpm/armv6-unknown-linux-gnueabihf/release/GiftUIRuntimeDynamic.build/include/module.modulemap	68e095be5f6bb755a01c74a20671a2b1ac6ff8c697e6d7a064c41d5731dfa557
build/swiftpm/armv6-unknown-linux-gnueabihf/release/GiftUIRuntimeDynamic.build/output-file-map.json	ac0164c9f880461f2f3588ac2f43bb47b57cea2e79ed04cfc19dffcb82b8974c
build/swiftpm/armv6-unknown-linux-gnueabihf/release/GiftUIRuntimeDynamic.build/sources	2e7ffd80a86de164b55462f1059e84d37c5fc8148478a1de1bd75222e69d05a7
build/swiftpm/armv6-unknown-linux-gnueabihf/release/GiftUIRuntimeFailureAdapterFixture.build/GiftUIRuntimeFailureAdapterFixture.d	8cf5d33929fe25c70c5852d80206a69fa953211f8f6ab13e3c2f7c45f27c0bcd
build/swiftpm/armv6-unknown-linux-gnueabihf/release/GiftUIRuntimeFailureAdapterFixture.build/GiftUIRuntimeFailureAdapterFixture.dia	2c72d5afff8cce441f2f8299a18215b0bf79605aa7eb05839e38f7949b46c0e2
build/swiftpm/armv6-unknown-linux-gnueabihf/release/GiftUIRuntimeFailureAdapterFixture.build/RuntimeFailureAdapterBoundary.swift.o	5801b775a6adaf565cc675e0cc8fa5dd9550b5547da828f98019ce5aaf629a72
build/swiftpm/armv6-unknown-linux-gnueabihf/release/GiftUIRuntimeFailureAdapterFixture.build/include/GiftUIRuntimeFailureAdapterFixture-Swift.h	05e076bddf411281c2574684de9771c45e4b6ba9345a54eca68c52ec1a9a8f78
build/swiftpm/armv6-unknown-linux-gnueabihf/release/GiftUIRuntimeFailureAdapterFixture.build/include/module.modulemap	f56a5343845e722ba165a521a925999bc4c0af81e38644060e588a0dd73c35d6
build/swiftpm/armv6-unknown-linux-gnueabihf/release/GiftUIRuntimeFailureAdapterFixture.build/output-file-map.json	04fabe0a3d02fdbd46255928f8179e86b86c65dbe890e531c4d57e0b99a4a214
build/swiftpm/armv6-unknown-linux-gnueabihf/release/GiftUIRuntimeFailureAdapterFixture.build/sources	69bd739b2515b59ead97fad03ebaa06b6252f7322e0b51ebf08dabb5ba05e669
build/swiftpm/armv6-unknown-linux-gnueabihf/release/GiftUIRuntimeStatic.build/GiftUIRuntimeStatic.d	4782ccabf0377fc5b354d4c466623c3b062c6df9e10fa457065e1ab7c0a68c6e
build/swiftpm/armv6-unknown-linux-gnueabihf/release/GiftUIRuntimeStatic.build/GiftUIRuntimeStatic.dia	2c72d5afff8cce441f2f8299a18215b0bf79605aa7eb05839e38f7949b46c0e2
build/swiftpm/armv6-unknown-linux-gnueabihf/release/GiftUIRuntimeStatic.build/StaticCanvasHostHandle.swift.o	045fc68c5165a1c083a954091cbbc591827950442986aa54a4d29e9e39523a5d
build/swiftpm/armv6-unknown-linux-gnueabihf/release/GiftUIRuntimeStatic.build/StaticCanvasOccurrence.swift.o	00a1cdbb14bfa9c1191dcbd94d1608d4360d79896d1d5af019534e8e32ba7530
build/swiftpm/armv6-unknown-linux-gnueabihf/release/GiftUIRuntimeStatic.build/StaticGeneratedProfileMetadata.swift.o	711db92c21353da0da1fbe992b44cf6ec61baf2411b186aeaf97773bc8509936
build/swiftpm/armv6-unknown-linux-gnueabihf/release/GiftUIRuntimeStatic.build/StaticInteractionStorage.swift.o	6ee29058643cdffab2a5b40722b38d7fbea4762c6dbdcc509e439459e7803b33
build/swiftpm/armv6-unknown-linux-gnueabihf/release/GiftUIRuntimeStatic.build/StaticObservableModelStorage.swift.o	cd327eb237c7c3f244160d5bd9025d49da678071601545485bb5ee513cb1a4a8
build/swiftpm/armv6-unknown-linux-gnueabihf/release/GiftUIRuntimeStatic.build/StaticObservableProfileSlotStorage.swift.o	c6275fab50104a5e98f3b3232aba7d1cafa3f2993258622929f0bb5e144c7746
build/swiftpm/armv6-unknown-linux-gnueabihf/release/GiftUIRuntimeStatic.build/StaticObservableRegistrationRecord.swift.o	4a7eb7460cd02bb505197268c511d79fbbef6467cfea1272bf5af93fa6afd3fc
build/swiftpm/armv6-unknown-linux-gnueabihf/release/GiftUIRuntimeStatic.build/StaticObservableRootAdapter.swift.o	b6e9c71f55c59ee3dacc8ecdeb9fdf59b58ac2d2f392b220871a5db310f048f2
build/swiftpm/armv6-unknown-linux-gnueabihf/release/GiftUIRuntimeStatic.build/StaticObservableRootTargetAccess.swift.o	7b8c0e0c984478c94a9be615b58cbd0b84d653937fe0d3589d1918e5b3e38e8a
build/swiftpm/armv6-unknown-linux-gnueabihf/release/GiftUIRuntimeStatic.build/StaticProfileBoundary.swift.o	953c47dae6ba1ce9b1a9ed09d77b159af88b55908832cb8c5621cba683f02fb0
build/swiftpm/armv6-unknown-linux-gnueabihf/release/GiftUIRuntimeStatic.build/StaticProfileStorage.swift.o	e16b4ce7417af17450f07bb52d063bf453a4f43e62aff6532ef38e637658b5ea
build/swiftpm/armv6-unknown-linux-gnueabihf/release/GiftUIRuntimeStatic.build/StaticRuntimeExecutionCoordinator.swift.o	28b898a606dada2c44ff19c68a851087193df8421fc9c3e7da1675a84a03357e
build/swiftpm/armv6-unknown-linux-gnueabihf/release/GiftUIRuntimeStatic.build/StaticRuntimeProfileBinding.swift.o	8dd0edc82bcd569cefb9e24bcce58f815b43e3d7215912d412f610d23c306cda
build/swiftpm/armv6-unknown-linux-gnueabihf/release/GiftUIRuntimeStatic.build/include/GiftUIRuntimeStatic-Swift.h	480152446d0586c1c89e617139d2aabd29c09e75e8f27a1126e8b1c8a6606524
build/swiftpm/armv6-unknown-linux-gnueabihf/release/GiftUIRuntimeStatic.build/include/module.modulemap	685269c9a46a003b88141c3edeb22a19e37ac2031ac86e0769a01c21d1d67c5e
build/swiftpm/armv6-unknown-linux-gnueabihf/release/GiftUIRuntimeStatic.build/output-file-map.json	08ff71299513a5ee6bdde832b59da7450c53c4cc13465627b8b77acaa3917808
build/swiftpm/armv6-unknown-linux-gnueabihf/release/GiftUIRuntimeStatic.build/sources	9849481b33b517236f2276478cd35890ecce16ca3f7797992d13ed06db8f7acd
build/swiftpm/armv6-unknown-linux-gnueabihf/release/GiftUISemanticCore.build/GiftUISemanticCore.d	69ddc6472aa468c16d9b60be4547757d80e9035bff519cd3343c39c52b396f45
build/swiftpm/armv6-unknown-linux-gnueabihf/release/GiftUISemanticCore.build/GiftUISemanticCore.dia	2c72d5afff8cce441f2f8299a18215b0bf79605aa7eb05839e38f7949b46c0e2
build/swiftpm/armv6-unknown-linux-gnueabihf/release/GiftUISemanticCore.build/GiftUISemanticCore.swift.o	7ec9ce0fcce8bb2adc9a0a22d4e8e655c1db578c292f3e9f0497d27a495277da
build/swiftpm/armv6-unknown-linux-gnueabihf/release/GiftUISemanticCore.build/SemanticLayoutView.swift.o	9113991c6e145d7c14d3a80cb4fc34730456ff6e686ada057ebd44f2b21b8233
build/swiftpm/armv6-unknown-linux-gnueabihf/release/GiftUISemanticCore.build/SemanticRenderView.swift.o	c676a93f73284639095260a36e8c66bee9fb33de62873eeb12b02098ac1c5f86
build/swiftpm/armv6-unknown-linux-gnueabihf/release/GiftUISemanticCore.build/include/GiftUISemanticCore-Swift.h	6ca2e6120232ea9bca2d7bcace56fa5ec9550419e1a047ab650fd9cba900bc41
build/swiftpm/armv6-unknown-linux-gnueabihf/release/GiftUISemanticCore.build/include/module.modulemap	c296b2ef9430bae3cda544b8e13afc1936c072aff4e8669fd37799b48f1f17e7
build/swiftpm/armv6-unknown-linux-gnueabihf/release/GiftUISemanticCore.build/output-file-map.json	c1b0177600b50b487e6303bde491f25cea80011ccb02fad78586918bbae6a57c
build/swiftpm/armv6-unknown-linux-gnueabihf/release/GiftUISemanticCore.build/sources	439219a0a59c49a9ebe73915ec39871b520374c0b9399b21a0267a1ff212bb12
build/swiftpm/armv6-unknown-linux-gnueabihf/release/GiftUISemanticFailureAdapterFixture.build/GiftUISemanticFailureAdapterFixture.d	3b2b2ff84376f3309fea57d2fe04676c21fc11d208906768484fd1d120a3db55
build/swiftpm/armv6-unknown-linux-gnueabihf/release/GiftUISemanticFailureAdapterFixture.build/GiftUISemanticFailureAdapterFixture.dia	2c72d5afff8cce441f2f8299a18215b0bf79605aa7eb05839e38f7949b46c0e2
build/swiftpm/armv6-unknown-linux-gnueabihf/release/GiftUISemanticFailureAdapterFixture.build/SemanticFailureAdapter.swift.o	ab106388134717761a3054d3cbac77b7402de5c6adf3d32e22442750c6adf8de
build/swiftpm/armv6-unknown-linux-gnueabihf/release/GiftUISemanticFailureAdapterFixture.build/include/GiftUISemanticFailureAdapterFixture-Swift.h	992cfefcf4debcb22f6b91196a50504f5feadb06e11f526087d6565ba1cbbf95
build/swiftpm/armv6-unknown-linux-gnueabihf/release/GiftUISemanticFailureAdapterFixture.build/include/module.modulemap	131810891c5218b051da0a13d5d5e24748180c4ee545b2d742cde94d670fd4fd
build/swiftpm/armv6-unknown-linux-gnueabihf/release/GiftUISemanticFailureAdapterFixture.build/output-file-map.json	2b6605c80f2e4474eba9d364c4a25a54b17e7c4df351e08cb48403300d3e7775
build/swiftpm/armv6-unknown-linux-gnueabihf/release/GiftUISemanticFailureAdapterFixture.build/sources	cb8c4d6e349caf0f6f9e5f665b8ffed63b33e33e637e5aacab119b7ef1e5231d
build/swiftpm/armv6-unknown-linux-gnueabihf/release/GiftUISurfaceCore.build/GiftUISurfaceCore.d	7a4568d7025144d97b54d3187e3bcc536ad55631bbd122768253ce26a117d311
build/swiftpm/armv6-unknown-linux-gnueabihf/release/GiftUISurfaceCore.build/GiftUISurfaceCore.dia	2c72d5afff8cce441f2f8299a18215b0bf79605aa7eb05839e38f7949b46c0e2
build/swiftpm/armv6-unknown-linux-gnueabihf/release/GiftUISurfaceCore.build/RasterSurface.swift.o	d2c4dba76fbc990c86e08941887dbf7499d0d07a28b7f8d2ad87e2fa483ade18
build/swiftpm/armv6-unknown-linux-gnueabihf/release/GiftUISurfaceCore.build/SurfaceValues.swift.o	566ecc5a25d8327cf92b21ea3982a4bf8756033463fee468788a50f3398e4de3
build/swiftpm/armv6-unknown-linux-gnueabihf/release/GiftUISurfaceCore.build/include/GiftUISurfaceCore-Swift.h	74d53c15c1a10974b6b40db6fffba787091ee830f3fd881ee71a42e36da7b411
build/swiftpm/armv6-unknown-linux-gnueabihf/release/GiftUISurfaceCore.build/include/module.modulemap	46ddfc3cad2205367ba36af87c20c36ec695fcea89dc9466eb8ac236569d7692
build/swiftpm/armv6-unknown-linux-gnueabihf/release/GiftUISurfaceCore.build/output-file-map.json	176ee6a75183f3cf5697faf38027d8e2d9c2f88cbb31c50237cfb65e775d579c
build/swiftpm/armv6-unknown-linux-gnueabihf/release/GiftUISurfaceCore.build/sources	0c3c28bdde8dfc9a832118442b9a5a1cb33f98136630644882d14bf06a053e8c
build/swiftpm/armv6-unknown-linux-gnueabihf/release/GiftUITextResourceFailureAdapterFixture.build/GiftUITextResourceFailureAdapterFixture.d	bbb2205ad8ff3bf2cf305da3bf4092bc7b5cc1eae3399d0e1850fe3e5ff074e9
build/swiftpm/armv6-unknown-linux-gnueabihf/release/GiftUITextResourceFailureAdapterFixture.build/GiftUITextResourceFailureAdapterFixture.dia	2c72d5afff8cce441f2f8299a18215b0bf79605aa7eb05839e38f7949b46c0e2
build/swiftpm/armv6-unknown-linux-gnueabihf/release/GiftUITextResourceFailureAdapterFixture.build/GiftUITextResourceFailureAdapterFixture.swift.o	052a8a56bc51355db51c783915d77b5013de9644fc41a590d4674df52e7d3d61
build/swiftpm/armv6-unknown-linux-gnueabihf/release/GiftUITextResourceFailureAdapterFixture.build/include/GiftUITextResourceFailureAdapterFixture-Swift.h	5fa17ae1c6bdb1349fff00016ae41af8fb3c3b90c9656a6cbab90f7fcb0edc7b
build/swiftpm/armv6-unknown-linux-gnueabihf/release/GiftUITextResourceFailureAdapterFixture.build/include/module.modulemap	de141055d3e429989625ef3b48f2a5c31aedfa95a08ab69ac862ea696524f373
build/swiftpm/armv6-unknown-linux-gnueabihf/release/GiftUITextResourceFailureAdapterFixture.build/output-file-map.json	922308a266ef0f36b8e5462697915ef266af8fac5a272c6c6945fddd7ff8fab1
build/swiftpm/armv6-unknown-linux-gnueabihf/release/GiftUITextResourceFailureAdapterFixture.build/sources	68f32815074638d34018764880835d7fc93107688f3fc27bd31ed423a64b8901
build/swiftpm/armv6-unknown-linux-gnueabihf/release/GiftUITextResources.build/GiftUITextResources.d	0c3e6a05ae95d222645a20477a29e15c720bceb0fe10bbea74ba6f7396f881db
build/swiftpm/armv6-unknown-linux-gnueabihf/release/GiftUITextResources.build/GiftUITextResources.dia	2c72d5afff8cce441f2f8299a18215b0bf79605aa7eb05839e38f7949b46c0e2
build/swiftpm/armv6-unknown-linux-gnueabihf/release/GiftUITextResources.build/GiftUITextResources.swift.o	f32250b5d05e04204c0ef47bf2b1ce6d42b1f56b72171218286f530402bc5a5c
build/swiftpm/armv6-unknown-linux-gnueabihf/release/GiftUITextResources.build/include/GiftUITextResources-Swift.h	5d5b46dc1044ac5b20981c657efe942732bdb0f49d7c045d848bf7609bcd4e99
build/swiftpm/armv6-unknown-linux-gnueabihf/release/GiftUITextResources.build/include/module.modulemap	1fdbbd1b6095c45fe8a3c1980e3558620d95c46978a1cdcbae2dc5e40a3eed52
build/swiftpm/armv6-unknown-linux-gnueabihf/release/GiftUITextResources.build/output-file-map.json	5b505643f0c6fd382e7e8550372dbe405ea76d96b84de89b9e8539b9e0b1388c
build/swiftpm/armv6-unknown-linux-gnueabihf/release/GiftUITextResources.build/sources	264d51c9cf08831330a4e521e8fca04f9088a22df7f4971c9efd2e6571ed34d9
build/swiftpm/armv6-unknown-linux-gnueabihf/release/ModuleCache/3LQI6LCOT1Z3O/SwiftGlibc-L5WNXN02X9B9.pcm	fcae7eb3d3977353c18f0fe4dcec77b9cc04279af16062b1759d8ba96a67dd2a
build/swiftpm/armv6-unknown-linux-gnueabihf/release/ModuleCache/3LQI6LCOT1Z3O/SwiftOverlayShims-23XBJIVCAZUQI.pcm	a95809cde84d267971e437cebb825bd81db0124f1921a579b6afdd7fe237a781
build/swiftpm/armv6-unknown-linux-gnueabihf/release/ModuleCache/3LQI6LCOT1Z3O/SwiftShims-23XBJIVCAZUQI.pcm	06a75a90451e51362dc1a2f13209db19aafdd779f961b35c84bbb153ab4e4f0c
build/swiftpm/armv6-unknown-linux-gnueabihf/release/ModuleCache/3LQI6LCOT1Z3O/_Builtin_stddef-1IVK1BOJ1SPEL.pcm	faa1733c3b1a34f9e8d8906287b9607eef91cbb861c89764b740367e77d04fb5
build/swiftpm/armv6-unknown-linux-gnueabihf/release/ModuleCache/3LQI6LCOT1Z3O/_SwiftConcurrencyShims-23XBJIVCAZUQI.pcm	92268d8557b78426115c47690457e13bed0430ee549f8e09fc9a70ba6cb810e5
build/swiftpm/armv6-unknown-linux-gnueabihf/release/ModuleCache/modules.timestamp	e3b0c44298fc1c149afbf4c8996fb92427ae41e4649b934ca495991b7852b855
build/swiftpm/armv6-unknown-linux-gnueabihf/release/Modules/GiftUI.swiftdoc	1bdf9682c49505b3b35fdbdc6dd038268a660ce07c5cdf5e95a583f4acd78049
build/swiftpm/armv6-unknown-linux-gnueabihf/release/Modules/GiftUI.swiftmodule	ee329afd0c9a287a8e9cae1a436fc7ed21933e73d107a7d77f2dd817c11c1186
build/swiftpm/armv6-unknown-linux-gnueabihf/release/Modules/GiftUI.swiftsourceinfo	886fb70e4adfe848e1639a653b817878d9d8388c1cea180522c60fca98243306
build/swiftpm/armv6-unknown-linux-gnueabihf/release/Modules/GiftUIBackendIntegration.swiftdoc	58f2e86add9f79174835ee2b661b0a28acb8ffae0656d890feb2ef99a4f76407
build/swiftpm/armv6-unknown-linux-gnueabihf/release/Modules/GiftUIBackendIntegration.swiftmodule	c065310f51baef916d2ebe321fb89e3a9d9ddcfbbc0eb611808dda0fc25cbff4
build/swiftpm/armv6-unknown-linux-gnueabihf/release/Modules/GiftUIBackendIntegration.swiftsourceinfo	32eba739990a46d7bc20bc6a6b4fbabb89f23d961cda9541db202140ee088115
build/swiftpm/armv6-unknown-linux-gnueabihf/release/Modules/GiftUICapabilities.swiftdoc	e9bb0c79a10a696a9837476c1db6b3ba688414c807593fa567f37abb767b9238
build/swiftpm/armv6-unknown-linux-gnueabihf/release/Modules/GiftUICapabilities.swiftmodule	55f7144a448ad9bcc6094e924a77e5273445774511382326c2cd7ccf4e8523d9
build/swiftpm/armv6-unknown-linux-gnueabihf/release/Modules/GiftUICapabilities.swiftsourceinfo	fdd1476461c7dc0be2dedf7eb21996b11dde37235bacc9c23cabed451df3b236
build/swiftpm/armv6-unknown-linux-gnueabihf/release/Modules/GiftUICapabilityFailureAdapterFixture.swiftdoc	88d9ebc4af1135257059c8c87c050c05107f3abd86accee61dd7bc9202f70c7e
build/swiftpm/armv6-unknown-linux-gnueabihf/release/Modules/GiftUICapabilityFailureAdapterFixture.swiftmodule	936df1e9bce011f33482e3f442807cc2a51a80ac312444023d54b0f296ccaabd
build/swiftpm/armv6-unknown-linux-gnueabihf/release/Modules/GiftUICapabilityFailureAdapterFixture.swiftsourceinfo	788d5494c1c68218f279d29228dbe3a1d11abcf5bda08ea27256bc713f30e0de
build/swiftpm/armv6-unknown-linux-gnueabihf/release/Modules/GiftUIDisplayCore.swiftdoc	1fa0ef4e32412a4924ffd2590bdf58532b5732e2390d6c1537e71eb63d8fa10b
build/swiftpm/armv6-unknown-linux-gnueabihf/release/Modules/GiftUIDisplayCore.swiftmodule	500cd384df22194b9693b302886ded2e049cd0fc99d5a56bc9eb8ce03d53a395
build/swiftpm/armv6-unknown-linux-gnueabihf/release/Modules/GiftUIDisplayCore.swiftsourceinfo	f6e3cfee9ec727c4812498d891d8ad6ebb2714989343fb7bb8abc69b21635bdc
build/swiftpm/armv6-unknown-linux-gnueabihf/release/Modules/GiftUIDrawing.swiftdoc	0242a6b244b0cd8ac1a8841e4ecd7b61899ad179a11031dc0f7901e69ce59c12
build/swiftpm/armv6-unknown-linux-gnueabihf/release/Modules/GiftUIDrawing.swiftmodule	6ea59b37b24aab50e1006bb8fcc60c1f275de1b8b5a56c8b120832a43a6804d3
build/swiftpm/armv6-unknown-linux-gnueabihf/release/Modules/GiftUIDrawing.swiftsourceinfo	17069abfd3e906718a4ecfbc96f0b928d59813ea67d8de4c3d5f76978f7be040
build/swiftpm/armv6-unknown-linux-gnueabihf/release/Modules/GiftUIDrawingFailureAdapterFixture.swiftdoc	b901de5213c96ea92c68048bf8dac67ddebfa1e5dc29929b72d6a272cbea6bc3
build/swiftpm/armv6-unknown-linux-gnueabihf/release/Modules/GiftUIDrawingFailureAdapterFixture.swiftmodule	24cb8667f0b5dfa3db20da58ddfa73ee369b188d9712f385a795ad3ecf7125cc
build/swiftpm/armv6-unknown-linux-gnueabihf/release/Modules/GiftUIDrawingFailureAdapterFixture.swiftsourceinfo	05b173e2f2e51286011712d5e563333f13c5eb760c07f9f458b63fc204c237ed
build/swiftpm/armv6-unknown-linux-gnueabihf/release/Modules/GiftUIDynamicConveniences.swiftdoc	f103caf3921a02cb969b10dfe372a3a20601a19e300a33b32d315af4d1ae0347
build/swiftpm/armv6-unknown-linux-gnueabihf/release/Modules/GiftUIDynamicConveniences.swiftmodule	38c28e3e1a8d63296d784bff43b9a7cbf107a9492d4f5358c95d0ec2c5b0e3ec
build/swiftpm/armv6-unknown-linux-gnueabihf/release/Modules/GiftUIDynamicConveniences.swiftsourceinfo	c02a73f4bf963731c1f6d03cfdcf3d8b252126731e62743f029c4ebb5db8a441
build/swiftpm/armv6-unknown-linux-gnueabihf/release/Modules/GiftUIExecution.swiftdoc	e8d2c43706064f04b89b67f6664d49fa0eb46910774ffca62d78f51c2b3e3b2f
build/swiftpm/armv6-unknown-linux-gnueabihf/release/Modules/GiftUIExecution.swiftmodule	dae847f4280ae0179090efa4b3470bed670a21534783eaa7fb767bcbe15afccc
build/swiftpm/armv6-unknown-linux-gnueabihf/release/Modules/GiftUIExecution.swiftsourceinfo	4a6ffb666d36e31fbb91f29115441d254a6a4c5df5edfbaba0a8d02ea65a4b32
build/swiftpm/armv6-unknown-linux-gnueabihf/release/Modules/GiftUIFailureCore.swiftdoc	a1cfbf39026b8bfb65f21f68b5c53fcc651aa0f2ac5380154e27176d6584bd1b
build/swiftpm/armv6-unknown-linux-gnueabihf/release/Modules/GiftUIFailureCore.swiftmodule	819422756895126bb581f97bc64a85669a33e925e6304e0bb40c53593ee85c71
build/swiftpm/armv6-unknown-linux-gnueabihf/release/Modules/GiftUIFailureCore.swiftsourceinfo	83f339c44c7ee5c473f60472df2eb1dce99bcadb780813a887ead4ecae62e589
build/swiftpm/armv6-unknown-linux-gnueabihf/release/Modules/GiftUIFailureDiagnostics.swiftdoc	1df3dbcc3c4da5ae12e93294bdc3b10957e7ab0f2452b999762563076d504d1d
build/swiftpm/armv6-unknown-linux-gnueabihf/release/Modules/GiftUIFailureDiagnostics.swiftmodule	a6028dd0bdcea355e67cf2700d04ec9126df04ace60fc2a2c75bbd39ce1d9ccf
build/swiftpm/armv6-unknown-linux-gnueabihf/release/Modules/GiftUIFailureDiagnostics.swiftsourceinfo	ef9ba5ed256b05a5af7d6472dc6fa869a99d57b7c784246c8c363133832851c7
build/swiftpm/armv6-unknown-linux-gnueabihf/release/Modules/GiftUIFailureExecution.swiftdoc	f599b4eb92cfa2ad2bb4bc998c00e3bc394ced2e51d0973856843e2c7516ad57
build/swiftpm/armv6-unknown-linux-gnueabihf/release/Modules/GiftUIFailureExecution.swiftmodule	58f8142632981cd06fe2469da6e0f39ef7ebccf13b4dd5f33234790063df131d
build/swiftpm/armv6-unknown-linux-gnueabihf/release/Modules/GiftUIFailureExecution.swiftsourceinfo	783d5d675c61d3dff9ab35639fa37e605b097e009676bd308d5bdbb902beeb1e
build/swiftpm/armv6-unknown-linux-gnueabihf/release/Modules/GiftUIHostConfiguration.swiftdoc	4f3b8f550b6996e64cffd606092a22885961728c9fbd7531f483a5f0c66beb67
build/swiftpm/armv6-unknown-linux-gnueabihf/release/Modules/GiftUIHostConfiguration.swiftmodule	d6ece91fff692cbe85f2abde74ada2eb8ebd090a4df7d79b129bbb4da43dc8bf
build/swiftpm/armv6-unknown-linux-gnueabihf/release/Modules/GiftUIHostConfiguration.swiftsourceinfo	c2cfcf3e2868c3ab1f060becd0a3eeca1761714c5e57e3a6f97cf469ddcc4902
build/swiftpm/armv6-unknown-linux-gnueabihf/release/Modules/GiftUIInteraction.swiftdoc	57e8db7f6584668baa8768f1012b9a68a31f5b4b01b38edc714974c46d469f01
build/swiftpm/armv6-unknown-linux-gnueabihf/release/Modules/GiftUIInteraction.swiftmodule	9a1b2aa3d1b396f0250ca0dc774a08638e3a593599e6985adc076aa6aa9f83bb
build/swiftpm/armv6-unknown-linux-gnueabihf/release/Modules/GiftUIInteraction.swiftsourceinfo	43dc1cfe87ce68a0fec010fb8f73f848b67ed3107e07929b45de0d0892388c7b
build/swiftpm/armv6-unknown-linux-gnueabihf/release/Modules/GiftUIInteractionFailureAdapterFixture.swiftdoc	3d9894a628059130c5cf6232b05bf174b10f1725b0d684b4c3048039e8bd35a8
build/swiftpm/armv6-unknown-linux-gnueabihf/release/Modules/GiftUIInteractionFailureAdapterFixture.swiftmodule	c05dc88177ef7d464496058b94577862121fc5a3c894fe51cca8091318305c70
build/swiftpm/armv6-unknown-linux-gnueabihf/release/Modules/GiftUIInteractionFailureAdapterFixture.swiftsourceinfo	132cf3105261ddad37aa7151a4d087f531411e6791834502b9834840ebba88ec
build/swiftpm/armv6-unknown-linux-gnueabihf/release/Modules/GiftUILayout.swiftdoc	d19deabfaa6911abda9d95d7a8c1cc69891a03d2e3cb29b50fe59ab8d78bdcbe
build/swiftpm/armv6-unknown-linux-gnueabihf/release/Modules/GiftUILayout.swiftmodule	0107efe68b650708f67d3ddf99476e036940c9941e5338e20588196f0dffe0fa
build/swiftpm/armv6-unknown-linux-gnueabihf/release/Modules/GiftUILayout.swiftsourceinfo	24fb7d8701b9fe1b9f8a2b717f858f39b132cd1044b7d13f5d4d6d971aac9f37
build/swiftpm/armv6-unknown-linux-gnueabihf/release/Modules/GiftUILayoutFailureAdapterFixture.swiftdoc	b7bb752bf89ea29c50ec4e277981bb6aafff452c11bfeb4376c2ab3acc2d7996
build/swiftpm/armv6-unknown-linux-gnueabihf/release/Modules/GiftUILayoutFailureAdapterFixture.swiftmodule	9b7764f965bcc4a0e38939edfdbde8077287d072b4c35ed96f3d5cdef8bde82c
build/swiftpm/armv6-unknown-linux-gnueabihf/release/Modules/GiftUILayoutFailureAdapterFixture.swiftsourceinfo	0e3701307a6c347ba323826d19fda49f87411539d2cef7406953fed16f12f9b1
build/swiftpm/armv6-unknown-linux-gnueabihf/release/Modules/GiftUIObservableState.swiftdoc	81cb3e43b77cd7bd222455f70dd0403535e7c165cb57139c3828e5ef1d92e89a
build/swiftpm/armv6-unknown-linux-gnueabihf/release/Modules/GiftUIObservableState.swiftmodule	1aa78966bedf3e5160176982ddf61727a1a1826446bd24e88f3d50a7aeb6b09f
build/swiftpm/armv6-unknown-linux-gnueabihf/release/Modules/GiftUIObservableState.swiftsourceinfo	b39f3379aa6477092b34552d206de438ecd64dbe19496f7a5f583ab4786a8a02
build/swiftpm/armv6-unknown-linux-gnueabihf/release/Modules/GiftUIObservableStateFailureAdapterFixture.swiftdoc	391dc1a6a5d301ba32d85e891ad18643db251022f797cb92b74040fa56b37294
build/swiftpm/armv6-unknown-linux-gnueabihf/release/Modules/GiftUIObservableStateFailureAdapterFixture.swiftmodule	b7df950b52d21a1f9b38172517f071a785f5dd5ec9371536af76ae867a95e0f6
build/swiftpm/armv6-unknown-linux-gnueabihf/release/Modules/GiftUIObservableStateFailureAdapterFixture.swiftsourceinfo	054004425b68b3f5752c3bbbc6f76eb3f8214d4ac3cc4cb275094c06d7442f91
build/swiftpm/armv6-unknown-linux-gnueabihf/release/Modules/GiftUIPlatformRaspberryPi.swiftdoc	a4fdf014a82232a10320def2137594cc031e2b4190e0e478b434729b7fd62c93
build/swiftpm/armv6-unknown-linux-gnueabihf/release/Modules/GiftUIPlatformRaspberryPi.swiftmodule	5353079c6137e197f1c29d2d9acca6653dfc1961818496a9244c2e2d4eaa4f7e
build/swiftpm/armv6-unknown-linux-gnueabihf/release/Modules/GiftUIPlatformRaspberryPi.swiftsourceinfo	3cf997a5bed0262e09216782ab5d1a939706cffe064f4c3a67b5915e11118a5b
build/swiftpm/armv6-unknown-linux-gnueabihf/release/Modules/GiftUIRasterCore.swiftdoc	a0242702bc4bfb60db1acf0b257b9e17c1401ef2297c6929e647c86655a89d09
build/swiftpm/armv6-unknown-linux-gnueabihf/release/Modules/GiftUIRasterCore.swiftmodule	fc1e2b3c63edd66c10672a2de5e4fd5144aaf03de9555cba5fa69fbf5a4b00ea
build/swiftpm/armv6-unknown-linux-gnueabihf/release/Modules/GiftUIRasterCore.swiftsourceinfo	5ee632708af68a1366335d6af8dbf465333480dd9218ca6705190087b8458f5d
build/swiftpm/armv6-unknown-linux-gnueabihf/release/Modules/GiftUIReferenceTextResources.swiftdoc	a74ad647ce92a8a95ce1015a3bdbbcdf8c6e8d26818215d99cca7e6d6dfdb76d
build/swiftpm/armv6-unknown-linux-gnueabihf/release/Modules/GiftUIReferenceTextResources.swiftmodule	8dbba9219d0988b491fc38eb43455538eb8068ae298e6b3ef51390e0540451c1
build/swiftpm/armv6-unknown-linux-gnueabihf/release/Modules/GiftUIReferenceTextResources.swiftsourceinfo	5fc76dbed9763769e0ee2b02b8256ee827437557f12a2668d1c2fe669b089630
build/swiftpm/armv6-unknown-linux-gnueabihf/release/Modules/GiftUIRenderCore.swiftdoc	e4cb8b558e18ac406d8884e8b2bc60abc9418abefb3d8fe3247e686cdaf50c19
build/swiftpm/armv6-unknown-linux-gnueabihf/release/Modules/GiftUIRenderCore.swiftmodule	c466e11a56662c20b93934f5276da90b71f1ccd123ea98f12af4ad587fe63c8d
build/swiftpm/armv6-unknown-linux-gnueabihf/release/Modules/GiftUIRenderCore.swiftsourceinfo	5d6802877ad1a573e2e672282af1a66221e043834421ae867253c7f6efef16d3
build/swiftpm/armv6-unknown-linux-gnueabihf/release/Modules/GiftUIRenderFailureAdapterFixture.swiftdoc	cf71db859b86de09b6b3fa5ed709fc7c25ac6b0fb9e86c9c5ee319455ccc8d07
build/swiftpm/armv6-unknown-linux-gnueabihf/release/Modules/GiftUIRenderFailureAdapterFixture.swiftmodule	89941717d7503046ee80b963d138c7b403c38735b293aa5531352983bc704b23
build/swiftpm/armv6-unknown-linux-gnueabihf/release/Modules/GiftUIRenderFailureAdapterFixture.swiftsourceinfo	ede81aec1d96f0a93dd36ac766ebb60bd3b989fe53e337d0eac288670465e69a
build/swiftpm/armv6-unknown-linux-gnueabihf/release/Modules/GiftUIRenderLowering.swiftdoc	8f2d0552c9d712e5879b5280c3289e27fe59a1855d1f4322e97476ab03a843fa
build/swiftpm/armv6-unknown-linux-gnueabihf/release/Modules/GiftUIRenderLowering.swiftmodule	f75959ed58cd576a6851397803131be219125bb42d13b311ef05ab9eedff8b97
build/swiftpm/armv6-unknown-linux-gnueabihf/release/Modules/GiftUIRenderLowering.swiftsourceinfo	dd7f6a6b941441be54d06d53c7a3e7f690482b0148697f895dcb6004398c444f
build/swiftpm/armv6-unknown-linux-gnueabihf/release/Modules/GiftUIRuntimeCore.swiftdoc	4f72a15cbe0afd92f73a4993ca846b915d1843c7bfbfe910934b2bb147ed06ea
build/swiftpm/armv6-unknown-linux-gnueabihf/release/Modules/GiftUIRuntimeCore.swiftmodule	02b2530edf01a997e236345f65ac526972dbce9ddeb19acb33a59ea3fe0b90fe
build/swiftpm/armv6-unknown-linux-gnueabihf/release/Modules/GiftUIRuntimeCore.swiftsourceinfo	7162e0a71e85ab41443edb5688ce12263fb4119253e2340657e6478e6a3a08c7
build/swiftpm/armv6-unknown-linux-gnueabihf/release/Modules/GiftUIRuntimeDynamic.swiftdoc	597e6b631ccad43f6169e0dbd75ebc2de7f11ede405d813b3ee488cb3b7291d7
build/swiftpm/armv6-unknown-linux-gnueabihf/release/Modules/GiftUIRuntimeDynamic.swiftmodule	08f7c4ed641b16a029b1774ea279bb9e9c57ed0809b5c209b9025aee37cb9dc9
build/swiftpm/armv6-unknown-linux-gnueabihf/release/Modules/GiftUIRuntimeDynamic.swiftsourceinfo	dca45db7437159b56fd54b2e8d822d2cc7b53bb09ebe3386ba57433e26e29fbc
build/swiftpm/armv6-unknown-linux-gnueabihf/release/Modules/GiftUIRuntimeFailureAdapterFixture.swiftdoc	138895e8015b6d32fa18f6c0d40822e0c9d40a3de929915cb53bf6cde5c6e177
build/swiftpm/armv6-unknown-linux-gnueabihf/release/Modules/GiftUIRuntimeFailureAdapterFixture.swiftmodule	8bc2e34da6e8ba0715f55ba27c0c32ce175fb0452e110cee804f62a3c67c55c7
build/swiftpm/armv6-unknown-linux-gnueabihf/release/Modules/GiftUIRuntimeFailureAdapterFixture.swiftsourceinfo	972734e6e6ad24be950b4828796cbc10510e89263e726ba25d2023902e24daa0
build/swiftpm/armv6-unknown-linux-gnueabihf/release/Modules/GiftUIRuntimeStatic.swiftdoc	fba45f02badf8a364488db71c8137c506b74a7cde3ed15219f191146518d120b
build/swiftpm/armv6-unknown-linux-gnueabihf/release/Modules/GiftUIRuntimeStatic.swiftmodule	752cd2071c7f92b1f341a4afcde2f67a822222b1f015d50c24bf2d2a6364b0fe
build/swiftpm/armv6-unknown-linux-gnueabihf/release/Modules/GiftUIRuntimeStatic.swiftsourceinfo	9ce634f35a80c8597c0124b6b886c5823df86c111d10ddc2730008856a093e26
build/swiftpm/armv6-unknown-linux-gnueabihf/release/Modules/GiftUISemanticCore.swiftdoc	97cb2fef02668c2a334d313c6ddab381096097e0d9bd3df843dfb8822d6c2aa1
build/swiftpm/armv6-unknown-linux-gnueabihf/release/Modules/GiftUISemanticCore.swiftmodule	100540bf32f1567dcd7789590864a8d16e1936f6fc3be65312ed1074e89d7ba7
build/swiftpm/armv6-unknown-linux-gnueabihf/release/Modules/GiftUISemanticCore.swiftsourceinfo	7a178f6fba1882454d85d19cc7da9912eaf9e775a67bd5ab22ac48ea735e5ddf
build/swiftpm/armv6-unknown-linux-gnueabihf/release/Modules/GiftUISemanticFailureAdapterFixture.swiftdoc	e8f74cb11f3261eb09cc2720d66c3d7faff4a554253780b2e65cbaf70cc75061
build/swiftpm/armv6-unknown-linux-gnueabihf/release/Modules/GiftUISemanticFailureAdapterFixture.swiftmodule	35af4ce8b577635e66aac49eb26e34976d0141bfa53c943b5ca3fcc818fbb30e
build/swiftpm/armv6-unknown-linux-gnueabihf/release/Modules/GiftUISemanticFailureAdapterFixture.swiftsourceinfo	b4ff33256fc0c8efd4614f52d5370901fe88452391ca3a0695c9a7fd66665eb7
build/swiftpm/armv6-unknown-linux-gnueabihf/release/Modules/GiftUISurfaceCore.swiftdoc	965cf3a4e7849deca9bfc656b8f428fd3864212212fc9d49b716e9f3a7c7d549
build/swiftpm/armv6-unknown-linux-gnueabihf/release/Modules/GiftUISurfaceCore.swiftmodule	b908b15604079456c78ac5550475fe1e221e18f4d2f1a7bf3459d6260b254831
build/swiftpm/armv6-unknown-linux-gnueabihf/release/Modules/GiftUISurfaceCore.swiftsourceinfo	86ce3634c94779774810f2600e1e3b7d3d5eab202a2bb319b87f7b1b35556945
build/swiftpm/armv6-unknown-linux-gnueabihf/release/Modules/GiftUITextResourceFailureAdapterFixture.swiftdoc	3ba2694814ca310aefb46502dfa720562d2d1738c0cf9bfa35bf1ac4ca6494f7
build/swiftpm/armv6-unknown-linux-gnueabihf/release/Modules/GiftUITextResourceFailureAdapterFixture.swiftmodule	2c5ecd8d730b515d2a11de0f51afc336cb5f91053a2cfae5c1a1407c8d00332d
build/swiftpm/armv6-unknown-linux-gnueabihf/release/Modules/GiftUITextResourceFailureAdapterFixture.swiftsourceinfo	e8d56a2dce329188f3d2995fea36353326f63126ede77e0e746e393f0915b6bb
build/swiftpm/armv6-unknown-linux-gnueabihf/release/Modules/GiftUITextResources.swiftdoc	4344bf49e525242f60bbde730e5b74bddbfbe19a83f93fa70b2b9039e7fa5774
build/swiftpm/armv6-unknown-linux-gnueabihf/release/Modules/GiftUITextResources.swiftmodule	a986f55ba7fa34bb144f0e554e99e1b7337cd42df36d498af44f536e43990fea
build/swiftpm/armv6-unknown-linux-gnueabihf/release/Modules/GiftUITextResources.swiftsourceinfo	0151f4c305320ec39264461998547bb0437b810520839602bff008b7b2b14c7b
build/swiftpm/armv6-unknown-linux-gnueabihf/release/Modules/SignalAnalyzerData.swiftdoc	ba749d625635f567fa8025f3d66c0069e1038e185db128cdcaeae47930ff7af3
build/swiftpm/armv6-unknown-linux-gnueabihf/release/Modules/SignalAnalyzerData.swiftmodule	ec07951a60b88a80682cb517fb62777d5d3cf94fb98b50bf76e11ace53c25939
build/swiftpm/armv6-unknown-linux-gnueabihf/release/Modules/SignalAnalyzerData.swiftsourceinfo	79c3b8c93cdf35c4ce295bc741c18f618e5617cfe5a5352125e5e22c870879ef
build/swiftpm/armv6-unknown-linux-gnueabihf/release/Modules/SignalAnalyzerDomain.swiftdoc	b49eb40055fa5c5c75d5fce7ae9c0061f55664fe469c9181eb478aff602256c8
build/swiftpm/armv6-unknown-linux-gnueabihf/release/Modules/SignalAnalyzerDomain.swiftmodule	95b49cd62edc71a952c9011ef2186cbba1c5e3179d42cb12c99c66223e05d60d
build/swiftpm/armv6-unknown-linux-gnueabihf/release/Modules/SignalAnalyzerDomain.swiftsourceinfo	eeb0b14d1cc12506508e357055d3d58eb7fb3c2422fd3e11bfeebf33345b3a77
build/swiftpm/armv6-unknown-linux-gnueabihf/release/Modules/SignalAnalyzerHost.swiftdoc	5722b9812e7a12e5d91b2caf6255189b168dd74a2bf78e36097a35f30ddc6367
build/swiftpm/armv6-unknown-linux-gnueabihf/release/Modules/SignalAnalyzerHost.swiftmodule	cd060777e59b3337bb1b98d042ff118da6b2c5572845397e45da315ac9237e8e
build/swiftpm/armv6-unknown-linux-gnueabihf/release/Modules/SignalAnalyzerHost.swiftsourceinfo	86eb01f51e388a8d9956dc35beaa7662fa61778bf2cf908a69f6f5e22313045b
build/swiftpm/armv6-unknown-linux-gnueabihf/release/Modules/SignalAnalyzerMacOSDynamic.swiftdoc	2c8c1a6a51b5c071b823630cacbef49005a0e119ff540d435f1dcd9a3da5425c
build/swiftpm/armv6-unknown-linux-gnueabihf/release/Modules/SignalAnalyzerMacOSDynamic.swiftmodule	b1dc137d896aaa554834db535a1d227fd981d7fe23f81a5763cf1a2f79f187ef
build/swiftpm/armv6-unknown-linux-gnueabihf/release/Modules/SignalAnalyzerMacOSDynamic.swiftsourceinfo	c4f8c9ed2195b620f9cf810660c22bdff4690c9fbd253e91799b969b83ab838c
build/swiftpm/armv6-unknown-linux-gnueabihf/release/Modules/SignalAnalyzerMacOSStatic.swiftdoc	9cad3995355e21ad6a25a74ab037f848668fe54053163f796c18e98c55353171
build/swiftpm/armv6-unknown-linux-gnueabihf/release/Modules/SignalAnalyzerMacOSStatic.swiftmodule	4612520e05ddeaba927b36374e979a5f32206ab194ed1fa87cbff1f240c05233
build/swiftpm/armv6-unknown-linux-gnueabihf/release/Modules/SignalAnalyzerMacOSStatic.swiftsourceinfo	ac4980e338022e23b0ed5083c79dd6c9b64c0bef1464c770e6df03087beff43a
build/swiftpm/armv6-unknown-linux-gnueabihf/release/Modules/SignalAnalyzerNRF52840HostOracle.swiftdoc	65c379fac443ff171a77a9b85bcb240ed2a7f2fdfff01e1469cb3e16e16933ad
build/swiftpm/armv6-unknown-linux-gnueabihf/release/Modules/SignalAnalyzerNRF52840HostOracle.swiftmodule	f453d27cee51771e1a7391753257070780019888acec8dac2238c980ac970148
build/swiftpm/armv6-unknown-linux-gnueabihf/release/Modules/SignalAnalyzerNRF52840HostOracle.swiftsourceinfo	7c148060c0fedc81f3b4c4aa37cf9fe897f8d96d1b016470bd4e6d902dfc7a1e
build/swiftpm/armv6-unknown-linux-gnueabihf/release/Modules/SignalAnalyzerPresentation.swiftdoc	286c2e78f7b67cb32df7cc25042f5766b7e6136f552b174074fc2c1cf27357f9
build/swiftpm/armv6-unknown-linux-gnueabihf/release/Modules/SignalAnalyzerPresentation.swiftmodule	d9bf87590eae126fc2d5c5310998d9ed679bf1ae1df7093f00c1277f382f846d
build/swiftpm/armv6-unknown-linux-gnueabihf/release/Modules/SignalAnalyzerPresentation.swiftsourceinfo	2aa6b3d3eb867c3c0948a014cf55a927f51fcf307ba02096f7cf413d89647866
build/swiftpm/armv6-unknown-linux-gnueabihf/release/Modules/SignalAnalyzerPresetHarness.swiftdoc	bb4f04689ab60b98c657232c1c3114a73e58a2f5d9c255fa390e50dc79291bbf
build/swiftpm/armv6-unknown-linux-gnueabihf/release/Modules/SignalAnalyzerPresetHarness.swiftmodule	b8c5af5681c614cf34fe8879aef3bc7a51de891eb0ce76bdbb6ddfac803ec754
build/swiftpm/armv6-unknown-linux-gnueabihf/release/Modules/SignalAnalyzerPresetHarness.swiftsourceinfo	4b3365a4e9ce396a0e3ca4f19b31c338dbf33483b3768e55694a06c0c8dba81a
build/swiftpm/armv6-unknown-linux-gnueabihf/release/Modules/SignalAnalyzerRaspberryPiARMv6.swiftdoc	ab91db3d2de2f0f3effaa173ad84f9b4cfd91f2d11e0bee65e6c15c61005bcb8
build/swiftpm/armv6-unknown-linux-gnueabihf/release/Modules/SignalAnalyzerRaspberryPiARMv6.swiftmodule	e4c7760c520dc55031349055138ebd9899f6d3ec76e09b4adb3ce0978ea4899b
build/swiftpm/armv6-unknown-linux-gnueabihf/release/Modules/SignalAnalyzerRaspberryPiARMv6.swiftsourceinfo	7e1d50d00b65dea2440d660e6a103c8f2f68bd4bd48d9b2eec5c44ea89ae954d
build/swiftpm/armv6-unknown-linux-gnueabihf/release/Modules/SignalAnalyzerTargetHost.swiftdoc	d16ce1a78dec9d599fda995194aef34d37bf9740fd81eae3f97d731f1d892ae1
build/swiftpm/armv6-unknown-linux-gnueabihf/release/Modules/SignalAnalyzerTargetHost.swiftmodule	ee2b3facd4c73a3e817a40f99f0d7dba49ea7e6eb3f0894c3720242b4ffb74f7
build/swiftpm/armv6-unknown-linux-gnueabihf/release/Modules/SignalAnalyzerTargetHost.swiftsourceinfo	3221f7ce2635aad762ae2f5e873dc825668ce303c9e082a2b2719535f20ac88f
build/swiftpm/armv6-unknown-linux-gnueabihf/release/SignalAnalyzerData.build/DefaultSignalAcquisitionRepository.swift.o	5810015d60bdd0f1403908321bf3528648d38bea879783ee373a0e812c4f720d
build/swiftpm/armv6-unknown-linux-gnueabihf/release/SignalAnalyzerData.build/DeterministicSignalDataSource.swift.o	7f6c322344b5859af037ffe9ac0f4988cbf453e7317b1b6f932ad36056706068
build/swiftpm/armv6-unknown-linux-gnueabihf/release/SignalAnalyzerData.build/DeterministicSignalGenerator.swift.o	1b1c0cb6f4dc90d8400853d9c46d7d16f1814ff5c459f9d7799b8e9e2fd41626
build/swiftpm/armv6-unknown-linux-gnueabihf/release/SignalAnalyzerData.build/ModuleBoundary.swift.o	32134bc1054d9ea0617d6dd602baf26b3f2201fd85aa9bcb9253ed9224e7b4df
build/swiftpm/armv6-unknown-linux-gnueabihf/release/SignalAnalyzerData.build/SignalAnalyzerData.d	193b1bf75539a07b99af6db4b00d34dac9c3aba6fcebd4171573aaf23d5cd290
build/swiftpm/armv6-unknown-linux-gnueabihf/release/SignalAnalyzerData.build/SignalAnalyzerData.dia	2c72d5afff8cce441f2f8299a18215b0bf79605aa7eb05839e38f7949b46c0e2
build/swiftpm/armv6-unknown-linux-gnueabihf/release/SignalAnalyzerData.build/SignalCaptureStore.swift.o	9bb05c200a0599670131157807be9366e4cd7670ed34fd23dca9bacc4e61df75
build/swiftpm/armv6-unknown-linux-gnueabihf/release/SignalAnalyzerData.build/include/SignalAnalyzerData-Swift.h	00f48e4f20b017428995cd10d85f70f54fb72fd1406608066d9e185108a0a2c7
build/swiftpm/armv6-unknown-linux-gnueabihf/release/SignalAnalyzerData.build/include/module.modulemap	181288f0251ee2a8465c0e875bc3c125b26c386d5aac2c820b879d6b414f7e91
build/swiftpm/armv6-unknown-linux-gnueabihf/release/SignalAnalyzerData.build/output-file-map.json	da2a750eb7f3afb94439fcc1b6657ce21b492885cd251d291b18e84e82eaa25b
build/swiftpm/armv6-unknown-linux-gnueabihf/release/SignalAnalyzerData.build/sources	b80894b6c4f2546bd712a3877f655834c22af5abba0b33f66097be4c8f67302f
build/swiftpm/armv6-unknown-linux-gnueabihf/release/SignalAnalyzerDomain.build/AcquisitionState.swift.o	69558f41fdb3ae1e7afc3c491134f84fcb82ce58040a276a8ed290da0e5b9d7e
build/swiftpm/armv6-unknown-linux-gnueabihf/release/SignalAnalyzerDomain.build/ModuleBoundary.swift.o	47be4eac201bb8d4f4b7fd2415525d5d171b74a9e6342ea31394e507b1c8f051
build/swiftpm/armv6-unknown-linux-gnueabihf/release/SignalAnalyzerDomain.build/SignalAcquisitionContracts.swift.o	bc5946a23a45dd0684d9b2863aef9ba18de79162df7ec6f42990b96fd5970519
build/swiftpm/armv6-unknown-linux-gnueabihf/release/SignalAnalyzerDomain.build/SignalAnalyzerDiagnostic.swift.o	b6acd4f840d102a7bb6bf8fcb301dbf1074fb52154ac301ade51278cc1a489f7
build/swiftpm/armv6-unknown-linux-gnueabihf/release/SignalAnalyzerDomain.build/SignalAnalyzerDomain.d	8e68739e2e8580dc879d6b750f40cc11af03a1473a6a23781ccc0a6afa299c4f
build/swiftpm/armv6-unknown-linux-gnueabihf/release/SignalAnalyzerDomain.build/SignalAnalyzerDomain.dia	2c72d5afff8cce441f2f8299a18215b0bf79605aa7eb05839e38f7949b46c0e2
build/swiftpm/armv6-unknown-linux-gnueabihf/release/SignalAnalyzerDomain.build/SignalCaptureChange.swift.o	0515616da88c987ad076652de23d2f15884b687e6d0ce1878901444f7cb8a321
build/swiftpm/armv6-unknown-linux-gnueabihf/release/SignalAnalyzerDomain.build/SignalCapturePublication.swift.o	e9c53691815a9de9f4f1bfbd8bb2b546f368236462e89d49ffbd58db33972a55
build/swiftpm/armv6-unknown-linux-gnueabihf/release/SignalAnalyzerDomain.build/SignalPrimitiveValues.swift.o	de25ab1a59d49e3c539aea189781cef22488168c167abeb2aad4ee0f64316a8b
build/swiftpm/armv6-unknown-linux-gnueabihf/release/SignalAnalyzerDomain.build/SignalValues.swift.o	4d652e15225b2bab53430691cf59ee84fceb3842e93eaa2c4c9bdc49e4293e2f
build/swiftpm/armv6-unknown-linux-gnueabihf/release/SignalAnalyzerDomain.build/include/SignalAnalyzerDomain-Swift.h	06d15c481b90efec0a0bbd87f9a658867f9ad40e1ad8ba9e1b67b3cb6495dd6e
build/swiftpm/armv6-unknown-linux-gnueabihf/release/SignalAnalyzerDomain.build/include/module.modulemap	77f83447d24a81ab0a8769ec7eb90cfad69517abf67d9d48fdecc90670d010e4
build/swiftpm/armv6-unknown-linux-gnueabihf/release/SignalAnalyzerDomain.build/output-file-map.json	47ebbe202de2b265634877b1bc7adeae2e03711ec898ebc9741919d4a728eea0
build/swiftpm/armv6-unknown-linux-gnueabihf/release/SignalAnalyzerDomain.build/sources	3df274c570712fef89465f8fd5d6953cfaf5f6c89adf17dcd1adcadbe87d62e9
build/swiftpm/armv6-unknown-linux-gnueabihf/release/SignalAnalyzerHost.build/SignalAnalyzerHost.d	8fd60b48d97c001a88f66bde015e9b673fc5a8b6f40cd97c7559341186ef8b23
build/swiftpm/armv6-unknown-linux-gnueabihf/release/SignalAnalyzerHost.build/SignalAnalyzerHost.dia	2c72d5afff8cce441f2f8299a18215b0bf79605aa7eb05839e38f7949b46c0e2
build/swiftpm/armv6-unknown-linux-gnueabihf/release/SignalAnalyzerHost.build/SignalAnalyzerHostFactAdmission.swift.o	e35bf8109e670fcaf1c6666481c84f7dc6e9222c2b6f82f54db8f49bdb9d725d
build/swiftpm/armv6-unknown-linux-gnueabihf/release/SignalAnalyzerHost.build/include/SignalAnalyzerHost-Swift.h	a7d219010714e79dca3cc34184f94317829632aa702a954101cd2aca7a26638d
build/swiftpm/armv6-unknown-linux-gnueabihf/release/SignalAnalyzerHost.build/include/module.modulemap	11dd88697baaefd60629b292e013faa6dcd68bd7648c1b7e23d772c9352582a0
build/swiftpm/armv6-unknown-linux-gnueabihf/release/SignalAnalyzerHost.build/output-file-map.json	0f0f872a86def8539c3e751e4935f878c8a5ab8c4cd12646317538030c945891
build/swiftpm/armv6-unknown-linux-gnueabihf/release/SignalAnalyzerHost.build/sources	b7461ede26647017130a47b9a92c6779fe3a05432b5925892bfeed029eef53dc
build/swiftpm/armv6-unknown-linux-gnueabihf/release/SignalAnalyzerMacOSDynamic	29dd324cdfad19712fff288540b19271aaab7a0186ba7047af77667cfcb53fed
build/swiftpm/armv6-unknown-linux-gnueabihf/release/SignalAnalyzerMacOSDynamic.build/SignalAnalyzerMacOSDynamic.d	d9e2ceb614474b5958cc2aaca497205e88fefa777b7a81389b66f735991817e9
build/swiftpm/armv6-unknown-linux-gnueabihf/release/SignalAnalyzerMacOSDynamic.build/SignalAnalyzerMacOSDynamic.dia	2c72d5afff8cce441f2f8299a18215b0bf79605aa7eb05839e38f7949b46c0e2
build/swiftpm/armv6-unknown-linux-gnueabihf/release/SignalAnalyzerMacOSDynamic.build/main.swift.o	da21e72e2edf7a2ad61b78e23a39e6ab4985b5c98c7a2af7c72afa6e120ec05c
build/swiftpm/armv6-unknown-linux-gnueabihf/release/SignalAnalyzerMacOSDynamic.build/output-file-map.json	b0437c408e3f13553333197112119a3dc1c5d6109b83712a2becde5e708cf8d3
build/swiftpm/armv6-unknown-linux-gnueabihf/release/SignalAnalyzerMacOSDynamic.build/sources	cb27b3b47758772ec160b4a75c9c18afcfe0d4c5510fe88daed624a39ed9be8c
build/swiftpm/armv6-unknown-linux-gnueabihf/release/SignalAnalyzerMacOSDynamic.product/Objects.LinkFileList	b10f4b00277833ace72acb1026b34871ab297e7d443a9b3e4601d5477732bb36
build/swiftpm/armv6-unknown-linux-gnueabihf/release/SignalAnalyzerMacOSStatic	c62ac813c4c6ea99a2bc484ebc9bc1053b66ee12bb906fc533c1c0ef3cc71721
build/swiftpm/armv6-unknown-linux-gnueabihf/release/SignalAnalyzerMacOSStatic.build/SignalAnalyzerMacOSStatic.d	6d72750e5cd70ad290a19f19b1274b23dee0e2ab8bfe7dafb64b127db3804a0d
build/swiftpm/armv6-unknown-linux-gnueabihf/release/SignalAnalyzerMacOSStatic.build/SignalAnalyzerMacOSStatic.dia	2c72d5afff8cce441f2f8299a18215b0bf79605aa7eb05839e38f7949b46c0e2
build/swiftpm/armv6-unknown-linux-gnueabihf/release/SignalAnalyzerMacOSStatic.build/main.swift.o	dcd6938f3136e2e3fd44460a44ed5e9c699d42155c4e7d025a6a3a4c8a7ce40f
build/swiftpm/armv6-unknown-linux-gnueabihf/release/SignalAnalyzerMacOSStatic.build/output-file-map.json	209052ed1ca56f8afcd4d8b7710df9e2db3fba726596d0af410a16bacaa42c5b
build/swiftpm/armv6-unknown-linux-gnueabihf/release/SignalAnalyzerMacOSStatic.build/sources	e88db896c8ed1a75e749b93dffa621f779caf7dc7af7a276e172041daba5969d
build/swiftpm/armv6-unknown-linux-gnueabihf/release/SignalAnalyzerMacOSStatic.product/Objects.LinkFileList	e94ca3bca2716e0b5586751efb06a0074ad63d24e337a6f263c16f57362d9255
build/swiftpm/armv6-unknown-linux-gnueabihf/release/SignalAnalyzerNRF52840HostOracle	fca73ee41c0ab19e3e6cace5f0c00763acde66a4450c8df38a80a179d3024bdc
build/swiftpm/armv6-unknown-linux-gnueabihf/release/SignalAnalyzerNRF52840HostOracle.build/SignalAnalyzerNRF52840HostOracle.d	963e7c010feab89b0897b00f5d1e14eec0129943caed35cb81a733892fa1e1a0
build/swiftpm/armv6-unknown-linux-gnueabihf/release/SignalAnalyzerNRF52840HostOracle.build/SignalAnalyzerNRF52840HostOracle.dia	2c72d5afff8cce441f2f8299a18215b0bf79605aa7eb05839e38f7949b46c0e2
build/swiftpm/armv6-unknown-linux-gnueabihf/release/SignalAnalyzerNRF52840HostOracle.build/main.swift.o	ac8875cf64ddbb93fe781b1c2e61cec2b34f3b497c579cdfca4955bce4e42123
build/swiftpm/armv6-unknown-linux-gnueabihf/release/SignalAnalyzerNRF52840HostOracle.build/output-file-map.json	459b260e227d024a5ca0e58a8e6cc46446dbf4973a50b9a4df14bf1deb0ad883
build/swiftpm/armv6-unknown-linux-gnueabihf/release/SignalAnalyzerNRF52840HostOracle.build/sources	a263dcebfb1cb1dd1feff0523ebcd283b1bb7aa3790213252fd305750bb41826
build/swiftpm/armv6-unknown-linux-gnueabihf/release/SignalAnalyzerNRF52840HostOracle.product/Objects.LinkFileList	24a7fabb6e632eef644096e293da2500fd3d24f79e5683df464c96e6a546e307
build/swiftpm/armv6-unknown-linux-gnueabihf/release/SignalAnalyzerPresentation.build/ModuleBoundary.swift.o	6ce71f55f19f5118d84bab7304c1b513493d90536648be637097c1058d57ffec
build/swiftpm/armv6-unknown-linux-gnueabihf/release/SignalAnalyzerPresentation.build/SignalAnalyzerDiagnostic+BoundedText.swift.o	d0085e55aa0830b78576bcf968990ef4ceff66a82edb9a4868cc98b6b3b1ed31
build/swiftpm/armv6-unknown-linux-gnueabihf/release/SignalAnalyzerPresentation.build/SignalAnalyzerFailureNormalizer.swift.o	fa0b07a581dd0c69ecbf727884a2c018e6c4f2504e86b0979b4044bc017bd894
build/swiftpm/armv6-unknown-linux-gnueabihf/release/SignalAnalyzerPresentation.build/SignalAnalyzerFailurePolicyValues.swift.o	ce1cc8f85a4da217832f8ee0671792b970061d85c2b240f2066f2c0bc9c4a189
build/swiftpm/armv6-unknown-linux-gnueabihf/release/SignalAnalyzerPresentation.build/SignalAnalyzerLayoutConstraints.swift.o	411e8f4c55f74e5adf2f03fd4c02607404893aee6eac309135d480324bb092d3
build/swiftpm/armv6-unknown-linux-gnueabihf/release/SignalAnalyzerPresentation.build/SignalAnalyzerOwnerFailureAdapter.swift.o	53b075244351f7388d0974a29feaa20ced66d6e2536b3609044832d79f61dee4
build/swiftpm/armv6-unknown-linux-gnueabihf/release/SignalAnalyzerPresentation.build/SignalAnalyzerPresentation.d	83a0c4b138d95645a7109a5703ac256d4d8b51632b879e94cd6571385236d998
build/swiftpm/armv6-unknown-linux-gnueabihf/release/SignalAnalyzerPresentation.build/SignalAnalyzerPresentation.dia	2c72d5afff8cce441f2f8299a18215b0bf79605aa7eb05839e38f7949b46c0e2
build/swiftpm/armv6-unknown-linux-gnueabihf/release/SignalAnalyzerPresentation.build/SignalAnalyzerPresentationAdmissionAdapter.swift.o	13827dbaeba15ebe40631fc6414d0fcf8581e8565256f33c35a77b0f65a46858
build/swiftpm/armv6-unknown-linux-gnueabihf/release/SignalAnalyzerPresentation.build/SignalAnalyzerPresentationValues.swift.o	2a7a0cbddfacf0318b29159d1d077a49f133d73d5c3d650b9301853f47e2f277
build/swiftpm/armv6-unknown-linux-gnueabihf/release/SignalAnalyzerPresentation.build/SignalAnalyzerRuntimeCondition.swift.o	21b0400b6d69637ed6985a7c70c87b222eb0dcf800b6e61ea10095d57557f1f5
build/swiftpm/armv6-unknown-linux-gnueabihf/release/SignalAnalyzerPresentation.build/SignalAnalyzerRuntimeFailureNormalizer.swift.o	34c68c3f1a43b6a1748989b1b04c4e37580c975ea6210f6524e479f6a17786e0
build/swiftpm/armv6-unknown-linux-gnueabihf/release/SignalAnalyzerPresentation.build/SignalAnalyzerRuntimeFailureRule.swift.o	72cb543e21a662d593cbb3545d22ad81ac4821c03360516196fb64f01c6bb859
build/swiftpm/armv6-unknown-linux-gnueabihf/release/SignalAnalyzerPresentation.build/SignalAnalyzerTimelineFormatting.swift.o	d85c67778de49669bc121f15d2a2d7ad246dbbf4db0aecedbec6c657806c71b8
build/swiftpm/armv6-unknown-linux-gnueabihf/release/SignalAnalyzerPresentation.build/SignalAnalyzerView.swift.o	f8657fea4d909f48fe9617f9cd638badea6392c0196b72c381d3126229ee5c05
build/swiftpm/armv6-unknown-linux-gnueabihf/release/SignalAnalyzerPresentation.build/SignalAnalyzerWaveformGeometry.swift.o	ec3a12b2dd3c7f11735bce4fd196bccbab7ad91b44b91adcc591d31daffda24b
build/swiftpm/armv6-unknown-linux-gnueabihf/release/SignalAnalyzerPresentation.build/include/SignalAnalyzerPresentation-Swift.h	8dd75a6879eed7e431d6daebb141bd8bbe500f5fd070c610e31f94404b991eb7
build/swiftpm/armv6-unknown-linux-gnueabihf/release/SignalAnalyzerPresentation.build/include/module.modulemap	e31cdb945a250eca7bf537b0c0e79db432004d4dd1b3706a9c261a7e2ae68748
build/swiftpm/armv6-unknown-linux-gnueabihf/release/SignalAnalyzerPresentation.build/output-file-map.json	7cdfee5f727fc2b152aa62a9cf7ed4a17dccf4c290dc86249e3f13fead882837
build/swiftpm/armv6-unknown-linux-gnueabihf/release/SignalAnalyzerPresentation.build/sources	3f4293b3257a46588ff262f0dd50c5bed30db62dbb78f10db2227149cefb3206
build/swiftpm/armv6-unknown-linux-gnueabihf/release/SignalAnalyzerPresetHarness.build/HardwareFreePresetRunner.swift.o	c8ceac5f7e0bfdf07861ad0d86ccbb9937493cfafca19fbb185f92c40ee569f5
build/swiftpm/armv6-unknown-linux-gnueabihf/release/SignalAnalyzerPresetHarness.build/SignalAnalyzerPresetHarness.d	1a5f37ba7436b411197eec768d11e649b5d452afc0c5c104f52cb8ff16dae475
build/swiftpm/armv6-unknown-linux-gnueabihf/release/SignalAnalyzerPresetHarness.build/SignalAnalyzerPresetHarness.dia	2c72d5afff8cce441f2f8299a18215b0bf79605aa7eb05839e38f7949b46c0e2
build/swiftpm/armv6-unknown-linux-gnueabihf/release/SignalAnalyzerPresetHarness.build/include/SignalAnalyzerPresetHarness-Swift.h	d5440b3b32f0cdcb434a25c70af0ccc5dcbcd71c0de2131df5c793af12532571
build/swiftpm/armv6-unknown-linux-gnueabihf/release/SignalAnalyzerPresetHarness.build/include/module.modulemap	e2a457076b7b82f5606b1d355239c0fe7b5c5343f1cf08e1014e12f5894c9198
build/swiftpm/armv6-unknown-linux-gnueabihf/release/SignalAnalyzerPresetHarness.build/output-file-map.json	a1c37a07328c13d47c5bb8bd32c82039d4a9899c39535e6b7b6a4b55416e5929
build/swiftpm/armv6-unknown-linux-gnueabihf/release/SignalAnalyzerPresetHarness.build/sources	7176caf74f9c463cadda98408fa77aebb8e23ede2a03e2ed81a80203c0b0ee70
build/swiftpm/armv6-unknown-linux-gnueabihf/release/SignalAnalyzerRaspberryPiARMv6	d7f5a271a5b13a18e0672d5f628ad8ed8c606ab6d4ba6613c65747412ed04d3c
build/swiftpm/armv6-unknown-linux-gnueabihf/release/SignalAnalyzerRaspberryPiARMv6.build/LinuxSignalAnalyzerPiInputPump.swift.o	96833441a8c5b906fae516f691980d06a1136e7cd68f8b5d87d376925532b609
build/swiftpm/armv6-unknown-linux-gnueabihf/release/SignalAnalyzerRaspberryPiARMv6.build/LinuxSignalAnalyzerPiProcessLoop.swift.o	9e4db0aeab16900317d949ee5ed370ba4ccaa811bd37b50dd941720a751eb505
build/swiftpm/armv6-unknown-linux-gnueabihf/release/SignalAnalyzerRaspberryPiARMv6.build/PiHostNativeRehearsal.swift.o	07ffed02caaa607196eca378d40cced0d61a1e7e7cd19ee37d7dbe3ea21ecf1c
build/swiftpm/armv6-unknown-linux-gnueabihf/release/SignalAnalyzerRaspberryPiARMv6.build/SignalAnalyzerRaspberryPiARMv6.d	6c179be1009559ca68884ba46f5cb40dafb4ac4104c8f5781a8a0a5a648c2993
build/swiftpm/armv6-unknown-linux-gnueabihf/release/SignalAnalyzerRaspberryPiARMv6.build/SignalAnalyzerRaspberryPiARMv6.dia	2c72d5afff8cce441f2f8299a18215b0bf79605aa7eb05839e38f7949b46c0e2
build/swiftpm/armv6-unknown-linux-gnueabihf/release/SignalAnalyzerRaspberryPiARMv6.build/main.swift.o	1fc8fb050080e13bebd530caf57465dcd97226155b45305bc3d4070aa0644e1d
build/swiftpm/armv6-unknown-linux-gnueabihf/release/SignalAnalyzerRaspberryPiARMv6.build/output-file-map.json	9ba88b1b5f830383f92261a8f02b1592e6c6933fb9ced8bcf02a9b37b85bbef8
build/swiftpm/armv6-unknown-linux-gnueabihf/release/SignalAnalyzerRaspberryPiARMv6.build/sources	324190635a40c2ff5f2b90ca9efce68efe1cd45903e830677e906a31300cb606
build/swiftpm/armv6-unknown-linux-gnueabihf/release/SignalAnalyzerRaspberryPiARMv6.product/Objects.LinkFileList	04d0db5b1f8b59ffbe4440db8a995845084fc1818d8a62fade8c4eedfd4c8458
build/swiftpm/armv6-unknown-linux-gnueabihf/release/SignalAnalyzerTargetHost.build/DynamicSignalAnalyzerActionDispatcher.swift.o	68d37aedbecd84d4cb3da0939de2dca8c0fe596a7ae1d2b186a682dafb25a36a
build/swiftpm/armv6-unknown-linux-gnueabihf/release/SignalAnalyzerTargetHost.build/DynamicSignalAnalyzerApplicationFailureOwner.swift.o	e4678f9b92ab918d88f70761077a894e2a99ee50b89551e795de9c4a9df8aef5
build/swiftpm/armv6-unknown-linux-gnueabihf/release/SignalAnalyzerTargetHost.build/DynamicSignalAnalyzerPiAssembly.swift.o	02081f24c4d5d7414b38cf30d88a62d504a3ae2af08bfdffdf720562f9221b32
build/swiftpm/armv6-unknown-linux-gnueabihf/release/SignalAnalyzerTargetHost.build/DynamicSignalAnalyzerPiContactIngress.swift.o	9fa4ebdceca87cf17023c247bc416a269f6e3bfca73f40ed450295a297ae9071
build/swiftpm/armv6-unknown-linux-gnueabihf/release/SignalAnalyzerTargetHost.build/DynamicSignalAnalyzerPiCorrelationOwner.swift.o	550ae569835ca088fbf86545275569e2488b94c5d5523da154599f397cd221dc
build/swiftpm/armv6-unknown-linux-gnueabihf/release/SignalAnalyzerTargetHost.build/DynamicSignalAnalyzerPiEndpoint.swift.o	1ff38a7df569824d4952d80fc17b29569020b09f40ffe77cb69fe90229d62e9c
build/swiftpm/armv6-unknown-linux-gnueabihf/release/SignalAnalyzerTargetHost.build/DynamicSignalAnalyzerPiInitialPresentationOwner.swift.o	77d0948edf988b2168179a7e5004c45812de18d8d610433774e743def9abf8ce
build/swiftpm/armv6-unknown-linux-gnueabihf/release/SignalAnalyzerTargetHost.build/DynamicSignalAnalyzerPiInputCoordinator.swift.o	eac2c19e6ca0de9bd0d419482784963f003ffbe4a7069a2bd778020b9bc7498c
build/swiftpm/armv6-unknown-linux-gnueabihf/release/SignalAnalyzerTargetHost.build/DynamicSignalAnalyzerPiLifecycleOwner.swift.o	19f1b9cedada668142b70993c187f8b37cc9d20e46a8d9ec3c5b9e2f8f7ec1ae
build/swiftpm/armv6-unknown-linux-gnueabihf/release/SignalAnalyzerTargetHost.build/DynamicSignalAnalyzerPiWakeAdmission.swift.o	559cd313213ff38e4df8217f82563ff22d8485b08499f7d7ecffd149e2b12a6b
build/swiftpm/armv6-unknown-linux-gnueabihf/release/SignalAnalyzerTargetHost.build/DynamicSignalAnalyzerPiWakePacingOwner.swift.o	470deca23c2c427e1efc18323b242d2598401f3721955152c08a0f9ed5c45fa9
build/swiftpm/armv6-unknown-linux-gnueabihf/release/SignalAnalyzerTargetHost.build/DynamicSignalAnalyzerPresentationPipeline.swift.o	6e18d8011b17c56b49fef8094592c36241c89357d93e3b157708e7a195c65972
build/swiftpm/armv6-unknown-linux-gnueabihf/release/SignalAnalyzerTargetHost.build/SignalAnalyzerCycleFailureNormalizer.swift.o	317d349782ecfae327f27723d1e0d4318d944f34f29247f983af77c7467faaa2
build/swiftpm/armv6-unknown-linux-gnueabihf/release/SignalAnalyzerTargetHost.build/SignalAnalyzerCycleOwnerFailure.swift.o	95cfbe6eeb34a137b05e7b4ed6c9582e2bc62faa184283f5278b769a89f39f34
build/swiftpm/armv6-unknown-linux-gnueabihf/release/SignalAnalyzerTargetHost.build/SignalAnalyzerCycleResidualPolicyOwner.swift.o	0a68ac111e531c807a54a2fd673f2f5e9ac9ec720f8e5b98c714edba44a3739e
build/swiftpm/armv6-unknown-linux-gnueabihf/release/SignalAnalyzerTargetHost.build/SignalAnalyzerTargetHost.d	8db0f7ebe0ecd0886297dcbc8f9151f831932e02015c0033696d79036d9f6614
build/swiftpm/armv6-unknown-linux-gnueabihf/release/SignalAnalyzerTargetHost.build/SignalAnalyzerTargetHost.dia	2c72d5afff8cce441f2f8299a18215b0bf79605aa7eb05839e38f7949b46c0e2
build/swiftpm/armv6-unknown-linux-gnueabihf/release/SignalAnalyzerTargetHost.build/StaticSignalAnalyzerActionDispatcher.swift.o	6f2b4e2a338cd3add4a33c7cb31ef08adcb850b05292b1940a1b445c447fd3ed
build/swiftpm/armv6-unknown-linux-gnueabihf/release/SignalAnalyzerTargetHost.build/StaticSignalAnalyzerNRFApplicationInputOwner.swift.o	2174452a2d9c58b38663b86a464061ca0b70b72d3c24dad662d8a8148c7c086a
build/swiftpm/armv6-unknown-linux-gnueabihf/release/SignalAnalyzerTargetHost.build/StaticSignalAnalyzerNRFApplicationStorage.swift.o	c1522317bc42525c88c1702c5ab1c283fad0816cf68199bcb3d052f7fef4af2f
build/swiftpm/armv6-unknown-linux-gnueabihf/release/SignalAnalyzerTargetHost.build/StaticSignalAnalyzerNRFAssembly.swift.o	8d16aee16982a26779670e232d51ce66a836a25c6092c09ebbd8f2d20f498168
build/swiftpm/armv6-unknown-linux-gnueabihf/release/SignalAnalyzerTargetHost.build/StaticSignalAnalyzerNRFCanvasInvocationSource.swift.o	2aa53888a2b6b9d6b3976369ab72d4f69c6113294304e7a46314fe51cf7e53a7
build/swiftpm/armv6-unknown-linux-gnueabihf/release/SignalAnalyzerTargetHost.build/StaticSignalAnalyzerNRFCanvasPass.swift.o	a2ccdb8b2fb74e02f7cf8d397e39ead89ef505dbc15c572d4d9e57b94292ab13
build/swiftpm/armv6-unknown-linux-gnueabihf/release/SignalAnalyzerTargetHost.build/StaticSignalAnalyzerNRFCanvasTable.generated.swift.o	f8f7bafd40fd72941044f4d005ae74e9d656f8bf7d372043258fd48589cec2e5
build/swiftpm/armv6-unknown-linux-gnueabihf/release/SignalAnalyzerTargetHost.build/StaticSignalAnalyzerNRFCaptureFactAdmission.swift.o	9f06560792eaf28ff0a30e8b6db1ee9e249e0fada8e36504ededaffac9b45e5d
build/swiftpm/armv6-unknown-linux-gnueabihf/release/SignalAnalyzerTargetHost.build/StaticSignalAnalyzerNRFCaptureHistory.swift.o	2d103c904c868f647da0629f6961110bd404a6f7c05db24935b4bfd822d4e7a3
build/swiftpm/armv6-unknown-linux-gnueabihf/release/SignalAnalyzerTargetHost.build/StaticSignalAnalyzerNRFCaptureRecord.swift.o	b0ef974002848f9040e9ec6ffcd68537749b3bba86c2d5163be4b30b2bef3c35
build/swiftpm/armv6-unknown-linux-gnueabihf/release/SignalAnalyzerTargetHost.build/StaticSignalAnalyzerNRFCaptureSnapshotView.swift.o	b62dbb61e8d9c168ccb6b185e0bcc7b0ab1aae27a6b97991a91a9b9c517666cf
build/swiftpm/armv6-unknown-linux-gnueabihf/release/SignalAnalyzerTargetHost.build/StaticSignalAnalyzerNRFCaptureStorage.swift.o	168053aff55294060de9fa9e728299227f83340eccba8c4e8124ff2d60d3bf3a
build/swiftpm/armv6-unknown-linux-gnueabihf/release/SignalAnalyzerTargetHost.build/StaticSignalAnalyzerNRFCompactCaptureFact.swift.o	56115f9d0eb31325e12d968963289ac3453cade2a4d8341f6539989c10d2bb2c
build/swiftpm/armv6-unknown-linux-gnueabihf/release/SignalAnalyzerTargetHost.build/StaticSignalAnalyzerNRFCompactFactRing.swift.o	7900ecfab793b74562a0d330d6fd58ddacf4ebec589bce141d7c399c32894f3a
build/swiftpm/armv6-unknown-linux-gnueabihf/release/SignalAnalyzerTargetHost.build/StaticSignalAnalyzerNRFCompactPresentationFact.swift.o	36508c8ec6b6a2ad1597cb7620ffcdf1c69d74bb5ed57025a908b8a62c42aed6
build/swiftpm/armv6-unknown-linux-gnueabihf/release/SignalAnalyzerTargetHost.build/StaticSignalAnalyzerNRFDeterministicSource.swift.o	0a7415ce16b28d7408e51848bec27fea89424e30eb9431871c462437a67ac702
build/swiftpm/armv6-unknown-linux-gnueabihf/release/SignalAnalyzerTargetHost.build/StaticSignalAnalyzerNRFDisplayTarget.swift.o	891bb7b78eafcf59bc73088f5796000cde9c67a0f530d9d2da8a1c11edac6465
build/swiftpm/armv6-unknown-linux-gnueabihf/release/SignalAnalyzerTargetHost.build/StaticSignalAnalyzerNRFDrawingPlanRecords.swift.o	db8b256b3a29a70016ed74b8668101079c7130f632e01554976ef067bb9b1dab
build/swiftpm/armv6-unknown-linux-gnueabihf/release/SignalAnalyzerTargetHost.build/StaticSignalAnalyzerNRFDrawingPlanStorage.swift.o	9e630a785abb5206d2477b2a2e4b750f89e72f8b7f20fcd3cf6953045466e70b
build/swiftpm/armv6-unknown-linux-gnueabihf/release/SignalAnalyzerTargetHost.build/StaticSignalAnalyzerNRFDrawingWorkspace.swift.o	5318826214633d2ad86cf443827845c48e5a61f85f4de950221747f9a3ed566d
build/swiftpm/armv6-unknown-linux-gnueabihf/release/SignalAnalyzerTargetHost.build/StaticSignalAnalyzerNRFEmbeddedCanvasTable.generated.swift.o	f826e5322715ca2fb62578ef8607259240db5ac827493f7d5dd8021e5e717cb1
build/swiftpm/armv6-unknown-linux-gnueabihf/release/SignalAnalyzerTargetHost.build/StaticSignalAnalyzerNRFEmbeddedLayoutInterfaces.swift.o	6d304aafa771abaa7a648bf81162e095eb1122cee2aaa8998ea09c7ecde64bfa
build/swiftpm/armv6-unknown-linux-gnueabihf/release/SignalAnalyzerTargetHost.build/StaticSignalAnalyzerNRFEmbeddedLayoutModifier.swift.o	3be0b21eaf3ce6666b6f3993a0115ca6f0653ef6bfd77420e5c6b7af83fa7ef1
build/swiftpm/armv6-unknown-linux-gnueabihf/release/SignalAnalyzerTargetHost.build/StaticSignalAnalyzerNRFEmbeddedLayoutPrimitive.swift.o	ab30ce43b8ea354ccf0af580e07234565e2d11a4d62e478393c394758dab9968
build/swiftpm/armv6-unknown-linux-gnueabihf/release/SignalAnalyzerTargetHost.build/StaticSignalAnalyzerNRFEmbeddedLayoutScopeCodec.swift.o	e93a467d4c72e587c59d95b7b03c2d1f89c7914c88501539adbb26213fae60eb
build/swiftpm/armv6-unknown-linux-gnueabihf/release/SignalAnalyzerTargetHost.build/StaticSignalAnalyzerNRFEmbeddedLayoutTextCodec.swift.o	a8dec52094cb4c1b38587558d7a6027e86fa024728fe51aee4e930ed7900c0f8
build/swiftpm/armv6-unknown-linux-gnueabihf/release/SignalAnalyzerTargetHost.build/StaticSignalAnalyzerNRFEmbeddedLayoutWorkspace.swift.o	488c754ca8aa025b25a4297631e362c6502f43b65124b9ffd5310a4f9bb5491e
build/swiftpm/armv6-unknown-linux-gnueabihf/release/SignalAnalyzerTargetHost.build/StaticSignalAnalyzerNRFEmbeddedResolvedLayoutView.swift.o	c0e7c13bb777153d1241b3e69927fde15429420fadeebbc31b048f9664b337c4
build/swiftpm/armv6-unknown-linux-gnueabihf/release/SignalAnalyzerTargetHost.build/StaticSignalAnalyzerNRFEmbeddedSemanticRegion.swift.o	6fe0da08a81bf89ce8f6a065c97a5dd2a1f35ab6277c9148df0ccfaf361f2eab
build/swiftpm/armv6-unknown-linux-gnueabihf/release/SignalAnalyzerTargetHost.build/StaticSignalAnalyzerNRFEmbeddedSemanticValidator.swift.o	e5cfbfbf4af4bdc7ce11134591cb90247021597348170da477873842e768e99d
build/swiftpm/armv6-unknown-linux-gnueabihf/release/SignalAnalyzerTargetHost.build/StaticSignalAnalyzerNRFEmbeddedSemanticView.swift.o	8d561dfeefbe47a8481e206e544e1623c987b7a3fe214e3efc898301446b5a5c
build/swiftpm/armv6-unknown-linux-gnueabihf/release/SignalAnalyzerTargetHost.build/StaticSignalAnalyzerNRFEndpoint.swift.o	cf4257f2e56a3ed738b8cb405612319d478b4955636b9d9829ac03e8b0da9426
build/swiftpm/armv6-unknown-linux-gnueabihf/release/SignalAnalyzerTargetHost.build/StaticSignalAnalyzerNRFGeneratedMetadata.swift.o	50229c06d9dcb5f8ec7c4d9b427a62f78ae292446d931a037c599e972dc95d7d
build/swiftpm/armv6-unknown-linux-gnueabihf/release/SignalAnalyzerTargetHost.build/StaticSignalAnalyzerNRFInputABI.swift.o	e9295e89ed65b1fd5d96f4d455e1e8be9e281d88a1f3be568576da41f1c03eb4
build/swiftpm/armv6-unknown-linux-gnueabihf/release/SignalAnalyzerTargetHost.build/StaticSignalAnalyzerNRFInputCoordinator.swift.o	67d99e201f01669a5787d3c90669e1e0196d1ce8beb031b1288b97a5f5d5a986
build/swiftpm/armv6-unknown-linux-gnueabihf/release/SignalAnalyzerTargetHost.build/StaticSignalAnalyzerNRFInteractionCandidateProducer.swift.o	fada8d4cb988b49eb6d671aaf694da19fbe67d9c0cd65be24f650cd9b2158e3b
build/swiftpm/armv6-unknown-linux-gnueabihf/release/SignalAnalyzerTargetHost.build/StaticSignalAnalyzerNRFInteractionHandler.swift.o	ede50f565fe28b1a068ff33dc5cb3526caaa9501284e6ed03e4a3411959bc6ca
build/swiftpm/armv6-unknown-linux-gnueabihf/release/SignalAnalyzerTargetHost.build/StaticSignalAnalyzerNRFInteractionOccurrences.swift.o	f245b4985401e7e9bc41bd7cf10185616a606993df06477fadd139652e10755d
build/swiftpm/armv6-unknown-linux-gnueabihf/release/SignalAnalyzerTargetHost.build/StaticSignalAnalyzerNRFInteractionTargetProjection.swift.o	19e69f93d26a078f6f0630e37dffc777e52c4a176f1cf265bde2e1d2815efa17
build/swiftpm/armv6-unknown-linux-gnueabihf/release/SignalAnalyzerTargetHost.build/StaticSignalAnalyzerNRFLayoutPass.swift.o	d2b5e0a771316bb62cbed7fcc768ba2ed70a5aff71740acdf7f18c59763a9e34
build/swiftpm/armv6-unknown-linux-gnueabihf/release/SignalAnalyzerTargetHost.build/StaticSignalAnalyzerNRFLayoutScopeCodec.swift.o	2a309b1d1ddd9b8eb942689f9baf9680aeeaf32c7e7c00d513290001b2cf237a
build/swiftpm/armv6-unknown-linux-gnueabihf/release/SignalAnalyzerTargetHost.build/StaticSignalAnalyzerNRFLayoutTextCodec.swift.o	995c1e383736302feeab404ca7a1f0211820803cca89e7f4987c17b64e60cc60
build/swiftpm/armv6-unknown-linux-gnueabihf/release/SignalAnalyzerTargetHost.build/StaticSignalAnalyzerNRFLayoutWorkspace.swift.o	b33c367823d6f23ad939aa583b02db39b4a771cf68f4b1638b956984d5504af9
build/swiftpm/armv6-unknown-linux-gnueabihf/release/SignalAnalyzerTargetHost.build/StaticSignalAnalyzerNRFLivePathStorage.swift.o	3fbcdaa823c8f8d3081f85c4ac690b54216c54c0675fd6c381ebd25281e2853f
build/swiftpm/armv6-unknown-linux-gnueabihf/release/SignalAnalyzerTargetHost.build/StaticSignalAnalyzerNRFModelCaptureState.swift.o	5f89404b766a1a4f4eb794f96896e4b9c7b4b9a308a33970ee11f9f1ce271cb3
build/swiftpm/armv6-unknown-linux-gnueabihf/release/SignalAnalyzerTargetHost.build/StaticSignalAnalyzerNRFModelDescriptor.generated.swift.o	5c869737d6578c5812781c459d46b583b06752d8657c74a5f9ed009511f84f80
build/swiftpm/armv6-unknown-linux-gnueabihf/release/SignalAnalyzerTargetHost.build/StaticSignalAnalyzerNRFModelLocation.swift.o	126cbefabb70dad65957087b85f46b5d02c9b5f383e58f30b69f3351d137cbde
build/swiftpm/armv6-unknown-linux-gnueabihf/release/SignalAnalyzerTargetHost.build/StaticSignalAnalyzerNRFModelModifierWriter.swift.o	3d20c240ac48ce705fa5cc84658b0bf4d3f42667edbbcf2f48bd081f18498636
build/swiftpm/armv6-unknown-linux-gnueabihf/release/SignalAnalyzerTargetHost.build/StaticSignalAnalyzerNRFModelTextWriter.swift.o	d900dda6dab579878ccc861c241ba71fcfb388469eafc987a7452c8eb08a41e5
build/swiftpm/armv6-unknown-linux-gnueabihf/release/SignalAnalyzerTargetHost.build/StaticSignalAnalyzerNRFModifierPayload.generated.swift.o	2f66602d694c951b085575e12df395bc30276e3a13891c85fd2abc7791d72ffe
build/swiftpm/armv6-unknown-linux-gnueabihf/release/SignalAnalyzerTargetHost.build/StaticSignalAnalyzerNRFOperationalFailureBridge.swift.o	b510ee41bf58a0f5714c76089cedaaa55ddb73501c774233af30c41fbaca1075
build/swiftpm/armv6-unknown-linux-gnueabihf/release/SignalAnalyzerTargetHost.build/StaticSignalAnalyzerNRFOperationalFailureFact.swift.o	ed9565e2d8b8fd68fa3aecba343ddda1c7d6d8cfee552d8a5310c7769f344ecc
build/swiftpm/armv6-unknown-linux-gnueabihf/release/SignalAnalyzerTargetHost.build/StaticSignalAnalyzerNRFPacedApplicationStage.swift.o	72cec139f0c0b3bfae9899336d945065e826a4a45a9dba027db6eac6dd496a97
build/swiftpm/armv6-unknown-linux-gnueabihf/release/SignalAnalyzerTargetHost.build/StaticSignalAnalyzerNRFPackedSemanticRecords.generated.swift.o	5a354fd00605c79fb1fd073725cb55b5d8a8f31efbfa42709dc61853c110e454
build/swiftpm/armv6-unknown-linux-gnueabihf/release/SignalAnalyzerTargetHost.build/StaticSignalAnalyzerNRFPresentationCommitter.swift.o	e606534dda336f33fb80b3616f7a8a269f10f7efb4eb90b58749956764ce03f2
build/swiftpm/armv6-unknown-linux-gnueabihf/release/SignalAnalyzerTargetHost.build/StaticSignalAnalyzerNRFPresentationComposition.swift.o	d84dae80f538dfb0737b795f883a19a8875585667df46d0285b65028ff5a0806
build/swiftpm/armv6-unknown-linux-gnueabihf/release/SignalAnalyzerTargetHost.build/StaticSignalAnalyzerNRFPresentationHandoff.swift.o	308c1bfa71b81229d0ad64d9881f48238fa80ea0d25d2ba2c20e6a66ee0eb7bd
build/swiftpm/armv6-unknown-linux-gnueabihf/release/SignalAnalyzerTargetHost.build/StaticSignalAnalyzerNRFPresentationHealth.swift.o	91b45ca44125b684d6643d1d46c29fa247dfa800aa90821f5a2740cb6a09f5c5
build/swiftpm/armv6-unknown-linux-gnueabihf/release/SignalAnalyzerTargetHost.build/StaticSignalAnalyzerNRFPresentationIdentityOwner.swift.o	c3d1c7701ee80b4bcf08597cf5a9e865fb84db63bee5f1d16ec07122d4d374ec
build/swiftpm/armv6-unknown-linux-gnueabihf/release/SignalAnalyzerTargetHost.build/StaticSignalAnalyzerNRFPresentationInputs.generated.swift.o	bc926ce352c986bb9e251dbba2f8a84ad6f48fc00a9810efecbbb3fe78ca7a04
build/swiftpm/armv6-unknown-linux-gnueabihf/release/SignalAnalyzerTargetHost.build/StaticSignalAnalyzerNRFPresentationPreparation.swift.o	df414ed07ef92ac5e4858aa84c614996e8f4543728a2c585f1ec038ffd28c150
build/swiftpm/armv6-unknown-linux-gnueabihf/release/SignalAnalyzerTargetHost.build/StaticSignalAnalyzerNRFPresentationTransaction.swift.o	f522d8fcef5717787de26ca2f00adaa50e21ff57eb13b8d5b57c88b4b59817df
build/swiftpm/armv6-unknown-linux-gnueabihf/release/SignalAnalyzerTargetHost.build/StaticSignalAnalyzerNRFPrimitivePayload.generated.swift.o	00f7ad30ecd5136e0256b1c9dfb2b0d2d138852bcbb9c5a2d7c77e5d6b70e38c
build/swiftpm/armv6-unknown-linux-gnueabihf/release/SignalAnalyzerTargetHost.build/StaticSignalAnalyzerNRFProfileBinding.swift.o	4ffd685d1e6f4604dbb9af0fc924a9e914d24ef2b6e1d8e8d1859c95ca98911b
build/swiftpm/armv6-unknown-linux-gnueabihf/release/SignalAnalyzerTargetHost.build/StaticSignalAnalyzerNRFProfileRegions.swift.o	bb17053fd7258cc58e4891e44d6468432903387d16a1676fcff0f0cf9e7a2a61
build/swiftpm/armv6-unknown-linux-gnueabihf/release/SignalAnalyzerTargetHost.build/StaticSignalAnalyzerNRFReferenceMetrics.generated.swift.o	f65bb822945d1f8ebe8598208188612d51367a42d58f1521683d660fc548c0ce
build/swiftpm/armv6-unknown-linux-gnueabihf/release/SignalAnalyzerTargetHost.build/StaticSignalAnalyzerNRFRegionMap.swift.o	d172b8bb907d269298a77f8ddc24ba08f25e9a6c37cc5d55f53b44de0e7eda70
build/swiftpm/armv6-unknown-linux-gnueabihf/release/SignalAnalyzerTargetHost.build/StaticSignalAnalyzerNRFRenderOffer.swift.o	747d88fad2bcdcbae14ff12945953fee1e8299fdc759573ccb5183dd095caca1
build/swiftpm/armv6-unknown-linux-gnueabihf/release/SignalAnalyzerTargetHost.build/StaticSignalAnalyzerNRFRenderWorkspace.swift.o	335158f9b144bb3f62c9220330bf24aa2c2b626cf843cc279ef01cf0bf967d06
build/swiftpm/armv6-unknown-linux-gnueabihf/release/SignalAnalyzerTargetHost.build/StaticSignalAnalyzerNRFRepositoryProducer.swift.o	e494e7216eeedd8989abec662812791c4c04a8c799e5d3f8dab3eca371667025
build/swiftpm/armv6-unknown-linux-gnueabihf/release/SignalAnalyzerTargetHost.build/StaticSignalAnalyzerNRFResidualRouting.swift.o	6d109c01e659af5d93e1ae53f32fc23bd99e55dbc154a15c406fec1189165fbf
build/swiftpm/armv6-unknown-linux-gnueabihf/release/SignalAnalyzerTargetHost.build/StaticSignalAnalyzerNRFResolvedLayout.swift.o	f7278b39e72d55a2b3315d3f7dff42cb426cd1f70898c513c35b72c044b3ad9c
build/swiftpm/armv6-unknown-linux-gnueabihf/release/SignalAnalyzerTargetHost.build/StaticSignalAnalyzerNRFRuntimeStorage.swift.o	d586ab1124d97d5005264f9e64c48f6c1c5d6e1133a38d5bb53e828dfccd17ff
build/swiftpm/armv6-unknown-linux-gnueabihf/release/SignalAnalyzerTargetHost.build/StaticSignalAnalyzerNRFSPITFTTransport.swift.o	e63bdcc4bafe153306f57e19ef16fd15695ec94715e48a74b8d3da92db4f6954
build/swiftpm/armv6-unknown-linux-gnueabihf/release/SignalAnalyzerTargetHost.build/StaticSignalAnalyzerNRFSealedFactApplication.swift.o	63384a8d12bc49dc0994659ba4e0681be40ae15e80ec648c901e9f0d98a57f0f
build/swiftpm/armv6-unknown-linux-gnueabihf/release/SignalAnalyzerTargetHost.build/StaticSignalAnalyzerNRFSemanticPublication.swift.o	a5530dcb9519810a713c71d9d5eba6b3e40b1531b4a8ec0a7688235b20715e3e
build/swiftpm/armv6-unknown-linux-gnueabihf/release/SignalAnalyzerTargetHost.build/StaticSignalAnalyzerNRFSemanticRegion.generated.swift.o	53c8012fb43ffdd50231669a0ad98e0312bdd2ba5524d2a93d048cfe327adedc
build/swiftpm/armv6-unknown-linux-gnueabihf/release/SignalAnalyzerTargetHost.build/StaticSignalAnalyzerNRFSnapshotFact.swift.o	b25c55e9fd1a055838c4a8e96c6d3d537b4410f19e5865de3ad9ac68025b151c
build/swiftpm/armv6-unknown-linux-gnueabihf/release/SignalAnalyzerTargetHost.build/StaticSignalAnalyzerNRFTextPoolWriter.generated.swift.o	b9d6e5bb482a3e8fa4a486bb5c91e8aeac0dbf28fb91f575b2c25ba877a93903
build/swiftpm/armv6-unknown-linux-gnueabihf/release/SignalAnalyzerTargetHost.build/StaticSignalAnalyzerNRFTileStorage.swift.o	80d4277004932213ef9dfe628e6a0d91667842b80ab4977da9bc97bd1d72f0bf
build/swiftpm/armv6-unknown-linux-gnueabihf/release/SignalAnalyzerTargetHost.build/StaticSignalAnalyzerNRFTopologyWriter.generated.swift.o	34b94da2b3dd43902405b4aae77ca2696d9ded12637d7f77ad453506500c09ee
build/swiftpm/armv6-unknown-linux-gnueabihf/release/SignalAnalyzerTargetHost.build/StaticSignalAnalyzerNRFUTF8LayoutView.generated.swift.o	039b4984f26e352a26eb62be83f05ed6ec173e889498bbf653475c4639c611b2
build/swiftpm/armv6-unknown-linux-gnueabihf/release/SignalAnalyzerTargetHost.build/StaticSignalAnalyzerNRFUTF8RenderView.generated.swift.o	1fb13b728af8b4a559ed7cb3c0995fc244618e976eb1c343d23f8795666cbe65
build/swiftpm/armv6-unknown-linux-gnueabihf/release/SignalAnalyzerTargetHost.build/StaticSignalAnalyzerNRFUTF8TextPool.generated.swift.o	f3c13aabf586979cf11445f940af451c3ab857040eb2e28f495db638e263e77c
build/swiftpm/armv6-unknown-linux-gnueabihf/release/SignalAnalyzerTargetHost.build/include/SignalAnalyzerTargetHost-Swift.h	e1b573718d3e07995c29978a38f648d807dd370f1f4ef36f51988abd5a65efd0
build/swiftpm/armv6-unknown-linux-gnueabihf/release/SignalAnalyzerTargetHost.build/include/module.modulemap	4eddea22fc0489aa3eaf6a30ff73662b3bd5abc7e0c61ff66988b8943de8eafd
build/swiftpm/armv6-unknown-linux-gnueabihf/release/SignalAnalyzerTargetHost.build/output-file-map.json	0dbea76dbd9789366d38a1487803c41a4317e093d07b3b4f3e5380649ea195fa
build/swiftpm/armv6-unknown-linux-gnueabihf/release/SignalAnalyzerTargetHost.build/sources	4f46f0f094a0c171245b1175549b04b3f45bd22689a785b281950db252a206ba
build/swiftpm/armv6-unknown-linux-gnueabihf/release/SwiftBasicFormat.build/include/module.modulemap	facc186234374b1b68c1e37fa19fd027a6081e896a7f9354f324e8352895fa00
build/swiftpm/armv6-unknown-linux-gnueabihf/release/SwiftBasicFormat.build/output-file-map.json	1e76ee23893f83873f19421b086c19b3ab9a3d5a999b6818c456de35556eca14
build/swiftpm/armv6-unknown-linux-gnueabihf/release/SwiftCompilerPlugin.build/include/module.modulemap	6f8b0a608bef2680c67212840c0a0333f23cbb9f23fd68c4dde2964d94858259
build/swiftpm/armv6-unknown-linux-gnueabihf/release/SwiftCompilerPlugin.build/output-file-map.json	2486e32e5b6d153932318199a49049caee3f7d886aa2f483660841cc31a59856
build/swiftpm/armv6-unknown-linux-gnueabihf/release/SwiftCompilerPluginMessageHandling.build/include/module.modulemap	1d5bf9046ccd369a100f985cd59e4dda22fdbbd131205da04ce93236a5821590
build/swiftpm/armv6-unknown-linux-gnueabihf/release/SwiftCompilerPluginMessageHandling.build/output-file-map.json	98535eddc480d47d428f6d9d35e687c9768a3fed921d2379eed84f10714d5c37
build/swiftpm/armv6-unknown-linux-gnueabihf/release/SwiftDiagnostics.build/include/module.modulemap	df1b88945a678abf4c6c282e73b8024e837547f993e99ed99d2da314d0319796
build/swiftpm/armv6-unknown-linux-gnueabihf/release/SwiftDiagnostics.build/output-file-map.json	c721e4ee310ba84dc08cfbbb361f05a298882d9e987918c70880d7293c9ac6cb
build/swiftpm/armv6-unknown-linux-gnueabihf/release/SwiftIDEUtils.build/include/module.modulemap	6099e5814e36207f839d1a6ce5ecaeaf956b2616c54b5180f9bd37dd11f8ef3d
build/swiftpm/armv6-unknown-linux-gnueabihf/release/SwiftIDEUtils.build/output-file-map.json	89652f4e5d8bc47dc9166e3828aff64460b38152b0dc9e667a16a625333e974c
build/swiftpm/armv6-unknown-linux-gnueabihf/release/SwiftIfConfig.build/include/module.modulemap	fd78365a5943f7c04292a19226cd9244d3c9aff1dffed64bd2a936c01572aebf
build/swiftpm/armv6-unknown-linux-gnueabihf/release/SwiftIfConfig.build/output-file-map.json	15f07ec776a116dce6e220574d0085c7ab08cb4a05e59c3d6c923996f4df5d1c
build/swiftpm/armv6-unknown-linux-gnueabihf/release/SwiftLexicalLookup.build/include/module.modulemap	bbb14de62bc9ecc2e13393d5bde955b99320d42cd2167ee8fd96b1a6e73edc89
build/swiftpm/armv6-unknown-linux-gnueabihf/release/SwiftLexicalLookup.build/output-file-map.json	732da3d0c5d2226b6ca0af6b434ac27f7936de8c95b8437721f7ff0aaf0867c5
build/swiftpm/armv6-unknown-linux-gnueabihf/release/SwiftLibraryPluginProvider.build/include/module.modulemap	f177ceb41c6f101c445897e2cf8ca6a3ae666f3ba61d25207bb3601ac0e61cba
build/swiftpm/armv6-unknown-linux-gnueabihf/release/SwiftLibraryPluginProvider.build/output-file-map.json	75dcee0635a555911628ded13a9c4431f640c5a6fd3d1146554f098ccc263dac
build/swiftpm/armv6-unknown-linux-gnueabihf/release/SwiftOperators.build/include/module.modulemap	74034726b8b7fc6c0c3f319520ffc50f19dbb8f7e8ada42185526d0f54762fb8
build/swiftpm/armv6-unknown-linux-gnueabihf/release/SwiftOperators.build/output-file-map.json	7626de0d3d0fb1763c9d6cba1d816da4298a05d8d555c70550e3a57834695019
build/swiftpm/armv6-unknown-linux-gnueabihf/release/SwiftParser.build/include/module.modulemap	2eee542191212a13c5085f78c5c327a98b1562a6b75a07689de8d27bd50f334c
build/swiftpm/armv6-unknown-linux-gnueabihf/release/SwiftParser.build/output-file-map.json	6d3001e71618bdcbf3fe44628de3bf01565a02ec4bfc588f3c43d6211ec11bb8
build/swiftpm/armv6-unknown-linux-gnueabihf/release/SwiftParserDiagnostics.build/include/module.modulemap	47cc77b95124ff0a7ee07aaf300a7b4dcda3aceb88da72dc6c7f3515c182553e
build/swiftpm/armv6-unknown-linux-gnueabihf/release/SwiftParserDiagnostics.build/output-file-map.json	90a06ae240ccdccdf0c4dcf85363eaa7e5392710620a3efcd7c6ff9f0fc97f71
build/swiftpm/armv6-unknown-linux-gnueabihf/release/SwiftRefactor.build/include/module.modulemap	96a773a5c9ae92c2293a192f633d6c26d1db021f256a2bd022532542a420e580
build/swiftpm/armv6-unknown-linux-gnueabihf/release/SwiftRefactor.build/output-file-map.json	081bbf551489e0f6f9e71afd92970bb7582e2d222a78e73ed21d3cad75fa9a2f
build/swiftpm/armv6-unknown-linux-gnueabihf/release/SwiftSyntax.build/include/module.modulemap	a75d801c54d85e554c93941fea4a52c053ef2873b11831d029ccee53176dc812
build/swiftpm/armv6-unknown-linux-gnueabihf/release/SwiftSyntax.build/output-file-map.json	63a81081ff4a5451d58565d38a0d9eb519b077bf107bbf472324b621e590cafc
build/swiftpm/armv6-unknown-linux-gnueabihf/release/SwiftSyntax509.build/include/module.modulemap	f18abb7e60558fd714de24b65c1cd7b5078a6ad4618eff202738be3eb3897c64
build/swiftpm/armv6-unknown-linux-gnueabihf/release/SwiftSyntax509.build/output-file-map.json	70a06e9b8e76d46c7c6eaa4e181f0504399e9804c044b9f148b26b68ec6c1c08
build/swiftpm/armv6-unknown-linux-gnueabihf/release/SwiftSyntax510.build/include/module.modulemap	72003e3a60ed9413d61e95419baa481a158f4912d9252d3d39952218b489bbf8
build/swiftpm/armv6-unknown-linux-gnueabihf/release/SwiftSyntax510.build/output-file-map.json	84ca801986e7c930855bffc73a4dc4f930d027b73e80a327d35eb3afa8d6fa13
build/swiftpm/armv6-unknown-linux-gnueabihf/release/SwiftSyntax600.build/include/module.modulemap	13ec205fb55b50b265f92089e2a151ef2ead5fa4c0db0ac1bb15dfd073a8cfd3
build/swiftpm/armv6-unknown-linux-gnueabihf/release/SwiftSyntax600.build/output-file-map.json	f8833a63ef4800c6c9c630dfab4a9686b14f97d0e6bf133cd501c3c89ecbfd63
build/swiftpm/armv6-unknown-linux-gnueabihf/release/SwiftSyntax601.build/include/module.modulemap	5d8894e1840a7ce0c7b85d7ef214dce7f4c7165c0ce1a3dad0d9715b050c41e4
build/swiftpm/armv6-unknown-linux-gnueabihf/release/SwiftSyntax601.build/output-file-map.json	3f129e3c7e28305681494a5e161af2e4c319a4d8d4ff8cbb409c282ab88886b4
build/swiftpm/armv6-unknown-linux-gnueabihf/release/SwiftSyntax602.build/include/module.modulemap	aebcdf7303cf039a00508ab7b1516fd37d5145aee5a81af1bd204577d7288a9c
build/swiftpm/armv6-unknown-linux-gnueabihf/release/SwiftSyntax602.build/output-file-map.json	591dfee7d840be2b837e1ddda425a5379ea792937e2d255c4ffa710e97160663
build/swiftpm/armv6-unknown-linux-gnueabihf/release/SwiftSyntax603.build/include/module.modulemap	71897ae2bb2ddd4e801863ca80c036d71f5bf801509a2521944af78faa923abb
build/swiftpm/armv6-unknown-linux-gnueabihf/release/SwiftSyntax603.build/output-file-map.json	af649c42f322d5824c160ed14ad7ef55a72053f717367fb24dda4fd59358f990
build/swiftpm/armv6-unknown-linux-gnueabihf/release/SwiftSyntaxBuilder.build/include/module.modulemap	819e800e73bdf0af93ddf626ece0559243886ae41d5bcc72cc59c4881f0990bb
build/swiftpm/armv6-unknown-linux-gnueabihf/release/SwiftSyntaxBuilder.build/output-file-map.json	5023f6c05f22ef7a7a8408d7096777f0f5d85878fa5277ea73211874f599cc23
build/swiftpm/armv6-unknown-linux-gnueabihf/release/SwiftSyntaxMacroExpansion.build/include/module.modulemap	822f10f5ba0aedd38c7bfd87fde8a48b340c9348d421b6a444fcb7bce5a5b61a
build/swiftpm/armv6-unknown-linux-gnueabihf/release/SwiftSyntaxMacroExpansion.build/output-file-map.json	029918e5a6aaab6d60a1a8288fe44faf5e6ce3fa2bddea8e640f3f40a2aa9355
build/swiftpm/armv6-unknown-linux-gnueabihf/release/SwiftSyntaxMacros.build/include/module.modulemap	b117bb1370156091ec29e8fbc37e65005026e9e069c3f8968c4c5dcaa0e2c457
build/swiftpm/armv6-unknown-linux-gnueabihf/release/SwiftSyntaxMacros.build/output-file-map.json	656dc6939a9659d5681aa09935782ca12a4e51ba2bd0d719fef75f3c014fccb5
build/swiftpm/armv6-unknown-linux-gnueabihf/release/SwiftSyntaxMacrosGenericTestSupport.build/include/module.modulemap	5423955e52ae7d1b9d008062c02eff903584c147175d23188855469f3d33f8eb
build/swiftpm/armv6-unknown-linux-gnueabihf/release/SwiftSyntaxMacrosGenericTestSupport.build/output-file-map.json	68c5739abf08619b1d6a89302332ab6e43ef29117c7b83f221debc1f168881d3
build/swiftpm/armv6-unknown-linux-gnueabihf/release/SwiftSyntaxMacrosTestSupport.build/include/module.modulemap	8bd1d3180629c4b212c46325ff0e7b8a84697353161dfe9e868d179c5e164147
build/swiftpm/armv6-unknown-linux-gnueabihf/release/SwiftSyntaxMacrosTestSupport.build/output-file-map.json	b637bfcd1df5d986749a5a629a2584dbdb0bb0e6165509f3e99dd23bc7346815
build/swiftpm/armv6-unknown-linux-gnueabihf/release/SwiftWarningControl.build/include/module.modulemap	c43969eb0b2b0030f85bc54a86856ea643645666986ac0fd3d01f53ce5b1e55c
build/swiftpm/armv6-unknown-linux-gnueabihf/release/SwiftWarningControl.build/output-file-map.json	3c3e3d28edd5964db8c77354c93c309af23cf50ad5a7a11419eccc4c43425ba3
build/swiftpm/armv6-unknown-linux-gnueabihf/release/_SwiftSyntaxGenericTestSupport.build/include/module.modulemap	dc5a31f299a20ff7ad3a8b17ae3687b0081638cc63f49c05e0ef6d02c32af13d
build/swiftpm/armv6-unknown-linux-gnueabihf/release/_SwiftSyntaxGenericTestSupport.build/output-file-map.json	52acc19cbce13dfef1d773778f115b010b23e9fcfcf7bc2256de1369b69a7cd5
build/swiftpm/armv6-unknown-linux-gnueabihf/release/description.json	48ccd2b127a5b08e9ce3bc52d9eac77ded03fd51df0ff9548e5be7f99add6295
build/swiftpm/armv6-unknown-linux-gnueabihf/release/swift-version-3DE8B4069F7AB4E6.txt	56c0f49031e9998c3fa6a85fb65ba183104d94aac2a27588469c95dd62530e72
build/swiftpm/build.db	1f617ccf00b029889e5e6c9494de7e69b7e27b76e0c44c03aa8eed517d52f642
build/swiftpm/checkouts/swift-syntax/BUILD.bazel	2c531378bef5e2a195b47ab890a8718e9b8f52366b30edb227c548dbf198cf0e
build/swiftpm/checkouts/swift-syntax/CMakeLists.txt	c2a48ab42911b139f2ac2ecd130a821c287a0bded26f72129b20b20e335eaf66
build/swiftpm/checkouts/swift-syntax/CONTRIBUTING.md	85946d4a54c8dbf885f20af89b75107c1fe3e7efd7b09e7db2e7555e4bb8ce81
build/swiftpm/checkouts/swift-syntax/Changelog.md	088da10806f9ac7baa681fc80006da72e06f9bf8158397c3925bb01cbd6b23d9
build/swiftpm/checkouts/swift-syntax/CodeGeneration/Package.swift	5dbea657942726413f7d1ef6c09da00b38380eb071fdfd28ef88169d56d09578
build/swiftpm/checkouts/swift-syntax/CodeGeneration/README.md	7e4917c98719a0228fa7ea69827f84ced67f757fb6909bc022cacd8e93f32d5d
build/swiftpm/checkouts/swift-syntax/CodeGeneration/Sources/SyntaxSupport/AttributeNodes.swift	a45440420c5af0339530a15493722ce789a3e7af32bd549ee23d79acc7fd36f0
build/swiftpm/checkouts/swift-syntax/CodeGeneration/Sources/SyntaxSupport/AvailabilityNodes.swift	74ad863abc7d928ed6c865244c81a60e9da915ec183617e9656dbcbe5f8059b5
build/swiftpm/checkouts/swift-syntax/CodeGeneration/Sources/SyntaxSupport/BuilderInitializableTypes.swift	1ed2dc9393216801ad3a3bacab2b5d82ea5085de74c0e25710928a64237636c4
build/swiftpm/checkouts/swift-syntax/CodeGeneration/Sources/SyntaxSupport/Child.swift	873fbec93a36e851a5a2e1fe489e11ebcba830750b2c4c7aeadd128d317323dd
build/swiftpm/checkouts/swift-syntax/CodeGeneration/Sources/SyntaxSupport/CommonNodes.swift	9bc36c61b85485034132f352a0d38febd9e86b9808e2812b7c8041dfc09ebd96
build/swiftpm/checkouts/swift-syntax/CodeGeneration/Sources/SyntaxSupport/CompatibilityLayer.swift	bffcfbcca16a4927c6a16b9a46215b9e4c8d81ff8365168d780b04282ce37460
build/swiftpm/checkouts/swift-syntax/CodeGeneration/Sources/SyntaxSupport/CompilerNodes.swift	f8dd4cbb2fe312a2ab06fcbbbf2a6d87b7f0b5dfcfb53b802fa98e497b0778a5
build/swiftpm/checkouts/swift-syntax/CodeGeneration/Sources/SyntaxSupport/DeclNodes.swift	451191152aef4664afd2a0dbb9f34eda0c7e8865cdf2794ec419559038a67a35
build/swiftpm/checkouts/swift-syntax/CodeGeneration/Sources/SyntaxSupport/ExperimentalFeatures.swift	04e9bf56084790844803705dff75d300e3813573c367c2b7eb2d39b0686f5cbd
build/swiftpm/checkouts/swift-syntax/CodeGeneration/Sources/SyntaxSupport/ExprNodes.swift	7d2053447967b03a31731ccdde686700e36790ff9ba7b84e4cd7141cae4641f0
build/swiftpm/checkouts/swift-syntax/CodeGeneration/Sources/SyntaxSupport/GenericNodes.swift	01eb52b95fafada25a0a13565aad7f5122289e3379c37986a005b872e88fd102
build/swiftpm/checkouts/swift-syntax/CodeGeneration/Sources/SyntaxSupport/GrammarGenerator.swift	3e3451342ead86a95b7421fe33612c69fd4f48703ab94ef347f043859a8a0a73
build/swiftpm/checkouts/swift-syntax/CodeGeneration/Sources/SyntaxSupport/IdentifierConvertible.swift	aa986de87f5d3b0506ab05c2f23c5b20e42f6a7058972616a8750eb0fe62da66
build/swiftpm/checkouts/swift-syntax/CodeGeneration/Sources/SyntaxSupport/InitSignature.swift	5399f5e53d96f5e231a954bfefeec562c15acce905b9d18a2b39a178d730bc51
build/swiftpm/checkouts/swift-syntax/CodeGeneration/Sources/SyntaxSupport/KeywordSpec.swift	332dbcc792d16e9624f11835d0904e123ed929a06d7e3c0ef78603f74c2f8c5b
build/swiftpm/checkouts/swift-syntax/CodeGeneration/Sources/SyntaxSupport/Node.swift	52cff65d9edf4c77f1d8e40d24244aea07c52ab77e9054140a264ac4290dc51f
build/swiftpm/checkouts/swift-syntax/CodeGeneration/Sources/SyntaxSupport/NodeChoiceConvertible.swift	147d5f0a4ef2134600b4203bd2aa96cd892debcca67455e4bcae911735127a14
build/swiftpm/checkouts/swift-syntax/CodeGeneration/Sources/SyntaxSupport/PatternNodes.swift	1f9463f4ff2087db5ec31bca45e78b2024ed8136114352e59aa54ec57cbf099b
build/swiftpm/checkouts/swift-syntax/CodeGeneration/Sources/SyntaxSupport/RawSyntaxNodeKind.swift	fd64f9fb4fa1fc9fcae5fe2953b2340325edde0dcfb88aa558b76284d7281e04
build/swiftpm/checkouts/swift-syntax/CodeGeneration/Sources/SyntaxSupport/StmtNodes.swift	122c4ef89fb1762ba6dac5d2ffa72e66b3488ad82c0b083ca6b44b5cb5154243
build/swiftpm/checkouts/swift-syntax/CodeGeneration/Sources/SyntaxSupport/String+Extensions.swift	6cde59787781547bdc31e0a02150d33bdd13208a50f2c030a0d38acfd3bc413f
build/swiftpm/checkouts/swift-syntax/CodeGeneration/Sources/SyntaxSupport/SyntaxNodeKind.swift	8df5abb22eae6f92f3c264c8be4aac31aefb1ac475897f155af4b72fbca1e627
build/swiftpm/checkouts/swift-syntax/CodeGeneration/Sources/SyntaxSupport/SyntaxNodes.swift	a9a2aa8b49ab6d71e4f1183801d2faac119b357319585d2caabded92fa6f2e9a
build/swiftpm/checkouts/swift-syntax/CodeGeneration/Sources/SyntaxSupport/TokenSpec.swift	c5e20fcbb35357d5ab1191e4b845a4aa7d29f49b688f087a0bbed730e78a072c
build/swiftpm/checkouts/swift-syntax/CodeGeneration/Sources/SyntaxSupport/Traits.swift	44b3c7e53904477e43ac015dcd575e540d07f686225a116669c8781e0f59b00b
build/swiftpm/checkouts/swift-syntax/CodeGeneration/Sources/SyntaxSupport/Trivia.swift	cab34c891bc3e1c91a073043198dbf4b90ec9740af0e12da53b07ba8c2c75f73
build/swiftpm/checkouts/swift-syntax/CodeGeneration/Sources/SyntaxSupport/TypeConvertible.swift	9363fb025a00eee1836eb09c18ca7ba847da2a29014cc4d620fb0557da9aa73d
build/swiftpm/checkouts/swift-syntax/CodeGeneration/Sources/SyntaxSupport/TypeNodes.swift	b8897f66d4a502be821f90d00e1f2c47d6b28661523cd37e8a63925675f80da0
build/swiftpm/checkouts/swift-syntax/CodeGeneration/Sources/SyntaxSupport/Utils.swift	df04731b6504ed9f092cabb487c5ecc89c0cfcb2478e8e63d1a3654c27011b07
build/swiftpm/checkouts/swift-syntax/CodeGeneration/Sources/Utils/CodeGenerationFormat.swift	2c163d7d27cea4a78af0279c16191b5e64a22605d6c623baf1aa47f58fecb486
build/swiftpm/checkouts/swift-syntax/CodeGeneration/Sources/Utils/CopyrightHeader.swift	a2445ba1687aef55459b853f968c40c59f95fed003a29eb278b71dadbe645671
build/swiftpm/checkouts/swift-syntax/CodeGeneration/Sources/Utils/SyntaxBuildableChild.swift	c4c92fe842891b961c4378cd3ec3ca1d090924d860a2fc74fb0cf3a844eaa3ad
build/swiftpm/checkouts/swift-syntax/CodeGeneration/Sources/Utils/SyntaxBuildableNode.swift	895c44e226cfc243455138de4f367ce6004fc95db5844cc516ef8009f2676ecc
build/swiftpm/checkouts/swift-syntax/CodeGeneration/Sources/Utils/SyntaxBuildableType.swift	542caf639d852ffc227f4095d3f4052a315ae796b402c3fe707f5887ba46270b
build/swiftpm/checkouts/swift-syntax/CodeGeneration/Sources/Utils/Utils.swift	56ccdf7e9909be642976a46ecfab6edaab6e953e1839e703eb0a67fa467cda3b
build/swiftpm/checkouts/swift-syntax/CodeGeneration/Sources/generate-swift-syntax/ChildNodeChoices.swift	e7f864d358a1f40071d6eb295d98803e950a0dabfab4cb592990579a38393418
build/swiftpm/checkouts/swift-syntax/CodeGeneration/Sources/generate-swift-syntax/GenerateSwiftSyntax.swift	022530cfd530f08c30de9b300b80b5f8e13c08f9276a3b6d342925a7aa8fc927
build/swiftpm/checkouts/swift-syntax/CodeGeneration/Sources/generate-swift-syntax/ImportSwiftSyntax.swift	782411f6ce9e3a68a5eb5273291106b565e80a2926def44a56a0cbaf780e4017
build/swiftpm/checkouts/swift-syntax/CodeGeneration/Sources/generate-swift-syntax/InitSignature+Extensions.swift	d8f7b84b2730f2c87fdeddbf89fccd028826399e1b760d6947161f11c21d1f81
build/swiftpm/checkouts/swift-syntax/CodeGeneration/Sources/generate-swift-syntax/templates/swiftparser/ExperimentalFeaturesFile.swift	4f489e27c5967a1937ad96d2bb4586cd4058c6a452d2ed00992f6bf21a26370c
build/swiftpm/checkouts/swift-syntax/CodeGeneration/Sources/generate-swift-syntax/templates/swiftparser/IsLexerClassifiedFile.swift	4602bc7017039fb1daafbab6791469db47012d7bbfc87ea8eb9e7c3319d6dc56
build/swiftpm/checkouts/swift-syntax/CodeGeneration/Sources/generate-swift-syntax/templates/swiftparser/LayoutNodesParsableFile.swift	df19c0c6f1e5ffb5e955a2872be863c7adecba0ed3795631fc1e1ef6fcb3c23d
build/swiftpm/checkouts/swift-syntax/CodeGeneration/Sources/generate-swift-syntax/templates/swiftparser/ParserTokenSpecSetFile.swift	2e8878e30bc9f87a895c8a03c65ad1f9e04584b72a1d1a219d0f5dcd65081506
build/swiftpm/checkouts/swift-syntax/CodeGeneration/Sources/generate-swift-syntax/templates/swiftparser/TokenSpecStaticMembersFile.swift	4cd592026a90fc47fe4ddf7a09ea8a449fe16800609d5d2776f890c5111707f4
build/swiftpm/checkouts/swift-syntax/CodeGeneration/Sources/generate-swift-syntax/templates/swiftparserdiagnostics/ChildNameForDiagnosticsFile.swift	b54a148b30fc3271dd6049a2f1dade74ea451f0d6df7f8be671161f25a118a6c
build/swiftpm/checkouts/swift-syntax/CodeGeneration/Sources/generate-swift-syntax/templates/swiftparserdiagnostics/SyntaxKindNameForDiagnosticsFile.swift	4cfb977affdb15ecb66ef29246df8f8048379e710ea10e9c73e3fcf2af2886d4
build/swiftpm/checkouts/swift-syntax/CodeGeneration/Sources/generate-swift-syntax/templates/swiftparserdiagnostics/TokenNameForDiagnosticsFile.swift	d4899b06bc5642ad11e83cffd099d8fd6703deb4ef893095b98bdb1463642236
build/swiftpm/checkouts/swift-syntax/CodeGeneration/Sources/generate-swift-syntax/templates/swiftsyntax/ChildNameForKeyPathFile.swift	6b83cc8a5f9b4f4fe75bde09cdd8ea8f52f8ff14accb2d674ab54d2dad6716f1
build/swiftpm/checkouts/swift-syntax/CodeGeneration/Sources/generate-swift-syntax/templates/swiftsyntax/KeywordFile.swift	9e9b1fba9b8ff3a349d9ed20c94b5d00e9c31c4199a1c657ec8bbd527664b8eb
build/swiftpm/checkouts/swift-syntax/CodeGeneration/Sources/generate-swift-syntax/templates/swiftsyntax/RawSyntaxNodesFile.swift	ec044596344b1b3552394cdb4c99357e14c250228c07d650b4e6008d1d1d32a1
build/swiftpm/checkouts/swift-syntax/CodeGeneration/Sources/generate-swift-syntax/templates/swiftsyntax/RawSyntaxValidationFile.swift	283a77871bda19f3415cfe8649f984a6dda0a39fceb90924887f83dd66c2fa1e
build/swiftpm/checkouts/swift-syntax/CodeGeneration/Sources/generate-swift-syntax/templates/swiftsyntax/RenamedChildrenCompatibilityFile.swift	909f480d2515a73423b44d88135edab989e50cc202fb764fb37698ec811e462b
build/swiftpm/checkouts/swift-syntax/CodeGeneration/Sources/generate-swift-syntax/templates/swiftsyntax/RenamedSyntaxNodesFile.swift	fed3ac049bb7edd139e5ae059b4fa5e33906e1af39d133dacba6e362a9fce06d
build/swiftpm/checkouts/swift-syntax/CodeGeneration/Sources/generate-swift-syntax/templates/swiftsyntax/SwiftSyntaxDoccIndex.swift	b1b3d1913a4163758136bfd7c2a0ca62e2f7477972f7704bda006edb66770215
build/swiftpm/checkouts/swift-syntax/CodeGeneration/Sources/generate-swift-syntax/templates/swiftsyntax/SwiftSyntaxDoccIndexTemplate.md	21906fca4451badb97c2ec5d92d92ec1d4e4538383e1ada27367896dcc29025a
build/swiftpm/checkouts/swift-syntax/CodeGeneration/Sources/generate-swift-syntax/templates/swiftsyntax/SyntaxAnyVisitorFile.swift	d908d2613fe0770c65fe1b61cfa99d942d37df2646518bac946148c342b9bb67
build/swiftpm/checkouts/swift-syntax/CodeGeneration/Sources/generate-swift-syntax/templates/swiftsyntax/SyntaxBaseNodesFile.swift	c2871e8f17fd7648a2e0381dd469d44993d0de5d838a44c403fb8950f696e9d2
build/swiftpm/checkouts/swift-syntax/CodeGeneration/Sources/generate-swift-syntax/templates/swiftsyntax/SyntaxCollectionsFile.swift	dc07b4b775733973ef41788e9e003dcb9ec220f18d54a57334b67c019b3d18f7
build/swiftpm/checkouts/swift-syntax/CodeGeneration/Sources/generate-swift-syntax/templates/swiftsyntax/SyntaxEnumFile.swift	ce98f99ddf51f8047ef92b3a86ac469c37bd702aebeb9406192b08f8e7d5ad61
build/swiftpm/checkouts/swift-syntax/CodeGeneration/Sources/generate-swift-syntax/templates/swiftsyntax/SyntaxKindFile.swift	10b0d68cd5deb55027c980fe381e4e26383e17fb24324b0c0e5e86f888492f44
build/swiftpm/checkouts/swift-syntax/CodeGeneration/Sources/generate-swift-syntax/templates/swiftsyntax/SyntaxNodeCasting.swift	5770a1c665392e8438cf3dbf05c5b2d53188f875b8c52a6287105272b529f8bf
build/swiftpm/checkouts/swift-syntax/CodeGeneration/Sources/generate-swift-syntax/templates/swiftsyntax/SyntaxNodesFile.swift	f5d326e614e35c2b1c58b599c22efca35cfda8a5e833e0b9f17afa50a7904735
build/swiftpm/checkouts/swift-syntax/CodeGeneration/Sources/generate-swift-syntax/templates/swiftsyntax/SyntaxRewriterFile.swift	7407839def66478711334015e1674d4501326b08b5e6a0045218bc87f2275b49
build/swiftpm/checkouts/swift-syntax/CodeGeneration/Sources/generate-swift-syntax/templates/swiftsyntax/SyntaxTraitsFile.swift	63c77d244b90b0d405aacd29af23dbaffe67fc97d5ee988b7a223e5d76cbca17
build/swiftpm/checkouts/swift-syntax/CodeGeneration/Sources/generate-swift-syntax/templates/swiftsyntax/SyntaxVisitorFile.swift	1be22594ff4bbefcbdda5a7f6c221d08982e1b1138b4ef47969c0a6e193e045f
build/swiftpm/checkouts/swift-syntax/CodeGeneration/Sources/generate-swift-syntax/templates/swiftsyntax/TokenKindFile.swift	edf1895af1078377c2db0be3f78b45328e55c687c36296db410bb129dcc41c92
build/swiftpm/checkouts/swift-syntax/CodeGeneration/Sources/generate-swift-syntax/templates/swiftsyntax/TokensFile.swift	09a55ad374d06141753aea4edabda9b1ce68a670ce86d6c469841536343dec21
build/swiftpm/checkouts/swift-syntax/CodeGeneration/Sources/generate-swift-syntax/templates/swiftsyntax/TriviaPiecesFile.swift	203313c1a907e5f6955ea832398449fa43d97a994c1a22895ec71e25d013666c
build/swiftpm/checkouts/swift-syntax/CodeGeneration/Sources/generate-swift-syntax/templates/swiftsyntaxbuilder/BuildableNodesFile.swift	620aea7c9322ab3b72acb1b57b9fddbf29f0144b3b0fa34394c28024351c23aa
build/swiftpm/checkouts/swift-syntax/CodeGeneration/Sources/generate-swift-syntax/templates/swiftsyntaxbuilder/RenamedChildrenBuilderCompatibilityFile.swift	f174c2a78a1827610e127036257918ee2a7de480780d6f01fc60f1722fff83ea
build/swiftpm/checkouts/swift-syntax/CodeGeneration/Sources/generate-swift-syntax/templates/swiftsyntaxbuilder/ResultBuildersFile.swift	4e010f7b08caf60f9dcc7f28f940de6d9d912007f64561e07a579095f303e1cf
build/swiftpm/checkouts/swift-syntax/CodeGeneration/Sources/generate-swift-syntax/templates/swiftsyntaxbuilder/SyntaxExpressibleByStringInterpolationConformancesFile.swift	1897f71571dd46608bd3d0c8bfbd330f3be9eee5967c161071134f0f364b7c77
build/swiftpm/checkouts/swift-syntax/CodeGeneration/Tests/ValidateSyntaxNodes/Utils.swift	a978e57e93e25d04769dcd12426536f4ecdbd640a3b3364f1f490111d2f1718b
build/swiftpm/checkouts/swift-syntax/CodeGeneration/Tests/ValidateSyntaxNodes/ValidateSyntaxNodes.swift	43159f3be32079b91c0205c322899bb81777ba695c39b8d9ba831855f9ad8c55
build/swiftpm/checkouts/swift-syntax/CodeGeneration/Tests/ValidateSyntaxNodes/ValidationFailure.swift	89b0e378a81a1201b8135e312fd1537223aa6a32a5ffd0944b7a71e0112eaae7
build/swiftpm/checkouts/swift-syntax/Contributor Documentation/API Breakage Checks.md	aa6b3e029a9c2ce82ca96cbe0ce9925bf3b02e97290ae753d17c594aa620aa64
build/swiftpm/checkouts/swift-syntax/Contributor Documentation/Changing Swift Syntax.md	6b14f90bb34ae4543afa4c68527155dde2ef13c343e6b1a4b4c7985908420b08
build/swiftpm/checkouts/swift-syntax/Contributor Documentation/Environment variables.md	a48e1f6c7707e0af1ce568c1b1586a3727f4f85ade7ef6262a28db1b26ea5b83
build/swiftpm/checkouts/swift-syntax/Contributor Documentation/Filing Parser Bug Reports.md	15d2d7f7d5a772e6ba07a55a041d69330b8d6f47c2d02a99f6d46e7f87f5cb1f
build/swiftpm/checkouts/swift-syntax/Contributor Documentation/Fixing Bugs.md	0d61cb206a98c2f617b1aa92c05841e7936036c29ff2bce722ae28557aa3a707
build/swiftpm/checkouts/swift-syntax/Contributor Documentation/Parser Design.md	e4727e89e3557415d122bba8a2382892862f62f658406d2248f7417dddb74b06
build/swiftpm/checkouts/swift-syntax/Contributor Documentation/Parser Recovery.md	e88851542181e303773029c70c0796eb1682eeb132c59aed424bc6f3ea09fcfe
build/swiftpm/checkouts/swift-syntax/Contributor Documentation/Parsing Basics.md	3d6130a0ce37adba15215dfd1a4eb657eeab298440cc0735aa3ce3f9e5d0888c
build/swiftpm/checkouts/swift-syntax/Contributor Documentation/README.md	b28d730a1ae91ebf6060a681b0e2cf2d87741dbd676c99a32f4ab0603d087f84
build/swiftpm/checkouts/swift-syntax/Contributor Documentation/RFC Process.md	c45432fc13fe5f18ef2873441ee74016b7507b974d12ea521b92f76ba60ac481
build/swiftpm/checkouts/swift-syntax/Contributor Documentation/SPI Attribute.md	aaeb6e910c7383808b8c44e5513e4b8bd9f20469c624e6db14e839ba83fb09bc
build/swiftpm/checkouts/swift-syntax/Contributor Documentation/When to use protocols in SwiftSyntax.md	28f3a0f1dfc6e2c64b4c7c02df5f775af90e2481b40ef9ed14c6409e72f5d666
build/swiftpm/checkouts/swift-syntax/EditorExtension/Host/Assets.xcassets/AppIcon.appiconset/Contents.json	884db26f7c9de0dd3e0542d616ba109636a804283b72dc2939a4c572a640d51a
build/swiftpm/checkouts/swift-syntax/EditorExtension/Host/HostApp.swift	f3811ad67a43a6a18512b81ccc4c230aee3ac83e926bdefbdf31530a193d0be6
build/swiftpm/checkouts/swift-syntax/EditorExtension/Host/Info.plist	7634be60ae6031274a5e17320a4293350445e259cdcaecdd94deb5e577f3d664
build/swiftpm/checkouts/swift-syntax/EditorExtension/README.md	66d5e651605f67f957ab656b97c686fa0c63b3e795246d5a8e1d34a43acb5ab7
build/swiftpm/checkouts/swift-syntax/EditorExtension/SwiftRefactorExtension.xcodeproj/project.pbxproj	13a501adaacf91d53125d625f2523162266978a013b1f587266e008bd95ab9a0
build/swiftpm/checkouts/swift-syntax/EditorExtension/SwiftRefactorExtension.xcodeproj/project.xcworkspace/contents.xcworkspacedata	7f3b00b5c3fdb45242d7b87e1e5c4e25d1fa8129a16c94295ecc4e8ea2235c5f
build/swiftpm/checkouts/swift-syntax/EditorExtension/SwiftRefactorExtension.xcodeproj/project.xcworkspace/xcshareddata/IDEWorkspaceChecks.plist	dfa0f9bb85b95ccba9c6811adadf8cb407fb5d52088e89db83ebc308ec448542
build/swiftpm/checkouts/swift-syntax/EditorExtension/SwiftRefactorExtension.xcodeproj/xcshareddata/xcschemes/SwiftRefactorExtension.xcscheme	4b7763aeb58f4a6d31bb5f5baeae3fd2c3c756db0764d8b97a91fec300bd24d9
build/swiftpm/checkouts/swift-syntax/EditorExtension/SwiftRefactorExtension/Bridge.h	4a41af969c0bfb820f89a28ba6a1b009a064d3d8061b6dd659ac1f34e2a76291
build/swiftpm/checkouts/swift-syntax/EditorExtension/SwiftRefactorExtension/CommandDiscovery.swift	e0f5f44459fb3e429f4b0a7b913ca911afc72297e86a62b37bff7f9abcee6907
build/swiftpm/checkouts/swift-syntax/EditorExtension/SwiftRefactorExtension/Info.plist	717846de31c52e131e3775088c2b9912e5c04e305bb2c1079e408cc94fdea3ed
build/swiftpm/checkouts/swift-syntax/EditorExtension/SwiftRefactorExtension/RefactoringRegistry.swift	475c2416c720487eb4a2680ae682ac643a6b1dc8c69bba056303e6af26237172
build/swiftpm/checkouts/swift-syntax/EditorExtension/SwiftRefactorExtension/SourceEditorCommand.swift	4fe98c985e65a63a6f62069c7de580d732beb29c53683d06df7ff741e437b18a
build/swiftpm/checkouts/swift-syntax/EditorExtension/SwiftRefactorExtension/SourceEditorExtension.swift	931ce6c8e71c85ae1203db634cbbeead111981d6f1bea49040fffa8d8401d1b7
build/swiftpm/checkouts/swift-syntax/EditorExtension/SwiftRefactorExtension/SwiftRefactorExtension.entitlements	b746c74b201e6af4e0864fbd1f4f629f96156a7ec4b7208bc995d0a5089bb592
build/swiftpm/checkouts/swift-syntax/Examples/Package.swift	9b4227bcea1378c3cbb609adc2164070ef68418805afb6e80d92ac18cd43c876
build/swiftpm/checkouts/swift-syntax/Examples/README.md	d28e5635fe74c7a75dc7372aff94dceb8ec4410d2509ec7116a6d24a40646acc
build/swiftpm/checkouts/swift-syntax/Examples/Sources/AddOneToIntegerLiterals/AddOneToIntegerLiterals.swift	3dc2189f5e6be827fe94bb0e59911fab355b417b253b7bef9c09b469aa4c4099
build/swiftpm/checkouts/swift-syntax/Examples/Sources/CodeGenerationUsingSwiftSyntaxBuilder/CodeGenerationUsingSwiftSyntaxBuilder.swift	50dca11f3c9321ca001c1758b32f36cf554e0a166e964871a9b3cdbd75437590
build/swiftpm/checkouts/swift-syntax/Examples/Sources/Examples-all/empty.swift	6facebfd24f433372599e8184ba8437c8a9651f593d0a2d773f61c85cfef2e6b
build/swiftpm/checkouts/swift-syntax/Examples/Sources/MacroExamples/Implementation/Accessor/EnvironmentValueMacro.swift	de46936507cb576981cc57760d306479820c4f221a7f5469516750448c7d61b9
build/swiftpm/checkouts/swift-syntax/Examples/Sources/MacroExamples/Implementation/ComplexMacros/DictionaryIndirectionMacro.swift	42fa06621b342b621ca10d4eaef2a5fea4f991e71a8e3b957390a9ffeafcd469
build/swiftpm/checkouts/swift-syntax/Examples/Sources/MacroExamples/Implementation/ComplexMacros/ObservableMacro.swift	70f44eaeb4dbb88ef17c752081e0d55d8723db41dd1f51d11f2285f2dd7b37b0
build/swiftpm/checkouts/swift-syntax/Examples/Sources/MacroExamples/Implementation/ComplexMacros/OptionSetMacro.swift	bc645014955a8e55e51b76842e9e2f4f41a0095cb106f70188da5743a53b468e
build/swiftpm/checkouts/swift-syntax/Examples/Sources/MacroExamples/Implementation/Declaration/FuncUniqueMacro.swift	f8d4cc23eb4bd3ba3c90cfbbfb2f8b54b3a741c0c926fdbbc562fef929839c3e
build/swiftpm/checkouts/swift-syntax/Examples/Sources/MacroExamples/Implementation/Diagnostics.swift	68d0acec4498713cc4b6071cf41a8edfd979837d32d0f822cd035351334ec681
build/swiftpm/checkouts/swift-syntax/Examples/Sources/MacroExamples/Implementation/Expression/AddBlocker.swift	ecd53ce7140e526044f516002a2fa36a240dcaeec9419b51f3ec17eb4af6e7c2
build/swiftpm/checkouts/swift-syntax/Examples/Sources/MacroExamples/Implementation/Expression/FontLiteralMacro.swift	86f21b7e3c17ce1fee9a83d61042eceed990538d9e875485135df58ee9f067f9
build/swiftpm/checkouts/swift-syntax/Examples/Sources/MacroExamples/Implementation/Expression/SourceLocationMacro.swift	ef27641107fc48627cc2c3b4a4a4b3c48c37095e8c794e83585eb1fde6f9dcc1
build/swiftpm/checkouts/swift-syntax/Examples/Sources/MacroExamples/Implementation/Expression/StringifyMacro.swift	869183cdbbe82d67813474a8af776a5a6bd3fccf2d7a12b0b16ce657c79e19e3
build/swiftpm/checkouts/swift-syntax/Examples/Sources/MacroExamples/Implementation/Expression/URLMacro.swift	66ab5d3d18d961db157599594fddb5fe80de055f9f181365443e3cb1ce7d04ea
build/swiftpm/checkouts/swift-syntax/Examples/Sources/MacroExamples/Implementation/Expression/WarningMacro.swift	af7c482ca84027791bcf0024339cab561770a0c42e80612891636cf012c8d2f9
build/swiftpm/checkouts/swift-syntax/Examples/Sources/MacroExamples/Implementation/Extension/DefaultFatalErrorImplementationMacro.swift	ea21f067c2332084ebd1023ec563d82431181b237eaa8bd997f07c1141b5e174
build/swiftpm/checkouts/swift-syntax/Examples/Sources/MacroExamples/Implementation/Extension/EquatableExtensionMacro.swift	23f6612f4092d8a6e9c5aa3cc00b44ce9821d2929cf1efb03e1eb2a27992ef80
build/swiftpm/checkouts/swift-syntax/Examples/Sources/MacroExamples/Implementation/Member/CaseDetectionMacro.swift	e6ef4354325e687806d86b429db2a1e4ccc0729df7205f23be00f9bfb72c7748
build/swiftpm/checkouts/swift-syntax/Examples/Sources/MacroExamples/Implementation/Member/CustomCodable.swift	e0ccee76f887a0c4f5f508d76ce77343f16963f2bf20df791e82fc705e4ff7d8
build/swiftpm/checkouts/swift-syntax/Examples/Sources/MacroExamples/Implementation/Member/MetaEnumMacro.swift	0916c235b624dfed78943a93d45e8c6111eddc9bc91972e0786a2358bb7f80eb
build/swiftpm/checkouts/swift-syntax/Examples/Sources/MacroExamples/Implementation/Member/NewTypeMacro.swift	72652ed0e16da90238d2f5fc8fa552975abaf2d1bf0fb1c7e7a8833987694504
build/swiftpm/checkouts/swift-syntax/Examples/Sources/MacroExamples/Implementation/MemberAttribute/MemberDeprecatedMacro.swift	97e460bee23f02986a5d91582571b0f20cacf18dea2eaed8ed267b27071e3c50
build/swiftpm/checkouts/swift-syntax/Examples/Sources/MacroExamples/Implementation/MemberAttribute/WrapStoredPropertiesMacro.swift	f97e7e6d354fb9852f408a7f3746643ecea42449d4d533a7def0697eadfbe98d
build/swiftpm/checkouts/swift-syntax/Examples/Sources/MacroExamples/Implementation/Peer/AddAsyncMacro.swift	acc8d9c6c8d68722779eb0674c737a29daedd0853b1cd06dc2d06ddb4a6006b1
build/swiftpm/checkouts/swift-syntax/Examples/Sources/MacroExamples/Implementation/Peer/AddCompletionHandlerMacro.swift	38ab04dfc47b0648203650c5ed87a9b3fb7d5d06f1d2a47029df205b2ff3331c
build/swiftpm/checkouts/swift-syntax/Examples/Sources/MacroExamples/Implementation/Peer/PeerValueWithSuffixNameMacro.swift	abf34fbd9ddfa7de79bd8e0e2eed1a70f91d984f9ca34542e5610cb880a2558a
build/swiftpm/checkouts/swift-syntax/Examples/Sources/MacroExamples/Implementation/Plugin.swift	4484697be296bbb5e0b6114a7646709d41ca57220e29716ea8fa0f784cd79189
build/swiftpm/checkouts/swift-syntax/Examples/Sources/MacroExamples/Interface/AccessorMacros.swift	57f7928b04320bb72c2a9c534c33df07323cd240fa8919367b25839776f4f0ee
build/swiftpm/checkouts/swift-syntax/Examples/Sources/MacroExamples/Interface/ComplexMacros.swift	a0ee81f6019aefb47444e1622f336f2f5897f875ac54654651fea7b267982c64
build/swiftpm/checkouts/swift-syntax/Examples/Sources/MacroExamples/Interface/DeclarationMacros.swift	026dfc077dde155bb79b24bc7894f340659e8c0524178f40c5d95954bdefcd5a
build/swiftpm/checkouts/swift-syntax/Examples/Sources/MacroExamples/Interface/ExpressionMacros.swift	6d0f7f2a1c01b4774261ccd79d990b3a009df10bd77299d74e93674551fa7c91
build/swiftpm/checkouts/swift-syntax/Examples/Sources/MacroExamples/Interface/ExtensionMacros.swift	4bcf82dfaa5dd0c0652cad68edbe3cfad1b400f9141052a711239a0ed688cf96
build/swiftpm/checkouts/swift-syntax/Examples/Sources/MacroExamples/Interface/MemberAttributeMacros.swift	fd6db525b020c2e350fcbbab8b2947df6cd9186a6c5ad2a9c97b9fd5d3315844
build/swiftpm/checkouts/swift-syntax/Examples/Sources/MacroExamples/Interface/MemberMacros.swift	2cf9afd2ab1e1dfda63725863d195af6719539a811383a7138fc74acce219b21
build/swiftpm/checkouts/swift-syntax/Examples/Sources/MacroExamples/Interface/PeerMacros.swift	c67b9edb3c7ed3d53e05d339a8519c5852f71f3785189a07697bd1d3539a24a6
build/swiftpm/checkouts/swift-syntax/Examples/Sources/MacroExamples/Interface/SourceLocationMacros.swift	8cd787e9dfda6c66660788d29028a3ac265acda100f11fb8b912e94d3f1e30ba
build/swiftpm/checkouts/swift-syntax/Examples/Sources/MacroExamples/Playground/AccessorMacrosPlayground.swift	9a694cb4b0ff4ea8f0beb5799f69b2e089d7733bf3f23dae75126add01db4aa3
build/swiftpm/checkouts/swift-syntax/Examples/Sources/MacroExamples/Playground/ComplexMacrosPlayground.swift	955e39af3ea9ce4ed097dc22e95e48450f26107ca071115a089f5a57b53b7960
build/swiftpm/checkouts/swift-syntax/Examples/Sources/MacroExamples/Playground/DeclarationMacrosPlayground.swift	2ae73f7013b686fbf8ad95eec75eb85be8fe69cac545e7c7cb88db58c1a297b2
build/swiftpm/checkouts/swift-syntax/Examples/Sources/MacroExamples/Playground/ExpressionMacrosPlayground.swift	a3162b4ae721469fb1a2cb52146b9d6080e70bb1e2403b87ed1c378dc07017b6
build/swiftpm/checkouts/swift-syntax/Examples/Sources/MacroExamples/Playground/ExtensionMacrosPlayground.swift	634c5f5120b6333804d6dfb2b32099d1eb25048e2958fab30bddf3b97b8e531c
build/swiftpm/checkouts/swift-syntax/Examples/Sources/MacroExamples/Playground/MemberAttributeMacrosPlayground.swift	2fa982d03403a960a38b49b4416f2e95d33459e50a52f18e5c204d325cc6c500
build/swiftpm/checkouts/swift-syntax/Examples/Sources/MacroExamples/Playground/MemberMacrosPlayground.swift	976a476edace03439ac6bc71245c136f949ac63ca2a6c9741bc07a4876bf82a4
build/swiftpm/checkouts/swift-syntax/Examples/Sources/MacroExamples/Playground/PeerMacrosPlayground.swift	a0b255bcfa4933a987181d20db143820278a0dc605fc2df1530822d6af48eb7a
build/swiftpm/checkouts/swift-syntax/Examples/Sources/MacroExamples/Playground/SourceLocationMacrosPlayground.swift	0e7b9c589d956eabe10b1484a05524fe91edde5a57abcb152af8aef2fcd61b5b
build/swiftpm/checkouts/swift-syntax/Examples/Sources/MacroExamples/Playground/main.swift	c2251cf356702a167a518546e08ab89acf234241199e72e65d1283ef3ad7deac
build/swiftpm/checkouts/swift-syntax/Examples/Tests/Dummy/Empty.swift	05984f59b51806b860359f1be2cf03b36cdc8029964c5946f2bca6db3ccdfd8d
build/swiftpm/checkouts/swift-syntax/Examples/Tests/MacroExamples/Implementation/Accessor/EnvironmentValueMacroTests.swift	a54b1c9927632881a0a5d05422ae1ff3ecadbedcb3d3aec1ec329e0c2a0a244e
build/swiftpm/checkouts/swift-syntax/Examples/Tests/MacroExamples/Implementation/ComplexMacros/DictionaryIndirectionMacroTests.swift	e0efd579c5a79e3c2d6f4944e3f2e8ef332a0728d1d758b56007cb279e3e6496
build/swiftpm/checkouts/swift-syntax/Examples/Tests/MacroExamples/Implementation/ComplexMacros/ObservableMacroTests.swift	1f38d97f12fdc17c66ca5bdacb46e019949e1bcec1e48cf67c677d34151bb46a
build/swiftpm/checkouts/swift-syntax/Examples/Tests/MacroExamples/Implementation/ComplexMacros/OptionSetMacroTests.swift	372b7d0d3aab41195f760110ea5a8c14f9c4955aef6868ae50682265560d7f18
build/swiftpm/checkouts/swift-syntax/Examples/Tests/MacroExamples/Implementation/Declaration/FuncUniqueMacroTests.swift	146fdf0e9c355f3bec312329eacfe3f0324f16afd9f8421aa7c0e923676436bf
build/swiftpm/checkouts/swift-syntax/Examples/Tests/MacroExamples/Implementation/Expression/AddBlockerTests.swift	7d292def3860610246a7c300c71df44911f5d72314a801623b720ecef230d592
build/swiftpm/checkouts/swift-syntax/Examples/Tests/MacroExamples/Implementation/Expression/FontLiteralMacroTests.swift	2c2d773dd20b57043163ceb9490ede397d2fd1a367e0df6b4a2d1f1fbf3fcaae
build/swiftpm/checkouts/swift-syntax/Examples/Tests/MacroExamples/Implementation/Expression/StringifyMacroTests.swift	9fc43d5ece9daddc8d91c362a28e9034452b7dd810d6e3da98de2bb8783cadd2
build/swiftpm/checkouts/swift-syntax/Examples/Tests/MacroExamples/Implementation/Expression/URLMacroTests.swift	709bf6a5bf761c00650253780b6913a4ee6063c1db77a6c1e8e748c187793d37
build/swiftpm/checkouts/swift-syntax/Examples/Tests/MacroExamples/Implementation/Expression/WarningMacroTests.swift	915226e15022f73f06722666cfdad273ad113e1f318ebb85632fb0643f8dab97
build/swiftpm/checkouts/swift-syntax/Examples/Tests/MacroExamples/Implementation/Extension/DefaultFatalErrorImplementationMacroTests.swift	aa280d120b30d254a36be592d535371927ba80c73aa479ca400cb2a290c0089b
build/swiftpm/checkouts/swift-syntax/Examples/Tests/MacroExamples/Implementation/Extension/EquatableExtensionMacroTests.swift	8147748c663a6d3f13270f38ed7ef6057be69e43ea6f1203b79a0140085eec6b
build/swiftpm/checkouts/swift-syntax/Examples/Tests/MacroExamples/Implementation/Member/CaseDetectionMacroTests.swift	2f27d96e90cf08d73a4e692048e2c2684ce0bc70630e6b7dc15f0883e4c3220b
build/swiftpm/checkouts/swift-syntax/Examples/Tests/MacroExamples/Implementation/Member/CustomCodableTests.swift	754ad9c49859f11cfd42fde16d935dbe94de5332af903f8d064f5ae7a3699b97
build/swiftpm/checkouts/swift-syntax/Examples/Tests/MacroExamples/Implementation/Member/MetaEnumMacroTests.swift	ac5f935e32e55db50fbc7c05ccb873f3768b94805b5025c6c9057c38085ebbdd
build/swiftpm/checkouts/swift-syntax/Examples/Tests/MacroExamples/Implementation/Member/NewTypeMacroTests.swift	5d19ecae858bfbdce27053ced802b0e84942466a3cf705175ec293d72555583a
build/swiftpm/checkouts/swift-syntax/Examples/Tests/MacroExamples/Implementation/MemberAttribute/MemberDeprecatedMacroTests.swift	0c015dcdd365460cd1558e528498e9544f1029876fb3ca874a3ed949d7bf6d25
build/swiftpm/checkouts/swift-syntax/Examples/Tests/MacroExamples/Implementation/MemberAttribute/WrapStoredPropertiesMacroTests.swift	b4d9353c372f24f41cb14b3510531d74982bb9173223d887d0cf26ded2110855
build/swiftpm/checkouts/swift-syntax/Examples/Tests/MacroExamples/Implementation/Peer/AddAsyncMacroTests.swift	23e9f73e17b672e07f709cee04346f8d6228c9354019d261a81f1a6c5908776c
build/swiftpm/checkouts/swift-syntax/Examples/Tests/MacroExamples/Implementation/Peer/AddCompletionHandlerMacroTests.swift	b0870f43118d60d9395d91ba28e7dca0ecbb00413a06605185feb61b08d61482
build/swiftpm/checkouts/swift-syntax/Examples/Tests/MacroExamples/Implementation/Peer/PeerValueWithSuffixNameMacroTests.swift	c663b227672ff0acc0fee88b7d5c79072294a83526a9c9cae091ebbf615d2564
build/swiftpm/checkouts/swift-syntax/LICENSE.txt	770af8291f708538d8ff885a0bbc4e045cd700531741c4f99528d435c14d7f55
build/swiftpm/checkouts/swift-syntax/MODULE.bazel	801223941c75b2403ec145fb20f9b5315d9efe4059e342a82dbc1beaf1fdd99d
build/swiftpm/checkouts/swift-syntax/Package.swift	a9d82d3f7cdd7c1be7baa604173651e51f1711b190516eb9fbfe279c642eacc5
build/swiftpm/checkouts/swift-syntax/README.md	d246184255f253a0f652c6dafb4790b2204e99ac547cbb1498d5cd6a03edffe2
build/swiftpm/checkouts/swift-syntax/Release Notes/510.md	2c2064248969ded6196717e6ea516930a474a82a4731c9a96cf86b01bd1f474f
build/swiftpm/checkouts/swift-syntax/Release Notes/600.md	713c421a47831f865d6c81615a2ff178860ddb36f8843dbe3ec8bdec388447be
build/swiftpm/checkouts/swift-syntax/Release Notes/601.md	67f03c155e2a4d29545ac173395bdeba18009e17cebfd632da56223cf1852ba8
build/swiftpm/checkouts/swift-syntax/Release Notes/602.md	9c0c88339ac36190f9759f63f13bc64c02d2de03a14952f585c0a2de99138039
build/swiftpm/checkouts/swift-syntax/Sources/CMakeLists.txt	7997df7e8ff950cbb219f7178c59918574179adf841224cb9bebdc50cd7ac7a8
build/swiftpm/checkouts/swift-syntax/Sources/SwiftBasicFormat/BasicFormat.swift	f63abf6f5cb3c764ca0ea5983ba93faf8b5f316c3cf83fd76ed22ff6a4087b52
build/swiftpm/checkouts/swift-syntax/Sources/SwiftBasicFormat/CMakeLists.txt	567e4c7874e8ea6cd28040a822e5c70a445b4552c736bae387a978671bc9b81f
build/swiftpm/checkouts/swift-syntax/Sources/SwiftBasicFormat/Indenter.swift	0dd7f8eff8f645eb2dfcc3ea2e540148a31af000a2f02efc45f47d1c62f5b98d
build/swiftpm/checkouts/swift-syntax/Sources/SwiftBasicFormat/InferIndentation.swift	24c34ab9afa7f39d2bd34eaf147bd74a64262b2f5d8b86fe6f2b6a2ff6378968
build/swiftpm/checkouts/swift-syntax/Sources/SwiftBasicFormat/SwiftBasicFormat.docc/FilingBugReports.md	7c9d40c9a64eae4bf84adc7b7a0c724a8c4fc067766f71dff8fc211d75e92d7b
build/swiftpm/checkouts/swift-syntax/Sources/SwiftBasicFormat/SwiftBasicFormat.docc/Info.plist	5570ae99d0255c6bc8f6b053472e8907603717375b169244fd01bcdd3ae27959
build/swiftpm/checkouts/swift-syntax/Sources/SwiftBasicFormat/Syntax+Extensions.swift	ef7106825aa84bcfa8852d6e8a43b628b0b03dd578e1ca127dd67fce05fd73e8
build/swiftpm/checkouts/swift-syntax/Sources/SwiftBasicFormat/SyntaxProtocol+Formatted.swift	fb8c95629251894ed95134cbb9b5e7941081b31ba89774f08f86578aa9ad6992
build/swiftpm/checkouts/swift-syntax/Sources/SwiftBasicFormat/Trivia+FormatExtensions.swift	36a6bfcc6bdad5a2d3bbdb16e7b369fafd7a84468bb3a020f4d267f69698cd90
build/swiftpm/checkouts/swift-syntax/Sources/SwiftCompilerPlugin/CMakeLists.txt	59bc5e24da49496e2adedc0d67da2e3c6b15d42a0ad8fa7181f73306a29b4d5e
build/swiftpm/checkouts/swift-syntax/Sources/SwiftCompilerPlugin/CompilerPlugin.swift	428b8916d36242ae931593b9b194ba4f428c00484150e9d1ef9243072da2c634
build/swiftpm/checkouts/swift-syntax/Sources/SwiftCompilerPluginMessageHandling/CMakeLists.txt	e14a1044f3b249294c9b320652786fbf33415303b50e9b34756449baa2705ad2
build/swiftpm/checkouts/swift-syntax/Sources/SwiftCompilerPluginMessageHandling/CompilerPluginMessageHandler.swift	462382f1536fea751a7a7fa70668faf44d29ce3c13860ad37191283e275440b9
build/swiftpm/checkouts/swift-syntax/Sources/SwiftCompilerPluginMessageHandling/Diagnostics.swift	0684342a031ea8fb2ac0da303b0175f44f4ebbc62e8f609183a0e656a6b0237b
build/swiftpm/checkouts/swift-syntax/Sources/SwiftCompilerPluginMessageHandling/JSON/CodingUtilities.swift	3a6ea2ff5c5b8f553cdfec3a8aae3a32d0652aec59e61fad122d782a10425bf3
build/swiftpm/checkouts/swift-syntax/Sources/SwiftCompilerPluginMessageHandling/JSON/JSON.swift	aa5d4065788186339394798b79cfa2d2f0930d95b7c8316638e51628d67b7ca8
build/swiftpm/checkouts/swift-syntax/Sources/SwiftCompilerPluginMessageHandling/JSON/JSONDecoding.swift	c698e3062636c3dce4467ea89743ddea4fe09e5901cf324b90baf1f91a68b041
build/swiftpm/checkouts/swift-syntax/Sources/SwiftCompilerPluginMessageHandling/JSON/JSONEncoding.swift	15703062c0f47ce2b8fa1f69bcb5e3ce3805a21f17b32db3e836816457a46e41
build/swiftpm/checkouts/swift-syntax/Sources/SwiftCompilerPluginMessageHandling/LRUCache.swift	be4719876b3dc0e41f46092f56ed5896a62e506f3233f4bac6fe5ccaa8b0e5be
build/swiftpm/checkouts/swift-syntax/Sources/SwiftCompilerPluginMessageHandling/Macros.swift	1d8f845e724ce90d734d337bc3591d87ba7102de151cd0b16f03fc6708c986cf
build/swiftpm/checkouts/swift-syntax/Sources/SwiftCompilerPluginMessageHandling/PluginMacroExpansionContext.swift	577b7578b86b5a432b413d3b2a63324016a979bc854403a08356d2dd59316236
build/swiftpm/checkouts/swift-syntax/Sources/SwiftCompilerPluginMessageHandling/PluginMessageCompatibility.swift	911281c8ca00839bfe21187f7dc53604cc7c5b3422cf298daf3994b8bc278270
build/swiftpm/checkouts/swift-syntax/Sources/SwiftCompilerPluginMessageHandling/PluginMessages.swift	e0a3e70bb00dcc72cc04217a10b3065b866a7600ee9441e7903245b01e588144
build/swiftpm/checkouts/swift-syntax/Sources/SwiftCompilerPluginMessageHandling/StandardIOMessageConnection.swift	15e329f745b653f1f79687386b86dbb4d3d3b97d30fc57a9045e2e7cc57655e6
build/swiftpm/checkouts/swift-syntax/Sources/SwiftDiagnostics/CMakeLists.txt	2f2b995c6ef7c9ff9ffd94b123a9e337d61b7bebe17263f91d048f97550c7735
build/swiftpm/checkouts/swift-syntax/Sources/SwiftDiagnostics/Convenience.swift	bfb90949c7d4eb2844abd24e978075395525af9e38af03afa45043c8507e031c
build/swiftpm/checkouts/swift-syntax/Sources/SwiftDiagnostics/Diagnostic.swift	56814888fcf59cf2868f623f0f3fe3bfe516b567b47a4a5fc61506d485e0f89e
build/swiftpm/checkouts/swift-syntax/Sources/SwiftDiagnostics/DiagnosticDecorators/ANSIDiagnosticDecorator.swift	0769faa8fe521b45c4bbd67431dd17fa65bf7e6b1f0117e7ac0fad26215f64c6
build/swiftpm/checkouts/swift-syntax/Sources/SwiftDiagnostics/DiagnosticDecorators/BasicDiagnosticDecorator.swift	d8d74b86aa298b7d65eee84756ec254b1390aebc48de59180edeb4386f6344be
build/swiftpm/checkouts/swift-syntax/Sources/SwiftDiagnostics/DiagnosticDecorators/DiagnosticDecorator.swift	bb752dfd5526eeb900a312ed34e0235e8d477a26d5ace7fa9ae6cf9dd6d9066a
build/swiftpm/checkouts/swift-syntax/Sources/SwiftDiagnostics/DiagnosticsFormatter.swift	1b34df688395a5ce888d5bed2fa3621ca5b59ac80f6da9d9088ebd84a6e5b276
build/swiftpm/checkouts/swift-syntax/Sources/SwiftDiagnostics/FixIt.swift	2f78766f08f46085e19497a17e294512c3616386242b66227d3bdadedbb391d9
build/swiftpm/checkouts/swift-syntax/Sources/SwiftDiagnostics/GroupedDiagnostics.swift	7ba0d631ccaa192347dd90580d8e386765ca8179f1a3b1c19e3a50811af5dd8d
build/swiftpm/checkouts/swift-syntax/Sources/SwiftDiagnostics/Message.swift	a0cc6c3999ddcf6bfad0fac71cb4a70afc8e9f4cb203b69c68c0c173e750b527
build/swiftpm/checkouts/swift-syntax/Sources/SwiftDiagnostics/Note.swift	da618df0ad7349f86cfa69bc01d7ca28b7956646bbee20ec5c9d456fc30000af
build/swiftpm/checkouts/swift-syntax/Sources/SwiftIDEUtils/CMakeLists.txt	10bc0f3014102e8fa7869cb9a22c4188645de1e322e3e79c59cc72bb4920e889
build/swiftpm/checkouts/swift-syntax/Sources/SwiftIDEUtils/DeclNameLocation.swift	6b0d1703bfb2817d24238791cb00a1471009046bac88da8e0efb6fde91308ae5
build/swiftpm/checkouts/swift-syntax/Sources/SwiftIDEUtils/FixItApplier.swift	c36956a237d921a186443d1ea81f43f7a0525464022ddf9a04115c5b1f149404
build/swiftpm/checkouts/swift-syntax/Sources/SwiftIDEUtils/NameMatcher.swift	63e71d1f75486cfaeef545bb777afa3a62b03a21e9bde1e02422b0fa1347db0c
build/swiftpm/checkouts/swift-syntax/Sources/SwiftIDEUtils/SwiftIDEUtilsCompatibility.swift	0abf8ea555dfe5f822b8c4291ddbbf12bfc7e057dc4fb7740ff9fc80b65bc4cf
build/swiftpm/checkouts/swift-syntax/Sources/SwiftIDEUtils/Syntax+Classifications.swift	3e16b2c5202c50d982a3748a9e296fae9fe7ab7775e5c74107b566572476a1a9
build/swiftpm/checkouts/swift-syntax/Sources/SwiftIDEUtils/SyntaxClassification.swift	6a85084fe138e3e0ae2dd966b1be98aa91e9190e758138211f9199448731015b
build/swiftpm/checkouts/swift-syntax/Sources/SwiftIDEUtils/SyntaxClassifier.swift	9450ad8ae163beea3306b2b5d23c921c31742ff6eb37f56e259c2560cf82d9a5
build/swiftpm/checkouts/swift-syntax/Sources/SwiftIDEUtils/Utils.swift	d5567e5f8c6bb22e967f87280fa04750a2ca83e4c8b09739720363b5213d7d1c
build/swiftpm/checkouts/swift-syntax/Sources/SwiftIfConfig/ActiveClauseEvaluator.swift	ce15d77a801a5de375c37b3e6515fd740fa3616cacb403838d88d5aac7d3a24f
build/swiftpm/checkouts/swift-syntax/Sources/SwiftIfConfig/ActiveSyntaxRewriter.swift	60b0ef2bf86b2ec9305c129c51f0f2dd89ebf801fb415c66cc5d6d29dbe1c3af
build/swiftpm/checkouts/swift-syntax/Sources/SwiftIfConfig/ActiveSyntaxVisitor.swift	ed8da03d79333cf31d088b8becbd1e04187eb65c7a0219a67577172b74a9a7de
build/swiftpm/checkouts/swift-syntax/Sources/SwiftIfConfig/BuildConfiguration.swift	1abe8a6fbfc3a3d5ed7c022af6ad620c80f2fbf7b55bf88fc64b76c73090c915
build/swiftpm/checkouts/swift-syntax/Sources/SwiftIfConfig/CMakeLists.txt	89ac93551fa9f3cfc96360498ab226d366e5903758209dea118bbff5884968b0
build/swiftpm/checkouts/swift-syntax/Sources/SwiftIfConfig/ConfiguredRegions.swift	59e44236392dd89ff5467763787c8b09344eb1d4fd31555540f3cab76b53e1f2
build/swiftpm/checkouts/swift-syntax/Sources/SwiftIfConfig/IfConfigDecl+IfConfig.swift	f9ac69e090a08c392c427c578584b26b1f14c5a44ba5289b4b8455239f484b27
build/swiftpm/checkouts/swift-syntax/Sources/SwiftIfConfig/IfConfigDiagnostic.swift	ca6582f33a334ed464b0370b8edfb03f2e77023ebcf267b8f2461f35a183fe85
build/swiftpm/checkouts/swift-syntax/Sources/SwiftIfConfig/IfConfigEvaluation.swift	5404ecb0c2d251af8d0dd55050520e125aecdff917b7232166ffca82f5994127
build/swiftpm/checkouts/swift-syntax/Sources/SwiftIfConfig/IfConfigFunctions.swift	70565e38158e28d81abdb999aeb92729a6267f0bccae08d6ebfa2f3a21efbc13
build/swiftpm/checkouts/swift-syntax/Sources/SwiftIfConfig/IfConfigRegionState.swift	91fbd6c176bb4af9278f7ad71640d9fe70464cff480d2a62a7f7a5f1bafbf1c9
build/swiftpm/checkouts/swift-syntax/Sources/SwiftIfConfig/StaticBuildConfiguration.swift	40a3334cc10d4a42018d5309c8553f28b8ee0dcd2058b0ff3e8551994fd18054
build/swiftpm/checkouts/swift-syntax/Sources/SwiftIfConfig/SwiftIfConfig.docc/Info.plist	aca6387c215981ecbb71bfd8f7861f73f7b6ce2e79c7f29247d0ef6e3769e7f2
build/swiftpm/checkouts/swift-syntax/Sources/SwiftIfConfig/SwiftIfConfig.docc/SwiftIfConfig.md	3bfa6f9eeaa88b9466c308d5ef78e9fc7396c757f66538732441a7803f914bdf
build/swiftpm/checkouts/swift-syntax/Sources/SwiftIfConfig/SyntaxLiteralUtils.swift	f008fc8b8f2478e31870ad6fdf2a90bee733674d2f2ebb69d36180b45a09cb1a
build/swiftpm/checkouts/swift-syntax/Sources/SwiftIfConfig/SyntaxProtocol+IfConfig.swift	63509bebcee0d7a113b4ce2361105ddac4500f0f0b7a86a428ad9a612a57df8b
build/swiftpm/checkouts/swift-syntax/Sources/SwiftIfConfig/VersionTuple+Parsing.swift	6ba76cda6711bd74aa3a3759518b2562e4562c407e1a93988d94f9b91e759d93
build/swiftpm/checkouts/swift-syntax/Sources/SwiftIfConfig/VersionTuple.swift	f39582d8a3a0562a64da4b84a8ac1d98d0e8f698d19d90035c1e132dc77eec8d
build/swiftpm/checkouts/swift-syntax/Sources/SwiftLexicalLookup/CMakeLists.txt	fa379054db2c0577969d0274cca30c35bcf3586de6db6e0e5c2ad8710a13cdda
build/swiftpm/checkouts/swift-syntax/Sources/SwiftLexicalLookup/IdentifiableSyntax.swift	ac7b09fea24929b3349843a9fbfb3d6b3367d551ceb54c4a9bb5b96379a48319
build/swiftpm/checkouts/swift-syntax/Sources/SwiftLexicalLookup/LookupConfig.swift	a03f43c5bead40e6c54d899caa6ce92aa6083e42c694718c2ee00d06c23fe23d
build/swiftpm/checkouts/swift-syntax/Sources/SwiftLexicalLookup/LookupName.swift	1ad215c9c5ed28ec5e1596e07d1f00f8aa26ac66c44e796d6dbe8531a9eb585e
build/swiftpm/checkouts/swift-syntax/Sources/SwiftLexicalLookup/LookupResult.swift	fa1a7999fe209e8ecefc525cc92732913d9f37f6859b19a0cf4af8d19d2f4ce0
build/swiftpm/checkouts/swift-syntax/Sources/SwiftLexicalLookup/Scopes/CanInterleaveResultsLaterScopeSyntax.swift	355050b19cd80880a1c3b83c0b9809193bbd8c76495919dbabf204767f1deba3
build/swiftpm/checkouts/swift-syntax/Sources/SwiftLexicalLookup/Scopes/FunctionScopeSyntax.swift	0d25a30888e455ceec1fac1bdd2930c75d21fc5a10f3d4cb8302b8d878cbd015
build/swiftpm/checkouts/swift-syntax/Sources/SwiftLexicalLookup/Scopes/GenericParameterScopeSyntax.swift	8abbaa9c659129a6e3829e917724d92b46a88ef4a8269e597ef770e21b5061a8
build/swiftpm/checkouts/swift-syntax/Sources/SwiftLexicalLookup/Scopes/IntroducingToSequentialParentScopeSyntax.swift	b2ed6e7aaf8377e3dac85f99ba084ab1d842cf70884248e7e5c532d617812ea8
build/swiftpm/checkouts/swift-syntax/Sources/SwiftLexicalLookup/Scopes/LookInMembersScopeSyntax.swift	fd873b23675201d3984e4dc38f867d5833a33ec2a5f203d9e8b49148d64b3a6f
build/swiftpm/checkouts/swift-syntax/Sources/SwiftLexicalLookup/Scopes/NominalTypeDeclSyntax.swift	13cb90ed79243f0eb8a3d84fb04e2d29dce49603776c76732ae623124b8fcaa1
build/swiftpm/checkouts/swift-syntax/Sources/SwiftLexicalLookup/Scopes/ScopeImplementations.swift	61efab58d4492fa22a6a2785fcca1e27719b23878497935f3072a996326bdc1d
build/swiftpm/checkouts/swift-syntax/Sources/SwiftLexicalLookup/Scopes/ScopeSyntax.swift	e0277cb32dc098e976eea09bca9215ea2dee5bf64c0309d76eec9c5355a538bf
build/swiftpm/checkouts/swift-syntax/Sources/SwiftLexicalLookup/Scopes/SequentialScopeSyntax.swift	b9aa55298a31542f65f00a79eb99ad931abf15fe697d61b6038dd9ddc3064ba8
build/swiftpm/checkouts/swift-syntax/Sources/SwiftLexicalLookup/Scopes/WithGenericParametersScopeSyntax.swift	c2f0f306a9e8b78ef7bf8a434e5e62814c443b9c591d42acbde10716f72d3695
build/swiftpm/checkouts/swift-syntax/Sources/SwiftLexicalLookup/SimpleLookupQueries.swift	a503ef0ac2fd204a991338b09d0a45d1fba5442aa0699a9b33a5a8802ca84852
build/swiftpm/checkouts/swift-syntax/Sources/SwiftLexicalLookup/SwiftLexicalLookup.docc/Info.plist	9314cd1324db679b7ec83ce2ec817edb0d9eac61befc73e41eb94ef30b3f51b6
build/swiftpm/checkouts/swift-syntax/Sources/SwiftLexicalLookup/SwiftLexicalLookup.docc/LookupRules.md	c5a9ba57caf2d91f4d7e60a4ed91b964af0f1e61baf4552c698367e5f59c39d0
build/swiftpm/checkouts/swift-syntax/Sources/SwiftLexicalLookup/SwiftLexicalLookup.docc/SwiftLexicalLookup.md	39b7c60987d404d25c67a06850f04c4273ec7e30de9db8014195f0409d2d77c7
build/swiftpm/checkouts/swift-syntax/Sources/SwiftLibraryPluginProvider/CMakeLists.txt	b7ede5b7bc65f7d05407fb36462ca1a6fbced0e158f5e121cb09b1642b2729a0
build/swiftpm/checkouts/swift-syntax/Sources/SwiftLibraryPluginProvider/LibraryPluginProvider.swift	df12d9c616d0c5928088f7c003b8da016c0f5f64fa67419ead55c43aa9025337
build/swiftpm/checkouts/swift-syntax/Sources/SwiftOperators/CMakeLists.txt	7fa87a60d861a5df5ce29a6489e9ec845975a4554aea88bf72cd415a3e913792
build/swiftpm/checkouts/swift-syntax/Sources/SwiftOperators/Operator.swift	a0c900694069a7dab3f0220766d1f46260f03d3b6aaa785a59d98dd890959993
build/swiftpm/checkouts/swift-syntax/Sources/SwiftOperators/OperatorError+Diagnostics.swift	d02f562e4f7ae8d359af78043bf1a4d2aa238d4564e56e2682442b723a80bacc
build/swiftpm/checkouts/swift-syntax/Sources/SwiftOperators/OperatorError.swift	d2d93b53efb2a837b3d103c01be947178863cbe5af5e872171ee1dbca0b47433
build/swiftpm/checkouts/swift-syntax/Sources/SwiftOperators/OperatorTable+Defaults.swift	8e353ff640d4983961579f0f061944591ccf8954a45468da5a81cedfba258bf7
build/swiftpm/checkouts/swift-syntax/Sources/SwiftOperators/OperatorTable+Folding.swift	185e6197c21e1dcd51ad0d6ba80d573ad38047b9d450f3c5642befa9c6dc6c68
build/swiftpm/checkouts/swift-syntax/Sources/SwiftOperators/OperatorTable+Semantics.swift	04cf6e0c713787865f0cc69cc4149445987178dd9adbe44f253312547a6498dc
build/swiftpm/checkouts/swift-syntax/Sources/SwiftOperators/OperatorTable.swift	de36f43c40ebeea6daf23ab4f441ca2c61ee51d7133f5e7f37ec973184206fc2
build/swiftpm/checkouts/swift-syntax/Sources/SwiftOperators/PrecedenceGraph.swift	0868c2f362dfc6ee059a294fbe6b7b34e1b958fb189a1ecff677947044b7175f
build/swiftpm/checkouts/swift-syntax/Sources/SwiftOperators/PrecedenceGroup.swift	feb3c590ec0c518064b84da57244b20cf333e4567febf9d8a1e559e2d65ee311
build/swiftpm/checkouts/swift-syntax/Sources/SwiftOperators/SwiftOperators.docc/Info.plist	cb8a99053ff8e6eb9f0ff6c5539c8590f57717542b5cf0047a0754717aa68024
build/swiftpm/checkouts/swift-syntax/Sources/SwiftOperators/SwiftOperators.docc/SwiftOperators.md	12a7640e9793598f15f399ee081451bc39efb760efc4f26766eb30944ab5f7a2
build/swiftpm/checkouts/swift-syntax/Sources/SwiftOperators/SyntaxSynthesis.swift	01181650a5eaa08210c930eb7f970df7373459f730945cd6c1404be61181cf50
build/swiftpm/checkouts/swift-syntax/Sources/SwiftParser/Attributes.swift	80699f6ad05ab4dec40d81e98089845e1872d809b855e33aaf0425b2a9225697
build/swiftpm/checkouts/swift-syntax/Sources/SwiftParser/Availability.swift	3a35ea27fd0c3ba551129b4c16543f8e80d863b814487f245802d0a94e56f126
build/swiftpm/checkouts/swift-syntax/Sources/SwiftParser/CMakeLists.txt	d0ec5949a008fac2d71095145a411e19064fa10a4b4254d8ac29e4109207bbdd
build/swiftpm/checkouts/swift-syntax/Sources/SwiftParser/CharacterInfo.swift	1a7c3305c70e77abf6fecceaba064d609b8341926dd2821a2ddd0d7a7d4205ce
build/swiftpm/checkouts/swift-syntax/Sources/SwiftParser/CollectionNodes+Parsable.swift	f09d70cb62dd58b2df03230f65f1b08d08a9f5e382453e03e5a205f88bb184e4
build/swiftpm/checkouts/swift-syntax/Sources/SwiftParser/CompilerFiles.swift	3a19c6b632a0ffa478c840ffbd6f20fa3f3cfb101e6db279fdb20755fe287b5d
build/swiftpm/checkouts/swift-syntax/Sources/SwiftParser/Declarations.swift	b7ef9ed30e81021070d1862d736e714cea1eeaee9dea379a51a97a001e558a8b
build/swiftpm/checkouts/swift-syntax/Sources/SwiftParser/Directives.swift	13006434877fdaca80a1747c566c062f00f5371dea4b2c3509c0b9083b461b10
build/swiftpm/checkouts/swift-syntax/Sources/SwiftParser/ExpressionInterpretedAsVersionTuple.swift	a06b597bf6d81032c320ae772cf4511814845bf0a33b67fefebf2938d6a3e2e8
build/swiftpm/checkouts/swift-syntax/Sources/SwiftParser/Expressions.swift	44304a64080388156b673f0025b71b0dc51e7c02d412ce491cb81c67863a9c0f
build/swiftpm/checkouts/swift-syntax/Sources/SwiftParser/IncrementalParseTransition.swift	9e9416626b7dccfa2cbf88f45f452eee6a05be27052e679a7d5d6719c9084d0a
build/swiftpm/checkouts/swift-syntax/Sources/SwiftParser/IsValidIdentifier.swift	a577a0aa5f74ccc7bb252a5329af2c11569c654aeebbe5808690eab50f64ebc8
build/swiftpm/checkouts/swift-syntax/Sources/SwiftParser/Lexer/Cursor.swift	6dd0c8f7f97928ddc84d87be2841d3d542e6666c975d3f5056bb4d61da0a5b2b
build/swiftpm/checkouts/swift-syntax/Sources/SwiftParser/Lexer/Lexeme.swift	5a59949efb2a74767842b595a639da8458774835c8c1c6ad6e09e7c9a9601ad4
build/swiftpm/checkouts/swift-syntax/Sources/SwiftParser/Lexer/LexemeSequence.swift	dffd3598ac333be58bf8adf7afbb8a7a9ebfdfa13f96d687928575cf98bb51d9
build/swiftpm/checkouts/swift-syntax/Sources/SwiftParser/Lexer/Lexer.swift	674c59e7bcda8865b1b910b7d33ae4c179b90b2d363c1812381442c7b09fa181
build/swiftpm/checkouts/swift-syntax/Sources/SwiftParser/Lexer/RegexLiteralLexer.swift	112dbf88c9b0766d11343685f197f00616f22738c36de9dbe91f8534175f2582
build/swiftpm/checkouts/swift-syntax/Sources/SwiftParser/Lexer/UnicodeScalarExtensions.swift	b0caeb17b2282b728c66216116b46fdd6f25d146019bef49b87d24ab1645abbb
build/swiftpm/checkouts/swift-syntax/Sources/SwiftParser/Lookahead.swift	a0ebd0ef87767f5299f9caf31d82f98e04219113bffac8991327eea7af95c057
build/swiftpm/checkouts/swift-syntax/Sources/SwiftParser/LoopProgressCondition.swift	181ab5233ad4396f1053e53a242c5c44de300c76f58a19ebc60b1b873f1374e2
build/swiftpm/checkouts/swift-syntax/Sources/SwiftParser/Modifiers.swift	b138b33b16f82b629c47d0756d0bac7b6c52c6510b20caee60a9015cf0ca4447
build/swiftpm/checkouts/swift-syntax/Sources/SwiftParser/Names.swift	b7c09b07133311cd85cc2983dd24eaad48d3b46c678a073665dd7b2174a6417f
build/swiftpm/checkouts/swift-syntax/Sources/SwiftParser/Nominals.swift	cb98a5800fb20e9aa0b8185f47b8d2ee0dd3439e309cd3ea18e11ad7a14cffd0
build/swiftpm/checkouts/swift-syntax/Sources/SwiftParser/Parameters.swift	74d4ab1cb18a6334c52b964cbd3cb70cd3effd4313a1528ee897ac280e3711cf
build/swiftpm/checkouts/swift-syntax/Sources/SwiftParser/ParseSourceFile.swift	024e7454f13bd1daa6bad2e438028fc9269eedfaf08bd05405e1957cded7017a
build/swiftpm/checkouts/swift-syntax/Sources/SwiftParser/Parser.swift	98f2089c7c3bbaef22680f243498fd095424a6051b44b5b9416962f6630a5e8c
build/swiftpm/checkouts/swift-syntax/Sources/SwiftParser/Patterns.swift	4cc429cb1f20cefd306b6e964d93442aaee421056e71100cbe94ca39d18e9871
build/swiftpm/checkouts/swift-syntax/Sources/SwiftParser/README.md	f9117b0074a501d8caa4f185ca25b28965ec253cc6218d3242fe046243e9100c
build/swiftpm/checkouts/swift-syntax/Sources/SwiftParser/Recovery.swift	d96dd00b055787dd2b5d1e5fd138393f1e6732c60595eca5a2e7ba944940af94
build/swiftpm/checkouts/swift-syntax/Sources/SwiftParser/Specifiers.swift	18a6c07474ef7f24c9684b8659734629578d2f96491fe2f752a825ea91e88cc4
build/swiftpm/checkouts/swift-syntax/Sources/SwiftParser/Statements.swift	5c7db49e8cb4115229c6ed9f87afec0df934332824928207c39087a56c633796
build/swiftpm/checkouts/swift-syntax/Sources/SwiftParser/StringLiteralRepresentedLiteralValue.swift	03f2ad9e0a675f6324fc6ba65eb5a0632dc8e2c802038d9061a77df2b4d14d7c
build/swiftpm/checkouts/swift-syntax/Sources/SwiftParser/StringLiterals.swift	eabe1d615efd53a9df129ed1c0860e21505a5f567eae00920c0cbecd2b3b4ffe
build/swiftpm/checkouts/swift-syntax/Sources/SwiftParser/SwiftParser.docc/Info.plist	34c01364006da0d4abdc52f6bd5ab62874a545229d134871eea382b92df2dba4
build/swiftpm/checkouts/swift-syntax/Sources/SwiftParser/SwiftParser.docc/SwiftParser.md	27383229480c4181a2c9b39bc93eaca3bc09cc474bead06298d6180d13250846
build/swiftpm/checkouts/swift-syntax/Sources/SwiftParser/SwiftParserCompatibility.swift	917e33cd9fbc93d462826dc964ed1d9a19f3b484d0ffbdcf1aca982b1d7f1efc
build/swiftpm/checkouts/swift-syntax/Sources/SwiftParser/SwiftVersion.swift	03a6fe1923281af24f60b85a5fc261f0b4d871a2306bd78038488efa002bcd84
build/swiftpm/checkouts/swift-syntax/Sources/SwiftParser/SyntaxUtils.swift	2acd636507f047b178790d6c349c737cb426f8bdea393e229aa926f5297f8c16
build/swiftpm/checkouts/swift-syntax/Sources/SwiftParser/TokenConsumer.swift	bfb8b08ae8829bd9ae8cd3a5b3c10449ee71d8816f431844b9c05496bb863af2
build/swiftpm/checkouts/swift-syntax/Sources/SwiftParser/TokenPrecedence.swift	6ca125287b1427c4082b41edf143b366e790ae07966d87c998adee5d04a5b5a9
build/swiftpm/checkouts/swift-syntax/Sources/SwiftParser/TokenSpec.swift	76160f35bd6ab571097c956bb723501204ac8621b5eaf5682358b7440fe6c6a7
build/swiftpm/checkouts/swift-syntax/Sources/SwiftParser/TokenSpecSet.swift	9c3ececf6f5eee3086d77d90a71edc1f743a82cd7df047eb80375f23eb48095f
build/swiftpm/checkouts/swift-syntax/Sources/SwiftParser/TopLevel.swift	b6a0fcacbfae5bc747b4876c00e7dcebeb8fed0aee1b04ea59edbed7702aacfc
build/swiftpm/checkouts/swift-syntax/Sources/SwiftParser/TriviaParser.swift	0b594d7a53963226f9f5002684978d8768117bbc712c78ab3b855bc179c2ba21
build/swiftpm/checkouts/swift-syntax/Sources/SwiftParser/Types.swift	2074238a8c7cae9bd00e7b87af316484503c6437255f634b31d901f8aaad89fe
build/swiftpm/checkouts/swift-syntax/Sources/SwiftParser/generated/ExperimentalFeatures.swift	9a0d99e27319f84af206b8a87a489373cdce30b33c5f2b326f04c8511eb3f985
build/swiftpm/checkouts/swift-syntax/Sources/SwiftParser/generated/IsLexerClassified.swift	e0de1622fcd687b0a2cb4cf58c31350c7d0be8c3c8f35dc8f7f091eb4c39bb30
build/swiftpm/checkouts/swift-syntax/Sources/SwiftParser/generated/LayoutNodes+Parsable.swift	ee7236845c1a48dae0b12f9bcfb241500460be607f0f53ae09c261d9b23c0719
build/swiftpm/checkouts/swift-syntax/Sources/SwiftParser/generated/Parser+TokenSpecSet.swift	e3e9f25e02721e01d0b59fbb491a61c7279b771e3bd9b58a4cb2a37a7965c3f2
build/swiftpm/checkouts/swift-syntax/Sources/SwiftParser/generated/TokenSpecStaticMembers.swift	52709f974b20381380be54dfc13a8532edbb03abefb5fe32c9deea063aa0d0a3
build/swiftpm/checkouts/swift-syntax/Sources/SwiftParserDiagnostics/CMakeLists.txt	984d7c901bbd3ee0c6a8f801177d0c17af52c6f38f15f05666feb9cf98d235df
build/swiftpm/checkouts/swift-syntax/Sources/SwiftParserDiagnostics/DiagnosticExtensions.swift	0bb6349568add8bbbb32346a97596e9d9a4f6b59e898494164d23e11799ffe67
build/swiftpm/checkouts/swift-syntax/Sources/SwiftParserDiagnostics/LexerDiagnosticMessages.swift	fc69b159e4cb3189d014be8064f83619b8ff0f31c3f19a649001ef0146aba118
build/swiftpm/checkouts/swift-syntax/Sources/SwiftParserDiagnostics/MissingNodesError.swift	dfe3ba80e5aba85b438e2eefac074d629cc365aff6da099dbd4f7f288db9b755
build/swiftpm/checkouts/swift-syntax/Sources/SwiftParserDiagnostics/MissingTokenError.swift	675d2e0b0500f54eabf63d5e700d0dbfa3430c05ede13b0137cb9c7ef070a432
build/swiftpm/checkouts/swift-syntax/Sources/SwiftParserDiagnostics/MultiLineStringLiteralDiagnosticsGenerator.swift	d391e608861982f0e810ea1bb6b1d08a2d9d55e691c5fe37d56e6c7b4a049e0b
build/swiftpm/checkouts/swift-syntax/Sources/SwiftParserDiagnostics/ParseDiagnosticsGenerator.swift	90a697ae64c741c40229f0b28d329b8da958cf2a302e520a0778c82ec7114001
build/swiftpm/checkouts/swift-syntax/Sources/SwiftParserDiagnostics/ParserDiagnosticMessages.swift	3118b26417db35481f7f84f70f436130893bead613f3f4ac809d24f163e34983
build/swiftpm/checkouts/swift-syntax/Sources/SwiftParserDiagnostics/PresenceUtils.swift	164f086f02ea16e0d289c0d2699bbe37c85f1b39640d9da898679d41f0505790
build/swiftpm/checkouts/swift-syntax/Sources/SwiftParserDiagnostics/SyntaxExtensions.swift	d14782e58e1d3850244de591f3c39f5d644eb0173d88af31738b46db02d3cecc
build/swiftpm/checkouts/swift-syntax/Sources/SwiftParserDiagnostics/Utils.swift	e5f3448886b9f591cc4051664a6c3ef36770ed335a8d9180b18e4a6dd67211d3
build/swiftpm/checkouts/swift-syntax/Sources/SwiftParserDiagnostics/generated/ChildNameForDiagnostics.swift	33a39b4750a8091421217f5ea5bc2e7439058c1eb25750ac335f0c138a844fab
build/swiftpm/checkouts/swift-syntax/Sources/SwiftParserDiagnostics/generated/SyntaxKindNameForDiagnostics.swift	0b17cec5f76cec6a6aeb675d972bdf93cdc95f841a4fabc424c82fde0d14d4c5
build/swiftpm/checkouts/swift-syntax/Sources/SwiftParserDiagnostics/generated/TokenNameForDiagnostics.swift	c1cfa44c86b333433084499a35ab3139333fff3f8fdce468fc8d564070d65715
build/swiftpm/checkouts/swift-syntax/Sources/SwiftRefactor/AddSeparatorsToIntegerLiteral.swift	a86fa61c14187125d4051ed6a6ed86add457a7cf888960096ad1c88a0e5bd295
build/swiftpm/checkouts/swift-syntax/Sources/SwiftRefactor/CMakeLists.txt	1ae111ab1f9acb263849309c99d8e8fd769491812fa5bc3a5295565a0c20a7ea
build/swiftpm/checkouts/swift-syntax/Sources/SwiftRefactor/CallLikeSyntax.swift	7f90f63854e7dbc4d13d67a8e5c6ea1ffe64330b226a28603e5aaa0d75c08ffc
build/swiftpm/checkouts/swift-syntax/Sources/SwiftRefactor/CallToTrailingClosures.swift	53265d1542057eee677be73260b4461d6f965813781f2b6c146f4ba0637173b4
build/swiftpm/checkouts/swift-syntax/Sources/SwiftRefactor/ConvertComputedPropertyToStored.swift	acf295dea67bc4d3902da1ac15b36c99d413894fa07756820d6dcd41b2fffa5e
build/swiftpm/checkouts/swift-syntax/Sources/SwiftRefactor/ConvertComputedPropertyToZeroParameterFunction.swift	9fb3bfe93575345d0dd39655a9848040f4f3fcb2de9561331d828fd89fd6e253
build/swiftpm/checkouts/swift-syntax/Sources/SwiftRefactor/ConvertStoredPropertyToComputed.swift	2ee041d1cfbe31cad7251086480c5529549fd90e30737ab5b63018e32480e1fe
build/swiftpm/checkouts/swift-syntax/Sources/SwiftRefactor/ConvertZeroParameterFunctionToComputedProperty.swift	82070777f64d746ac1e3e7a51fde62cabb847729c9b4c3d754bbc73c01b84f00
build/swiftpm/checkouts/swift-syntax/Sources/SwiftRefactor/ExpandEditorPlaceholder.swift	989b5d53f050074ad31c6b63f6842b9ab238259bc128601ad9e359d61e9d6e26
build/swiftpm/checkouts/swift-syntax/Sources/SwiftRefactor/FormatRawStringLiteral.swift	5fffc4611d7ac2ecf6e1f7f5910b34fd8e74cdf35ae2a581373958f4d98c118a
build/swiftpm/checkouts/swift-syntax/Sources/SwiftRefactor/IntegerLiteralUtilities.swift	8414030ba70b490f3e7f46caa38a675c95993cbbf8080320ab11a992ebb27477
build/swiftpm/checkouts/swift-syntax/Sources/SwiftRefactor/MigrateToNewIfLetSyntax.swift	f32b1fd190d3fd53e4219ff2d9fc6b9249e770640dfb6254dfdc1b3460f1d1f8
build/swiftpm/checkouts/swift-syntax/Sources/SwiftRefactor/OpaqueParameterToGeneric.swift	bacc238181a793a72ef906e9126c11e01f772b0ac17c02c563298fbb6c60f515
build/swiftpm/checkouts/swift-syntax/Sources/SwiftRefactor/PackageManifest/AddPackageDependency.swift	a4ca1edd5407e390d35e6f6fea78092592ed94e27a44d5062a6e3e8fc9f33536
build/swiftpm/checkouts/swift-syntax/Sources/SwiftRefactor/PackageManifest/AddPackageTarget.swift	b0573a8c42859ea6cfecdb96e21ee71cc152b1a1f1d0e9aedd1e175e9dd0e458
build/swiftpm/checkouts/swift-syntax/Sources/SwiftRefactor/PackageManifest/AddPluginUsage.swift	9684d50aa47feeffcf464933842dfb572ad8d89a26df01efb74117745ef6e49f
build/swiftpm/checkouts/swift-syntax/Sources/SwiftRefactor/PackageManifest/AddProduct.swift	874de2797071f9940b912c04ad1ec7a2d1bc89d7f803a9c5fc224598054e8092
build/swiftpm/checkouts/swift-syntax/Sources/SwiftRefactor/PackageManifest/AddSwiftSetting.swift	0ff1e3a8e8e993bd59b2af8dd68f70845c2ece29d5906743b03cd0306d1389bf
build/swiftpm/checkouts/swift-syntax/Sources/SwiftRefactor/PackageManifest/AddTargetDependency.swift	d8c03f36f60447fa134a4702ff07c739a1aa6529fbcc3c52dfa08101ff4549fc
build/swiftpm/checkouts/swift-syntax/Sources/SwiftRefactor/PackageManifest/ManifestEditError.swift	3a19d8f2fe343862039d107471f48de9a3b6d9689f73e7e151a2361c73fee527
build/swiftpm/checkouts/swift-syntax/Sources/SwiftRefactor/PackageManifest/ManifestSyntaxRepresentable.swift	cd88b6fad43185be8bba0b2bcc1aeb247f8896a4140d2b3c9205b786f247c283
build/swiftpm/checkouts/swift-syntax/Sources/SwiftRefactor/PackageManifest/PackageDependency.swift	1b896016dd4b73dbbae0d8107ca4c125ceb9f600d4edb10cb47f56a2a6aca083
build/swiftpm/checkouts/swift-syntax/Sources/SwiftRefactor/PackageManifest/PackageTarget.swift	3d56c59d6b532fb3486373f2ba0a84cf68b75e90cb071d3a363bcfae66aaa0e5
build/swiftpm/checkouts/swift-syntax/Sources/SwiftRefactor/PackageManifest/ProductDescription.swift	5bab026eb7735173668f42f1330eb2ea18b2c5a03b7dc0be33acfa420558d3c3
build/swiftpm/checkouts/swift-syntax/Sources/SwiftRefactor/PackageManifest/StringUtils.swift	e2826f55c85771e8ae08842a6d9c61f9424fdb17ec5c31b45e2388de1fd84307
build/swiftpm/checkouts/swift-syntax/Sources/SwiftRefactor/PackageManifest/SyntaxEditUtils.swift	75d3ae11b7e41cc37e3d6f7760c9123f23d62875cca47afc59a8e322b71daa4e
build/swiftpm/checkouts/swift-syntax/Sources/SwiftRefactor/RefactoringProvider.swift	8f433a4c4f575984b8487c871218eac20a1d0479a90ed10a2c4aa4fef8a96de9
build/swiftpm/checkouts/swift-syntax/Sources/SwiftRefactor/RemoveSeparatorsFromIntegerLiteral.swift	af1cd3c968dfe16135f69455b38304da87846f2b80c29aa7cd42ee597e2ab35b
build/swiftpm/checkouts/swift-syntax/Sources/SwiftRefactor/SyntaxUtils.swift	f87b383542fed9e340e0127b3a2766258d2c178d98d83936cec150d88fe10383
build/swiftpm/checkouts/swift-syntax/Sources/SwiftSyntax-all/empty.swift	5a99075155d5e14b1f3737cf8227ded12b8fec2408778f7c063c5024448a03f8
build/swiftpm/checkouts/swift-syntax/Sources/SwiftSyntax/AbsolutePosition.swift	0892d2021e7dbf66955028f3726e2a3255914b80b48f20e35e60d85189a5c6d7
build/swiftpm/checkouts/swift-syntax/Sources/SwiftSyntax/AbsoluteSyntaxInfo.swift	5176b885b8ac27320e741065e23b6390a72f4063e5caeeb4b113f605612e1be3
build/swiftpm/checkouts/swift-syntax/Sources/SwiftSyntax/ArenaAllocatedBuffer.swift	aaa3a816a2b09641a01810cd98924c9e36eec8430ea9ee9412a5d36d9334ec3b
build/swiftpm/checkouts/swift-syntax/Sources/SwiftSyntax/Assert.swift	b310fb2a7bac5608f7e35ada9721765fcfddb38f033031cb11c67e3f6650e985
build/swiftpm/checkouts/swift-syntax/Sources/SwiftSyntax/BumpPtrAllocator.swift	bb254e442cded9f6760be5696afa8fdce06d9acda98f5278d7c152c7fcfe798d
build/swiftpm/checkouts/swift-syntax/Sources/SwiftSyntax/CMakeLists.txt	1e4d57baf3414e7062b152ea6bd56c694d13c1bcdd284f69c73b8702badc29bc
build/swiftpm/checkouts/swift-syntax/Sources/SwiftSyntax/CommonAncestor.swift	3a5997ed7212715beb307f6babfc03ae0d94648959022e315bc820625d7b59f8
build/swiftpm/checkouts/swift-syntax/Sources/SwiftSyntax/Convenience.swift	105afc6c945fe6930faa494994a3cf068d27f9e8e2d3ab4e635f23e7741492ee
build/swiftpm/checkouts/swift-syntax/Sources/SwiftSyntax/CustomTraits.swift	0d5434c76d9abd63a660ff5f5eb29ca7ba80f273b17811c5a53c7ec1a54cc575
build/swiftpm/checkouts/swift-syntax/Sources/SwiftSyntax/Documentation.docc/Glossary.md	5d482f836393e74fea5a934c49d2d46509d9d113bb3ecc891215ce986f33ac66
build/swiftpm/checkouts/swift-syntax/Sources/SwiftSyntax/Documentation.docc/Info.plist	23671f6091e205629e3465d943b699a7e89545df2f414246eca694e5ec9b8f4e
build/swiftpm/checkouts/swift-syntax/Sources/SwiftSyntax/Documentation.docc/Macro Versioning.md	ca8f0eb9ce10a031a03699313ff51ac96a998e92327887bdb0bae45727d9f630
build/swiftpm/checkouts/swift-syntax/Sources/SwiftSyntax/Documentation.docc/RawSyntaxValidation.md	5eb415a0a491d07831f7a5a4a5f5335785ff4f35848c3284bed463354242549e
build/swiftpm/checkouts/swift-syntax/Sources/SwiftSyntax/Documentation.docc/Resources/Formatter.step1.swift	5bb2f8234a71c1bc255ab1befb1ca0f2a75d55a023dd99e1a6696a1cfd10da81
build/swiftpm/checkouts/swift-syntax/Sources/SwiftSyntax/Documentation.docc/Resources/Formatter.step10.swift	0ece63729824564b6668d6e193342381512cf06ba021eba877e24cf9eb796dd1
build/swiftpm/checkouts/swift-syntax/Sources/SwiftSyntax/Documentation.docc/Resources/Formatter.step11.swift	2521929239f48a577dcd1a3dedfa9ac3e16e19655f4d908ef80355ccd46d7910
build/swiftpm/checkouts/swift-syntax/Sources/SwiftSyntax/Documentation.docc/Resources/Formatter.step2.swift	61d51188891b8585bda0edd6e892f7b83ce7bedd199fc301e9037d8342ba5778
build/swiftpm/checkouts/swift-syntax/Sources/SwiftSyntax/Documentation.docc/Resources/Formatter.step3.swift	d2717cc9fcdd8cc7323ed5c591a39722fbcb98ec1b2405c6cbd7313f10081c4e
build/swiftpm/checkouts/swift-syntax/Sources/SwiftSyntax/Documentation.docc/Resources/Formatter.step4.swift	a5f60846a2f26c52cf184c294a45e314d9c1f4d4d9cddcb24cae3ce89350988d
build/swiftpm/checkouts/swift-syntax/Sources/SwiftSyntax/Documentation.docc/Resources/Formatter.step5.swift	31cf6c603650ca80ad2a73f4d1dc686560bc3c8b2b46d93f32f3f269c338302d
build/swiftpm/checkouts/swift-syntax/Sources/SwiftSyntax/Documentation.docc/Resources/Formatter.step6.swift	90dd671d8e82ff41223405028367d0205a10b575f000e4c8e9629984b650a715
build/swiftpm/checkouts/swift-syntax/Sources/SwiftSyntax/Documentation.docc/Resources/Formatter.step7.swift	5c5eab857fcbeb49ae5071571eeef329e0d574b770adc178458fd63a1cfbda43
build/swiftpm/checkouts/swift-syntax/Sources/SwiftSyntax/Documentation.docc/Resources/Formatter.step8.swift	e296d92314152ed6c7f4ac42f85c61876a3cac6ae303533b4bdf06da7b877db8
build/swiftpm/checkouts/swift-syntax/Sources/SwiftSyntax/Documentation.docc/Resources/Formatter.step9.swift	c6e9a4dc40772195a78b3626f198fb20f37fd7a0fcebc4fdfd6258afab962db1
build/swiftpm/checkouts/swift-syntax/Sources/SwiftSyntax/Documentation.docc/Resources/Package.step1.swift	51493b16a1bc292a250acf0f959d935f5fbf2b5516215ea2dfb06f87109ef74f
build/swiftpm/checkouts/swift-syntax/Sources/SwiftSyntax/Documentation.docc/Resources/Package.step2.swift	6a9445248c6cd2a42204edf842d5bc391399038451cb013700f40754be28f96d
build/swiftpm/checkouts/swift-syntax/Sources/SwiftSyntax/Documentation.docc/Resources/Package.step3.swift	8acbfc4ed4f907d49ea789ff9ce6abd4fb03c9933f7704326d3f2fd2a16b8b47
build/swiftpm/checkouts/swift-syntax/Sources/SwiftSyntax/Documentation.docc/Resources/Package.step4.swift	f032247bfddf34bf9e912ffb885c2ebf8f90accbff6ef7d4c0753122cd5edbba
build/swiftpm/checkouts/swift-syntax/Sources/SwiftSyntax/Documentation.docc/Resources/Package.step5.swift	5293ec49985d24a33da074dd0ee09249791d0f7f3712609a6537edfa9b19f184
build/swiftpm/checkouts/swift-syntax/Sources/SwiftSyntax/Documentation.docc/Resources/importformatter-package-project.png	381506d855a368550f65a4e5a79950d8200d46e526e6f4ca982b2834d96e964d
build/swiftpm/checkouts/swift-syntax/Sources/SwiftSyntax/Documentation.docc/Resources/swift-syntax.png	392837b8d65ecf0905f9b399f8d4e887e867507e61533fa6d91cc987518bf8c8
build/swiftpm/checkouts/swift-syntax/Sources/SwiftSyntax/Documentation.docc/Resources/swift-syntax@2x.png	392837b8d65ecf0905f9b399f8d4e887e867507e61533fa6d91cc987518bf8c8
build/swiftpm/checkouts/swift-syntax/Sources/SwiftSyntax/Documentation.docc/Tutorials/SwiftSyntax By Example.tutorial	8e0fb604905c1635c650e9dff50911c9814d9495e157d86dd4c243f7aea277f7
build/swiftpm/checkouts/swift-syntax/Sources/SwiftSyntax/Documentation.docc/Tutorials/Tutorial Table of Contents.tutorial	094cc3d8c73ec633dea1f81e8b9d2f7bf73530a50769bf0af7fbb80de7072067
build/swiftpm/checkouts/swift-syntax/Sources/SwiftSyntax/Documentation.docc/Working with SwiftSyntax.md	259d0350cd8f6dd6dd1d089316d4c741007c385a99828d833409de195701357c
build/swiftpm/checkouts/swift-syntax/Sources/SwiftSyntax/Documentation.docc/generated/SwiftSyntax.md	5ad27f49fd77389e71731926c403e71737be24723ad549e6d476c3a83f6dfb06
build/swiftpm/checkouts/swift-syntax/Sources/SwiftSyntax/EditorPlaceholder.swift	0853de4bdb179ea382403c1ac397e9b54eecced167a8ff6aa8f159c155357a56
build/swiftpm/checkouts/swift-syntax/Sources/SwiftSyntax/Identifier.swift	480b253ac2445ca32eb6687fb284c326732d1f5f41fa91848db7a6185baf7dae
build/swiftpm/checkouts/swift-syntax/Sources/SwiftSyntax/MemoryLayout.swift	0e67c6505b8621cd53d54dd8a822a0a907634ebdb023a520b78e824b33f855f0
build/swiftpm/checkouts/swift-syntax/Sources/SwiftSyntax/MissingNodeInitializers.swift	b2fd34ec13b1289fef71d0a790b894c36e2ab4f9c3568039ac7888e89bf323a4
build/swiftpm/checkouts/swift-syntax/Sources/SwiftSyntax/Raw/RawSyntax.swift	c8f4e74d106cb3040292bb94a5e7b937e5a7ea8dd5831550b2087a9f8ddf8b65
build/swiftpm/checkouts/swift-syntax/Sources/SwiftSyntax/Raw/RawSyntaxArena.swift	a690a1dbc3a656124195d4c2cc21c95c840526147472535376da8e97494701e0
build/swiftpm/checkouts/swift-syntax/Sources/SwiftSyntax/Raw/RawSyntaxLayoutView.swift	ffa2f42a689b9101343031b958cadbe4fd09dc3018d14e4e06f3c4054fd94f33
build/swiftpm/checkouts/swift-syntax/Sources/SwiftSyntax/Raw/RawSyntaxNodeProtocol.swift	0bde76394a202c6538c7bae62671ace855e4d096caf40129cde3cb29f31099eb
build/swiftpm/checkouts/swift-syntax/Sources/SwiftSyntax/Raw/RawSyntaxTokenView.swift	9bd32b5e1ccde36c0e9c803ad5e94aaaff37d76aa4d2163ea6311f2031b39228
build/swiftpm/checkouts/swift-syntax/Sources/SwiftSyntax/SourceEdit.swift	932121011eeebd456492ba54899636fa5fe47caee1074b0b7e6c8889a6448f95
build/swiftpm/checkouts/swift-syntax/Sources/SwiftSyntax/SourceLength.swift	16c025aaac9ead07486544fdc9df7bc34fce8aaaf9b52f146bf182fc74a1280b
build/swiftpm/checkouts/swift-syntax/Sources/SwiftSyntax/SourceLocation.swift	82db049bae6b38141140de5c6a10364aacfab1b189d83f3cb7eca7a2190d159e
build/swiftpm/checkouts/swift-syntax/Sources/SwiftSyntax/SourcePresence.swift	a4f16f5bfd00869102fc37075e657c554edab296bc3c0293b47acf4560f544c5
build/swiftpm/checkouts/swift-syntax/Sources/SwiftSyntax/SwiftSyntaxCompatibility.swift	c321b8eec6276c38a92f19e3d593db95a6248d1c8fdddddb1fe79b1fa22d5e01
build/swiftpm/checkouts/swift-syntax/Sources/SwiftSyntax/Syntax.swift	e96fc56dcddc04779f2261e59482a21280e06e891284736ad599b698bbcad6b0
build/swiftpm/checkouts/swift-syntax/Sources/SwiftSyntax/SyntaxChildren.swift	318d18b10a79bdb931e96b501febd63fd59f27354ffb365422df95559a68c7b4
build/swiftpm/checkouts/swift-syntax/Sources/SwiftSyntax/SyntaxCollection.swift	56ddab94053444d19813a7d917f2f9b3f3fb07f6998eaec9d4cd49257b7d51f4
build/swiftpm/checkouts/swift-syntax/Sources/SwiftSyntax/SyntaxHashable.swift	80222af0cb65fb8919373897ea5799fd7f1382ad40d68fdf95746a2c40210a62
build/swiftpm/checkouts/swift-syntax/Sources/SwiftSyntax/SyntaxIdentifier.swift	5a7e18bd3037cfdab8bbf6f153360081bf4ec6d3b7bba784253d7b10685d0ae1
build/swiftpm/checkouts/swift-syntax/Sources/SwiftSyntax/SyntaxNodeStructure.swift	8cb13869a46985ecadbdf32e18ca96942a51df96573deece35517e5020b7e91a
build/swiftpm/checkouts/swift-syntax/Sources/SwiftSyntax/SyntaxProtocol.swift	d1900bc8ac78abe7b560c0b400f682c39e90971619c281139f391e7a7ec89fe5
build/swiftpm/checkouts/swift-syntax/Sources/SwiftSyntax/SyntaxText.swift	7e4f28e77e8828bf5160b3412dea3f54077f0be199379d815534df63d4c10085
build/swiftpm/checkouts/swift-syntax/Sources/SwiftSyntax/SyntaxTreeViewMode.swift	61dd806faa4910c39c6cdfd99927e66854501f70804bd50b206e37815a61d186
build/swiftpm/checkouts/swift-syntax/Sources/SwiftSyntax/TokenDiagnostic.swift	db9ad44cfa0707d58273f1fd65920a53d9dd1f16850f1c45083466eb28f9b75a
build/swiftpm/checkouts/swift-syntax/Sources/SwiftSyntax/TokenSequence.swift	41387986cb243265dcd264dcb62132a5023d53f8eba050d2e9e0f732644565d4
build/swiftpm/checkouts/swift-syntax/Sources/SwiftSyntax/TokenSyntax.swift	de7f422249a7e038559bdaccbd9f807134a7b2f7d170d1dd5dc3a71eef693501
build/swiftpm/checkouts/swift-syntax/Sources/SwiftSyntax/Trivia.swift	e8134f35f6577653700594ab6f8a3a689e1bf1d95fac2ffb1cf471a17bcb3b48
build/swiftpm/checkouts/swift-syntax/Sources/SwiftSyntax/Utils.swift	e48295d6078c671267ccd1e6171f2bb9516ebbc98b3971d0d2c29de213678e6e
build/swiftpm/checkouts/swift-syntax/Sources/SwiftSyntax/generated/ChildNameForKeyPath.swift	ac1d670c8caea8f3b9f4a5d80133af807a004a59fbc8e6249337e68d6c62bf40
build/swiftpm/checkouts/swift-syntax/Sources/SwiftSyntax/generated/Keyword.swift	35fb8a9bab2c4a92c6bd4588bb99faf3a0cc9f6c0cbced473e0cbe40cfe3de02
build/swiftpm/checkouts/swift-syntax/Sources/SwiftSyntax/generated/RenamedChildrenCompatibility.swift	425dc41920636d3eb2cbc50d53967d184745f9a82bdc4fdbab9187f2ef4b1a64
build/swiftpm/checkouts/swift-syntax/Sources/SwiftSyntax/generated/RenamedNodesCompatibility.swift	c459397a4c36a674b50f634e9d67fa8977e811d53567fa64596affacc1ea6bee
build/swiftpm/checkouts/swift-syntax/Sources/SwiftSyntax/generated/SyntaxAnyVisitor.swift	a431ef7cda6f3b038c98b034e51a3c4916174c0a0563cf7f7906264d1d00d2a4
build/swiftpm/checkouts/swift-syntax/Sources/SwiftSyntax/generated/SyntaxBaseNodes.swift	dbd17d74c18180bc3bf9bd4613e419aeb6e0e12b37a827e6a43717dc4d8152f4
build/swiftpm/checkouts/swift-syntax/Sources/SwiftSyntax/generated/SyntaxCollections.swift	2c586ff4213bc3432bb3554cb30de54c59dfceb28905ea330a8227f1489b7f73
build/swiftpm/checkouts/swift-syntax/Sources/SwiftSyntax/generated/SyntaxEnum.swift	f206747f91475a5a97eb8ca45365259d1b67e232e141f71734d5cced30d31483
build/swiftpm/checkouts/swift-syntax/Sources/SwiftSyntax/generated/SyntaxKind.swift	74ec03ffffcb5f6a440a42c3fb0664c98e096a39002b50acac224ab1ef6b6e56
build/swiftpm/checkouts/swift-syntax/Sources/SwiftSyntax/generated/SyntaxRewriter.swift	d8b62c3398a8833d36dceff5ea22a564980c8db63b060b7ffc6fef1e350b4656
build/swiftpm/checkouts/swift-syntax/Sources/SwiftSyntax/generated/SyntaxTraits.swift	b35cb25ce6f3fd297d03b12891cd695156f90a3077093502665a9d1fcff5164f
build/swiftpm/checkouts/swift-syntax/Sources/SwiftSyntax/generated/SyntaxVisitor.swift	4596282cda95dca205563aca8458e296b1f2f52e6e55353ef60ac7c5b5723b6b
build/swiftpm/checkouts/swift-syntax/Sources/SwiftSyntax/generated/TokenKind.swift	227391168c61f2af43aac452b2973428db7a0bfa2f4f3d0234d85b742c41083f
build/swiftpm/checkouts/swift-syntax/Sources/SwiftSyntax/generated/Tokens.swift	80bbb1b19fc78c0f97a919bb938e85ad2ac97a93ddca12d4034841834e4c3b5e
build/swiftpm/checkouts/swift-syntax/Sources/SwiftSyntax/generated/TriviaPieces.swift	9e9b71275555458543056c037c5d6b67e293b60518f816eaf0e5b239e78b54a3
build/swiftpm/checkouts/swift-syntax/Sources/SwiftSyntax/generated/raw/RawSyntaxNodesAB.swift	7871f2614c52d1bede788f6b4460ca48f7929bfab475605ca8ccfe3286f91f1a
build/swiftpm/checkouts/swift-syntax/Sources/SwiftSyntax/generated/raw/RawSyntaxNodesC.swift	0a645f62f2c8699fc43be9d35e772cd0d918233e8f1c093bd5010c94c21aaad0
build/swiftpm/checkouts/swift-syntax/Sources/SwiftSyntax/generated/raw/RawSyntaxNodesD.swift	cf611804b20e6e5f55e440376c00ce98c8f64f3b585bf31f8655c78c9307b56f
build/swiftpm/checkouts/swift-syntax/Sources/SwiftSyntax/generated/raw/RawSyntaxNodesEF.swift	e3fcfdfa1e00a7a76a40c8006ad606bb25fe95bd8366b857160a0919f6cdc0ed
build/swiftpm/checkouts/swift-syntax/Sources/SwiftSyntax/generated/raw/RawSyntaxNodesGHI.swift	2351578be0561955dd4d31c7ffb67cff0f68a42cc3b18b49ef402dea1ed6f12d
build/swiftpm/checkouts/swift-syntax/Sources/SwiftSyntax/generated/raw/RawSyntaxNodesJKLMN.swift	cb2702ff9d7a7b37431350eff9aab8c9d943d9d308d3a24452b39fba919be615
build/swiftpm/checkouts/swift-syntax/Sources/SwiftSyntax/generated/raw/RawSyntaxNodesOP.swift	71f5268e3480d05a85c3c1b0d09f48ef3c7d5f175fb06574326b0aaf0c5e10bb
build/swiftpm/checkouts/swift-syntax/Sources/SwiftSyntax/generated/raw/RawSyntaxNodesQRS.swift	2a06d90b5fe94f0c9262c7405e19655924474da6982f683832da9d98f07ba3a8
build/swiftpm/checkouts/swift-syntax/Sources/SwiftSyntax/generated/raw/RawSyntaxNodesTUVWXYZ.swift	49cee29b0dcc304968ff1f1c93c87e46db3a9b5164f41fea8ad0cda9d15dd7ee
build/swiftpm/checkouts/swift-syntax/Sources/SwiftSyntax/generated/raw/RawSyntaxValidation.swift	a45690aea985bce4edfd6f6e5e31a128d6abb2460e468e61e72659cc435305ff
build/swiftpm/checkouts/swift-syntax/Sources/SwiftSyntax/generated/syntaxNodes/SyntaxNodesAB.swift	fe893e6af742b5dfb3bcc755d7e4a29bac62aa0a329b92cb9cf5a2c4c158e2ed
build/swiftpm/checkouts/swift-syntax/Sources/SwiftSyntax/generated/syntaxNodes/SyntaxNodesC.swift	d3c4e4b91e6dff5d359c6f803d592fe9e1eaa58d84e0d39dd16d761a199871ab
build/swiftpm/checkouts/swift-syntax/Sources/SwiftSyntax/generated/syntaxNodes/SyntaxNodesD.swift	223ce503ae47fc622622fd0699a0180dd345f2d4eba568d9d6c3b0d9bf12f593
build/swiftpm/checkouts/swift-syntax/Sources/SwiftSyntax/generated/syntaxNodes/SyntaxNodesEF.swift	226d3e5d0654a51b6f6ae468830e54b791218b3d60a38ace2437da02aa5776e6
build/swiftpm/checkouts/swift-syntax/Sources/SwiftSyntax/generated/syntaxNodes/SyntaxNodesGHI.swift	c6ac86749390c8f3547afa64d1af555b646d888f98ab75c774eff5f79c93718d
build/swiftpm/checkouts/swift-syntax/Sources/SwiftSyntax/generated/syntaxNodes/SyntaxNodesJKLMN.swift	b787d7b7aa180cbe29b31beb73670780f30463f3b8be27ac1b5c455c4e8dee81
build/swiftpm/checkouts/swift-syntax/Sources/SwiftSyntax/generated/syntaxNodes/SyntaxNodesOP.swift	1b4e1c0b4ad17b3b5eea62f8e64f6b184a0260335b4cad90aa912af2bbe338dc
build/swiftpm/checkouts/swift-syntax/Sources/SwiftSyntax/generated/syntaxNodes/SyntaxNodesQRS.swift	9fcaf78db3996cfd52475e1a40aab86c5bcbcc1737101e71032983cdce11344b
build/swiftpm/checkouts/swift-syntax/Sources/SwiftSyntax/generated/syntaxNodes/SyntaxNodesTUVWXYZ.swift	a5098d0bcdb12f7b5c9a57f96179eab6e5bee9ad180ed23b69b4f0011ba3b2a5
build/swiftpm/checkouts/swift-syntax/Sources/SwiftSyntaxBuilder/CMakeLists.txt	016a1aff1ad9f4f4885a67e21e4d044bb699a5e9b4c5a9264d7b9cfbd9995ed8
build/swiftpm/checkouts/swift-syntax/Sources/SwiftSyntaxBuilder/ConvenienceInitializers.swift	af2054f3da75dc9f7a1be2b1c8bc0433a088da2f82f66b28b2fa7eb83c15fe74
build/swiftpm/checkouts/swift-syntax/Sources/SwiftSyntaxBuilder/DeclSyntaxParseable.swift	e1a5328681d23541a06ef063de855dc176639983ff9692a0a52b18b99ecbc143
build/swiftpm/checkouts/swift-syntax/Sources/SwiftSyntaxBuilder/Documentation.docc/Index.md	a08831c4221eb7a1b80dde60e63ae94c0b226d53341d76a4cdf1489ff93464f9
build/swiftpm/checkouts/swift-syntax/Sources/SwiftSyntaxBuilder/Indenter.swift	3e0c6e58be1be61813162f30e7975c781f4b5176078411ef746c3915bc772759
build/swiftpm/checkouts/swift-syntax/Sources/SwiftSyntaxBuilder/ListBuilder.swift	4986582bb49240c4af3ec1722f129a5da362524137cfaf63a1b2be000027ecee
build/swiftpm/checkouts/swift-syntax/Sources/SwiftSyntaxBuilder/ResultBuilderExtensions.swift	c69dfe4843321ef4f162f7721b5cedd64e6203d9049614faf9904edb8665d9d1
build/swiftpm/checkouts/swift-syntax/Sources/SwiftSyntaxBuilder/SwiftSyntaxBuilderCompatibility.swift	4a580c57bce694440ef2719e60a344ec4f1595bc584467dec37811cbf4747528
build/swiftpm/checkouts/swift-syntax/Sources/SwiftSyntaxBuilder/Syntax+StringInterpolation.swift	977419d00727d3889c568aa3b3f82a5107f781dc16a9e9019a309b6deee24a02
build/swiftpm/checkouts/swift-syntax/Sources/SwiftSyntaxBuilder/SyntaxNodeWithBody.swift	08ff436761347f4ca5e8cf6bb923c6273f2f2c1f45f95364c8dd3ce5c69bddc9
build/swiftpm/checkouts/swift-syntax/Sources/SwiftSyntaxBuilder/SyntaxParsable+ExpressibleByStringInterpolation.swift	e4a9a1a6af34dfd22de3c2c5ce73d27cafd3f75a0d5cae4febbc6eb8b45ac4af
build/swiftpm/checkouts/swift-syntax/Sources/SwiftSyntaxBuilder/ValidatingSyntaxNodes.swift	86b9ce0c1fef14db4dd050294b8996a0f565d7b6c8e37f664937affc3348c94a
build/swiftpm/checkouts/swift-syntax/Sources/SwiftSyntaxBuilder/WithTrailingCommaSyntax+EnsuringTrailingComma.swift	0b8006e7cff796eb2b10f8ca33db1642d53e3e3fc2b89195f91df4b372164e14
build/swiftpm/checkouts/swift-syntax/Sources/SwiftSyntaxBuilder/generated/BuildableNodes.swift	932cb68a1cd95784edea37cd917cb5a107f992ab866b1bf1796322bc953ddc6f
build/swiftpm/checkouts/swift-syntax/Sources/SwiftSyntaxBuilder/generated/RenamedChildrenBuilderCompatibility.swift	511c9b6b6719931cd003218f04d65c64542476b5a3b3142e4191d9b8854a8a1b
build/swiftpm/checkouts/swift-syntax/Sources/SwiftSyntaxBuilder/generated/ResultBuilders.swift	b0f93418f4bdb48f1170c97e341615974234e2dc8cef3402e5331d8df51d5cbf
build/swiftpm/checkouts/swift-syntax/Sources/SwiftSyntaxBuilder/generated/SyntaxExpressibleByStringInterpolationConformances.swift	542328bbf4832bf12749821241748e690707dd309ffe1ba6aa3cd80a055089fb
build/swiftpm/checkouts/swift-syntax/Sources/SwiftSyntaxMacroExpansion/BasicMacroExpansionContext.swift	be76078440a350ed3c5cff5d696f29dcba26ea57a748fde7d1fea65c22e40378
build/swiftpm/checkouts/swift-syntax/Sources/SwiftSyntaxMacroExpansion/CMakeLists.txt	c75461ce8f43894b02a840ca2c27c64efb07b56060bacf340b86190b0d879496
build/swiftpm/checkouts/swift-syntax/Sources/SwiftSyntaxMacroExpansion/FunctionParameterUtils.swift	6f231b221f235e8d9b03ee028c2f6c110636f56780e640efe593f7f0f0eddda6
build/swiftpm/checkouts/swift-syntax/Sources/SwiftSyntaxMacroExpansion/IndentationUtils.swift	44b7e761bc9344e90a105a2c89b08a10a6692cdd725570fcc6f3f2be1650e0d8
build/swiftpm/checkouts/swift-syntax/Sources/SwiftSyntaxMacroExpansion/MacroArgument.swift	a2a30163575ab32c51184ab3991f8e581d9d58de9d095c89d3c6e1156da8801e
build/swiftpm/checkouts/swift-syntax/Sources/SwiftSyntaxMacroExpansion/MacroExpansion.swift	b13816fca994bf43d7ba1ad6e60acb284c71fec9299628287ee508f39aefbe53
build/swiftpm/checkouts/swift-syntax/Sources/SwiftSyntaxMacroExpansion/MacroExpansionDiagnosticMessages.swift	a22c39c26a668c7658b5d60d6d5b6847ce31d5edc5435c0e1ed3737cd648a06f
build/swiftpm/checkouts/swift-syntax/Sources/SwiftSyntaxMacroExpansion/MacroReplacement.swift	ea5db630910eef6b8d8d8665a3a1caae5639669d0fd3c9e3fb0c12452e7a207c
build/swiftpm/checkouts/swift-syntax/Sources/SwiftSyntaxMacroExpansion/MacroSpec.swift	24696d133ec4d27f5b4a132278f6ee1c38d2145b5965763a4f3462e4086d5892
build/swiftpm/checkouts/swift-syntax/Sources/SwiftSyntaxMacroExpansion/MacroSystem.swift	b82ff6db028861a7d534cb11af15f0d190a8776c1ceadebd7d7c01dda4ffd050
build/swiftpm/checkouts/swift-syntax/Sources/SwiftSyntaxMacros/AbstractSourceLocation.swift	190bb7c3d998d669c9fd3a81d2d8ef6f00e5c6a6faa5c9762c231f78108777e1
build/swiftpm/checkouts/swift-syntax/Sources/SwiftSyntaxMacros/CMakeLists.txt	08be611b74ad0214887d57add2742280949390990c1c633479233d68e30a883d
build/swiftpm/checkouts/swift-syntax/Sources/SwiftSyntaxMacros/MacroExpansionContext.swift	500a182236487f954041fdfd15465936b14b875bbc3b16f0928662eaa45dc4ab
build/swiftpm/checkouts/swift-syntax/Sources/SwiftSyntaxMacros/MacroExpansionDiagnosticMessages.swift	1f28b7d05d484c70f9f70a5c9415966390a1efac210133e0c1cecd45be612fe7
build/swiftpm/checkouts/swift-syntax/Sources/SwiftSyntaxMacros/MacroProtocols/AccessorMacro.swift	ff15d005b49ddf9e792d01d0b3289a64c962c767d938af470c566d9a942feb11
build/swiftpm/checkouts/swift-syntax/Sources/SwiftSyntaxMacros/MacroProtocols/AttachedMacro.swift	6e187aef334fb924b44bd70d18df9090ddc1595c68a14998ae6d3d567eaa8540
build/swiftpm/checkouts/swift-syntax/Sources/SwiftSyntaxMacros/MacroProtocols/BodyMacro.swift	0094b0f2670307b16e672162ce7085481027c5113fdd9f92090def64be87a768
build/swiftpm/checkouts/swift-syntax/Sources/SwiftSyntaxMacros/MacroProtocols/CodeItemMacro.swift	30d549ae6b88655a6203d23f4686187f3eca3bca250bfbf47cd76e25a00b4f0d
build/swiftpm/checkouts/swift-syntax/Sources/SwiftSyntaxMacros/MacroProtocols/DeclarationMacro.swift	1d626391d7e8f052ae359c948274636f86a777a199547217a5153adf81bdb586
build/swiftpm/checkouts/swift-syntax/Sources/SwiftSyntaxMacros/MacroProtocols/ExpressionMacro.swift	5c3891a1b6e53d6f0ed51bdf1ac634e82f848742a98c39802bff465bc33136df
build/swiftpm/checkouts/swift-syntax/Sources/SwiftSyntaxMacros/MacroProtocols/ExtensionMacro.swift	7ac52b9c3a23581ad29ab3a31f6369c77dd6afe09adc52c86ecf21a28b5c56cd
build/swiftpm/checkouts/swift-syntax/Sources/SwiftSyntaxMacros/MacroProtocols/FreestandingMacro.swift	f9adb1d584879db0bbd1d92840b70a012a3bf4182985df2ea56eb561a0c8cefd
build/swiftpm/checkouts/swift-syntax/Sources/SwiftSyntaxMacros/MacroProtocols/Macro+Format.swift	3e9a7237013286822bdfab0f18277cff937530bfd6f4cfbcd8ee9d3d4c0d6b11
build/swiftpm/checkouts/swift-syntax/Sources/SwiftSyntaxMacros/MacroProtocols/Macro.swift	5bd6bc729b9d4d6c183336cbdf3e5b10c7fc79eb689d3153a563beb1761a682d
build/swiftpm/checkouts/swift-syntax/Sources/SwiftSyntaxMacros/MacroProtocols/MemberAttributeMacro.swift	95442d6098a6bf6acae1df14f93ba5dceeabf76a711ba91c018c9d11ad2945f8
build/swiftpm/checkouts/swift-syntax/Sources/SwiftSyntaxMacros/MacroProtocols/MemberMacro.swift	f6d7e5ac5a98465b9387a18f850fa7dea5b1958c9a9dcd7b3f74c2d3c55fd38a
build/swiftpm/checkouts/swift-syntax/Sources/SwiftSyntaxMacros/MacroProtocols/PeerMacro.swift	1e7af008e8666a99d704303a15065b59bb4cd70442f8204da50c3466f0c53f75
build/swiftpm/checkouts/swift-syntax/Sources/SwiftSyntaxMacros/MacroProtocols/PreambleMacro.swift	48ec6580945857d6cf8c2e5968bf9152a176fd10a0d5863abe5d00954ced29fc
build/swiftpm/checkouts/swift-syntax/Sources/SwiftSyntaxMacros/SwiftSyntaxMacros.docc/Info.plist	48c419af9f6bfdfbd3e03cac8a824369ee97870dac295d328ec018a310820671
build/swiftpm/checkouts/swift-syntax/Sources/SwiftSyntaxMacros/SwiftSyntaxMacros.docc/SwiftSyntaxMacros.md	4b449348dac8c096e80a0b10ac4c818f6e1b12427b0208418f2d46e50555b3f8
build/swiftpm/checkouts/swift-syntax/Sources/SwiftSyntaxMacros/Syntax+LexicalContext.swift	5fdd1d4f4e76f1b825aa5397281100bde0013de1565d2d6d0b98efa8d8613619
build/swiftpm/checkouts/swift-syntax/Sources/SwiftSyntaxMacrosGenericTestSupport/Assertions.swift	0e2eb09269a9e89b7b58b3a0a67b70f9c005611b6fa545be3e931b6a45a0ef6e
build/swiftpm/checkouts/swift-syntax/Sources/SwiftSyntaxMacrosTestSupport/Assertions.swift	6cd533f958eeb160cf8fdf3fcf59fc7fc28eae110d8ff4e0ee4eea7df4d9ab16
build/swiftpm/checkouts/swift-syntax/Sources/SwiftWarningControl/CMakeLists.txt	0ea8042ea4a9250bce8df9b29d7d957e9c895bf5ab06f46aa6c949e8c16bd28d
build/swiftpm/checkouts/swift-syntax/Sources/SwiftWarningControl/DiagnosticGroupInheritanceTree.swift	260f5a142b707eac5aaf729bef70b5fa7695e47f7b349d10450605a06fe0b416
build/swiftpm/checkouts/swift-syntax/Sources/SwiftWarningControl/SwiftWarningControl.md	07a8a6c96e6dd8a3b584bebec55746360aaf270e7cdc4ff7fe90e4be8e074867
build/swiftpm/checkouts/swift-syntax/Sources/SwiftWarningControl/SyntaxProtocol+WarningControl.swift	22ab67bdf5ff64545bc8b0eaca496715ca4cc6791fe42f984231e5b15ba1674a
build/swiftpm/checkouts/swift-syntax/Sources/SwiftWarningControl/WarningControlDeclSyntax.swift	50a1274579198bd16c124c6e857ee5528e4c69801114f5ff8a308df9eb722018
build/swiftpm/checkouts/swift-syntax/Sources/SwiftWarningControl/WarningControlRegionBuilder.swift	ee6e6d77a67ca661e12db601df62aa232e746d488d18aa3612ba96f945bee4af
build/swiftpm/checkouts/swift-syntax/Sources/SwiftWarningControl/WarningControlRegions.swift	ac37c57160fed29e97af1a2a99c7f383846d008b1ad436ce93d65d339d1d0366
build/swiftpm/checkouts/swift-syntax/Sources/SwiftWarningControl/WarningGroupControl.swift	1a6e37c08951a3eb4ec884a7e3e7420aa3967ff046c928f4e1aafd8106f58ff5
build/swiftpm/checkouts/swift-syntax/Sources/VersionMarkerModules/CMakeLists.txt	0831e67cf8a95bd48602946ad1360b3ab141699fc82f1eb3c12725206da8c996
build/swiftpm/checkouts/swift-syntax/Sources/VersionMarkerModules/SwiftSyntax509/Empty.swift	486d5e1614902a67f1845333e5b423ee2a1a2fddfbb6f6677d0aad08285c9c74
build/swiftpm/checkouts/swift-syntax/Sources/VersionMarkerModules/SwiftSyntax510/Empty.swift	4472433e9ab9a1efb9f7078c9324c663e04cdef009ab6bde240303df8a38f242
build/swiftpm/checkouts/swift-syntax/Sources/VersionMarkerModules/SwiftSyntax600/Empty.swift	68bef2813bfff608a86668515b08b7403f81eaad881fd0a24ebad55625963275
build/swiftpm/checkouts/swift-syntax/Sources/VersionMarkerModules/SwiftSyntax601/Empty.swift	686249e3f05fe25c6ae79684ac5a7edc1aba4d20219b82fba08aead9854412b7
build/swiftpm/checkouts/swift-syntax/Sources/VersionMarkerModules/SwiftSyntax602/Empty.swift	eaa5929a2675797590a4c4729f6b3fb112039c3bf5714e66f0c87810c0262f20
build/swiftpm/checkouts/swift-syntax/Sources/VersionMarkerModules/SwiftSyntax603/Empty.swift	cd3b234d8d94d3810cebad30118cde6c10d4d40d1cda7e028b3aab94273d8537
build/swiftpm/checkouts/swift-syntax/Sources/_InstructionCounter/include/InstructionsExecuted.h	a0586fcd9ffd8f765fe32d6a69187419daac4aa72252e80d77aac7efdc5f340f
build/swiftpm/checkouts/swift-syntax/Sources/_InstructionCounter/src/InstructionsExecuted.c	b81f2c39585511723f73a887a9bc90c8289c150ad2de1a883954e6c398bc1a53
build/swiftpm/checkouts/swift-syntax/Sources/_SwiftLibraryPluginProviderCShims/CMakeLists.txt	bcee49450ea82dfd8101cbac8d69645ad713c59c963384c4d17ae92cb897d747
build/swiftpm/checkouts/swift-syntax/Sources/_SwiftLibraryPluginProviderCShims/LoadLibrary.c	b2ec7c509d9cf8985ebae56a7a0560ff6a1077893a552ac587d8f84b486d4569
build/swiftpm/checkouts/swift-syntax/Sources/_SwiftLibraryPluginProviderCShims/include/LoadLibrary.h	1730863a12d0133f0831ab5a21f4d64614a614140ffbb1cea85adb728263f634
build/swiftpm/checkouts/swift-syntax/Sources/_SwiftLibraryPluginProviderCShims/include/module.modulemap	e0ac78364c2e9049af8bd852656cac2185156a608e9fbf5c4d362a8ce1219e26
build/swiftpm/checkouts/swift-syntax/Sources/_SwiftSyntaxCShims/CMakeLists.txt	a463736c24156782157c5a10dbfc7c17aa8879dd62a712c72fca9e8a093fac83
build/swiftpm/checkouts/swift-syntax/Sources/_SwiftSyntaxCShims/PlatformMutex.c	89f44c72f0f8c50207b9b3aa4811f8d3e5f1d17d936aea11e15d6b0333fbeb50
build/swiftpm/checkouts/swift-syntax/Sources/_SwiftSyntaxCShims/include/Atomics.h	7ae04c18d0928732fa9ae91232f70091cfc94a02bf5a2cc1127351976301ae93
build/swiftpm/checkouts/swift-syntax/Sources/_SwiftSyntaxCShims/include/PlatformMutex.h	8d150395b6b91622ab97fed301c0aec5bb316734ad79666a221023a545db262a
build/swiftpm/checkouts/swift-syntax/Sources/_SwiftSyntaxCShims/include/SwiftSyntaxCShims.h	07405be6c63654f5c025452b61d135abb71ed74bd90db4838b22086937bf9e00
build/swiftpm/checkouts/swift-syntax/Sources/_SwiftSyntaxCShims/include/_bridging.h	cb3f6adea458ebd6061d2a0fd3c34111f6e7f49dec5e2ceefb6e4632141f9404
build/swiftpm/checkouts/swift-syntax/Sources/_SwiftSyntaxCShims/include/_includes.h	b9ac5437a150285824472d65c6c417f335e6f6700de85a538e0556d9b385c1bb
build/swiftpm/checkouts/swift-syntax/Sources/_SwiftSyntaxCShims/include/module.modulemap	cc2aed73f372d241ab3459159b0848d4abfd51a3f28bdada9b32a2fe469b207b
build/swiftpm/checkouts/swift-syntax/Sources/_SwiftSyntaxCShims/include/swiftsyntax_errno.h	76ffcb83e63dcbbec52aa26708d51f560de89e8cabb52b15e51adc9cfb5da3d8
build/swiftpm/checkouts/swift-syntax/Sources/_SwiftSyntaxCShims/include/swiftsyntax_stdio.h	cda57a627b21afddbe4cdfd473d7eec00c824899e4e287a10cff34bb7d0f7c67
build/swiftpm/checkouts/swift-syntax/Sources/_SwiftSyntaxGenericTestSupport/AssertEqualWithDiff.swift	13b1372b267eb2d6f0361ba61b26fca70cb82088e0a6bb4ea81a8474dfbca174
build/swiftpm/checkouts/swift-syntax/Sources/_SwiftSyntaxGenericTestSupport/String+TrimmingTrailingWhitespace.swift	b4c1e4a45644a21bdff8bf3fbce45ffc49a44bfbfd4323d178987a63e3a954b9
build/swiftpm/checkouts/swift-syntax/Sources/_SwiftSyntaxTestSupport/AssertEqualWithDiff.swift	02f8f8ca6326b9d35d3a945ecb14272e78f83e5dcd4ed1cf6364cfb7e738566d
build/swiftpm/checkouts/swift-syntax/Sources/_SwiftSyntaxTestSupport/IncrementalParseTestUtils.swift	153d65a3a63300f958f9a50bf0d9bb9f29dc7e8a2b204fd1f33b5c8ca9b502cf
build/swiftpm/checkouts/swift-syntax/Sources/_SwiftSyntaxTestSupport/LocationMarkers.swift	122ff4e17a0976184bcdfc465ac79f46f78ad9918f3d530aafdf46d4570454ee
build/swiftpm/checkouts/swift-syntax/Sources/_SwiftSyntaxTestSupport/LongTestsDisabled.swift	b29dd8874d26a0e5f3766ee1d38520f4b4df7bfb489e2c48440e5b293b90b7f0
build/swiftpm/checkouts/swift-syntax/Sources/_SwiftSyntaxTestSupport/Syntax+Assertions.swift	037d43555925efa377f1ea9f7d5773562911e56d94ec8ffa7d87d9d3ac39c5fa
build/swiftpm/checkouts/swift-syntax/Sources/_SwiftSyntaxTestSupport/SyntaxComparison.swift	1e2762e4ff0ef0661bab398b3978080a3df28cda54cc0caf1b6d5c1afd27bd29
build/swiftpm/checkouts/swift-syntax/Sources/_SwiftSyntaxTestSupport/SyntaxProtocol+Initializer.swift	41c7f4352af8d9bc5ba583ffe2838411edd5e9b5b5fc773d56444e03aac52487
build/swiftpm/checkouts/swift-syntax/SwiftParserCLI/Package.swift	7568b38499b6e75cfc54c2764d2be9ae379cea9b376996080c843037529ecccc
build/swiftpm/checkouts/swift-syntax/SwiftParserCLI/README.md	746aec2bc1b992f59f424a2afd948953539018c1aff3c4390941ac95618a7dcf
build/swiftpm/checkouts/swift-syntax/SwiftParserCLI/Sources/InstructionCounter/include/InstructionsExecuted.h	a0586fcd9ffd8f765fe32d6a69187419daac4aa72252e80d77aac7efdc5f340f
build/swiftpm/checkouts/swift-syntax/SwiftParserCLI/Sources/InstructionCounter/src/InstructionsExecuted.c	b81f2c39585511723f73a887a9bc90c8289c150ad2de1a883954e6c398bc1a53
build/swiftpm/checkouts/swift-syntax/SwiftParserCLI/Sources/swift-parser-cli/BasicFormat.swift	b8f1dbee568d3d1c9af68eef6082f563896fd0a6d3bcf48524e4a470306f1822
build/swiftpm/checkouts/swift-syntax/SwiftParserCLI/Sources/swift-parser-cli/Commands/PerformanceTest.swift	ffd89a3f8004e098fe59f23820997bc6752776d95ee993fdeb24a989283e7494
build/swiftpm/checkouts/swift-syntax/SwiftParserCLI/Sources/swift-parser-cli/Commands/Print.swift	cddaff1f8c9fe4e15beaf6312bfdb8f375fb369c48b7719bd4f94be88e17af87
build/swiftpm/checkouts/swift-syntax/SwiftParserCLI/Sources/swift-parser-cli/Commands/PrintDiags.swift	e6573d29e690f9f1bac634ccb3edbd38a36b988e7d534edb7dd3f9d991417931
build/swiftpm/checkouts/swift-syntax/SwiftParserCLI/Sources/swift-parser-cli/Commands/PrintTree.swift	ca186c986e0b8677a3b6f441e323f522316254a218c86b1b00b2da0e60f566bf
build/swiftpm/checkouts/swift-syntax/SwiftParserCLI/Sources/swift-parser-cli/Commands/Reduce.swift	f10c245eba0b7ed6aa70f97922cdcd7e78f47d5209161a920c415a708e7b9084
build/swiftpm/checkouts/swift-syntax/SwiftParserCLI/Sources/swift-parser-cli/Commands/VerifyRoundTrip.swift	760d67d38654f5dcff90156ae8ff12f592ec7b9dabec43aac68de7582e509b7f
build/swiftpm/checkouts/swift-syntax/SwiftParserCLI/Sources/swift-parser-cli/ParseCommand.swift	c54bff67308daa1f5c9a6d12341a3d3d9eff1f5c119c9349032f90a8ad5fd8f3
build/swiftpm/checkouts/swift-syntax/SwiftParserCLI/Sources/swift-parser-cli/SyntaxUtils.swift	3af5f7182a14101e2073f8f822620ddd7c37cdb38a5712a01c7037f535d9e9ee
build/swiftpm/checkouts/swift-syntax/SwiftParserCLI/Sources/swift-parser-cli/TerminalUtils.swift	e81d7ab28bb2fbc753072561fc8a33c95e8963819691ade39a4d07aaf9293b39
build/swiftpm/checkouts/swift-syntax/SwiftParserCLI/Sources/swift-parser-cli/Utils.swift	66387329a9e8f490b83af58247588a5f45990db920b27c2e1420b46c94fdc529
build/swiftpm/checkouts/swift-syntax/SwiftParserCLI/Sources/swift-parser-cli/swift-parser-cli.swift	22b1a7f7b3ad0047315cc683dec748c9d631141e7dbe716ae8c9930e87a3b11c
build/swiftpm/checkouts/swift-syntax/SwiftSyntaxDevUtils/Package.swift	bd9d44b808ff96dc499b9b70581dfa9bb6ad957e8a166beb10a30d91b3692795
build/swiftpm/checkouts/swift-syntax/SwiftSyntaxDevUtils/README.md	a6059afceb9655609271980ffb7c4850945818de73531eb86b8b28fc37bdcb17
build/swiftpm/checkouts/swift-syntax/SwiftSyntaxDevUtils/Sources/swift-syntax-dev-utils/SwiftSyntaxDevUtils.swift	fd0a10d062620f503202beffcab67b860b6d17445cc282c47ca26f4fe06b59b3
build/swiftpm/checkouts/swift-syntax/SwiftSyntaxDevUtils/Sources/swift-syntax-dev-utils/commands/Build.swift	3db69086b1891676b931e063d0f21de768f131b0d2693a90b5690ed2c8f25a25
build/swiftpm/checkouts/swift-syntax/SwiftSyntaxDevUtils/Sources/swift-syntax-dev-utils/commands/GenerateSourceCode.swift	1eaa234d0262eefc78d67aa69906a657740d41faac08e3b574be540cf07973aa
build/swiftpm/checkouts/swift-syntax/SwiftSyntaxDevUtils/Sources/swift-syntax-dev-utils/commands/LocalPrPrecheck.swift	81ae56f405e2ca4dcd56664d09fd24136d665a87cced5ffa691f611de855c2db
build/swiftpm/checkouts/swift-syntax/SwiftSyntaxDevUtils/Sources/swift-syntax-dev-utils/commands/Test.swift	c6fc351949856b0b83d4ef8e8da55ceac6b86a41adeefb39997c80f6ce9090bb
build/swiftpm/checkouts/swift-syntax/SwiftSyntaxDevUtils/Sources/swift-syntax-dev-utils/commands/VerifySourceCode.swift	01f948b3451c3c5b9e68c08bb81432587eb8556923e6dacf3482a99b62caf96b
build/swiftpm/checkouts/swift-syntax/SwiftSyntaxDevUtils/Sources/swift-syntax-dev-utils/common/BuildArguments.swift	0e420b62f600ba3023c7412e20cb37651f73b433c3bb6147acbdfc9fddc0638f
build/swiftpm/checkouts/swift-syntax/SwiftSyntaxDevUtils/Sources/swift-syntax-dev-utils/common/Logger.swift	04d23de7b6d50d92a95da3c2d2a28075fb77a3b6b61ee06d0d864718c8d7a6cd
build/swiftpm/checkouts/swift-syntax/SwiftSyntaxDevUtils/Sources/swift-syntax-dev-utils/common/Paths.swift	48ecffa06d8f84a22f893d792bf132de6183f2a813693bca5294c24e82079dfa
build/swiftpm/checkouts/swift-syntax/SwiftSyntaxDevUtils/Sources/swift-syntax-dev-utils/common/ProcessRunner.swift	16d9621e99a573a170cde4134fd8dd6e99852ce409051d7697b5465435a50c4f
build/swiftpm/checkouts/swift-syntax/SwiftSyntaxDevUtils/Sources/swift-syntax-dev-utils/common/ScriptExectutionError.swift	51293174f1ddcea4d274c936b8f547361d4646876fb8a6e0afe32435fbaf66bb
build/swiftpm/checkouts/swift-syntax/SwiftSyntaxDevUtils/Sources/swift-syntax-dev-utils/common/SourceCodeGeneratorArguments.swift	a0c3e3324264645f6ac5793721d56a845bcc98ab1087210b0c58464440eebec2
build/swiftpm/checkouts/swift-syntax/SwiftSyntaxDevUtils/Sources/swift-syntax-dev-utils/common/SwiftPMBuilder.swift	85b697878ef812c53138238531148c63b596944e75f5d17443f15e628c5ef91b
build/swiftpm/checkouts/swift-syntax/SwiftSyntaxDevUtils/Sources/swift-syntax-dev-utils/common/Utils.swift	0ea6e36b4a93cf57efadb8b79a5850b18f99b3f67f127194bb8979338150b132
build/swiftpm/checkouts/swift-syntax/Tests/PerformanceTest/Inputs/MinimalCollections.swift.input	61477ad73e6513e4d4b69c648e9d7b65ec11e74694a79155d60f21d54e22ca41
build/swiftpm/checkouts/swift-syntax/Tests/PerformanceTest/InstructionsCountAssertion.swift	a0ec39bfc9b2734834880fa8029a7accfe9c04cb1f11a0e4d3df43d4d6bd54eb
build/swiftpm/checkouts/swift-syntax/Tests/PerformanceTest/ParsingPerformanceTests.swift	c5e27d19997e48ed8fdbd2fead5a50ab37e6f52f52ed2376cd47d1358a0c7ef7
build/swiftpm/checkouts/swift-syntax/Tests/PerformanceTest/SyntaxClassifierPerformanceTests.swift	7b1f2a900e3b63b5d604a5cee830cbf33f009eeecd74157389b0aae79a825243
build/swiftpm/checkouts/swift-syntax/Tests/PerformanceTest/VisitorPerformanceTests.swift	aef7d48f2c45b228f86238be7230ca82a62de6b51c2675fadd3d40fde75774a8
build/swiftpm/checkouts/swift-syntax/Tests/SwiftBasicFormatTest/BasicFormatTests.swift	83c379544c3b88aa4d52a0b0464e5397a1ac9632f546f9621d6c41f3ae62cd9b
build/swiftpm/checkouts/swift-syntax/Tests/SwiftBasicFormatTest/IndentTests.swift	29273584728b4b29dec1a619153e17c053c5d40205882584a451c17454b695e3
build/swiftpm/checkouts/swift-syntax/Tests/SwiftBasicFormatTest/InferIndentationTests.swift	40304d5195a52d1756675f80d5e308c3241f5e016036f8571d176b14deffe0fd
build/swiftpm/checkouts/swift-syntax/Tests/SwiftCompilerPluginTest/CompilerPluginTests.swift	e5318985cb83d088d5864bb3890937b8628e68842c67b3dcc16e54bbdb17a496
build/swiftpm/checkouts/swift-syntax/Tests/SwiftCompilerPluginTest/JSONTests.swift	5aeb30c6e7ec58480977e303e68890a6e1307515291440a50ac8a0b29bf0112c
build/swiftpm/checkouts/swift-syntax/Tests/SwiftCompilerPluginTest/LRUCacheTests.swift	9fd10d86dadcf8555c82f806d8076b08dcda5c3cfc6d5ac70199694d2fd0aab4
build/swiftpm/checkouts/swift-syntax/Tests/SwiftDiagnosticsTest/DiagnosticDecorators/ANSIDiagnosticDecoratorTests.swift	49e742c180e7aa71fb587d4b03dafc8c46013c99cf44fadc7e4a5f2cb2e4dddb
build/swiftpm/checkouts/swift-syntax/Tests/SwiftDiagnosticsTest/DiagnosticDecorators/BasicDiagnosticDecoratorTests.swift	2a2703b7258cb771220cc3ae869adfe159b1b02ebd37e08a482907198c1ef390
build/swiftpm/checkouts/swift-syntax/Tests/SwiftDiagnosticsTest/DiagnosticFormatterTests.swift	0c378bef6e953048bdc06c8d06c31c49d115cd79fc7bce1f9b63cea1b2ca9ede
build/swiftpm/checkouts/swift-syntax/Tests/SwiftDiagnosticsTest/DiagnosticTestingUtils.swift	4cdc4fd45f466f1c272ffff9f1fa58c145edce460477990d49f8394138f343ad
build/swiftpm/checkouts/swift-syntax/Tests/SwiftDiagnosticsTest/FixItTests.swift	86e014748e17cfe820a5e592727e42758a27b60306e8c8484fec81d5f79cf3ae
build/swiftpm/checkouts/swift-syntax/Tests/SwiftDiagnosticsTest/GroupDiagnosticsFormatterTests.swift	c5fd9c730c26a599cb984d878786616563a8c00ab6577ebb2cba61a905c154e4
build/swiftpm/checkouts/swift-syntax/Tests/SwiftDiagnosticsTest/ParserDiagnosticsFormatterIntegrationTests.swift	d7aed00d283d90c694f0f9210c99b42a582afd2caba54e6bcb6874e5824f7cab
build/swiftpm/checkouts/swift-syntax/Tests/SwiftIDEUtilsTest/Assertions.swift	6d437202157ddd878857ae81623bf26e5101cc4018b2c1e2f53abc9f73605d54
build/swiftpm/checkouts/swift-syntax/Tests/SwiftIDEUtilsTest/ClassificationTests.swift	52f8d3583094c63b0453d4b5f8470f5131e134b5f5cfb3de42752f8b28a149e9
build/swiftpm/checkouts/swift-syntax/Tests/SwiftIDEUtilsTest/FixItApplierTests.swift	185853ea8ff8517c6e1118533397d49c8579dde39fb74a445192b7d18c99199e
build/swiftpm/checkouts/swift-syntax/Tests/SwiftIDEUtilsTest/NameMatcherTests.swift	1e43865ad7a0ee3f08a7e3d07bd34a19613172d757064957e34461a5e49eb01b
build/swiftpm/checkouts/swift-syntax/Tests/SwiftIfConfigTest/ActiveRegionTests.swift	7178e02ac86208a1ac72f467e0929caa9f7df5aed09be13656f46727e7490cba
build/swiftpm/checkouts/swift-syntax/Tests/SwiftIfConfigTest/EvaluateTests.swift	0e3986bbcf7cb1fc3d51886a0f00ef8f2d5b5b1758872549337cab5cb4d241f6
build/swiftpm/checkouts/swift-syntax/Tests/SwiftIfConfigTest/TestingBuildConfiguration.swift	64497733c75814ba4f4ba27cbb7a682141680061fa30b2c668ae533979a5b0f7
build/swiftpm/checkouts/swift-syntax/Tests/SwiftIfConfigTest/VisitorTests.swift	69e761488603ffc5acece3287183820cecb1264730578f566998821805ff968a
build/swiftpm/checkouts/swift-syntax/Tests/SwiftLexicalLookupTest/Assertions.swift	71ab214a9ba5b746da4116e5bcc3c2ae6d6f0294254971d069a35d884dcb1c6f
build/swiftpm/checkouts/swift-syntax/Tests/SwiftLexicalLookupTest/ExpectedName.swift	21ec195548131cc8ff3f311aa7b990a4d261dd13c3be1c29969a5e327fdb9601
build/swiftpm/checkouts/swift-syntax/Tests/SwiftLexicalLookupTest/MarkerExpectation.swift	37670d708bc29702e927aa2f5058aa8b1cb9d61830b6b212c13552852f9026dd
build/swiftpm/checkouts/swift-syntax/Tests/SwiftLexicalLookupTest/NameLookupTests.swift	8e5b1680876aa2e35d0a70875c3cd95eee6b4d33b37130baf66c6ee29b99bb3c
build/swiftpm/checkouts/swift-syntax/Tests/SwiftLexicalLookupTest/ResultExpectation.swift	7a04c1c8a2b51bb3c317257a6ea59dc9150fcf67bbbc3db9facc654359cf58dc
build/swiftpm/checkouts/swift-syntax/Tests/SwiftLexicalLookupTest/SimpleQueryTests.swift	ef516d373a52580b815f7ac73ff8ce2c1842d012ac5db87b94a949a9f64e7cb6
build/swiftpm/checkouts/swift-syntax/Tests/SwiftOperatorsTest/OperatorTableTests.swift	4d9c3cf554a927de056eb2f0ad9f4fcfc5531191358b0a9ab5e237d6e45e9ad7
build/swiftpm/checkouts/swift-syntax/Tests/SwiftOperatorsTest/SyntaxSynthesisTests.swift	c0242129cd6097e49310025d5ed56ba917ff6724c2cee18c4edb596eb439f8a1
build/swiftpm/checkouts/swift-syntax/Tests/SwiftParserDiagnosticsTest/DiagnosticInfrastructureTests.swift	75a3bf34122fa7c6bd7213e625ca9c1ee994db2cab325a703f9a6328395294b8
build/swiftpm/checkouts/swift-syntax/Tests/SwiftParserTest/AbsolutePositionTests.swift	e1e5951710a86b37e4c14b9918df2b96ccf1395e29fbd8a399be615a9c48b43f
build/swiftpm/checkouts/swift-syntax/Tests/SwiftParserTest/Assertions.swift	620311caf150ae35216afd37c67a8dfa9c28d76f443145a5a33b9d5d0010ca45
build/swiftpm/checkouts/swift-syntax/Tests/SwiftParserTest/AttributeTests.swift	9154d67f4b06b74989de4e5ab6498d5226703313be07acce010a7952575fa751
build/swiftpm/checkouts/swift-syntax/Tests/SwiftParserTest/AvailabilityTests.swift	7373bc391464e6feed262b0befc4eae2a7412d160c876fb09b2e2b6795c30966
build/swiftpm/checkouts/swift-syntax/Tests/SwiftParserTest/ClosureMissingInTests.swift	2eeeb397ca7587bf8f4f59c3bd10639a72010fb49a1e9237b3b0dc7b7ebb4cb4
build/swiftpm/checkouts/swift-syntax/Tests/SwiftParserTest/DeclarationTests.swift	867a939c9f5e636ca381ca364c3c44058d1ec34868c061702c88881e47e92294
build/swiftpm/checkouts/swift-syntax/Tests/SwiftParserTest/DirectiveTests.swift	33f7720595f93f4af5edb926dcfae6c903e6609ed5b6fa097ce1f10520731091
build/swiftpm/checkouts/swift-syntax/Tests/SwiftParserTest/DoExpressionTests.swift	edbc67979c2e91674a8f0e3cda0a90b9cb4dd9df7b01b842dd57ee6c6a9d3f75
build/swiftpm/checkouts/swift-syntax/Tests/SwiftParserTest/ExpressionInterpretedAsVersionTupleTests.swift	c199ea518296ea4708353cac3d28f0bf3d30cfabdf3ee1bbb1fe7e65013f29a5
build/swiftpm/checkouts/swift-syntax/Tests/SwiftParserTest/ExpressionTests.swift	a89eac9892a47c26c25f894af169419cf519cc4ea0e9eeaa81c9ac6c30783513
build/swiftpm/checkouts/swift-syntax/Tests/SwiftParserTest/ExpressionTypeTests.swift	7fccf5ab4af5ecaf0cf78127acd55143c40abb33e419caf3541de5f62d8c8486
build/swiftpm/checkouts/swift-syntax/Tests/SwiftParserTest/IncrementalParsingTests.swift	4d846a0dfd0e3ef6df176b9c1b585d219491cacfdcd4cf8ef1e8baed47181dba
build/swiftpm/checkouts/swift-syntax/Tests/SwiftParserTest/IsValidIdentifierTests.swift	a6b00650fad007aa30bf635368e2a1703bd781009d351d2e26387fcd005308a3
build/swiftpm/checkouts/swift-syntax/Tests/SwiftParserTest/LexerTests.swift	9513805999813091c04ac1f45f68f8ec1347a9431352a5c4b7e99d2a90905b85
build/swiftpm/checkouts/swift-syntax/Tests/SwiftParserTest/Parser+EntryTests.swift	9ecd2bdc11902d6a3e825e81aba9432e34882fbfe4d86eeaba39da2c4bcafdb7
build/swiftpm/checkouts/swift-syntax/Tests/SwiftParserTest/ParserTestCase.swift	a8c58be8fa8cb72ecb787295fd925fa51239687fc2c54406d3e6fb403d94c992
build/swiftpm/checkouts/swift-syntax/Tests/SwiftParserTest/ParserTests.swift	7e12de846867e6f1467afba136f3aec63d730d176a51e0dfa6e4df746e663294
build/swiftpm/checkouts/swift-syntax/Tests/SwiftParserTest/PatternTests.swift	9263d54c524f10c670a2189edcd3a295fda0b6820414fb231380962f9bbb2949
build/swiftpm/checkouts/swift-syntax/Tests/SwiftParserTest/RegexLiteralTests.swift	3fd26dac32f6fa78cab819247ff0f199431f7764a51b908c50dfee10c72dcb17
build/swiftpm/checkouts/swift-syntax/Tests/SwiftParserTest/SendingTest.swift	50db4d61ff9658c9049f3b87744cb239c5252e8900c57fc50c580ef1c5d47074
build/swiftpm/checkouts/swift-syntax/Tests/SwiftParserTest/SequentialToConcurrentEditTranslationTests.swift	1843e1bac4e96e724ab8f97f32f42b84759de47d736b1d20ba1145a8847d0439
build/swiftpm/checkouts/swift-syntax/Tests/SwiftParserTest/StatementTests.swift	5b54b38f1bff5456979f94c234a24de6850beb93126cee1febb6864256ea754b
build/swiftpm/checkouts/swift-syntax/Tests/SwiftParserTest/StringLiteralRepresentedLiteralValueTests.swift	830aa133ba474e0da866de020e22c804e1638a5ae2617cdd3618aeb4e1c76cb7
build/swiftpm/checkouts/swift-syntax/Tests/SwiftParserTest/ThenStatementTests.swift	38e529a2448852485da772f1e05b11e1497725042604179dc77f622af120a264
build/swiftpm/checkouts/swift-syntax/Tests/SwiftParserTest/TrailingCommaTests.swift	41c6541c6dccaad950ea296da5aa661d780986490996872cc1fed0bf2619bc84
build/swiftpm/checkouts/swift-syntax/Tests/SwiftParserTest/TriviaParserTests.swift	118419a4a7d3bf95514ff57a83784b4daa49a5c3a0095220da546e88d28c51fe
build/swiftpm/checkouts/swift-syntax/Tests/SwiftParserTest/TypeCompositionTests.swift	f4fd7f2b39f53989ab5c0a13bff5328d01589172d30ab4cd0ea1432c99d1e26d
build/swiftpm/checkouts/swift-syntax/Tests/SwiftParserTest/TypeMemberTests.swift	3270b789e48bfd16ca21121932d733b897af56830447d9c5fb35356b27829a81
build/swiftpm/checkouts/swift-syntax/Tests/SwiftParserTest/TypeMetatypeTests.swift	f832817a385210b601eb0d08bff4c09ccc96dbdcd25b03e03900c78a9a81982a
build/swiftpm/checkouts/swift-syntax/Tests/SwiftParserTest/TypeTests.swift	83b82e915d441cc3dffe1ab8584d3577aea50422d59128c534813e137f87e984
build/swiftpm/checkouts/swift-syntax/Tests/SwiftParserTest/Utils.swift	09539f19c66bc4289b3ee6308ccdf575af48d3fc886a6fa8c2ad0107e2945d6c
build/swiftpm/checkouts/swift-syntax/Tests/SwiftParserTest/ValueGenericsTests.swift	029933680610fcdb480541da7e11ec3405d7e727e2d1ba20d16ddb72de2fa977
build/swiftpm/checkouts/swift-syntax/Tests/SwiftParserTest/VariadicGenericsTests.swift	b4e8465438c9155d5b7e0671942f2ee07d6d4f2afe636b2e4c9f18c3f01fa807
build/swiftpm/checkouts/swift-syntax/Tests/SwiftParserTest/translated/ActorTests.swift	d9abe2040e19ec83c8eb6923d15205bf3c6f4181850945b6afc960247475a58e
build/swiftpm/checkouts/swift-syntax/Tests/SwiftParserTest/translated/AlwaysEmitConformanceMetadataAttrTests.swift	898617ed8f8e0e7dc35db26cd184e0cfb5148d6d0e88350fba797ac22f68e991
build/swiftpm/checkouts/swift-syntax/Tests/SwiftParserTest/translated/AsyncSyntaxTests.swift	ef9dbf2ddcdf8061c8dadd7ce10b60683560dfd7dd0f15572938226566ee8bc4
build/swiftpm/checkouts/swift-syntax/Tests/SwiftParserTest/translated/AsyncTests.swift	2d4d90330a713c7cc5c84ddcd0927911857bbd6a92c35321f6559f6af79903cb
build/swiftpm/checkouts/swift-syntax/Tests/SwiftParserTest/translated/AvailabilityQueryTests.swift	2b4db92bf411564deec3f900afcf7de2574f83e82ca814b7e2fd8f073d6bed9f
build/swiftpm/checkouts/swift-syntax/Tests/SwiftParserTest/translated/AvailabilityQueryUnavailabilityTests.swift	9d50a5358928951c13594be4afcdbeb54d57ba5b5b6311c665227168eadff4be
build/swiftpm/checkouts/swift-syntax/Tests/SwiftParserTest/translated/BorrowExprTests.swift	13c843ce9c719dca53769a7d85ad6fa7765010eae52b3397b9a5ed5f658aabb3
build/swiftpm/checkouts/swift-syntax/Tests/SwiftParserTest/translated/BraceRecoveryEofTests.swift	7a6972110ae99cb9884c2c3b1ceb75d1c274227596cd66e3a66902a070d5ea79
build/swiftpm/checkouts/swift-syntax/Tests/SwiftParserTest/translated/BuiltinBridgeObjectTests.swift	cc6bdfae9b71c449df633aa41ca0e67996de584bc0dca6832c8fe918f7baa785
build/swiftpm/checkouts/swift-syntax/Tests/SwiftParserTest/translated/BuiltinWordTests.swift	5edce5bf6a1151e4b5d68b171b6621ad7f9b683cebc8e0190532937bda71db9d
build/swiftpm/checkouts/swift-syntax/Tests/SwiftParserTest/translated/ConflictMarkersTests.swift	f9eb26ae4c2df16c91c746bea577bc3dfadab61ca615831fdb70ff973b0efb81
build/swiftpm/checkouts/swift-syntax/Tests/SwiftParserTest/translated/ConsecutiveStatementsTests.swift	673a6d6eb773f5f4ea88701d8e25602ae9aaf7f656d3e5dfa07dbe806cbbb594
build/swiftpm/checkouts/swift-syntax/Tests/SwiftParserTest/translated/CopyExprTests.swift	21d5d8139eea3a7aa20966d3b821982079f5a5ee688b384700d91273d1d55d64
build/swiftpm/checkouts/swift-syntax/Tests/SwiftParserTest/translated/DebuggerTests.swift	38515b69b8fbacc0d3740d15e1082bca18c1c94c9e27775425127cc9568092b3
build/swiftpm/checkouts/swift-syntax/Tests/SwiftParserTest/translated/DelayedExtensionTests.swift	5e35b5b50789042fc77b264d838e1b6602cd5bf28dad49b49fb8673b3fccf5d7
build/swiftpm/checkouts/swift-syntax/Tests/SwiftParserTest/translated/DeprecatedWhereTests.swift	79def49c947b14089957b1634687902691278f64bc12d44e16028c78b87a5414
build/swiftpm/checkouts/swift-syntax/Tests/SwiftParserTest/translated/DiagnoseAvailabilityTests.swift	3f080aae1a0e8b6f69782285bf3a3f5dffca8abfc33adea3b2f8559f97b58901
build/swiftpm/checkouts/swift-syntax/Tests/SwiftParserTest/translated/DiagnoseAvailabilityWindowsTests.swift	9d4027c2ce188ec2f7304a2c54ca9d77d37cde605a1b98a4984760ea0c0c6c90
build/swiftpm/checkouts/swift-syntax/Tests/SwiftParserTest/translated/DiagnoseDynamicReplacementTests.swift	492970e36844c8f5ffeb717fb2e19a531a56abff9e4dc81ca9028df50ef6e161
build/swiftpm/checkouts/swift-syntax/Tests/SwiftParserTest/translated/DiagnoseInitializerAsTypedPatternTests.swift	9a86b91e2978d201357dbbf16ec6f715a28f22060ba352d5ff4a4b3158efb477
build/swiftpm/checkouts/swift-syntax/Tests/SwiftParserTest/translated/DiagnosticMissingFuncKeywordTests.swift	2d443949b722a5c5533128508ae025eb1c664d00c2b3e589dcb3a92ea88edb9d
build/swiftpm/checkouts/swift-syntax/Tests/SwiftParserTest/translated/DollarIdentifierTests.swift	6f78ef8a839eea21117bfbe3d9c866823fb0b94340907a8e557e4ccee1873941
build/swiftpm/checkouts/swift-syntax/Tests/SwiftParserTest/translated/EffectfulPropertiesTests.swift	03129c25aae00ba0c5f43b75e94378af2c89bc47bfa01983485495227afc77ca
build/swiftpm/checkouts/swift-syntax/Tests/SwiftParserTest/translated/EnumElementPatternSwift4Tests.swift	56410d14a17d7d0497588badf154a5c267eda0aeedf8a42d0f0334e8c282b2f2
build/swiftpm/checkouts/swift-syntax/Tests/SwiftParserTest/translated/EnumTests.swift	cfd4c865cc5177619db02e9dec42ad8b7d4e21a7e4cd65eeefdcde5cd35f4c47
build/swiftpm/checkouts/swift-syntax/Tests/SwiftParserTest/translated/ErrorsTests.swift	fdc5672691884039f94ab8e2460250c96f4c31ac07fc8d72e3845cdb1db2bb1f
build/swiftpm/checkouts/swift-syntax/Tests/SwiftParserTest/translated/EscapedIdentifiersTests.swift	5f112ceaecfcd5827b263a723e4c48bba36e7f1fa940bd796371788bfd7f70f2
build/swiftpm/checkouts/swift-syntax/Tests/SwiftParserTest/translated/ForeachAsyncTests.swift	4a4d26389c4464e6b4690df9d9e3df0b6cd9d41a0c6926a420f5474618222904
build/swiftpm/checkouts/swift-syntax/Tests/SwiftParserTest/translated/ForeachTests.swift	32d5a22f5b21b8b77e0d47a227eb34aa250cb9bcb020c3156c0237c92ed70450
build/swiftpm/checkouts/swift-syntax/Tests/SwiftParserTest/translated/ForwardSlashRegexSkippingAllowedTests.swift	2b6a970944ac237dc5517b97a7d934e6e007cb375d4c59579f00501d23a8c815
build/swiftpm/checkouts/swift-syntax/Tests/SwiftParserTest/translated/ForwardSlashRegexSkippingInvalidTests.swift	2d4b244e25e264aad972d06736de4dc826c968ee954bcd1e9bb60d62081e5ce0
build/swiftpm/checkouts/swift-syntax/Tests/SwiftParserTest/translated/ForwardSlashRegexSkippingTests.swift	168383ae4211ff4287a54854d5304e17b170371a7467718322e84fc1be885ef4
build/swiftpm/checkouts/swift-syntax/Tests/SwiftParserTest/translated/ForwardSlashRegexTests.swift	c184d6c6ce50fbf2f257a28c8f865710401a376630438c6c6b804e5dc201548e
build/swiftpm/checkouts/swift-syntax/Tests/SwiftParserTest/translated/GenericDisambiguationTests.swift	18c4c44c2d706008578a6a62d5d211b7e153febe119da8df97e3c119286a05ba
build/swiftpm/checkouts/swift-syntax/Tests/SwiftParserTest/translated/GuardTests.swift	9643ca6c87e6baa34ad1e56b16523112610cc969225eece8bdfae496491efe44
build/swiftpm/checkouts/swift-syntax/Tests/SwiftParserTest/translated/GuardTopLevelTests.swift	ec52f0ccc522be5ddaf1971d807a5bd51334151e2f67baedd54155459d4847b7
build/swiftpm/checkouts/swift-syntax/Tests/SwiftParserTest/translated/HashbangLibraryTests.swift	1b7d127db5e6b502677d2a2ab8d6d5cbc5f421eb155dbb1fc7b8a038630edba0
build/swiftpm/checkouts/swift-syntax/Tests/SwiftParserTest/translated/HashbangMainTests.swift	7ae7af8372a916b5460aa1d741773aca9c6ac302e1e2b601f20786451f1c5ca1
build/swiftpm/checkouts/swift-syntax/Tests/SwiftParserTest/translated/IdentifiersTests.swift	51b289d4e96b259a279182646412d2f66d30c0a6287d18707bc52e95b4b66f4f
build/swiftpm/checkouts/swift-syntax/Tests/SwiftParserTest/translated/IfconfigExprTests.swift	f1e0ab47863f1bc08e7c8cb36bfad52837f795bf24872ba45b89147bd3a91e22
build/swiftpm/checkouts/swift-syntax/Tests/SwiftParserTest/translated/ImplicitGetterIncompleteTests.swift	35082d7fa0eec3d194bbfbc61ece6cc21ae66fb1ef90fed0a6cc9729e746cb54
build/swiftpm/checkouts/swift-syntax/Tests/SwiftParserTest/translated/InitDeinitTests.swift	19c81479f8a5430352e6c4b2fbb589fe92ed6cebbf99cc96f41b4417d5875da6
build/swiftpm/checkouts/swift-syntax/Tests/SwiftParserTest/translated/InvalidIfExprTests.swift	0546f9de314b9ecd98066c508f6bbdf7d3105c47807b31beebdc1961de2fb567
build/swiftpm/checkouts/swift-syntax/Tests/SwiftParserTest/translated/InvalidStringInterpolationProtocolTests.swift	f459b425394663a5a1440a82170acdf3b6e7e6ac9349d90e5c85220f9042bc8a
build/swiftpm/checkouts/swift-syntax/Tests/SwiftParserTest/translated/InvalidTests.swift	baccd11c35ab588ab3b39d6c10492bd7e77a24187ec03a4410bc8cdeea0143c9
build/swiftpm/checkouts/swift-syntax/Tests/SwiftParserTest/translated/MatchingPatternsTests.swift	eccf16a5fc91028ca159a17984776e4a7518915a50cd71e2abbdcea7d2415200
build/swiftpm/checkouts/swift-syntax/Tests/SwiftParserTest/translated/MetatypeObjectConversionTests.swift	fb2174587e7e06be84cf06002f2f411c0b65905e932a327688af4c4e3db9ec61
build/swiftpm/checkouts/swift-syntax/Tests/SwiftParserTest/translated/ModuleSelectorTests.swift	6e78263369e1b45966496a61f921d0bfce347a14a0d2a6c3dd82ed9b0d267b57
build/swiftpm/checkouts/swift-syntax/Tests/SwiftParserTest/translated/MoveExprTests.swift	5d45be360a8f23466f9ea9dd17229e6fb7ea9b7ac75fbe1c62ed779793428c67
build/swiftpm/checkouts/swift-syntax/Tests/SwiftParserTest/translated/MultilineErrorsTests.swift	7649cf8323b82d795aa3e24f85344d67c0e6fc27f7d9ef90c50db3c224108bcf
build/swiftpm/checkouts/swift-syntax/Tests/SwiftParserTest/translated/MultilinePoundDiagnosticArgRdar41154797Tests.swift	de051a7a7d51cac7e8f78d7b51a5f791d32aa31fec1dcc3a52fb3e9408918807
build/swiftpm/checkouts/swift-syntax/Tests/SwiftParserTest/translated/MultilineStringTests.swift	9698e469f02385dd25636d2bd220ea3e51b90d86fad7f2bcdf9b445b60b610e9
build/swiftpm/checkouts/swift-syntax/Tests/SwiftParserTest/translated/NoimplicitcopyAttrTests.swift	44c499134bd181a125bd22c5614d9bd61716e5483fe636955b667242e54a3fd1
build/swiftpm/checkouts/swift-syntax/Tests/SwiftParserTest/translated/NumberIdentifierErrorsTests.swift	8d8aaf62a56a9a44d6c7a044c762de1f82744a88d981021f9bb5f8c1e5d0971a
build/swiftpm/checkouts/swift-syntax/Tests/SwiftParserTest/translated/ObjcEnumTests.swift	f1d981d1f927325aced252c7c8c7170220d2ed8254365c09a406f79d53a489d7
build/swiftpm/checkouts/swift-syntax/Tests/SwiftParserTest/translated/ObjectLiteralsTests.swift	8ec4d9d8f56dc3f1a4d1a2135f64edd6301bad5a17346a46ea85f72f08e75af9
build/swiftpm/checkouts/swift-syntax/Tests/SwiftParserTest/translated/OperatorDeclDesignatedTypesTests.swift	8a1c7919184e622d90cbfbf3c75cdc879b473d9d8939d75683f648b49168b2ff
build/swiftpm/checkouts/swift-syntax/Tests/SwiftParserTest/translated/OperatorDeclTests.swift	2b765a244df2070ad86b5f93f4c22344597c57725a861e9fb4dbdea21f2270b3
build/swiftpm/checkouts/swift-syntax/Tests/SwiftParserTest/translated/OperatorsTests.swift	96f5087af8bafe28ede6d768f661bab1e4b151645f93facc3d4a3c892afe7b23
build/swiftpm/checkouts/swift-syntax/Tests/SwiftParserTest/translated/OptionalChainLvaluesTests.swift	5f2b6c608ec621067ac155a058066ec1060a9ae5efcb629fe625b1fab051e0b2
build/swiftpm/checkouts/swift-syntax/Tests/SwiftParserTest/translated/OptionalLvaluesTests.swift	558fd8e2230537c6b5c5dce9f73aaea640ecf2187ae25730029a2b3aebbe31d3
build/swiftpm/checkouts/swift-syntax/Tests/SwiftParserTest/translated/OptionalTests.swift	b46aef572fbb14118890a17599c6f6d53f81766c795445a32d77bc9d6b1f055b
build/swiftpm/checkouts/swift-syntax/Tests/SwiftParserTest/translated/OriginalDefinedInAttrTests.swift	0863aed4e5063284783ba7a2aa3f861ef67e8531ab7d7a84beaf3aadc7fc8db3
build/swiftpm/checkouts/swift-syntax/Tests/SwiftParserTest/translated/PatternWithoutVariablesScriptTests.swift	53da0897137702bc611b96df31d502034809a83a1e7d306f5737281b9f622074
build/swiftpm/checkouts/swift-syntax/Tests/SwiftParserTest/translated/PatternWithoutVariablesTests.swift	15de3d3072426b78415229768973fb3bda0d8f7ebdbd1dc8b26c411d1d78cd42
build/swiftpm/checkouts/swift-syntax/Tests/SwiftParserTest/translated/PlaygroundLvaluesTests.swift	a5ae9991d52b89da7a8abf3e6115cb65cc3e410d9c61a99006b83b4a0bcabdf1
build/swiftpm/checkouts/swift-syntax/Tests/SwiftParserTest/translated/PoundAssertTests.swift	0f2a7b0f948589a3eb96e23fd48a87611619e70b3fc1e12ff7d7aefd884a11e7
build/swiftpm/checkouts/swift-syntax/Tests/SwiftParserTest/translated/PrefixSlashTests.swift	e6646dd3797ff6692c4a16b8a4f4a3b8f0b5e77e00de5868708cfce8bccef2c5
build/swiftpm/checkouts/swift-syntax/Tests/SwiftParserTest/translated/RawStringErrorsTests.swift	fb2e833469604f4aa1321797df4f87bdca1a3d0aa75ad429e4a7827b83eaf58a
build/swiftpm/checkouts/swift-syntax/Tests/SwiftParserTest/translated/RawStringTests.swift	e46cd03630f127333cb7d644a4cb5edfeb9813fff8c6801b4f28451d6e78503e
build/swiftpm/checkouts/swift-syntax/Tests/SwiftParserTest/translated/RecoveryLibraryTests.swift	b71807acbc6ba2697377712963bd7836da4776b87ecb1fe20d6abefe2daf4dd1
build/swiftpm/checkouts/swift-syntax/Tests/SwiftParserTest/translated/RecoveryTests.swift	959a43609f566e019fca00da2304be9f7768d7ac4846894b14ee507ca7d6e38e
build/swiftpm/checkouts/swift-syntax/Tests/SwiftParserTest/translated/RegexParseEndOfBufferTests.swift	8b20046f67a1d82a183c3f88515b2324a600654033e34ead4353b0f36dca0305
build/swiftpm/checkouts/swift-syntax/Tests/SwiftParserTest/translated/RegexParseErrorTests.swift	e9ba5f705f49229df30b2cfcdb0c9da7220f2a9cb54d0d373c738793e0c32d98
build/swiftpm/checkouts/swift-syntax/Tests/SwiftParserTest/translated/RegexTests.swift	f8b6fa5e0bd6762e1e6c04b2c313cdd482df6e0e9a845b689ddc213d8c423cd3
build/swiftpm/checkouts/swift-syntax/Tests/SwiftParserTest/translated/ResultBuilderTests.swift	8b74db8816572f7e484cb67b6c6d5e3d4160d81e8aa1fc40b3c816fc4ff14c7b
build/swiftpm/checkouts/swift-syntax/Tests/SwiftParserTest/translated/SelfRebindingTests.swift	ea0bf396313c77b70165e8ba9b0923d2939e7afaafc6ee622c295f9ef10272b7
build/swiftpm/checkouts/swift-syntax/Tests/SwiftParserTest/translated/SemicolonTests.swift	a76564df395bc3e1f8a5e502c7df93e5a5a23456a5a9f2afd23d24bbad77e613
build/swiftpm/checkouts/swift-syntax/Tests/SwiftParserTest/translated/StringLiteralEofTests.swift	150782e7a01033799807cae1f1a4dc61784ffaf921a3947718103cc16f7bd1f9
build/swiftpm/checkouts/swift-syntax/Tests/SwiftParserTest/translated/SubscriptingTests.swift	4f300ceaccb15c255ee10638ba45abbdb98f86636b4adb0f604e16b89a72ca39
build/swiftpm/checkouts/swift-syntax/Tests/SwiftParserTest/translated/SuperTests.swift	4707ae84ca241ec755492b124229d8ef05fbd6b7aba677c35a022c5e57bb921a
build/swiftpm/checkouts/swift-syntax/Tests/SwiftParserTest/translated/SwitchIncompleteTests.swift	f3c87419bb786e60bfecbff9e696ac3c919b91f9fc47bfdf0348630307c448b7
build/swiftpm/checkouts/swift-syntax/Tests/SwiftParserTest/translated/SwitchTests.swift	3f0e308e2029ad9bddb45d3551f49dab2e66b3ef4421f87d70ecae17b052a590
build/swiftpm/checkouts/swift-syntax/Tests/SwiftParserTest/translated/ToplevelLibraryTests.swift	24d39763c50d499a5085872c1662e74681af5b8ad4302e26de60d8832bad2bf9
build/swiftpm/checkouts/swift-syntax/Tests/SwiftParserTest/translated/TrailingClosuresTests.swift	c1b9ad80913f71a67b1fe904db5811600299ab0781bd0be14039b57925cd260d
build/swiftpm/checkouts/swift-syntax/Tests/SwiftParserTest/translated/TrailingSemiTests.swift	2238ceaeb904784bb05de84da143edf58fa9cd51f0968a5271919724d1635eaf
build/swiftpm/checkouts/swift-syntax/Tests/SwiftParserTest/translated/TryTests.swift	a28256222bd328a25db0c334c8efe48db9d5557edc6db05b876d4fdb5be39067
build/swiftpm/checkouts/swift-syntax/Tests/SwiftParserTest/translated/TypeExprTests.swift	3d01422850b6581b088288f89936ebe9fc7f1ce4de9fe71d9e80b294520babab
build/swiftpm/checkouts/swift-syntax/Tests/SwiftParserTest/translated/TypealiasTests.swift	51a01af1f181014a45950dbc00c43d8662faac47a1a1f7b2de4d6ddb1795708e
build/swiftpm/checkouts/swift-syntax/Tests/SwiftParserTest/translated/UnclosedStringInterpolationTests.swift	abf2a300a90d379a2da965e698cd2a1fc21f88c6153a7449ce2ec71d9850d8c4
build/swiftpm/checkouts/swift-syntax/Tests/SwiftRefactorTest/CallToTrailingClosureTests.swift	c76050cac91bd527e7ba31b877ed56a1280b108ddd0332a437161115891e1c16
build/swiftpm/checkouts/swift-syntax/Tests/SwiftRefactorTest/ConvertComputedPropertyToStoredTest.swift	8ddd0e315e86eec7034e399fe8fa401aff581772455c5d94dd9d922d97c2de32
build/swiftpm/checkouts/swift-syntax/Tests/SwiftRefactorTest/ConvertComputedPropertyToZeroParameterFunctionTests.swift	e1d565b9a342a5f742543419005863087ffa7d3ce6ca7e6e1a8b4683f03882f3
build/swiftpm/checkouts/swift-syntax/Tests/SwiftRefactorTest/ConvertStoredPropertyToComputedTest.swift	d74ee4c0fbb422f78053a0ccc98e4804791463d1e461c2e3dd4e515ac188e238
build/swiftpm/checkouts/swift-syntax/Tests/SwiftRefactorTest/ConvertZeroParameterFunctionToComputedPropertyTests.swift	9b89ee32caed303c0e01f3ed85307f8c90f133e309ee71ab164be5c3a4fb25fd
build/swiftpm/checkouts/swift-syntax/Tests/SwiftRefactorTest/ExpandEditorPlaceholderTests.swift	df9b488ff5545da758d9f9f3a35be5c8019b3d44684ed7171a7f80f7edbf1458
build/swiftpm/checkouts/swift-syntax/Tests/SwiftRefactorTest/FormatRawStringLiteral.swift	35e508028778b799f11a498a65ead323f693f6e811736ca255818f01b79b53cb
build/swiftpm/checkouts/swift-syntax/Tests/SwiftRefactorTest/IntegerLiteralUtilities.swift	0b509c86d72b59172f15f39543eff9917d2cac82252a184a97854ce4904b2edd
build/swiftpm/checkouts/swift-syntax/Tests/SwiftRefactorTest/ManifestEditTests.swift	03b9d7e2ed149891fcf2ae4f3e4d2452736431b7e8fcdbaa0325bcd84f2d56f3
build/swiftpm/checkouts/swift-syntax/Tests/SwiftRefactorTest/MigrateToNewIfLetSyntax.swift	c2cf1450956160dc571684b719f69f6e4150a8a983425f41666fb6745095ab76
build/swiftpm/checkouts/swift-syntax/Tests/SwiftRefactorTest/OpaqueParameterToGeneric.swift	8e5900ca626a890890f13d3425db4103d2ee9f82e8974b0641d20607bb0bf038
build/swiftpm/checkouts/swift-syntax/Tests/SwiftRefactorTest/RefactorTestUtils.swift	943ef7eda4c944e1afb2c4f8eea1f97223d7283699e65fe0461c243e5d4704c9
build/swiftpm/checkouts/swift-syntax/Tests/SwiftRefactorTest/ReformatIntegerLiteral.swift	795b0c91b98b24bf4f059d599592f8bfced32d7eef1f13d5dc2f385a07349a7d
build/swiftpm/checkouts/swift-syntax/Tests/SwiftSyntaxBuilderTest/AccessorDeclTests.swift	b571038118ca5d0a5e875c8fc749b45e1bdef7e454ad7f3e269eae90d25652ab
build/swiftpm/checkouts/swift-syntax/Tests/SwiftSyntaxBuilderTest/ArrayExprTests.swift	9cad89fad54502dd3882fd0ebe1f66e7b70f33377b58d11297963a56654b86d7
build/swiftpm/checkouts/swift-syntax/Tests/SwiftSyntaxBuilderTest/Assertions.swift	a1f9511dbd13a5a23bbe7a393abe747fbbc856c5fa7615602beb9584b40acfca
build/swiftpm/checkouts/swift-syntax/Tests/SwiftSyntaxBuilderTest/AttributeListSyntaxTests.swift	b12abd8a3ca2f8f2780b6a3d22e4175235e46dd586023b4d723d741ce7f66617
build/swiftpm/checkouts/swift-syntax/Tests/SwiftSyntaxBuilderTest/BooleanLiteralTests.swift	2ee12594f35337d5eea524368f79c1f565ddd189cce9f6bd908ac83636cddb4b
build/swiftpm/checkouts/swift-syntax/Tests/SwiftSyntaxBuilderTest/BreakStmtSyntaxTests.swift	c7dd908215a7368a88035803da951fb8f37dd0c617cb7d85a15a8e8c69852feb
build/swiftpm/checkouts/swift-syntax/Tests/SwiftSyntaxBuilderTest/ClassDeclSyntaxTests.swift	73919f627c9711255653498bc0d7b95a614256848725baec27de4c46b4ebf6f8
build/swiftpm/checkouts/swift-syntax/Tests/SwiftSyntaxBuilderTest/ClosureExprTests.swift	a687fc0289fa01d1884ad1a81cdb4f7fd5000983b61a75e8d8421f97886604b4
build/swiftpm/checkouts/swift-syntax/Tests/SwiftSyntaxBuilderTest/CollectionNodeFlatteningTests.swift	9fae5b351ff059d11e2793c02237660653b25e445b0e2acb72d6eeb45f83d3f8
build/swiftpm/checkouts/swift-syntax/Tests/SwiftSyntaxBuilderTest/CustomAttributeTests.swift	d3a493ef1a54fa88399817bfda40dcd4d235a6ca855dfa0e5c3800ff56685875
build/swiftpm/checkouts/swift-syntax/Tests/SwiftSyntaxBuilderTest/DictionaryExprTests.swift	041df8fd2487ae96c1d2f74c67fc632bf28a1dc58ced1a287f4eb9edeab5842b
build/swiftpm/checkouts/swift-syntax/Tests/SwiftSyntaxBuilderTest/DoStmtTests.swift	cf1276f53af34cb383727dfe08f075fd8f496c58640490cf39fda6df313694f1
build/swiftpm/checkouts/swift-syntax/Tests/SwiftSyntaxBuilderTest/EnumCaseElementTests.swift	399a1db347c4f7355340abe07072c65f12a3b01a9f7676c6f4bdbd7bb3ad6518
build/swiftpm/checkouts/swift-syntax/Tests/SwiftSyntaxBuilderTest/ExprListTests.swift	66fe583e582b4d9d9671903130817705ebcd02b2919baef92a678cd8e26cd1b9
build/swiftpm/checkouts/swift-syntax/Tests/SwiftSyntaxBuilderTest/ExtensionDeclTests.swift	de3b13d34fd5265d2cede1d5c06ca917d1968d533c7c7c580e5bc77f495e3eaa
build/swiftpm/checkouts/swift-syntax/Tests/SwiftSyntaxBuilderTest/FloatLiteralTests.swift	a01afdf2c61a34690ef41afcfb61aff5933fff66b16cad79bbd488383b14eca1
build/swiftpm/checkouts/swift-syntax/Tests/SwiftSyntaxBuilderTest/ForInStmtTests.swift	547f6bcb1c6b385d598c7daba08641d02589735b6574140ec56ec8a37ccc7980
build/swiftpm/checkouts/swift-syntax/Tests/SwiftSyntaxBuilderTest/FunctionParameterSyntaxTests.swift	63f0dec89c71ebe862ada7be3c348752d8b9d0ff107052cf0a8e6c687024ed25
build/swiftpm/checkouts/swift-syntax/Tests/SwiftSyntaxBuilderTest/FunctionSignatureSyntaxTests.swift	5d9a1fcbc1342f63558e5ebd3fa149ebb73624b54f7a11604486454dfb9a874e
build/swiftpm/checkouts/swift-syntax/Tests/SwiftSyntaxBuilderTest/FunctionTests.swift	9bff8c6701c9e0f070d4a4d608faaeb8438ff4b98a5960931c702348434f4aa1
build/swiftpm/checkouts/swift-syntax/Tests/SwiftSyntaxBuilderTest/FunctionTypeSyntaxTests.swift	bd5d3d1a19bcbe14f804a7d508eb1c72152923faf62a9820073c46744dba2756
build/swiftpm/checkouts/swift-syntax/Tests/SwiftSyntaxBuilderTest/IfConfigDeclSyntaxTests.swift	3df443d5054265300c7e8403bcf1fb245aee8bab5589c969d77395eff5819a68
build/swiftpm/checkouts/swift-syntax/Tests/SwiftSyntaxBuilderTest/IfStmtTests.swift	51f7728e7818d3650cdd6eefce7c753fda3be6ba8b844ba22c8ce7f4ad6a542c
build/swiftpm/checkouts/swift-syntax/Tests/SwiftSyntaxBuilderTest/ImportDeclSyntaxTests.swift	bf9a1fe1b5e79fbb934b6b41e9a6c7386a9e2b68d1554330289497d4b7d45e4e
build/swiftpm/checkouts/swift-syntax/Tests/SwiftSyntaxBuilderTest/InitializerDeclTests.swift	7a34a52e3bbe241d2e3f3e9ec455426afb657b857f004e2d3b929df6050169cd
build/swiftpm/checkouts/swift-syntax/Tests/SwiftSyntaxBuilderTest/IntegerLiteralTests.swift	767d16119b2185de6140628a96f072844c5790c068fd6315c6e79ec7183613b8
build/swiftpm/checkouts/swift-syntax/Tests/SwiftSyntaxBuilderTest/LabeledExprSyntaxTests.swift	ad02ba3b7aafe9b84aecd0407b8deb5bc3eaf3eef2b18c554d9eb870c8ad073a
build/swiftpm/checkouts/swift-syntax/Tests/SwiftSyntaxBuilderTest/ProtocolDeclTests.swift	dc8a9d96c75a8468b6b2a08302f7944afe8068ffabb005352c61840352f97c9a
build/swiftpm/checkouts/swift-syntax/Tests/SwiftSyntaxBuilderTest/ReturnStmsTests.swift	282b05be6cd1932b299aa74d822689e2de41455d18312a4b85e4964d4c362006
build/swiftpm/checkouts/swift-syntax/Tests/SwiftSyntaxBuilderTest/SourceFileTests.swift	4884eca00251b674c49006e2e600df7d17a27c69afb8dd42e020bec5ba410479
build/swiftpm/checkouts/swift-syntax/Tests/SwiftSyntaxBuilderTest/StringInterpolationTests.swift	96d84aa4f6d83dd31045403279ad9ab9732f50fec737d951ce1513b1d0dd31a6
build/swiftpm/checkouts/swift-syntax/Tests/SwiftSyntaxBuilderTest/StringLiteralExprSyntaxTests.swift	4f84c2abec84b6b24ca51ee688c6d07186bc939282af0065bfcd6ca351948e44
build/swiftpm/checkouts/swift-syntax/Tests/SwiftSyntaxBuilderTest/StructTests.swift	4d262d07c2c2ba1baa5813b3615c49385243532341706ed2881bfa3b04138a31
build/swiftpm/checkouts/swift-syntax/Tests/SwiftSyntaxBuilderTest/SwitchCaseLabelSyntaxTests.swift	83c4e2c48608cfe6229e5ca9dbd6ed9a99b6f317bfc28fa38e9c75c1a561f180
build/swiftpm/checkouts/swift-syntax/Tests/SwiftSyntaxBuilderTest/SwitchTests.swift	0bb3d195f967a9b8b819c9d85c0dadffff7c1fa2827832299de086193002d126
build/swiftpm/checkouts/swift-syntax/Tests/SwiftSyntaxBuilderTest/TernaryExprTests.swift	83e73c2d2c15cff8f7021ef38c1bf44e9d14d9756a25aa5ba983374300420521
build/swiftpm/checkouts/swift-syntax/Tests/SwiftSyntaxBuilderTest/TriviaTests.swift	0eca1e4b02d7cc5c92dfb56a10d9697507ad4ed5db1be9523bfcfc96b546c55b
build/swiftpm/checkouts/swift-syntax/Tests/SwiftSyntaxBuilderTest/TupleTests.swift	e02aaa78bfd7e2630119cd4ea23a2b0968352eba5bec8618654e3973b7468953
build/swiftpm/checkouts/swift-syntax/Tests/SwiftSyntaxBuilderTest/VariableTests.swift	ded3600746c2e11d33cb348c41a9169ef87c9653454c92e824caf359691d403a
build/swiftpm/checkouts/swift-syntax/Tests/SwiftSyntaxMacroExpansionTest/AccessorMacroTests.swift	1a6c4a59584210bcd5a14be1fdd720bc9e97e3a33755fcb60189dedea0f4c0ee
build/swiftpm/checkouts/swift-syntax/Tests/SwiftSyntaxMacroExpansionTest/AttributeRemoverTests.swift	03abd3c543792e71a034d23127bfabec495b8eea2405df9262e3af33ed6f0213
build/swiftpm/checkouts/swift-syntax/Tests/SwiftSyntaxMacroExpansionTest/BodyMacroTests.swift	a7745a04410335637e9c8c98c4fad794398c2158d49d04d7b7f33ae1295843fe
build/swiftpm/checkouts/swift-syntax/Tests/SwiftSyntaxMacroExpansionTest/CodeItemMacroTests.swift	a1511a8b79e5e85f707f13dd7c09ea758ee20cf87e65126daf16affb578d5fe9
build/swiftpm/checkouts/swift-syntax/Tests/SwiftSyntaxMacroExpansionTest/DeclarationMacroTests.swift	00b6d33da5171d38ab3663e066fb450c93f1bb5b159c12a873f044584bfb8cf8
build/swiftpm/checkouts/swift-syntax/Tests/SwiftSyntaxMacroExpansionTest/ExpressionMacroTests.swift	0fcbb9252582f490e38c2e93433ac10782bc5eeff51c98d06d0b625dcff23692
build/swiftpm/checkouts/swift-syntax/Tests/SwiftSyntaxMacroExpansionTest/ExtensionMacroTests.swift	adfbf6161d04ce1f9ec506f8ae9bc3d8649e5dca16853a6cd66b7fd233685f8a
build/swiftpm/checkouts/swift-syntax/Tests/SwiftSyntaxMacroExpansionTest/LexicalContextTests.swift	ceddf935a943d625ef22a3674764024b377b2d09eebf907b4d14894f44a74306
build/swiftpm/checkouts/swift-syntax/Tests/SwiftSyntaxMacroExpansionTest/MacroArgumentTests.swift	25ce0b418161588ac2cb9b18238056af83f53098afcf5f78f183489c79d9061e
build/swiftpm/checkouts/swift-syntax/Tests/SwiftSyntaxMacroExpansionTest/MacroReplacementTests.swift	b9692cfd580f45c327b684f9168c4d3ea06fc92913442bad0c199d5899205226
build/swiftpm/checkouts/swift-syntax/Tests/SwiftSyntaxMacroExpansionTest/MemberAttributeMacroTests.swift	2221265fa57c734e6626207ce2246666371e017de8e03004f8b7aa0feb808da8
build/swiftpm/checkouts/swift-syntax/Tests/SwiftSyntaxMacroExpansionTest/MemberMacroTests.swift	bfb9ee0633e6bf93d672f5812b41e38b9a3dfc4f821290e8a029d59787045c89
build/swiftpm/checkouts/swift-syntax/Tests/SwiftSyntaxMacroExpansionTest/MultiRoleMacroTests.swift	f09533fd7527a71a31ca39027cdd36a1edfad4c59c4315fed4caa3f302ae377b
build/swiftpm/checkouts/swift-syntax/Tests/SwiftSyntaxMacroExpansionTest/PeerMacroTests.swift	cd08ab3f3ee5fea9c7c58e0235a43cd6c353074297f20eebfebe8aa6af074b72
build/swiftpm/checkouts/swift-syntax/Tests/SwiftSyntaxMacroExpansionTest/PreambleMacroTests.swift	4521e8bd60244f181e0c022c989e37dbd42f41c764feb031e564c58cf69b2b5b
build/swiftpm/checkouts/swift-syntax/Tests/SwiftSyntaxMacroExpansionTest/StringInterpolationErrorTests.swift	1f532e4a43dd68ab0c9540fc533b0aa27306d4c16be34f2aedf828c3c2156fa0
build/swiftpm/checkouts/swift-syntax/Tests/SwiftSyntaxMacroExpansionTest/SwiftTestingTests.swift	214e4fc5916f76b2808346fe3b2623b1335cab93e77f5629d2a45967da629adf
build/swiftpm/checkouts/swift-syntax/Tests/SwiftSyntaxMacrosTestSupportTests/AssertionsTests.swift	6e1e0d61bb8ece6282ca21adc753c67e3b055b8e510072880a4df9328f38cbba
build/swiftpm/checkouts/swift-syntax/Tests/SwiftSyntaxTest/AbsolutePositionTests.swift	07f650767dfefec19ba51f553c93c25df8314fde73bc8f788975907f463d37c9
build/swiftpm/checkouts/swift-syntax/Tests/SwiftSyntaxTest/BumpPtrAllocatorTests.swift	f909e933214c6bdd0db813dcc4f4e68e626c6c2270815d85851579536f55178c
build/swiftpm/checkouts/swift-syntax/Tests/SwiftSyntaxTest/DebugDescriptionTests.swift	aaea279a3715657a547c31e7b6c4cf6f4acf23fe3e50f58b658abbc6c95a6389
build/swiftpm/checkouts/swift-syntax/Tests/SwiftSyntaxTest/DummyParseToken.swift	595bb07cd477e1b89316d56ea164a4fc916ad0aea15f921f263bcf7c7909ef89
build/swiftpm/checkouts/swift-syntax/Tests/SwiftSyntaxTest/IdentifierTests.swift	846b93c9ec18f9adbc6ffe0befc49b360000762b411683c820e53207ec886344
build/swiftpm/checkouts/swift-syntax/Tests/SwiftSyntaxTest/MemoryLayoutTest.swift	fdbf60800670ed8eaa8064099ad4a1e24306792dab1bfa83fcac7c77ed79eeca
build/swiftpm/checkouts/swift-syntax/Tests/SwiftSyntaxTest/MultithreadingTests.swift	2b73ab34d2c1d717e385006af4114378a1b03fa557e549227d96ea1679e3d114
build/swiftpm/checkouts/swift-syntax/Tests/SwiftSyntaxTest/RawSyntaxTests.swift	da8442dd78026096a642ac6f3bdcb3e38471315e8d43094358617e28eaf6121c
build/swiftpm/checkouts/swift-syntax/Tests/SwiftSyntaxTest/SourceLocationConverterTests.swift	8b02f5da0794bbe6ac9af2bb30d886e9527c7a1f50959348b0a42d3277d80702
build/swiftpm/checkouts/swift-syntax/Tests/SwiftSyntaxTest/SyntaxChildrenTests.swift	064ed69dafa445a23ddc446701221c889c60542d8dc415465122588bb05e39a5
build/swiftpm/checkouts/swift-syntax/Tests/SwiftSyntaxTest/SyntaxCollectionsTests.swift	a99619977be03901540695179612bc7b30fbc005681c50905af94b4a4995abce
build/swiftpm/checkouts/swift-syntax/Tests/SwiftSyntaxTest/SyntaxCreationTests.swift	1922c84b78b758d5c3d0ba2ddbf285d6861e01839afd40a60ee14f4d9fb91a05
build/swiftpm/checkouts/swift-syntax/Tests/SwiftSyntaxTest/SyntaxTests.swift	b6ac69b6cb84b032168f1d47cf9aebe3fe6998dd2df358c6d3dc02a0d3e78964
build/swiftpm/checkouts/swift-syntax/Tests/SwiftSyntaxTest/SyntaxTextTests.swift	bd3fc2a953fc8fb22fec3fb2773c052d37f0a94c4c31fc60f72c5768869c78cd
build/swiftpm/checkouts/swift-syntax/Tests/SwiftSyntaxTest/SyntaxTreeModifierTests.swift	743e8055782ddd9b92e52b6b184401aa22fe6e32eb014e22821d6967a485f064
build/swiftpm/checkouts/swift-syntax/Tests/SwiftSyntaxTest/SyntaxVisitorTests.swift	310fe339548198fdfc875502f4b70c10950200126b372da87eb86d9bb68438b2
build/swiftpm/checkouts/swift-syntax/Tests/SwiftSyntaxTest/TriviaTests.swift	2afa6c1dde8f29d1df3603278e74b151db5bd22119ca08ca1ac209825ee69ee9
build/swiftpm/checkouts/swift-syntax/Tests/SwiftSyntaxTest/VisitorTests.swift	f0e645db2610c5b7fb114b5f1976a45ac24f8fe3cc2cccfab8b81576f1d32e9c
build/swiftpm/checkouts/swift-syntax/Tests/SwiftSyntaxTestSupportTest/IncrementalParseTestUtilsTest.swift	e0a93ef9e778d6775f2b3845f285b882fba880dc951ab36aa4fd995e36120682
build/swiftpm/checkouts/swift-syntax/Tests/SwiftSyntaxTestSupportTest/SyntaxComparisonTests.swift	0d14d91baadcacc5d1f0261d654cee2ca58dc3077d29f3a7fd418ac347a861f5
build/swiftpm/checkouts/swift-syntax/Tests/SwiftWarningControlTest/WarningControlTests.swift	e0eb74e5e2123aea09e28b4e5cc9a7bf9512d389e3e2a22b930746f1df9a14d1
build/swiftpm/checkouts/swift-syntax/WORKSPACE	e3b0c44298fc1c149afbf4c8996fb92427ae41e4649b934ca495991b7852b855
build/swiftpm/checkouts/swift-syntax/cmake/modules/AddSwiftHostLibrary.cmake	1592d1e2455bbbcf5320d8256c6318cdb9dea1c15b4aebdc9e18e19e132104df
build/swiftpm/checkouts/swift-syntax/cmake/modules/CMakeLists.txt	fd31194658462177b67e96120a108ea31a3a07686b9531290739a5c8d3f4ef3f
build/swiftpm/checkouts/swift-syntax/cmake/modules/SwiftCompilerCapability.cmake	052777af7e56d9ce9112e299c7db448c2c34585ac2a4a3d0981efbf65152f138
build/swiftpm/checkouts/swift-syntax/swift-syntax-dev-utils	3f1a534e467840533118bc6d25eb50916c5f28a55c66dc1f3a12552c89cb18a5
build/swiftpm/checkouts/swift-syntax/utils/bazel/BUILD.bazel	c8f6f211a4ce974aec994d37657c2a71ce5c1975576f66dfcf796688f3be9c65
build/swiftpm/checkouts/swift-syntax/utils/bazel/opt_wrapper.bzl	03f4b951db1e9c567f40804f9eab350e77ad85449751fd5bce76d65a3aa211b2
build/swiftpm/checkouts/swift-syntax/utils/bazel/swift_syntax_library.bzl	9c96bf78872f11d9fdb41430271ce0fea0c5891cff548a0e08b1d1492b78fb04
build/swiftpm/plugin-tools.yaml	19e4056aabb09b91e73bce4420608f84c5de073a556c227fa30fdf22b5d148a4
build/swiftpm/prebuilts/swift-syntax/603.0.2/swift-6.3.2-RELEASE-macos_universal-MacroSupport.zip	ee6dd31d80ef4b45508b6736a5eccf7ceac0601cbc0dee89479d83b3a241b73f
build/swiftpm/prebuilts/swift-syntax/603.0.2/swift-6.3.2-RELEASE-macos_universal-MacroSupport/Modules/SwiftBasicFormat.swiftmodule/Project/arm64-apple-macos.swiftsourceinfo	146ff6c3a01bf614f9b0e4ab97d1928c16d2c4302b48af9bb1f271fb1e22b06f
build/swiftpm/prebuilts/swift-syntax/603.0.2/swift-6.3.2-RELEASE-macos_universal-MacroSupport/Modules/SwiftBasicFormat.swiftmodule/Project/x86_64-apple-macos.swiftsourceinfo	3a0f27071b665ad5a7bd0eee1329edc99f1c6f7a934c17d11e70ef71729dc8fa
build/swiftpm/prebuilts/swift-syntax/603.0.2/swift-6.3.2-RELEASE-macos_universal-MacroSupport/Modules/SwiftBasicFormat.swiftmodule/arm64-apple-macos.abi.json	4277ac6b49f8511196028a5ac20f5b1b1dfa754c24615d34068089f0b1739728
build/swiftpm/prebuilts/swift-syntax/603.0.2/swift-6.3.2-RELEASE-macos_universal-MacroSupport/Modules/SwiftBasicFormat.swiftmodule/arm64-apple-macos.swiftdoc	84795cd8402c8c196e39438f9975ebeb8c044561f14818037640d6cc19c6fded
build/swiftpm/prebuilts/swift-syntax/603.0.2/swift-6.3.2-RELEASE-macos_universal-MacroSupport/Modules/SwiftBasicFormat.swiftmodule/arm64-apple-macos.swiftmodule	3b53e5a82ee9cecc527b56c106e16eb7879d850d7c14af9459491178ddacf98d
build/swiftpm/prebuilts/swift-syntax/603.0.2/swift-6.3.2-RELEASE-macos_universal-MacroSupport/Modules/SwiftBasicFormat.swiftmodule/x86_64-apple-macos.abi.json	4277ac6b49f8511196028a5ac20f5b1b1dfa754c24615d34068089f0b1739728
build/swiftpm/prebuilts/swift-syntax/603.0.2/swift-6.3.2-RELEASE-macos_universal-MacroSupport/Modules/SwiftBasicFormat.swiftmodule/x86_64-apple-macos.swiftdoc	fdc15710b4e4c8c45cfd10621db38bea61acd9fee06d44571e3910db282bf58d
build/swiftpm/prebuilts/swift-syntax/603.0.2/swift-6.3.2-RELEASE-macos_universal-MacroSupport/Modules/SwiftBasicFormat.swiftmodule/x86_64-apple-macos.swiftmodule	771779a61ecafe9f2969449770de4d3e6c9519b9dc7da5f38c94ffc4f5fd40ee
build/swiftpm/prebuilts/swift-syntax/603.0.2/swift-6.3.2-RELEASE-macos_universal-MacroSupport/Modules/SwiftCompilerPlugin.swiftmodule/Project/arm64-apple-macos.swiftsourceinfo	cccb15951070f4380091e429f23277dc5c4798eb642de0658507396b8825f81c
build/swiftpm/prebuilts/swift-syntax/603.0.2/swift-6.3.2-RELEASE-macos_universal-MacroSupport/Modules/SwiftCompilerPlugin.swiftmodule/Project/x86_64-apple-macos.swiftsourceinfo	bc197b4840ba0834f025fb00631a353d237995f64714c12847ed0a6dc0872958
build/swiftpm/prebuilts/swift-syntax/603.0.2/swift-6.3.2-RELEASE-macos_universal-MacroSupport/Modules/SwiftCompilerPlugin.swiftmodule/arm64-apple-macos.abi.json	4277ac6b49f8511196028a5ac20f5b1b1dfa754c24615d34068089f0b1739728
build/swiftpm/prebuilts/swift-syntax/603.0.2/swift-6.3.2-RELEASE-macos_universal-MacroSupport/Modules/SwiftCompilerPlugin.swiftmodule/arm64-apple-macos.swiftdoc	20ebfa7ae8fec6ac7b675f1945ca5a372667f8e24d388f0ddef88fb38bd2d86c
build/swiftpm/prebuilts/swift-syntax/603.0.2/swift-6.3.2-RELEASE-macos_universal-MacroSupport/Modules/SwiftCompilerPlugin.swiftmodule/arm64-apple-macos.swiftmodule	af785e93f90b3d91c2fe7cfb18773ca7cf67207453c4604d784370c6c2b567b5
build/swiftpm/prebuilts/swift-syntax/603.0.2/swift-6.3.2-RELEASE-macos_universal-MacroSupport/Modules/SwiftCompilerPlugin.swiftmodule/x86_64-apple-macos.abi.json	4277ac6b49f8511196028a5ac20f5b1b1dfa754c24615d34068089f0b1739728
build/swiftpm/prebuilts/swift-syntax/603.0.2/swift-6.3.2-RELEASE-macos_universal-MacroSupport/Modules/SwiftCompilerPlugin.swiftmodule/x86_64-apple-macos.swiftdoc	71f8f0d3d9fe0db3e2a17dda1f7c1aeb48a5b2a5e9acb2b24398ff9a5d5845a4
build/swiftpm/prebuilts/swift-syntax/603.0.2/swift-6.3.2-RELEASE-macos_universal-MacroSupport/Modules/SwiftCompilerPlugin.swiftmodule/x86_64-apple-macos.swiftmodule	f8ce374e862d54a02546ff45311cd1c604a7437b14b56ee6903929834f0164be
build/swiftpm/prebuilts/swift-syntax/603.0.2/swift-6.3.2-RELEASE-macos_universal-MacroSupport/Modules/SwiftCompilerPluginMessageHandling.swiftmodule/Project/arm64-apple-macos.swiftsourceinfo	ab95d4cbcdcf0a68a6e0c567467aa0e4d7b1cc5f548e3c3996c12e4ad9d1771d
build/swiftpm/prebuilts/swift-syntax/603.0.2/swift-6.3.2-RELEASE-macos_universal-MacroSupport/Modules/SwiftCompilerPluginMessageHandling.swiftmodule/Project/x86_64-apple-macos.swiftsourceinfo	43512ad0c174f93c7e3cc22f71608e316d043df5fcad6445afc8f02128bcbd9f
build/swiftpm/prebuilts/swift-syntax/603.0.2/swift-6.3.2-RELEASE-macos_universal-MacroSupport/Modules/SwiftCompilerPluginMessageHandling.swiftmodule/arm64-apple-macos.abi.json	4277ac6b49f8511196028a5ac20f5b1b1dfa754c24615d34068089f0b1739728
build/swiftpm/prebuilts/swift-syntax/603.0.2/swift-6.3.2-RELEASE-macos_universal-MacroSupport/Modules/SwiftCompilerPluginMessageHandling.swiftmodule/arm64-apple-macos.swiftdoc	aa8f0b5f2c0b31104aa8be38585a56db13599f2eee03523815c7e6ff0f09c8d2
build/swiftpm/prebuilts/swift-syntax/603.0.2/swift-6.3.2-RELEASE-macos_universal-MacroSupport/Modules/SwiftCompilerPluginMessageHandling.swiftmodule/arm64-apple-macos.swiftmodule	c1e29da711732919d09365f72b0e49d7947ea05f8a9a3084cb7c4976c0dc3614
build/swiftpm/prebuilts/swift-syntax/603.0.2/swift-6.3.2-RELEASE-macos_universal-MacroSupport/Modules/SwiftCompilerPluginMessageHandling.swiftmodule/x86_64-apple-macos.abi.json	4277ac6b49f8511196028a5ac20f5b1b1dfa754c24615d34068089f0b1739728
build/swiftpm/prebuilts/swift-syntax/603.0.2/swift-6.3.2-RELEASE-macos_universal-MacroSupport/Modules/SwiftCompilerPluginMessageHandling.swiftmodule/x86_64-apple-macos.swiftdoc	9e857bcb838c3425d90063c8100460a7986638f114161774ff170e03baa13b89
build/swiftpm/prebuilts/swift-syntax/603.0.2/swift-6.3.2-RELEASE-macos_universal-MacroSupport/Modules/SwiftCompilerPluginMessageHandling.swiftmodule/x86_64-apple-macos.swiftmodule	7e0cc08e3e7b6e76ae6df1a791ec8ceb49597ab4a895802a90a21701cb5808c5
build/swiftpm/prebuilts/swift-syntax/603.0.2/swift-6.3.2-RELEASE-macos_universal-MacroSupport/Modules/SwiftDiagnostics.swiftmodule/Project/arm64-apple-macos.swiftsourceinfo	d1f86dddd22b18d6e2ed7a846715a61bda873fdf8a13590ff1eb55359712fce8
build/swiftpm/prebuilts/swift-syntax/603.0.2/swift-6.3.2-RELEASE-macos_universal-MacroSupport/Modules/SwiftDiagnostics.swiftmodule/Project/x86_64-apple-macos.swiftsourceinfo	ec366412f850b68ddfb4b499eedc6cf0a7dc1f679a01df2debfcfef6daccf9fb
build/swiftpm/prebuilts/swift-syntax/603.0.2/swift-6.3.2-RELEASE-macos_universal-MacroSupport/Modules/SwiftDiagnostics.swiftmodule/arm64-apple-macos.abi.json	4277ac6b49f8511196028a5ac20f5b1b1dfa754c24615d34068089f0b1739728
build/swiftpm/prebuilts/swift-syntax/603.0.2/swift-6.3.2-RELEASE-macos_universal-MacroSupport/Modules/SwiftDiagnostics.swiftmodule/arm64-apple-macos.swiftdoc	5cbf6b9d5ad41941abbf8b282f6a399dbc75508d421279334b5f1bb07d14f9fc
build/swiftpm/prebuilts/swift-syntax/603.0.2/swift-6.3.2-RELEASE-macos_universal-MacroSupport/Modules/SwiftDiagnostics.swiftmodule/arm64-apple-macos.swiftmodule	f61a2adc3a72c2977734db32b9b72a6ec4aa2f92c79efd458db30a1d053bdb21
build/swiftpm/prebuilts/swift-syntax/603.0.2/swift-6.3.2-RELEASE-macos_universal-MacroSupport/Modules/SwiftDiagnostics.swiftmodule/x86_64-apple-macos.abi.json	4277ac6b49f8511196028a5ac20f5b1b1dfa754c24615d34068089f0b1739728
build/swiftpm/prebuilts/swift-syntax/603.0.2/swift-6.3.2-RELEASE-macos_universal-MacroSupport/Modules/SwiftDiagnostics.swiftmodule/x86_64-apple-macos.swiftdoc	cc77b8a80866629d5a722ee772f20ca2d9aaa42f7f6d003b5c8b2554a31d3c61
build/swiftpm/prebuilts/swift-syntax/603.0.2/swift-6.3.2-RELEASE-macos_universal-MacroSupport/Modules/SwiftDiagnostics.swiftmodule/x86_64-apple-macos.swiftmodule	ef61b30f3fd0a8bd595f178063697a270f74c4a3483574266bac9435c54241a7
build/swiftpm/prebuilts/swift-syntax/603.0.2/swift-6.3.2-RELEASE-macos_universal-MacroSupport/Modules/SwiftIDEUtils.swiftmodule/Project/arm64-apple-macos.swiftsourceinfo	ee7229026f454cf14a6724743ed441261dcf8e7eae6fc1b25b75e5d695aa6fbd
build/swiftpm/prebuilts/swift-syntax/603.0.2/swift-6.3.2-RELEASE-macos_universal-MacroSupport/Modules/SwiftIDEUtils.swiftmodule/Project/x86_64-apple-macos.swiftsourceinfo	33d13b251d245f4b627a54077e58bc493d5d98f9c14b1c97c7e3b9baca2742bd
build/swiftpm/prebuilts/swift-syntax/603.0.2/swift-6.3.2-RELEASE-macos_universal-MacroSupport/Modules/SwiftIDEUtils.swiftmodule/arm64-apple-macos.abi.json	4277ac6b49f8511196028a5ac20f5b1b1dfa754c24615d34068089f0b1739728
build/swiftpm/prebuilts/swift-syntax/603.0.2/swift-6.3.2-RELEASE-macos_universal-MacroSupport/Modules/SwiftIDEUtils.swiftmodule/arm64-apple-macos.swiftdoc	2dad413c4d2d6af8db92fed20ba813e73d9a1ec0e1091f8f3682603cf4fed653
build/swiftpm/prebuilts/swift-syntax/603.0.2/swift-6.3.2-RELEASE-macos_universal-MacroSupport/Modules/SwiftIDEUtils.swiftmodule/arm64-apple-macos.swiftmodule	a172f7390fea7dd7e13ef4986ead204ef8b5dc4fee5a62829b0fca3237f0e732
build/swiftpm/prebuilts/swift-syntax/603.0.2/swift-6.3.2-RELEASE-macos_universal-MacroSupport/Modules/SwiftIDEUtils.swiftmodule/x86_64-apple-macos.abi.json	4277ac6b49f8511196028a5ac20f5b1b1dfa754c24615d34068089f0b1739728
build/swiftpm/prebuilts/swift-syntax/603.0.2/swift-6.3.2-RELEASE-macos_universal-MacroSupport/Modules/SwiftIDEUtils.swiftmodule/x86_64-apple-macos.swiftdoc	bcf3f4f801153f376fe52e038a36acf5cb989bd46b99b2bb7d0f1ac6aa428b01
build/swiftpm/prebuilts/swift-syntax/603.0.2/swift-6.3.2-RELEASE-macos_universal-MacroSupport/Modules/SwiftIDEUtils.swiftmodule/x86_64-apple-macos.swiftmodule	f5be912ea500243b70bd7c11158281de7b9ccc7fb4aa642c4cd6268e9c7f006c
build/swiftpm/prebuilts/swift-syntax/603.0.2/swift-6.3.2-RELEASE-macos_universal-MacroSupport/Modules/SwiftIfConfig.swiftmodule/Project/arm64-apple-macos.swiftsourceinfo	2e6eb6fafcff683ecd144fc2a3b8226f1daeb150c8a3d604cf02cf852e25e221
build/swiftpm/prebuilts/swift-syntax/603.0.2/swift-6.3.2-RELEASE-macos_universal-MacroSupport/Modules/SwiftIfConfig.swiftmodule/Project/x86_64-apple-macos.swiftsourceinfo	b18c992d3ccc6e6629b02ab93415587f5a6e71db4c0124671abc529e11fb5b28
build/swiftpm/prebuilts/swift-syntax/603.0.2/swift-6.3.2-RELEASE-macos_universal-MacroSupport/Modules/SwiftIfConfig.swiftmodule/arm64-apple-macos.abi.json	4277ac6b49f8511196028a5ac20f5b1b1dfa754c24615d34068089f0b1739728
build/swiftpm/prebuilts/swift-syntax/603.0.2/swift-6.3.2-RELEASE-macos_universal-MacroSupport/Modules/SwiftIfConfig.swiftmodule/arm64-apple-macos.swiftdoc	a76584673ee1ff90ff314ccaa2ecb7197b29f82eb886d7d266307368779da7b9
build/swiftpm/prebuilts/swift-syntax/603.0.2/swift-6.3.2-RELEASE-macos_universal-MacroSupport/Modules/SwiftIfConfig.swiftmodule/arm64-apple-macos.swiftmodule	5146c4cda498d2573e4312ed65171b3bcceaf873c78680b312dddd4628f935a6
build/swiftpm/prebuilts/swift-syntax/603.0.2/swift-6.3.2-RELEASE-macos_universal-MacroSupport/Modules/SwiftIfConfig.swiftmodule/x86_64-apple-macos.abi.json	4277ac6b49f8511196028a5ac20f5b1b1dfa754c24615d34068089f0b1739728
build/swiftpm/prebuilts/swift-syntax/603.0.2/swift-6.3.2-RELEASE-macos_universal-MacroSupport/Modules/SwiftIfConfig.swiftmodule/x86_64-apple-macos.swiftdoc	a8e04f668fe76b336aa2e11d9a7193285b606851ec991bc6078395ef2cddf469
build/swiftpm/prebuilts/swift-syntax/603.0.2/swift-6.3.2-RELEASE-macos_universal-MacroSupport/Modules/SwiftIfConfig.swiftmodule/x86_64-apple-macos.swiftmodule	c5a9c2f69c4924e814bc877d3661f828b2783c98000e03cc018880277266df7a
build/swiftpm/prebuilts/swift-syntax/603.0.2/swift-6.3.2-RELEASE-macos_universal-MacroSupport/Modules/SwiftLexicalLookup.swiftmodule/Project/arm64-apple-macos.swiftsourceinfo	14fca9fa61d8a54f19fdd5849b56afcfcba3aa4ad24c7172ede2c460b35ec09e
build/swiftpm/prebuilts/swift-syntax/603.0.2/swift-6.3.2-RELEASE-macos_universal-MacroSupport/Modules/SwiftLexicalLookup.swiftmodule/Project/x86_64-apple-macos.swiftsourceinfo	798d77f0612f05cf10a66882aeed148c391741621da382ae00f2c0aecb67f5da
build/swiftpm/prebuilts/swift-syntax/603.0.2/swift-6.3.2-RELEASE-macos_universal-MacroSupport/Modules/SwiftLexicalLookup.swiftmodule/arm64-apple-macos.abi.json	4277ac6b49f8511196028a5ac20f5b1b1dfa754c24615d34068089f0b1739728
build/swiftpm/prebuilts/swift-syntax/603.0.2/swift-6.3.2-RELEASE-macos_universal-MacroSupport/Modules/SwiftLexicalLookup.swiftmodule/arm64-apple-macos.swiftdoc	e2ce5ddce4315646c13193412afda19258d71b72378958a1b11c2f709bcf2c78
build/swiftpm/prebuilts/swift-syntax/603.0.2/swift-6.3.2-RELEASE-macos_universal-MacroSupport/Modules/SwiftLexicalLookup.swiftmodule/arm64-apple-macos.swiftmodule	61abcdc44a0798e7d5258dce4babc5995d4ce28a1e7800adf20392f543d71a83
build/swiftpm/prebuilts/swift-syntax/603.0.2/swift-6.3.2-RELEASE-macos_universal-MacroSupport/Modules/SwiftLexicalLookup.swiftmodule/x86_64-apple-macos.abi.json	4277ac6b49f8511196028a5ac20f5b1b1dfa754c24615d34068089f0b1739728
build/swiftpm/prebuilts/swift-syntax/603.0.2/swift-6.3.2-RELEASE-macos_universal-MacroSupport/Modules/SwiftLexicalLookup.swiftmodule/x86_64-apple-macos.swiftdoc	1b66a80690d6687e2fc2bd2130afdcfe989171262bec92465ad75cc36507c201
build/swiftpm/prebuilts/swift-syntax/603.0.2/swift-6.3.2-RELEASE-macos_universal-MacroSupport/Modules/SwiftLexicalLookup.swiftmodule/x86_64-apple-macos.swiftmodule	c5195538dc39c28ea9edc2c2f53957dba3160efdaa9c7d57f34393d71b6454b7
build/swiftpm/prebuilts/swift-syntax/603.0.2/swift-6.3.2-RELEASE-macos_universal-MacroSupport/Modules/SwiftLibraryPluginProvider.swiftmodule/Project/arm64-apple-macos.swiftsourceinfo	14651b41fa6d7045844f12a90592ad5132d184f72a50d824be8aaf48044247f8
build/swiftpm/prebuilts/swift-syntax/603.0.2/swift-6.3.2-RELEASE-macos_universal-MacroSupport/Modules/SwiftLibraryPluginProvider.swiftmodule/Project/x86_64-apple-macos.swiftsourceinfo	d12acc41669e7077cbf26b8164ef965d1e6e49d28b66aa63e5e2c5dd222ec121
build/swiftpm/prebuilts/swift-syntax/603.0.2/swift-6.3.2-RELEASE-macos_universal-MacroSupport/Modules/SwiftLibraryPluginProvider.swiftmodule/arm64-apple-macos.abi.json	4277ac6b49f8511196028a5ac20f5b1b1dfa754c24615d34068089f0b1739728
build/swiftpm/prebuilts/swift-syntax/603.0.2/swift-6.3.2-RELEASE-macos_universal-MacroSupport/Modules/SwiftLibraryPluginProvider.swiftmodule/arm64-apple-macos.swiftdoc	f14ca1048413ec8995a375cb31cbc3f2aec401a8ceb236b1352d4412db5e5dbc
build/swiftpm/prebuilts/swift-syntax/603.0.2/swift-6.3.2-RELEASE-macos_universal-MacroSupport/Modules/SwiftLibraryPluginProvider.swiftmodule/arm64-apple-macos.swiftmodule	86246580557364f9a2ab5b01024a158a0062d82eac2a32e90772116a75e28e89
build/swiftpm/prebuilts/swift-syntax/603.0.2/swift-6.3.2-RELEASE-macos_universal-MacroSupport/Modules/SwiftLibraryPluginProvider.swiftmodule/x86_64-apple-macos.abi.json	4277ac6b49f8511196028a5ac20f5b1b1dfa754c24615d34068089f0b1739728
build/swiftpm/prebuilts/swift-syntax/603.0.2/swift-6.3.2-RELEASE-macos_universal-MacroSupport/Modules/SwiftLibraryPluginProvider.swiftmodule/x86_64-apple-macos.swiftdoc	01ad1fdd0e6244309187260a7db0ab127d2f7cbd19a7cdc0e0f4271efb87b44d
build/swiftpm/prebuilts/swift-syntax/603.0.2/swift-6.3.2-RELEASE-macos_universal-MacroSupport/Modules/SwiftLibraryPluginProvider.swiftmodule/x86_64-apple-macos.swiftmodule	fa5fb0b993292ae14f7caada1d5fef28c2649e996aa7cb4240a980b8dc76f84f
build/swiftpm/prebuilts/swift-syntax/603.0.2/swift-6.3.2-RELEASE-macos_universal-MacroSupport/Modules/SwiftOperators.swiftmodule/Project/arm64-apple-macos.swiftsourceinfo	20061a42e182b8635b3e1fc04280a91488ad99a5ae9ca9a5173d470fdaf795ba
build/swiftpm/prebuilts/swift-syntax/603.0.2/swift-6.3.2-RELEASE-macos_universal-MacroSupport/Modules/SwiftOperators.swiftmodule/Project/x86_64-apple-macos.swiftsourceinfo	946918f9a5c8294a4cb3b01983a8067e2817eed184c4382352f34095f51d6b2f
build/swiftpm/prebuilts/swift-syntax/603.0.2/swift-6.3.2-RELEASE-macos_universal-MacroSupport/Modules/SwiftOperators.swiftmodule/arm64-apple-macos.abi.json	4277ac6b49f8511196028a5ac20f5b1b1dfa754c24615d34068089f0b1739728
build/swiftpm/prebuilts/swift-syntax/603.0.2/swift-6.3.2-RELEASE-macos_universal-MacroSupport/Modules/SwiftOperators.swiftmodule/arm64-apple-macos.swiftdoc	ba01291e8153bb92626e29a8597a9bfbe562b58fcca2f64cce2b9b3c2d75ba77
build/swiftpm/prebuilts/swift-syntax/603.0.2/swift-6.3.2-RELEASE-macos_universal-MacroSupport/Modules/SwiftOperators.swiftmodule/arm64-apple-macos.swiftmodule	94663dfb419cf4ad3d8eb5def9dc8b1ae5b5f5c3658c3c5fabb89c4b18b8bb0d
build/swiftpm/prebuilts/swift-syntax/603.0.2/swift-6.3.2-RELEASE-macos_universal-MacroSupport/Modules/SwiftOperators.swiftmodule/x86_64-apple-macos.abi.json	4277ac6b49f8511196028a5ac20f5b1b1dfa754c24615d34068089f0b1739728
build/swiftpm/prebuilts/swift-syntax/603.0.2/swift-6.3.2-RELEASE-macos_universal-MacroSupport/Modules/SwiftOperators.swiftmodule/x86_64-apple-macos.swiftdoc	4f725c1dbf8a4a5db500d06ed6090d964ac050d4a8f07340eee2df3bb7a0b65f
build/swiftpm/prebuilts/swift-syntax/603.0.2/swift-6.3.2-RELEASE-macos_universal-MacroSupport/Modules/SwiftOperators.swiftmodule/x86_64-apple-macos.swiftmodule	6bcad99995e07257033a33543f2527901252bf074b7a4aa5a67038e7cc92295a
build/swiftpm/prebuilts/swift-syntax/603.0.2/swift-6.3.2-RELEASE-macos_universal-MacroSupport/Modules/SwiftParser.swiftmodule/Project/arm64-apple-macos.swiftsourceinfo	d41d335c2c948506d6941c7768c69ccadd8b05a67167fcffa75c32d895e95973
build/swiftpm/prebuilts/swift-syntax/603.0.2/swift-6.3.2-RELEASE-macos_universal-MacroSupport/Modules/SwiftParser.swiftmodule/Project/x86_64-apple-macos.swiftsourceinfo	b2b3fde8e2cb7882c2706927b65ae37e24e9d69106e339c1bae81d9cf068eb17
build/swiftpm/prebuilts/swift-syntax/603.0.2/swift-6.3.2-RELEASE-macos_universal-MacroSupport/Modules/SwiftParser.swiftmodule/arm64-apple-macos.abi.json	4277ac6b49f8511196028a5ac20f5b1b1dfa754c24615d34068089f0b1739728
build/swiftpm/prebuilts/swift-syntax/603.0.2/swift-6.3.2-RELEASE-macos_universal-MacroSupport/Modules/SwiftParser.swiftmodule/arm64-apple-macos.swiftdoc	7c97e26cdfbad4e7b710b76f1fa8e39265ef7575ee97aee5c07d488ab5d77bcf
build/swiftpm/prebuilts/swift-syntax/603.0.2/swift-6.3.2-RELEASE-macos_universal-MacroSupport/Modules/SwiftParser.swiftmodule/arm64-apple-macos.swiftmodule	14dc647f6015a6627ab1122cb0d2d49b834763693d4e0d16a4f0c906b85977fb
build/swiftpm/prebuilts/swift-syntax/603.0.2/swift-6.3.2-RELEASE-macos_universal-MacroSupport/Modules/SwiftParser.swiftmodule/x86_64-apple-macos.abi.json	4277ac6b49f8511196028a5ac20f5b1b1dfa754c24615d34068089f0b1739728
build/swiftpm/prebuilts/swift-syntax/603.0.2/swift-6.3.2-RELEASE-macos_universal-MacroSupport/Modules/SwiftParser.swiftmodule/x86_64-apple-macos.swiftdoc	cf5b63b259c82e9529b7b5c330fda1db1109b1ecee45dea2a47d74d525e0cc39
build/swiftpm/prebuilts/swift-syntax/603.0.2/swift-6.3.2-RELEASE-macos_universal-MacroSupport/Modules/SwiftParser.swiftmodule/x86_64-apple-macos.swiftmodule	69a8c8222d8bcaae982d8bf48c659b1af0a414a94defa2c49bf1fee2158e5d60
build/swiftpm/prebuilts/swift-syntax/603.0.2/swift-6.3.2-RELEASE-macos_universal-MacroSupport/Modules/SwiftParserDiagnostics.swiftmodule/Project/arm64-apple-macos.swiftsourceinfo	2793a161b122cc4696d0440a0dbed3247e9083afce820150e97092162e1a0551
build/swiftpm/prebuilts/swift-syntax/603.0.2/swift-6.3.2-RELEASE-macos_universal-MacroSupport/Modules/SwiftParserDiagnostics.swiftmodule/Project/x86_64-apple-macos.swiftsourceinfo	ad774c6de8700e334c6974fd5cbe348b32e4836c50a261fb873dc689994213c9
build/swiftpm/prebuilts/swift-syntax/603.0.2/swift-6.3.2-RELEASE-macos_universal-MacroSupport/Modules/SwiftParserDiagnostics.swiftmodule/arm64-apple-macos.abi.json	4277ac6b49f8511196028a5ac20f5b1b1dfa754c24615d34068089f0b1739728
build/swiftpm/prebuilts/swift-syntax/603.0.2/swift-6.3.2-RELEASE-macos_universal-MacroSupport/Modules/SwiftParserDiagnostics.swiftmodule/arm64-apple-macos.swiftdoc	0c5dcadb6a9b39347e469057737793e5b01bf9b66b6f1e11243a0a1a046a8b92
build/swiftpm/prebuilts/swift-syntax/603.0.2/swift-6.3.2-RELEASE-macos_universal-MacroSupport/Modules/SwiftParserDiagnostics.swiftmodule/arm64-apple-macos.swiftmodule	bc98c0560bb5ea584f2d869fd06d0d3802c9bea5d056d73a4194ba7c328741e5
build/swiftpm/prebuilts/swift-syntax/603.0.2/swift-6.3.2-RELEASE-macos_universal-MacroSupport/Modules/SwiftParserDiagnostics.swiftmodule/x86_64-apple-macos.abi.json	4277ac6b49f8511196028a5ac20f5b1b1dfa754c24615d34068089f0b1739728
build/swiftpm/prebuilts/swift-syntax/603.0.2/swift-6.3.2-RELEASE-macos_universal-MacroSupport/Modules/SwiftParserDiagnostics.swiftmodule/x86_64-apple-macos.swiftdoc	05fbabefe06469c436517d84ef054dfc0247d3aedc7a5c2c838f80f43f9986fc
build/swiftpm/prebuilts/swift-syntax/603.0.2/swift-6.3.2-RELEASE-macos_universal-MacroSupport/Modules/SwiftParserDiagnostics.swiftmodule/x86_64-apple-macos.swiftmodule	e7cf0bb9cd52732a00850641d8d626250650d05f73d31de01804ff8aa0a7d53d
build/swiftpm/prebuilts/swift-syntax/603.0.2/swift-6.3.2-RELEASE-macos_universal-MacroSupport/Modules/SwiftRefactor.swiftmodule/Project/arm64-apple-macos.swiftsourceinfo	fca108ec289a01b9b9b66ae2a08284ea374bd122a83b32bf6d9542d9f99d2a0e
build/swiftpm/prebuilts/swift-syntax/603.0.2/swift-6.3.2-RELEASE-macos_universal-MacroSupport/Modules/SwiftRefactor.swiftmodule/Project/x86_64-apple-macos.swiftsourceinfo	5f409500bb35f20206c619ba5071ae4a87f8eda21f0c27929f4ecb9605f5107d
build/swiftpm/prebuilts/swift-syntax/603.0.2/swift-6.3.2-RELEASE-macos_universal-MacroSupport/Modules/SwiftRefactor.swiftmodule/arm64-apple-macos.abi.json	4277ac6b49f8511196028a5ac20f5b1b1dfa754c24615d34068089f0b1739728
build/swiftpm/prebuilts/swift-syntax/603.0.2/swift-6.3.2-RELEASE-macos_universal-MacroSupport/Modules/SwiftRefactor.swiftmodule/arm64-apple-macos.swiftdoc	01d207413ab35d2365012cd20801502463dcd19cf9a9372fc2ba92d61cfb44d1
build/swiftpm/prebuilts/swift-syntax/603.0.2/swift-6.3.2-RELEASE-macos_universal-MacroSupport/Modules/SwiftRefactor.swiftmodule/arm64-apple-macos.swiftmodule	2e1293792b4940530316cf8ca436853070a9b13a41735f78809993c85ef251ce
build/swiftpm/prebuilts/swift-syntax/603.0.2/swift-6.3.2-RELEASE-macos_universal-MacroSupport/Modules/SwiftRefactor.swiftmodule/x86_64-apple-macos.abi.json	4277ac6b49f8511196028a5ac20f5b1b1dfa754c24615d34068089f0b1739728
build/swiftpm/prebuilts/swift-syntax/603.0.2/swift-6.3.2-RELEASE-macos_universal-MacroSupport/Modules/SwiftRefactor.swiftmodule/x86_64-apple-macos.swiftdoc	8d1ab19623fcdc8124e87193fe44dc5fc10db02a5a8414aa9ab07547a23f5f6e
build/swiftpm/prebuilts/swift-syntax/603.0.2/swift-6.3.2-RELEASE-macos_universal-MacroSupport/Modules/SwiftRefactor.swiftmodule/x86_64-apple-macos.swiftmodule	bd7a0bcc1cd0cb4ebc02e63a8c807b9543865d1c29795b157d8d51c2b6fa0f6f
build/swiftpm/prebuilts/swift-syntax/603.0.2/swift-6.3.2-RELEASE-macos_universal-MacroSupport/Modules/SwiftSyntax.swiftmodule/Project/arm64-apple-macos.swiftsourceinfo	290ef64146daa66247b90ce95cd8f5a47ff219091b6cf0f45bafc77ce89ae229
build/swiftpm/prebuilts/swift-syntax/603.0.2/swift-6.3.2-RELEASE-macos_universal-MacroSupport/Modules/SwiftSyntax.swiftmodule/Project/x86_64-apple-macos.swiftsourceinfo	22648c5c3d93c491253294a6a47085c6a386aae780a9b5febecdf6173f5707a1
build/swiftpm/prebuilts/swift-syntax/603.0.2/swift-6.3.2-RELEASE-macos_universal-MacroSupport/Modules/SwiftSyntax.swiftmodule/arm64-apple-macos.abi.json	4277ac6b49f8511196028a5ac20f5b1b1dfa754c24615d34068089f0b1739728
build/swiftpm/prebuilts/swift-syntax/603.0.2/swift-6.3.2-RELEASE-macos_universal-MacroSupport/Modules/SwiftSyntax.swiftmodule/arm64-apple-macos.swiftdoc	9b720dc50d379040c1a867bb636bc48d3bce231cb90f0544af95e94af5c0e380
build/swiftpm/prebuilts/swift-syntax/603.0.2/swift-6.3.2-RELEASE-macos_universal-MacroSupport/Modules/SwiftSyntax.swiftmodule/arm64-apple-macos.swiftmodule	d4375c42b35bd0d36af1d6a95707d2f183e6a5bc03b61878f1c4d50a6111c1a4
build/swiftpm/prebuilts/swift-syntax/603.0.2/swift-6.3.2-RELEASE-macos_universal-MacroSupport/Modules/SwiftSyntax.swiftmodule/x86_64-apple-macos.abi.json	4277ac6b49f8511196028a5ac20f5b1b1dfa754c24615d34068089f0b1739728
build/swiftpm/prebuilts/swift-syntax/603.0.2/swift-6.3.2-RELEASE-macos_universal-MacroSupport/Modules/SwiftSyntax.swiftmodule/x86_64-apple-macos.swiftdoc	703463249c3a0a84c501997a67e6d677f0d75bce95faf77e1fa7ce4b0e67f93a
build/swiftpm/prebuilts/swift-syntax/603.0.2/swift-6.3.2-RELEASE-macos_universal-MacroSupport/Modules/SwiftSyntax.swiftmodule/x86_64-apple-macos.swiftmodule	2e859e512442bded41bcd97b45657651f58f97f4b71a9b49a690cee1d418d106
build/swiftpm/prebuilts/swift-syntax/603.0.2/swift-6.3.2-RELEASE-macos_universal-MacroSupport/Modules/SwiftSyntax509.swiftmodule/Project/arm64-apple-macos.swiftsourceinfo	dda958e6f5a0f28920ab5b3bbf01dd8dc2280724ace6de530629f9c260a34d36
build/swiftpm/prebuilts/swift-syntax/603.0.2/swift-6.3.2-RELEASE-macos_universal-MacroSupport/Modules/SwiftSyntax509.swiftmodule/Project/x86_64-apple-macos.swiftsourceinfo	b8f8ca881cb1c70c75e8a84c05d007b8fc09336510cf30913999fe18d8d591d0
build/swiftpm/prebuilts/swift-syntax/603.0.2/swift-6.3.2-RELEASE-macos_universal-MacroSupport/Modules/SwiftSyntax509.swiftmodule/arm64-apple-macos.abi.json	4277ac6b49f8511196028a5ac20f5b1b1dfa754c24615d34068089f0b1739728
build/swiftpm/prebuilts/swift-syntax/603.0.2/swift-6.3.2-RELEASE-macos_universal-MacroSupport/Modules/SwiftSyntax509.swiftmodule/arm64-apple-macos.swiftdoc	8ac704e6501ece514b9a4b1191d13e27c4af8f76dc9398b7182d91c73ed39352
build/swiftpm/prebuilts/swift-syntax/603.0.2/swift-6.3.2-RELEASE-macos_universal-MacroSupport/Modules/SwiftSyntax509.swiftmodule/arm64-apple-macos.swiftmodule	c1a350fe350ae4eaf33f4fc88339a8806e9097ec140b9ab4eff7e9643bc16cc3
build/swiftpm/prebuilts/swift-syntax/603.0.2/swift-6.3.2-RELEASE-macos_universal-MacroSupport/Modules/SwiftSyntax509.swiftmodule/x86_64-apple-macos.abi.json	4277ac6b49f8511196028a5ac20f5b1b1dfa754c24615d34068089f0b1739728
build/swiftpm/prebuilts/swift-syntax/603.0.2/swift-6.3.2-RELEASE-macos_universal-MacroSupport/Modules/SwiftSyntax509.swiftmodule/x86_64-apple-macos.swiftdoc	82f54e7e0f3a46e38aed845a4c737671bac1f95b3d2c27632df26c65821a4c10
build/swiftpm/prebuilts/swift-syntax/603.0.2/swift-6.3.2-RELEASE-macos_universal-MacroSupport/Modules/SwiftSyntax509.swiftmodule/x86_64-apple-macos.swiftmodule	5be64e8f73bb2a1fe5a2ae41b774f3c4dca6795cee818e4ccff1bb3b76ab3865
build/swiftpm/prebuilts/swift-syntax/603.0.2/swift-6.3.2-RELEASE-macos_universal-MacroSupport/Modules/SwiftSyntax510.swiftmodule/Project/arm64-apple-macos.swiftsourceinfo	ad91d7816ffdc36ba177b4e9860d3eb9413d58fee1a38af8694091c56fd6210f
build/swiftpm/prebuilts/swift-syntax/603.0.2/swift-6.3.2-RELEASE-macos_universal-MacroSupport/Modules/SwiftSyntax510.swiftmodule/Project/x86_64-apple-macos.swiftsourceinfo	a080d5fc7b46e92feb2d892e87ab9297f5c60007d02a4aa30528746b3b87007d
build/swiftpm/prebuilts/swift-syntax/603.0.2/swift-6.3.2-RELEASE-macos_universal-MacroSupport/Modules/SwiftSyntax510.swiftmodule/arm64-apple-macos.abi.json	4277ac6b49f8511196028a5ac20f5b1b1dfa754c24615d34068089f0b1739728
build/swiftpm/prebuilts/swift-syntax/603.0.2/swift-6.3.2-RELEASE-macos_universal-MacroSupport/Modules/SwiftSyntax510.swiftmodule/arm64-apple-macos.swiftdoc	47054b26fda719f008f0bec4b4e29e7972e79f9e5f4a3605e7c94ead78061bd2
build/swiftpm/prebuilts/swift-syntax/603.0.2/swift-6.3.2-RELEASE-macos_universal-MacroSupport/Modules/SwiftSyntax510.swiftmodule/arm64-apple-macos.swiftmodule	1faf16da3531047714d09a14c9822e505afe511609259a08cc32cf4d21ea991e
build/swiftpm/prebuilts/swift-syntax/603.0.2/swift-6.3.2-RELEASE-macos_universal-MacroSupport/Modules/SwiftSyntax510.swiftmodule/x86_64-apple-macos.abi.json	4277ac6b49f8511196028a5ac20f5b1b1dfa754c24615d34068089f0b1739728
build/swiftpm/prebuilts/swift-syntax/603.0.2/swift-6.3.2-RELEASE-macos_universal-MacroSupport/Modules/SwiftSyntax510.swiftmodule/x86_64-apple-macos.swiftdoc	49f53acf940ae80fce0bb3a79207a6da1d0374c27ac7048e81866c8812b70afa
build/swiftpm/prebuilts/swift-syntax/603.0.2/swift-6.3.2-RELEASE-macos_universal-MacroSupport/Modules/SwiftSyntax510.swiftmodule/x86_64-apple-macos.swiftmodule	1f0009b34f67cc1c500f67fc0ba9a1e753ef4f812ab5f4cc93b70e0c55e5eb52
build/swiftpm/prebuilts/swift-syntax/603.0.2/swift-6.3.2-RELEASE-macos_universal-MacroSupport/Modules/SwiftSyntax600.swiftmodule/Project/arm64-apple-macos.swiftsourceinfo	6173fa29b89dac349a1e313be90c5f6db23b1ccf9137113951428b7bd550c49e
build/swiftpm/prebuilts/swift-syntax/603.0.2/swift-6.3.2-RELEASE-macos_universal-MacroSupport/Modules/SwiftSyntax600.swiftmodule/Project/x86_64-apple-macos.swiftsourceinfo	c0fe778f95e330d613f9367420ee35ccd5dd0989c9a971e4bea7e15535ae63cb
build/swiftpm/prebuilts/swift-syntax/603.0.2/swift-6.3.2-RELEASE-macos_universal-MacroSupport/Modules/SwiftSyntax600.swiftmodule/arm64-apple-macos.abi.json	4277ac6b49f8511196028a5ac20f5b1b1dfa754c24615d34068089f0b1739728
build/swiftpm/prebuilts/swift-syntax/603.0.2/swift-6.3.2-RELEASE-macos_universal-MacroSupport/Modules/SwiftSyntax600.swiftmodule/arm64-apple-macos.swiftdoc	feae735ebb35ff3e45c3f600f557dd528f22ff7c74c0f43ec8d1f853f8097314
build/swiftpm/prebuilts/swift-syntax/603.0.2/swift-6.3.2-RELEASE-macos_universal-MacroSupport/Modules/SwiftSyntax600.swiftmodule/arm64-apple-macos.swiftmodule	f6821a93fce1cdccafe8d68602abd0da38160339bdabcb146ccc53681546addb
build/swiftpm/prebuilts/swift-syntax/603.0.2/swift-6.3.2-RELEASE-macos_universal-MacroSupport/Modules/SwiftSyntax600.swiftmodule/x86_64-apple-macos.abi.json	4277ac6b49f8511196028a5ac20f5b1b1dfa754c24615d34068089f0b1739728
build/swiftpm/prebuilts/swift-syntax/603.0.2/swift-6.3.2-RELEASE-macos_universal-MacroSupport/Modules/SwiftSyntax600.swiftmodule/x86_64-apple-macos.swiftdoc	596dec140da910b46258d324ea6cdc4bd015588a3b9341c4f641b80b6be7371a
build/swiftpm/prebuilts/swift-syntax/603.0.2/swift-6.3.2-RELEASE-macos_universal-MacroSupport/Modules/SwiftSyntax600.swiftmodule/x86_64-apple-macos.swiftmodule	b230c747eb9a22dfd236a52c30a63e717f789d5704c7fba5e513301f492c85ed
build/swiftpm/prebuilts/swift-syntax/603.0.2/swift-6.3.2-RELEASE-macos_universal-MacroSupport/Modules/SwiftSyntax601.swiftmodule/Project/arm64-apple-macos.swiftsourceinfo	d8286ee52d62656c877897a2dc2e2f1517a73846f2ca49447e8acf8bc5ca019d
build/swiftpm/prebuilts/swift-syntax/603.0.2/swift-6.3.2-RELEASE-macos_universal-MacroSupport/Modules/SwiftSyntax601.swiftmodule/Project/x86_64-apple-macos.swiftsourceinfo	4ca2765076d990134dd7dd1790f10eea0dbb2471709c432afb4d7faa8e79547d
build/swiftpm/prebuilts/swift-syntax/603.0.2/swift-6.3.2-RELEASE-macos_universal-MacroSupport/Modules/SwiftSyntax601.swiftmodule/arm64-apple-macos.abi.json	4277ac6b49f8511196028a5ac20f5b1b1dfa754c24615d34068089f0b1739728
build/swiftpm/prebuilts/swift-syntax/603.0.2/swift-6.3.2-RELEASE-macos_universal-MacroSupport/Modules/SwiftSyntax601.swiftmodule/arm64-apple-macos.swiftdoc	24ccbdbe9a6fc6971b45efe8b6bde32b20714e8c227f149e4d22cdc3eba0763a
build/swiftpm/prebuilts/swift-syntax/603.0.2/swift-6.3.2-RELEASE-macos_universal-MacroSupport/Modules/SwiftSyntax601.swiftmodule/arm64-apple-macos.swiftmodule	297feb48326cab52390b22c9238be795fad4bf817a171d3bce428c1ac360748c
build/swiftpm/prebuilts/swift-syntax/603.0.2/swift-6.3.2-RELEASE-macos_universal-MacroSupport/Modules/SwiftSyntax601.swiftmodule/x86_64-apple-macos.abi.json	4277ac6b49f8511196028a5ac20f5b1b1dfa754c24615d34068089f0b1739728
build/swiftpm/prebuilts/swift-syntax/603.0.2/swift-6.3.2-RELEASE-macos_universal-MacroSupport/Modules/SwiftSyntax601.swiftmodule/x86_64-apple-macos.swiftdoc	9d397e6fbfe64dee7a8e2b374756d7b4b8bc23165a59ea9d6f905c4a66b52793
build/swiftpm/prebuilts/swift-syntax/603.0.2/swift-6.3.2-RELEASE-macos_universal-MacroSupport/Modules/SwiftSyntax601.swiftmodule/x86_64-apple-macos.swiftmodule	d7a2bd6a9b6e75e3d21546bcf265f664ea6e4393dbc31047f7ec2634f1652a1e
build/swiftpm/prebuilts/swift-syntax/603.0.2/swift-6.3.2-RELEASE-macos_universal-MacroSupport/Modules/SwiftSyntax602.swiftmodule/Project/arm64-apple-macos.swiftsourceinfo	0d4f43223a0d531e0a5686a27f67484130da820ba79bfac6179c69ee3f688dc9
build/swiftpm/prebuilts/swift-syntax/603.0.2/swift-6.3.2-RELEASE-macos_universal-MacroSupport/Modules/SwiftSyntax602.swiftmodule/Project/x86_64-apple-macos.swiftsourceinfo	0b42758f89b5edfb91a52a6a3c2280682f50b8d62595dac9544aac7b24b176e1
build/swiftpm/prebuilts/swift-syntax/603.0.2/swift-6.3.2-RELEASE-macos_universal-MacroSupport/Modules/SwiftSyntax602.swiftmodule/arm64-apple-macos.abi.json	4277ac6b49f8511196028a5ac20f5b1b1dfa754c24615d34068089f0b1739728
build/swiftpm/prebuilts/swift-syntax/603.0.2/swift-6.3.2-RELEASE-macos_universal-MacroSupport/Modules/SwiftSyntax602.swiftmodule/arm64-apple-macos.swiftdoc	2670bfb4726808beaf4dbcdc7e956c4b90864d900efae86a666d4e43242c3720
build/swiftpm/prebuilts/swift-syntax/603.0.2/swift-6.3.2-RELEASE-macos_universal-MacroSupport/Modules/SwiftSyntax602.swiftmodule/arm64-apple-macos.swiftmodule	4d6c6a0072e0b4fe54be693e419a036b38bd09ae726789b5c2e40e807dcf54bf
build/swiftpm/prebuilts/swift-syntax/603.0.2/swift-6.3.2-RELEASE-macos_universal-MacroSupport/Modules/SwiftSyntax602.swiftmodule/x86_64-apple-macos.abi.json	4277ac6b49f8511196028a5ac20f5b1b1dfa754c24615d34068089f0b1739728
build/swiftpm/prebuilts/swift-syntax/603.0.2/swift-6.3.2-RELEASE-macos_universal-MacroSupport/Modules/SwiftSyntax602.swiftmodule/x86_64-apple-macos.swiftdoc	616c9e8709de8137100626b08a1ffc3dcaecb2cef3d2194ff44fae679b3e2980
build/swiftpm/prebuilts/swift-syntax/603.0.2/swift-6.3.2-RELEASE-macos_universal-MacroSupport/Modules/SwiftSyntax602.swiftmodule/x86_64-apple-macos.swiftmodule	76532cc872f228842bad114d256c4ba99ab65f05eeca30265e87d356dbc96415
build/swiftpm/prebuilts/swift-syntax/603.0.2/swift-6.3.2-RELEASE-macos_universal-MacroSupport/Modules/SwiftSyntax603.swiftmodule/Project/arm64-apple-macos.swiftsourceinfo	0f60b11070fed7ce4a48cf57401c8d5d4c73fdb5ba9056e7a7703996485bc54e
build/swiftpm/prebuilts/swift-syntax/603.0.2/swift-6.3.2-RELEASE-macos_universal-MacroSupport/Modules/SwiftSyntax603.swiftmodule/Project/x86_64-apple-macos.swiftsourceinfo	7d894eec9d3d99fc79b6440c53e6767326a89072982a756bcf52aee3017b7246
build/swiftpm/prebuilts/swift-syntax/603.0.2/swift-6.3.2-RELEASE-macos_universal-MacroSupport/Modules/SwiftSyntax603.swiftmodule/arm64-apple-macos.abi.json	4277ac6b49f8511196028a5ac20f5b1b1dfa754c24615d34068089f0b1739728
build/swiftpm/prebuilts/swift-syntax/603.0.2/swift-6.3.2-RELEASE-macos_universal-MacroSupport/Modules/SwiftSyntax603.swiftmodule/arm64-apple-macos.swiftdoc	75c8af2fa662f3e491f037855965e47ddfd7e9a6d23727a55f737c6e6ae70c65
build/swiftpm/prebuilts/swift-syntax/603.0.2/swift-6.3.2-RELEASE-macos_universal-MacroSupport/Modules/SwiftSyntax603.swiftmodule/arm64-apple-macos.swiftmodule	dc86c14e6e208f6c0f9ee309f75369700ce729a32fdda45b92896e2b8588931a
build/swiftpm/prebuilts/swift-syntax/603.0.2/swift-6.3.2-RELEASE-macos_universal-MacroSupport/Modules/SwiftSyntax603.swiftmodule/x86_64-apple-macos.abi.json	4277ac6b49f8511196028a5ac20f5b1b1dfa754c24615d34068089f0b1739728
build/swiftpm/prebuilts/swift-syntax/603.0.2/swift-6.3.2-RELEASE-macos_universal-MacroSupport/Modules/SwiftSyntax603.swiftmodule/x86_64-apple-macos.swiftdoc	29ae9b176c6fca6c02848123cdee48a43a50d7e3e25cbec4ad8f598a0306fa29
build/swiftpm/prebuilts/swift-syntax/603.0.2/swift-6.3.2-RELEASE-macos_universal-MacroSupport/Modules/SwiftSyntax603.swiftmodule/x86_64-apple-macos.swiftmodule	1417ddb3219c30c05c53099b54fcd87d2203e6ac1ee7ee7a0361bf29b79ac15a
build/swiftpm/prebuilts/swift-syntax/603.0.2/swift-6.3.2-RELEASE-macos_universal-MacroSupport/Modules/SwiftSyntaxBuilder.swiftmodule/Project/arm64-apple-macos.swiftsourceinfo	d5a219ca93c0787e82b1b21cf58b3e1f94e9631b06df1ff89500b6b67920c3cc
build/swiftpm/prebuilts/swift-syntax/603.0.2/swift-6.3.2-RELEASE-macos_universal-MacroSupport/Modules/SwiftSyntaxBuilder.swiftmodule/Project/x86_64-apple-macos.swiftsourceinfo	d372d8981d0d5959097c6b49bfdebb572b6e817f8669367591c191823fdf31dd
build/swiftpm/prebuilts/swift-syntax/603.0.2/swift-6.3.2-RELEASE-macos_universal-MacroSupport/Modules/SwiftSyntaxBuilder.swiftmodule/arm64-apple-macos.abi.json	4277ac6b49f8511196028a5ac20f5b1b1dfa754c24615d34068089f0b1739728
build/swiftpm/prebuilts/swift-syntax/603.0.2/swift-6.3.2-RELEASE-macos_universal-MacroSupport/Modules/SwiftSyntaxBuilder.swiftmodule/arm64-apple-macos.swiftdoc	282ed069c89f101841ddff07a828d40f92dcab774b59689281fdcd07e46c1757
build/swiftpm/prebuilts/swift-syntax/603.0.2/swift-6.3.2-RELEASE-macos_universal-MacroSupport/Modules/SwiftSyntaxBuilder.swiftmodule/arm64-apple-macos.swiftmodule	9027b8a5155e2a78ab8feaae9c16cadcaffcdab03561e6bf83bf8e6aadc03cfc
build/swiftpm/prebuilts/swift-syntax/603.0.2/swift-6.3.2-RELEASE-macos_universal-MacroSupport/Modules/SwiftSyntaxBuilder.swiftmodule/x86_64-apple-macos.abi.json	4277ac6b49f8511196028a5ac20f5b1b1dfa754c24615d34068089f0b1739728
build/swiftpm/prebuilts/swift-syntax/603.0.2/swift-6.3.2-RELEASE-macos_universal-MacroSupport/Modules/SwiftSyntaxBuilder.swiftmodule/x86_64-apple-macos.swiftdoc	912c9fcccbf5165ac6a541636b691290e9b8a0deb4f6c5e63dc8994d199bff2b
build/swiftpm/prebuilts/swift-syntax/603.0.2/swift-6.3.2-RELEASE-macos_universal-MacroSupport/Modules/SwiftSyntaxBuilder.swiftmodule/x86_64-apple-macos.swiftmodule	9644d058057a4b960e2c43a82260ec2208f0dc0ef6f19406fa2e4835be327a5b
build/swiftpm/prebuilts/swift-syntax/603.0.2/swift-6.3.2-RELEASE-macos_universal-MacroSupport/Modules/SwiftSyntaxMacroExpansion.swiftmodule/Project/arm64-apple-macos.swiftsourceinfo	a8f65a8db48d2f54946f92a36bc69eb1c8c3242449563ed818c0843e08349f71
build/swiftpm/prebuilts/swift-syntax/603.0.2/swift-6.3.2-RELEASE-macos_universal-MacroSupport/Modules/SwiftSyntaxMacroExpansion.swiftmodule/Project/x86_64-apple-macos.swiftsourceinfo	aea9b54b8e1f95299d05bfce2f6acf61aaa953f162c2bde179ac82fdd0166767
build/swiftpm/prebuilts/swift-syntax/603.0.2/swift-6.3.2-RELEASE-macos_universal-MacroSupport/Modules/SwiftSyntaxMacroExpansion.swiftmodule/arm64-apple-macos.abi.json	4277ac6b49f8511196028a5ac20f5b1b1dfa754c24615d34068089f0b1739728
build/swiftpm/prebuilts/swift-syntax/603.0.2/swift-6.3.2-RELEASE-macos_universal-MacroSupport/Modules/SwiftSyntaxMacroExpansion.swiftmodule/arm64-apple-macos.swiftdoc	a28fddc4bcb88e2369ece9f873f8052c27ac8c2bb3150e19cb9b72e6442ef90d
build/swiftpm/prebuilts/swift-syntax/603.0.2/swift-6.3.2-RELEASE-macos_universal-MacroSupport/Modules/SwiftSyntaxMacroExpansion.swiftmodule/arm64-apple-macos.swiftmodule	d9181d9c8c17a6c3a41b66d230ad09cc95ac6f4efb604c1ed800ece079e72e29
build/swiftpm/prebuilts/swift-syntax/603.0.2/swift-6.3.2-RELEASE-macos_universal-MacroSupport/Modules/SwiftSyntaxMacroExpansion.swiftmodule/x86_64-apple-macos.abi.json	4277ac6b49f8511196028a5ac20f5b1b1dfa754c24615d34068089f0b1739728
build/swiftpm/prebuilts/swift-syntax/603.0.2/swift-6.3.2-RELEASE-macos_universal-MacroSupport/Modules/SwiftSyntaxMacroExpansion.swiftmodule/x86_64-apple-macos.swiftdoc	d25aab014856327f7a40420ee7266d60704f942affef0f1c94641d2dbcf0cad1
build/swiftpm/prebuilts/swift-syntax/603.0.2/swift-6.3.2-RELEASE-macos_universal-MacroSupport/Modules/SwiftSyntaxMacroExpansion.swiftmodule/x86_64-apple-macos.swiftmodule	c93949dd9b7c12d9866140018dbdfb49e620d64bb41076eecb8372d542fc27d6
build/swiftpm/prebuilts/swift-syntax/603.0.2/swift-6.3.2-RELEASE-macos_universal-MacroSupport/Modules/SwiftSyntaxMacros.swiftmodule/Project/arm64-apple-macos.swiftsourceinfo	4bc62ee906975316781c697302313bbf2d2e96036bde180110d2fd53c876a84f
build/swiftpm/prebuilts/swift-syntax/603.0.2/swift-6.3.2-RELEASE-macos_universal-MacroSupport/Modules/SwiftSyntaxMacros.swiftmodule/Project/x86_64-apple-macos.swiftsourceinfo	1998bce2f39bc7fa4f8b5b39f9b70cd096e4c9bb717e3148434331671c64faa6
build/swiftpm/prebuilts/swift-syntax/603.0.2/swift-6.3.2-RELEASE-macos_universal-MacroSupport/Modules/SwiftSyntaxMacros.swiftmodule/arm64-apple-macos.abi.json	4277ac6b49f8511196028a5ac20f5b1b1dfa754c24615d34068089f0b1739728
build/swiftpm/prebuilts/swift-syntax/603.0.2/swift-6.3.2-RELEASE-macos_universal-MacroSupport/Modules/SwiftSyntaxMacros.swiftmodule/arm64-apple-macos.swiftdoc	2391a270faf1a3e9d343725038160e5eb0b5844c40585d719372e2df2e01dd33
build/swiftpm/prebuilts/swift-syntax/603.0.2/swift-6.3.2-RELEASE-macos_universal-MacroSupport/Modules/SwiftSyntaxMacros.swiftmodule/arm64-apple-macos.swiftmodule	05a3f45a29e58acb9b4d172e0dacbac7da81314243e5295d28fb47d1e01dbda1
build/swiftpm/prebuilts/swift-syntax/603.0.2/swift-6.3.2-RELEASE-macos_universal-MacroSupport/Modules/SwiftSyntaxMacros.swiftmodule/x86_64-apple-macos.abi.json	4277ac6b49f8511196028a5ac20f5b1b1dfa754c24615d34068089f0b1739728
build/swiftpm/prebuilts/swift-syntax/603.0.2/swift-6.3.2-RELEASE-macos_universal-MacroSupport/Modules/SwiftSyntaxMacros.swiftmodule/x86_64-apple-macos.swiftdoc	136540f583e9186795fa12f75a7cda2eb83d5f1d82715fd2a07cf1a963b6e55f
build/swiftpm/prebuilts/swift-syntax/603.0.2/swift-6.3.2-RELEASE-macos_universal-MacroSupport/Modules/SwiftSyntaxMacros.swiftmodule/x86_64-apple-macos.swiftmodule	39e7f673d00e8625cf2e80555a9169ec161142709d3fc360c4b82d3ee8c17099
build/swiftpm/prebuilts/swift-syntax/603.0.2/swift-6.3.2-RELEASE-macos_universal-MacroSupport/Modules/SwiftSyntaxMacrosGenericTestSupport.swiftmodule/Project/arm64-apple-macos.swiftsourceinfo	a3507e281e9dd2ef5916cb52b044a88b61eaa5101257cab53e466169ff331e0a
build/swiftpm/prebuilts/swift-syntax/603.0.2/swift-6.3.2-RELEASE-macos_universal-MacroSupport/Modules/SwiftSyntaxMacrosGenericTestSupport.swiftmodule/Project/x86_64-apple-macos.swiftsourceinfo	1f08347e97b2466f99f9ffbb307ef64bec216a0996bac939bd7f5a5d945b2bf1
build/swiftpm/prebuilts/swift-syntax/603.0.2/swift-6.3.2-RELEASE-macos_universal-MacroSupport/Modules/SwiftSyntaxMacrosGenericTestSupport.swiftmodule/arm64-apple-macos.abi.json	4277ac6b49f8511196028a5ac20f5b1b1dfa754c24615d34068089f0b1739728
build/swiftpm/prebuilts/swift-syntax/603.0.2/swift-6.3.2-RELEASE-macos_universal-MacroSupport/Modules/SwiftSyntaxMacrosGenericTestSupport.swiftmodule/arm64-apple-macos.swiftdoc	381679eba47bd5eeb812630ff525d1bdb42b7c4b2bf59a4ff8360ea86580345e
build/swiftpm/prebuilts/swift-syntax/603.0.2/swift-6.3.2-RELEASE-macos_universal-MacroSupport/Modules/SwiftSyntaxMacrosGenericTestSupport.swiftmodule/arm64-apple-macos.swiftmodule	c7f6b9190e3af4fb58fab475ca1b514f26c64c5954da01347f083ddc6d803da2
build/swiftpm/prebuilts/swift-syntax/603.0.2/swift-6.3.2-RELEASE-macos_universal-MacroSupport/Modules/SwiftSyntaxMacrosGenericTestSupport.swiftmodule/x86_64-apple-macos.abi.json	4277ac6b49f8511196028a5ac20f5b1b1dfa754c24615d34068089f0b1739728
build/swiftpm/prebuilts/swift-syntax/603.0.2/swift-6.3.2-RELEASE-macos_universal-MacroSupport/Modules/SwiftSyntaxMacrosGenericTestSupport.swiftmodule/x86_64-apple-macos.swiftdoc	12b2852b9a45463737a01b6961f34f8de6c5c0e403b3cf3cbec29f69650fcfde
build/swiftpm/prebuilts/swift-syntax/603.0.2/swift-6.3.2-RELEASE-macos_universal-MacroSupport/Modules/SwiftSyntaxMacrosGenericTestSupport.swiftmodule/x86_64-apple-macos.swiftmodule	e9f1fd2ce75f20384d46c57ff4b016173fddc238dfa68604f492649ca5204aeb
build/swiftpm/prebuilts/swift-syntax/603.0.2/swift-6.3.2-RELEASE-macos_universal-MacroSupport/Modules/SwiftSyntaxMacrosTestSupport.swiftmodule/Project/arm64-apple-macos.swiftsourceinfo	f4422605fe838e82c963c364aa79f8dd91d32c7d0e4c7bfba8cd70c18ae61b13
build/swiftpm/prebuilts/swift-syntax/603.0.2/swift-6.3.2-RELEASE-macos_universal-MacroSupport/Modules/SwiftSyntaxMacrosTestSupport.swiftmodule/Project/x86_64-apple-macos.swiftsourceinfo	230b37f0d0816c5f7cc64bc8ed55a07a43758f6ec8f02eff0b391f3b63f2802b
build/swiftpm/prebuilts/swift-syntax/603.0.2/swift-6.3.2-RELEASE-macos_universal-MacroSupport/Modules/SwiftSyntaxMacrosTestSupport.swiftmodule/arm64-apple-macos.abi.json	4277ac6b49f8511196028a5ac20f5b1b1dfa754c24615d34068089f0b1739728
build/swiftpm/prebuilts/swift-syntax/603.0.2/swift-6.3.2-RELEASE-macos_universal-MacroSupport/Modules/SwiftSyntaxMacrosTestSupport.swiftmodule/arm64-apple-macos.swiftdoc	d94fbb9e8023e95173793e2b457dcfe99ccc557b5d5e8c61e68544297d2d8efe
build/swiftpm/prebuilts/swift-syntax/603.0.2/swift-6.3.2-RELEASE-macos_universal-MacroSupport/Modules/SwiftSyntaxMacrosTestSupport.swiftmodule/arm64-apple-macos.swiftmodule	fb77d8f75443acab849dfa9815cd1747b08a9e7e89f3fafde20302dff88bf753
build/swiftpm/prebuilts/swift-syntax/603.0.2/swift-6.3.2-RELEASE-macos_universal-MacroSupport/Modules/SwiftSyntaxMacrosTestSupport.swiftmodule/x86_64-apple-macos.abi.json	4277ac6b49f8511196028a5ac20f5b1b1dfa754c24615d34068089f0b1739728
build/swiftpm/prebuilts/swift-syntax/603.0.2/swift-6.3.2-RELEASE-macos_universal-MacroSupport/Modules/SwiftSyntaxMacrosTestSupport.swiftmodule/x86_64-apple-macos.swiftdoc	0b6422a0566f38a7b34f27288846c47c93dc336df6b5abc51ef1b6667f4cc3d6
build/swiftpm/prebuilts/swift-syntax/603.0.2/swift-6.3.2-RELEASE-macos_universal-MacroSupport/Modules/SwiftSyntaxMacrosTestSupport.swiftmodule/x86_64-apple-macos.swiftmodule	a0278c144bf3615c3c36579ded0f4ccee201b66d080f4fdbf803686f0a913970
build/swiftpm/prebuilts/swift-syntax/603.0.2/swift-6.3.2-RELEASE-macos_universal-MacroSupport/Modules/SwiftWarningControl.swiftmodule/Project/arm64-apple-macos.swiftsourceinfo	4063bec10f3876989d771e7fcacd2d7458d7adeb0032f17a12b0427de1b6735d
build/swiftpm/prebuilts/swift-syntax/603.0.2/swift-6.3.2-RELEASE-macos_universal-MacroSupport/Modules/SwiftWarningControl.swiftmodule/Project/x86_64-apple-macos.swiftsourceinfo	ba496293768b10bdbeec454bb08591daaaeda944e244a96e0eaa7bfd8d325ee5
build/swiftpm/prebuilts/swift-syntax/603.0.2/swift-6.3.2-RELEASE-macos_universal-MacroSupport/Modules/SwiftWarningControl.swiftmodule/arm64-apple-macos.abi.json	4277ac6b49f8511196028a5ac20f5b1b1dfa754c24615d34068089f0b1739728
build/swiftpm/prebuilts/swift-syntax/603.0.2/swift-6.3.2-RELEASE-macos_universal-MacroSupport/Modules/SwiftWarningControl.swiftmodule/arm64-apple-macos.swiftdoc	610b8b94f1843cea307e58d47e87a65cfd00411acdf01e256a8ffdf8d7bfb822
build/swiftpm/prebuilts/swift-syntax/603.0.2/swift-6.3.2-RELEASE-macos_universal-MacroSupport/Modules/SwiftWarningControl.swiftmodule/arm64-apple-macos.swiftmodule	8ab21b9bcaf7032a30f5a01ca38cb2a673761f40666887c268906097474fb537
build/swiftpm/prebuilts/swift-syntax/603.0.2/swift-6.3.2-RELEASE-macos_universal-MacroSupport/Modules/SwiftWarningControl.swiftmodule/x86_64-apple-macos.abi.json	4277ac6b49f8511196028a5ac20f5b1b1dfa754c24615d34068089f0b1739728
build/swiftpm/prebuilts/swift-syntax/603.0.2/swift-6.3.2-RELEASE-macos_universal-MacroSupport/Modules/SwiftWarningControl.swiftmodule/x86_64-apple-macos.swiftdoc	c2bddcc135d9a9fa73aefb09e19d88ea6a0ee36c172b20d95a3d11d69e575853
build/swiftpm/prebuilts/swift-syntax/603.0.2/swift-6.3.2-RELEASE-macos_universal-MacroSupport/Modules/SwiftWarningControl.swiftmodule/x86_64-apple-macos.swiftmodule	b32bc23741b1187e91239982441ae10bc475daa9d9917072cfc50a65c8ea21ca
build/swiftpm/prebuilts/swift-syntax/603.0.2/swift-6.3.2-RELEASE-macos_universal-MacroSupport/Modules/_SwiftSyntaxGenericTestSupport.swiftmodule/Project/arm64-apple-macos.swiftsourceinfo	3aea023906aca3cc2fcbd54cbe4f1e24a312ca528e149b64fa7f26d788371372
build/swiftpm/prebuilts/swift-syntax/603.0.2/swift-6.3.2-RELEASE-macos_universal-MacroSupport/Modules/_SwiftSyntaxGenericTestSupport.swiftmodule/Project/x86_64-apple-macos.swiftsourceinfo	a499c014f6ac5440588cbff6ce2d6b7abbd08316adb848f80ced15682fb7ed5c
build/swiftpm/prebuilts/swift-syntax/603.0.2/swift-6.3.2-RELEASE-macos_universal-MacroSupport/Modules/_SwiftSyntaxGenericTestSupport.swiftmodule/arm64-apple-macos.abi.json	4277ac6b49f8511196028a5ac20f5b1b1dfa754c24615d34068089f0b1739728
build/swiftpm/prebuilts/swift-syntax/603.0.2/swift-6.3.2-RELEASE-macos_universal-MacroSupport/Modules/_SwiftSyntaxGenericTestSupport.swiftmodule/arm64-apple-macos.swiftdoc	a9a09dd334fcd433fe6c5c63e3d323811b9b088a51158f3fb662425a60c3d148
build/swiftpm/prebuilts/swift-syntax/603.0.2/swift-6.3.2-RELEASE-macos_universal-MacroSupport/Modules/_SwiftSyntaxGenericTestSupport.swiftmodule/arm64-apple-macos.swiftmodule	b199bfa583357aaea9f4f144887e8d012d321ea4853a310efe88f1d50b1ed9c5
build/swiftpm/prebuilts/swift-syntax/603.0.2/swift-6.3.2-RELEASE-macos_universal-MacroSupport/Modules/_SwiftSyntaxGenericTestSupport.swiftmodule/x86_64-apple-macos.abi.json	4277ac6b49f8511196028a5ac20f5b1b1dfa754c24615d34068089f0b1739728
build/swiftpm/prebuilts/swift-syntax/603.0.2/swift-6.3.2-RELEASE-macos_universal-MacroSupport/Modules/_SwiftSyntaxGenericTestSupport.swiftmodule/x86_64-apple-macos.swiftdoc	337423137032266e39f7e3ed8ddacbc3f4e4a53ab1be4dbd96c23c85e2fc5e58
build/swiftpm/prebuilts/swift-syntax/603.0.2/swift-6.3.2-RELEASE-macos_universal-MacroSupport/Modules/_SwiftSyntaxGenericTestSupport.swiftmodule/x86_64-apple-macos.swiftmodule	87f38273416cd21aafc1cdb27be8a8c72c3d23325dcccede2704ae1d949ca784
build/swiftpm/prebuilts/swift-syntax/603.0.2/swift-6.3.2-RELEASE-macos_universal-MacroSupport/lib/libMacroSupport.a	b3e79ef59e1778527bdefdd1467cd0235bfd05ad0bf6137c23ab464e7fef9e8c
build/swiftpm/prebuilts/swift-syntax/603.0.2/swift-6.3.2-RELEASE-macos_universal.json	7c7ed54ed68a00c1ad0533b9d22fee07b96af75275502cb2b3dc129eea5d5d65
build/swiftpm/release.yaml	19e4056aabb09b91e73bce4420608f84c5de073a556c227fa30fdf22b5d148a4
build/swiftpm/repositories/swift-syntax-e1f983d3/FETCH_HEAD	542a85067e9184d3b6761942b3d26e376d7cf687885dd18306415d6e05a8024d
build/swiftpm/repositories/swift-syntax-e1f983d3/HEAD	28d25bf82af4c0e2b72f50959b2beb859e3e60b9630a5e8c603dad4ddb2b6e80
build/swiftpm/repositories/swift-syntax-e1f983d3/config	010d1cd57fb5abd4069259475313897a15160ad396fa03fbf3f9964d469a263a
build/swiftpm/repositories/swift-syntax-e1f983d3/description	85ab6c163d43a17ea9cf7788308bca1466f1b0a8d1cc92e26e9bf63da4062aee
build/swiftpm/repositories/swift-syntax-e1f983d3/hooks/applypatch-msg.sample	0223497a0b8b033aa58a3a521b8629869386cf7ab0e2f101963d328aa62193f7
build/swiftpm/repositories/swift-syntax-e1f983d3/hooks/commit-msg.sample	1f74d5e9292979b573ebd59741d46cb93ff391acdd083d340b94370753d92437
build/swiftpm/repositories/swift-syntax-e1f983d3/hooks/fsmonitor-watchman.sample	e0549964e93897b519bd8e333c037e51fff0f88ba13e086a331592bf801fa1d0
build/swiftpm/repositories/swift-syntax-e1f983d3/hooks/post-update.sample	81765af2daef323061dcbc5e61fc16481cb74b3bac9ad8a174b186523586f6c5
build/swiftpm/repositories/swift-syntax-e1f983d3/hooks/pre-applypatch.sample	e15c5b469ea3e0a695bea6f2c82bcf8e62821074939ddd85b77e0007ff165475
build/swiftpm/repositories/swift-syntax-e1f983d3/hooks/pre-commit.sample	57185b7b9f05239d7ab52db045f5b89eb31348d7b2177eab214f5eb872e1971b
build/swiftpm/repositories/swift-syntax-e1f983d3/hooks/pre-merge-commit.sample	d3825a70337940ebbd0a5c072984e13245920cdf8898bd225c8d27a6dfc9cb53
build/swiftpm/repositories/swift-syntax-e1f983d3/hooks/pre-push.sample	ecce9c7e04d3f5dd9d8ada81753dd1d549a9634b26770042b58dda00217d086a
build/swiftpm/repositories/swift-syntax-e1f983d3/hooks/pre-rebase.sample	4febce867790052338076f4e66cc47efb14879d18097d1d61c8261859eaaa7b3
build/swiftpm/repositories/swift-syntax-e1f983d3/hooks/pre-receive.sample	a4c3d2b9c7bb3fd8d1441c31bd4ee71a595d66b44fcf49ddb310252320169989
build/swiftpm/repositories/swift-syntax-e1f983d3/hooks/prepare-commit-msg.sample	e9ddcaa4189fddd25ed97fc8c789eca7b6ca16390b2392ae3276f0c8e1aa4619
build/swiftpm/repositories/swift-syntax-e1f983d3/hooks/push-to-checkout.sample	a53d0741798b287c6dd7afa64aee473f305e65d3f49463bb9d7408ec3b12bf5f
build/swiftpm/repositories/swift-syntax-e1f983d3/hooks/sendemail-validate.sample	44ebfc923dc5466bc009602f0ecf067b9c65459abfe8868ddc49b78e6ced7a92
build/swiftpm/repositories/swift-syntax-e1f983d3/hooks/update.sample	8d5f2fa83e103cf08b57eaa67521df9194f45cbdbcb37da52ad586097a14d106
build/swiftpm/repositories/swift-syntax-e1f983d3/info/exclude	6671fe83b7a07c8932ee89164d1f2793b2318058eb8b98dc5c06ee0a5a3b0ec1
build/swiftpm/repositories/swift-syntax-e1f983d3/objects/00/2fd74c62fb0af3b8f44560900c980936e0c52c	c8d89c8d4314e1b49b36039633646dcf5568a1fd8365a27a986aa26617dc39c5
build/swiftpm/repositories/swift-syntax-e1f983d3/objects/00/6b412a2dc0918615d179fd0e8cdf97b05d8265	04bda0254696dfd28314104e478725b8f7cecb2e6c7f24a0f2242bfbebdd8689
build/swiftpm/repositories/swift-syntax-e1f983d3/objects/00/9059b7d2ae83a5807ad5af7ac9c60f28bd349a	6e91b64c8fa8cfed06fce328dd29ce5e4a02a20590ab605d709b0ecf87ea3638
build/swiftpm/repositories/swift-syntax-e1f983d3/objects/00/be6e91b3118b73e20ead6a4c25f4983a9c502f	4406bb55cfdf5f310b2b816949be7051cd5c8f21bf73f165dceb41e6f9176e71
build/swiftpm/repositories/swift-syntax-e1f983d3/objects/00/e8a45ead1e25fc0ef9b2d533fc8ef1f463a328	cd6ec99410ef1c7a7b28c20368a7e9745d2b5193d36943162ddb413c545f2917
build/swiftpm/repositories/swift-syntax-e1f983d3/objects/01/6fe36104aeb9bfd32e734b17b18660e63ae0e9	dec2eedb134b9b59ca5fee0774ba76f7f88a2e2872c8195f8c08b5f8f51df1f5
build/swiftpm/repositories/swift-syntax-e1f983d3/objects/01/a494d52dc0b03e3ff9b70d97db6a28da6598ab	cdb5c5a1a76a4059f57a8dce272e26a3e63fa898cd976ff1f4dbce5949718a32
build/swiftpm/repositories/swift-syntax-e1f983d3/objects/01/b303f3127adf2e7778d77529cafc46c6efde61	62522e98f12cd6aa9f17996110754de19ff98e8211e4f72e6e2a45d2cb881c27
build/swiftpm/repositories/swift-syntax-e1f983d3/objects/01/b424b47ce3ca9638db8afbb2d479ea120eae57	3282a62b40b11de5bd662938ee18c5b6819558d923e9c64a981c761b88f0594a
build/swiftpm/repositories/swift-syntax-e1f983d3/objects/02/2745f370e4c99cd8850964ffd691ae2ddd5582	462b2c484cfa8c4098dbd5254dac83be0155ef27f85489d2e4590784b4782b34
build/swiftpm/repositories/swift-syntax-e1f983d3/objects/02/47f59187e6c61f9d2bcf583cc30d2e5c34e619	1ffa0abc923b95a0a5c8564a229ab65663ca26d95df5f95ebf975defa7b2ad82
build/swiftpm/repositories/swift-syntax-e1f983d3/objects/02/c90712fdad99163744adc5c6efa474195e2582	159f34715d7c583c2666b4d0307335a42dc38cb24c8dc31dfa7972229349831e
build/swiftpm/repositories/swift-syntax-e1f983d3/objects/02/f2bc0c4728f8c1c32b241b65b86850dfd24208	4bb6a833f7353202f3baacf23f17bc5a64f5bda04caa977d1aa0fdf6cc63a75a
build/swiftpm/repositories/swift-syntax-e1f983d3/objects/03/6e1096293fec31fe86dc108fbdb471f8fb820f	23cb025b32ffa4892e4153ece72b8b3325fbebaa2142cca8be602877799f88db
build/swiftpm/repositories/swift-syntax-e1f983d3/objects/03/80a38dbf3028de450ad766c699d8bcfbebaf22	7bf645cd9d4213cf5eb2c8ecd58b6ade109e398e540a4423f5e57432de791ae6
build/swiftpm/repositories/swift-syntax-e1f983d3/objects/03/e7e83ef69cff396471596547afda431a905340	924c0ba68962560f5b005517d842c711c645bc42fe36c926f2ac87002dc9913f
build/swiftpm/repositories/swift-syntax-e1f983d3/objects/03/f97f6c7d8443d8db4b0fe8f0248dcd17b53bf2	d100eec16b019e1dd6212276c3fc1da36ffb8dce0000553e242cd382659085a6
build/swiftpm/repositories/swift-syntax-e1f983d3/objects/04/17de6a829c73f0c33ee0f297d62eff3e87e3b0	abbe038437a2015f66e00821b5b586ef3420591856cb429799be93de0a142927
build/swiftpm/repositories/swift-syntax-e1f983d3/objects/04/9dcd9123e5fdc826650743d0b5e8d6ba9df286	84ba2529d72ffe1c9011194a4e1017644ef5232f37b0075055524458f7174a63
build/swiftpm/repositories/swift-syntax-e1f983d3/objects/05/67e92cf01f841765a1527ff4a3ea96e25968e9	8e11d3a3456b64590ed78f96ff487724bf2e500110f0d5ed5f1d637315e50c25
build/swiftpm/repositories/swift-syntax-e1f983d3/objects/05/69c3b248b71a231dd7fb056675616bba31f3b6	9dd1333a4b462ba3b424b39b228edc1e243fcfe1f3c43ec3b04e2a434957f953
build/swiftpm/repositories/swift-syntax-e1f983d3/objects/05/84d4c92531c7272582dd9c4e1abed610774e5a	b5c19c5883a1a9732fd4c7fb03d8e1fa6493c24df3726e31e548ca47ec718570
build/swiftpm/repositories/swift-syntax-e1f983d3/objects/05/cd3b50a8b132e7e2c571165ea9c24ca0b451c5	e02e1e3b51f79a8c1276228a742231c6a43e32b2584d6e2ff69805b2b38713cf
build/swiftpm/repositories/swift-syntax-e1f983d3/objects/05/e238059856e0e6b37ebab2a7f298f84e46700a	6ac671fd8e1f70cab50ed80d7cd1c35415ba52507ce3f3639754483b0dfef66d
build/swiftpm/repositories/swift-syntax-e1f983d3/objects/05/f308c9724e74dbaa8ffe17d49cf33b0a97165a	c424a4b0ff05de2723b429c70d317bf6ba865b5130825894d7de9fe252a8a7b5
build/swiftpm/repositories/swift-syntax-e1f983d3/objects/06/1cf188e9647eb42dfa6370f4bc5a2eaab35e51	9e0317de4cbd629736280c9352d35a07a2ae5c9cee8351b3d628beaa5b74579b
build/swiftpm/repositories/swift-syntax-e1f983d3/objects/06/3fdaf40ea6f2b305caa5e18733b1639cd6ee69	e01176ea292164e36f4db05d8c4fa11636c0ecbd455f2928feb8ecf865f99ec7
build/swiftpm/repositories/swift-syntax-e1f983d3/objects/06/43d84023ea26b4d0d0bd1f81d719d819019ed3	64b9b336fb27a9088d29becf3f7d976a93994ad7da33ec3b8ca56d4559548ace
build/swiftpm/repositories/swift-syntax-e1f983d3/objects/06/623a716e6636ff28594c6aa9bed452cf813067	9c5675dfe6e185dee908431781cc7e5d6c49dbdcf28263e6d58bacaa05de3f84
build/swiftpm/repositories/swift-syntax-e1f983d3/objects/07/2271dcc1b884bd52ed641cd07a52bd69321185	550ab648eb077fa24ac9d68b133a5a7fb70bc0d582e92205ebf1ad55d3fb9ae3
build/swiftpm/repositories/swift-syntax-e1f983d3/objects/07/4737dc0ecb2ebd44ef329928f1159559c28dca	6f1906546785a98d0dc5d1938facd31add94af2110adcd39612b82b203985b09
build/swiftpm/repositories/swift-syntax-e1f983d3/objects/07/4b696f5a9d559f4d25da28fbb762f6747aa217	5d68a2c1269ee431aff9f053b531c34f070117cd524d1d151ef63ac0f9c6e1f1
build/swiftpm/repositories/swift-syntax-e1f983d3/objects/07/71162ef85abbf1859005e39c934ac09721fb0c	3b10888f2809991aed340e27d1a88f63ce587690c127ad3d138a13cd1309d1b9
build/swiftpm/repositories/swift-syntax-e1f983d3/objects/07/ccf9d3622553a007c8620b399761f659c3185d	e0e69f388ea8510357453571bb8fd933acf5c5e362e7afb6627592f4ffa681e6
build/swiftpm/repositories/swift-syntax-e1f983d3/objects/08/33b27fdbd17db34b5df3dc79c9d2a901878214	006c87430ef046ad911cd8e1895310fabb5edb8af27a90301c6aab99d556cb9f
build/swiftpm/repositories/swift-syntax-e1f983d3/objects/08/4e353ee692fe9a4552d8db0bb006f8eb84cd8c	b5ff2e44f64c0b1d3d2c8fec9b750a634fc617e42ab23c38142f65f2361dad6b
build/swiftpm/repositories/swift-syntax-e1f983d3/objects/08/ebd86fdd3477d029bcd3343ed92dc627de076d	f76f5fa98200f0aede726fd4fa02349066442efa54db4adcee59971d4d67056a
build/swiftpm/repositories/swift-syntax-e1f983d3/objects/09/8a4c261cf77573052dcfea50743c9638c8b699	996fef55a92dd7075e533d737ee4645ace6323fe57d61a29fe14dba67d1182d7
build/swiftpm/repositories/swift-syntax-e1f983d3/objects/09/bdc3bc93bed55dcea46cba27dd2b48932e7d17	e8dbaeae6d14cd82ab27cc64696027a8d29853cd01840cfaa2da6e8c34f282a1
build/swiftpm/repositories/swift-syntax-e1f983d3/objects/09/e3b3963b7a98508f69d08cb9be3e98c6636b37	d0394b07e6af1268797f548263c0d505786f558b655a43ebad847bc199507486
build/swiftpm/repositories/swift-syntax-e1f983d3/objects/0a/1bf2971ce0ec3d7e762198d4aab90dd36e978c	618e18be6a5d1f2b139e3a027ce8f0dd7eda6b12fce8f1cca227ce140da5e5a8
build/swiftpm/repositories/swift-syntax-e1f983d3/objects/0b/12c874718c795ef597d5201db3a40f8bcf1d72	6daae97170060e8c19b62fad4c850d0a2910d475e19281a64c1f6902f867f1be
build/swiftpm/repositories/swift-syntax-e1f983d3/objects/0b/747c84c005c04201685662473dd7d01ee584c9	09d27c10cca5ff25f1949df05158577c35c75a76f9da15c931d6dcc409cdb2ca
build/swiftpm/repositories/swift-syntax-e1f983d3/objects/0c/60682f0d8a2022616a697eae8ccd573693f0af	934bca8c92331d7df6542d89139ba5a278b2ba476b560fa28d08bcf00bf9b185
build/swiftpm/repositories/swift-syntax-e1f983d3/objects/0c/647fa871e0463c242459e89e57018f54a126df	ebb6f96419c2d9340e7b0c7e69fd2109da30e9ce1ffc4df2e87e3a8cbdf6581d
build/swiftpm/repositories/swift-syntax-e1f983d3/objects/0c/7469868a7624abcdac1827925ff820f472fe59	be465b6d9be1ea5d47ce50c70ed7b7e4023adfd4bc44f9a8d65c50c03dbd89ab
build/swiftpm/repositories/swift-syntax-e1f983d3/objects/0c/8f60bd715079025b314aac8d13f0cb8252ab62	cb1c6744a20269b06e4990a7c4fafb1fdec208a66e56e20aabc21d0b4e8ed39c
build/swiftpm/repositories/swift-syntax-e1f983d3/objects/0d/823efd35d6154487041eeb130cdbce315cc71b	bd1d50a6235e1ca86ab85ca11b033468e660ed308a0b20d973389629489bc6ed
build/swiftpm/repositories/swift-syntax-e1f983d3/objects/0d/a15f01c06e51e690af34e8ce4370f75690d83d	34a27a1241e4581d1c0723bb2241297f38e6a22c032e912a4d122ca0075af8cb
build/swiftpm/repositories/swift-syntax-e1f983d3/objects/0d/bd6e386c2643a2b610acda8de186258339ca9c	004f8fb63c8bfa0c8f7d27f21cb38781a0118cbf35653d1078df7f4d349f56a8
build/swiftpm/repositories/swift-syntax-e1f983d3/objects/0e/2ad2fc1de15d4743c15520818d3ee2ec9c95d8	94f3dcb4072d81c71260d1d9fe441f73ae0fb9fb0e870be4e3fa2a815f77cd69
build/swiftpm/repositories/swift-syntax-e1f983d3/objects/0e/c21ceb2eb9dedbd051e3dcb5233f44c0856652	7c488df3c871ec6756eff39eede6939d45be12de8b41d2ecdeafda4087a1f89e
build/swiftpm/repositories/swift-syntax-e1f983d3/objects/0e/fb699350043617d264bce8f8b1bc6c92dffa80	fe5e408aecb4bd006c49506599e6d79c4d967f0c2c17e6ae6721706a857b527b
build/swiftpm/repositories/swift-syntax-e1f983d3/objects/0f/21d04eec54a3befda860912abd5af3cbc9965a	3d870d590259011756cb706726acf2434c160a91f933b1dbc65e02ca29a99254
build/swiftpm/repositories/swift-syntax-e1f983d3/objects/0f/2256eb8e378377cd28a146a8f4170e8ba77dad	e04758ad8bbb0220ac80628c6ed5c41bdcf24c6fe7ef1c112bd83bf71bb39d28
build/swiftpm/repositories/swift-syntax-e1f983d3/objects/0f/68f135d5d0ca5ed5125d3e2cb56e30e6117d4b	9bb730ff9e2f56179fd50cd442433cbf8e9896221c2381edabcb1cfe99e692ac
build/swiftpm/repositories/swift-syntax-e1f983d3/objects/0f/7a1b7b1baaedfe03224a751ad152e1d6972d43	3babc9fc683db4014ec71bdd51d55ba25a6755c726ea0a19595be922da536da2
build/swiftpm/repositories/swift-syntax-e1f983d3/objects/0f/7a57c5888ccd0bd599e5b8b6fb928b9641f1b8	3f65d765e56152b3031ce117284ed98e3aa024b150c31b643b06d19baa4b0f0e
build/swiftpm/repositories/swift-syntax-e1f983d3/objects/10/13ca4a2660b9c2f1d9f71a411381f3f9546bc4	f2df7791cdc62e0332399ab4f201a38c60599b40e7e6231bff24c6615bd7c9e5
build/swiftpm/repositories/swift-syntax-e1f983d3/objects/10/5c361081d19bce944522b1a86f75213c390f7a	d38f9309200ef010bc794b0982f609912ce494bd428da0545fcb8add830305e8
build/swiftpm/repositories/swift-syntax-e1f983d3/objects/11/b6410f7188a6c4036d68d5218bf4d88e930b96	a61aa097900f5fc2a748de9a49cd1c140f98742872f59c7660b66da083f649ad
build/swiftpm/repositories/swift-syntax-e1f983d3/objects/13/42294ddf3d8f1052d7972ee6200ac9249fbaa1	9b2eb058fb59ebef51b94932068b0eb01826bf952a6349ecb138ddcade106dd8
build/swiftpm/repositories/swift-syntax-e1f983d3/objects/13/6087a73c898d0cb6d9d1eb70146b3fac081966	e8a1cc5ccdf293a3613ca81b2b870dfbe15b072896aee19e34517d22bf6d51f6
build/swiftpm/repositories/swift-syntax-e1f983d3/objects/14/11d5c9e4b6f4fe71e00ce7580da28c1831277f	8c6d81936f5c1010734adcb0fdad1f08cb9b34d4a2f71f0aed835b587c9afe20
build/swiftpm/repositories/swift-syntax-e1f983d3/objects/14/5fe419527aa816731c2e45ba8acb34663220d5	c4dec58a6d79e6e7245cfaefb32e7dbd9fdd645842eb5fc41f581188e97935cf
build/swiftpm/repositories/swift-syntax-e1f983d3/objects/15/33ec0c6709ec59a57a17b2da014823046cecf7	8d7af0f3e7776f980d2273caa4a66ff085821b6fcb96c9822d165e7b78de5e26
build/swiftpm/repositories/swift-syntax-e1f983d3/objects/15/50d2dda811aee7f4bf6bb149b38c666e8974d9	b3a5682cf4ce1427e4caccf102053437e6981cf234ee7939405a91920d61e349
build/swiftpm/repositories/swift-syntax-e1f983d3/objects/15/813d049e71aae72b10be7ed409f762e4b2bd92	3858e141d1346f28ca9ebb64b85d0fd784972e3f07f7c133151dc81f39f53645
build/swiftpm/repositories/swift-syntax-e1f983d3/objects/15/a382a60ef406c1f6ac768246092732815c3939	1cd79b2b9d1448a7cfd5706afc9091ef1159fe6a8620b2d5b81497168254fac1
build/swiftpm/repositories/swift-syntax-e1f983d3/objects/17/2b7073bcd57138a4e3d279905a1d3c867daa74	d25171ee7d24d126e071918e5b931825385179f35ffb7b16af10b6dcdb3e9a4f
build/swiftpm/repositories/swift-syntax-e1f983d3/objects/17/caace8fb1ca03001ca28b1512399780b305664	8441e03eb8caa9e7b474afc8b779b20230c407adbc2e2e25984a661d4b37daeb
build/swiftpm/repositories/swift-syntax-e1f983d3/objects/18/7d5a8e853b9ce98fb84866bc67d7c399a14c25	538093ae6dbb168d4de7e4a493ae70a7fcde4fac7b4720e1ea0c767ec86f3ec3
build/swiftpm/repositories/swift-syntax-e1f983d3/objects/18/ad1f72b0624e57a63aeedbb64abf76c8fcd67b	5813b7b6cb94c8c71012d669de48c6b3f6e27964533abfed8f3272fd8666e9ac
build/swiftpm/repositories/swift-syntax-e1f983d3/objects/18/cacfefb0a855a3dc4b2e6f50a43e9679127d17	d54ed6ef5342be8e9e36ff00c18aca82fb70149909c1caddd7295c268ab3cbfb
build/swiftpm/repositories/swift-syntax-e1f983d3/objects/19/03f360fb9036a61b8f185a2074f7d39d531f5b	f409a438c79bbe79023eba3d6aa53f0b494c0d7893abcea63728d354d49f53ae
build/swiftpm/repositories/swift-syntax-e1f983d3/objects/19/388223cf076034f1a069b30b4d8872347fbe31	b8251aada7c9f1d75949ceed6cd4fe9288d72c83c160b4dd4d1f20e07a2b058a
build/swiftpm/repositories/swift-syntax-e1f983d3/objects/19/90610f0c771da7c7ab653837d2ce6364500625	52204a41eef598f1a0d3143084ad4631940cd08b5b043c339ec65b50763262ff
build/swiftpm/repositories/swift-syntax-e1f983d3/objects/19/abf6e0402010d10503c03b5027c170ee285829	009bbbf82cc31fe6d3d720a3144f5baf938277b2f3fff96afd9fa4d99c43b1c9
build/swiftpm/repositories/swift-syntax-e1f983d3/objects/1a/313100cd0392b2c2a65878161a9a6dfb0bc4d8	a8d15286ae9eb3598ad7429dc0e7b66ffddf885577ad23f4f9a5dd045309747d
build/swiftpm/repositories/swift-syntax-e1f983d3/objects/1b/68f51f8f6ed58452a32b224d366707a0284cf0	09d9fe56f1a2042159810ddca90a3be8aeaf2e1efe5bac8d82434a1a0bb346ac
build/swiftpm/repositories/swift-syntax-e1f983d3/objects/1b/7c48b549483cc29c8bd283e6248a36ac7cf238	545f347b88b35b1c16dc6f00c78a0d5577ea5320980ae15174fe3e2d59b82746
build/swiftpm/repositories/swift-syntax-e1f983d3/objects/1b/f77df4160a647a7f38369126308d922f45256e	01ffcd473663e0038baa48bc19e8ed8771d1243671287722a4a4bef4ea9e42dd
build/swiftpm/repositories/swift-syntax-e1f983d3/objects/1c/0fe1cb0e2aaf132c43a0b0ea1ba7de7bb07e91	afded8dae7c069ba200fc65ad48681b5ced62d517e76a6e31de12b40afa015a6
build/swiftpm/repositories/swift-syntax-e1f983d3/objects/1c/2ebcc596081d1e33ef47ba11419ef3df94b6a4	1c826b9b8cb2420c5df2a17f8b3215fc72f4a23ddbf74254650ae12cceb83cdf
build/swiftpm/repositories/swift-syntax-e1f983d3/objects/1c/3bb554d1289f4bbbb4e3a6dec78adb8bc00c7f	030bdf0e708697a359195263723e864bbdaa6f097b2f3ba440257bd8c648c368
build/swiftpm/repositories/swift-syntax-e1f983d3/objects/1c/98c058c2b8a12b5e5da083347d5036300018d4	819aa6e89151025edd986de74b225daedb87758cf13f5f67a297f7889b88f632
build/swiftpm/repositories/swift-syntax-e1f983d3/objects/1d/04a088de000e683e6c84fc982fc396fc1bd689	851bf71b563797000efce599d61146fba4a87344943dfdd449f5282bd4529ab0
build/swiftpm/repositories/swift-syntax-e1f983d3/objects/1d/578395caf86274f570e8f7e34b752e6f51bc78	f657424c5568c6cd2de21c3969c513cd02f2d07b76422b7e718b882bb1aeb477
build/swiftpm/repositories/swift-syntax-e1f983d3/objects/1d/b3b9c317eccc40a0bc3e260bcb65bbcb03cc84	65496ee89a4c75436c4b2d9f8122ab03b95d1a8c1cd38682aaa93e506804330d
build/swiftpm/repositories/swift-syntax-e1f983d3/objects/1d/d37fbd76da4feae14409c7f6556d1dc0fe84a9	b682dccbc0542b51145b0b0dfbeb0ffcee119a99ad35273e53f403c88b843cc2
build/swiftpm/repositories/swift-syntax-e1f983d3/objects/1e/048df4dedcb2e588a5c03b64748490a3cb2310	50d3dccc945bf11a8e49a829267140ba530d7097b96451ae7aded0d1438b872c
build/swiftpm/repositories/swift-syntax-e1f983d3/objects/1f/80aacc309c1b3835af2e027a10619abdd62d55	32d8ad2811d9e226a33825e9ec04210f6b20e5fce1e09476a412170429573e83
build/swiftpm/repositories/swift-syntax-e1f983d3/objects/1f/8130d971ca40f31612436045237ec52031633f	0c737103e70e556557378999836f4a39f704a6e3f7596fca72a5679dbad058c6
build/swiftpm/repositories/swift-syntax-e1f983d3/objects/1f/c4ecf7cc8c79cf810fd543be192d8d96927c12	2fd4e8b3827519bef82cf20f5a795a2dc2cc8a1aa700f5e16e837527364c3b3f
build/swiftpm/repositories/swift-syntax-e1f983d3/objects/20/ee3762d81e1e632539e7b9309f234186caf0c6	e75188a219389c46b7436a28f7181dc022e21e4433f630d77bc982694def22d1
build/swiftpm/repositories/swift-syntax-e1f983d3/objects/21/8a395b78cf1beb2aff320e8f0920a71dab07da	b5f36448f5efb5292f54d63a19210424bd679f6792b2377afec5510a88c43983
build/swiftpm/repositories/swift-syntax-e1f983d3/objects/21/e2191124b8a1e584abc6a3644647ba149d3ffa	ff9601227b935dd2e7629dc30f59412244b169ea73dc839dcf00592a864d610d
build/swiftpm/repositories/swift-syntax-e1f983d3/objects/22/5f15e6fa0b645b1853ae8063f5abe3578de494	fed14aa56b95ce7242aad25694e55e3f432b4e7b8674e85c43984ed3a60b18e1
build/swiftpm/repositories/swift-syntax-e1f983d3/objects/22/e5645da86662fa5dd9f072238b62d13e2006aa	e38c997cd0b71066402255340d989e124dc3dfbc9e773dbc8dacefe9b28a2af5
build/swiftpm/repositories/swift-syntax-e1f983d3/objects/23/b81662868466f50bdf4c695082f82d943e201b	5e8468ef4a3bc584e442b4359411b92dcfeb490fa6a4f8db1862cf93d4935d62
build/swiftpm/repositories/swift-syntax-e1f983d3/objects/23/f946af1c3b9df4115ab9180288d0e51ed8d9ff	27baf66a94e59e8223d3c85ee29199051d560df6ce3e6528334cc7ab6a19cefc
build/swiftpm/repositories/swift-syntax-e1f983d3/objects/24/01f62959523b6c5825cb3ee89783703c782b74	4e2e2de75c098d99da135a1529466de67277f68659cbba0a8979d2ef4577ed09
build/swiftpm/repositories/swift-syntax-e1f983d3/objects/24/195e0cd794a71a49e920af6de0557fae7d5925	b57fad090fdd17a5615c3de8711c6738aaecc3b9ded154e84e3a1f948d8893a1
build/swiftpm/repositories/swift-syntax-e1f983d3/objects/24/68c131c646f967134783f401480cc8112ba372	ffde006546a36e608e54a574b9c2bb86247f650878aee72f931d6a44c306d2de
build/swiftpm/repositories/swift-syntax-e1f983d3/objects/24/cbf8e241d6084f2cf6d7be8615586d3d5ccfa0	7eb238573a0e114d02e953d228088532a186d9f231ce88be37064bdaba30f955
build/swiftpm/repositories/swift-syntax-e1f983d3/objects/25/042e950dc8156e7e01b038e78fbcd95659ae83	87699c059a2fc0b15ddd4a5363aed9ed059de46e9c74fe226f7d1d15f2c84620
build/swiftpm/repositories/swift-syntax-e1f983d3/objects/25/3d2b563f4f0961dd444f4ac623887a9a473450	a375f4fa2af66ec97c5112cdc01dcb53844581f0f74db9f0476ca35e173d2739
build/swiftpm/repositories/swift-syntax-e1f983d3/objects/25/8ecf1394ce0e12bf45974f230b55f6dfb28b25	21de7432d2a34a4a53d7d5fff1c1bfe56cc72b8c2ca297636b829d01712b2f46
build/swiftpm/repositories/swift-syntax-e1f983d3/objects/25/932f52120779bf8665196acd251b37284a0732	d875e9a5da66fe44d5312a73ddf4fc8f9022e795b89abd8661e8ea17f08a129c
build/swiftpm/repositories/swift-syntax-e1f983d3/objects/26/2e62210d220fa89978ec3569bc831d0ea2b9dd	6e7917efe792080a9c0f1cfacf2c36fae6feb9890c82b3240fcfc38d6fbe16f1
build/swiftpm/repositories/swift-syntax-e1f983d3/objects/26/6da7fb635abe766ab868a1a8a5715d14d7cc60	c1a58c5cc64f13d7d74f383f06759a00973dbc63ddf9a7d844c9947b9de8513f
build/swiftpm/repositories/swift-syntax-e1f983d3/objects/26/8afac54ba0bb93ea148193ff2141db81b8604e	c3a73329f4e1369a9db50754733926ad46631b81eea5b2d4ffcd4c011bde54a7
build/swiftpm/repositories/swift-syntax-e1f983d3/objects/26/f6f1a8371d03a3ab3d770c9892bfaba05d87ab	a9f5d1896c5ba2a58bc4e9b2f8b3783088aa2288a64865b52270ccbb42bfe1ab
build/swiftpm/repositories/swift-syntax-e1f983d3/objects/27/06ee84bd9f0111dd68279005dcfff726c97bdf	db41767ac34aec0c764df72599c0826ff421e3db00811067be9772ab5e0385f8
build/swiftpm/repositories/swift-syntax-e1f983d3/objects/27/3609466ecd0845a60501e2b0ca35135bb1f81e	48b02e192fa230526259c7611fde999a7f7cc3e5416d733156037b24fac705e3
build/swiftpm/repositories/swift-syntax-e1f983d3/objects/27/4a0710afb0a3da09f339b3699f7b0f2a041aa7	046bd7e9621f35af8716970b6aa45e9e9cba4726f995922d0b95c85014d6f92f
build/swiftpm/repositories/swift-syntax-e1f983d3/objects/27/9670cbf27efc151bfb88f5c5702c6f462a1112	1b861725d5d29e5d41231c49f7261abf6eaa7660fd8e3f16c102eef9f520d17c
build/swiftpm/repositories/swift-syntax-e1f983d3/objects/27/f867e560efa6116ad49289ffe7d31c79b6afa8	d5f4b4b580413181873a7ee6ed0fa3b4affec7921d38e44e98737ff0b81c4b1a
build/swiftpm/repositories/swift-syntax-e1f983d3/objects/28/8bdd92e8dda85f817083b4d2f92b4030479603	1972c4cbc2d354cea3bf5cabd34f62a054155a7be6b295d811c50a9305f6c68b
build/swiftpm/repositories/swift-syntax-e1f983d3/objects/28/a2698916909cb97aa8f9cf3924698d00ace6df	33727a8580c421a63920f691698694951dd98ce9babc5dbf64dc0f81f58e2dc5
build/swiftpm/repositories/swift-syntax-e1f983d3/objects/28/c7c440c983932bb8977598df9b9f0eac133d62	d2abf6b1965cdc3de4cd5d4446e09687f4bb6c585cac59f371a7cc183e078161
build/swiftpm/repositories/swift-syntax-e1f983d3/objects/28/f14c03346770db7ac4e49116b82a6a7be8d92c	1d753ae9efec35ca4b63cb4c5ddcb51cc94b8dc90064e69fc5190ead1e5a5a06
build/swiftpm/repositories/swift-syntax-e1f983d3/objects/29/bcd1d956b5045adf18730e13623b945747d1b9	f422b0a1204e43e09f9e65d9dd91be6052ef4900066946151c43431b22771775
build/swiftpm/repositories/swift-syntax-e1f983d3/objects/29/e7df137276b3cd2a64229180837fee0b2f0db7	8765c13f01fa37ed7aef258793b778011eafd9bc1c684930bdf644a9b95fd4cd
build/swiftpm/repositories/swift-syntax-e1f983d3/objects/29/f79307956854d1d76e5ba1d6f9f8f67a5cf5e1	c844a615259f4911b341951b6f85775645de4d6efa46ba8c43f57b9e0bd99bf6
build/swiftpm/repositories/swift-syntax-e1f983d3/objects/2a/14544a3df64ce7e0cc6cbee4b8f6d560c50158	b18d22541e286938ae3f329f190baa73d0da1dffbe932d6e33149468843b3796
build/swiftpm/repositories/swift-syntax-e1f983d3/objects/2a/4c61a3c06b812d95bb3404545b092cd9699d4a	06cd63db0d78b0297846f3287f4e48a7e9f24284e4d09b6c9be15f40bc142897
build/swiftpm/repositories/swift-syntax-e1f983d3/objects/2a/be3c06b4247a0b7ee91beaa99257e53883ce72	841bcc45888db160e274f4a5852b15e142395c5964872c9b3f1ea46b65a62eec
build/swiftpm/repositories/swift-syntax-e1f983d3/objects/2c/17cefe5be20ccc4b1b538583c7c4850ea511bb	fa149fc34c312d61376eb799ea23e6c829e1c1d09baa5a078ebc2b14d739af76
build/swiftpm/repositories/swift-syntax-e1f983d3/objects/2c/eac1c4b21e97b4a8f975467bfcbc93f3367e9a	93559feaf6f744d63588b31e544003a1ca2d8f25473371c57e67db94e2f087a7
build/swiftpm/repositories/swift-syntax-e1f983d3/objects/2c/fc028711273853308ca3b985d9e16509dd711c	eb929249bb62ffc095d4b903469cbb5854f5b6fd3c9a1627de830128e7987a0a
build/swiftpm/repositories/swift-syntax-e1f983d3/objects/2d/49836ec4bcca367b3c5adff19c4f2587f0dcdd	1bbfc21539847d758afb02f42f2ed25c1049a44ef47ad696ca1a7f488aca69d3
build/swiftpm/repositories/swift-syntax-e1f983d3/objects/2d/ea8219ae0ce651ba2aefa6a5397365ce947d56	4453b8cfe97e089bbf50a94590439184521cb651955cb2b38ea2b3194922e8cb
build/swiftpm/repositories/swift-syntax-e1f983d3/objects/2d/f3b89c08a4915669a67029dc372ca91e126ce5	12d244605c65daf161947060b51ed4dad3aaf94390a054ad0be697824af4022d
build/swiftpm/repositories/swift-syntax-e1f983d3/objects/2e/a2fc52bd1c3e2761638d2182d160a35709f46c	47dad75264715175d9bc9fcc11d497280b4f2a2fb4211ef3d623314c3ebb0179
build/swiftpm/repositories/swift-syntax-e1f983d3/objects/2e/f4aaa55168bd96bb1aa941a9e30f2fe41683fa	803110fb116412658fbc1340238f1585a34d52fb1882f3566068874ebe62cc29
build/swiftpm/repositories/swift-syntax-e1f983d3/objects/2f/024f2a7971cb26bbc706bb34447603c3708bef	07f187156f343bd4136d92700ebf049417876cdbf05fbeda5425701bd321a108
build/swiftpm/repositories/swift-syntax-e1f983d3/objects/2f/0ef5b5acd054c55a555808e9d7d68d6c9b2792	bcca74eba683da1f7fb2494fd8f2f55c5bbc352882054201a9357af8f83c3a1f
build/swiftpm/repositories/swift-syntax-e1f983d3/objects/2f/248e2e87b5dfb8d633a7b0845804db94fba9cb	7eacfca5c4d91cd9319cc8a60d3f57bce049c523e8ca714375390641d22beb5a
build/swiftpm/repositories/swift-syntax-e1f983d3/objects/2f/e54c78c493f4c121375e4af0a75778b87f81f6	12b3672455d454dc6dff101c298b9dc192eb72dafb092cbdfa0fd5451c74be8f
build/swiftpm/repositories/swift-syntax-e1f983d3/objects/30/15be30b79a5ad446c9fa4aae384af811862658	6283a0caffbddbe8280c2d784f4af38537083b717f7adc08f8537ae38f0c0f31
build/swiftpm/repositories/swift-syntax-e1f983d3/objects/30/5e8e90fde9a21787d66b8c9f93773e2e952796	b33c5fa11c5bdacf960a877e4eaf5c68a24f851e09c0a51291d6b5982206dbca
build/swiftpm/repositories/swift-syntax-e1f983d3/objects/30/696fdc4885d1a385e152ad4b7019cc3fc3a71b	014728fa8bbf519ab0592bc6032743c5bc4c63ad5e225d27a8bb3545d094c084
build/swiftpm/repositories/swift-syntax-e1f983d3/objects/30/988e68168430fbd711d399896b92212163b585	98273cdf53ad37a4343c27e711b4ab73a46e32390ae23aa8aa0c721872d88a37
build/swiftpm/repositories/swift-syntax-e1f983d3/objects/30/b1af2c5548c2dc96fd9201148c0a371aa80cc2	81993718e3033b3eb72f995a6f9c60f3a435cb648f2e18a65b86b803e28f9c50
build/swiftpm/repositories/swift-syntax-e1f983d3/objects/30/d9cb0f5b6e233674a9751d032eaaff297aecb7	78778ce4bcd29490b54014ddfe3299797639524478617fed6c90eb1360000247
build/swiftpm/repositories/swift-syntax-e1f983d3/objects/31/5dbf9b67fa4f7156f0e84b98577683ae3bdc04	6415af8778d38402b75c90f04546bf4c10e38feaf116cff3458fded91a449f77
build/swiftpm/repositories/swift-syntax-e1f983d3/objects/32/4dbc5f567784f6fe65f82cfadda835875c28d3	b01aec6e9be9f82a97ac892976ce92ed68d3929c9d068f29a4b064d604552c90
build/swiftpm/repositories/swift-syntax-e1f983d3/objects/32/879019dec88cf9e674ef8e349e481371a87204	dba44643583b5b29eaadb2815cc950904b802ff1c64da9f02828fbde1f5f3a1a
build/swiftpm/repositories/swift-syntax-e1f983d3/objects/32/8ea560fe01aa0174a4a6b95770bdd7ff650fe9	89b36dc346fe7b3708337fd2c39af11c7c00efb9bf82c1ddb04325dbf1ec93a9
build/swiftpm/repositories/swift-syntax-e1f983d3/objects/32/9b5dd555d1143fd30a5bf3fd8233adacbf6ad7	20b4c2857f92615c1cbcc0b56678c021c6262bd9a7b5725523ea7f8fb64e1e09
build/swiftpm/repositories/swift-syntax-e1f983d3/objects/32/d6a26bdd1f2114281a3ed52995ad83dcea96f4	0a346a39ee152a0a8927d7932b0df102fbde13fcebca94256e5f51e9f4a72faa
build/swiftpm/repositories/swift-syntax-e1f983d3/objects/32/e83768800149cb9d177ae65f3021a5d09767f2	d95620b40b707546733abd968c528465d8215ff498cc4d5f79c389aa6e238708
build/swiftpm/repositories/swift-syntax-e1f983d3/objects/33/174df40942796dcefe3ced56aa0c0ce7c9da3c	98b13cabaebfac2a54b1f5f9df1c4ec41119bab2bc1a518fb48380cd9219cf05
build/swiftpm/repositories/swift-syntax-e1f983d3/objects/33/b6307fbb35258a275fbec28c03a9a4b2fe693c	a4f1e8098475db4171ea5fd7e0466ebdb24d41c641b00a11d8cc9dd4495ce2fd
build/swiftpm/repositories/swift-syntax-e1f983d3/objects/33/c593c951aea9ba3f271e8662d1147dd729dd10	340813a874d67f89c499df17cf43721d2e9a11fee8d42efb28dbc839b84d55fd
build/swiftpm/repositories/swift-syntax-e1f983d3/objects/33/ec041875f6d01df7129279cf2b25778145809f	1ee256bdb251ff4f9e0e09d5649f00ca88c37a9d956be326cd63db6907c63d7d
build/swiftpm/repositories/swift-syntax-e1f983d3/objects/34/807b847c6e5e580aac4418ef881df246a5727c	21949d35185356380180662b77de0dd8c9b2b625aa69a3f4eeaf2f58ec86f932
build/swiftpm/repositories/swift-syntax-e1f983d3/objects/34/9a4c38c001fc4ab3402676f49de85903d6da82	1c35e59ff695881141ab1b77a84f96f3c3d2d71f7ad36716f9a073e67b3f2daa
build/swiftpm/repositories/swift-syntax-e1f983d3/objects/34/a8311cdcda240f5263bc0a8e1601ab0811a69d	37724e60dfaf3de62597bbed9565424cc00ce1fc7451f3e30a8c464aea6b8f81
build/swiftpm/repositories/swift-syntax-e1f983d3/objects/34/f770fec0a7884be6999d1661be23b877c2fb41	ad214e3e91fac5d9b96918e00a6ff79b8e68999e972973cfd504316e5718842c
build/swiftpm/repositories/swift-syntax-e1f983d3/objects/35/29a05fdf2e64794417b0d2cf55809561d5a4a6	89fa8e60ec9fae39ff4c55c7ac7a2d20c471140cc053fef96dbe44abe6aa3ddf
build/swiftpm/repositories/swift-syntax-e1f983d3/objects/36/58e16d59781659b33c514cecdb0127062694be	06b8fae6d5d732161cdcf8a3127ae1824d32694629b1bd48e7770d285fd30474
build/swiftpm/repositories/swift-syntax-e1f983d3/objects/36/9cd5d133e73b9316039e8c5aac8f86c3c113fe	9697a18330ad98f3f009e5f9bc8ed1be6e21d086bd2bbc822affb325bfb2a733
build/swiftpm/repositories/swift-syntax-e1f983d3/objects/36/a5def18996d973ba0bdc62928393627ae41ace	3866fff5004e6ffdb43356a432ea32e529807038a13ba3268c7df5606dfcf328
build/swiftpm/repositories/swift-syntax-e1f983d3/objects/36/c7be39575a6ced7ea7e6215fd82683c3761d8d	74892f0116397ef07e0e2ab645b197a2d362e08d8dd676090e1cb82dc6cafccb
build/swiftpm/repositories/swift-syntax-e1f983d3/objects/37/7c0371a8d47e97bab5c260aac2c2a8eaa44162	917b8ba901fa52a5c4c2c61bd5562cab47ccf2c157bcb25b7bd14037b60510d9
build/swiftpm/repositories/swift-syntax-e1f983d3/objects/37/aaab650cbdb55c92c4a341f3bdb929073a8b6d	7814371c3c47a9b46d07929e8575ff4c0e01fdcab4986fb2702a1a171e019fcd
build/swiftpm/repositories/swift-syntax-e1f983d3/objects/37/b33020e8fd938a7038aa03ff3fe92208c8eace	327a08af25a43872629976f91005f29091c9cb2c4a6a5fc55f9660fc78e6508a
build/swiftpm/repositories/swift-syntax-e1f983d3/objects/37/c475b1e9a272b7e1de02702cd5a95782ffb706	d2809f79fea6c3b734fd0651263c612aa40e08301a4c1d6a00f11be867820eee
build/swiftpm/repositories/swift-syntax-e1f983d3/objects/38/dd66475e9c0645aa08626be3034211afe2347a	a429cc3f17a29edeb895cbf87d2166b8650fa64c8b2edf68b247510c09ecc0ff
build/swiftpm/repositories/swift-syntax-e1f983d3/objects/38/ea6aa332ce42d2164a0242e8eefb9f0d50ad95	47866ec3d23776e81724c0b3ace537c9aeffbff8aa0c4954e221de76149e2c28
build/swiftpm/repositories/swift-syntax-e1f983d3/objects/3a/0e0cd2058aa82966df1db975cd3b569c5a09d2	668de91a3a8c3884d5be349f024e160da692e61bd5295528c5799ac6552b4c7d
build/swiftpm/repositories/swift-syntax-e1f983d3/objects/3a/3df899946e31ae735689ba5eabe6c1c3887bb1	4117031d2c8c2c136f8cb79a2661427917c0e2afe1d1248d023a4943215df2ac
build/swiftpm/repositories/swift-syntax-e1f983d3/objects/3a/9831f113af3118ecb5f73a04964633c6e1be19	756b2e6ac8d97a9253837c672eb60c6d0499ccb2be8d8febe88275634aa3acc7
build/swiftpm/repositories/swift-syntax-e1f983d3/objects/3b/d5546d54596738c9ffec0b13acd3b0f61d466c	53d94c38443b8fefcc1b6047f22258c749db361b8e325491765dcc7d0800d337
build/swiftpm/repositories/swift-syntax-e1f983d3/objects/3b/f07352e4c5f3059103b9ceeeb5c470997332f6	89bb4dc303341ec0951a6fd6a32d5314aad8bb30127e31fcb49fbe0f592f4955
build/swiftpm/repositories/swift-syntax-e1f983d3/objects/3c/0fad54d814132347071f32e1bc9034b4ecd698	86ae2edbb001d114c068cac98647e7116a9a6eb627d8efe8f18a2da9d9ae66d1
build/swiftpm/repositories/swift-syntax-e1f983d3/objects/3c/1094705ba028341637a22b771e133e0cc22c21	df78963ce8f3a5fd7fee25e2c3743a8b58e9be6395166d3903c71f65e328f8da
build/swiftpm/repositories/swift-syntax-e1f983d3/objects/3c/3a060c1379701c5b5f0f002769904596e0cc24	4566e11221362e9d710b6c0a4539eb29f83a941735403dd0d5487be6405f50c2
build/swiftpm/repositories/swift-syntax-e1f983d3/objects/3c/903b2d4a873da332607f9e1bc0d07315bc38ad	7af67aa4f2d84bfbb876d208160752620b83465514260c2e754960df25216716
build/swiftpm/repositories/swift-syntax-e1f983d3/objects/3d/da5afbbe6b9900e83eb48a29cf602d11476cb2	d2da70012d7a7d1c340014476281bf52588d9b5a3c7de52968198b8c55b2fe60
build/swiftpm/repositories/swift-syntax-e1f983d3/objects/3e/489c3f79cc99c993b09d6ea701cacb464c21d8	dff78f138be038a73c9db2bd59e04fcf01f6eac0bbe31d4dfeabeee494d81baa
build/swiftpm/repositories/swift-syntax-e1f983d3/objects/3e/aac89171fa821feafb4dcd5cada0ec62204bb6	424ba0b71dd67211cbc05968b3ccf365aafc6c614b93c5e2f43f964893483e88
build/swiftpm/repositories/swift-syntax-e1f983d3/objects/3e/c9c11823cd1be06d45b7dce7d288c2207be7ee	e2268c494a41ffb1b52d81b20028e2a088e973b5c42782c8dae820803938d81f
build/swiftpm/repositories/swift-syntax-e1f983d3/objects/3f/9cb615cbb2f8b306175f6ccaae287af5262cff	3de0f24c7e30fddad8fccee40b12bd52cc6f3b8cd04d5b47ec78953c08ace8c3
build/swiftpm/repositories/swift-syntax-e1f983d3/objects/3f/dbf62401f16d71ca56faf97bc4ae00d147ea30	fe86955577cc79ec918b7f3d37f2ff79fd96487998ede25c4bd09292c3ee38bf
build/swiftpm/repositories/swift-syntax-e1f983d3/objects/41/c7db0011f47cc17f1227acbf900925ebdb5555	f30eaf85691ac3ab4ec86d649e4e9dff1c3d7b0f652be8c9892e96b1a51a37cc
build/swiftpm/repositories/swift-syntax-e1f983d3/objects/41/dbd3932ad1f9889e9e931d911beaab06419341	aa5b55059c55ebec3c5f58e910282a3b43bab94c5583a78ef8128d897af1080b
build/swiftpm/repositories/swift-syntax-e1f983d3/objects/41/ebad1b5021acb48b6026e845e47ab42545f0bb	769b93b96188b8ca415ca59af215c1a9f28a10c84ec3930fa667fc056ae1c301
build/swiftpm/repositories/swift-syntax-e1f983d3/objects/42/0781004f2d3da2082e68c352e52064c79429ff	f3074ea18f574e01f57084afa74ea8baaee63179f1302128dc528e58ae6515f0
build/swiftpm/repositories/swift-syntax-e1f983d3/objects/42/309997b914d58a424611ee3015d3e8020f7c4d	77cfd4b3cadad3ba3f62c1ed187ff7754d323f0f437a956df16f2e5370254fb9
build/swiftpm/repositories/swift-syntax-e1f983d3/objects/42/98034604b16c44c38ec18b4e6b612e648361e7	0d2ce39156ec4bd64d9e47d3818139821d0658e29b4a4b0776548b8d5f09dca8
build/swiftpm/repositories/swift-syntax-e1f983d3/objects/42/d8c4685c8252a2aa4180ff4d466272b7413429	47e8b6836e63af90fa11fd359c55c28b240c1ee4914ea1427b3c70a14cf06fb8
build/swiftpm/repositories/swift-syntax-e1f983d3/objects/43/5281f1f4b62dcdcdcde24a09a512b66d7d3446	3842e58c869812bf9a230a86df1a03bd0f9d0637b37ebcf016a49e3d5cc05967
build/swiftpm/repositories/swift-syntax-e1f983d3/objects/43/6163c0abe502d501e6e3fc9b98b3ea84a4de3b	b373342132b5bc1ae05fc246f24e245c5e5bdcc3673d2afe7545e6d28fa07599
build/swiftpm/repositories/swift-syntax-e1f983d3/objects/43/f4f18278efeaced97c935b606adaeed223dc34	3f56006c6e3f022eeb3394b6b81dbd563075c15e49d1b4afba6f146edd43e41a
build/swiftpm/repositories/swift-syntax-e1f983d3/objects/44/272ec298d96fd88195016e828c2107657805e9	4908586877051612164a274070f7540af9ac885eaae7914108a344987605c608
build/swiftpm/repositories/swift-syntax-e1f983d3/objects/45/1a91a30b79c76c2acd99263669192dd75e17f5	a31d347a34b9532beeed4e2c3ea0cd465077707903d391dac1e6a48610159c3b
build/swiftpm/repositories/swift-syntax-e1f983d3/objects/46/206c0dcb733a0dcf0dc9c6328e8be7e8e0301a	fa53dca269b1211d1cf8040aa95e8057cfc1918f4d3337553dc1e18094a708ad
build/swiftpm/repositories/swift-syntax-e1f983d3/objects/46/cbb21d045b785ee8f8c055acef808606fd2cef	ed3b5ff1e94a59decd254bb06592dbd1b07bd69a2fa61fd6f535c08243488d9b
build/swiftpm/repositories/swift-syntax-e1f983d3/objects/46/e6daef5e0d86c94e6c3d59eb6811a1e21a6571	fb283fc125f084d42862d3de30b179386f67d0347573acc40f2857bf3ed99621
build/swiftpm/repositories/swift-syntax-e1f983d3/objects/46/ec17ef3f98616eb9074b4d5639b45d42b375f9	a7c0dd36fa118ca1057c214fa9a8c27eb2051edad6eed9fb1f5c3c2deb37fd64
build/swiftpm/repositories/swift-syntax-e1f983d3/objects/48/5394bb43da7bff321501dbe0ded0ef1ad7d326	d907860e3b1673edccc4440be9ef20bf8f18d0a2690f940d9c192e25ce32b359
build/swiftpm/repositories/swift-syntax-e1f983d3/objects/48/cfeb769c2c63e6d529853fab81e35b16ac24eb	e6f7da2a0fb03351e13b407749974a6b1849d5f62928a80b535608183b18a744
build/swiftpm/repositories/swift-syntax-e1f983d3/objects/48/cff1ee41283a43ce6116be9a21e2cfd393f1af	27d01c9910b8fedf49fe4d11568f65fe509de7a1fd70e8a4df233fef079ba1a1
build/swiftpm/repositories/swift-syntax-e1f983d3/objects/49/1f45d13ae42b0dce2fd0c31ab95fb2208de139	576ec25055e28aab19f20082875ae0df5c4b6767e3ec0800ca6fdd671fa65681
build/swiftpm/repositories/swift-syntax-e1f983d3/objects/49/2b91ba75f27c5ab2b4610664d6645029c118d4	eef4d7c57bf249f2ba315577d21d4c58136577a6a5c3570c4eb52b178f3cebea
build/swiftpm/repositories/swift-syntax-e1f983d3/objects/49/35a61349739ad57cd8e39304cf98b75e12e93c	d8e8633efec3ed8fd562bc37b8bead65899007a96c27a95bcd7c5d41d3c08254
build/swiftpm/repositories/swift-syntax-e1f983d3/objects/49/965f75d7b44a994e910b27b8ecdd75977d0088	f449b5e9ee5679e87d6c0ad17e16bf09be6902f84a114aa47ba050e6346469e2
build/swiftpm/repositories/swift-syntax-e1f983d3/objects/49/ce00d9acf77b0732be3ee5449b974b4dd87c2c	29666101903715ad29bce5ba8d771e6ddc8e3976688224fe48461f93698d2c56
build/swiftpm/repositories/swift-syntax-e1f983d3/objects/49/ede52ad65b2cdc7e675bcfa5b85dac2ba24d02	8f703fc82331117f0762a506d6f9c112720e67dd3f5b02360f45946746f8102f
build/swiftpm/repositories/swift-syntax-e1f983d3/objects/4a/0060d5d32f6c48723047145824ccd564b377cc	532d265888059137d6d1343d6f84ee8bee579fc80cd5654a01145856418027e9
build/swiftpm/repositories/swift-syntax-e1f983d3/objects/4a/d6f3478a4017e8d95540333c13398d168342e6	763c36f2abaffb4cca00936aca87db51353f6425b1fe7447791286ab25c84c88
build/swiftpm/repositories/swift-syntax-e1f983d3/objects/4b/19f3790ecdef6289e5f862c3237e8747201452	62cf070ca17884ef35097b2f4397196af4fdf32e27f61896036726c6f6a9c034
build/swiftpm/repositories/swift-syntax-e1f983d3/objects/4c/132607d056018cdf9f5d6d5d2ef11a74adf6be	ad346853d5e13b1be42d8c7f19891d8a6a1715d5540cabcb06adcfcc1d32623c
build/swiftpm/repositories/swift-syntax-e1f983d3/objects/4c/72896d0bc83fa9025524889f7a71f57883bad6	310ba3d44c760d944794992ab0618b66e2aa0dbe8ad21348c50285f77ecf896e
build/swiftpm/repositories/swift-syntax-e1f983d3/objects/4c/e673a995591eea6f6d8f57d674ab236ec40266	33f9e81fa3960652fc72622ef12c4c7231dd33d7d96bd3124e30cea385fc0f8a
build/swiftpm/repositories/swift-syntax-e1f983d3/objects/4d/d248ee99506a21c7f56dae67fc2bd3c243e6e4	8232073a4c59fb844e2b6be442211e1275ca0960ededaca414627a25eb534ac3
build/swiftpm/repositories/swift-syntax-e1f983d3/objects/4d/e19be6be9a7fd2227d43de068326ee6c15458c	aed192e53d709efd0f00454e986c3e0336319850d495e831b43de84c3183baed
build/swiftpm/repositories/swift-syntax-e1f983d3/objects/4e/010a5a53407f36ec07e2d15ec4ff6dd403231e	f47b3b7c38b1908f073e2aeddcc4f8d692e513e81e5071de527cf32362e29d9d
build/swiftpm/repositories/swift-syntax-e1f983d3/objects/4e/022705bcbb231cb68a67f378799f2b84e27483	fa7bb5fc89548a50aa7caf954708fdcc907049163e94b7f41e545a5967517ccb
build/swiftpm/repositories/swift-syntax-e1f983d3/objects/4e/2dd25d0a30b0db8f2922c89f8939570795a9d3	91b66bacf7e8f93bce83a78c8d841c7baf56db1d592c731daff23d64fa51290d
build/swiftpm/repositories/swift-syntax-e1f983d3/objects/4e/53aa0eab9943c8271f19be7825014587e5aecd	ac7780c0e899d8f75ed985166e2fc41a1913317b73884aae06491b0893ce5417
build/swiftpm/repositories/swift-syntax-e1f983d3/objects/4e/63cbe994429458343c4f3230b0a3b335b909cd	fc482233201804def9e427730b92ee7e054400d2d36cdad598df889097b9e977
build/swiftpm/repositories/swift-syntax-e1f983d3/objects/4f/6be4b5ff2e5f1966815aa6997c5f2e7638e41a	8f39baf919475b535d0993cbde159221af6ccc2683451583c105d1aaf8579384
build/swiftpm/repositories/swift-syntax-e1f983d3/objects/4f/7fe6d8c37023f0b6bf4b44455a9133dbe9da9d	6e7792c1f3c49ded324ed556bd7e782aee8d8757773bc5da822802b6797d4bfd
build/swiftpm/repositories/swift-syntax-e1f983d3/objects/4f/e9e8b8335f5f83cc3bbb1a28c9482e7cc50f58	cccd496f99abf4692389cb4d31b01a848d34f75496ce5b89fd7904372c084191
build/swiftpm/repositories/swift-syntax-e1f983d3/objects/50/9f25b1352f8c178c9a6c9d01452256a86a3436	d48ae29503379a1a0a4ad04a3349a59b0363d233d39d1261f1dda95affbd806b
build/swiftpm/repositories/swift-syntax-e1f983d3/objects/50/a4143f23a51eae523afae3b41d199c52963d38	98fedfa0f82e5fe3f04d3be89b44248b66af9922c15ee6015bc2cb03f8f22c25
build/swiftpm/repositories/swift-syntax-e1f983d3/objects/51/18b3c24c6563fdf769e4bb15ebab7b2dd11f33	6d8a7741a6feea8d84e6fd5d09781ecebfb29efa2cf51985f1ec959fa5e37aa3
build/swiftpm/repositories/swift-syntax-e1f983d3/objects/52/458d7136b5d38316fd14d59fefd319cc5a7d14	ef147e2a57236c74f494083f706d9b62d84aba4a4e6a1af713fb11ab7f79ce9b
build/swiftpm/repositories/swift-syntax-e1f983d3/objects/52/f80a138f591dfcedb656cfd0868e35e58e6ecd	09f69c8f39e3254342826c870d3a96b6947222ee888052e4f09e5b46d2351910
build/swiftpm/repositories/swift-syntax-e1f983d3/objects/53/403030072387fb06171439dbca0ce429e14789	922c099f92d487c25bc7935fa47219699c5695338c3dde1acd492a753941acee
build/swiftpm/repositories/swift-syntax-e1f983d3/objects/53/634aa614431032266aeda6c86a41d46f562d43	fb03fb765859c9a96417570374d2e0084281b3e418ccd25c33b51ae9ec549910
build/swiftpm/repositories/swift-syntax-e1f983d3/objects/53/ed5c908e7bb8ae26069156d9dff7432bc78621	edc1664164db603fbad5e63247f1374303ed895da1254ac196acb8bf7b8b71c8
build/swiftpm/repositories/swift-syntax-e1f983d3/objects/54/0fa5def32f4d18befbf2e9c3a86a28c0db659e	b2c5743546badae0b42986873d536d928ba7186f74b7982e4cbee440fb184178
build/swiftpm/repositories/swift-syntax-e1f983d3/objects/54/83181fb5c64fc89048963974eb5c0ea3ded628	123432553eb372370df5f703da1252ed5623e79c2a8758a92f2fb7f0af9ae2d5
build/swiftpm/repositories/swift-syntax-e1f983d3/objects/54/929f93dd6fd8f8e40e20c674cc37cd046c5c35	ca9ffae23f88ef90635853527ef2b05c528ba8cbbcf353b69f9d672634a74d09
build/swiftpm/repositories/swift-syntax-e1f983d3/objects/55/1c96dc4173e419c592696743ffb016e776d867	5b1bde4a84a73aa4e9534a406801d7e9f444be3cea492e8d613e66ab0008cdc0
build/swiftpm/repositories/swift-syntax-e1f983d3/objects/55/3802c5a68c9552822584044fa00759587800d2	1ed815588b7cade2e8c0a78e283eef59a7820cf356b1806e490daed0c0525694
build/swiftpm/repositories/swift-syntax-e1f983d3/objects/55/84d08b653d56519b8b272cb2c948c8f7ea8e0a	5d82bf7a4c1243acd37ac258c807483f7a238b4abca5e1ceccd8fd4a0b4d2c1d
build/swiftpm/repositories/swift-syntax-e1f983d3/objects/56/20b7591a0ae3a49e6c1afb0b1587ec10f15af9	955b6e30f6ee59784ff0d00f0b680ee8bd89f421c11bf4f4cf3bab50f175bc34
build/swiftpm/repositories/swift-syntax-e1f983d3/objects/56/306582de530e5f263e30ca254a80be9bdfa9b3	d5a06d021c38646e60efad194c1ba53cddc4f018d26977da206a0ba1898dfc3a
build/swiftpm/repositories/swift-syntax-e1f983d3/objects/56/57d0beb0cbb5d87c8a91d84a8a13bbf2ef6fe3	a167c0909635384701b23408319578214381447fbb3f5c4e8a483df662e732f1
build/swiftpm/repositories/swift-syntax-e1f983d3/objects/57/65c62cf1eb9c39d0176d12c176aeaf310f21cd	a8dd68ef46869772a70856da0f83a184214819318ede9726af7918c01ef9e545
build/swiftpm/repositories/swift-syntax-e1f983d3/objects/58/204a53553e8ff9558283a8600069d4dc4fa15e	2346ac822271bc96f6cb4c3440a57381a8b6aca3dfccb64f82ac428b0bd0e774
build/swiftpm/repositories/swift-syntax-e1f983d3/objects/59/582b949a2fa6763af034d99e3fd497d762162d	ff05832b50f88ea00d2e31b867a6bf97142358fbe443375b13e004794d857144
build/swiftpm/repositories/swift-syntax-e1f983d3/objects/59/69566c5614e2ddda2f41a048f264ea9d2dae63	5c30e34bff8377cf693e6a88cc76df35e8f4e3fa9c5d933381a92479dc15eb4f
build/swiftpm/repositories/swift-syntax-e1f983d3/objects/59/87b0f49303dd70ba28041dcc69ed0ae9f62e97	07bfc95529fbd11214477c33e7515fb52b12c20607f889d4657e1a81b50a73a0
build/swiftpm/repositories/swift-syntax-e1f983d3/objects/59/f1383837cb36413ddfe85dfc7d61d5158f0578	18c3970ccb41aaa892e37ba724dc0e24b7c5e2c5389e366332950c34b34783f2
build/swiftpm/repositories/swift-syntax-e1f983d3/objects/5a/1126d0e9902496a0ac838a26fd43b2c68ae158	fed3ed040ec9775c7a72dc1ae646200d1f61a84842b5481638c9473b11e0535c
build/swiftpm/repositories/swift-syntax-e1f983d3/objects/5a/1f8610eda41eb5fbe90d09c9cf5253e5463dde	0d4bb99df66314da08dd95a06955dcac5c3ab1fa1e5f51d1ec30a5e54678e75c
build/swiftpm/repositories/swift-syntax-e1f983d3/objects/5a/55b1ea8c96e5eed229e0d6a063a33e3efcce14	eae23a39e7c8bfd7d35367ab7cc9cfc16934b02e1c9fc35e1e1270d38ddbac7b
build/swiftpm/repositories/swift-syntax-e1f983d3/objects/5a/84b7113432e0def3b6bc338da11c3125eb7844	63eb32ad72d01dbc85482ed9b42b974b1f6108ba10789e77e99a9753b51ba47d
build/swiftpm/repositories/swift-syntax-e1f983d3/objects/5a/f79665dc2b487cedd0bde7ab5b01106dba77b7	31ecd1fe0cb2afc022a2790f4a2512fb0b834483c4eb677af87f3246b8a25129
build/swiftpm/repositories/swift-syntax-e1f983d3/objects/5b/72a691823c041dcd0f17f0fd500ec584dbc6f5	e7da5ddcb601d3a3b6693d90a156c4814da098f1b04fe7ed435e3a5e558ec1b7
build/swiftpm/repositories/swift-syntax-e1f983d3/objects/5b/8ea41d3877685e2d999e6f1c00437cd9773a9b	7c4e39c0ce6d1413ac0988df79bbafe280e302ec776d466249603b3d8c670893
build/swiftpm/repositories/swift-syntax-e1f983d3/objects/5b/a196a17350847c4549b009bad844b515dcf408	97d0b11c32f99d6cf32c55b20e5ce82420863720f0b543ef3ed6b3ad7b04d09a
build/swiftpm/repositories/swift-syntax-e1f983d3/objects/5c/8b95e34bd7b40cb55ab2c4e0435e2d8efe7bd0	8a5eb6069971113fb808251d55c8ff91c23bedf437ce23a3145d340860df4f34
build/swiftpm/repositories/swift-syntax-e1f983d3/objects/5c/8f6dca662875c168c3753189274ee884dbcbb6	77cf2663a473f0798050810c62869c744e38b3e9eb3500f4a88c3452853501f0
build/swiftpm/repositories/swift-syntax-e1f983d3/objects/5d/3b84a0aad77f33bba6ac7eb2faee5ab6d7f1bf	595f55e6776adc2516ee0235a9add22fe59112d2ad448d2c8bd474984a26d014
build/swiftpm/repositories/swift-syntax-e1f983d3/objects/5d/6efee67ea4a9c96b39bcc1a6a78dd290890e67	68974a7b7ba31122fc310258045b2f16d683a151942a023912b65dcf39806ddc
build/swiftpm/repositories/swift-syntax-e1f983d3/objects/5d/78e5a45000d14b996095e0c241cdbdc66315af	a91d1c75450131112d183f0e8492af15e6bd4eb8b5813e6c0df186f5dcc609e3
build/swiftpm/repositories/swift-syntax-e1f983d3/objects/5d/b310ee52d8e4c0e2627d987723bd1a70e8116d	eb4d40e8e662510b96cc2ad961c5e99500e724f1f6dcc1e2d655f12faadf5188
build/swiftpm/repositories/swift-syntax-e1f983d3/objects/5d/d3a526e2c14f9133f188a9e8d05fd03e96f75e	3fe64fa377cdd4845b26996f03762f49117d161470011dadcda8e2c3323d8ad6
build/swiftpm/repositories/swift-syntax-e1f983d3/objects/5d/da2728ef5a2110b8394142c13fbfc389f47916	600201ba757d58306c9a600363a061afcd8048312f5e31989b41093399968b88
build/swiftpm/repositories/swift-syntax-e1f983d3/objects/5e/20275f4aed457de88b7ba3f9e8f0777a37fad9	a6632c20eacdea30b56e52594ae5a6c686b5f0e7e1bbb4cd1190bb40f4484853
build/swiftpm/repositories/swift-syntax-e1f983d3/objects/5e/932e767f0dc274d12480e56823a4b78ec69485	30d71e26975adae98d19abc4399a610928cd739d449be0131dd743e45a7429d6
build/swiftpm/repositories/swift-syntax-e1f983d3/objects/5e/a69fb5b29f0454b62ac76e86fe9cee56a45455	83e6fda90b7881bea25e0477416e7d65baa69579368289750f8dee0d07002923
build/swiftpm/repositories/swift-syntax-e1f983d3/objects/5e/ed55e6dec63b45d2ea70d5b58af4221b8b5cd7	39413f155a591076e31b23508ce6f3bc80d18c83bcfc75588bbb13c531779886
build/swiftpm/repositories/swift-syntax-e1f983d3/objects/5f/9991818939eff765332b83e79bec0c47776e4e	162065dfe229e964bdf0dabfbe6f3167bae68807085cd5a8f287eb3f143f4dd0
build/swiftpm/repositories/swift-syntax-e1f983d3/objects/5f/9bf3bf330df13a4ce57eef60118261f843d6eb	e229e524e3cf3f3c53eec7a5fb8258d31314736ea28155342992e0039306de14
build/swiftpm/repositories/swift-syntax-e1f983d3/objects/5f/a26a55405dbb56b89c10037a9588c19757c772	33c7ae94ee8396ddd2d519b51a875f25ac5c07c8b9afc2072a6890fc400daf20
build/swiftpm/repositories/swift-syntax-e1f983d3/objects/60/09a5132b130a8af7841b1b3c5a7599d7166483	4955af69c8c11f181af849615b7614579f52aa5332c5dd9478ac2a6fe2441f07
build/swiftpm/repositories/swift-syntax-e1f983d3/objects/60/141818692f745a3c869cc68b24417263a77de8	27518323390a1724ed922efd9f90f3886f5e061b901122b5f017b7779c244663
build/swiftpm/repositories/swift-syntax-e1f983d3/objects/60/5f2aa3c460b485c061b64e3a2f33cf5da0d17a	9c7c226e467e1b2f7e7471b2555d8891f6cf2b5dfa2966c4fbc8451af2365fe6
build/swiftpm/repositories/swift-syntax-e1f983d3/objects/60/7256cf44a7d5d55e686851c4f5108e54c51964	7144b560490411397e830ab89d1244b09af8331091842414ed8393b4eb76b490
build/swiftpm/repositories/swift-syntax-e1f983d3/objects/60/9d6e78cf309a45d94c60688d60afb6a0851f19	4549fa1d24ae2369ccf77972f0f397693a3c222dacba14546d0b5038b381680a
build/swiftpm/repositories/swift-syntax-e1f983d3/objects/61/931d48c2894cc955f75eb073f25d03310d63d9	85e3487f64da181e5ac51c67ed327c040d175ec9d49eaa769a9042f763c4af7d
build/swiftpm/repositories/swift-syntax-e1f983d3/objects/61/d083d289261c01f6e1745c13775fe34d231878	dbbcef9888c75419ee1f7123c392317e285d9bb3400bccaf18b6f17d7bd269ff
build/swiftpm/repositories/swift-syntax-e1f983d3/objects/63/5b5502f2266cc442086278a099be636b98bb8f	ee740df26dfe55ea9d88c9fc1270ee24f3dbb08958b7b0a19e69eb49ba153595
build/swiftpm/repositories/swift-syntax-e1f983d3/objects/63/8532f1caacbe0e3764a18c14ae7822f846f09b	65fe8b4e3b910ed3b2bf993447d4e9a080d60216dcab39777276ff0804521fb6
build/swiftpm/repositories/swift-syntax-e1f983d3/objects/63/d20e3d4d290ff701ff6fcd132e1b652c4a74d2	842183c6507d91a8977534d32291900628f32a69c1a05a619ea00c75126db952
build/swiftpm/repositories/swift-syntax-e1f983d3/objects/63/d8f653bbf03d266c00af00a61650b6cec3ccd9	9b9bd80fd58eb3f7fa8b33a44faf214b5071abd3615d1eaba651cae51d8f7028
build/swiftpm/repositories/swift-syntax-e1f983d3/objects/64/4a461810a630deb85f694306ba01f462036f24	6aae982804b57106c1c10f46addda1f1a8e67a36aa4523de35d0a9055767a8db
build/swiftpm/repositories/swift-syntax-e1f983d3/objects/64/5148c9f6bf2cbd1e51fd1898e740fbe2ec2902	90418755b10e958a27ba3eb27203010c700d774ed1ffef61d51eb19c9cff5ca8
build/swiftpm/repositories/swift-syntax-e1f983d3/objects/64/773a65b7bdfd10225fc41c900567226f6558ad	5ad211459ab70840b756dec8a4e48107c08dfc169f3598e4d807cf7b7e98afbe
build/swiftpm/repositories/swift-syntax-e1f983d3/objects/66/0bfd4ceb6af7e6ca914d38115819588feeffb9	d0673b8ff230f932b435292878abb9bc01980fa6664bb9139e5f93d0e9eb40f7
build/swiftpm/repositories/swift-syntax-e1f983d3/objects/66/76caab131af3151ac4c281dff5805c2695f9ad	2e9a34788ac68fc415cb5653c8e4276d109cbbb453aefa83e8519e62d2cad9d3
build/swiftpm/repositories/swift-syntax-e1f983d3/objects/66/864869b78d9bd569ec178293f1a6b723b7f4bb	bf9a78da38ef5c62d807752f2b73b7bd7a7dc757a73b3a9db4a53c683b56a859
build/swiftpm/repositories/swift-syntax-e1f983d3/objects/66/8b8dc51ffc9ea804aeaa018e78b0ffebe39ebc	24681ff22cd745de7a7e9470afa32e6fc12a3715153a5205985ba09d8defe669
build/swiftpm/repositories/swift-syntax-e1f983d3/objects/66/c3dc1c946ce1009dfbd80b536add0a63bb388e	32d674999d54f2d1e31621415cc74b51b093bc933b8b4bc2c93b7bba98d782cb
build/swiftpm/repositories/swift-syntax-e1f983d3/objects/67/2ae5c51f6e839396769dcaa44483198160841d	b844b772f41a103104ecac25bbc8c731e6aee3f1ce5cdea598d6a89b57ba272a
build/swiftpm/repositories/swift-syntax-e1f983d3/objects/67/3e772e663dd7243099f202de4b4e1fbeb18e17	8a01a5d964da1b94b0e21bb32f7db32116dcd36303001ef36c634d3986227b58
build/swiftpm/repositories/swift-syntax-e1f983d3/objects/67/76b3567d02fcec75835cadada2d9879d4c6ebd	51c203a177945f543b29cc5c2d5dd21047c98c7bd4fed7c86f33049e61719b04
build/swiftpm/repositories/swift-syntax-e1f983d3/objects/67/77b8a07d4a28379f43f033f7d049f088b63343	889ca06dc756ee24db7df082d23ab5629054f6125291121320bb988cef0494cf
build/swiftpm/repositories/swift-syntax-e1f983d3/objects/67/acdb394615e6605d3ca879f42229adbcf4b9ec	e27692c85713cb02db15b508d63669ad1d63d13ebd5134ba637df75c51fcd426
build/swiftpm/repositories/swift-syntax-e1f983d3/objects/67/e4d5af53a4f669dace2cc7b6ce1a5f77e4b50f	9de8b160f3e6c590c64914fcdd5dc2c24025bff1a66e0a1c7bbfba69372b3d8c
build/swiftpm/repositories/swift-syntax-e1f983d3/objects/68/28ee4ad2f5be8d9c9a0ed3c537f3c7b2626e5f	f88da5c02c28a34ec0bec524c32a1bf7cb487637b5a985f6afe91cd808195e40
build/swiftpm/repositories/swift-syntax-e1f983d3/objects/68/3e6206d3cc0f8d1c31b2617540cf5208a9eca7	4068cbc4fac017ee83d54ad1ef62c56f7018d0b953f34d682edb52afda8ff52c
build/swiftpm/repositories/swift-syntax-e1f983d3/objects/68/d532b7bb90c91e4d15ee714e7bb9631bb244ef	8ee03bc4f41160a7cf831ad2143980915f5cbed935b945e569c8a5aba96184e5
build/swiftpm/repositories/swift-syntax-e1f983d3/objects/68/eb10d09ea2001dc1a5eb2f746d1c24861ea0a3	6d64fe5ad63807378d343e4f9f3ea51507b3513d4386f25cce9f3af9f013a10c
build/swiftpm/repositories/swift-syntax-e1f983d3/objects/69/46b415879af1cde04301b9524630f704b5b0f2	641f6cccf092ab2b78f70cb8d32ae53ec45e91e9a06ccf4ee2797a48ff080731
build/swiftpm/repositories/swift-syntax-e1f983d3/objects/69/4fdfc6b62ed2c2662523544591095ae371ea21	1428a9e8d85cc925a0412e1c64073bcaace662323b5fa7a78f684b2af19be488
build/swiftpm/repositories/swift-syntax-e1f983d3/objects/69/6a22e31ce10aff79df2d448805bd33cc98b8f0	29f07e5dda2515392b0eaf3640b4367985ce36317b2d22aed0862dfaa537f1e7
build/swiftpm/repositories/swift-syntax-e1f983d3/objects/69/785dd7e95d9b0ab0193935627bc00cbfc6f1b4	f2e7a94dc929ce930da7fac7bddd09dad5a3664b3bfbbb88a2699b325b3b4b7b
build/swiftpm/repositories/swift-syntax-e1f983d3/objects/6a/014aa1a7da4ebab545c609362518c3005aa317	e4960583178916c561f0f50a8fe6dc793e76df0435a556cf54670931f6b505cb
build/swiftpm/repositories/swift-syntax-e1f983d3/objects/6a/0c63e65823a81b8ec41cfa69fbac2f3d067213	723456be1b838e589006f954bb280069dbb8222e8fb11f48f0596cfdd9b8ed99
build/swiftpm/repositories/swift-syntax-e1f983d3/objects/6a/cdb6e012f6c00dded80c4fe9a890e9b499a8f2	e5b58eb28f1fc6f876dee5d397edc63a0c6130b2b348c808bc80ee9a7b6c7477
build/swiftpm/repositories/swift-syntax-e1f983d3/objects/6b/293ab17733e3b7f0edc47c6ca1d8f3108d8c62	82aa5a163714bb1797cbec03ccf5c059aa06070d9d3ead1913e475e84b774000
build/swiftpm/repositories/swift-syntax-e1f983d3/objects/6b/5b70e8578964cfafa58caf514931af2eb57341	c01e5bfe6f81beb8055650441d63ef0751f5db25dfa10f243b5c79b255a7d2d2
build/swiftpm/repositories/swift-syntax-e1f983d3/objects/6b/8a4133758b4576c39a386a84e4de87dd29810e	f434a0f838c1deebfdf1ddf6cd4dc5b288dbe114aa4b3ccadb6d5193de8e4af4
build/swiftpm/repositories/swift-syntax-e1f983d3/objects/6b/ae1eb2f73a739272a2640724b09ada94c6d527	60ec8dfa8db0ed8d66205c0eedd3825736140edfc3028068396f05e18cb5e60a
build/swiftpm/repositories/swift-syntax-e1f983d3/objects/6c/5ecd4f6b0e2173066ffc5215d135d1311bb2c9	5d75940615d40aa5233f9d32c22497b4c32a0c6a29868c01b3c5580ab2697655
build/swiftpm/repositories/swift-syntax-e1f983d3/objects/6c/7f54e85813709ad142d12dfb48cb1f6cd2c240	f88e99491ea04b5c8c2aea297ba3ead7e571214728bba10725c3cdbec96d72ca
build/swiftpm/repositories/swift-syntax-e1f983d3/objects/6d/14ecae265c49a59501619645b6a2712b9ce9ac	2dea79a143241f19179401d4d188459bd71ed5155880a4a63ebd28185c962a75
build/swiftpm/repositories/swift-syntax-e1f983d3/objects/6d/5539de88066815aa85163e9dbb4588a7fdbd86	de0734cc1c236da7be8b4585edcba2c8f1920854a53f4a240c3905c4f130d692
build/swiftpm/repositories/swift-syntax-e1f983d3/objects/6d/70ff6fb6584054bdd4c8822e0e932cdb3a1d83	bba37b5132a58d3bda8f90921c961d36048ad994e3edfad930884b0d9924f64e
build/swiftpm/repositories/swift-syntax-e1f983d3/objects/6d/d95fb148f2958671c733e303b850c0dbbb0b0b	8c66555b0a82d7f00f46a93a61590c4d3b7964af13ae109b30f6b46a92c7053c
build/swiftpm/repositories/swift-syntax-e1f983d3/objects/6f/58373611ab62e02f2f364c995b655de2ae4c8a	4ca7cea5620add028de552a1fed8f47d924d848b7d5bc2026347330ffcea6017
build/swiftpm/repositories/swift-syntax-e1f983d3/objects/6f/70450fb858d84fdb193f7df96049c37c4a638a	39095fff2fc931ba3a6dd4f7228ad3de7b5e4767d44732bcc50fc461d331f3a5
build/swiftpm/repositories/swift-syntax-e1f983d3/objects/6f/c1302b0fad45444e1cb5ed5c485233b61dc25c	a011d3a8919252ee4babbd077496a58045573fc0b29e24d78224df6374c65f7b
build/swiftpm/repositories/swift-syntax-e1f983d3/objects/70/5ef1a2a322cde757a083b3a28e3139e36a1fe4	d37b8f7a5c75c96b10f71905eef364f4d7d1a79c6b754608bbd7dd9fe87d6758
build/swiftpm/repositories/swift-syntax-e1f983d3/objects/70/8d6b5e5d1c0074aef3ec6790faf28c27e69a8d	b07f19080d028c39313e465cf01d7d70d469268b046f5d9656d84042c4623dd9
build/swiftpm/repositories/swift-syntax-e1f983d3/objects/71/2c895310a7e81d09f6fde1e5f06ef640283d44	41bcf1c44a08b6a714962f424e92ad1b9000705fcab7a0bbfdd340d90620ebda
build/swiftpm/repositories/swift-syntax-e1f983d3/objects/71/33ad983bcfd3cb3dd8cfda99131b8c40ec6734	f050c97095ce028c7b4a7a8c1756b4d786d339184990ddf8cceea1786a8ada3c
build/swiftpm/repositories/swift-syntax-e1f983d3/objects/71/b92c575b52ebb542afec846fccdef31cda5e2d	60fc5ddb2286f689cb33754003766561495bc5e607593e0e4c50eb5fb80fb850
build/swiftpm/repositories/swift-syntax-e1f983d3/objects/72/c014f3e403c31e90f551c9e81179e8a2e650fb	e96587a6bbbb89ecc795ba9eda0885e23897b50e54a3fc710a9af1fda09a4eaa
build/swiftpm/repositories/swift-syntax-e1f983d3/objects/72/db19ea9084a483d42251a5c07448202ae8c1cd	9acb5f69e3f7a650c64793b37bc42db2c14a2914b2b728155aa6740bb9ad408d
build/swiftpm/repositories/swift-syntax-e1f983d3/objects/73/4309001bc047443b603b489a9c59e7f4f09f68	aebdbaefefa6113a1e850db1b18cc332ae8f50c4e3e4e83a90ff827348a55703
build/swiftpm/repositories/swift-syntax-e1f983d3/objects/73/52016d655e0db4f3193f83982acb7c26e58e89	48d866d28023f522c1035604cccda87f27ef556aba94fb5ee96dbe07333fa500
build/swiftpm/repositories/swift-syntax-e1f983d3/objects/73/880c1d5a4e60b985637a511b2339ee8dc6aa64	9ebcf28999c90a86c9b35573f333e8d4482aa6ea2b7f30e6dd8c87a2b4ab3bfc
build/swiftpm/repositories/swift-syntax-e1f983d3/objects/73/ab0d45b32a15411d48427c3c43a9f084e38d1b	1ab734cae40cb417a148aa0ff95e618f2258761380c08f9ef3c43416acc8ee44
build/swiftpm/repositories/swift-syntax-e1f983d3/objects/74/342b91f4dc7ea20d04c798fec2f5c696a37233	130f19d573c1b7ef63992f36737bd2f2fc5911b9c9757cd540fc3112e10c7dcc
build/swiftpm/repositories/swift-syntax-e1f983d3/objects/74/65abf29ea2c8e32ba656433b9a70488274c878	7218f3cdb4f35ba774429f95908b0b61c48bb7de8ba4c5df6d0be90bc95feada
build/swiftpm/repositories/swift-syntax-e1f983d3/objects/74/705bacad62fa4ab9e2d5110b4ee0a47b746d8f	a86ec4903a551d1a2057e25ecabdd77f82a5611010eb56577805515611ac8c16
build/swiftpm/repositories/swift-syntax-e1f983d3/objects/74/af79d9465df8a0d7fdc2a27f0315aef7cbabc8	f66ce6290896bf05ae35cb5f580373406ff61734595694e816981b877633703d
build/swiftpm/repositories/swift-syntax-e1f983d3/objects/74/b1e6d9fb47a6afb41018db1f9d5be216e9e129	369a22002cd965a4b8877e96adbd4dfb170155f5d9da4377b10537f23047a5da
build/swiftpm/repositories/swift-syntax-e1f983d3/objects/74/beb4f475b9a664121b506a8eaceb387b555d2f	392f2a0b3ad4d1b0b09a425d2ee13aa243c103144080d63cc640bc534089f5d1
build/swiftpm/repositories/swift-syntax-e1f983d3/objects/74/cbf8a8a0aefd6c6ed6d09ad4b0324f17b0cc22	cc69d5084b1bd23ded3aa36c29e3fe8145c2b94926112f14b1b8950a0458a1f9
build/swiftpm/repositories/swift-syntax-e1f983d3/objects/75/604d5c865f76565094faebe372491569acd23d	c3eb3b7864f22f3d2855d620c49907272f77985ae67309582bccb8435f32f03c
build/swiftpm/repositories/swift-syntax-e1f983d3/objects/75/b82ce9f06320668c2ea4251a5c855ffb4fc351	4c1c609b3a207b4cdb73b99b1ce2d0aeaf2496755cca3c4853604922b6946f98
build/swiftpm/repositories/swift-syntax-e1f983d3/objects/76/2d85d47071d13d5c7caab90de8d9f37b9aeb04	0436100f109962d3132b874c36f7ef56e9c0aafe22cd4e9304bfb142136f4d74
build/swiftpm/repositories/swift-syntax-e1f983d3/objects/76/7914c7b3775ae2037ae198e4bdd57edc2d2a48	149d9026fcb95c8564a80a14b97080d20235acb645a2edf11c7f0ce367696570
build/swiftpm/repositories/swift-syntax-e1f983d3/objects/77/0306a065673483b67214eccd740ff086c98758	8dceec73dff8cfa1adf88bbc723b54cd7fd5ca3ce1521fbfec74e366d0605dee
build/swiftpm/repositories/swift-syntax-e1f983d3/objects/78/cef3aaf8496ac3624adfe4fea84ea32a9c5fbb	03d7765bbfe13a84173e5ce291fa94b0471dbfd81046caee73400c6122b662a7
build/swiftpm/repositories/swift-syntax-e1f983d3/objects/79/02b9addc8f406b94a4dcbeb331a41419ceacd6	128316dff535def0abb0810ea03ec4bd413386ae1e383f187bd8112dab1cf8f2
build/swiftpm/repositories/swift-syntax-e1f983d3/objects/79/1406eb371b61982f26e694636024b71507f30a	ef128ce52f0a737caf7a014235ed80d9bcb5103c636ba40eea883cfeb79eb649
build/swiftpm/repositories/swift-syntax-e1f983d3/objects/79/1aae7966ca3386f332a25bb7c1e32db0acd5cf	af34ec1e10fd173c2ab06103ddffe313204c9a878edb4f3d843dd2b62a80723c
build/swiftpm/repositories/swift-syntax-e1f983d3/objects/79/29e6402989dc1c3e7e44276adffbd08b7c6950	f0b94b02edb997658246e9f409bd12aa576c891089180df24081472f23bc85e0
build/swiftpm/repositories/swift-syntax-e1f983d3/objects/79/b4d76aaf8bad3aa5afbb525051db0a3e8379c0	ac5775e0c82952825d0c48a3b3e3e42736116c6132deec215ff8e4e5c8dc0585
build/swiftpm/repositories/swift-syntax-e1f983d3/objects/7a/7dc2376d66dc2bcf66c0648c7e5afb68da3884	225c9aa2cc3cd3795a26de7ca5653dee43c0d5b93256c6fb1241d22ff562f447
build/swiftpm/repositories/swift-syntax-e1f983d3/objects/7a/85ca80dcd6994b74f2c2bba38573642a3a19ae	d7e721bbd39881badf00b7a556e8af99c4361d4516752320d489238c40e7380d
build/swiftpm/repositories/swift-syntax-e1f983d3/objects/7a/9d1f20b38dc8aeb55189669e1d4a74add62b9e	301430e7157121d010511d7fead7aea3472299ad1e89cc5ea4eef00820415c3d
build/swiftpm/repositories/swift-syntax-e1f983d3/objects/7a/db478daf2fec4b137bf30208a0e494d7b32cc7	7f3eb5d5847102630cb69ec488dbed81661cd0dff8e3eb4bc5484ded4c029605
build/swiftpm/repositories/swift-syntax-e1f983d3/objects/7a/febf0a1e14fd13faa819ae8cc905f95c6dc557	f30e5c3eb0865766a7cbf8dbedf03c25956b639523b704106e241f0a8b2efaf3
build/swiftpm/repositories/swift-syntax-e1f983d3/objects/7b/05015aeb8799fcd9f1456b813a4b65eddcf864	db7cf1f9fb2fa90fb223d6756586d6df67ad4004d21789769752468151b7da89
build/swiftpm/repositories/swift-syntax-e1f983d3/objects/7b/05b324c68b45b7bde6a039abed93f414f80462	6f5e61301b88d91d1bcce9fe74aa221515401e9dfc307a6f6a00b501ca220309
build/swiftpm/repositories/swift-syntax-e1f983d3/objects/7b/1defd1a3c5d6e483769ada319c02a4d6f484f9	a6df04cec3b8c1c80032de28ccb0aaf59553c77b62f5c5447ad231037f8bbcea
build/swiftpm/repositories/swift-syntax-e1f983d3/objects/7b/70b4cceb39911158bb91a22ad0b0aa49c18e47	25a41075eed15981fe398784ffb49a72dbea5ca6fb454958942b021c682cbf2a
build/swiftpm/repositories/swift-syntax-e1f983d3/objects/7d/8abec7c20a087592819e754bf4c8064ecd09e9	7ed62c86ac708e023474392bb305229c61f14448130478e5518562f973bb6297
build/swiftpm/repositories/swift-syntax-e1f983d3/objects/7d/a1672f4ae22f3bed94b3c59c6bfd3c3f17e2a7	1d03c2845cb8ed53a3b8be35a85e05d8fd8af7fe4fb568dda346b92c34b74005
build/swiftpm/repositories/swift-syntax-e1f983d3/objects/7d/c6ba4c49e2d20602a2df703cff904947ff8897	0e5226a913f6c358839a5e6f0e481a6b0338c4b4752ad8fe9bad2e69276b6fc7
build/swiftpm/repositories/swift-syntax-e1f983d3/objects/7d/e417137cc08f1ce2cfdd4bbb81d8daf1bed502	bde761fe320803d087e84cdec7bac619bf428998e9958dac1b81f038cc2b3fa6
build/swiftpm/repositories/swift-syntax-e1f983d3/objects/7d/f94c35ef01bc9f80946d75ba82fa7fef48bc2d	5a6938db1ec499e61799fcd4916cf467ef8841be6604c9a8aeeeb1faacf32502
build/swiftpm/repositories/swift-syntax-e1f983d3/objects/7e/8c1c91e1e88bb257c67716af4ca49280fbc350	e87104b18e25c2faf5da07750796701826ee1a6c9f12dd0fb0b5cfef036a2b6c
build/swiftpm/repositories/swift-syntax-e1f983d3/objects/7e/c920a8aee48c0355e9e4afb0e3f0ca66a3c8f0	a213e06e9907fca0988d1f0b6f6dd98171b2c3ad54a56bdc0cd4d0e7d852db04
build/swiftpm/repositories/swift-syntax-e1f983d3/objects/7e/e11d8b665132ad1c81a0d28cffd723ba74cceb	e63415c9ed1deb568caa4804ecf6b486e1d3c680336dbac419ae4b81766a4b21
build/swiftpm/repositories/swift-syntax-e1f983d3/objects/7f/01b45dadff41c158633790ddc4434099f29c64	3f499153d3b21e6c99849d01fe10ff4952af364b56472ca6a9ad7fa7d73a42a5
build/swiftpm/repositories/swift-syntax-e1f983d3/objects/80/1c7d13ae2246cfaa6548e3c2592d7334cc1524	32277a7f373019c7d643b541d0b97386fbf2cf728ac0dd2829bdc726772b9e76
build/swiftpm/repositories/swift-syntax-e1f983d3/objects/80/4792cefcb870b97a5476830355eaa06efd2842	947269ab3556802dd1c2875c24329fc5425a46b43d674946f3130522088aef47
build/swiftpm/repositories/swift-syntax-e1f983d3/objects/80/5d31274301c6922765abab47f4cdbbc7ac21ed	6aa7fbb434dd8bc2ddc6884ccccde953b641c4fdf22b08632da7e3ed77392d9e
build/swiftpm/repositories/swift-syntax-e1f983d3/objects/80/a48bfe5e8d14a39d4d5979abdebab3c4ee759e	f1896e07c5e7ace4a3cdda314d27f93adaf3cde3b2e80f3fa4a4f687e707d992
build/swiftpm/repositories/swift-syntax-e1f983d3/objects/81/0139c72863a436e7570d85fd103cd4060488ac	823cf674be28461aa602acfe1e3c37df6b00317cf85df9a3015854d6f6efdc48
build/swiftpm/repositories/swift-syntax-e1f983d3/objects/81/3d43dd2033ff778d335736cd3329fcd5f6b531	77cb6d00933401bd8ecf978eb24fc970f697c6ddb7db95a9567e89042f9ca9cb
build/swiftpm/repositories/swift-syntax-e1f983d3/objects/81/8b8425ddadf25e303cec912207dc67c4dfc21e	7211f0a015e71276d7522fbe70bfb2f4570317fa68b7ccec610bebcc8a327b8a
build/swiftpm/repositories/swift-syntax-e1f983d3/objects/83/084867595b2d0c8376c7ede1b99a50087d542a	7acc9a0595809fc08daf75f43ca49a5e9077c126985d5ca326688fc0e8592c9a
build/swiftpm/repositories/swift-syntax-e1f983d3/objects/83/2894e03381104665856abbd2a2895ef4909ad5	83b8595bdf6bae60ce2fefe8da86da788be250fff5f95e50dc44f0ad290fa970
build/swiftpm/repositories/swift-syntax-e1f983d3/objects/83/8cae829c8b0a7cd072e4be1be9a1671ec33470	8e0580a2e9ee7c41171a4dea7d255bff473642b2ba9ac083f4a1a94fc4a71a54
build/swiftpm/repositories/swift-syntax-e1f983d3/objects/83/ce7e620bc07c65751b7d48a1e4b2ec56f3cdbd	85fe187cc859682f5e3246b2b558c37050b57b6c4b3e6e5c61e8f66e54ceab00
build/swiftpm/repositories/swift-syntax-e1f983d3/objects/83/d9850191a43f4ed992d7940610eafe3ae07500	ed7673a9bce7bf7cba7ab0edcdaa5cc344d5355b8ee29c21e35159294c620f42
build/swiftpm/repositories/swift-syntax-e1f983d3/objects/84/06ab3cd0718c5be63ede6eabb3a7ec33d606ee	befab678ae745daed534ed852961ef1fbebb69b65cb1365d6b76ea812c6fd42d
build/swiftpm/repositories/swift-syntax-e1f983d3/objects/84/cd922ff0982bc50f89650596f08658ae60b95d	4ad0d9ded1db01620d32dfc425281d31f8de1aa7754d723d58bdcfe315651ead
build/swiftpm/repositories/swift-syntax-e1f983d3/objects/85/38b1d6b890942c9203b89568e44fb52540c8eb	de8be3ea68584b75214fbe691f41ae8cf4a85c0039e6f290ba1f50dba2fbf589
build/swiftpm/repositories/swift-syntax-e1f983d3/objects/85/fc78d8860e83681f8c2330a382d531ff5b1df2	501cc992b8b3310b912b3ddcbf11137ec9ef080644b9cdf1e65362b8ec79048b
build/swiftpm/repositories/swift-syntax-e1f983d3/objects/86/1079dc5428edcfc71c80765828f2c9289939cd	376e94b05d6a3911952d27c21376a2e0be378e4a63853b043034f428933cf87a
build/swiftpm/repositories/swift-syntax-e1f983d3/objects/86/8a46c2277f93159a825604545aafae179c2987	e0261b11304f64a788db03c1c2560cf3f39aa189138a62c137f7aa3b4bfd392c
build/swiftpm/repositories/swift-syntax-e1f983d3/objects/86/aee52fd223ae7773949f3c4d59f4c1dd6fa150	61c6a9f9f9af554a27b08b2affc02d0806b78d815695726a6edc8b0da9370636
build/swiftpm/repositories/swift-syntax-e1f983d3/objects/87/b0d0c414ca54f1e3221ae7689e3ca28a981363	15a04f0cfe695ba86c05cb5ad90360f31a66754273228162e421683317b41333
build/swiftpm/repositories/swift-syntax-e1f983d3/objects/87/fc0608731b26f48d032a02f0eb3cb6be5a39ab	25c6c9a7d7367928c57f6b913d65e786d1f3fc5da047e4dd4374530f03b867ed
build/swiftpm/repositories/swift-syntax-e1f983d3/objects/88/62426e4a92c39bb21379a5b45d8775ddc9d5a5	5a9291cd4df3cd73aec2a06f462329aae8349a958354ff87a9707752cad3e431
build/swiftpm/repositories/swift-syntax-e1f983d3/objects/88/b5fa1d0034859afc915ddb5cbe02342d21895f	b3f613027dca961b2b30c43f54b892bce3a25b3023593be67cbbf383d79b2122
build/swiftpm/repositories/swift-syntax-e1f983d3/objects/88/bea29604738a7faa87253fee61eaa85ee0e044	7ff8be8df6f9f3cebb5fc41ff8934a557101db72df82f32d73245b236f0a1233
build/swiftpm/repositories/swift-syntax-e1f983d3/objects/89/19e0cef52a21fe4c9dc2f275a9af556d858520	a287e091d397c700d915873239f0844df85403fc873adeb1ca5f59c9e85ae079
build/swiftpm/repositories/swift-syntax-e1f983d3/objects/89/99cf6141c8cf0cc668eec42f29cc75da4f500c	cf7024ac0d4d2c8fd329b3e3cea4a3180405d4816d1785692cd5120d8f4e1dfa
build/swiftpm/repositories/swift-syntax-e1f983d3/objects/89/fcb8f40324a5a171c672b67c83b721313a9a2d	a5dfd9fd5ea792d258750200b61015186a008f80671ae9667b264689a8e6c3cb
build/swiftpm/repositories/swift-syntax-e1f983d3/objects/8a/140d1928bb71005348cb54582f38f5bba1608c	5dcfb221439e950f022ef0ad98226a15ee92da8b8c40ecf92d8ac4a9fbcde667
build/swiftpm/repositories/swift-syntax-e1f983d3/objects/8a/35cbf15889156b451a96f9de5008da4851647a	49f96ec7c54219e5bf5a91a0b03c536809e1d2c3b44c5aa5b852484b9ed1d461
build/swiftpm/repositories/swift-syntax-e1f983d3/objects/8a/5516d4716203c0be461b9f4b93fa2efa2da462	e09a63dfbf479ca2803a5675ef9e48e4e3ae1d7ad310b31e286125e1739a8a98
build/swiftpm/repositories/swift-syntax-e1f983d3/objects/8a/c35cda234862023df72c767783de90160f8b32	26839bb5bcaf08f69a7da91bffbaf14ff485febcd9b475f20246bba7669a591c
build/swiftpm/repositories/swift-syntax-e1f983d3/objects/8a/e6b4ab4372317063d2cfd3c0a8b81dea619705	794ef8e32a2d38f9f4422a52a826177030bcbbc9b8da53874b8fcf91c432a7e3
build/swiftpm/repositories/swift-syntax-e1f983d3/objects/8b/91423053d943295e768e2a2fdc584a13b266d3	63965777c87e3527f1c74e58431c4d151c4986a1eb96272ede45691c1e5007fd
build/swiftpm/repositories/swift-syntax-e1f983d3/objects/8b/d77eea148ca19774730a58e7e17d1b31f0aebc	4c1f073b10329e0ca082b9ac4265e9b3f8593293676971043f32f92af49e34e6
build/swiftpm/repositories/swift-syntax-e1f983d3/objects/8c/dc3248675486ca352aa4bbd04984160ba9f466	5a85816e39caef610bd861b3f252620622c92dd9bfae98c3eea8dd652d9d39a1
build/swiftpm/repositories/swift-syntax-e1f983d3/objects/8d/4c4f594ae02b860a86b87a721b39df743c512a	33ccc70afd406ed7e88497fbede07034799aac5ce610fd64c57bcd67cadb652c
build/swiftpm/repositories/swift-syntax-e1f983d3/objects/8d/c4c763760704d71f49bd342d511c60d4b1e621	d12ee3bdaa20ea4329af3e19c31eeea1ef6a920dde02c60b1d4b200ccee44977
build/swiftpm/repositories/swift-syntax-e1f983d3/objects/8e/13fe658801597f281ee7b0311aa14ef772bae8	012b7c00438571f6da68109e122962ff878ab12bdbc42bc3194c6f12e61d2467
build/swiftpm/repositories/swift-syntax-e1f983d3/objects/8e/d2755a5fb2d7aa1b7acbca3f4f2e8af89fc482	43e19c764342c0a88b7aba6acea38eb56061ede0641c1f45edf98f07ecd5dd1c
build/swiftpm/repositories/swift-syntax-e1f983d3/objects/8e/d92cfbe8d649bb94ec84a524ccc0949dbfe517	fba3b0d78c1d8b820e3b986c61306b34ff0a218d9bb5c5102de5945372f92c65
build/swiftpm/repositories/swift-syntax-e1f983d3/objects/8e/f4b42f132bfb2d2b73de0cefb455756bf9bf65	2a90c941b1d08e32492a074e05c7c9493629b1152b792e19d8b64d0611d7f51c
build/swiftpm/repositories/swift-syntax-e1f983d3/objects/8f/cf311724733fe744ed0bf0290b567a1af1c9a6	ca708612713c2400b2c895fab18765b76cdeaa23f923fc66d22765ac0e7345d5
build/swiftpm/repositories/swift-syntax-e1f983d3/objects/8f/cffd83adde1f8ec5f179913060fef8b2412199	679ab24411f5eb400a3b731d6ebb7ee70ad631509e6faac5ae0ab95b7e0a3d86
build/swiftpm/repositories/swift-syntax-e1f983d3/objects/90/0b96b64d4647d198df07b72d7a8dc8c0e9c575	641e55d677554916398f09543650bb7a9f39532423abf37c347321542a870b3d
build/swiftpm/repositories/swift-syntax-e1f983d3/objects/90/306c9f10d253984ce95e8e7ab429e6cb724d7d	81c48a9d88c9b9d4958ce7d8dce17d459223a2cbb921c0077a92ce65c2ae6509
build/swiftpm/repositories/swift-syntax-e1f983d3/objects/90/95e4f2243d8c101a87275e6bd79f2ece9969bb	69bd2f434ce07b44215dadecbeb81153c3b0f2e4184cf6ed3357731da98b2dd4
build/swiftpm/repositories/swift-syntax-e1f983d3/objects/90/ce3399ba9bba3f258288442c1b58133b5525ac	828d5d1db3627db64a79c0b059e117ef938630e335f15cdcb77ed60204ee1a62
build/swiftpm/repositories/swift-syntax-e1f983d3/objects/91/1061a6775a6b1216504de882dc205c7b6de3f1	3a1fbf20f70b637906fdf299ac73f26bd8db257c2e18960e2ed1446dc8f8249d
build/swiftpm/repositories/swift-syntax-e1f983d3/objects/91/232dc6d6cffe789eced66d5f3fbeb73c37dccf	588487ca026dafd75689cbbca6d38e87e5b07d74de84b6011676f546b7a8b92d
build/swiftpm/repositories/swift-syntax-e1f983d3/objects/92/9667ce4c1a59b04ea6d5100796099fd014198a	7df8a01969c14852f53b14a91c5431ee680779ead46d68ae7176a7c283b1230d
build/swiftpm/repositories/swift-syntax-e1f983d3/objects/92/efc4c1ccbb40010d1fa7e6ae0f7d822fc7ad03	5467072f73eab3d5d4a3b304f32dad650ba140abad0d971ff258a3d6d4b920c3
build/swiftpm/repositories/swift-syntax-e1f983d3/objects/93/1a481b4ddc25047cdd321966ddafc7a32aa0a7	e815028169af6c4f538cb58ee3959757c8a432d7aaca54e26d45b2b80ff2e813
build/swiftpm/repositories/swift-syntax-e1f983d3/objects/93/c4dacfa1bdc19cbdab74379f77acb2aedf9483	57b1bc51d2aa516392f1be1aebb998f09613ffd37d735513772a6a7dbd39ad42
build/swiftpm/repositories/swift-syntax-e1f983d3/objects/94/34fa459660bb050841d732b964f349c080b2c7	ef3a4ee3f5f3e3b978c49a82a584386632c277a38b7e3c94076f82e2f6a86daf
build/swiftpm/repositories/swift-syntax-e1f983d3/objects/94/fb0be3b57fd7ab200bda26fc0aea73a6e167af	38a94a9d53e0318aace9067d1b601c2cec0000531ad69544c9cb86f9eea28514
build/swiftpm/repositories/swift-syntax-e1f983d3/objects/96/75d71f677ec51127e6a87ec6d2bcf52f8a5781	d25130b7fb0f411923a006498e014db73dba67453e8a064c0ca8c06dfeae9c2b
build/swiftpm/repositories/swift-syntax-e1f983d3/objects/96/d3e4c82bcbaba12f18bc4a119a97bf0fe65494	ff715f6a9be5ef28a7f55d4df746b71f139cf95a200556df0c0e4e442b335ace
build/swiftpm/repositories/swift-syntax-e1f983d3/objects/96/e12bdf3e65ddde6d39d1e8114eb9538569195b	d8db2966e48d39640c7b0b8a8fa1a9dde5a96a539d34e5b13c4ed2a588f8c883
build/swiftpm/repositories/swift-syntax-e1f983d3/objects/96/f07e3c2668ee3a4e3788edf3991b21d5f8ed68	40996275196314d74ef85554674f062559397860870f059a6bdc0c36d89acbe2
build/swiftpm/repositories/swift-syntax-e1f983d3/objects/97/28732b2e43a2ebae9f808907e02df70d418456	781efbce5d79e80ad57d3db8730bd40a4f8488a062fb97b62afd04b33553f1ab
build/swiftpm/repositories/swift-syntax-e1f983d3/objects/97/8b7b4a56c2c257df7ffbd9a4f00edbd237bb6b	9a1ca7998746c613664c443153c8123fa935f8c40bcb599d7da3bf546f32dcd3
build/swiftpm/repositories/swift-syntax-e1f983d3/objects/98/1fcaac12d1aab11d98ca9c2dcd47eecafc7df3	db3f999e8c091302330bdd77c34caf26a477dfad750c41ec647c6461f9f3bf00
build/swiftpm/repositories/swift-syntax-e1f983d3/objects/98/3349e9a372284d0925679055b112a06a622e32	2e6e74fc274493187fc0dbea5179f9a05ad414989539d5e50da5a6acf3850fe5
build/swiftpm/repositories/swift-syntax-e1f983d3/objects/98/7b1e92f7cc2086a3e3229738e1b3b5a1ab11c1	6c239de2ba8afb038afb7a2b5cabe1d474da16598052ff7613c580e61aa6adaf
build/swiftpm/repositories/swift-syntax-e1f983d3/objects/98/d81dbb0166bd8c168fedc8a7c12acdda9dab39	83a3177c2f0d518788dafb1c540d54a543d52680f2485729bb4cbd1394253d8d
build/swiftpm/repositories/swift-syntax-e1f983d3/objects/99/a6c93848f7ff6d6c659c2b1d3270dbc2ab0bf4	23a0a08b54ae8f03792692e1e942782251479abdd042602266064967c59d9a13
build/swiftpm/repositories/swift-syntax-e1f983d3/objects/99/be5dad9035dcd7c0f45163565a174566fdea3c	1217df19d59c76d21ace9ba91ddbc9ee50c6b05a0a66cc5317e0d3d950ea68b1
build/swiftpm/repositories/swift-syntax-e1f983d3/objects/99/df1f2e208419cfda3761e3ca1e07499637004e	b17bb30d80d5a3885977e207c27935c6b0060f49cdc08af565f770231f3340c8
build/swiftpm/repositories/swift-syntax-e1f983d3/objects/9a/13f29ab59d1350af16ad0feb3e5cdd96671c17	2a319e4033be5a3099d0f27bd438c8052df86dc63585863eefa806549cbd9076
build/swiftpm/repositories/swift-syntax-e1f983d3/objects/9b/108f1aa2794882e39cfebad7720c38797c707b	c0313fd139d318c2401b4f99db9707a0ec09e5e3463c7d8e465620210ac97dff
build/swiftpm/repositories/swift-syntax-e1f983d3/objects/9b/9109a14bec3946d756765ac8e75cd7050578db	7af2b43dbfa75ce092e86a40f0392370adaaafe83e34abd69f6e1404e3dcf2a5
build/swiftpm/repositories/swift-syntax-e1f983d3/objects/9b/a83ceff966a47d0588e811a184561c0ac88151	1f35a238fab06761db8b146ce78404e6bf973396c9df1d134c48c4dc5fe74ee8
build/swiftpm/repositories/swift-syntax-e1f983d3/objects/9c/433c723b81cbf22a8e095a3e02c694762fb672	dc7ffe1a4152d2ac483f5f78de19145c91429100bfb7f51e5d010ef4ef07159e
build/swiftpm/repositories/swift-syntax-e1f983d3/objects/9c/b86025710afb11e22bd951cc0b52783a79e7ae	92f8ad89c7f4c314576015bdde1680da7fbd71449ba68e54bdd70ffab1249729
build/swiftpm/repositories/swift-syntax-e1f983d3/objects/9d/0c4df70c3d345fe1c12691a58492081d8e8029	6fe03e035ffa581f90a0cb13a85fd307a98fb41332d7913d5c79f8b752d93756
build/swiftpm/repositories/swift-syntax-e1f983d3/objects/9d/4609667afff70a331bf33d00640f794e490df0	80f7eb43b9821035c9e0d0319b7d24cbadef7acfccfc33fa6b094895758e3560
build/swiftpm/repositories/swift-syntax-e1f983d3/objects/9d/b08e29d9d06e8774dd1485436f4a3c3103403c	6d187d464ac34760150b0771d42e8de0f141966a9077e6b615bd428413d44a34
build/swiftpm/repositories/swift-syntax-e1f983d3/objects/9d/c1b27380f992b77cd1a40534c4c34b216aefc1	2a4822c24811e0543331e51de4b5b4c7bd8bf1a92831633ce7192cc2eaa287a7
build/swiftpm/repositories/swift-syntax-e1f983d3/objects/9e/a6535ef22155657d9c81a64fcfb6ea56705738	98e8dda008ebe8b223fe68153ca68615970c761cd8fec45422e1e46864096006
build/swiftpm/repositories/swift-syntax-e1f983d3/objects/9e/a829e493f78745f1fca108cc8be2fb6bccae1d	7e2120902180a6ddb7e4216798b79701f8f3ecc6a3935841d687ef602a43920d
build/swiftpm/repositories/swift-syntax-e1f983d3/objects/9f/241940fa625d4513d71e7f5e80ea6b7f47fcdd	9c5563b1fd5a5c9096f3a496deaebe091fbffc8f532d1a7a15ddb1e16b217583
build/swiftpm/repositories/swift-syntax-e1f983d3/objects/9f/6a3327b845f2bdaae0e9ef0de35567693c0ee3	f1116e54d5033886941273ba9fab37b5951e57acf68f0dbef3a68e99f09605a9
build/swiftpm/repositories/swift-syntax-e1f983d3/objects/9f/f3014444015ff25639c8915371dbb5aa758f62	e814aa33cde5f7a2b12d69da8567d7897e67722d70b212cfa83d92a74aa47b84
build/swiftpm/repositories/swift-syntax-e1f983d3/objects/a0/a7824d2e733b4797f1585b0fc1a7607b9bd4e7	2ce4ac3e57fca7f94a3dfe5aa087ac2dbe2c20cfe3e3dc37ad8451fb3668882a
build/swiftpm/repositories/swift-syntax-e1f983d3/objects/a1/7b5ade330e9ded5b98866ad71697ea263204d2	b503c2eacd2fcb24d0679461c94608c1a34345b6f66360d3faea9b06bb0d9c6f
build/swiftpm/repositories/swift-syntax-e1f983d3/objects/a2/7430a7aaf6fb76428066bd4588b9ba4f8f0d0a	bce08ff4b32d12525da98bd50b2f052e64653c478207610e3dda97b1d4a70745
build/swiftpm/repositories/swift-syntax-e1f983d3/objects/a2/bcc8ed667d85e964339670eb86ca5eafa2e186	8e7f087a48fb7165c15d917b9e2556f1c0c72ac218d5888e9ee455838ac6ae5f
build/swiftpm/repositories/swift-syntax-e1f983d3/objects/a2/e6ae5916e7372db94da6dcc3970be14db5bd94	86a1e6ef0ef410030e81a364a3510fb73004a601374e05a9e6eca90ddd2937e7
build/swiftpm/repositories/swift-syntax-e1f983d3/objects/a2/fe6db5880f4553ac717e0f7e2c3f14c6485e7f	00fd01fe8187dd7c00cf52c5417572e43fa7c2c19623acb020a2fb5b8e6f252f
build/swiftpm/repositories/swift-syntax-e1f983d3/objects/a3/a6c542583fc9c8ce1c8a84fed5b9cce929e2c0	275133c66ff755377571bfd8554d05ce2786ec28a52c56842eb592db2f9f3611
build/swiftpm/repositories/swift-syntax-e1f983d3/objects/a3/b9fe5e7e0d7822c5f3e01461e776ee8c13b646	46a97bb2abd2d6f2240c24e374912dd5f5111d1754e7a4fd56a4a48243c7ecaf
build/swiftpm/repositories/swift-syntax-e1f983d3/objects/a3/d4e9abc1c625758e6b81d9e40b79089e0b995f	d46071bea3f01a5fc2c7a3d89be4ea976d0d638940cbeaf4de2f7f6199f7f275
build/swiftpm/repositories/swift-syntax-e1f983d3/objects/a3/f148a182e9f5aa48c1c2b3fb620b43743bfaa8	f09c9585fc133c04adef1621d4c70f2cce2ae5c7bd8a4fde4fc99eaa69382d1e
build/swiftpm/repositories/swift-syntax-e1f983d3/objects/a4/06ab3d763f4c2502609bd56a59a78c7ed68733	26791e3954b76c00fa320c587973b5b0c5147ae47ab9d1390fa38356aa5e6e83
build/swiftpm/repositories/swift-syntax-e1f983d3/objects/a4/300c277c6c40c98f1788516bc093567244c34d	0badb035aef8625b987e898b8889489adf55927f4e4e8ceb3e8cc0da8e7bd3e9
build/swiftpm/repositories/swift-syntax-e1f983d3/objects/a4/c6cd977cbc687ea47fe7a3419e5e23e3baa5e0	1000ee93a6261755c0e33bcd5fd509fb6dbd47fd844466defeedbfd3cf96f73b
build/swiftpm/repositories/swift-syntax-e1f983d3/objects/a5/ae42ef3172df46744260fb52d7345277b3932f	a7febf917614e700a42f018030408d8d15b400f91cddc96b65c5d4eefd59205a
build/swiftpm/repositories/swift-syntax-e1f983d3/objects/a5/dd75181c57ab7205be93f9e2c057f7639e39fd	3cc67ea6750598d9320463584c4c7e0aa33a220de1be8b8ad036ed9b6d253a8d
build/swiftpm/repositories/swift-syntax-e1f983d3/objects/a6/f1e5a07766cc79ca127efe3b802ad007e45435	d24c5c9e46297fc3e874db33477194d4578722e83b197a9764d16263035d930d
build/swiftpm/repositories/swift-syntax-e1f983d3/objects/a7/37f09b683f768bb1eef16e4bd870f3fff90761	7ae1f6faec5445c8d0066177919ef9241e07257a98861de4cb0f0b388a6d02e0
build/swiftpm/repositories/swift-syntax-e1f983d3/objects/a7/a346db15b29fa63c8e2c6147ad2c2b2ef996c3	c93047e7bfce9eee3338dd44d4e7b90ff560e561e0dc21dd5ff422c674a200c5
build/swiftpm/repositories/swift-syntax-e1f983d3/objects/a8/1d195af47f3a342018af954eecbf6a0067bd84	ee9df49ec647c4ea3b95ce4bced92b5c46c38d80a36e7d614f9f436a61328625
build/swiftpm/repositories/swift-syntax-e1f983d3/objects/a8/440cda1fd45324acdc742ee8d119fe18aa832f	6457b575af83e062afab74a5149090dde7c427f00c10261110e15b1d60abbe80
build/swiftpm/repositories/swift-syntax-e1f983d3/objects/a8/a101d94e2d0451a5ee4b89c8553a4f2323964e	b7517791c606e75dbb4012df7a999049f5b68d22ae08c10effdcf070e251625b
build/swiftpm/repositories/swift-syntax-e1f983d3/objects/a8/a994ba91bc052810566b9da06081869a9f401a	de7d063e628bea069a658e5bd36215e894db595a9fd3039870936dea5027cf41
build/swiftpm/repositories/swift-syntax-e1f983d3/objects/a9/ac7674b563a06150ebbada1253b7d3724bc869	f411510fa6ef3d1712e626158ee9888e6fd09e7c8e343b7a97c4e9f11adfc650
build/swiftpm/repositories/swift-syntax-e1f983d3/objects/a9/b0a24b7edef838b3ab5bcdc4ff3fd63bf05329	3bcab911de17596c3c6d441760807a6a3c2d1ecc6347b0bea71c02f9dbaf2c12
build/swiftpm/repositories/swift-syntax-e1f983d3/objects/aa/6341f91fbefaa1ea88910ddb43d88b47a7386e	92624684bfb844943e7f9d0b66e65a85f9914922dbb2bd8cae949f93c0f37734
build/swiftpm/repositories/swift-syntax-e1f983d3/objects/aa/7e554c8f7d7d97defb04221e916123b2bcf94a	4bd100b4ecb02b8e193bafd43878b6ede62c87ef736647a8d9ae469776c981b7
build/swiftpm/repositories/swift-syntax-e1f983d3/objects/aa/b6e64aaaeae8f7bbcf7246a9431bd98627db67	3a6f1af1d6a2a83abc8a51df9b8c9fb88681ad8c2b32e6261326e59148f130cb
build/swiftpm/repositories/swift-syntax-e1f983d3/objects/aa/bf67dde1f099c7cb61c1be087ddcc33c85aa4b	5ff5b9683b18e80e7782029f2ad0695e302bce21c76d89727da780ed05c98611
build/swiftpm/repositories/swift-syntax-e1f983d3/objects/aa/c801aac3998ea5a26dfdca9475636047900b14	26d8867a5a821b1f1aafdd286f5668659b1ddb20a559cccb1889f3e683824484
build/swiftpm/repositories/swift-syntax-e1f983d3/objects/aa/e62511a863b067a112cb6a839e0c6485e6f7b9	002ecde56593b44621911bbe64e7449a764819591bb3a82b6d8ed111492e6b06
build/swiftpm/repositories/swift-syntax-e1f983d3/objects/ab/04df4dfcf230501cb3a0254bac6b857579e0c3	3baceb36cd53befb6909e3edb310c9749c72db957d67408abed768600f8c9060
build/swiftpm/repositories/swift-syntax-e1f983d3/objects/ab/191ce48dc84951a74e0388ac26ad7b17593771	0ebc437645ad8a048263b3e857f4e7ba274ff914d172d9df7e026a0779bad319
build/swiftpm/repositories/swift-syntax-e1f983d3/objects/ab/22888cbd6c28a521685d4cabfba489727a7a4e	10c6662a1919e13047bac2df16308ff11b61f3bfa8bf29c48d54b13d0cbc2587
build/swiftpm/repositories/swift-syntax-e1f983d3/objects/ab/62449db1a70430452246113ffa62f8a8df8c71	24fa50b9027ab9ab8faaf08fddd87b602ed29bca326dcf9069d2e3f499a280cc
build/swiftpm/repositories/swift-syntax-e1f983d3/objects/ab/6514277bce949f42d571acb41daa6fa91b8f9c	10089b4b0ba50a481176827393ab1d63730dad863caeeb0676183a6f58e2b5fe
build/swiftpm/repositories/swift-syntax-e1f983d3/objects/ab/e0f2080149dccb22dc7fe10306afa977a9f8f6	849fbb854f2593dde59678f8d6fc84d275e430d66ad7810119e8ca4d89c895a2
build/swiftpm/repositories/swift-syntax-e1f983d3/objects/ac/52caf57d4ad069e4b45c5a2cfc3a3d4bc8ab0c	a6a1b1c282ffc18606682b81eb7251942494e2ad1245066179af20b5610db04a
build/swiftpm/repositories/swift-syntax-e1f983d3/objects/ac/7c00194ce2983578ef250cd4209f3fdaad2f28	fa3d1baa00f81d85e9f8870350de36617723ffa90be87d083989dd1bfd8a6fbf
build/swiftpm/repositories/swift-syntax-e1f983d3/objects/ac/eb9d060c401f4aec1cba5ae9b54087b2b43ce8	14816bfcecee25c15aa1ff31146c1c1ff7b611fa0d32fb39a688e75eb712c44e
build/swiftpm/repositories/swift-syntax-e1f983d3/objects/ad/1b3edf76f26abed9b8e79589deefd857c241eb	15c125eecf9c1462a621cc6ddc781aa810f0b67342f3ea0e048d2632f855061b
build/swiftpm/repositories/swift-syntax-e1f983d3/objects/ad/3971d150de4d6bdb996a10f7c0986d428d262d	9a333d839f890aaffd1cda5e19cc8fc026c737bab03b4779e9c2c56efa9bcee8
build/swiftpm/repositories/swift-syntax-e1f983d3/objects/ad/676afdb9f34b3fafcc373cb83588b4f863b25a	1560e7fc68a058e3b2165b4a3bc615787af0168b85f5fe2a048bd8d1a09033dd
build/swiftpm/repositories/swift-syntax-e1f983d3/objects/ad/e8f85e8a588e23aef010808dea1b18bdb6ed8e	b4565f71dbbbf68a348146702a9ad31e7ac78817786cbd61e3e2c3798a9b2ece
build/swiftpm/repositories/swift-syntax-e1f983d3/objects/ae/23a89d7d077706bb9aec62ea1ec4311b77790d	3f344e017f6db530d9bbdedfdff34853ee6a22bb22eefc26aace033e69d4b922
build/swiftpm/repositories/swift-syntax-e1f983d3/objects/ae/4e119ceb8071867af57b6cca956c12b8bbfe03	dabcb220f3e7d276bb3312037676a259450414132513181c83f951a68828bbce
build/swiftpm/repositories/swift-syntax-e1f983d3/objects/ae/707d086c3b6a9fb0374960a20d55693cab131d	fc727398bd9c586780e6cc11f36d8199bade3ff5313edc16406f0516dc103a38
build/swiftpm/repositories/swift-syntax-e1f983d3/objects/ae/8ea2585cabc7f4eee8dc627dc068d4c91ba5c4	4a8cde494f4ec3a6b6a42492c67e2b69a749c494ef5ba2ce2f9a06d55ea6f855
build/swiftpm/repositories/swift-syntax-e1f983d3/objects/ae/9b6e074877403f3f5ad869dcbce759831d116e	db162c9a912b8eb1be9e313f3636fef77bdaaef66566274e160bbceb43849dbb
build/swiftpm/repositories/swift-syntax-e1f983d3/objects/ae/ab862ae3fd59dec31dd5b7a3ba33e3b08beaf7	b7e823b70edc3c7a84a1e287a8b2b6f570e5a72f17c17bbce653e45cccfd5199
build/swiftpm/repositories/swift-syntax-e1f983d3/objects/b0/60cbd7e190e10acd970c9c74596cb913bfe868	2e77fa0720cbe4a2e7bf7a021355974e886484911ada5dbb5578a54e36a4c276
build/swiftpm/repositories/swift-syntax-e1f983d3/objects/b0/8febe524d3d16d3cb0f4a65bcdd9b8c7ccce50	aeb5d00a86ccbf428b4679fb5229344ac0e4bd57d0b14d2c9b621098066c9985
build/swiftpm/repositories/swift-syntax-e1f983d3/objects/b0/d758a74a4ed52b0597b96ab2512ca7034893ec	b4bece150b03760c10262888133b0edca189d0ddea5016ff58d226dc8142be80
build/swiftpm/repositories/swift-syntax-e1f983d3/objects/b0/dad570fba5e817a93d08f8d579036566d8ac7e	0d6d821359cc99119989b5ee138d3fddad3a5ff7fcf2fe64d4d295773017211b
build/swiftpm/repositories/swift-syntax-e1f983d3/objects/b0/f1bf63813d85fbd2442b9b27be5453e59642aa	652bcd302cfeb56ded53012665e34b872a991fe78f39bb71bade050fbf4c30ee
build/swiftpm/repositories/swift-syntax-e1f983d3/objects/b1/0f622a29d4f24b89d4bc9616180a092b3f5ef8	3adc7ab1e65ad039f1e5d9f187a5ce1cb448d15daf17efddc849e3e28fb3b30c
build/swiftpm/repositories/swift-syntax-e1f983d3/objects/b1/366ade721c17ad85b21530a7aef97bac5f70cd	e96e861aa65ce2d3e11b6bca2823a90162ebff59b8e00b255367a0f2adbd2d2d
build/swiftpm/repositories/swift-syntax-e1f983d3/objects/b1/642480a19ae153b99c1bc2e2cd241e7577d82d	e6106fc2cf79f468f29cfacbb02a2bd007ac428e20db08ea824220eff2ad2446
build/swiftpm/repositories/swift-syntax-e1f983d3/objects/b2/716800c789f46878e7038ac4a9d8907a8cbe5f	e1e09a43a0c31ae48f5f3571551104a90146bd007d9fb9edf99660833f52fb61
build/swiftpm/repositories/swift-syntax-e1f983d3/objects/b2/e4d6e5d4db7075c44832485f74f5fd9a337ef7	27ed74bb2d8dc252b9244115867aaecbe0f345d53a11749df99063313c468245
build/swiftpm/repositories/swift-syntax-e1f983d3/objects/b3/57dad50f977c381b9bbdd40846e31f759b6e82	bc0ff6bc2f01bfa136d9aaafccb3ceea3595f065f4038a932e56396bc8b9a6f2
build/swiftpm/repositories/swift-syntax-e1f983d3/objects/b3/668911cc3254641e6aea792afe5200a610e277	b69846a8d0a576a795dbcee594687d7a0eaea73cd3f8c5802b34892ceaf5d894
build/swiftpm/repositories/swift-syntax-e1f983d3/objects/b3/8e18866ada75418f40e572fe9e29a39cd751cb	55c5c6fef66d5b1f4957dd0415ad1e8642fe1ec80fa9a19510177088d2f570eb
build/swiftpm/repositories/swift-syntax-e1f983d3/objects/b3/caf4ac26b7e0b356af9da80c6c7c113066d1cc	143c015e5697432c3439ab0b1ac10cb460ed133b0a0c6afdc9d5fd2e37846d06
build/swiftpm/repositories/swift-syntax-e1f983d3/objects/b4/49dd3d395f21b6731842517a9a0de1f73d55b5	4f49d911912b077e72d83ef5e6f42fdae130300419a7753405ee8451f729f70b
build/swiftpm/repositories/swift-syntax-e1f983d3/objects/b4/d47b3ec50ded7495461ac2d641395c8a81aa6e	7b9541b7005437d9c5cd8a8c899797503c9efad645b1335ab699329957659898
build/swiftpm/repositories/swift-syntax-e1f983d3/objects/b5/0a6687a7c7d1812b5caa7b866427fa7074dd39	5707fca2994c82026e9f95b206555b597d42aa979b98c7c14803d73e59f30448
build/swiftpm/repositories/swift-syntax-e1f983d3/objects/b5/137df4cc6f7ddfac71ba8bfdb377baf8aaf2ba	4fca22db9aedb1f8babf7dae9d9576f14d272f8bc3750c325b1db552ae111215
build/swiftpm/repositories/swift-syntax-e1f983d3/objects/b7/83893d174a2afdf6ba0e1301f6470e7a9176be	b646895f71259faf7ebb66dfce893a294ec1a6d0cbcf64d5563fd78080489e5f
build/swiftpm/repositories/swift-syntax-e1f983d3/objects/b7/a4ac3d230be96066153af325969e1dfc242905	6587cf804f2f8d8c15d758db71a001cfe718e72901b7f2619e15949bffcda598
build/swiftpm/repositories/swift-syntax-e1f983d3/objects/b7/e2846d2914c27016c14c5bbaa3293dea316a74	5116a30f8908628d6c08769f8a77141debf5ded0eb3e5e6d08014712eec3ff05
build/swiftpm/repositories/swift-syntax-e1f983d3/objects/b7/e589841c3a9e0d4d5bbc417d9055dd74831597	e93d34434eddd93dba05c6ccb5e9a2c732d4656c07a7292051f4db8b7f591ec0
build/swiftpm/repositories/swift-syntax-e1f983d3/objects/b7/fe9fdfd95895c0c5234f214a1b5e23a7993f1f	687a090a94677b820298fd34b53a35fa7f6aa2fbcb8b636ce247f683b56bfdb1
build/swiftpm/repositories/swift-syntax-e1f983d3/objects/b8/ca3eea1b9d8f2357ca3643ceccf9b33cba5b7f	0ef0d005a074e835564106a2383dd1623df5f2e6d7091f3aa3d5a8d9849229b2
build/swiftpm/repositories/swift-syntax-e1f983d3/objects/b8/e5ef0bc4f2ad05bf00897ca495b2cb143f2211	750c45e7b0b6ab0d5fec16956cd237c2d6f1b1351ad42ce39249de303c0fad43
build/swiftpm/repositories/swift-syntax-e1f983d3/objects/b9/b139d99cc4627ed4ef9759ab80efd120b92d44	527ffbd067ed64bd90d29c96de9b95e4c0aa9d924b79475e264e31e59bba048d
build/swiftpm/repositories/swift-syntax-e1f983d3/objects/b9/ba5724bf3745ff6a20cb399fefe868b532c6e5	12f2dddde511cdc4c51b71729d4cc0b82eabd56a73f2f7add3c8dfa59c218874
build/swiftpm/repositories/swift-syntax-e1f983d3/objects/ba/065ab4652a1600bd992f751f611e4e84fa741f	6c5716a29a3acb8ed61bbdda41b96d8113f01db15a3817651b9959ca1d55a6eb
build/swiftpm/repositories/swift-syntax-e1f983d3/objects/ba/d788d48097a7d66133478591b766f46da1f532	734ed7e0c914567f94bdb54253ca740bd9091e199064bbea6f96c484c82aa015
build/swiftpm/repositories/swift-syntax-e1f983d3/objects/bb/30981beaa30c7580300ba9c9ca26f9dd9d3aae	ce95d2957aed964f3c994527ad9f3a3cabe6d25d4c74338d12e7f21851f23a0b
build/swiftpm/repositories/swift-syntax-e1f983d3/objects/bb/4cef7183224e91f54a14526ecccb8e07d944c9	5730e0fe9bae862bf21cb8675bac739e6fc7198246fbc7b28c072d1cbc6fcb82
build/swiftpm/repositories/swift-syntax-e1f983d3/objects/bb/7a08d3fa02e5c38977cb6ce29c1d33ef8bf1c4	9cb0c358700916a1e738fcf351aa2234612861c274e2ca55e7a45b782fbee6ec
build/swiftpm/repositories/swift-syntax-e1f983d3/objects/bb/9496ca29df5573efc887799c58713d5838d337	965b0eb82b2ff5cd68205e14b227e5a01929f877a6995828bce0c993750b76db
build/swiftpm/repositories/swift-syntax-e1f983d3/objects/bb/a615c84416a1c1790c6df5ad59281dbcfb519f	7fe4b53e32a5fdc328215331d0cf8572621ad798a42be354eab13f4a09bc118c
build/swiftpm/repositories/swift-syntax-e1f983d3/objects/bc/389d3cddc3c1b8109b22a24c19c6212ece090d	db25f4c74bdd2053b2df67ad2853e240d5318bc4eee6fd5995d51e1e571fe2d7
build/swiftpm/repositories/swift-syntax-e1f983d3/objects/bc/9ecc9fd7f6d8ebfaf9c36d503f60242ba27d8f	3c959763e68dccc457dc188240b1e87a5469ee8188ca9ac9addfc4420812e785
build/swiftpm/repositories/swift-syntax-e1f983d3/objects/bd/002b623386a2243a2f08e192dd04c1c5d0d335	2b6ad2bcd0994872e94eed6565d27f86f73b1b91440bc4df6e0c4c4f5a44922c
build/swiftpm/repositories/swift-syntax-e1f983d3/objects/bd/4d0721084f199df7c7578bdbe8f95cd8827f51	568a36206e68c4b2d89a75fe36f5f71bb8b51fba33fe180bb59da87d46b4d543
build/swiftpm/repositories/swift-syntax-e1f983d3/objects/bd/84cf38defab96caec662efe0cb5a27f9e9b008	9c0a938ec5604873270c9ae2e62b33e0995b5ffc45d78b3bf468f558b1ea3f7a
build/swiftpm/repositories/swift-syntax-e1f983d3/objects/bd/eb6efc4ea4b00898a6a0ea62f6d5146131acad	a211f4248bdbc15594353b81c108cb3b9a1d845a5777c112cace22062a7bbc0b
build/swiftpm/repositories/swift-syntax-e1f983d3/objects/be/626fb5d980a06aed31bd12648ef7acadf45d73	6129204a794e0e522e586e5e1e38095f9aae17f391c06b3b7c96b635396c4c55
build/swiftpm/repositories/swift-syntax-e1f983d3/objects/be/8045d9c9abb3ab07aa17ed58c38262d8e50b94	b4eb6d33619edf3ad28e23f6d6da469110218240199731cd375fd641633edb00
build/swiftpm/repositories/swift-syntax-e1f983d3/objects/bf/35f78bbb6c46b4f6639f51401e92b20449a197	9508ca771791204c77ea5f2bb33b8bae58bd41a2c1c03b1cb92bdbab413dc7bf
build/swiftpm/repositories/swift-syntax-e1f983d3/objects/bf/9426ec0af0367978a84631d4e63b35f9813e8c	9b49cb5ddbf8882c6359e477a7a55e72aca46ee537ca4e70ce79dc5c2d0ff02c
build/swiftpm/repositories/swift-syntax-e1f983d3/objects/c0/2943e912b35ff088d9912976b91398c763447a	fac9faceec3b091a23b0149a29b43feb685afcf9928d11fc7093b175e535cd83
build/swiftpm/repositories/swift-syntax-e1f983d3/objects/c1/816b978dc8d1dafd96372c05237066a998e9cf	c3153e30620ac9b0a78e954dd33ef050172d3edf53797e332babd0e672faa210
build/swiftpm/repositories/swift-syntax-e1f983d3/objects/c1/a03a82080ef41afaba663ac19a48593a6f24c2	e2c31d8566578dfdd0cc93403d8b41edd27debd4f6d35b076866239f1e902202
build/swiftpm/repositories/swift-syntax-e1f983d3/objects/c1/a9f5dc0106232ceffc324fe4ad4593ccbe146e	26bd79462c6396ebfd96a4f1aad22a5910827de71eb88e5cbd6bf1888f5e5435
build/swiftpm/repositories/swift-syntax-e1f983d3/objects/c1/b21a082b79ff32f644e07542da011b15162bf9	83b7b8a35dfefd959968547699ce422c3e7a25e6aef43b5ab5d8d59ecdafb98c
build/swiftpm/repositories/swift-syntax-e1f983d3/objects/c2/38399626d85dc3a12c5e1c08a08a4150f352cb	8dd9fa9d5612e54b9e00f7d875ba538f6e55983f82f7bb07144a39144ea9e083
build/swiftpm/repositories/swift-syntax-e1f983d3/objects/c2/d089fe4d85e893b649f0a77da8ab13e8f44f84	4fbaef72811ce09cb3cff3f9a899ad27e062759a65af45cfeaccbea9ff5d52d8
build/swiftpm/repositories/swift-syntax-e1f983d3/objects/c2/f78959abd037832cc81da51535b0bc962a6c2a	ea5f5d31155993eeb656b3eaa094177bb8a0ad90b53da23e34a1748697a2b92d
build/swiftpm/repositories/swift-syntax-e1f983d3/objects/c3/4ee76d4bffd30c87ac2e839eecf72b56211c2f	b09196a315f4ff5c0b074b9cb82d76f220506caaa5cb0e3253e347785a1daee6
build/swiftpm/repositories/swift-syntax-e1f983d3/objects/c3/64c868831cf41f26732d54ac22b1d2ec4ee85f	bd628dcdf0cec80690b9e60527886a90109d1eef6d06fec786734c29aee6545d
build/swiftpm/repositories/swift-syntax-e1f983d3/objects/c3/7ee0befb5570b927bf021ae13777e1fcdd488d	77edb0458b972c2786d7568dda3166024dfb1a70b63efe27971636ab6e5e6347
build/swiftpm/repositories/swift-syntax-e1f983d3/objects/c3/f4d7f487a1070403bf9ae4cfab135ec09c09fa	9a095c721bed25f9b8ca2f2d81c83befdd7627cea51ac240a188a299603bbeae
build/swiftpm/repositories/swift-syntax-e1f983d3/objects/c4/326e313efb8d2d8905fb08222e37e35c3ef11b	a49b8d39544067238d6f0cd73f8ae583d1db2a79c2f078181608ea34001c76fc
build/swiftpm/repositories/swift-syntax-e1f983d3/objects/c4/8cfd52369a20c249190ddc974565c49e738616	50403bb3e03712fa1249f7e56cfd4ac02148d41f18c8395aa094a3d0433fb8d7
build/swiftpm/repositories/swift-syntax-e1f983d3/objects/c4/b23a024b942dd8df5099aca6f0ef8a467a405b	72d0869c3787ed677928a34eddc77676c175653882ab5421e91ae70852203435
build/swiftpm/repositories/swift-syntax-e1f983d3/objects/c4/ef0f587141e781965e7a3d0ddaa169268351b6	1327fa144fd3926ca97c17bdb284ea5201b50b064e0eccb4eae85faf3d51fd69
build/swiftpm/repositories/swift-syntax-e1f983d3/objects/c5/ea776e4472c265bd3fcfb7fa6b6f4802a35a19	66c8b8dd66d68b26a8b4f2b7aa44acc485f0220e733458600e0dd10f2d006203
build/swiftpm/repositories/swift-syntax-e1f983d3/objects/c6/1f8f266557c5255c0e07146f82c2d03ec52eb9	d51c6d853c9714e1abcb278890a3ee04a8f9f99a48ff7d2dfc8558e018facd78
build/swiftpm/repositories/swift-syntax-e1f983d3/objects/c6/fb195a813b08275f1a0e4e6b76019ddc32b8d3	83a9960e99de375d77c5315f0b6decca667367d9e071f84de583aa0a07a244ec
build/swiftpm/repositories/swift-syntax-e1f983d3/objects/c7/0188f176ed9585ef1e7bf0bfce2aa8628663e4	585a38207a636c53507dbd54683c22c8d85e2169a3adc006bbb7aff0580995e3
build/swiftpm/repositories/swift-syntax-e1f983d3/objects/c7/2b788521195dd58b55b9dbbcd84951f3b92490	53cdc0f6a6d520c3dff10ee8ed08b1d7c6aa6ec4a977306418fdc1a02566fe6e
build/swiftpm/repositories/swift-syntax-e1f983d3/objects/c7/5a8fd9186b1f608dfabe862133359e2385ce37	06ff0c3b1d9f861e406856c507bce25ebcbee2b8dd95c6dff81052a21a4b1fc6
build/swiftpm/repositories/swift-syntax-e1f983d3/objects/c7/b8e97829c7b42d4416394332a845c65af6f06e	16eb5b8130971dda1541f7a15d9ae0f75e4f9dc889d8a4241132175219d73e89
build/swiftpm/repositories/swift-syntax-e1f983d3/objects/c8/29ccb2848f8120dbe73cb5242c3525bcc240e9	3235d30740211a73880ef4d7d902978c822455295fc89242f797ac9a2df3b955
build/swiftpm/repositories/swift-syntax-e1f983d3/objects/c8/ea4a0178837c025cf075d5b4b3b3ea62f439fc	be21a7438fc48d2effafafbe2f4ed9380a552291685f7ef497a08f942c45b24b
build/swiftpm/repositories/swift-syntax-e1f983d3/objects/c9/47cd2be50a7e9c2e142db4aab349113502e0ff	1e3bae71290e93ac0422d88b71a6ba9127b64baab104af317a04b46689b1f5af
build/swiftpm/repositories/swift-syntax-e1f983d3/objects/c9/87ede1ef80c6cffdccb1f79ee764ded89cd9f1	8966d94b424767cd6e9f01e551977a50fa07cd310f8ee771c0d64d780ae96349
build/swiftpm/repositories/swift-syntax-e1f983d3/objects/ca/878bf3592870347f48a1756f73701f0b5a05e5	027ae32259792ae5002d0364bf9601cc5b8a37d377b56f5974d83bfabade3ac2
build/swiftpm/repositories/swift-syntax-e1f983d3/objects/ca/985b407e8c8ac70130efdff4126b145f5e8728	4a95f5df77f3c5ea84b4c0879337751f24e9c7faac7bfc9de35eedd60b05618c
build/swiftpm/repositories/swift-syntax-e1f983d3/objects/ca/f0640c43017a649a2d852b00d0cc1964957aa6	bbaaf91b8584056bb2527c28df903cd966b9379be5936448313fa3ce3129c89b
build/swiftpm/repositories/swift-syntax-e1f983d3/objects/cb/07fad4defba5960dfd60f0a442b49eb304870e	542116941fff57ee6795a4953eb9f5527d372cfc71f178e1c24ef4075e5389e2
build/swiftpm/repositories/swift-syntax-e1f983d3/objects/cb/61369501eb9cae4a5f43fdaddcbf1464bdab78	a4df91c7137963d356ffcd8205b8fc6eb78441ea099d9ad67b9ea6092ed3adbc
build/swiftpm/repositories/swift-syntax-e1f983d3/objects/cb/8d19552a85b235e1e9bb9e6fce517e3a057e1a	3ff5f0991938cfc037a316b1a1fdea0dbda1f2a518c243b3d95d3e55e7c06672
build/swiftpm/repositories/swift-syntax-e1f983d3/objects/cc/74ded44f137caf64f328b7914870c60001b231	cfd652a5bbe6e39e171f28e10b003858103eda6a2ca6ceb538b6547002c973ab
build/swiftpm/repositories/swift-syntax-e1f983d3/objects/cc/9d04af17cc1748dd5d0b30f951eea0f57fcefd	ca7b2d6e6dbaefb6c749c471e0902ffb814dee7302214339b9a3f50d4a6ab9cd
build/swiftpm/repositories/swift-syntax-e1f983d3/objects/cd/6c32dd254fac3903758eba3c2bbbc5f3588984	10ff1c327bcbd11cd355c0c58733128913c4673a151686feeeb1a602a966777a
build/swiftpm/repositories/swift-syntax-e1f983d3/objects/cd/b926c537a32d9ec40b75803d732e948ea3807c	39906edd5ce7eb0a9141c2e8b51856b989cf15a482bc87bcc23a7c55f9d0120b
build/swiftpm/repositories/swift-syntax-e1f983d3/objects/ce/5218d5b898b5417dd0990abe6d343d1af93109	a9c64b251857c23e4113ae9768a41896c3b6bc6f6ee6c13f39d6f8dde4370483
build/swiftpm/repositories/swift-syntax-e1f983d3/objects/ce/c1b654cd1b42b25732c6fa2677116492c4b9dc	8ae31c45e658184db1868da8a12acafab13a98e35867495ce90cabbc4168a591
build/swiftpm/repositories/swift-syntax-e1f983d3/objects/ce/e84b15d7c4ad182dc05c54f6f42af9f1214d9f	787121da14715f2ad05c68c28bab9bc0c377a83fd3eee8069aff271e379f28af
build/swiftpm/repositories/swift-syntax-e1f983d3/objects/ce/e9c2d78929364f8709e730423b9d3541b9e036	15351bf70a5a5a907f9fc362602b388b02187cefb8ae01e1bef0e56b1527763f
build/swiftpm/repositories/swift-syntax-e1f983d3/objects/ce/ef1def81a80f38cbdc1e3825e3e4efd1a538ac	5aaca5ce4ffbf60b3da4d8e70450bf31b363e0be89a39ec6a29eae51c7a6fa9e
build/swiftpm/repositories/swift-syntax-e1f983d3/objects/cf/6feaa4530092b41018ad31d46555e2a844f55b	4ccca6f218b62dff58d8230d5c84d3c0d121afc7722e87575b569da764702f0e
build/swiftpm/repositories/swift-syntax-e1f983d3/objects/cf/aa83a5b226e7f952587bd77019fd5cdb9f7cb8	6b2e56895e55ec0526f197b7b2d997d3e9c1270cceb47668c812f4ebb776a51e
build/swiftpm/repositories/swift-syntax-e1f983d3/objects/cf/ef1b314fca78aff1bfe7bd5c1be0b542d243cf	f3ae4e0cd02a7fb5b9a78670895ffd1c9a9fac9510ff9f045c0cde653bcdc130
build/swiftpm/repositories/swift-syntax-e1f983d3/objects/d0/1212a7e70d020fc6976b1e05afd184a567a5b4	a2fe88e7d97c8760db07d3aebeb904c900760b6e0c26d88ab328e2631327ea4d
build/swiftpm/repositories/swift-syntax-e1f983d3/objects/d0/4e3f11999ee9f92fac34c0504018bf48c3e014	32fe5819b9fc393602aa79614ad5e038031966dda02682863577e07528a6afe9
build/swiftpm/repositories/swift-syntax-e1f983d3/objects/d1/8044f5290c1ee21ea86c2e9343a778ba3bbfb4	7dfe4972c964a71e2c3245f4834ac608d9905c9589d66c9ec7e4a176c28e3d61
build/swiftpm/repositories/swift-syntax-e1f983d3/objects/d1/ec4b474c33110fc894940c681817b04bc94cf3	799423b906304ffa385a1a5b4f0474e66c3b95ffc2f5ba4cc6126676c4e01871
build/swiftpm/repositories/swift-syntax-e1f983d3/objects/d2/64b594abd8b52116b52b4b765a343f6d2a1e28	8c3daae3f2e9a2a27d58ffbe8821ff2a46fa902ebada4dca805e55c41e7dd815
build/swiftpm/repositories/swift-syntax-e1f983d3/objects/d2/a0ab6b81d6544ad0eb34493a81aa790137896e	656eb4a4ee4933965ab2b7bfd407f6c587141aff923f59e25df944b246b95a35
build/swiftpm/repositories/swift-syntax-e1f983d3/objects/d2/ce47517b06e30cf1aa15b886439ab5964d944c	3393eac4a34483946b9ff6ad2c8204bfa2db2274fa5cc4dec1f4d30324eaebfb
build/swiftpm/repositories/swift-syntax-e1f983d3/objects/d3/16bc8f79b1bda9bf070156bce13f2aeabac19b	378145f4e8da2d2e9ae5804387b6db225442aea7138420208dc4ac21dc8758c3
build/swiftpm/repositories/swift-syntax-e1f983d3/objects/d3/4b69459ddd1f5b22840b55a48d0ad090cda128	ea884a7c2868868472ec1d3d26b33538b833f0d3e0f544c5dc315ae2c4c858eb
build/swiftpm/repositories/swift-syntax-e1f983d3/objects/d3/6d634dc05731abd4f0dc4091ac8c3b8ad742a3	4060e71fbef64cbba0963b27886704754d62667870bcf47160a9b476839d012e
build/swiftpm/repositories/swift-syntax-e1f983d3/objects/d3/e61c21121f0341bbef0cf0d714a40fc566f2b8	e5524b2d34d6180aeafc12d3128c27bcedf5fc439057482162124ea4fb08d3f0
build/swiftpm/repositories/swift-syntax-e1f983d3/objects/d3/f1b560300437f63bfe3511df65ff56f3b2596c	939a86f93df05098433cdf34c67bf532e5765cbbe372da20ea539975f84e6a73
build/swiftpm/repositories/swift-syntax-e1f983d3/objects/d5/a7b85ef61653c6e916ca2818fd91f59222b17c	671257502a91b0717fd1e01123d927cb616aff11b15697be0eac51c778be8477
build/swiftpm/repositories/swift-syntax-e1f983d3/objects/d5/b0059a15a91d95c0e43086a879953e586822ff	a78d96ffbeea38b51913f30a62e8187cb2a3d248ce9215ba6616cc4226332ae6
build/swiftpm/repositories/swift-syntax-e1f983d3/objects/d5/c142ba6d3a20e12685f12d6e574db0918d1bc6	8e0f3e977fa5bad9b18f701140d84eace75a4d86faf2f58eb813005a1a65351a
build/swiftpm/repositories/swift-syntax-e1f983d3/objects/d6/3fdf48747ca18a840ed1d4d699714914feef02	8eb2ae0c316ac0528bfba7c228e8130f41458b28ba155c49f8c59fbafbcecfb7
build/swiftpm/repositories/swift-syntax-e1f983d3/objects/d6/9958867c142718ec2fd43661de1da5761b76af	e3da2c2cd2e67de7db3fcb7fee6eddd6f10e996a35cb7ae156315b82dba94aea
build/swiftpm/repositories/swift-syntax-e1f983d3/objects/d7/0d1884a31c7174561493dfa1895617e0c13334	3004ce626713702b3a6175508fd28f38ff7e11dbc00e3b282cdfe12d4f435a04
build/swiftpm/repositories/swift-syntax-e1f983d3/objects/d7/255e0dec22ecc4915b2b5c22f7ecac37329e3d	8c0be7185ae55d45f05187627b9e60b4ad682c65c66560ccf19158cd89ddd51e
build/swiftpm/repositories/swift-syntax-e1f983d3/objects/d7/6f5ef6c1334a05f3079bdadd9ffa534628c793	163170692703cd192034056022895ea9efe63db91c6e001434dcc47d1435de89
build/swiftpm/repositories/swift-syntax-e1f983d3/objects/d7/916e20bca7a4feda0f21848401e3c836250209	a4c867debbc49a8e7c3cd23bfcad3a721b2c7530c6769dd9b210ea11b4c2be2c
build/swiftpm/repositories/swift-syntax-e1f983d3/objects/d7/9b67cbdf9ac6e296169d84efefd5c8ccd78913	64e6341e9b4c3dae8d9bdc27cd5574e723957cf9c812ed906271f9ae9281a905
build/swiftpm/repositories/swift-syntax-e1f983d3/objects/d8/1236f0d9aa9c1b34db9e40af2650fbb152eac1	de7e2c34fe9e276488fc8d4afa7cbf22503b23a83bfd344b68470feed3b67b56
build/swiftpm/repositories/swift-syntax-e1f983d3/objects/d8/94c9796396a93a4e3c145fd71beb2b066e5f7b	68d06ae24db02848b8d3ab9fdc295720f69eb1a42c0fe445839c4f47d7024a44
build/swiftpm/repositories/swift-syntax-e1f983d3/objects/d8/e70fbabdc4ec13db3c08864b63bc9b716f9cf4	ae54ada36d41bee03a9f28ac2321191aacefae146447e26ecbeb4ae270f3e180
build/swiftpm/repositories/swift-syntax-e1f983d3/objects/d9/d1817a2afee67573d5455c079b6b624bdb608f	9ccc3939feb7699ab10281b9cef20745c7524ad410902ce9b3ba17f7c933a6b0
build/swiftpm/repositories/swift-syntax-e1f983d3/objects/da/1c1cff199f6525f711a193ce5ebb9cd0dbce28	541110c286dc0b2e31ba013cf8e3d58b20c2be1e893be591051592313d2b8aa3
build/swiftpm/repositories/swift-syntax-e1f983d3/objects/da/5d45f60250a01fc0d8d3c12233582dddee3a54	38c2b9d115ab115aa2ebf194d1990409d9c06713a3b274cdeca67bf959009a38
build/swiftpm/repositories/swift-syntax-e1f983d3/objects/da/66b9b55c96da1152d1e3f05b75deb75906f3ed	730d443545ae866551ade6994c7ac3dd1954b041f85eba264d5a54a197a50bdb
build/swiftpm/repositories/swift-syntax-e1f983d3/objects/da/fbd889f273a27c60fcc6d35d0f989222120664	44dacb8582c59bf535287352f65d90c165979b6cd687b0b0ae62adbb47cc0e78
build/swiftpm/repositories/swift-syntax-e1f983d3/objects/db/1c3562ce4b4a69c9cab1f806bdf086267e166f	434421c0f0b69e7eb6a29a380039b94c52c0a313c4aa54a6170a4ae6b2163d21
build/swiftpm/repositories/swift-syntax-e1f983d3/objects/db/2e7943d0ee61b76692fd4c24d5cc98a49f6e6b	6bd531ae89987a0eedcaaf284459a0ed9a1edd1baa8095d2bb8503ef1b62a915
build/swiftpm/repositories/swift-syntax-e1f983d3/objects/db/7febba3e334efd5fc60e7663285898f15a6194	43d129703d728e28728cade2191203227c53681c5d193660154b838eaad420bd
build/swiftpm/repositories/swift-syntax-e1f983d3/objects/db/7ffa8ec88bb0c8ad7db0ac1dbc164e4bb4dd12	7371896dd3b165d206ab12b7b92ff34098cd60feb0bcfaf97b7df424d770a10c
build/swiftpm/repositories/swift-syntax-e1f983d3/objects/db/a87a89e78d138d7ab4b7aa17897c427537a4d3	c62f2c42bcc0a7e505ac9ec23f619ae1960ae110d0236c6acf883243d3ba0e0f
build/swiftpm/repositories/swift-syntax-e1f983d3/objects/dc/328891ba4b52e27e65de5989eda76a3fdb31b6	e31496638941e47268a74ff2605ca32034005c7645bf574ed382a8dbf5c07f16
build/swiftpm/repositories/swift-syntax-e1f983d3/objects/dc/3c2ad9f9f4ceaf0e9a6b57ff27a53e82e10d89	06edf0c517eb85916bd475fa4ff7ad9d6b4a43a9943bcd942501c6f9bfbada10
build/swiftpm/repositories/swift-syntax-e1f983d3/objects/dc/deb0ed75737fdeebbe5ff2c5c8faba891b964a	4c6a64a6602bbc45047dca0174636571ae9473edf56d34b52d20a798c8243ab6
build/swiftpm/repositories/swift-syntax-e1f983d3/objects/dc/f9702c1074ad50841e217eed78382b8da689ca	55992364f2e0bfac40ee5ddf53a0e1d0ba141b33a406bd82863f86b2685d0f9c
build/swiftpm/repositories/swift-syntax-e1f983d3/objects/dd/f9bbaab798f721bc729180fae94617c8441370	efabd08302a7822fb56e8d8018bf0ba368fd5c817cbf1caddad38a4417787a01
build/swiftpm/repositories/swift-syntax-e1f983d3/objects/de/7aa59b24cefa3581327d96146a9c7ce25c711d	b2abbb95cf14e64871273fb16b1fd7b85244026929c6443f64c9a269487feea3
build/swiftpm/repositories/swift-syntax-e1f983d3/objects/de/7e74ecea6334f3e6f31ba7ddbd77d049e7b5c6	1b2c997f5251af55aba36b30e11651933d80cce74c0f8ebb209bb59e4aaf8865
build/swiftpm/repositories/swift-syntax-e1f983d3/objects/de/8eae15ef590b2cc3869052a3033ffc693fa9eb	e9d5a382b44b2206dcaafe41f694a4f85341eb30c95bfd30c861ca508b93a0e0
build/swiftpm/repositories/swift-syntax-e1f983d3/objects/df/0b7a6a04785d8d1de6524fe553cef1e954b0d4	4629a418f08c6c92fb2de7e1252d5ea0dbfc058318f1bf1fcce4dbb401ba43f2
build/swiftpm/repositories/swift-syntax-e1f983d3/objects/df/54658c2abe2f4e5717609b24ddbb4e55949bc2	3ef0199b3c2534e80d2601fc64ef8434bf3ce3f4ea9fcacc35271446f4fb372e
build/swiftpm/repositories/swift-syntax-e1f983d3/objects/df/95ef819d0e4dc207877f9aabb79f030dff966f	ea2fcddf0feb0b88b012eb8939d6d2fc7ef6fbf15cc085f3a959e42e555e0771
build/swiftpm/repositories/swift-syntax-e1f983d3/objects/df/da36418335faa50bc2ba5f900dc5e6bc467148	63aa633bf37c4f2ef616dea92a73ad1874320121559f741cf6ab7e9bac17bd70
build/swiftpm/repositories/swift-syntax-e1f983d3/objects/e0/1534d51b6a52a07e15217e484125a7f29cfb13	62d65077e948ead28a2e02280eecb2495a9a166cef2eae27fd6c78c5bd8304bf
build/swiftpm/repositories/swift-syntax-e1f983d3/objects/e0/73f207d562f2e212328460749e0a7807994c4d	877b34bf53967311830bb5a1456661f4d78473b00fa5aa4e335c4221256e57da
build/swiftpm/repositories/swift-syntax-e1f983d3/objects/e0/745e0c98a43d51dc088be35dd4455ff8f730b3	9cc309f8a7bea180ad80a3cf33f392eb66bdc97aba9e69f5aa92101d92f098f8
build/swiftpm/repositories/swift-syntax-e1f983d3/objects/e0/ab46ed8cb78a1777081b9dc76512a715a96272	5b4191ef73b4fa53a8867cf47e42ebb8844665c3b70dabbea6f21a120af9c76f
build/swiftpm/repositories/swift-syntax-e1f983d3/objects/e0/baffa2a7e7923208069727e35398c3b5d998b1	39487f1e3d73a93788f9e834d81cbe6d057d198ab31371fff51c82986a3282e5
build/swiftpm/repositories/swift-syntax-e1f983d3/objects/e1/26e6aeb2ddfd346e01e57a14a2ef4122e777b4	bf6a657e3e7bb6cf023200cb5d412bbb82a05e7a4b554dfb3052f5647100f5e8
build/swiftpm/repositories/swift-syntax-e1f983d3/objects/e1/b4f7955810893280b5296b52c26518eef39d44	0458607d534f2609e0ce45a316c8cdc8644bee31a042aa7b0af3c9d1085deee8
build/swiftpm/repositories/swift-syntax-e1f983d3/objects/e2/b24ec9fb42ef1268fbb20b21446347acb3f34f	4278f804c8dd0511f0fb3161be9451dc0bbc19635f820c10c67e1116a6e15106
build/swiftpm/repositories/swift-syntax-e1f983d3/objects/e3/5928e786cb7cac33897b7b9275609d10664faa	c7a638bafeab8ed89da9e0d902d461cb3f99239d508a92ea6bf00a928efc3a16
build/swiftpm/repositories/swift-syntax-e1f983d3/objects/e3/706d5df198b7411663792f95bc940fdcf73918	89ce2f178896dddf8637040db7ca4d1e713e3126f5af0a8e5f0582424a59e7db
build/swiftpm/repositories/swift-syntax-e1f983d3/objects/e4/473b1396589a1116685a8cfcbbe89284d71665	7a4f5b77d7b07331fa50162b3301e59512f0ace92c868562a4814227e4c76d4b
build/swiftpm/repositories/swift-syntax-e1f983d3/objects/e4/70b0830d26982a8a76b884902252f14e234cd1	58bebedfa472df6a03a8c06b29257417aa118fc30a120340913a5b2f0a8464e4
build/swiftpm/repositories/swift-syntax-e1f983d3/objects/e4/9e312d1d6dc590452c0e4e4058ad0cb4944577	87525d2a9010a00917a0e86a215b7ddc4ef1fd6527142e0f3c71a499b9ac975e
build/swiftpm/repositories/swift-syntax-e1f983d3/objects/e4/b9dfcdb7fe33b8fbceddf03ccd8afc9eeeb661	97ddb90b617206b48e836dc28e880222e187f4eed834b9ba49d536af20dd8835
build/swiftpm/repositories/swift-syntax-e1f983d3/objects/e4/c86e4093d6779e0d7b90d78f47df99bb6bd770	25fba73d555ab62601bc310c5cb4c257cf31a305f136aca90226e07fa4afe4e4
build/swiftpm/repositories/swift-syntax-e1f983d3/objects/e4/d2cc623b201e8684243404cc1c8382370a2f05	c205ea1016e4ddc2a03104952cd4a5d8d3395c6cd9398db22ca09fbe820dcdf9
build/swiftpm/repositories/swift-syntax-e1f983d3/objects/e5/9e5a9640af1fba6d0a3ce9e93c406abad3a6f6	0e418081fc6f680c1551ba6ca394c5c191573fb3fc5ec52856c47bf3fa13821d
build/swiftpm/repositories/swift-syntax-e1f983d3/objects/e6/6f9dad1d56fb21464760f5c8215c3c51dfa705	0c01b0ba280151352ca62f80ca0f80ec8b88faa066a7a87fc4c0400055533a13
build/swiftpm/repositories/swift-syntax-e1f983d3/objects/e6/8a8f6495a748b53541e76e7be6ca1c0d22f1df	b7054124265419d95b7d1da7b6b290c2ff8cf5d66549aa6cccbc228e04d1e2f0
build/swiftpm/repositories/swift-syntax-e1f983d3/objects/e6/a5859ab7141cb281b49cf84916e17f1a705ade	ac7614847b214d4f99aadc3c84f877b57f523be0bb671355941b14d88cb942de
build/swiftpm/repositories/swift-syntax-e1f983d3/objects/e7/24a992c392783387eb04b8ae13eceb2c240cbc	5b43c1dfe6e2c15e1dae265b92bd61bdb7582f1a4e2ac276d1c2e8fa6a91a2d7
build/swiftpm/repositories/swift-syntax-e1f983d3/objects/e8/35cdbbe592251617129bf9bb06430b50b83b5d	362d9bd0b8948afc6b174f090a530388b9fb464eab2624f93cc199b87e724c05
build/swiftpm/repositories/swift-syntax-e1f983d3/objects/e8/548a1de3c5455072d5a5333d8199e2695e8f6b	73a613af7a06d117c05ff594b36587688256c74cd6022999273fc56895d5e4a6
build/swiftpm/repositories/swift-syntax-e1f983d3/objects/e9/289aa448b50d48e91832efd6e539f01b9e6f92	dbbbd892ed22d4085761fdcd6b3c9f065264d6aaa71decc123c667ce2f419f24
build/swiftpm/repositories/swift-syntax-e1f983d3/objects/e9/97025926965ac6e4d53ed8ebd940f1faf8c06d	16ae1a64a1a1760d2a28164eb26ff18cacfab24b750380ea8d95d8aba41a97d7
build/swiftpm/repositories/swift-syntax-e1f983d3/objects/ea/3286e001bab4a2ff299e5f7dfd2a330085a4cb	69d0d58a1a40642dc0facca2ed85bd5fb9e183a23de63a5a34fd242d5937731f
build/swiftpm/repositories/swift-syntax-e1f983d3/objects/ea/838a518ad6e10b8f00fbfda57bdb1902df44cc	8d6197dbafb7e1dd8bb78a4cdfd708ac9dc1ca6bb2d104c48ed97494dff6cf37
build/swiftpm/repositories/swift-syntax-e1f983d3/objects/ea/942c0e03c53963158e203f40895107c31def4f	81a646510276c06bccce6288afdba33bd804fdb14487aa5616b4a19df797c158
build/swiftpm/repositories/swift-syntax-e1f983d3/objects/ea/99af1ac21b2888e7500163fdc940f3c661f102	4636b1813e36e06139c0c278c85a294425cff5faf25b6db8dde676e5cac6c0a7
build/swiftpm/repositories/swift-syntax-e1f983d3/objects/ea/a8afd7db5c9938d2fc1ca79703cafdbcf38c1d	bb760db28ac3c21fbd596dd0ce3cc4d7040269ca26fc03e205f6e7730060545d
build/swiftpm/repositories/swift-syntax-e1f983d3/objects/eb/1d7973f01275d5defd3deeb98db2ee45f0d576	6ab047f9d726e6b9a71595bcc9cba5409bbb5052e62d018be213ba9591dadfb6
build/swiftpm/repositories/swift-syntax-e1f983d3/objects/eb/adbffeba1207d08d0d7f63e58a5db6b9dd9298	8a0d286c21d07a6b246ee248ce5d372963dfb8eb5986474573af65b828b08f88
build/swiftpm/repositories/swift-syntax-e1f983d3/objects/ec/15d82c3a99fc666f8917237352c5dfdaeb7178	cf42951264186cf9164a296e8ce7edae79d30f334446e0e8bc3ecb49a2fee3be
build/swiftpm/repositories/swift-syntax-e1f983d3/objects/ec/1e978f6392a998ec7ac6081610486ec32862bd	5c7c3391fa839b0420d5e11a4e2a13993dfeec6248a4236c6716e58b780618ff
build/swiftpm/repositories/swift-syntax-e1f983d3/objects/ec/25a5498808a888b828a62c1bb69238f594fe39	4dfcc9e3646f95e3138d9c58718cc37d9a3f2b9cab61f505f18e530fa4c9719c
build/swiftpm/repositories/swift-syntax-e1f983d3/objects/ec/2c8a19e1b57d8d1c397113a8aa63312010717c	337e6c83a89c310735a915184218b4f64d2da979c31bf1d68ed09a6a6b006bd5
build/swiftpm/repositories/swift-syntax-e1f983d3/objects/ec/7e64146e12e8d45f87abf1318bb1fc1178b773	eaa6caf21e19088f0a3be1f517ad9e3ff34ef84e46c20251b06a9d87b5ec9463
build/swiftpm/repositories/swift-syntax-e1f983d3/objects/ec/ae02e15e22cb200f6f575e1a3235f1aac985e3	581f13f5bd9f4558c4b5df67f755c12f78e48d2a91f9f3c7503c326a0992fb0d
build/swiftpm/repositories/swift-syntax-e1f983d3/objects/ec/eeded10e2c1780e47091c278c1d855a3a47eba	675c5bd16ddac24fa5709fcbb85faf836e311dd292344923d3aeea3d4210d0f0
build/swiftpm/repositories/swift-syntax-e1f983d3/objects/ed/09130aefc85b203b33afa9d4e299ee61f83e62	3a4f7be5e66f0cd36c5d335fd3461db6761e37274d0bade9e47b3fa5e2c0a3dc
build/swiftpm/repositories/swift-syntax-e1f983d3/objects/ed/8a06ea67b9d51a927aa7cd0fe0f5b722098283	04fbb0d17da4eb155a1fb609b33d6e969c4ee349228a6fa8929033417b5bab58
build/swiftpm/repositories/swift-syntax-e1f983d3/objects/ed/9ec55e2a44fddd61c3bcb04e5797c3b7d4e9e8	f348e8ef42bd561910d018c144cb4c455458f190c6cd1540378c4206a49ff25c
build/swiftpm/repositories/swift-syntax-e1f983d3/objects/ed/f54f9edfadd2dbf800f27fbe2846e11f096ea4	1fd229af8aca9cc0a94e4aeb45f04c1c99390cd8ccd209008c9af3ce3c3ccb18
build/swiftpm/repositories/swift-syntax-e1f983d3/objects/ee/71031764731ec1d87c3ec28ffa20a9469d8ca5	727889f22aa95f4d928b9683b840d79f6befb73e98ca7118b6c95a4ced53b921
build/swiftpm/repositories/swift-syntax-e1f983d3/objects/ee/e209bacf519c378906b373bf4cce2f3cbe7ba5	d0771fc03461511497619d84b260f6646026737bd2e5ee889e3935a6241dccdd
build/swiftpm/repositories/swift-syntax-e1f983d3/objects/ef/2772666fdc42a490d445b8bed4050f7c425ffe	1f88113a4881dba18b3fae77d9db0eed28a1d05b7065aae146db55a749ce7d7a
build/swiftpm/repositories/swift-syntax-e1f983d3/objects/ef/36a8c69f782983682df524ddba406c14bfe6a8	cadd17e1a6f42a4082f9f3a3ed8e4d45153c905f41e2f4163ccbde4e22735fd6
build/swiftpm/repositories/swift-syntax-e1f983d3/objects/ef/3d7b4b441ee9c090449469df001efc423e0717	c2eba19f3571330c3dd74bc5919f317221a8dc79b59fabbbd9a4356d6e9ce232
build/swiftpm/repositories/swift-syntax-e1f983d3/objects/ef/5c7705fb3771f06b49d3ccf1cdd3b6288409df	4514b00f0db2e20213aa9b8d3ee6c17e0e49ec8e8a43d1502220c344c07103f9
build/swiftpm/repositories/swift-syntax-e1f983d3/objects/ef/83b1fea1b7c7f486a5211e3ddfcbb34b96db98	45d573d84cc6be75b2736866f473414b81a37cc958f612e111f26116518eac90
build/swiftpm/repositories/swift-syntax-e1f983d3/objects/ef/cd0e509dabd2ced7face3b5775a20bf3ffbaf2	a668bd27828ce7a4bc75dd0e3f40366cbcc14bca7c95b371f9bbb24a1e40af58
build/swiftpm/repositories/swift-syntax-e1f983d3/objects/f0/fb08d13449be246a3148aaabe3479c96e5509d	a9676cbc6a1e760c8727b7825a95c5290952022788e19ad48d5679f8c889ee88
build/swiftpm/repositories/swift-syntax-e1f983d3/objects/f1/0bee28f8614dd3007bb16e54353862776bd6ce	1369c7180a96f615d67bfe1813463a68b9c709db166f35e754cf119e3d51c87d
build/swiftpm/repositories/swift-syntax-e1f983d3/objects/f1/3cc4aeb596e9a38d9304d3a6a0b8ab52545b2d	bcf7fe76faf551343d4020252ef94c8a5333c7593004d607e264eff25375f442
build/swiftpm/repositories/swift-syntax-e1f983d3/objects/f1/73744b4bbbf6be830a303845c3f2fae8ef3450	15a08dde266dcd3472674ba897cb2edbb7fdca4576f3358e76a386d37aee082f
build/swiftpm/repositories/swift-syntax-e1f983d3/objects/f1/847d1692bb21c1f47efcf07385cb57bc8dc8c2	58816e2a268b73a1a5075a7729547e3c53e443a09331203cf88ec0cf1b02ae16
build/swiftpm/repositories/swift-syntax-e1f983d3/objects/f2/2aff0b905930323a2755ba15388731ab0b5f52	45b9e553d1c68cc5852dc7f5fff19a04b9de17b25e7a7a972ee7e3c3bfa0649f
build/swiftpm/repositories/swift-syntax-e1f983d3/objects/f2/7fb1c617208175783d6ba476166719edf519e1	d153b8c35773b22ade89f61d2cadd8228f53b0cf193e9fec99bcf5ebca0bb342
build/swiftpm/repositories/swift-syntax-e1f983d3/objects/f2/e99abbf4aad57befa044924f13cdc4f52a3870	e504a90fabb1fc214f4de972914596c1b1d62ba489b7316110206ea25920a486
build/swiftpm/repositories/swift-syntax-e1f983d3/objects/f3/0c48e555f6e4f53acb04bfccda8a215f6ce69f	7053c2272f5c104ed98954de7a6f10def022ad1d38604a9b3f3f00683134f2e0
build/swiftpm/repositories/swift-syntax-e1f983d3/objects/f3/95fe5a1a9c8f8bacd80d42e7ad00cfcf076aa0	cd64b4e2f13eaf7e2bb62b58339b614ee69ef9c69bc2dcde833c9e64d3b89d67
build/swiftpm/repositories/swift-syntax-e1f983d3/objects/f3/b14122be22e29504dfbf59ef697fcef0e0c24f	4c6a1dff3ddf689c582b79cfc6dae2a3f9d659e3d208a8d036541e1ca4b9e0c9
build/swiftpm/repositories/swift-syntax-e1f983d3/objects/f5/ed3a9c6b6f4588e50a34a5659a6b10367f9df7	ed11657530f7d2a4d77c19067cb57774a46ada9cc58ed1d1e53e39d9444f1a8b
build/swiftpm/repositories/swift-syntax-e1f983d3/objects/f6/1b217238a5885068cc50cd21da38bd23a4106f	7b91b53d0543f2acd7aa4e0489d6acb96f4e6fd16edea03b2c8fcc501ff8f0a1
build/swiftpm/repositories/swift-syntax-e1f983d3/objects/f6/2ff272a0763acde234d2dbf611a4d649887942	01746a4b7adfecbc1c3749ad8c3d52704bb3d32092e65d9a84cd1f2155c38630
build/swiftpm/repositories/swift-syntax-e1f983d3/objects/f6/497753f4a17383ebdb6da228ce6dd2b2d5734d	6c1f994f4998a9d3c35258724e581e885e09be17755255f4e0bc32eb000b360d
build/swiftpm/repositories/swift-syntax-e1f983d3/objects/f6/a13482870c723a4ec763ecc04297e510a5037f	751ab82f60abbee9d126aa14c95100d004d607eecb368fd3bfa164e949c8c97b
build/swiftpm/repositories/swift-syntax-e1f983d3/objects/f6/e9f8bbbd758352898f8713b47838b03f13a2e6	bcd6d33dfd9d52ab7686359e347eabd5f0168bb1c56ec29635a6d1036cfdccaa
build/swiftpm/repositories/swift-syntax-e1f983d3/objects/f6/f3251195ab1a7cf0675a56aeb2bf57fb2bf8eb	8090d740a750a7054ad1e859bbad0a8dda308fee36a058a5083d366d8e4b496d
build/swiftpm/repositories/swift-syntax-e1f983d3/objects/f7/01cbdb922e72ee5e9031fe2ea5dd9b79888409	17289201e952c44ea01c12d7b4ccf6c9ee1930b1fb82313d47d05df05203246c
build/swiftpm/repositories/swift-syntax-e1f983d3/objects/f7/5e089784eea88ed4af6687a3332850b5e47736	025801ac077e04428894fa8386df731c3d655f2c661f93a7412f4ce4355e504b
build/swiftpm/repositories/swift-syntax-e1f983d3/objects/f7/812eadaf407734f0adbd74dc87cbb532141eeb	f28d051f89e100651b05872ae3ff4eeb0714bd30a429bc9872a7890335c5325b
build/swiftpm/repositories/swift-syntax-e1f983d3/objects/f8/4ab64c89e1fb01f6d990f4bf832b9a83a712c4	d5f017806df179219f753d4a51e8e180b2d7e763521f55eac1d040db1230ed46
build/swiftpm/repositories/swift-syntax-e1f983d3/objects/f8/72abaa5b3272286bc9ed7575e136dcb6b06b1b	b06eb9fe934c552937dbd072c8be07c7e859fffa93b40ed623ffbd0cef3311f8
build/swiftpm/repositories/swift-syntax-e1f983d3/objects/f8/7a9a90d017dd62f3fdcd871fc39b7807aeac6b	9636070348a575f6a3bc29f93dcabc293d7e4df6fcc3b90459c7f1471bbb1521
build/swiftpm/repositories/swift-syntax-e1f983d3/objects/f8/7b8a11648f700b62a152fcb7f45303d447e38a	bc371d355cdc0bc5ff43f63e355dd9c599dd58a4997c4cbbf01e322fa3bc8870
build/swiftpm/repositories/swift-syntax-e1f983d3/objects/f8/85bff273915d3eb6042516afd8848560476190	41fc1ae4856ef097ce55538386664eadb3afe408678a64055da95a2ab9cd791e
build/swiftpm/repositories/swift-syntax-e1f983d3/objects/f8/dacb8747a5eee1babd791411e2bbcd3769c84f	83df735a0355f28e86ff98104924c6033816787ac72915b72d114fc7036e601b
build/swiftpm/repositories/swift-syntax-e1f983d3/objects/f9/140ab36b09e054e966aade1fe1c69356a4e84c	1e20a540d808c4d45dadd3dbd1ee46b293bf1a9bbe6013a991ef09036341e2e3
build/swiftpm/repositories/swift-syntax-e1f983d3/objects/f9/2e91924efecca613a3407346828b2f4a1d7b5e	f63eae7b4a925919f7742db020a708f170459981eaf41ac7b521a3b5f5585bcc
build/swiftpm/repositories/swift-syntax-e1f983d3/objects/f9/888d25c5c20896736247aba2b76c5da2188f47	57f310b2628d38654f4c060af021c98197058540b9a79af0e10a9ef9e3b5cd65
build/swiftpm/repositories/swift-syntax-e1f983d3/objects/fa/19c5267acf7fef7d9e9f639824439f82acba22	87f5ce8100d08e7bb311e8b3799c62b4919093282e6a083978217f6a4aeaee26
build/swiftpm/repositories/swift-syntax-e1f983d3/objects/fa/86a4b817a974a69ad432c424a32fbaaa0136d1	891ca2d80ab5efd8b3bad3588a09d9c59855dd81e7ee1149ce04207b9bca51aa
build/swiftpm/repositories/swift-syntax-e1f983d3/objects/fa/871200dd052dc8759cf56b66677e51d7bdd547	f92a0b4479da5d2a9e50cdc847fef078adc653cc380dfa2706d39c32119184ab
build/swiftpm/repositories/swift-syntax-e1f983d3/objects/fa/964d49be03f911ffa11a8499b675173278df59	a5efa6b799cc6e31e11986d64b8e125ab8ca448baddcbb5045abeab69c1be50a
build/swiftpm/repositories/swift-syntax-e1f983d3/objects/fa/f09802a610a0389068b6489deb9eaced93f5a2	8aae48904ecaaf5c0d8d563c61cefe936c4520a4005101a3be3462cca4bcb465
build/swiftpm/repositories/swift-syntax-e1f983d3/objects/fb/9b8302b50e6a6f2646e49934d3b0c37d9f1042	876e54a11d0312a65f03cb8992acac26b66109353c8dc63dd0dfa1f6ed45d4b0
build/swiftpm/repositories/swift-syntax-e1f983d3/objects/fc/a2d858164b33fad796110fc6a9fdd2fbda5c51	1287e0b68449e2c0b98a3f3be39f12a87bd0f7d2cf707c30be4199c34ae4259d
build/swiftpm/repositories/swift-syntax-e1f983d3/objects/fc/c6631b586c5fabf0a606fd96fcaaa523afb348	b65e348267289f14ce71ae35cb845af77e1866cc25c21dee29eec7c8c2eceb82
build/swiftpm/repositories/swift-syntax-e1f983d3/objects/fd/0dfae7e6a4d879256e36d1c9c9f3d4943bb2a1	61dd60b5df079e1adf4a67a767eff179b395694403489384857bee763c0c6eac
build/swiftpm/repositories/swift-syntax-e1f983d3/objects/fd/12cad4b90fe4ca4bb9b9d9f56279b8a781a377	752d02593a55a556e5e7b235da68c38a5af2be70c946e4fb633aa6c8d176e8c6
build/swiftpm/repositories/swift-syntax-e1f983d3/objects/fd/12ea59bde3e4af3ba0742531eec747be1ddfc0	a10d8de658fe9e26ae4598baef28546aae08d88b9cebd64abe0fe145b79c52b8
build/swiftpm/repositories/swift-syntax-e1f983d3/objects/fd/3b0d77b832d6ce20ca63ad773ac5dc3b23c135	3cbda08b31f1591a6e3024f6ab739eeca0a9aa73564a8b797a6a7bddb28042f1
build/swiftpm/repositories/swift-syntax-e1f983d3/objects/fd/962fcda361dffed16a12ae266437f1befadfd3	ae3bf9d80e686c0a2d25e9bd0715aa03ee82f6d4aa2f35cb6c2b1effd2c373d8
build/swiftpm/repositories/swift-syntax-e1f983d3/objects/fd/99fe57296966dc0f91b2728fe31ea66d0fbeef	c3ab7b50751ba6b1417f78a7d959c9c05276d2eb9b94083884bbce001ea4600a
build/swiftpm/repositories/swift-syntax-e1f983d3/objects/fd/b66de3690b8921aa27fbba8bdb3be01c5f282b	933e4c9ed67d50b2dc82d52fa20f8ab1685bd1baecca2e28385724be0ce735ab
build/swiftpm/repositories/swift-syntax-e1f983d3/objects/fe/047c15b3c39db5783feab1030c1cf886411882	41cad013c3838a77b0b38a4c6617e9c3c07d262d24865608c36687ad577efaae
build/swiftpm/repositories/swift-syntax-e1f983d3/objects/fe/21abccb4bc9f411671ddba951ea0a7932d9ed6	2e4f1b29c838d0ed87f7cfbec88c80d647c5d70dec5d2c4178975712d6b7e3f8
build/swiftpm/repositories/swift-syntax-e1f983d3/objects/fe/87aa55bc14dff9a87d491f8ae5dfbd43c93317	e6e7acdedd9a28ed9398d3c8c7e3b71bbbf37d79c00b778569c5fb95663e94ee
build/swiftpm/repositories/swift-syntax-e1f983d3/objects/fe/ad8da75bb91049d755fc51efe151ef45e1bc81	fa1a6b0ee045d48e8b2e1b0ccdf1dbbf6dea33f2cf1020e3f641ed41e8785582
build/swiftpm/repositories/swift-syntax-e1f983d3/objects/ff/0ba3eb01d3350e2c47b9d6ad6f99c2548f6c21	fb8ec644911237237f847347314824b5ed888fbf5547a5a0b3d56f79cc2d4ea2
build/swiftpm/repositories/swift-syntax-e1f983d3/objects/ff/98d64e181815e496d2f5d13fd051b9427d441c	4bc804d150e0e809779c5a700178dd4e497220a605edc46565939b36db1b34e8
build/swiftpm/repositories/swift-syntax-e1f983d3/objects/ff/e14759cd34c9460aca7fedc88d4fd40a617f4c	add51dca24f479ede6df3b22a3eef72a98caa9f262c5d35fb2786a92720feadb
build/swiftpm/repositories/swift-syntax-e1f983d3/objects/pack/pack-188cd2ac0f8184403216b6f2e4abd0f8d54ca33e.idx	ebf63c616aeba94970daab0016cc134170c9e04ee2b8556d8eb5c8544b1962e9
build/swiftpm/repositories/swift-syntax-e1f983d3/objects/pack/pack-188cd2ac0f8184403216b6f2e4abd0f8d54ca33e.pack	87c89196f93c1825d3eb49e1523e3e3dc6d6de02457c9a1764201256e32e091c
build/swiftpm/repositories/swift-syntax-e1f983d3/objects/pack/pack-188cd2ac0f8184403216b6f2e4abd0f8d54ca33e.rev	11a8e0694721486e49da73b3b1fa2fff0ff366b9952a507a4254938fa01a8521
build/swiftpm/repositories/swift-syntax-e1f983d3/objects/pack/pack-234b44387b76eed5e8d686706f66bf9691bb1e9d.idx	4985bc4f385e87498f9324308def4f3b0959fd0803e49a4eb19386c6dcdbfdba
build/swiftpm/repositories/swift-syntax-e1f983d3/objects/pack/pack-234b44387b76eed5e8d686706f66bf9691bb1e9d.pack	13277ba68267819d0f44a7745e852ece9ecadec2d03b8848a95639819475c776
build/swiftpm/repositories/swift-syntax-e1f983d3/objects/pack/pack-234b44387b76eed5e8d686706f66bf9691bb1e9d.rev	fee0ea1c5f89dc5c90a6d8391466544374a9106a4f531acc4f53807b90006a2c
build/swiftpm/repositories/swift-syntax-e1f983d3/objects/pack/pack-61b3cdd4e43714d4f38b4d8912b7c0bed8bcdeba.idx	82217804bd9fda2510780742b52b82fe0b64b71c6e5239e0603884aa8832bafb
build/swiftpm/repositories/swift-syntax-e1f983d3/objects/pack/pack-61b3cdd4e43714d4f38b4d8912b7c0bed8bcdeba.pack	899e9c2d3003a40c9ff3c72ee970e01a40eb0818b9c2c8238425a43d763da9e4
build/swiftpm/repositories/swift-syntax-e1f983d3/objects/pack/pack-61b3cdd4e43714d4f38b4d8912b7c0bed8bcdeba.rev	76ad33a20f336b42cca972104792344ba30b8fbf73e04b7afeb9358a54eb378f
build/swiftpm/repositories/swift-syntax-e1f983d3/objects/pack/pack-7e16bf3e1ddf33a9f8083039bfc7c78bf6dab9e1.idx	bf56baf6690671308f437a73c6d228cce658081b1d8198ff36b9bac8bf79f74e
build/swiftpm/repositories/swift-syntax-e1f983d3/objects/pack/pack-7e16bf3e1ddf33a9f8083039bfc7c78bf6dab9e1.pack	bd6437c2d13ede1b0f122171cc11b2f776f91622dfb2437d31bbeed856c2ad03
build/swiftpm/repositories/swift-syntax-e1f983d3/objects/pack/pack-7e16bf3e1ddf33a9f8083039bfc7c78bf6dab9e1.rev	9c79a32a4ff916190895856be1772a682295468430b08a7fbcee25fd293281f7
build/swiftpm/repositories/swift-syntax-e1f983d3/objects/pack/pack-8abdd1e342bc2f2030e5d79ba7c9e59b099c7744.idx	c7af1ab939c86a7fa25f9fdfac4c3f6f7b110ace81a4dd770e07c7b6d1a321a8
build/swiftpm/repositories/swift-syntax-e1f983d3/objects/pack/pack-8abdd1e342bc2f2030e5d79ba7c9e59b099c7744.pack	e68e834dc35b79a928ba201ff53dca5aa998f01e3c9f6b20db22fb72f3a57ada
build/swiftpm/repositories/swift-syntax-e1f983d3/objects/pack/pack-8abdd1e342bc2f2030e5d79ba7c9e59b099c7744.rev	8b44da01e8296a0e189fa23ba71d6be764735e04ffd61a9ada1870847c245cc4
build/swiftpm/repositories/swift-syntax-e1f983d3/objects/pack/pack-b6170f16ea729fd1242b7f2d712556e89314ffae.idx	5830270e84dcd8d65af19e8de5860158a79ddbed13b2e412be8e68c68b7c1ae0
build/swiftpm/repositories/swift-syntax-e1f983d3/objects/pack/pack-b6170f16ea729fd1242b7f2d712556e89314ffae.pack	8dfffa0929f58eb72f06997fe116821f4c744fee07d71549a1060c401163d330
build/swiftpm/repositories/swift-syntax-e1f983d3/objects/pack/pack-b6170f16ea729fd1242b7f2d712556e89314ffae.rev	c39b5fbfbd05f5a01ff2722a857acc45ca30ac86cf5636cc19d2e7d370f46eac
build/swiftpm/repositories/swift-syntax-e1f983d3/objects/pack/pack-ccdbd7ebee35c2f8e65464f978807944225e98b0.idx	24eab8bc5a686b85b4377fc6038c244fa12db7b3cb9d4a21cd24e0c5582e9be9
build/swiftpm/repositories/swift-syntax-e1f983d3/objects/pack/pack-ccdbd7ebee35c2f8e65464f978807944225e98b0.pack	58847d08ec25d018ef943788eec1dfd970a799f6956b66b988485bb3602c9bfc
build/swiftpm/repositories/swift-syntax-e1f983d3/objects/pack/pack-ccdbd7ebee35c2f8e65464f978807944225e98b0.rev	9870090063b809524645db829ca5474c81e8498bb3f5e9ea8fa5b4eb54231fc0
build/swiftpm/repositories/swift-syntax-e1f983d3/objects/pack/pack-d097746657a18edf263e258ac880c3bb9da68727.idx	85a62fd0e54696b5613b2f347b62165d1591c84750102ce872344ad85908f908
build/swiftpm/repositories/swift-syntax-e1f983d3/objects/pack/pack-d097746657a18edf263e258ac880c3bb9da68727.pack	659c5306ca8baedf5720f32c74267d64fd61bdfad510276be9f69f48be7aba15
build/swiftpm/repositories/swift-syntax-e1f983d3/objects/pack/pack-d097746657a18edf263e258ac880c3bb9da68727.rev	e04f81d3600a11f0237a6a87ff5b62228056f83ab244512f84c84251587771df
build/swiftpm/repositories/swift-syntax-e1f983d3/objects/pack/pack-ec86538fabaa909ab4f42902c59df59f728f52d0.idx	1931e09aca9fdd78d4f46eb4cbc6338de93c4ccacca065e8f184416d11499fe5
build/swiftpm/repositories/swift-syntax-e1f983d3/objects/pack/pack-ec86538fabaa909ab4f42902c59df59f728f52d0.pack	0665618fdac8b0629bb437c65364e3ccebed2b9ac17e703f8e179e3959a75d2c
build/swiftpm/repositories/swift-syntax-e1f983d3/objects/pack/pack-ec86538fabaa909ab4f42902c59df59f728f52d0.rev	45279b0eed86668195eb0ab1de13f7852943fa0bca0c447655bae75c61c53f72
build/swiftpm/repositories/swift-syntax-e1f983d3/objects/pack/pack-f3ecf2554e9d1b74b37a108a9f8baebf3fabc738.idx	2afd20d998e7a7e9fd4d7e52edb3a5b73c7e8b9ae8af16ad1221bd416778fcd1
build/swiftpm/repositories/swift-syntax-e1f983d3/objects/pack/pack-f3ecf2554e9d1b74b37a108a9f8baebf3fabc738.pack	bee66bb02bf055d215a6385628871d76b2b584de05472e1007e4bd6cb2dea77b
build/swiftpm/repositories/swift-syntax-e1f983d3/objects/pack/pack-f3ecf2554e9d1b74b37a108a9f8baebf3fabc738.rev	aa37f2738f5d962d83519ca7880f02c543a55e67f2d88cd67c5e6c6203130c36
build/swiftpm/repositories/swift-syntax-e1f983d3/objects/pack/pack-fb1da2c3fc885001dece241b86d8ad1c846e0413.idx	1236653e2dbffa960a156517cc7ea170f5555b77a58597a5c15a806555eeb6d9
build/swiftpm/repositories/swift-syntax-e1f983d3/objects/pack/pack-fb1da2c3fc885001dece241b86d8ad1c846e0413.pack	0ece291b84b7e4cbf667b95a4a8dc0138151a227a1e3d9fb8e8203c0df0e0873
build/swiftpm/repositories/swift-syntax-e1f983d3/objects/pack/pack-fb1da2c3fc885001dece241b86d8ad1c846e0413.rev	0d2b09ac1db7f85b6640b263576ab1169f85ee16bf16dd95d8388f21be9d0a3a
build/swiftpm/repositories/swift-syntax-e1f983d3/packed-refs	63d0a521d7910aa6904a2cc74a77ea64272c9e2d7701c388d206495435daac47
build/swiftpm/repositories/swift-syntax-e1f983d3/refs/heads/main	1487fd782456924763ff46c46a231a2568fa47ef388e67c487e4377c2896d26f
build/swiftpm/repositories/swift-syntax-e1f983d3/refs/heads/release/6.4.2	e7af342444e6f9861a06f82ed356996a45cde905b59ca73f3f63ae397a8ee46d
build/swiftpm/repositories/swift-syntax-e1f983d3/refs/pull/1086/merge	7bd133617953e934e0027b33a3d2a9067a2beb1d3b43aaa4a50e0375f14347c2
build/swiftpm/repositories/swift-syntax-e1f983d3/refs/pull/2201/merge	bcc2c2f6271f0fd9896061064929251b7b04d5ba8f3b2f103daef74626233272
build/swiftpm/repositories/swift-syntax-e1f983d3/refs/pull/2382/merge	b687c920b6b9ef1df257186593c4ae640ddf5a35c87e4a5aa41099f80cc66621
build/swiftpm/repositories/swift-syntax-e1f983d3/refs/pull/2504/merge	e4cb5017332ae221606df30333be4f5543aae869f528a946d913180cf099cc87
build/swiftpm/repositories/swift-syntax-e1f983d3/refs/pull/2840/merge	8c8e1da128e2cd690e515ad52aea2731f6dc12c892914efa85092e39aa49c7a0
build/swiftpm/repositories/swift-syntax-e1f983d3/refs/pull/2892/merge	21db818eb4a31252ab64be56b7551170e68ec7e10edb1c49102e602e0aae4472
build/swiftpm/repositories/swift-syntax-e1f983d3/refs/pull/3046/merge	4692308ccf6e63f82434c5b9681c2b375ed3cfa1827e53b8eb27eeec2dd9148e
build/swiftpm/repositories/swift-syntax-e1f983d3/refs/pull/3054/merge	458451372a6e8dea4d9733fbec454f0889ac6c8a90a11c300c95fcdb8edaa9a6
build/swiftpm/repositories/swift-syntax-e1f983d3/refs/pull/3061/merge	622c30621941c739bc131c69d603b0f79a48c3d219bc145b48976ba425924628
build/swiftpm/repositories/swift-syntax-e1f983d3/refs/pull/3216/merge	71455adfad284720909f5851da49faeaa47173df0b6a9c3f0252cfb31f84b422
build/swiftpm/repositories/swift-syntax-e1f983d3/refs/pull/3217/merge	45971a8a0f9fecfbe06b591aeb18b862aa7532bb4c1bc45ea8af0ce93d923b39
build/swiftpm/repositories/swift-syntax-e1f983d3/refs/pull/3218/merge	d901f5f0c1cb49a9bafea0376d133ddfc64d698ada43bc6c3e41d1fd410fed65
build/swiftpm/repositories/swift-syntax-e1f983d3/refs/pull/3222/merge	3610e1cad737067de2c55630f8a992db2d1648d8e9ce9a07a76e7a6f4c299dab
build/swiftpm/repositories/swift-syntax-e1f983d3/refs/pull/3224/merge	59c04b86ffef93c62ed50290ea17497165928a00b90053b4d790dc295afb8d7f
build/swiftpm/repositories/swift-syntax-e1f983d3/refs/pull/3225/head	d3ef2e61aeb0898d493096fc964b5e9af105cc70e91b5e4186aad3348e07dd02
build/swiftpm/repositories/swift-syntax-e1f983d3/refs/pull/3246/merge	10d012d7e9ce8e024621f3fc3c73a86d83138570057589da446545e9c8bf33a9
build/swiftpm/repositories/swift-syntax-e1f983d3/refs/pull/3248/merge	68e2fe7d8d70bc2498c1b541da7e7236941169365376dd106d6e9a7454fe7ef8
build/swiftpm/repositories/swift-syntax-e1f983d3/refs/pull/3257/merge	94f09ca18d2bd20c2f867e51382edbc8fea2f8d880f79e4534522ecbef2e5522
build/swiftpm/repositories/swift-syntax-e1f983d3/refs/pull/3258/merge	d4a351f8405c01a42d2e4b317a64c5c3c7466b5e479c299344584acc708344a1
build/swiftpm/repositories/swift-syntax-e1f983d3/refs/pull/3276/merge	dc4a55f457e67b5409f6edb8160de777798bbb74a6976a55dd6ef6aa0f32b559
build/swiftpm/repositories/swift-syntax-e1f983d3/refs/pull/3280/merge	73fa88088d3717a8293f007ef2c245befbcbeb723f04bf66ac53703ba2af1854
build/swiftpm/repositories/swift-syntax-e1f983d3/refs/pull/3292/merge	ca2936d2f0ee5e574c221858091bb4d969dd6010b3775a2849358431974ccb5b
build/swiftpm/repositories/swift-syntax-e1f983d3/refs/pull/3318/merge	bf88ff80b2afb62043f6889dcd7eac134514928f357f9c4fd13c9a980428d756
build/swiftpm/repositories/swift-syntax-e1f983d3/refs/pull/3324/merge	d9714786219c806eeeb0996d744865b358af6b9bc8ba8f252feb2f529646438f
build/swiftpm/repositories/swift-syntax-e1f983d3/refs/pull/3331/merge	f6ff4a68c6d67cb0e505d57fdc0e1e383850840f506518fb4d7b5428759f9e04
build/swiftpm/repositories/swift-syntax-e1f983d3/refs/pull/3334/merge	ac9e00548aa33e095851ea320994850e058f0635b281f311088e783f6fa4f01f
build/swiftpm/repositories/swift-syntax-e1f983d3/refs/pull/3335/merge	64b69f431bc7c9c7dc9c9ba54408baaaa7462d4c4eb0ac806c0e3b7056b90a2f
build/swiftpm/repositories/swift-syntax-e1f983d3/refs/pull/3336/merge	cf2d9158fca5cc575d6d41baa57198857a41721d34fb07a6ceaf440c613141d0
build/swiftpm/repositories/swift-syntax-e1f983d3/refs/pull/3338/merge	f6094f133d48522363b1a07bfeb6f560df9640288f32273810dca6392a8292e2
build/swiftpm/repositories/swift-syntax-e1f983d3/refs/pull/3344/merge	2336594b23b438531bdaeb92ca9a4cd9908fedfec29f6b8f2e11bfe17a7237ef
build/swiftpm/repositories/swift-syntax-e1f983d3/refs/pull/3348/merge	a3702203bb4a3cf41474f62db434c6a97585b051582c84c70feb72aab16b1a91
build/swiftpm/repositories/swift-syntax-e1f983d3/refs/pull/3361/merge	10c50993d1a6f7537393ad19c16f3e6ce3fa0e9047645d7ffbca6712b39d2f86
build/swiftpm/repositories/swift-syntax-e1f983d3/refs/pull/3364/merge	62cdf4efd5eff62c95c2f4d12ea7af80dd8b5bfa3b6df4690724e960fc3888b4
build/swiftpm/repositories/swift-syntax-e1f983d3/refs/pull/3366/merge	5ce7aaf55a3fd5a429f572ef3b3d38d0535c56073564fcd6bb73c07c150cc1f2
build/swiftpm/repositories/swift-syntax-e1f983d3/refs/pull/3374/merge	ee920564ca78d0cbd6338b55b5fd52df146af8f2f53df37e755c1fb48be68e59
build/swiftpm/repositories/swift-syntax-e1f983d3/refs/pull/3375/merge	04cf3127e4c80f5089ed5fd16becd27277ea9f7be983138b529b5cd3e512ac63
build/swiftpm/repositories/swift-syntax-e1f983d3/refs/pull/3376/merge	4e44943f6275353a07a650997c5abba54eb2a6d0e2ea872bf2b6cfa60c5b129c
build/swiftpm/repositories/swift-syntax-e1f983d3/refs/pull/3380/merge	c1381ffca909685abf501fcfc4abff21b3af63508d93592bb114b9195dedbb08
build/swiftpm/repositories/swift-syntax-e1f983d3/refs/pull/3386/merge	651abd10295d774d57b69347ebdd5a2d32c6410317c6354e9001236d0a63b97c
build/swiftpm/repositories/swift-syntax-e1f983d3/refs/pull/3395/merge	bd4d178293bd1ab6996bd3aece66cc4b17f2dc402e85ed31ca46c3a5fb03d505
build/swiftpm/repositories/swift-syntax-e1f983d3/refs/pull/3396/merge	97f62c54c915128594f590e9a968fe7126cf9450d344006b9fde6327107fb5ff
build/swiftpm/repositories/swift-syntax-e1f983d3/refs/pull/3398/merge	054cb1afddd077388e28268c14590cd3ac9eedc5ed04b713346c1b0ea5f3cc91
build/swiftpm/repositories/swift-syntax-e1f983d3/refs/pull/3410/merge	cec94e0a8ac95ac8ccf8f03e8d920998d5c2e2219a6e7c45dbb1bc4841308769
build/swiftpm/repositories/swift-syntax-e1f983d3/refs/pull/3411/head	e16460b2a39ac74c9a5567f9ff09e638e068f403f8afdf0521dc86277e955dd1
build/swiftpm/repositories/swift-syntax-e1f983d3/refs/pull/3420/head	2a26dd8fb26736d5370eb79d428c8227d1fe182f264a4a335378b0992032cb0f
build/swiftpm/repositories/swift-syntax-e1f983d3/refs/pull/3421/head	6d31179e5552f84a2c54a3674c1ec3b3847ac8439f71760af223d16941cdeccc
build/swiftpm/repositories/swift-syntax-e1f983d3/refs/pull/3423/head	d2d5542cec075f958f07ca93fee36f365b058276790ebcf6f687d84f93a655ee
build/swiftpm/repositories/swift-syntax-e1f983d3/refs/pull/3423/merge	2aa228b19796a60e28d9282d81a6d280ad60ec190f09bc48952e0d8f0585d78d
build/swiftpm/repositories/swift-syntax-e1f983d3/refs/pull/3424/merge	3a0b7ef863e209c0a102ae4cd6241ee433f3afc2073dd83f3b151946d3d3f2d6
build/swiftpm/repositories/swift-syntax-e1f983d3/refs/pull/3426/head	3e8eb76ffeba6411a467a36ee899cff822cf720b3f45f80ed226e7b0885d1335
build/swiftpm/repositories/swift-syntax-e1f983d3/refs/pull/3428/merge	740d415d2252d13adf3205f18d8a76742017ba2e9b04e4c83e03ddd3b7bbfe43
build/swiftpm/repositories/swift-syntax-e1f983d3/refs/pull/3429/merge	f8ea4d982f07a2319f0c80c39b2e1c3652ca6abec75b20fc4a0453d79097e292
build/swiftpm/repositories/swift-syntax-e1f983d3/refs/pull/3430/head	e06da1c31d19642a4d68dcfa5b2b47c51c198579c716fa621e70c9d42c30c9b9
build/swiftpm/repositories/swift-syntax-e1f983d3/refs/pull/3430/merge	3381af4121b257a9cdcd2b5758df5e228b20d1f39bdcb6b5a4d8423dcfd44730
build/swiftpm/repositories/swift-syntax-e1f983d3/refs/pull/3431/head	e3fd06628dd96bbfc3b1fdfbc9c248b70323be56f82cd6f58b2f1b937f6bed7e
build/swiftpm/repositories/swift-syntax-e1f983d3/refs/pull/3431/merge	62de5a963cbd4bd370d5c9daba533a356b563c2a5e6c0b226c8025df97fd2299
build/swiftpm/repositories/swift-syntax-e1f983d3/refs/pull/3432/head	2f4b1522c1a3b97356b0a6754e748207f91f61aed6e44a8b4197bfa1aa0a6573
build/swiftpm/repositories/swift-syntax-e1f983d3/refs/pull/3433/head	b649c09c97dbfb289d24c1755838d01b10adccde728c1e5713cfd5b1dd757a6a
build/swiftpm/repositories/swift-syntax-e1f983d3/refs/pull/3434/head	95e2cbc9bffb43d8384509f7ef809d511dd45e831ed2988594b4fac595061318
build/swiftpm/repositories/swift-syntax-e1f983d3/refs/pull/3435/head	cc3ea55f51f822540796aacd6aaa69c8e84e8b73bee9faf87a15ea67165efe37
build/swiftpm/repositories/swift-syntax-e1f983d3/refs/pull/3436/head	94037de4fd4b6d928b84b2101c7630d97a50a69e846453cc31ba28659482d738
build/swiftpm/repositories/swift-syntax-e1f983d3/refs/pull/3436/merge	971ae9becc65e85852eb14e106df2349f8329f32a411a8b93ff5da629dc08ee9
build/swiftpm/repositories/swift-syntax-e1f983d3/refs/pull/3437/head	68486f577c34d29ae5b787cf0310115cecc2b961a9825ed527ec8b5e2b1033df
build/swiftpm/repositories/swift-syntax-e1f983d3/refs/pull/3439/head	b00781ac019aab17240e8e629acd086f7354e6ca814dda6d568a6d944dc0d04b
build/swiftpm/repositories/swift-syntax-e1f983d3/refs/pull/3441/head	6d1beb32240ec121ce14af2ff75ef203e7e2f891097c6dd06b2fe534b972f971
build/swiftpm/repositories/swift-syntax-e1f983d3/refs/pull/3442/head	37ae630a978c0df78e6a89077de42d737963edf013f19ad5dbbee8028b3fe9d5
build/swiftpm/repositories/swift-syntax-e1f983d3/refs/pull/3443/head	2d002eed60c12b8d10b6b076b75f3e07836bff5d022361e665c0d4eea4fd10b8
build/swiftpm/repositories/swift-syntax-e1f983d3/refs/pull/3443/merge	854994d77efe705cc8b83ee9a75c0426891439b496a284f9fa138fa00268ee85
build/swiftpm/repositories/swift-syntax-e1f983d3/refs/pull/3445/head	68e62735f503f2ef70d3a6d038e3f62ab53de1e12c3b084c399891891d6131b2
build/swiftpm/repositories/swift-syntax-e1f983d3/refs/pull/3446/head	092790519d9fd06e29be61e568c983226557dedaf29a542eb3ec2e2ec98688c0
build/swiftpm/repositories/swift-syntax-e1f983d3/refs/pull/3447/head	456f6744fb32b5bcac84d68c1d10b3d8abd8f0772ca4db8f544b77e19dd3dc75
build/swiftpm/repositories/swift-syntax-e1f983d3/refs/pull/3447/merge	891edd375bb767c6a5f7455b4658a2a59948e115236a67b6b5392d559ffa5b93
build/swiftpm/repositories/swift-syntax-e1f983d3/refs/pull/3448/head	d6987b97a309a28303fb7b7688c382dd473d0487d7948a2c1bae42f38ab36eba
build/swiftpm/repositories/swift-syntax-e1f983d3/refs/pull/3449/head	b14eb3776d8c24ea5cf2d7046d52ba5635fe76e2f4673f36d9df9855a8b36e18
build/swiftpm/repositories/swift-syntax-e1f983d3/refs/pull/3450/head	57052dfc69001d235077f0e1a83b4bbbeff33620a1196bf440e58ac3e6f26624
build/swiftpm/repositories/swift-syntax-e1f983d3/refs/pull/3450/merge	7b3c8ad7ec1d47df6daf207a0c36c03ed15c5c75c7a238c8bbdc95e8116cb069
build/swiftpm/repositories/swift-syntax-e1f983d3/refs/pull/3451/head	2c123906f4be99acc887294ed5ba309f7c6b61d878b3633061e11f6361bfa500
build/swiftpm/repositories/swift-syntax-e1f983d3/refs/pull/3452/head	c609db66236371de40f41bff518d2cdf3b59077990c235784a08b8509476f314
build/swiftpm/repositories/swift-syntax-e1f983d3/refs/pull/3452/merge	dd27619a7152241091b23dbb7b7901e7edca9a73973812c515ef1bbe2b9ee6a9
build/swiftpm/repositories/swift-syntax-e1f983d3/refs/pull/3453/head	9a7d3efa4b1b58b98d66221730d1706bab6e36f9ae9028c2a286ea00eb1434b2
build/swiftpm/repositories/swift-syntax-e1f983d3/refs/pull/3454/head	2bb87b21f09a215a02f735ff6f1b3d154dfa50658bbdbfd183c4abcc4eeab4f0
build/swiftpm/repositories/swift-syntax-e1f983d3/refs/pull/3455/head	93bdcd4ba13c42713651bda3a3f7164f997f61db28a33a46833df72225b052b4
build/swiftpm/repositories/swift-syntax-e1f983d3/refs/pull/3456/head	f51bd7f7461acfb8defde038a635366362d2490178db66dc7c6d661db4d1fa6d
build/swiftpm/repositories/swift-syntax-e1f983d3/refs/pull/3457/head	881cffdf8adb3cb962ec23721b2c9328c63f64ea78aa8847801ba28a66d272c3
build/swiftpm/repositories/swift-syntax-e1f983d3/refs/pull/3457/merge	35d08752aa5b0722e93805672c5d1fc3afeb0194e03cbe6544a355134f2d6c8a
build/swiftpm/repositories/swift-syntax-e1f983d3/refs/pull/3458/head	58b31c78c8ea84a943066da3975488411b56ce567bdb1b7e7fcb3c8008d1106c
build/swiftpm/repositories/swift-syntax-e1f983d3/refs/pull/3458/merge	0df0b45c3bc6ec26ed57b24bf633209781528b9b3710eca31a9263c1a82fd35a
build/swiftpm/repositories/swift-syntax-e1f983d3/refs/pull/3459/head	d0f68c3edd52da51a0fa9df0812d26b126ed44ef0a51aa4a550901241aedc3fc
build/swiftpm/repositories/swift-syntax-e1f983d3/refs/pull/3459/merge	db31acf4bd931c37e0bb9359092f498e55f0d52c540209146f22df65eafd14d2
build/swiftpm/repositories/swift-syntax-e1f983d3/refs/pull/3460/head	f6693dbf53108289d1bbc4b320f4a19529102d151b5d95cbf90775a1f0cd8554
build/swiftpm/repositories/swift-syntax-e1f983d3/refs/pull/3460/merge	5c8998102bc71c5cab8da8faa84ad647a1c039ba2e3d79819f77f91eb79d3f11
build/swiftpm/repositories/swift-syntax-e1f983d3/refs/tags/604.0.0	e7af342444e6f9861a06f82ed356996a45cde905b59ca73f3f63ae397a8ee46d
build/swiftpm/repositories/swift-syntax-e1f983d3/refs/tags/604.0.0-prerelease-2026-09-15	e7af342444e6f9861a06f82ed356996a45cde905b59ca73f3f63ae397a8ee46d
build/swiftpm/repositories/swift-syntax-e1f983d3/refs/tags/605.0.0-prerelease-2026-09-15	5eb100f996fd71838a7ef89677f9356c7652a8eabec89c809ebd6eaaec6717b4
build/swiftpm/repositories/swift-syntax-e1f983d3/refs/tags/swift-6.4.0-RELEASE	e7af342444e6f9861a06f82ed356996a45cde905b59ca73f3f63ae397a8ee46d
build/swiftpm/repositories/swift-syntax-e1f983d3/refs/tags/swift-6.4.x-DEVELOPMENT-SNAPSHOT-2026-09-04-a	1da7f7c377b6f24e290b51697ba402aab37d649c3dd97722ec6cfccb876f612c
build/swiftpm/repositories/swift-syntax-e1f983d3/refs/tags/swift-6.4.x-DEVELOPMENT-SNAPSHOT-2026-09-10-a	4c6a293c179cfdc872492a39ff9782343fb2be47d28f6d5cd904ed653f7c7465
build/swiftpm/repositories/swift-syntax-e1f983d3/refs/tags/swift-6.4.x-DEVELOPMENT-SNAPSHOT-2026-09-14-a	e38b04eabdfcc0a6cbeb39322ff60ab6f4a058a3c52603bf45e2b54c0f5b13cd
build/swiftpm/repositories/swift-syntax-e1f983d3/refs/tags/swift-6.4.x-DEVELOPMENT-SNAPSHOT-2026-09-15-a	26adc48f9a8cae2a552baf44ef6ca60cf75673d729d14f3b211f647efc008045
build/swiftpm/repositories/swift-syntax-e1f983d3/refs/tags/swift-6.4.x-DEVELOPMENT-SNAPSHOT-2026-09-17-a	a093ad3e1e70eb47de7b73897afc509107bce4c8741c672b1375055fa520b178
build/swiftpm/repositories/swift-syntax-e1f983d3/refs/tags/swift-6.4.x-DEVELOPMENT-SNAPSHOT-2026-09-23-a	1675ab463218e9c5d107edce73a813bddffceb6d19b3ca70862ce43f9d258290
build/swiftpm/repositories/swift-syntax-e1f983d3/refs/tags/swift-6.4.x-DEVELOPMENT-SNAPSHOT-2026-09-24-a	cc09acca84ea536a8f0fca9066e9c1460c5438acdc6b32f91e569b62713f18c8
build/swiftpm/repositories/swift-syntax-e1f983d3/refs/tags/swift-6.4.x-DEVELOPMENT-SNAPSHOT-2026-09-26-a	b0ab9f645a76ba41c1fb926e01863a209a86b4ba8bee20a6f6994d52abb90639
build/swiftpm/repositories/swift-syntax-e1f983d3/refs/tags/swift-DEVELOPMENT-SNAPSHOT-2026-09-05-a	f2ccf49c3fa986779dc0fada2ab06e1f3b1899cfcfa6991e08b795959b72b764
build/swiftpm/repositories/swift-syntax-e1f983d3/refs/tags/swift-DEVELOPMENT-SNAPSHOT-2026-09-10-a	3b6881cf2b8c92b0872aa207aeeebc5a0d026ce0f74d7103621498bee7fa17a0
build/swiftpm/repositories/swift-syntax-e1f983d3/refs/tags/swift-DEVELOPMENT-SNAPSHOT-2026-09-21-a	6d2eaca3f6786940c9f642c221219e3596952ae66d190c98330aff064b1e7948
build/swiftpm/repositories/swift-syntax-e1f983d3/refs/tags/swift-DEVELOPMENT-SNAPSHOT-2026-10-01-a	e2c9b9832a329eb087b35ba5238da8e06d63e368ca1cfd9312c63119db16dc9d
build/swiftpm/workspace-state.json	318a228a32c16074ef63996de7643e6a7fdd5bc7d3ed69e58bcd4648d0daa98e
commands.txt	e4dedb8d39b5cfb04ef681771612d57b8044e92e1b8aeeffd3aff62e6b14d1f5
input-hashes.tsv	d93a5691c785f10759332a401c28eabb9b89b66e7d6a2b188e737e47cf88850d
metadata.txt	5b181b20127210e861ad8edc1c8398fcf45f2e6d6262da97b81bfa8f02a7df26
resources/baseline/image	650255a209d0bb4ea85c8b46dff307149ed842db20cc7841e3f2a12f02082a57
resources/baseline/link.map	4c22d861220b8526b602487537cb6d65b03e698296b174fe5e4e80771dd1ef66
resources/candidate/image	993109252319bda4d754c2a5dfee0728f7ebee2d7f05b1a781a3dd25a9e854d6
resources/candidate/link.map	fe467dd57db2f834786adc0b6a52b7e80e99b14f563666e28e27190fc4583ce3
resources/linked-section-deltas.tsv	0f610728a33b5326100130a2449724aa9e0cb32d4835fb548fb113521e66e076
resources/linked-section-deltas.tsv.baseline-sections.txt	68892d6137faa5a120f3ab99224abf2feed0b48bc2b285e6fa27285580c8ec8e
resources/linked-section-deltas.tsv.candidate-sections.txt	d1acdc88c93aa9b93e8cacce56866f3f47a7660f657d5981d1fa7e91126a19b4
resources/main.o	050a9b71b1bbfa580243a7e084349ece74c9c2a4a02a42f6ab0961c1283baca2
resources/source-hashes.txt	74d14bba19fc55afded4611a559ab72683da8c5f885ab586aa5e3dd789da52af
run.log	8cd9a0dec7043784cfaa010fa5da84542bb38acdfdd3d3c34aba1699559cd29c
semantics/layout.tsv	d6cea172ff815f658db50182c0e1efe8b9cc1adf0aad7934c01f7564b38d3211
semantics/profile-corpus.txt	1f1a821b4927681e96bddfba1dcac617f6f4fb5c5dd4ef3b37a84bdf4a2b8cde
semantics/semantic-contract.tsv	a96af982d5f483d0d8c3da6cf80a41251af3bfeda2ef8a3d51acfc9f5c386844
