native-owner=GiftUI; sources=16; status=pass
native-owner=GiftUICapabilities; sources=1; status=pass
native-owner=GiftUIFailureCore; sources=1; status=pass
native-owner=SignalAnalyzerDomain; sources=4; status=pass
native-owner=GiftUISemanticCore; sources=3; status=pass
native-owner=GiftUISurfaceCore; sources=1; status=pass
native-owner=GiftUITextResources; sources=1; status=pass
native-owner=SignalAnalyzerData; sources=1; status=pass
native-owner=SignalAnalyzerPresentation; sources=6; status=pass
native-owner=GiftUIDisplayCore; sources=1; status=pass
native-owner=GiftUILayout; sources=11; status=pass
native-owner=GiftUIReferenceTextResources; sources=3; status=pass
native-owner=GiftUIRenderCore; sources=3; status=pass
native-owner=GiftUIExecution; sources=8; status=pass
native-owner=GiftUIRasterCore; sources=8; status=pass
native-owner=GiftUIRenderLowering; sources=5; status=pass
native-owner=GiftUIBackendIntegration; sources=6; status=pass
native-owner=GiftUIDrawing; sources=8; status=pass
native-owner=GiftUIInteraction; sources=4; status=pass
native-owner=GiftUIObservableState; sources=2; status=pass
native-owner=GiftUIHostConfiguration; sources=7; status=pass
native-owner=GiftUIRuntimeCore; sources=6; status=pass
native-owner=GiftUIRuntimeStatic; sources=1; status=pass
trace=frame	revision=1	capture_revision=0	capture_count=0	state=0	window=1	semantic_scopes=92	layout_scopes=92	drawing_strokes=5	drawing_points=32	render_operations=30	writes=2841	bytes=267250	frame_hash=16797207334065370199
trace=frame	revision=2	capture_revision=4	capture_count=4	state=1	window=1	semantic_scopes=92	layout_scopes=92	drawing_strokes=5	drawing_points=32	render_operations=30	writes=5688	bytes=534526	frame_hash=16668821233816565291
trace=frame	revision=3	capture_revision=7	capture_count=7	state=1	window=1	semantic_scopes=92	layout_scopes=92	drawing_strokes=5	drawing_points=38	render_operations=30	writes=8574	bytes=801964	frame_hash=2151967430656277974
trace=frame	revision=4	capture_revision=10	capture_count=10	state=1	window=1	semantic_scopes=92	layout_scopes=92	drawing_strokes=5	drawing_points=44	render_operations=30	writes=11511	bytes=1069624	frame_hash=17800522323781914959
trace=frame	revision=5	capture_revision=11	capture_count=11	state=1	window=1	semantic_scopes=92	layout_scopes=92	drawing_strokes=5	drawing_points=46	render_operations=30	writes=14453	bytes=1337298	frame_hash=14905593933231987922
trace=frame	revision=6	capture_revision=14	capture_count=14	state=1	window=1	semantic_scopes=92	layout_scopes=92	drawing_strokes=5	drawing_points=52	render_operations=30	writes=17422	bytes=1605074	frame_hash=13886059685605509079
trace=frame	revision=7	capture_revision=17	capture_count=17	state=1	window=1	semantic_scopes=92	layout_scopes=92	drawing_strokes=5	drawing_points=58	render_operations=30	writes=20430	bytes=1873012	frame_hash=14442604364499878318
trace=frame	revision=8	capture_revision=20	capture_count=20	state=1	window=1	semantic_scopes=92	layout_scopes=92	drawing_strokes=5	drawing_points=64	render_operations=30	writes=23465	bytes=2141052	frame_hash=8958391451953285135
trace=frame	revision=9	capture_revision=24	capture_count=24	state=1	window=1	semantic_scopes=92	layout_scopes=92	drawing_strokes=5	drawing_points=72	render_operations=30	writes=26532	bytes=2409208	frame_hash=9233453209789220743
trace=frame	revision=10	capture_revision=26	capture_count=26	state=1	window=1	semantic_scopes=92	layout_scopes=92	drawing_strokes=5	drawing_points=76	render_operations=30	writes=29633	bytes=2677512	frame_hash=7327923042518826903
trace=frame	revision=11	capture_revision=28	capture_count=28	state=1	window=1	semantic_scopes=92	layout_scopes=92	drawing_strokes=5	drawing_points=80	render_operations=30	writes=32754	bytes=2945856	frame_hash=15127205137741286775
trace=frame	revision=12	capture_revision=31	capture_count=31	state=1	window=1	semantic_scopes=92	layout_scopes=92	drawing_strokes=5	drawing_points=74	render_operations=30	writes=35900	bytes=3214344	frame_hash=2803077606630007695
trace=frame	revision=13	capture_revision=36	capture_count=36	state=1	window=1	semantic_scopes=92	layout_scopes=92	drawing_strokes=5	drawing_points=82	render_operations=30	writes=39063	bytes=3482858	frame_hash=12716350685913525690
trace=frame	revision=14	capture_revision=39	capture_count=39	state=1	window=1	semantic_scopes=92	layout_scopes=92	drawing_strokes=5	drawing_points=84	render_operations=30	writes=42282	bytes=3751632	frame_hash=11279718447617826454
trace=frame	revision=15	capture_revision=42	capture_count=42	state=1	window=1	semantic_scopes=92	layout_scopes=92	drawing_strokes=5	drawing_points=82	render_operations=30	writes=45445	bytes=4020184	frame_hash=3250953940031052105
trace=frame	revision=16	capture_revision=44	capture_count=44	state=1	window=1	semantic_scopes=92	layout_scopes=92	drawing_strokes=5	drawing_points=84	render_operations=30	writes=48637	bytes=4288858	frame_hash=12218975999978006822
trace=frame	revision=17	capture_revision=47	capture_count=47	state=1	window=1	semantic_scopes=92	layout_scopes=92	drawing_strokes=5	drawing_points=78	render_operations=30	writes=51805	bytes=4557436	frame_hash=492152111747297488
trace=frame	revision=18	capture_revision=49	capture_count=49	state=1	window=1	semantic_scopes=92	layout_scopes=92	drawing_strokes=5	drawing_points=80	render_operations=30	writes=54993	bytes=4826106	frame_hash=5448341958334233860
trace=frame	revision=19	capture_revision=54	capture_count=54	state=1	window=1	semantic_scopes=92	layout_scopes=92	drawing_strokes=5	drawing_points=84	render_operations=30	writes=58180	bytes=5094718	frame_hash=5656268751248531169
trace=frame	revision=20	capture_revision=56	capture_count=56	state=1	window=1	semantic_scopes=92	layout_scopes=92	drawing_strokes=5	drawing_points=84	render_operations=30	writes=61391	bytes=5363528	frame_hash=12456504724691880984
trace=frame	revision=21	capture_revision=58	capture_count=58	state=1	window=1	semantic_scopes=92	layout_scopes=92	drawing_strokes=5	drawing_points=80	render_operations=30	writes=64580	bytes=5632226	frame_hash=17629781471595184660
trace=frame	revision=22	capture_revision=62	capture_count=62	state=1	window=1	semantic_scopes=92	layout_scopes=92	drawing_strokes=5	drawing_points=78	render_operations=30	writes=67690	bytes=5900590	frame_hash=4574895219623995249
trace=frame	revision=23	capture_revision=68	capture_count=62	state=1	window=1	semantic_scopes=92	layout_scopes=92	drawing_strokes=5	drawing_points=84	render_operations=30	writes=70881	bytes=6169296	frame_hash=12643411045125403462
trace=frame	revision=24	capture_revision=71	capture_count=61	state=1	window=1	semantic_scopes=92	layout_scopes=92	drawing_strokes=5	drawing_points=86	render_operations=30	writes=74092	bytes=6438088	frame_hash=9387347490541349677
trace=frame	revision=25	capture_revision=73	capture_count=62	state=1	window=1	semantic_scopes=92	layout_scopes=92	drawing_strokes=5	drawing_points=84	render_operations=30	writes=77298	bytes=6706848	frame_hash=16450447258289802867
trace=frame	revision=26	capture_revision=75	capture_count=61	state=1	window=1	semantic_scopes=92	layout_scopes=92	drawing_strokes=5	drawing_points=84	render_operations=30	writes=80513	bytes=6975656	frame_hash=13642000609934583059
trace=frame	revision=27	capture_revision=78	capture_count=63	state=1	window=1	semantic_scopes=92	layout_scopes=92	drawing_strokes=5	drawing_points=80	render_operations=30	writes=83684	bytes=7244206	frame_hash=10467584893355057212
trace=frame	revision=28	capture_revision=82	capture_count=63	state=1	window=1	semantic_scopes=92	layout_scopes=92	drawing_strokes=5	drawing_points=84	render_operations=30	writes=86889	bytes=7512982	frame_hash=5732462491834994083
trace=frame	revision=29	capture_revision=85	capture_count=63	state=1	window=1	semantic_scopes=92	layout_scopes=92	drawing_strokes=5	drawing_points=88	render_operations=30	writes=90121	bytes=7781828	frame_hash=8575741956952027682
trace=frame	revision=30	capture_revision=88	capture_count=63	state=1	window=1	semantic_scopes=92	layout_scopes=92	drawing_strokes=5	drawing_points=86	render_operations=30	writes=93346	bytes=8050672	frame_hash=10872136982711414847
trace=frame	revision=31	capture_revision=90	capture_count=62	state=1	window=1	semantic_scopes=92	layout_scopes=92	drawing_strokes=5	drawing_points=78	render_operations=30	writes=96492	bytes=8319176	frame_hash=8486657564627019411
trace=frame	revision=32	capture_revision=93	capture_count=63	state=1	window=1	semantic_scopes=92	layout_scopes=92	drawing_strokes=5	drawing_points=78	render_operations=30	writes=99659	bytes=8587782	frame_hash=9105910703330549740
trace=frame	revision=33	capture_revision=98	capture_count=63	state=1	window=1	semantic_scopes=92	layout_scopes=92	drawing_strokes=5	drawing_points=82	render_operations=30	writes=102833	bytes=8856386	frame_hash=7431907218468228135
trace=frame	revision=34	capture_revision=100	capture_count=61	state=1	window=1	semantic_scopes=92	layout_scopes=92	drawing_strokes=5	drawing_points=84	render_operations=30	writes=106045	bytes=9125160	frame_hash=9044942579085309568
trace=frame	revision=35	capture_revision=102	capture_count=63	state=1	window=1	semantic_scopes=92	layout_scopes=92	drawing_strokes=5	drawing_points=82	render_operations=30	writes=109170	bytes=9393540	frame_hash=2853482219128395141
trace=frame	revision=36	capture_revision=105	capture_count=61	state=1	window=1	semantic_scopes=92	layout_scopes=92	drawing_strokes=5	drawing_points=80	render_operations=30	writes=112360	bytes=9662248	frame_hash=9884838684258225837
trace=frame	revision=37	capture_revision=107	capture_count=61	state=1	window=1	semantic_scopes=92	layout_scopes=92	drawing_strokes=5	drawing_points=76	render_operations=30	writes=115528	bytes=9930844	frame_hash=7065425367771593549
trace=frame	revision=38	capture_revision=111	capture_count=62	state=1	window=1	semantic_scopes=92	layout_scopes=92	drawing_strokes=5	drawing_points=78	render_operations=30	writes=118637	bytes=10199186	frame_hash=16974825304269838018
trace=frame	revision=39	capture_revision=115	capture_count=61	state=1	window=1	semantic_scopes=92	layout_scopes=92	drawing_strokes=5	drawing_points=82	render_operations=30	writes=121828	bytes=10467886	frame_hash=11988734343743133415
trace=frame	revision=40	capture_revision=116	capture_count=62	state=1	window=1	semantic_scopes=92	layout_scopes=92	drawing_strokes=5	drawing_points=82	render_operations=30	writes=125031	bytes=10736634	frame_hash=15479124815151736725
trace=frame	revision=41	capture_revision=119	capture_count=61	state=1	window=1	semantic_scopes=92	layout_scopes=92	drawing_strokes=5	drawing_points=78	render_operations=30	writes=128209	bytes=11005270	frame_hash=15336586644838334233
trace=frame	revision=42	capture_revision=122	capture_count=61	state=1	window=1	semantic_scopes=92	layout_scopes=92	drawing_strokes=5	drawing_points=76	render_operations=30	writes=131336	bytes=11273664	frame_hash=9248930484871497854
trace=frame	revision=43	capture_revision=127	capture_count=61	state=1	window=1	semantic_scopes=92	layout_scopes=92	drawing_strokes=5	drawing_points=82	render_operations=30	writes=134550	bytes=11542430	frame_hash=12354019008650691344
trace=frame	revision=44	capture_revision=130	capture_count=60	state=1	window=1	semantic_scopes=92	layout_scopes=92	drawing_strokes=5	drawing_points=82	render_operations=30	writes=137767	bytes=11811214	frame_hash=5681481506500471921
trace=frame	revision=45	capture_revision=132	capture_count=59	state=1	window=1	semantic_scopes=92	layout_scopes=92	drawing_strokes=5	drawing_points=82	render_operations=30	writes=140996	bytes=12080034	frame_hash=5116953469283331723
trace=frame	revision=46	capture_revision=135	capture_count=60	state=1	window=1	semantic_scopes=92	layout_scopes=92	drawing_strokes=5	drawing_points=82	render_operations=30	writes=144167	bytes=12348568	frame_hash=14068557619331418952
trace=frame	revision=47	capture_revision=137	capture_count=59	state=1	window=1	semantic_scopes=92	layout_scopes=92	drawing_strokes=5	drawing_points=76	render_operations=30	writes=147341	bytes=12617120	frame_hash=8614770863043817783
trace=frame	revision=48	capture_revision=141	capture_count=59	state=1	window=1	semantic_scopes=92	layout_scopes=92	drawing_strokes=5	drawing_points=82	render_operations=30	writes=150563	bytes=12885876	frame_hash=8073583936859404019
trace=frame	revision=49	capture_revision=144	capture_count=59	state=1	window=1	semantic_scopes=92	layout_scopes=92	drawing_strokes=5	drawing_points=82	render_operations=30	writes=153797	bytes=13154674	frame_hash=16421712824105329558
trace=frame	revision=50	capture_revision=146	capture_count=60	state=1	window=1	semantic_scopes=92	layout_scopes=92	drawing_strokes=5	drawing_points=84	render_operations=30	writes=157042	bytes=13423510	frame_hash=656993770295389355
trace=frame	revision=51	capture_revision=149	capture_count=61	state=1	window=1	semantic_scopes=92	layout_scopes=92	drawing_strokes=5	drawing_points=82	render_operations=30	writes=160207	bytes=13691970	frame_hash=12839767225595171945
trace=frame	revision=52	capture_revision=153	capture_count=61	state=1	window=1	semantic_scopes=92	layout_scopes=92	drawing_strokes=5	drawing_points=78	render_operations=30	writes=163414	bytes=13960648	frame_hash=10683995507906941484
trace=frame	revision=53	capture_revision=158	capture_count=61	state=1	window=1	semantic_scopes=92	layout_scopes=92	drawing_strokes=5	drawing_points=84	render_operations=30	writes=166639	bytes=14229368	frame_hash=12997662977911854727
trace=frame	revision=54	capture_revision=160	capture_count=61	state=1	window=1	semantic_scopes=92	layout_scopes=92	drawing_strokes=5	drawing_points=84	render_operations=30	writes=169891	bytes=14498214	frame_hash=8394902031471740606
trace=frame	revision=55	capture_revision=162	capture_count=60	state=1	window=1	semantic_scopes=92	layout_scopes=92	drawing_strokes=5	drawing_points=82	render_operations=30	writes=173105	bytes=14766928	frame_hash=7976823896470760570
trace=frame	revision=56	capture_revision=164	capture_count=61	state=1	window=1	semantic_scopes=92	layout_scopes=92	drawing_strokes=5	drawing_points=84	render_operations=30	writes=176336	bytes=15035704	frame_hash=12185462767947133697
trace=frame	revision=57	capture_revision=166	capture_count=59	state=1	window=1	semantic_scopes=92	layout_scopes=92	drawing_strokes=5	drawing_points=76	render_operations=30	writes=179526	bytes=15304310	frame_hash=13908791309578130714
trace=frame	revision=58	capture_revision=170	capture_count=60	state=1	window=1	semantic_scopes=92	layout_scopes=92	drawing_strokes=5	drawing_points=80	render_operations=30	writes=182685	bytes=15572816	frame_hash=6147699523635787674
trace=frame	revision=59	capture_revision=174	capture_count=62	state=1	window=1	semantic_scopes=92	layout_scopes=92	drawing_strokes=5	drawing_points=82	render_operations=30	writes=185855	bytes=15841366	frame_hash=190533925912581926
trace=frame	revision=60	capture_revision=176	capture_count=60	state=1	window=1	semantic_scopes=92	layout_scopes=92	drawing_strokes=5	drawing_points=80	render_operations=30	writes=189071	bytes=16110130	frame_hash=4045868873238923797
trace=frame	revision=61	capture_revision=178	capture_count=61	state=1	window=1	semantic_scopes=92	layout_scopes=92	drawing_strokes=5	drawing_points=80	render_operations=30	writes=192281	bytes=16378858	frame_hash=15169967453862971729
trace=frame	revision=62	capture_revision=181	capture_count=60	state=1	window=1	semantic_scopes=92	layout_scopes=92	drawing_strokes=5	drawing_points=74	render_operations=30	writes=195479	bytes=16647544	frame_hash=465542582008213222
trace=frame	revision=63	capture_revision=187	capture_count=61	state=1	window=1	semantic_scopes=92	layout_scopes=92	drawing_strokes=5	drawing_points=82	render_operations=30	writes=198692	bytes=16916278	frame_hash=6762982565021649690
trace=frame	revision=64	capture_revision=189	capture_count=60	state=1	window=1	semantic_scopes=92	layout_scopes=92	drawing_strokes=5	drawing_points=82	render_operations=30	writes=201923	bytes=17185090	frame_hash=5479831484680426887
trace=frame	revision=65	capture_revision=192	capture_count=60	state=1	window=1	semantic_scopes=92	layout_scopes=92	drawing_strokes=5	drawing_points=84	render_operations=30	writes=205147	bytes=17453850	frame_hash=6934532109469507049
trace=frame	revision=66	capture_revision=193	capture_count=61	state=1	window=1	semantic_scopes=92	layout_scopes=92	drawing_strokes=5	drawing_points=84	render_operations=30	writes=208404	bytes=17722766	frame_hash=2122948155414399257
trace=frame	revision=67	capture_revision=196	capture_count=60	state=1	window=1	semantic_scopes=92	layout_scopes=92	drawing_strokes=5	drawing_points=76	render_operations=30	writes=211595	bytes=17991420	frame_hash=1910540800524286738
trace=frame	revision=68	capture_revision=201	capture_count=61	state=1	window=1	semantic_scopes=92	layout_scopes=92	drawing_strokes=5	drawing_points=82	render_operations=30	writes=214828	bytes=18260248	frame_hash=2630357040657701083
trace=frame	revision=69	capture_revision=203	capture_count=61	state=1	window=1	semantic_scopes=92	layout_scopes=92	drawing_strokes=5	drawing_points=82	render_operations=30	writes=218049	bytes=18529016	frame_hash=17020504501196927311
trace=frame	revision=70	capture_revision=206	capture_count=60	state=1	window=1	semantic_scopes=92	layout_scopes=92	drawing_strokes=5	drawing_points=84	render_operations=30	writes=221305	bytes=18797924	frame_hash=1138370946262321571
trace=frame	revision=71	capture_revision=208	capture_count=59	state=1	window=1	semantic_scopes=92	layout_scopes=92	drawing_strokes=5	drawing_points=74	render_operations=30	writes=224480	bytes=19066502	frame_hash=12312563551623998582
trace=frame	revision=72	capture_revision=211	capture_count=59	state=1	window=1	semantic_scopes=92	layout_scopes=92	drawing_strokes=5	drawing_points=76	render_operations=30	writes=227681	bytes=19335202	frame_hash=12115541638699712269
trace=frame	revision=73	capture_revision=216	capture_count=60	state=1	window=1	semantic_scopes=92	layout_scopes=92	drawing_strokes=5	drawing_points=82	render_operations=30	writes=230882	bytes=19603848	frame_hash=13823379145025547426
trace=frame	revision=74	capture_revision=218	capture_count=58	state=1	window=1	semantic_scopes=92	layout_scopes=92	drawing_strokes=5	drawing_points=82	render_operations=30	writes=234122	bytes=19872680	frame_hash=12827318903159459211
trace=frame	revision=75	capture_revision=220	capture_count=60	state=1	window=1	semantic_scopes=92	layout_scopes=92	drawing_strokes=5	drawing_points=82	render_operations=30	writes=237298	bytes=20141222	frame_hash=2329063639212839540
trace=frame	revision=76	capture_revision=223	capture_count=59	state=1	window=1	semantic_scopes=92	layout_scopes=92	drawing_strokes=5	drawing_points=80	render_operations=30	writes=240515	bytes=20409972	frame_hash=4423657573825606154
trace=frame	revision=77	capture_revision=224	capture_count=60	state=1	window=1	semantic_scopes=92	layout_scopes=92	drawing_strokes=5	drawing_points=76	render_operations=30	writes=243698	bytes=20678568	frame_hash=6427997186742987481
trace=frame	revision=78	capture_revision=229	capture_count=60	state=1	window=1	semantic_scopes=92	layout_scopes=92	drawing_strokes=5	drawing_points=78	render_operations=30	writes=246858	bytes=20947072	frame_hash=10260230311924415725
trace=frame	revision=79	capture_revision=232	capture_count=58	state=1	window=1	semantic_scopes=92	layout_scopes=92	drawing_strokes=5	drawing_points=80	render_operations=30	writes=250071	bytes=21215800	frame_hash=10648984356557561347
trace=frame	revision=80	capture_revision=234	capture_count=60	state=1	window=1	semantic_scopes=92	layout_scopes=92	drawing_strokes=5	drawing_points=82	render_operations=30	writes=253301	bytes=21484590	frame_hash=5834791507101241962
trace=frame	revision=81	capture_revision=237	capture_count=59	state=1	window=1	semantic_scopes=92	layout_scopes=92	drawing_strokes=5	drawing_points=76	render_operations=30	writes=256492	bytes=21753212	frame_hash=777250124925835292
trace=frame	revision=82	capture_revision=239	capture_count=59	state=1	window=1	semantic_scopes=92	layout_scopes=92	drawing_strokes=5	drawing_points=74	render_operations=30	writes=259696	bytes=22021910	frame_hash=978343384082052562
trace=frame	revision=83	capture_revision=245	capture_count=60	state=1	window=1	semantic_scopes=92	layout_scopes=92	drawing_strokes=5	drawing_points=82	render_operations=30	writes=262925	bytes=22290714	frame_hash=7852724250161493307
trace=frame	revision=84	capture_revision=247	capture_count=58	state=1	window=1	semantic_scopes=92	layout_scopes=92	drawing_strokes=5	drawing_points=80	render_operations=30	writes=266164	bytes=22559582	frame_hash=12719410215485486267
trace=frame	revision=85	capture_revision=249	capture_count=58	state=1	window=1	semantic_scopes=92	layout_scopes=92	drawing_strokes=5	drawing_points=82	render_operations=30	writes=269399	bytes=22828398	frame_hash=7466133921334065599
trace=frame	revision=86	capture_revision=251	capture_count=58	state=1	window=1	semantic_scopes=92	layout_scopes=92	drawing_strokes=5	drawing_points=82	render_operations=30	writes=272661	bytes=23097340	frame_hash=6494108760928894594
trace=frame	revision=87	capture_revision=254	capture_count=58	state=1	window=1	semantic_scopes=92	layout_scopes=92	drawing_strokes=5	drawing_points=76	render_operations=30	writes=275856	bytes=23366016	frame_hash=1835078586103525255
trace=frame	revision=88	capture_revision=258	capture_count=57	state=1	window=1	semantic_scopes=92	layout_scopes=92	drawing_strokes=5	drawing_points=80	render_operations=30	writes=279088	bytes=23634852	frame_hash=6266015507657435785
trace=frame	revision=89	capture_revision=261	capture_count=58	state=1	window=1	semantic_scopes=92	layout_scopes=92	drawing_strokes=5	drawing_points=82	render_operations=30	writes=282331	bytes=23903714	frame_hash=16624694733728251554
trace=frame	revision=90	capture_revision=263	capture_count=59	state=1	window=1	semantic_scopes=92	layout_scopes=92	drawing_strokes=5	drawing_points=82	render_operations=30	writes=285574	bytes=24172570	frame_hash=13380750168269275695
trace=frame	revision=91	capture_revision=266	capture_count=59	state=1	window=1	semantic_scopes=92	layout_scopes=92	drawing_strokes=5	drawing_points=76	render_operations=30	writes=288763	bytes=24441228	frame_hash=14309948734776839732
trace=frame	revision=92	capture_revision=270	capture_count=59	state=1	window=1	semantic_scopes=92	layout_scopes=92	drawing_strokes=5	drawing_points=78	render_operations=30	writes=291967	bytes=24709966	frame_hash=6349247714226024550
trace=frame	revision=93	capture_revision=274	capture_count=59	state=1	window=1	semantic_scopes=92	layout_scopes=92	drawing_strokes=5	drawing_points=84	render_operations=30	writes=295183	bytes=24978716	frame_hash=5729889401213176974
trace=frame	revision=94	capture_revision=276	capture_count=59	state=1	window=1	semantic_scopes=92	layout_scopes=92	drawing_strokes=5	drawing_points=82	render_operations=30	writes=298427	bytes=25247608	frame_hash=13997812421182171261
trace=frame	revision=95	capture_revision=279	capture_count=59	state=1	window=1	semantic_scopes=92	layout_scopes=92	drawing_strokes=5	drawing_points=82	render_operations=30	writes=301638	bytes=25516382	frame_hash=16735712817305437944
trace=frame	revision=96	capture_revision=280	capture_count=60	state=1	window=1	semantic_scopes=92	layout_scopes=92	drawing_strokes=5	drawing_points=82	render_operations=30	writes=304861	bytes=25785204	frame_hash=11543166370664435254
trace=frame	revision=97	capture_revision=283	capture_count=59	state=1	window=1	semantic_scopes=92	layout_scopes=92	drawing_strokes=5	drawing_points=76	render_operations=30	writes=308033	bytes=26053798	frame_hash=5541007417228792524
trace=frame	revision=98	capture_revision=286	capture_count=59	state=1	window=1	semantic_scopes=92	layout_scopes=92	drawing_strokes=5	drawing_points=78	render_operations=30	writes=311246	bytes=26322586	frame_hash=15126639162163314427
trace=frame	revision=99	capture_revision=290	capture_count=59	state=1	window=1	semantic_scopes=92	layout_scopes=92	drawing_strokes=5	drawing_points=82	render_operations=30	writes=314464	bytes=26591346	frame_hash=16103635652439420537
trace=frame	revision=100	capture_revision=292	capture_count=58	state=1	window=1	semantic_scopes=92	layout_scopes=92	drawing_strokes=5	drawing_points=80	render_operations=30	writes=317695	bytes=26860260	frame_hash=3377869915526837996
trace=frame	revision=101	capture_revision=294	capture_count=58	state=1	window=1	semantic_scopes=92	layout_scopes=92	drawing_strokes=5	drawing_points=74	render_operations=30	writes=320893	bytes=27129018	frame_hash=10539909428174351798
trace=frame	revision=102	capture_revision=299	capture_count=60	state=1	window=1	semantic_scopes=92	layout_scopes=92	drawing_strokes=5	drawing_points=78	render_operations=30	writes=324051	bytes=27397604	frame_hash=3152819973314926816
trace=frame	revision=103	capture_revision=304	capture_count=59	state=1	window=1	semantic_scopes=92	layout_scopes=92	drawing_strokes=5	drawing_points=82	render_operations=30	writes=327273	bytes=27666458	frame_hash=13782053726509389796
trace=frame	revision=104	capture_revision=305	capture_count=60	state=1	window=1	semantic_scopes=92	layout_scopes=92	drawing_strokes=5	drawing_points=82	render_operations=30	writes=330507	bytes=27935360	frame_hash=3174425168732535008
trace=frame	revision=105	capture_revision=308	capture_count=60	state=1	window=1	semantic_scopes=92	layout_scopes=92	drawing_strokes=5	drawing_points=84	render_operations=30	writes=333733	bytes=28204186	frame_hash=9353439888612659392
trace=frame	revision=106	capture_revision=309	capture_count=60	state=1	window=1	semantic_scopes=92	layout_scopes=92	drawing_strokes=5	drawing_points=82	render_operations=30	writes=336982	bytes=28473148	frame_hash=9753460896420526902
trace=frame	revision=107	capture_revision=312	capture_count=59	state=1	window=1	semantic_scopes=92	layout_scopes=92	drawing_strokes=5	drawing_points=76	render_operations=30	writes=340173	bytes=28741802	frame_hash=17156361829021130410
trace=frame	revision=108	capture_revision=318	capture_count=60	state=1	window=1	semantic_scopes=92	layout_scopes=92	drawing_strokes=5	drawing_points=84	render_operations=30	writes=343414	bytes=29010734	frame_hash=13902203237457120025
trace=frame	revision=109	capture_revision=320	capture_count=59	state=1	window=1	semantic_scopes=92	layout_scopes=92	drawing_strokes=5	drawing_points=84	render_operations=30	writes=346634	bytes=29279546	frame_hash=5604017278627365851
trace=frame	revision=110	capture_revision=322	capture_count=60	state=1	window=1	semantic_scopes=92	layout_scopes=92	drawing_strokes=5	drawing_points=84	render_operations=30	writes=349893	bytes=29548544	frame_hash=13722108697961738678
trace=frame	revision=111	capture_revision=325	capture_count=59	state=1	window=1	semantic_scopes=92	layout_scopes=92	drawing_strokes=5	drawing_points=74	render_operations=30	writes=353065	bytes=29817182	frame_hash=7052638611268919804
trace=frame	revision=112	capture_revision=328	capture_count=59	state=1	window=1	semantic_scopes=92	layout_scopes=92	drawing_strokes=5	drawing_points=78	render_operations=30	writes=356268	bytes=30085950	frame_hash=9484467997811541723
trace=frame	revision=113	capture_revision=333	capture_count=60	state=1	window=1	semantic_scopes=92	layout_scopes=92	drawing_strokes=5	drawing_points=84	render_operations=30	writes=359516	bytes=30354892	frame_hash=18275003184963011550
trace=frame	revision=114	capture_revision=334	capture_count=60	state=1	window=1	semantic_scopes=92	layout_scopes=92	drawing_strokes=5	drawing_points=82	render_operations=30	writes=362759	bytes=30623814	frame_hash=7025779086490911060
trace=frame	revision=115	capture_revision=337	capture_count=60	state=1	window=1	semantic_scopes=92	layout_scopes=92	drawing_strokes=5	drawing_points=84	render_operations=30	writes=365944	bytes=30892484	frame_hash=13200851151641504242
trace=frame	revision=116	capture_revision=339	capture_count=59	state=1	window=1	semantic_scopes=92	layout_scopes=92	drawing_strokes=5	drawing_points=80	render_operations=30	writes=369176	bytes=31161384	frame_hash=2200970700809719707
trace=frame	revision=117	capture_revision=341	capture_count=60	state=1	window=1	semantic_scopes=92	layout_scopes=92	drawing_strokes=5	drawing_points=76	render_operations=30	writes=372368	bytes=31430100	frame_hash=7745420602490172635
trace=frame	revision=118	capture_revision=347	capture_count=61	state=1	window=1	semantic_scopes=92	layout_scopes=92	drawing_strokes=5	drawing_points=82	render_operations=30	writes=375553	bytes=31698782	frame_hash=10308121841729837716
trace=frame	revision=119	capture_revision=349	capture_count=59	state=1	window=1	semantic_scopes=92	layout_scopes=92	drawing_strokes=5	drawing_points=80	render_operations=30	writes=378775	bytes=31967630	frame_hash=14347907760666599101
trace=frame	revision=120	capture_revision=350	capture_count=60	state=1	window=1	semantic_scopes=92	layout_scopes=92	drawing_strokes=5	drawing_points=80	render_operations=30	writes=382009	bytes=32236526	frame_hash=16655691067458794347
trace=frame	revision=121	capture_revision=353	capture_count=60	state=1	window=1	semantic_scopes=92	layout_scopes=92	drawing_strokes=5	drawing_points=74	render_operations=30	writes=385207	bytes=32505266	frame_hash=14677538150248499013
trace=frame	revision=122	capture_revision=356	capture_count=58	state=1	window=1	semantic_scopes=92	layout_scopes=92	drawing_strokes=5	drawing_points=76	render_operations=30	writes=388365	bytes=32773824	frame_hash=8774670067431301370
trace=frame	revision=123	capture_revision=361	capture_count=60	state=1	window=1	semantic_scopes=92	layout_scopes=92	drawing_strokes=5	drawing_points=80	render_operations=30	writes=391596	bytes=33042620	frame_hash=3124222977139384567
trace=frame	revision=124	capture_revision=364	capture_count=59	state=1	window=1	semantic_scopes=92	layout_scopes=92	drawing_strokes=5	drawing_points=82	render_operations=30	writes=394844	bytes=33311568	frame_hash=13277379937814089795
trace=frame	revision=125	capture_revision=365	capture_count=60	state=1	window=1	semantic_scopes=92	layout_scopes=92	drawing_strokes=5	drawing_points=82	render_operations=30	writes=398080	bytes=33580450	frame_hash=2699233678735289302
trace=frame	revision=126	capture_revision=368	capture_count=59	state=1	window=1	semantic_scopes=92	layout_scopes=92	drawing_strokes=5	drawing_points=82	render_operations=30	writes=401352	bytes=33849488	frame_hash=14032665200735983486
trace=frame	revision=127	capture_revision=371	capture_count=59	state=1	window=1	semantic_scopes=92	layout_scopes=92	drawing_strokes=5	drawing_points=76	render_operations=30	writes=404546	bytes=34118176	frame_hash=5690159068236612983
trace=frame	revision=128	capture_revision=376	capture_count=59	state=1	window=1	semantic_scopes=92	layout_scopes=92	drawing_strokes=5	drawing_points=84	render_operations=30	writes=407793	bytes=34387082	frame_hash=13149933437276856758
trace=frame	revision=129	capture_revision=379	capture_count=60	state=1	window=1	semantic_scopes=92	layout_scopes=92	drawing_strokes=5	drawing_points=84	render_operations=30	writes=411052	bytes=34656030	frame_hash=2840283909051373729
trace=frame	revision=130	capture_revision=381	capture_count=59	state=1	window=1	semantic_scopes=92	layout_scopes=92	drawing_strokes=5	drawing_points=82	render_operations=30	writes=414239	bytes=34924682	frame_hash=522087956604778657
trace=frame	revision=131	capture_revision=383	capture_count=61	state=1	window=1	semantic_scopes=92	layout_scopes=92	drawing_strokes=5	drawing_points=82	render_operations=30	writes=417413	bytes=35193250	frame_hash=17127854972640460869
trace=frame	revision=132	capture_revision=388	capture_count=61	state=1	window=1	semantic_scopes=92	layout_scopes=92	drawing_strokes=5	drawing_points=80	render_operations=30	writes=420634	bytes=35462050	frame_hash=10168665266755494653
trace=frame	revision=133	capture_revision=391	capture_count=59	state=1	window=1	semantic_scopes=92	layout_scopes=92	drawing_strokes=5	drawing_points=84	render_operations=30	writes=423889	bytes=35730980	frame_hash=14570598949905054858
trace=frame	revision=134	capture_revision=394	capture_count=60	state=1	window=1	semantic_scopes=92	layout_scopes=92	drawing_strokes=5	drawing_points=84	render_operations=30	writes=427147	bytes=35999928	frame_hash=8453563062524023235
trace=frame	revision=135	capture_revision=397	capture_count=60	state=1	window=1	semantic_scopes=92	layout_scopes=92	drawing_strokes=5	drawing_points=84	render_operations=30	writes=430375	bytes=36268764	frame_hash=13492518550672636657
trace=frame	revision=136	capture_revision=399	capture_count=60	state=1	window=1	semantic_scopes=92	layout_scopes=92	drawing_strokes=5	drawing_points=80	render_operations=30	writes=433596	bytes=36537584	frame_hash=8267756330154976761
trace=frame	revision=137	capture_revision=402	capture_count=61	state=1	window=1	semantic_scopes=92	layout_scopes=92	drawing_strokes=5	drawing_points=78	render_operations=30	writes=436779	bytes=36806210	frame_hash=10726228629633153412
trace=frame	revision=138	capture_revision=406	capture_count=60	state=1	window=1	semantic_scopes=92	layout_scopes=92	drawing_strokes=5	drawing_points=84	render_operations=30	writes=439969	bytes=37074912	frame_hash=5674363128922928438
trace=frame	revision=139	capture_revision=409	capture_count=61	state=1	window=1	semantic_scopes=92	layout_scopes=92	drawing_strokes=5	drawing_points=84	render_operations=30	writes=443210	bytes=37343764	frame_hash=10855439575289404509
trace=frame	revision=140	capture_revision=411	capture_count=61	state=1	window=1	semantic_scopes=92	layout_scopes=92	drawing_strokes=5	drawing_points=80	render_operations=30	writes=446441	bytes=37612666	frame_hash=15838068014259244698
trace=frame	revision=141	capture_revision=413	capture_count=62	state=1	window=1	semantic_scopes=92	layout_scopes=92	drawing_strokes=5	drawing_points=78	render_operations=30	writes=449643	bytes=37881428	frame_hash=9996135401434093070
trace=frame	revision=142	capture_revision=417	capture_count=62	state=1	window=1	semantic_scopes=92	layout_scopes=92	drawing_strokes=5	drawing_points=78	render_operations=30	writes=452872	bytes=38150310	frame_hash=6526364801161123596
trace=frame	revision=143	capture_revision=422	capture_count=61	state=1	window=1	semantic_scopes=92	layout_scopes=92	drawing_strokes=5	drawing_points=82	render_operations=30	writes=456100	bytes=38419182	frame_hash=15218316682906209761
trace=frame	revision=144	capture_revision=423	capture_count=62	state=1	window=1	semantic_scopes=92	layout_scopes=92	drawing_strokes=5	drawing_points=82	render_operations=30	writes=459340	bytes=38688102	frame_hash=9136608552409588963
trace=frame	revision=145	capture_revision=426	capture_count=61	state=1	window=1	semantic_scopes=92	layout_scopes=92	drawing_strokes=5	drawing_points=82	render_operations=30	writes=462589	bytes=38957058	frame_hash=2748814198811100129
trace=frame	revision=146	capture_revision=428	capture_count=61	state=1	window=1	semantic_scopes=92	layout_scopes=92	drawing_strokes=5	drawing_points=82	render_operations=30	writes=465850	bytes=39226068	frame_hash=698278403548684174
trace=frame	revision=147	capture_revision=431	capture_count=61	state=1	window=1	semantic_scopes=92	layout_scopes=92	drawing_strokes=5	drawing_points=76	render_operations=30	writes=469041	bytes=39494710	frame_hash=12145154657838046558
trace=frame	revision=148	capture_revision=436	capture_count=61	state=1	window=1	semantic_scopes=92	layout_scopes=92	drawing_strokes=5	drawing_points=82	render_operations=30	writes=472277	bytes=39763616	frame_hash=16546091855866773660
trace=frame	revision=149	capture_revision=438	capture_count=61	state=1	window=1	semantic_scopes=92	layout_scopes=92	drawing_strokes=5	drawing_points=82	render_operations=30	writes=475513	bytes=40032522	frame_hash=17650759213797434102
trace=frame	revision=150	capture_revision=441	capture_count=61	state=1	window=1	semantic_scopes=92	layout_scopes=92	drawing_strokes=5	drawing_points=82	render_operations=30	writes=478758	bytes=40301458	frame_hash=2531586888400783831
trace=frame	revision=151	capture_revision=443	capture_count=60	state=1	window=1	semantic_scopes=92	layout_scopes=92	drawing_strokes=5	drawing_points=74	render_operations=30	writes=481936	bytes=40570114	frame_hash=7924916579292596267
trace=frame	revision=152	capture_revision=447	capture_count=60	state=1	window=1	semantic_scopes=92	layout_scopes=92	drawing_strokes=5	drawing_points=80	render_operations=30	writes=485168	bytes=40839010	frame_hash=2203213504373838251
trace=frame	revision=153	capture_revision=451	capture_count=61	state=1	window=1	semantic_scopes=92	layout_scopes=92	drawing_strokes=5	drawing_points=82	render_operations=30	writes=488411	bytes=41107926	frame_hash=10672682061958302803
trace=frame	revision=154	capture_revision=453	capture_count=62	state=1	window=1	semantic_scopes=92	layout_scopes=92	drawing_strokes=5	drawing_points=84	render_operations=30	writes=491665	bytes=41376880	frame_hash=6655449022484496356
trace=frame	revision=155	capture_revision=456	capture_count=61	state=1	window=1	semantic_scopes=92	layout_scopes=92	drawing_strokes=5	drawing_points=82	render_operations=30	writes=494896	bytes=41645674	frame_hash=6094108057854062078
trace=frame	revision=156	capture_revision=459	capture_count=61	state=1	window=1	semantic_scopes=92	layout_scopes=92	drawing_strokes=5	drawing_points=80	render_operations=30	writes=498122	bytes=41914532	frame_hash=15446176597197274266
trace=frame	revision=157	capture_revision=461	capture_count=59	state=1	window=1	semantic_scopes=92	layout_scopes=92	drawing_strokes=5	drawing_points=78	render_operations=30	writes=501322	bytes=42183250	frame_hash=2898924301561410620
trace=frame	revision=158	capture_revision=466	capture_count=61	state=1	window=1	semantic_scopes=92	layout_scopes=92	drawing_strokes=5	drawing_points=82	render_operations=30	writes=504586	bytes=42452266	frame_hash=7201373012821005097
trace=frame	revision=159	capture_revision=469	capture_count=60	state=1	window=1	semantic_scopes=92	layout_scopes=92	drawing_strokes=5	drawing_points=84	render_operations=30	writes=507824	bytes=42721160	frame_hash=948407209117150130
trace=frame	revision=160	capture_revision=470	capture_count=61	state=1	window=1	semantic_scopes=92	layout_scopes=92	drawing_strokes=5	drawing_points=84	render_operations=30	writes=511074	bytes=42990102	frame_hash=11171419307517409384
trace=frame	revision=161	capture_revision=473	capture_count=60	state=1	window=1	semantic_scopes=92	layout_scopes=92	drawing_strokes=5	drawing_points=76	render_operations=30	writes=514301	bytes=43258964	frame_hash=4138188770467667746
trace=frame	revision=162	capture_revision=477	capture_count=61	state=1	window=1	semantic_scopes=92	layout_scopes=92	drawing_strokes=5	drawing_points=80	render_operations=30	writes=517547	bytes=43527902	frame_hash=2867458717580395202
trace=frame	revision=163	capture_revision=481	capture_count=62	state=1	window=1	semantic_scopes=92	layout_scopes=92	drawing_strokes=5	drawing_points=84	render_operations=30	writes=520793	bytes=43796748	frame_hash=10618017300767663836
trace=frame	revision=164	capture_revision=484	capture_count=61	state=1	window=1	semantic_scopes=92	layout_scopes=92	drawing_strokes=5	drawing_points=82	render_operations=30	writes=524058	bytes=44065778	frame_hash=10552111440965412094
trace=frame	revision=165	capture_revision=486	capture_count=62	state=1	window=1	semantic_scopes=92	layout_scopes=92	drawing_strokes=5	drawing_points=84	render_operations=30	writes=527334	bytes=44334828	frame_hash=8662051588255103798
trace=frame	revision=166	capture_revision=489	capture_count=61	state=1	window=1	semantic_scopes=92	layout_scopes=92	drawing_strokes=5	drawing_points=80	render_operations=30	writes=530591	bytes=44603808	frame_hash=6503792998067746055
trace=frame	revision=167	capture_revision=491	capture_count=60	state=1	window=1	semantic_scopes=92	layout_scopes=92	drawing_strokes=5	drawing_points=76	render_operations=30	writes=533801	bytes=44872582	frame_hash=14779009677016134414
trace=frame	revision=168	capture_revision=496	capture_count=61	state=1	window=1	semantic_scopes=92	layout_scopes=92	drawing_strokes=5	drawing_points=84	render_operations=30	writes=537058	bytes=45141550	frame_hash=16577001603622038759
trace=frame	revision=169	capture_revision=498	capture_count=60	state=1	window=1	semantic_scopes=92	layout_scopes=92	drawing_strokes=5	drawing_points=82	render_operations=30	writes=540304	bytes=45410450	frame_hash=1380384685972063487
trace=frame	revision=170	capture_revision=500	capture_count=60	state=1	window=1	semantic_scopes=92	layout_scopes=92	drawing_strokes=5	drawing_points=80	render_operations=30	writes=543548	bytes=45679354	frame_hash=17297656512910359647
trace=frame	revision=171	capture_revision=502	capture_count=61	state=1	window=1	semantic_scopes=92	layout_scopes=92	drawing_strokes=5	drawing_points=76	render_operations=30	writes=546698	bytes=45947850	frame_hash=18366249496604847519
trace=frame	revision=172	capture_revision=508	capture_count=61	state=1	window=1	semantic_scopes=92	layout_scopes=92	drawing_strokes=5	drawing_points=80	render_operations=30	writes=549922	bytes=46216680	frame_hash=5615442465326107302
trace=frame	revision=173	capture_revision=511	capture_count=62	state=1	window=1	semantic_scopes=92	layout_scopes=92	drawing_strokes=5	drawing_points=82	render_operations=30	writes=553169	bytes=46485596	frame_hash=10366727684932962437
trace=frame	revision=174	capture_revision=513	capture_count=60	state=1	window=1	semantic_scopes=92	layout_scopes=92	drawing_strokes=5	drawing_points=82	render_operations=30	writes=556428	bytes=46754566	frame_hash=1120035596853002072
trace=frame	revision=175	capture_revision=516	capture_count=60	state=1	window=1	semantic_scopes=92	layout_scopes=92	drawing_strokes=5	drawing_points=82	render_operations=30	writes=559642	bytes=47023358	frame_hash=2176510718449469017
trace=frame	revision=176	capture_revision=517	capture_count=61	state=1	window=1	semantic_scopes=92	layout_scopes=92	drawing_strokes=5	drawing_points=82	render_operations=30	writes=562868	bytes=47292198	frame_hash=16283730886138362091
trace=frame	revision=177	capture_revision=520	capture_count=60	state=1	window=1	semantic_scopes=92	layout_scopes=92	drawing_strokes=5	drawing_points=76	render_operations=30	writes=566082	bytes=47561002	frame_hash=11727338101510045179
trace=frame	revision=178	capture_revision=525	capture_count=59	state=1	window=1	semantic_scopes=92	layout_scopes=92	drawing_strokes=5	drawing_points=82	render_operations=30	writes=569270	bytes=47829720	frame_hash=17918220870850434260
trace=frame	revision=179	capture_revision=527	capture_count=61	state=1	window=1	semantic_scopes=92	layout_scopes=92	drawing_strokes=5	drawing_points=82	render_operations=30	writes=572445	bytes=48098354	frame_hash=9095856456453583156
trace=frame	revision=180	capture_revision=529	capture_count=59	state=1	window=1	semantic_scopes=92	layout_scopes=92	drawing_strokes=5	drawing_points=78	render_operations=30	writes=575668	bytes=48367242	frame_hash=15231105701820666845
trace=frame	revision=181	capture_revision=531	capture_count=60	state=1	window=1	semantic_scopes=92	layout_scopes=92	drawing_strokes=5	drawing_points=76	render_operations=30	writes=578874	bytes=48636050	frame_hash=4510498762339479089
trace=frame	revision=182	capture_revision=536	capture_count=59	state=1	window=1	semantic_scopes=92	layout_scopes=92	drawing_strokes=5	drawing_points=78	render_operations=30	writes=582035	bytes=48904654	frame_hash=18137256517901398483
trace=frame	revision=183	capture_revision=540	capture_count=59	state=1	window=1	semantic_scopes=92	layout_scopes=92	drawing_strokes=5	drawing_points=80	render_operations=30	writes=585255	bytes=49173512	frame_hash=12559759766574535662
trace=frame	revision=184	capture_revision=541	capture_count=60	state=1	window=1	semantic_scopes=92	layout_scopes=92	drawing_strokes=5	drawing_points=80	render_operations=30	writes=588487	bytes=49442418	frame_hash=17598409851649155062
trace=frame	revision=185	capture_revision=545	capture_count=59	state=1	window=1	semantic_scopes=92	layout_scopes=92	drawing_strokes=5	drawing_points=82	render_operations=30	writes=591706	bytes=49711242	frame_hash=7371140655062456417
trace=frame	revision=186	capture_revision=546	capture_count=60	state=1	window=1	semantic_scopes=92	layout_scopes=92	drawing_strokes=5	drawing_points=82	render_operations=30	writes=594958	bytes=49980222	frame_hash=8374827301497052329
trace=frame	revision=187	capture_revision=548	capture_count=59	state=1	window=1	semantic_scopes=92	layout_scopes=92	drawing_strokes=5	drawing_points=74	render_operations=30	writes=598101	bytes=50248736	frame_hash=15434450893749175754
trace=frame	revision=188	capture_revision=554	capture_count=59	state=1	window=1	semantic_scopes=92	layout_scopes=92	drawing_strokes=5	drawing_points=82	render_operations=30	writes=601346	bytes=50517708	frame_hash=15537478759384356739
trace=frame	revision=189	capture_revision=556	capture_count=58	state=1	window=1	semantic_scopes=92	layout_scopes=92	drawing_strokes=5	drawing_points=82	render_operations=30	writes=604564	bytes=50786524	frame_hash=1284487844402556785
trace=frame	revision=190	capture_revision=558	capture_count=59	state=1	window=1	semantic_scopes=92	layout_scopes=92	drawing_strokes=5	drawing_points=82	render_operations=30	writes=607821	bytes=51055526	frame_hash=7724866118122547728
trace=frame	revision=191	capture_revision=560	capture_count=58	state=1	window=1	semantic_scopes=92	layout_scopes=92	drawing_strokes=5	drawing_points=72	render_operations=30	writes=610985	bytes=51324138	frame_hash=7817297732076795385
trace=frame	revision=192	capture_revision=565	capture_count=58	state=1	window=1	semantic_scopes=92	layout_scopes=92	drawing_strokes=5	drawing_points=80	render_operations=30	writes=614214	bytes=51593028	frame_hash=16307156823903979614
trace=frame	revision=193	capture_revision=568	capture_count=57	state=1	window=1	semantic_scopes=92	layout_scopes=92	drawing_strokes=5	drawing_points=80	render_operations=30	writes=617455	bytes=51861960	frame_hash=1509246648453052777
trace=frame	revision=194	capture_revision=570	capture_count=57	state=1	window=1	semantic_scopes=92	layout_scopes=92	drawing_strokes=5	drawing_points=80	render_operations=30	writes=620696	bytes=52130886	frame_hash=4812243957390751304
trace=frame	revision=195	capture_revision=572	capture_count=59	state=1	window=1	semantic_scopes=92	layout_scopes=92	drawing_strokes=5	drawing_points=80	render_operations=30	writes=623861	bytes=52399462	frame_hash=6191246447484735517
trace=frame	revision=196	capture_revision=575	capture_count=58	state=1	window=1	semantic_scopes=92	layout_scopes=92	drawing_strokes=5	drawing_points=76	render_operations=30	writes=627080	bytes=52668322	frame_hash=4938502240236301509
trace=frame	revision=197	capture_revision=577	capture_count=57	state=1	window=1	semantic_scopes=92	layout_scopes=92	drawing_strokes=5	drawing_points=76	render_operations=30	writes=630272	bytes=52937026	frame_hash=11468364156402321539
trace=frame	revision=198	capture_revision=582	capture_count=59	state=1	window=1	semantic_scopes=92	layout_scopes=92	drawing_strokes=5	drawing_points=80	render_operations=30	writes=633516	bytes=53205968	frame_hash=8486892644455379256
trace=frame	revision=199	capture_revision=585	capture_count=58	state=1	window=1	semantic_scopes=92	layout_scopes=92	drawing_strokes=5	drawing_points=82	render_operations=30	writes=636758	bytes=53474908	frame_hash=307565687098908555
trace=frame	revision=200	capture_revision=587	capture_count=59	state=1	window=1	semantic_scopes=92	layout_scopes=92	drawing_strokes=5	drawing_points=80	render_operations=30	writes=639998	bytes=53743852	frame_hash=2126233448232212155
trace=frame	revision=201	capture_revision=589	capture_count=58	state=1	window=1	semantic_scopes=92	layout_scopes=92	drawing_strokes=5	drawing_points=74	render_operations=30	writes=643205	bytes=54012640	frame_hash=3460667085700515063
trace=frame	revision=202	capture_revision=594	capture_count=59	state=1	window=1	semantic_scopes=92	layout_scopes=92	drawing_strokes=5	drawing_points=80	render_operations=30	writes=646390	bytes=54281316	frame_hash=1533154054008534589
trace=frame	revision=203	capture_revision=598	capture_count=59	state=1	window=1	semantic_scopes=92	layout_scopes=92	drawing_strokes=5	drawing_points=84	render_operations=30	writes=649645	bytes=54550290	frame_hash=10568278229971791578
trace=frame	revision=204	capture_revision=601	capture_count=60	state=1	window=1	semantic_scopes=92	layout_scopes=92	drawing_strokes=5	drawing_points=84	render_operations=30	writes=652909	bytes=54819306	frame_hash=11835415495737791015
trace=frame	revision=205	capture_revision=602	capture_count=61	state=1	window=1	semantic_scopes=92	layout_scopes=92	drawing_strokes=5	drawing_points=84	render_operations=30	writes=656167	bytes=55088292	frame_hash=2480906899551205830
trace=frame	revision=206	capture_revision=605	capture_count=59	state=1	window=1	semantic_scopes=92	layout_scopes=92	drawing_strokes=5	drawing_points=82	render_operations=30	writes=659438	bytes=55357330	frame_hash=4455850933539763262
trace=frame	revision=207	capture_revision=609	capture_count=61	state=1	window=1	semantic_scopes=92	layout_scopes=92	drawing_strokes=5	drawing_points=80	render_operations=30	writes=662655	bytes=55626118	frame_hash=3503235656736488237
trace=frame	revision=208	capture_revision=612	capture_count=60	state=1	window=1	semantic_scopes=92	layout_scopes=92	drawing_strokes=5	drawing_points=82	render_operations=30	writes=665898	bytes=55895028	frame_hash=6165439594477618556
trace=frame	revision=209	capture_revision=615	capture_count=60	state=1	window=1	semantic_scopes=92	layout_scopes=92	drawing_strokes=5	drawing_points=84	render_operations=30	writes=669158	bytes=56163988	frame_hash=18182188694789300447
trace=frame	revision=210	capture_revision=617	capture_count=59	state=1	window=1	semantic_scopes=92	layout_scopes=92	drawing_strokes=5	drawing_points=80	render_operations=30	writes=672330	bytes=56432566	frame_hash=18058962106377643400
trace=frame	revision=211	capture_revision=620	capture_count=61	state=1	window=1	semantic_scopes=92	layout_scopes=92	drawing_strokes=5	drawing_points=78	render_operations=30	writes=675521	bytes=56701220	frame_hash=17645173558250292086
trace=frame	revision=212	capture_revision=625	capture_count=61	state=1	window=1	semantic_scopes=92	layout_scopes=92	drawing_strokes=5	drawing_points=82	render_operations=30	writes=678755	bytes=56970064	frame_hash=1614249088994287067
trace=frame	revision=213	capture_revision=628	capture_count=60	state=1	window=1	semantic_scopes=92	layout_scopes=92	drawing_strokes=5	drawing_points=84	render_operations=30	writes=682013	bytes=57239018	frame_hash=4087041609693646770
trace=frame	revision=214	capture_revision=631	capture_count=62	state=1	window=1	semantic_scopes=92	layout_scopes=92	drawing_strokes=5	drawing_points=84	render_operations=30	writes=685265	bytes=57507936	frame_hash=12722676879663961890
trace=frame	revision=215	capture_revision=634	capture_count=62	state=1	window=1	semantic_scopes=92	layout_scopes=92	drawing_strokes=5	drawing_points=84	render_operations=30	writes=688496	bytes=57776796	frame_hash=10045078144405184743
trace=frame	revision=216	capture_revision=636	capture_count=61	state=1	window=1	semantic_scopes=92	layout_scopes=92	drawing_strokes=5	drawing_points=80	render_operations=30	writes=691714	bytes=58045616	frame_hash=13310964342419054213
trace=frame	revision=217	capture_revision=639	capture_count=62	state=1	window=1	semantic_scopes=92	layout_scopes=92	drawing_strokes=5	drawing_points=80	render_operations=30	writes=694911	bytes=58314310	frame_hash=5720324804665911514
trace=frame	revision=218	capture_revision=643	capture_count=62	state=1	window=1	semantic_scopes=92	layout_scopes=92	drawing_strokes=5	drawing_points=86	render_operations=30	writes=698177	bytes=58583316	frame_hash=12677727815691479996
trace=frame	revision=219	capture_revision=646	capture_count=63	state=1	window=1	semantic_scopes=92	layout_scopes=92	drawing_strokes=5	drawing_points=86	render_operations=30	writes=701420	bytes=58852176	frame_hash=7780479298477517079
trace=frame	revision=220	capture_revision=648	capture_count=61	state=1	window=1	semantic_scopes=92	layout_scopes=92	drawing_strokes=5	drawing_points=80	render_operations=30	writes=704642	bytes=59121042	frame_hash=12567561238532104226
trace=frame	revision=221	capture_revision=650	capture_count=61	state=1	window=1	semantic_scopes=92	layout_scopes=92	drawing_strokes=5	drawing_points=76	render_operations=30	writes=707854	bytes=59389856	frame_hash=8103909212001645258
trace=frame	revision=222	capture_revision=655	capture_count=62	state=1	window=1	semantic_scopes=92	layout_scopes=92	drawing_strokes=5	drawing_points=80	render_operations=30	writes=711091	bytes=59658776	frame_hash=6144972498559202623
trace=frame	revision=223	capture_revision=659	capture_count=61	state=1	window=1	semantic_scopes=92	layout_scopes=92	drawing_strokes=5	drawing_points=82	render_operations=30	writes=714310	bytes=59927612	frame_hash=8693652075936530143
trace=frame	revision=224	capture_revision=661	capture_count=62	state=1	window=1	semantic_scopes=92	layout_scopes=92	drawing_strokes=5	drawing_points=84	render_operations=30	writes=717561	bytes=60196600	frame_hash=11623446730986660887
trace=frame	revision=225	capture_revision=663	capture_count=61	state=1	window=1	semantic_scopes=92	layout_scopes=92	drawing_strokes=5	drawing_points=82	render_operations=30	writes=720813	bytes=60465580	frame_hash=16502549819437890315
trace=frame	revision=226	capture_revision=665	capture_count=60	state=1	window=1	semantic_scopes=92	layout_scopes=92	drawing_strokes=5	drawing_points=78	render_operations=30	writes=724040	bytes=60734460	frame_hash=1147696655512210457
trace=frame	revision=227	capture_revision=669	capture_count=61	state=1	window=1	semantic_scopes=92	layout_scopes=92	drawing_strokes=5	drawing_points=78	render_operations=30	writes=727242	bytes=61003230	frame_hash=8610585401364780776
trace=frame	revision=228	capture_revision=674	capture_count=62	state=1	window=1	semantic_scopes=92	layout_scopes=92	drawing_strokes=5	drawing_points=84	render_operations=30	writes=730492	bytes=61272210	frame_hash=5208510074946971607
trace=frame	revision=229	capture_revision=676	capture_count=61	state=1	window=1	semantic_scopes=92	layout_scopes=92	drawing_strokes=5	drawing_points=84	render_operations=30	writes=733754	bytes=61541226	frame_hash=8602676647973466471
trace=frame	revision=230	capture_revision=679	capture_count=63	state=1	window=1	semantic_scopes=92	layout_scopes=92	drawing_strokes=5	drawing_points=82	render_operations=30	writes=736995	bytes=61810132	frame_hash=15812610178566620512
trace=frame	revision=231	capture_revision=682	capture_count=62	state=1	window=1	semantic_scopes=92	layout_scopes=92	drawing_strokes=5	drawing_points=78	render_operations=30	writes=740198	bytes=62078900	frame_hash=17097728228047277103
trace=frame	revision=232	capture_revision=686	capture_count=62	state=1	window=1	semantic_scopes=92	layout_scopes=92	drawing_strokes=5	drawing_points=82	render_operations=30	writes=743444	bytes=62347864	frame_hash=2849713949295970375
trace=frame	revision=233	capture_revision=690	capture_count=62	state=1	window=1	semantic_scopes=92	layout_scopes=92	drawing_strokes=5	drawing_points=86	render_operations=30	writes=746700	bytes=62616832	frame_hash=2504421430248029055
trace=frame	revision=234	capture_revision=692	capture_count=61	state=1	window=1	semantic_scopes=92	layout_scopes=92	drawing_strokes=5	drawing_points=86	render_operations=30	writes=749905	bytes=62885588	frame_hash=14889406143451137147
trace=frame	revision=235	capture_revision=694	capture_count=62	state=1	window=1	semantic_scopes=92	layout_scopes=92	drawing_strokes=5	drawing_points=86	render_operations=30	writes=753109	bytes=63154320	frame_hash=1182876533464224659
trace=frame	revision=236	capture_revision=697	capture_count=62	state=1	window=1	semantic_scopes=92	layout_scopes=92	drawing_strokes=5	drawing_points=78	render_operations=30	writes=756321	bytes=63423128	frame_hash=2235812624419133577
trace=frame	revision=237	capture_revision=700	capture_count=62	state=1	window=1	semantic_scopes=92	layout_scopes=92	drawing_strokes=5	drawing_points=80	render_operations=30	writes=759535	bytes=63691914	frame_hash=7338698829413644970
trace=frame	revision=238	capture_revision=704	capture_count=62	state=1	window=1	semantic_scopes=92	layout_scopes=92	drawing_strokes=5	drawing_points=84	render_operations=30	writes=762807	bytes=63960968	frame_hash=806339376244093004
trace=frame	revision=239	capture_revision=707	capture_count=61	state=1	window=1	semantic_scopes=92	layout_scopes=92	drawing_strokes=5	drawing_points=82	render_operations=30	writes=766031	bytes=64229812	frame_hash=16356469530131841537
trace=frame	revision=240	capture_revision=708	capture_count=62	state=1	window=1	semantic_scopes=92	layout_scopes=92	drawing_strokes=5	drawing_points=82	render_operations=30	writes=769267	bytes=64498704	frame_hash=1574444340986422553
trace=frame	revision=241	capture_revision=711	capture_count=62	state=1	window=1	semantic_scopes=92	layout_scopes=92	drawing_strokes=5	drawing_points=76	render_operations=30	writes=772491	bytes=64767560	frame_hash=7584498262883591581
trace=frame	revision=242	capture_revision=716	capture_count=61	state=1	window=1	semantic_scopes=92	layout_scopes=92	drawing_strokes=5	drawing_points=82	render_operations=30	writes=775689	bytes=65036280	frame_hash=7195659221861759653
trace=frame	revision=243	capture_revision=719	capture_count=64	state=1	window=1	semantic_scopes=92	layout_scopes=92	drawing_strokes=5	drawing_points=82	render_operations=30	writes=778879	bytes=65304922	frame_hash=4438174017747319412
trace=frame	revision=244	capture_revision=723	capture_count=62	state=1	window=1	semantic_scopes=92	layout_scopes=92	drawing_strokes=5	drawing_points=84	render_operations=30	writes=782151	bytes=65573974	frame_hash=9757876741134694329
trace=frame	revision=245	capture_revision=725	capture_count=62	state=1	window=1	semantic_scopes=92	layout_scopes=92	drawing_strokes=5	drawing_points=84	render_operations=30	writes=785408	bytes=65842930	frame_hash=8722098529771804689
trace=frame	revision=246	capture_revision=727	capture_count=63	state=1	window=1	semantic_scopes=92	layout_scopes=92	drawing_strokes=5	drawing_points=80	render_operations=30	writes=788670	bytes=66111924	frame_hash=16954573380449146350
trace=frame	revision=247	capture_revision=730	capture_count=62	state=1	window=1	semantic_scopes=92	layout_scopes=92	drawing_strokes=5	drawing_points=78	render_operations=30	writes=791891	bytes=66380710	frame_hash=5586985573024745054
trace=frame	revision=248	capture_revision=734	capture_count=62	state=1	window=1	semantic_scopes=92	layout_scopes=92	drawing_strokes=5	drawing_points=84	render_operations=30	writes=795155	bytes=66649700	frame_hash=10877456545766849062
trace=frame	revision=249	capture_revision=737	capture_count=62	state=1	window=1	semantic_scopes=92	layout_scopes=92	drawing_strokes=5	drawing_points=84	render_operations=30	writes=798425	bytes=66918696	frame_hash=6644155361678195585
trace=frame	revision=250	capture_revision=740	capture_count=61	state=1	window=1	semantic_scopes=92	layout_scopes=92	drawing_strokes=5	drawing_points=80	render_operations=30	writes=801610	bytes=67187340	frame_hash=3237729067684176585
trace=frame	revision=251	capture_revision=742	capture_count=63	state=1	window=1	semantic_scopes=92	layout_scopes=92	drawing_strokes=5	drawing_points=78	render_operations=30	writes=804783	bytes=67455916	frame_hash=1684067403043803291
trace=frame	revision=252	capture_revision=749	capture_count=63	state=1	window=1	semantic_scopes=92	layout_scopes=92	drawing_strokes=5	drawing_points=84	render_operations=30	writes=808035	bytes=67724840	frame_hash=7354876145991834267
trace=frame	revision=253	capture_revision=750	capture_count=64	state=1	window=1	semantic_scopes=92	layout_scopes=92	drawing_strokes=5	drawing_points=84	render_operations=30	writes=811281	bytes=67993734	frame_hash=14900524172041588576
trace=frame	revision=254	capture_revision=753	capture_count=62	state=1	window=1	semantic_scopes=92	layout_scopes=92	drawing_strokes=5	drawing_points=84	render_operations=30	writes=814563	bytes=68262784	frame_hash=139152370432037180
trace=frame	revision=255	capture_revision=756	capture_count=62	state=1	window=1	semantic_scopes=92	layout_scopes=92	drawing_strokes=5	drawing_points=84	render_operations=30	writes=817800	bytes=68531656	frame_hash=16871592703909964305
trace=frame	revision=256	capture_revision=757	capture_count=63	state=1	window=1	semantic_scopes=92	layout_scopes=92	drawing_strokes=5	drawing_points=82	render_operations=30	writes=821038	bytes=68800532	frame_hash=13437505587742439175
trace=frame	revision=257	capture_revision=761	capture_count=63	state=1	window=1	semantic_scopes=92	layout_scopes=92	drawing_strokes=5	drawing_points=80	render_operations=30	writes=824265	bytes=69069358	frame_hash=4082366820587712160
trace=frame	revision=258	capture_revision=765	capture_count=61	state=1	window=1	semantic_scopes=92	layout_scopes=92	drawing_strokes=5	drawing_points=84	render_operations=30	writes=827538	bytes=69338392	frame_hash=8677241473014238854
trace=frame	revision=259	capture_revision=767	capture_count=63	state=1	window=1	semantic_scopes=92	layout_scopes=92	drawing_strokes=5	drawing_points=82	render_operations=30	writes=830725	bytes=69607062	frame_hash=908766929985971692
trace=frame	revision=260	capture_revision=770	capture_count=62	state=1	window=1	semantic_scopes=92	layout_scopes=92	drawing_strokes=5	drawing_points=78	render_operations=30	writes=833966	bytes=69876016	frame_hash=7374133740687300786
trace=frame	revision=261	capture_revision=773	capture_count=62	state=1	window=1	semantic_scopes=92	layout_scopes=92	drawing_strokes=5	drawing_points=78	render_operations=30	writes=837174	bytes=70144784	frame_hash=16330084022316979215
trace=frame	revision=262	capture_revision=779	capture_count=63	state=1	window=1	semantic_scopes=92	layout_scopes=92	drawing_strokes=5	drawing_points=84	render_operations=30	writes=840386	bytes=70413586	frame_hash=2605207078024774068
trace=frame	revision=263	capture_revision=782	capture_count=63	state=1	window=1	semantic_scopes=92	layout_scopes=92	drawing_strokes=5	drawing_points=86	render_operations=30	writes=843651	bytes=70682612	frame_hash=4441775895809094794
trace=frame	revision=264	capture_revision=784	capture_count=61	state=1	window=1	semantic_scopes=92	layout_scopes=92	drawing_strokes=5	drawing_points=86	render_operations=30	writes=846931	bytes=70951710	frame_hash=11698004510798625942
trace=frame	revision=265	capture_revision=786	capture_count=62	state=1	window=1	semantic_scopes=92	layout_scopes=92	drawing_strokes=5	drawing_points=86	render_operations=30	writes=850217	bytes=71220820	frame_hash=17764448311398034842
trace=frame	revision=266	capture_revision=788	capture_count=61	state=1	window=1	semantic_scopes=92	layout_scopes=92	drawing_strokes=5	drawing_points=78	render_operations=30	writes=853456	bytes=71489742	frame_hash=18436225900069258994
trace=frame	revision=267	capture_revision=791	capture_count=63	state=1	window=1	semantic_scopes=92	layout_scopes=92	drawing_strokes=5	drawing_points=80	render_operations=30	writes=856687	bytes=71758628	frame_hash=8478518239521863432
trace=frame	revision=268	capture_revision=796	capture_count=62	state=1	window=1	semantic_scopes=92	layout_scopes=92	drawing_strokes=5	drawing_points=84	render_operations=30	writes=859955	bytes=72027680	frame_hash=3730388077517709989
trace=frame	revision=269	capture_revision=798	capture_count=61	state=1	window=1	semantic_scopes=92	layout_scopes=92	drawing_strokes=5	drawing_points=84	render_operations=30	writes=863196	bytes=72296576	frame_hash=13708986879779558049
trace=frame	revision=270	capture_revision=800	capture_count=62	state=1	window=1	semantic_scopes=92	layout_scopes=92	drawing_strokes=5	drawing_points=82	render_operations=30	writes=866465	bytes=72565614	frame_hash=8741839211191026110
trace=frame	revision=271	capture_revision=804	capture_count=62	state=1	window=1	semantic_scopes=92	layout_scopes=92	drawing_strokes=5	drawing_points=76	render_operations=30	writes=869675	bytes=72834410	frame_hash=1058794243490957283
trace=frame	revision=272	capture_revision=809	capture_count=61	state=1	window=1	semantic_scopes=92	layout_scopes=92	drawing_strokes=5	drawing_points=82	render_operations=30	writes=872915	bytes=73103320	frame_hash=8315784248801823418
trace=frame	revision=273	capture_revision=811	capture_count=61	state=1	window=1	semantic_scopes=92	layout_scopes=92	drawing_strokes=5	drawing_points=82	render_operations=30	writes=876173	bytes=73372302	frame_hash=2342373479326966450
trace=frame	revision=274	capture_revision=813	capture_count=63	state=1	window=1	semantic_scopes=92	layout_scopes=92	drawing_strokes=5	drawing_points=84	render_operations=30	writes=879454	bytes=73641382	frame_hash=5904200693907779779
trace=frame	revision=275	capture_revision=816	capture_count=62	state=1	window=1	semantic_scopes=92	layout_scopes=92	drawing_strokes=5	drawing_points=84	render_operations=30	writes=882699	bytes=73910226	frame_hash=7517207190729518071
trace=frame	revision=276	capture_revision=819	capture_count=62	state=1	window=1	semantic_scopes=92	layout_scopes=92	drawing_strokes=5	drawing_points=78	render_operations=30	writes=885941	bytes=74179166	frame_hash=2097797724724800311
trace=frame	revision=277	capture_revision=821	capture_count=62	state=1	window=1	semantic_scopes=92	layout_scopes=92	drawing_strokes=5	drawing_points=80	render_operations=30	writes=889179	bytes=74448054	frame_hash=15784621027266618619
trace=frame	revision=278	capture_revision=826	capture_count=63	state=1	window=1	semantic_scopes=92	layout_scopes=92	drawing_strokes=5	drawing_points=84	render_operations=30	writes=892460	bytes=74717126	frame_hash=4950012875257009881
trace=frame	revision=279	capture_revision=828	capture_count=61	state=1	window=1	semantic_scopes=92	layout_scopes=92	drawing_strokes=5	drawing_points=82	render_operations=30	writes=895708	bytes=74986072	frame_hash=13123715029804069178
trace=frame	revision=280	capture_revision=830	capture_count=62	state=1	window=1	semantic_scopes=92	layout_scopes=92	drawing_strokes=5	drawing_points=78	render_operations=30	writes=898955	bytes=75255038	frame_hash=2874519217671317472
trace=frame	revision=281	capture_revision=833	capture_count=61	state=1	window=1	semantic_scopes=92	layout_scopes=92	drawing_strokes=5	drawing_points=76	render_operations=30	writes=902158	bytes=75523774	frame_hash=10766307011481600323
trace=frame	revision=282	capture_revision=838	capture_count=60	state=1	window=1	semantic_scopes=92	layout_scopes=92	drawing_strokes=5	drawing_points=82	render_operations=30	writes=905359	bytes=75792498	frame_hash=7159682225978405327
trace=frame	revision=283	capture_revision=840	capture_count=61	state=1	window=1	semantic_scopes=92	layout_scopes=92	drawing_strokes=5	drawing_points=82	render_operations=30	writes=908559	bytes=76061198	frame_hash=16496324364477669047
trace=frame	revision=284	capture_revision=843	capture_count=60	state=1	window=1	semantic_scopes=92	layout_scopes=92	drawing_strokes=5	drawing_points=80	render_operations=30	writes=911812	bytes=76330166	frame_hash=6002609152315626951
trace=frame	revision=285	capture_revision=844	capture_count=60	state=1	window=1	semantic_scopes=92	layout_scopes=92	drawing_strokes=5	drawing_points=80	render_operations=30	writes=915053	bytes=76599068	frame_hash=9430199303720841050
trace=frame	revision=286	capture_revision=847	capture_count=60	state=1	window=1	semantic_scopes=92	layout_scopes=92	drawing_strokes=5	drawing_points=74	render_operations=30	writes=918282	bytes=76867928	frame_hash=13167508206936290873
trace=frame	revision=287	capture_revision=852	capture_count=61	state=1	window=1	semantic_scopes=92	layout_scopes=92	drawing_strokes=5	drawing_points=80	render_operations=30	writes=921503	bytes=77136718	frame_hash=6570736137014974626
trace=frame	revision=288	capture_revision=854	capture_count=61	state=1	window=1	semantic_scopes=92	layout_scopes=92	drawing_strokes=5	drawing_points=82	render_operations=30	writes=924741	bytes=77405570	frame_hash=10076179291296559473
trace=frame	revision=289	capture_revision=857	capture_count=60	state=1	window=1	semantic_scopes=92	layout_scopes=92	drawing_strokes=5	drawing_points=82	render_operations=30	writes=927961	bytes=77674326	frame_hash=11076564050308009107
trace=frame	revision=290	capture_revision=858	capture_count=60	state=1	window=1	semantic_scopes=92	layout_scopes=92	drawing_strokes=5	drawing_points=80	render_operations=30	writes=931203	bytes=77943194	frame_hash=16601793510198156747
trace=frame	revision=291	capture_revision=862	capture_count=59	state=1	window=1	semantic_scopes=92	layout_scopes=92	drawing_strokes=5	drawing_points=76	render_operations=30	writes=934387	bytes=78211828	frame_hash=10053790102811502438
trace=frame	revision=292	capture_revision=868	capture_count=60	state=1	window=1	semantic_scopes=92	layout_scopes=92	drawing_strokes=5	drawing_points=82	render_operations=30	writes=937607	bytes=78480606	frame_hash=15069734510870645102
trace=frame	revision=293	capture_revision=869	capture_count=60	state=1	window=1	semantic_scopes=92	layout_scopes=92	drawing_strokes=5	drawing_points=82	render_operations=30	writes=940821	bytes=78749354	frame_hash=1593699496428238679
trace=frame	revision=294	capture_revision=872	capture_count=59	state=1	window=1	semantic_scopes=92	layout_scopes=92	drawing_strokes=5	drawing_points=84	render_operations=30	writes=944070	bytes=79018242	frame_hash=16296677608923816093
trace=frame	revision=295	capture_revision=875	capture_count=59	state=1	window=1	semantic_scopes=92	layout_scopes=92	drawing_strokes=5	drawing_points=80	render_operations=30	writes=947264	bytes=79286924	frame_hash=15966216276597216896
trace=frame	revision=296	capture_revision=877	capture_count=60	state=1	window=1	semantic_scopes=92	layout_scopes=92	drawing_strokes=5	drawing_points=80	render_operations=30	writes=950476	bytes=79555684	frame_hash=17093666948944232903
trace=frame	revision=297	capture_revision=882	capture_count=61	state=1	window=1	semantic_scopes=92	layout_scopes=92	drawing_strokes=5	drawing_points=82	render_operations=30	writes=953669	bytes=79824332	frame_hash=2304174850930613883
trace=frame	revision=298	capture_revision=885	capture_count=59	state=1	window=1	semantic_scopes=92	layout_scopes=92	drawing_strokes=5	drawing_points=86	render_operations=30	writes=956864	bytes=80093042	frame_hash=4469430224571725202
trace=frame	revision=299	capture_revision=887	capture_count=61	state=1	window=1	semantic_scopes=92	layout_scopes=92	drawing_strokes=5	drawing_points=86	render_operations=30	writes=960058	bytes=80361728	frame_hash=10899561543394785048
trace=frame	revision=300	capture_revision=890	capture_count=60	state=1	window=1	semantic_scopes=92	layout_scopes=92	drawing_strokes=5	drawing_points=78	render_operations=30	writes=963260	bytes=80630490	frame_hash=16177031339216264042
trace=frame	revision=301	capture_revision=892	capture_count=60	state=1	window=1	semantic_scopes=92	layout_scopes=92	drawing_strokes=5	drawing_points=78	render_operations=30	writes=966435	bytes=80899096	frame_hash=18430263103969571154
trace=frame	revision=302	capture_revision=897	capture_count=60	state=1	window=1	semantic_scopes=92	layout_scopes=92	drawing_strokes=5	drawing_points=82	render_operations=30	writes=969674	bytes=81168000	frame_hash=506780920682437291
trace=frame	revision=303	capture_revision=900	capture_count=60	state=1	window=1	semantic_scopes=92	layout_scopes=92	drawing_strokes=5	drawing_points=82	render_operations=30	writes=972890	bytes=81436806	frame_hash=9782040874917104374
trace=frame	revision=304	capture_revision=902	capture_count=59	state=1	window=1	semantic_scopes=92	layout_scopes=92	drawing_strokes=5	drawing_points=82	render_operations=30	writes=976115	bytes=81705660	frame_hash=7293891925972386402
trace=frame	revision=305	capture_revision=904	capture_count=60	state=1	window=1	semantic_scopes=92	layout_scopes=92	drawing_strokes=5	drawing_points=82	render_operations=30	writes=979352	bytes=81974550	frame_hash=5792189465617765862
trace=frame	revision=306	capture_revision=906	capture_count=59	state=1	window=1	semantic_scopes=92	layout_scopes=92	drawing_strokes=5	drawing_points=74	render_operations=30	writes=982493	bytes=82243052	frame_hash=3232392505431270632
trace=frame	revision=307	capture_revision=910	capture_count=59	state=1	window=1	semantic_scopes=92	layout_scopes=92	drawing_strokes=5	drawing_points=78	render_operations=30	writes=985692	bytes=82511792	frame_hash=7510773188416067565
trace=frame	revision=308	capture_revision=914	capture_count=60	state=1	window=1	semantic_scopes=92	layout_scopes=92	drawing_strokes=5	drawing_points=82	render_operations=30	writes=988922	bytes=82780668	frame_hash=7549547328425202641
trace=frame	revision=309	capture_revision=916	capture_count=61	state=1	window=1	semantic_scopes=92	layout_scopes=92	drawing_strokes=5	drawing_points=82	render_operations=30	writes=992164	bytes=83049580	frame_hash=12277223583144831821
trace=frame	revision=310	capture_revision=919	capture_count=61	state=1	window=1	semantic_scopes=92	layout_scopes=92	drawing_strokes=5	drawing_points=76	render_operations=30	writes=995293	bytes=83318004	frame_hash=4420594977851674217
trace=frame	revision=311	capture_revision=922	capture_count=61	state=1	window=1	semantic_scopes=92	layout_scopes=92	drawing_strokes=5	drawing_points=76	render_operations=30	writes=998476	bytes=83586668	frame_hash=3036103952058851777
trace=frame	revision=312	capture_revision=927	capture_count=60	state=1	window=1	semantic_scopes=92	layout_scopes=92	drawing_strokes=5	drawing_points=84	render_operations=30	writes=1001718	bytes=83855586	frame_hash=2177604650660530070
trace=frame	revision=313	capture_revision=930	capture_count=61	state=1	window=1	semantic_scopes=92	layout_scopes=92	drawing_strokes=5	drawing_points=84	render_operations=30	writes=1004954	bytes=84124450	frame_hash=7048514766665760939
trace=frame	revision=314	capture_revision=932	capture_count=60	state=1	window=1	semantic_scopes=92	layout_scopes=92	drawing_strokes=5	drawing_points=84	render_operations=30	writes=1008139	bytes=84393102	frame_hash=2619115723297834735
trace=frame	revision=315	capture_revision=935	capture_count=61	state=1	window=1	semantic_scopes=92	layout_scopes=92	drawing_strokes=5	drawing_points=84	render_operations=30	writes=1011366	bytes=84661934	frame_hash=5613939969330430013
trace=frame	revision=316	capture_revision=937	capture_count=60	state=1	window=1	semantic_scopes=92	layout_scopes=92	drawing_strokes=5	drawing_points=78	render_operations=30	writes=1014569	bytes=84930682	frame_hash=11769698319347654539
trace=frame	revision=317	capture_revision=941	capture_count=60	state=1	window=1	semantic_scopes=92	layout_scopes=92	drawing_strokes=5	drawing_points=82	render_operations=30	writes=1017779	bytes=85199422	frame_hash=6546218971402352525
trace=frame	revision=318	capture_revision=945	capture_count=61	state=1	window=1	semantic_scopes=92	layout_scopes=92	drawing_strokes=5	drawing_points=86	render_operations=30	writes=1021047	bytes=85468430	frame_hash=12573353183489218227
trace=frame	revision=319	capture_revision=947	capture_count=60	state=1	window=1	semantic_scopes=92	layout_scopes=92	drawing_strokes=5	drawing_points=82	render_operations=30	writes=1024262	bytes=85737214	frame_hash=7866691929348529551
trace=frame	revision=320	capture_revision=949	capture_count=61	state=1	window=1	semantic_scopes=92	layout_scopes=92	drawing_strokes=5	drawing_points=82	render_operations=30	writes=1027495	bytes=86006076	frame_hash=10478930022513953390
trace=frame	revision=321	capture_revision=953	capture_count=61	state=1	window=1	semantic_scopes=92	layout_scopes=92	drawing_strokes=5	drawing_points=78	render_operations=30	writes=1030682	bytes=86274724	frame_hash=7222485755963489733
trace=frame	revision=322	capture_revision=957	capture_count=61	state=1	window=1	semantic_scopes=92	layout_scopes=92	drawing_strokes=5	drawing_points=84	render_operations=30	writes=1033938	bytes=86543684	frame_hash=6517783159979510259
trace=frame	revision=323	capture_revision=960	capture_count=60	state=1	window=1	semantic_scopes=92	layout_scopes=92	drawing_strokes=5	drawing_points=82	render_operations=30	writes=1037178	bytes=86812572	frame_hash=600889946112612565
trace=frame	revision=324	capture_revision=962	capture_count=61	state=1	window=1	semantic_scopes=92	layout_scopes=92	drawing_strokes=5	drawing_points=82	render_operations=30	writes=1040439	bytes=87081568	frame_hash=4562993579409088801
trace=frame	revision=325	capture_revision=964	capture_count=61	state=1	window=1	semantic_scopes=92	layout_scopes=92	drawing_strokes=5	drawing_points=84	render_operations=30	writes=1043711	bytes=87350584	frame_hash=185234530869910207
trace=frame	revision=326	capture_revision=966	capture_count=61	state=1	window=1	semantic_scopes=92	layout_scopes=92	drawing_strokes=5	drawing_points=76	render_operations=30	writes=1046939	bytes=87619418	frame_hash=7979826219491964444
trace=frame	revision=327	capture_revision=971	capture_count=62	state=1	window=1	semantic_scopes=92	layout_scopes=92	drawing_strokes=5	drawing_points=80	render_operations=30	writes=1050175	bytes=87888278	frame_hash=14881065334537943735
trace=frame	revision=328	capture_revision=973	capture_count=61	state=1	window=1	semantic_scopes=92	layout_scopes=92	drawing_strokes=5	drawing_points=82	render_operations=30	writes=1053427	bytes=88157176	frame_hash=11322857840451704564
trace=frame	revision=329	capture_revision=976	capture_count=60	state=1	window=1	semantic_scopes=92	layout_scopes=92	drawing_strokes=5	drawing_points=82	render_operations=30	writes=1056677	bytes=88426074	frame_hash=17209442924315993362
trace=frame	revision=330	capture_revision=978	capture_count=60	state=1	window=1	semantic_scopes=92	layout_scopes=92	drawing_strokes=5	drawing_points=74	render_operations=30	writes=1059829	bytes=88694580	frame_hash=385944670376890710
trace=frame	revision=331	capture_revision=981	capture_count=61	state=1	window=1	semantic_scopes=92	layout_scopes=92	drawing_strokes=5	drawing_points=76	render_operations=30	writes=1063046	bytes=88963370	frame_hash=10426533447161294556
trace=frame	revision=332	capture_revision=987	capture_count=61	state=1	window=1	semantic_scopes=92	layout_scopes=92	drawing_strokes=5	drawing_points=82	render_operations=30	writes=1066293	bytes=89232280	frame_hash=9434279346874143606
trace=frame	revision=333	capture_revision=989	capture_count=59	state=1	window=1	semantic_scopes=92	layout_scopes=92	drawing_strokes=5	drawing_points=82	render_operations=30	writes=1069552	bytes=89501226	frame_hash=8618412983772041152
trace=frame	revision=334	capture_revision=992	capture_count=60	state=1	window=1	semantic_scopes=92	layout_scopes=92	drawing_strokes=5	drawing_points=84	render_operations=30	writes=1072753	bytes=89769942	frame_hash=17605973089817239303
trace=frame	revision=335	capture_revision=995	capture_count=60	state=1	window=1	semantic_scopes=92	layout_scopes=92	drawing_strokes=5	drawing_points=80	render_operations=30	writes=1075974	bytes=90038750	frame_hash=7659397822332672709
trace=frame	revision=336	capture_revision=997	capture_count=60	state=1	window=1	semantic_scopes=92	layout_scopes=92	drawing_strokes=5	drawing_points=80	render_operations=30	writes=1079204	bytes=90307606	frame_hash=14591655191491923205
trace=frame	revision=337	capture_revision=1002	capture_count=61	state=1	window=1	semantic_scopes=92	layout_scopes=92	drawing_strokes=5	drawing_points=84	render_operations=30	writes=1082447	bytes=90576484	frame_hash=13541555995648772840
trace=frame	revision=338	capture_revision=1004	capture_count=62	state=1	window=1	semantic_scopes=92	layout_scopes=92	drawing_strokes=5	drawing_points=86	render_operations=30	writes=1085740	bytes=90845592	frame_hash=380683211828954861
trace=frame	revision=339	capture_revision=1007	capture_count=61	state=1	window=1	semantic_scopes=92	layout_scopes=92	drawing_strokes=5	drawing_points=86	render_operations=30	writes=1088997	bytes=91114554	frame_hash=7513054691214139864
trace=frame	revision=340	capture_revision=1009	capture_count=60	state=1	window=1	semantic_scopes=92	layout_scopes=92	drawing_strokes=5	drawing_points=78	render_operations=30	writes=1092232	bytes=91383472	frame_hash=1930442737972868722
trace=frame	revision=341	capture_revision=1013	capture_count=60	state=1	window=1	semantic_scopes=92	layout_scopes=92	drawing_strokes=5	drawing_points=80	render_operations=30	writes=1095463	bytes=91652338	frame_hash=4471111359063653016
trace=frame	revision=342	capture_revision=1017	capture_count=61	state=1	window=1	semantic_scopes=92	layout_scopes=92	drawing_strokes=5	drawing_points=84	render_operations=30	writes=1098740	bytes=91921412	frame_hash=3763069349134952028
trace=frame	revision=343	capture_revision=1019	capture_count=60	state=1	window=1	semantic_scopes=92	layout_scopes=92	drawing_strokes=5	drawing_points=82	render_operations=30	writes=1101989	bytes=92190374	frame_hash=8072356574681117610
trace=frame	revision=344	capture_revision=1021	capture_count=60	state=1	window=1	semantic_scopes=92	layout_scopes=92	drawing_strokes=5	drawing_points=82	render_operations=30	writes=1105244	bytes=92459354	frame_hash=9722222790733285371
trace=frame	revision=345	capture_revision=1024	capture_count=60	state=1	window=1	semantic_scopes=92	layout_scopes=92	drawing_strokes=5	drawing_points=78	render_operations=30	writes=1108459	bytes=92728150	frame_hash=15591615924494402481
trace=frame	revision=346	capture_revision=1025	capture_count=61	state=1	window=1	semantic_scopes=92	layout_scopes=92	drawing_strokes=5	drawing_points=76	render_operations=30	writes=1111696	bytes=92997058	frame_hash=11780245455662327439
trace=frame	revision=347	capture_revision=1030	capture_count=61	state=1	window=1	semantic_scopes=92	layout_scopes=92	drawing_strokes=5	drawing_points=78	render_operations=30	writes=1114922	bytes=93265924	frame_hash=18085139523439735382
trace=frame	revision=348	capture_revision=1034	capture_count=61	state=1	window=1	semantic_scopes=92	layout_scopes=92	drawing_strokes=5	drawing_points=82	render_operations=30	writes=1118179	bytes=93534926	frame_hash=15565018902936367770
trace=frame	revision=349	capture_revision=1036	capture_count=61	state=1	window=1	semantic_scopes=92	layout_scopes=92	drawing_strokes=5	drawing_points=84	render_operations=30	writes=1121447	bytes=93803948	frame_hash=1463006627723941002
trace=frame	revision=350	capture_revision=1039	capture_count=61	state=1	window=1	semantic_scopes=92	layout_scopes=92	drawing_strokes=5	drawing_points=76	render_operations=30	writes=1124615	bytes=94072558	frame_hash=3897358800148786978
trace=frame	revision=351	capture_revision=1043	capture_count=62	state=1	window=1	semantic_scopes=92	layout_scopes=92	drawing_strokes=5	drawing_points=80	render_operations=30	writes=1127841	bytes=94341406	frame_hash=17832707020723736701
trace=frame	revision=352	capture_revision=1047	capture_count=60	state=1	window=1	semantic_scopes=92	layout_scopes=92	drawing_strokes=5	drawing_points=84	render_operations=30	writes=1131092	bytes=94610354	frame_hash=10105054929512094775
trace=frame	revision=353	capture_revision=1049	capture_count=61	state=1	window=1	semantic_scopes=92	layout_scopes=92	drawing_strokes=5	drawing_points=84	render_operations=30	writes=1134361	bytes=94879374	frame_hash=9734541231391247969
trace=frame	revision=354	capture_revision=1051	capture_count=60	state=1	window=1	semantic_scopes=92	layout_scopes=92	drawing_strokes=5	drawing_points=84	render_operations=30	writes=1137639	bytes=95148442	frame_hash=13649891889474607803
trace=frame	revision=355	capture_revision=1053	capture_count=61	state=1	window=1	semantic_scopes=92	layout_scopes=92	drawing_strokes=5	drawing_points=84	render_operations=30	writes=1140844	bytes=95417166	frame_hash=6508895229164759381
trace=frame	revision=356	capture_revision=1056	capture_count=60	state=1	window=1	semantic_scopes=92	layout_scopes=92	drawing_strokes=5	drawing_points=76	render_operations=30	writes=1144069	bytes=95686026	frame_hash=17475615668164367387
trace=frame	revision=357	capture_revision=1060	capture_count=58	state=1	window=1	semantic_scopes=92	layout_scopes=92	drawing_strokes=5	drawing_points=80	render_operations=30	writes=1147301	bytes=95954878	frame_hash=5935479797329782641
trace=frame	revision=358	capture_revision=1063	capture_count=59	state=1	window=1	semantic_scopes=92	layout_scopes=92	drawing_strokes=5	drawing_points=82	render_operations=30	writes=1150574	bytes=96223924	frame_hash=15164476249392980072
trace=frame	revision=359	capture_revision=1065	capture_count=58	state=1	window=1	semantic_scopes=92	layout_scopes=92	drawing_strokes=5	drawing_points=78	render_operations=30	writes=1153806	bytes=96492806	frame_hash=6516255269082971316
trace=frame	revision=360	capture_revision=1067	capture_count=59	state=1	window=1	semantic_scopes=92	layout_scopes=92	drawing_strokes=5	drawing_points=78	render_operations=30	writes=1157043	bytes=96761682	frame_hash=1889334884649030461
trace=frame	revision=361	capture_revision=1072	capture_count=60	state=1	window=1	semantic_scopes=92	layout_scopes=92	drawing_strokes=5	drawing_points=78	render_operations=30	writes=1160263	bytes=97030486	frame_hash=5523383231737897445
trace=frame	revision=362	capture_revision=1076	capture_count=60	state=1	window=1	semantic_scopes=92	layout_scopes=92	drawing_strokes=5	drawing_points=84	render_operations=30	writes=1163540	bytes=97299542	frame_hash=17897405763654382107
trace=frame	revision=363	capture_revision=1079	capture_count=61	state=1	window=1	semantic_scopes=92	layout_scopes=92	drawing_strokes=5	drawing_points=84	render_operations=30	writes=1166811	bytes=97568496	frame_hash=3742224950583971224
trace=frame	revision=364	capture_revision=1081	capture_count=60	state=1	window=1	semantic_scopes=92	layout_scopes=92	drawing_strokes=5	drawing_points=82	render_operations=30	writes=1170083	bytes=97837544	frame_hash=8799646228325509531
trace=frame	revision=365	capture_revision=1083	capture_count=61	state=1	window=1	semantic_scopes=92	layout_scopes=92	drawing_strokes=5	drawing_points=84	render_operations=30	writes=1173366	bytes=98106612	frame_hash=14597208297844710755
trace=frame	revision=366	capture_revision=1085	capture_count=60	state=1	window=1	semantic_scopes=92	layout_scopes=92	drawing_strokes=5	drawing_points=78	render_operations=30	writes=1176628	bytes=98375602	frame_hash=13662778614460183894
trace=frame	revision=367	capture_revision=1091	capture_count=61	state=1	window=1	semantic_scopes=92	layout_scopes=92	drawing_strokes=5	drawing_points=84	render_operations=30	writes=1179881	bytes=98644528	frame_hash=14543235917052539228
trace=frame	revision=368	capture_revision=1093	capture_count=60	state=1	window=1	semantic_scopes=92	layout_scopes=92	drawing_strokes=5	drawing_points=84	render_operations=30	writes=1183143	bytes=98913502	frame_hash=7318846625757847356
trace=frame	revision=369	capture_revision=1096	capture_count=60	state=1	window=1	semantic_scopes=92	layout_scopes=92	drawing_strokes=5	drawing_points=84	render_operations=30	writes=1186423	bytes=99182542	frame_hash=7662459518583968799
trace=frame	revision=370	capture_revision=1098	capture_count=60	state=1	window=1	semantic_scopes=92	layout_scopes=92	drawing_strokes=5	drawing_points=76	render_operations=30	writes=1189583	bytes=99451086	frame_hash=8940278878070111243
trace=frame	revision=371	capture_revision=1102	capture_count=60	state=1	window=1	semantic_scopes=92	layout_scopes=92	drawing_strokes=5	drawing_points=78	render_operations=30	writes=1192790	bytes=99719824	frame_hash=15505160504399873878
trace=frame	revision=372	capture_revision=1107	capture_count=61	state=1	window=1	semantic_scopes=92	layout_scopes=92	drawing_strokes=5	drawing_points=84	render_operations=30	writes=1196057	bytes=99988832	frame_hash=1234742263150299135
trace=frame	revision=373	capture_revision=1108	capture_count=61	state=1	window=1	semantic_scopes=92	layout_scopes=92	drawing_strokes=5	drawing_points=84	render_operations=30	writes=1199312	bytes=100257774	frame_hash=11827135852711533582
trace=frame	revision=374	capture_revision=1111	capture_count=61	state=1	window=1	semantic_scopes=92	layout_scopes=92	drawing_strokes=5	drawing_points=84	render_operations=30	writes=1202579	bytes=100526752	frame_hash=7982274458434943238
trace=frame	revision=375	capture_revision=1114	capture_count=61	state=1	window=1	semantic_scopes=92	layout_scopes=92	drawing_strokes=5	drawing_points=80	render_operations=30	writes=1205803	bytes=100795584	frame_hash=15442685249724282201
trace=frame	revision=376	capture_revision=1116	capture_count=60	state=1	window=1	semantic_scopes=92	layout_scopes=92	drawing_strokes=5	drawing_points=78	render_operations=30	writes=1209019	bytes=101064384	frame_hash=16494260732308609353
trace=frame	revision=377	capture_revision=1121	capture_count=62	state=1	window=1	semantic_scopes=92	layout_scopes=92	drawing_strokes=5	drawing_points=82	render_operations=30	writes=1212242	bytes=101333182	frame_hash=12653064497691573152
trace=frame	revision=378	capture_revision=1123	capture_count=62	state=1	window=1	semantic_scopes=92	layout_scopes=92	drawing_strokes=5	drawing_points=84	render_operations=30	writes=1215515	bytes=101602210	frame_hash=16278496152807214163
trace=frame	revision=379	capture_revision=1126	capture_count=61	state=1	window=1	semantic_scopes=92	layout_scopes=92	drawing_strokes=5	drawing_points=80	render_operations=30	writes=1218743	bytes=101871088	frame_hash=13167595350189933596
trace=frame	revision=380	capture_revision=1128	capture_count=61	state=1	window=1	semantic_scopes=92	layout_scopes=92	drawing_strokes=5	drawing_points=74	render_operations=30	writes=1221947	bytes=102139882	frame_hash=17518035402981239058
trace=frame	revision=381	capture_revision=1132	capture_count=61	state=1	window=1	semantic_scopes=92	layout_scopes=92	drawing_strokes=5	drawing_points=80	render_operations=30	writes=1225169	bytes=102408712	frame_hash=3793869119575404510
trace=frame	revision=382	capture_revision=1137	capture_count=62	state=1	window=1	semantic_scopes=92	layout_scopes=92	drawing_strokes=5	drawing_points=84	render_operations=30	writes=1228443	bytes=102677780	frame_hash=11358350758742933751
trace=frame	revision=383	capture_revision=1140	capture_count=61	state=1	window=1	semantic_scopes=92	layout_scopes=92	drawing_strokes=5	drawing_points=84	render_operations=30	writes=1231694	bytes=102946750	frame_hash=16445682653317029640
trace=frame	revision=384	capture_revision=1141	capture_count=62	state=1	window=1	semantic_scopes=92	layout_scopes=92	drawing_strokes=5	drawing_points=84	render_operations=30	writes=1234957	bytes=103215768	frame_hash=760489144915481358
trace=frame	revision=385	capture_revision=1143	capture_count=60	state=1	window=1	semantic_scopes=92	layout_scopes=92	drawing_strokes=5	drawing_points=80	render_operations=30	writes=1238213	bytes=103484764	frame_hash=13313402745163724445
trace=frame	revision=386	capture_revision=1145	capture_count=62	state=1	window=1	semantic_scopes=92	layout_scopes=92	drawing_strokes=5	drawing_points=78	render_operations=30	writes=1241457	bytes=103753686	frame_hash=9071256452690671030
trace=frame	revision=387	capture_revision=1150	capture_count=60	state=1	window=1	semantic_scopes=92	layout_scopes=92	drawing_strokes=5	drawing_points=82	render_operations=30	writes=1244690	bytes=104022574	frame_hash=12636590056731629343
trace=frame	revision=388	capture_revision=1153	capture_count=60	state=1	window=1	semantic_scopes=92	layout_scopes=92	drawing_strokes=5	drawing_points=82	render_operations=30	writes=1247950	bytes=104291600	frame_hash=6873617448215111210
trace=frame	revision=389	capture_revision=1155	capture_count=59	state=1	window=1	semantic_scopes=92	layout_scopes=92	drawing_strokes=5	drawing_points=78	render_operations=30	writes=1251161	bytes=104560382	frame_hash=11098345363313390932
trace=frame	revision=390	capture_revision=1157	capture_count=60	state=1	window=1	semantic_scopes=92	layout_scopes=92	drawing_strokes=5	drawing_points=76	render_operations=30	writes=1254387	bytes=104829222	frame_hash=16695539644538727307
trace=frame	revision=391	capture_revision=1161	capture_count=60	state=1	window=1	semantic_scopes=92	layout_scopes=92	drawing_strokes=5	drawing_points=74	render_operations=30	writes=1257577	bytes=105097932	frame_hash=9448756941613297000
trace=frame	revision=392	capture_revision=1165	capture_count=61	state=1	window=1	semantic_scopes=92	layout_scopes=92	drawing_strokes=5	drawing_points=80	render_operations=30	writes=1260821	bytes=105366882	frame_hash=5161370379820784386
trace=frame	revision=393	capture_revision=1168	capture_count=60	state=1	window=1	semantic_scopes=92	layout_scopes=92	drawing_strokes=5	drawing_points=82	render_operations=30	writes=1264043	bytes=105635690	frame_hash=11289698748375558385
trace=frame	revision=394	capture_revision=1169	capture_count=61	state=1	window=1	semantic_scopes=92	layout_scopes=92	drawing_strokes=5	drawing_points=80	render_operations=30	writes=1267287	bytes=105904610	frame_hash=7125839584792366697
trace=frame	revision=395	capture_revision=1172	capture_count=58	state=1	window=1	semantic_scopes=92	layout_scopes=92	drawing_strokes=5	drawing_points=76	render_operations=30	writes=1270500	bytes=106173416	frame_hash=5765741623159647566
trace=frame	revision=396	capture_revision=1174	capture_count=59	state=1	window=1	semantic_scopes=92	layout_scopes=92	drawing_strokes=5	drawing_points=74	render_operations=30	writes=1273711	bytes=106442226	frame_hash=13630082948275787018
trace=frame	revision=397	capture_revision=1179	capture_count=59	state=1	window=1	semantic_scopes=92	layout_scopes=92	drawing_strokes=5	drawing_points=82	render_operations=30	writes=1276945	bytes=106711086	frame_hash=478060465720765105
trace=frame	revision=398	capture_revision=1182	capture_count=59	state=1	window=1	semantic_scopes=92	layout_scopes=92	drawing_strokes=5	drawing_points=82	render_operations=30	writes=1280224	bytes=106980162	frame_hash=443217611361140329
trace=frame	revision=399	capture_revision=1184	capture_count=59	state=1	window=1	semantic_scopes=92	layout_scopes=92	drawing_strokes=5	drawing_points=78	render_operations=30	writes=1283447	bytes=107249008	frame_hash=10240182006874396106
trace=frame	revision=400	capture_revision=1186	capture_count=58	state=1	window=1	semantic_scopes=92	layout_scopes=92	drawing_strokes=5	drawing_points=74	render_operations=30	writes=1286657	bytes=107517814	frame_hash=14842578568305118452
trace=frame	revision=401	capture_revision=1190	capture_count=59	state=1	window=1	semantic_scopes=92	layout_scopes=92	drawing_strokes=5	drawing_points=78	render_operations=30	writes=1289873	bytes=107786588	frame_hash=1476766659481561058
trace=frame	revision=402	capture_revision=1194	capture_count=58	state=1	window=1	semantic_scopes=92	layout_scopes=92	drawing_strokes=5	drawing_points=82	render_operations=30	writes=1293151	bytes=108055660	frame_hash=8235019094206410483
trace=frame	revision=403	capture_revision=1197	capture_count=59	state=1	window=1	semantic_scopes=92	layout_scopes=92	drawing_strokes=5	drawing_points=84	render_operations=30	writes=1296423	bytes=108324576	frame_hash=13960560568819087037
trace=frame	revision=404	capture_revision=1199	capture_count=58	state=1	window=1	semantic_scopes=92	layout_scopes=92	drawing_strokes=5	drawing_points=82	render_operations=30	writes=1299708	bytes=108593646	frame_hash=18223446891850461958
trace=frame	revision=405	capture_revision=1201	capture_count=58	state=1	window=1	semantic_scopes=92	layout_scopes=92	drawing_strokes=5	drawing_points=80	render_operations=30	writes=1302993	bytes=108862684	frame_hash=17168101410745186162
trace=frame	revision=406	capture_revision=1203	capture_count=58	state=1	window=1	semantic_scopes=92	layout_scopes=92	drawing_strokes=5	drawing_points=76	render_operations=30	writes=1306256	bytes=109131628	frame_hash=3980751445289461631
trace=frame	revision=407	capture_revision=1209	capture_count=60	state=1	window=1	semantic_scopes=92	layout_scopes=92	drawing_strokes=5	drawing_points=82	render_operations=30	writes=1309527	bytes=109400560	frame_hash=1006947175111209815
trace=frame	revision=408	capture_revision=1211	capture_count=59	state=1	window=1	semantic_scopes=92	layout_scopes=92	drawing_strokes=5	drawing_points=84	render_operations=30	writes=1312830	bytes=109669644	frame_hash=8295295599502371715
trace=frame	revision=409	capture_revision=1214	capture_count=60	state=1	window=1	semantic_scopes=92	layout_scopes=92	drawing_strokes=5	drawing_points=82	render_operations=30	writes=1316115	bytes=109938606	frame_hash=2192486213328939474
trace=frame	revision=410	capture_revision=1216	capture_count=59	state=1	window=1	semantic_scopes=92	layout_scopes=92	drawing_strokes=5	drawing_points=76	render_operations=30	writes=1319320	bytes=110207228	frame_hash=12775383447012419492
trace=frame	revision=411	capture_revision=1220	capture_count=61	state=1	window=1	semantic_scopes=92	layout_scopes=92	drawing_strokes=5	drawing_points=78	render_operations=30	writes=1322584	bytes=110476104	frame_hash=6527758894628266791
trace=frame	revision=412	capture_revision=1225	capture_count=60	state=1	window=1	semantic_scopes=92	layout_scopes=92	drawing_strokes=5	drawing_points=84	render_operations=30	writes=1325884	bytes=110745130	frame_hash=3346269822519765698
trace=frame	revision=413	capture_revision=1226	capture_count=61	state=1	window=1	semantic_scopes=92	layout_scopes=92	drawing_strokes=5	drawing_points=84	render_operations=30	writes=1329172	bytes=111014090	frame_hash=11460616765860830249
trace=frame	revision=414	capture_revision=1229	capture_count=60	state=1	window=1	semantic_scopes=92	layout_scopes=92	drawing_strokes=5	drawing_points=84	render_operations=30	writes=1332493	bytes=111283200	frame_hash=14936159998533334478
trace=frame	revision=415	capture_revision=1231	capture_count=60	state=1	window=1	semantic_scopes=92	layout_scopes=92	drawing_strokes=5	drawing_points=76	render_operations=30	writes=1335734	bytes=111551992	frame_hash=15739497205676697567
trace=frame	revision=416	capture_revision=1233	capture_count=60	state=1	window=1	semantic_scopes=92	layout_scopes=92	drawing_strokes=5	drawing_points=78	render_operations=30	writes=1338992	bytes=111820846	frame_hash=10057393624613408746
trace=frame	revision=417	capture_revision=1238	capture_count=60	state=1	window=1	semantic_scopes=92	layout_scopes=92	drawing_strokes=5	drawing_points=80	render_operations=30	writes=1342255	bytes=112089708	frame_hash=5459783543720974162
trace=frame	revision=418	capture_revision=1240	capture_count=58	state=1	window=1	semantic_scopes=92	layout_scopes=92	drawing_strokes=5	drawing_points=82	render_operations=30	writes=1345568	bytes=112358800	frame_hash=17968674307832397771
trace=frame	revision=419	capture_revision=1243	capture_count=60	state=1	window=1	semantic_scopes=92	layout_scopes=92	drawing_strokes=5	drawing_points=80	render_operations=30	writes=1348832	bytes=112627636	frame_hash=8526475634197898723
trace=frame	revision=420	capture_revision=1245	capture_count=60	state=1	window=1	semantic_scopes=92	layout_scopes=92	drawing_strokes=5	drawing_points=72	render_operations=30	writes=1352076	bytes=112896494	frame_hash=1281182360958761546
trace=frame	revision=421	capture_revision=1250	capture_count=60	state=1	window=1	semantic_scopes=92	layout_scopes=92	drawing_strokes=5	drawing_points=80	render_operations=30	writes=1355343	bytes=113165402	frame_hash=15677072631125719283
trace=frame	revision=422	capture_revision=1253	capture_count=61	state=1	window=1	semantic_scopes=92	layout_scopes=92	drawing_strokes=5	drawing_points=82	render_operations=30	writes=1358654	bytes=113434510	frame_hash=9624241141715402745
trace=frame	revision=423	capture_revision=1256	capture_count=59	state=1	window=1	semantic_scopes=92	layout_scopes=92	drawing_strokes=5	drawing_points=82	render_operations=30	writes=1361939	bytes=113703514	frame_hash=9542001158351843729
trace=frame	revision=424	capture_revision=1258	capture_count=60	state=1	window=1	semantic_scopes=92	layout_scopes=92	drawing_strokes=5	drawing_points=84	render_operations=30	writes=1365252	bytes=113972616	frame_hash=10722553703701041084
trace=frame	revision=425	capture_revision=1260	capture_count=60	state=1	window=1	semantic_scopes=92	layout_scopes=92	drawing_strokes=5	drawing_points=80	render_operations=30	writes=1368546	bytes=114241636	frame_hash=3375317109489850985
trace=frame	revision=426	capture_revision=1262	capture_count=60	state=1	window=1	semantic_scopes=92	layout_scopes=92	drawing_strokes=5	drawing_points=78	render_operations=30	writes=1371830	bytes=114510630	frame_hash=1063302102689909306
trace=frame	revision=427	capture_revision=1268	capture_count=59	state=1	window=1	semantic_scopes=92	layout_scopes=92	drawing_strokes=5	drawing_points=82	render_operations=30	writes=1375120	bytes=114779656	frame_hash=2818692907902249130
trace=frame	revision=428	capture_revision=1270	capture_count=59	state=1	window=1	semantic_scopes=92	layout_scopes=92	drawing_strokes=5	drawing_points=82	render_operations=30	writes=1378419	bytes=115048730	frame_hash=11915912190119638436
trace=frame	revision=429	capture_revision=1272	capture_count=60	state=1	window=1	semantic_scopes=92	layout_scopes=92	drawing_strokes=5	drawing_points=84	render_operations=30	writes=1381729	bytes=115317824	frame_hash=11541630329915202578
trace=frame	revision=430	capture_revision=1274	capture_count=59	state=1	window=1	semantic_scopes=92	layout_scopes=92	drawing_strokes=5	drawing_points=76	render_operations=30	writes=1385007	bytes=115586796	frame_hash=14389932562246829423
trace=frame	revision=431	capture_revision=1280	capture_count=60	state=1	window=1	semantic_scopes=92	layout_scopes=92	drawing_strokes=5	drawing_points=80	render_operations=30	writes=1388281	bytes=115855746	frame_hash=7521486635860217422
trace=frame	revision=432	capture_revision=1283	capture_count=58	state=1	window=1	semantic_scopes=92	layout_scopes=92	drawing_strokes=5	drawing_points=82	render_operations=30	writes=1391563	bytes=116124722	frame_hash=1253632667488491033
trace=frame	revision=433	capture_revision=1285	capture_count=59	state=1	window=1	semantic_scopes=92	layout_scopes=92	drawing_strokes=5	drawing_points=82	render_operations=30	writes=1394863	bytes=116393770	frame_hash=13058601806186769303
trace=frame	revision=434	capture_revision=1287	capture_count=61	state=1	window=1	semantic_scopes=92	layout_scopes=92	drawing_strokes=5	drawing_points=84	render_operations=30	writes=1398185	bytes=116662892	frame_hash=7276216613754316092
trace=frame	revision=435	capture_revision=1290	capture_count=60	state=1	window=1	semantic_scopes=92	layout_scopes=92	drawing_strokes=5	drawing_points=84	render_operations=30	writes=1401426	bytes=116931658	frame_hash=16910826227926591344
trace=frame	revision=436	capture_revision=1293	capture_count=60	state=1	window=1	semantic_scopes=92	layout_scopes=92	drawing_strokes=5	drawing_points=78	render_operations=30	writes=1404710	bytes=117200664	frame_hash=12072225636270983812
trace=frame	revision=437	capture_revision=1298	capture_count=61	state=1	window=1	semantic_scopes=92	layout_scopes=92	drawing_strokes=5	drawing_points=84	render_operations=30	writes=1408006	bytes=117469676	frame_hash=3272799502111922085
trace=frame	revision=438	capture_revision=1301	capture_count=61	state=1	window=1	semantic_scopes=92	layout_scopes=92	drawing_strokes=5	drawing_points=86	render_operations=30	writes=1411276	bytes=117738596	frame_hash=7167958308779651285
trace=frame	revision=439	capture_revision=1303	capture_count=60	state=1	window=1	semantic_scopes=92	layout_scopes=92	drawing_strokes=5	drawing_points=80	render_operations=30	writes=1414561	bytes=118007594	frame_hash=8626463306564199512
trace=frame	revision=440	capture_revision=1305	capture_count=62	state=1	window=1	semantic_scopes=92	layout_scopes=92	drawing_strokes=5	drawing_points=80	render_operations=30	writes=1417852	bytes=118276610	frame_hash=7273615141382915619
trace=frame	revision=441	capture_revision=1310	capture_count=61	state=1	window=1	semantic_scopes=92	layout_scopes=92	drawing_strokes=5	drawing_points=82	render_operations=30	writes=1421124	bytes=118545514	frame_hash=15098922555851343479
trace=frame	revision=442	capture_revision=1313	capture_count=62	state=1	window=1	semantic_scopes=92	layout_scopes=92	drawing_strokes=5	drawing_points=84	render_operations=30	writes=1424452	bytes=118814678	frame_hash=5456089984107647605
trace=frame	revision=443	capture_revision=1316	capture_count=60	state=1	window=1	semantic_scopes=92	layout_scopes=92	drawing_strokes=5	drawing_points=84	render_operations=30	writes=1427754	bytes=119083720	frame_hash=1205861878678921284
trace=frame	revision=444	capture_revision=1318	capture_count=60	state=1	window=1	semantic_scopes=92	layout_scopes=92	drawing_strokes=5	drawing_points=82	render_operations=30	writes=1431054	bytes=119352766	frame_hash=3828653358244515382
trace=frame	revision=445	capture_revision=1320	capture_count=61	state=1	window=1	semantic_scopes=92	layout_scopes=92	drawing_strokes=5	drawing_points=82	render_operations=30	writes=1434348	bytes=119621776	frame_hash=12426715963421453584
trace=frame	revision=446	capture_revision=1323	capture_count=61	state=1	window=1	semantic_scopes=92	layout_scopes=92	drawing_strokes=5	drawing_points=78	render_operations=30	writes=1437641	bytes=119890788	frame_hash=13109290017680901905
trace=frame	revision=447	capture_revision=1328	capture_count=61	state=1	window=1	semantic_scopes=92	layout_scopes=92	drawing_strokes=5	drawing_points=82	render_operations=30	writes=1440903	bytes=120159624	frame_hash=16492783878822235703
trace=frame	revision=448	capture_revision=1331	capture_count=61	state=1	window=1	semantic_scopes=92	layout_scopes=92	drawing_strokes=5	drawing_points=84	render_operations=30	writes=1444185	bytes=120428546	frame_hash=13940987487917829552
trace=frame	revision=449	capture_revision=1333	capture_count=61	state=1	window=1	semantic_scopes=92	layout_scopes=92	drawing_strokes=5	drawing_points=82	render_operations=30	writes=1447474	bytes=120697496	frame_hash=9915469539044142750
trace=frame	revision=450	capture_revision=1335	capture_count=61	state=1	window=1	semantic_scopes=92	layout_scopes=92	drawing_strokes=5	drawing_points=76	render_operations=30	writes=1450742	bytes=120966368	frame_hash=17322738554894472911
trace=frame	revision=451	capture_revision=1341	capture_count=62	state=1	window=1	semantic_scopes=92	layout_scopes=92	drawing_strokes=5	drawing_points=82	render_operations=30	writes=1453995	bytes=121235164	frame_hash=1796315394903669751
trace=frame	revision=452	capture_revision=1344	capture_count=62	state=1	window=1	semantic_scopes=92	layout_scopes=92	drawing_strokes=5	drawing_points=84	render_operations=30	writes=1457274	bytes=121504082	frame_hash=10317738677573625736
trace=frame	revision=453	capture_revision=1346	capture_count=61	state=1	window=1	semantic_scopes=92	layout_scopes=92	drawing_strokes=5	drawing_points=84	render_operations=30	writes=1460538	bytes=121772904	frame_hash=2373751341833521446
trace=frame	revision=454	capture_revision=1348	capture_count=61	state=1	window=1	semantic_scopes=92	layout_scopes=92	drawing_strokes=5	drawing_points=84	render_operations=30	writes=1463829	bytes=122041852	frame_hash=6117899182271793541
trace=frame	revision=455	capture_revision=1351	capture_count=61	state=1	window=1	semantic_scopes=92	layout_scopes=92	drawing_strokes=5	drawing_points=78	render_operations=30	writes=1467054	bytes=122310550	frame_hash=4437526121221910180
trace=frame	revision=456	capture_revision=1354	capture_count=61	state=1	window=1	semantic_scopes=92	layout_scopes=92	drawing_strokes=5	drawing_points=78	render_operations=30	writes=1470300	bytes=122579350	frame_hash=18030027854354022371
trace=frame	revision=457	capture_revision=1359	capture_count=62	state=1	window=1	semantic_scopes=92	layout_scopes=92	drawing_strokes=5	drawing_points=84	render_operations=30	writes=1473552	bytes=122848132	frame_hash=11962506444179802254
trace=frame	revision=458	capture_revision=1360	capture_count=62	state=1	window=1	semantic_scopes=92	layout_scopes=92	drawing_strokes=5	drawing_points=84	render_operations=30	writes=1476837	bytes=123117070	frame_hash=4406601721140796768
trace=frame	revision=459	capture_revision=1363	capture_count=60	state=1	window=1	semantic_scopes=92	layout_scopes=92	drawing_strokes=5	drawing_points=76	render_operations=30	writes=1480067	bytes=123385830	frame_hash=7533977025992540035
trace=frame	revision=460	capture_revision=1365	capture_count=60	state=1	window=1	semantic_scopes=92	layout_scopes=92	drawing_strokes=5	drawing_points=74	render_operations=30	writes=1483295	bytes=123654594	frame_hash=12207661458809193691
trace=frame	revision=461	capture_revision=1370	capture_count=61	state=1	window=1	semantic_scopes=92	layout_scopes=92	drawing_strokes=5	drawing_points=80	render_operations=30	writes=1486523	bytes=123923304	frame_hash=7969934839365433454
trace=frame	revision=462	capture_revision=1373	capture_count=61	state=1	window=1	semantic_scopes=92	layout_scopes=92	drawing_strokes=5	drawing_points=82	render_operations=30	writes=1489807	bytes=124192274	frame_hash=1241216853714359718
trace=frame	revision=463	capture_revision=1376	capture_count=61	state=1	window=1	semantic_scopes=92	layout_scopes=92	drawing_strokes=5	drawing_points=82	render_operations=30	writes=1493065	bytes=124461140	frame_hash=8142028301628189644
trace=frame	revision=464	capture_revision=1378	capture_count=61	state=1	window=1	semantic_scopes=92	layout_scopes=92	drawing_strokes=5	drawing_points=84	render_operations=30	writes=1496340	bytes=124730068	frame_hash=12789030577686395355
trace=frame	revision=465	capture_revision=1381	capture_count=61	state=1	window=1	semantic_scopes=92	layout_scopes=92	drawing_strokes=5	drawing_points=80	render_operations=30	writes=1499614	bytes=124999004	frame_hash=7147437502229290449
trace=frame	revision=466	capture_revision=1384	capture_count=61	state=1	window=1	semantic_scopes=92	layout_scopes=92	drawing_strokes=5	drawing_points=80	render_operations=30	writes=1502818	bytes=125267638	frame_hash=3424608965887245872
trace=frame	revision=467	capture_revision=1388	capture_count=62	state=1	window=1	semantic_scopes=92	layout_scopes=92	drawing_strokes=5	drawing_points=84	render_operations=30	writes=1506077	bytes=125536420	frame_hash=11400065567834249954
trace=frame	revision=468	capture_revision=1391	capture_count=61	state=1	window=1	semantic_scopes=92	layout_scopes=92	drawing_strokes=5	drawing_points=84	render_operations=30	writes=1509366	bytes=125805430	frame_hash=3572141982536389980
trace=frame	revision=469	capture_revision=1393	capture_count=61	state=1	window=1	semantic_scopes=92	layout_scopes=92	drawing_strokes=5	drawing_points=82	render_operations=30	writes=1512644	bytes=126074372	frame_hash=13522961983010335388
trace=frame	revision=470	capture_revision=1396	capture_count=61	state=1	window=1	semantic_scopes=92	layout_scopes=92	drawing_strokes=5	drawing_points=78	render_operations=30	writes=1515903	bytes=126343244	frame_hash=10266530884767299221
trace=frame	revision=471	capture_revision=1401	capture_count=61	state=1	window=1	semantic_scopes=92	layout_scopes=92	drawing_strokes=5	drawing_points=82	render_operations=30	writes=1519167	bytes=126612130	frame_hash=15764480695052911476
trace=frame	revision=472	capture_revision=1404	capture_count=61	state=1	window=1	semantic_scopes=92	layout_scopes=92	drawing_strokes=5	drawing_points=84	render_operations=30	writes=1522445	bytes=126881078	frame_hash=12996080516668414107
trace=frame	revision=473	capture_revision=1407	capture_count=62	state=1	window=1	semantic_scopes=92	layout_scopes=92	drawing_strokes=5	drawing_points=84	render_operations=30	writes=1525729	bytes=127150032	frame_hash=16738356885554936322
trace=frame	revision=474	capture_revision=1408	capture_count=62	state=1	window=1	semantic_scopes=92	layout_scopes=92	drawing_strokes=5	drawing_points=84	render_operations=30	writes=1529019	bytes=127419010	frame_hash=8231888596034274624
trace=frame	revision=475	capture_revision=1411	capture_count=61	state=1	window=1	semantic_scopes=92	layout_scopes=92	drawing_strokes=5	drawing_points=78	render_operations=30	writes=1532252	bytes=127687680	frame_hash=4924184187229262486
trace=frame	revision=476	capture_revision=1414	capture_count=61	state=1	window=1	semantic_scopes=92	layout_scopes=92	drawing_strokes=5	drawing_points=78	render_operations=30	writes=1535497	bytes=127956482	frame_hash=5143010987450644162
trace=frame	revision=477	capture_revision=1418	capture_count=61	state=1	window=1	semantic_scopes=92	layout_scopes=92	drawing_strokes=5	drawing_points=82	render_operations=30	writes=1538782	bytes=128225444	frame_hash=5970980772467305746
trace=frame	revision=478	capture_revision=1421	capture_count=61	state=1	window=1	semantic_scopes=92	layout_scopes=92	drawing_strokes=5	drawing_points=84	render_operations=30	writes=1542081	bytes=128494468	frame_hash=12326226822250487643
trace=frame	revision=479	capture_revision=1423	capture_count=61	state=1	window=1	semantic_scopes=92	layout_scopes=92	drawing_strokes=5	drawing_points=76	render_operations=30	writes=1545305	bytes=128763180	frame_hash=11253288287618647937
trace=frame	revision=480	capture_revision=1425	capture_count=61	state=1	window=1	semantic_scopes=92	layout_scopes=92	drawing_strokes=5	drawing_points=74	render_operations=30	writes=1548539	bytes=129031956	frame_hash=12673723765648810535
trace=frame	revision=481	capture_revision=1431	capture_count=61	state=1	window=1	semantic_scopes=92	layout_scopes=92	drawing_strokes=5	drawing_points=80	render_operations=30	writes=1551779	bytes=129300708	frame_hash=6484531131810423659
trace=frame	revision=482	capture_revision=1433	capture_count=62	state=1	window=1	semantic_scopes=92	layout_scopes=92	drawing_strokes=5	drawing_points=82	render_operations=30	writes=1555069	bytes=129569690	frame_hash=14138801556643595444
trace=frame	revision=483	capture_revision=1436	capture_count=61	state=1	window=1	semantic_scopes=92	layout_scopes=92	drawing_strokes=5	drawing_points=82	render_operations=30	writes=1558343	bytes=129838626	frame_hash=3980289928776921539
trace=frame	revision=484	capture_revision=1438	capture_count=60	state=1	window=1	semantic_scopes=92	layout_scopes=92	drawing_strokes=5	drawing_points=82	render_operations=30	writes=1561638	bytes=130107670	frame_hash=3753366056288905193
trace=frame	revision=485	capture_revision=1440	capture_count=61	state=1	window=1	semantic_scopes=92	layout_scopes=92	drawing_strokes=5	drawing_points=82	render_operations=30	writes=1564915	bytes=130376618	frame_hash=2584624625097669011
trace=frame	revision=486	capture_revision=1444	capture_count=62	state=1	window=1	semantic_scopes=92	layout_scopes=92	drawing_strokes=5	drawing_points=78	render_operations=30	writes=1568112	bytes=130645230	frame_hash=6930829555065142791
trace=frame	revision=487	capture_revision=1448	capture_count=60	state=1	window=1	semantic_scopes=92	layout_scopes=92	drawing_strokes=5	drawing_points=82	render_operations=30	writes=1571379	bytes=130914140	frame_hash=2393617244583691306
trace=frame	revision=488	capture_revision=1450	capture_count=60	state=1	window=1	semantic_scopes=92	layout_scopes=92	drawing_strokes=5	drawing_points=84	render_operations=30	writes=1574663	bytes=131183112	frame_hash=8330820777236776723
trace=frame	revision=489	capture_revision=1453	capture_count=60	state=1	window=1	semantic_scopes=92	layout_scopes=92	drawing_strokes=5	drawing_points=76	render_operations=30	writes=1577885	bytes=131451812	frame_hash=15624513132559889473
trace=frame	revision=490	capture_revision=1454	capture_count=61	state=1	window=1	semantic_scopes=92	layout_scopes=92	drawing_strokes=5	drawing_points=76	render_operations=30	writes=1581140	bytes=131720668	frame_hash=3477270585778712815
trace=frame	revision=491	capture_revision=1460	capture_count=61	state=1	window=1	semantic_scopes=92	layout_scopes=92	drawing_strokes=5	drawing_points=82	render_operations=30	writes=1584401	bytes=131989560	frame_hash=6966702285137392867
trace=frame	revision=492	capture_revision=1463	capture_count=59	state=1	window=1	semantic_scopes=92	layout_scopes=92	drawing_strokes=5	drawing_points=82	render_operations=30	writes=1587666	bytes=132258494	frame_hash=27704516856983232
trace=frame	revision=493	capture_revision=1465	capture_count=58	state=1	window=1	semantic_scopes=92	layout_scopes=92	drawing_strokes=5	drawing_points=82	render_operations=30	writes=1590916	bytes=132527332	frame_hash=9048614017592337196
trace=frame	revision=494	capture_revision=1467	capture_count=59	state=1	window=1	semantic_scopes=92	layout_scopes=92	drawing_strokes=5	drawing_points=80	render_operations=30	writes=1594194	bytes=132796312	frame_hash=8511042900537665713
trace=frame	revision=495	capture_revision=1469	capture_count=58	state=1	window=1	semantic_scopes=92	layout_scopes=92	drawing_strokes=5	drawing_points=74	render_operations=30	writes=1597400	bytes=133065012	frame_hash=650666053185932681
trace=frame	revision=496	capture_revision=1472	capture_count=59	state=1	window=1	semantic_scopes=92	layout_scopes=92	drawing_strokes=5	drawing_points=76	render_operations=30	writes=1600626	bytes=133333798	frame_hash=2378188564734696656
trace=frame	revision=497	capture_revision=1476	capture_count=60	state=1	window=1	semantic_scopes=92	layout_scopes=92	drawing_strokes=5	drawing_points=80	render_operations=30	writes=1603891	bytes=133602720	frame_hash=14921071944852821224
trace=frame	revision=498	capture_revision=1478	capture_count=58	state=1	window=1	semantic_scopes=92	layout_scopes=92	drawing_strokes=5	drawing_points=80	render_operations=30	writes=1607169	bytes=133871720	frame_hash=16865067764254925975
trace=frame	revision=499	capture_revision=1481	capture_count=59	state=1	window=1	semantic_scopes=92	layout_scopes=92	drawing_strokes=5	drawing_points=76	render_operations=30	writes=1610387	bytes=134140420	frame_hash=563202603038254011
trace=frame	revision=500	capture_revision=1483	capture_count=58	state=1	window=1	semantic_scopes=92	layout_scopes=92	drawing_strokes=5	drawing_points=72	render_operations=30	writes=1613607	bytes=134409230	frame_hash=1596673408589445974
trace=frame	revision=501	capture_revision=1489	capture_count=58	state=1	window=1	semantic_scopes=92	layout_scopes=92	drawing_strokes=5	drawing_points=80	render_operations=30	writes=1616856	bytes=134678120	frame_hash=17481595830374423122
trace=frame	revision=502	capture_revision=1492	capture_count=59	state=1	window=1	semantic_scopes=92	layout_scopes=92	drawing_strokes=5	drawing_points=82	render_operations=30	writes=1620134	bytes=134947144	frame_hash=17758901887797424221
trace=frame	revision=503	capture_revision=1495	capture_count=59	state=1	window=1	semantic_scopes=92	layout_scopes=92	drawing_strokes=5	drawing_points=84	render_operations=30	writes=1623412	bytes=135216174	frame_hash=4840921716283377770
trace=frame	revision=504	capture_revision=1496	capture_count=60	state=1	window=1	semantic_scopes=92	layout_scopes=92	drawing_strokes=5	drawing_points=84	render_operations=30	writes=1626702	bytes=135485252	frame_hash=5709294954852363350
trace=frame	revision=505	capture_revision=1499	capture_count=59	state=1	window=1	semantic_scopes=92	layout_scopes=92	drawing_strokes=5	drawing_points=78	render_operations=30	writes=1629956	bytes=135754174	frame_hash=7683165247902445070
trace=frame	revision=506	capture_revision=1501	capture_count=58	state=1	window=1	semantic_scopes=92	layout_scopes=92	drawing_strokes=5	drawing_points=78	render_operations=30	writes=1633207	bytes=136023084	frame_hash=598905707799684786
trace=frame	revision=507	capture_revision=1506	capture_count=60	state=1	window=1	semantic_scopes=92	layout_scopes=92	drawing_strokes=5	drawing_points=84	render_operations=30	writes=1636481	bytes=136292016	frame_hash=8726035367780073669
trace=frame	revision=508	capture_revision=1509	capture_count=59	state=1	window=1	semantic_scopes=92	layout_scopes=92	drawing_strokes=5	drawing_points=84	render_operations=30	writes=1639755	bytes=136561020	frame_hash=2375109622324710383
trace=frame	revision=509	capture_revision=1510	capture_count=60	state=1	window=1	semantic_scopes=92	layout_scopes=92	drawing_strokes=5	drawing_points=82	render_operations=30	writes=1643012	bytes=136829950	frame_hash=18092187303868671554
trace=frame	revision=510	capture_revision=1514	capture_count=60	state=1	window=1	semantic_scopes=92	layout_scopes=92	drawing_strokes=5	drawing_points=76	render_operations=30	writes=1646204	bytes=137098614	frame_hash=3862348794423889061
trace=frame	revision=511	capture_revision=1519	capture_count=59	state=1	window=1	semantic_scopes=92	layout_scopes=92	drawing_strokes=5	drawing_points=80	render_operations=30	writes=1649448	bytes=137367486	frame_hash=4539047476850354031
trace=frame	revision=512	capture_revision=1521	capture_count=58	state=1	window=1	semantic_scopes=92	layout_scopes=92	drawing_strokes=5	drawing_points=82	render_operations=30	writes=1652706	bytes=137636414	frame_hash=16331115152996112295
trace=frame	revision=513	capture_revision=1523	capture_count=59	state=1	window=1	semantic_scopes=92	layout_scopes=92	drawing_strokes=5	drawing_points=80	render_operations=30	writes=1655971	bytes=137905370	frame_hash=7462638034594385595
trace=frame	revision=514	capture_revision=1525	capture_count=59	state=1	window=1	semantic_scopes=92	layout_scopes=92	drawing_strokes=5	drawing_points=82	render_operations=30	writes=1659259	bytes=138174424	frame_hash=3088845808596627598
trace=frame	revision=515	capture_revision=1528	capture_count=60	state=1	window=1	semantic_scopes=92	layout_scopes=92	drawing_strokes=5	drawing_points=78	render_operations=30	writes=1662489	bytes=138443154	frame_hash=13213412353937816850
trace=frame	revision=516	capture_revision=1531	capture_count=60	state=1	window=1	semantic_scopes=92	layout_scopes=92	drawing_strokes=5	drawing_points=78	render_operations=30	writes=1665749	bytes=138712112	frame_hash=12860137115270315586
trace=frame	revision=517	capture_revision=1535	capture_count=59	state=1	window=1	semantic_scopes=92	layout_scopes=92	drawing_strokes=5	drawing_points=82	render_operations=30	writes=1669043	bytes=138981194	frame_hash=643182035867605226
trace=frame	revision=518	capture_revision=1537	capture_count=60	state=1	window=1	semantic_scopes=92	layout_scopes=92	drawing_strokes=5	drawing_points=82	render_operations=30	writes=1672337	bytes=139250270	frame_hash=6786674256774307329
trace=frame	revision=519	capture_revision=1540	capture_count=59	state=1	window=1	semantic_scopes=92	layout_scopes=92	drawing_strokes=5	drawing_points=76	render_operations=30	writes=1675570	bytes=139519102	frame_hash=9152826217491870537
trace=frame	revision=520	capture_revision=1542	capture_count=59	state=1	window=1	semantic_scopes=92	layout_scopes=92	drawing_strokes=5	drawing_points=74	render_operations=30	writes=1678795	bytes=139787902	frame_hash=14193515048885166477
trace=frame	revision=521	capture_revision=1548	capture_count=60	state=1	window=1	semantic_scopes=92	layout_scopes=92	drawing_strokes=5	drawing_points=82	render_operations=30	writes=1682055	bytes=140056818	frame_hash=11528850369331684553
trace=frame	revision=522	capture_revision=1549	capture_count=60	state=1	window=1	semantic_scopes=92	layout_scopes=92	drawing_strokes=5	drawing_points=82	render_operations=30	writes=1685347	bytes=140325866	frame_hash=392182377188099257
trace=frame	revision=523	capture_revision=1552	capture_count=58	state=1	window=1	semantic_scopes=92	layout_scopes=92	drawing_strokes=5	drawing_points=80	render_operations=30	writes=1688611	bytes=140594734	frame_hash=8971032443872570365
trace=frame	revision=524	capture_revision=1555	capture_count=59	state=1	window=1	semantic_scopes=92	layout_scopes=92	drawing_strokes=5	drawing_points=80	render_operations=30	writes=1691887	bytes=140863734	frame_hash=4466530414503605857
trace=frame	revision=525	capture_revision=1556	capture_count=60	state=1	window=1	semantic_scopes=92	layout_scopes=92	drawing_strokes=5	drawing_points=80	render_operations=30	writes=1695156	bytes=141132680	frame_hash=15175252326053376996
trace=frame	revision=526	capture_revision=1560	capture_count=60	state=1	window=1	semantic_scopes=92	layout_scopes=92	drawing_strokes=5	drawing_points=78	render_operations=30	writes=1698430	bytes=141401666	frame_hash=13211066846771245716
trace=frame	revision=527	capture_revision=1565	capture_count=59	state=1	window=1	semantic_scopes=92	layout_scopes=92	drawing_strokes=5	drawing_points=82	render_operations=30	writes=1701696	bytes=141670588	frame_hash=4785061847049869128
trace=frame	revision=528	capture_revision=1566	capture_count=60	state=1	window=1	semantic_scopes=92	layout_scopes=92	drawing_strokes=5	drawing_points=82	render_operations=30	writes=1704974	bytes=141939558	frame_hash=814838529406959676
trace=frame	revision=529	capture_revision=1569	capture_count=59	state=1	window=1	semantic_scopes=92	layout_scopes=92	drawing_strokes=5	drawing_points=78	render_operations=30	writes=1708239	bytes=142208476	frame_hash=14824664762651425790
trace=frame	revision=530	capture_revision=1571	capture_count=58	state=1	window=1	semantic_scopes=92	layout_scopes=92	drawing_strokes=5	drawing_points=76	render_operations=30	writes=1711432	bytes=142477098	frame_hash=1298584648447394982
trace=frame	revision=531	capture_revision=1577	capture_count=59	state=1	window=1	semantic_scopes=92	layout_scopes=92	drawing_strokes=5	drawing_points=82	render_operations=30	writes=1714694	bytes=142746002	frame_hash=9816101292367965095
trace=frame	revision=532	capture_revision=1579	capture_count=59	state=1	window=1	semantic_scopes=92	layout_scopes=92	drawing_strokes=5	drawing_points=82	render_operations=30	writes=1717977	bytes=143015014	frame_hash=16460283056046213129
trace=frame	revision=533	capture_revision=1581	capture_count=58	state=1	window=1	semantic_scopes=92	layout_scopes=92	drawing_strokes=5	drawing_points=82	render_operations=30	writes=1721233	bytes=143283870	frame_hash=2045518435182859989
trace=frame	revision=534	capture_revision=1583	capture_count=58	state=1	window=1	semantic_scopes=92	layout_scopes=92	drawing_strokes=5	drawing_points=82	render_operations=30	writes=1724516	bytes=143552852	frame_hash=13275051797447278656
trace=frame	revision=535	capture_revision=1585	capture_count=57	state=1	window=1	semantic_scopes=92	layout_scopes=92	drawing_strokes=5	drawing_points=72	render_operations=30	writes=1727717	bytes=143821526	frame_hash=9483344062726297126
trace=frame	revision=536	capture_revision=1589	capture_count=58	state=1	window=1	semantic_scopes=92	layout_scopes=92	drawing_strokes=5	drawing_points=78	render_operations=30	writes=1730966	bytes=144090404	frame_hash=4683016588564526718
trace=frame	revision=537	capture_revision=1593	capture_count=59	state=1	window=1	semantic_scopes=92	layout_scopes=92	drawing_strokes=5	drawing_points=82	render_operations=30	writes=1734242	bytes=144359358	frame_hash=13319286413907728008
trace=frame	revision=538	capture_revision=1595	capture_count=59	state=1	window=1	semantic_scopes=92	layout_scopes=92	drawing_strokes=5	drawing_points=82	render_operations=30	writes=1737531	bytes=144628390	frame_hash=7380359110405767173
trace=frame	revision=539	capture_revision=1598	capture_count=59	state=1	window=1	semantic_scopes=92	layout_scopes=92	drawing_strokes=5	drawing_points=80	render_operations=30	writes=1740783	bytes=144897226	frame_hash=1525507862674745785
trace=frame	revision=540	capture_revision=1602	capture_count=61	state=1	window=1	semantic_scopes=92	layout_scopes=92	drawing_strokes=5	drawing_points=78	render_operations=30	writes=1744030	bytes=145166120	frame_hash=14839477329353594414
trace=frame	revision=541	capture_revision=1606	capture_count=59	state=1	window=1	semantic_scopes=92	layout_scopes=92	drawing_strokes=5	drawing_points=84	render_operations=30	writes=1747301	bytes=145435086	frame_hash=11075601899020885858
trace=frame	revision=542	capture_revision=1609	capture_count=60	state=1	window=1	semantic_scopes=92	layout_scopes=92	drawing_strokes=5	drawing_points=84	render_operations=30	writes=1750602	bytes=145704202	frame_hash=6923753792968124795
trace=frame	revision=543	capture_revision=1612	capture_count=60	state=1	window=1	semantic_scopes=92	layout_scopes=92	drawing_strokes=5	drawing_points=86	render_operations=30	writes=1753891	bytes=145973264	frame_hash=525994524009066116
trace=frame	revision=544	capture_revision=1614	capture_count=59	state=1	window=1	semantic_scopes=92	layout_scopes=92	drawing_strokes=5	drawing_points=84	render_operations=30	writes=1757171	bytes=146242270	frame_hash=15093105957825696688
trace=frame	revision=545	capture_revision=1616	capture_count=60	state=1	window=1	semantic_scopes=92	layout_scopes=92	drawing_strokes=5	drawing_points=78	render_operations=30	writes=1760437	bytes=146511240	frame_hash=4001914010831072482
trace=frame	revision=546	capture_revision=1619	capture_count=59	state=1	window=1	semantic_scopes=92	layout_scopes=92	drawing_strokes=5	drawing_points=80	render_operations=30	writes=1763656	bytes=146780012	frame_hash=7050295221639526419
trace=frame	revision=547	capture_revision=1623	capture_count=60	state=1	window=1	semantic_scopes=92	layout_scopes=92	drawing_strokes=5	drawing_points=84	render_operations=30	writes=1766930	bytes=147048932	frame_hash=4285044571734739981
trace=frame	revision=548	capture_revision=1626	capture_count=60	state=1	window=1	semantic_scopes=92	layout_scopes=92	drawing_strokes=5	drawing_points=82	render_operations=30	writes=1770211	bytes=147317976	frame_hash=18288835796653950157
trace=frame	revision=549	capture_revision=1627	capture_count=61	state=1	window=1	semantic_scopes=92	layout_scopes=92	drawing_strokes=5	drawing_points=80	render_operations=30	writes=1773469	bytes=147586910	frame_hash=12837399785225553698
trace=frame	revision=550	capture_revision=1631	capture_count=61	state=1	window=1	semantic_scopes=92	layout_scopes=92	drawing_strokes=5	drawing_points=76	render_operations=30	writes=1776661	bytes=147855562	frame_hash=16493564277454019329
trace=frame	revision=551	capture_revision=1636	capture_count=60	state=1	window=1	semantic_scopes=92	layout_scopes=92	drawing_strokes=5	drawing_points=80	render_operations=30	writes=1779917	bytes=148124482	frame_hash=12245955318594475399
trace=frame	revision=552	capture_revision=1638	capture_count=59	state=1	window=1	semantic_scopes=92	layout_scopes=92	drawing_strokes=5	drawing_points=82	render_operations=30	writes=1783193	bytes=148393494	frame_hash=13708947352191847783
trace=frame	revision=553	capture_revision=1640	capture_count=60	state=1	window=1	semantic_scopes=92	layout_scopes=92	drawing_strokes=5	drawing_points=80	render_operations=30	writes=1786458	bytes=148662438	frame_hash=14499251486426591915
trace=frame	revision=554	capture_revision=1642	capture_count=59	state=1	window=1	semantic_scopes=92	layout_scopes=92	drawing_strokes=5	drawing_points=80	render_operations=30	writes=1789672	bytes=148931170	frame_hash=11893083142951657479
trace=frame	revision=555	capture_revision=1645	capture_count=61	state=1	window=1	semantic_scopes=92	layout_scopes=92	drawing_strokes=5	drawing_points=76	render_operations=30	writes=1792906	bytes=149199994	frame_hash=1551102184811023213
trace=frame	revision=556	capture_revision=1649	capture_count=61	state=1	window=1	semantic_scopes=92	layout_scopes=92	drawing_strokes=5	drawing_points=78	render_operations=30	writes=1796154	bytes=149468874	frame_hash=9024492662831122291
trace=frame	revision=557	capture_revision=1652	capture_count=59	state=1	window=1	semantic_scopes=92	layout_scopes=92	drawing_strokes=5	drawing_points=82	render_operations=30	writes=1799421	bytes=149737812	frame_hash=2658023204236818360
trace=frame	revision=558	capture_revision=1654	capture_count=59	state=1	window=1	semantic_scopes=92	layout_scopes=92	drawing_strokes=5	drawing_points=82	render_operations=30	writes=1802727	bytes=150006936	frame_hash=7410456100846870635
trace=frame	revision=559	capture_revision=1657	capture_count=59	state=1	window=1	semantic_scopes=92	layout_scopes=92	drawing_strokes=5	drawing_points=74	render_operations=30	writes=1805949	bytes=150275712	frame_hash=9665244928413499769
trace=frame	revision=560	capture_revision=1660	capture_count=58	state=1	window=1	semantic_scopes=92	layout_scopes=92	drawing_strokes=5	drawing_points=76	render_operations=30	writes=1809191	bytes=150544574	frame_hash=8779507453203758546
trace=frame	revision=561	capture_revision=1666	capture_count=61	state=1	window=1	semantic_scopes=92	layout_scopes=92	drawing_strokes=5	drawing_points=84	render_operations=30	writes=1812468	bytes=150813552	frame_hash=6270048475267695572
trace=frame	revision=562	capture_revision=1668	capture_count=59	state=1	window=1	semantic_scopes=92	layout_scopes=92	drawing_strokes=5	drawing_points=86	render_operations=30	writes=1815792	bytes=151082754	frame_hash=3384598868155410032
trace=frame	revision=563	capture_revision=1670	capture_count=61	state=1	window=1	semantic_scopes=92	layout_scopes=92	drawing_strokes=5	drawing_points=84	render_operations=30	writes=1819037	bytes=151351588	frame_hash=3026368750778859348
trace=frame	revision=564	capture_revision=1673	capture_count=60	state=1	window=1	semantic_scopes=92	layout_scopes=92	drawing_strokes=5	drawing_points=80	render_operations=30	writes=1822318	bytes=151620610	frame_hash=11505073085154210106
trace=frame	revision=565	capture_revision=1674	capture_count=60	state=1	window=1	semantic_scopes=92	layout_scopes=92	drawing_strokes=5	drawing_points=80	render_operations=30	writes=1825593	bytes=151889602	frame_hash=14368570744372022921
trace=frame	revision=566	capture_revision=1679	capture_count=61	state=1	window=1	semantic_scopes=92	layout_scopes=92	drawing_strokes=5	drawing_points=82	render_operations=30	writes=1828827	bytes=152158400	frame_hash=16186145719994855974
trace=frame	revision=567	capture_revision=1682	capture_count=59	state=1	window=1	semantic_scopes=92	layout_scopes=92	drawing_strokes=5	drawing_points=82	render_operations=30	writes=1832103	bytes=152427378	frame_hash=3441160051240459262
trace=frame	revision=568	capture_revision=1684	capture_count=60	state=1	window=1	semantic_scopes=92	layout_scopes=92	drawing_strokes=5	drawing_points=84	render_operations=30	writes=1835396	bytes=152696418	frame_hash=5919396633384564145
trace=frame	revision=569	capture_revision=1686	capture_count=59	state=1	window=1	semantic_scopes=92	layout_scopes=92	drawing_strokes=5	drawing_points=76	render_operations=30	writes=1838648	bytes=152965288	frame_hash=14156421812320676570
trace=frame	revision=570	capture_revision=1689	capture_count=60	state=1	window=1	semantic_scopes=92	layout_scopes=92	drawing_strokes=5	drawing_points=76	render_operations=30	writes=1841914	bytes=153234212	frame_hash=7653688258642266607
trace=frame	revision=571	capture_revision=1694	capture_count=60	state=1	window=1	semantic_scopes=92	layout_scopes=92	drawing_strokes=5	drawing_points=80	render_operations=30	writes=1845174	bytes=153503132	frame_hash=98147701642520327
trace=frame	revision=572	capture_revision=1697	capture_count=60	state=1	window=1	semantic_scopes=92	layout_scopes=92	drawing_strokes=5	drawing_points=82	render_operations=30	writes=1848448	bytes=153772114	frame_hash=4642758449690546152
trace=frame	revision=573	capture_revision=1699	capture_count=60	state=1	window=1	semantic_scopes=92	layout_scopes=92	drawing_strokes=5	drawing_points=82	render_operations=30	writes=1851734	bytes=154041132	frame_hash=16969459078510930616
trace=frame	revision=574	capture_revision=1701	capture_count=60	state=1	window=1	semantic_scopes=92	layout_scopes=92	drawing_strokes=5	drawing_points=82	render_operations=30	writes=1855032	bytes=154310204	frame_hash=12329221391769225485
trace=frame	revision=575	capture_revision=1704	capture_count=59	state=1	window=1	semantic_scopes=92	layout_scopes=92	drawing_strokes=5	drawing_points=76	render_operations=30	writes=1858252	bytes=154578966	frame_hash=1633455415102159964
trace=frame	revision=576	capture_revision=1709	capture_count=60	state=1	window=1	semantic_scopes=92	layout_scopes=92	drawing_strokes=5	drawing_points=82	render_operations=30	writes=1861514	bytes=154847902	frame_hash=14857512334473322591
trace=frame	revision=577	capture_revision=1712	capture_count=61	state=1	window=1	semantic_scopes=92	layout_scopes=92	drawing_strokes=5	drawing_points=84	render_operations=30	writes=1864811	bytes=155116984	frame_hash=17340016315880199516
trace=frame	revision=578	capture_revision=1714	capture_count=60	state=1	window=1	semantic_scopes=92	layout_scopes=92	drawing_strokes=5	drawing_points=86	render_operations=30	writes=1868131	bytes=155386164	frame_hash=10211452033227024103
trace=frame	revision=579	capture_revision=1716	capture_count=61	state=1	window=1	semantic_scopes=92	layout_scopes=92	drawing_strokes=5	drawing_points=82	render_operations=30	writes=1871351	bytes=155654930	frame_hash=18220072814005461448
trace=frame	revision=580	capture_revision=1720	capture_count=62	state=1	window=1	semantic_scopes=92	layout_scopes=92	drawing_strokes=5	drawing_points=78	render_operations=30	writes=1874607	bytes=155923890	frame_hash=4489688390365903379
trace=frame	revision=581	capture_revision=1724	capture_count=60	state=1	window=1	semantic_scopes=92	layout_scopes=92	drawing_strokes=5	drawing_points=82	render_operations=30	writes=1877870	bytes=156192842	frame_hash=481298174005249357
trace=frame	revision=582	capture_revision=1727	capture_count=60	state=1	window=1	semantic_scopes=92	layout_scopes=92	drawing_strokes=5	drawing_points=84	render_operations=30	writes=1881174	bytes=156461988	frame_hash=10219006621887773432
trace=frame	revision=583	capture_revision=1730	capture_count=60	state=1	window=1	semantic_scopes=92	layout_scopes=92	drawing_strokes=5	drawing_points=84	render_operations=30	writes=1884455	bytes=156731036	frame_hash=16786521821082572327
trace=frame	revision=584	capture_revision=1731	capture_count=61	state=1	window=1	semantic_scopes=92	layout_scopes=92	drawing_strokes=5	drawing_points=84	render_operations=30	writes=1887748	bytes=157000132	frame_hash=6143347269843236541
trace=frame	revision=585	capture_revision=1734	capture_count=60	state=1	window=1	semantic_scopes=92	layout_scopes=92	drawing_strokes=5	drawing_points=76	render_operations=30	writes=1891006	bytes=157269088	frame_hash=15112101110598929451
trace=frame	revision=586	capture_revision=1738	capture_count=60	state=1	window=1	semantic_scopes=92	layout_scopes=92	drawing_strokes=5	drawing_points=80	render_operations=30	writes=1894283	bytes=157538120	frame_hash=13955163185366322233
trace=frame	revision=587	capture_revision=1741	capture_count=61	state=1	window=1	semantic_scopes=92	layout_scopes=92	drawing_strokes=5	drawing_points=82	render_operations=30	writes=1897504	bytes=157806906	frame_hash=8606238173679636428
trace=frame	revision=588	capture_revision=1744	capture_count=60	state=1	window=1	semantic_scopes=92	layout_scopes=92	drawing_strokes=5	drawing_points=82	render_operations=30	writes=1900788	bytes=158075980	frame_hash=18326354976603164540
trace=frame	revision=589	capture_revision=1745	capture_count=61	state=1	window=1	semantic_scopes=92	layout_scopes=92	drawing_strokes=5	drawing_points=78	render_operations=30	writes=1904038	bytes=158344900	frame_hash=9491344909241354387
trace=frame	revision=590	capture_revision=1750	capture_count=61	state=1	window=1	semantic_scopes=92	layout_scopes=92	drawing_strokes=5	drawing_points=78	render_operations=30	writes=1907238	bytes=158613596	frame_hash=12290041683053624505
trace=frame	revision=591	capture_revision=1754	capture_count=60	state=1	window=1	semantic_scopes=92	layout_scopes=92	drawing_strokes=5	drawing_points=80	render_operations=30	writes=1910485	bytes=158882486	frame_hash=13865525265603059842
trace=frame	revision=592	capture_revision=1756	capture_count=60	state=1	window=1	semantic_scopes=92	layout_scopes=92	drawing_strokes=5	drawing_points=82	render_operations=30	writes=1913764	bytes=159151528	frame_hash=3054557233813635716
trace=frame	revision=593	capture_revision=1758	capture_count=59	state=1	window=1	semantic_scopes=92	layout_scopes=92	drawing_strokes=5	drawing_points=80	render_operations=30	writes=1917044	bytes=159420562	frame_hash=11783929373922745366
trace=frame	revision=594	capture_revision=1760	capture_count=59	state=1	window=1	semantic_scopes=92	layout_scopes=92	drawing_strokes=5	drawing_points=80	render_operations=30	writes=1920320	bytes=159689560	frame_hash=81156164051731168
trace=frame	revision=595	capture_revision=1762	capture_count=61	state=1	window=1	semantic_scopes=92	layout_scopes=92	drawing_strokes=5	drawing_points=76	render_operations=30	writes=1923502	bytes=159958150	frame_hash=17935915449542948730
trace=frame	revision=596	capture_revision=1767	capture_count=60	state=1	window=1	semantic_scopes=92	layout_scopes=92	drawing_strokes=5	drawing_points=78	render_operations=30	writes=1926771	bytes=160227156	frame_hash=11460264122814791948
trace=frame	revision=597	capture_revision=1769	capture_count=60	state=1	window=1	semantic_scopes=92	layout_scopes=92	drawing_strokes=5	drawing_points=80	render_operations=30	writes=1930044	bytes=160496146	frame_hash=16498090407222586124
trace=frame	revision=598	capture_revision=1772	capture_count=58	state=1	window=1	semantic_scopes=92	layout_scopes=92	drawing_strokes=5	drawing_points=80	render_operations=30	writes=1933326	bytes=160765166	frame_hash=4822840928517743609
trace=frame	revision=599	capture_revision=1774	capture_count=58	state=1	window=1	semantic_scopes=92	layout_scopes=92	drawing_strokes=5	drawing_points=72	render_operations=30	writes=1936546	bytes=161033958	frame_hash=10041201990724275693
trace=frame	revision=600	capture_revision=1777	capture_count=57	state=1	window=1	semantic_scopes=92	layout_scopes=92	drawing_strokes=5	drawing_points=74	render_operations=30	writes=1939786	bytes=161302836	frame_hash=12843892539023961182
trace=frame	revision=601	capture_revision=1782	capture_count=59	state=1	window=1	semantic_scopes=92	layout_scopes=92	drawing_strokes=5	drawing_points=80	render_operations=30	writes=1943071	bytes=161571888	frame_hash=8967488254214030649
trace=frame	revision=602	capture_revision=1784	capture_count=57	state=1	window=1	semantic_scopes=92	layout_scopes=92	drawing_strokes=5	drawing_points=80	render_operations=30	writes=1946295	bytes=161840666	frame_hash=13024948842119443838
trace=frame	revision=603	capture_revision=1786	capture_count=59	state=1	window=1	semantic_scopes=92	layout_scopes=92	drawing_strokes=5	drawing_points=80	render_operations=30	writes=1949518	bytes=162109420	frame_hash=5928699007967551128
trace=frame	revision=604	capture_revision=1788	capture_count=57	state=1	window=1	semantic_scopes=92	layout_scopes=92	drawing_strokes=5	drawing_points=78	render_operations=30	writes=1952788	bytes=162378412	frame_hash=17371077629504461229
trace=frame	revision=605	capture_revision=1790	capture_count=57	state=1	window=1	semantic_scopes=92	layout_scopes=92	drawing_strokes=5	drawing_points=74	render_operations=30	writes=1956048	bytes=162647352	frame_hash=14917577326800386231
trace=frame	revision=606	capture_revision=1796	capture_count=58	state=1	window=1	semantic_scopes=92	layout_scopes=92	drawing_strokes=5	drawing_points=80	render_operations=30	writes=1959262	bytes=162916062	frame_hash=5006663882263240272
trace=frame	revision=607	capture_revision=1799	capture_count=58	state=1	window=1	semantic_scopes=92	layout_scopes=92	drawing_strokes=5	drawing_points=82	render_operations=30	writes=1962529	bytes=163184996	frame_hash=12274939504795184342
trace=frame	revision=608	capture_revision=1801	capture_count=57	state=1	window=1	semantic_scopes=92	layout_scopes=92	drawing_strokes=5	drawing_points=82	render_operations=30	writes=1965805	bytes=163453978	frame_hash=14743055470374968738
trace=frame	revision=609	capture_revision=1803	capture_count=58	state=1	window=1	semantic_scopes=92	layout_scopes=92	drawing_strokes=5	drawing_points=76	render_operations=30	writes=1969060	bytes=163722864	frame_hash=16121359651080583346
trace=frame	revision=610	capture_revision=1807	capture_count=58	state=1	window=1	semantic_scopes=92	layout_scopes=92	drawing_strokes=5	drawing_points=80	render_operations=30	writes=1972272	bytes=163991568	frame_hash=6152811277646675563
trace=frame	revision=611	capture_revision=1812	capture_count=59	state=1	window=1	semantic_scopes=92	layout_scopes=92	drawing_strokes=5	drawing_points=84	render_operations=30	writes=1975536	bytes=164260480	frame_hash=10543048793615371709
trace=frame	revision=612	capture_revision=1814	capture_count=58	state=1	window=1	semantic_scopes=92	layout_scopes=92	drawing_strokes=5	drawing_points=84	render_operations=30	writes=1978821	bytes=164529500	frame_hash=12827833699973105041
trace=frame	revision=613	capture_revision=1816	capture_count=58	state=1	window=1	semantic_scopes=92	layout_scopes=92	drawing_strokes=5	drawing_points=84	render_operations=30	writes=1982091	bytes=164798424	frame_hash=14933723023520548537
trace=frame	revision=614	capture_revision=1818	capture_count=59	state=1	window=1	semantic_scopes=92	layout_scopes=92	drawing_strokes=5	drawing_points=84	render_operations=30	writes=1985388	bytes=165067474	frame_hash=9850419480630687200
trace=frame	revision=615	capture_revision=1820	capture_count=58	state=1	window=1	semantic_scopes=92	layout_scopes=92	drawing_strokes=5	drawing_points=74	render_operations=30	writes=1988603	bytes=165336216	frame_hash=5140678336778122256
trace=frame	revision=616	capture_revision=1825	capture_count=58	state=1	window=1	semantic_scopes=92	layout_scopes=92	drawing_strokes=5	drawing_points=80	render_operations=30	writes=1991860	bytes=165605132	frame_hash=5154587709364358509
trace=frame	revision=617	capture_revision=1828	capture_count=59	state=1	window=1	semantic_scopes=92	layout_scopes=92	drawing_strokes=5	drawing_points=82	render_operations=30	writes=1995140	bytes=165874134	frame_hash=16804585682681475850
trace=frame	revision=618	capture_revision=1829	capture_count=60	state=1	window=1	semantic_scopes=92	layout_scopes=92	drawing_strokes=5	drawing_points=82	render_operations=30	writes=1998426	bytes=166143160	frame_hash=8137942768917010842
trace=frame	revision=619	capture_revision=1833	capture_count=59	state=1	window=1	semantic_scopes=92	layout_scopes=92	drawing_strokes=5	drawing_points=74	render_operations=30	writes=2001651	bytes=166411978	frame_hash=13662325627538720908
trace=frame	revision=620	capture_revision=1837	capture_count=61	state=1	window=1	semantic_scopes=92	layout_scopes=92	drawing_strokes=5	drawing_points=78	render_operations=30	writes=2004901	bytes=166680896	frame_hash=69598558756774006
trace=frame	revision=621	capture_revision=1841	capture_count=60	state=1	window=1	semantic_scopes=92	layout_scopes=92	drawing_strokes=5	drawing_points=84	render_operations=30	writes=2008190	bytes=166949958	frame_hash=8102307765877760278
trace=frame	revision=622	capture_revision=1843	capture_count=60	state=1	window=1	semantic_scopes=92	layout_scopes=92	drawing_strokes=5	drawing_points=82	render_operations=30	writes=2011480	bytes=167219030	frame_hash=16325357747618395869
trace=frame	revision=623	capture_revision=1846	capture_count=60	state=1	window=1	semantic_scopes=92	layout_scopes=92	drawing_strokes=5	drawing_points=84	render_operations=30	writes=2014755	bytes=167488042	frame_hash=5010495002317944137
trace=frame	revision=624	capture_revision=1848	capture_count=60	state=1	window=1	semantic_scopes=92	layout_scopes=92	drawing_strokes=5	drawing_points=82	render_operations=30	writes=2018027	bytes=167757034	frame_hash=236143466702862727
trace=frame	revision=625	capture_revision=1851	capture_count=61	state=1	window=1	semantic_scopes=92	layout_scopes=92	drawing_strokes=5	drawing_points=78	render_operations=30	writes=2021296	bytes=168026028	frame_hash=14220239602763454744
trace=frame	revision=626	capture_revision=1856	capture_count=61	state=1	window=1	semantic_scopes=92	layout_scopes=92	drawing_strokes=5	drawing_points=86	render_operations=30	writes=2024539	bytes=168294896	frame_hash=3294190203979910425
trace=frame	revision=627	capture_revision=1859	capture_count=60	state=1	window=1	semantic_scopes=92	layout_scopes=92	drawing_strokes=5	drawing_points=86	render_operations=30	writes=2027823	bytes=168563920	frame_hash=4452377736194598203
trace=frame	revision=628	capture_revision=1861	capture_count=61	state=1	window=1	semantic_scopes=92	layout_scopes=92	drawing_strokes=5	drawing_points=82	render_operations=30	writes=2031107	bytes=168832988	frame_hash=18241731691998127667
trace=frame	revision=629	capture_revision=1862	capture_count=61	state=1	window=1	semantic_scopes=92	layout_scopes=92	drawing_strokes=5	drawing_points=80	render_operations=30	writes=2034368	bytes=169101946	frame_hash=7957690115259865880
trace=frame	revision=630	capture_revision=1868	capture_count=62	state=1	window=1	semantic_scopes=92	layout_scopes=92	drawing_strokes=5	drawing_points=82	render_operations=30	writes=2037584	bytes=169370694	frame_hash=10851859415330446695
trace=frame	revision=631	capture_revision=1872	capture_count=60	state=1	window=1	semantic_scopes=92	layout_scopes=92	drawing_strokes=5	drawing_points=84	render_operations=30	writes=2040859	bytes=169639696	frame_hash=17020037861137743034
trace=frame	revision=632	capture_revision=1874	capture_count=61	state=1	window=1	semantic_scopes=92	layout_scopes=92	drawing_strokes=5	drawing_points=86	render_operations=30	writes=2044151	bytes=169908760	frame_hash=13370654228479146915
trace=frame	revision=633	capture_revision=1877	capture_count=62	state=1	window=1	semantic_scopes=92	layout_scopes=92	drawing_strokes=5	drawing_points=86	render_operations=30	writes=2047452	bytes=170177860	frame_hash=14813763451700900311
trace=frame	revision=634	capture_revision=1879	capture_count=61	state=1	window=1	semantic_scopes=92	layout_scopes=92	drawing_strokes=5	drawing_points=78	render_operations=30	writes=2050646	bytes=170446512	frame_hash=17534177633908378735
trace=frame	revision=635	capture_revision=1881	capture_count=63	state=1	window=1	semantic_scopes=92	layout_scopes=92	drawing_strokes=5	drawing_points=78	render_operations=30	writes=2053839	bytes=170715140	frame_hash=3400106219224048465
trace=frame	revision=636	capture_revision=1886	capture_count=62	state=1	window=1	semantic_scopes=92	layout_scopes=92	drawing_strokes=5	drawing_points=82	render_operations=30	writes=2057112	bytes=170984132	frame_hash=14299927926652112835
trace=frame	revision=637	capture_revision=1888	capture_count=62	state=1	window=1	semantic_scopes=92	layout_scopes=92	drawing_strokes=5	drawing_points=84	render_operations=30	writes=2060396	bytes=171253168	frame_hash=11910962186869190055
trace=frame	revision=638	capture_revision=1890	capture_count=61	state=1	window=1	semantic_scopes=92	layout_scopes=92	drawing_strokes=5	drawing_points=82	render_operations=30	writes=2063699	bytes=171522286	frame_hash=5444620275521939598
trace=frame	revision=639	capture_revision=1893	capture_count=61	state=1	window=1	semantic_scopes=92	layout_scopes=92	drawing_strokes=5	drawing_points=74	render_operations=30	writes=2066918	bytes=171791056	frame_hash=2279853237636680898
trace=frame	revision=640	capture_revision=1897	capture_count=61	state=1	window=1	semantic_scopes=92	layout_scopes=92	drawing_strokes=5	drawing_points=78	render_operations=30	writes=2070180	bytes=172060022	frame_hash=7777002386047772130
trace=frame	revision=641	capture_revision=1902	capture_count=61	state=1	window=1	semantic_scopes=92	layout_scopes=92	drawing_strokes=5	drawing_points=82	render_operations=30	writes=2073443	bytes=172328950	frame_hash=12869872457766853985
trace=frame	revision=642	capture_revision=1903	capture_count=62	state=1	window=1	semantic_scopes=92	layout_scopes=92	drawing_strokes=5	drawing_points=82	render_operations=30	writes=2076739	bytes=172598034	frame_hash=18292380934652573475
trace=frame	revision=643	capture_revision=1906	capture_count=60	state=1	window=1	semantic_scopes=92	layout_scopes=92	drawing_strokes=5	drawing_points=82	render_operations=30	writes=2080024	bytes=172867066	frame_hash=10968414088573757959
trace=frame	revision=644	capture_revision=1908	capture_count=61	state=1	window=1	semantic_scopes=92	layout_scopes=92	drawing_strokes=5	drawing_points=78	render_operations=30	writes=2083308	bytes=173136118	frame_hash=5606431193759066619
trace=frame	revision=645	capture_revision=1910	capture_count=61	state=1	window=1	semantic_scopes=92	layout_scopes=92	drawing_strokes=5	drawing_points=78	render_operations=30	writes=2086573	bytes=173405050	frame_hash=7752682710847969295
trace=frame	revision=646	capture_revision=1916	capture_count=61	state=1	window=1	semantic_scopes=92	layout_scopes=92	drawing_strokes=5	drawing_points=84	render_operations=30	writes=2089819	bytes=173673884	frame_hash=13249147103974773660
trace=frame	revision=647	capture_revision=1919	capture_count=61	state=1	window=1	semantic_scopes=92	layout_scopes=92	drawing_strokes=5	drawing_points=84	render_operations=30	writes=2093107	bytes=173942898	frame_hash=4604865531860216646
trace=frame	revision=648	capture_revision=1921	capture_count=60	state=1	window=1	semantic_scopes=92	layout_scopes=92	drawing_strokes=5	drawing_points=80	render_operations=30	writes=2096394	bytes=174211932	frame_hash=16234406489969277630
trace=frame	revision=649	capture_revision=1923	capture_count=61	state=1	window=1	semantic_scopes=92	layout_scopes=92	drawing_strokes=5	drawing_points=76	render_operations=30	writes=2099659	bytes=174480854	frame_hash=5771489771714321058
trace=frame	revision=650	capture_revision=1927	capture_count=61	state=1	window=1	semantic_scopes=92	layout_scopes=92	drawing_strokes=5	drawing_points=80	render_operations=30	writes=2102943	bytes=174749852	frame_hash=4150753312625645634
trace=frame	revision=651	capture_revision=1932	capture_count=62	state=1	window=1	semantic_scopes=92	layout_scopes=92	drawing_strokes=5	drawing_points=86	render_operations=30	writes=2106245	bytes=175018850	frame_hash=1584331268352096118
trace=frame	revision=652	capture_revision=1935	capture_count=61	state=1	window=1	semantic_scopes=92	layout_scopes=92	drawing_strokes=5	drawing_points=86	render_operations=30	writes=2109553	bytes=175287956	frame_hash=3052070649517398000
trace=frame	revision=653	capture_revision=1937	capture_count=62	state=1	window=1	semantic_scopes=92	layout_scopes=92	drawing_strokes=5	drawing_points=88	render_operations=30	writes=2112865	bytes=175557046	frame_hash=13266419458518291542
trace=frame	revision=654	capture_revision=1940	capture_count=62	state=1	window=1	semantic_scopes=92	layout_scopes=92	drawing_strokes=5	drawing_points=86	render_operations=30	writes=2116191	bytes=175826212	frame_hash=861478153036206766
trace=frame	revision=655	capture_revision=1943	capture_count=62	state=1	window=1	semantic_scopes=92	layout_scopes=92	drawing_strokes=5	drawing_points=80	render_operations=30	writes=2119451	bytes=176095128	frame_hash=637853167749409227
trace=frame	revision=656	capture_revision=1947	capture_count=62	state=1	window=1	semantic_scopes=92	layout_scopes=92	drawing_strokes=5	drawing_points=86	render_operations=30	writes=2122764	bytes=176364260	frame_hash=13609989390369679659
trace=frame	revision=657	capture_revision=1950	capture_count=62	state=1	window=1	semantic_scopes=92	layout_scopes=92	drawing_strokes=5	drawing_points=86	render_operations=30	writes=2126084	bytes=176633422	frame_hash=16748549293077292574
trace=frame	revision=658	capture_revision=1951	capture_count=63	state=1	window=1	semantic_scopes=92	layout_scopes=92	drawing_strokes=5	drawing_points=86	render_operations=30	writes=2129410	bytes=176902608	frame_hash=3298963655753288648
trace=frame	revision=659	capture_revision=1954	capture_count=62	state=1	window=1	semantic_scopes=92	layout_scopes=92	drawing_strokes=5	drawing_points=76	render_operations=30	writes=2132658	bytes=177171512	frame_hash=12378616912379169351
trace=frame	revision=660	capture_revision=1959	capture_count=63	state=1	window=1	semantic_scopes=92	layout_scopes=92	drawing_strokes=5	drawing_points=80	render_operations=30	writes=2135943	bytes=177440582	frame_hash=4021060161058916718
trace=frame	revision=661	capture_revision=1962	capture_count=63	state=1	window=1	semantic_scopes=92	layout_scopes=92	drawing_strokes=5	drawing_points=82	render_operations=30	writes=2139245	bytes=177709702	frame_hash=3821627933158225015
trace=frame	revision=662	capture_revision=1965	capture_count=62	state=1	window=1	semantic_scopes=92	layout_scopes=92	drawing_strokes=5	drawing_points=82	render_operations=30	writes=2142553	bytes=177978846	frame_hash=2774856721448929515
trace=frame	revision=663	capture_revision=1968	capture_count=63	state=1	window=1	semantic_scopes=92	layout_scopes=92	drawing_strokes=5	drawing_points=82	render_operations=30	writes=2145835	bytes=178247886	frame_hash=11098277604474104403
trace=frame	revision=664	capture_revision=1970	capture_count=63	state=1	window=1	semantic_scopes=92	layout_scopes=92	drawing_strokes=5	drawing_points=80	render_operations=30	writes=2149127	bytes=178516990	frame_hash=9053947573159485257
trace=frame	revision=665	capture_revision=1973	capture_count=63	state=1	window=1	semantic_scopes=92	layout_scopes=92	drawing_strokes=5	drawing_points=78	render_operations=30	writes=2152375	bytes=178785864	frame_hash=176358977987162732
trace=frame	revision=666	capture_revision=1977	capture_count=62	state=1	window=1	semantic_scopes=92	layout_scopes=92	drawing_strokes=5	drawing_points=84	render_operations=30	writes=2155680	bytes=179054990	frame_hash=14710061847615367048
trace=frame	revision=667	capture_revision=1980	capture_count=63	state=1	window=1	semantic_scopes=92	layout_scopes=92	drawing_strokes=5	drawing_points=86	render_operations=30	writes=2158986	bytes=179324050	frame_hash=3048281768398301939
trace=frame	revision=668	capture_revision=1982	capture_count=62	state=1	window=1	semantic_scopes=92	layout_scopes=92	drawing_strokes=5	drawing_points=80	render_operations=30	writes=2162271	bytes=179593116	frame_hash=1479046880642251654
trace=frame	revision=669	capture_revision=1984	capture_count=62	state=1	window=1	semantic_scopes=92	layout_scopes=92	drawing_strokes=5	drawing_points=78	render_operations=30	writes=2165545	bytes=179862114	frame_hash=18137810979908094104
trace=frame	revision=670	capture_revision=1990	capture_count=63	state=1	window=1	semantic_scopes=92	layout_scopes=92	drawing_strokes=5	drawing_points=82	render_operations=30	writes=2168791	bytes=180130994	frame_hash=14896305302792250389
trace=frame	revision=671	capture_revision=1993	capture_count=61	state=1	window=1	semantic_scopes=92	layout_scopes=92	drawing_strokes=5	drawing_points=82	render_operations=30	writes=2172067	bytes=180399994	frame_hash=1115518105446138171
trace=frame	revision=672	capture_revision=1995	capture_count=63	state=1	window=1	semantic_scopes=92	layout_scopes=92	drawing_strokes=5	drawing_points=84	render_operations=30	writes=2175360	bytes=180669056	frame_hash=9785872320577834060
trace=frame	revision=673	capture_revision=1998	capture_count=61	state=1	window=1	semantic_scopes=92	layout_scopes=92	drawing_strokes=5	drawing_points=84	render_operations=30	writes=2178647	bytes=180938082	frame_hash=4636882276319776552
trace=frame	revision=674	capture_revision=1999	capture_count=62	state=1	window=1	semantic_scopes=92	layout_scopes=92	drawing_strokes=5	drawing_points=82	render_operations=30	writes=2181956	bytes=181207220	frame_hash=8661676155507256576
trace=frame	revision=675	capture_revision=2002	capture_count=61	state=1	window=1	semantic_scopes=92	layout_scopes=92	drawing_strokes=5	drawing_points=78	render_operations=30	writes=2185162	bytes=181475914	frame_hash=12159261700331506652
trace=frame	revision=676	capture_revision=2008	capture_count=62	state=1	window=1	semantic_scopes=92	layout_scopes=92	drawing_strokes=5	drawing_points=84	render_operations=30	writes=2188482	bytes=181745118	frame_hash=14219059474474729983
trace=frame	revision=677	capture_revision=2010	capture_count=60	state=1	window=1	semantic_scopes=92	layout_scopes=92	drawing_strokes=5	drawing_points=84	render_operations=30	writes=2191775	bytes=182014166	frame_hash=15152352738405804669
trace=frame	revision=678	capture_revision=2013	capture_count=62	state=1	window=1	semantic_scopes=92	layout_scopes=92	drawing_strokes=5	drawing_points=80	render_operations=30	writes=2195076	bytes=182283276	frame_hash=17271154437712949500
trace=frame	revision=679	capture_revision=2015	capture_count=61	state=1	window=1	semantic_scopes=92	layout_scopes=92	drawing_strokes=5	drawing_points=76	render_operations=30	writes=2198336	bytes=182552222	frame_hash=2610332259564195786
trace=frame	revision=680	capture_revision=2020	capture_count=61	state=1	window=1	semantic_scopes=92	layout_scopes=92	drawing_strokes=5	drawing_points=82	render_operations=30	writes=2201626	bytes=182821282	frame_hash=1776044157479474587
trace=frame	revision=681	capture_revision=2023	capture_count=61	state=1	window=1	semantic_scopes=92	layout_scopes=92	drawing_strokes=5	drawing_points=84	render_operations=30	writes=2204939	bytes=183090428	frame_hash=1417131031666675710
trace=frame	revision=682	capture_revision=2025	capture_count=60	state=1	window=1	semantic_scopes=92	layout_scopes=92	drawing_strokes=5	drawing_points=84	render_operations=30	writes=2208264	bytes=183359628	frame_hash=16415478034977816219
trace=frame	revision=683	capture_revision=2027	capture_count=62	state=1	window=1	semantic_scopes=92	layout_scopes=92	drawing_strokes=5	drawing_points=84	render_operations=30	writes=2211520	bytes=183628504	frame_hash=17882201276147658043
trace=frame	revision=684	capture_revision=2030	capture_count=60	state=1	window=1	semantic_scopes=92	layout_scopes=92	drawing_strokes=5	drawing_points=78	render_operations=30	writes=2214795	bytes=183897500	frame_hash=13919761375098413499
trace=frame	revision=685	capture_revision=2031	capture_count=61	state=1	window=1	semantic_scopes=92	layout_scopes=92	drawing_strokes=5	drawing_points=76	render_operations=30	writes=2218047	bytes=184166386	frame_hash=8736582247700425550
trace=frame	revision=686	capture_revision=2037	capture_count=61	state=1	window=1	semantic_scopes=92	layout_scopes=92	drawing_strokes=5	drawing_points=82	render_operations=30	writes=2221359	bytes=184435524	frame_hash=5311996192098175544
trace=frame	revision=687	capture_revision=2039	capture_count=59	state=1	window=1	semantic_scopes=92	layout_scopes=92	drawing_strokes=5	drawing_points=80	render_operations=30	writes=2224613	bytes=184704386	frame_hash=7039939776641952566
trace=frame	revision=688	capture_revision=2041	capture_count=59	state=1	window=1	semantic_scopes=92	layout_scopes=92	drawing_strokes=5	drawing_points=76	render_operations=30	writes=2227854	bytes=184973208	frame_hash=15819579642830464192
trace=frame	revision=689	capture_revision=2044	capture_count=60	state=1	window=1	semantic_scopes=92	layout_scopes=92	drawing_strokes=5	drawing_points=74	render_operations=30	writes=2231102	bytes=185242052	frame_hash=11857764221430132219
trace=frame	revision=690	capture_revision=2049	capture_count=60	state=1	window=1	semantic_scopes=92	layout_scopes=92	drawing_strokes=5	drawing_points=80	render_operations=30	writes=2234305	bytes=185510696	frame_hash=9129667345957524459
trace=frame	revision=691	capture_revision=2053	capture_count=61	state=1	window=1	semantic_scopes=92	layout_scopes=92	drawing_strokes=5	drawing_points=84	render_operations=30	writes=2237563	bytes=185779488	frame_hash=1618713622512239039
trace=frame	revision=692	capture_revision=2056	capture_count=61	state=1	window=1	semantic_scopes=92	layout_scopes=92	drawing_strokes=5	drawing_points=84	render_operations=30	writes=2240833	bytes=186048412	frame_hash=17493828857134909769
trace=frame	revision=693	capture_revision=2057	capture_count=62	state=1	window=1	semantic_scopes=92	layout_scopes=92	drawing_strokes=5	drawing_points=84	render_operations=30	writes=2244097	bytes=186317306	frame_hash=6969032071400851786
trace=frame	revision=694	capture_revision=2059	capture_count=60	state=1	window=1	semantic_scopes=92	layout_scopes=92	drawing_strokes=5	drawing_points=82	render_operations=30	writes=2247368	bytes=186586222	frame_hash=4824471394258978037
trace=frame	revision=695	capture_revision=2062	capture_count=60	state=1	window=1	semantic_scopes=92	layout_scopes=92	drawing_strokes=5	drawing_points=78	render_operations=30	writes=2250596	bytes=186854992	frame_hash=5601799492316113616
trace=frame	revision=696	capture_revision=2067	capture_count=60	state=1	window=1	semantic_scopes=92	layout_scopes=92	drawing_strokes=5	drawing_points=86	render_operations=30	writes=2253883	bytes=187124016	frame_hash=3999587881914152965
trace=frame	revision=697	capture_revision=2070	capture_count=60	state=1	window=1	semantic_scopes=92	layout_scopes=92	drawing_strokes=5	drawing_points=84	render_operations=30	writes=2257138	bytes=187392870	frame_hash=6279096489114252300
trace=frame	revision=698	capture_revision=2072	capture_count=60	state=1	window=1	semantic_scopes=92	layout_scopes=92	drawing_strokes=5	drawing_points=82	render_operations=30	writes=2260405	bytes=187661776	frame_hash=7266835742398219784
trace=frame	revision=699	capture_revision=2074	capture_count=61	state=1	window=1	semantic_scopes=92	layout_scopes=92	drawing_strokes=5	drawing_points=78	render_operations=30	writes=2263588	bytes=187930358	frame_hash=4612540710022497268
trace=frame	revision=700	capture_revision=2080	capture_count=61	state=1	window=1	semantic_scopes=92	layout_scopes=92	drawing_strokes=5	drawing_points=80	render_operations=30	writes=2266834	bytes=188199230	frame_hash=17770360709085555843
trace=frame	revision=701	capture_revision=2083	capture_count=60	state=1	window=1	semantic_scopes=92	layout_scopes=92	drawing_strokes=5	drawing_points=84	render_operations=30	writes=2270087	bytes=188468100	frame_hash=13679715494035813366
trace=frame	revision=702	capture_revision=2085	capture_count=61	state=1	window=1	semantic_scopes=92	layout_scopes=92	drawing_strokes=5	drawing_points=84	render_operations=30	writes=2273379	bytes=188737156	frame_hash=6483790357396414453
trace=frame	revision=703	capture_revision=2088	capture_count=61	state=1	window=1	semantic_scopes=92	layout_scopes=92	drawing_strokes=5	drawing_points=84	render_operations=30	writes=2276645	bytes=189006108	frame_hash=9337189026340044351
trace=frame	revision=704	capture_revision=2090	capture_count=60	state=1	window=1	semantic_scopes=92	layout_scopes=92	drawing_strokes=5	drawing_points=78	render_operations=30	writes=2279887	bytes=189274976	frame_hash=2688653870400887813
trace=frame	revision=705	capture_revision=2094	capture_count=63	state=1	window=1	semantic_scopes=92	layout_scopes=92	drawing_strokes=5	drawing_points=80	render_operations=30	writes=2283125	bytes=189543792	frame_hash=11060112228648470595
trace=frame	revision=706	capture_revision=2097	capture_count=61	state=1	window=1	semantic_scopes=92	layout_scopes=92	drawing_strokes=5	drawing_points=84	render_operations=30	writes=2286415	bytes=189812846	frame_hash=1736103114708582656
trace=frame	revision=707	capture_revision=2100	capture_count=62	state=1	window=1	semantic_scopes=92	layout_scopes=92	drawing_strokes=5	drawing_points=84	render_operations=30	writes=2289671	bytes=190081670	frame_hash=8925837891111807067
trace=frame	revision=708	capture_revision=2103	capture_count=63	state=1	window=1	semantic_scopes=92	layout_scopes=92	drawing_strokes=5	drawing_points=80	render_operations=30	writes=2292935	bytes=190350634	frame_hash=13357545211323433503
trace=frame	revision=709	capture_revision=2104	capture_count=63	state=1	window=1	semantic_scopes=92	layout_scopes=92	drawing_strokes=5	drawing_points=78	render_operations=30	writes=2296176	bytes=190619488	frame_hash=14161549425356789122
trace=frame	revision=710	capture_revision=2110	capture_count=62	state=1	window=1	semantic_scopes=92	layout_scopes=92	drawing_strokes=5	drawing_points=82	render_operations=30	writes=2299383	bytes=190888176	frame_hash=3293816849048856067
trace=frame	revision=711	capture_revision=2114	capture_count=61	state=1	window=1	semantic_scopes=92	layout_scopes=92	drawing_strokes=5	drawing_points=86	render_operations=30	writes=2302659	bytes=191157138	frame_hash=3960023633294388178
trace=frame	revision=712	capture_revision=2115	capture_count=62	state=1	window=1	semantic_scopes=92	layout_scopes=92	drawing_strokes=5	drawing_points=84	render_operations=30	writes=2305937	bytes=191426128	frame_hash=3325315694214431286
trace=frame	revision=713	capture_revision=2118	capture_count=61	state=1	window=1	semantic_scopes=92	layout_scopes=92	drawing_strokes=5	drawing_points=84	render_operations=30	writes=2309212	bytes=191695094	frame_hash=15042632031291862834
trace=frame	revision=714	capture_revision=2120	capture_count=61	state=1	window=1	semantic_scopes=92	layout_scopes=92	drawing_strokes=5	drawing_points=78	render_operations=30	writes=2312463	bytes=191963976	frame_hash=10562542748251690626
trace=frame	revision=715	capture_revision=2124	capture_count=62	state=1	window=1	semantic_scopes=92	layout_scopes=92	drawing_strokes=5	drawing_points=80	render_operations=30	writes=2315713	bytes=192232852	frame_hash=9089276999913173761
trace=frame	revision=716	capture_revision=2129	capture_count=62	state=1	window=1	semantic_scopes=92	layout_scopes=92	drawing_strokes=5	drawing_points=84	render_operations=30	writes=2318994	bytes=192501858	frame_hash=12806800668469745306
trace=frame	revision=717	capture_revision=2130	capture_count=63	state=1	window=1	semantic_scopes=92	layout_scopes=92	drawing_strokes=5	drawing_points=84	render_operations=30	writes=2322269	bytes=192770834	frame_hash=15596145566486986375
trace=frame	revision=718	capture_revision=2133	capture_count=61	state=1	window=1	semantic_scopes=92	layout_scopes=92	drawing_strokes=5	drawing_points=78	render_operations=30	writes=2325465	bytes=193039482	frame_hash=15325279976298587783
trace=frame	revision=719	capture_revision=2135	capture_count=61	state=1	window=1	semantic_scopes=92	layout_scopes=92	drawing_strokes=5	drawing_points=74	render_operations=30	writes=2328675	bytes=193308192	frame_hash=14253294000005044138
trace=frame	revision=720	capture_revision=2140	capture_count=61	state=1	window=1	semantic_scopes=92	layout_scopes=92	drawing_strokes=5	drawing_points=82	render_operations=30	writes=2331938	bytes=193577120	frame_hash=8786874004739023
trace=frame	revision=721	capture_revision=2143	capture_count=61	state=1	window=1	semantic_scopes=92	layout_scopes=92	drawing_strokes=5	drawing_points=84	render_operations=30	writes=2335236	bytes=193846194	frame_hash=1844099755059926746
trace=frame	revision=722	capture_revision=2145	capture_count=60	state=1	window=1	semantic_scopes=92	layout_scopes=92	drawing_strokes=5	drawing_points=82	render_operations=30	writes=2338520	bytes=194115212	frame_hash=17823340956112540406
trace=frame	revision=723	capture_revision=2148	capture_count=62	state=1	window=1	semantic_scopes=92	layout_scopes=92	drawing_strokes=5	drawing_points=84	render_operations=30	writes=2341807	bytes=194384156	frame_hash=4254918668232536471
trace=frame	revision=724	capture_revision=2151	capture_count=61	state=1	window=1	semantic_scopes=92	layout_scopes=92	drawing_strokes=5	drawing_points=76	render_operations=30	writes=2345062	bytes=194653056	frame_hash=13513864377498803329
trace=frame	revision=725	capture_revision=2153	capture_count=60	state=1	window=1	semantic_scopes=92	layout_scopes=92	drawing_strokes=5	drawing_points=78	render_operations=30	writes=2348307	bytes=194921880	frame_hash=1123137226001362259
trace=frame	revision=726	capture_revision=2158	capture_count=61	state=1	window=1	semantic_scopes=92	layout_scopes=92	drawing_strokes=5	drawing_points=84	render_operations=30	writes=2351615	bytes=195190986	frame_hash=11315183571451350572
trace=frame	revision=727	capture_revision=2160	capture_count=60	state=1	window=1	semantic_scopes=92	layout_scopes=92	drawing_strokes=5	drawing_points=82	render_operations=30	writes=2354895	bytes=195459962	frame_hash=12496580405115742217
trace=frame	revision=728	capture_revision=2162	capture_count=59	state=1	window=1	semantic_scopes=92	layout_scopes=92	drawing_strokes=5	drawing_points=76	render_operations=30	writes=2358145	bytes=195728818	frame_hash=3940516552069043407
trace=frame	revision=729	capture_revision=2164	capture_count=60	state=1	window=1	semantic_scopes=92	layout_scopes=92	drawing_strokes=5	drawing_points=74	render_operations=30	writes=2361390	bytes=195997642	frame_hash=785569965947161293
trace=frame	revision=730	capture_revision=2169	capture_count=59	state=1	window=1	semantic_scopes=92	layout_scopes=92	drawing_strokes=5	drawing_points=80	render_operations=30	writes=2364620	bytes=196266412	frame_hash=5946800177701725604
trace=frame	revision=731	capture_revision=2172	capture_count=61	state=1	window=1	semantic_scopes=92	layout_scopes=92	drawing_strokes=5	drawing_points=82	render_operations=30	writes=2367855	bytes=196535196	frame_hash=4646712002354089671
trace=frame	revision=732	capture_revision=2175	capture_count=60	state=1	window=1	semantic_scopes=92	layout_scopes=92	drawing_strokes=5	drawing_points=82	render_operations=30	writes=2371141	bytes=196804208	frame_hash=13160519842810605149
trace=frame	revision=733	capture_revision=2176	capture_count=61	state=1	window=1	semantic_scopes=92	layout_scopes=92	drawing_strokes=5	drawing_points=80	render_operations=30	writes=2374404	bytes=197073110	frame_hash=18194832983717068940
trace=frame	revision=734	capture_revision=2179	capture_count=60	state=1	window=1	semantic_scopes=92	layout_scopes=92	drawing_strokes=5	drawing_points=76	render_operations=30	writes=2377678	bytes=197342074	frame_hash=13753687234515410757
trace=frame	revision=735	capture_revision=2183	capture_count=61	state=1	window=1	semantic_scopes=92	layout_scopes=92	drawing_strokes=5	drawing_points=78	render_operations=30	writes=2380927	bytes=197610940	frame_hash=6040585060679042974
trace=frame	revision=736	capture_revision=2187	capture_count=59	state=1	window=1	semantic_scopes=92	layout_scopes=92	drawing_strokes=5	drawing_points=84	render_operations=30	writes=2384224	bytes=197880010	frame_hash=5729092283751103764
trace=frame	revision=737	capture_revision=2189	capture_count=59	state=1	window=1	semantic_scopes=92	layout_scopes=92	drawing_strokes=5	drawing_points=82	render_operations=30	writes=2387528	bytes=198149108	frame_hash=14021321764647975318
trace=frame	revision=738	capture_revision=2190	capture_count=60	state=1	window=1	semantic_scopes=92	layout_scopes=92	drawing_strokes=5	drawing_points=82	render_operations=30	writes=2390838	bytes=198418230	frame_hash=10566627572428200020
trace=frame	revision=739	capture_revision=2193	capture_count=59	state=1	window=1	semantic_scopes=92	layout_scopes=92	drawing_strokes=5	drawing_points=76	render_operations=30	writes=2394031	bytes=198686864	frame_hash=3836661830642979964
trace=frame	revision=740	capture_revision=2199	capture_count=61	state=1	window=1	semantic_scopes=92	layout_scopes=92	drawing_strokes=5	drawing_points=82	render_operations=30	writes=2397327	bytes=198955972	frame_hash=14641423232527460397
trace=frame	revision=741	capture_revision=2201	capture_count=61	state=1	window=1	semantic_scopes=92	layout_scopes=92	drawing_strokes=5	drawing_points=82	render_operations=30	writes=2400616	bytes=199225020	frame_hash=2971081767076882079
trace=frame	revision=742	capture_revision=2204	capture_count=60	state=1	window=1	semantic_scopes=92	layout_scopes=92	drawing_strokes=5	drawing_points=84	render_operations=30	writes=2403929	bytes=199494172	frame_hash=17641436680786578687
trace=frame	revision=743	capture_revision=2206	capture_count=58	state=1	window=1	semantic_scopes=92	layout_scopes=92	drawing_strokes=5	drawing_points=80	render_operations=30	writes=2407200	bytes=199763162	frame_hash=3518981268012172950
trace=frame	revision=744	capture_revision=2208	capture_count=59	state=1	window=1	semantic_scopes=92	layout_scopes=92	drawing_strokes=5	drawing_points=78	render_operations=30	writes=2410478	bytes=200032186	frame_hash=18109149075749043311
trace=frame	revision=745	capture_revision=2212	capture_count=60	state=1	window=1	semantic_scopes=92	layout_scopes=92	drawing_strokes=5	drawing_points=78	render_operations=30	writes=2413720	bytes=200301024	frame_hash=15909419818944063282
trace=frame	revision=746	capture_revision=2215	capture_count=59	state=1	window=1	semantic_scopes=92	layout_scopes=92	drawing_strokes=5	drawing_points=82	render_operations=30	writes=2417014	bytes=200570100	frame_hash=15812300624385852377
trace=frame	revision=747	capture_revision=2218	capture_count=59	state=1	window=1	semantic_scopes=92	layout_scopes=92	drawing_strokes=5	drawing_points=82	render_operations=30	writes=2420298	bytes=200839066	frame_hash=13237401166967065634
trace=frame	revision=748	capture_revision=2220	capture_count=59	state=1	window=1	semantic_scopes=92	layout_scopes=92	drawing_strokes=5	drawing_points=76	render_operations=30	writes=2423561	bytes=201108038	frame_hash=15682241011952481909
trace=frame	revision=749	capture_revision=2222	capture_count=59	state=1	window=1	semantic_scopes=92	layout_scopes=92	drawing_strokes=5	drawing_points=74	render_operations=30	writes=2426813	bytes=201376942	frame_hash=11650636540619803883
trace=frame	revision=750	capture_revision=2229	capture_count=60	state=1	window=1	semantic_scopes=92	layout_scopes=92	drawing_strokes=5	drawing_points=82	render_operations=30	writes=2430053	bytes=201645786	frame_hash=1567228021783717693
trace=frame	revision=751	capture_revision=2232	capture_count=60	state=1	window=1	semantic_scopes=92	layout_scopes=92	drawing_strokes=5	drawing_points=84	render_operations=30	writes=2433334	bytes=201914794	frame_hash=16606401872798811987
trace=frame	revision=752	capture_revision=2233	capture_count=61	state=1	window=1	semantic_scopes=92	layout_scopes=92	drawing_strokes=5	drawing_points=84	render_operations=30	writes=2436627	bytes=202183850	frame_hash=4662563712686356191
trace=frame	revision=753	capture_revision=2237	capture_count=61	state=1	window=1	semantic_scopes=92	layout_scopes=92	drawing_strokes=5	drawing_points=84	render_operations=30	writes=2439907	bytes=202452816	frame_hash=12997054448548359896
trace=frame	revision=754	capture_revision=2238	capture_count=62	state=1	window=1	semantic_scopes=92	layout_scopes=92	drawing_strokes=5	drawing_points=82	render_operations=30	writes=2443210	bytes=202721918	frame_hash=424894957697838434
trace=frame	revision=755	capture_revision=2242	capture_count=61	state=1	window=1	semantic_scopes=92	layout_scopes=92	drawing_strokes=5	drawing_points=80	render_operations=30	writes=2446487	bytes=202990920	frame_hash=12018904502245959716
trace=frame	revision=756	capture_revision=2246	capture_count=60	state=1	window=1	semantic_scopes=92	layout_scopes=92	drawing_strokes=5	drawing_points=84	render_operations=30	writes=2449807	bytes=203260118	frame_hash=2306119734693859456
trace=frame	revision=757	capture_revision=2248	capture_count=59	state=1	window=1	semantic_scopes=92	layout_scopes=92	drawing_strokes=5	drawing_points=84	render_operations=30	writes=2453100	bytes=203529160	frame_hash=9601775819899561864
trace=frame	revision=758	capture_revision=2250	capture_count=60	state=1	window=1	semantic_scopes=92	layout_scopes=92	drawing_strokes=5	drawing_points=82	render_operations=30	writes=2456409	bytes=203798284	frame_hash=14727708586655774135
trace=frame	revision=759	capture_revision=2253	capture_count=60	state=1	window=1	semantic_scopes=92	layout_scopes=92	drawing_strokes=5	drawing_points=74	render_operations=30	writes=2459646	bytes=204067120	frame_hash=1269923412831291659
trace=frame	revision=760	capture_revision=2258	capture_count=59	state=1	window=1	semantic_scopes=92	layout_scopes=92	drawing_strokes=5	drawing_points=82	render_operations=30	writes=2462948	bytes=204336234	frame_hash=4790302649091124324
trace=frame	revision=761	capture_revision=2260	capture_count=59	state=1	window=1	semantic_scopes=92	layout_scopes=92	drawing_strokes=5	drawing_points=80	render_operations=30	writes=2466245	bytes=204605316	frame_hash=11936061308733029978
trace=frame	revision=762	capture_revision=2262	capture_count=60	state=1	window=1	semantic_scopes=92	layout_scopes=92	drawing_strokes=5	drawing_points=80	render_operations=30	writes=2469542	bytes=204874392	frame_hash=8494910165034458825
trace=frame	revision=763	capture_revision=2265	capture_count=60	state=1	window=1	semantic_scopes=92	layout_scopes=92	drawing_strokes=5	drawing_points=82	render_operations=30	writes=2472841	bytes=205143404	frame_hash=1077397268626617765
trace=frame	revision=764	capture_revision=2268	capture_count=60	state=1	window=1	semantic_scopes=92	layout_scopes=92	drawing_strokes=5	drawing_points=76	render_operations=30	writes=2476107	bytes=205412356	frame_hash=9823583486585749795
trace=frame	revision=765	capture_revision=2270	capture_count=60	state=1	window=1	semantic_scopes=92	layout_scopes=92	drawing_strokes=5	drawing_points=76	render_operations=30	writes=2479352	bytes=205681188	frame_hash=2825806581262192921
trace=frame	revision=766	capture_revision=2274	capture_count=60	state=1	window=1	semantic_scopes=92	layout_scopes=92	drawing_strokes=5	drawing_points=80	render_operations=30	writes=2482658	bytes=205950294	frame_hash=11998632470236010804
trace=frame	revision=767	capture_revision=2277	capture_count=59	state=1	window=1	semantic_scopes=92	layout_scopes=92	drawing_strokes=5	drawing_points=82	render_operations=30	writes=2485939	bytes=206219278	frame_hash=18258396351498126083
trace=frame	revision=768	capture_revision=2279	capture_count=59	state=1	window=1	semantic_scopes=92	layout_scopes=92	drawing_strokes=5	drawing_points=76	render_operations=30	writes=2489196	bytes=206488178	frame_hash=2420707678509444577
trace=frame	revision=769	capture_revision=2283	capture_count=61	state=1	window=1	semantic_scopes=92	layout_scopes=92	drawing_strokes=5	drawing_points=78	render_operations=30	writes=2492461	bytes=206757086	frame_hash=13323448315096857467
trace=frame	revision=770	capture_revision=2287	capture_count=60	state=1	window=1	semantic_scopes=92	layout_scopes=92	drawing_strokes=5	drawing_points=82	render_operations=30	writes=2495699	bytes=207025894	frame_hash=702011212004148295
trace=frame	revision=771	capture_revision=2290	capture_count=60	state=1	window=1	semantic_scopes=92	layout_scopes=92	drawing_strokes=5	drawing_points=82	render_operations=30	writes=2498964	bytes=207294732	frame_hash=6099806678768823636
trace=frame	revision=772	capture_revision=2292	capture_count=59	state=1	window=1	semantic_scopes=92	layout_scopes=92	drawing_strokes=5	drawing_points=82	render_operations=30	writes=2502253	bytes=207563768	frame_hash=11441434339587611207
trace=frame	revision=773	capture_revision=2294	capture_count=57	state=1	window=1	semantic_scopes=92	layout_scopes=92	drawing_strokes=5	drawing_points=80	render_operations=30	writes=2505516	bytes=207832664	frame_hash=10001194429945808167
trace=frame	revision=774	capture_revision=2297	capture_count=59	state=1	window=1	semantic_scopes=92	layout_scopes=92	drawing_strokes=5	drawing_points=78	render_operations=30	writes=2508714	bytes=208101314	frame_hash=4408110149641530556
trace=frame	revision=775	capture_revision=2301	capture_count=59	state=1	window=1	semantic_scopes=92	layout_scopes=92	drawing_strokes=5	drawing_points=80	render_operations=30	writes=2511983	bytes=208370278	frame_hash=12691297168513907427
trace=frame	revision=776	capture_revision=2305	capture_count=59	state=1	window=1	semantic_scopes=92	layout_scopes=92	drawing_strokes=5	drawing_points=86	render_operations=30	writes=2515293	bytes=208639398	frame_hash=11664451240451532155
trace=frame	revision=777	capture_revision=2307	capture_count=60	state=1	window=1	semantic_scopes=92	layout_scopes=92	drawing_strokes=5	drawing_points=82	render_operations=30	writes=2518582	bytes=208908430	frame_hash=5624783184715642953
trace=frame	revision=778	capture_revision=2309	capture_count=59	state=1	window=1	semantic_scopes=92	layout_scopes=92	drawing_strokes=5	drawing_points=80	render_operations=30	writes=2521869	bytes=209177466	frame_hash=9297225799067939861
trace=frame	revision=779	capture_revision=2312	capture_count=60	state=1	window=1	semantic_scopes=92	layout_scopes=92	drawing_strokes=5	drawing_points=76	render_operations=30	writes=2525114	bytes=209446358	frame_hash=10166936612630416119
trace=frame	revision=780	capture_revision=2318	capture_count=61	state=1	window=1	semantic_scopes=92	layout_scopes=92	drawing_strokes=5	drawing_points=84	render_operations=30	writes=2528406	bytes=209715438	frame_hash=15405745287316785945
trace=frame	revision=781	capture_revision=2320	capture_count=60	state=1	window=1	semantic_scopes=92	layout_scopes=92	drawing_strokes=5	drawing_points=84	render_operations=30	writes=2531689	bytes=209984458	frame_hash=5521547140004631923
trace=frame	revision=782	capture_revision=2323	capture_count=61	state=1	window=1	semantic_scopes=92	layout_scopes=92	drawing_strokes=5	drawing_points=86	render_operations=30	writes=2535013	bytes=210253672	frame_hash=704819064688259766
trace=frame	revision=783	capture_revision=2325	capture_count=60	state=1	window=1	semantic_scopes=92	layout_scopes=92	drawing_strokes=5	drawing_points=80	render_operations=30	writes=2538275	bytes=210522626	frame_hash=2593277731487791194
trace=frame	revision=784	capture_revision=2327	capture_count=62	state=1	window=1	semantic_scopes=92	layout_scopes=92	drawing_strokes=5	drawing_points=80	render_operations=30	writes=2541555	bytes=210791658	frame_hash=5160665944725437515
trace=frame	revision=785	capture_revision=2332	capture_count=62	state=1	window=1	semantic_scopes=92	layout_scopes=92	drawing_strokes=5	drawing_points=82	render_operations=30	writes=2544828	bytes=211060638	frame_hash=3154568607739873543
trace=frame	revision=786	capture_revision=2334	capture_count=61	state=1	window=1	semantic_scopes=92	layout_scopes=92	drawing_strokes=5	drawing_points=84	render_operations=30	writes=2548139	bytes=211329788	frame_hash=7613725263149307632
trace=frame	revision=787	capture_revision=2337	capture_count=62	state=1	window=1	semantic_scopes=92	layout_scopes=92	drawing_strokes=5	drawing_points=84	render_operations=30	writes=2551425	bytes=211598762	frame_hash=3081263541160859142
trace=frame	revision=788	capture_revision=2340	capture_count=62	state=1	window=1	semantic_scopes=92	layout_scopes=92	drawing_strokes=5	drawing_points=78	render_operations=30	writes=2554696	bytes=211867772	frame_hash=8750305367890448786
trace=frame	revision=789	capture_revision=2342	capture_count=60	state=1	window=1	semantic_scopes=92	layout_scopes=92	drawing_strokes=5	drawing_points=78	render_operations=30	writes=2557951	bytes=212136662	frame_hash=14663193618700147178
trace=frame	revision=790	capture_revision=2349	capture_count=63	state=1	window=1	semantic_scopes=92	layout_scopes=92	drawing_strokes=5	drawing_points=84	render_operations=30	writes=2561187	bytes=212405484	frame_hash=13383647939976573832
trace=frame	revision=791	capture_revision=2351	capture_count=61	state=1	window=1	semantic_scopes=92	layout_scopes=92	drawing_strokes=5	drawing_points=84	render_operations=30	writes=2564471	bytes=212674516	frame_hash=16352246697658016987
trace=frame	revision=792	capture_revision=2353	capture_count=61	state=1	window=1	semantic_scopes=92	layout_scopes=92	drawing_strokes=5	drawing_points=84	render_operations=30	writes=2567770	bytes=212943620	frame_hash=14199412814341637729
trace=frame	revision=793	capture_revision=2355	capture_count=62	state=1	window=1	semantic_scopes=92	layout_scopes=92	drawing_strokes=5	drawing_points=84	render_operations=30	writes=2571075	bytes=213212736	frame_hash=13061888300496783403
trace=frame	revision=794	capture_revision=2357	capture_count=61	state=1	window=1	semantic_scopes=92	layout_scopes=92	drawing_strokes=5	drawing_points=78	render_operations=30	writes=2574344	bytes=213481708	frame_hash=6673554383376067423
trace=frame	revision=795	capture_revision=2361	capture_count=60	state=1	window=1	semantic_scopes=92	layout_scopes=92	drawing_strokes=5	drawing_points=80	render_operations=30	writes=2577612	bytes=213750674	frame_hash=7484251236548077050
trace=frame	revision=796	capture_revision=2365	capture_count=60	state=1	window=1	semantic_scopes=92	layout_scopes=92	drawing_strokes=5	drawing_points=82	render_operations=30	writes=2580912	bytes=214019792	frame_hash=11488465424004063298
trace=frame	revision=797	capture_revision=2366	capture_count=61	state=1	window=1	semantic_scopes=92	layout_scopes=92	drawing_strokes=5	drawing_points=82	render_operations=30	writes=2584200	bytes=214288844	frame_hash=2508393253339277657
trace=frame	revision=798	capture_revision=2369	capture_count=60	state=1	window=1	semantic_scopes=92	layout_scopes=92	drawing_strokes=5	drawing_points=76	render_operations=30	writes=2587475	bytes=214557830	frame_hash=15327864829335950840
trace=frame	revision=799	capture_revision=2372	capture_count=61	state=1	window=1	semantic_scopes=92	layout_scopes=92	drawing_strokes=5	drawing_points=74	render_operations=30	writes=2590702	bytes=214826606	frame_hash=8138195870503521439
trace=frame	revision=800	capture_revision=2377	capture_count=59	state=1	window=1	semantic_scopes=92	layout_scopes=92	drawing_strokes=5	drawing_points=80	render_operations=30	writes=2593984	bytes=215095640	frame_hash=15217644667127762210
trace=frame	revision=801	capture_revision=2380	capture_count=60	state=1	window=1	semantic_scopes=92	layout_scopes=92	drawing_strokes=5	drawing_points=82	render_operations=30	writes=2597262	bytes=215364628	frame_hash=103905890878028079
trace=frame	revision=802	capture_revision=2381	capture_count=61	state=1	window=1	semantic_scopes=92	layout_scopes=92	drawing_strokes=5	drawing_points=82	render_operations=30	writes=2600573	bytes=215633772	frame_hash=8124113485577077631
trace=frame	revision=803	capture_revision=2384	capture_count=60	state=1	window=1	semantic_scopes=92	layout_scopes=92	drawing_strokes=5	drawing_points=82	render_operations=30	writes=2603822	bytes=215902652	frame_hash=15514099108001829203
trace=frame	revision=804	capture_revision=2387	capture_count=60	state=1	window=1	semantic_scopes=92	layout_scopes=92	drawing_strokes=5	drawing_points=78	render_operations=30	writes=2607112	bytes=216171732	frame_hash=12313277072169191425
trace=frame	revision=805	capture_revision=2390	capture_count=59	state=1	window=1	semantic_scopes=92	layout_scopes=92	drawing_strokes=5	drawing_points=80	render_operations=30	writes=2610392	bytes=216440730	frame_hash=749868105554864506
trace=frame	revision=806	capture_revision=2394	capture_count=60	state=1	window=1	semantic_scopes=92	layout_scopes=92	drawing_strokes=5	drawing_points=84	render_operations=30	writes=2613718	bytes=216709936	frame_hash=778111420860571776
trace=frame	revision=807	capture_revision=2396	capture_count=59	state=1	window=1	semantic_scopes=92	layout_scopes=92	drawing_strokes=5	drawing_points=80	render_operations=30	writes=2616999	bytes=216978948	frame_hash=5512306836930996881
trace=frame	revision=808	capture_revision=2398	capture_count=60	state=1	window=1	semantic_scopes=92	layout_scopes=92	drawing_strokes=5	drawing_points=82	render_operations=30	writes=2620296	bytes=217247998	frame_hash=10835167038371788448
trace=frame	revision=809	capture_revision=2402	capture_count=61	state=1	window=1	semantic_scopes=92	layout_scopes=92	drawing_strokes=5	drawing_points=78	render_operations=30	writes=2623560	bytes=217516918	frame_hash=2595888404461633431
trace=frame	revision=810	capture_revision=2404	capture_count=61	state=1	window=1	semantic_scopes=92	layout_scopes=92	drawing_strokes=5	drawing_points=78	render_operations=30	writes=2626851	bytes=217785964	frame_hash=7954370241996657870
workload_transitions=2400	workload_frames=808	source_clock=unscaled
trace=frame	revision=811	capture_revision=2404	capture_count=61	state=2	window=1	semantic_scopes=92	layout_scopes=92	drawing_strokes=5	drawing_points=78	render_operations=30	writes=2630136	bytes=218054984	frame_hash=14644573969410746178
trace=action	code=1	dispatched=1	revision=811	capture_count=61	state=2	window=1
trace=frame	revision=812	capture_revision=2404	capture_count=61	state=1	window=1	semantic_scopes=92	layout_scopes=92	drawing_strokes=5	drawing_points=78	render_operations=30	writes=2633427	bytes=218324030	frame_hash=7954370241996657870
trace=action	code=0	dispatched=1	revision=812	capture_count=61	state=1	window=1
trace=frame	revision=813	capture_revision=2404	capture_count=61	state=1	window=0	semantic_scopes=92	layout_scopes=92	drawing_strokes=5	drawing_points=58	render_operations=30	writes=2636599	bytes=218592584	frame_hash=11568490053923399713
trace=action	code=3	dispatched=1	revision=813	capture_count=61	state=1	window=0
trace=action	code=3	dispatched=0	revision=813	capture_count=61	state=1	window=0
trace=action	code=3	dispatched=0	revision=813	capture_count=61	state=1	window=0
trace=frame	revision=814	capture_revision=2404	capture_count=61	state=1	window=1	semantic_scopes=92	layout_scopes=92	drawing_strokes=5	drawing_points=78	render_operations=30	writes=2639890	bytes=218861630	frame_hash=7954370241996657870
trace=action	code=4	dispatched=1	revision=814	capture_count=61	state=1	window=1
trace=frame	revision=815	capture_revision=2404	capture_count=61	state=1	window=2	semantic_scopes=92	layout_scopes=92	drawing_strokes=5	drawing_points=154	render_operations=30	writes=2643588	bytes=219132270	frame_hash=15570676820132337950
trace=action	code=5	dispatched=1	revision=815	capture_count=61	state=1	window=2
trace=action	code=5	dispatched=0	revision=815	capture_count=61	state=1	window=2
trace=action	code=5	dispatched=0	revision=815	capture_count=61	state=1	window=2
trace=frame	revision=816	capture_revision=2404	capture_count=61	state=1	window=1	semantic_scopes=92	layout_scopes=92	drawing_strokes=5	drawing_points=78	render_operations=30	writes=2646879	bytes=219401316	frame_hash=7954370241996657870
trace=action	code=4	dispatched=1	revision=816	capture_count=61	state=1	window=1
trace=frame	revision=817	capture_revision=2404	capture_count=61	state=1	window=0	semantic_scopes=92	layout_scopes=92	drawing_strokes=5	drawing_points=58	render_operations=30	writes=2650051	bytes=219669870	frame_hash=11568490053923399713
trace=action	code=3	dispatched=1	revision=817	capture_count=61	state=1	window=0
trace=frame	revision=818	capture_revision=2404	capture_count=61	state=1	window=1	semantic_scopes=92	layout_scopes=92	drawing_strokes=5	drawing_points=78	render_operations=30	writes=2653342	bytes=219938916	frame_hash=7954370241996657870
trace=action	code=4	dispatched=1	revision=818	capture_count=61	state=1	window=1
status=passed	profile=nrf52840-static	evidence=host-native-fixture	writes=2653342	bytes=219938916
trace=touch-probe	hold=cancelled	miss=ignored	revision=1	status=passed
static-owner-fault stage=3 cleanup=0 finalizations=2 policyCalls=1 status=passed
static-owner-fault stage=3 cleanup=0 finalizations=2 policyCalls=1 status=passed
static-owner-fault stage=4 cleanup=448 finalizations=2 policyCalls=1 status=passed
static-owner-fault stage=5 cleanup=481 finalizations=2 policyCalls=1 status=passed
static-owner-fault stage=6 cleanup=496 finalizations=2 policyCalls=1 status=passed
static-owner-fault stage=7 cleanup=504 finalizations=2 policyCalls=1 status=passed
static-owner-fault stage=3 cleanup=0 finalizations=2 policyCalls=0 status=passed
static-owner-fault stage=3 cleanup=0 finalizations=2 policyCalls=1 status=passed
static-owner-fault stage=1 cleanup=0 finalizations=2 policyCalls=0 status=passed
static-owner-partial prefix=0 firstCause=captureRevisionMismatch finalizations=2 replay=0 status=passed
static-owner-partial prefix=1 firstCause=captureRevisionMismatch finalizations=2 replay=0 status=passed
static-owner-partial prefix=3 firstCause=captureRevisionMismatch finalizations=2 replay=0 status=passed
static-owner-recovery refusals=3 backpressure=preserved semanticRevision=2 status=passed
static-owner-health responsibility=accepted stream=failed input=quiescent finalizations=2 status=passed
