commands.txt	d11757f2f4675d028c7f7b3016e0988aa0982ddd365b7b1f923cd49d3c801484
declarations/commands.txt	56c55c1378b105cf96cb0638103490b3c1fd6a48bab616053f5260d8151c3c6d
declarations/fixtures/bounded-text-byte-count-mutation/stderr.txt	9f619d6c3fc5f7d6e512279fb4b1242410fc1da7fbb8875e35923af64a0ceb8a
declarations/fixtures/bounded-text-byte-count-mutation/stdout.txt	e3b0c44298fc1c149afbf4c8996fb92427ae41e4649b934ca495991b7852b855
declarations/fixtures/bounded-text-public-surface/stderr.txt	e3b0c44298fc1c149afbf4c8996fb92427ae41e4649b934ca495991b7852b855
declarations/fixtures/bounded-text-public-surface/stdout.txt	e3b0c44298fc1c149afbf4c8996fb92427ae41e4649b934ca495991b7852b855
declarations/fixtures/bounded-text-storage-access/stderr.txt	cb1aa4a1a8b23a13014f7eb102039e67ed8ffbfe163c6e23ef977062848d6112
declarations/fixtures/bounded-text-storage-access/stdout.txt	e3b0c44298fc1c149afbf4c8996fb92427ae41e4649b934ca495991b7852b855
declarations/fixtures/bounded-text-string-input/stderr.txt	18c6dc1a15f334a3dcd1b8c9e493b5d047101a669c1f97aa61a88696d5881e2e
declarations/fixtures/bounded-text-string-input/stdout.txt	e3b0c44298fc1c149afbf4c8996fb92427ae41e4649b934ca495991b7852b855
declarations/fixtures/color-alpha-initializer/stderr.txt	44ef86d670ffcd721d628c5028b45fd5cc98a0dc022aa51cb65adbb2903a746a
declarations/fixtures/color-alpha-initializer/stdout.txt	e3b0c44298fc1c149afbf4c8996fb92427ae41e4649b934ca495991b7852b855
declarations/fixtures/color-alpha-member/stderr.txt	cdcb7d5eaac4b5b65ab30b5024f8d7ea666333fb846572cfa8ee25358d7a236a
declarations/fixtures/color-alpha-member/stdout.txt	e3b0c44298fc1c149afbf4c8996fb92427ae41e4649b934ca495991b7852b855
declarations/fixtures/color-backend-hook/stderr.txt	1f5e6fcc842e2f906c150150ba476583e362a6cd478a9ea6ba84e9cc789b9b6d
declarations/fixtures/color-backend-hook/stdout.txt	e3b0c44298fc1c149afbf4c8996fb92427ae41e4649b934ca495991b7852b855
declarations/fixtures/color-clear-access/stderr.txt	d4761eeb70734a7647d32dbe90e1ef189e5bb4e040ca0602a6d15f663d1c63aa
declarations/fixtures/color-clear-access/stdout.txt	e3b0c44298fc1c149afbf4c8996fb92427ae41e4649b934ca495991b7852b855
declarations/fixtures/color-public-surface/stderr.txt	e3b0c44298fc1c149afbf4c8996fb92427ae41e4649b934ca495991b7852b855
declarations/fixtures/color-public-surface/stdout.txt	e3b0c44298fc1c149afbf4c8996fb92427ae41e4649b934ca495991b7852b855
declarations/fixtures/declaration-boundaries/stderr.txt	e3b0c44298fc1c149afbf4c8996fb92427ae41e4649b934ca495991b7852b855
declarations/fixtures/declaration-boundaries/stdout.txt	e3b0c44298fc1c149afbf4c8996fb92427ae41e4649b934ca495991b7852b855
declarations/fixtures/style-payload-construction/stderr.txt	2da75982c1694bfac36ec1cd88faaf9f253a90831b622c20b973a88e8a13cc1d
declarations/fixtures/style-payload-construction/stdout.txt	e3b0c44298fc1c149afbf4c8996fb92427ae41e4649b934ca495991b7852b855
declarations/fixtures/style-public-surface/stderr.txt	e3b0c44298fc1c149afbf4c8996fb92427ae41e4649b934ca495991b7852b855
declarations/fixtures/style-public-surface/stdout.txt	e3b0c44298fc1c149afbf4c8996fb92427ae41e4649b934ca495991b7852b855
declarations/fixtures/style-wrapper-storage/stderr.txt	4e6d21b058c003f8b8dc62c9999aeb05a7cf743d2d3bad7e7c31dc6a497a908c
declarations/fixtures/style-wrapper-storage/stdout.txt	e3b0c44298fc1c149afbf4c8996fb92427ae41e4649b934ca495991b7852b855
declarations/fixtures/text-interpolation/stderr.txt	fe3f2175eb6c1031648171b3a41ee78d9e95bc59ca6a02d36a53dc59afc19800
declarations/fixtures/text-interpolation/stdout.txt	e3b0c44298fc1c149afbf4c8996fb92427ae41e4649b934ca495991b7852b855
declarations/fixtures/text-payload-access/stderr.txt	7cd7086af8fcf4fa91884d33a752455c334e257f225b1e49c3925f42fc4eb29c
declarations/fixtures/text-payload-access/stdout.txt	e3b0c44298fc1c149afbf4c8996fb92427ae41e4649b934ca495991b7852b855
declarations/fixtures/text-public-surface/stderr.txt	e3b0c44298fc1c149afbf4c8996fb92427ae41e4649b934ca495991b7852b855
declarations/fixtures/text-public-surface/stdout.txt	e3b0c44298fc1c149afbf4c8996fb92427ae41e4649b934ca495991b7852b855
declarations/fixtures/text-string-input/stderr.txt	7b3e19ac980a7d981578b4f641e97a25fd432b9b03d0b19d26e971fdb61c5c8d
declarations/fixtures/text-string-input/stdout.txt	e3b0c44298fc1c149afbf4c8996fb92427ae41e4649b934ca495991b7852b855
declarations/module-cache/2OQONTZ2QE5F9/SwiftShims-1HKQZ1XPHECUE.pcm	f65a7539dde6d81eef8a9cfb74184bd0d87ae1b3900747964355ea38fe51e096
declarations/module-cache/modules.timestamp	e3b0c44298fc1c149afbf4c8996fb92427ae41e4649b934ca495991b7852b855
declarations/modules/GiftUI.swiftdoc	4056c4e7845f1fbf2e5e617944b3a68e55d9312db94e1017a68bf72aa875bddf
declarations/modules/GiftUI.swiftmodule	839b7923e214de7f94552cfee3b2a0f95223cd6b36e6a4862be6d503fb132848
declarations/modules/GiftUI.swiftsourceinfo	4557e0eb42f4736f4aa58e424f6f787bb8fe9eee18eb64b60e19c22f7b58c358
declarations/results.tsv	6cc911a4fbe71e2d051cb9f052df78694712527b67881cd7e30ab3b6d871151e
image-hashes.tsv	b06566c510b494553d56fd1ad5352c36b6a24d97197b457d32c2168633dc4920
input-hashes.tsv	8c912bd577cac4a785793468655011b3a1123af1d811cc9c2880f3e077e23b0a
metadata.txt	5401ba0193672fd9d3a010305b0f9a3bc5d7ec5c9cf715d6a1dee97a1a6d6837
prerequisites.tsv	252603ed4a92f797529789c2ead1c76de61c094a72d201c08c98406155761ccb
render-evidence/signal-analyzer-high-water.tsv	4812c148189162278757dd4e5c03fbfd89b6833ff6decf8ccb73ad5a17d78db8
render-evidence/stack-high-water.tsv	c1612adf4f9c9393c7ea9001b72dcb233881d8ee4b69a055ee5247166631b8a3
render-evidence/timing-method.tsv	537bb442bde472fb4e70b4ea908aa1d0bffec7ddbe74a81c620903bc5e864823
render-evidence/workspace.tsv	2fe1b519f3ad1a485d2a45bbf55d73679d2e440bfc02b4e52acbc601fc0f003d
render-image/GiftUI.o	a331eab3795e1ea0bde9e890a6032570ce28d3e97ae4a9661537b2c6c737a78a
render-image/GiftUILayout.o	c133fc10a82da5a0075ae9055825891d6509496c12c6b9982c28b775aaa07e85
render-image/GiftUIRenderCore.o	fe5cd4b2bb1742c47a48f6f2292c8488fb6e2e2a83fe108d7a4fb4f83d9fbc9a
render-image/GiftUIRenderEvidenceProbe.o	50572e7581d1d878def2fca16a9f8e9b0a30c8038760f32b272b67d8d6ed5863
render-image/GiftUIRenderLowering.o	9159042dc84ccc3ebed73cf1103b675fcc324c157d21686cf0faf8624461afba
render-image/GiftUISemanticCore.o	c48b7efc04d92445b584101789559452c0af48e5476eed36273317d262248a26
render-image/GiftUITextResources.o	b3a9861a1dbe33e562fd78427963cd9d7c79d20afd67c25f1dc521e08dbbaae5
render-image/allocation.tsv	e565f5e71127925e3d568b531747094dd93ef9b3741347f376b072da796c7442
render-image/arm-attributes.txt	b1cf2c133bb70839666f3326d91a0da2d075641c44ddc64a4157c80a30a7230a
render-image/baseline	c1dff931bc7f7df9d2ecf32130426673ed06b8088bd69829db626d8ae746def8
render-image/baseline.map	54a31fa21260b6da191530af3692985e9b876ee1728949c913ac206cd36dbfa4
render-image/candidate	1165d01b662835b4f15f620100552c77e694960d9209c6fc1afd66f8b531ea78
render-image/candidate.map	4054901cbcc7ea4d75e1db246bee5b58d0c9241638d6c241a39bc2ec4896d92c
render-image/commands.txt	ec042fa3bf9ea0792404212829c21be2fc7a79b07a761beb2fd5dda8be4d0caf
render-image/concrete-workspace.tsv	dd9aa3c5ff166a7b96537aeb2fdffe04f3fe3f3c31e367f72f3764f2ed66f081
render-image/linked-section-deltas.tsv	26cba8f32b9a6d8a24dfc01d83793dc9e5ddff0cd1bb651631fe34badeb50352
render-image/linked-section-deltas.tsv.baseline-sections.txt	7f28a94dfef190e0651e652ced75639a7682dbf09cdc3c9a2b4acf32f20cea44
render-image/linked-section-deltas.tsv.candidate-sections.txt	61147242b50d9c423141e8e9bc8b0bca34fdfaaa86a6ab3ec86ee8ad39a56fda
render-image/modules/GiftUI.swiftdoc	4056c4e7845f1fbf2e5e617944b3a68e55d9312db94e1017a68bf72aa875bddf
render-image/modules/GiftUI.swiftmodule	dd6f4be0abf3acc3eb8ee7bad85f17909bd1d3c3e57f4515f464ef025895e5c8
render-image/modules/GiftUI.swiftsourceinfo	425a65b24a2fdae2f20596522b5e0285b0ed28463da5ccc7806fc23dd31ef5ea
render-image/modules/GiftUILayout.swiftdoc	ca9a15ec64a3984e0d23056ad84e41f19e28c8292fa3842598c273f73f34727a
render-image/modules/GiftUILayout.swiftmodule	bb38f59cfc5c8a637bfa1e05f56b1b3ca0d35e11b6938a1982794566c605aa25
render-image/modules/GiftUILayout.swiftsourceinfo	128bbc5c868ccc1df3ee243d94c8ec537c5d7b6a159520c89e09efd834594e40
render-image/modules/GiftUIRenderCore.swiftdoc	1a26069d6652f8960a1c9082894cbfb34cdd211bc4cbc661fb1a97fb20b33859
render-image/modules/GiftUIRenderCore.swiftmodule	45610a41bfb90c1c9772fc1f1ab6a8a487c069d99b0d609f6747fb22576d73bd
render-image/modules/GiftUIRenderCore.swiftsourceinfo	53bad1afcf548883bbf0c44909f1e14f1f5ce97b06c9e36ce7990a78cf059906
render-image/modules/GiftUIRenderEvidenceProbe.swiftdoc	4b8c6474dcd1635057d675db391c141593b561890aa61497836477878caa7499
render-image/modules/GiftUIRenderEvidenceProbe.swiftmodule	6841377613b804aea6e546c7aaec8c5408a9d2acd25c686acb31ef73574ab987
render-image/modules/GiftUIRenderEvidenceProbe.swiftsourceinfo	3e3bd70ae0b49e9156176950c4a3db9db43596befd3cc1c3e0b18676572425f1
render-image/modules/GiftUIRenderLowering.swiftdoc	ba817c91801c41685940234a4ef6901d12d9fb1bfc0e59e8d90248bf704f7e3a
render-image/modules/GiftUIRenderLowering.swiftmodule	63da7b152be99ca24f8412c3c4b0436184c2b417c0826cbcb8d53aaf936c3cf1
render-image/modules/GiftUIRenderLowering.swiftsourceinfo	f05cbd2177069ca8d406a8ccbfaed993eb8504e39d7aeb48db2fca65d9d287f4
render-image/modules/GiftUISemanticCore.swiftdoc	baa7309b2cd9ce95c09fedc7b5038b02212d51ec4cad770f8f6103045845bc41
render-image/modules/GiftUISemanticCore.swiftmodule	f47962963dd785dbef43e515e65738aeea979f87291c54eab4eaef700f122200
render-image/modules/GiftUISemanticCore.swiftsourceinfo	f37c8c2438b3f6a550c50a4ca4027f00aed16f9c9d319e2c5c1faed054dbdf97
render-image/modules/GiftUITextResources.swiftdoc	d8b0c752ef6116fa5b12f16373f6d1bac8056209ff672a25d362a8c6ba3ff32e
render-image/modules/GiftUITextResources.swiftmodule	2547d0839d3224949a09351ac4a6e74d0ba07c90ee73f65a4a008d176f8cefda
render-image/modules/GiftUITextResources.swiftsourceinfo	fde33d2f3b213bcd5c5a7ee90cd4c8bdfdd238d3ac535399951623d7d2da7715
render-image/render-resource.ll	ed53d798c2d8899ecebec88646832e4d976d010da6c7ea56c302dcf596f37715
render-image/render-resource.sil	0f3af500523d5f4402306d8901af08a3e0934fe04c9218e460d9aa8bda11b1af
render-image/symbols.txt	0efb0c0103e94ac3e6852d4268b33a85200e998efeff6beb8f268eadfb5cb9f0
render-image/zephyr-baseline/CMakeCache.txt	d5910faebee9c7ab0fa884970719f8294ddc5aef19379c2d11d12aa27fb5fb91
render-image/zephyr-baseline/CMakeFiles/4.4.2/CMakeASMCompiler.cmake	b6f314a1a43d9d2ede9f43ad0c9ea2cc2f19700adf151dca93cece3f50a69ce8
render-image/zephyr-baseline/CMakeFiles/4.4.2/CMakeCCompiler.cmake	b882ccbbcc16d8ad365ebb5dd83228365dc11c6465356d205998544ddff87cdb
render-image/zephyr-baseline/CMakeFiles/4.4.2/CMakeCXXCompiler.cmake	5356019b97c2337c5ff1a5e37797e32cd79f8dee09b92090791f6bf0f872ccae
render-image/zephyr-baseline/CMakeFiles/4.4.2/CMakeSwiftCompiler.cmake	2e26869285c619fbf76301083e356a9e30564431b40173ee1f33c8bd8a680472
render-image/zephyr-baseline/CMakeFiles/4.4.2/CMakeSystem.cmake	c776de23d2e2fd1229957964882f385c16fae85a53561cf15ae121e25bbc86b3
render-image/zephyr-baseline/CMakeFiles/4.4.2/CompilerIdC/CMakeCCompilerId.c	6ccdb729a0b1d02ba3d9b57e617d311fbac288d9c0d32416c048ef044157f041
render-image/zephyr-baseline/CMakeFiles/4.4.2/CompilerIdC/CMakeCCompilerId.o	93e7f8559bf4db927eb6ee08635cffa5c7cdecd7c88fe060562a4cde2e511f7a
render-image/zephyr-baseline/CMakeFiles/4.4.2/CompilerIdCXX/CMakeCXXCompilerId.cpp	5b0cbdb2a0d0a5b91a89026321eb0202fdecb22328eb5c668566ce5cb17e3cd2
render-image/zephyr-baseline/CMakeFiles/4.4.2/CompilerIdCXX/CMakeCXXCompilerId.o	5698e7e796c93c783a07919bbd02dc0c3eff2cdd61afac43f0da5a63827314fc
render-image/zephyr-baseline/CMakeFiles/4.4.2/CompilerIdSwift/CompilerId/main.swift	c5b473220a38897bb1ff9d0c882fde04e17f6e3dcf61021f0eca136c80d2edb6
render-image/zephyr-baseline/CMakeFiles/4.4.2/SwiftCompilerDriver/lib.in	01ba4719c80b6fe911b091a7c05124b64eeece964e09c058ef8f9805daca546b
render-image/zephyr-baseline/CMakeFiles/4.4.2/SwiftCompilerDriver/main.swift	18a6066e8dd25f6d99b3274b3232ebae6750fc8d1637729125863d7919df784f
render-image/zephyr-baseline/CMakeFiles/CMakeConfigureLog.yaml	30911e376f570c128d06e7ff1abec6d114e82bf9c4453683849c5e10130a0fad
render-image/zephyr-baseline/CMakeFiles/InstallScripts.json	4fab39bc8836f92cde76aba38b49fd5f595432f5c54e02a39046c4ca4e9eb15d
render-image/zephyr-baseline/CMakeFiles/TargetDirectories.txt	c061a9f83522b6a78b52248188e1720fc9e6f4bb9d6c0de7ca13e5004134f7a3
render-image/zephyr-baseline/CMakeFiles/app.dir/src/main.c.obj	b01243e2bf8be4763d26a216459914bb92b7e81a0930f1952c855fa485f3b17e
render-image/zephyr-baseline/CMakeFiles/app.dir/src/stubs.c.obj	24e3dce76438c8250c49a68a91f4a74b9c43af1e6a4e322265fe1c0411ec47ff
render-image/zephyr-baseline/CMakeFiles/app_swift.dir/output-file-map.json	a5aefcb21bb5d2c797edb37627fd0febc3a6175bea6aee7abee7a68b46d54a00
render-image/zephyr-baseline/CMakeFiles/app_swift.dir/src/RenderProbe.swift.obj	2232938d082622bdc8dddf8b15ded045c34cfa92b697012d28dc3e1447f9dd67
render-image/zephyr-baseline/CMakeFiles/clean_additional.cmake	86262331788e5973582797ed60ac463c4d9ab58ed6e8b7a83fa1ce27bc6a1081
render-image/zephyr-baseline/CMakeFiles/cmake.check_cache	a26189e394421da57f45706a07713c5720acd200a41711b0c0c590c3c63371c4
render-image/zephyr-baseline/CMakeFiles/rules.ninja	86ef14836e72204cf17fac06630fdbaafd21f98eefade64ab84ef05c0d968853
render-image/zephyr-baseline/Kconfig/Kconfig.dts	30e5a7db1a5d45590ab696be7ac90ca75f0c87c772b8ebaef59e1727e3947aff
render-image/zephyr-baseline/Kconfig/Kconfig.modules	0fc45ffec59cc40ac992e8133bd58461595acd1bd7d028e0703b07d76afc68c3
render-image/zephyr-baseline/Kconfig/Kconfig.sysbuild.modules	d0afd39bac6af27b8948b47d78b5c89780acbd4f0a4d20845a820d585ae7a93b
render-image/zephyr-baseline/Kconfig/arch/Kconfig	4d24cb17ed9376f90006fcabe28464e6c3ad8b5023cf61afde285879e7c274a0
render-image/zephyr-baseline/Kconfig/boards/Kconfig	88d41b412935ee19530b3a3125fa1fb5ce5e92f227174b5b25f9a93f5a96b3f5
render-image/zephyr-baseline/Kconfig/boards/Kconfig.defconfig	a9584c8a4a246635f5a13a44a5c28ecba493745e75717e8dbd7306d73c10e71b
render-image/zephyr-baseline/Kconfig/boards/Kconfig.nrf52840dk	0b504ca4a91a2654980742076734eb49fca04aa5c861a710de5df312a172acb9
render-image/zephyr-baseline/Kconfig/boards/Kconfig.sysbuild	1694a61cec96a32f1aecdc5524552c2cd8107195280a870a8cc2cded5ba16b27
render-image/zephyr-baseline/Kconfig/kconfig_module_dirs.cmake	1f3f294a247ebb56bdd20df863fb3a4ed7207a929bf1abd0434792c3181d6ed4
render-image/zephyr-baseline/Kconfig/kconfig_module_dirs.env	200c2f7b1fbd22db453af4e37a9f511733677a26d4cf3b8b67cd2c3621086aed
render-image/zephyr-baseline/Kconfig/soc/Kconfig	088df84d2fa004901f021dd63dbbad3bedb61317c41f930a0152b8e077cb926d
render-image/zephyr-baseline/Kconfig/soc/Kconfig.defconfig	00f8d1cc5da3e3b174b27309ff23024c56a6281140cc45f8e60f19a1a977f022
render-image/zephyr-baseline/Kconfig/soc/Kconfig.soc	353a2de9c3bcf8cec1c3c34085111bdc53cac1ce7c160601a3c1bd9792362fb1
render-image/zephyr-baseline/Kconfig/soc/Kconfig.sysbuild	b45e64b13fe88539dc11960ef945c074fdb623c87222a7699166e75d80d96147
render-image/zephyr-baseline/app/libapp.a	600d776b65a15dc63110f5aacd4b7d6a1296573a68f1fae8813d7f82303a6db0
render-image/zephyr-baseline/app_swift.swiftdoc	f4e8e43606e28180910e72dd382ced142fef65514a166739b3602f761f386b1c
render-image/zephyr-baseline/app_swift.swiftmodule	339dd82b5b77cf5072167b120e9106b67c963ce0bb01e910ee259c62986fd34e
render-image/zephyr-baseline/app_swift.swiftsourceinfo	0c3de3437743f80428b2388c76b206c010d7a8259738f57130059a81077ad5d2
render-image/zephyr-baseline/build.ninja	a3c3933b7fc80102adb873c550675d069ae683ae83525caa3f982beeb5bbe2d2
render-image/zephyr-baseline/build_info.yml	59ecfcec7cb2c4e6b49eea64e186426f99084dad9508c75752e305e765922639
render-image/zephyr-baseline/build_info.yml.bak	d1c69926113757c804626ecf84ecc8896802a05813df7c99fd610705de8707eb
render-image/zephyr-baseline/cmake_install.cmake	820c0f50dadbd486c598e2b89281d2a5f983c0e863285bbab772271880975397
render-image/zephyr-baseline/compile_commands.json	959571a9750db5df5810ce1028b2d4eaf0120939e674952a656563f83c24408e
render-image/zephyr-baseline/modules/cmsis/cmake_install.cmake	e4b11c4833d1d9251775055928c80fc21a29c9341dbc7818107e5e68c44d217a
render-image/zephyr-baseline/modules/cmsis_6/cmake_install.cmake	f969206e4e8e75942cc69ccdfccaeebd76f372c65474739466d8a5939f1a3bd6
render-image/zephyr-baseline/modules/cmsis_6/cmsis_6/CMSIS/Core/cmake_install.cmake	b49d97fff84d46cd07cc67cce03743a673f28984144b36e8243cc9310fc8c6a2
render-image/zephyr-baseline/modules/cmsis_6/cmsis_6/CMSIS/cmake_install.cmake	62ed933942c7ace1aa6f46e5e9357678b84e040e4981388306b576d8e6a5f386
render-image/zephyr-baseline/modules/cmsis_6/cmsis_6/cmake_install.cmake	256a8d3c36f0b83b43a7b371d83dd7eb4f3b2e151190765a5ebc3cd460d5e518
render-image/zephyr-baseline/modules/hal_nordic/cmake_install.cmake	5846d9fb4d87fb6a5ae489ccd382175662fee322fa45b25846de38169bcfe052
render-image/zephyr-baseline/modules/hal_nordic/nrfx/CMakeFiles/nrfx.dir/nrfx_glue.c.obj	82547f5c04eb88217fe16a9feca4d9524a8f59ac00996681167494805805879c
render-image/zephyr-baseline/modules/hal_nordic/nrfx/cmake_install.cmake	e4a642cffc7426725e3f9560c52cfba54c42aedadc2b4cd0b6f3fa1ebd059ec7
render-image/zephyr-baseline/modules/hal_nordic/nrfx/libnrfx.a	69dfd9bff02c99fd653b0da5feae0d36d0fa1a2182fbf07c12682a8146460edb
render-image/zephyr-baseline/modules/segger/cmake_install.cmake	67e3ea4d35f131e8d7b95f8a09fdf31ec98430b2c7a47c11129e8a4715edc394
render-image/zephyr-baseline/sysbuild_modules.txt	e3b0c44298fc1c149afbf4c8996fb92427ae41e4649b934ca495991b7852b855
render-image/zephyr-baseline/zephyr/CMakeFiles/offsets.dir/arch/arm/core/offsets/offsets.c.obj	ea2d3c45b184cfb902cbf727fb8053684a22fac5d3a0aecda6dd2b515030c4b8
render-image/zephyr-baseline/zephyr/CMakeFiles/zephyr.dir/lib/heap/heap.c.obj	59e65e20051f8d7416701ecbff4a7ac6ca51a1ca0604ccf9ceea6c16b9f53e3a
render-image/zephyr-baseline/zephyr/CMakeFiles/zephyr.dir/lib/libc/validate_libc.c.obj	1a892b49ba6eb033bcaea854f0d0f3629aae2ada4684013fe60b49841c5c5842
render-image/zephyr-baseline/zephyr/CMakeFiles/zephyr.dir/lib/os/assert.c.obj	9fb5fdfc790cded5886efa2d6f9a8f17968ec6de31e08186d7de13e759134eec
render-image/zephyr-baseline/zephyr/CMakeFiles/zephyr.dir/lib/os/cbprintf_complete.c.obj	7ab7aef034efd92ecc7bd4c2f22157a1516848fd6fff25de821f01df771e3ca3
render-image/zephyr-baseline/zephyr/CMakeFiles/zephyr.dir/lib/os/cbprintf_packaged.c.obj	4d04fb7d65f1150ebca993359663c456df12ccfaaa58e3ef6ce4bb8482e631df
render-image/zephyr-baseline/zephyr/CMakeFiles/zephyr.dir/lib/os/clock.c.obj	bbf534d2e85430203c214597b0c8e8b6a54dda16e1f0ea67da9a17ae8103a213
render-image/zephyr-baseline/zephyr/CMakeFiles/zephyr.dir/lib/os/printk.c.obj	0dda3de6b43f64d82f10e48b79507f9d4241df8a97e3e52c068735d429a3c5f6
render-image/zephyr-baseline/zephyr/CMakeFiles/zephyr.dir/lib/os/sem.c.obj	f610eea4c51e3be777307d6d9c8f97c865a122ed74529385b69255d2e81e5e64
render-image/zephyr-baseline/zephyr/CMakeFiles/zephyr.dir/lib/os/thread_entry.c.obj	fdbe599286e0f514df87808586515918526fd9be9a39464226c344d76a5f2038
render-image/zephyr-baseline/zephyr/CMakeFiles/zephyr.dir/lib/utils/bitarray.c.obj	902e7bbd3715d6ad68bf955e3c5f6d76bd4748a0460e96da671e4a42ae56a071
render-image/zephyr-baseline/zephyr/CMakeFiles/zephyr.dir/lib/utils/bitmask.c.obj	b93bc6ec9270684b62320b33dff6510f18946c215bee8ffa9f289db5d3f5e35b
render-image/zephyr-baseline/zephyr/CMakeFiles/zephyr.dir/lib/utils/dec.c.obj	d49fcd36d7e111e955db74f5d422fbba465d7c568d2f638f5210c917e3ccaa3c
render-image/zephyr-baseline/zephyr/CMakeFiles/zephyr.dir/lib/utils/hex.c.obj	89b3b62832f30151aba04abb4efaed04bfc895212b7a81644f9d9ced78b8feeb
render-image/zephyr-baseline/zephyr/CMakeFiles/zephyr.dir/lib/utils/last_section_id.c.obj	861e6e202b585103c0a3d9dcf5f2128a1226f65a09cb69e61ef4176a9715bd14
render-image/zephyr-baseline/zephyr/CMakeFiles/zephyr.dir/lib/utils/notify.c.obj	b1d00873e1c0990c4210f0de05c3074c759558c5f27c3ee4ffb70f118dbff961
render-image/zephyr-baseline/zephyr/CMakeFiles/zephyr.dir/lib/utils/onoff.c.obj	eacff76fce48f8381cff779d39c9d385be5245aba5ca5967e38f351bfeff1ab7
render-image/zephyr-baseline/zephyr/CMakeFiles/zephyr.dir/lib/utils/rb.c.obj	df3b69cf7c664e1b0b83488b6b7c2152a2ed88e5d1e383ed61425649d63e3546
render-image/zephyr-baseline/zephyr/CMakeFiles/zephyr.dir/lib/utils/ring_buffer.c.obj	8d1531b238d32a1de872add17feeb966de364ce5fb234ddf07b961aebde1f561
render-image/zephyr-baseline/zephyr/CMakeFiles/zephyr.dir/lib/utils/timeutil.c.obj	41ba0a8d580500de30e266a6eaa242f7d179b62e2ea6ae919a62a8199329727e
render-image/zephyr-baseline/zephyr/CMakeFiles/zephyr.dir/misc/generated/configs.c.obj	743ed3bcbd816a946a6f66d47b5eedb3f281030cf4de44d40f28bd5f37bb406a
render-image/zephyr-baseline/zephyr/CMakeFiles/zephyr.dir/subsys/mem_mgmt/mem_attr.c.obj	97393c053327191cbdf848cc01ba9befda9b3d953b40de9585604d62a1dfbb64
render-image/zephyr-baseline/zephyr/CMakeFiles/zephyr.dir/subsys/tracing/tracing_none.c.obj	8ebc34daedf98678ae09cfd9b12e7af9e1639e7c9167ad3706f640c9e7c37f8b
render-image/zephyr-baseline/zephyr/CMakeFiles/zephyr_final.dir/isr_tables.c.obj	853a22be8008bda2e1fad741e0792afc584d6cbb20b0b84b1bfd483313c21cce
render-image/zephyr-baseline/zephyr/CMakeFiles/zephyr_final.dir/misc/empty_file.c.obj	0452c7ef118ed6a2a81ca77e6f9f3e1bb43d099662b4be2035057e553de50bb4
render-image/zephyr-baseline/zephyr/CMakeFiles/zephyr_pre0.dir/misc/empty_file.c.obj	0452c7ef118ed6a2a81ca77e6f9f3e1bb43d099662b4be2035057e553de50bb4
render-image/zephyr-baseline/zephyr/arch/arch/arm/cmake_install.cmake	2bb2bd4001e49caee99f3df371266c1a9bd55ab20815bf432c50f4536513caa6
render-image/zephyr-baseline/zephyr/arch/arch/arm/core/CMakeFiles/arch__arm__core.dir/fatal.c.obj	be0ac79cf36aeb4756878c132232aa678a247148de4c3ce35d1c4c1e01633be4
render-image/zephyr-baseline/zephyr/arch/arch/arm/core/CMakeFiles/arch__arm__core.dir/nmi.c.obj	8ae321f34cce70fee744364331449c4884b289f1744fbe9f150da103978cce03
render-image/zephyr-baseline/zephyr/arch/arch/arm/core/CMakeFiles/arch__arm__core.dir/nmi_on_reset.S.obj	a5cadb30597ce611e189e133c445df4ab329e6cfab3408bb321c5b625192ac8b
render-image/zephyr-baseline/zephyr/arch/arch/arm/core/CMakeFiles/arch__arm__core.dir/tls.c.obj	41f269d476ed62080075f246ee89765a0b8ff03231acf2268f77dbba8525dab9
render-image/zephyr-baseline/zephyr/arch/arch/arm/core/cmake_install.cmake	1796ec8b18fd5c94df014e8c94ea7c36d90a0e7a59c8e0b196f0b6bab07d891f
render-image/zephyr-baseline/zephyr/arch/arch/arm/core/cortex_m/CMakeFiles/arch__arm__core__cortex_m.dir/__aeabi_read_tp.S.obj	ffc07bafda4ce674ef10eccc0e70ac0ad3f50739c1fea5160a7de62ade0b829b
render-image/zephyr-baseline/zephyr/arch/arch/arm/core/cortex_m/CMakeFiles/arch__arm__core__cortex_m.dir/cpu_idle.c.obj	45f11dce96c33d2588c9f10d2e522033f57e3a86b568a0c202fb3010b6c61735
render-image/zephyr-baseline/zephyr/arch/arch/arm/core/cortex_m/CMakeFiles/arch__arm__core__cortex_m.dir/exc_exit.c.obj	7132a908852789268c27757986dbb07dfa89ae54c4edf9cfc2fcc5554e9ba9ee
render-image/zephyr-baseline/zephyr/arch/arch/arm/core/cortex_m/CMakeFiles/arch__arm__core__cortex_m.dir/fault.c.obj	578cfd0c80fae0bdb0cef552209e96409ef292ccf5a34b084189c1fcde4af154
render-image/zephyr-baseline/zephyr/arch/arch/arm/core/cortex_m/CMakeFiles/arch__arm__core__cortex_m.dir/fault_s.S.obj	45a63f0fdd8f23ea6c82c59b97880f073b4055cfbfedaed6b2d59505124692cb
render-image/zephyr-baseline/zephyr/arch/arch/arm/core/cortex_m/CMakeFiles/arch__arm__core__cortex_m.dir/fpu.c.obj	4e342b1663112e00d7d5b0eb4d4a0c02099d5a960ea61e6b99146cea79a1fa2d
render-image/zephyr-baseline/zephyr/arch/arch/arm/core/cortex_m/CMakeFiles/arch__arm__core__cortex_m.dir/irq_init.c.obj	3a5e67621edca1dd9e497aabb25debada620fa1ea925004acc226598d4e2a851
render-image/zephyr-baseline/zephyr/arch/arch/arm/core/cortex_m/CMakeFiles/arch__arm__core__cortex_m.dir/irq_manage.c.obj	5d806b9cd72465ee9dc5b8c7118dc41371cd63ce12142cabfd540b57b3e85690
render-image/zephyr-baseline/zephyr/arch/arch/arm/core/cortex_m/CMakeFiles/arch__arm__core__cortex_m.dir/isr_wrapper.c.obj	51fe98842cdc0a605641d48a3399c64603486623c8c55357a39a5fcd9e81b5a1
render-image/zephyr-baseline/zephyr/arch/arch/arm/core/cortex_m/CMakeFiles/arch__arm__core__cortex_m.dir/prep_c.c.obj	e0d6b38df256134628089f11adde59e365f808fe358575cb554fd6005dc87df0
render-image/zephyr-baseline/zephyr/arch/arch/arm/core/cortex_m/CMakeFiles/arch__arm__core__cortex_m.dir/reset.S.obj	dadd764996518583e57b12aaf887c49cb2a1f799eb67b0844e3f211fdff7f8c6
render-image/zephyr-baseline/zephyr/arch/arch/arm/core/cortex_m/CMakeFiles/arch__arm__core__cortex_m.dir/scb.c.obj	5e734957646523389ce264f6858b43ec600cdbe16f3b9725e10b9c11cece5370
render-image/zephyr-baseline/zephyr/arch/arch/arm/core/cortex_m/CMakeFiles/arch__arm__core__cortex_m.dir/swap_helper.S.obj	9c45687ab1def798a95a61b90b518678f2f6e748ac634a5651d8fba07395f3bb
render-image/zephyr-baseline/zephyr/arch/arch/arm/core/cortex_m/CMakeFiles/arch__arm__core__cortex_m.dir/thread.c.obj	ca31165148ecc791318caf2dc0615873e162fe3bdab5fd995ab7965c7ba2e466
render-image/zephyr-baseline/zephyr/arch/arch/arm/core/cortex_m/CMakeFiles/arch__arm__core__cortex_m.dir/thread_abort.c.obj	dcfa963c2b56f4d7d78b9fa1698b57678fb2f2a6f365ff70da45a65421182747
render-image/zephyr-baseline/zephyr/arch/arch/arm/core/cortex_m/CMakeFiles/arch__arm__core__cortex_m.dir/vector_table.S.obj	fb6de477c10b021a40fb8079d300a09fedf9c43e52153015e3d61972fe8b82db
render-image/zephyr-baseline/zephyr/arch/arch/arm/core/cortex_m/cmake_install.cmake	5ac0ac98dac2ae02c0960831d86baf7afc1a1a4e82738e88ba6e345a018276a3
render-image/zephyr-baseline/zephyr/arch/arch/arm/core/cortex_m/libarch__arm__core__cortex_m.a	79a83b68b8533454142486c6216bc234859ef61d2f33d4a2ca785ede9f655c64
render-image/zephyr-baseline/zephyr/arch/arch/arm/core/libarch__arm__core.a	b04f28997e60f6590a45d2136e0fc4b46fc0c59a68fb2d1f3640df828cb4bb7c
render-image/zephyr-baseline/zephyr/arch/arch/arm/core/mpu/CMakeFiles/arch__arm__core__mpu.dir/arm_core_mpu.c.obj	870712181ede1ef39be537eaddbc15da12d6c61b88cf3a7393ac807605a3b706
render-image/zephyr-baseline/zephyr/arch/arch/arm/core/mpu/CMakeFiles/arch__arm__core__mpu.dir/arm_mpu.c.obj	84bd0691a527153f57a1f1a092b887312579296e612ca0586259e412737d9563
render-image/zephyr-baseline/zephyr/arch/arch/arm/core/mpu/CMakeFiles/arch__arm__core__mpu.dir/arm_mpu_regions.c.obj	56ad7b2ee4a3c99313dd360ecbedfe4507a694029601468155043052cfc8fd50
render-image/zephyr-baseline/zephyr/arch/arch/arm/core/mpu/cmake_install.cmake	e698de364d3921d43bc63cc94de24349f0b4fcb9be831ed446d6d32f12b9c4d9
render-image/zephyr-baseline/zephyr/arch/arch/arm/core/mpu/libarch__arm__core__mpu.a	75c76f7939bd540efb860b7f2597b2744bf7575a480a2f8191c9e3bcfcdcf615
render-image/zephyr-baseline/zephyr/arch/cmake_install.cmake	7bfa25a6cc6b06b5284280a626ae039d60089bcb398e97bfdc4ebf18864df3df
render-image/zephyr-baseline/zephyr/arch/common/CMakeFiles/arch__common.dir/init.c.obj	d0d7f7aef9d132975c464dc0dc1596b35aaa7b8ef9f5634dcabee67528966168
render-image/zephyr-baseline/zephyr/arch/common/CMakeFiles/arch__common.dir/sw_isr_common.c.obj	7d94d285dc723d1d1b9a7803c3a542a881f1163704164ffe51c7f7cd885e9105
render-image/zephyr-baseline/zephyr/arch/common/CMakeFiles/arch__common.dir/xip.c.obj	a01c546004fda1b11645f8888102e0877ff88250caf576ed9639e5fa3249a779
render-image/zephyr-baseline/zephyr/arch/common/CMakeFiles/isr_tables.dir/isr_tables.c.obj	65e5f81afbf3b1ea34fbea5242639a5ffd3bbb510683665c8ca0f9e159c88109
render-image/zephyr-baseline/zephyr/arch/common/cmake_install.cmake	ba414bc48e1134613b23967adc2a0ab0e0cb7a2a8b0d17dea46042a0a995e348
render-image/zephyr-baseline/zephyr/arch/common/libarch__common.a	8ee178699f86b70dc84da5bcc03ae40c6df8993472c7de0b8bf6540a07a80bae
render-image/zephyr-baseline/zephyr/arch/common/libisr_tables.a	1baa82c023d0c4b62d4b56dd07e156fa3c06a1f26474c2a464df86d8dee40f79
render-image/zephyr-baseline/zephyr/boards/cmake_install.cmake	11b13aba47ecc4398dc397bd1094bae1c6906942d03d5ad4bd1c9cbfcf90e70c
render-image/zephyr-baseline/zephyr/boards/nordic/nrf52840dk/cmake_install.cmake	bf315ccf1368f16978fd74418c58c5ace5888be73414fb8be4cce74ec6b0aeec
render-image/zephyr-baseline/zephyr/boards/shields/cmake_install.cmake	07f30ede8197847801b3b2134619bcbeca94da117a3c1faa6fa5b666958b93ce
render-image/zephyr-baseline/zephyr/cmake/flash/cmake_install.cmake	3f3a8776dc7bd2e3ec724f09e79936e6d63cbcb609aeb3173f18cf7240bc3b67
render-image/zephyr-baseline/zephyr/cmake/reports/cmake_install.cmake	dc5b196d5d64cbd9fe1606d1d4470dba7eb294280d21b4b700bf992252756ec6
render-image/zephyr-baseline/zephyr/cmake/usage/cmake_install.cmake	5f5d27c0add8924f2a963331dab92e8bbdb624c6824be5ff887faad93cfdcba0
render-image/zephyr-baseline/zephyr/cmake_install.cmake	3b087192ebdecbbfade1803f985f3738aa37d70b8a900a103f3cc72b02d4bdcd
render-image/zephyr-baseline/zephyr/drivers/clock_control/CMakeFiles/drivers__clock_control.dir/clock_control_nrf.c.obj	8d4a73b9f28e0b7a4e49f50dd3c4e462b351af47de3fb02e18bd42de3f7f3e24
render-image/zephyr-baseline/zephyr/drivers/clock_control/cmake_install.cmake	e7ff7687cda460267aa722b10921079575ec3ba5be918f1098bd9055970591e5
render-image/zephyr-baseline/zephyr/drivers/clock_control/libdrivers__clock_control.a	d225baf61a2954f3068c7fab446328ee7e366ba88e52125292066277a9857786
render-image/zephyr-baseline/zephyr/drivers/cmake_install.cmake	68f6d15589d4f42bbed689275fdb69999046e82767944348e64e1daee766c4ec
render-image/zephyr-baseline/zephyr/drivers/console/CMakeFiles/drivers__console.dir/uart_console.c.obj	d756e0dbdb5e9de2de0beb0709ce94d1a46d65f92e54017792af4663e34da65f
render-image/zephyr-baseline/zephyr/drivers/console/cmake_install.cmake	2e97b8fb3cde8b48278cb03519ae22f36f2af2b8d6cf422730df066cd095e6e4
render-image/zephyr-baseline/zephyr/drivers/console/libdrivers__console.a	219725b7b852fdd4427c545ff90ea77c627abc2da700477488671d6877c7226e
render-image/zephyr-baseline/zephyr/drivers/disk/cmake_install.cmake	1e1073cbb123ef30c923f7f360b1dc55dd13faca619cad3189e135150d547e02
render-image/zephyr-baseline/zephyr/drivers/firmware/cmake_install.cmake	80793a3de345650854df5f20519810a9eb4175cd93a7b5b9112516992463d8fe
render-image/zephyr-baseline/zephyr/drivers/gpio/CMakeFiles/drivers__gpio.dir/gpio_nrfx.c.obj	bc60776135738c6d58dba06625f6013fdcc50996bb08bcf8afce405250bf1cdd
render-image/zephyr-baseline/zephyr/drivers/gpio/cmake_install.cmake	0fd65e6c9a749c8ef5f9d1796214d8829c0f5fac7a7a564fc2f7c065080532c4
render-image/zephyr-baseline/zephyr/drivers/gpio/libdrivers__gpio.a	cacc84b686b1d04f9af3f81f0892465d6b80c289792c32be48b4f34239f261bf
render-image/zephyr-baseline/zephyr/drivers/interrupt_controller/cmake_install.cmake	8e1b5018fb4f605578d74ffb953339d5ab4cee0fef0f1345f9b526a76cd73160
render-image/zephyr-baseline/zephyr/drivers/misc/cmake_install.cmake	a983a6a98b8b5f90d40e251add9edf777e863d1c476e1d7225a68b60c67f4860
render-image/zephyr-baseline/zephyr/drivers/misc/interconn/cmake_install.cmake	659cb6ab1cdd37f96e35c4b72b5573c9ee2af8c88b9191012af2b056c2402848
render-image/zephyr-baseline/zephyr/drivers/pcie/cmake_install.cmake	1a8c4e71134750358590547a315f7c73894a7a1d980a6d39ff1efb74b6e0a185
render-image/zephyr-baseline/zephyr/drivers/pinctrl/CMakeFiles/drivers__pinctrl.dir/common.c.obj	c30f43eb274d7a83ee5ada94116b579fc401f9df45004def9b1aa266cb4ce6ba
render-image/zephyr-baseline/zephyr/drivers/pinctrl/CMakeFiles/drivers__pinctrl.dir/pinctrl_nrf.c.obj	ee620e70381695d0bf841419fecd04dc19555ad55ba3a8377edcb34f8916a86f
render-image/zephyr-baseline/zephyr/drivers/pinctrl/cmake_install.cmake	3c72a81083f5952906f1fb025ae45f2e4e83ea1f1814f3a752d0da8507cd4aa1
render-image/zephyr-baseline/zephyr/drivers/pinctrl/libdrivers__pinctrl.a	0791630d9350fd5aaf2f5c4454121b67b7f3ea02f789be98de82cd464e664943
render-image/zephyr-baseline/zephyr/drivers/pinctrl/renesas/cmake_install.cmake	e5b5bf3cf4c27a6d50cbab74353eb5a9792f20428b0506f33de266e18e4cad09
render-image/zephyr-baseline/zephyr/drivers/serial/CMakeFiles/drivers__serial.dir/uart_nrfx_uarte.c.obj	7ab451cf88ae9c0c90791d607ce5d7ab6ece892873e503baf4843ae3b8213e6b
render-image/zephyr-baseline/zephyr/drivers/serial/cmake_install.cmake	f142956fad2dc70ab1a1c448c5d0693328618d9cfcb493577422803c395a4758
render-image/zephyr-baseline/zephyr/drivers/serial/libdrivers__serial.a	e1a895bf3c3a940a30a1486e583ba970cadbe11f3a974999f7e6fbc8fa46ad3c
render-image/zephyr-baseline/zephyr/drivers/timer/CMakeFiles/drivers__timer.dir/nrf_rtc_timer.c.obj	34f9b9635f7f80a947dc914cd5393bc9ef750765f36b0ba6134387b9761df098
render-image/zephyr-baseline/zephyr/drivers/timer/CMakeFiles/drivers__timer.dir/sys_clock_init.c.obj	6247fbc28bfb3fee747ee34dec952adfcc26c7ac2b7353715b30f5599e5b0647
render-image/zephyr-baseline/zephyr/drivers/timer/cmake_install.cmake	430ea72febdaaf5d524bbb3f479f49c3508d07680cbc4a49dc1c35b94111c48a
render-image/zephyr-baseline/zephyr/drivers/timer/libdrivers__timer.a	c025b8bee23432c5f5a4f6f37994e2fd0c7ca22f36c32d5c7be7c0854b7e68e0
render-image/zephyr-baseline/zephyr/drivers/usb/cmake_install.cmake	37c5a225f560b6ac91c4932f23bd20a44ef703b5c31508917cdf7f3db0b61c5d
render-image/zephyr-baseline/zephyr/drivers/usb/common/cmake_install.cmake	88c232f4c7d8dceeebafa15aa4469a95ff429fe1fdd7d68b8a4d44afe79ca5ed
render-image/zephyr-baseline/zephyr/drivers/usb/common/nrf_usbd_common/cmake_install.cmake	5b4c8b0f95a6a943bf557b83ebeb7081bd0b899bf0c700270d32d525a9a31df5
render-image/zephyr-baseline/zephyr/drivers/usb_c/cmake_install.cmake	c6b59f10b32dd86a9f9bbf2d5704d7ff1805e248c401ba2bfbe70be16ffccd0a
render-image/zephyr-baseline/zephyr/edt.pickle	254d869376032119e265081d00f3da93b98651358e32ade4401e70c4dce393bf
render-image/zephyr-baseline/zephyr/edt.pickle.cmake	04b5dfb375d0d3aa6461556cd2ad923ba0cb72d2c74a91482fc31e67165a6b29
render-image/zephyr-baseline/zephyr/edt.pickle.cmake.new	04b5dfb375d0d3aa6461556cd2ad923ba0cb72d2c74a91482fc31e67165a6b29
render-image/zephyr-baseline/zephyr/include/generated/app_data_alignment.ld	d918f67f7a86d870a364a37c38ffb29060524546cabe37ab210030689fb327e4
render-image/zephyr-baseline/zephyr/include/generated/app_smem.ld	56c91adeb585cf35747f27e18cef663c5f82ad88849261d685af72ea93437fb7
render-image/zephyr-baseline/zephyr/include/generated/app_smem_aligned.ld	086a51673605cb0c9c5cf8408256deb683f286db8c2b51c32cb1eb9e2f8d945b
render-image/zephyr-baseline/zephyr/include/generated/app_smem_unaligned.ld	6cd9f396193e5a6da1e142a8ff51f7d37fb8d781291a50b899365d90ae5e28ca
render-image/zephyr-baseline/zephyr/include/generated/device-api-sections.cmake	c3348c034d325ebeb07a6792f7831f9c3f7996fadd2a4550f309439b2ef57b05
render-image/zephyr-baseline/zephyr/include/generated/device-api-sections.ld	69f54516d68a8ba2c2739066225ed8f24a0bb0703b7ab3e4ea743caf80aa2117
render-image/zephyr-baseline/zephyr/include/generated/snippets-data-sections.ld	e3b0c44298fc1c149afbf4c8996fb92427ae41e4649b934ca495991b7852b855
render-image/zephyr-baseline/zephyr/include/generated/snippets-dtcm-section.ld	e3b0c44298fc1c149afbf4c8996fb92427ae41e4649b934ca495991b7852b855
render-image/zephyr-baseline/zephyr/include/generated/snippets-itcm-section.ld	e3b0c44298fc1c149afbf4c8996fb92427ae41e4649b934ca495991b7852b855
render-image/zephyr-baseline/zephyr/include/generated/snippets-nocache-section.ld	e3b0c44298fc1c149afbf4c8996fb92427ae41e4649b934ca495991b7852b855
render-image/zephyr-baseline/zephyr/include/generated/snippets-noinit.ld	e3b0c44298fc1c149afbf4c8996fb92427ae41e4649b934ca495991b7852b855
render-image/zephyr-baseline/zephyr/include/generated/snippets-pinned-data-sections.ld	e3b0c44298fc1c149afbf4c8996fb92427ae41e4649b934ca495991b7852b855
render-image/zephyr-baseline/zephyr/include/generated/snippets-pinned-ram-sections.ld	e3b0c44298fc1c149afbf4c8996fb92427ae41e4649b934ca495991b7852b855
render-image/zephyr-baseline/zephyr/include/generated/snippets-pinned-rodata.ld	e3b0c44298fc1c149afbf4c8996fb92427ae41e4649b934ca495991b7852b855
render-image/zephyr-baseline/zephyr/include/generated/snippets-ram-sections.ld	da2722ade381509b250ed97093f4c285be016e934d676463a5f499b2ed8db908
render-image/zephyr-baseline/zephyr/include/generated/snippets-ramfunc-section.ld	e3b0c44298fc1c149afbf4c8996fb92427ae41e4649b934ca495991b7852b855
render-image/zephyr-baseline/zephyr/include/generated/snippets-rodata.ld	e8f9b0eef6f66f9af5092eadaf40050dc99ce80ef8c428ef4da347525f71e54d
render-image/zephyr-baseline/zephyr/include/generated/snippets-rom-sections.ld	e3b0c44298fc1c149afbf4c8996fb92427ae41e4649b934ca495991b7852b855
render-image/zephyr-baseline/zephyr/include/generated/snippets-rom-start.ld	0d8587ad00b6b1b0cd3e73a133c4a3b361889cea11a58c6104554af844e40c3b
render-image/zephyr-baseline/zephyr/include/generated/snippets-rwdata.ld	e3b0c44298fc1c149afbf4c8996fb92427ae41e4649b934ca495991b7852b855
render-image/zephyr-baseline/zephyr/include/generated/snippets-sections.ld	4ffe1dad72356e18af3474c43aae331fbfa198996904a495f8a0a3b11c21cf63
render-image/zephyr-baseline/zephyr/include/generated/snippets-text-sections.ld	e3b0c44298fc1c149afbf4c8996fb92427ae41e4649b934ca495991b7852b855
render-image/zephyr-baseline/zephyr/include/generated/syscall_list.h	347abcb72e331001b1c758d906be4cf16f9b4900d98930a4f469e9b2e1a0929c
render-image/zephyr-baseline/zephyr/include/generated/zephyr/autoconf.h	17be23b829fb71ea21dbc671acb858f85e398b7ef0b4fb75d31c39b7203a8d85
render-image/zephyr-baseline/zephyr/include/generated/zephyr/devicetree_generated.h	978ed7424a1d00c85f70a44d5890505e8833ad5ada7e616a54dcd5e8ea3b9c2d
render-image/zephyr-baseline/zephyr/include/generated/zephyr/driver-validation.h	6f543aedb1aa3177b9d7fb1d58083369920d4e4085c0a0ba20a6e28386fedf8d
render-image/zephyr-baseline/zephyr/include/generated/zephyr/kobj-types-enum.h	10912a4e8b200d9ff995a28ec9102b219c69c4bdacf395a848c026c162a173b6
render-image/zephyr-baseline/zephyr/include/generated/zephyr/offsets.h	c41fc0d0c1fb33f8d4c6ea848c53a5f85ce6c096e4d2d36cd81fd90e4420eec8
render-image/zephyr-baseline/zephyr/include/generated/zephyr/otype-to-size.h	f5b79f8f96ec393b42b010c4105b10ccec217a0da7a554e367be56e043e39c4e
render-image/zephyr-baseline/zephyr/include/generated/zephyr/otype-to-str.h	45c7af55e9e173904a03ba64de3e6f90a9956c625c83baac7db7ddabeba07bae
render-image/zephyr-baseline/zephyr/include/generated/zephyr/syscall_dispatch.c	9045dff6158fbf78a0d2439c208370f32446e4436c84374c6eb6e8082cd3938e
render-image/zephyr-baseline/zephyr/include/generated/zephyr/syscall_exports_llext.c	2d83b3cbd43bb0a4b9ab981373e34c4f14284f0bb6a39d3306a7abae527ecb31
render-image/zephyr-baseline/zephyr/include/generated/zephyr/syscall_list.h	347abcb72e331001b1c758d906be4cf16f9b4900d98930a4f469e9b2e1a0929c
render-image/zephyr-baseline/zephyr/include/generated/zephyr/syscalls/adc.h	9826d89cadf700621f8fe67830f8737e0a10be47b48bb9995435ca5e366db7be
render-image/zephyr-baseline/zephyr/include/generated/zephyr/syscalls/arch.h	bdfa15659cc71eeaef1dd3aeab50675f6cd42567d5df127dfbdc2d2752f12608
render-image/zephyr-baseline/zephyr/include/generated/zephyr/syscalls/atomic_c.h	690bf3a38ff5f3db2a07b7b1d8cafc1574520e024139949a8e0b401c794897fd
render-image/zephyr-baseline/zephyr/include/generated/zephyr/syscalls/auxdisplay.h	733a97e9e8ce609cf33572d6c6569968c540507e9ddf60de8bcbc6c4403f56b0
render-image/zephyr-baseline/zephyr/include/generated/zephyr/syscalls/bbram.h	d3f2359dcdfd777c752afee87e2fccee1103e97d0dfdd931b0e47d284472f466
render-image/zephyr-baseline/zephyr/include/generated/zephyr/syscalls/cache.h	9595ae4505a410ba66bc8b35b82d8125d49afca8ca5770151136a5df8f273483
render-image/zephyr-baseline/zephyr/include/generated/zephyr/syscalls/can.h	e597b61cdf7cff2ec02fbe96528da1ae99eebfa31145b007d7edb4b35a5c6443
render-image/zephyr-baseline/zephyr/include/generated/zephyr/syscalls/charger.h	6c5aa9a321295dc90f10b61c5da10d05ef06da64a5e469b8c706c980ab544bdc
render-image/zephyr-baseline/zephyr/include/generated/zephyr/syscalls/clock.h	d93994fa48615f6410a0abe98035706cd540a41be3d249d5a9bc5ab3def8e80d
render-image/zephyr-baseline/zephyr/include/generated/zephyr/syscalls/comparator.h	f173d054b32be07978caae81b12c30255db4e5623e45e742ea7ed9feb6195aca
render-image/zephyr-baseline/zephyr/include/generated/zephyr/syscalls/counter.h	3cbfaba8a9d57edaad03e942c9a035a6461dfab37932fb08e4530e65fd3ee40e
render-image/zephyr-baseline/zephyr/include/generated/zephyr/syscalls/crc.h	e91e0c8c220ee7d4e49d1507fe61c5dc8f72806d64db30ca61582bb3ec3d0df4
render-image/zephyr-baseline/zephyr/include/generated/zephyr/syscalls/dac.h	93cb285c343c886a49e9bba4a6851091183b724b0703e01d4bed0e24cdb0c1d3
render-image/zephyr-baseline/zephyr/include/generated/zephyr/syscalls/demand_paging.h	8b59746ea33a5970839886a673554dec989e8d39fcda583a8477fc4155e90d79
render-image/zephyr-baseline/zephyr/include/generated/zephyr/syscalls/device.h	3d4e26c69424baf08feeb4b61edd366e2c07d40077e798afd285bd5bb2eaa3b3
render-image/zephyr-baseline/zephyr/include/generated/zephyr/syscalls/devmux.h	283ae85bb2f8552256627c80d7489debf791ecd9f787753400786d7145da75f2
render-image/zephyr-baseline/zephyr/include/generated/zephyr/syscalls/eeprom.h	0fdb93b75245294dcdb38cc6f5362dde6042ab7904b7f3182aa59fba6b6a6e3e
render-image/zephyr-baseline/zephyr/include/generated/zephyr/syscalls/emul_fuel_gauge.h	fe1721d7367cf180e7803ce5d881ebb396acf7499048296395784e2d584fff33
render-image/zephyr-baseline/zephyr/include/generated/zephyr/syscalls/entropy.h	0df4b2c08742946f1810a658993a2926eea1761582d24beee83f10e0290f728e
render-image/zephyr-baseline/zephyr/include/generated/zephyr/syscalls/errno_private.h	89a30215206556099585f61b21e7a53291381289606fc969e0c547ebe6f50caf
render-image/zephyr-baseline/zephyr/include/generated/zephyr/syscalls/error.h	bf0a1c156b83bd8b9de42494e2432cd86b9b1050b05544d1615ac9a2413c526a
render-image/zephyr-baseline/zephyr/include/generated/zephyr/syscalls/espi.h	cdaf872ad74f3f755c4e281e767707013a01b8cf86008eebf72e8e91d39ddc54
render-image/zephyr-baseline/zephyr/include/generated/zephyr/syscalls/espi_saf.h	98526d591115988026a44a3415e9c06f1016c3ac929288239fc17e98062aba2a
render-image/zephyr-baseline/zephyr/include/generated/zephyr/syscalls/ethernet.h	f2d4ace37815df3d64bf299b6da990f9ebedae608665821e7f2952e5988f1080
render-image/zephyr-baseline/zephyr/include/generated/zephyr/syscalls/fdtable.h	3001410733d5533ca463be4ab3177ee7ce8cd6994e94801c24e7eaa7ea477795
render-image/zephyr-baseline/zephyr/include/generated/zephyr/syscalls/flash.h	140edaf7a7b8c6ffeceaf0edc6300b76c6510cc34cbddf016bfc147022c7ada9
render-image/zephyr-baseline/zephyr/include/generated/zephyr/syscalls/flash_simulator.h	6909b135d051fd8c02871a4474bc7daebe4bf452e8a42c818535ea349b8d5f5d
render-image/zephyr-baseline/zephyr/include/generated/zephyr/syscalls/fuel_gauge.h	1864bd85bd821fe175463d21084e5e1673c1a3a386b142c9568b9101d95ddad6
render-image/zephyr-baseline/zephyr/include/generated/zephyr/syscalls/gnss.h	0b400ab70cc1ecfe408c6e44f58b62fc7fe30b5d8dd6dcf0bcff5732cfe26b8e
render-image/zephyr-baseline/zephyr/include/generated/zephyr/syscalls/gpio.h	6cd7d45375e80f61680c35b8cbd67b23f6abfa95558a0f557e655598dc2fd902
render-image/zephyr-baseline/zephyr/include/generated/zephyr/syscalls/haptics.h	4f6882307e67761c5f7df29cc2995791816fecccfa185360c92054e32a5abb14
render-image/zephyr-baseline/zephyr/include/generated/zephyr/syscalls/hwinfo.h	1aa569458b7088204f9111acefa9b35642d75c0dbdc4cc150f1272cccdc48ddd
render-image/zephyr-baseline/zephyr/include/generated/zephyr/syscalls/i2c.h	749db7a3e3a0dfa88374149b68d0e8007008c9754acadfd817ce33227f07ad9e
render-image/zephyr-baseline/zephyr/include/generated/zephyr/syscalls/i2s.h	45895c2222fd8bf1f8543da0880eb5f7357f8910cf0e85656857d8d9fee58a29
render-image/zephyr-baseline/zephyr/include/generated/zephyr/syscalls/i3c.h	60ffcae4a7e6a9487db3c414a98e4bac5e068616af837015906ee94713370eb3
render-image/zephyr-baseline/zephyr/include/generated/zephyr/syscalls/input_renesas_ra_ctsu.h	c95257f75149596ca1f11bbecfc4aa70c825d2edb13028997738b97f08a941e8
render-image/zephyr-baseline/zephyr/include/generated/zephyr/syscalls/input_renesas_rx_ctsu.h	b0ce9cfd4159bd557dd17c732299fdfd4a729466eef0461edfdb214a2d5d551b
render-image/zephyr-baseline/zephyr/include/generated/zephyr/syscalls/ipm.h	deb46e15b3108dbb8632e77ae861dfcce53de7ca567dd38985418710e6d0a82d
render-image/zephyr-baseline/zephyr/include/generated/zephyr/syscalls/ivshmem.h	7ee1adc34e724ed6bb42ec6aaf7d69f3d72ca2e198081a71dc2234244e94e6bc
render-image/zephyr-baseline/zephyr/include/generated/zephyr/syscalls/kernel.h	bd4c8bffdbdc262db640e441e43a95c495f0537dedc0de363b7f32cad34281d4
render-image/zephyr-baseline/zephyr/include/generated/zephyr/syscalls/kobject.h	e77ac77f11d48facdc66ee9aa5aeae0f92311aa4a28cc0bea2132a556f49e121
render-image/zephyr-baseline/zephyr/include/generated/zephyr/syscalls/led.h	26415e779f0daf82ac0f3f3a024dd69416bb9374c81e931c2f319295cb4cf88a
render-image/zephyr-baseline/zephyr/include/generated/zephyr/syscalls/libc-hooks.h	dbcdb12e3bd27c12a5b730b9037afe9ba6b5921482b27380e211747a5fdf3485
render-image/zephyr-baseline/zephyr/include/generated/zephyr/syscalls/llext.h	77abff04348e7c75bcca1fb74db42bd7108fff3c0bbe21907a50cd26e9df90ac
render-image/zephyr-baseline/zephyr/include/generated/zephyr/syscalls/log_ctrl.h	70603c6bc9b7442ca9cfe82a0fe3b96d0c32694d67f1b47dfa701a67c9b49739
render-image/zephyr-baseline/zephyr/include/generated/zephyr/syscalls/log_msg.h	c984a4da2d0e985d1bc585b9bdadf880f20b6c4f8745617eea6fd50dcd06509c
render-image/zephyr-baseline/zephyr/include/generated/zephyr/syscalls/maxim_ds3231.h	7ad16ea2d8f38e3f6c7c14fb86ccaab2881a69cd38ac137afaad3a4313009a31
render-image/zephyr-baseline/zephyr/include/generated/zephyr/syscalls/mbox.h	579e7240b2760f6b275bde67d6d9ae5980351ddfc54a3c82164bc86e4ac79a09
render-image/zephyr-baseline/zephyr/include/generated/zephyr/syscalls/mdio.h	ed61c2ab4e32821c65dc296fd1feb8c525e97e0d03482e7f9d3d1aee2b395924
render-image/zephyr-baseline/zephyr/include/generated/zephyr/syscalls/mspi.h	7ce9dcdd5453e23e13ea9bc315a7e273e955350b8889bedb95d87049cd076dfa
render-image/zephyr-baseline/zephyr/include/generated/zephyr/syscalls/mutex.h	d549a190df71da2b70661ee8c3ac9cfb0a9bfe7a22ef5c208be6e03cb0299e23
render-image/zephyr-baseline/zephyr/include/generated/zephyr/syscalls/net_if.h	02f2ced6cebaa2698f5569dd351593b9aeca0b40adf3fea0b2a7002a66470b08
render-image/zephyr-baseline/zephyr/include/generated/zephyr/syscalls/net_ip.h	712e7d878c6e770c01656daa8ae047d00ddf55e5f024f9175f7561e93a5e04e6
render-image/zephyr-baseline/zephyr/include/generated/zephyr/syscalls/nrf_qspi_nor.h	5779c41d175d7f8bc7d00134e99a68a4a2a05f777044881e04d5ba30f74edbe5
render-image/zephyr-baseline/zephyr/include/generated/zephyr/syscalls/opamp.h	9da088b9cf8fb143e0d51ca2cdeb95d85aef71e6bd9cc23efacfd7eee762a5e4
render-image/zephyr-baseline/zephyr/include/generated/zephyr/syscalls/peci.h	151415ddcf37ceddcb6541925798cf0eea8f31b04ea642566e20257c0b24d13b
render-image/zephyr-baseline/zephyr/include/generated/zephyr/syscalls/ps2.h	f7e5bd30f00902aa72cad2f6cfd341c2d8074a50805f7065ddd699a2398756ea
render-image/zephyr-baseline/zephyr/include/generated/zephyr/syscalls/psi5.h	1b46cfc34b500e5a87c27042f9a668332d83562eca26a4efde49f589577ed30e
render-image/zephyr-baseline/zephyr/include/generated/zephyr/syscalls/ptp_clock.h	f960f9018255ca61d93f95a7981e02e76dda14273c793043ce3c7989ee9aea09
render-image/zephyr-baseline/zephyr/include/generated/zephyr/syscalls/pwm.h	1b0f9a20a506c33be9cca2548e1eaa530029eab79f730a656e0e6c41838120bd
render-image/zephyr-baseline/zephyr/include/generated/zephyr/syscalls/random.h	ba5365c0d793d4e914f48e034dd459063031da327b3fc18bed6001b888a79bd5
render-image/zephyr-baseline/zephyr/include/generated/zephyr/syscalls/renesas_elc.h	a3bb082cec9e4426d578da862ccef63428d51a37b40ddd3b10c04241d0bfdcbd
render-image/zephyr-baseline/zephyr/include/generated/zephyr/syscalls/reset.h	d6eab4dee9a56d8c6608f8229e086152c6015d592487d16c661d54e0bd337377
render-image/zephyr-baseline/zephyr/include/generated/zephyr/syscalls/retained_mem.h	7d8df8be2525c952e2ad56440a300b38bfc43f31b5c0cac7d39ebd6c8479bf28
render-image/zephyr-baseline/zephyr/include/generated/zephyr/syscalls/rtc.h	143a6aa0d9907c2568a25ba70dc932ebe02042262f1aa95947e97443ca87a015
render-image/zephyr-baseline/zephyr/include/generated/zephyr/syscalls/rtio.h	f383056f2da335464f0e3497c3bb7f27135c7c4bdf0835cf0adab6046e8c26d9
render-image/zephyr-baseline/zephyr/include/generated/zephyr/syscalls/sdhc.h	64f12879aa0fb9e32d82059d08e116ee1fad8c8a11e0f93b5154a0a8357bdf4b
render-image/zephyr-baseline/zephyr/include/generated/zephyr/syscalls/sensor.h	c49ed2753c9d2924a16dcbedb1dcc884a6dfb543118dcf3886e1e5d77399194b
render-image/zephyr-baseline/zephyr/include/generated/zephyr/syscalls/sent.h	bf45ac4e6e4f1004ab3ca45d41993a0c949a6af6f62750812935bba3b910adf1
render-image/zephyr-baseline/zephyr/include/generated/zephyr/syscalls/sip_svc_driver.h	b079f272b9a0de110efcfe647aee704fa7b91811e7ca92f995153dff11b77f10
render-image/zephyr-baseline/zephyr/include/generated/zephyr/syscalls/smbus.h	693c9e52f9556b7b31f2b69027135c9c75480c6ecdd79e279893d1fa91a62dad
render-image/zephyr-baseline/zephyr/include/generated/zephyr/syscalls/socket.h	04f656e2c2a924fede7f3fdd3e8fd22b3d22a0f354e8da91c0ad8a46687ceba4
render-image/zephyr-baseline/zephyr/include/generated/zephyr/syscalls/socket_service.h	8e649e781d62e23317f3fd07ff990b5e00b7001ffacd509b950654e3a5a48d1c
render-image/zephyr-baseline/zephyr/include/generated/zephyr/syscalls/spi.h	5592670618eadb1cdf89178a32d13ae25a0c6c26af3716927b78d010b16cbfa9
render-image/zephyr-baseline/zephyr/include/generated/zephyr/syscalls/stepper.h	3cba5245cc69ea5ab91a994a0b79a4e7d72f5fb03d7c939ab573ec3a9611a4aa
render-image/zephyr-baseline/zephyr/include/generated/zephyr/syscalls/syscon.h	d3acfa810927e22d156c5db55cf8add60cfb8c9a0882dcb6b0eda75f3f7b4a0b
render-image/zephyr-baseline/zephyr/include/generated/zephyr/syscalls/tee.h	4529a75ff6853a66203775bdad7ac340cc3290873116a741287775617d67bb05
render-image/zephyr-baseline/zephyr/include/generated/zephyr/syscalls/time_units.h	b0418c9339b2e13b0ad006bb70833328dfdc3bb44aa381e0507a9447265c710c
render-image/zephyr-baseline/zephyr/include/generated/zephyr/syscalls/timeaware_gpio.h	2f7acaf08246e15fc417e2d50644aff187ce188b5fa7e6ee61b623a838d2d9a9
render-image/zephyr-baseline/zephyr/include/generated/zephyr/syscalls/uart.h	8917e9922ed5255152630ad632346cf46d808ed8f61083d71c828b7c7f13fb19
render-image/zephyr-baseline/zephyr/include/generated/zephyr/syscalls/updatehub.h	dbb43b3b5c64b5a34445c82e4b644af6e653c256a57b040470e3e76ad3f79e33
render-image/zephyr-baseline/zephyr/include/generated/zephyr/syscalls/usb_bc12.h	5f57307cb5461cccb0f83a4f41a7cf2d1a52340a5f7bd9b004d76265ee32370a
render-image/zephyr-baseline/zephyr/include/generated/zephyr/syscalls/w1.h	d1619893aff1838fb6ec50f554fe95bc5a0b39f8292d395b98a8d52be540dc79
render-image/zephyr-baseline/zephyr/include/generated/zephyr/syscalls/watchdog.h	8b92be702693388147db10b734417886e5f0249a12fd7fcf30694ee268bdcfdc
render-image/zephyr-baseline/zephyr/include/generated/zephyr/version.h	253d4b4769374e72a307902a3d743d22a02d5404b57bfbb5daf11c3050ddc04d
render-image/zephyr-baseline/zephyr/isr_tables.c	d162acb1148472cd9f8d3ef47f4f4a76a655271ba49d8489f58c06a536b912e0
render-image/zephyr-baseline/zephyr/isr_tables_swi.ld	b8615c04f6ef48661afaaa61894cb0d2cdf0fe14ca0cfe1a338e72cd589d0320
render-image/zephyr-baseline/zephyr/isr_tables_vt.ld	b8615c04f6ef48661afaaa61894cb0d2cdf0fe14ca0cfe1a338e72cd589d0320
render-image/zephyr-baseline/zephyr/kconfig/sources.txt	55779edb461c7ed335c9ca4c72ed012a41c37362acdf1ba4b80eb65604d93faa
render-image/zephyr-baseline/zephyr/kernel/CMakeFiles/kernel.dir/banner.c.obj	80a8da0a784dd13c57ea5be2ebac593701679acb63a7dd727393ef924af4d2b5
render-image/zephyr-baseline/zephyr/kernel/CMakeFiles/kernel.dir/busy_wait.c.obj	f5ae1702adde0d190e221dca3a91433eaddd8014ae7c7ae4de15d103f81be8a8
render-image/zephyr-baseline/zephyr/kernel/CMakeFiles/kernel.dir/condvar.c.obj	da37857027d0a4956b9720cb6ca83366ed883e82d5e083d91acb49023dac3d87
render-image/zephyr-baseline/zephyr/kernel/CMakeFiles/kernel.dir/device.c.obj	a545b4bad23ab84159168cb0799d521f44b3d20013ce1976aa28722b999384e5
render-image/zephyr-baseline/zephyr/kernel/CMakeFiles/kernel.dir/dynamic_disabled.c.obj	6f19d576fdad2de3e7fbbcd5a5bba400e5a78e7966058374fda1bfa3a9059120
render-image/zephyr-baseline/zephyr/kernel/CMakeFiles/kernel.dir/errno.c.obj	46241910f3dffd392a3e91d70e105fc82c1a0cd972cb1696a78a61e291c54ac5
render-image/zephyr-baseline/zephyr/kernel/CMakeFiles/kernel.dir/fatal.c.obj	78da4f56c3b2b321d9a447597ad121419142eb06338622b158a31270825506f6
render-image/zephyr-baseline/zephyr/kernel/CMakeFiles/kernel.dir/float.c.obj	0bc9da7fc0f93a125f7ce5e69bb1cf858b245a37e50d0e152939e3a815497533
render-image/zephyr-baseline/zephyr/kernel/CMakeFiles/kernel.dir/idle.c.obj	12ff0b90ce9db3e8829ee56ae40d0d951846f32d14a7b6817eb4b330cfb3a44e
render-image/zephyr-baseline/zephyr/kernel/CMakeFiles/kernel.dir/init.c.obj	ea0f58c0df258eacf7157c016e8c4a2889658678cc6e0365ba5e9e731484f1d2
render-image/zephyr-baseline/zephyr/kernel/CMakeFiles/kernel.dir/kheap.c.obj	23c7f904262ed9aa3e92d3e0d84ca001cfc785e475296a76a145f816ba56702e
render-image/zephyr-baseline/zephyr/kernel/CMakeFiles/kernel.dir/mailbox.c.obj	4b3d78c000014758bbb64d88b69e217a67b54137162e7f340865fa78556d0139
render-image/zephyr-baseline/zephyr/kernel/CMakeFiles/kernel.dir/main_weak.c.obj	42ed8f888839f07bc7d3569eb51e5789780e697fd825ac4ebba2b1418feed8dc
render-image/zephyr-baseline/zephyr/kernel/CMakeFiles/kernel.dir/mem_slab.c.obj	7ff0234de3e1f921612270280a83e2aeefd8fa6712bbc0469f0387bf33658dd0
render-image/zephyr-baseline/zephyr/kernel/CMakeFiles/kernel.dir/mempool.c.obj	5847077b032c5539f42c1b3c3dcf3e4e4956aac96177830d1f1996c32d768877
render-image/zephyr-baseline/zephyr/kernel/CMakeFiles/kernel.dir/msg_q.c.obj	7899d2285f3d67ce0685fe9121c853451e9f7f3eac8d3f1d27661c09548b43e2
render-image/zephyr-baseline/zephyr/kernel/CMakeFiles/kernel.dir/mutex.c.obj	ade0204940c27ec412bc6f4528a0e032345b1ad1703b55627186213db4efc94d
render-image/zephyr-baseline/zephyr/kernel/CMakeFiles/kernel.dir/pipe.c.obj	a5f989763ad3aa5bb4e1f41ea3b0a468817500a86e2dd6840053fc10bd8b9b3f
render-image/zephyr-baseline/zephyr/kernel/CMakeFiles/kernel.dir/queue.c.obj	ef113a4a4cf4a83a8821974b668cc086756a0bd75e850002551d6606a472f311
render-image/zephyr-baseline/zephyr/kernel/CMakeFiles/kernel.dir/sched.c.obj	7cc49dc81358064103c6d8e1dd7087a291820030bb3a4959fedcc03092a3f3d5
render-image/zephyr-baseline/zephyr/kernel/CMakeFiles/kernel.dir/sem.c.obj	72a556b61a8fe7851e49d4a3cf48286e81c084366ea29a8b660beb9eeb8ebaa4
render-image/zephyr-baseline/zephyr/kernel/CMakeFiles/kernel.dir/stack.c.obj	b9ca3fb089171e74170da3b57ec7c061971fc2abbe9591afc023ef9ec13371dd
render-image/zephyr-baseline/zephyr/kernel/CMakeFiles/kernel.dir/system_work_q.c.obj	c60de8f9b390c60406629518857219c582da5c7002988a1e03f4f97fa7314494
render-image/zephyr-baseline/zephyr/kernel/CMakeFiles/kernel.dir/thread.c.obj	150f6f09c092d06b158a005ced1ba1cca034c93d8f622a35c326ffb9f1a25dbd
render-image/zephyr-baseline/zephyr/kernel/CMakeFiles/kernel.dir/timeout.c.obj	6d45619a7472c56c62f4709526340e6d1e5cec208f80e3c5006aeac2bff71ce8
render-image/zephyr-baseline/zephyr/kernel/CMakeFiles/kernel.dir/timer.c.obj	20cc9876d14fa1c6dbdb10731ce6a7e361e5fb0cd5449cd766202ddecca0601e
render-image/zephyr-baseline/zephyr/kernel/CMakeFiles/kernel.dir/timeslicing.c.obj	c3202467099503cdb243477332b9c182e296568bc15600caa1bd76b541a9cfe5
render-image/zephyr-baseline/zephyr/kernel/CMakeFiles/kernel.dir/version.c.obj	5224139227752e07fb1965a0697611ef6434214ba3c4c7b3db7f8a54f050308c
render-image/zephyr-baseline/zephyr/kernel/CMakeFiles/kernel.dir/work.c.obj	eaad764424311cb0b1fe26a81e85d8b89d01a16f80716f6da250450b98b91258
render-image/zephyr-baseline/zephyr/kernel/cmake_install.cmake	ef08f32956613f232611aa21b0b3f1ec45f455ada72f8a90d888f21c5615553b
render-image/zephyr-baseline/zephyr/kernel/libkernel.a	e1a0b978a67c64ae464beb507d7ed96346ea073bb2a68128bc13f5e55a12e178
render-image/zephyr-baseline/zephyr/lib/cmake_install.cmake	ed6cfe574052bc5685301894e762c853300e1c3199e69af931fd537cf1f65af2
render-image/zephyr-baseline/zephyr/lib/hash/cmake_install.cmake	bf9021e335922773cbb4c7baab55efa6ed383002e0dbcd78e27f158ee0167393
render-image/zephyr-baseline/zephyr/lib/heap/cmake_install.cmake	1f88446a10b8fc7755dbd12632d4afecaeab1477f5d15a8cb6ad92421b792bf9
render-image/zephyr-baseline/zephyr/lib/libc/cmake_install.cmake	92ff35e279c2fbbeea0fac2fdad5eecfb072e7888d308de7882b458dc8657796
render-image/zephyr-baseline/zephyr/lib/libc/common/CMakeFiles/lib__libc__common.dir/source/stdlib/abort.c.obj	50c1a4aa8a9840ce2f44f84e44b2e6762b086d2a336bb338e58682f46194583c
render-image/zephyr-baseline/zephyr/lib/libc/common/CMakeFiles/lib__libc__common.dir/source/stdlib/malloc.c.obj	3ff1ee82efb222ebf74da432368ef33bf4ff273a4e32217910e2d06d5b9f777a
render-image/zephyr-baseline/zephyr/lib/libc/common/CMakeFiles/lib__libc__common.dir/source/time/time.c.obj	d4553eb87bfa4e32bf2b68fc81a84c4c6065a7193d167b68ee6c89b4abaf41b7
render-image/zephyr-baseline/zephyr/lib/libc/common/cmake_install.cmake	5075796a8f472a5c51a814799158d641b994ac0bd5686164e48f6e7a1045d81b
render-image/zephyr-baseline/zephyr/lib/libc/common/liblib__libc__common.a	505cae15d547888c2555da21d4c6b043d4133089de49de74886c991989ad4f68
render-image/zephyr-baseline/zephyr/lib/libc/picolibc/CMakeFiles/lib__libc__picolibc.dir/assert.c.obj	d7c685ccd4bbe91f3916026410eb3e1ef7eaa124403fc7d9a06857b2aab6c2b4
render-image/zephyr-baseline/zephyr/lib/libc/picolibc/CMakeFiles/lib__libc__picolibc.dir/cbprintf.c.obj	89fca39a7641c622fb2d115e8d832df7c683a83487e17084c0ec3e17ce693684
render-image/zephyr-baseline/zephyr/lib/libc/picolibc/CMakeFiles/lib__libc__picolibc.dir/chk_fail.c.obj	23b96899e0c9b240d7778e90859c47b2b76b14fd66d1541fa6a8a2604cf1c41a
render-image/zephyr-baseline/zephyr/lib/libc/picolibc/CMakeFiles/lib__libc__picolibc.dir/errno_wrap.c.obj	a41b5a1e1e7543428e53a60c60c677f2834d7c8dc3e334fd8ab4d015e43c6995
render-image/zephyr-baseline/zephyr/lib/libc/picolibc/CMakeFiles/lib__libc__picolibc.dir/exit.c.obj	c5a2326c11e14635b814ccd0a2767454f00dbc1912b48bfed187959147447f21
render-image/zephyr-baseline/zephyr/lib/libc/picolibc/CMakeFiles/lib__libc__picolibc.dir/locks.c.obj	3238d7fcb99f2c32a93b84ecc691226e28913842e3c81da8404a421a67927f7e
render-image/zephyr-baseline/zephyr/lib/libc/picolibc/CMakeFiles/lib__libc__picolibc.dir/stdio.c.obj	dca1c4936c0470b05642011f0e6730904dc812c6e3c640f2f97304b2708d140c
render-image/zephyr-baseline/zephyr/lib/libc/picolibc/cmake_install.cmake	69e2d2b7499e1df8d007221c3d6bc618b57bd0a15e885be52646b580bf8da33f
render-image/zephyr-baseline/zephyr/lib/libc/picolibc/liblib__libc__picolibc.a	3cbdf2eb60ccfafb6e43c7f9500e22150be7a83cd2dba48e7e35dc914f40b21d
render-image/zephyr-baseline/zephyr/lib/mem_blocks/cmake_install.cmake	ea083db8a44325f766e08e072716be2491ebba4e1a8abaadcd82d6d69bc00ada
render-image/zephyr-baseline/zephyr/lib/midi2/cmake_install.cmake	b811bbbad8913fae00d5842a7abf1c7632dda021fa0faa86b8e017916e5a4473
render-image/zephyr-baseline/zephyr/lib/os/cmake_install.cmake	ecb3861a283d21ab818ae5a697a9f2c24798281d599ce5b8f737f9b44789d010
render-image/zephyr-baseline/zephyr/lib/posix/c_lang_support_r/cmake_install.cmake	3fc1f13d79e5d9ad134505a5eaa194d39b0fb154d41b9d2f446beed769e516ac
render-image/zephyr-baseline/zephyr/lib/posix/c_lib_ext/CMakeFiles/lib__posix__c_lib_ext.dir/fnmatch.c.obj	7f8dec96a81bc6e3bf26bf25ef2d4c6c3e8a7cb5da2f135a07e384ea6632bd7c
render-image/zephyr-baseline/zephyr/lib/posix/c_lib_ext/CMakeFiles/lib__posix__c_lib_ext.dir/getentropy.c.obj	08ac5354ecf23445514c59bdb5c08c5d6461589c41c7be6e3c267930a6024c24
render-image/zephyr-baseline/zephyr/lib/posix/c_lib_ext/CMakeFiles/lib__posix__c_lib_ext.dir/getopt/getopt.c.obj	18398a69152b6f262a6ada5fe3d72f0fdbaa41478939b2543ca073574b1f3574
render-image/zephyr-baseline/zephyr/lib/posix/c_lib_ext/CMakeFiles/lib__posix__c_lib_ext.dir/getopt/getopt_common.c.obj	2d3330d0ce6fdc6aea185eebd4dcb09554760c9bc9229edd430aed6826cad7e2
render-image/zephyr-baseline/zephyr/lib/posix/c_lib_ext/cmake_install.cmake	07dcab7e1c079abc352ecf48f6320fe79319836341c958559217d85d7c70e85c
render-image/zephyr-baseline/zephyr/lib/posix/c_lib_ext/liblib__posix__c_lib_ext.a	561de43d3981d420b766576ad69fc87c46cfca2db424ea2f16458117fd26659b
render-image/zephyr-baseline/zephyr/lib/posix/cmake_install.cmake	24c37efb63de6323522117e96ed472c04b3bcac69b8e6e8455010708bc5cc7a7
render-image/zephyr-baseline/zephyr/lib/utils/cmake_install.cmake	034bcefd4f25a3dccad7f9f691c886509e35e9e7ad243a6fd8a6c57435dc562c
render-image/zephyr-baseline/zephyr/lib/uuid/cmake_install.cmake	526c03d13cf4c4386c4780b5e8123f304c5a8da57916593e20d9d27751c52e29
render-image/zephyr-baseline/zephyr/libzephyr.a	7b57862be5fe8b4d4c42bc638435483c8138cfcdb19e8899b9e49afbcd7be764
render-image/zephyr-baseline/zephyr/linker.cmd	57225cd7e34a4e024706bcdb619ce91734334bbe98b9ec3307e4d9930bd39400
render-image/zephyr-baseline/zephyr/linker.cmd.dep	c98dd1aff80187b7cad340ec24783ed4f0a1081309721b58bb1c281a78fd7ce4
render-image/zephyr-baseline/zephyr/linker_zephyr_pre0.cmd	20fada1c15f6decb22d94c1587634b08d7a280247f8c93f018fa6efbb2e999e1
render-image/zephyr-baseline/zephyr/linker_zephyr_pre0.cmd.dep	1f4c6fc1f7bbe358b103a58e6cf433da79adc2a46194477375bd70663d22e67d
render-image/zephyr-baseline/zephyr/misc/generated/configs.c	eb7b3c016de48e1a013e4ceb593d146921ae74eb603f2bfab3ae5018b2f41bd8
render-image/zephyr-baseline/zephyr/misc/generated/struct_tags.json	be1955497c3430f67eef51bf8a83c6d2febcdcf4898e4838fc18d0660046470c
render-image/zephyr-baseline/zephyr/misc/generated/syscalls.json	924d1bced514cf5704881ba1a7d51a3dae003eb2e37a91eccfd4c1e56818d4bf
render-image/zephyr-baseline/zephyr/misc/generated/syscalls_file_list.txt	622347c5d668b9753c1c1c70affa958e45793e51e91f0405814c0e9de249af03
render-image/zephyr-baseline/zephyr/misc/generated/syscalls_subdirs.trigger	e3b0c44298fc1c149afbf4c8996fb92427ae41e4649b934ca495991b7852b855
render-image/zephyr-baseline/zephyr/misc/generated/syscalls_subdirs.txt	52addfb1ee468357f8ce5da63aaa3d0c84cca28a0db73fedfc377476e2a8b88b
render-image/zephyr-baseline/zephyr/runners.yaml	c9b0d084ae7ea4a43027b51e2ed0f0fa810794ff46d8d908d7e62d1054758aad
render-image/zephyr-baseline/zephyr/snippets_generated.cmake	831e032c1e9bd0b77d6ea7198843ba55f06beba8275bf860b9ffb047451684a3
render-image/zephyr-baseline/zephyr/soc/cmake_install.cmake	5842bf41938f729c6cdb01de6d7a5da54484ceb12549ad935377b13514d0e133
render-image/zephyr-baseline/zephyr/soc/common/cmake_install.cmake	63fb30c693e477002989c094390125fc94f8ad8f645f208f4d85298b5141c547
render-image/zephyr-baseline/zephyr/soc/soc/nrf52840/CMakeFiles/soc__nordic.dir/common/reboot.c.obj	e1c9422a3f4c3e5c69944552aefce842b834314118fd0725b0ff46d93be30607
render-image/zephyr-baseline/zephyr/soc/soc/nrf52840/CMakeFiles/soc__nordic.dir/nrf52/soc.c.obj	1c60befb2f66a4b899e42f39f9d9d7f25188607606c9d7112afbe2b975ae7e0a
render-image/zephyr-baseline/zephyr/soc/soc/nrf52840/CMakeFiles/soc__nordic.dir/validate_base_addresses.c.obj	283f5250b7a6cbb1f03c565b9bdc50dcc2a1bb0733811d340f527096f6a7b3a6
render-image/zephyr-baseline/zephyr/soc/soc/nrf52840/CMakeFiles/soc__nordic.dir/validate_binding_headers.c.obj	c755b1a4ccd14517ff4c4cbca69f8df4c074e9a03749c36896db9599c9780255
render-image/zephyr-baseline/zephyr/soc/soc/nrf52840/CMakeFiles/soc__nordic.dir/validate_enabled_instances.c.obj	ec452040321bf2dc17ac6f1056080b3c5d50a6ea172eb516bc58b9d7d67def5e
render-image/zephyr-baseline/zephyr/soc/soc/nrf52840/cmake_install.cmake	bf9e6d325e464f412a43841e85d5a538d0a9465cea68f22fdeb1cc0d1b6ea0ec
render-image/zephyr-baseline/zephyr/soc/soc/nrf52840/common/cmake_install.cmake	1e3b1e6906f53a8566f61b3799e705450a4d7bb82f1d22352420d0320071b8a3
render-image/zephyr-baseline/zephyr/soc/soc/nrf52840/common/uicr/cmake_install.cmake	2c94a0870cc0d72ad79f24e567239a8bbbec31ae764a80fec8283201cd41d4ff
render-image/zephyr-baseline/zephyr/soc/soc/nrf52840/libsoc__nordic.a	80324059d24e555b75a0623833108176f8a7c937ebcc859cbf32ca52e51188cc
render-image/zephyr-baseline/zephyr/soc/soc/nrf52840/nrf52/cmake_install.cmake	83b8f90b1efa8cc0efbcd2f36fb7b0700adf6e1b4483d09b0ca4f0fe9bcefb87
render-image/zephyr-baseline/zephyr/subsys/canbus/cmake_install.cmake	c9533a1fdabb66badd4c03aa7e3a6c349c7318544524ae8150a3ce0721c9eb8f
render-image/zephyr-baseline/zephyr/subsys/cmake_install.cmake	ee2df915ba4b429e1f52b2cc3a94b68a9f11117c15bc17c707ffa58d6a5a8e42
render-image/zephyr-baseline/zephyr/subsys/debug/cmake_install.cmake	6c835c03d0b333a5348cba0d99debc247f29a3bf61f565754f7712130c3aa60a
render-image/zephyr-baseline/zephyr/subsys/fb/cmake_install.cmake	f84e0f0e6efc4b989c14aa39c4520a35b6ceafae73d9c48755552b5c6e27b2b6
render-image/zephyr-baseline/zephyr/subsys/fs/cmake_install.cmake	042fab36cd5ba22d126ff24217bdb738185159e0b8b5284c4ab769b66d2c6a40
render-image/zephyr-baseline/zephyr/subsys/gnss/cmake_install.cmake	924d4bb3ad0ab1675b8d0a568f8a50435e3e7f7b99569f4d8839c0574428c5a9
render-image/zephyr-baseline/zephyr/subsys/instrumentation/cmake_install.cmake	fc7c8e8e2d7d423ed1b94ab1f669ab28b2e81ba8e8d18d6df2fac8a54e6f97c2
render-image/zephyr-baseline/zephyr/subsys/ipc/cmake_install.cmake	7856c890db0c23a2c02bf83487f8973302a71a12cd6fb1876fb9bd25aab1fc27
render-image/zephyr-baseline/zephyr/subsys/logging/backends/cmake_install.cmake	df9aff8e9c5c884c08701de103395bdf6bb9e22b3646650399405745022a12a3
render-image/zephyr-baseline/zephyr/subsys/logging/cmake_install.cmake	cdfe73450af31acb9eaa6e6204952c85e329825bb14acc63b3db642222792c41
render-image/zephyr-baseline/zephyr/subsys/logging/frontends/cmake_install.cmake	fcbc0a4b5bc14b09ef611055c43850f9c8b6fc3021b5c3efc692985dd318ddd7
render-image/zephyr-baseline/zephyr/subsys/mem_mgmt/cmake_install.cmake	6a75eb01d1d23c8d01f09d5253d80c1ee7e11820defd5d56d12da7ba02094205
render-image/zephyr-baseline/zephyr/subsys/mgmt/cmake_install.cmake	666ee6a21a9b9ee28e24378367fcd968acfb4f9740c0a4223f09ecda03a9c0e2
render-image/zephyr-baseline/zephyr/subsys/modbus/cmake_install.cmake	977ef8f89c7c4ba33ef85b016efa15aa2f23a2548ee208355fb714671a5e292e
render-image/zephyr-baseline/zephyr/subsys/pm/cmake_install.cmake	d919ec7b32172ec826f538d587b073120f566769959437a889654d53c2a628ea
render-image/zephyr-baseline/zephyr/subsys/pm/policy/cmake_install.cmake	461d736c8ff6de66a14b46cc20de68a56bc994366f76dfdaa67820fb3b024f2f
render-image/zephyr-baseline/zephyr/subsys/pmci/cmake_install.cmake	18edc233dc20f35388aaede63f45e002d18673ec363cbafec618888f9413b013
render-image/zephyr-baseline/zephyr/subsys/portability/cmake_install.cmake	f3ad72cda8a284885dba8fd7c6063e974547819e09d7ac110b9e44a036ce08bf
render-image/zephyr-baseline/zephyr/subsys/random/cmake_install.cmake	110db2eec7ab5ca90f4a026beb53632bce997596f530e019bfe5967223259b89
render-image/zephyr-baseline/zephyr/subsys/rtio/cmake_install.cmake	2cc57cde6cca06b6a159a41fea482977cb4d65946f032f9ac124d3bc3fd4b9c0
render-image/zephyr-baseline/zephyr/subsys/sd/cmake_install.cmake	48cdf55a24b8173ca996a3d22cd61c9b63888c57d2a7fafdd5e322a88d4f0fe6
render-image/zephyr-baseline/zephyr/subsys/stats/cmake_install.cmake	c7242ac56c1cb41685d1d59453d9fe9526b9274f7e0dffe340b22a087dd625c8
render-image/zephyr-baseline/zephyr/subsys/storage/cmake_install.cmake	799e0cb227c9672f36ffc2b4ebc79f701858e284a0dc20d2e52b76dc80784756
render-image/zephyr-baseline/zephyr/subsys/task_wdt/cmake_install.cmake	54f0654d04ed77562d08ac4e8acad6b53f5d21b7768c355bf22424ff290c4631
render-image/zephyr-baseline/zephyr/subsys/testsuite/cmake_install.cmake	1f4d5ec8b253a82e783ff482439e33df26971b29471418938a9a17d76592c7d2
render-image/zephyr-baseline/zephyr/subsys/tracing/cmake_install.cmake	271f9c32a88bfaaffab9e885be78a27f9cdea24247d87479c713d142b1fe514a
render-image/zephyr-baseline/zephyr/subsys/usb/cmake_install.cmake	4c6a6563abee7c1381e65f41c6f362a5bdea2a914b4e7131ebf0aa04ba23bf75
render-image/zephyr-baseline/zephyr/syscall_weakdefs_llext.c	7d70f19903ab82dc62c5a3e7ca58f858734009fa220fe11809eadc300f3db16d
render-image/zephyr-baseline/zephyr/zephyr.bin	5787f414da7915dd9da4b7c0941496be36f18b4468dac23f0c132ac650558222
render-image/zephyr-baseline/zephyr/zephyr.dts	ab856f2e1c1942f3f4d9d997ed3a062c54e5b2012db5100ae49001705f6f0cea
render-image/zephyr-baseline/zephyr/zephyr.dts.d	e5dc41f6fbe53c2c9e12b48515642cb5d19bb9e32a36f222f37b39f3df52f555
render-image/zephyr-baseline/zephyr/zephyr.dts.pre	f8fc55ceec28d4f00d61f9cc02851007b6ccdbcaef38a43f109df8634cb49066
render-image/zephyr-baseline/zephyr/zephyr.elf	c1dff931bc7f7df9d2ecf32130426673ed06b8088bd69829db626d8ae746def8
render-image/zephyr-baseline/zephyr/zephyr.hex	aaaac192702685fd9e58dcb84c14ceae6d84584ef654ea90da95a9e458cdfeff
render-image/zephyr-baseline/zephyr/zephyr.map	54a31fa21260b6da191530af3692985e9b876ee1728949c913ac206cd36dbfa4
render-image/zephyr-baseline/zephyr/zephyr.stat	0fa17857443e514a878fd9a44fc9f453febfcb9a3a4d03e87bb728f494b3b12c
render-image/zephyr-baseline/zephyr/zephyr_final.map	54a31fa21260b6da191530af3692985e9b876ee1728949c913ac206cd36dbfa4
render-image/zephyr-baseline/zephyr/zephyr_pre0.elf	b43bd314f81209bcfb2d9b09a5992ab6ccb0cba98e0c16b672846df9376e8cc9
render-image/zephyr-baseline/zephyr/zephyr_pre0.map	9a2d2210c6ba912b329cf8ed9e7652a144c21b4b35905fb917c0747c575a2618
render-image/zephyr-baseline/zephyr_modules.txt	4e59cebd26002c9ab63342ba0a3d9f8910dca953c73b5e054079e400033ccafa
render-image/zephyr-baseline/zephyr_settings.txt	ee1ccb96f462d4c661e81d5410888314870a52bd71b57701b5f7a46aa95a1d49
render-image/zephyr-candidate/CMakeCache.txt	8c64014b9ceff0f7860db01d0ec4a839aae3d6c0409f5705974e2f9e957015d0
render-image/zephyr-candidate/CMakeFiles/4.4.2/CMakeASMCompiler.cmake	b6f314a1a43d9d2ede9f43ad0c9ea2cc2f19700adf151dca93cece3f50a69ce8
render-image/zephyr-candidate/CMakeFiles/4.4.2/CMakeCCompiler.cmake	b882ccbbcc16d8ad365ebb5dd83228365dc11c6465356d205998544ddff87cdb
render-image/zephyr-candidate/CMakeFiles/4.4.2/CMakeCXXCompiler.cmake	5356019b97c2337c5ff1a5e37797e32cd79f8dee09b92090791f6bf0f872ccae
render-image/zephyr-candidate/CMakeFiles/4.4.2/CMakeSwiftCompiler.cmake	2e26869285c619fbf76301083e356a9e30564431b40173ee1f33c8bd8a680472
render-image/zephyr-candidate/CMakeFiles/4.4.2/CMakeSystem.cmake	c776de23d2e2fd1229957964882f385c16fae85a53561cf15ae121e25bbc86b3
render-image/zephyr-candidate/CMakeFiles/4.4.2/CompilerIdC/CMakeCCompilerId.c	6ccdb729a0b1d02ba3d9b57e617d311fbac288d9c0d32416c048ef044157f041
render-image/zephyr-candidate/CMakeFiles/4.4.2/CompilerIdC/CMakeCCompilerId.o	93e7f8559bf4db927eb6ee08635cffa5c7cdecd7c88fe060562a4cde2e511f7a
render-image/zephyr-candidate/CMakeFiles/4.4.2/CompilerIdCXX/CMakeCXXCompilerId.cpp	5b0cbdb2a0d0a5b91a89026321eb0202fdecb22328eb5c668566ce5cb17e3cd2
render-image/zephyr-candidate/CMakeFiles/4.4.2/CompilerIdCXX/CMakeCXXCompilerId.o	5698e7e796c93c783a07919bbd02dc0c3eff2cdd61afac43f0da5a63827314fc
render-image/zephyr-candidate/CMakeFiles/4.4.2/CompilerIdSwift/CompilerId/main.swift	c5b473220a38897bb1ff9d0c882fde04e17f6e3dcf61021f0eca136c80d2edb6
render-image/zephyr-candidate/CMakeFiles/4.4.2/SwiftCompilerDriver/lib.in	01ba4719c80b6fe911b091a7c05124b64eeece964e09c058ef8f9805daca546b
render-image/zephyr-candidate/CMakeFiles/4.4.2/SwiftCompilerDriver/main.swift	18a6066e8dd25f6d99b3274b3232ebae6750fc8d1637729125863d7919df784f
render-image/zephyr-candidate/CMakeFiles/CMakeConfigureLog.yaml	acc41fb77dfa6a1ab23e4aa87b66ddcaab687b5daa14e21d0f7715248d1826bb
render-image/zephyr-candidate/CMakeFiles/InstallScripts.json	8624520b0e00a91424f20123f5609df6d9b185c7fa548f62e018db21cfee88ef
render-image/zephyr-candidate/CMakeFiles/TargetDirectories.txt	66537738203453fd4e91ca8a29475ed6fba924fba6bee51c9a8008af458be524
render-image/zephyr-candidate/CMakeFiles/app.dir/src/main.c.obj	fc5fe46bc5b3d5a05b222e17f22516e018335d136569b9e2dd7fb11e4ffacc94
render-image/zephyr-candidate/CMakeFiles/app.dir/src/stubs.c.obj	db7f18a0e39effc149554a714236c7e98b2e0eb773d00c4bae8d4baa616dd9e7
render-image/zephyr-candidate/CMakeFiles/app_swift.dir/output-file-map.json	a5aefcb21bb5d2c797edb37627fd0febc3a6175bea6aee7abee7a68b46d54a00
render-image/zephyr-candidate/CMakeFiles/app_swift.dir/src/RenderProbe.swift.obj	c3df3a0a8dd45ae9498be7b7a799ba67a222339307fc87dc9af5ed03ede4e86f
render-image/zephyr-candidate/CMakeFiles/clean_additional.cmake	86262331788e5973582797ed60ac463c4d9ab58ed6e8b7a83fa1ce27bc6a1081
render-image/zephyr-candidate/CMakeFiles/cmake.check_cache	a26189e394421da57f45706a07713c5720acd200a41711b0c0c590c3c63371c4
render-image/zephyr-candidate/CMakeFiles/rules.ninja	107c21fcb9ad3ae2a20dfa4637cb9f8de32d791ccdd4ba1bf36fb8931f7177e4
render-image/zephyr-candidate/Kconfig/Kconfig.dts	30e5a7db1a5d45590ab696be7ac90ca75f0c87c772b8ebaef59e1727e3947aff
render-image/zephyr-candidate/Kconfig/Kconfig.modules	0fc45ffec59cc40ac992e8133bd58461595acd1bd7d028e0703b07d76afc68c3
render-image/zephyr-candidate/Kconfig/Kconfig.sysbuild.modules	d0afd39bac6af27b8948b47d78b5c89780acbd4f0a4d20845a820d585ae7a93b
render-image/zephyr-candidate/Kconfig/arch/Kconfig	4d24cb17ed9376f90006fcabe28464e6c3ad8b5023cf61afde285879e7c274a0
render-image/zephyr-candidate/Kconfig/boards/Kconfig	88d41b412935ee19530b3a3125fa1fb5ce5e92f227174b5b25f9a93f5a96b3f5
render-image/zephyr-candidate/Kconfig/boards/Kconfig.defconfig	a9584c8a4a246635f5a13a44a5c28ecba493745e75717e8dbd7306d73c10e71b
render-image/zephyr-candidate/Kconfig/boards/Kconfig.nrf52840dk	0b504ca4a91a2654980742076734eb49fca04aa5c861a710de5df312a172acb9
render-image/zephyr-candidate/Kconfig/boards/Kconfig.sysbuild	1694a61cec96a32f1aecdc5524552c2cd8107195280a870a8cc2cded5ba16b27
render-image/zephyr-candidate/Kconfig/kconfig_module_dirs.cmake	1f3f294a247ebb56bdd20df863fb3a4ed7207a929bf1abd0434792c3181d6ed4
render-image/zephyr-candidate/Kconfig/kconfig_module_dirs.env	200c2f7b1fbd22db453af4e37a9f511733677a26d4cf3b8b67cd2c3621086aed
render-image/zephyr-candidate/Kconfig/soc/Kconfig	088df84d2fa004901f021dd63dbbad3bedb61317c41f930a0152b8e077cb926d
render-image/zephyr-candidate/Kconfig/soc/Kconfig.defconfig	00f8d1cc5da3e3b174b27309ff23024c56a6281140cc45f8e60f19a1a977f022
render-image/zephyr-candidate/Kconfig/soc/Kconfig.soc	353a2de9c3bcf8cec1c3c34085111bdc53cac1ce7c160601a3c1bd9792362fb1
render-image/zephyr-candidate/Kconfig/soc/Kconfig.sysbuild	b45e64b13fe88539dc11960ef945c074fdb623c87222a7699166e75d80d96147
render-image/zephyr-candidate/app/libapp.a	539cca23136b272e614fc5d7eff176cc5bf28ec8e2c436a2342a785f56ffd6a8
render-image/zephyr-candidate/app_swift.swiftdoc	f4e8e43606e28180910e72dd382ced142fef65514a166739b3602f761f386b1c
render-image/zephyr-candidate/app_swift.swiftmodule	03e300fc91985e5ba5db6266f3e292bbb204e4f2fddeeef6091275f5d2d8ad9b
render-image/zephyr-candidate/app_swift.swiftsourceinfo	0c3de3437743f80428b2388c76b206c010d7a8259738f57130059a81077ad5d2
render-image/zephyr-candidate/build.ninja	2896fe9c775424f436ee4534d5a44f3f810823ccce08d1ccc55b73086d977660
render-image/zephyr-candidate/build_info.yml	0be85fc575a6462576ce5d4c31c0e6231cc9242b05e59cc39454bbd8e85a211b
render-image/zephyr-candidate/build_info.yml.bak	70a82cc88ac6d1efc987e1f719c05b1666b360cf4ac8d70af334184a25040cc8
render-image/zephyr-candidate/cmake_install.cmake	e3677eb7badb25e50064d49e7be50d5ea84173d7a22f3ad7694c824d1c28c9df
render-image/zephyr-candidate/compile_commands.json	43c8a71c6012a99c3ec046a405cb1759a477aadf5754c29bb00dcef98f6c8e70
render-image/zephyr-candidate/modules/cmsis/cmake_install.cmake	afdda920270860b27392bd1dd62b5cc36ac4792352a35eadf5015a1c4a5239f6
render-image/zephyr-candidate/modules/cmsis_6/cmake_install.cmake	85043f2497eb9264d9c286a4dc58de311d8af422b170ae3f740145fc6280ec2b
render-image/zephyr-candidate/modules/cmsis_6/cmsis_6/CMSIS/Core/cmake_install.cmake	a79c5d27b155535548b9789f0dc92122fa9d62bd5bee24dbd8ab4d519b59eb20
render-image/zephyr-candidate/modules/cmsis_6/cmsis_6/CMSIS/cmake_install.cmake	e11e103e15abf014557f7b50b44621b7f576af2042ecd7ac18e1a0057e76e5ed
render-image/zephyr-candidate/modules/cmsis_6/cmsis_6/cmake_install.cmake	081bac45c521a4de72df84367d309be4489c602bc6cc187f93d3edfaa391f331
render-image/zephyr-candidate/modules/hal_nordic/cmake_install.cmake	0ac8e49e14c45c7106f003e013e7c35443c72f7405c353fd6b232bf374268b26
render-image/zephyr-candidate/modules/hal_nordic/nrfx/CMakeFiles/nrfx.dir/nrfx_glue.c.obj	af6e041f072830882ae7bd4ff69d2e29bbb33f72eda53ab80b1331e51f854a10
render-image/zephyr-candidate/modules/hal_nordic/nrfx/cmake_install.cmake	1b4191253f8277c99149434ffafe7386c86040ad3a3ae69090453c17f237870d
render-image/zephyr-candidate/modules/hal_nordic/nrfx/libnrfx.a	beee5fafef676a623e6c222e609c73b02edca75bfc68dcfb59fca4ef4ac80c52
render-image/zephyr-candidate/modules/segger/cmake_install.cmake	5589d603b2d310e34caebb50dba015f0ec5511cde7d3e0d078bb86816b72d1fe
render-image/zephyr-candidate/sysbuild_modules.txt	e3b0c44298fc1c149afbf4c8996fb92427ae41e4649b934ca495991b7852b855
render-image/zephyr-candidate/zephyr/CMakeFiles/offsets.dir/arch/arm/core/offsets/offsets.c.obj	7687d49aeb720186ac53316bd21b34db85aa11f03f54f01108b21d5613ce3406
render-image/zephyr-candidate/zephyr/CMakeFiles/zephyr.dir/lib/heap/heap.c.obj	98f4d6f4709e180a3e7efd8ff4f0f4749117a8338b1fbf670612feac30db18b6
render-image/zephyr-candidate/zephyr/CMakeFiles/zephyr.dir/lib/libc/validate_libc.c.obj	d9287971740c2dff926f5cdb12e306d11e384d071bb7a11c90b68fcb9776173b
render-image/zephyr-candidate/zephyr/CMakeFiles/zephyr.dir/lib/os/assert.c.obj	d95b8b0b778ba3a4f51b437bc75b7989fc3dce803374052d22bdd50bfee002a8
render-image/zephyr-candidate/zephyr/CMakeFiles/zephyr.dir/lib/os/cbprintf_complete.c.obj	5fd6e4d4472a52afdfb90a2ac1e3cbf31a05f0ea426bc3ccd631b7ecce2b680f
render-image/zephyr-candidate/zephyr/CMakeFiles/zephyr.dir/lib/os/cbprintf_packaged.c.obj	a23e1738e3dc87a8f496eac97186d96950414ffc7883fbae2e0198412f128262
render-image/zephyr-candidate/zephyr/CMakeFiles/zephyr.dir/lib/os/clock.c.obj	bbeceae7befb63896b3df83ed27c1b304ecec679f160e6ebcf04dea51f07a822
render-image/zephyr-candidate/zephyr/CMakeFiles/zephyr.dir/lib/os/printk.c.obj	6f77b29957273fe05a21bbc0f885eb066b16968886529feab890986bdd251e23
render-image/zephyr-candidate/zephyr/CMakeFiles/zephyr.dir/lib/os/sem.c.obj	fe49399c2b76aa90356a25fdd89e10bf6bf2cef070ddc7bd78d7690c7811c50d
render-image/zephyr-candidate/zephyr/CMakeFiles/zephyr.dir/lib/os/thread_entry.c.obj	25e9a9771af7d262274841baaec35b463fcd7dce48cf8d8a8a2fdaa07c82a33d
render-image/zephyr-candidate/zephyr/CMakeFiles/zephyr.dir/lib/utils/bitarray.c.obj	48f8ce235ec9df07331fcf4b59a1844065bb9a71f65b64152c3c950854475aea
render-image/zephyr-candidate/zephyr/CMakeFiles/zephyr.dir/lib/utils/bitmask.c.obj	a7ba573caff52d86b7e5fadb21b276aca3abdf1c7a8f91a83fd9619989e26057
render-image/zephyr-candidate/zephyr/CMakeFiles/zephyr.dir/lib/utils/dec.c.obj	37aa16f53144628d651777d634a0c5e867933b431fe6df348df640cf3f368542
render-image/zephyr-candidate/zephyr/CMakeFiles/zephyr.dir/lib/utils/hex.c.obj	2d9c84b7aa56b90530cad4c2e506db4ae84e1e0d74bf4b513d588fb2074e13fc
render-image/zephyr-candidate/zephyr/CMakeFiles/zephyr.dir/lib/utils/last_section_id.c.obj	c0494504a5fd44d963843cb3a30930773b2842e5e8cb8a63b6e3b709745a4188
render-image/zephyr-candidate/zephyr/CMakeFiles/zephyr.dir/lib/utils/notify.c.obj	9d3cf665a48b7067c34cd042338790579b6821a096ced9e4e1c751ed668fe624
render-image/zephyr-candidate/zephyr/CMakeFiles/zephyr.dir/lib/utils/onoff.c.obj	c4231790e6ea95e9f3a8c53d929f7efdd673d7dfe7a5e4b792d4a9d35e4a60ff
render-image/zephyr-candidate/zephyr/CMakeFiles/zephyr.dir/lib/utils/rb.c.obj	8e125a784f3240e3b3d2090589c9d060218c60977a8e747974c94e7142dc36df
render-image/zephyr-candidate/zephyr/CMakeFiles/zephyr.dir/lib/utils/ring_buffer.c.obj	7ad5685bf8ef99e7862a652c151e2892e5ea040720dca84b29375b35e586a190
render-image/zephyr-candidate/zephyr/CMakeFiles/zephyr.dir/lib/utils/timeutil.c.obj	96b4523aaadef2d40caa27fab378434d98209936cf5693f62b6aec625ae70b76
render-image/zephyr-candidate/zephyr/CMakeFiles/zephyr.dir/misc/generated/configs.c.obj	7e2b8d10aa4789599bbb30a8b3702d48819006b8bf59a5dae4a40220a96b01e4
render-image/zephyr-candidate/zephyr/CMakeFiles/zephyr.dir/subsys/mem_mgmt/mem_attr.c.obj	3480f4613a2a5bbb52fe9fccb77401d97f302c075d8cdd3c88b199117b511a9b
render-image/zephyr-candidate/zephyr/CMakeFiles/zephyr.dir/subsys/tracing/tracing_none.c.obj	dd6686bf9812fada52d8f1e913ec2d1e5cbad85e06b884f8242795c08f8fd99c
render-image/zephyr-candidate/zephyr/CMakeFiles/zephyr_final.dir/isr_tables.c.obj	216072e65a588cb3b61f3a14b2851b816322b6892d2ba9394cd1dcbadf4d046d
render-image/zephyr-candidate/zephyr/CMakeFiles/zephyr_final.dir/misc/empty_file.c.obj	9c9da043a96f8efa70dff59d57cf6457594b39d1844dffd0325e4d480d7f04dc
render-image/zephyr-candidate/zephyr/CMakeFiles/zephyr_pre0.dir/misc/empty_file.c.obj	9c9da043a96f8efa70dff59d57cf6457594b39d1844dffd0325e4d480d7f04dc
render-image/zephyr-candidate/zephyr/arch/arch/arm/cmake_install.cmake	17d874296144e00ad45b98bffed6f6c48a1dfca25b5a3f2c4e98040ebc92129e
render-image/zephyr-candidate/zephyr/arch/arch/arm/core/CMakeFiles/arch__arm__core.dir/fatal.c.obj	522ac87c073344b9e182837cdf77f5657e2a1c9419ae44faabb5815a34b3ab78
render-image/zephyr-candidate/zephyr/arch/arch/arm/core/CMakeFiles/arch__arm__core.dir/nmi.c.obj	127b565f33d9771b08dd712d9fd2203b3c3cae689acd68b4dd53686e9fe670b4
render-image/zephyr-candidate/zephyr/arch/arch/arm/core/CMakeFiles/arch__arm__core.dir/nmi_on_reset.S.obj	8b209ad4183c05ec06e53f2868db8ff9a6da32b97b053427bae97775c9e2c636
render-image/zephyr-candidate/zephyr/arch/arch/arm/core/CMakeFiles/arch__arm__core.dir/tls.c.obj	fdbd52435c4d4b63838aab99aa14450c0143e1429826a2c45300ef57700c80a0
render-image/zephyr-candidate/zephyr/arch/arch/arm/core/cmake_install.cmake	288fbcdc8e2d0bb7ab72b034dc9a141f77a8ca39f5fd23021a17fa643b4c9c6f
render-image/zephyr-candidate/zephyr/arch/arch/arm/core/cortex_m/CMakeFiles/arch__arm__core__cortex_m.dir/__aeabi_read_tp.S.obj	5e10db6e839380bde3a6e19f05bb7455844214220509ecb7bff1b7a99db87fc6
render-image/zephyr-candidate/zephyr/arch/arch/arm/core/cortex_m/CMakeFiles/arch__arm__core__cortex_m.dir/cpu_idle.c.obj	cd1fb647b2d5e75d7f137e65c11227a1af43d9f665d3ed7e8a1cfee4e6e010ca
render-image/zephyr-candidate/zephyr/arch/arch/arm/core/cortex_m/CMakeFiles/arch__arm__core__cortex_m.dir/exc_exit.c.obj	d5aa7034ff4011cdf540bdcfea08244a5728c012f11d4ab3da9239f9066178c3
render-image/zephyr-candidate/zephyr/arch/arch/arm/core/cortex_m/CMakeFiles/arch__arm__core__cortex_m.dir/fault.c.obj	4300c5f633d138dcea0185dbc5364526beb1659e610c827e52aea915ea2972a3
render-image/zephyr-candidate/zephyr/arch/arch/arm/core/cortex_m/CMakeFiles/arch__arm__core__cortex_m.dir/fault_s.S.obj	7e7dd5ec2d5db692158d80624c7dd546b304493715f8811348590e0703c0e657
render-image/zephyr-candidate/zephyr/arch/arch/arm/core/cortex_m/CMakeFiles/arch__arm__core__cortex_m.dir/fpu.c.obj	cbb25a1997c518e27adf8d43d9f1316f1465c9dcb6a78a6b899185441d10c098
render-image/zephyr-candidate/zephyr/arch/arch/arm/core/cortex_m/CMakeFiles/arch__arm__core__cortex_m.dir/irq_init.c.obj	86f056e7c86cb985ec19d6568c78f198e35edbf1d1682c0c4b76d736c5a989aa
render-image/zephyr-candidate/zephyr/arch/arch/arm/core/cortex_m/CMakeFiles/arch__arm__core__cortex_m.dir/irq_manage.c.obj	4759c582d8593c227474003e1d37f695b7f2c464a8f82b1e534b3a1f49a042d8
render-image/zephyr-candidate/zephyr/arch/arch/arm/core/cortex_m/CMakeFiles/arch__arm__core__cortex_m.dir/isr_wrapper.c.obj	6e2e5e066567a0610a764e83975f70f170497cc49ad3d87c573e9cf2318e297a
render-image/zephyr-candidate/zephyr/arch/arch/arm/core/cortex_m/CMakeFiles/arch__arm__core__cortex_m.dir/prep_c.c.obj	2811bb70dd2299940d8b54af92a4f362dbb222f8b9a7aeec81076817808cc792
render-image/zephyr-candidate/zephyr/arch/arch/arm/core/cortex_m/CMakeFiles/arch__arm__core__cortex_m.dir/reset.S.obj	ae0ffe8bc27783d544cea5dc84339070337dadaa266f2ce2b02cec756676eb0b
render-image/zephyr-candidate/zephyr/arch/arch/arm/core/cortex_m/CMakeFiles/arch__arm__core__cortex_m.dir/scb.c.obj	2b5fe3d8769d7bd499208e72c37e47bccfe9cc38ad3e3d8af7af033860ac0e69
render-image/zephyr-candidate/zephyr/arch/arch/arm/core/cortex_m/CMakeFiles/arch__arm__core__cortex_m.dir/swap_helper.S.obj	c1b4d9be2780df77d599f3baff010256ce6f9e1055b05ea5dc3257ecdc086580
render-image/zephyr-candidate/zephyr/arch/arch/arm/core/cortex_m/CMakeFiles/arch__arm__core__cortex_m.dir/thread.c.obj	e502877fc4059af4be3b51bda7c486a73a0dfc22856b730e6584eaf029055123
render-image/zephyr-candidate/zephyr/arch/arch/arm/core/cortex_m/CMakeFiles/arch__arm__core__cortex_m.dir/thread_abort.c.obj	fac77cf65318b2ef62d03eb740fd58c47a73110fca0aeb0a90ed37f10840e239
render-image/zephyr-candidate/zephyr/arch/arch/arm/core/cortex_m/CMakeFiles/arch__arm__core__cortex_m.dir/vector_table.S.obj	fb6de477c10b021a40fb8079d300a09fedf9c43e52153015e3d61972fe8b82db
render-image/zephyr-candidate/zephyr/arch/arch/arm/core/cortex_m/cmake_install.cmake	d817fe3655f1d5a2173312830f291a22583fb04514c9103e0c83de7c0194d088
render-image/zephyr-candidate/zephyr/arch/arch/arm/core/cortex_m/libarch__arm__core__cortex_m.a	9b2176d3b182c6fb8f397ee8eccc11a74e3af41c19f11fdc9992c49f178effa0
render-image/zephyr-candidate/zephyr/arch/arch/arm/core/libarch__arm__core.a	446fb6f3e6815b7c0b3e926f6810de4a99bee279ad8b1672390f3a0734ee83e4
render-image/zephyr-candidate/zephyr/arch/arch/arm/core/mpu/CMakeFiles/arch__arm__core__mpu.dir/arm_core_mpu.c.obj	b79b75923438dc5755d0dea00c8cf9b6c916912d18df077a89fac1fd643268b7
render-image/zephyr-candidate/zephyr/arch/arch/arm/core/mpu/CMakeFiles/arch__arm__core__mpu.dir/arm_mpu.c.obj	5f1da90df131dd8c566013f141bd0cfdc5b791bd705c21d02a0d524fb017f214
render-image/zephyr-candidate/zephyr/arch/arch/arm/core/mpu/CMakeFiles/arch__arm__core__mpu.dir/arm_mpu_regions.c.obj	e6566b55d0fe816e12674139c8c3fb046e306ef8958fc83cf4efe43af1afb675
render-image/zephyr-candidate/zephyr/arch/arch/arm/core/mpu/cmake_install.cmake	2e76fe2339641760d2d28f8c1a4c2d3ccde7eff05b365df2f336d89a4f599329
render-image/zephyr-candidate/zephyr/arch/arch/arm/core/mpu/libarch__arm__core__mpu.a	d0f552d6297da7e206f4d15e7768fdb7fbc467b3b250e80c84f346e1f0d50fb3
render-image/zephyr-candidate/zephyr/arch/cmake_install.cmake	baa6fe8c1ea7b8b3a40db39f18a5b1dad2a985fbae7b35bcc3920d4ca48c63b6
render-image/zephyr-candidate/zephyr/arch/common/CMakeFiles/arch__common.dir/init.c.obj	3f30498cb925d054f70e52982077e0ddf77e764afcde94e32a44798f60408e67
render-image/zephyr-candidate/zephyr/arch/common/CMakeFiles/arch__common.dir/sw_isr_common.c.obj	474c3e979f1eec0f5cbda7afdc3dfa74a0a55b09000b76a9e01ccd7006d3ebf2
render-image/zephyr-candidate/zephyr/arch/common/CMakeFiles/arch__common.dir/xip.c.obj	379a3d34cfe5c48dc2c7ec75ceddc659ed65ffc12045e01666c15ff5f98a52fe
render-image/zephyr-candidate/zephyr/arch/common/CMakeFiles/isr_tables.dir/isr_tables.c.obj	2f4433a96139472ca6535a7d3a4190091b57f5792ce3cddec6abf6ad9c49f9cc
render-image/zephyr-candidate/zephyr/arch/common/cmake_install.cmake	ce2904088407130ecdcf843bf093b38b404d88623188d636828cf477e323144e
render-image/zephyr-candidate/zephyr/arch/common/libarch__common.a	2676f629d8346974cede2a0af6d9cd90f8e65bb9fc5a4f0ba2d06ece7260ea0d
render-image/zephyr-candidate/zephyr/arch/common/libisr_tables.a	54fbdc50c5c434f8062740bf970c4b90286a492829d4defeaecc3a59952d9995
render-image/zephyr-candidate/zephyr/boards/cmake_install.cmake	9067a8e9cb21b80b9f8643735b753b34cfbffebd67d3e2c4acb9e090cff89242
render-image/zephyr-candidate/zephyr/boards/nordic/nrf52840dk/cmake_install.cmake	eb8225eb5d9dfd2e802c8192320d65700b6073ba09429d90caf63cbcc0c86e56
render-image/zephyr-candidate/zephyr/boards/shields/cmake_install.cmake	2f4682e0094f5d176855e3b6089bec86ef9501a0e842d409fb95866993622527
render-image/zephyr-candidate/zephyr/cmake/flash/cmake_install.cmake	2d8a24d72cd1ef3d65982497b1910cd0254c92d817e3176386a1c70ac501c47c
render-image/zephyr-candidate/zephyr/cmake/reports/cmake_install.cmake	bb82475f0b83457df1d4c26598d7293ee41db2bea5eb017399a312fa7debb5be
render-image/zephyr-candidate/zephyr/cmake/usage/cmake_install.cmake	9476549d35fab050f6d4bb45f00d65b17037673c2f8f632774fe6ff97ebc555a
render-image/zephyr-candidate/zephyr/cmake_install.cmake	86a1b1a52eb51f47bd05297fb246761510386eb095c0891fd16d816f467ca5a6
render-image/zephyr-candidate/zephyr/drivers/clock_control/CMakeFiles/drivers__clock_control.dir/clock_control_nrf.c.obj	22f1d952c86770feda2040a9e6ff726ddcc6f112974b891a3c8db0813ac9ed08
render-image/zephyr-candidate/zephyr/drivers/clock_control/cmake_install.cmake	d92dbaccb5798ab94303aa34a6f19513149789aabb288abe4652e4c7e29e0fb5
render-image/zephyr-candidate/zephyr/drivers/clock_control/libdrivers__clock_control.a	4576d06f70e73f7170d5a45890a0b7380159a4b7a7bd6cfabd09c934f90d5eca
render-image/zephyr-candidate/zephyr/drivers/cmake_install.cmake	40cc83c01a486b05c9442c5333a1fcacb39dd768841c1778a179c61259b1eb53
render-image/zephyr-candidate/zephyr/drivers/console/CMakeFiles/drivers__console.dir/uart_console.c.obj	4b3b435ccc1ce5a6cf177d10ccf0f9ea1159b4720ee10c23182801ad924e155c
render-image/zephyr-candidate/zephyr/drivers/console/cmake_install.cmake	2044e7bbc953f506d32db089be7082efadcc4b9743c2d72d86ab1cc3a53cbbc7
render-image/zephyr-candidate/zephyr/drivers/console/libdrivers__console.a	2328fadd02d7036dc83f56e0138496b334951b1cce1d6f917dfa55a8142aaa21
render-image/zephyr-candidate/zephyr/drivers/disk/cmake_install.cmake	fbb2dfdb5e2f232c6d3d1aa46a6b878021a9fd5b0cb6e5a739251de26fc4c5f8
render-image/zephyr-candidate/zephyr/drivers/firmware/cmake_install.cmake	4968c2f1db6d03f9f403dae8a086556395754cc687de6443d9b56ff6f0769821
render-image/zephyr-candidate/zephyr/drivers/gpio/CMakeFiles/drivers__gpio.dir/gpio_nrfx.c.obj	fc48473b011fe84c1969b0b16aa9a6f1efc89e4bf83e6e277673d106a58ad8d3
render-image/zephyr-candidate/zephyr/drivers/gpio/cmake_install.cmake	9c366ef48c5464ef0c5ca8b9b1db9c91664192be19a981b786fc5098e7fae87e
render-image/zephyr-candidate/zephyr/drivers/gpio/libdrivers__gpio.a	1b64a7823d34c4cb2719268868792e14994230aeea5a3ce15c46394a58964a09
render-image/zephyr-candidate/zephyr/drivers/interrupt_controller/cmake_install.cmake	a2ce5aa09a815ccb165d45238e91740d54e037b9567d1546a6c659722416a175
render-image/zephyr-candidate/zephyr/drivers/misc/cmake_install.cmake	de9ee1c1854ad4eed0a63bc04c9defb9df0b611ba2e0049144bc617a8233ca28
render-image/zephyr-candidate/zephyr/drivers/misc/interconn/cmake_install.cmake	a174be26e8f6bed1a01a470b17f485039cbdf9822330c341a0638a73cb5fa7cd
render-image/zephyr-candidate/zephyr/drivers/pcie/cmake_install.cmake	b4bfe3b7ab867752f47998378aa369261b5872eb6a6ca239a568154418d66f2d
render-image/zephyr-candidate/zephyr/drivers/pinctrl/CMakeFiles/drivers__pinctrl.dir/common.c.obj	5a881efe27d0523cd5c0964a4906541857bb02b69c0ecbf04e1fa23c749cadf8
render-image/zephyr-candidate/zephyr/drivers/pinctrl/CMakeFiles/drivers__pinctrl.dir/pinctrl_nrf.c.obj	54d187e84a63dd45329db89ab39b8e41611239f439cf123011858409fc0f040c
render-image/zephyr-candidate/zephyr/drivers/pinctrl/cmake_install.cmake	403cef44fe022249ba8fb24b386596b99081892d52f60888cbd8eec466176b65
render-image/zephyr-candidate/zephyr/drivers/pinctrl/libdrivers__pinctrl.a	a19cee1465c21178dfbc5b7163952f61659b1a039db8bec7a3317bb51038afb4
render-image/zephyr-candidate/zephyr/drivers/pinctrl/renesas/cmake_install.cmake	933f50321c3be74085d7be1cea679f022d5114539cc2806cee2b02d5f589a1fb
render-image/zephyr-candidate/zephyr/drivers/serial/CMakeFiles/drivers__serial.dir/uart_nrfx_uarte.c.obj	a55af592a27a2942d839b23f183df7fa8fcd6a3d7a69a437fea5fd2292ab129d
render-image/zephyr-candidate/zephyr/drivers/serial/cmake_install.cmake	5b1a8bfd182a5af24084731117713bb0fd21bf4a3a5ccb7238db4a21c93bbd85
render-image/zephyr-candidate/zephyr/drivers/serial/libdrivers__serial.a	e39b83e1562f486d385f727b3cacef07b11a44b4effbadbe0a840a3978dd7aa9
render-image/zephyr-candidate/zephyr/drivers/timer/CMakeFiles/drivers__timer.dir/nrf_rtc_timer.c.obj	41ea03ce6324774e20305d01957ab9e0abf9fc6bfed442382629cb6b9af6f60c
render-image/zephyr-candidate/zephyr/drivers/timer/CMakeFiles/drivers__timer.dir/sys_clock_init.c.obj	2738a97d4d9610b875ac9d9beba9737f9cbddfeaddd6fd34136de56a586805e1
render-image/zephyr-candidate/zephyr/drivers/timer/cmake_install.cmake	0b1f813122fb47402cd9f626a55fad466b0259fce4cf45d8748a3c461c75c2d1
render-image/zephyr-candidate/zephyr/drivers/timer/libdrivers__timer.a	60368072e64bff95d95bc3d4c982e3003416a9f2b13d5b167c46b971f913811c
render-image/zephyr-candidate/zephyr/drivers/usb/cmake_install.cmake	f3635917d58fa2f0372fd96ee5d757743021c00256865bfe753afd4fc16dba56
render-image/zephyr-candidate/zephyr/drivers/usb/common/cmake_install.cmake	878d78d000f7fbb64bd4345bd8632bcda9bd07696032cd16361927ee6bb8768c
render-image/zephyr-candidate/zephyr/drivers/usb/common/nrf_usbd_common/cmake_install.cmake	b311d6cdb5cfae56f66b0f82ead17267ef0063f3df672d7ee2d8f03de731bd12
render-image/zephyr-candidate/zephyr/drivers/usb_c/cmake_install.cmake	0ccee9bc856bf1ef6accd706b5314a0261b5753f3e4c9cf9914ea579dee8689e
render-image/zephyr-candidate/zephyr/edt.pickle	1798242a96f7821741973548202f6fcc45a7899a10abd666f5e2433a5da07752
render-image/zephyr-candidate/zephyr/edt.pickle.cmake	04b5dfb375d0d3aa6461556cd2ad923ba0cb72d2c74a91482fc31e67165a6b29
render-image/zephyr-candidate/zephyr/edt.pickle.cmake.new	04b5dfb375d0d3aa6461556cd2ad923ba0cb72d2c74a91482fc31e67165a6b29
render-image/zephyr-candidate/zephyr/include/generated/app_data_alignment.ld	d918f67f7a86d870a364a37c38ffb29060524546cabe37ab210030689fb327e4
render-image/zephyr-candidate/zephyr/include/generated/app_smem.ld	56c91adeb585cf35747f27e18cef663c5f82ad88849261d685af72ea93437fb7
render-image/zephyr-candidate/zephyr/include/generated/app_smem_aligned.ld	086a51673605cb0c9c5cf8408256deb683f286db8c2b51c32cb1eb9e2f8d945b
render-image/zephyr-candidate/zephyr/include/generated/app_smem_unaligned.ld	6cd9f396193e5a6da1e142a8ff51f7d37fb8d781291a50b899365d90ae5e28ca
render-image/zephyr-candidate/zephyr/include/generated/device-api-sections.cmake	c3348c034d325ebeb07a6792f7831f9c3f7996fadd2a4550f309439b2ef57b05
render-image/zephyr-candidate/zephyr/include/generated/device-api-sections.ld	69f54516d68a8ba2c2739066225ed8f24a0bb0703b7ab3e4ea743caf80aa2117
render-image/zephyr-candidate/zephyr/include/generated/snippets-data-sections.ld	e3b0c44298fc1c149afbf4c8996fb92427ae41e4649b934ca495991b7852b855
render-image/zephyr-candidate/zephyr/include/generated/snippets-dtcm-section.ld	e3b0c44298fc1c149afbf4c8996fb92427ae41e4649b934ca495991b7852b855
render-image/zephyr-candidate/zephyr/include/generated/snippets-itcm-section.ld	e3b0c44298fc1c149afbf4c8996fb92427ae41e4649b934ca495991b7852b855
render-image/zephyr-candidate/zephyr/include/generated/snippets-nocache-section.ld	e3b0c44298fc1c149afbf4c8996fb92427ae41e4649b934ca495991b7852b855
render-image/zephyr-candidate/zephyr/include/generated/snippets-noinit.ld	e3b0c44298fc1c149afbf4c8996fb92427ae41e4649b934ca495991b7852b855
render-image/zephyr-candidate/zephyr/include/generated/snippets-pinned-data-sections.ld	e3b0c44298fc1c149afbf4c8996fb92427ae41e4649b934ca495991b7852b855
render-image/zephyr-candidate/zephyr/include/generated/snippets-pinned-ram-sections.ld	e3b0c44298fc1c149afbf4c8996fb92427ae41e4649b934ca495991b7852b855
render-image/zephyr-candidate/zephyr/include/generated/snippets-pinned-rodata.ld	e3b0c44298fc1c149afbf4c8996fb92427ae41e4649b934ca495991b7852b855
render-image/zephyr-candidate/zephyr/include/generated/snippets-ram-sections.ld	da2722ade381509b250ed97093f4c285be016e934d676463a5f499b2ed8db908
render-image/zephyr-candidate/zephyr/include/generated/snippets-ramfunc-section.ld	e3b0c44298fc1c149afbf4c8996fb92427ae41e4649b934ca495991b7852b855
render-image/zephyr-candidate/zephyr/include/generated/snippets-rodata.ld	e8f9b0eef6f66f9af5092eadaf40050dc99ce80ef8c428ef4da347525f71e54d
render-image/zephyr-candidate/zephyr/include/generated/snippets-rom-sections.ld	e3b0c44298fc1c149afbf4c8996fb92427ae41e4649b934ca495991b7852b855
render-image/zephyr-candidate/zephyr/include/generated/snippets-rom-start.ld	0d8587ad00b6b1b0cd3e73a133c4a3b361889cea11a58c6104554af844e40c3b
render-image/zephyr-candidate/zephyr/include/generated/snippets-rwdata.ld	e3b0c44298fc1c149afbf4c8996fb92427ae41e4649b934ca495991b7852b855
render-image/zephyr-candidate/zephyr/include/generated/snippets-sections.ld	4ffe1dad72356e18af3474c43aae331fbfa198996904a495f8a0a3b11c21cf63
render-image/zephyr-candidate/zephyr/include/generated/snippets-text-sections.ld	e3b0c44298fc1c149afbf4c8996fb92427ae41e4649b934ca495991b7852b855
render-image/zephyr-candidate/zephyr/include/generated/syscall_list.h	347abcb72e331001b1c758d906be4cf16f9b4900d98930a4f469e9b2e1a0929c
render-image/zephyr-candidate/zephyr/include/generated/zephyr/autoconf.h	17be23b829fb71ea21dbc671acb858f85e398b7ef0b4fb75d31c39b7203a8d85
render-image/zephyr-candidate/zephyr/include/generated/zephyr/devicetree_generated.h	53d0b82139f466d4c87ca455136e77af5828a90f588cb2a12c314c3066ce511a
render-image/zephyr-candidate/zephyr/include/generated/zephyr/driver-validation.h	6f543aedb1aa3177b9d7fb1d58083369920d4e4085c0a0ba20a6e28386fedf8d
render-image/zephyr-candidate/zephyr/include/generated/zephyr/kobj-types-enum.h	10912a4e8b200d9ff995a28ec9102b219c69c4bdacf395a848c026c162a173b6
render-image/zephyr-candidate/zephyr/include/generated/zephyr/offsets.h	c41fc0d0c1fb33f8d4c6ea848c53a5f85ce6c096e4d2d36cd81fd90e4420eec8
render-image/zephyr-candidate/zephyr/include/generated/zephyr/otype-to-size.h	f5b79f8f96ec393b42b010c4105b10ccec217a0da7a554e367be56e043e39c4e
render-image/zephyr-candidate/zephyr/include/generated/zephyr/otype-to-str.h	45c7af55e9e173904a03ba64de3e6f90a9956c625c83baac7db7ddabeba07bae
render-image/zephyr-candidate/zephyr/include/generated/zephyr/syscall_dispatch.c	9045dff6158fbf78a0d2439c208370f32446e4436c84374c6eb6e8082cd3938e
render-image/zephyr-candidate/zephyr/include/generated/zephyr/syscall_exports_llext.c	2d83b3cbd43bb0a4b9ab981373e34c4f14284f0bb6a39d3306a7abae527ecb31
render-image/zephyr-candidate/zephyr/include/generated/zephyr/syscall_list.h	347abcb72e331001b1c758d906be4cf16f9b4900d98930a4f469e9b2e1a0929c
render-image/zephyr-candidate/zephyr/include/generated/zephyr/syscalls/adc.h	9826d89cadf700621f8fe67830f8737e0a10be47b48bb9995435ca5e366db7be
render-image/zephyr-candidate/zephyr/include/generated/zephyr/syscalls/arch.h	bdfa15659cc71eeaef1dd3aeab50675f6cd42567d5df127dfbdc2d2752f12608
render-image/zephyr-candidate/zephyr/include/generated/zephyr/syscalls/atomic_c.h	690bf3a38ff5f3db2a07b7b1d8cafc1574520e024139949a8e0b401c794897fd
render-image/zephyr-candidate/zephyr/include/generated/zephyr/syscalls/auxdisplay.h	733a97e9e8ce609cf33572d6c6569968c540507e9ddf60de8bcbc6c4403f56b0
render-image/zephyr-candidate/zephyr/include/generated/zephyr/syscalls/bbram.h	d3f2359dcdfd777c752afee87e2fccee1103e97d0dfdd931b0e47d284472f466
render-image/zephyr-candidate/zephyr/include/generated/zephyr/syscalls/cache.h	9595ae4505a410ba66bc8b35b82d8125d49afca8ca5770151136a5df8f273483
render-image/zephyr-candidate/zephyr/include/generated/zephyr/syscalls/can.h	e597b61cdf7cff2ec02fbe96528da1ae99eebfa31145b007d7edb4b35a5c6443
render-image/zephyr-candidate/zephyr/include/generated/zephyr/syscalls/charger.h	6c5aa9a321295dc90f10b61c5da10d05ef06da64a5e469b8c706c980ab544bdc
render-image/zephyr-candidate/zephyr/include/generated/zephyr/syscalls/clock.h	d93994fa48615f6410a0abe98035706cd540a41be3d249d5a9bc5ab3def8e80d
render-image/zephyr-candidate/zephyr/include/generated/zephyr/syscalls/comparator.h	f173d054b32be07978caae81b12c30255db4e5623e45e742ea7ed9feb6195aca
render-image/zephyr-candidate/zephyr/include/generated/zephyr/syscalls/counter.h	3cbfaba8a9d57edaad03e942c9a035a6461dfab37932fb08e4530e65fd3ee40e
render-image/zephyr-candidate/zephyr/include/generated/zephyr/syscalls/crc.h	e91e0c8c220ee7d4e49d1507fe61c5dc8f72806d64db30ca61582bb3ec3d0df4
render-image/zephyr-candidate/zephyr/include/generated/zephyr/syscalls/dac.h	93cb285c343c886a49e9bba4a6851091183b724b0703e01d4bed0e24cdb0c1d3
render-image/zephyr-candidate/zephyr/include/generated/zephyr/syscalls/demand_paging.h	8b59746ea33a5970839886a673554dec989e8d39fcda583a8477fc4155e90d79
render-image/zephyr-candidate/zephyr/include/generated/zephyr/syscalls/device.h	3d4e26c69424baf08feeb4b61edd366e2c07d40077e798afd285bd5bb2eaa3b3
render-image/zephyr-candidate/zephyr/include/generated/zephyr/syscalls/devmux.h	283ae85bb2f8552256627c80d7489debf791ecd9f787753400786d7145da75f2
render-image/zephyr-candidate/zephyr/include/generated/zephyr/syscalls/eeprom.h	0fdb93b75245294dcdb38cc6f5362dde6042ab7904b7f3182aa59fba6b6a6e3e
render-image/zephyr-candidate/zephyr/include/generated/zephyr/syscalls/emul_fuel_gauge.h	fe1721d7367cf180e7803ce5d881ebb396acf7499048296395784e2d584fff33
render-image/zephyr-candidate/zephyr/include/generated/zephyr/syscalls/entropy.h	0df4b2c08742946f1810a658993a2926eea1761582d24beee83f10e0290f728e
render-image/zephyr-candidate/zephyr/include/generated/zephyr/syscalls/errno_private.h	89a30215206556099585f61b21e7a53291381289606fc969e0c547ebe6f50caf
render-image/zephyr-candidate/zephyr/include/generated/zephyr/syscalls/error.h	bf0a1c156b83bd8b9de42494e2432cd86b9b1050b05544d1615ac9a2413c526a
render-image/zephyr-candidate/zephyr/include/generated/zephyr/syscalls/espi.h	cdaf872ad74f3f755c4e281e767707013a01b8cf86008eebf72e8e91d39ddc54
render-image/zephyr-candidate/zephyr/include/generated/zephyr/syscalls/espi_saf.h	98526d591115988026a44a3415e9c06f1016c3ac929288239fc17e98062aba2a
render-image/zephyr-candidate/zephyr/include/generated/zephyr/syscalls/ethernet.h	f2d4ace37815df3d64bf299b6da990f9ebedae608665821e7f2952e5988f1080
render-image/zephyr-candidate/zephyr/include/generated/zephyr/syscalls/fdtable.h	3001410733d5533ca463be4ab3177ee7ce8cd6994e94801c24e7eaa7ea477795
render-image/zephyr-candidate/zephyr/include/generated/zephyr/syscalls/flash.h	140edaf7a7b8c6ffeceaf0edc6300b76c6510cc34cbddf016bfc147022c7ada9
render-image/zephyr-candidate/zephyr/include/generated/zephyr/syscalls/flash_simulator.h	6909b135d051fd8c02871a4474bc7daebe4bf452e8a42c818535ea349b8d5f5d
render-image/zephyr-candidate/zephyr/include/generated/zephyr/syscalls/fuel_gauge.h	1864bd85bd821fe175463d21084e5e1673c1a3a386b142c9568b9101d95ddad6
render-image/zephyr-candidate/zephyr/include/generated/zephyr/syscalls/gnss.h	0b400ab70cc1ecfe408c6e44f58b62fc7fe30b5d8dd6dcf0bcff5732cfe26b8e
render-image/zephyr-candidate/zephyr/include/generated/zephyr/syscalls/gpio.h	6cd7d45375e80f61680c35b8cbd67b23f6abfa95558a0f557e655598dc2fd902
render-image/zephyr-candidate/zephyr/include/generated/zephyr/syscalls/haptics.h	4f6882307e67761c5f7df29cc2995791816fecccfa185360c92054e32a5abb14
render-image/zephyr-candidate/zephyr/include/generated/zephyr/syscalls/hwinfo.h	1aa569458b7088204f9111acefa9b35642d75c0dbdc4cc150f1272cccdc48ddd
render-image/zephyr-candidate/zephyr/include/generated/zephyr/syscalls/i2c.h	749db7a3e3a0dfa88374149b68d0e8007008c9754acadfd817ce33227f07ad9e
render-image/zephyr-candidate/zephyr/include/generated/zephyr/syscalls/i2s.h	45895c2222fd8bf1f8543da0880eb5f7357f8910cf0e85656857d8d9fee58a29
render-image/zephyr-candidate/zephyr/include/generated/zephyr/syscalls/i3c.h	60ffcae4a7e6a9487db3c414a98e4bac5e068616af837015906ee94713370eb3
render-image/zephyr-candidate/zephyr/include/generated/zephyr/syscalls/input_renesas_ra_ctsu.h	c95257f75149596ca1f11bbecfc4aa70c825d2edb13028997738b97f08a941e8
render-image/zephyr-candidate/zephyr/include/generated/zephyr/syscalls/input_renesas_rx_ctsu.h	b0ce9cfd4159bd557dd17c732299fdfd4a729466eef0461edfdb214a2d5d551b
render-image/zephyr-candidate/zephyr/include/generated/zephyr/syscalls/ipm.h	deb46e15b3108dbb8632e77ae861dfcce53de7ca567dd38985418710e6d0a82d
render-image/zephyr-candidate/zephyr/include/generated/zephyr/syscalls/ivshmem.h	7ee1adc34e724ed6bb42ec6aaf7d69f3d72ca2e198081a71dc2234244e94e6bc
render-image/zephyr-candidate/zephyr/include/generated/zephyr/syscalls/kernel.h	bd4c8bffdbdc262db640e441e43a95c495f0537dedc0de363b7f32cad34281d4
render-image/zephyr-candidate/zephyr/include/generated/zephyr/syscalls/kobject.h	e77ac77f11d48facdc66ee9aa5aeae0f92311aa4a28cc0bea2132a556f49e121
render-image/zephyr-candidate/zephyr/include/generated/zephyr/syscalls/led.h	26415e779f0daf82ac0f3f3a024dd69416bb9374c81e931c2f319295cb4cf88a
render-image/zephyr-candidate/zephyr/include/generated/zephyr/syscalls/libc-hooks.h	dbcdb12e3bd27c12a5b730b9037afe9ba6b5921482b27380e211747a5fdf3485
render-image/zephyr-candidate/zephyr/include/generated/zephyr/syscalls/llext.h	77abff04348e7c75bcca1fb74db42bd7108fff3c0bbe21907a50cd26e9df90ac
render-image/zephyr-candidate/zephyr/include/generated/zephyr/syscalls/log_ctrl.h	70603c6bc9b7442ca9cfe82a0fe3b96d0c32694d67f1b47dfa701a67c9b49739
render-image/zephyr-candidate/zephyr/include/generated/zephyr/syscalls/log_msg.h	c984a4da2d0e985d1bc585b9bdadf880f20b6c4f8745617eea6fd50dcd06509c
render-image/zephyr-candidate/zephyr/include/generated/zephyr/syscalls/maxim_ds3231.h	7ad16ea2d8f38e3f6c7c14fb86ccaab2881a69cd38ac137afaad3a4313009a31
render-image/zephyr-candidate/zephyr/include/generated/zephyr/syscalls/mbox.h	579e7240b2760f6b275bde67d6d9ae5980351ddfc54a3c82164bc86e4ac79a09
render-image/zephyr-candidate/zephyr/include/generated/zephyr/syscalls/mdio.h	ed61c2ab4e32821c65dc296fd1feb8c525e97e0d03482e7f9d3d1aee2b395924
render-image/zephyr-candidate/zephyr/include/generated/zephyr/syscalls/mspi.h	7ce9dcdd5453e23e13ea9bc315a7e273e955350b8889bedb95d87049cd076dfa
render-image/zephyr-candidate/zephyr/include/generated/zephyr/syscalls/mutex.h	d549a190df71da2b70661ee8c3ac9cfb0a9bfe7a22ef5c208be6e03cb0299e23
render-image/zephyr-candidate/zephyr/include/generated/zephyr/syscalls/net_if.h	02f2ced6cebaa2698f5569dd351593b9aeca0b40adf3fea0b2a7002a66470b08
render-image/zephyr-candidate/zephyr/include/generated/zephyr/syscalls/net_ip.h	712e7d878c6e770c01656daa8ae047d00ddf55e5f024f9175f7561e93a5e04e6
render-image/zephyr-candidate/zephyr/include/generated/zephyr/syscalls/nrf_qspi_nor.h	5779c41d175d7f8bc7d00134e99a68a4a2a05f777044881e04d5ba30f74edbe5
render-image/zephyr-candidate/zephyr/include/generated/zephyr/syscalls/opamp.h	9da088b9cf8fb143e0d51ca2cdeb95d85aef71e6bd9cc23efacfd7eee762a5e4
render-image/zephyr-candidate/zephyr/include/generated/zephyr/syscalls/peci.h	151415ddcf37ceddcb6541925798cf0eea8f31b04ea642566e20257c0b24d13b
render-image/zephyr-candidate/zephyr/include/generated/zephyr/syscalls/ps2.h	f7e5bd30f00902aa72cad2f6cfd341c2d8074a50805f7065ddd699a2398756ea
render-image/zephyr-candidate/zephyr/include/generated/zephyr/syscalls/psi5.h	1b46cfc34b500e5a87c27042f9a668332d83562eca26a4efde49f589577ed30e
render-image/zephyr-candidate/zephyr/include/generated/zephyr/syscalls/ptp_clock.h	f960f9018255ca61d93f95a7981e02e76dda14273c793043ce3c7989ee9aea09
render-image/zephyr-candidate/zephyr/include/generated/zephyr/syscalls/pwm.h	1b0f9a20a506c33be9cca2548e1eaa530029eab79f730a656e0e6c41838120bd
render-image/zephyr-candidate/zephyr/include/generated/zephyr/syscalls/random.h	ba5365c0d793d4e914f48e034dd459063031da327b3fc18bed6001b888a79bd5
render-image/zephyr-candidate/zephyr/include/generated/zephyr/syscalls/renesas_elc.h	a3bb082cec9e4426d578da862ccef63428d51a37b40ddd3b10c04241d0bfdcbd
render-image/zephyr-candidate/zephyr/include/generated/zephyr/syscalls/reset.h	d6eab4dee9a56d8c6608f8229e086152c6015d592487d16c661d54e0bd337377
render-image/zephyr-candidate/zephyr/include/generated/zephyr/syscalls/retained_mem.h	7d8df8be2525c952e2ad56440a300b38bfc43f31b5c0cac7d39ebd6c8479bf28
render-image/zephyr-candidate/zephyr/include/generated/zephyr/syscalls/rtc.h	143a6aa0d9907c2568a25ba70dc932ebe02042262f1aa95947e97443ca87a015
render-image/zephyr-candidate/zephyr/include/generated/zephyr/syscalls/rtio.h	f383056f2da335464f0e3497c3bb7f27135c7c4bdf0835cf0adab6046e8c26d9
render-image/zephyr-candidate/zephyr/include/generated/zephyr/syscalls/sdhc.h	64f12879aa0fb9e32d82059d08e116ee1fad8c8a11e0f93b5154a0a8357bdf4b
render-image/zephyr-candidate/zephyr/include/generated/zephyr/syscalls/sensor.h	c49ed2753c9d2924a16dcbedb1dcc884a6dfb543118dcf3886e1e5d77399194b
render-image/zephyr-candidate/zephyr/include/generated/zephyr/syscalls/sent.h	bf45ac4e6e4f1004ab3ca45d41993a0c949a6af6f62750812935bba3b910adf1
render-image/zephyr-candidate/zephyr/include/generated/zephyr/syscalls/sip_svc_driver.h	b079f272b9a0de110efcfe647aee704fa7b91811e7ca92f995153dff11b77f10
render-image/zephyr-candidate/zephyr/include/generated/zephyr/syscalls/smbus.h	693c9e52f9556b7b31f2b69027135c9c75480c6ecdd79e279893d1fa91a62dad
render-image/zephyr-candidate/zephyr/include/generated/zephyr/syscalls/socket.h	04f656e2c2a924fede7f3fdd3e8fd22b3d22a0f354e8da91c0ad8a46687ceba4
render-image/zephyr-candidate/zephyr/include/generated/zephyr/syscalls/socket_service.h	8e649e781d62e23317f3fd07ff990b5e00b7001ffacd509b950654e3a5a48d1c
render-image/zephyr-candidate/zephyr/include/generated/zephyr/syscalls/spi.h	5592670618eadb1cdf89178a32d13ae25a0c6c26af3716927b78d010b16cbfa9
render-image/zephyr-candidate/zephyr/include/generated/zephyr/syscalls/stepper.h	3cba5245cc69ea5ab91a994a0b79a4e7d72f5fb03d7c939ab573ec3a9611a4aa
render-image/zephyr-candidate/zephyr/include/generated/zephyr/syscalls/syscon.h	d3acfa810927e22d156c5db55cf8add60cfb8c9a0882dcb6b0eda75f3f7b4a0b
render-image/zephyr-candidate/zephyr/include/generated/zephyr/syscalls/tee.h	4529a75ff6853a66203775bdad7ac340cc3290873116a741287775617d67bb05
render-image/zephyr-candidate/zephyr/include/generated/zephyr/syscalls/time_units.h	b0418c9339b2e13b0ad006bb70833328dfdc3bb44aa381e0507a9447265c710c
render-image/zephyr-candidate/zephyr/include/generated/zephyr/syscalls/timeaware_gpio.h	2f7acaf08246e15fc417e2d50644aff187ce188b5fa7e6ee61b623a838d2d9a9
render-image/zephyr-candidate/zephyr/include/generated/zephyr/syscalls/uart.h	8917e9922ed5255152630ad632346cf46d808ed8f61083d71c828b7c7f13fb19
render-image/zephyr-candidate/zephyr/include/generated/zephyr/syscalls/updatehub.h	dbb43b3b5c64b5a34445c82e4b644af6e653c256a57b040470e3e76ad3f79e33
render-image/zephyr-candidate/zephyr/include/generated/zephyr/syscalls/usb_bc12.h	5f57307cb5461cccb0f83a4f41a7cf2d1a52340a5f7bd9b004d76265ee32370a
render-image/zephyr-candidate/zephyr/include/generated/zephyr/syscalls/w1.h	d1619893aff1838fb6ec50f554fe95bc5a0b39f8292d395b98a8d52be540dc79
render-image/zephyr-candidate/zephyr/include/generated/zephyr/syscalls/watchdog.h	8b92be702693388147db10b734417886e5f0249a12fd7fcf30694ee268bdcfdc
render-image/zephyr-candidate/zephyr/include/generated/zephyr/version.h	253d4b4769374e72a307902a3d743d22a02d5404b57bfbb5daf11c3050ddc04d
render-image/zephyr-candidate/zephyr/isr_tables.c	9807642cc15b5f6133091fc5a1abacc7d3ea3c145994f4fc3723f8be78175818
render-image/zephyr-candidate/zephyr/isr_tables_swi.ld	b8615c04f6ef48661afaaa61894cb0d2cdf0fe14ca0cfe1a338e72cd589d0320
render-image/zephyr-candidate/zephyr/isr_tables_vt.ld	b8615c04f6ef48661afaaa61894cb0d2cdf0fe14ca0cfe1a338e72cd589d0320
render-image/zephyr-candidate/zephyr/kconfig/sources.txt	be64d7e38ca7f1664d6c26e214989733ad86e9f384728f99c15fe12444359efe
render-image/zephyr-candidate/zephyr/kernel/CMakeFiles/kernel.dir/banner.c.obj	249b8e467399665727e08b9411cb0f8bd8b8352fcd521ddd8b6e292428d49282
render-image/zephyr-candidate/zephyr/kernel/CMakeFiles/kernel.dir/busy_wait.c.obj	f1b8d251e2240f1a7853ecc0de0e6331c27160a52a3ada5ae9a99b4c62601e9f
render-image/zephyr-candidate/zephyr/kernel/CMakeFiles/kernel.dir/condvar.c.obj	2091215dda224d5083a6138948e555625ed88ea240912004b3ad86a545c4b87e
render-image/zephyr-candidate/zephyr/kernel/CMakeFiles/kernel.dir/device.c.obj	dd6062cc4d1b7fe368bc2e6c2dae7438261b5f6aa6d2a723eedfd7fcec25b817
render-image/zephyr-candidate/zephyr/kernel/CMakeFiles/kernel.dir/dynamic_disabled.c.obj	7b6e64db7eb2b59793d76f2a00ec2753822eb5b2c65150c0d20d0e549d3d428b
render-image/zephyr-candidate/zephyr/kernel/CMakeFiles/kernel.dir/errno.c.obj	b91722d23201dbb6ad1935f7c7a58c5cc25c0e8f35641f1d3918141a4886e89f
render-image/zephyr-candidate/zephyr/kernel/CMakeFiles/kernel.dir/fatal.c.obj	df006ec5ad28bb410a226affc28bc4e5547f28451e67ac100132998ba50a8ecc
render-image/zephyr-candidate/zephyr/kernel/CMakeFiles/kernel.dir/float.c.obj	4e7de02f6d0e489f2e8b1308bdf02e3ae439b3492ddde54353021b941bb40e8c
render-image/zephyr-candidate/zephyr/kernel/CMakeFiles/kernel.dir/idle.c.obj	d5f433fd6c211bd95138935e355cf7a89d81559ba4930185ae63c653cd191a50
render-image/zephyr-candidate/zephyr/kernel/CMakeFiles/kernel.dir/init.c.obj	7de50e859c7fbd9a5298812988b72196f4ce7758530a51bd5236a222ee4172d2
render-image/zephyr-candidate/zephyr/kernel/CMakeFiles/kernel.dir/kheap.c.obj	c3703ef7744c64e9864809d9c83aebb6e79d71843b437ffc7791dd17e0540338
render-image/zephyr-candidate/zephyr/kernel/CMakeFiles/kernel.dir/mailbox.c.obj	a9a8c7bbbd09d926bd518bc4300e1c4b3253006a2e40e9ea30e3dc6b6a4bf605
render-image/zephyr-candidate/zephyr/kernel/CMakeFiles/kernel.dir/main_weak.c.obj	0b7a1136169f2d41d2a904660879ced86b69f17347a5c95b733d92b774b47d5f
render-image/zephyr-candidate/zephyr/kernel/CMakeFiles/kernel.dir/mem_slab.c.obj	1a786d8f08a04136fddf9ddb1d01c9c19709f63b471e53399926953cc0e0abe8
render-image/zephyr-candidate/zephyr/kernel/CMakeFiles/kernel.dir/mempool.c.obj	0b24456c76d87d09c4c0f0f7ed87ae83888f3bf91c89e5c393ad609818a86fb8
render-image/zephyr-candidate/zephyr/kernel/CMakeFiles/kernel.dir/msg_q.c.obj	796e2b1171e8cb60bcf01b39ed66dbddced17eead0a3c34cd3e7337427eee92b
render-image/zephyr-candidate/zephyr/kernel/CMakeFiles/kernel.dir/mutex.c.obj	2224a824cdb55d9b64dc1f413f25b09dd61adffaba5d0d2d42bd79115e4c9853
render-image/zephyr-candidate/zephyr/kernel/CMakeFiles/kernel.dir/pipe.c.obj	cc970497312d1e4d351d9a3b18f8a8d20539d3029c86f009b532116f2d5f9886
render-image/zephyr-candidate/zephyr/kernel/CMakeFiles/kernel.dir/queue.c.obj	59cd660c6569b4c3fff8118c667ac3abef01f5916bce8708e60d3686f5e872e3
render-image/zephyr-candidate/zephyr/kernel/CMakeFiles/kernel.dir/sched.c.obj	2f1aeff11b3238d27f541197cc136cc6a5fc336dd479425b0ff67698e495e9ab
render-image/zephyr-candidate/zephyr/kernel/CMakeFiles/kernel.dir/sem.c.obj	b864991c6f8bd749aa5aef6438be82f1998cffc01aef3bd825e831c634d3d9f3
render-image/zephyr-candidate/zephyr/kernel/CMakeFiles/kernel.dir/stack.c.obj	c78df7e4b6866bc6fd8fafaf8f069e9c3bb8c34986e44fd6bbfeca2b2b3666fa
render-image/zephyr-candidate/zephyr/kernel/CMakeFiles/kernel.dir/system_work_q.c.obj	98b6d2f332fff1b69b05111bf375ae5c7acb21b4a6c61d39cfcc189746a02b75
render-image/zephyr-candidate/zephyr/kernel/CMakeFiles/kernel.dir/thread.c.obj	3f37287f6b7d70fec16c71ae1f0aa8c7dde90f06658b2e66130dec79e1dcab2c
render-image/zephyr-candidate/zephyr/kernel/CMakeFiles/kernel.dir/timeout.c.obj	2899ad0fc67018f0069cfba596a7bb4dc3edf1b3597a8894386bb68d52d612cf
render-image/zephyr-candidate/zephyr/kernel/CMakeFiles/kernel.dir/timer.c.obj	650f486503e7c068cf0d412622015e64d0d5ab54d60a8b3619ac10ad6c3f23ae
render-image/zephyr-candidate/zephyr/kernel/CMakeFiles/kernel.dir/timeslicing.c.obj	237074c26ff580dc5715e0adb4bf8dc81777db54eb43c4cc0985fc60bb1debb0
render-image/zephyr-candidate/zephyr/kernel/CMakeFiles/kernel.dir/version.c.obj	c4e29e876fa14bf751773969553a95dfb31752f7e994ddd20323aa030645300c
render-image/zephyr-candidate/zephyr/kernel/CMakeFiles/kernel.dir/work.c.obj	543aa4480dab726ac353a85033df8a0c021f19e3e581915cdc6351fd81b6b7b6
render-image/zephyr-candidate/zephyr/kernel/cmake_install.cmake	3a038dd812f00aab7c2f8900db745342438d38bc86212cc831acaef506e4c6a5
render-image/zephyr-candidate/zephyr/kernel/libkernel.a	184475d81c33d244b031c7a1b989c42e044546040db9b62a32651e5bf02d967a
render-image/zephyr-candidate/zephyr/lib/cmake_install.cmake	3e09c8dc52da85db77dea2b2d343f7a6a7de6d21ba5a363d68ee4e2f0ab6ff83
render-image/zephyr-candidate/zephyr/lib/hash/cmake_install.cmake	927f99dd7b95f9db30b4c4b8826fcc6b49e019e603bdd005548904397eb920fd
render-image/zephyr-candidate/zephyr/lib/heap/cmake_install.cmake	55675295e8983f4d170f5e598b0a4b2c8cbf2e2a742fa1cf26b5523a538105f8
render-image/zephyr-candidate/zephyr/lib/libc/cmake_install.cmake	74d853b01af5e1804eede751ef3b1041686d71dbe470510fa80628ad8cb16af2
render-image/zephyr-candidate/zephyr/lib/libc/common/CMakeFiles/lib__libc__common.dir/source/stdlib/abort.c.obj	d6c44e899ecc48dde8a5f18a4b432cae5a22eb5fb93283b3151c760857ca4b02
render-image/zephyr-candidate/zephyr/lib/libc/common/CMakeFiles/lib__libc__common.dir/source/stdlib/malloc.c.obj	4687fb0cf0a71c150c86aa81b2178c9f270d1838ce2c51ef62e6e1f737ef327f
render-image/zephyr-candidate/zephyr/lib/libc/common/CMakeFiles/lib__libc__common.dir/source/time/time.c.obj	6d63003f3d1a095de13826b0354aaa4f7c09d73e0dcf8c5783663c2749b6126b
render-image/zephyr-candidate/zephyr/lib/libc/common/cmake_install.cmake	1d5207da4195fcb1aee9606961c8392421d9b8f146791ca11930994e9acfe716
render-image/zephyr-candidate/zephyr/lib/libc/common/liblib__libc__common.a	d044325898db6ed6f9369d414c8dded8383a9deccda5fe49d97407d5403a81c7
render-image/zephyr-candidate/zephyr/lib/libc/picolibc/CMakeFiles/lib__libc__picolibc.dir/assert.c.obj	6ad8eb435cd2be1f1e2203e27e32b08708a4132bb4feb41b4c91e03ffb19f4a6
render-image/zephyr-candidate/zephyr/lib/libc/picolibc/CMakeFiles/lib__libc__picolibc.dir/cbprintf.c.obj	d08cc5f86c882bafd71baf787c014afd4d16d05367e32a95424ab879a82a1387
render-image/zephyr-candidate/zephyr/lib/libc/picolibc/CMakeFiles/lib__libc__picolibc.dir/chk_fail.c.obj	6380f135c6ada8cb05565cc71b59b7fddd60a16af0fd189deac3196c648908e6
render-image/zephyr-candidate/zephyr/lib/libc/picolibc/CMakeFiles/lib__libc__picolibc.dir/errno_wrap.c.obj	cafb8ea773057d625ab1fb2e229ff5f7e6b0a37022d31544019774b2137245e5
render-image/zephyr-candidate/zephyr/lib/libc/picolibc/CMakeFiles/lib__libc__picolibc.dir/exit.c.obj	bb3f8da051d2d14bf8db53ee166197d42417cd1de96a0ef67e672a9dbab307cd
render-image/zephyr-candidate/zephyr/lib/libc/picolibc/CMakeFiles/lib__libc__picolibc.dir/locks.c.obj	dbb3a822647f67f336c29d4c0f4fa2a39d026bdec2b86489cf62b4e80d84ccbb
render-image/zephyr-candidate/zephyr/lib/libc/picolibc/CMakeFiles/lib__libc__picolibc.dir/stdio.c.obj	37c5760a2cb70d6ca4317a4025829a456cf3e6b61fbdf96523613a60d7cbb219
render-image/zephyr-candidate/zephyr/lib/libc/picolibc/cmake_install.cmake	f2da7fb1950d899a9135db243bc395fd37d7178a7a7092ac891a0e06581c3a25
render-image/zephyr-candidate/zephyr/lib/libc/picolibc/liblib__libc__picolibc.a	c88004724b454cb0edd663008267047af9a7871cdf843abe753dbc96ae32df70
render-image/zephyr-candidate/zephyr/lib/mem_blocks/cmake_install.cmake	64de163eee01bfb8444ef167df97b995b47e80c4090ef9114d08b504a1ad9f8e
render-image/zephyr-candidate/zephyr/lib/midi2/cmake_install.cmake	e2889d935d8dbdb7c889d2861f1e4cc93e454d3cabbe9792f5e6d57f85bcdb3b
render-image/zephyr-candidate/zephyr/lib/os/cmake_install.cmake	89c5b94b6775dbe1483b201d5fae815311d46f78643c7f54fb9eb876d60b479a
render-image/zephyr-candidate/zephyr/lib/posix/c_lang_support_r/cmake_install.cmake	19ab0d50ff65e8f092a2d0e5d9e1b9270934b2feb380f2330e4ceed79dcc9c6c
render-image/zephyr-candidate/zephyr/lib/posix/c_lib_ext/CMakeFiles/lib__posix__c_lib_ext.dir/fnmatch.c.obj	1d1752932070fb98afa9aaf9d4f5c94aa3f125c9f40eeb8c3031ee492bc202a4
render-image/zephyr-candidate/zephyr/lib/posix/c_lib_ext/CMakeFiles/lib__posix__c_lib_ext.dir/getentropy.c.obj	d89c92d28a67e534c401daab8a28660b3e5da1b8cb05df88c4162de7df968bdd
render-image/zephyr-candidate/zephyr/lib/posix/c_lib_ext/CMakeFiles/lib__posix__c_lib_ext.dir/getopt/getopt.c.obj	a83ed43e733b114ce3bf4258b6c1434e5372a4f6120f3627cf1279087d28878f
render-image/zephyr-candidate/zephyr/lib/posix/c_lib_ext/CMakeFiles/lib__posix__c_lib_ext.dir/getopt/getopt_common.c.obj	e5b9ad6719b8420fec829591b09a69a5baf24c50411b51b101680909a01815a3
render-image/zephyr-candidate/zephyr/lib/posix/c_lib_ext/cmake_install.cmake	19aca3749956df6ba9d9932a70e7f0cfe272551363f15d9b8b3480f8487b68e2
render-image/zephyr-candidate/zephyr/lib/posix/c_lib_ext/liblib__posix__c_lib_ext.a	0afdc7177b6056762c7468ac00287f71db3c9b511b6a98aefd1527fcc0335360
render-image/zephyr-candidate/zephyr/lib/posix/cmake_install.cmake	a8342d98484c320982ee5e0560908611ad8e573c17ce2082ca4d658df26226d8
render-image/zephyr-candidate/zephyr/lib/utils/cmake_install.cmake	9e6dab19e31a99d2c8d90c3983fb39c68f45476867218ea65d825589feffc250
render-image/zephyr-candidate/zephyr/lib/uuid/cmake_install.cmake	1b646443548b502342eea441d0569fb94cb376b7440bb92d5ba19393856c0627
render-image/zephyr-candidate/zephyr/libzephyr.a	9689368c75571fcea9d469682490b19e53d8f903f804c44317b7da5f8044b8d0
render-image/zephyr-candidate/zephyr/linker.cmd	57225cd7e34a4e024706bcdb619ce91734334bbe98b9ec3307e4d9930bd39400
render-image/zephyr-candidate/zephyr/linker.cmd.dep	69d8c1f596fa2cd9ad3bf682bf31b30a6840fa8611b2ded0ef459202a742c398
render-image/zephyr-candidate/zephyr/linker_zephyr_pre0.cmd	20fada1c15f6decb22d94c1587634b08d7a280247f8c93f018fa6efbb2e999e1
render-image/zephyr-candidate/zephyr/linker_zephyr_pre0.cmd.dep	ca31185b25022ff01b0770addfc883becd1dea5c6ab6bca642f052577d7595db
render-image/zephyr-candidate/zephyr/misc/generated/configs.c	eb7b3c016de48e1a013e4ceb593d146921ae74eb603f2bfab3ae5018b2f41bd8
render-image/zephyr-candidate/zephyr/misc/generated/struct_tags.json	be1955497c3430f67eef51bf8a83c6d2febcdcf4898e4838fc18d0660046470c
render-image/zephyr-candidate/zephyr/misc/generated/syscalls.json	924d1bced514cf5704881ba1a7d51a3dae003eb2e37a91eccfd4c1e56818d4bf
render-image/zephyr-candidate/zephyr/misc/generated/syscalls_file_list.txt	622347c5d668b9753c1c1c70affa958e45793e51e91f0405814c0e9de249af03
render-image/zephyr-candidate/zephyr/misc/generated/syscalls_subdirs.trigger	e3b0c44298fc1c149afbf4c8996fb92427ae41e4649b934ca495991b7852b855
render-image/zephyr-candidate/zephyr/misc/generated/syscalls_subdirs.txt	dfc9477726343d11260fd140d6c83d303989e7300af8b9e5fe8f3094a0bfc39c
render-image/zephyr-candidate/zephyr/runners.yaml	c9b0d084ae7ea4a43027b51e2ed0f0fa810794ff46d8d908d7e62d1054758aad
render-image/zephyr-candidate/zephyr/snippets_generated.cmake	831e032c1e9bd0b77d6ea7198843ba55f06beba8275bf860b9ffb047451684a3
render-image/zephyr-candidate/zephyr/soc/cmake_install.cmake	489b3beae27a6ba6a50c59336c7dd9f3e89cac99df13fecd77e4f1a96c6159d2
render-image/zephyr-candidate/zephyr/soc/common/cmake_install.cmake	bfb7bbb37d66cd53c5037d0ad44aedd68a5c8dd542312192d9fb9eacfe25aced
render-image/zephyr-candidate/zephyr/soc/soc/nrf52840/CMakeFiles/soc__nordic.dir/common/reboot.c.obj	91e0c30a36c3aea3ff43a9bd51fc4ed04795cc47502763fd35a6087bc41e5704
render-image/zephyr-candidate/zephyr/soc/soc/nrf52840/CMakeFiles/soc__nordic.dir/nrf52/soc.c.obj	3e9b7c785b737dd5b5efd03e41711173c71ce51dea4cd595cc6922c5eaca31a9
render-image/zephyr-candidate/zephyr/soc/soc/nrf52840/CMakeFiles/soc__nordic.dir/validate_base_addresses.c.obj	a0266a6eabab0094cb9a0a579a7e6fe28501bb28719daa817a634a6d5897d42a
render-image/zephyr-candidate/zephyr/soc/soc/nrf52840/CMakeFiles/soc__nordic.dir/validate_binding_headers.c.obj	d067fa4ca0eee35829dbd7d824e0291c7c00bbdb2745030a02cd0c9b497e3a34
render-image/zephyr-candidate/zephyr/soc/soc/nrf52840/CMakeFiles/soc__nordic.dir/validate_enabled_instances.c.obj	ee0cd197c06ed9689a53f27237d35d30032a5d364e1e7074c06d3e27db8eeae2
render-image/zephyr-candidate/zephyr/soc/soc/nrf52840/cmake_install.cmake	17b24c671c42773e23ad6dfbcc1d84747c4d2c976bd5444cdc625235624ffeef
render-image/zephyr-candidate/zephyr/soc/soc/nrf52840/common/cmake_install.cmake	1cd2f28df38fdffbe90ab86d4e8d607d65c8e54325278ccf4ec9eb3be96220cf
render-image/zephyr-candidate/zephyr/soc/soc/nrf52840/common/uicr/cmake_install.cmake	38e2d8865fa77eee6b1b6c84e7da4a5d329aa79bb49485594d9a23ef773120a6
render-image/zephyr-candidate/zephyr/soc/soc/nrf52840/libsoc__nordic.a	e4386643f6f0149421f1d41822ade63856b4b24cf1ab6a6d7f1418996801c9b8
render-image/zephyr-candidate/zephyr/soc/soc/nrf52840/nrf52/cmake_install.cmake	089e619ad44c2c2f672888bd02e91e66e0ead8509fa764d77959516195604284
render-image/zephyr-candidate/zephyr/subsys/canbus/cmake_install.cmake	99876b7a5a8ce1ea7c4269f61d3780a142ad3a45b730da95472a9e28779da272
render-image/zephyr-candidate/zephyr/subsys/cmake_install.cmake	5ad7dc0daefd47c5b6c28e03a4edcd1780c9eff75fef0027e921ab061ab598a1
render-image/zephyr-candidate/zephyr/subsys/debug/cmake_install.cmake	31d6ce4d10b9042ce033cf02773e17f378e069dad08d41ccb54fe9d7c0a5f32d
render-image/zephyr-candidate/zephyr/subsys/fb/cmake_install.cmake	b926ac50651bcf54271a6e50220cc270827bf57367b74c21e720f61f0eea2620
render-image/zephyr-candidate/zephyr/subsys/fs/cmake_install.cmake	c4dfcda42d08ba69807b55048a3a7e1a1e6b4bbec611e189d7096a4ffc66946a
render-image/zephyr-candidate/zephyr/subsys/gnss/cmake_install.cmake	2b6cc631999af35a04b472ffd2cf0a32fc75199ec9c85e0efb022556da591608
render-image/zephyr-candidate/zephyr/subsys/instrumentation/cmake_install.cmake	7f277523e0330531a635cdcf4fe040bc9da2036ab50c82e5718ecec13f9b2b77
render-image/zephyr-candidate/zephyr/subsys/ipc/cmake_install.cmake	75b4ed7e25d26aaf27b54dcd67cbb3cf743bb389e1ecb5409313c97de2a60ede
render-image/zephyr-candidate/zephyr/subsys/logging/backends/cmake_install.cmake	4123346183f355515fab13c0995ee34a784c1d0330a4291b99aad3f579db7833
render-image/zephyr-candidate/zephyr/subsys/logging/cmake_install.cmake	fc80f95f7795d1d75fe0b84342678fee43ce5a4b05715d04d6888bc2c4abe4e1
render-image/zephyr-candidate/zephyr/subsys/logging/frontends/cmake_install.cmake	fd9dc64f1c278f830b48fe388e9a7133539b6b4759fb2fb4f5b62cfbc5286afb
render-image/zephyr-candidate/zephyr/subsys/mem_mgmt/cmake_install.cmake	bef24de57f13e19a929df617d9c1e04c954d34f156a1c4704e3adc2aa49c75a4
render-image/zephyr-candidate/zephyr/subsys/mgmt/cmake_install.cmake	7107a0d709aaae8e8f8ebc0d74a3ee09bb7153ae51b2fee5292b7e44990214a8
render-image/zephyr-candidate/zephyr/subsys/modbus/cmake_install.cmake	d8a5050d9d51bbd002a14e9e4807ddb107f50f8d5d979c802510d76ac5c78862
render-image/zephyr-candidate/zephyr/subsys/pm/cmake_install.cmake	bccab3a113f05a272b73967233af2fda2c6b2c63c50ba95eaedd3a1597b99ac9
render-image/zephyr-candidate/zephyr/subsys/pm/policy/cmake_install.cmake	49a44e0e3788c1eba74371a6c2f43f02f4eeb3615803de14eb8d64a29267c5a8
render-image/zephyr-candidate/zephyr/subsys/pmci/cmake_install.cmake	13bb1fb72a8cf1b29a4610913dd5363387da3e135d5b9d747978f24b49fd1b74
render-image/zephyr-candidate/zephyr/subsys/portability/cmake_install.cmake	1c178c9246c89aa1e162d5fc99687344afce97a3dcc081ab2f556a2cba094b85
render-image/zephyr-candidate/zephyr/subsys/random/cmake_install.cmake	cb694f0889f4ef4a3ad60f30f331c8790213b2466ee46829b50cfb6f0b01f0d3
render-image/zephyr-candidate/zephyr/subsys/rtio/cmake_install.cmake	4047995ee12d41a992f85b60caf23c2f8a67f90155e4555a5a6afcc5688ce7ed
render-image/zephyr-candidate/zephyr/subsys/sd/cmake_install.cmake	9bfeca9fe74ae58a3f42b04b7e1408ff0f8f95716a41a2a3388f62ae09edb6d4
render-image/zephyr-candidate/zephyr/subsys/stats/cmake_install.cmake	754dbadbb96744c880866b2c2034aaf5d0e891676e2b3b36d7e9040ddf653710
render-image/zephyr-candidate/zephyr/subsys/storage/cmake_install.cmake	fdd623a3546b5aacaf8b7f1a311079021211ee694f32e908aabd1eaea7b5a2b7
render-image/zephyr-candidate/zephyr/subsys/task_wdt/cmake_install.cmake	5480212f96580d787970ffb953d0f6131b4f693e30bdd95845bf6eb73df52682
render-image/zephyr-candidate/zephyr/subsys/testsuite/cmake_install.cmake	477581b89ba12cc356490cd5d139b8c9025a2689a8d6d5e866413df0f79a5966
render-image/zephyr-candidate/zephyr/subsys/tracing/cmake_install.cmake	a9e24f999cc37fc529e848b79a1d88864f1d48283719ba7d290cdbfecbc7680d
render-image/zephyr-candidate/zephyr/subsys/usb/cmake_install.cmake	2b4f3bb430df85f98f34567568bd0a8ee03368c3b20b58f25b2cce66bf99e3df
render-image/zephyr-candidate/zephyr/syscall_weakdefs_llext.c	7d70f19903ab82dc62c5a3e7ca58f858734009fa220fe11809eadc300f3db16d
render-image/zephyr-candidate/zephyr/zephyr.bin	f8dc1550184587a8e3af671d01f0c61ca1082f6c07d9dffe9403b7322f1764c0
render-image/zephyr-candidate/zephyr/zephyr.dts	ab856f2e1c1942f3f4d9d997ed3a062c54e5b2012db5100ae49001705f6f0cea
render-image/zephyr-candidate/zephyr/zephyr.dts.d	e5dc41f6fbe53c2c9e12b48515642cb5d19bb9e32a36f222f37b39f3df52f555
render-image/zephyr-candidate/zephyr/zephyr.dts.pre	f8fc55ceec28d4f00d61f9cc02851007b6ccdbcaef38a43f109df8634cb49066
render-image/zephyr-candidate/zephyr/zephyr.elf	1165d01b662835b4f15f620100552c77e694960d9209c6fc1afd66f8b531ea78
render-image/zephyr-candidate/zephyr/zephyr.hex	41aa1d7804a93b8918e6782584454d993cf40e200132f9c2399f65dfb8b06bc8
render-image/zephyr-candidate/zephyr/zephyr.map	4054901cbcc7ea4d75e1db246bee5b58d0c9241638d6c241a39bc2ec4896d92c
render-image/zephyr-candidate/zephyr/zephyr.stat	fbc66c5734255e4623449d133c4489f734766b3963f9f8ad343ea81ada2fb67c
render-image/zephyr-candidate/zephyr/zephyr_final.map	4054901cbcc7ea4d75e1db246bee5b58d0c9241638d6c241a39bc2ec4896d92c
render-image/zephyr-candidate/zephyr/zephyr_pre0.elf	20ef9a4155ae2e47f34e0abeba2f4378a5e9628a9700b70d62fab197b9b20247
render-image/zephyr-candidate/zephyr/zephyr_pre0.map	9ec067bd72bf3eafd005e6cff7867b6a9fa866fe75092e0d74d9d0371ca178c0
render-image/zephyr-candidate/zephyr_modules.txt	4e59cebd26002c9ab63342ba0a3d9f8910dca953c73b5e054079e400033ccafa
render-image/zephyr-candidate/zephyr_settings.txt	ee1ccb96f462d4c661e81d5410888314870a52bd71b57701b5f7a46aa95a1d49
required-evidence.tsv	2ec0bb73e0fb58eb778e5810fe86c25b84fa089c1863d154159cf9356443704b
run.log	d36374ce9a9c353e228329da0a2cb389c9b200f9a4cff71f90b65244869217bc
value-layouts/commands.txt	ad5374b5fbe910f3f0685f5baa8487a1888259f6394b2d02939ba5672b54a711
value-layouts/identity.tsv	25faf5486e0993e1d0703e9bb1fcc75d9d47208a9586a1220ee47f98cc186ffe
value-layouts/module-cache/2OQONTZ2QE5F9/SwiftShims-1HKQZ1XPHECUE.pcm	0b7385dbf92acd24117f93930dbc599db8ca9838fa45102d043645d30a841fa0
value-layouts/module-cache/modules.timestamp	e3b0c44298fc1c149afbf4c8996fb92427ae41e4649b934ca495991b7852b855
value-layouts/modules/GiftUI.swiftdoc	4056c4e7845f1fbf2e5e617944b3a68e55d9312db94e1017a68bf72aa875bddf
value-layouts/modules/GiftUI.swiftmodule	2334d118b7b20723ef9b508ebbcf1668cee295269c7390b3f3748f78d1f4419f
value-layouts/modules/GiftUI.swiftsourceinfo	e45cfd864b5352b492971ed3e48074e55baed3687f437d5d2be5dcddb986603a
value-layouts/modules/GiftUIRenderCore.swiftdoc	1a26069d6652f8960a1c9082894cbfb34cdd211bc4cbc661fb1a97fb20b33859
value-layouts/modules/GiftUIRenderCore.swiftmodule	f93580f85d19bd7d416494d6a19339b2eb3826786da9f6a952dd7ba56b45e98e
value-layouts/modules/GiftUIRenderCore.swiftsourceinfo	072a5fb2dc7c1959989a992ca40a4069e492d8bdddbea6902567bab9fff4823f
value-layouts/modules/GiftUIRenderLowering.swiftdoc	ba817c91801c41685940234a4ef6901d12d9fb1bfc0e59e8d90248bf704f7e3a
value-layouts/modules/GiftUIRenderLowering.swiftmodule	d695de86da4931902f6796560ae5e4c077dd28b321686847a930a832735528b2
value-layouts/modules/GiftUIRenderLowering.swiftsourceinfo	147304304a3318949473a3a4fdda32409abf19564eb59ec4970cfe524a4a60b1
value-layouts/modules/GiftUITextResources.swiftdoc	d8b0c752ef6116fa5b12f16373f6d1bac8056209ff672a25d362a8c6ba3ff32e
value-layouts/modules/GiftUITextResources.swiftmodule	ae8ac007ea6d6d3a0503d1afa269b94381ce203515f0b7e07fda293a950cf709
value-layouts/modules/GiftUITextResources.swiftsourceinfo	fde33d2f3b213bcd5c5a7ee90cd4c8bdfdd238d3ac535399951623d7d2da7715
value-layouts/render-value-layouts.ll	2fc7bf7d9b1772c8e83c24a94066d046a872619fb8a73fe303309facd444e262
value-layouts/render-value-layouts.tsv	a486bdecfbc66d12c241a228b3abf2cd5a37c088374b68c6ad551c9ba65bb51a
