armv6-evidence/allocation.tsv	4e10eb8c7cd0874e5f53fbf37cda78e65f08be30402384207f30e67931856812
armv6-evidence/backend-probe	31b0cef942da07fd509aecfdd5a0f37b397f3f51d54d73d136ffdd37362004b4
armv6-evidence/backend-probe.map	5e39ff94fd3607a47b18109ddcbc5a8d103c4e460dceeece22c919bb98d1c857
armv6-evidence/backend-resource.ll	b2fcc438d6658541a2b26486ea5410bebc2d949a49f9b6f490df9bcf72ae6fe9
armv6-evidence/baseline	62c0789f971f895d654d4209e1e12cf68afcd41664cacefb2985e538b327bf7b
armv6-evidence/baseline.map	185adf2edad7cbbd9b54c5f75c2d8f0113b688d832d82c311ea14ccbbe035d7d
armv6-evidence/commands.txt	d868616ef77914eca95b29e7faed091d530c8d58c4433742f93f74fdeeaf9412
armv6-evidence/declarations/backend-resource-probe.ll	3fa25343971445918efdf5ce43f5388525ea1302fb08faa3fcb633244241ce95
armv6-evidence/declarations/backend-value-layouts.ll	8496ff956f822d68698fac54c490f0667d48017ed4071bac261e00b56f9c311e
armv6-evidence/declarations/backend-value-layouts.tsv	93c9e65f5754c23cbb05ee2bbf7e79c4aacf2f56a50584fc53966d05f173960f
armv6-evidence/declarations/commands.txt	28eaef12a5196f309d56e916db211284625dbc2a3ad819c428a599e29bddbc5f
armv6-evidence/declarations/compile-results.tsv	e56f67a771e8091b019758546b92292c4df83d16bd73828502f91cf3fe93b665
armv6-evidence/declarations/fixtures/display-cannot-import-raster/modules/GiftUI.swiftdoc	1bdf9682c49505b3b35fdbdc6dd038268a660ce07c5cdf5e95a583f4acd78049
armv6-evidence/declarations/fixtures/display-cannot-import-raster/modules/GiftUI.swiftmodule	35b04b615fe6cdf829646f3834c1ac89c9fa9c20b261a1aa160ce053bbe5bec2
armv6-evidence/declarations/fixtures/display-cannot-import-raster/modules/GiftUI.swiftsourceinfo	a4c100934b7a203cbc2c3297d2ac48f30a44d0bde8c8336ffc1a528b515cdd09
armv6-evidence/declarations/fixtures/display-cannot-import-raster/modules/GiftUICapabilities.swiftdoc	e9bb0c79a10a696a9837476c1db6b3ba688414c807593fa567f37abb767b9238
armv6-evidence/declarations/fixtures/display-cannot-import-raster/modules/GiftUICapabilities.swiftmodule	46801266d3a021145daf0f3259180d3668bd5d1df86d979d6643e5006eec012a
armv6-evidence/declarations/fixtures/display-cannot-import-raster/modules/GiftUICapabilities.swiftsourceinfo	fdd1476461c7dc0be2dedf7eb21996b11dde37235bacc9c23cabed451df3b236
armv6-evidence/declarations/fixtures/display-cannot-import-raster/modules/GiftUIDisplayCore.swiftdoc	1fa0ef4e32412a4924ffd2590bdf58532b5732e2390d6c1537e71eb63d8fa10b
armv6-evidence/declarations/fixtures/display-cannot-import-raster/modules/GiftUIDisplayCore.swiftmodule	e9587385a7f7d4868b6c95483fda181474f5dedb8201166d06ab4f3056c1151d
armv6-evidence/declarations/fixtures/display-cannot-import-raster/modules/GiftUIDisplayCore.swiftsourceinfo	f6e3cfee9ec727c4812498d891d8ad6ebb2714989343fb7bb8abc69b21635bdc
armv6-evidence/declarations/fixtures/display-cannot-import-raster/modules/GiftUIFailureCore.swiftdoc	a1cfbf39026b8bfb65f21f68b5c53fcc651aa0f2ac5380154e27176d6584bd1b
armv6-evidence/declarations/fixtures/display-cannot-import-raster/modules/GiftUIFailureCore.swiftmodule	0657abbba14256f84f03ea13f30d5096aa7bfd396a6aed1273ae2653a8d4b05a
armv6-evidence/declarations/fixtures/display-cannot-import-raster/modules/GiftUIFailureCore.swiftsourceinfo	83f339c44c7ee5c473f60472df2eb1dce99bcadb780813a887ead4ecae62e589
armv6-evidence/declarations/fixtures/display-cannot-import-raster/modules/GiftUIRenderCore.swiftdoc	e4cb8b558e18ac406d8884e8b2bc60abc9418abefb3d8fe3247e686cdaf50c19
armv6-evidence/declarations/fixtures/display-cannot-import-raster/modules/GiftUIRenderCore.swiftmodule	9c6932f045470eeeea671709a6ca6091391e0f09687843da9ace0ac8ac68a050
armv6-evidence/declarations/fixtures/display-cannot-import-raster/modules/GiftUIRenderCore.swiftsourceinfo	f1cb5922f1fd34925d5654370fa6a695dee1310963e05c8100c1d4e55153a25a
armv6-evidence/declarations/fixtures/display-cannot-import-raster/modules/GiftUISurfaceCore.swiftdoc	965cf3a4e7849deca9bfc656b8f428fd3864212212fc9d49b716e9f3a7c7d549
armv6-evidence/declarations/fixtures/display-cannot-import-raster/modules/GiftUISurfaceCore.swiftmodule	d19c254788a42bea7939ead19eb6294bfc310e71b53e90f76935041807ec822e
armv6-evidence/declarations/fixtures/display-cannot-import-raster/modules/GiftUISurfaceCore.swiftsourceinfo	4fb5f0b0c2bd10ecf09a94b9771c293a93c76d6c030daefbb79e11d0b12f95a8
armv6-evidence/declarations/fixtures/display-cannot-import-raster/modules/GiftUITextResources.swiftdoc	4344bf49e525242f60bbde730e5b74bddbfbe19a83f93fa70b2b9039e7fa5774
armv6-evidence/declarations/fixtures/display-cannot-import-raster/modules/GiftUITextResources.swiftmodule	9272ddb2bf99f619376a1245017213a2e7c3a20646a42847662a617c2e3323aa
armv6-evidence/declarations/fixtures/display-cannot-import-raster/modules/GiftUITextResources.swiftsourceinfo	0151f4c305320ec39264461998547bb0437b810520839602bff008b7b2b14c7b
armv6-evidence/declarations/fixtures/display-cannot-import-raster/stderr.txt	b4d8310a46b8ce8871ffd1a757550406b23055638830b2abd7df2d5800f3cbf9
armv6-evidence/declarations/fixtures/display-cannot-import-raster/stdout.txt	e3b0c44298fc1c149afbf4c8996fb92427ae41e4649b934ca495991b7852b855
armv6-evidence/declarations/fixtures/giftui-cannot-import-integration/modules/GiftUI.swiftdoc	1bdf9682c49505b3b35fdbdc6dd038268a660ce07c5cdf5e95a583f4acd78049
armv6-evidence/declarations/fixtures/giftui-cannot-import-integration/modules/GiftUI.swiftmodule	35b04b615fe6cdf829646f3834c1ac89c9fa9c20b261a1aa160ce053bbe5bec2
armv6-evidence/declarations/fixtures/giftui-cannot-import-integration/modules/GiftUI.swiftsourceinfo	a4c100934b7a203cbc2c3297d2ac48f30a44d0bde8c8336ffc1a528b515cdd09
armv6-evidence/declarations/fixtures/giftui-cannot-import-integration/stderr.txt	00004c5c105032953e5cad099cc9449540f7729cf9e08ff78dba28b3b4124a56
armv6-evidence/declarations/fixtures/giftui-cannot-import-integration/stdout.txt	e3b0c44298fc1c149afbf4c8996fb92427ae41e4649b934ca495991b7852b855
armv6-evidence/declarations/fixtures/integration-cannot-import-drawing/modules/GiftUI.swiftdoc	1bdf9682c49505b3b35fdbdc6dd038268a660ce07c5cdf5e95a583f4acd78049
armv6-evidence/declarations/fixtures/integration-cannot-import-drawing/modules/GiftUI.swiftmodule	35b04b615fe6cdf829646f3834c1ac89c9fa9c20b261a1aa160ce053bbe5bec2
armv6-evidence/declarations/fixtures/integration-cannot-import-drawing/modules/GiftUI.swiftsourceinfo	a4c100934b7a203cbc2c3297d2ac48f30a44d0bde8c8336ffc1a528b515cdd09
armv6-evidence/declarations/fixtures/integration-cannot-import-drawing/modules/GiftUIBackendIntegration.swiftdoc	58f2e86add9f79174835ee2b661b0a28acb8ffae0656d890feb2ef99a4f76407
armv6-evidence/declarations/fixtures/integration-cannot-import-drawing/modules/GiftUIBackendIntegration.swiftmodule	1400eeaee87aeaab0141b2de98304e549a74be0b7f51b3c99446367a879914cf
armv6-evidence/declarations/fixtures/integration-cannot-import-drawing/modules/GiftUIBackendIntegration.swiftsourceinfo	6e8860ca4b8c690f4a0082bb685bb23aa67f0e5829ca5ea6837e860d87fb7ced
armv6-evidence/declarations/fixtures/integration-cannot-import-drawing/modules/GiftUICapabilities.swiftdoc	e9bb0c79a10a696a9837476c1db6b3ba688414c807593fa567f37abb767b9238
armv6-evidence/declarations/fixtures/integration-cannot-import-drawing/modules/GiftUICapabilities.swiftmodule	46801266d3a021145daf0f3259180d3668bd5d1df86d979d6643e5006eec012a
armv6-evidence/declarations/fixtures/integration-cannot-import-drawing/modules/GiftUICapabilities.swiftsourceinfo	fdd1476461c7dc0be2dedf7eb21996b11dde37235bacc9c23cabed451df3b236
armv6-evidence/declarations/fixtures/integration-cannot-import-drawing/modules/GiftUIDisplayCore.swiftdoc	1fa0ef4e32412a4924ffd2590bdf58532b5732e2390d6c1537e71eb63d8fa10b
armv6-evidence/declarations/fixtures/integration-cannot-import-drawing/modules/GiftUIDisplayCore.swiftmodule	e9587385a7f7d4868b6c95483fda181474f5dedb8201166d06ab4f3056c1151d
armv6-evidence/declarations/fixtures/integration-cannot-import-drawing/modules/GiftUIDisplayCore.swiftsourceinfo	f6e3cfee9ec727c4812498d891d8ad6ebb2714989343fb7bb8abc69b21635bdc
armv6-evidence/declarations/fixtures/integration-cannot-import-drawing/modules/GiftUIExecution.swiftdoc	e8d2c43706064f04b89b67f6664d49fa0eb46910774ffca62d78f51c2b3e3b2f
armv6-evidence/declarations/fixtures/integration-cannot-import-drawing/modules/GiftUIExecution.swiftmodule	254f1ab5119d60c15f6f7d558d91d15762793d83d3a23f30660b0c7fd84cc454
armv6-evidence/declarations/fixtures/integration-cannot-import-drawing/modules/GiftUIExecution.swiftsourceinfo	f4de1864f4793f207d2965dc4056c525474a392ea470db7a2f919385e08a8939
armv6-evidence/declarations/fixtures/integration-cannot-import-drawing/modules/GiftUIFailureCore.swiftdoc	a1cfbf39026b8bfb65f21f68b5c53fcc651aa0f2ac5380154e27176d6584bd1b
armv6-evidence/declarations/fixtures/integration-cannot-import-drawing/modules/GiftUIFailureCore.swiftmodule	0657abbba14256f84f03ea13f30d5096aa7bfd396a6aed1273ae2653a8d4b05a
armv6-evidence/declarations/fixtures/integration-cannot-import-drawing/modules/GiftUIFailureCore.swiftsourceinfo	83f339c44c7ee5c473f60472df2eb1dce99bcadb780813a887ead4ecae62e589
armv6-evidence/declarations/fixtures/integration-cannot-import-drawing/modules/GiftUIRasterCore.swiftdoc	a0242702bc4bfb60db1acf0b257b9e17c1401ef2297c6929e647c86655a89d09
armv6-evidence/declarations/fixtures/integration-cannot-import-drawing/modules/GiftUIRasterCore.swiftmodule	1ce9771492239a2ce63e2b61bec8ab72ee227d49c99cb08b052a0f6af7312747
armv6-evidence/declarations/fixtures/integration-cannot-import-drawing/modules/GiftUIRasterCore.swiftsourceinfo	82fbd65de9d4dace254b1135c3cca6f48c7975b0a719dc48876da15665a96967
armv6-evidence/declarations/fixtures/integration-cannot-import-drawing/modules/GiftUIRenderCore.swiftdoc	e4cb8b558e18ac406d8884e8b2bc60abc9418abefb3d8fe3247e686cdaf50c19
armv6-evidence/declarations/fixtures/integration-cannot-import-drawing/modules/GiftUIRenderCore.swiftmodule	9c6932f045470eeeea671709a6ca6091391e0f09687843da9ace0ac8ac68a050
armv6-evidence/declarations/fixtures/integration-cannot-import-drawing/modules/GiftUIRenderCore.swiftsourceinfo	f1cb5922f1fd34925d5654370fa6a695dee1310963e05c8100c1d4e55153a25a
armv6-evidence/declarations/fixtures/integration-cannot-import-drawing/modules/GiftUISurfaceCore.swiftdoc	965cf3a4e7849deca9bfc656b8f428fd3864212212fc9d49b716e9f3a7c7d549
armv6-evidence/declarations/fixtures/integration-cannot-import-drawing/modules/GiftUISurfaceCore.swiftmodule	d19c254788a42bea7939ead19eb6294bfc310e71b53e90f76935041807ec822e
armv6-evidence/declarations/fixtures/integration-cannot-import-drawing/modules/GiftUISurfaceCore.swiftsourceinfo	4fb5f0b0c2bd10ecf09a94b9771c293a93c76d6c030daefbb79e11d0b12f95a8
armv6-evidence/declarations/fixtures/integration-cannot-import-drawing/modules/GiftUITextResources.swiftdoc	4344bf49e525242f60bbde730e5b74bddbfbe19a83f93fa70b2b9039e7fa5774
armv6-evidence/declarations/fixtures/integration-cannot-import-drawing/modules/GiftUITextResources.swiftmodule	9272ddb2bf99f619376a1245017213a2e7c3a20646a42847662a617c2e3323aa
armv6-evidence/declarations/fixtures/integration-cannot-import-drawing/modules/GiftUITextResources.swiftsourceinfo	0151f4c305320ec39264461998547bb0437b810520839602bff008b7b2b14c7b
armv6-evidence/declarations/fixtures/integration-cannot-import-drawing/stderr.txt	8f55ed216dc4f4d27ed7a2ff14bf1f86e641463b11665ddbd730870ad9e90e1b
armv6-evidence/declarations/fixtures/integration-cannot-import-drawing/stdout.txt	e3b0c44298fc1c149afbf4c8996fb92427ae41e4649b934ca495991b7852b855
armv6-evidence/declarations/fixtures/raster-cannot-import-display/modules/GiftUI.swiftdoc	1bdf9682c49505b3b35fdbdc6dd038268a660ce07c5cdf5e95a583f4acd78049
armv6-evidence/declarations/fixtures/raster-cannot-import-display/modules/GiftUI.swiftmodule	35b04b615fe6cdf829646f3834c1ac89c9fa9c20b261a1aa160ce053bbe5bec2
armv6-evidence/declarations/fixtures/raster-cannot-import-display/modules/GiftUI.swiftsourceinfo	a4c100934b7a203cbc2c3297d2ac48f30a44d0bde8c8336ffc1a528b515cdd09
armv6-evidence/declarations/fixtures/raster-cannot-import-display/modules/GiftUICapabilities.swiftdoc	e9bb0c79a10a696a9837476c1db6b3ba688414c807593fa567f37abb767b9238
armv6-evidence/declarations/fixtures/raster-cannot-import-display/modules/GiftUICapabilities.swiftmodule	46801266d3a021145daf0f3259180d3668bd5d1df86d979d6643e5006eec012a
armv6-evidence/declarations/fixtures/raster-cannot-import-display/modules/GiftUICapabilities.swiftsourceinfo	fdd1476461c7dc0be2dedf7eb21996b11dde37235bacc9c23cabed451df3b236
armv6-evidence/declarations/fixtures/raster-cannot-import-display/modules/GiftUIRasterCore.swiftdoc	a0242702bc4bfb60db1acf0b257b9e17c1401ef2297c6929e647c86655a89d09
armv6-evidence/declarations/fixtures/raster-cannot-import-display/modules/GiftUIRasterCore.swiftmodule	1ce9771492239a2ce63e2b61bec8ab72ee227d49c99cb08b052a0f6af7312747
armv6-evidence/declarations/fixtures/raster-cannot-import-display/modules/GiftUIRasterCore.swiftsourceinfo	82fbd65de9d4dace254b1135c3cca6f48c7975b0a719dc48876da15665a96967
armv6-evidence/declarations/fixtures/raster-cannot-import-display/modules/GiftUIRenderCore.swiftdoc	e4cb8b558e18ac406d8884e8b2bc60abc9418abefb3d8fe3247e686cdaf50c19
armv6-evidence/declarations/fixtures/raster-cannot-import-display/modules/GiftUIRenderCore.swiftmodule	9c6932f045470eeeea671709a6ca6091391e0f09687843da9ace0ac8ac68a050
armv6-evidence/declarations/fixtures/raster-cannot-import-display/modules/GiftUIRenderCore.swiftsourceinfo	f1cb5922f1fd34925d5654370fa6a695dee1310963e05c8100c1d4e55153a25a
armv6-evidence/declarations/fixtures/raster-cannot-import-display/modules/GiftUISurfaceCore.swiftdoc	965cf3a4e7849deca9bfc656b8f428fd3864212212fc9d49b716e9f3a7c7d549
armv6-evidence/declarations/fixtures/raster-cannot-import-display/modules/GiftUISurfaceCore.swiftmodule	d19c254788a42bea7939ead19eb6294bfc310e71b53e90f76935041807ec822e
armv6-evidence/declarations/fixtures/raster-cannot-import-display/modules/GiftUISurfaceCore.swiftsourceinfo	4fb5f0b0c2bd10ecf09a94b9771c293a93c76d6c030daefbb79e11d0b12f95a8
armv6-evidence/declarations/fixtures/raster-cannot-import-display/modules/GiftUITextResources.swiftdoc	4344bf49e525242f60bbde730e5b74bddbfbe19a83f93fa70b2b9039e7fa5774
armv6-evidence/declarations/fixtures/raster-cannot-import-display/modules/GiftUITextResources.swiftmodule	9272ddb2bf99f619376a1245017213a2e7c3a20646a42847662a617c2e3323aa
armv6-evidence/declarations/fixtures/raster-cannot-import-display/modules/GiftUITextResources.swiftsourceinfo	0151f4c305320ec39264461998547bb0437b810520839602bff008b7b2b14c7b
armv6-evidence/declarations/fixtures/raster-cannot-import-display/stderr.txt	322e7005b937d3bc91dd9ed1f4ee1c5f2f7d3bb6f755b10354608618391edcdf
armv6-evidence/declarations/fixtures/raster-cannot-import-display/stdout.txt	e3b0c44298fc1c149afbf4c8996fb92427ae41e4649b934ca495991b7852b855
armv6-evidence/declarations/fixtures/surface-cannot-import-raster/modules/GiftUI.swiftdoc	1bdf9682c49505b3b35fdbdc6dd038268a660ce07c5cdf5e95a583f4acd78049
armv6-evidence/declarations/fixtures/surface-cannot-import-raster/modules/GiftUI.swiftmodule	35b04b615fe6cdf829646f3834c1ac89c9fa9c20b261a1aa160ce053bbe5bec2
armv6-evidence/declarations/fixtures/surface-cannot-import-raster/modules/GiftUI.swiftsourceinfo	a4c100934b7a203cbc2c3297d2ac48f30a44d0bde8c8336ffc1a528b515cdd09
armv6-evidence/declarations/fixtures/surface-cannot-import-raster/modules/GiftUICapabilities.swiftdoc	e9bb0c79a10a696a9837476c1db6b3ba688414c807593fa567f37abb767b9238
armv6-evidence/declarations/fixtures/surface-cannot-import-raster/modules/GiftUICapabilities.swiftmodule	46801266d3a021145daf0f3259180d3668bd5d1df86d979d6643e5006eec012a
armv6-evidence/declarations/fixtures/surface-cannot-import-raster/modules/GiftUICapabilities.swiftsourceinfo	fdd1476461c7dc0be2dedf7eb21996b11dde37235bacc9c23cabed451df3b236
armv6-evidence/declarations/fixtures/surface-cannot-import-raster/modules/GiftUIRenderCore.swiftdoc	e4cb8b558e18ac406d8884e8b2bc60abc9418abefb3d8fe3247e686cdaf50c19
armv6-evidence/declarations/fixtures/surface-cannot-import-raster/modules/GiftUIRenderCore.swiftmodule	9c6932f045470eeeea671709a6ca6091391e0f09687843da9ace0ac8ac68a050
armv6-evidence/declarations/fixtures/surface-cannot-import-raster/modules/GiftUIRenderCore.swiftsourceinfo	f1cb5922f1fd34925d5654370fa6a695dee1310963e05c8100c1d4e55153a25a
armv6-evidence/declarations/fixtures/surface-cannot-import-raster/modules/GiftUISurfaceCore.swiftdoc	965cf3a4e7849deca9bfc656b8f428fd3864212212fc9d49b716e9f3a7c7d549
armv6-evidence/declarations/fixtures/surface-cannot-import-raster/modules/GiftUISurfaceCore.swiftmodule	d19c254788a42bea7939ead19eb6294bfc310e71b53e90f76935041807ec822e
armv6-evidence/declarations/fixtures/surface-cannot-import-raster/modules/GiftUISurfaceCore.swiftsourceinfo	4fb5f0b0c2bd10ecf09a94b9771c293a93c76d6c030daefbb79e11d0b12f95a8
armv6-evidence/declarations/fixtures/surface-cannot-import-raster/modules/GiftUITextResources.swiftdoc	4344bf49e525242f60bbde730e5b74bddbfbe19a83f93fa70b2b9039e7fa5774
armv6-evidence/declarations/fixtures/surface-cannot-import-raster/modules/GiftUITextResources.swiftmodule	9272ddb2bf99f619376a1245017213a2e7c3a20646a42847662a617c2e3323aa
armv6-evidence/declarations/fixtures/surface-cannot-import-raster/modules/GiftUITextResources.swiftsourceinfo	0151f4c305320ec39264461998547bb0437b810520839602bff008b7b2b14c7b
armv6-evidence/declarations/fixtures/surface-cannot-import-raster/stderr.txt	7e8b401fa1289ef4283569865208d61838328d9edc6a58c96b873203c1c79e7e
armv6-evidence/declarations/fixtures/surface-cannot-import-raster/stdout.txt	e3b0c44298fc1c149afbf4c8996fb92427ae41e4649b934ca495991b7852b855
armv6-evidence/declarations/identity.tsv	7fa9bfa41eee30269a2077454ac4cba3d3d0e37efda8d9c51c6a36116bd32be3
armv6-evidence/declarations/modules/GiftUI.swiftdoc	1bdf9682c49505b3b35fdbdc6dd038268a660ce07c5cdf5e95a583f4acd78049
armv6-evidence/declarations/modules/GiftUI.swiftmodule	35b04b615fe6cdf829646f3834c1ac89c9fa9c20b261a1aa160ce053bbe5bec2
armv6-evidence/declarations/modules/GiftUI.swiftsourceinfo	a4c100934b7a203cbc2c3297d2ac48f30a44d0bde8c8336ffc1a528b515cdd09
armv6-evidence/declarations/modules/GiftUIBackendIntegration.swiftdoc	58f2e86add9f79174835ee2b661b0a28acb8ffae0656d890feb2ef99a4f76407
armv6-evidence/declarations/modules/GiftUIBackendIntegration.swiftmodule	1400eeaee87aeaab0141b2de98304e549a74be0b7f51b3c99446367a879914cf
armv6-evidence/declarations/modules/GiftUIBackendIntegration.swiftsourceinfo	6e8860ca4b8c690f4a0082bb685bb23aa67f0e5829ca5ea6837e860d87fb7ced
armv6-evidence/declarations/modules/GiftUICapabilities.swiftdoc	e9bb0c79a10a696a9837476c1db6b3ba688414c807593fa567f37abb767b9238
armv6-evidence/declarations/modules/GiftUICapabilities.swiftmodule	46801266d3a021145daf0f3259180d3668bd5d1df86d979d6643e5006eec012a
armv6-evidence/declarations/modules/GiftUICapabilities.swiftsourceinfo	fdd1476461c7dc0be2dedf7eb21996b11dde37235bacc9c23cabed451df3b236
armv6-evidence/declarations/modules/GiftUIDisplayCore.swiftdoc	1fa0ef4e32412a4924ffd2590bdf58532b5732e2390d6c1537e71eb63d8fa10b
armv6-evidence/declarations/modules/GiftUIDisplayCore.swiftmodule	e9587385a7f7d4868b6c95483fda181474f5dedb8201166d06ab4f3056c1151d
armv6-evidence/declarations/modules/GiftUIDisplayCore.swiftsourceinfo	f6e3cfee9ec727c4812498d891d8ad6ebb2714989343fb7bb8abc69b21635bdc
armv6-evidence/declarations/modules/GiftUIExecution.swiftdoc	e8d2c43706064f04b89b67f6664d49fa0eb46910774ffca62d78f51c2b3e3b2f
armv6-evidence/declarations/modules/GiftUIExecution.swiftmodule	254f1ab5119d60c15f6f7d558d91d15762793d83d3a23f30660b0c7fd84cc454
armv6-evidence/declarations/modules/GiftUIExecution.swiftsourceinfo	f4de1864f4793f207d2965dc4056c525474a392ea470db7a2f919385e08a8939
armv6-evidence/declarations/modules/GiftUIFailureCore.swiftdoc	a1cfbf39026b8bfb65f21f68b5c53fcc651aa0f2ac5380154e27176d6584bd1b
armv6-evidence/declarations/modules/GiftUIFailureCore.swiftmodule	0657abbba14256f84f03ea13f30d5096aa7bfd396a6aed1273ae2653a8d4b05a
armv6-evidence/declarations/modules/GiftUIFailureCore.swiftsourceinfo	83f339c44c7ee5c473f60472df2eb1dce99bcadb780813a887ead4ecae62e589
armv6-evidence/declarations/modules/GiftUIRasterCore.swiftdoc	a0242702bc4bfb60db1acf0b257b9e17c1401ef2297c6929e647c86655a89d09
armv6-evidence/declarations/modules/GiftUIRasterCore.swiftmodule	1ce9771492239a2ce63e2b61bec8ab72ee227d49c99cb08b052a0f6af7312747
armv6-evidence/declarations/modules/GiftUIRasterCore.swiftsourceinfo	82fbd65de9d4dace254b1135c3cca6f48c7975b0a719dc48876da15665a96967
armv6-evidence/declarations/modules/GiftUIRenderCore.swiftdoc	e4cb8b558e18ac406d8884e8b2bc60abc9418abefb3d8fe3247e686cdaf50c19
armv6-evidence/declarations/modules/GiftUIRenderCore.swiftmodule	9c6932f045470eeeea671709a6ca6091391e0f09687843da9ace0ac8ac68a050
armv6-evidence/declarations/modules/GiftUIRenderCore.swiftsourceinfo	f1cb5922f1fd34925d5654370fa6a695dee1310963e05c8100c1d4e55153a25a
armv6-evidence/declarations/modules/GiftUISurfaceCore.swiftdoc	965cf3a4e7849deca9bfc656b8f428fd3864212212fc9d49b716e9f3a7c7d549
armv6-evidence/declarations/modules/GiftUISurfaceCore.swiftmodule	d19c254788a42bea7939ead19eb6294bfc310e71b53e90f76935041807ec822e
armv6-evidence/declarations/modules/GiftUISurfaceCore.swiftsourceinfo	4fb5f0b0c2bd10ecf09a94b9771c293a93c76d6c030daefbb79e11d0b12f95a8
armv6-evidence/declarations/modules/GiftUITextResources.swiftdoc	4344bf49e525242f60bbde730e5b74bddbfbe19a83f93fa70b2b9039e7fa5774
armv6-evidence/declarations/modules/GiftUITextResources.swiftmodule	9272ddb2bf99f619376a1245017213a2e7c3a20646a42847662a617c2e3323aa
armv6-evidence/declarations/modules/GiftUITextResources.swiftsourceinfo	0151f4c305320ec39264461998547bb0437b810520839602bff008b7b2b14c7b
armv6-evidence/linked-section-deltas.tsv	a019034bc3222859ace6ad8330f681134a2a0ddd83584f69b0aaf0cb5a7fcd84
armv6-evidence/linked-section-deltas.tsv.baseline-sections.txt	d9144331a440b47f9807fab9d2c7f1b200d929f9cd9fd46473b35dbaa4b32c75
armv6-evidence/linked-section-deltas.tsv.candidate-sections.txt	99fba133ab6307a3beb33305cf282b3217744ec19c2ab3f5e2875e6f0a3e36eb
armv6-evidence/normalized-fixtures.tsv	b85e4b0cab24574a74af2e52b43e9f352389def5db95be8fbae76366c7db0455
armv6-evidence/resource-high-water.tsv	7c7e44c448d8bf27b9fe409c8fabc2a3bf26ece2a810365108fcfe9ea624eea5
armv6-evidence/stack-high-water.tsv	77f7b6f6a9a3fcb2758556b86501ee225c05471a2acc9e12397bc9ec5f953f60
armv6-evidence/swiftpm/arm64-apple-macosx/release/GiftUI-tool.build/include/module.modulemap	4b713837b0efb3081fdd70d58ca50735c78a46374edc9588563ec287a9b5614b
armv6-evidence/swiftpm/arm64-apple-macosx/release/GiftUI-tool.build/output-file-map.json	1d6bb00fd0e2702537024cd3db42325a0e803f2b530827a12ebf25af1d90d1e1
armv6-evidence/swiftpm/arm64-apple-macosx/release/GiftUIBackendIntegration-tool.build/include/module.modulemap	0b1fc6d4610cd1765795c8ed2ce0d15e83405741c59f7b014f9f09683e127fd1
armv6-evidence/swiftpm/arm64-apple-macosx/release/GiftUIBackendIntegration-tool.build/output-file-map.json	871ba7fb867904be975f3afaaad33796ee2142e70c9ccd74f61cc31d1bea35a9
armv6-evidence/swiftpm/arm64-apple-macosx/release/GiftUIBackendIntegrationTests-tool.build/output-file-map.json	2dbcba055a998cddca6b66d15a24269a2b791e6d977fc74542f252f776170198
armv6-evidence/swiftpm/arm64-apple-macosx/release/GiftUICapabilities-tool.build/include/module.modulemap	8dc7d4491cd68a01334366409291d6cec0d2b5ef4a096cac4e2452a0e17c6278
armv6-evidence/swiftpm/arm64-apple-macosx/release/GiftUICapabilities-tool.build/output-file-map.json	3971d039c93adeacc59a23dd272d012f8c315a148fe0eef59664e9449a068d49
armv6-evidence/swiftpm/arm64-apple-macosx/release/GiftUICapabilitiesTests-tool.build/output-file-map.json	89f2ddc8df449508a4ec33a503acef107b16af7d3f76eb13c63c0b9bfb9a4c6a
armv6-evidence/swiftpm/arm64-apple-macosx/release/GiftUICapabilityAdapterTests-tool.build/output-file-map.json	2aa96c1f496dd9bb6f36b3a77d8f562e92f54e64ee0073d809c845d0473c8692
armv6-evidence/swiftpm/arm64-apple-macosx/release/GiftUICapabilityFailureAdapterFixture-tool.build/include/module.modulemap	d693134f45e32de47a6d8348044462dc647f5004afbfecaf7d5f1cbddcfc3bad
armv6-evidence/swiftpm/arm64-apple-macosx/release/GiftUICapabilityFailureAdapterFixture-tool.build/output-file-map.json	6210ee19360fb8c25081c4e3fdabcbc13507b6535a4ca5d6bf29bb5c83bf84b4
armv6-evidence/swiftpm/arm64-apple-macosx/release/GiftUICapabilityFailureAdapterTests-tool.build/output-file-map.json	f6974fb74d88418d236f614e1a606e15a99962ba357d3092d90978ad858c6424
armv6-evidence/swiftpm/arm64-apple-macosx/release/GiftUIDisplayCore-tool.build/include/module.modulemap	c30f131a59fc47f2d8a7af0d902bcefd475898577652a5e99eca27fe20e0cc7f
armv6-evidence/swiftpm/arm64-apple-macosx/release/GiftUIDisplayCore-tool.build/output-file-map.json	f0d6c34b192557e94382f6cdfaf51e22ca8567703bbc661f67f8d1f71555140e
armv6-evidence/swiftpm/arm64-apple-macosx/release/GiftUIDisplayCoreTests-tool.build/output-file-map.json	9446f33cf4f4ef1defdb293e82e37a0f3a4900a7a2091d4bfa75d4173c9c800c
armv6-evidence/swiftpm/arm64-apple-macosx/release/GiftUIDrawing-tool.build/include/module.modulemap	acbe4ccf5dd4cfdfb293306382eb0556b6eef67ed50ef22a6e965be80ba75e50
armv6-evidence/swiftpm/arm64-apple-macosx/release/GiftUIDrawing-tool.build/output-file-map.json	17f1d571d856b1113e0a0b191c7e9b2983207496db1fec3359402ab171220cdd
armv6-evidence/swiftpm/arm64-apple-macosx/release/GiftUIDrawingFailureAdapterFixture-tool.build/include/module.modulemap	b3d090d14ff9159fe134ff6ffbafb2ce532f835491d6516a6f87d26969b1c80b
armv6-evidence/swiftpm/arm64-apple-macosx/release/GiftUIDrawingFailureAdapterFixture-tool.build/output-file-map.json	7aae3cc84e85966d5e0cc85f5d60396190581689703f8211b0a3d0266707cfcf
armv6-evidence/swiftpm/arm64-apple-macosx/release/GiftUIDrawingTests-tool.build/output-file-map.json	c6dbe48e4ba99d12ab8bddc3e287ba1ef65cf203a376e2a804a47fa467a440d1
armv6-evidence/swiftpm/arm64-apple-macosx/release/GiftUIDynamicConveniences-tool.build/include/module.modulemap	0d8c6e49f1ec3b4e24f32bc6d96c7c8b50fb2e132a90ad2ee9f3251b70e6b727
armv6-evidence/swiftpm/arm64-apple-macosx/release/GiftUIDynamicConveniences-tool.build/output-file-map.json	d40d5fe983579981b222c196fbf8936ad51689e5ebea9dbc3e78d12ac49c620a
armv6-evidence/swiftpm/arm64-apple-macosx/release/GiftUIExecution-tool.build/include/module.modulemap	ecddfb005b6acde2d0fa2a5f6502b7992ce199cfc973669851d0071a878af15e
armv6-evidence/swiftpm/arm64-apple-macosx/release/GiftUIExecution-tool.build/output-file-map.json	943de86ca1657ac276ba137fc65c60cc1c3bf1819a956be0fe65ed513a27ebd3
armv6-evidence/swiftpm/arm64-apple-macosx/release/GiftUIExecutionTests-tool.build/output-file-map.json	0726baf5ebf57a693a4cbbe91f15676b0645940c5e5338024dd8f4c7e538715c
armv6-evidence/swiftpm/arm64-apple-macosx/release/GiftUIFailureCore-tool.build/include/module.modulemap	e309593421c48cb96b9e9eb105cbf647b6e5281324642f8574ce1814776458b2
armv6-evidence/swiftpm/arm64-apple-macosx/release/GiftUIFailureCore-tool.build/output-file-map.json	41ad0045847e61aacd934a3c44d8d4b59e251cf94d65448639ff156a3ec1fd98
armv6-evidence/swiftpm/arm64-apple-macosx/release/GiftUIFailureCoreTests-tool.build/output-file-map.json	fefa103ec03117062d31f0af75b69aaca47be1501db1575d3e1c178aedcadcac
armv6-evidence/swiftpm/arm64-apple-macosx/release/GiftUIFailureDiagnostics-tool.build/include/module.modulemap	202a57d40a0267ab45d9772dc12e3fb878f42f9320714d8d91e5b277217fdea2
armv6-evidence/swiftpm/arm64-apple-macosx/release/GiftUIFailureDiagnostics-tool.build/output-file-map.json	a4e307aacdf50de199c32e5297564ac4fd7cdfc72b1dfcd003026405528d56fb
armv6-evidence/swiftpm/arm64-apple-macosx/release/GiftUIFailureDiagnosticsTests-tool.build/output-file-map.json	06fdbdf11efa59665809bdfb28917648906831c93ddab7959af8aabd7b468347
armv6-evidence/swiftpm/arm64-apple-macosx/release/GiftUIFailureExecution-tool.build/include/module.modulemap	0caf20822e0c86c231be544294be8fc70fe0fe4b689e9caa1b21de49c3ee6c7c
armv6-evidence/swiftpm/arm64-apple-macosx/release/GiftUIFailureExecution-tool.build/output-file-map.json	7c425be15d632c6edae49e6178946820ca1386b4a0fdbd0156caaf0f54dab239
armv6-evidence/swiftpm/arm64-apple-macosx/release/GiftUIFailureExecutionTests-tool.build/output-file-map.json	ff6dfa7f621da71970611177e6c6b41890f822f1d9d16c39805ef8a029394544
armv6-evidence/swiftpm/arm64-apple-macosx/release/GiftUIFoundationFailureAdapterTests-tool.build/output-file-map.json	e83556653ee2697778e95e7fcdedc3f4324a6f1dfe13382b4c543bf1684004e7
armv6-evidence/swiftpm/arm64-apple-macosx/release/GiftUIHostConfiguration-tool.build/include/module.modulemap	dfd0dc9482f6bbac3e9a3cdf14efd1749444c8f6f533a2f52796d58be6aa138d
armv6-evidence/swiftpm/arm64-apple-macosx/release/GiftUIHostConfiguration-tool.build/output-file-map.json	8c615a8a6d863b5e73658636d002904c65c843bebafaf7829fd2443f41123b59
armv6-evidence/swiftpm/arm64-apple-macosx/release/GiftUIHostConfigurationTests-tool.build/output-file-map.json	ef6b1cc5bbcc35dd311037524f715c8cde6647053d33c2d0c0204155f3668569
armv6-evidence/swiftpm/arm64-apple-macosx/release/GiftUIInteraction-tool.build/include/module.modulemap	f8e81caa6cdc707cde1c8008dda3abefc87a7b096e2ce7da018588095a65699a
armv6-evidence/swiftpm/arm64-apple-macosx/release/GiftUIInteraction-tool.build/output-file-map.json	f7f6a1a260a39e1975c9609ebaf2ec75a5b908b6e296473ef781752aacd46538
armv6-evidence/swiftpm/arm64-apple-macosx/release/GiftUIInteractionFailureAdapterFixture-tool.build/include/module.modulemap	aa69e0f9deeb04bfa149e4a401d8092dbeaf0081c3e310406006f8608bedb116
armv6-evidence/swiftpm/arm64-apple-macosx/release/GiftUIInteractionFailureAdapterFixture-tool.build/output-file-map.json	a79c337a04d44a3489727595a2778722b96ad0e947dd48083d5f9845eeac3e73
armv6-evidence/swiftpm/arm64-apple-macosx/release/GiftUIInteractionFailureAdapterTests-tool.build/output-file-map.json	bd95d9ba5d8680b9248d5aa77cdbf4533f05500bb9b86077c89c7f00a9030599
armv6-evidence/swiftpm/arm64-apple-macosx/release/GiftUIInteractionTests-tool.build/output-file-map.json	a0e11f836fb0827bb3ffec6fe70eda3cd701a83b037d7736c092e933ea167ff2
armv6-evidence/swiftpm/arm64-apple-macosx/release/GiftUILayout-tool.build/include/module.modulemap	7813e9c3612a44f5cde6216ef0f5eadb4031ef6e520fc5d7c5f0d72b3ebc305c
armv6-evidence/swiftpm/arm64-apple-macosx/release/GiftUILayout-tool.build/output-file-map.json	eb3dc1de46619500bb846476d8e49d57fdfc76ede0f602afb40a3e9dc00e355d
armv6-evidence/swiftpm/arm64-apple-macosx/release/GiftUILayoutFailureAdapterFixture-tool.build/include/module.modulemap	bc10bdc6c798fe0f97736cb4f445e236b609b348d30eb77b1aa62996d5d40afe
armv6-evidence/swiftpm/arm64-apple-macosx/release/GiftUILayoutFailureAdapterFixture-tool.build/output-file-map.json	23b0591da03d79a148c591d454c666d358874aa39ac706d5f5684d710c4fccc4
armv6-evidence/swiftpm/arm64-apple-macosx/release/GiftUILayoutFailureAdapterTests-tool.build/output-file-map.json	6b8fbffbe82962e7a354a16acc10b01ddd5ced44b28f2f2b8b070b7f1573f595
armv6-evidence/swiftpm/arm64-apple-macosx/release/GiftUILayoutTests-tool.build/output-file-map.json	8a1612232f359ff6fe19815ebca1e7399377f20b4be8462c5330f75436ad339b
armv6-evidence/swiftpm/arm64-apple-macosx/release/GiftUIMacros-tool	981f627ffd41d1143396c9b72f9952ce50483daf62ab6d036a75f029b7a57c46
armv6-evidence/swiftpm/arm64-apple-macosx/release/GiftUIMacros-tool.build/GiftUIMacros.d	b30aca691f7f489da0e0dca8a3191445b95f7a6b09a04ef146ddac044ce64b83
armv6-evidence/swiftpm/arm64-apple-macosx/release/GiftUIMacros-tool.build/GiftUIMacros.dia	2c72d5afff8cce441f2f8299a18215b0bf79605aa7eb05839e38f7949b46c0e2
armv6-evidence/swiftpm/arm64-apple-macosx/release/GiftUIMacros-tool.build/GiftUIMacros.swift.o	bcdb0ff6d4802edf9a30450dc92aba925b386bfe0dac9c1d552169980eb9d840
armv6-evidence/swiftpm/arm64-apple-macosx/release/GiftUIMacros-tool.build/ObservableStateHostMacro.swift.o	ca3db35f6dad3dd2f232ad400a6137882f9f6c12b0454dc86e8fb01399fc0f1a
armv6-evidence/swiftpm/arm64-apple-macosx/release/GiftUIMacros-tool.build/output-file-map.json	8abe8d6dc6388995abd4a63811d218f4b9b5e7dc8dadd175c561da2afcf59859
armv6-evidence/swiftpm/arm64-apple-macosx/release/GiftUIMacros-tool.build/sources	1760c37b5bdf05065c7ff51489bebb8eabb413dded9cda6b1eadb3d7acb9b0da
armv6-evidence/swiftpm/arm64-apple-macosx/release/GiftUIMacros-tool.dSYM/Contents/Info.plist	5cd590500becd54cb98d02ec9a86e8f6bfb96a8e44a3b160b13ff93efdfa618e
armv6-evidence/swiftpm/arm64-apple-macosx/release/GiftUIMacros-tool.dSYM/Contents/Resources/DWARF/GiftUIMacros-tool	073a7a5a508ba7c51d3108da4f8e3cd91ad4f4e24ed834c9a57f36cb867248f3
armv6-evidence/swiftpm/arm64-apple-macosx/release/GiftUIMacros-tool.dSYM/Contents/Resources/Relocations/aarch64/GiftUIMacros-tool.yml	49c46b70c586255baea3e8b5410f041a21c09b37768ea9a1c33a34917fc6a1e4
armv6-evidence/swiftpm/arm64-apple-macosx/release/GiftUIMacros-tool.product/Objects.LinkFileList	bfe9a6bfdc307b127a9cdfd818a6f754024b4373d17d938792baf204072717d7
armv6-evidence/swiftpm/arm64-apple-macosx/release/GiftUIMacrosTests-tool.build/output-file-map.json	39c89e86e60a72fc7fa054721b4065324c53ad3ffab2c082aafbe872911c455f
armv6-evidence/swiftpm/arm64-apple-macosx/release/GiftUIObservableState-tool.build/include/module.modulemap	f642191f14d02f841593c30853122fbe485875d39bda5f163605447e828d3d0a
armv6-evidence/swiftpm/arm64-apple-macosx/release/GiftUIObservableState-tool.build/output-file-map.json	fe2fbcb94153f2f1e15c5d8a029158aaab25da982be4642f7b90ac47bf9fff09
armv6-evidence/swiftpm/arm64-apple-macosx/release/GiftUIObservableStateFailureAdapterFixture-tool.build/include/module.modulemap	c16cfdf86ed3e02ce9ec0891ded7319e201b00ef55dd7795fdba4354e29a81fb
armv6-evidence/swiftpm/arm64-apple-macosx/release/GiftUIObservableStateFailureAdapterFixture-tool.build/output-file-map.json	15962c9ba69458812136c8b7397c2baa823984b768eda2387339d27da99db845
armv6-evidence/swiftpm/arm64-apple-macosx/release/GiftUIObservableStateFailureAdapterTests-tool.build/output-file-map.json	ce003c812e6f2c84d761433438bbe5f61f4fb243d38d3250efde45b07f3b5824
armv6-evidence/swiftpm/arm64-apple-macosx/release/GiftUIObservableStateTests-tool.build/output-file-map.json	9ea1b83f563178b9719eb43d0193bb42e913aa82556b6b064d216c2521e79890
armv6-evidence/swiftpm/arm64-apple-macosx/release/GiftUIPackageDiscoveredTests-tool.build/include/module.modulemap	56c0c584dee84cdc3fa759763015aa5fa7e43a4424ab4e270fab977cb9dbe779
armv6-evidence/swiftpm/arm64-apple-macosx/release/GiftUIPackageDiscoveredTests-tool.build/output-file-map.json	2f469a58598de1077beb6c628f4ec58010ea76229f9576edbc0382ff89555c6d
armv6-evidence/swiftpm/arm64-apple-macosx/release/GiftUIPackageTests-tool.build/include/module.modulemap	bc49340fcf561b4cb43f72f6f0d8c3c06b02e98be1eb95b6d550e4204ddcac56
armv6-evidence/swiftpm/arm64-apple-macosx/release/GiftUIPackageTests-tool.build/output-file-map.json	29acb4ad22cfc18cbabc7209385c872d54e122296bdcd322c554ffeba5276246
armv6-evidence/swiftpm/arm64-apple-macosx/release/GiftUIPlatformRaspberryPi-tool.build/include/module.modulemap	0ef4040e580aebc11931077e12e6fe492bc7020c0ae2038a35bfbfe77c2970cb
armv6-evidence/swiftpm/arm64-apple-macosx/release/GiftUIPlatformRaspberryPi-tool.build/output-file-map.json	c958a066fc2678cd7ce8edcdb78b090d910e55c770ae4a217c858ca6038c9bba
armv6-evidence/swiftpm/arm64-apple-macosx/release/GiftUIPlatformRaspberryPiTests-tool.build/output-file-map.json	42c189bda9fd7bcc05e6d1815f67f7f23812a8c5bdc803ae12ce96b6fefe51c9
armv6-evidence/swiftpm/arm64-apple-macosx/release/GiftUIRasterCore-tool.build/include/module.modulemap	d45636e827429c3e80dd0d570cde69463f25895464a2c5e2a7dcdece4ba48749
armv6-evidence/swiftpm/arm64-apple-macosx/release/GiftUIRasterCore-tool.build/output-file-map.json	99da0282a76cb2d922c953abb570e21a2df11950580eafb07a5ed139a1dae048
armv6-evidence/swiftpm/arm64-apple-macosx/release/GiftUIRasterCoreTests-tool.build/output-file-map.json	1547bacdd19125ab5a1ef25c4296679de3d2f9269f9d83831b395185180b54b2
armv6-evidence/swiftpm/arm64-apple-macosx/release/GiftUIReferenceTextResources-tool.build/include/module.modulemap	a0bf889c0c3632861fe25969dc7910ba20c2df5c40de52ca2866c0325bf65f0b
armv6-evidence/swiftpm/arm64-apple-macosx/release/GiftUIReferenceTextResources-tool.build/output-file-map.json	e58fcdbca9634d0bfbb6b5c25842254001f93010f6abc1b9be14f3f09f4f1056
armv6-evidence/swiftpm/arm64-apple-macosx/release/GiftUIReferenceTextResourcesTests-tool.build/output-file-map.json	616ef698bfb9ab45aab56e0f5a0e85e3e4d83d3e42ea6ee59e025b74d004b202
armv6-evidence/swiftpm/arm64-apple-macosx/release/GiftUIRenderCore-tool.build/include/module.modulemap	9b1bfb2e59b7228b7466723568157e2b9c154c4c073a0b8831d4d3af4581dd52
armv6-evidence/swiftpm/arm64-apple-macosx/release/GiftUIRenderCore-tool.build/output-file-map.json	83d29763d63b245005d6b6588cfb66b09e5f92c7153afd88977a40e722c280a9
armv6-evidence/swiftpm/arm64-apple-macosx/release/GiftUIRenderCoreTests-tool.build/output-file-map.json	075fde117668f1230df97b2e81a16dde912cb401c606103aa3f8ce03c6e71780
armv6-evidence/swiftpm/arm64-apple-macosx/release/GiftUIRenderFailureAdapterFixture-tool.build/include/module.modulemap	ca289825bcaa882e08f89c6977281d46af5fb56e70e951632c482dceb734c1e9
armv6-evidence/swiftpm/arm64-apple-macosx/release/GiftUIRenderFailureAdapterFixture-tool.build/output-file-map.json	09571fc00ed4430034f259de27ff612c799c5dff1f508a602c33799d83993c17
armv6-evidence/swiftpm/arm64-apple-macosx/release/GiftUIRenderFailureAdapterTests-tool.build/output-file-map.json	3def199679788123b18b11e503e4c16130ad94cfeb411eb47db81fd4fc6227f4
armv6-evidence/swiftpm/arm64-apple-macosx/release/GiftUIRenderLowering-tool.build/include/module.modulemap	9e94113f195ea26afc0390981ef77edc31fa616d5ceb42245d0ddbae601eff27
armv6-evidence/swiftpm/arm64-apple-macosx/release/GiftUIRenderLowering-tool.build/output-file-map.json	ce4d979fac2858f8ef7b31535d6c11b0cdbf7911b9f60256875976ee188b84b6
armv6-evidence/swiftpm/arm64-apple-macosx/release/GiftUIRenderLoweringTests-tool.build/output-file-map.json	97f71c1eb021c7f0f591eeb452933cde2a56ee26b65e8661739e3a379170a681
armv6-evidence/swiftpm/arm64-apple-macosx/release/GiftUIRuntimeConformanceTests-tool.build/output-file-map.json	af971bad80818ce4c1baeb340a4a7d8c9c13b326fe63bbc514e3e4b645614302
armv6-evidence/swiftpm/arm64-apple-macosx/release/GiftUIRuntimeCore-tool.build/include/module.modulemap	169abeb56c6895cc8a02430665e9e648f7258acc3538c0582e45a536d3b66e93
armv6-evidence/swiftpm/arm64-apple-macosx/release/GiftUIRuntimeCore-tool.build/output-file-map.json	65911cb654a4feefc434b4053babd10ef488f56d8c90452991eb7d346bce9c76
armv6-evidence/swiftpm/arm64-apple-macosx/release/GiftUIRuntimeCoreTests-tool.build/output-file-map.json	302ee92e523eb8180b363d6a603914ce5a630233ba37add49684b97608992b3c
armv6-evidence/swiftpm/arm64-apple-macosx/release/GiftUIRuntimeDynamic-tool.build/include/module.modulemap	71e74d85651d1a9de674a2b89b38ec1209816f3677b534dbdde02ac393750691
armv6-evidence/swiftpm/arm64-apple-macosx/release/GiftUIRuntimeDynamic-tool.build/output-file-map.json	f9225639a30aeacb6cfe9b95087417917323ca0c3e86f0391dc3cbac22a2d33d
armv6-evidence/swiftpm/arm64-apple-macosx/release/GiftUIRuntimeDynamicTests-tool.build/output-file-map.json	ba26c4755bd8a5a8dae7902f6eac29ee8cae38b244c4ddd0e7b396e7c2189a5d
armv6-evidence/swiftpm/arm64-apple-macosx/release/GiftUIRuntimeFailureAdapterFixture-tool.build/include/module.modulemap	3f87dbb331ff5e80dacaf18e69adcfaffc917ee172b67f3f89230629178682ce
armv6-evidence/swiftpm/arm64-apple-macosx/release/GiftUIRuntimeFailureAdapterFixture-tool.build/output-file-map.json	eea1aa0c54ed4414a98ff6df5f426d612b738b2f215294330ab89b68a24b1565
armv6-evidence/swiftpm/arm64-apple-macosx/release/GiftUIRuntimeFailureAdapterTests-tool.build/output-file-map.json	4b9683c709a2536c580698197e28aedaed2e5297745573307ad69774ced3d5f4
armv6-evidence/swiftpm/arm64-apple-macosx/release/GiftUIRuntimeStatic-tool.build/include/module.modulemap	1fde57e35f92c65f800daa651a17a06c632b10c0835258a2786af158ee432110
armv6-evidence/swiftpm/arm64-apple-macosx/release/GiftUIRuntimeStatic-tool.build/output-file-map.json	a69fa9e073f791c554600cf373da24852e72c54415ab0eed0c60e27bfc8a6269
armv6-evidence/swiftpm/arm64-apple-macosx/release/GiftUIRuntimeStaticTests-tool.build/output-file-map.json	0d94c023205c0353b428162c3561aeae8d3ef4988bbfd0035a9e5b0bccde2bb0
armv6-evidence/swiftpm/arm64-apple-macosx/release/GiftUISemanticCore-tool.build/include/module.modulemap	3fd9648b7c52556e71541f4ea3666e598b5a69c62d1b847cf519f70a8eeb11f8
armv6-evidence/swiftpm/arm64-apple-macosx/release/GiftUISemanticCore-tool.build/output-file-map.json	aef9e4e9abe7a84da7ecb266171a8662ac521b25e16ef22073fed5edebdcc9b6
armv6-evidence/swiftpm/arm64-apple-macosx/release/GiftUISemanticCoreTests-tool.build/output-file-map.json	26053431ab6062ff73af4b8ed89956362e220e61c4c07cf27ee9e04cd4c36a40
armv6-evidence/swiftpm/arm64-apple-macosx/release/GiftUISemanticFailureAdapterFixture-tool.build/include/module.modulemap	97ca92367d662b12486384deda8600159b3a030f3728800c1f3c7ff5f4ef79d6
armv6-evidence/swiftpm/arm64-apple-macosx/release/GiftUISemanticFailureAdapterFixture-tool.build/output-file-map.json	8b00ad5f92d78cec1d00a4a13a4933b169426f466a56f6c275b44a52ff094663
armv6-evidence/swiftpm/arm64-apple-macosx/release/GiftUISemanticFailureAdapterTests-tool.build/output-file-map.json	172285ab87971c681bca583b781acd761a93be7ed9534bb0d1969e18ad7412df
armv6-evidence/swiftpm/arm64-apple-macosx/release/GiftUISurfaceCore-tool.build/include/module.modulemap	4265318754b335dcaa772ce563d4816b3c7d93c4773e86e325440add3755bc4e
armv6-evidence/swiftpm/arm64-apple-macosx/release/GiftUISurfaceCore-tool.build/output-file-map.json	0d32382d4e51c36644154e3c4588daa7fb706b81cdabdc59766293f2c652d39e
armv6-evidence/swiftpm/arm64-apple-macosx/release/GiftUISurfaceCoreTests-tool.build/output-file-map.json	d0032aa9da1970c9e5214f3d8db435df42b9800d2d7fadcdaef8842c7a04f038
armv6-evidence/swiftpm/arm64-apple-macosx/release/GiftUITests-tool.build/output-file-map.json	0cacea72f8716e1099e41a358337361496c27fc9178caf430abee91c2de25df2
armv6-evidence/swiftpm/arm64-apple-macosx/release/GiftUITextResourceFailureAdapterFixture-tool.build/include/module.modulemap	ceb42d2d9d10207a61ded989502b748f554866f6fd284d72130309ca21f2ce77
armv6-evidence/swiftpm/arm64-apple-macosx/release/GiftUITextResourceFailureAdapterFixture-tool.build/output-file-map.json	9647292962f48bb2d21f3c5207b22812a9c48dbeda0f73d86c2a96c19b7d42ba
armv6-evidence/swiftpm/arm64-apple-macosx/release/GiftUITextResourceOwnerAdapterTests-tool.build/output-file-map.json	f13a863dcd27afc327c3f493e3a748c0f911175a52fb7f814e51d08078b53906
armv6-evidence/swiftpm/arm64-apple-macosx/release/GiftUITextResources-tool.build/include/module.modulemap	a73f7e566a14a8ff3f66843024b40d9c0e2290ff120ff89daf3f50fa77b74085
armv6-evidence/swiftpm/arm64-apple-macosx/release/GiftUITextResources-tool.build/output-file-map.json	1199ba3ea52bad5567da5a4a26efb2ff647ca979e5582512cefe1d3d853052e7
armv6-evidence/swiftpm/arm64-apple-macosx/release/GiftUITextResourcesTests-tool.build/output-file-map.json	2d6e3fedaa7024479626b88fb8cdab4aef3f70b6f12aa8fe66ec3707a38e1eec
armv6-evidence/swiftpm/arm64-apple-macosx/release/ModuleCache/172PRR6C9UKQM/Darwin-1FXX23EKWOBA9.pcm	8d00592e02542eb3e62f406696953b71f69e0610d595ad1b7f542aa8a0743e74
armv6-evidence/swiftpm/arm64-apple-macosx/release/ModuleCache/172PRR6C9UKQM/MachO-20RPYVQSX341K.pcm	7d053f0c75906da4e1190efe2d9c53f88eeeb42ef20b5d55a3e927cf683a5e47
armv6-evidence/swiftpm/arm64-apple-macosx/release/ModuleCache/172PRR6C9UKQM/ObjectiveC-1G8H182PQX3QE.pcm	3668e3ea0566999dee491668b17f8e76f2392d7622190ca482b71dcf6b6d6175
armv6-evidence/swiftpm/arm64-apple-macosx/release/ModuleCache/172PRR6C9UKQM/SwiftShims-19EWHCF94MGNA.pcm	94ab15397f2c478f475677427b35269fab1a2a78b33d80497082f8123a779de9
armv6-evidence/swiftpm/arm64-apple-macosx/release/ModuleCache/172PRR6C9UKQM/_AvailabilityInternal-2YSBQADOLX02V.pcm	5820d884d5bc52857bc0577be64be42a39041a609dc6811f015cd299b87aca31
armv6-evidence/swiftpm/arm64-apple-macosx/release/ModuleCache/172PRR6C9UKQM/_Builtin_float-2RYO0GH1POOPJ.pcm	bd4a2760cc219f4c25b193ac83787a591d933c97eff6d21107d613c20a5be6e9
armv6-evidence/swiftpm/arm64-apple-macosx/release/ModuleCache/172PRR6C9UKQM/_Builtin_inttypes-2RYO0GH1POOPJ.pcm	0393efacf8063f8c267834721e68e7b748bd5c65df3f334b47ffedc4924e60e3
armv6-evidence/swiftpm/arm64-apple-macosx/release/ModuleCache/172PRR6C9UKQM/_Builtin_limits-2RYO0GH1POOPJ.pcm	0b5e572509b2c2a0cb267e43b0bb0a1fd7709b7dcac63dd62b5616f7bdc0d0ef
armv6-evidence/swiftpm/arm64-apple-macosx/release/ModuleCache/172PRR6C9UKQM/_Builtin_stdarg-2RYO0GH1POOPJ.pcm	c1c4327cc0f7b7280687d63139bfec029094f07f5828d806dca984567a82affa
armv6-evidence/swiftpm/arm64-apple-macosx/release/ModuleCache/172PRR6C9UKQM/_Builtin_stdbool-2RYO0GH1POOPJ.pcm	1ec321d11c83e5a63999fb7cda5f254821fed3b3c3471c96f3759bd7d823b4da
armv6-evidence/swiftpm/arm64-apple-macosx/release/ModuleCache/172PRR6C9UKQM/_Builtin_stddef-2RYO0GH1POOPJ.pcm	6cabdbfc08dabd245e1407e5e58a89009e87f93d2db95ae268c2977251fd25b3
armv6-evidence/swiftpm/arm64-apple-macosx/release/ModuleCache/172PRR6C9UKQM/_Builtin_stdint-2RYO0GH1POOPJ.pcm	ebe9600ddfae4839dec09f71cec90077f1c00eb1687c5ca2ba35900c0aaca7bc
armv6-evidence/swiftpm/arm64-apple-macosx/release/ModuleCache/172PRR6C9UKQM/_DarwinFoundation1-2YSBQADOLX02V.pcm	cac0a78d6f5210093c7e30649378b64880f9489e27e32daa0251cb8a344789fb
armv6-evidence/swiftpm/arm64-apple-macosx/release/ModuleCache/172PRR6C9UKQM/_DarwinFoundation2-3J4ZFA06I5V1P.pcm	287c8073d6b35ed947cd84fdec9296def22a615f9c1336a8d324435f89f40e31
armv6-evidence/swiftpm/arm64-apple-macosx/release/ModuleCache/172PRR6C9UKQM/_DarwinFoundation3-2NSGASPTSNBVQ.pcm	3219434de205f7ba3ffb0bb967991f85ae7812f2dc19f67b95ee990c8fafb639
armv6-evidence/swiftpm/arm64-apple-macosx/release/ModuleCache/172PRR6C9UKQM/_SwiftConcurrencyShims-19EWHCF94MGNA.pcm	b14bc6c0fb6387060a51fb79a6da5a0bc82a75869ca196ebf7ac482a033e0e6c
armv6-evidence/swiftpm/arm64-apple-macosx/release/ModuleCache/172PRR6C9UKQM/ptrcheck-2RYO0GH1POOPJ.pcm	f4161104679c21b220bb74a218ea7757723cecb4b14a2b7786f8c2ec538515ed
armv6-evidence/swiftpm/arm64-apple-macosx/release/ModuleCache/172PRR6C9UKQM/sys_types-3J4ZFA06I5V1P.pcm	2d1228ded3841c9ca2c8f69f8c300c4a7e273fe268e8a461e4765da64dce9281
armv6-evidence/swiftpm/arm64-apple-macosx/release/ModuleCache/18SLE3VSNCNPA/Darwin-1FXX23EKWOBA9.pcm	961f23b0acc833e80601ebde82f9917fbacb85618767a73153a96fbe6432826e
armv6-evidence/swiftpm/arm64-apple-macosx/release/ModuleCache/18SLE3VSNCNPA/Dispatch-R76HXUP80TVL.pcm	b09c2e144ea17a71c2e17abb60c30e9ab2e05f540e1216975359cdf6b1c4f330
armv6-evidence/swiftpm/arm64-apple-macosx/release/ModuleCache/18SLE3VSNCNPA/MachO-20RPYVQSX341K.pcm	82924b1529bc80d6564b281ebb0b9eb452348ba8e8fbee5835c9aaf15170bed9
armv6-evidence/swiftpm/arm64-apple-macosx/release/ModuleCache/18SLE3VSNCNPA/ObjectiveC-1G8H182PQX3QE.pcm	8f923d4971eefccd8a602bc7b6861223fc50e442db4bd08c98968360f8ddf299
armv6-evidence/swiftpm/arm64-apple-macosx/release/ModuleCache/18SLE3VSNCNPA/SwiftShims-19EWHCF94MGNA.pcm	fae9cb428deeaacb82c61ac0d0415ec9086651441c1e72a001b22755669c9ccb
armv6-evidence/swiftpm/arm64-apple-macosx/release/ModuleCache/18SLE3VSNCNPA/XPC-T0ZXCAST7PE3.pcm	abcb3b19b9579310c34ddd01a3a5f52e32712bc4d1402dfa17d606031421d5ef
armv6-evidence/swiftpm/arm64-apple-macosx/release/ModuleCache/18SLE3VSNCNPA/_AvailabilityInternal-2YSBQADOLX02V.pcm	d3fc54ec717a1ebcc83071b6f2620b00d26fd51a59f97b0b97a81dcbf1495313
armv6-evidence/swiftpm/arm64-apple-macosx/release/ModuleCache/18SLE3VSNCNPA/_Builtin_float-2RYO0GH1POOPJ.pcm	f860b1b1f3a403d4fa14252d1aeca0982807306f841c392e21b664c8dc571e3c
armv6-evidence/swiftpm/arm64-apple-macosx/release/ModuleCache/18SLE3VSNCNPA/_Builtin_inttypes-2RYO0GH1POOPJ.pcm	32d4583990886220236c67df96f217b9a0423a519c012256054fda50f86b3d8a
armv6-evidence/swiftpm/arm64-apple-macosx/release/ModuleCache/18SLE3VSNCNPA/_Builtin_limits-2RYO0GH1POOPJ.pcm	ebc437dc02255b103e2a28dedbbfc97665b47ee52da15e06b3a6afc88a8b7bfa
armv6-evidence/swiftpm/arm64-apple-macosx/release/ModuleCache/18SLE3VSNCNPA/_Builtin_stdarg-2RYO0GH1POOPJ.pcm	86a29037901c9f8000bb84cd019207a377cd82a466c87819d876084cebfc208f
armv6-evidence/swiftpm/arm64-apple-macosx/release/ModuleCache/18SLE3VSNCNPA/_Builtin_stdatomic-2RYO0GH1POOPJ.pcm	6b0baae860d52af224c01256c233b44f815c070f8e1c9dbf8ff40b0c2a38f3bd
armv6-evidence/swiftpm/arm64-apple-macosx/release/ModuleCache/18SLE3VSNCNPA/_Builtin_stdbool-2RYO0GH1POOPJ.pcm	babd0a58dfb1c5e11e0623dc4bf1165afa0433e2bda9aa2727c33df18d2b3389
armv6-evidence/swiftpm/arm64-apple-macosx/release/ModuleCache/18SLE3VSNCNPA/_Builtin_stddef-2RYO0GH1POOPJ.pcm	2b98a24fff1cb1b968310c8031db16f68f77afa838a38eead89edcc49c89d802
armv6-evidence/swiftpm/arm64-apple-macosx/release/ModuleCache/18SLE3VSNCNPA/_Builtin_stdint-2RYO0GH1POOPJ.pcm	552ffb1bd16d62b579c48b66f236909ca36669baaa5c0e0bdfb83df5e523a724
armv6-evidence/swiftpm/arm64-apple-macosx/release/ModuleCache/18SLE3VSNCNPA/_DarwinFoundation1-2YSBQADOLX02V.pcm	75d135f9cf852aa7dd9f0e264a8437fd17f39201962fecde10fa74335abf91c7
armv6-evidence/swiftpm/arm64-apple-macosx/release/ModuleCache/18SLE3VSNCNPA/_DarwinFoundation2-3J4ZFA06I5V1P.pcm	94dfb8ac4e2461bfbed1f3a4fb22678cbab713db9b6b227dcce319633952d634
armv6-evidence/swiftpm/arm64-apple-macosx/release/ModuleCache/18SLE3VSNCNPA/_DarwinFoundation3-2NSGASPTSNBVQ.pcm	a32799e12468319418e617705844856a05c686a84426631110fa321498c92656
armv6-evidence/swiftpm/arm64-apple-macosx/release/ModuleCache/18SLE3VSNCNPA/_SwiftConcurrencyShims-19EWHCF94MGNA.pcm	f86ac4804c3f5c915d6ff5c640caff7f729d3df130e407ac3e134c6a5e36b632
armv6-evidence/swiftpm/arm64-apple-macosx/release/ModuleCache/18SLE3VSNCNPA/launch-3T3BU4MASLMUM.pcm	f6dbfbea390ff48c84601f064631e0e11956e5f4ac7b6ecf2c825c81127ac385
armv6-evidence/swiftpm/arm64-apple-macosx/release/ModuleCache/18SLE3VSNCNPA/os-2MV8OP7R98AN8.pcm	63b30a9bf25e8ef4c6d6426cc0c14b095c682282bb3434de0582d633f4809c69
armv6-evidence/swiftpm/arm64-apple-macosx/release/ModuleCache/18SLE3VSNCNPA/os_object-2MV8OP7R98AN8.pcm	4a90fb77ebbf207f7edf1fd320bac8a0d30d7f18bfbe45f0052d27f4309cac51
armv6-evidence/swiftpm/arm64-apple-macosx/release/ModuleCache/18SLE3VSNCNPA/os_workgroup-2MV8OP7R98AN8.pcm	3d87b326c1372d382b11f669ed46ed92b73e5e9f9af3228ff53aee1c76e7bcd6
armv6-evidence/swiftpm/arm64-apple-macosx/release/ModuleCache/18SLE3VSNCNPA/ptrcheck-2RYO0GH1POOPJ.pcm	f81a7caa30dd34dbd222730989771140b7c540c7fd9ecd0b52d81a13787fef12
armv6-evidence/swiftpm/arm64-apple-macosx/release/ModuleCache/18SLE3VSNCNPA/sys_types-3J4ZFA06I5V1P.pcm	8b5f4c4c4e552f3bf8483596ee9eb7fc7bf19981e1a8eae0cb315e0a9040af2c
armv6-evidence/swiftpm/arm64-apple-macosx/release/ModuleCache/2LDLHZ4AZKH2E/Darwin-1FXX23EKWOBA9.pcm	569ba185057916918d25d81f800c3acc5b159f610a687b14d3a9fa93a0e3dc61
armv6-evidence/swiftpm/arm64-apple-macosx/release/ModuleCache/2LDLHZ4AZKH2E/Dispatch-R76HXUP80TVL.pcm	d489e4ed8d1fbad654b61018826cf6bf75411f8b139ce737131300dc6a4578ad
armv6-evidence/swiftpm/arm64-apple-macosx/release/ModuleCache/2LDLHZ4AZKH2E/MachO-20RPYVQSX341K.pcm	900bd51788246e56b14757cbf631e921974f1fd8ebf166d9123653335fbcbc1c
armv6-evidence/swiftpm/arm64-apple-macosx/release/ModuleCache/2LDLHZ4AZKH2E/ObjectiveC-1G8H182PQX3QE.pcm	7efd891c4320c60a03f0b9d0e488358bd15fcf17d808c5bf46597ccb2e64c750
armv6-evidence/swiftpm/arm64-apple-macosx/release/ModuleCache/2LDLHZ4AZKH2E/SwiftShims-19EWHCF94MGNA.pcm	6d14ce07d85d9190f95b5670c7b9680ec749ddc9bcec009515304cb2bc975578
armv6-evidence/swiftpm/arm64-apple-macosx/release/ModuleCache/2LDLHZ4AZKH2E/XPC-T0ZXCAST7PE3.pcm	9eb04cc2fb1768df05cef39cb31e3990d3d28a501a5edac92ede1428d50ba2f2
armv6-evidence/swiftpm/arm64-apple-macosx/release/ModuleCache/2LDLHZ4AZKH2E/_AvailabilityInternal-2YSBQADOLX02V.pcm	7481d6f2364b3e39c9011a848fda94e8e281e7f9ef7cf5846264de4952df3579
armv6-evidence/swiftpm/arm64-apple-macosx/release/ModuleCache/2LDLHZ4AZKH2E/_Builtin_float-2RYO0GH1POOPJ.pcm	e73445f9db60786fd6acc08c06f912b17743fee8f62b1c37665acdab6409f872
armv6-evidence/swiftpm/arm64-apple-macosx/release/ModuleCache/2LDLHZ4AZKH2E/_Builtin_inttypes-2RYO0GH1POOPJ.pcm	52a6109e5da81bfe9683f54c921bdfe81d8fe321e768f0a7fccee2089718bdfd
armv6-evidence/swiftpm/arm64-apple-macosx/release/ModuleCache/2LDLHZ4AZKH2E/_Builtin_limits-2RYO0GH1POOPJ.pcm	501498b88b85d15a2feca9b2864c0c85f433aa4b957977bb5f74a22595124438
armv6-evidence/swiftpm/arm64-apple-macosx/release/ModuleCache/2LDLHZ4AZKH2E/_Builtin_stdarg-2RYO0GH1POOPJ.pcm	57c4213c58e3f104a3f596966ec9cffd388bad5aae39ec8bb0c8719d0d7a4d60
armv6-evidence/swiftpm/arm64-apple-macosx/release/ModuleCache/2LDLHZ4AZKH2E/_Builtin_stdatomic-2RYO0GH1POOPJ.pcm	fb5e1a63a1e03f93fca2c5c527de73c21ebedebd1334dc4ab5e697c31e0e89aa
armv6-evidence/swiftpm/arm64-apple-macosx/release/ModuleCache/2LDLHZ4AZKH2E/_Builtin_stdbool-2RYO0GH1POOPJ.pcm	364f4d1c6790517481bbfba32fa488af027ca8dfe05e275bf939cc610aa8ff87
armv6-evidence/swiftpm/arm64-apple-macosx/release/ModuleCache/2LDLHZ4AZKH2E/_Builtin_stddef-2RYO0GH1POOPJ.pcm	1a69a003ecfada9e26edd9b870cac273d1171350f62ef26a297aa0892fb435f8
armv6-evidence/swiftpm/arm64-apple-macosx/release/ModuleCache/2LDLHZ4AZKH2E/_Builtin_stdint-2RYO0GH1POOPJ.pcm	7c79bfcf076a0f1c34d5e686fc9707a8ffa69cfe3c94b457277e90f63a926239
armv6-evidence/swiftpm/arm64-apple-macosx/release/ModuleCache/2LDLHZ4AZKH2E/_DarwinFoundation1-2YSBQADOLX02V.pcm	02ea50c5375f9280ae9f83c7ebccba5eaf4e61f8ed4301087da7efb14f2a1ca7
armv6-evidence/swiftpm/arm64-apple-macosx/release/ModuleCache/2LDLHZ4AZKH2E/_DarwinFoundation2-3J4ZFA06I5V1P.pcm	50244509a2ac690f89979412cd634f354793e63f0caa0b4ea07667b32b98191d
armv6-evidence/swiftpm/arm64-apple-macosx/release/ModuleCache/2LDLHZ4AZKH2E/_DarwinFoundation3-2NSGASPTSNBVQ.pcm	7de9d72d9d739c21c04239c86b6025a5f02fea6140f1724634df88f9ec84715e
armv6-evidence/swiftpm/arm64-apple-macosx/release/ModuleCache/2LDLHZ4AZKH2E/_SwiftConcurrencyShims-19EWHCF94MGNA.pcm	670e00370db3c5786f07bf0b07894808c4f5064d45a92e7c5f5cbbde84df941b
armv6-evidence/swiftpm/arm64-apple-macosx/release/ModuleCache/2LDLHZ4AZKH2E/_SwiftSyntaxCShims-268PSCTCY6ESD.pcm	c978364b48e0ac0a5b3a95bcd28da252a29d594ce900dfc1b8b092e4d72569f0
armv6-evidence/swiftpm/arm64-apple-macosx/release/ModuleCache/2LDLHZ4AZKH2E/launch-3T3BU4MASLMUM.pcm	0ac9f12f157976a7bec025f3c64dfa05c33b9dcb41cdd0e952dfa0ed0f0d7098
armv6-evidence/swiftpm/arm64-apple-macosx/release/ModuleCache/2LDLHZ4AZKH2E/os-2MV8OP7R98AN8.pcm	baa2cd0d76fb99ef1afc9d5af981d087d881a3e1a8535527feccb912f8e15545
armv6-evidence/swiftpm/arm64-apple-macosx/release/ModuleCache/2LDLHZ4AZKH2E/os_object-2MV8OP7R98AN8.pcm	ed7fb18927ed3794084b720200f7d16ccf3ef89dd65c216299e32106ab63db06
armv6-evidence/swiftpm/arm64-apple-macosx/release/ModuleCache/2LDLHZ4AZKH2E/os_workgroup-2MV8OP7R98AN8.pcm	a8c312d00979e4da841f88de80ec888dfb7f34ccc688dbfa2ed4b4db9116a643
armv6-evidence/swiftpm/arm64-apple-macosx/release/ModuleCache/2LDLHZ4AZKH2E/ptrcheck-2RYO0GH1POOPJ.pcm	d077c93fb36735410aa498bb120a954aa05916fa043ad9a6f8f2eddf9aaca985
armv6-evidence/swiftpm/arm64-apple-macosx/release/ModuleCache/2LDLHZ4AZKH2E/sys_types-3J4ZFA06I5V1P.pcm	edcb98d39f6baf045f580255b7a2b94cbe25f8b424eecc45c440b9157de6674b
armv6-evidence/swiftpm/arm64-apple-macosx/release/ModuleCache/Combine-12VGLFQX5WK65.swiftmodule	ac3adf8524e0502e0a9f5f2ead4c938c3cba03a3e2ae69e5ff71d9d43514b4a8
armv6-evidence/swiftpm/arm64-apple-macosx/release/ModuleCache/Darwin-KAMM2KBRX1UD.swiftmodule	169427d2ddb9218ae32a761f1f07a6574c884a74cb561370d127b70c0a257641
armv6-evidence/swiftpm/arm64-apple-macosx/release/ModuleCache/Dispatch-2SVB8VHYDEVHE.swiftmodule	0d1b9b5fa114240384f77847e96c24b6d7c1585d2589cee87b0a44eaa350a355
armv6-evidence/swiftpm/arm64-apple-macosx/release/ModuleCache/ObjectiveC-1CAF64Z98ZQ1C.swiftmodule	2d3c0619a2850ace003b47957d8c6f4c22058ee3675a95379abaf1d34036688c
armv6-evidence/swiftpm/arm64-apple-macosx/release/ModuleCache/XPC-1531KTDZFOPQT.swiftmodule	3f543cb9df397fad5bd521917406261aeda6d90de74f6f00e07fafbee8bb4c94
armv6-evidence/swiftpm/arm64-apple-macosx/release/ModuleCache/_DarwinFoundation1-2G59DTQTZVHQ8.swiftmodule	620957e654d1ec1a700e78295eb90de77e0d8979986b230ee6e988e087296dc8
armv6-evidence/swiftpm/arm64-apple-macosx/release/ModuleCache/_DarwinFoundation2-3PYWV2IF5DC9B.swiftmodule	d8ce8cd3c248a14896edb16ed9dd30a543c6da152692f0eb25e87f0444f78328
armv6-evidence/swiftpm/arm64-apple-macosx/release/ModuleCache/_DarwinFoundation3-NL56UP74R7KV.swiftmodule	1e87e767569c3ae13e717fef6051608e02c3d064dbae4a0eecfc278e2af2a9c7
armv6-evidence/swiftpm/arm64-apple-macosx/release/ModuleCache/modules.timestamp	e3b0c44298fc1c149afbf4c8996fb92427ae41e4649b934ca495991b7852b855
armv6-evidence/swiftpm/arm64-apple-macosx/release/ModuleCache/os-2R992ODAQORC5.swiftmodule	da10595df8997a080f20d169f4ff8cce9acd65d6d8124c4f2bd548c74abe6bff
armv6-evidence/swiftpm/arm64-apple-macosx/release/Modules-tool/GiftUIMacros.abi.json	4277ac6b49f8511196028a5ac20f5b1b1dfa754c24615d34068089f0b1739728
armv6-evidence/swiftpm/arm64-apple-macosx/release/Modules-tool/GiftUIMacros.swiftdoc	98c7a914c24baa1da6ce3bc9998006fcd3d05d8701f90f3fd3d68ae62bb75543
armv6-evidence/swiftpm/arm64-apple-macosx/release/Modules-tool/GiftUIMacros.swiftmodule	b93befc859027874f99b89be198d86dd2bb1ee8fb05d594a481a4e8a00d11d8c
armv6-evidence/swiftpm/arm64-apple-macosx/release/Modules-tool/GiftUIMacros.swiftsourceinfo	0d1932be20d9597d9486824aa6c03d8b43c8f356d26b8166d672d7af1623639e
armv6-evidence/swiftpm/arm64-apple-macosx/release/SignalAnalyzerData-tool.build/include/module.modulemap	9c55d916e3fd2d888f9d20c3d25d3ead0c1c5c58925bd99daa751a9904c5be0a
armv6-evidence/swiftpm/arm64-apple-macosx/release/SignalAnalyzerData-tool.build/output-file-map.json	a25f6ce5b78ff5c3e1697e4f654f017522d98822732ecd89d26f2df0022d5fe0
armv6-evidence/swiftpm/arm64-apple-macosx/release/SignalAnalyzerDataTests-tool.build/output-file-map.json	f672e53360524e579835d1c9eebd3a960a3affb0318d88a8789a959284784caa
armv6-evidence/swiftpm/arm64-apple-macosx/release/SignalAnalyzerDomain-tool.build/include/module.modulemap	ee0e2fcf29c93e0a10689e44bc3ded289d607cb48c0d5a5439c7cd310c69d5b1
armv6-evidence/swiftpm/arm64-apple-macosx/release/SignalAnalyzerDomain-tool.build/output-file-map.json	1a069941d9c9649e46af75dbce09b5e1082f58dd2543f23ab185ea0a1e71bdae
armv6-evidence/swiftpm/arm64-apple-macosx/release/SignalAnalyzerDomainTests-tool.build/output-file-map.json	38d98db266b566348b50cb5c760c09fa76162508f65cb260a0e2542477a72a8f
armv6-evidence/swiftpm/arm64-apple-macosx/release/SignalAnalyzerHost-tool.build/include/module.modulemap	39bdf1270638e635d1cb8f9abc820823c4f5224682fd13faedceb29059861d80
armv6-evidence/swiftpm/arm64-apple-macosx/release/SignalAnalyzerHost-tool.build/output-file-map.json	f4ccfe4b4a824c9d0d65cc5aedfa504884c08a3508a0fb0c4f648b71afd11101
armv6-evidence/swiftpm/arm64-apple-macosx/release/SignalAnalyzerPresentation-tool.build/include/module.modulemap	77420f8d32944c02f782371ef4b0a6f7bbc0745210a7b4e4f56ccf93baab943b
armv6-evidence/swiftpm/arm64-apple-macosx/release/SignalAnalyzerPresentation-tool.build/output-file-map.json	11de41ea1505cffcb685d941893c2f3e1f1c49003be380931419e65eec04f24e
armv6-evidence/swiftpm/arm64-apple-macosx/release/SignalAnalyzerPresentationTests-tool.build/output-file-map.json	ace3970b7efe467cbf14cb4d66a7a023df83dc3848e995c499f1c26278c10ad1
armv6-evidence/swiftpm/arm64-apple-macosx/release/SignalAnalyzerPresetHarness-tool.build/include/module.modulemap	6dad6b40b08fc7c57a17163c63d851348d51348fb235e4c70bcc5f142ef4f13b
armv6-evidence/swiftpm/arm64-apple-macosx/release/SignalAnalyzerPresetHarness-tool.build/output-file-map.json	bb70ca3ac5153d751c45275e92ee1990b363b0c3479632512685a3dddca8f18e
armv6-evidence/swiftpm/arm64-apple-macosx/release/SignalAnalyzerTargetHost-tool.build/include/module.modulemap	01a0d06f0f5602f5d8876e74fab6e70c346bf2b0ff9143a06163bed060fffdc6
armv6-evidence/swiftpm/arm64-apple-macosx/release/SignalAnalyzerTargetHost-tool.build/output-file-map.json	2af829549f412d1b01fc1af9b89b24bfaac023e119626150d0108fe8b7417e47
armv6-evidence/swiftpm/arm64-apple-macosx/release/SwiftBasicFormat-tool.build/include/module.modulemap	bd067293e2a2f07b217d492dd65d2e683f267300734ac5822af75ac7dab90778
armv6-evidence/swiftpm/arm64-apple-macosx/release/SwiftBasicFormat-tool.build/output-file-map.json	4940e2c72d545d3285a08b57248af9809d148f5c1f658861ed005fa804cea31f
armv6-evidence/swiftpm/arm64-apple-macosx/release/SwiftCompilerPlugin-tool.build/include/module.modulemap	50ebe1da25a75beb1d9e983c36ee07536b134be818b3be73437d4ffebb7c6407
armv6-evidence/swiftpm/arm64-apple-macosx/release/SwiftCompilerPlugin-tool.build/output-file-map.json	2e5297e28e2700a9ceb1a31eabf0b75a7e1e56b27094b3deced5b97ba4626d59
armv6-evidence/swiftpm/arm64-apple-macosx/release/SwiftCompilerPluginMessageHandling-tool.build/include/module.modulemap	d3148f4917f32d7b1c9c603030046f87f4e826a98408458063c547e6129cf1cc
armv6-evidence/swiftpm/arm64-apple-macosx/release/SwiftCompilerPluginMessageHandling-tool.build/output-file-map.json	3831f03d11d08c2e6dd8c25bed1fe3298b248127eb63c5564458c7d05ad2a64e
armv6-evidence/swiftpm/arm64-apple-macosx/release/SwiftDiagnostics-tool.build/include/module.modulemap	ff2f1680f31e3ea62eb0fc2a0ebe65163b53702274a4f803a378303aabe46c3f
armv6-evidence/swiftpm/arm64-apple-macosx/release/SwiftDiagnostics-tool.build/output-file-map.json	b1c51b8e9796287ad7929e9516f2f4d271a503056af4ada0d2df8ff5b6adea64
armv6-evidence/swiftpm/arm64-apple-macosx/release/SwiftIDEUtils-tool.build/include/module.modulemap	a60f52a321cacf5bd5bdb717ef63551814a4f7f1d64c223724f1b929dd18f748
armv6-evidence/swiftpm/arm64-apple-macosx/release/SwiftIDEUtils-tool.build/output-file-map.json	c4b22ed85d120ee8085056c48a173076ed85e768a442d30888d4623709d2c9a3
armv6-evidence/swiftpm/arm64-apple-macosx/release/SwiftIfConfig-tool.build/include/module.modulemap	c09bfc23da71cff08e42f7235d694b22c736d2f994b9230599bd7d9f16923d66
armv6-evidence/swiftpm/arm64-apple-macosx/release/SwiftIfConfig-tool.build/output-file-map.json	c13c0ad9ee9705f706b4b4328507a8961a634fd26888729ea0276a961086e33e
armv6-evidence/swiftpm/arm64-apple-macosx/release/SwiftOperators-tool.build/include/module.modulemap	c1a30568b0dc1ccd00e507b39ad43f49d17869030b6b50154b27d329091f7fa4
armv6-evidence/swiftpm/arm64-apple-macosx/release/SwiftOperators-tool.build/output-file-map.json	011edf23838a9150fe85766e84eba1c37ef3346ff9f3e22eaf89606ea1fee778
armv6-evidence/swiftpm/arm64-apple-macosx/release/SwiftParser-tool.build/include/module.modulemap	50d441966d4bcf28f4f90b95356998e05dea6cd49f6ec87cff4381b3cca8ff8d
armv6-evidence/swiftpm/arm64-apple-macosx/release/SwiftParser-tool.build/output-file-map.json	5d66328b4f76f25ed839aa59716017238ef2cc3153a905e940e62ff7fb468b4d
armv6-evidence/swiftpm/arm64-apple-macosx/release/SwiftParserDiagnostics-tool.build/include/module.modulemap	19e56881b0bccfda3a6250a564434fe215c2f7ecedd4edf898834dcdb548346f
armv6-evidence/swiftpm/arm64-apple-macosx/release/SwiftParserDiagnostics-tool.build/output-file-map.json	b19088795eb63add423e3e0639b130ff8edaa2f21ac0748dbd73729359047a9c
armv6-evidence/swiftpm/arm64-apple-macosx/release/SwiftSyntax-tool.build/include/module.modulemap	6d19573e273a939dcb2c19950115cff37ad6482d9b6f450e2a010a93e6cc89f8
armv6-evidence/swiftpm/arm64-apple-macosx/release/SwiftSyntax-tool.build/output-file-map.json	a503053e6b6514695223f61f1d9ae4fde9a381a2ad38b1a0ebb5b6bc7a0d92fd
armv6-evidence/swiftpm/arm64-apple-macosx/release/SwiftSyntax509-tool.build/include/module.modulemap	b26858d1116c178838ef035764e02bdaa43ddb6556c6f532b86833424cf73123
armv6-evidence/swiftpm/arm64-apple-macosx/release/SwiftSyntax509-tool.build/output-file-map.json	4afb7883218078bb611193e9515dcf49f74e1758734d3f88658dbb8a8d657935
armv6-evidence/swiftpm/arm64-apple-macosx/release/SwiftSyntax510-tool.build/include/module.modulemap	e628db9846561841083cff4d4acd2d195ab3721d13011e702bef20a017db328e
armv6-evidence/swiftpm/arm64-apple-macosx/release/SwiftSyntax510-tool.build/output-file-map.json	2bdf438e84da04b3f4a9084fa542425e4c7101f375e89f2e26d7664105daab5f
armv6-evidence/swiftpm/arm64-apple-macosx/release/SwiftSyntax600-tool.build/include/module.modulemap	00a3d96eec2feedcc05c4c455814e2eb43b517ae3c52fb200c41182907c2f307
armv6-evidence/swiftpm/arm64-apple-macosx/release/SwiftSyntax600-tool.build/output-file-map.json	6a860223e8345d148c8336e63f1813f64119270a274ed6e558f7018e97c7c3aa
armv6-evidence/swiftpm/arm64-apple-macosx/release/SwiftSyntax601-tool.build/include/module.modulemap	8c220a8aba2fa2fa012cf3616ad641573267af3eeeb243c2e4148daa4155786c
armv6-evidence/swiftpm/arm64-apple-macosx/release/SwiftSyntax601-tool.build/output-file-map.json	af9ee588f7e85daa07e3d751da462e119abc697991b44dce30ae160a10cd0a2c
armv6-evidence/swiftpm/arm64-apple-macosx/release/SwiftSyntax602-tool.build/include/module.modulemap	f14e740b29c8793d98fec0cdec15ce16ec802b5c296097b51065b008fa5fcba5
armv6-evidence/swiftpm/arm64-apple-macosx/release/SwiftSyntax602-tool.build/output-file-map.json	902a9f5e2ee8545ccae0a4203dcb9e8ada7b0dff43f42169c638972305029983
armv6-evidence/swiftpm/arm64-apple-macosx/release/SwiftSyntax603-tool.build/include/module.modulemap	ef3c41216ef39fe992814960a9906b732880edce78baea31bb0c0390a7244266
armv6-evidence/swiftpm/arm64-apple-macosx/release/SwiftSyntax603-tool.build/output-file-map.json	cc8a540d0b7bbc09e4d938c8585ddd9bc2195b1da59c43d149fedd06d5453504
armv6-evidence/swiftpm/arm64-apple-macosx/release/SwiftSyntaxBuilder-tool.build/include/module.modulemap	d31d2b7a729fa05c7ce99d5dab072b9ff348147bc980ce50604e3607d72e393a
armv6-evidence/swiftpm/arm64-apple-macosx/release/SwiftSyntaxBuilder-tool.build/output-file-map.json	ccb544d66fc4abc1c9aa6f9ac4e2c4754c542cbab44d8e657669579fd05809c0
armv6-evidence/swiftpm/arm64-apple-macosx/release/SwiftSyntaxMacroExpansion-tool.build/include/module.modulemap	188c54c13a58c1382170a8972794dc45def57a2188ce72e6ba2fe8df560a43f6
armv6-evidence/swiftpm/arm64-apple-macosx/release/SwiftSyntaxMacroExpansion-tool.build/output-file-map.json	4bcaf1ab9a94e8c32aed583a13672b2d5de0c698492545418cc8a1467a520fb0
armv6-evidence/swiftpm/arm64-apple-macosx/release/SwiftSyntaxMacros-tool.build/include/module.modulemap	4a0ccfab250ba0c41387a96a346f3b80efc160d112e476d5fc1353f8cbd81227
armv6-evidence/swiftpm/arm64-apple-macosx/release/SwiftSyntaxMacros-tool.build/output-file-map.json	295817da08fba89ba9c181faff5c0801671d6d09632bc78c5837a101fcd8accb
armv6-evidence/swiftpm/arm64-apple-macosx/release/SwiftSyntaxMacrosGenericTestSupport-tool.build/include/module.modulemap	e0d8ab8baf972db34a784c3e2678fa7aebd2fa458e7f50883f1ed86c45e4c781
armv6-evidence/swiftpm/arm64-apple-macosx/release/SwiftSyntaxMacrosGenericTestSupport-tool.build/output-file-map.json	27e0f59cd063da0a90db23e152eeeab0f1c223a3f48a3a9597dd17c9c6454a0b
armv6-evidence/swiftpm/arm64-apple-macosx/release/SwiftSyntaxMacrosTestSupport-tool.build/include/module.modulemap	08ca6f6baea875ea1dc7b6707f7f1e7894a8676a932a4273d1dab8807ec88706
armv6-evidence/swiftpm/arm64-apple-macosx/release/SwiftSyntaxMacrosTestSupport-tool.build/output-file-map.json	630db53db8b5036b2a88b6d51be69f6e209748d6471ed0f66156876ee2c4967c
armv6-evidence/swiftpm/arm64-apple-macosx/release/_SwiftSyntaxGenericTestSupport-tool.build/include/module.modulemap	c3b1b8cae2eee91b6aedca329c0bd42e2d3b21a6da4b31c3c558c553db52c10a
armv6-evidence/swiftpm/arm64-apple-macosx/release/_SwiftSyntaxGenericTestSupport-tool.build/output-file-map.json	729eaaa2cad05202a455d7bacfbad866045489e7cc7ea5dadf59ec5eb6967767
armv6-evidence/swiftpm/arm64-apple-macosx/release/plugin-tools-description.json	3d7b5a9fef52b5501a97cef2fc90f8f96d08fc405506eb5afc1d0eb18ea33c35
armv6-evidence/swiftpm/armv6-unknown-linux-gnueabihf/release/GiftUI.build/ActionHandler.swift.o	4ae374166f6f19eec47e060042193bc4f848eb18aed47e1a43cf182a87df983f
armv6-evidence/swiftpm/armv6-unknown-linux-gnueabihf/release/GiftUI.build/BoundedText.swift.o	a6df1cc89864ac0d8aa6516828985e1535a0c51dbbd0587d32a917720d9bd3d9
armv6-evidence/swiftpm/armv6-unknown-linux-gnueabihf/release/GiftUI.build/Button.swift.o	eeef2e98513cee1193aac6157ac81c2215aa188605dc3824b91bbbbb4f39ea80
armv6-evidence/swiftpm/armv6-unknown-linux-gnueabihf/release/GiftUI.build/Canvas.swift.o	d1ca6dedbcca39d1b19760c4c80c15b33fa2f3aa3cad66001b95ace224de45b6
armv6-evidence/swiftpm/armv6-unknown-linux-gnueabihf/release/GiftUI.build/Color.swift.o	fad1df87f65b4954fb37e8773f6a5f36a3e1c1f4539f505eaa92765409d20f72
armv6-evidence/swiftpm/armv6-unknown-linux-gnueabihf/release/GiftUI.build/DeclarativeView.swift.o	fb6f919f2c15ab571c5d73f9b81f23845802fc811be0ecc428971103f38dbef9
armv6-evidence/swiftpm/armv6-unknown-linux-gnueabihf/release/GiftUI.build/Disabled.swift.o	e2e449b13e19435e3bcb0076fb50663ffe6c3d8012b955412fe787871fb5afa0
armv6-evidence/swiftpm/armv6-unknown-linux-gnueabihf/release/GiftUI.build/DrawingStyles.swift.o	a03570f2d4cabab8503e94accec7ef1591b21832db6ddd4e82f2d50eccb2c63c
armv6-evidence/swiftpm/armv6-unknown-linux-gnueabihf/release/GiftUI.build/DrawingSurface.swift.o	7a6b25d2e54bf2be85f9d1dbe13633b22cd10148961c767d88b7f9ce390000e0
armv6-evidence/swiftpm/armv6-unknown-linux-gnueabihf/release/GiftUI.build/GiftUI.d	212254b057a43294b592605e73f09a0581f7799f7f109360b7125790aa8d197d
armv6-evidence/swiftpm/armv6-unknown-linux-gnueabihf/release/GiftUI.build/GiftUI.dia	2c72d5afff8cce441f2f8299a18215b0bf79605aa7eb05839e38f7949b46c0e2
armv6-evidence/swiftpm/armv6-unknown-linux-gnueabihf/release/GiftUI.build/GiftUI.swift.o	b5c87bd0deaf148bfc68200ee64fd3f0fc174285dc735649f174398c3b4b2482
armv6-evidence/swiftpm/armv6-unknown-linux-gnueabihf/release/GiftUI.build/LayoutContainers.swift.o	5067988f1c541ea523a17b7263801bc4a556d6b913447eb020a2537d71e69da2
armv6-evidence/swiftpm/armv6-unknown-linux-gnueabihf/release/GiftUI.build/LayoutModifiers.swift.o	cf1262509772f32cc6893f1040751ebe630986147cc30d4c8e31da055d7b1938
armv6-evidence/swiftpm/armv6-unknown-linux-gnueabihf/release/GiftUI.build/LayoutValues.swift.o	0f1497c3c000d02cc1649f739f75811bff037da94b0f6c62829fa99eca3659d2
armv6-evidence/swiftpm/armv6-unknown-linux-gnueabihf/release/GiftUI.build/ObservableState.swift.o	9bbb0d7145f50dbc8227e429c49ad04875682620bc8345e72cfaca75c01daa25
armv6-evidence/swiftpm/armv6-unknown-linux-gnueabihf/release/GiftUI.build/StyleModifiers.swift.o	acfc9c805ce9f637cca8edd0c3953fa2b8d0e5be6a8748479081bf6d40d186dc
armv6-evidence/swiftpm/armv6-unknown-linux-gnueabihf/release/GiftUI.build/Text.swift.o	e40fc40345fe690896eb7b9611c4809588ee082e57b8730e8ff646dfe945f24f
armv6-evidence/swiftpm/armv6-unknown-linux-gnueabihf/release/GiftUI.build/include/GiftUI-Swift.h	f4465491d68feb590458c6633678ee17574c5e36fff9b654a61764403a8053bf
armv6-evidence/swiftpm/armv6-unknown-linux-gnueabihf/release/GiftUI.build/include/module.modulemap	426768bb409d40de694f214660b98a233ea8a3972ed39672d70afc1b102196f8
armv6-evidence/swiftpm/armv6-unknown-linux-gnueabihf/release/GiftUI.build/output-file-map.json	adddc7438332ae2a05bf0b640bb41571743f7a9a3cb8b1574a086b9aa6393a95
armv6-evidence/swiftpm/armv6-unknown-linux-gnueabihf/release/GiftUI.build/sources	69ba40856431dc63ab6b0ec024591665f65e51f67d5824626ee2128f0b71ac6f
armv6-evidence/swiftpm/armv6-unknown-linux-gnueabihf/release/GiftUIBackendIntegration.build/FullSurfacePayloadEmitter.swift.o	8bed520e75e6cacb982d89ed116c8dbf3c603141bc7ba4fe4490c2132be3f1fd
armv6-evidence/swiftpm/armv6-unknown-linux-gnueabihf/release/GiftUIBackendIntegration.build/GiftUIBackendIntegration.d	a642a72bb8f1c6fbb5fb2ae13a064281ec336864a135387aae8d4f0ebe6252e5
armv6-evidence/swiftpm/armv6-unknown-linux-gnueabihf/release/GiftUIBackendIntegration.build/GiftUIBackendIntegration.dia	2c72d5afff8cce441f2f8299a18215b0bf79605aa7eb05839e38f7949b46c0e2
armv6-evidence/swiftpm/armv6-unknown-linux-gnueabihf/release/GiftUIBackendIntegration.build/OneShotRasterBackendEndpoint.swift.o	ce481a99080a52a4359a294b5458dbcffd9d0f61e1f2f1901c9210afbbb76ad5
armv6-evidence/swiftpm/armv6-unknown-linux-gnueabihf/release/GiftUIBackendIntegration.build/OperationMajorRGB565RasterSession.swift.o	bc0de68700769f81aec9020745e4d7e41950d7f12ee024da4d90129b661833f0
armv6-evidence/swiftpm/armv6-unknown-linux-gnueabihf/release/GiftUIBackendIntegration.build/OperationMajorTileTraversal.swift.o	3bb93eddc064c77852c49bad671b1f8c26df85fbdeeb5c8184e4634981deec8c
armv6-evidence/swiftpm/armv6-unknown-linux-gnueabihf/release/GiftUIBackendIntegration.build/RGB565TilePayloadEmitter.swift.o	1fd925fd6ca6396b4a0dea12a6a11b8418b8c2d23b5455cf990bf0dc50e44e66
armv6-evidence/swiftpm/armv6-unknown-linux-gnueabihf/release/GiftUIBackendIntegration.build/RasterBackendEndpoint.swift.o	e626b1a566fe4a0f79217b14ffa2e80f6f4dae556457b287da9ceec0aa88d2cb
armv6-evidence/swiftpm/armv6-unknown-linux-gnueabihf/release/GiftUIBackendIntegration.build/RasterBackendOwnerFailureAdapter.swift.o	39881644e2960408ca74433be621979e55a9308170d52807004b301a990c1de0
armv6-evidence/swiftpm/armv6-unknown-linux-gnueabihf/release/GiftUIBackendIntegration.build/RasterBackendStartupValidator.swift.o	fd3a5845f135c71fc2f0e8cce40f5cf227cd8c117cf5ef16e2c0c86eac45e3a8
armv6-evidence/swiftpm/armv6-unknown-linux-gnueabihf/release/GiftUIBackendIntegration.build/RasterFrameWorkAdmission.swift.o	e1f045ac975453e4c83924e6433b84dfbb2f4af872cbaf8f4e68fa7cbe0f68e9
armv6-evidence/swiftpm/armv6-unknown-linux-gnueabihf/release/GiftUIBackendIntegration.build/RasterTextResourceValidation.swift.o	dbcac6bb5c1c75b7c9d316b318cc122e8a2cf846d4bdd9d908253609020ec7d8
armv6-evidence/swiftpm/armv6-unknown-linux-gnueabihf/release/GiftUIBackendIntegration.build/include/GiftUIBackendIntegration-Swift.h	080e4a46760c8417d90f3697ae962b871c11bd7f186ab62919955fc89eca7bff
armv6-evidence/swiftpm/armv6-unknown-linux-gnueabihf/release/GiftUIBackendIntegration.build/include/module.modulemap	dd2ee9c8d18fdcb5b6625245fa6d9d28545d513da4a543f39529829c25ad6a95
armv6-evidence/swiftpm/armv6-unknown-linux-gnueabihf/release/GiftUIBackendIntegration.build/output-file-map.json	565acdf0a1aee45863e00a056a5c0a8ee57fba4addb9f5f0ac819e79d5c1e273
armv6-evidence/swiftpm/armv6-unknown-linux-gnueabihf/release/GiftUIBackendIntegration.build/sources	e7a6c349925cf27b6de87fff9efc24c1df8f43b0cd9dd5c9eab319f9f354c316
armv6-evidence/swiftpm/armv6-unknown-linux-gnueabihf/release/GiftUICapabilities.build/GiftUICapabilities.d	a6566843fce8aa11d91aa675a8bc2e52b0521a049b5104639376082d9bcb7438
armv6-evidence/swiftpm/armv6-unknown-linux-gnueabihf/release/GiftUICapabilities.build/GiftUICapabilities.dia	2c72d5afff8cce441f2f8299a18215b0bf79605aa7eb05839e38f7949b46c0e2
armv6-evidence/swiftpm/armv6-unknown-linux-gnueabihf/release/GiftUICapabilities.build/GiftUICapabilities.swift.o	025153e0b44303fc3c47cc80f55e820e9940f54c13560372d11e81b4555be983
armv6-evidence/swiftpm/armv6-unknown-linux-gnueabihf/release/GiftUICapabilities.build/include/GiftUICapabilities-Swift.h	32f911f94c72bb566dc6c6f4bc74747e239706c6456fa4da5c944e848120b1e9
armv6-evidence/swiftpm/armv6-unknown-linux-gnueabihf/release/GiftUICapabilities.build/include/module.modulemap	259fb226cb6d39081aee1df065ae1c52b1ba3b47843ef40654604623425f02b8
armv6-evidence/swiftpm/armv6-unknown-linux-gnueabihf/release/GiftUICapabilities.build/output-file-map.json	ce25b353767d14955eb054b3112b8de4a89eb76780e0280a71e3265047a8271e
armv6-evidence/swiftpm/armv6-unknown-linux-gnueabihf/release/GiftUICapabilities.build/sources	cbe0bb35354e9e7974748b0bd2b61d8c403c880b5f21c06a5fa1b386cf4fc025
armv6-evidence/swiftpm/armv6-unknown-linux-gnueabihf/release/GiftUICapabilityFailureAdapterFixture.build/include/module.modulemap	03120de8fbce087c6a66da3f8e772fd56895e9039dbb2965af2a3a704862c7ff
armv6-evidence/swiftpm/armv6-unknown-linux-gnueabihf/release/GiftUICapabilityFailureAdapterFixture.build/output-file-map.json	234be916424f2f0684c53a393adda5b53357438f9c461a8d23d2f3d1f9b6a80c
armv6-evidence/swiftpm/armv6-unknown-linux-gnueabihf/release/GiftUIDisplayCore.build/DisplayContracts.swift.o	3c8da4a51deccb319eee539aedd172161d72583c35b930017d3bea2e07b6b318
armv6-evidence/swiftpm/armv6-unknown-linux-gnueabihf/release/GiftUIDisplayCore.build/GiftUIDisplayCore.d	e40cd871535e7b324a3964cf77f92303d2b63e8fa9142662edb2ff32781dc6e1
armv6-evidence/swiftpm/armv6-unknown-linux-gnueabihf/release/GiftUIDisplayCore.build/GiftUIDisplayCore.dia	2c72d5afff8cce441f2f8299a18215b0bf79605aa7eb05839e38f7949b46c0e2
armv6-evidence/swiftpm/armv6-unknown-linux-gnueabihf/release/GiftUIDisplayCore.build/SurfaceDisplayContributionAdapter.swift.o	c81b4597f36093053681564d3f50bd3b7c77faa17762225addf2ec5a307777b9
armv6-evidence/swiftpm/armv6-unknown-linux-gnueabihf/release/GiftUIDisplayCore.build/include/GiftUIDisplayCore-Swift.h	d32751adcba2685e19b4beb75c185ee923e5cccc3000d5057f6323d8966646ab
armv6-evidence/swiftpm/armv6-unknown-linux-gnueabihf/release/GiftUIDisplayCore.build/include/module.modulemap	ed020dbda695b6273fdad1f45d5399c03dcc7c883ada65c3f2d2e7b94ea960b4
armv6-evidence/swiftpm/armv6-unknown-linux-gnueabihf/release/GiftUIDisplayCore.build/output-file-map.json	9bfcc1f5f43748f8a269582e7f3ff04e3720ca1097e3d90b7ed8e1d5105ee22d
armv6-evidence/swiftpm/armv6-unknown-linux-gnueabihf/release/GiftUIDisplayCore.build/sources	6b5406274d8fb531b8465dfe752b45337de183d82199d7c744e4e4865ed918a1
armv6-evidence/swiftpm/armv6-unknown-linux-gnueabihf/release/GiftUIDrawing.build/include/module.modulemap	61fa5bf7b5fd7d82f930f8b341e92a749e36f021fe383e2cddcb0241d8b56567
armv6-evidence/swiftpm/armv6-unknown-linux-gnueabihf/release/GiftUIDrawing.build/output-file-map.json	f0392cc83e2f73aa472286640c449b9f61f25910091e3436da8b88546624e727
armv6-evidence/swiftpm/armv6-unknown-linux-gnueabihf/release/GiftUIDrawingFailureAdapterFixture.build/include/module.modulemap	094d259b38ee9b4e5435142836c827bdbc900876788c5f6116fceacda4ae9aed
armv6-evidence/swiftpm/armv6-unknown-linux-gnueabihf/release/GiftUIDrawingFailureAdapterFixture.build/output-file-map.json	7f46bae56c7265922bedc821432c84c8c2dfc4b5e4dc3458049192ef7c72dd43
armv6-evidence/swiftpm/armv6-unknown-linux-gnueabihf/release/GiftUIDynamicConveniences.build/include/module.modulemap	6d00840bd8130820f3f0bf897aeac3d84ae9a99f0f39c915c7fbb61a714b81e9
armv6-evidence/swiftpm/armv6-unknown-linux-gnueabihf/release/GiftUIDynamicConveniences.build/output-file-map.json	a4629cc8cde0344714846ae30ad62069746c6331c21496ea8bc6d5c532f2e078
armv6-evidence/swiftpm/armv6-unknown-linux-gnueabihf/release/GiftUIExecution.build/AdmissionValues.swift.o	e104114cbe4a7270a68e324530090744693e61c592fea290176f8b6fb19b2686
armv6-evidence/swiftpm/armv6-unknown-linux-gnueabihf/release/GiftUIExecution.build/ExecutionAdmissionController.swift.o	8a01b2fafaac4205b78dd9f1a646e38b52eab1bb080b0c04485a1442cdb251f8
armv6-evidence/swiftpm/armv6-unknown-linux-gnueabihf/release/GiftUIExecution.build/ExecutionAdmissionSealTransaction.swift.o	7e00e55d585ee9345c8ad7e7662cb6c2969c0cf03c25eac3d459d2730c0fed93
armv6-evidence/swiftpm/armv6-unknown-linux-gnueabihf/release/GiftUIExecution.build/ExecutionAdmissionSealer.swift.o	6cc2336cfe796c5d15ab0f6678c4da0d2ca8ace71564846569b9f4a71040d519
armv6-evidence/swiftpm/armv6-unknown-linux-gnueabihf/release/GiftUIExecution.build/ExecutionMutationBatch.swift.o	cdb463455e02286e35dc6b9abd4d57c4c8f08f1f49cc1b76cac44f40df751243
armv6-evidence/swiftpm/armv6-unknown-linux-gnueabihf/release/GiftUIExecution.build/ExecutionOpportunityRunner.swift.o	8693da8b5ede087e71f35549242a64a391547c8b5fae073da7ab8809fbb74b32
armv6-evidence/swiftpm/armv6-unknown-linux-gnueabihf/release/GiftUIExecution.build/ExecutionPhaseMachine.swift.o	1f85b8e5f1d3aad4414ed089df848f0c18a0e3ddca71cf5f83d003378459778a
armv6-evidence/swiftpm/armv6-unknown-linux-gnueabihf/release/GiftUIExecution.build/ExecutionValues.swift.o	a14b7123f829fc63e57a2859d050fbd1ca24af2047c77ac1a5b526765edc0d33
armv6-evidence/swiftpm/armv6-unknown-linux-gnueabihf/release/GiftUIExecution.build/ExecutionWakeAccumulator.swift.o	670a068f82c951cdbbf61920430edb20d4204a38bf8a10fd332e8c34a8d70e55
armv6-evidence/swiftpm/armv6-unknown-linux-gnueabihf/release/GiftUIExecution.build/FrameHandoffValues.swift.o	f46799c9fa31339cb0d0330afc29e3a359733c974122da6a147eed5dbf9be762
armv6-evidence/swiftpm/armv6-unknown-linux-gnueabihf/release/GiftUIExecution.build/FrameOfferNormalization.swift.o	5e1b37aa79adfe8c7e84690c2ff49674be3fa72d556d58aee74397395700637a
armv6-evidence/swiftpm/armv6-unknown-linux-gnueabihf/release/GiftUIExecution.build/GiftUIExecution.d	5d80dcf0882ee88b718f077f3df7cd361c4c2b287b6f3e3883835395c4090bc4
armv6-evidence/swiftpm/armv6-unknown-linux-gnueabihf/release/GiftUIExecution.build/GiftUIExecution.dia	2c72d5afff8cce441f2f8299a18215b0bf79605aa7eb05839e38f7949b46c0e2
armv6-evidence/swiftpm/armv6-unknown-linux-gnueabihf/release/GiftUIExecution.build/IdentityAllocators.swift.o	b9566dcd9abf3aa25377975f388d243aeefde3fbf2978a1da2a9d0262d3706e8
armv6-evidence/swiftpm/armv6-unknown-linux-gnueabihf/release/GiftUIExecution.build/InputSourceSequenceState.swift.o	91152ee6dd9b4512ed427c73330f7762c17cd529934c45cdf5eb33e44937a7c7
armv6-evidence/swiftpm/armv6-unknown-linux-gnueabihf/release/GiftUIExecution.build/PointerActionCapture.swift.o	e9e1ce2de01d667bb2c85cc8c652eb5d353194a1d244d7ae7c51b0ddc49994de
armv6-evidence/swiftpm/armv6-unknown-linux-gnueabihf/release/GiftUIExecution.build/RecordingCandidateOfferCoordinator.swift.o	ffa7d9611d7e789859053a5b3395110fb4c0c12bb5fc1fda0b091992510ed077
armv6-evidence/swiftpm/armv6-unknown-linux-gnueabihf/release/GiftUIExecution.build/RecordingCycleCoordinator.swift.o	2b879381711aff5a7015616e28488cf7bab1dab971b252c976476fc39b122aa5
armv6-evidence/swiftpm/armv6-unknown-linux-gnueabihf/release/GiftUIExecution.build/RecordingCycleFinalizer.swift.o	7123a6147e5ee318a30924caa9670fabbe2f4ff88172c48d302e0f3fc7b2c42b
armv6-evidence/swiftpm/armv6-unknown-linux-gnueabihf/release/GiftUIExecution.build/RecordingDerivationRecovery.swift.o	f18dffe78ce88507fe30fcbd6c191d5ba860c2c9d93deffab1d710f15a6cc4a4
armv6-evidence/swiftpm/armv6-unknown-linux-gnueabihf/release/GiftUIExecution.build/RecordingDerivationTransaction.swift.o	58615e1c593abc223dce80e9fe50013195bbe4000b0cd652d75834ed6031c465
armv6-evidence/swiftpm/armv6-unknown-linux-gnueabihf/release/GiftUIExecution.build/RecordingFocusedFailureSelection.swift.o	a509393fa76f8a0ba05ad96b424eb41d1d3b8ca8860b1a09e53e702e5d2959fb
armv6-evidence/swiftpm/armv6-unknown-linux-gnueabihf/release/GiftUIExecution.build/RecordingFrameCommitTransaction.swift.o	98505f9b77d16a7bb8e198eeb376c1d80b881ca23c7005153e7d31a441ca80f8
armv6-evidence/swiftpm/armv6-unknown-linux-gnueabihf/release/GiftUIExecution.build/RecordingFrameEndpoint.swift.o	40e99f941ae4c0290219ad140da41529af5cf1dc50e700b2e3c575cb7ae4aeb7
armv6-evidence/swiftpm/armv6-unknown-linux-gnueabihf/release/GiftUIExecution.build/RecordingMutationBatch.swift.o	f259d6021a1e6c7e558f58d464c43cbe00bba9d99c02fdad2cefedb6910ce6a0
armv6-evidence/swiftpm/armv6-unknown-linux-gnueabihf/release/GiftUIExecution.build/RecordingPresentationPendingCoordinator.swift.o	b6b611f0e444f0da76b28c23faea3fb18ffe91273effb0b0b1d37b9bbfe441dc
armv6-evidence/swiftpm/armv6-unknown-linux-gnueabihf/release/GiftUIExecution.build/RecordingPresentationTerminalRecovery.swift.o	c0f70b6f623c3c18a175a4f6da9fc2660d5d3beb1b3dfe94992b80cc3aa20377
armv6-evidence/swiftpm/armv6-unknown-linux-gnueabihf/release/GiftUIExecution.build/RunCycleValues.swift.o	2aacd2057e4e1638dc5e0d133559c1bee855d176f28420a4d87faec5b545e8d9
armv6-evidence/swiftpm/armv6-unknown-linux-gnueabihf/release/GiftUIExecution.build/WakeValues.swift.o	e83efaf64ea7cda4fca25f8da02fed022c69bdc55edd1990622fb03fc8ab3b02
armv6-evidence/swiftpm/armv6-unknown-linux-gnueabihf/release/GiftUIExecution.build/include/GiftUIExecution-Swift.h	f605e811fc46c784a2edd113187743b6df38f868ba7af2f73b426dc69ec1d6a9
armv6-evidence/swiftpm/armv6-unknown-linux-gnueabihf/release/GiftUIExecution.build/include/module.modulemap	781022090b3f8be77847eecc12325f469e7f8cd7461343600f87b35a6e695217
armv6-evidence/swiftpm/armv6-unknown-linux-gnueabihf/release/GiftUIExecution.build/output-file-map.json	36efef26336b10c32f93e1335b7e3862a0ec6af37687e7cb759965756b55d161
armv6-evidence/swiftpm/armv6-unknown-linux-gnueabihf/release/GiftUIExecution.build/sources	a2752ecb0c45bf2199a7e5f76071198519459d6afb5e1b9b07c49283c4b64d64
armv6-evidence/swiftpm/armv6-unknown-linux-gnueabihf/release/GiftUIFailureCore.build/GiftUIFailureCore.d	6bf7280a45384c4d0191dd6f0e2cbb3db1540b20e9a6f76fe25d7279c3e0f765
armv6-evidence/swiftpm/armv6-unknown-linux-gnueabihf/release/GiftUIFailureCore.build/GiftUIFailureCore.dia	2c72d5afff8cce441f2f8299a18215b0bf79605aa7eb05839e38f7949b46c0e2
armv6-evidence/swiftpm/armv6-unknown-linux-gnueabihf/release/GiftUIFailureCore.build/GiftUIFailureCore.swift.o	d3e17363bcb7b4a77411a80c976053c559d9724a14d17fbee15879ba561ad67f
armv6-evidence/swiftpm/armv6-unknown-linux-gnueabihf/release/GiftUIFailureCore.build/include/GiftUIFailureCore-Swift.h	9e98387fe1eb4caff12c327babd632ca81b369cfb67dcb9936ddb78543049160
armv6-evidence/swiftpm/armv6-unknown-linux-gnueabihf/release/GiftUIFailureCore.build/include/module.modulemap	ffa6d99f83f1ba31437e547975c49d969a0fca03ca6d31bb2258e004253c3a25
armv6-evidence/swiftpm/armv6-unknown-linux-gnueabihf/release/GiftUIFailureCore.build/output-file-map.json	e3f080c8c9140561e9bfab804917ee7c6a79c461b07c6dde72ac2c2cc8d922e3
armv6-evidence/swiftpm/armv6-unknown-linux-gnueabihf/release/GiftUIFailureCore.build/sources	e93a61ff9daec0a29293f62049bca4740d8b87d0e352ca6c9987e2b4cd5c824c
armv6-evidence/swiftpm/armv6-unknown-linux-gnueabihf/release/GiftUIFailureDiagnostics.build/include/module.modulemap	dcfc1064571c259db6f0ad2747cd15456baaa5db48fa1ee16b1d0d4d60e1e3f2
armv6-evidence/swiftpm/armv6-unknown-linux-gnueabihf/release/GiftUIFailureDiagnostics.build/output-file-map.json	9b3f076902050024637fa7fbd0c4f39c8952da92e2125edeeca48f2016505b50
armv6-evidence/swiftpm/armv6-unknown-linux-gnueabihf/release/GiftUIFailureExecution.build/include/module.modulemap	95eaff18547106ee6633c09cb43257f7acb6afb91c1df81996257a0b7295fa7c
armv6-evidence/swiftpm/armv6-unknown-linux-gnueabihf/release/GiftUIFailureExecution.build/output-file-map.json	791b3ae113fd17559f351f5c3b526fcee957dc7f6203f35b2def7fe4778e7188
armv6-evidence/swiftpm/armv6-unknown-linux-gnueabihf/release/GiftUIHostConfiguration.build/include/module.modulemap	80c3d5b3274bda248505c885914179d1d8a1de59dec7f32f4839c91ff352d8db
armv6-evidence/swiftpm/armv6-unknown-linux-gnueabihf/release/GiftUIHostConfiguration.build/output-file-map.json	12baef25d882200f3116650bb4a08aac6d6a0df4f9d0efae557949de682ac4b3
armv6-evidence/swiftpm/armv6-unknown-linux-gnueabihf/release/GiftUIInteraction.build/include/module.modulemap	1a88ea38781d601cdebbdbb74cc247de967b5880e399662f213f6d0d56dd5200
armv6-evidence/swiftpm/armv6-unknown-linux-gnueabihf/release/GiftUIInteraction.build/output-file-map.json	c7818a547467156cdcdac1f36ff18b9e8c5ce39fa4fec82c05c175fee8cd2fcf
armv6-evidence/swiftpm/armv6-unknown-linux-gnueabihf/release/GiftUIInteractionFailureAdapterFixture.build/include/module.modulemap	001ccf1cafd09aad3f8b52dd1e96f6efe8832acf756999fff772ccdc32f42ea5
armv6-evidence/swiftpm/armv6-unknown-linux-gnueabihf/release/GiftUIInteractionFailureAdapterFixture.build/output-file-map.json	79204e5a463c9043f43a0460631fb6a543a6266ac358556eb9e6acb8a1edeadd
armv6-evidence/swiftpm/armv6-unknown-linux-gnueabihf/release/GiftUILayout.build/include/module.modulemap	93c914f63567b9a2a093c0c791caa71fe6ab11f54bddc0d7ac7044bc8307fc97
armv6-evidence/swiftpm/armv6-unknown-linux-gnueabihf/release/GiftUILayout.build/output-file-map.json	39d68099a50b415018075e67dbf803fb8d1f36f3e427b972e3f183d80a3c88c2
armv6-evidence/swiftpm/armv6-unknown-linux-gnueabihf/release/GiftUILayoutFailureAdapterFixture.build/include/module.modulemap	2f91a9c515a9c9c0fa670e507c33ac3ab1e9c51b4ae66cb323cb5b237872ab3d
armv6-evidence/swiftpm/armv6-unknown-linux-gnueabihf/release/GiftUILayoutFailureAdapterFixture.build/output-file-map.json	643ba16f9e1cd855026029661cc29b3d3b0981e7b2f4fd23ae14038525ad6818
armv6-evidence/swiftpm/armv6-unknown-linux-gnueabihf/release/GiftUIObservableState.build/include/module.modulemap	b2f4385f8ac8a8c4d5768e929b0369e9b88af6d89dd43937c2ca7e8430d32599
armv6-evidence/swiftpm/armv6-unknown-linux-gnueabihf/release/GiftUIObservableState.build/output-file-map.json	67276b5f9fde7d762765afe82f86b13eb2a733b3610af420bdfce54a6f747295
armv6-evidence/swiftpm/armv6-unknown-linux-gnueabihf/release/GiftUIObservableStateFailureAdapterFixture.build/include/module.modulemap	1be4ec19e33020ca0e944248e857732dfac383b11b9efa81d7ab3908458eecaf
armv6-evidence/swiftpm/armv6-unknown-linux-gnueabihf/release/GiftUIObservableStateFailureAdapterFixture.build/output-file-map.json	6f26cb388fa5457e0859023acd510d0f595d0db5816f1acd38c3bd6e0819ae60
armv6-evidence/swiftpm/armv6-unknown-linux-gnueabihf/release/GiftUIPlatformRaspberryPi.build/include/module.modulemap	06ceab9bff6353a514921dfed42ce3a2db5d4896ce9a24292eb787e62cfced1b
armv6-evidence/swiftpm/armv6-unknown-linux-gnueabihf/release/GiftUIPlatformRaspberryPi.build/output-file-map.json	c4461baa2dedca17fba022a916844fe54512edef0cd61b7a972d89a5a4af60a2
armv6-evidence/swiftpm/armv6-unknown-linux-gnueabihf/release/GiftUIRasterCore.build/FullSurfaceRGB565Framebuffer.swift.o	97ce7ac8047469ac552011f0a62ec85fdc3ed3380815424e86e0dddfd1b9eaff
armv6-evidence/swiftpm/armv6-unknown-linux-gnueabihf/release/GiftUIRasterCore.build/FullSurfaceRGBA8888Buffer.swift.o	6a71f1c09fc67b89e19ce6fe9590f28a99b0dfc2136f2321f0ce2bb08b61cb80
armv6-evidence/swiftpm/armv6-unknown-linux-gnueabihf/release/GiftUIRasterCore.build/GiftUIRasterCore.d	4fb592eafcf51b56f39fd3315aa4ee4eb23f2acf20b45c0e923f6149be41fd1e
armv6-evidence/swiftpm/armv6-unknown-linux-gnueabihf/release/GiftUIRasterCore.build/GiftUIRasterCore.dia	2c72d5afff8cce441f2f8299a18215b0bf79605aa7eb05839e38f7949b46c0e2
armv6-evidence/swiftpm/armv6-unknown-linux-gnueabihf/release/GiftUIRasterCore.build/RGB565TileWorkspace.swift.o	3a582eb061a6b3b188666a754ec45107e330a1a182b451410beac4321f669a66
armv6-evidence/swiftpm/armv6-unknown-linux-gnueabihf/release/GiftUIRasterCore.build/RasterBackendContributionAdapter.swift.o	cf46b7be8c4aa00430e95e96af5f6b7c9fb320a4827e4474750f31bcb9ebf9d9
armv6-evidence/swiftpm/armv6-unknown-linux-gnueabihf/release/GiftUIRasterCore.build/RasterFillCoverage.swift.o	43d4eb6c38b0abbe1d9eefc1e35f1b0c323e33a886eeb5fc10e1307661926c59
armv6-evidence/swiftpm/armv6-unknown-linux-gnueabihf/release/GiftUIRasterCore.build/RasterFrameSink.swift.o	8eb7c3732115023827f3ca6ef2d6596697de4760a977728c50944ba06402a746
armv6-evidence/swiftpm/armv6-unknown-linux-gnueabihf/release/GiftUIRasterCore.build/RasterFrameWork.swift.o	388978d9bcec7e7bcddc4d7c902a2f81e8e0b3ce39066b55d7c19f3b85d2af2c
armv6-evidence/swiftpm/armv6-unknown-linux-gnueabihf/release/GiftUIRasterCore.build/RasterGlyphCoverage.swift.o	78e9f698df6a8da8515f6d6dd0e4af9efb0a299fe96f112ab29ea995a40d026a
armv6-evidence/swiftpm/armv6-unknown-linux-gnueabihf/release/GiftUIRasterCore.build/RasterPayloadLimits.swift.o	fd5a775f8ad16154b5ae12c3823bf17c1236f51062566e2b945ff40c7fab02dd
armv6-evidence/swiftpm/armv6-unknown-linux-gnueabihf/release/GiftUIRasterCore.build/RasterStrokeCoverage.swift.o	55cf6a2f28ef05b63bc6248b7cb7785d232196d40a03839a7b061f3f158320d2
armv6-evidence/swiftpm/armv6-unknown-linux-gnueabihf/release/GiftUIRasterCore.build/RasterWorkTracker.swift.o	a3d9bfca2ec07518cc1def5df469e2d1c5ff4118c9787bb7767ae588a82a914a
armv6-evidence/swiftpm/armv6-unknown-linux-gnueabihf/release/GiftUIRasterCore.build/include/GiftUIRasterCore-Swift.h	4dc4ce556a79769a75e3d719f8334800553cfecddfe71e6bddf28964bc66a672
armv6-evidence/swiftpm/armv6-unknown-linux-gnueabihf/release/GiftUIRasterCore.build/include/module.modulemap	be7bb6b7c9bf80de67be3f39387d058f69d644dc3f78f1663d90061b7c92b447
armv6-evidence/swiftpm/armv6-unknown-linux-gnueabihf/release/GiftUIRasterCore.build/output-file-map.json	d478442cb0e4e15fc9540c9389338bbbe6d871058c5c7402f89cd2f75a1a1623
armv6-evidence/swiftpm/armv6-unknown-linux-gnueabihf/release/GiftUIRasterCore.build/sources	950b7dc1dbe0e0a7ae0aef6236fb6eacb6c60806262b4f23046884180f12a0f2
armv6-evidence/swiftpm/armv6-unknown-linux-gnueabihf/release/GiftUIReferenceTextResources.build/include/module.modulemap	a2b42fff1190fc2714c7066261388ba250c7f5df23b645f0ae75a0b623a00a02
armv6-evidence/swiftpm/armv6-unknown-linux-gnueabihf/release/GiftUIReferenceTextResources.build/output-file-map.json	a33cdc65abcb4276f869c616f1e7ad8b6ce6d63b2e8def725c0cd7675da0723d
armv6-evidence/swiftpm/armv6-unknown-linux-gnueabihf/release/GiftUIRenderCore.build/DrawingOperationSink.swift.o	23708c3fa5c948bdd5ff03778fc7e287c986396d93235267c2c7e6449c4d6f64
armv6-evidence/swiftpm/armv6-unknown-linux-gnueabihf/release/GiftUIRenderCore.build/GiftUIRenderCore.d	59fdd40ad1569fe2077c382c9f23b95b4b8654f7345eb712d0634f43e0cc41a9
armv6-evidence/swiftpm/armv6-unknown-linux-gnueabihf/release/GiftUIRenderCore.build/GiftUIRenderCore.dia	2c72d5afff8cce441f2f8299a18215b0bf79605aa7eb05839e38f7949b46c0e2
armv6-evidence/swiftpm/armv6-unknown-linux-gnueabihf/release/GiftUIRenderCore.build/RenderOperationSink.swift.o	d88e5284926f0a5714dbb9859639d2a4b985e0637cef1334949dacdf6ee68a71
armv6-evidence/swiftpm/armv6-unknown-linux-gnueabihf/release/GiftUIRenderCore.build/RenderRecordingSink.swift.o	45b9ed85bb95b2e357ad265151f13c472c740d3d46cdfde1b369b65be31432aa
armv6-evidence/swiftpm/armv6-unknown-linux-gnueabihf/release/GiftUIRenderCore.build/RenderValues.swift.o	c490025672033a6a5ce3a497c28d1422886fb8d0e599ae640022f9ceaf561813
armv6-evidence/swiftpm/armv6-unknown-linux-gnueabihf/release/GiftUIRenderCore.build/include/GiftUIRenderCore-Swift.h	798a376fd1a89614c53b68dc3d107805583c640f14f8e4ff1dde5b6b15704519
armv6-evidence/swiftpm/armv6-unknown-linux-gnueabihf/release/GiftUIRenderCore.build/include/module.modulemap	51df7871f4ba39461536cc96f40f486d748bc819c35146060bcf4564d2ffb969
armv6-evidence/swiftpm/armv6-unknown-linux-gnueabihf/release/GiftUIRenderCore.build/output-file-map.json	5727c8f45e65718bb89e66845d42c00ab1e7e91fd9b048a8bf54bf0fd3dca547
armv6-evidence/swiftpm/armv6-unknown-linux-gnueabihf/release/GiftUIRenderCore.build/sources	39f055f3aa816e1a17b9b189a66f5fe01a0fee8f3b4d68120ac41c1bb7895fe7
armv6-evidence/swiftpm/armv6-unknown-linux-gnueabihf/release/GiftUIRenderFailureAdapterFixture.build/include/module.modulemap	c21bd57964274d76fabff7b10e2130a9da69ca0131698b9e993990ae9a9e8ee1
armv6-evidence/swiftpm/armv6-unknown-linux-gnueabihf/release/GiftUIRenderFailureAdapterFixture.build/output-file-map.json	01607ed671600b931d15ea1947dce7d3a017d021fe5e2c018174c7fdea01ec83
armv6-evidence/swiftpm/armv6-unknown-linux-gnueabihf/release/GiftUIRenderLowering.build/include/module.modulemap	ad6533385ede17166124e11d99b05092dbb8759bcfaae7dd8830e454d5f42035
armv6-evidence/swiftpm/armv6-unknown-linux-gnueabihf/release/GiftUIRenderLowering.build/output-file-map.json	61580c3a61ffc9ac499e53336e77b4a3ed251d57ff30d5b5172d9936970f3df5
armv6-evidence/swiftpm/armv6-unknown-linux-gnueabihf/release/GiftUIRuntimeCore.build/include/module.modulemap	15ee6495dd48c9616fdc54f7a328a8961b55081b8dc43389c4a5a792a737b706
armv6-evidence/swiftpm/armv6-unknown-linux-gnueabihf/release/GiftUIRuntimeCore.build/output-file-map.json	6fb5d07f02808096422ac176b070a3c1c99648ebe56bfc9ef30082937d8e5aa1
armv6-evidence/swiftpm/armv6-unknown-linux-gnueabihf/release/GiftUIRuntimeDynamic.build/include/module.modulemap	b5e25afd9441d2dc114a52db4dc011ad3bf3a30ec284b3f2854b07c04a9b67de
armv6-evidence/swiftpm/armv6-unknown-linux-gnueabihf/release/GiftUIRuntimeDynamic.build/output-file-map.json	6271ba96c2a2ad08aaf15fade23b39e48d7b9d36775ba961177151f78022e5a3
armv6-evidence/swiftpm/armv6-unknown-linux-gnueabihf/release/GiftUIRuntimeFailureAdapterFixture.build/include/module.modulemap	73c427214f4eda82e36b47f69300c9fefc1cb7b86e560b6ecd2ae8095c41385e
armv6-evidence/swiftpm/armv6-unknown-linux-gnueabihf/release/GiftUIRuntimeFailureAdapterFixture.build/output-file-map.json	04535cd21175ff72a4d289df102fb8c8d6a6cc9938b29e2210ca38bcfa61ff87
armv6-evidence/swiftpm/armv6-unknown-linux-gnueabihf/release/GiftUIRuntimeStatic.build/include/module.modulemap	bb4aaa4b66b0e4c168212db3bf73ea17e2b2847609786f47be9e6b3e872e3bdc
armv6-evidence/swiftpm/armv6-unknown-linux-gnueabihf/release/GiftUIRuntimeStatic.build/output-file-map.json	7c12c1854a3f9113d902a6af34e072adab082faee13b76e19f75fd341d754e2c
armv6-evidence/swiftpm/armv6-unknown-linux-gnueabihf/release/GiftUISemanticCore.build/include/module.modulemap	0e165013f13c2084d00106603a5426bc7ad3c0a64548b212ebff8c2231f7fe5a
armv6-evidence/swiftpm/armv6-unknown-linux-gnueabihf/release/GiftUISemanticCore.build/output-file-map.json	617309f3f9b28c2f3fba349380cfab9996e6b9fcbc7d81a852933b615d32689a
armv6-evidence/swiftpm/armv6-unknown-linux-gnueabihf/release/GiftUISemanticFailureAdapterFixture.build/include/module.modulemap	1e66ba0f4d7b7d924563bb6e5639369fc1d39db1ca6317000b6e70915f4dd26b
armv6-evidence/swiftpm/armv6-unknown-linux-gnueabihf/release/GiftUISemanticFailureAdapterFixture.build/output-file-map.json	cb2091d71c0bff644ad52e1ec0ee3aff87fa16ba8acd07cbe51ee7a497097742
armv6-evidence/swiftpm/armv6-unknown-linux-gnueabihf/release/GiftUISurfaceCore.build/GiftUISurfaceCore.d	861e1c895f0e51692f92dced7a183021de125193e5a443a3a0413674a15058c9
armv6-evidence/swiftpm/armv6-unknown-linux-gnueabihf/release/GiftUISurfaceCore.build/GiftUISurfaceCore.dia	2c72d5afff8cce441f2f8299a18215b0bf79605aa7eb05839e38f7949b46c0e2
armv6-evidence/swiftpm/armv6-unknown-linux-gnueabihf/release/GiftUISurfaceCore.build/RasterSurface.swift.o	9304d40e55d40ec289b7fcae1ea5d0e484ea17298ce8def1081a821ea7c8ba7d
armv6-evidence/swiftpm/armv6-unknown-linux-gnueabihf/release/GiftUISurfaceCore.build/SurfaceValues.swift.o	652f335ce9119718d79e4f7b77dfbf92f1c12a77eb556908e320b78d93c75613
armv6-evidence/swiftpm/armv6-unknown-linux-gnueabihf/release/GiftUISurfaceCore.build/include/GiftUISurfaceCore-Swift.h	74d53c15c1a10974b6b40db6fffba787091ee830f3fd881ee71a42e36da7b411
armv6-evidence/swiftpm/armv6-unknown-linux-gnueabihf/release/GiftUISurfaceCore.build/include/module.modulemap	0d2a9844285240bc9c8acf1e45c9bbbeeba826113de311976850593503d6b02e
armv6-evidence/swiftpm/armv6-unknown-linux-gnueabihf/release/GiftUISurfaceCore.build/output-file-map.json	57e45155ab8320613ecf1935b825dcf31776a7d6a90fbae2f69744948fb7ce6d
armv6-evidence/swiftpm/armv6-unknown-linux-gnueabihf/release/GiftUISurfaceCore.build/sources	0c3c28bdde8dfc9a832118442b9a5a1cb33f98136630644882d14bf06a053e8c
armv6-evidence/swiftpm/armv6-unknown-linux-gnueabihf/release/GiftUITextResourceFailureAdapterFixture.build/include/module.modulemap	07f5719ea0559e419f1b4c87a7b967855e2543228ac1a8dd3feecaca07660b4a
armv6-evidence/swiftpm/armv6-unknown-linux-gnueabihf/release/GiftUITextResourceFailureAdapterFixture.build/output-file-map.json	ad1576d3a38588534bb03ef8339fdf633a49f84d0eaf246d970cc3ec1a67ccbc
armv6-evidence/swiftpm/armv6-unknown-linux-gnueabihf/release/GiftUITextResources.build/GiftUITextResources.d	b514b0831e3424fd908a5458047d86cdaffefb665a6bd1efbac1145a21d57e8d
armv6-evidence/swiftpm/armv6-unknown-linux-gnueabihf/release/GiftUITextResources.build/GiftUITextResources.dia	2c72d5afff8cce441f2f8299a18215b0bf79605aa7eb05839e38f7949b46c0e2
armv6-evidence/swiftpm/armv6-unknown-linux-gnueabihf/release/GiftUITextResources.build/GiftUITextResources.swift.o	2eea814fea0b8e14c856a829ee86173aa303b0bd6ee66afe1b85b3be3f1caa8e
armv6-evidence/swiftpm/armv6-unknown-linux-gnueabihf/release/GiftUITextResources.build/include/GiftUITextResources-Swift.h	5d5b46dc1044ac5b20981c657efe942732bdb0f49d7c045d848bf7609bcd4e99
armv6-evidence/swiftpm/armv6-unknown-linux-gnueabihf/release/GiftUITextResources.build/include/module.modulemap	908bf52a5c91b588110895e44ea06c770f59602fe14b0c0a6e17aed54d1d5565
armv6-evidence/swiftpm/armv6-unknown-linux-gnueabihf/release/GiftUITextResources.build/output-file-map.json	5ccbeb425914e692b0ea356255076af71ea1b2c54e73116b59f645be7b630c19
armv6-evidence/swiftpm/armv6-unknown-linux-gnueabihf/release/GiftUITextResources.build/sources	264d51c9cf08831330a4e521e8fca04f9088a22df7f4971c9efd2e6571ed34d9
armv6-evidence/swiftpm/armv6-unknown-linux-gnueabihf/release/ModuleCache/3LQI6LCOT1Z3O/SwiftShims-23XBJIVCAZUQI.pcm	3327e88d5f146b47465cbfbb9b2864cf3f28065676c229a2be97508bc87e8ce5
armv6-evidence/swiftpm/armv6-unknown-linux-gnueabihf/release/ModuleCache/3LQI6LCOT1Z3O/_SwiftConcurrencyShims-23XBJIVCAZUQI.pcm	1a8b5c18e20954cd509893581cfd1ae734ac5d1ab3049f761fde93f67ae7cdfb
armv6-evidence/swiftpm/armv6-unknown-linux-gnueabihf/release/ModuleCache/modules.timestamp	e3b0c44298fc1c149afbf4c8996fb92427ae41e4649b934ca495991b7852b855
armv6-evidence/swiftpm/armv6-unknown-linux-gnueabihf/release/Modules/GiftUI.swiftdoc	1bdf9682c49505b3b35fdbdc6dd038268a660ce07c5cdf5e95a583f4acd78049
armv6-evidence/swiftpm/armv6-unknown-linux-gnueabihf/release/Modules/GiftUI.swiftmodule	fe2e27516dfb12b07b27692df0cb54f876feecfa3d467cbe6da8e7cefdd2717f
armv6-evidence/swiftpm/armv6-unknown-linux-gnueabihf/release/Modules/GiftUI.swiftsourceinfo	886fb70e4adfe848e1639a653b817878d9d8388c1cea180522c60fca98243306
armv6-evidence/swiftpm/armv6-unknown-linux-gnueabihf/release/Modules/GiftUIBackendIntegration.swiftdoc	58f2e86add9f79174835ee2b661b0a28acb8ffae0656d890feb2ef99a4f76407
armv6-evidence/swiftpm/armv6-unknown-linux-gnueabihf/release/Modules/GiftUIBackendIntegration.swiftmodule	c065310f51baef916d2ebe321fb89e3a9d9ddcfbbc0eb611808dda0fc25cbff4
armv6-evidence/swiftpm/armv6-unknown-linux-gnueabihf/release/Modules/GiftUIBackendIntegration.swiftsourceinfo	32eba739990a46d7bc20bc6a6b4fbabb89f23d961cda9541db202140ee088115
armv6-evidence/swiftpm/armv6-unknown-linux-gnueabihf/release/Modules/GiftUICapabilities.swiftdoc	e9bb0c79a10a696a9837476c1db6b3ba688414c807593fa567f37abb767b9238
armv6-evidence/swiftpm/armv6-unknown-linux-gnueabihf/release/Modules/GiftUICapabilities.swiftmodule	55f7144a448ad9bcc6094e924a77e5273445774511382326c2cd7ccf4e8523d9
armv6-evidence/swiftpm/armv6-unknown-linux-gnueabihf/release/Modules/GiftUICapabilities.swiftsourceinfo	fdd1476461c7dc0be2dedf7eb21996b11dde37235bacc9c23cabed451df3b236
armv6-evidence/swiftpm/armv6-unknown-linux-gnueabihf/release/Modules/GiftUIDisplayCore.swiftdoc	1fa0ef4e32412a4924ffd2590bdf58532b5732e2390d6c1537e71eb63d8fa10b
armv6-evidence/swiftpm/armv6-unknown-linux-gnueabihf/release/Modules/GiftUIDisplayCore.swiftmodule	500cd384df22194b9693b302886ded2e049cd0fc99d5a56bc9eb8ce03d53a395
armv6-evidence/swiftpm/armv6-unknown-linux-gnueabihf/release/Modules/GiftUIDisplayCore.swiftsourceinfo	f6e3cfee9ec727c4812498d891d8ad6ebb2714989343fb7bb8abc69b21635bdc
armv6-evidence/swiftpm/armv6-unknown-linux-gnueabihf/release/Modules/GiftUIExecution.swiftdoc	e8d2c43706064f04b89b67f6664d49fa0eb46910774ffca62d78f51c2b3e3b2f
armv6-evidence/swiftpm/armv6-unknown-linux-gnueabihf/release/Modules/GiftUIExecution.swiftmodule	dae847f4280ae0179090efa4b3470bed670a21534783eaa7fb767bcbe15afccc
armv6-evidence/swiftpm/armv6-unknown-linux-gnueabihf/release/Modules/GiftUIExecution.swiftsourceinfo	4a6ffb666d36e31fbb91f29115441d254a6a4c5df5edfbaba0a8d02ea65a4b32
armv6-evidence/swiftpm/armv6-unknown-linux-gnueabihf/release/Modules/GiftUIFailureCore.swiftdoc	a1cfbf39026b8bfb65f21f68b5c53fcc651aa0f2ac5380154e27176d6584bd1b
armv6-evidence/swiftpm/armv6-unknown-linux-gnueabihf/release/Modules/GiftUIFailureCore.swiftmodule	819422756895126bb581f97bc64a85669a33e925e6304e0bb40c53593ee85c71
armv6-evidence/swiftpm/armv6-unknown-linux-gnueabihf/release/Modules/GiftUIFailureCore.swiftsourceinfo	83f339c44c7ee5c473f60472df2eb1dce99bcadb780813a887ead4ecae62e589
armv6-evidence/swiftpm/armv6-unknown-linux-gnueabihf/release/Modules/GiftUIRasterCore.swiftdoc	a0242702bc4bfb60db1acf0b257b9e17c1401ef2297c6929e647c86655a89d09
armv6-evidence/swiftpm/armv6-unknown-linux-gnueabihf/release/Modules/GiftUIRasterCore.swiftmodule	feb7cc43af1bd47ab4c8581e32cc16325197122cb10ba3b9f314b33d2b32508b
armv6-evidence/swiftpm/armv6-unknown-linux-gnueabihf/release/Modules/GiftUIRasterCore.swiftsourceinfo	5ee632708af68a1366335d6af8dbf465333480dd9218ca6705190087b8458f5d
armv6-evidence/swiftpm/armv6-unknown-linux-gnueabihf/release/Modules/GiftUIRenderCore.swiftdoc	e4cb8b558e18ac406d8884e8b2bc60abc9418abefb3d8fe3247e686cdaf50c19
armv6-evidence/swiftpm/armv6-unknown-linux-gnueabihf/release/Modules/GiftUIRenderCore.swiftmodule	c466e11a56662c20b93934f5276da90b71f1ccd123ea98f12af4ad587fe63c8d
armv6-evidence/swiftpm/armv6-unknown-linux-gnueabihf/release/Modules/GiftUIRenderCore.swiftsourceinfo	5d6802877ad1a573e2e672282af1a66221e043834421ae867253c7f6efef16d3
armv6-evidence/swiftpm/armv6-unknown-linux-gnueabihf/release/Modules/GiftUISurfaceCore.swiftdoc	965cf3a4e7849deca9bfc656b8f428fd3864212212fc9d49b716e9f3a7c7d549
armv6-evidence/swiftpm/armv6-unknown-linux-gnueabihf/release/Modules/GiftUISurfaceCore.swiftmodule	b908b15604079456c78ac5550475fe1e221e18f4d2f1a7bf3459d6260b254831
armv6-evidence/swiftpm/armv6-unknown-linux-gnueabihf/release/Modules/GiftUISurfaceCore.swiftsourceinfo	86ce3634c94779774810f2600e1e3b7d3d5eab202a2bb319b87f7b1b35556945
armv6-evidence/swiftpm/armv6-unknown-linux-gnueabihf/release/Modules/GiftUITextResources.swiftdoc	4344bf49e525242f60bbde730e5b74bddbfbe19a83f93fa70b2b9039e7fa5774
armv6-evidence/swiftpm/armv6-unknown-linux-gnueabihf/release/Modules/GiftUITextResources.swiftmodule	a986f55ba7fa34bb144f0e554e99e1b7337cd42df36d498af44f536e43990fea
armv6-evidence/swiftpm/armv6-unknown-linux-gnueabihf/release/Modules/GiftUITextResources.swiftsourceinfo	0151f4c305320ec39264461998547bb0437b810520839602bff008b7b2b14c7b
armv6-evidence/swiftpm/armv6-unknown-linux-gnueabihf/release/SignalAnalyzerData.build/include/module.modulemap	ee5d5254341d17b81f5d77fdf591ba0984d1a4d469c03ec8dc29d961194822f4
armv6-evidence/swiftpm/armv6-unknown-linux-gnueabihf/release/SignalAnalyzerData.build/output-file-map.json	bbb1cdd6ba74188e7ebf61b743d89ca19d2fb3c085a84eae587bb6fa51a5a287
armv6-evidence/swiftpm/armv6-unknown-linux-gnueabihf/release/SignalAnalyzerDomain.build/include/module.modulemap	f5bbe33abe05d0607642b4d7204dff72a4c3c98b1f00cf304b7b5b8bcfb11ec8
armv6-evidence/swiftpm/armv6-unknown-linux-gnueabihf/release/SignalAnalyzerDomain.build/output-file-map.json	ab5a123bcbca017e41ee2927397246a4e6981d06fb8f934693503e64617a3a1c
armv6-evidence/swiftpm/armv6-unknown-linux-gnueabihf/release/SignalAnalyzerHost.build/include/module.modulemap	d27dcedecb7f6db60b05a05cb3453c9f972454e02ee08315634846bd695b741b
armv6-evidence/swiftpm/armv6-unknown-linux-gnueabihf/release/SignalAnalyzerHost.build/output-file-map.json	07089eb539a704cb9d8d322a5e13f3c342342cedd899b57fbe69864984e4cd55
armv6-evidence/swiftpm/armv6-unknown-linux-gnueabihf/release/SignalAnalyzerMacOSDynamic.build/output-file-map.json	0b5c8ba954b793f73d2817a5e6740090b46726c19de395bebab3338dd0f24343
armv6-evidence/swiftpm/armv6-unknown-linux-gnueabihf/release/SignalAnalyzerMacOSStatic.build/output-file-map.json	6528985bedd1d44ee962f8b180479d519706316f33adfdd3b65877615931ad67
armv6-evidence/swiftpm/armv6-unknown-linux-gnueabihf/release/SignalAnalyzerNRF52840HostOracle.build/output-file-map.json	6a6fd247cd31fb72a54e1639e57916b2dce4a241c33de4d982fb4e126508769f
armv6-evidence/swiftpm/armv6-unknown-linux-gnueabihf/release/SignalAnalyzerPresentation.build/include/module.modulemap	a9924ea3eb0fb3e0935751308a14864ea69a965db42162561fb0c9a8cd6c402a
armv6-evidence/swiftpm/armv6-unknown-linux-gnueabihf/release/SignalAnalyzerPresentation.build/output-file-map.json	24e7ae37a46af8c8a79004dcf28957cdbcf2e3cf9a0ca8f061d426abac14b591
armv6-evidence/swiftpm/armv6-unknown-linux-gnueabihf/release/SignalAnalyzerPresetHarness.build/include/module.modulemap	3ff101416204c1842593b85c340854b4582d2d60fefa9e0891c1423e30a67e1d
armv6-evidence/swiftpm/armv6-unknown-linux-gnueabihf/release/SignalAnalyzerPresetHarness.build/output-file-map.json	a0c6ac3ad1b218a4b57576407725b50612899f999cf578cba1b32502af65f0f5
armv6-evidence/swiftpm/armv6-unknown-linux-gnueabihf/release/SignalAnalyzerRaspberryPiARMv6.build/output-file-map.json	c85a53af8c94811ff1d74b901b52b59ea326423696746950c2e1015fd7304179
armv6-evidence/swiftpm/armv6-unknown-linux-gnueabihf/release/SignalAnalyzerTargetHost.build/include/module.modulemap	7bbb0955688d9f9cdf168c38508f46de5ee1ce8ad76431058ec2c0a080b7922e
armv6-evidence/swiftpm/armv6-unknown-linux-gnueabihf/release/SignalAnalyzerTargetHost.build/output-file-map.json	420678932a186bcfab6e840f21e35ba131c7eb0c3d4915197040d3f07c0ccc1c
armv6-evidence/swiftpm/armv6-unknown-linux-gnueabihf/release/SwiftLexicalLookup.build/include/module.modulemap	05a0d2d6daa97d725ae4a1d07d8f609a01923c4d563c07f185a6e78ba6aa655f
armv6-evidence/swiftpm/armv6-unknown-linux-gnueabihf/release/SwiftLexicalLookup.build/output-file-map.json	d886acfb0bc4ffe1863dd96b4e271c6573cb3ec699928474d17b7c6385fb0d8e
armv6-evidence/swiftpm/armv6-unknown-linux-gnueabihf/release/SwiftLibraryPluginProvider.build/include/module.modulemap	9a0230d4648f182ace0fc0e00853a7e6d00e46ce6cc4aa1879a5ce1963cd3841
armv6-evidence/swiftpm/armv6-unknown-linux-gnueabihf/release/SwiftLibraryPluginProvider.build/output-file-map.json	cf6577818ba569923708f6c8c59fc148f19f21f211d0fda567528404647c382d
armv6-evidence/swiftpm/armv6-unknown-linux-gnueabihf/release/SwiftRefactor.build/include/module.modulemap	10e0fecf1f98e27d3177454b818bd7d5e07f1d3e739ab1bf5f4350c52d50445a
armv6-evidence/swiftpm/armv6-unknown-linux-gnueabihf/release/SwiftRefactor.build/output-file-map.json	f4131cf354bc6fab75d4f4457c9a97c224640190cd16aadcb258d3ee55c827c0
armv6-evidence/swiftpm/armv6-unknown-linux-gnueabihf/release/SwiftWarningControl.build/include/module.modulemap	2917b4909bc8625a851d426e5745443c2a76d445c377120c703d1a0d8d5a4353
armv6-evidence/swiftpm/armv6-unknown-linux-gnueabihf/release/SwiftWarningControl.build/output-file-map.json	f37b43d5b7db7a5ab7c3894986751fb78931b93561a54c1ce9c6027d4bec7923
armv6-evidence/swiftpm/armv6-unknown-linux-gnueabihf/release/description.json	b5813c319acb9f176907ca739c9941a9d930a4f6d20b420f39e5289498e9f444
armv6-evidence/swiftpm/armv6-unknown-linux-gnueabihf/release/swift-version-3DE8B4069F7AB4E6.txt	56c0f49031e9998c3fa6a85fb65ba183104d94aac2a27588469c95dd62530e72
armv6-evidence/swiftpm/build.db	779157dc04b4abae47f4029a8b85a72f8a825e4ee3b792dcc29f31afc5334fc5
armv6-evidence/swiftpm/checkouts/swift-syntax/BUILD.bazel	2c531378bef5e2a195b47ab890a8718e9b8f52366b30edb227c548dbf198cf0e
armv6-evidence/swiftpm/checkouts/swift-syntax/CMakeLists.txt	c2a48ab42911b139f2ac2ecd130a821c287a0bded26f72129b20b20e335eaf66
armv6-evidence/swiftpm/checkouts/swift-syntax/CONTRIBUTING.md	85946d4a54c8dbf885f20af89b75107c1fe3e7efd7b09e7db2e7555e4bb8ce81
armv6-evidence/swiftpm/checkouts/swift-syntax/Changelog.md	088da10806f9ac7baa681fc80006da72e06f9bf8158397c3925bb01cbd6b23d9
armv6-evidence/swiftpm/checkouts/swift-syntax/CodeGeneration/Package.swift	5dbea657942726413f7d1ef6c09da00b38380eb071fdfd28ef88169d56d09578
armv6-evidence/swiftpm/checkouts/swift-syntax/CodeGeneration/README.md	7e4917c98719a0228fa7ea69827f84ced67f757fb6909bc022cacd8e93f32d5d
armv6-evidence/swiftpm/checkouts/swift-syntax/CodeGeneration/Sources/SyntaxSupport/AttributeNodes.swift	a45440420c5af0339530a15493722ce789a3e7af32bd549ee23d79acc7fd36f0
armv6-evidence/swiftpm/checkouts/swift-syntax/CodeGeneration/Sources/SyntaxSupport/AvailabilityNodes.swift	74ad863abc7d928ed6c865244c81a60e9da915ec183617e9656dbcbe5f8059b5
armv6-evidence/swiftpm/checkouts/swift-syntax/CodeGeneration/Sources/SyntaxSupport/BuilderInitializableTypes.swift	1ed2dc9393216801ad3a3bacab2b5d82ea5085de74c0e25710928a64237636c4
armv6-evidence/swiftpm/checkouts/swift-syntax/CodeGeneration/Sources/SyntaxSupport/Child.swift	873fbec93a36e851a5a2e1fe489e11ebcba830750b2c4c7aeadd128d317323dd
armv6-evidence/swiftpm/checkouts/swift-syntax/CodeGeneration/Sources/SyntaxSupport/CommonNodes.swift	9bc36c61b85485034132f352a0d38febd9e86b9808e2812b7c8041dfc09ebd96
armv6-evidence/swiftpm/checkouts/swift-syntax/CodeGeneration/Sources/SyntaxSupport/CompatibilityLayer.swift	bffcfbcca16a4927c6a16b9a46215b9e4c8d81ff8365168d780b04282ce37460
armv6-evidence/swiftpm/checkouts/swift-syntax/CodeGeneration/Sources/SyntaxSupport/CompilerNodes.swift	f8dd4cbb2fe312a2ab06fcbbbf2a6d87b7f0b5dfcfb53b802fa98e497b0778a5
armv6-evidence/swiftpm/checkouts/swift-syntax/CodeGeneration/Sources/SyntaxSupport/DeclNodes.swift	451191152aef4664afd2a0dbb9f34eda0c7e8865cdf2794ec419559038a67a35
armv6-evidence/swiftpm/checkouts/swift-syntax/CodeGeneration/Sources/SyntaxSupport/ExperimentalFeatures.swift	04e9bf56084790844803705dff75d300e3813573c367c2b7eb2d39b0686f5cbd
armv6-evidence/swiftpm/checkouts/swift-syntax/CodeGeneration/Sources/SyntaxSupport/ExprNodes.swift	7d2053447967b03a31731ccdde686700e36790ff9ba7b84e4cd7141cae4641f0
armv6-evidence/swiftpm/checkouts/swift-syntax/CodeGeneration/Sources/SyntaxSupport/GenericNodes.swift	01eb52b95fafada25a0a13565aad7f5122289e3379c37986a005b872e88fd102
armv6-evidence/swiftpm/checkouts/swift-syntax/CodeGeneration/Sources/SyntaxSupport/GrammarGenerator.swift	3e3451342ead86a95b7421fe33612c69fd4f48703ab94ef347f043859a8a0a73
armv6-evidence/swiftpm/checkouts/swift-syntax/CodeGeneration/Sources/SyntaxSupport/IdentifierConvertible.swift	aa986de87f5d3b0506ab05c2f23c5b20e42f6a7058972616a8750eb0fe62da66
armv6-evidence/swiftpm/checkouts/swift-syntax/CodeGeneration/Sources/SyntaxSupport/InitSignature.swift	5399f5e53d96f5e231a954bfefeec562c15acce905b9d18a2b39a178d730bc51
armv6-evidence/swiftpm/checkouts/swift-syntax/CodeGeneration/Sources/SyntaxSupport/KeywordSpec.swift	332dbcc792d16e9624f11835d0904e123ed929a06d7e3c0ef78603f74c2f8c5b
armv6-evidence/swiftpm/checkouts/swift-syntax/CodeGeneration/Sources/SyntaxSupport/Node.swift	52cff65d9edf4c77f1d8e40d24244aea07c52ab77e9054140a264ac4290dc51f
armv6-evidence/swiftpm/checkouts/swift-syntax/CodeGeneration/Sources/SyntaxSupport/NodeChoiceConvertible.swift	147d5f0a4ef2134600b4203bd2aa96cd892debcca67455e4bcae911735127a14
armv6-evidence/swiftpm/checkouts/swift-syntax/CodeGeneration/Sources/SyntaxSupport/PatternNodes.swift	1f9463f4ff2087db5ec31bca45e78b2024ed8136114352e59aa54ec57cbf099b
armv6-evidence/swiftpm/checkouts/swift-syntax/CodeGeneration/Sources/SyntaxSupport/RawSyntaxNodeKind.swift	fd64f9fb4fa1fc9fcae5fe2953b2340325edde0dcfb88aa558b76284d7281e04
armv6-evidence/swiftpm/checkouts/swift-syntax/CodeGeneration/Sources/SyntaxSupport/StmtNodes.swift	122c4ef89fb1762ba6dac5d2ffa72e66b3488ad82c0b083ca6b44b5cb5154243
armv6-evidence/swiftpm/checkouts/swift-syntax/CodeGeneration/Sources/SyntaxSupport/String+Extensions.swift	6cde59787781547bdc31e0a02150d33bdd13208a50f2c030a0d38acfd3bc413f
armv6-evidence/swiftpm/checkouts/swift-syntax/CodeGeneration/Sources/SyntaxSupport/SyntaxNodeKind.swift	8df5abb22eae6f92f3c264c8be4aac31aefb1ac475897f155af4b72fbca1e627
armv6-evidence/swiftpm/checkouts/swift-syntax/CodeGeneration/Sources/SyntaxSupport/SyntaxNodes.swift	a9a2aa8b49ab6d71e4f1183801d2faac119b357319585d2caabded92fa6f2e9a
armv6-evidence/swiftpm/checkouts/swift-syntax/CodeGeneration/Sources/SyntaxSupport/TokenSpec.swift	c5e20fcbb35357d5ab1191e4b845a4aa7d29f49b688f087a0bbed730e78a072c
armv6-evidence/swiftpm/checkouts/swift-syntax/CodeGeneration/Sources/SyntaxSupport/Traits.swift	44b3c7e53904477e43ac015dcd575e540d07f686225a116669c8781e0f59b00b
armv6-evidence/swiftpm/checkouts/swift-syntax/CodeGeneration/Sources/SyntaxSupport/Trivia.swift	cab34c891bc3e1c91a073043198dbf4b90ec9740af0e12da53b07ba8c2c75f73
armv6-evidence/swiftpm/checkouts/swift-syntax/CodeGeneration/Sources/SyntaxSupport/TypeConvertible.swift	9363fb025a00eee1836eb09c18ca7ba847da2a29014cc4d620fb0557da9aa73d
armv6-evidence/swiftpm/checkouts/swift-syntax/CodeGeneration/Sources/SyntaxSupport/TypeNodes.swift	b8897f66d4a502be821f90d00e1f2c47d6b28661523cd37e8a63925675f80da0
armv6-evidence/swiftpm/checkouts/swift-syntax/CodeGeneration/Sources/SyntaxSupport/Utils.swift	df04731b6504ed9f092cabb487c5ecc89c0cfcb2478e8e63d1a3654c27011b07
armv6-evidence/swiftpm/checkouts/swift-syntax/CodeGeneration/Sources/Utils/CodeGenerationFormat.swift	2c163d7d27cea4a78af0279c16191b5e64a22605d6c623baf1aa47f58fecb486
armv6-evidence/swiftpm/checkouts/swift-syntax/CodeGeneration/Sources/Utils/CopyrightHeader.swift	a2445ba1687aef55459b853f968c40c59f95fed003a29eb278b71dadbe645671
armv6-evidence/swiftpm/checkouts/swift-syntax/CodeGeneration/Sources/Utils/SyntaxBuildableChild.swift	c4c92fe842891b961c4378cd3ec3ca1d090924d860a2fc74fb0cf3a844eaa3ad
armv6-evidence/swiftpm/checkouts/swift-syntax/CodeGeneration/Sources/Utils/SyntaxBuildableNode.swift	895c44e226cfc243455138de4f367ce6004fc95db5844cc516ef8009f2676ecc
armv6-evidence/swiftpm/checkouts/swift-syntax/CodeGeneration/Sources/Utils/SyntaxBuildableType.swift	542caf639d852ffc227f4095d3f4052a315ae796b402c3fe707f5887ba46270b
armv6-evidence/swiftpm/checkouts/swift-syntax/CodeGeneration/Sources/Utils/Utils.swift	56ccdf7e9909be642976a46ecfab6edaab6e953e1839e703eb0a67fa467cda3b
armv6-evidence/swiftpm/checkouts/swift-syntax/CodeGeneration/Sources/generate-swift-syntax/ChildNodeChoices.swift	e7f864d358a1f40071d6eb295d98803e950a0dabfab4cb592990579a38393418
armv6-evidence/swiftpm/checkouts/swift-syntax/CodeGeneration/Sources/generate-swift-syntax/GenerateSwiftSyntax.swift	022530cfd530f08c30de9b300b80b5f8e13c08f9276a3b6d342925a7aa8fc927
armv6-evidence/swiftpm/checkouts/swift-syntax/CodeGeneration/Sources/generate-swift-syntax/ImportSwiftSyntax.swift	782411f6ce9e3a68a5eb5273291106b565e80a2926def44a56a0cbaf780e4017
armv6-evidence/swiftpm/checkouts/swift-syntax/CodeGeneration/Sources/generate-swift-syntax/InitSignature+Extensions.swift	d8f7b84b2730f2c87fdeddbf89fccd028826399e1b760d6947161f11c21d1f81
armv6-evidence/swiftpm/checkouts/swift-syntax/CodeGeneration/Sources/generate-swift-syntax/templates/swiftparser/ExperimentalFeaturesFile.swift	4f489e27c5967a1937ad96d2bb4586cd4058c6a452d2ed00992f6bf21a26370c
armv6-evidence/swiftpm/checkouts/swift-syntax/CodeGeneration/Sources/generate-swift-syntax/templates/swiftparser/IsLexerClassifiedFile.swift	4602bc7017039fb1daafbab6791469db47012d7bbfc87ea8eb9e7c3319d6dc56
armv6-evidence/swiftpm/checkouts/swift-syntax/CodeGeneration/Sources/generate-swift-syntax/templates/swiftparser/LayoutNodesParsableFile.swift	df19c0c6f1e5ffb5e955a2872be863c7adecba0ed3795631fc1e1ef6fcb3c23d
armv6-evidence/swiftpm/checkouts/swift-syntax/CodeGeneration/Sources/generate-swift-syntax/templates/swiftparser/ParserTokenSpecSetFile.swift	2e8878e30bc9f87a895c8a03c65ad1f9e04584b72a1d1a219d0f5dcd65081506
armv6-evidence/swiftpm/checkouts/swift-syntax/CodeGeneration/Sources/generate-swift-syntax/templates/swiftparser/TokenSpecStaticMembersFile.swift	4cd592026a90fc47fe4ddf7a09ea8a449fe16800609d5d2776f890c5111707f4
armv6-evidence/swiftpm/checkouts/swift-syntax/CodeGeneration/Sources/generate-swift-syntax/templates/swiftparserdiagnostics/ChildNameForDiagnosticsFile.swift	b54a148b30fc3271dd6049a2f1dade74ea451f0d6df7f8be671161f25a118a6c
armv6-evidence/swiftpm/checkouts/swift-syntax/CodeGeneration/Sources/generate-swift-syntax/templates/swiftparserdiagnostics/SyntaxKindNameForDiagnosticsFile.swift	4cfb977affdb15ecb66ef29246df8f8048379e710ea10e9c73e3fcf2af2886d4
armv6-evidence/swiftpm/checkouts/swift-syntax/CodeGeneration/Sources/generate-swift-syntax/templates/swiftparserdiagnostics/TokenNameForDiagnosticsFile.swift	d4899b06bc5642ad11e83cffd099d8fd6703deb4ef893095b98bdb1463642236
armv6-evidence/swiftpm/checkouts/swift-syntax/CodeGeneration/Sources/generate-swift-syntax/templates/swiftsyntax/ChildNameForKeyPathFile.swift	6b83cc8a5f9b4f4fe75bde09cdd8ea8f52f8ff14accb2d674ab54d2dad6716f1
armv6-evidence/swiftpm/checkouts/swift-syntax/CodeGeneration/Sources/generate-swift-syntax/templates/swiftsyntax/KeywordFile.swift	9e9b1fba9b8ff3a349d9ed20c94b5d00e9c31c4199a1c657ec8bbd527664b8eb
armv6-evidence/swiftpm/checkouts/swift-syntax/CodeGeneration/Sources/generate-swift-syntax/templates/swiftsyntax/RawSyntaxNodesFile.swift	ec044596344b1b3552394cdb4c99357e14c250228c07d650b4e6008d1d1d32a1
armv6-evidence/swiftpm/checkouts/swift-syntax/CodeGeneration/Sources/generate-swift-syntax/templates/swiftsyntax/RawSyntaxValidationFile.swift	283a77871bda19f3415cfe8649f984a6dda0a39fceb90924887f83dd66c2fa1e
armv6-evidence/swiftpm/checkouts/swift-syntax/CodeGeneration/Sources/generate-swift-syntax/templates/swiftsyntax/RenamedChildrenCompatibilityFile.swift	909f480d2515a73423b44d88135edab989e50cc202fb764fb37698ec811e462b
armv6-evidence/swiftpm/checkouts/swift-syntax/CodeGeneration/Sources/generate-swift-syntax/templates/swiftsyntax/RenamedSyntaxNodesFile.swift	fed3ac049bb7edd139e5ae059b4fa5e33906e1af39d133dacba6e362a9fce06d
armv6-evidence/swiftpm/checkouts/swift-syntax/CodeGeneration/Sources/generate-swift-syntax/templates/swiftsyntax/SwiftSyntaxDoccIndex.swift	b1b3d1913a4163758136bfd7c2a0ca62e2f7477972f7704bda006edb66770215
armv6-evidence/swiftpm/checkouts/swift-syntax/CodeGeneration/Sources/generate-swift-syntax/templates/swiftsyntax/SwiftSyntaxDoccIndexTemplate.md	21906fca4451badb97c2ec5d92d92ec1d4e4538383e1ada27367896dcc29025a
armv6-evidence/swiftpm/checkouts/swift-syntax/CodeGeneration/Sources/generate-swift-syntax/templates/swiftsyntax/SyntaxAnyVisitorFile.swift	d908d2613fe0770c65fe1b61cfa99d942d37df2646518bac946148c342b9bb67
armv6-evidence/swiftpm/checkouts/swift-syntax/CodeGeneration/Sources/generate-swift-syntax/templates/swiftsyntax/SyntaxBaseNodesFile.swift	c2871e8f17fd7648a2e0381dd469d44993d0de5d838a44c403fb8950f696e9d2
armv6-evidence/swiftpm/checkouts/swift-syntax/CodeGeneration/Sources/generate-swift-syntax/templates/swiftsyntax/SyntaxCollectionsFile.swift	dc07b4b775733973ef41788e9e003dcb9ec220f18d54a57334b67c019b3d18f7
armv6-evidence/swiftpm/checkouts/swift-syntax/CodeGeneration/Sources/generate-swift-syntax/templates/swiftsyntax/SyntaxEnumFile.swift	ce98f99ddf51f8047ef92b3a86ac469c37bd702aebeb9406192b08f8e7d5ad61
armv6-evidence/swiftpm/checkouts/swift-syntax/CodeGeneration/Sources/generate-swift-syntax/templates/swiftsyntax/SyntaxKindFile.swift	10b0d68cd5deb55027c980fe381e4e26383e17fb24324b0c0e5e86f888492f44
armv6-evidence/swiftpm/checkouts/swift-syntax/CodeGeneration/Sources/generate-swift-syntax/templates/swiftsyntax/SyntaxNodeCasting.swift	5770a1c665392e8438cf3dbf05c5b2d53188f875b8c52a6287105272b529f8bf
armv6-evidence/swiftpm/checkouts/swift-syntax/CodeGeneration/Sources/generate-swift-syntax/templates/swiftsyntax/SyntaxNodesFile.swift	f5d326e614e35c2b1c58b599c22efca35cfda8a5e833e0b9f17afa50a7904735
armv6-evidence/swiftpm/checkouts/swift-syntax/CodeGeneration/Sources/generate-swift-syntax/templates/swiftsyntax/SyntaxRewriterFile.swift	7407839def66478711334015e1674d4501326b08b5e6a0045218bc87f2275b49
armv6-evidence/swiftpm/checkouts/swift-syntax/CodeGeneration/Sources/generate-swift-syntax/templates/swiftsyntax/SyntaxTraitsFile.swift	63c77d244b90b0d405aacd29af23dbaffe67fc97d5ee988b7a223e5d76cbca17
armv6-evidence/swiftpm/checkouts/swift-syntax/CodeGeneration/Sources/generate-swift-syntax/templates/swiftsyntax/SyntaxVisitorFile.swift	1be22594ff4bbefcbdda5a7f6c221d08982e1b1138b4ef47969c0a6e193e045f
armv6-evidence/swiftpm/checkouts/swift-syntax/CodeGeneration/Sources/generate-swift-syntax/templates/swiftsyntax/TokenKindFile.swift	edf1895af1078377c2db0be3f78b45328e55c687c36296db410bb129dcc41c92
armv6-evidence/swiftpm/checkouts/swift-syntax/CodeGeneration/Sources/generate-swift-syntax/templates/swiftsyntax/TokensFile.swift	09a55ad374d06141753aea4edabda9b1ce68a670ce86d6c469841536343dec21
armv6-evidence/swiftpm/checkouts/swift-syntax/CodeGeneration/Sources/generate-swift-syntax/templates/swiftsyntax/TriviaPiecesFile.swift	203313c1a907e5f6955ea832398449fa43d97a994c1a22895ec71e25d013666c
armv6-evidence/swiftpm/checkouts/swift-syntax/CodeGeneration/Sources/generate-swift-syntax/templates/swiftsyntaxbuilder/BuildableNodesFile.swift	620aea7c9322ab3b72acb1b57b9fddbf29f0144b3b0fa34394c28024351c23aa
armv6-evidence/swiftpm/checkouts/swift-syntax/CodeGeneration/Sources/generate-swift-syntax/templates/swiftsyntaxbuilder/RenamedChildrenBuilderCompatibilityFile.swift	f174c2a78a1827610e127036257918ee2a7de480780d6f01fc60f1722fff83ea
armv6-evidence/swiftpm/checkouts/swift-syntax/CodeGeneration/Sources/generate-swift-syntax/templates/swiftsyntaxbuilder/ResultBuildersFile.swift	4e010f7b08caf60f9dcc7f28f940de6d9d912007f64561e07a579095f303e1cf
armv6-evidence/swiftpm/checkouts/swift-syntax/CodeGeneration/Sources/generate-swift-syntax/templates/swiftsyntaxbuilder/SyntaxExpressibleByStringInterpolationConformancesFile.swift	1897f71571dd46608bd3d0c8bfbd330f3be9eee5967c161071134f0f364b7c77
armv6-evidence/swiftpm/checkouts/swift-syntax/CodeGeneration/Tests/ValidateSyntaxNodes/Utils.swift	a978e57e93e25d04769dcd12426536f4ecdbd640a3b3364f1f490111d2f1718b
armv6-evidence/swiftpm/checkouts/swift-syntax/CodeGeneration/Tests/ValidateSyntaxNodes/ValidateSyntaxNodes.swift	43159f3be32079b91c0205c322899bb81777ba695c39b8d9ba831855f9ad8c55
armv6-evidence/swiftpm/checkouts/swift-syntax/CodeGeneration/Tests/ValidateSyntaxNodes/ValidationFailure.swift	89b0e378a81a1201b8135e312fd1537223aa6a32a5ffd0944b7a71e0112eaae7
armv6-evidence/swiftpm/checkouts/swift-syntax/Contributor Documentation/API Breakage Checks.md	aa6b3e029a9c2ce82ca96cbe0ce9925bf3b02e97290ae753d17c594aa620aa64
armv6-evidence/swiftpm/checkouts/swift-syntax/Contributor Documentation/Changing Swift Syntax.md	6b14f90bb34ae4543afa4c68527155dde2ef13c343e6b1a4b4c7985908420b08
armv6-evidence/swiftpm/checkouts/swift-syntax/Contributor Documentation/Environment variables.md	a48e1f6c7707e0af1ce568c1b1586a3727f4f85ade7ef6262a28db1b26ea5b83
armv6-evidence/swiftpm/checkouts/swift-syntax/Contributor Documentation/Filing Parser Bug Reports.md	15d2d7f7d5a772e6ba07a55a041d69330b8d6f47c2d02a99f6d46e7f87f5cb1f
armv6-evidence/swiftpm/checkouts/swift-syntax/Contributor Documentation/Fixing Bugs.md	0d61cb206a98c2f617b1aa92c05841e7936036c29ff2bce722ae28557aa3a707
armv6-evidence/swiftpm/checkouts/swift-syntax/Contributor Documentation/Parser Design.md	e4727e89e3557415d122bba8a2382892862f62f658406d2248f7417dddb74b06
armv6-evidence/swiftpm/checkouts/swift-syntax/Contributor Documentation/Parser Recovery.md	e88851542181e303773029c70c0796eb1682eeb132c59aed424bc6f3ea09fcfe
armv6-evidence/swiftpm/checkouts/swift-syntax/Contributor Documentation/Parsing Basics.md	3d6130a0ce37adba15215dfd1a4eb657eeab298440cc0735aa3ce3f9e5d0888c
armv6-evidence/swiftpm/checkouts/swift-syntax/Contributor Documentation/README.md	b28d730a1ae91ebf6060a681b0e2cf2d87741dbd676c99a32f4ab0603d087f84
armv6-evidence/swiftpm/checkouts/swift-syntax/Contributor Documentation/RFC Process.md	c45432fc13fe5f18ef2873441ee74016b7507b974d12ea521b92f76ba60ac481
armv6-evidence/swiftpm/checkouts/swift-syntax/Contributor Documentation/SPI Attribute.md	aaeb6e910c7383808b8c44e5513e4b8bd9f20469c624e6db14e839ba83fb09bc
armv6-evidence/swiftpm/checkouts/swift-syntax/Contributor Documentation/When to use protocols in SwiftSyntax.md	28f3a0f1dfc6e2c64b4c7c02df5f775af90e2481b40ef9ed14c6409e72f5d666
armv6-evidence/swiftpm/checkouts/swift-syntax/EditorExtension/Host/Assets.xcassets/AppIcon.appiconset/Contents.json	884db26f7c9de0dd3e0542d616ba109636a804283b72dc2939a4c572a640d51a
armv6-evidence/swiftpm/checkouts/swift-syntax/EditorExtension/Host/HostApp.swift	f3811ad67a43a6a18512b81ccc4c230aee3ac83e926bdefbdf31530a193d0be6
armv6-evidence/swiftpm/checkouts/swift-syntax/EditorExtension/Host/Info.plist	7634be60ae6031274a5e17320a4293350445e259cdcaecdd94deb5e577f3d664
armv6-evidence/swiftpm/checkouts/swift-syntax/EditorExtension/README.md	66d5e651605f67f957ab656b97c686fa0c63b3e795246d5a8e1d34a43acb5ab7
armv6-evidence/swiftpm/checkouts/swift-syntax/EditorExtension/SwiftRefactorExtension.xcodeproj/project.pbxproj	13a501adaacf91d53125d625f2523162266978a013b1f587266e008bd95ab9a0
armv6-evidence/swiftpm/checkouts/swift-syntax/EditorExtension/SwiftRefactorExtension.xcodeproj/project.xcworkspace/contents.xcworkspacedata	7f3b00b5c3fdb45242d7b87e1e5c4e25d1fa8129a16c94295ecc4e8ea2235c5f
armv6-evidence/swiftpm/checkouts/swift-syntax/EditorExtension/SwiftRefactorExtension.xcodeproj/project.xcworkspace/xcshareddata/IDEWorkspaceChecks.plist	dfa0f9bb85b95ccba9c6811adadf8cb407fb5d52088e89db83ebc308ec448542
armv6-evidence/swiftpm/checkouts/swift-syntax/EditorExtension/SwiftRefactorExtension.xcodeproj/xcshareddata/xcschemes/SwiftRefactorExtension.xcscheme	4b7763aeb58f4a6d31bb5f5baeae3fd2c3c756db0764d8b97a91fec300bd24d9
armv6-evidence/swiftpm/checkouts/swift-syntax/EditorExtension/SwiftRefactorExtension/Bridge.h	4a41af969c0bfb820f89a28ba6a1b009a064d3d8061b6dd659ac1f34e2a76291
armv6-evidence/swiftpm/checkouts/swift-syntax/EditorExtension/SwiftRefactorExtension/CommandDiscovery.swift	e0f5f44459fb3e429f4b0a7b913ca911afc72297e86a62b37bff7f9abcee6907
armv6-evidence/swiftpm/checkouts/swift-syntax/EditorExtension/SwiftRefactorExtension/Info.plist	717846de31c52e131e3775088c2b9912e5c04e305bb2c1079e408cc94fdea3ed
armv6-evidence/swiftpm/checkouts/swift-syntax/EditorExtension/SwiftRefactorExtension/RefactoringRegistry.swift	475c2416c720487eb4a2680ae682ac643a6b1dc8c69bba056303e6af26237172
armv6-evidence/swiftpm/checkouts/swift-syntax/EditorExtension/SwiftRefactorExtension/SourceEditorCommand.swift	4fe98c985e65a63a6f62069c7de580d732beb29c53683d06df7ff741e437b18a
armv6-evidence/swiftpm/checkouts/swift-syntax/EditorExtension/SwiftRefactorExtension/SourceEditorExtension.swift	931ce6c8e71c85ae1203db634cbbeead111981d6f1bea49040fffa8d8401d1b7
armv6-evidence/swiftpm/checkouts/swift-syntax/EditorExtension/SwiftRefactorExtension/SwiftRefactorExtension.entitlements	b746c74b201e6af4e0864fbd1f4f629f96156a7ec4b7208bc995d0a5089bb592
armv6-evidence/swiftpm/checkouts/swift-syntax/Examples/Package.swift	9b4227bcea1378c3cbb609adc2164070ef68418805afb6e80d92ac18cd43c876
armv6-evidence/swiftpm/checkouts/swift-syntax/Examples/README.md	d28e5635fe74c7a75dc7372aff94dceb8ec4410d2509ec7116a6d24a40646acc
armv6-evidence/swiftpm/checkouts/swift-syntax/Examples/Sources/AddOneToIntegerLiterals/AddOneToIntegerLiterals.swift	3dc2189f5e6be827fe94bb0e59911fab355b417b253b7bef9c09b469aa4c4099
armv6-evidence/swiftpm/checkouts/swift-syntax/Examples/Sources/CodeGenerationUsingSwiftSyntaxBuilder/CodeGenerationUsingSwiftSyntaxBuilder.swift	50dca11f3c9321ca001c1758b32f36cf554e0a166e964871a9b3cdbd75437590
armv6-evidence/swiftpm/checkouts/swift-syntax/Examples/Sources/Examples-all/empty.swift	6facebfd24f433372599e8184ba8437c8a9651f593d0a2d773f61c85cfef2e6b
armv6-evidence/swiftpm/checkouts/swift-syntax/Examples/Sources/MacroExamples/Implementation/Accessor/EnvironmentValueMacro.swift	de46936507cb576981cc57760d306479820c4f221a7f5469516750448c7d61b9
armv6-evidence/swiftpm/checkouts/swift-syntax/Examples/Sources/MacroExamples/Implementation/ComplexMacros/DictionaryIndirectionMacro.swift	42fa06621b342b621ca10d4eaef2a5fea4f991e71a8e3b957390a9ffeafcd469
armv6-evidence/swiftpm/checkouts/swift-syntax/Examples/Sources/MacroExamples/Implementation/ComplexMacros/ObservableMacro.swift	70f44eaeb4dbb88ef17c752081e0d55d8723db41dd1f51d11f2285f2dd7b37b0
armv6-evidence/swiftpm/checkouts/swift-syntax/Examples/Sources/MacroExamples/Implementation/ComplexMacros/OptionSetMacro.swift	bc645014955a8e55e51b76842e9e2f4f41a0095cb106f70188da5743a53b468e
armv6-evidence/swiftpm/checkouts/swift-syntax/Examples/Sources/MacroExamples/Implementation/Declaration/FuncUniqueMacro.swift	f8d4cc23eb4bd3ba3c90cfbbfb2f8b54b3a741c0c926fdbbc562fef929839c3e
armv6-evidence/swiftpm/checkouts/swift-syntax/Examples/Sources/MacroExamples/Implementation/Diagnostics.swift	68d0acec4498713cc4b6071cf41a8edfd979837d32d0f822cd035351334ec681
armv6-evidence/swiftpm/checkouts/swift-syntax/Examples/Sources/MacroExamples/Implementation/Expression/AddBlocker.swift	ecd53ce7140e526044f516002a2fa36a240dcaeec9419b51f3ec17eb4af6e7c2
armv6-evidence/swiftpm/checkouts/swift-syntax/Examples/Sources/MacroExamples/Implementation/Expression/FontLiteralMacro.swift	86f21b7e3c17ce1fee9a83d61042eceed990538d9e875485135df58ee9f067f9
armv6-evidence/swiftpm/checkouts/swift-syntax/Examples/Sources/MacroExamples/Implementation/Expression/SourceLocationMacro.swift	ef27641107fc48627cc2c3b4a4a4b3c48c37095e8c794e83585eb1fde6f9dcc1
armv6-evidence/swiftpm/checkouts/swift-syntax/Examples/Sources/MacroExamples/Implementation/Expression/StringifyMacro.swift	869183cdbbe82d67813474a8af776a5a6bd3fccf2d7a12b0b16ce657c79e19e3
armv6-evidence/swiftpm/checkouts/swift-syntax/Examples/Sources/MacroExamples/Implementation/Expression/URLMacro.swift	66ab5d3d18d961db157599594fddb5fe80de055f9f181365443e3cb1ce7d04ea
armv6-evidence/swiftpm/checkouts/swift-syntax/Examples/Sources/MacroExamples/Implementation/Expression/WarningMacro.swift	af7c482ca84027791bcf0024339cab561770a0c42e80612891636cf012c8d2f9
armv6-evidence/swiftpm/checkouts/swift-syntax/Examples/Sources/MacroExamples/Implementation/Extension/DefaultFatalErrorImplementationMacro.swift	ea21f067c2332084ebd1023ec563d82431181b237eaa8bd997f07c1141b5e174
armv6-evidence/swiftpm/checkouts/swift-syntax/Examples/Sources/MacroExamples/Implementation/Extension/EquatableExtensionMacro.swift	23f6612f4092d8a6e9c5aa3cc00b44ce9821d2929cf1efb03e1eb2a27992ef80
armv6-evidence/swiftpm/checkouts/swift-syntax/Examples/Sources/MacroExamples/Implementation/Member/CaseDetectionMacro.swift	e6ef4354325e687806d86b429db2a1e4ccc0729df7205f23be00f9bfb72c7748
armv6-evidence/swiftpm/checkouts/swift-syntax/Examples/Sources/MacroExamples/Implementation/Member/CustomCodable.swift	e0ccee76f887a0c4f5f508d76ce77343f16963f2bf20df791e82fc705e4ff7d8
armv6-evidence/swiftpm/checkouts/swift-syntax/Examples/Sources/MacroExamples/Implementation/Member/MetaEnumMacro.swift	0916c235b624dfed78943a93d45e8c6111eddc9bc91972e0786a2358bb7f80eb
armv6-evidence/swiftpm/checkouts/swift-syntax/Examples/Sources/MacroExamples/Implementation/Member/NewTypeMacro.swift	72652ed0e16da90238d2f5fc8fa552975abaf2d1bf0fb1c7e7a8833987694504
armv6-evidence/swiftpm/checkouts/swift-syntax/Examples/Sources/MacroExamples/Implementation/MemberAttribute/MemberDeprecatedMacro.swift	97e460bee23f02986a5d91582571b0f20cacf18dea2eaed8ed267b27071e3c50
armv6-evidence/swiftpm/checkouts/swift-syntax/Examples/Sources/MacroExamples/Implementation/MemberAttribute/WrapStoredPropertiesMacro.swift	f97e7e6d354fb9852f408a7f3746643ecea42449d4d533a7def0697eadfbe98d
armv6-evidence/swiftpm/checkouts/swift-syntax/Examples/Sources/MacroExamples/Implementation/Peer/AddAsyncMacro.swift	acc8d9c6c8d68722779eb0674c737a29daedd0853b1cd06dc2d06ddb4a6006b1
armv6-evidence/swiftpm/checkouts/swift-syntax/Examples/Sources/MacroExamples/Implementation/Peer/AddCompletionHandlerMacro.swift	38ab04dfc47b0648203650c5ed87a9b3fb7d5d06f1d2a47029df205b2ff3331c
armv6-evidence/swiftpm/checkouts/swift-syntax/Examples/Sources/MacroExamples/Implementation/Peer/PeerValueWithSuffixNameMacro.swift	abf34fbd9ddfa7de79bd8e0e2eed1a70f91d984f9ca34542e5610cb880a2558a
armv6-evidence/swiftpm/checkouts/swift-syntax/Examples/Sources/MacroExamples/Implementation/Plugin.swift	4484697be296bbb5e0b6114a7646709d41ca57220e29716ea8fa0f784cd79189
armv6-evidence/swiftpm/checkouts/swift-syntax/Examples/Sources/MacroExamples/Interface/AccessorMacros.swift	57f7928b04320bb72c2a9c534c33df07323cd240fa8919367b25839776f4f0ee
armv6-evidence/swiftpm/checkouts/swift-syntax/Examples/Sources/MacroExamples/Interface/ComplexMacros.swift	a0ee81f6019aefb47444e1622f336f2f5897f875ac54654651fea7b267982c64
armv6-evidence/swiftpm/checkouts/swift-syntax/Examples/Sources/MacroExamples/Interface/DeclarationMacros.swift	026dfc077dde155bb79b24bc7894f340659e8c0524178f40c5d95954bdefcd5a
armv6-evidence/swiftpm/checkouts/swift-syntax/Examples/Sources/MacroExamples/Interface/ExpressionMacros.swift	6d0f7f2a1c01b4774261ccd79d990b3a009df10bd77299d74e93674551fa7c91
armv6-evidence/swiftpm/checkouts/swift-syntax/Examples/Sources/MacroExamples/Interface/ExtensionMacros.swift	4bcf82dfaa5dd0c0652cad68edbe3cfad1b400f9141052a711239a0ed688cf96
armv6-evidence/swiftpm/checkouts/swift-syntax/Examples/Sources/MacroExamples/Interface/MemberAttributeMacros.swift	fd6db525b020c2e350fcbbab8b2947df6cd9186a6c5ad2a9c97b9fd5d3315844
armv6-evidence/swiftpm/checkouts/swift-syntax/Examples/Sources/MacroExamples/Interface/MemberMacros.swift	2cf9afd2ab1e1dfda63725863d195af6719539a811383a7138fc74acce219b21
armv6-evidence/swiftpm/checkouts/swift-syntax/Examples/Sources/MacroExamples/Interface/PeerMacros.swift	c67b9edb3c7ed3d53e05d339a8519c5852f71f3785189a07697bd1d3539a24a6
armv6-evidence/swiftpm/checkouts/swift-syntax/Examples/Sources/MacroExamples/Interface/SourceLocationMacros.swift	8cd787e9dfda6c66660788d29028a3ac265acda100f11fb8b912e94d3f1e30ba
armv6-evidence/swiftpm/checkouts/swift-syntax/Examples/Sources/MacroExamples/Playground/AccessorMacrosPlayground.swift	9a694cb4b0ff4ea8f0beb5799f69b2e089d7733bf3f23dae75126add01db4aa3
armv6-evidence/swiftpm/checkouts/swift-syntax/Examples/Sources/MacroExamples/Playground/ComplexMacrosPlayground.swift	955e39af3ea9ce4ed097dc22e95e48450f26107ca071115a089f5a57b53b7960
armv6-evidence/swiftpm/checkouts/swift-syntax/Examples/Sources/MacroExamples/Playground/DeclarationMacrosPlayground.swift	2ae73f7013b686fbf8ad95eec75eb85be8fe69cac545e7c7cb88db58c1a297b2
armv6-evidence/swiftpm/checkouts/swift-syntax/Examples/Sources/MacroExamples/Playground/ExpressionMacrosPlayground.swift	a3162b4ae721469fb1a2cb52146b9d6080e70bb1e2403b87ed1c378dc07017b6
armv6-evidence/swiftpm/checkouts/swift-syntax/Examples/Sources/MacroExamples/Playground/ExtensionMacrosPlayground.swift	634c5f5120b6333804d6dfb2b32099d1eb25048e2958fab30bddf3b97b8e531c
armv6-evidence/swiftpm/checkouts/swift-syntax/Examples/Sources/MacroExamples/Playground/MemberAttributeMacrosPlayground.swift	2fa982d03403a960a38b49b4416f2e95d33459e50a52f18e5c204d325cc6c500
armv6-evidence/swiftpm/checkouts/swift-syntax/Examples/Sources/MacroExamples/Playground/MemberMacrosPlayground.swift	976a476edace03439ac6bc71245c136f949ac63ca2a6c9741bc07a4876bf82a4
armv6-evidence/swiftpm/checkouts/swift-syntax/Examples/Sources/MacroExamples/Playground/PeerMacrosPlayground.swift	a0b255bcfa4933a987181d20db143820278a0dc605fc2df1530822d6af48eb7a
armv6-evidence/swiftpm/checkouts/swift-syntax/Examples/Sources/MacroExamples/Playground/SourceLocationMacrosPlayground.swift	0e7b9c589d956eabe10b1484a05524fe91edde5a57abcb152af8aef2fcd61b5b
armv6-evidence/swiftpm/checkouts/swift-syntax/Examples/Sources/MacroExamples/Playground/main.swift	c2251cf356702a167a518546e08ab89acf234241199e72e65d1283ef3ad7deac
armv6-evidence/swiftpm/checkouts/swift-syntax/Examples/Tests/Dummy/Empty.swift	05984f59b51806b860359f1be2cf03b36cdc8029964c5946f2bca6db3ccdfd8d
armv6-evidence/swiftpm/checkouts/swift-syntax/Examples/Tests/MacroExamples/Implementation/Accessor/EnvironmentValueMacroTests.swift	a54b1c9927632881a0a5d05422ae1ff3ecadbedcb3d3aec1ec329e0c2a0a244e
armv6-evidence/swiftpm/checkouts/swift-syntax/Examples/Tests/MacroExamples/Implementation/ComplexMacros/DictionaryIndirectionMacroTests.swift	e0efd579c5a79e3c2d6f4944e3f2e8ef332a0728d1d758b56007cb279e3e6496
armv6-evidence/swiftpm/checkouts/swift-syntax/Examples/Tests/MacroExamples/Implementation/ComplexMacros/ObservableMacroTests.swift	1f38d97f12fdc17c66ca5bdacb46e019949e1bcec1e48cf67c677d34151bb46a
armv6-evidence/swiftpm/checkouts/swift-syntax/Examples/Tests/MacroExamples/Implementation/ComplexMacros/OptionSetMacroTests.swift	372b7d0d3aab41195f760110ea5a8c14f9c4955aef6868ae50682265560d7f18
armv6-evidence/swiftpm/checkouts/swift-syntax/Examples/Tests/MacroExamples/Implementation/Declaration/FuncUniqueMacroTests.swift	146fdf0e9c355f3bec312329eacfe3f0324f16afd9f8421aa7c0e923676436bf
armv6-evidence/swiftpm/checkouts/swift-syntax/Examples/Tests/MacroExamples/Implementation/Expression/AddBlockerTests.swift	7d292def3860610246a7c300c71df44911f5d72314a801623b720ecef230d592
armv6-evidence/swiftpm/checkouts/swift-syntax/Examples/Tests/MacroExamples/Implementation/Expression/FontLiteralMacroTests.swift	2c2d773dd20b57043163ceb9490ede397d2fd1a367e0df6b4a2d1f1fbf3fcaae
armv6-evidence/swiftpm/checkouts/swift-syntax/Examples/Tests/MacroExamples/Implementation/Expression/StringifyMacroTests.swift	9fc43d5ece9daddc8d91c362a28e9034452b7dd810d6e3da98de2bb8783cadd2
armv6-evidence/swiftpm/checkouts/swift-syntax/Examples/Tests/MacroExamples/Implementation/Expression/URLMacroTests.swift	709bf6a5bf761c00650253780b6913a4ee6063c1db77a6c1e8e748c187793d37
armv6-evidence/swiftpm/checkouts/swift-syntax/Examples/Tests/MacroExamples/Implementation/Expression/WarningMacroTests.swift	915226e15022f73f06722666cfdad273ad113e1f318ebb85632fb0643f8dab97
armv6-evidence/swiftpm/checkouts/swift-syntax/Examples/Tests/MacroExamples/Implementation/Extension/DefaultFatalErrorImplementationMacroTests.swift	aa280d120b30d254a36be592d535371927ba80c73aa479ca400cb2a290c0089b
armv6-evidence/swiftpm/checkouts/swift-syntax/Examples/Tests/MacroExamples/Implementation/Extension/EquatableExtensionMacroTests.swift	8147748c663a6d3f13270f38ed7ef6057be69e43ea6f1203b79a0140085eec6b
armv6-evidence/swiftpm/checkouts/swift-syntax/Examples/Tests/MacroExamples/Implementation/Member/CaseDetectionMacroTests.swift	2f27d96e90cf08d73a4e692048e2c2684ce0bc70630e6b7dc15f0883e4c3220b
armv6-evidence/swiftpm/checkouts/swift-syntax/Examples/Tests/MacroExamples/Implementation/Member/CustomCodableTests.swift	754ad9c49859f11cfd42fde16d935dbe94de5332af903f8d064f5ae7a3699b97
armv6-evidence/swiftpm/checkouts/swift-syntax/Examples/Tests/MacroExamples/Implementation/Member/MetaEnumMacroTests.swift	ac5f935e32e55db50fbc7c05ccb873f3768b94805b5025c6c9057c38085ebbdd
armv6-evidence/swiftpm/checkouts/swift-syntax/Examples/Tests/MacroExamples/Implementation/Member/NewTypeMacroTests.swift	5d19ecae858bfbdce27053ced802b0e84942466a3cf705175ec293d72555583a
armv6-evidence/swiftpm/checkouts/swift-syntax/Examples/Tests/MacroExamples/Implementation/MemberAttribute/MemberDeprecatedMacroTests.swift	0c015dcdd365460cd1558e528498e9544f1029876fb3ca874a3ed949d7bf6d25
armv6-evidence/swiftpm/checkouts/swift-syntax/Examples/Tests/MacroExamples/Implementation/MemberAttribute/WrapStoredPropertiesMacroTests.swift	b4d9353c372f24f41cb14b3510531d74982bb9173223d887d0cf26ded2110855
armv6-evidence/swiftpm/checkouts/swift-syntax/Examples/Tests/MacroExamples/Implementation/Peer/AddAsyncMacroTests.swift	23e9f73e17b672e07f709cee04346f8d6228c9354019d261a81f1a6c5908776c
armv6-evidence/swiftpm/checkouts/swift-syntax/Examples/Tests/MacroExamples/Implementation/Peer/AddCompletionHandlerMacroTests.swift	b0870f43118d60d9395d91ba28e7dca0ecbb00413a06605185feb61b08d61482
armv6-evidence/swiftpm/checkouts/swift-syntax/Examples/Tests/MacroExamples/Implementation/Peer/PeerValueWithSuffixNameMacroTests.swift	c663b227672ff0acc0fee88b7d5c79072294a83526a9c9cae091ebbf615d2564
armv6-evidence/swiftpm/checkouts/swift-syntax/LICENSE.txt	770af8291f708538d8ff885a0bbc4e045cd700531741c4f99528d435c14d7f55
armv6-evidence/swiftpm/checkouts/swift-syntax/MODULE.bazel	801223941c75b2403ec145fb20f9b5315d9efe4059e342a82dbc1beaf1fdd99d
armv6-evidence/swiftpm/checkouts/swift-syntax/Package.swift	a9d82d3f7cdd7c1be7baa604173651e51f1711b190516eb9fbfe279c642eacc5
armv6-evidence/swiftpm/checkouts/swift-syntax/README.md	d246184255f253a0f652c6dafb4790b2204e99ac547cbb1498d5cd6a03edffe2
armv6-evidence/swiftpm/checkouts/swift-syntax/Release Notes/510.md	2c2064248969ded6196717e6ea516930a474a82a4731c9a96cf86b01bd1f474f
armv6-evidence/swiftpm/checkouts/swift-syntax/Release Notes/600.md	713c421a47831f865d6c81615a2ff178860ddb36f8843dbe3ec8bdec388447be
armv6-evidence/swiftpm/checkouts/swift-syntax/Release Notes/601.md	67f03c155e2a4d29545ac173395bdeba18009e17cebfd632da56223cf1852ba8
armv6-evidence/swiftpm/checkouts/swift-syntax/Release Notes/602.md	9c0c88339ac36190f9759f63f13bc64c02d2de03a14952f585c0a2de99138039
armv6-evidence/swiftpm/checkouts/swift-syntax/Sources/CMakeLists.txt	7997df7e8ff950cbb219f7178c59918574179adf841224cb9bebdc50cd7ac7a8
armv6-evidence/swiftpm/checkouts/swift-syntax/Sources/SwiftBasicFormat/BasicFormat.swift	f63abf6f5cb3c764ca0ea5983ba93faf8b5f316c3cf83fd76ed22ff6a4087b52
armv6-evidence/swiftpm/checkouts/swift-syntax/Sources/SwiftBasicFormat/CMakeLists.txt	567e4c7874e8ea6cd28040a822e5c70a445b4552c736bae387a978671bc9b81f
armv6-evidence/swiftpm/checkouts/swift-syntax/Sources/SwiftBasicFormat/Indenter.swift	0dd7f8eff8f645eb2dfcc3ea2e540148a31af000a2f02efc45f47d1c62f5b98d
armv6-evidence/swiftpm/checkouts/swift-syntax/Sources/SwiftBasicFormat/InferIndentation.swift	24c34ab9afa7f39d2bd34eaf147bd74a64262b2f5d8b86fe6f2b6a2ff6378968
armv6-evidence/swiftpm/checkouts/swift-syntax/Sources/SwiftBasicFormat/SwiftBasicFormat.docc/FilingBugReports.md	7c9d40c9a64eae4bf84adc7b7a0c724a8c4fc067766f71dff8fc211d75e92d7b
armv6-evidence/swiftpm/checkouts/swift-syntax/Sources/SwiftBasicFormat/SwiftBasicFormat.docc/Info.plist	5570ae99d0255c6bc8f6b053472e8907603717375b169244fd01bcdd3ae27959
armv6-evidence/swiftpm/checkouts/swift-syntax/Sources/SwiftBasicFormat/Syntax+Extensions.swift	ef7106825aa84bcfa8852d6e8a43b628b0b03dd578e1ca127dd67fce05fd73e8
armv6-evidence/swiftpm/checkouts/swift-syntax/Sources/SwiftBasicFormat/SyntaxProtocol+Formatted.swift	fb8c95629251894ed95134cbb9b5e7941081b31ba89774f08f86578aa9ad6992
armv6-evidence/swiftpm/checkouts/swift-syntax/Sources/SwiftBasicFormat/Trivia+FormatExtensions.swift	36a6bfcc6bdad5a2d3bbdb16e7b369fafd7a84468bb3a020f4d267f69698cd90
armv6-evidence/swiftpm/checkouts/swift-syntax/Sources/SwiftCompilerPlugin/CMakeLists.txt	59bc5e24da49496e2adedc0d67da2e3c6b15d42a0ad8fa7181f73306a29b4d5e
armv6-evidence/swiftpm/checkouts/swift-syntax/Sources/SwiftCompilerPlugin/CompilerPlugin.swift	428b8916d36242ae931593b9b194ba4f428c00484150e9d1ef9243072da2c634
armv6-evidence/swiftpm/checkouts/swift-syntax/Sources/SwiftCompilerPluginMessageHandling/CMakeLists.txt	e14a1044f3b249294c9b320652786fbf33415303b50e9b34756449baa2705ad2
armv6-evidence/swiftpm/checkouts/swift-syntax/Sources/SwiftCompilerPluginMessageHandling/CompilerPluginMessageHandler.swift	462382f1536fea751a7a7fa70668faf44d29ce3c13860ad37191283e275440b9
armv6-evidence/swiftpm/checkouts/swift-syntax/Sources/SwiftCompilerPluginMessageHandling/Diagnostics.swift	0684342a031ea8fb2ac0da303b0175f44f4ebbc62e8f609183a0e656a6b0237b
armv6-evidence/swiftpm/checkouts/swift-syntax/Sources/SwiftCompilerPluginMessageHandling/JSON/CodingUtilities.swift	3a6ea2ff5c5b8f553cdfec3a8aae3a32d0652aec59e61fad122d782a10425bf3
armv6-evidence/swiftpm/checkouts/swift-syntax/Sources/SwiftCompilerPluginMessageHandling/JSON/JSON.swift	aa5d4065788186339394798b79cfa2d2f0930d95b7c8316638e51628d67b7ca8
armv6-evidence/swiftpm/checkouts/swift-syntax/Sources/SwiftCompilerPluginMessageHandling/JSON/JSONDecoding.swift	c698e3062636c3dce4467ea89743ddea4fe09e5901cf324b90baf1f91a68b041
armv6-evidence/swiftpm/checkouts/swift-syntax/Sources/SwiftCompilerPluginMessageHandling/JSON/JSONEncoding.swift	15703062c0f47ce2b8fa1f69bcb5e3ce3805a21f17b32db3e836816457a46e41
armv6-evidence/swiftpm/checkouts/swift-syntax/Sources/SwiftCompilerPluginMessageHandling/LRUCache.swift	be4719876b3dc0e41f46092f56ed5896a62e506f3233f4bac6fe5ccaa8b0e5be
armv6-evidence/swiftpm/checkouts/swift-syntax/Sources/SwiftCompilerPluginMessageHandling/Macros.swift	1d8f845e724ce90d734d337bc3591d87ba7102de151cd0b16f03fc6708c986cf
armv6-evidence/swiftpm/checkouts/swift-syntax/Sources/SwiftCompilerPluginMessageHandling/PluginMacroExpansionContext.swift	577b7578b86b5a432b413d3b2a63324016a979bc854403a08356d2dd59316236
armv6-evidence/swiftpm/checkouts/swift-syntax/Sources/SwiftCompilerPluginMessageHandling/PluginMessageCompatibility.swift	911281c8ca00839bfe21187f7dc53604cc7c5b3422cf298daf3994b8bc278270
armv6-evidence/swiftpm/checkouts/swift-syntax/Sources/SwiftCompilerPluginMessageHandling/PluginMessages.swift	e0a3e70bb00dcc72cc04217a10b3065b866a7600ee9441e7903245b01e588144
armv6-evidence/swiftpm/checkouts/swift-syntax/Sources/SwiftCompilerPluginMessageHandling/StandardIOMessageConnection.swift	15e329f745b653f1f79687386b86dbb4d3d3b97d30fc57a9045e2e7cc57655e6
armv6-evidence/swiftpm/checkouts/swift-syntax/Sources/SwiftDiagnostics/CMakeLists.txt	2f2b995c6ef7c9ff9ffd94b123a9e337d61b7bebe17263f91d048f97550c7735
armv6-evidence/swiftpm/checkouts/swift-syntax/Sources/SwiftDiagnostics/Convenience.swift	bfb90949c7d4eb2844abd24e978075395525af9e38af03afa45043c8507e031c
armv6-evidence/swiftpm/checkouts/swift-syntax/Sources/SwiftDiagnostics/Diagnostic.swift	56814888fcf59cf2868f623f0f3fe3bfe516b567b47a4a5fc61506d485e0f89e
armv6-evidence/swiftpm/checkouts/swift-syntax/Sources/SwiftDiagnostics/DiagnosticDecorators/ANSIDiagnosticDecorator.swift	0769faa8fe521b45c4bbd67431dd17fa65bf7e6b1f0117e7ac0fad26215f64c6
armv6-evidence/swiftpm/checkouts/swift-syntax/Sources/SwiftDiagnostics/DiagnosticDecorators/BasicDiagnosticDecorator.swift	d8d74b86aa298b7d65eee84756ec254b1390aebc48de59180edeb4386f6344be
armv6-evidence/swiftpm/checkouts/swift-syntax/Sources/SwiftDiagnostics/DiagnosticDecorators/DiagnosticDecorator.swift	bb752dfd5526eeb900a312ed34e0235e8d477a26d5ace7fa9ae6cf9dd6d9066a
armv6-evidence/swiftpm/checkouts/swift-syntax/Sources/SwiftDiagnostics/DiagnosticsFormatter.swift	1b34df688395a5ce888d5bed2fa3621ca5b59ac80f6da9d9088ebd84a6e5b276
armv6-evidence/swiftpm/checkouts/swift-syntax/Sources/SwiftDiagnostics/FixIt.swift	2f78766f08f46085e19497a17e294512c3616386242b66227d3bdadedbb391d9
armv6-evidence/swiftpm/checkouts/swift-syntax/Sources/SwiftDiagnostics/GroupedDiagnostics.swift	7ba0d631ccaa192347dd90580d8e386765ca8179f1a3b1c19e3a50811af5dd8d
armv6-evidence/swiftpm/checkouts/swift-syntax/Sources/SwiftDiagnostics/Message.swift	a0cc6c3999ddcf6bfad0fac71cb4a70afc8e9f4cb203b69c68c0c173e750b527
armv6-evidence/swiftpm/checkouts/swift-syntax/Sources/SwiftDiagnostics/Note.swift	da618df0ad7349f86cfa69bc01d7ca28b7956646bbee20ec5c9d456fc30000af
armv6-evidence/swiftpm/checkouts/swift-syntax/Sources/SwiftIDEUtils/CMakeLists.txt	10bc0f3014102e8fa7869cb9a22c4188645de1e322e3e79c59cc72bb4920e889
armv6-evidence/swiftpm/checkouts/swift-syntax/Sources/SwiftIDEUtils/DeclNameLocation.swift	6b0d1703bfb2817d24238791cb00a1471009046bac88da8e0efb6fde91308ae5
armv6-evidence/swiftpm/checkouts/swift-syntax/Sources/SwiftIDEUtils/FixItApplier.swift	c36956a237d921a186443d1ea81f43f7a0525464022ddf9a04115c5b1f149404
armv6-evidence/swiftpm/checkouts/swift-syntax/Sources/SwiftIDEUtils/NameMatcher.swift	63e71d1f75486cfaeef545bb777afa3a62b03a21e9bde1e02422b0fa1347db0c
armv6-evidence/swiftpm/checkouts/swift-syntax/Sources/SwiftIDEUtils/SwiftIDEUtilsCompatibility.swift	0abf8ea555dfe5f822b8c4291ddbbf12bfc7e057dc4fb7740ff9fc80b65bc4cf
armv6-evidence/swiftpm/checkouts/swift-syntax/Sources/SwiftIDEUtils/Syntax+Classifications.swift	3e16b2c5202c50d982a3748a9e296fae9fe7ab7775e5c74107b566572476a1a9
armv6-evidence/swiftpm/checkouts/swift-syntax/Sources/SwiftIDEUtils/SyntaxClassification.swift	6a85084fe138e3e0ae2dd966b1be98aa91e9190e758138211f9199448731015b
armv6-evidence/swiftpm/checkouts/swift-syntax/Sources/SwiftIDEUtils/SyntaxClassifier.swift	9450ad8ae163beea3306b2b5d23c921c31742ff6eb37f56e259c2560cf82d9a5
armv6-evidence/swiftpm/checkouts/swift-syntax/Sources/SwiftIDEUtils/Utils.swift	d5567e5f8c6bb22e967f87280fa04750a2ca83e4c8b09739720363b5213d7d1c
armv6-evidence/swiftpm/checkouts/swift-syntax/Sources/SwiftIfConfig/ActiveClauseEvaluator.swift	ce15d77a801a5de375c37b3e6515fd740fa3616cacb403838d88d5aac7d3a24f
armv6-evidence/swiftpm/checkouts/swift-syntax/Sources/SwiftIfConfig/ActiveSyntaxRewriter.swift	60b0ef2bf86b2ec9305c129c51f0f2dd89ebf801fb415c66cc5d6d29dbe1c3af
armv6-evidence/swiftpm/checkouts/swift-syntax/Sources/SwiftIfConfig/ActiveSyntaxVisitor.swift	ed8da03d79333cf31d088b8becbd1e04187eb65c7a0219a67577172b74a9a7de
armv6-evidence/swiftpm/checkouts/swift-syntax/Sources/SwiftIfConfig/BuildConfiguration.swift	1abe8a6fbfc3a3d5ed7c022af6ad620c80f2fbf7b55bf88fc64b76c73090c915
armv6-evidence/swiftpm/checkouts/swift-syntax/Sources/SwiftIfConfig/CMakeLists.txt	89ac93551fa9f3cfc96360498ab226d366e5903758209dea118bbff5884968b0
armv6-evidence/swiftpm/checkouts/swift-syntax/Sources/SwiftIfConfig/ConfiguredRegions.swift	59e44236392dd89ff5467763787c8b09344eb1d4fd31555540f3cab76b53e1f2
armv6-evidence/swiftpm/checkouts/swift-syntax/Sources/SwiftIfConfig/IfConfigDecl+IfConfig.swift	f9ac69e090a08c392c427c578584b26b1f14c5a44ba5289b4b8455239f484b27
armv6-evidence/swiftpm/checkouts/swift-syntax/Sources/SwiftIfConfig/IfConfigDiagnostic.swift	ca6582f33a334ed464b0370b8edfb03f2e77023ebcf267b8f2461f35a183fe85
armv6-evidence/swiftpm/checkouts/swift-syntax/Sources/SwiftIfConfig/IfConfigEvaluation.swift	5404ecb0c2d251af8d0dd55050520e125aecdff917b7232166ffca82f5994127
armv6-evidence/swiftpm/checkouts/swift-syntax/Sources/SwiftIfConfig/IfConfigFunctions.swift	70565e38158e28d81abdb999aeb92729a6267f0bccae08d6ebfa2f3a21efbc13
armv6-evidence/swiftpm/checkouts/swift-syntax/Sources/SwiftIfConfig/IfConfigRegionState.swift	91fbd6c176bb4af9278f7ad71640d9fe70464cff480d2a62a7f7a5f1bafbf1c9
armv6-evidence/swiftpm/checkouts/swift-syntax/Sources/SwiftIfConfig/StaticBuildConfiguration.swift	40a3334cc10d4a42018d5309c8553f28b8ee0dcd2058b0ff3e8551994fd18054
armv6-evidence/swiftpm/checkouts/swift-syntax/Sources/SwiftIfConfig/SwiftIfConfig.docc/Info.plist	aca6387c215981ecbb71bfd8f7861f73f7b6ce2e79c7f29247d0ef6e3769e7f2
armv6-evidence/swiftpm/checkouts/swift-syntax/Sources/SwiftIfConfig/SwiftIfConfig.docc/SwiftIfConfig.md	3bfa6f9eeaa88b9466c308d5ef78e9fc7396c757f66538732441a7803f914bdf
armv6-evidence/swiftpm/checkouts/swift-syntax/Sources/SwiftIfConfig/SyntaxLiteralUtils.swift	f008fc8b8f2478e31870ad6fdf2a90bee733674d2f2ebb69d36180b45a09cb1a
armv6-evidence/swiftpm/checkouts/swift-syntax/Sources/SwiftIfConfig/SyntaxProtocol+IfConfig.swift	63509bebcee0d7a113b4ce2361105ddac4500f0f0b7a86a428ad9a612a57df8b
armv6-evidence/swiftpm/checkouts/swift-syntax/Sources/SwiftIfConfig/VersionTuple+Parsing.swift	6ba76cda6711bd74aa3a3759518b2562e4562c407e1a93988d94f9b91e759d93
armv6-evidence/swiftpm/checkouts/swift-syntax/Sources/SwiftIfConfig/VersionTuple.swift	f39582d8a3a0562a64da4b84a8ac1d98d0e8f698d19d90035c1e132dc77eec8d
armv6-evidence/swiftpm/checkouts/swift-syntax/Sources/SwiftLexicalLookup/CMakeLists.txt	fa379054db2c0577969d0274cca30c35bcf3586de6db6e0e5c2ad8710a13cdda
armv6-evidence/swiftpm/checkouts/swift-syntax/Sources/SwiftLexicalLookup/IdentifiableSyntax.swift	ac7b09fea24929b3349843a9fbfb3d6b3367d551ceb54c4a9bb5b96379a48319
armv6-evidence/swiftpm/checkouts/swift-syntax/Sources/SwiftLexicalLookup/LookupConfig.swift	a03f43c5bead40e6c54d899caa6ce92aa6083e42c694718c2ee00d06c23fe23d
armv6-evidence/swiftpm/checkouts/swift-syntax/Sources/SwiftLexicalLookup/LookupName.swift	1ad215c9c5ed28ec5e1596e07d1f00f8aa26ac66c44e796d6dbe8531a9eb585e
armv6-evidence/swiftpm/checkouts/swift-syntax/Sources/SwiftLexicalLookup/LookupResult.swift	fa1a7999fe209e8ecefc525cc92732913d9f37f6859b19a0cf4af8d19d2f4ce0
armv6-evidence/swiftpm/checkouts/swift-syntax/Sources/SwiftLexicalLookup/Scopes/CanInterleaveResultsLaterScopeSyntax.swift	355050b19cd80880a1c3b83c0b9809193bbd8c76495919dbabf204767f1deba3
armv6-evidence/swiftpm/checkouts/swift-syntax/Sources/SwiftLexicalLookup/Scopes/FunctionScopeSyntax.swift	0d25a30888e455ceec1fac1bdd2930c75d21fc5a10f3d4cb8302b8d878cbd015
armv6-evidence/swiftpm/checkouts/swift-syntax/Sources/SwiftLexicalLookup/Scopes/GenericParameterScopeSyntax.swift	8abbaa9c659129a6e3829e917724d92b46a88ef4a8269e597ef770e21b5061a8
armv6-evidence/swiftpm/checkouts/swift-syntax/Sources/SwiftLexicalLookup/Scopes/IntroducingToSequentialParentScopeSyntax.swift	b2ed6e7aaf8377e3dac85f99ba084ab1d842cf70884248e7e5c532d617812ea8
armv6-evidence/swiftpm/checkouts/swift-syntax/Sources/SwiftLexicalLookup/Scopes/LookInMembersScopeSyntax.swift	fd873b23675201d3984e4dc38f867d5833a33ec2a5f203d9e8b49148d64b3a6f
armv6-evidence/swiftpm/checkouts/swift-syntax/Sources/SwiftLexicalLookup/Scopes/NominalTypeDeclSyntax.swift	13cb90ed79243f0eb8a3d84fb04e2d29dce49603776c76732ae623124b8fcaa1
armv6-evidence/swiftpm/checkouts/swift-syntax/Sources/SwiftLexicalLookup/Scopes/ScopeImplementations.swift	61efab58d4492fa22a6a2785fcca1e27719b23878497935f3072a996326bdc1d
armv6-evidence/swiftpm/checkouts/swift-syntax/Sources/SwiftLexicalLookup/Scopes/ScopeSyntax.swift	e0277cb32dc098e976eea09bca9215ea2dee5bf64c0309d76eec9c5355a538bf
armv6-evidence/swiftpm/checkouts/swift-syntax/Sources/SwiftLexicalLookup/Scopes/SequentialScopeSyntax.swift	b9aa55298a31542f65f00a79eb99ad931abf15fe697d61b6038dd9ddc3064ba8
armv6-evidence/swiftpm/checkouts/swift-syntax/Sources/SwiftLexicalLookup/Scopes/WithGenericParametersScopeSyntax.swift	c2f0f306a9e8b78ef7bf8a434e5e62814c443b9c591d42acbde10716f72d3695
armv6-evidence/swiftpm/checkouts/swift-syntax/Sources/SwiftLexicalLookup/SimpleLookupQueries.swift	a503ef0ac2fd204a991338b09d0a45d1fba5442aa0699a9b33a5a8802ca84852
armv6-evidence/swiftpm/checkouts/swift-syntax/Sources/SwiftLexicalLookup/SwiftLexicalLookup.docc/Info.plist	9314cd1324db679b7ec83ce2ec817edb0d9eac61befc73e41eb94ef30b3f51b6
armv6-evidence/swiftpm/checkouts/swift-syntax/Sources/SwiftLexicalLookup/SwiftLexicalLookup.docc/LookupRules.md	c5a9ba57caf2d91f4d7e60a4ed91b964af0f1e61baf4552c698367e5f59c39d0
armv6-evidence/swiftpm/checkouts/swift-syntax/Sources/SwiftLexicalLookup/SwiftLexicalLookup.docc/SwiftLexicalLookup.md	39b7c60987d404d25c67a06850f04c4273ec7e30de9db8014195f0409d2d77c7
armv6-evidence/swiftpm/checkouts/swift-syntax/Sources/SwiftLibraryPluginProvider/CMakeLists.txt	b7ede5b7bc65f7d05407fb36462ca1a6fbced0e158f5e121cb09b1642b2729a0
armv6-evidence/swiftpm/checkouts/swift-syntax/Sources/SwiftLibraryPluginProvider/LibraryPluginProvider.swift	df12d9c616d0c5928088f7c003b8da016c0f5f64fa67419ead55c43aa9025337
armv6-evidence/swiftpm/checkouts/swift-syntax/Sources/SwiftOperators/CMakeLists.txt	7fa87a60d861a5df5ce29a6489e9ec845975a4554aea88bf72cd415a3e913792
armv6-evidence/swiftpm/checkouts/swift-syntax/Sources/SwiftOperators/Operator.swift	a0c900694069a7dab3f0220766d1f46260f03d3b6aaa785a59d98dd890959993
armv6-evidence/swiftpm/checkouts/swift-syntax/Sources/SwiftOperators/OperatorError+Diagnostics.swift	d02f562e4f7ae8d359af78043bf1a4d2aa238d4564e56e2682442b723a80bacc
armv6-evidence/swiftpm/checkouts/swift-syntax/Sources/SwiftOperators/OperatorError.swift	d2d93b53efb2a837b3d103c01be947178863cbe5af5e872171ee1dbca0b47433
armv6-evidence/swiftpm/checkouts/swift-syntax/Sources/SwiftOperators/OperatorTable+Defaults.swift	8e353ff640d4983961579f0f061944591ccf8954a45468da5a81cedfba258bf7
armv6-evidence/swiftpm/checkouts/swift-syntax/Sources/SwiftOperators/OperatorTable+Folding.swift	185e6197c21e1dcd51ad0d6ba80d573ad38047b9d450f3c5642befa9c6dc6c68
armv6-evidence/swiftpm/checkouts/swift-syntax/Sources/SwiftOperators/OperatorTable+Semantics.swift	04cf6e0c713787865f0cc69cc4149445987178dd9adbe44f253312547a6498dc
armv6-evidence/swiftpm/checkouts/swift-syntax/Sources/SwiftOperators/OperatorTable.swift	de36f43c40ebeea6daf23ab4f441ca2c61ee51d7133f5e7f37ec973184206fc2
armv6-evidence/swiftpm/checkouts/swift-syntax/Sources/SwiftOperators/PrecedenceGraph.swift	0868c2f362dfc6ee059a294fbe6b7b34e1b958fb189a1ecff677947044b7175f
armv6-evidence/swiftpm/checkouts/swift-syntax/Sources/SwiftOperators/PrecedenceGroup.swift	feb3c590ec0c518064b84da57244b20cf333e4567febf9d8a1e559e2d65ee311
armv6-evidence/swiftpm/checkouts/swift-syntax/Sources/SwiftOperators/SwiftOperators.docc/Info.plist	cb8a99053ff8e6eb9f0ff6c5539c8590f57717542b5cf0047a0754717aa68024
armv6-evidence/swiftpm/checkouts/swift-syntax/Sources/SwiftOperators/SwiftOperators.docc/SwiftOperators.md	12a7640e9793598f15f399ee081451bc39efb760efc4f26766eb30944ab5f7a2
armv6-evidence/swiftpm/checkouts/swift-syntax/Sources/SwiftOperators/SyntaxSynthesis.swift	01181650a5eaa08210c930eb7f970df7373459f730945cd6c1404be61181cf50
armv6-evidence/swiftpm/checkouts/swift-syntax/Sources/SwiftParser/Attributes.swift	80699f6ad05ab4dec40d81e98089845e1872d809b855e33aaf0425b2a9225697
armv6-evidence/swiftpm/checkouts/swift-syntax/Sources/SwiftParser/Availability.swift	3a35ea27fd0c3ba551129b4c16543f8e80d863b814487f245802d0a94e56f126
armv6-evidence/swiftpm/checkouts/swift-syntax/Sources/SwiftParser/CMakeLists.txt	d0ec5949a008fac2d71095145a411e19064fa10a4b4254d8ac29e4109207bbdd
armv6-evidence/swiftpm/checkouts/swift-syntax/Sources/SwiftParser/CharacterInfo.swift	1a7c3305c70e77abf6fecceaba064d609b8341926dd2821a2ddd0d7a7d4205ce
armv6-evidence/swiftpm/checkouts/swift-syntax/Sources/SwiftParser/CollectionNodes+Parsable.swift	f09d70cb62dd58b2df03230f65f1b08d08a9f5e382453e03e5a205f88bb184e4
armv6-evidence/swiftpm/checkouts/swift-syntax/Sources/SwiftParser/CompilerFiles.swift	3a19c6b632a0ffa478c840ffbd6f20fa3f3cfb101e6db279fdb20755fe287b5d
armv6-evidence/swiftpm/checkouts/swift-syntax/Sources/SwiftParser/Declarations.swift	b7ef9ed30e81021070d1862d736e714cea1eeaee9dea379a51a97a001e558a8b
armv6-evidence/swiftpm/checkouts/swift-syntax/Sources/SwiftParser/Directives.swift	13006434877fdaca80a1747c566c062f00f5371dea4b2c3509c0b9083b461b10
armv6-evidence/swiftpm/checkouts/swift-syntax/Sources/SwiftParser/ExpressionInterpretedAsVersionTuple.swift	a06b597bf6d81032c320ae772cf4511814845bf0a33b67fefebf2938d6a3e2e8
armv6-evidence/swiftpm/checkouts/swift-syntax/Sources/SwiftParser/Expressions.swift	44304a64080388156b673f0025b71b0dc51e7c02d412ce491cb81c67863a9c0f
armv6-evidence/swiftpm/checkouts/swift-syntax/Sources/SwiftParser/IncrementalParseTransition.swift	9e9416626b7dccfa2cbf88f45f452eee6a05be27052e679a7d5d6719c9084d0a
armv6-evidence/swiftpm/checkouts/swift-syntax/Sources/SwiftParser/IsValidIdentifier.swift	a577a0aa5f74ccc7bb252a5329af2c11569c654aeebbe5808690eab50f64ebc8
armv6-evidence/swiftpm/checkouts/swift-syntax/Sources/SwiftParser/Lexer/Cursor.swift	6dd0c8f7f97928ddc84d87be2841d3d542e6666c975d3f5056bb4d61da0a5b2b
armv6-evidence/swiftpm/checkouts/swift-syntax/Sources/SwiftParser/Lexer/Lexeme.swift	5a59949efb2a74767842b595a639da8458774835c8c1c6ad6e09e7c9a9601ad4
armv6-evidence/swiftpm/checkouts/swift-syntax/Sources/SwiftParser/Lexer/LexemeSequence.swift	dffd3598ac333be58bf8adf7afbb8a7a9ebfdfa13f96d687928575cf98bb51d9
armv6-evidence/swiftpm/checkouts/swift-syntax/Sources/SwiftParser/Lexer/Lexer.swift	674c59e7bcda8865b1b910b7d33ae4c179b90b2d363c1812381442c7b09fa181
armv6-evidence/swiftpm/checkouts/swift-syntax/Sources/SwiftParser/Lexer/RegexLiteralLexer.swift	112dbf88c9b0766d11343685f197f00616f22738c36de9dbe91f8534175f2582
armv6-evidence/swiftpm/checkouts/swift-syntax/Sources/SwiftParser/Lexer/UnicodeScalarExtensions.swift	b0caeb17b2282b728c66216116b46fdd6f25d146019bef49b87d24ab1645abbb
armv6-evidence/swiftpm/checkouts/swift-syntax/Sources/SwiftParser/Lookahead.swift	a0ebd0ef87767f5299f9caf31d82f98e04219113bffac8991327eea7af95c057
armv6-evidence/swiftpm/checkouts/swift-syntax/Sources/SwiftParser/LoopProgressCondition.swift	181ab5233ad4396f1053e53a242c5c44de300c76f58a19ebc60b1b873f1374e2
armv6-evidence/swiftpm/checkouts/swift-syntax/Sources/SwiftParser/Modifiers.swift	b138b33b16f82b629c47d0756d0bac7b6c52c6510b20caee60a9015cf0ca4447
armv6-evidence/swiftpm/checkouts/swift-syntax/Sources/SwiftParser/Names.swift	b7c09b07133311cd85cc2983dd24eaad48d3b46c678a073665dd7b2174a6417f
armv6-evidence/swiftpm/checkouts/swift-syntax/Sources/SwiftParser/Nominals.swift	cb98a5800fb20e9aa0b8185f47b8d2ee0dd3439e309cd3ea18e11ad7a14cffd0
armv6-evidence/swiftpm/checkouts/swift-syntax/Sources/SwiftParser/Parameters.swift	74d4ab1cb18a6334c52b964cbd3cb70cd3effd4313a1528ee897ac280e3711cf
armv6-evidence/swiftpm/checkouts/swift-syntax/Sources/SwiftParser/ParseSourceFile.swift	024e7454f13bd1daa6bad2e438028fc9269eedfaf08bd05405e1957cded7017a
armv6-evidence/swiftpm/checkouts/swift-syntax/Sources/SwiftParser/Parser.swift	98f2089c7c3bbaef22680f243498fd095424a6051b44b5b9416962f6630a5e8c
armv6-evidence/swiftpm/checkouts/swift-syntax/Sources/SwiftParser/Patterns.swift	4cc429cb1f20cefd306b6e964d93442aaee421056e71100cbe94ca39d18e9871
armv6-evidence/swiftpm/checkouts/swift-syntax/Sources/SwiftParser/README.md	f9117b0074a501d8caa4f185ca25b28965ec253cc6218d3242fe046243e9100c
armv6-evidence/swiftpm/checkouts/swift-syntax/Sources/SwiftParser/Recovery.swift	d96dd00b055787dd2b5d1e5fd138393f1e6732c60595eca5a2e7ba944940af94
armv6-evidence/swiftpm/checkouts/swift-syntax/Sources/SwiftParser/Specifiers.swift	18a6c07474ef7f24c9684b8659734629578d2f96491fe2f752a825ea91e88cc4
armv6-evidence/swiftpm/checkouts/swift-syntax/Sources/SwiftParser/Statements.swift	5c7db49e8cb4115229c6ed9f87afec0df934332824928207c39087a56c633796
armv6-evidence/swiftpm/checkouts/swift-syntax/Sources/SwiftParser/StringLiteralRepresentedLiteralValue.swift	03f2ad9e0a675f6324fc6ba65eb5a0632dc8e2c802038d9061a77df2b4d14d7c
armv6-evidence/swiftpm/checkouts/swift-syntax/Sources/SwiftParser/StringLiterals.swift	eabe1d615efd53a9df129ed1c0860e21505a5f567eae00920c0cbecd2b3b4ffe
armv6-evidence/swiftpm/checkouts/swift-syntax/Sources/SwiftParser/SwiftParser.docc/Info.plist	34c01364006da0d4abdc52f6bd5ab62874a545229d134871eea382b92df2dba4
armv6-evidence/swiftpm/checkouts/swift-syntax/Sources/SwiftParser/SwiftParser.docc/SwiftParser.md	27383229480c4181a2c9b39bc93eaca3bc09cc474bead06298d6180d13250846
armv6-evidence/swiftpm/checkouts/swift-syntax/Sources/SwiftParser/SwiftParserCompatibility.swift	917e33cd9fbc93d462826dc964ed1d9a19f3b484d0ffbdcf1aca982b1d7f1efc
armv6-evidence/swiftpm/checkouts/swift-syntax/Sources/SwiftParser/SwiftVersion.swift	03a6fe1923281af24f60b85a5fc261f0b4d871a2306bd78038488efa002bcd84
armv6-evidence/swiftpm/checkouts/swift-syntax/Sources/SwiftParser/SyntaxUtils.swift	2acd636507f047b178790d6c349c737cb426f8bdea393e229aa926f5297f8c16
armv6-evidence/swiftpm/checkouts/swift-syntax/Sources/SwiftParser/TokenConsumer.swift	bfb8b08ae8829bd9ae8cd3a5b3c10449ee71d8816f431844b9c05496bb863af2
armv6-evidence/swiftpm/checkouts/swift-syntax/Sources/SwiftParser/TokenPrecedence.swift	6ca125287b1427c4082b41edf143b366e790ae07966d87c998adee5d04a5b5a9
armv6-evidence/swiftpm/checkouts/swift-syntax/Sources/SwiftParser/TokenSpec.swift	76160f35bd6ab571097c956bb723501204ac8621b5eaf5682358b7440fe6c6a7
armv6-evidence/swiftpm/checkouts/swift-syntax/Sources/SwiftParser/TokenSpecSet.swift	9c3ececf6f5eee3086d77d90a71edc1f743a82cd7df047eb80375f23eb48095f
armv6-evidence/swiftpm/checkouts/swift-syntax/Sources/SwiftParser/TopLevel.swift	b6a0fcacbfae5bc747b4876c00e7dcebeb8fed0aee1b04ea59edbed7702aacfc
armv6-evidence/swiftpm/checkouts/swift-syntax/Sources/SwiftParser/TriviaParser.swift	0b594d7a53963226f9f5002684978d8768117bbc712c78ab3b855bc179c2ba21
armv6-evidence/swiftpm/checkouts/swift-syntax/Sources/SwiftParser/Types.swift	2074238a8c7cae9bd00e7b87af316484503c6437255f634b31d901f8aaad89fe
armv6-evidence/swiftpm/checkouts/swift-syntax/Sources/SwiftParser/generated/ExperimentalFeatures.swift	9a0d99e27319f84af206b8a87a489373cdce30b33c5f2b326f04c8511eb3f985
armv6-evidence/swiftpm/checkouts/swift-syntax/Sources/SwiftParser/generated/IsLexerClassified.swift	e0de1622fcd687b0a2cb4cf58c31350c7d0be8c3c8f35dc8f7f091eb4c39bb30
armv6-evidence/swiftpm/checkouts/swift-syntax/Sources/SwiftParser/generated/LayoutNodes+Parsable.swift	ee7236845c1a48dae0b12f9bcfb241500460be607f0f53ae09c261d9b23c0719
armv6-evidence/swiftpm/checkouts/swift-syntax/Sources/SwiftParser/generated/Parser+TokenSpecSet.swift	e3e9f25e02721e01d0b59fbb491a61c7279b771e3bd9b58a4cb2a37a7965c3f2
armv6-evidence/swiftpm/checkouts/swift-syntax/Sources/SwiftParser/generated/TokenSpecStaticMembers.swift	52709f974b20381380be54dfc13a8532edbb03abefb5fe32c9deea063aa0d0a3
armv6-evidence/swiftpm/checkouts/swift-syntax/Sources/SwiftParserDiagnostics/CMakeLists.txt	984d7c901bbd3ee0c6a8f801177d0c17af52c6f38f15f05666feb9cf98d235df
armv6-evidence/swiftpm/checkouts/swift-syntax/Sources/SwiftParserDiagnostics/DiagnosticExtensions.swift	0bb6349568add8bbbb32346a97596e9d9a4f6b59e898494164d23e11799ffe67
armv6-evidence/swiftpm/checkouts/swift-syntax/Sources/SwiftParserDiagnostics/LexerDiagnosticMessages.swift	fc69b159e4cb3189d014be8064f83619b8ff0f31c3f19a649001ef0146aba118
armv6-evidence/swiftpm/checkouts/swift-syntax/Sources/SwiftParserDiagnostics/MissingNodesError.swift	dfe3ba80e5aba85b438e2eefac074d629cc365aff6da099dbd4f7f288db9b755
armv6-evidence/swiftpm/checkouts/swift-syntax/Sources/SwiftParserDiagnostics/MissingTokenError.swift	675d2e0b0500f54eabf63d5e700d0dbfa3430c05ede13b0137cb9c7ef070a432
armv6-evidence/swiftpm/checkouts/swift-syntax/Sources/SwiftParserDiagnostics/MultiLineStringLiteralDiagnosticsGenerator.swift	d391e608861982f0e810ea1bb6b1d08a2d9d55e691c5fe37d56e6c7b4a049e0b
armv6-evidence/swiftpm/checkouts/swift-syntax/Sources/SwiftParserDiagnostics/ParseDiagnosticsGenerator.swift	90a697ae64c741c40229f0b28d329b8da958cf2a302e520a0778c82ec7114001
armv6-evidence/swiftpm/checkouts/swift-syntax/Sources/SwiftParserDiagnostics/ParserDiagnosticMessages.swift	3118b26417db35481f7f84f70f436130893bead613f3f4ac809d24f163e34983
armv6-evidence/swiftpm/checkouts/swift-syntax/Sources/SwiftParserDiagnostics/PresenceUtils.swift	164f086f02ea16e0d289c0d2699bbe37c85f1b39640d9da898679d41f0505790
armv6-evidence/swiftpm/checkouts/swift-syntax/Sources/SwiftParserDiagnostics/SyntaxExtensions.swift	d14782e58e1d3850244de591f3c39f5d644eb0173d88af31738b46db02d3cecc
armv6-evidence/swiftpm/checkouts/swift-syntax/Sources/SwiftParserDiagnostics/Utils.swift	e5f3448886b9f591cc4051664a6c3ef36770ed335a8d9180b18e4a6dd67211d3
armv6-evidence/swiftpm/checkouts/swift-syntax/Sources/SwiftParserDiagnostics/generated/ChildNameForDiagnostics.swift	33a39b4750a8091421217f5ea5bc2e7439058c1eb25750ac335f0c138a844fab
armv6-evidence/swiftpm/checkouts/swift-syntax/Sources/SwiftParserDiagnostics/generated/SyntaxKindNameForDiagnostics.swift	0b17cec5f76cec6a6aeb675d972bdf93cdc95f841a4fabc424c82fde0d14d4c5
armv6-evidence/swiftpm/checkouts/swift-syntax/Sources/SwiftParserDiagnostics/generated/TokenNameForDiagnostics.swift	c1cfa44c86b333433084499a35ab3139333fff3f8fdce468fc8d564070d65715
armv6-evidence/swiftpm/checkouts/swift-syntax/Sources/SwiftRefactor/AddSeparatorsToIntegerLiteral.swift	a86fa61c14187125d4051ed6a6ed86add457a7cf888960096ad1c88a0e5bd295
armv6-evidence/swiftpm/checkouts/swift-syntax/Sources/SwiftRefactor/CMakeLists.txt	1ae111ab1f9acb263849309c99d8e8fd769491812fa5bc3a5295565a0c20a7ea
armv6-evidence/swiftpm/checkouts/swift-syntax/Sources/SwiftRefactor/CallLikeSyntax.swift	7f90f63854e7dbc4d13d67a8e5c6ea1ffe64330b226a28603e5aaa0d75c08ffc
armv6-evidence/swiftpm/checkouts/swift-syntax/Sources/SwiftRefactor/CallToTrailingClosures.swift	53265d1542057eee677be73260b4461d6f965813781f2b6c146f4ba0637173b4
armv6-evidence/swiftpm/checkouts/swift-syntax/Sources/SwiftRefactor/ConvertComputedPropertyToStored.swift	acf295dea67bc4d3902da1ac15b36c99d413894fa07756820d6dcd41b2fffa5e
armv6-evidence/swiftpm/checkouts/swift-syntax/Sources/SwiftRefactor/ConvertComputedPropertyToZeroParameterFunction.swift	9fb3bfe93575345d0dd39655a9848040f4f3fcb2de9561331d828fd89fd6e253
armv6-evidence/swiftpm/checkouts/swift-syntax/Sources/SwiftRefactor/ConvertStoredPropertyToComputed.swift	2ee041d1cfbe31cad7251086480c5529549fd90e30737ab5b63018e32480e1fe
armv6-evidence/swiftpm/checkouts/swift-syntax/Sources/SwiftRefactor/ConvertZeroParameterFunctionToComputedProperty.swift	82070777f64d746ac1e3e7a51fde62cabb847729c9b4c3d754bbc73c01b84f00
armv6-evidence/swiftpm/checkouts/swift-syntax/Sources/SwiftRefactor/ExpandEditorPlaceholder.swift	989b5d53f050074ad31c6b63f6842b9ab238259bc128601ad9e359d61e9d6e26
armv6-evidence/swiftpm/checkouts/swift-syntax/Sources/SwiftRefactor/FormatRawStringLiteral.swift	5fffc4611d7ac2ecf6e1f7f5910b34fd8e74cdf35ae2a581373958f4d98c118a
armv6-evidence/swiftpm/checkouts/swift-syntax/Sources/SwiftRefactor/IntegerLiteralUtilities.swift	8414030ba70b490f3e7f46caa38a675c95993cbbf8080320ab11a992ebb27477
armv6-evidence/swiftpm/checkouts/swift-syntax/Sources/SwiftRefactor/MigrateToNewIfLetSyntax.swift	f32b1fd190d3fd53e4219ff2d9fc6b9249e770640dfb6254dfdc1b3460f1d1f8
armv6-evidence/swiftpm/checkouts/swift-syntax/Sources/SwiftRefactor/OpaqueParameterToGeneric.swift	bacc238181a793a72ef906e9126c11e01f772b0ac17c02c563298fbb6c60f515
armv6-evidence/swiftpm/checkouts/swift-syntax/Sources/SwiftRefactor/PackageManifest/AddPackageDependency.swift	a4ca1edd5407e390d35e6f6fea78092592ed94e27a44d5062a6e3e8fc9f33536
armv6-evidence/swiftpm/checkouts/swift-syntax/Sources/SwiftRefactor/PackageManifest/AddPackageTarget.swift	b0573a8c42859ea6cfecdb96e21ee71cc152b1a1f1d0e9aedd1e175e9dd0e458
armv6-evidence/swiftpm/checkouts/swift-syntax/Sources/SwiftRefactor/PackageManifest/AddPluginUsage.swift	9684d50aa47feeffcf464933842dfb572ad8d89a26df01efb74117745ef6e49f
armv6-evidence/swiftpm/checkouts/swift-syntax/Sources/SwiftRefactor/PackageManifest/AddProduct.swift	874de2797071f9940b912c04ad1ec7a2d1bc89d7f803a9c5fc224598054e8092
armv6-evidence/swiftpm/checkouts/swift-syntax/Sources/SwiftRefactor/PackageManifest/AddSwiftSetting.swift	0ff1e3a8e8e993bd59b2af8dd68f70845c2ece29d5906743b03cd0306d1389bf
armv6-evidence/swiftpm/checkouts/swift-syntax/Sources/SwiftRefactor/PackageManifest/AddTargetDependency.swift	d8c03f36f60447fa134a4702ff07c739a1aa6529fbcc3c52dfa08101ff4549fc
armv6-evidence/swiftpm/checkouts/swift-syntax/Sources/SwiftRefactor/PackageManifest/ManifestEditError.swift	3a19d8f2fe343862039d107471f48de9a3b6d9689f73e7e151a2361c73fee527
armv6-evidence/swiftpm/checkouts/swift-syntax/Sources/SwiftRefactor/PackageManifest/ManifestSyntaxRepresentable.swift	cd88b6fad43185be8bba0b2bcc1aeb247f8896a4140d2b3c9205b786f247c283
armv6-evidence/swiftpm/checkouts/swift-syntax/Sources/SwiftRefactor/PackageManifest/PackageDependency.swift	1b896016dd4b73dbbae0d8107ca4c125ceb9f600d4edb10cb47f56a2a6aca083
armv6-evidence/swiftpm/checkouts/swift-syntax/Sources/SwiftRefactor/PackageManifest/PackageTarget.swift	3d56c59d6b532fb3486373f2ba0a84cf68b75e90cb071d3a363bcfae66aaa0e5
armv6-evidence/swiftpm/checkouts/swift-syntax/Sources/SwiftRefactor/PackageManifest/ProductDescription.swift	5bab026eb7735173668f42f1330eb2ea18b2c5a03b7dc0be33acfa420558d3c3
armv6-evidence/swiftpm/checkouts/swift-syntax/Sources/SwiftRefactor/PackageManifest/StringUtils.swift	e2826f55c85771e8ae08842a6d9c61f9424fdb17ec5c31b45e2388de1fd84307
armv6-evidence/swiftpm/checkouts/swift-syntax/Sources/SwiftRefactor/PackageManifest/SyntaxEditUtils.swift	75d3ae11b7e41cc37e3d6f7760c9123f23d62875cca47afc59a8e322b71daa4e
armv6-evidence/swiftpm/checkouts/swift-syntax/Sources/SwiftRefactor/RefactoringProvider.swift	8f433a4c4f575984b8487c871218eac20a1d0479a90ed10a2c4aa4fef8a96de9
armv6-evidence/swiftpm/checkouts/swift-syntax/Sources/SwiftRefactor/RemoveSeparatorsFromIntegerLiteral.swift	af1cd3c968dfe16135f69455b38304da87846f2b80c29aa7cd42ee597e2ab35b
armv6-evidence/swiftpm/checkouts/swift-syntax/Sources/SwiftRefactor/SyntaxUtils.swift	f87b383542fed9e340e0127b3a2766258d2c178d98d83936cec150d88fe10383
armv6-evidence/swiftpm/checkouts/swift-syntax/Sources/SwiftSyntax-all/empty.swift	5a99075155d5e14b1f3737cf8227ded12b8fec2408778f7c063c5024448a03f8
armv6-evidence/swiftpm/checkouts/swift-syntax/Sources/SwiftSyntax/AbsolutePosition.swift	0892d2021e7dbf66955028f3726e2a3255914b80b48f20e35e60d85189a5c6d7
armv6-evidence/swiftpm/checkouts/swift-syntax/Sources/SwiftSyntax/AbsoluteSyntaxInfo.swift	5176b885b8ac27320e741065e23b6390a72f4063e5caeeb4b113f605612e1be3
armv6-evidence/swiftpm/checkouts/swift-syntax/Sources/SwiftSyntax/ArenaAllocatedBuffer.swift	aaa3a816a2b09641a01810cd98924c9e36eec8430ea9ee9412a5d36d9334ec3b
armv6-evidence/swiftpm/checkouts/swift-syntax/Sources/SwiftSyntax/Assert.swift	b310fb2a7bac5608f7e35ada9721765fcfddb38f033031cb11c67e3f6650e985
armv6-evidence/swiftpm/checkouts/swift-syntax/Sources/SwiftSyntax/BumpPtrAllocator.swift	bb254e442cded9f6760be5696afa8fdce06d9acda98f5278d7c152c7fcfe798d
armv6-evidence/swiftpm/checkouts/swift-syntax/Sources/SwiftSyntax/CMakeLists.txt	1e4d57baf3414e7062b152ea6bd56c694d13c1bcdd284f69c73b8702badc29bc
armv6-evidence/swiftpm/checkouts/swift-syntax/Sources/SwiftSyntax/CommonAncestor.swift	3a5997ed7212715beb307f6babfc03ae0d94648959022e315bc820625d7b59f8
armv6-evidence/swiftpm/checkouts/swift-syntax/Sources/SwiftSyntax/Convenience.swift	105afc6c945fe6930faa494994a3cf068d27f9e8e2d3ab4e635f23e7741492ee
armv6-evidence/swiftpm/checkouts/swift-syntax/Sources/SwiftSyntax/CustomTraits.swift	0d5434c76d9abd63a660ff5f5eb29ca7ba80f273b17811c5a53c7ec1a54cc575
armv6-evidence/swiftpm/checkouts/swift-syntax/Sources/SwiftSyntax/Documentation.docc/Glossary.md	5d482f836393e74fea5a934c49d2d46509d9d113bb3ecc891215ce986f33ac66
armv6-evidence/swiftpm/checkouts/swift-syntax/Sources/SwiftSyntax/Documentation.docc/Info.plist	23671f6091e205629e3465d943b699a7e89545df2f414246eca694e5ec9b8f4e
armv6-evidence/swiftpm/checkouts/swift-syntax/Sources/SwiftSyntax/Documentation.docc/Macro Versioning.md	ca8f0eb9ce10a031a03699313ff51ac96a998e92327887bdb0bae45727d9f630
armv6-evidence/swiftpm/checkouts/swift-syntax/Sources/SwiftSyntax/Documentation.docc/RawSyntaxValidation.md	5eb415a0a491d07831f7a5a4a5f5335785ff4f35848c3284bed463354242549e
armv6-evidence/swiftpm/checkouts/swift-syntax/Sources/SwiftSyntax/Documentation.docc/Resources/Formatter.step1.swift	5bb2f8234a71c1bc255ab1befb1ca0f2a75d55a023dd99e1a6696a1cfd10da81
armv6-evidence/swiftpm/checkouts/swift-syntax/Sources/SwiftSyntax/Documentation.docc/Resources/Formatter.step10.swift	0ece63729824564b6668d6e193342381512cf06ba021eba877e24cf9eb796dd1
armv6-evidence/swiftpm/checkouts/swift-syntax/Sources/SwiftSyntax/Documentation.docc/Resources/Formatter.step11.swift	2521929239f48a577dcd1a3dedfa9ac3e16e19655f4d908ef80355ccd46d7910
armv6-evidence/swiftpm/checkouts/swift-syntax/Sources/SwiftSyntax/Documentation.docc/Resources/Formatter.step2.swift	61d51188891b8585bda0edd6e892f7b83ce7bedd199fc301e9037d8342ba5778
armv6-evidence/swiftpm/checkouts/swift-syntax/Sources/SwiftSyntax/Documentation.docc/Resources/Formatter.step3.swift	d2717cc9fcdd8cc7323ed5c591a39722fbcb98ec1b2405c6cbd7313f10081c4e
armv6-evidence/swiftpm/checkouts/swift-syntax/Sources/SwiftSyntax/Documentation.docc/Resources/Formatter.step4.swift	a5f60846a2f26c52cf184c294a45e314d9c1f4d4d9cddcb24cae3ce89350988d
armv6-evidence/swiftpm/checkouts/swift-syntax/Sources/SwiftSyntax/Documentation.docc/Resources/Formatter.step5.swift	31cf6c603650ca80ad2a73f4d1dc686560bc3c8b2b46d93f32f3f269c338302d
armv6-evidence/swiftpm/checkouts/swift-syntax/Sources/SwiftSyntax/Documentation.docc/Resources/Formatter.step6.swift	90dd671d8e82ff41223405028367d0205a10b575f000e4c8e9629984b650a715
armv6-evidence/swiftpm/checkouts/swift-syntax/Sources/SwiftSyntax/Documentation.docc/Resources/Formatter.step7.swift	5c5eab857fcbeb49ae5071571eeef329e0d574b770adc178458fd63a1cfbda43
armv6-evidence/swiftpm/checkouts/swift-syntax/Sources/SwiftSyntax/Documentation.docc/Resources/Formatter.step8.swift	e296d92314152ed6c7f4ac42f85c61876a3cac6ae303533b4bdf06da7b877db8
armv6-evidence/swiftpm/checkouts/swift-syntax/Sources/SwiftSyntax/Documentation.docc/Resources/Formatter.step9.swift	c6e9a4dc40772195a78b3626f198fb20f37fd7a0fcebc4fdfd6258afab962db1
armv6-evidence/swiftpm/checkouts/swift-syntax/Sources/SwiftSyntax/Documentation.docc/Resources/Package.step1.swift	51493b16a1bc292a250acf0f959d935f5fbf2b5516215ea2dfb06f87109ef74f
armv6-evidence/swiftpm/checkouts/swift-syntax/Sources/SwiftSyntax/Documentation.docc/Resources/Package.step2.swift	6a9445248c6cd2a42204edf842d5bc391399038451cb013700f40754be28f96d
armv6-evidence/swiftpm/checkouts/swift-syntax/Sources/SwiftSyntax/Documentation.docc/Resources/Package.step3.swift	8acbfc4ed4f907d49ea789ff9ce6abd4fb03c9933f7704326d3f2fd2a16b8b47
armv6-evidence/swiftpm/checkouts/swift-syntax/Sources/SwiftSyntax/Documentation.docc/Resources/Package.step4.swift	f032247bfddf34bf9e912ffb885c2ebf8f90accbff6ef7d4c0753122cd5edbba
armv6-evidence/swiftpm/checkouts/swift-syntax/Sources/SwiftSyntax/Documentation.docc/Resources/Package.step5.swift	5293ec49985d24a33da074dd0ee09249791d0f7f3712609a6537edfa9b19f184
armv6-evidence/swiftpm/checkouts/swift-syntax/Sources/SwiftSyntax/Documentation.docc/Resources/importformatter-package-project.png	381506d855a368550f65a4e5a79950d8200d46e526e6f4ca982b2834d96e964d
armv6-evidence/swiftpm/checkouts/swift-syntax/Sources/SwiftSyntax/Documentation.docc/Resources/swift-syntax.png	392837b8d65ecf0905f9b399f8d4e887e867507e61533fa6d91cc987518bf8c8
armv6-evidence/swiftpm/checkouts/swift-syntax/Sources/SwiftSyntax/Documentation.docc/Resources/swift-syntax@2x.png	392837b8d65ecf0905f9b399f8d4e887e867507e61533fa6d91cc987518bf8c8
armv6-evidence/swiftpm/checkouts/swift-syntax/Sources/SwiftSyntax/Documentation.docc/Tutorials/SwiftSyntax By Example.tutorial	8e0fb604905c1635c650e9dff50911c9814d9495e157d86dd4c243f7aea277f7
armv6-evidence/swiftpm/checkouts/swift-syntax/Sources/SwiftSyntax/Documentation.docc/Tutorials/Tutorial Table of Contents.tutorial	094cc3d8c73ec633dea1f81e8b9d2f7bf73530a50769bf0af7fbb80de7072067
armv6-evidence/swiftpm/checkouts/swift-syntax/Sources/SwiftSyntax/Documentation.docc/Working with SwiftSyntax.md	259d0350cd8f6dd6dd1d089316d4c741007c385a99828d833409de195701357c
armv6-evidence/swiftpm/checkouts/swift-syntax/Sources/SwiftSyntax/Documentation.docc/generated/SwiftSyntax.md	5ad27f49fd77389e71731926c403e71737be24723ad549e6d476c3a83f6dfb06
armv6-evidence/swiftpm/checkouts/swift-syntax/Sources/SwiftSyntax/EditorPlaceholder.swift	0853de4bdb179ea382403c1ac397e9b54eecced167a8ff6aa8f159c155357a56
armv6-evidence/swiftpm/checkouts/swift-syntax/Sources/SwiftSyntax/Identifier.swift	480b253ac2445ca32eb6687fb284c326732d1f5f41fa91848db7a6185baf7dae
armv6-evidence/swiftpm/checkouts/swift-syntax/Sources/SwiftSyntax/MemoryLayout.swift	0e67c6505b8621cd53d54dd8a822a0a907634ebdb023a520b78e824b33f855f0
armv6-evidence/swiftpm/checkouts/swift-syntax/Sources/SwiftSyntax/MissingNodeInitializers.swift	b2fd34ec13b1289fef71d0a790b894c36e2ab4f9c3568039ac7888e89bf323a4
armv6-evidence/swiftpm/checkouts/swift-syntax/Sources/SwiftSyntax/Raw/RawSyntax.swift	c8f4e74d106cb3040292bb94a5e7b937e5a7ea8dd5831550b2087a9f8ddf8b65
armv6-evidence/swiftpm/checkouts/swift-syntax/Sources/SwiftSyntax/Raw/RawSyntaxArena.swift	a690a1dbc3a656124195d4c2cc21c95c840526147472535376da8e97494701e0
armv6-evidence/swiftpm/checkouts/swift-syntax/Sources/SwiftSyntax/Raw/RawSyntaxLayoutView.swift	ffa2f42a689b9101343031b958cadbe4fd09dc3018d14e4e06f3c4054fd94f33
armv6-evidence/swiftpm/checkouts/swift-syntax/Sources/SwiftSyntax/Raw/RawSyntaxNodeProtocol.swift	0bde76394a202c6538c7bae62671ace855e4d096caf40129cde3cb29f31099eb
armv6-evidence/swiftpm/checkouts/swift-syntax/Sources/SwiftSyntax/Raw/RawSyntaxTokenView.swift	9bd32b5e1ccde36c0e9c803ad5e94aaaff37d76aa4d2163ea6311f2031b39228
armv6-evidence/swiftpm/checkouts/swift-syntax/Sources/SwiftSyntax/SourceEdit.swift	932121011eeebd456492ba54899636fa5fe47caee1074b0b7e6c8889a6448f95
armv6-evidence/swiftpm/checkouts/swift-syntax/Sources/SwiftSyntax/SourceLength.swift	16c025aaac9ead07486544fdc9df7bc34fce8aaaf9b52f146bf182fc74a1280b
armv6-evidence/swiftpm/checkouts/swift-syntax/Sources/SwiftSyntax/SourceLocation.swift	82db049bae6b38141140de5c6a10364aacfab1b189d83f3cb7eca7a2190d159e
armv6-evidence/swiftpm/checkouts/swift-syntax/Sources/SwiftSyntax/SourcePresence.swift	a4f16f5bfd00869102fc37075e657c554edab296bc3c0293b47acf4560f544c5
armv6-evidence/swiftpm/checkouts/swift-syntax/Sources/SwiftSyntax/SwiftSyntaxCompatibility.swift	c321b8eec6276c38a92f19e3d593db95a6248d1c8fdddddb1fe79b1fa22d5e01
armv6-evidence/swiftpm/checkouts/swift-syntax/Sources/SwiftSyntax/Syntax.swift	e96fc56dcddc04779f2261e59482a21280e06e891284736ad599b698bbcad6b0
armv6-evidence/swiftpm/checkouts/swift-syntax/Sources/SwiftSyntax/SyntaxChildren.swift	318d18b10a79bdb931e96b501febd63fd59f27354ffb365422df95559a68c7b4
armv6-evidence/swiftpm/checkouts/swift-syntax/Sources/SwiftSyntax/SyntaxCollection.swift	56ddab94053444d19813a7d917f2f9b3f3fb07f6998eaec9d4cd49257b7d51f4
armv6-evidence/swiftpm/checkouts/swift-syntax/Sources/SwiftSyntax/SyntaxHashable.swift	80222af0cb65fb8919373897ea5799fd7f1382ad40d68fdf95746a2c40210a62
armv6-evidence/swiftpm/checkouts/swift-syntax/Sources/SwiftSyntax/SyntaxIdentifier.swift	5a7e18bd3037cfdab8bbf6f153360081bf4ec6d3b7bba784253d7b10685d0ae1
armv6-evidence/swiftpm/checkouts/swift-syntax/Sources/SwiftSyntax/SyntaxNodeStructure.swift	8cb13869a46985ecadbdf32e18ca96942a51df96573deece35517e5020b7e91a
armv6-evidence/swiftpm/checkouts/swift-syntax/Sources/SwiftSyntax/SyntaxProtocol.swift	d1900bc8ac78abe7b560c0b400f682c39e90971619c281139f391e7a7ec89fe5
armv6-evidence/swiftpm/checkouts/swift-syntax/Sources/SwiftSyntax/SyntaxText.swift	7e4f28e77e8828bf5160b3412dea3f54077f0be199379d815534df63d4c10085
armv6-evidence/swiftpm/checkouts/swift-syntax/Sources/SwiftSyntax/SyntaxTreeViewMode.swift	61dd806faa4910c39c6cdfd99927e66854501f70804bd50b206e37815a61d186
armv6-evidence/swiftpm/checkouts/swift-syntax/Sources/SwiftSyntax/TokenDiagnostic.swift	db9ad44cfa0707d58273f1fd65920a53d9dd1f16850f1c45083466eb28f9b75a
armv6-evidence/swiftpm/checkouts/swift-syntax/Sources/SwiftSyntax/TokenSequence.swift	41387986cb243265dcd264dcb62132a5023d53f8eba050d2e9e0f732644565d4
armv6-evidence/swiftpm/checkouts/swift-syntax/Sources/SwiftSyntax/TokenSyntax.swift	de7f422249a7e038559bdaccbd9f807134a7b2f7d170d1dd5dc3a71eef693501
armv6-evidence/swiftpm/checkouts/swift-syntax/Sources/SwiftSyntax/Trivia.swift	e8134f35f6577653700594ab6f8a3a689e1bf1d95fac2ffb1cf471a17bcb3b48
armv6-evidence/swiftpm/checkouts/swift-syntax/Sources/SwiftSyntax/Utils.swift	e48295d6078c671267ccd1e6171f2bb9516ebbc98b3971d0d2c29de213678e6e
armv6-evidence/swiftpm/checkouts/swift-syntax/Sources/SwiftSyntax/generated/ChildNameForKeyPath.swift	ac1d670c8caea8f3b9f4a5d80133af807a004a59fbc8e6249337e68d6c62bf40
armv6-evidence/swiftpm/checkouts/swift-syntax/Sources/SwiftSyntax/generated/Keyword.swift	35fb8a9bab2c4a92c6bd4588bb99faf3a0cc9f6c0cbced473e0cbe40cfe3de02
armv6-evidence/swiftpm/checkouts/swift-syntax/Sources/SwiftSyntax/generated/RenamedChildrenCompatibility.swift	425dc41920636d3eb2cbc50d53967d184745f9a82bdc4fdbab9187f2ef4b1a64
armv6-evidence/swiftpm/checkouts/swift-syntax/Sources/SwiftSyntax/generated/RenamedNodesCompatibility.swift	c459397a4c36a674b50f634e9d67fa8977e811d53567fa64596affacc1ea6bee
armv6-evidence/swiftpm/checkouts/swift-syntax/Sources/SwiftSyntax/generated/SyntaxAnyVisitor.swift	a431ef7cda6f3b038c98b034e51a3c4916174c0a0563cf7f7906264d1d00d2a4
armv6-evidence/swiftpm/checkouts/swift-syntax/Sources/SwiftSyntax/generated/SyntaxBaseNodes.swift	dbd17d74c18180bc3bf9bd4613e419aeb6e0e12b37a827e6a43717dc4d8152f4
armv6-evidence/swiftpm/checkouts/swift-syntax/Sources/SwiftSyntax/generated/SyntaxCollections.swift	2c586ff4213bc3432bb3554cb30de54c59dfceb28905ea330a8227f1489b7f73
armv6-evidence/swiftpm/checkouts/swift-syntax/Sources/SwiftSyntax/generated/SyntaxEnum.swift	f206747f91475a5a97eb8ca45365259d1b67e232e141f71734d5cced30d31483
armv6-evidence/swiftpm/checkouts/swift-syntax/Sources/SwiftSyntax/generated/SyntaxKind.swift	74ec03ffffcb5f6a440a42c3fb0664c98e096a39002b50acac224ab1ef6b6e56
armv6-evidence/swiftpm/checkouts/swift-syntax/Sources/SwiftSyntax/generated/SyntaxRewriter.swift	d8b62c3398a8833d36dceff5ea22a564980c8db63b060b7ffc6fef1e350b4656
armv6-evidence/swiftpm/checkouts/swift-syntax/Sources/SwiftSyntax/generated/SyntaxTraits.swift	b35cb25ce6f3fd297d03b12891cd695156f90a3077093502665a9d1fcff5164f
armv6-evidence/swiftpm/checkouts/swift-syntax/Sources/SwiftSyntax/generated/SyntaxVisitor.swift	4596282cda95dca205563aca8458e296b1f2f52e6e55353ef60ac7c5b5723b6b
armv6-evidence/swiftpm/checkouts/swift-syntax/Sources/SwiftSyntax/generated/TokenKind.swift	227391168c61f2af43aac452b2973428db7a0bfa2f4f3d0234d85b742c41083f
armv6-evidence/swiftpm/checkouts/swift-syntax/Sources/SwiftSyntax/generated/Tokens.swift	80bbb1b19fc78c0f97a919bb938e85ad2ac97a93ddca12d4034841834e4c3b5e
armv6-evidence/swiftpm/checkouts/swift-syntax/Sources/SwiftSyntax/generated/TriviaPieces.swift	9e9b71275555458543056c037c5d6b67e293b60518f816eaf0e5b239e78b54a3
armv6-evidence/swiftpm/checkouts/swift-syntax/Sources/SwiftSyntax/generated/raw/RawSyntaxNodesAB.swift	7871f2614c52d1bede788f6b4460ca48f7929bfab475605ca8ccfe3286f91f1a
armv6-evidence/swiftpm/checkouts/swift-syntax/Sources/SwiftSyntax/generated/raw/RawSyntaxNodesC.swift	0a645f62f2c8699fc43be9d35e772cd0d918233e8f1c093bd5010c94c21aaad0
armv6-evidence/swiftpm/checkouts/swift-syntax/Sources/SwiftSyntax/generated/raw/RawSyntaxNodesD.swift	cf611804b20e6e5f55e440376c00ce98c8f64f3b585bf31f8655c78c9307b56f
armv6-evidence/swiftpm/checkouts/swift-syntax/Sources/SwiftSyntax/generated/raw/RawSyntaxNodesEF.swift	e3fcfdfa1e00a7a76a40c8006ad606bb25fe95bd8366b857160a0919f6cdc0ed
armv6-evidence/swiftpm/checkouts/swift-syntax/Sources/SwiftSyntax/generated/raw/RawSyntaxNodesGHI.swift	2351578be0561955dd4d31c7ffb67cff0f68a42cc3b18b49ef402dea1ed6f12d
armv6-evidence/swiftpm/checkouts/swift-syntax/Sources/SwiftSyntax/generated/raw/RawSyntaxNodesJKLMN.swift	cb2702ff9d7a7b37431350eff9aab8c9d943d9d308d3a24452b39fba919be615
armv6-evidence/swiftpm/checkouts/swift-syntax/Sources/SwiftSyntax/generated/raw/RawSyntaxNodesOP.swift	71f5268e3480d05a85c3c1b0d09f48ef3c7d5f175fb06574326b0aaf0c5e10bb
armv6-evidence/swiftpm/checkouts/swift-syntax/Sources/SwiftSyntax/generated/raw/RawSyntaxNodesQRS.swift	2a06d90b5fe94f0c9262c7405e19655924474da6982f683832da9d98f07ba3a8
armv6-evidence/swiftpm/checkouts/swift-syntax/Sources/SwiftSyntax/generated/raw/RawSyntaxNodesTUVWXYZ.swift	49cee29b0dcc304968ff1f1c93c87e46db3a9b5164f41fea8ad0cda9d15dd7ee
armv6-evidence/swiftpm/checkouts/swift-syntax/Sources/SwiftSyntax/generated/raw/RawSyntaxValidation.swift	a45690aea985bce4edfd6f6e5e31a128d6abb2460e468e61e72659cc435305ff
armv6-evidence/swiftpm/checkouts/swift-syntax/Sources/SwiftSyntax/generated/syntaxNodes/SyntaxNodesAB.swift	fe893e6af742b5dfb3bcc755d7e4a29bac62aa0a329b92cb9cf5a2c4c158e2ed
armv6-evidence/swiftpm/checkouts/swift-syntax/Sources/SwiftSyntax/generated/syntaxNodes/SyntaxNodesC.swift	d3c4e4b91e6dff5d359c6f803d592fe9e1eaa58d84e0d39dd16d761a199871ab
armv6-evidence/swiftpm/checkouts/swift-syntax/Sources/SwiftSyntax/generated/syntaxNodes/SyntaxNodesD.swift	223ce503ae47fc622622fd0699a0180dd345f2d4eba568d9d6c3b0d9bf12f593
armv6-evidence/swiftpm/checkouts/swift-syntax/Sources/SwiftSyntax/generated/syntaxNodes/SyntaxNodesEF.swift	226d3e5d0654a51b6f6ae468830e54b791218b3d60a38ace2437da02aa5776e6
armv6-evidence/swiftpm/checkouts/swift-syntax/Sources/SwiftSyntax/generated/syntaxNodes/SyntaxNodesGHI.swift	c6ac86749390c8f3547afa64d1af555b646d888f98ab75c774eff5f79c93718d
armv6-evidence/swiftpm/checkouts/swift-syntax/Sources/SwiftSyntax/generated/syntaxNodes/SyntaxNodesJKLMN.swift	b787d7b7aa180cbe29b31beb73670780f30463f3b8be27ac1b5c455c4e8dee81
armv6-evidence/swiftpm/checkouts/swift-syntax/Sources/SwiftSyntax/generated/syntaxNodes/SyntaxNodesOP.swift	1b4e1c0b4ad17b3b5eea62f8e64f6b184a0260335b4cad90aa912af2bbe338dc
armv6-evidence/swiftpm/checkouts/swift-syntax/Sources/SwiftSyntax/generated/syntaxNodes/SyntaxNodesQRS.swift	9fcaf78db3996cfd52475e1a40aab86c5bcbcc1737101e71032983cdce11344b
armv6-evidence/swiftpm/checkouts/swift-syntax/Sources/SwiftSyntax/generated/syntaxNodes/SyntaxNodesTUVWXYZ.swift	a5098d0bcdb12f7b5c9a57f96179eab6e5bee9ad180ed23b69b4f0011ba3b2a5
armv6-evidence/swiftpm/checkouts/swift-syntax/Sources/SwiftSyntaxBuilder/CMakeLists.txt	016a1aff1ad9f4f4885a67e21e4d044bb699a5e9b4c5a9264d7b9cfbd9995ed8
armv6-evidence/swiftpm/checkouts/swift-syntax/Sources/SwiftSyntaxBuilder/ConvenienceInitializers.swift	af2054f3da75dc9f7a1be2b1c8bc0433a088da2f82f66b28b2fa7eb83c15fe74
armv6-evidence/swiftpm/checkouts/swift-syntax/Sources/SwiftSyntaxBuilder/DeclSyntaxParseable.swift	e1a5328681d23541a06ef063de855dc176639983ff9692a0a52b18b99ecbc143
armv6-evidence/swiftpm/checkouts/swift-syntax/Sources/SwiftSyntaxBuilder/Documentation.docc/Index.md	a08831c4221eb7a1b80dde60e63ae94c0b226d53341d76a4cdf1489ff93464f9
armv6-evidence/swiftpm/checkouts/swift-syntax/Sources/SwiftSyntaxBuilder/Indenter.swift	3e0c6e58be1be61813162f30e7975c781f4b5176078411ef746c3915bc772759
armv6-evidence/swiftpm/checkouts/swift-syntax/Sources/SwiftSyntaxBuilder/ListBuilder.swift	4986582bb49240c4af3ec1722f129a5da362524137cfaf63a1b2be000027ecee
armv6-evidence/swiftpm/checkouts/swift-syntax/Sources/SwiftSyntaxBuilder/ResultBuilderExtensions.swift	c69dfe4843321ef4f162f7721b5cedd64e6203d9049614faf9904edb8665d9d1
armv6-evidence/swiftpm/checkouts/swift-syntax/Sources/SwiftSyntaxBuilder/SwiftSyntaxBuilderCompatibility.swift	4a580c57bce694440ef2719e60a344ec4f1595bc584467dec37811cbf4747528
armv6-evidence/swiftpm/checkouts/swift-syntax/Sources/SwiftSyntaxBuilder/Syntax+StringInterpolation.swift	977419d00727d3889c568aa3b3f82a5107f781dc16a9e9019a309b6deee24a02
armv6-evidence/swiftpm/checkouts/swift-syntax/Sources/SwiftSyntaxBuilder/SyntaxNodeWithBody.swift	08ff436761347f4ca5e8cf6bb923c6273f2f2c1f45f95364c8dd3ce5c69bddc9
armv6-evidence/swiftpm/checkouts/swift-syntax/Sources/SwiftSyntaxBuilder/SyntaxParsable+ExpressibleByStringInterpolation.swift	e4a9a1a6af34dfd22de3c2c5ce73d27cafd3f75a0d5cae4febbc6eb8b45ac4af
armv6-evidence/swiftpm/checkouts/swift-syntax/Sources/SwiftSyntaxBuilder/ValidatingSyntaxNodes.swift	86b9ce0c1fef14db4dd050294b8996a0f565d7b6c8e37f664937affc3348c94a
armv6-evidence/swiftpm/checkouts/swift-syntax/Sources/SwiftSyntaxBuilder/WithTrailingCommaSyntax+EnsuringTrailingComma.swift	0b8006e7cff796eb2b10f8ca33db1642d53e3e3fc2b89195f91df4b372164e14
armv6-evidence/swiftpm/checkouts/swift-syntax/Sources/SwiftSyntaxBuilder/generated/BuildableNodes.swift	932cb68a1cd95784edea37cd917cb5a107f992ab866b1bf1796322bc953ddc6f
armv6-evidence/swiftpm/checkouts/swift-syntax/Sources/SwiftSyntaxBuilder/generated/RenamedChildrenBuilderCompatibility.swift	511c9b6b6719931cd003218f04d65c64542476b5a3b3142e4191d9b8854a8a1b
armv6-evidence/swiftpm/checkouts/swift-syntax/Sources/SwiftSyntaxBuilder/generated/ResultBuilders.swift	b0f93418f4bdb48f1170c97e341615974234e2dc8cef3402e5331d8df51d5cbf
armv6-evidence/swiftpm/checkouts/swift-syntax/Sources/SwiftSyntaxBuilder/generated/SyntaxExpressibleByStringInterpolationConformances.swift	542328bbf4832bf12749821241748e690707dd309ffe1ba6aa3cd80a055089fb
armv6-evidence/swiftpm/checkouts/swift-syntax/Sources/SwiftSyntaxMacroExpansion/BasicMacroExpansionContext.swift	be76078440a350ed3c5cff5d696f29dcba26ea57a748fde7d1fea65c22e40378
armv6-evidence/swiftpm/checkouts/swift-syntax/Sources/SwiftSyntaxMacroExpansion/CMakeLists.txt	c75461ce8f43894b02a840ca2c27c64efb07b56060bacf340b86190b0d879496
armv6-evidence/swiftpm/checkouts/swift-syntax/Sources/SwiftSyntaxMacroExpansion/FunctionParameterUtils.swift	6f231b221f235e8d9b03ee028c2f6c110636f56780e640efe593f7f0f0eddda6
armv6-evidence/swiftpm/checkouts/swift-syntax/Sources/SwiftSyntaxMacroExpansion/IndentationUtils.swift	44b7e761bc9344e90a105a2c89b08a10a6692cdd725570fcc6f3f2be1650e0d8
armv6-evidence/swiftpm/checkouts/swift-syntax/Sources/SwiftSyntaxMacroExpansion/MacroArgument.swift	a2a30163575ab32c51184ab3991f8e581d9d58de9d095c89d3c6e1156da8801e
armv6-evidence/swiftpm/checkouts/swift-syntax/Sources/SwiftSyntaxMacroExpansion/MacroExpansion.swift	b13816fca994bf43d7ba1ad6e60acb284c71fec9299628287ee508f39aefbe53
armv6-evidence/swiftpm/checkouts/swift-syntax/Sources/SwiftSyntaxMacroExpansion/MacroExpansionDiagnosticMessages.swift	a22c39c26a668c7658b5d60d6d5b6847ce31d5edc5435c0e1ed3737cd648a06f
armv6-evidence/swiftpm/checkouts/swift-syntax/Sources/SwiftSyntaxMacroExpansion/MacroReplacement.swift	ea5db630910eef6b8d8d8665a3a1caae5639669d0fd3c9e3fb0c12452e7a207c
armv6-evidence/swiftpm/checkouts/swift-syntax/Sources/SwiftSyntaxMacroExpansion/MacroSpec.swift	24696d133ec4d27f5b4a132278f6ee1c38d2145b5965763a4f3462e4086d5892
armv6-evidence/swiftpm/checkouts/swift-syntax/Sources/SwiftSyntaxMacroExpansion/MacroSystem.swift	b82ff6db028861a7d534cb11af15f0d190a8776c1ceadebd7d7c01dda4ffd050
armv6-evidence/swiftpm/checkouts/swift-syntax/Sources/SwiftSyntaxMacros/AbstractSourceLocation.swift	190bb7c3d998d669c9fd3a81d2d8ef6f00e5c6a6faa5c9762c231f78108777e1
armv6-evidence/swiftpm/checkouts/swift-syntax/Sources/SwiftSyntaxMacros/CMakeLists.txt	08be611b74ad0214887d57add2742280949390990c1c633479233d68e30a883d
armv6-evidence/swiftpm/checkouts/swift-syntax/Sources/SwiftSyntaxMacros/MacroExpansionContext.swift	500a182236487f954041fdfd15465936b14b875bbc3b16f0928662eaa45dc4ab
armv6-evidence/swiftpm/checkouts/swift-syntax/Sources/SwiftSyntaxMacros/MacroExpansionDiagnosticMessages.swift	1f28b7d05d484c70f9f70a5c9415966390a1efac210133e0c1cecd45be612fe7
armv6-evidence/swiftpm/checkouts/swift-syntax/Sources/SwiftSyntaxMacros/MacroProtocols/AccessorMacro.swift	ff15d005b49ddf9e792d01d0b3289a64c962c767d938af470c566d9a942feb11
armv6-evidence/swiftpm/checkouts/swift-syntax/Sources/SwiftSyntaxMacros/MacroProtocols/AttachedMacro.swift	6e187aef334fb924b44bd70d18df9090ddc1595c68a14998ae6d3d567eaa8540
armv6-evidence/swiftpm/checkouts/swift-syntax/Sources/SwiftSyntaxMacros/MacroProtocols/BodyMacro.swift	0094b0f2670307b16e672162ce7085481027c5113fdd9f92090def64be87a768
armv6-evidence/swiftpm/checkouts/swift-syntax/Sources/SwiftSyntaxMacros/MacroProtocols/CodeItemMacro.swift	30d549ae6b88655a6203d23f4686187f3eca3bca250bfbf47cd76e25a00b4f0d
armv6-evidence/swiftpm/checkouts/swift-syntax/Sources/SwiftSyntaxMacros/MacroProtocols/DeclarationMacro.swift	1d626391d7e8f052ae359c948274636f86a777a199547217a5153adf81bdb586
armv6-evidence/swiftpm/checkouts/swift-syntax/Sources/SwiftSyntaxMacros/MacroProtocols/ExpressionMacro.swift	5c3891a1b6e53d6f0ed51bdf1ac634e82f848742a98c39802bff465bc33136df
armv6-evidence/swiftpm/checkouts/swift-syntax/Sources/SwiftSyntaxMacros/MacroProtocols/ExtensionMacro.swift	7ac52b9c3a23581ad29ab3a31f6369c77dd6afe09adc52c86ecf21a28b5c56cd
armv6-evidence/swiftpm/checkouts/swift-syntax/Sources/SwiftSyntaxMacros/MacroProtocols/FreestandingMacro.swift	f9adb1d584879db0bbd1d92840b70a012a3bf4182985df2ea56eb561a0c8cefd
armv6-evidence/swiftpm/checkouts/swift-syntax/Sources/SwiftSyntaxMacros/MacroProtocols/Macro+Format.swift	3e9a7237013286822bdfab0f18277cff937530bfd6f4cfbcd8ee9d3d4c0d6b11
armv6-evidence/swiftpm/checkouts/swift-syntax/Sources/SwiftSyntaxMacros/MacroProtocols/Macro.swift	5bd6bc729b9d4d6c183336cbdf3e5b10c7fc79eb689d3153a563beb1761a682d
armv6-evidence/swiftpm/checkouts/swift-syntax/Sources/SwiftSyntaxMacros/MacroProtocols/MemberAttributeMacro.swift	95442d6098a6bf6acae1df14f93ba5dceeabf76a711ba91c018c9d11ad2945f8
armv6-evidence/swiftpm/checkouts/swift-syntax/Sources/SwiftSyntaxMacros/MacroProtocols/MemberMacro.swift	f6d7e5ac5a98465b9387a18f850fa7dea5b1958c9a9dcd7b3f74c2d3c55fd38a
armv6-evidence/swiftpm/checkouts/swift-syntax/Sources/SwiftSyntaxMacros/MacroProtocols/PeerMacro.swift	1e7af008e8666a99d704303a15065b59bb4cd70442f8204da50c3466f0c53f75
armv6-evidence/swiftpm/checkouts/swift-syntax/Sources/SwiftSyntaxMacros/MacroProtocols/PreambleMacro.swift	48ec6580945857d6cf8c2e5968bf9152a176fd10a0d5863abe5d00954ced29fc
armv6-evidence/swiftpm/checkouts/swift-syntax/Sources/SwiftSyntaxMacros/SwiftSyntaxMacros.docc/Info.plist	48c419af9f6bfdfbd3e03cac8a824369ee97870dac295d328ec018a310820671
armv6-evidence/swiftpm/checkouts/swift-syntax/Sources/SwiftSyntaxMacros/SwiftSyntaxMacros.docc/SwiftSyntaxMacros.md	4b449348dac8c096e80a0b10ac4c818f6e1b12427b0208418f2d46e50555b3f8
armv6-evidence/swiftpm/checkouts/swift-syntax/Sources/SwiftSyntaxMacros/Syntax+LexicalContext.swift	5fdd1d4f4e76f1b825aa5397281100bde0013de1565d2d6d0b98efa8d8613619
armv6-evidence/swiftpm/checkouts/swift-syntax/Sources/SwiftSyntaxMacrosGenericTestSupport/Assertions.swift	0e2eb09269a9e89b7b58b3a0a67b70f9c005611b6fa545be3e931b6a45a0ef6e
armv6-evidence/swiftpm/checkouts/swift-syntax/Sources/SwiftSyntaxMacrosTestSupport/Assertions.swift	6cd533f958eeb160cf8fdf3fcf59fc7fc28eae110d8ff4e0ee4eea7df4d9ab16
armv6-evidence/swiftpm/checkouts/swift-syntax/Sources/SwiftWarningControl/CMakeLists.txt	0ea8042ea4a9250bce8df9b29d7d957e9c895bf5ab06f46aa6c949e8c16bd28d
armv6-evidence/swiftpm/checkouts/swift-syntax/Sources/SwiftWarningControl/DiagnosticGroupInheritanceTree.swift	260f5a142b707eac5aaf729bef70b5fa7695e47f7b349d10450605a06fe0b416
armv6-evidence/swiftpm/checkouts/swift-syntax/Sources/SwiftWarningControl/SwiftWarningControl.md	07a8a6c96e6dd8a3b584bebec55746360aaf270e7cdc4ff7fe90e4be8e074867
armv6-evidence/swiftpm/checkouts/swift-syntax/Sources/SwiftWarningControl/SyntaxProtocol+WarningControl.swift	22ab67bdf5ff64545bc8b0eaca496715ca4cc6791fe42f984231e5b15ba1674a
armv6-evidence/swiftpm/checkouts/swift-syntax/Sources/SwiftWarningControl/WarningControlDeclSyntax.swift	50a1274579198bd16c124c6e857ee5528e4c69801114f5ff8a308df9eb722018
armv6-evidence/swiftpm/checkouts/swift-syntax/Sources/SwiftWarningControl/WarningControlRegionBuilder.swift	ee6e6d77a67ca661e12db601df62aa232e746d488d18aa3612ba96f945bee4af
armv6-evidence/swiftpm/checkouts/swift-syntax/Sources/SwiftWarningControl/WarningControlRegions.swift	ac37c57160fed29e97af1a2a99c7f383846d008b1ad436ce93d65d339d1d0366
armv6-evidence/swiftpm/checkouts/swift-syntax/Sources/SwiftWarningControl/WarningGroupControl.swift	1a6e37c08951a3eb4ec884a7e3e7420aa3967ff046c928f4e1aafd8106f58ff5
armv6-evidence/swiftpm/checkouts/swift-syntax/Sources/VersionMarkerModules/CMakeLists.txt	0831e67cf8a95bd48602946ad1360b3ab141699fc82f1eb3c12725206da8c996
armv6-evidence/swiftpm/checkouts/swift-syntax/Sources/VersionMarkerModules/SwiftSyntax509/Empty.swift	486d5e1614902a67f1845333e5b423ee2a1a2fddfbb6f6677d0aad08285c9c74
armv6-evidence/swiftpm/checkouts/swift-syntax/Sources/VersionMarkerModules/SwiftSyntax510/Empty.swift	4472433e9ab9a1efb9f7078c9324c663e04cdef009ab6bde240303df8a38f242
armv6-evidence/swiftpm/checkouts/swift-syntax/Sources/VersionMarkerModules/SwiftSyntax600/Empty.swift	68bef2813bfff608a86668515b08b7403f81eaad881fd0a24ebad55625963275
armv6-evidence/swiftpm/checkouts/swift-syntax/Sources/VersionMarkerModules/SwiftSyntax601/Empty.swift	686249e3f05fe25c6ae79684ac5a7edc1aba4d20219b82fba08aead9854412b7
armv6-evidence/swiftpm/checkouts/swift-syntax/Sources/VersionMarkerModules/SwiftSyntax602/Empty.swift	eaa5929a2675797590a4c4729f6b3fb112039c3bf5714e66f0c87810c0262f20
armv6-evidence/swiftpm/checkouts/swift-syntax/Sources/VersionMarkerModules/SwiftSyntax603/Empty.swift	cd3b234d8d94d3810cebad30118cde6c10d4d40d1cda7e028b3aab94273d8537
armv6-evidence/swiftpm/checkouts/swift-syntax/Sources/_InstructionCounter/include/InstructionsExecuted.h	a0586fcd9ffd8f765fe32d6a69187419daac4aa72252e80d77aac7efdc5f340f
armv6-evidence/swiftpm/checkouts/swift-syntax/Sources/_InstructionCounter/src/InstructionsExecuted.c	b81f2c39585511723f73a887a9bc90c8289c150ad2de1a883954e6c398bc1a53
armv6-evidence/swiftpm/checkouts/swift-syntax/Sources/_SwiftLibraryPluginProviderCShims/CMakeLists.txt	bcee49450ea82dfd8101cbac8d69645ad713c59c963384c4d17ae92cb897d747
armv6-evidence/swiftpm/checkouts/swift-syntax/Sources/_SwiftLibraryPluginProviderCShims/LoadLibrary.c	b2ec7c509d9cf8985ebae56a7a0560ff6a1077893a552ac587d8f84b486d4569
armv6-evidence/swiftpm/checkouts/swift-syntax/Sources/_SwiftLibraryPluginProviderCShims/include/LoadLibrary.h	1730863a12d0133f0831ab5a21f4d64614a614140ffbb1cea85adb728263f634
armv6-evidence/swiftpm/checkouts/swift-syntax/Sources/_SwiftLibraryPluginProviderCShims/include/module.modulemap	e0ac78364c2e9049af8bd852656cac2185156a608e9fbf5c4d362a8ce1219e26
armv6-evidence/swiftpm/checkouts/swift-syntax/Sources/_SwiftSyntaxCShims/CMakeLists.txt	a463736c24156782157c5a10dbfc7c17aa8879dd62a712c72fca9e8a093fac83
armv6-evidence/swiftpm/checkouts/swift-syntax/Sources/_SwiftSyntaxCShims/PlatformMutex.c	89f44c72f0f8c50207b9b3aa4811f8d3e5f1d17d936aea11e15d6b0333fbeb50
armv6-evidence/swiftpm/checkouts/swift-syntax/Sources/_SwiftSyntaxCShims/include/Atomics.h	7ae04c18d0928732fa9ae91232f70091cfc94a02bf5a2cc1127351976301ae93
armv6-evidence/swiftpm/checkouts/swift-syntax/Sources/_SwiftSyntaxCShims/include/PlatformMutex.h	8d150395b6b91622ab97fed301c0aec5bb316734ad79666a221023a545db262a
armv6-evidence/swiftpm/checkouts/swift-syntax/Sources/_SwiftSyntaxCShims/include/SwiftSyntaxCShims.h	07405be6c63654f5c025452b61d135abb71ed74bd90db4838b22086937bf9e00
armv6-evidence/swiftpm/checkouts/swift-syntax/Sources/_SwiftSyntaxCShims/include/_bridging.h	cb3f6adea458ebd6061d2a0fd3c34111f6e7f49dec5e2ceefb6e4632141f9404
armv6-evidence/swiftpm/checkouts/swift-syntax/Sources/_SwiftSyntaxCShims/include/_includes.h	b9ac5437a150285824472d65c6c417f335e6f6700de85a538e0556d9b385c1bb
armv6-evidence/swiftpm/checkouts/swift-syntax/Sources/_SwiftSyntaxCShims/include/module.modulemap	cc2aed73f372d241ab3459159b0848d4abfd51a3f28bdada9b32a2fe469b207b
armv6-evidence/swiftpm/checkouts/swift-syntax/Sources/_SwiftSyntaxCShims/include/swiftsyntax_errno.h	76ffcb83e63dcbbec52aa26708d51f560de89e8cabb52b15e51adc9cfb5da3d8
armv6-evidence/swiftpm/checkouts/swift-syntax/Sources/_SwiftSyntaxCShims/include/swiftsyntax_stdio.h	cda57a627b21afddbe4cdfd473d7eec00c824899e4e287a10cff34bb7d0f7c67
armv6-evidence/swiftpm/checkouts/swift-syntax/Sources/_SwiftSyntaxGenericTestSupport/AssertEqualWithDiff.swift	13b1372b267eb2d6f0361ba61b26fca70cb82088e0a6bb4ea81a8474dfbca174
armv6-evidence/swiftpm/checkouts/swift-syntax/Sources/_SwiftSyntaxGenericTestSupport/String+TrimmingTrailingWhitespace.swift	b4c1e4a45644a21bdff8bf3fbce45ffc49a44bfbfd4323d178987a63e3a954b9
armv6-evidence/swiftpm/checkouts/swift-syntax/Sources/_SwiftSyntaxTestSupport/AssertEqualWithDiff.swift	02f8f8ca6326b9d35d3a945ecb14272e78f83e5dcd4ed1cf6364cfb7e738566d
armv6-evidence/swiftpm/checkouts/swift-syntax/Sources/_SwiftSyntaxTestSupport/IncrementalParseTestUtils.swift	153d65a3a63300f958f9a50bf0d9bb9f29dc7e8a2b204fd1f33b5c8ca9b502cf
armv6-evidence/swiftpm/checkouts/swift-syntax/Sources/_SwiftSyntaxTestSupport/LocationMarkers.swift	122ff4e17a0976184bcdfc465ac79f46f78ad9918f3d530aafdf46d4570454ee
armv6-evidence/swiftpm/checkouts/swift-syntax/Sources/_SwiftSyntaxTestSupport/LongTestsDisabled.swift	b29dd8874d26a0e5f3766ee1d38520f4b4df7bfb489e2c48440e5b293b90b7f0
armv6-evidence/swiftpm/checkouts/swift-syntax/Sources/_SwiftSyntaxTestSupport/Syntax+Assertions.swift	037d43555925efa377f1ea9f7d5773562911e56d94ec8ffa7d87d9d3ac39c5fa
armv6-evidence/swiftpm/checkouts/swift-syntax/Sources/_SwiftSyntaxTestSupport/SyntaxComparison.swift	1e2762e4ff0ef0661bab398b3978080a3df28cda54cc0caf1b6d5c1afd27bd29
armv6-evidence/swiftpm/checkouts/swift-syntax/Sources/_SwiftSyntaxTestSupport/SyntaxProtocol+Initializer.swift	41c7f4352af8d9bc5ba583ffe2838411edd5e9b5b5fc773d56444e03aac52487
armv6-evidence/swiftpm/checkouts/swift-syntax/SwiftParserCLI/Package.swift	7568b38499b6e75cfc54c2764d2be9ae379cea9b376996080c843037529ecccc
armv6-evidence/swiftpm/checkouts/swift-syntax/SwiftParserCLI/README.md	746aec2bc1b992f59f424a2afd948953539018c1aff3c4390941ac95618a7dcf
armv6-evidence/swiftpm/checkouts/swift-syntax/SwiftParserCLI/Sources/InstructionCounter/include/InstructionsExecuted.h	a0586fcd9ffd8f765fe32d6a69187419daac4aa72252e80d77aac7efdc5f340f
armv6-evidence/swiftpm/checkouts/swift-syntax/SwiftParserCLI/Sources/InstructionCounter/src/InstructionsExecuted.c	b81f2c39585511723f73a887a9bc90c8289c150ad2de1a883954e6c398bc1a53
armv6-evidence/swiftpm/checkouts/swift-syntax/SwiftParserCLI/Sources/swift-parser-cli/BasicFormat.swift	b8f1dbee568d3d1c9af68eef6082f563896fd0a6d3bcf48524e4a470306f1822
armv6-evidence/swiftpm/checkouts/swift-syntax/SwiftParserCLI/Sources/swift-parser-cli/Commands/PerformanceTest.swift	ffd89a3f8004e098fe59f23820997bc6752776d95ee993fdeb24a989283e7494
armv6-evidence/swiftpm/checkouts/swift-syntax/SwiftParserCLI/Sources/swift-parser-cli/Commands/Print.swift	cddaff1f8c9fe4e15beaf6312bfdb8f375fb369c48b7719bd4f94be88e17af87
armv6-evidence/swiftpm/checkouts/swift-syntax/SwiftParserCLI/Sources/swift-parser-cli/Commands/PrintDiags.swift	e6573d29e690f9f1bac634ccb3edbd38a36b988e7d534edb7dd3f9d991417931
armv6-evidence/swiftpm/checkouts/swift-syntax/SwiftParserCLI/Sources/swift-parser-cli/Commands/PrintTree.swift	ca186c986e0b8677a3b6f441e323f522316254a218c86b1b00b2da0e60f566bf
armv6-evidence/swiftpm/checkouts/swift-syntax/SwiftParserCLI/Sources/swift-parser-cli/Commands/Reduce.swift	f10c245eba0b7ed6aa70f97922cdcd7e78f47d5209161a920c415a708e7b9084
armv6-evidence/swiftpm/checkouts/swift-syntax/SwiftParserCLI/Sources/swift-parser-cli/Commands/VerifyRoundTrip.swift	760d67d38654f5dcff90156ae8ff12f592ec7b9dabec43aac68de7582e509b7f
armv6-evidence/swiftpm/checkouts/swift-syntax/SwiftParserCLI/Sources/swift-parser-cli/ParseCommand.swift	c54bff67308daa1f5c9a6d12341a3d3d9eff1f5c119c9349032f90a8ad5fd8f3
armv6-evidence/swiftpm/checkouts/swift-syntax/SwiftParserCLI/Sources/swift-parser-cli/SyntaxUtils.swift	3af5f7182a14101e2073f8f822620ddd7c37cdb38a5712a01c7037f535d9e9ee
armv6-evidence/swiftpm/checkouts/swift-syntax/SwiftParserCLI/Sources/swift-parser-cli/TerminalUtils.swift	e81d7ab28bb2fbc753072561fc8a33c95e8963819691ade39a4d07aaf9293b39
armv6-evidence/swiftpm/checkouts/swift-syntax/SwiftParserCLI/Sources/swift-parser-cli/Utils.swift	66387329a9e8f490b83af58247588a5f45990db920b27c2e1420b46c94fdc529
armv6-evidence/swiftpm/checkouts/swift-syntax/SwiftParserCLI/Sources/swift-parser-cli/swift-parser-cli.swift	22b1a7f7b3ad0047315cc683dec748c9d631141e7dbe716ae8c9930e87a3b11c
armv6-evidence/swiftpm/checkouts/swift-syntax/SwiftSyntaxDevUtils/Package.swift	bd9d44b808ff96dc499b9b70581dfa9bb6ad957e8a166beb10a30d91b3692795
armv6-evidence/swiftpm/checkouts/swift-syntax/SwiftSyntaxDevUtils/README.md	a6059afceb9655609271980ffb7c4850945818de73531eb86b8b28fc37bdcb17
armv6-evidence/swiftpm/checkouts/swift-syntax/SwiftSyntaxDevUtils/Sources/swift-syntax-dev-utils/SwiftSyntaxDevUtils.swift	fd0a10d062620f503202beffcab67b860b6d17445cc282c47ca26f4fe06b59b3
armv6-evidence/swiftpm/checkouts/swift-syntax/SwiftSyntaxDevUtils/Sources/swift-syntax-dev-utils/commands/Build.swift	3db69086b1891676b931e063d0f21de768f131b0d2693a90b5690ed2c8f25a25
armv6-evidence/swiftpm/checkouts/swift-syntax/SwiftSyntaxDevUtils/Sources/swift-syntax-dev-utils/commands/GenerateSourceCode.swift	1eaa234d0262eefc78d67aa69906a657740d41faac08e3b574be540cf07973aa
armv6-evidence/swiftpm/checkouts/swift-syntax/SwiftSyntaxDevUtils/Sources/swift-syntax-dev-utils/commands/LocalPrPrecheck.swift	81ae56f405e2ca4dcd56664d09fd24136d665a87cced5ffa691f611de855c2db
armv6-evidence/swiftpm/checkouts/swift-syntax/SwiftSyntaxDevUtils/Sources/swift-syntax-dev-utils/commands/Test.swift	c6fc351949856b0b83d4ef8e8da55ceac6b86a41adeefb39997c80f6ce9090bb
armv6-evidence/swiftpm/checkouts/swift-syntax/SwiftSyntaxDevUtils/Sources/swift-syntax-dev-utils/commands/VerifySourceCode.swift	01f948b3451c3c5b9e68c08bb81432587eb8556923e6dacf3482a99b62caf96b
armv6-evidence/swiftpm/checkouts/swift-syntax/SwiftSyntaxDevUtils/Sources/swift-syntax-dev-utils/common/BuildArguments.swift	0e420b62f600ba3023c7412e20cb37651f73b433c3bb6147acbdfc9fddc0638f
armv6-evidence/swiftpm/checkouts/swift-syntax/SwiftSyntaxDevUtils/Sources/swift-syntax-dev-utils/common/Logger.swift	04d23de7b6d50d92a95da3c2d2a28075fb77a3b6b61ee06d0d864718c8d7a6cd
armv6-evidence/swiftpm/checkouts/swift-syntax/SwiftSyntaxDevUtils/Sources/swift-syntax-dev-utils/common/Paths.swift	48ecffa06d8f84a22f893d792bf132de6183f2a813693bca5294c24e82079dfa
armv6-evidence/swiftpm/checkouts/swift-syntax/SwiftSyntaxDevUtils/Sources/swift-syntax-dev-utils/common/ProcessRunner.swift	16d9621e99a573a170cde4134fd8dd6e99852ce409051d7697b5465435a50c4f
armv6-evidence/swiftpm/checkouts/swift-syntax/SwiftSyntaxDevUtils/Sources/swift-syntax-dev-utils/common/ScriptExectutionError.swift	51293174f1ddcea4d274c936b8f547361d4646876fb8a6e0afe32435fbaf66bb
armv6-evidence/swiftpm/checkouts/swift-syntax/SwiftSyntaxDevUtils/Sources/swift-syntax-dev-utils/common/SourceCodeGeneratorArguments.swift	a0c3e3324264645f6ac5793721d56a845bcc98ab1087210b0c58464440eebec2
armv6-evidence/swiftpm/checkouts/swift-syntax/SwiftSyntaxDevUtils/Sources/swift-syntax-dev-utils/common/SwiftPMBuilder.swift	85b697878ef812c53138238531148c63b596944e75f5d17443f15e628c5ef91b
armv6-evidence/swiftpm/checkouts/swift-syntax/SwiftSyntaxDevUtils/Sources/swift-syntax-dev-utils/common/Utils.swift	0ea6e36b4a93cf57efadb8b79a5850b18f99b3f67f127194bb8979338150b132
armv6-evidence/swiftpm/checkouts/swift-syntax/Tests/PerformanceTest/Inputs/MinimalCollections.swift.input	61477ad73e6513e4d4b69c648e9d7b65ec11e74694a79155d60f21d54e22ca41
armv6-evidence/swiftpm/checkouts/swift-syntax/Tests/PerformanceTest/InstructionsCountAssertion.swift	a0ec39bfc9b2734834880fa8029a7accfe9c04cb1f11a0e4d3df43d4d6bd54eb
armv6-evidence/swiftpm/checkouts/swift-syntax/Tests/PerformanceTest/ParsingPerformanceTests.swift	c5e27d19997e48ed8fdbd2fead5a50ab37e6f52f52ed2376cd47d1358a0c7ef7
armv6-evidence/swiftpm/checkouts/swift-syntax/Tests/PerformanceTest/SyntaxClassifierPerformanceTests.swift	7b1f2a900e3b63b5d604a5cee830cbf33f009eeecd74157389b0aae79a825243
armv6-evidence/swiftpm/checkouts/swift-syntax/Tests/PerformanceTest/VisitorPerformanceTests.swift	aef7d48f2c45b228f86238be7230ca82a62de6b51c2675fadd3d40fde75774a8
armv6-evidence/swiftpm/checkouts/swift-syntax/Tests/SwiftBasicFormatTest/BasicFormatTests.swift	83c379544c3b88aa4d52a0b0464e5397a1ac9632f546f9621d6c41f3ae62cd9b
armv6-evidence/swiftpm/checkouts/swift-syntax/Tests/SwiftBasicFormatTest/IndentTests.swift	29273584728b4b29dec1a619153e17c053c5d40205882584a451c17454b695e3
armv6-evidence/swiftpm/checkouts/swift-syntax/Tests/SwiftBasicFormatTest/InferIndentationTests.swift	40304d5195a52d1756675f80d5e308c3241f5e016036f8571d176b14deffe0fd
armv6-evidence/swiftpm/checkouts/swift-syntax/Tests/SwiftCompilerPluginTest/CompilerPluginTests.swift	e5318985cb83d088d5864bb3890937b8628e68842c67b3dcc16e54bbdb17a496
armv6-evidence/swiftpm/checkouts/swift-syntax/Tests/SwiftCompilerPluginTest/JSONTests.swift	5aeb30c6e7ec58480977e303e68890a6e1307515291440a50ac8a0b29bf0112c
armv6-evidence/swiftpm/checkouts/swift-syntax/Tests/SwiftCompilerPluginTest/LRUCacheTests.swift	9fd10d86dadcf8555c82f806d8076b08dcda5c3cfc6d5ac70199694d2fd0aab4
armv6-evidence/swiftpm/checkouts/swift-syntax/Tests/SwiftDiagnosticsTest/DiagnosticDecorators/ANSIDiagnosticDecoratorTests.swift	49e742c180e7aa71fb587d4b03dafc8c46013c99cf44fadc7e4a5f2cb2e4dddb
armv6-evidence/swiftpm/checkouts/swift-syntax/Tests/SwiftDiagnosticsTest/DiagnosticDecorators/BasicDiagnosticDecoratorTests.swift	2a2703b7258cb771220cc3ae869adfe159b1b02ebd37e08a482907198c1ef390
armv6-evidence/swiftpm/checkouts/swift-syntax/Tests/SwiftDiagnosticsTest/DiagnosticFormatterTests.swift	0c378bef6e953048bdc06c8d06c31c49d115cd79fc7bce1f9b63cea1b2ca9ede
armv6-evidence/swiftpm/checkouts/swift-syntax/Tests/SwiftDiagnosticsTest/DiagnosticTestingUtils.swift	4cdc4fd45f466f1c272ffff9f1fa58c145edce460477990d49f8394138f343ad
armv6-evidence/swiftpm/checkouts/swift-syntax/Tests/SwiftDiagnosticsTest/FixItTests.swift	86e014748e17cfe820a5e592727e42758a27b60306e8c8484fec81d5f79cf3ae
armv6-evidence/swiftpm/checkouts/swift-syntax/Tests/SwiftDiagnosticsTest/GroupDiagnosticsFormatterTests.swift	c5fd9c730c26a599cb984d878786616563a8c00ab6577ebb2cba61a905c154e4
armv6-evidence/swiftpm/checkouts/swift-syntax/Tests/SwiftDiagnosticsTest/ParserDiagnosticsFormatterIntegrationTests.swift	d7aed00d283d90c694f0f9210c99b42a582afd2caba54e6bcb6874e5824f7cab
armv6-evidence/swiftpm/checkouts/swift-syntax/Tests/SwiftIDEUtilsTest/Assertions.swift	6d437202157ddd878857ae81623bf26e5101cc4018b2c1e2f53abc9f73605d54
armv6-evidence/swiftpm/checkouts/swift-syntax/Tests/SwiftIDEUtilsTest/ClassificationTests.swift	52f8d3583094c63b0453d4b5f8470f5131e134b5f5cfb3de42752f8b28a149e9
armv6-evidence/swiftpm/checkouts/swift-syntax/Tests/SwiftIDEUtilsTest/FixItApplierTests.swift	185853ea8ff8517c6e1118533397d49c8579dde39fb74a445192b7d18c99199e
armv6-evidence/swiftpm/checkouts/swift-syntax/Tests/SwiftIDEUtilsTest/NameMatcherTests.swift	1e43865ad7a0ee3f08a7e3d07bd34a19613172d757064957e34461a5e49eb01b
armv6-evidence/swiftpm/checkouts/swift-syntax/Tests/SwiftIfConfigTest/ActiveRegionTests.swift	7178e02ac86208a1ac72f467e0929caa9f7df5aed09be13656f46727e7490cba
armv6-evidence/swiftpm/checkouts/swift-syntax/Tests/SwiftIfConfigTest/EvaluateTests.swift	0e3986bbcf7cb1fc3d51886a0f00ef8f2d5b5b1758872549337cab5cb4d241f6
armv6-evidence/swiftpm/checkouts/swift-syntax/Tests/SwiftIfConfigTest/TestingBuildConfiguration.swift	64497733c75814ba4f4ba27cbb7a682141680061fa30b2c668ae533979a5b0f7
armv6-evidence/swiftpm/checkouts/swift-syntax/Tests/SwiftIfConfigTest/VisitorTests.swift	69e761488603ffc5acece3287183820cecb1264730578f566998821805ff968a
armv6-evidence/swiftpm/checkouts/swift-syntax/Tests/SwiftLexicalLookupTest/Assertions.swift	71ab214a9ba5b746da4116e5bcc3c2ae6d6f0294254971d069a35d884dcb1c6f
armv6-evidence/swiftpm/checkouts/swift-syntax/Tests/SwiftLexicalLookupTest/ExpectedName.swift	21ec195548131cc8ff3f311aa7b990a4d261dd13c3be1c29969a5e327fdb9601
armv6-evidence/swiftpm/checkouts/swift-syntax/Tests/SwiftLexicalLookupTest/MarkerExpectation.swift	37670d708bc29702e927aa2f5058aa8b1cb9d61830b6b212c13552852f9026dd
armv6-evidence/swiftpm/checkouts/swift-syntax/Tests/SwiftLexicalLookupTest/NameLookupTests.swift	8e5b1680876aa2e35d0a70875c3cd95eee6b4d33b37130baf66c6ee29b99bb3c
armv6-evidence/swiftpm/checkouts/swift-syntax/Tests/SwiftLexicalLookupTest/ResultExpectation.swift	7a04c1c8a2b51bb3c317257a6ea59dc9150fcf67bbbc3db9facc654359cf58dc
armv6-evidence/swiftpm/checkouts/swift-syntax/Tests/SwiftLexicalLookupTest/SimpleQueryTests.swift	ef516d373a52580b815f7ac73ff8ce2c1842d012ac5db87b94a949a9f64e7cb6
armv6-evidence/swiftpm/checkouts/swift-syntax/Tests/SwiftOperatorsTest/OperatorTableTests.swift	4d9c3cf554a927de056eb2f0ad9f4fcfc5531191358b0a9ab5e237d6e45e9ad7
armv6-evidence/swiftpm/checkouts/swift-syntax/Tests/SwiftOperatorsTest/SyntaxSynthesisTests.swift	c0242129cd6097e49310025d5ed56ba917ff6724c2cee18c4edb596eb439f8a1
armv6-evidence/swiftpm/checkouts/swift-syntax/Tests/SwiftParserDiagnosticsTest/DiagnosticInfrastructureTests.swift	75a3bf34122fa7c6bd7213e625ca9c1ee994db2cab325a703f9a6328395294b8
armv6-evidence/swiftpm/checkouts/swift-syntax/Tests/SwiftParserTest/AbsolutePositionTests.swift	e1e5951710a86b37e4c14b9918df2b96ccf1395e29fbd8a399be615a9c48b43f
armv6-evidence/swiftpm/checkouts/swift-syntax/Tests/SwiftParserTest/Assertions.swift	620311caf150ae35216afd37c67a8dfa9c28d76f443145a5a33b9d5d0010ca45
armv6-evidence/swiftpm/checkouts/swift-syntax/Tests/SwiftParserTest/AttributeTests.swift	9154d67f4b06b74989de4e5ab6498d5226703313be07acce010a7952575fa751
armv6-evidence/swiftpm/checkouts/swift-syntax/Tests/SwiftParserTest/AvailabilityTests.swift	7373bc391464e6feed262b0befc4eae2a7412d160c876fb09b2e2b6795c30966
armv6-evidence/swiftpm/checkouts/swift-syntax/Tests/SwiftParserTest/ClosureMissingInTests.swift	2eeeb397ca7587bf8f4f59c3bd10639a72010fb49a1e9237b3b0dc7b7ebb4cb4
armv6-evidence/swiftpm/checkouts/swift-syntax/Tests/SwiftParserTest/DeclarationTests.swift	867a939c9f5e636ca381ca364c3c44058d1ec34868c061702c88881e47e92294
armv6-evidence/swiftpm/checkouts/swift-syntax/Tests/SwiftParserTest/DirectiveTests.swift	33f7720595f93f4af5edb926dcfae6c903e6609ed5b6fa097ce1f10520731091
armv6-evidence/swiftpm/checkouts/swift-syntax/Tests/SwiftParserTest/DoExpressionTests.swift	edbc67979c2e91674a8f0e3cda0a90b9cb4dd9df7b01b842dd57ee6c6a9d3f75
armv6-evidence/swiftpm/checkouts/swift-syntax/Tests/SwiftParserTest/ExpressionInterpretedAsVersionTupleTests.swift	c199ea518296ea4708353cac3d28f0bf3d30cfabdf3ee1bbb1fe7e65013f29a5
armv6-evidence/swiftpm/checkouts/swift-syntax/Tests/SwiftParserTest/ExpressionTests.swift	a89eac9892a47c26c25f894af169419cf519cc4ea0e9eeaa81c9ac6c30783513
armv6-evidence/swiftpm/checkouts/swift-syntax/Tests/SwiftParserTest/ExpressionTypeTests.swift	7fccf5ab4af5ecaf0cf78127acd55143c40abb33e419caf3541de5f62d8c8486
armv6-evidence/swiftpm/checkouts/swift-syntax/Tests/SwiftParserTest/IncrementalParsingTests.swift	4d846a0dfd0e3ef6df176b9c1b585d219491cacfdcd4cf8ef1e8baed47181dba
armv6-evidence/swiftpm/checkouts/swift-syntax/Tests/SwiftParserTest/IsValidIdentifierTests.swift	a6b00650fad007aa30bf635368e2a1703bd781009d351d2e26387fcd005308a3
armv6-evidence/swiftpm/checkouts/swift-syntax/Tests/SwiftParserTest/LexerTests.swift	9513805999813091c04ac1f45f68f8ec1347a9431352a5c4b7e99d2a90905b85
armv6-evidence/swiftpm/checkouts/swift-syntax/Tests/SwiftParserTest/Parser+EntryTests.swift	9ecd2bdc11902d6a3e825e81aba9432e34882fbfe4d86eeaba39da2c4bcafdb7
armv6-evidence/swiftpm/checkouts/swift-syntax/Tests/SwiftParserTest/ParserTestCase.swift	a8c58be8fa8cb72ecb787295fd925fa51239687fc2c54406d3e6fb403d94c992
armv6-evidence/swiftpm/checkouts/swift-syntax/Tests/SwiftParserTest/ParserTests.swift	7e12de846867e6f1467afba136f3aec63d730d176a51e0dfa6e4df746e663294
armv6-evidence/swiftpm/checkouts/swift-syntax/Tests/SwiftParserTest/PatternTests.swift	9263d54c524f10c670a2189edcd3a295fda0b6820414fb231380962f9bbb2949
armv6-evidence/swiftpm/checkouts/swift-syntax/Tests/SwiftParserTest/RegexLiteralTests.swift	3fd26dac32f6fa78cab819247ff0f199431f7764a51b908c50dfee10c72dcb17
armv6-evidence/swiftpm/checkouts/swift-syntax/Tests/SwiftParserTest/SendingTest.swift	50db4d61ff9658c9049f3b87744cb239c5252e8900c57fc50c580ef1c5d47074
armv6-evidence/swiftpm/checkouts/swift-syntax/Tests/SwiftParserTest/SequentialToConcurrentEditTranslationTests.swift	1843e1bac4e96e724ab8f97f32f42b84759de47d736b1d20ba1145a8847d0439
armv6-evidence/swiftpm/checkouts/swift-syntax/Tests/SwiftParserTest/StatementTests.swift	5b54b38f1bff5456979f94c234a24de6850beb93126cee1febb6864256ea754b
armv6-evidence/swiftpm/checkouts/swift-syntax/Tests/SwiftParserTest/StringLiteralRepresentedLiteralValueTests.swift	830aa133ba474e0da866de020e22c804e1638a5ae2617cdd3618aeb4e1c76cb7
armv6-evidence/swiftpm/checkouts/swift-syntax/Tests/SwiftParserTest/ThenStatementTests.swift	38e529a2448852485da772f1e05b11e1497725042604179dc77f622af120a264
armv6-evidence/swiftpm/checkouts/swift-syntax/Tests/SwiftParserTest/TrailingCommaTests.swift	41c6541c6dccaad950ea296da5aa661d780986490996872cc1fed0bf2619bc84
armv6-evidence/swiftpm/checkouts/swift-syntax/Tests/SwiftParserTest/TriviaParserTests.swift	118419a4a7d3bf95514ff57a83784b4daa49a5c3a0095220da546e88d28c51fe
armv6-evidence/swiftpm/checkouts/swift-syntax/Tests/SwiftParserTest/TypeCompositionTests.swift	f4fd7f2b39f53989ab5c0a13bff5328d01589172d30ab4cd0ea1432c99d1e26d
armv6-evidence/swiftpm/checkouts/swift-syntax/Tests/SwiftParserTest/TypeMemberTests.swift	3270b789e48bfd16ca21121932d733b897af56830447d9c5fb35356b27829a81
armv6-evidence/swiftpm/checkouts/swift-syntax/Tests/SwiftParserTest/TypeMetatypeTests.swift	f832817a385210b601eb0d08bff4c09ccc96dbdcd25b03e03900c78a9a81982a
armv6-evidence/swiftpm/checkouts/swift-syntax/Tests/SwiftParserTest/TypeTests.swift	83b82e915d441cc3dffe1ab8584d3577aea50422d59128c534813e137f87e984
armv6-evidence/swiftpm/checkouts/swift-syntax/Tests/SwiftParserTest/Utils.swift	09539f19c66bc4289b3ee6308ccdf575af48d3fc886a6fa8c2ad0107e2945d6c
armv6-evidence/swiftpm/checkouts/swift-syntax/Tests/SwiftParserTest/ValueGenericsTests.swift	029933680610fcdb480541da7e11ec3405d7e727e2d1ba20d16ddb72de2fa977
armv6-evidence/swiftpm/checkouts/swift-syntax/Tests/SwiftParserTest/VariadicGenericsTests.swift	b4e8465438c9155d5b7e0671942f2ee07d6d4f2afe636b2e4c9f18c3f01fa807
armv6-evidence/swiftpm/checkouts/swift-syntax/Tests/SwiftParserTest/translated/ActorTests.swift	d9abe2040e19ec83c8eb6923d15205bf3c6f4181850945b6afc960247475a58e
armv6-evidence/swiftpm/checkouts/swift-syntax/Tests/SwiftParserTest/translated/AlwaysEmitConformanceMetadataAttrTests.swift	898617ed8f8e0e7dc35db26cd184e0cfb5148d6d0e88350fba797ac22f68e991
armv6-evidence/swiftpm/checkouts/swift-syntax/Tests/SwiftParserTest/translated/AsyncSyntaxTests.swift	ef9dbf2ddcdf8061c8dadd7ce10b60683560dfd7dd0f15572938226566ee8bc4
armv6-evidence/swiftpm/checkouts/swift-syntax/Tests/SwiftParserTest/translated/AsyncTests.swift	2d4d90330a713c7cc5c84ddcd0927911857bbd6a92c35321f6559f6af79903cb
armv6-evidence/swiftpm/checkouts/swift-syntax/Tests/SwiftParserTest/translated/AvailabilityQueryTests.swift	2b4db92bf411564deec3f900afcf7de2574f83e82ca814b7e2fd8f073d6bed9f
armv6-evidence/swiftpm/checkouts/swift-syntax/Tests/SwiftParserTest/translated/AvailabilityQueryUnavailabilityTests.swift	9d50a5358928951c13594be4afcdbeb54d57ba5b5b6311c665227168eadff4be
armv6-evidence/swiftpm/checkouts/swift-syntax/Tests/SwiftParserTest/translated/BorrowExprTests.swift	13c843ce9c719dca53769a7d85ad6fa7765010eae52b3397b9a5ed5f658aabb3
armv6-evidence/swiftpm/checkouts/swift-syntax/Tests/SwiftParserTest/translated/BraceRecoveryEofTests.swift	7a6972110ae99cb9884c2c3b1ceb75d1c274227596cd66e3a66902a070d5ea79
armv6-evidence/swiftpm/checkouts/swift-syntax/Tests/SwiftParserTest/translated/BuiltinBridgeObjectTests.swift	cc6bdfae9b71c449df633aa41ca0e67996de584bc0dca6832c8fe918f7baa785
armv6-evidence/swiftpm/checkouts/swift-syntax/Tests/SwiftParserTest/translated/BuiltinWordTests.swift	5edce5bf6a1151e4b5d68b171b6621ad7f9b683cebc8e0190532937bda71db9d
armv6-evidence/swiftpm/checkouts/swift-syntax/Tests/SwiftParserTest/translated/ConflictMarkersTests.swift	f9eb26ae4c2df16c91c746bea577bc3dfadab61ca615831fdb70ff973b0efb81
armv6-evidence/swiftpm/checkouts/swift-syntax/Tests/SwiftParserTest/translated/ConsecutiveStatementsTests.swift	673a6d6eb773f5f4ea88701d8e25602ae9aaf7f656d3e5dfa07dbe806cbbb594
armv6-evidence/swiftpm/checkouts/swift-syntax/Tests/SwiftParserTest/translated/CopyExprTests.swift	21d5d8139eea3a7aa20966d3b821982079f5a5ee688b384700d91273d1d55d64
armv6-evidence/swiftpm/checkouts/swift-syntax/Tests/SwiftParserTest/translated/DebuggerTests.swift	38515b69b8fbacc0d3740d15e1082bca18c1c94c9e27775425127cc9568092b3
armv6-evidence/swiftpm/checkouts/swift-syntax/Tests/SwiftParserTest/translated/DelayedExtensionTests.swift	5e35b5b50789042fc77b264d838e1b6602cd5bf28dad49b49fb8673b3fccf5d7
armv6-evidence/swiftpm/checkouts/swift-syntax/Tests/SwiftParserTest/translated/DeprecatedWhereTests.swift	79def49c947b14089957b1634687902691278f64bc12d44e16028c78b87a5414
armv6-evidence/swiftpm/checkouts/swift-syntax/Tests/SwiftParserTest/translated/DiagnoseAvailabilityTests.swift	3f080aae1a0e8b6f69782285bf3a3f5dffca8abfc33adea3b2f8559f97b58901
armv6-evidence/swiftpm/checkouts/swift-syntax/Tests/SwiftParserTest/translated/DiagnoseAvailabilityWindowsTests.swift	9d4027c2ce188ec2f7304a2c54ca9d77d37cde605a1b98a4984760ea0c0c6c90
armv6-evidence/swiftpm/checkouts/swift-syntax/Tests/SwiftParserTest/translated/DiagnoseDynamicReplacementTests.swift	492970e36844c8f5ffeb717fb2e19a531a56abff9e4dc81ca9028df50ef6e161
armv6-evidence/swiftpm/checkouts/swift-syntax/Tests/SwiftParserTest/translated/DiagnoseInitializerAsTypedPatternTests.swift	9a86b91e2978d201357dbbf16ec6f715a28f22060ba352d5ff4a4b3158efb477
armv6-evidence/swiftpm/checkouts/swift-syntax/Tests/SwiftParserTest/translated/DiagnosticMissingFuncKeywordTests.swift	2d443949b722a5c5533128508ae025eb1c664d00c2b3e589dcb3a92ea88edb9d
armv6-evidence/swiftpm/checkouts/swift-syntax/Tests/SwiftParserTest/translated/DollarIdentifierTests.swift	6f78ef8a839eea21117bfbe3d9c866823fb0b94340907a8e557e4ccee1873941
armv6-evidence/swiftpm/checkouts/swift-syntax/Tests/SwiftParserTest/translated/EffectfulPropertiesTests.swift	03129c25aae00ba0c5f43b75e94378af2c89bc47bfa01983485495227afc77ca
armv6-evidence/swiftpm/checkouts/swift-syntax/Tests/SwiftParserTest/translated/EnumElementPatternSwift4Tests.swift	56410d14a17d7d0497588badf154a5c267eda0aeedf8a42d0f0334e8c282b2f2
armv6-evidence/swiftpm/checkouts/swift-syntax/Tests/SwiftParserTest/translated/EnumTests.swift	cfd4c865cc5177619db02e9dec42ad8b7d4e21a7e4cd65eeefdcde5cd35f4c47
armv6-evidence/swiftpm/checkouts/swift-syntax/Tests/SwiftParserTest/translated/ErrorsTests.swift	fdc5672691884039f94ab8e2460250c96f4c31ac07fc8d72e3845cdb1db2bb1f
armv6-evidence/swiftpm/checkouts/swift-syntax/Tests/SwiftParserTest/translated/EscapedIdentifiersTests.swift	5f112ceaecfcd5827b263a723e4c48bba36e7f1fa940bd796371788bfd7f70f2
armv6-evidence/swiftpm/checkouts/swift-syntax/Tests/SwiftParserTest/translated/ForeachAsyncTests.swift	4a4d26389c4464e6b4690df9d9e3df0b6cd9d41a0c6926a420f5474618222904
armv6-evidence/swiftpm/checkouts/swift-syntax/Tests/SwiftParserTest/translated/ForeachTests.swift	32d5a22f5b21b8b77e0d47a227eb34aa250cb9bcb020c3156c0237c92ed70450
armv6-evidence/swiftpm/checkouts/swift-syntax/Tests/SwiftParserTest/translated/ForwardSlashRegexSkippingAllowedTests.swift	2b6a970944ac237dc5517b97a7d934e6e007cb375d4c59579f00501d23a8c815
armv6-evidence/swiftpm/checkouts/swift-syntax/Tests/SwiftParserTest/translated/ForwardSlashRegexSkippingInvalidTests.swift	2d4b244e25e264aad972d06736de4dc826c968ee954bcd1e9bb60d62081e5ce0
armv6-evidence/swiftpm/checkouts/swift-syntax/Tests/SwiftParserTest/translated/ForwardSlashRegexSkippingTests.swift	168383ae4211ff4287a54854d5304e17b170371a7467718322e84fc1be885ef4
armv6-evidence/swiftpm/checkouts/swift-syntax/Tests/SwiftParserTest/translated/ForwardSlashRegexTests.swift	c184d6c6ce50fbf2f257a28c8f865710401a376630438c6c6b804e5dc201548e
armv6-evidence/swiftpm/checkouts/swift-syntax/Tests/SwiftParserTest/translated/GenericDisambiguationTests.swift	18c4c44c2d706008578a6a62d5d211b7e153febe119da8df97e3c119286a05ba
armv6-evidence/swiftpm/checkouts/swift-syntax/Tests/SwiftParserTest/translated/GuardTests.swift	9643ca6c87e6baa34ad1e56b16523112610cc969225eece8bdfae496491efe44
armv6-evidence/swiftpm/checkouts/swift-syntax/Tests/SwiftParserTest/translated/GuardTopLevelTests.swift	ec52f0ccc522be5ddaf1971d807a5bd51334151e2f67baedd54155459d4847b7
armv6-evidence/swiftpm/checkouts/swift-syntax/Tests/SwiftParserTest/translated/HashbangLibraryTests.swift	1b7d127db5e6b502677d2a2ab8d6d5cbc5f421eb155dbb1fc7b8a038630edba0
armv6-evidence/swiftpm/checkouts/swift-syntax/Tests/SwiftParserTest/translated/HashbangMainTests.swift	7ae7af8372a916b5460aa1d741773aca9c6ac302e1e2b601f20786451f1c5ca1
armv6-evidence/swiftpm/checkouts/swift-syntax/Tests/SwiftParserTest/translated/IdentifiersTests.swift	51b289d4e96b259a279182646412d2f66d30c0a6287d18707bc52e95b4b66f4f
armv6-evidence/swiftpm/checkouts/swift-syntax/Tests/SwiftParserTest/translated/IfconfigExprTests.swift	f1e0ab47863f1bc08e7c8cb36bfad52837f795bf24872ba45b89147bd3a91e22
armv6-evidence/swiftpm/checkouts/swift-syntax/Tests/SwiftParserTest/translated/ImplicitGetterIncompleteTests.swift	35082d7fa0eec3d194bbfbc61ece6cc21ae66fb1ef90fed0a6cc9729e746cb54
armv6-evidence/swiftpm/checkouts/swift-syntax/Tests/SwiftParserTest/translated/InitDeinitTests.swift	19c81479f8a5430352e6c4b2fbb589fe92ed6cebbf99cc96f41b4417d5875da6
armv6-evidence/swiftpm/checkouts/swift-syntax/Tests/SwiftParserTest/translated/InvalidIfExprTests.swift	0546f9de314b9ecd98066c508f6bbdf7d3105c47807b31beebdc1961de2fb567
armv6-evidence/swiftpm/checkouts/swift-syntax/Tests/SwiftParserTest/translated/InvalidStringInterpolationProtocolTests.swift	f459b425394663a5a1440a82170acdf3b6e7e6ac9349d90e5c85220f9042bc8a
armv6-evidence/swiftpm/checkouts/swift-syntax/Tests/SwiftParserTest/translated/InvalidTests.swift	baccd11c35ab588ab3b39d6c10492bd7e77a24187ec03a4410bc8cdeea0143c9
armv6-evidence/swiftpm/checkouts/swift-syntax/Tests/SwiftParserTest/translated/MatchingPatternsTests.swift	eccf16a5fc91028ca159a17984776e4a7518915a50cd71e2abbdcea7d2415200
armv6-evidence/swiftpm/checkouts/swift-syntax/Tests/SwiftParserTest/translated/MetatypeObjectConversionTests.swift	fb2174587e7e06be84cf06002f2f411c0b65905e932a327688af4c4e3db9ec61
armv6-evidence/swiftpm/checkouts/swift-syntax/Tests/SwiftParserTest/translated/ModuleSelectorTests.swift	6e78263369e1b45966496a61f921d0bfce347a14a0d2a6c3dd82ed9b0d267b57
armv6-evidence/swiftpm/checkouts/swift-syntax/Tests/SwiftParserTest/translated/MoveExprTests.swift	5d45be360a8f23466f9ea9dd17229e6fb7ea9b7ac75fbe1c62ed779793428c67
armv6-evidence/swiftpm/checkouts/swift-syntax/Tests/SwiftParserTest/translated/MultilineErrorsTests.swift	7649cf8323b82d795aa3e24f85344d67c0e6fc27f7d9ef90c50db3c224108bcf
armv6-evidence/swiftpm/checkouts/swift-syntax/Tests/SwiftParserTest/translated/MultilinePoundDiagnosticArgRdar41154797Tests.swift	de051a7a7d51cac7e8f78d7b51a5f791d32aa31fec1dcc3a52fb3e9408918807
armv6-evidence/swiftpm/checkouts/swift-syntax/Tests/SwiftParserTest/translated/MultilineStringTests.swift	9698e469f02385dd25636d2bd220ea3e51b90d86fad7f2bcdf9b445b60b610e9
armv6-evidence/swiftpm/checkouts/swift-syntax/Tests/SwiftParserTest/translated/NoimplicitcopyAttrTests.swift	44c499134bd181a125bd22c5614d9bd61716e5483fe636955b667242e54a3fd1
armv6-evidence/swiftpm/checkouts/swift-syntax/Tests/SwiftParserTest/translated/NumberIdentifierErrorsTests.swift	8d8aaf62a56a9a44d6c7a044c762de1f82744a88d981021f9bb5f8c1e5d0971a
armv6-evidence/swiftpm/checkouts/swift-syntax/Tests/SwiftParserTest/translated/ObjcEnumTests.swift	f1d981d1f927325aced252c7c8c7170220d2ed8254365c09a406f79d53a489d7
armv6-evidence/swiftpm/checkouts/swift-syntax/Tests/SwiftParserTest/translated/ObjectLiteralsTests.swift	8ec4d9d8f56dc3f1a4d1a2135f64edd6301bad5a17346a46ea85f72f08e75af9
armv6-evidence/swiftpm/checkouts/swift-syntax/Tests/SwiftParserTest/translated/OperatorDeclDesignatedTypesTests.swift	8a1c7919184e622d90cbfbf3c75cdc879b473d9d8939d75683f648b49168b2ff
armv6-evidence/swiftpm/checkouts/swift-syntax/Tests/SwiftParserTest/translated/OperatorDeclTests.swift	2b765a244df2070ad86b5f93f4c22344597c57725a861e9fb4dbdea21f2270b3
armv6-evidence/swiftpm/checkouts/swift-syntax/Tests/SwiftParserTest/translated/OperatorsTests.swift	96f5087af8bafe28ede6d768f661bab1e4b151645f93facc3d4a3c892afe7b23
armv6-evidence/swiftpm/checkouts/swift-syntax/Tests/SwiftParserTest/translated/OptionalChainLvaluesTests.swift	5f2b6c608ec621067ac155a058066ec1060a9ae5efcb629fe625b1fab051e0b2
armv6-evidence/swiftpm/checkouts/swift-syntax/Tests/SwiftParserTest/translated/OptionalLvaluesTests.swift	558fd8e2230537c6b5c5dce9f73aaea640ecf2187ae25730029a2b3aebbe31d3
armv6-evidence/swiftpm/checkouts/swift-syntax/Tests/SwiftParserTest/translated/OptionalTests.swift	b46aef572fbb14118890a17599c6f6d53f81766c795445a32d77bc9d6b1f055b
armv6-evidence/swiftpm/checkouts/swift-syntax/Tests/SwiftParserTest/translated/OriginalDefinedInAttrTests.swift	0863aed4e5063284783ba7a2aa3f861ef67e8531ab7d7a84beaf3aadc7fc8db3
armv6-evidence/swiftpm/checkouts/swift-syntax/Tests/SwiftParserTest/translated/PatternWithoutVariablesScriptTests.swift	53da0897137702bc611b96df31d502034809a83a1e7d306f5737281b9f622074
armv6-evidence/swiftpm/checkouts/swift-syntax/Tests/SwiftParserTest/translated/PatternWithoutVariablesTests.swift	15de3d3072426b78415229768973fb3bda0d8f7ebdbd1dc8b26c411d1d78cd42
armv6-evidence/swiftpm/checkouts/swift-syntax/Tests/SwiftParserTest/translated/PlaygroundLvaluesTests.swift	a5ae9991d52b89da7a8abf3e6115cb65cc3e410d9c61a99006b83b4a0bcabdf1
armv6-evidence/swiftpm/checkouts/swift-syntax/Tests/SwiftParserTest/translated/PoundAssertTests.swift	0f2a7b0f948589a3eb96e23fd48a87611619e70b3fc1e12ff7d7aefd884a11e7
armv6-evidence/swiftpm/checkouts/swift-syntax/Tests/SwiftParserTest/translated/PrefixSlashTests.swift	e6646dd3797ff6692c4a16b8a4f4a3b8f0b5e77e00de5868708cfce8bccef2c5
armv6-evidence/swiftpm/checkouts/swift-syntax/Tests/SwiftParserTest/translated/RawStringErrorsTests.swift	fb2e833469604f4aa1321797df4f87bdca1a3d0aa75ad429e4a7827b83eaf58a
armv6-evidence/swiftpm/checkouts/swift-syntax/Tests/SwiftParserTest/translated/RawStringTests.swift	e46cd03630f127333cb7d644a4cb5edfeb9813fff8c6801b4f28451d6e78503e
armv6-evidence/swiftpm/checkouts/swift-syntax/Tests/SwiftParserTest/translated/RecoveryLibraryTests.swift	b71807acbc6ba2697377712963bd7836da4776b87ecb1fe20d6abefe2daf4dd1
armv6-evidence/swiftpm/checkouts/swift-syntax/Tests/SwiftParserTest/translated/RecoveryTests.swift	959a43609f566e019fca00da2304be9f7768d7ac4846894b14ee507ca7d6e38e
armv6-evidence/swiftpm/checkouts/swift-syntax/Tests/SwiftParserTest/translated/RegexParseEndOfBufferTests.swift	8b20046f67a1d82a183c3f88515b2324a600654033e34ead4353b0f36dca0305
armv6-evidence/swiftpm/checkouts/swift-syntax/Tests/SwiftParserTest/translated/RegexParseErrorTests.swift	e9ba5f705f49229df30b2cfcdb0c9da7220f2a9cb54d0d373c738793e0c32d98
armv6-evidence/swiftpm/checkouts/swift-syntax/Tests/SwiftParserTest/translated/RegexTests.swift	f8b6fa5e0bd6762e1e6c04b2c313cdd482df6e0e9a845b689ddc213d8c423cd3
armv6-evidence/swiftpm/checkouts/swift-syntax/Tests/SwiftParserTest/translated/ResultBuilderTests.swift	8b74db8816572f7e484cb67b6c6d5e3d4160d81e8aa1fc40b3c816fc4ff14c7b
armv6-evidence/swiftpm/checkouts/swift-syntax/Tests/SwiftParserTest/translated/SelfRebindingTests.swift	ea0bf396313c77b70165e8ba9b0923d2939e7afaafc6ee622c295f9ef10272b7
armv6-evidence/swiftpm/checkouts/swift-syntax/Tests/SwiftParserTest/translated/SemicolonTests.swift	a76564df395bc3e1f8a5e502c7df93e5a5a23456a5a9f2afd23d24bbad77e613
armv6-evidence/swiftpm/checkouts/swift-syntax/Tests/SwiftParserTest/translated/StringLiteralEofTests.swift	150782e7a01033799807cae1f1a4dc61784ffaf921a3947718103cc16f7bd1f9
armv6-evidence/swiftpm/checkouts/swift-syntax/Tests/SwiftParserTest/translated/SubscriptingTests.swift	4f300ceaccb15c255ee10638ba45abbdb98f86636b4adb0f604e16b89a72ca39
armv6-evidence/swiftpm/checkouts/swift-syntax/Tests/SwiftParserTest/translated/SuperTests.swift	4707ae84ca241ec755492b124229d8ef05fbd6b7aba677c35a022c5e57bb921a
armv6-evidence/swiftpm/checkouts/swift-syntax/Tests/SwiftParserTest/translated/SwitchIncompleteTests.swift	f3c87419bb786e60bfecbff9e696ac3c919b91f9fc47bfdf0348630307c448b7
armv6-evidence/swiftpm/checkouts/swift-syntax/Tests/SwiftParserTest/translated/SwitchTests.swift	3f0e308e2029ad9bddb45d3551f49dab2e66b3ef4421f87d70ecae17b052a590
armv6-evidence/swiftpm/checkouts/swift-syntax/Tests/SwiftParserTest/translated/ToplevelLibraryTests.swift	24d39763c50d499a5085872c1662e74681af5b8ad4302e26de60d8832bad2bf9
armv6-evidence/swiftpm/checkouts/swift-syntax/Tests/SwiftParserTest/translated/TrailingClosuresTests.swift	c1b9ad80913f71a67b1fe904db5811600299ab0781bd0be14039b57925cd260d
armv6-evidence/swiftpm/checkouts/swift-syntax/Tests/SwiftParserTest/translated/TrailingSemiTests.swift	2238ceaeb904784bb05de84da143edf58fa9cd51f0968a5271919724d1635eaf
armv6-evidence/swiftpm/checkouts/swift-syntax/Tests/SwiftParserTest/translated/TryTests.swift	a28256222bd328a25db0c334c8efe48db9d5557edc6db05b876d4fdb5be39067
armv6-evidence/swiftpm/checkouts/swift-syntax/Tests/SwiftParserTest/translated/TypeExprTests.swift	3d01422850b6581b088288f89936ebe9fc7f1ce4de9fe71d9e80b294520babab
armv6-evidence/swiftpm/checkouts/swift-syntax/Tests/SwiftParserTest/translated/TypealiasTests.swift	51a01af1f181014a45950dbc00c43d8662faac47a1a1f7b2de4d6ddb1795708e
armv6-evidence/swiftpm/checkouts/swift-syntax/Tests/SwiftParserTest/translated/UnclosedStringInterpolationTests.swift	abf2a300a90d379a2da965e698cd2a1fc21f88c6153a7449ce2ec71d9850d8c4
armv6-evidence/swiftpm/checkouts/swift-syntax/Tests/SwiftRefactorTest/CallToTrailingClosureTests.swift	c76050cac91bd527e7ba31b877ed56a1280b108ddd0332a437161115891e1c16
armv6-evidence/swiftpm/checkouts/swift-syntax/Tests/SwiftRefactorTest/ConvertComputedPropertyToStoredTest.swift	8ddd0e315e86eec7034e399fe8fa401aff581772455c5d94dd9d922d97c2de32
armv6-evidence/swiftpm/checkouts/swift-syntax/Tests/SwiftRefactorTest/ConvertComputedPropertyToZeroParameterFunctionTests.swift	e1d565b9a342a5f742543419005863087ffa7d3ce6ca7e6e1a8b4683f03882f3
armv6-evidence/swiftpm/checkouts/swift-syntax/Tests/SwiftRefactorTest/ConvertStoredPropertyToComputedTest.swift	d74ee4c0fbb422f78053a0ccc98e4804791463d1e461c2e3dd4e515ac188e238
armv6-evidence/swiftpm/checkouts/swift-syntax/Tests/SwiftRefactorTest/ConvertZeroParameterFunctionToComputedPropertyTests.swift	9b89ee32caed303c0e01f3ed85307f8c90f133e309ee71ab164be5c3a4fb25fd
armv6-evidence/swiftpm/checkouts/swift-syntax/Tests/SwiftRefactorTest/ExpandEditorPlaceholderTests.swift	df9b488ff5545da758d9f9f3a35be5c8019b3d44684ed7171a7f80f7edbf1458
armv6-evidence/swiftpm/checkouts/swift-syntax/Tests/SwiftRefactorTest/FormatRawStringLiteral.swift	35e508028778b799f11a498a65ead323f693f6e811736ca255818f01b79b53cb
armv6-evidence/swiftpm/checkouts/swift-syntax/Tests/SwiftRefactorTest/IntegerLiteralUtilities.swift	0b509c86d72b59172f15f39543eff9917d2cac82252a184a97854ce4904b2edd
armv6-evidence/swiftpm/checkouts/swift-syntax/Tests/SwiftRefactorTest/ManifestEditTests.swift	03b9d7e2ed149891fcf2ae4f3e4d2452736431b7e8fcdbaa0325bcd84f2d56f3
armv6-evidence/swiftpm/checkouts/swift-syntax/Tests/SwiftRefactorTest/MigrateToNewIfLetSyntax.swift	c2cf1450956160dc571684b719f69f6e4150a8a983425f41666fb6745095ab76
armv6-evidence/swiftpm/checkouts/swift-syntax/Tests/SwiftRefactorTest/OpaqueParameterToGeneric.swift	8e5900ca626a890890f13d3425db4103d2ee9f82e8974b0641d20607bb0bf038
armv6-evidence/swiftpm/checkouts/swift-syntax/Tests/SwiftRefactorTest/RefactorTestUtils.swift	943ef7eda4c944e1afb2c4f8eea1f97223d7283699e65fe0461c243e5d4704c9
armv6-evidence/swiftpm/checkouts/swift-syntax/Tests/SwiftRefactorTest/ReformatIntegerLiteral.swift	795b0c91b98b24bf4f059d599592f8bfced32d7eef1f13d5dc2f385a07349a7d
armv6-evidence/swiftpm/checkouts/swift-syntax/Tests/SwiftSyntaxBuilderTest/AccessorDeclTests.swift	b571038118ca5d0a5e875c8fc749b45e1bdef7e454ad7f3e269eae90d25652ab
armv6-evidence/swiftpm/checkouts/swift-syntax/Tests/SwiftSyntaxBuilderTest/ArrayExprTests.swift	9cad89fad54502dd3882fd0ebe1f66e7b70f33377b58d11297963a56654b86d7
armv6-evidence/swiftpm/checkouts/swift-syntax/Tests/SwiftSyntaxBuilderTest/Assertions.swift	a1f9511dbd13a5a23bbe7a393abe747fbbc856c5fa7615602beb9584b40acfca
armv6-evidence/swiftpm/checkouts/swift-syntax/Tests/SwiftSyntaxBuilderTest/AttributeListSyntaxTests.swift	b12abd8a3ca2f8f2780b6a3d22e4175235e46dd586023b4d723d741ce7f66617
armv6-evidence/swiftpm/checkouts/swift-syntax/Tests/SwiftSyntaxBuilderTest/BooleanLiteralTests.swift	2ee12594f35337d5eea524368f79c1f565ddd189cce9f6bd908ac83636cddb4b
armv6-evidence/swiftpm/checkouts/swift-syntax/Tests/SwiftSyntaxBuilderTest/BreakStmtSyntaxTests.swift	c7dd908215a7368a88035803da951fb8f37dd0c617cb7d85a15a8e8c69852feb
armv6-evidence/swiftpm/checkouts/swift-syntax/Tests/SwiftSyntaxBuilderTest/ClassDeclSyntaxTests.swift	73919f627c9711255653498bc0d7b95a614256848725baec27de4c46b4ebf6f8
armv6-evidence/swiftpm/checkouts/swift-syntax/Tests/SwiftSyntaxBuilderTest/ClosureExprTests.swift	a687fc0289fa01d1884ad1a81cdb4f7fd5000983b61a75e8d8421f97886604b4
armv6-evidence/swiftpm/checkouts/swift-syntax/Tests/SwiftSyntaxBuilderTest/CollectionNodeFlatteningTests.swift	9fae5b351ff059d11e2793c02237660653b25e445b0e2acb72d6eeb45f83d3f8
armv6-evidence/swiftpm/checkouts/swift-syntax/Tests/SwiftSyntaxBuilderTest/CustomAttributeTests.swift	d3a493ef1a54fa88399817bfda40dcd4d235a6ca855dfa0e5c3800ff56685875
armv6-evidence/swiftpm/checkouts/swift-syntax/Tests/SwiftSyntaxBuilderTest/DictionaryExprTests.swift	041df8fd2487ae96c1d2f74c67fc632bf28a1dc58ced1a287f4eb9edeab5842b
armv6-evidence/swiftpm/checkouts/swift-syntax/Tests/SwiftSyntaxBuilderTest/DoStmtTests.swift	cf1276f53af34cb383727dfe08f075fd8f496c58640490cf39fda6df313694f1
armv6-evidence/swiftpm/checkouts/swift-syntax/Tests/SwiftSyntaxBuilderTest/EnumCaseElementTests.swift	399a1db347c4f7355340abe07072c65f12a3b01a9f7676c6f4bdbd7bb3ad6518
armv6-evidence/swiftpm/checkouts/swift-syntax/Tests/SwiftSyntaxBuilderTest/ExprListTests.swift	66fe583e582b4d9d9671903130817705ebcd02b2919baef92a678cd8e26cd1b9
armv6-evidence/swiftpm/checkouts/swift-syntax/Tests/SwiftSyntaxBuilderTest/ExtensionDeclTests.swift	de3b13d34fd5265d2cede1d5c06ca917d1968d533c7c7c580e5bc77f495e3eaa
armv6-evidence/swiftpm/checkouts/swift-syntax/Tests/SwiftSyntaxBuilderTest/FloatLiteralTests.swift	a01afdf2c61a34690ef41afcfb61aff5933fff66b16cad79bbd488383b14eca1
armv6-evidence/swiftpm/checkouts/swift-syntax/Tests/SwiftSyntaxBuilderTest/ForInStmtTests.swift	547f6bcb1c6b385d598c7daba08641d02589735b6574140ec56ec8a37ccc7980
armv6-evidence/swiftpm/checkouts/swift-syntax/Tests/SwiftSyntaxBuilderTest/FunctionParameterSyntaxTests.swift	63f0dec89c71ebe862ada7be3c348752d8b9d0ff107052cf0a8e6c687024ed25
armv6-evidence/swiftpm/checkouts/swift-syntax/Tests/SwiftSyntaxBuilderTest/FunctionSignatureSyntaxTests.swift	5d9a1fcbc1342f63558e5ebd3fa149ebb73624b54f7a11604486454dfb9a874e
armv6-evidence/swiftpm/checkouts/swift-syntax/Tests/SwiftSyntaxBuilderTest/FunctionTests.swift	9bff8c6701c9e0f070d4a4d608faaeb8438ff4b98a5960931c702348434f4aa1
armv6-evidence/swiftpm/checkouts/swift-syntax/Tests/SwiftSyntaxBuilderTest/FunctionTypeSyntaxTests.swift	bd5d3d1a19bcbe14f804a7d508eb1c72152923faf62a9820073c46744dba2756
armv6-evidence/swiftpm/checkouts/swift-syntax/Tests/SwiftSyntaxBuilderTest/IfConfigDeclSyntaxTests.swift	3df443d5054265300c7e8403bcf1fb245aee8bab5589c969d77395eff5819a68
armv6-evidence/swiftpm/checkouts/swift-syntax/Tests/SwiftSyntaxBuilderTest/IfStmtTests.swift	51f7728e7818d3650cdd6eefce7c753fda3be6ba8b844ba22c8ce7f4ad6a542c
armv6-evidence/swiftpm/checkouts/swift-syntax/Tests/SwiftSyntaxBuilderTest/ImportDeclSyntaxTests.swift	bf9a1fe1b5e79fbb934b6b41e9a6c7386a9e2b68d1554330289497d4b7d45e4e
armv6-evidence/swiftpm/checkouts/swift-syntax/Tests/SwiftSyntaxBuilderTest/InitializerDeclTests.swift	7a34a52e3bbe241d2e3f3e9ec455426afb657b857f004e2d3b929df6050169cd
armv6-evidence/swiftpm/checkouts/swift-syntax/Tests/SwiftSyntaxBuilderTest/IntegerLiteralTests.swift	767d16119b2185de6140628a96f072844c5790c068fd6315c6e79ec7183613b8
armv6-evidence/swiftpm/checkouts/swift-syntax/Tests/SwiftSyntaxBuilderTest/LabeledExprSyntaxTests.swift	ad02ba3b7aafe9b84aecd0407b8deb5bc3eaf3eef2b18c554d9eb870c8ad073a
armv6-evidence/swiftpm/checkouts/swift-syntax/Tests/SwiftSyntaxBuilderTest/ProtocolDeclTests.swift	dc8a9d96c75a8468b6b2a08302f7944afe8068ffabb005352c61840352f97c9a
armv6-evidence/swiftpm/checkouts/swift-syntax/Tests/SwiftSyntaxBuilderTest/ReturnStmsTests.swift	282b05be6cd1932b299aa74d822689e2de41455d18312a4b85e4964d4c362006
armv6-evidence/swiftpm/checkouts/swift-syntax/Tests/SwiftSyntaxBuilderTest/SourceFileTests.swift	4884eca00251b674c49006e2e600df7d17a27c69afb8dd42e020bec5ba410479
armv6-evidence/swiftpm/checkouts/swift-syntax/Tests/SwiftSyntaxBuilderTest/StringInterpolationTests.swift	96d84aa4f6d83dd31045403279ad9ab9732f50fec737d951ce1513b1d0dd31a6
armv6-evidence/swiftpm/checkouts/swift-syntax/Tests/SwiftSyntaxBuilderTest/StringLiteralExprSyntaxTests.swift	4f84c2abec84b6b24ca51ee688c6d07186bc939282af0065bfcd6ca351948e44
armv6-evidence/swiftpm/checkouts/swift-syntax/Tests/SwiftSyntaxBuilderTest/StructTests.swift	4d262d07c2c2ba1baa5813b3615c49385243532341706ed2881bfa3b04138a31
armv6-evidence/swiftpm/checkouts/swift-syntax/Tests/SwiftSyntaxBuilderTest/SwitchCaseLabelSyntaxTests.swift	83c4e2c48608cfe6229e5ca9dbd6ed9a99b6f317bfc28fa38e9c75c1a561f180
armv6-evidence/swiftpm/checkouts/swift-syntax/Tests/SwiftSyntaxBuilderTest/SwitchTests.swift	0bb3d195f967a9b8b819c9d85c0dadffff7c1fa2827832299de086193002d126
armv6-evidence/swiftpm/checkouts/swift-syntax/Tests/SwiftSyntaxBuilderTest/TernaryExprTests.swift	83e73c2d2c15cff8f7021ef38c1bf44e9d14d9756a25aa5ba983374300420521
armv6-evidence/swiftpm/checkouts/swift-syntax/Tests/SwiftSyntaxBuilderTest/TriviaTests.swift	0eca1e4b02d7cc5c92dfb56a10d9697507ad4ed5db1be9523bfcfc96b546c55b
armv6-evidence/swiftpm/checkouts/swift-syntax/Tests/SwiftSyntaxBuilderTest/TupleTests.swift	e02aaa78bfd7e2630119cd4ea23a2b0968352eba5bec8618654e3973b7468953
armv6-evidence/swiftpm/checkouts/swift-syntax/Tests/SwiftSyntaxBuilderTest/VariableTests.swift	ded3600746c2e11d33cb348c41a9169ef87c9653454c92e824caf359691d403a
armv6-evidence/swiftpm/checkouts/swift-syntax/Tests/SwiftSyntaxMacroExpansionTest/AccessorMacroTests.swift	1a6c4a59584210bcd5a14be1fdd720bc9e97e3a33755fcb60189dedea0f4c0ee
armv6-evidence/swiftpm/checkouts/swift-syntax/Tests/SwiftSyntaxMacroExpansionTest/AttributeRemoverTests.swift	03abd3c543792e71a034d23127bfabec495b8eea2405df9262e3af33ed6f0213
armv6-evidence/swiftpm/checkouts/swift-syntax/Tests/SwiftSyntaxMacroExpansionTest/BodyMacroTests.swift	a7745a04410335637e9c8c98c4fad794398c2158d49d04d7b7f33ae1295843fe
armv6-evidence/swiftpm/checkouts/swift-syntax/Tests/SwiftSyntaxMacroExpansionTest/CodeItemMacroTests.swift	a1511a8b79e5e85f707f13dd7c09ea758ee20cf87e65126daf16affb578d5fe9
armv6-evidence/swiftpm/checkouts/swift-syntax/Tests/SwiftSyntaxMacroExpansionTest/DeclarationMacroTests.swift	00b6d33da5171d38ab3663e066fb450c93f1bb5b159c12a873f044584bfb8cf8
armv6-evidence/swiftpm/checkouts/swift-syntax/Tests/SwiftSyntaxMacroExpansionTest/ExpressionMacroTests.swift	0fcbb9252582f490e38c2e93433ac10782bc5eeff51c98d06d0b625dcff23692
armv6-evidence/swiftpm/checkouts/swift-syntax/Tests/SwiftSyntaxMacroExpansionTest/ExtensionMacroTests.swift	adfbf6161d04ce1f9ec506f8ae9bc3d8649e5dca16853a6cd66b7fd233685f8a
armv6-evidence/swiftpm/checkouts/swift-syntax/Tests/SwiftSyntaxMacroExpansionTest/LexicalContextTests.swift	ceddf935a943d625ef22a3674764024b377b2d09eebf907b4d14894f44a74306
armv6-evidence/swiftpm/checkouts/swift-syntax/Tests/SwiftSyntaxMacroExpansionTest/MacroArgumentTests.swift	25ce0b418161588ac2cb9b18238056af83f53098afcf5f78f183489c79d9061e
armv6-evidence/swiftpm/checkouts/swift-syntax/Tests/SwiftSyntaxMacroExpansionTest/MacroReplacementTests.swift	b9692cfd580f45c327b684f9168c4d3ea06fc92913442bad0c199d5899205226
armv6-evidence/swiftpm/checkouts/swift-syntax/Tests/SwiftSyntaxMacroExpansionTest/MemberAttributeMacroTests.swift	2221265fa57c734e6626207ce2246666371e017de8e03004f8b7aa0feb808da8
armv6-evidence/swiftpm/checkouts/swift-syntax/Tests/SwiftSyntaxMacroExpansionTest/MemberMacroTests.swift	bfb9ee0633e6bf93d672f5812b41e38b9a3dfc4f821290e8a029d59787045c89
armv6-evidence/swiftpm/checkouts/swift-syntax/Tests/SwiftSyntaxMacroExpansionTest/MultiRoleMacroTests.swift	f09533fd7527a71a31ca39027cdd36a1edfad4c59c4315fed4caa3f302ae377b
armv6-evidence/swiftpm/checkouts/swift-syntax/Tests/SwiftSyntaxMacroExpansionTest/PeerMacroTests.swift	cd08ab3f3ee5fea9c7c58e0235a43cd6c353074297f20eebfebe8aa6af074b72
armv6-evidence/swiftpm/checkouts/swift-syntax/Tests/SwiftSyntaxMacroExpansionTest/PreambleMacroTests.swift	4521e8bd60244f181e0c022c989e37dbd42f41c764feb031e564c58cf69b2b5b
armv6-evidence/swiftpm/checkouts/swift-syntax/Tests/SwiftSyntaxMacroExpansionTest/StringInterpolationErrorTests.swift	1f532e4a43dd68ab0c9540fc533b0aa27306d4c16be34f2aedf828c3c2156fa0
armv6-evidence/swiftpm/checkouts/swift-syntax/Tests/SwiftSyntaxMacroExpansionTest/SwiftTestingTests.swift	214e4fc5916f76b2808346fe3b2623b1335cab93e77f5629d2a45967da629adf
armv6-evidence/swiftpm/checkouts/swift-syntax/Tests/SwiftSyntaxMacrosTestSupportTests/AssertionsTests.swift	6e1e0d61bb8ece6282ca21adc753c67e3b055b8e510072880a4df9328f38cbba
armv6-evidence/swiftpm/checkouts/swift-syntax/Tests/SwiftSyntaxTest/AbsolutePositionTests.swift	07f650767dfefec19ba51f553c93c25df8314fde73bc8f788975907f463d37c9
armv6-evidence/swiftpm/checkouts/swift-syntax/Tests/SwiftSyntaxTest/BumpPtrAllocatorTests.swift	f909e933214c6bdd0db813dcc4f4e68e626c6c2270815d85851579536f55178c
armv6-evidence/swiftpm/checkouts/swift-syntax/Tests/SwiftSyntaxTest/DebugDescriptionTests.swift	aaea279a3715657a547c31e7b6c4cf6f4acf23fe3e50f58b658abbc6c95a6389
armv6-evidence/swiftpm/checkouts/swift-syntax/Tests/SwiftSyntaxTest/DummyParseToken.swift	595bb07cd477e1b89316d56ea164a4fc916ad0aea15f921f263bcf7c7909ef89
armv6-evidence/swiftpm/checkouts/swift-syntax/Tests/SwiftSyntaxTest/IdentifierTests.swift	846b93c9ec18f9adbc6ffe0befc49b360000762b411683c820e53207ec886344
armv6-evidence/swiftpm/checkouts/swift-syntax/Tests/SwiftSyntaxTest/MemoryLayoutTest.swift	fdbf60800670ed8eaa8064099ad4a1e24306792dab1bfa83fcac7c77ed79eeca
armv6-evidence/swiftpm/checkouts/swift-syntax/Tests/SwiftSyntaxTest/MultithreadingTests.swift	2b73ab34d2c1d717e385006af4114378a1b03fa557e549227d96ea1679e3d114
armv6-evidence/swiftpm/checkouts/swift-syntax/Tests/SwiftSyntaxTest/RawSyntaxTests.swift	da8442dd78026096a642ac6f3bdcb3e38471315e8d43094358617e28eaf6121c
armv6-evidence/swiftpm/checkouts/swift-syntax/Tests/SwiftSyntaxTest/SourceLocationConverterTests.swift	8b02f5da0794bbe6ac9af2bb30d886e9527c7a1f50959348b0a42d3277d80702
armv6-evidence/swiftpm/checkouts/swift-syntax/Tests/SwiftSyntaxTest/SyntaxChildrenTests.swift	064ed69dafa445a23ddc446701221c889c60542d8dc415465122588bb05e39a5
armv6-evidence/swiftpm/checkouts/swift-syntax/Tests/SwiftSyntaxTest/SyntaxCollectionsTests.swift	a99619977be03901540695179612bc7b30fbc005681c50905af94b4a4995abce
armv6-evidence/swiftpm/checkouts/swift-syntax/Tests/SwiftSyntaxTest/SyntaxCreationTests.swift	1922c84b78b758d5c3d0ba2ddbf285d6861e01839afd40a60ee14f4d9fb91a05
armv6-evidence/swiftpm/checkouts/swift-syntax/Tests/SwiftSyntaxTest/SyntaxTests.swift	b6ac69b6cb84b032168f1d47cf9aebe3fe6998dd2df358c6d3dc02a0d3e78964
armv6-evidence/swiftpm/checkouts/swift-syntax/Tests/SwiftSyntaxTest/SyntaxTextTests.swift	bd3fc2a953fc8fb22fec3fb2773c052d37f0a94c4c31fc60f72c5768869c78cd
armv6-evidence/swiftpm/checkouts/swift-syntax/Tests/SwiftSyntaxTest/SyntaxTreeModifierTests.swift	743e8055782ddd9b92e52b6b184401aa22fe6e32eb014e22821d6967a485f064
armv6-evidence/swiftpm/checkouts/swift-syntax/Tests/SwiftSyntaxTest/SyntaxVisitorTests.swift	310fe339548198fdfc875502f4b70c10950200126b372da87eb86d9bb68438b2
armv6-evidence/swiftpm/checkouts/swift-syntax/Tests/SwiftSyntaxTest/TriviaTests.swift	2afa6c1dde8f29d1df3603278e74b151db5bd22119ca08ca1ac209825ee69ee9
armv6-evidence/swiftpm/checkouts/swift-syntax/Tests/SwiftSyntaxTest/VisitorTests.swift	f0e645db2610c5b7fb114b5f1976a45ac24f8fe3cc2cccfab8b81576f1d32e9c
armv6-evidence/swiftpm/checkouts/swift-syntax/Tests/SwiftSyntaxTestSupportTest/IncrementalParseTestUtilsTest.swift	e0a93ef9e778d6775f2b3845f285b882fba880dc951ab36aa4fd995e36120682
armv6-evidence/swiftpm/checkouts/swift-syntax/Tests/SwiftSyntaxTestSupportTest/SyntaxComparisonTests.swift	0d14d91baadcacc5d1f0261d654cee2ca58dc3077d29f3a7fd418ac347a861f5
armv6-evidence/swiftpm/checkouts/swift-syntax/Tests/SwiftWarningControlTest/WarningControlTests.swift	e0eb74e5e2123aea09e28b4e5cc9a7bf9512d389e3e2a22b930746f1df9a14d1
armv6-evidence/swiftpm/checkouts/swift-syntax/WORKSPACE	e3b0c44298fc1c149afbf4c8996fb92427ae41e4649b934ca495991b7852b855
armv6-evidence/swiftpm/checkouts/swift-syntax/cmake/modules/AddSwiftHostLibrary.cmake	1592d1e2455bbbcf5320d8256c6318cdb9dea1c15b4aebdc9e18e19e132104df
armv6-evidence/swiftpm/checkouts/swift-syntax/cmake/modules/CMakeLists.txt	fd31194658462177b67e96120a108ea31a3a07686b9531290739a5c8d3f4ef3f
armv6-evidence/swiftpm/checkouts/swift-syntax/cmake/modules/SwiftCompilerCapability.cmake	052777af7e56d9ce9112e299c7db448c2c34585ac2a4a3d0981efbf65152f138
armv6-evidence/swiftpm/checkouts/swift-syntax/swift-syntax-dev-utils	3f1a534e467840533118bc6d25eb50916c5f28a55c66dc1f3a12552c89cb18a5
armv6-evidence/swiftpm/checkouts/swift-syntax/utils/bazel/BUILD.bazel	c8f6f211a4ce974aec994d37657c2a71ce5c1975576f66dfcf796688f3be9c65
armv6-evidence/swiftpm/checkouts/swift-syntax/utils/bazel/opt_wrapper.bzl	03f4b951db1e9c567f40804f9eab350e77ad85449751fd5bce76d65a3aa211b2
armv6-evidence/swiftpm/checkouts/swift-syntax/utils/bazel/swift_syntax_library.bzl	9c96bf78872f11d9fdb41430271ce0fea0c5891cff548a0e08b1d1492b78fb04
armv6-evidence/swiftpm/plugin-tools.yaml	df3d6ecdcf31c3194bfce23c5ed98aaadda3e5daa5197e727d2c06fa1abc0ff9
armv6-evidence/swiftpm/prebuilts/swift-syntax/603.0.2/swift-6.3.2-RELEASE-macos_universal-MacroSupport.zip	ee6dd31d80ef4b45508b6736a5eccf7ceac0601cbc0dee89479d83b3a241b73f
armv6-evidence/swiftpm/prebuilts/swift-syntax/603.0.2/swift-6.3.2-RELEASE-macos_universal-MacroSupport/Modules/SwiftBasicFormat.swiftmodule/Project/arm64-apple-macos.swiftsourceinfo	146ff6c3a01bf614f9b0e4ab97d1928c16d2c4302b48af9bb1f271fb1e22b06f
armv6-evidence/swiftpm/prebuilts/swift-syntax/603.0.2/swift-6.3.2-RELEASE-macos_universal-MacroSupport/Modules/SwiftBasicFormat.swiftmodule/Project/x86_64-apple-macos.swiftsourceinfo	3a0f27071b665ad5a7bd0eee1329edc99f1c6f7a934c17d11e70ef71729dc8fa
armv6-evidence/swiftpm/prebuilts/swift-syntax/603.0.2/swift-6.3.2-RELEASE-macos_universal-MacroSupport/Modules/SwiftBasicFormat.swiftmodule/arm64-apple-macos.abi.json	4277ac6b49f8511196028a5ac20f5b1b1dfa754c24615d34068089f0b1739728
armv6-evidence/swiftpm/prebuilts/swift-syntax/603.0.2/swift-6.3.2-RELEASE-macos_universal-MacroSupport/Modules/SwiftBasicFormat.swiftmodule/arm64-apple-macos.swiftdoc	84795cd8402c8c196e39438f9975ebeb8c044561f14818037640d6cc19c6fded
armv6-evidence/swiftpm/prebuilts/swift-syntax/603.0.2/swift-6.3.2-RELEASE-macos_universal-MacroSupport/Modules/SwiftBasicFormat.swiftmodule/arm64-apple-macos.swiftmodule	3b53e5a82ee9cecc527b56c106e16eb7879d850d7c14af9459491178ddacf98d
armv6-evidence/swiftpm/prebuilts/swift-syntax/603.0.2/swift-6.3.2-RELEASE-macos_universal-MacroSupport/Modules/SwiftBasicFormat.swiftmodule/x86_64-apple-macos.abi.json	4277ac6b49f8511196028a5ac20f5b1b1dfa754c24615d34068089f0b1739728
armv6-evidence/swiftpm/prebuilts/swift-syntax/603.0.2/swift-6.3.2-RELEASE-macos_universal-MacroSupport/Modules/SwiftBasicFormat.swiftmodule/x86_64-apple-macos.swiftdoc	fdc15710b4e4c8c45cfd10621db38bea61acd9fee06d44571e3910db282bf58d
armv6-evidence/swiftpm/prebuilts/swift-syntax/603.0.2/swift-6.3.2-RELEASE-macos_universal-MacroSupport/Modules/SwiftBasicFormat.swiftmodule/x86_64-apple-macos.swiftmodule	771779a61ecafe9f2969449770de4d3e6c9519b9dc7da5f38c94ffc4f5fd40ee
armv6-evidence/swiftpm/prebuilts/swift-syntax/603.0.2/swift-6.3.2-RELEASE-macos_universal-MacroSupport/Modules/SwiftCompilerPlugin.swiftmodule/Project/arm64-apple-macos.swiftsourceinfo	cccb15951070f4380091e429f23277dc5c4798eb642de0658507396b8825f81c
armv6-evidence/swiftpm/prebuilts/swift-syntax/603.0.2/swift-6.3.2-RELEASE-macos_universal-MacroSupport/Modules/SwiftCompilerPlugin.swiftmodule/Project/x86_64-apple-macos.swiftsourceinfo	bc197b4840ba0834f025fb00631a353d237995f64714c12847ed0a6dc0872958
armv6-evidence/swiftpm/prebuilts/swift-syntax/603.0.2/swift-6.3.2-RELEASE-macos_universal-MacroSupport/Modules/SwiftCompilerPlugin.swiftmodule/arm64-apple-macos.abi.json	4277ac6b49f8511196028a5ac20f5b1b1dfa754c24615d34068089f0b1739728
armv6-evidence/swiftpm/prebuilts/swift-syntax/603.0.2/swift-6.3.2-RELEASE-macos_universal-MacroSupport/Modules/SwiftCompilerPlugin.swiftmodule/arm64-apple-macos.swiftdoc	20ebfa7ae8fec6ac7b675f1945ca5a372667f8e24d388f0ddef88fb38bd2d86c
armv6-evidence/swiftpm/prebuilts/swift-syntax/603.0.2/swift-6.3.2-RELEASE-macos_universal-MacroSupport/Modules/SwiftCompilerPlugin.swiftmodule/arm64-apple-macos.swiftmodule	af785e93f90b3d91c2fe7cfb18773ca7cf67207453c4604d784370c6c2b567b5
armv6-evidence/swiftpm/prebuilts/swift-syntax/603.0.2/swift-6.3.2-RELEASE-macos_universal-MacroSupport/Modules/SwiftCompilerPlugin.swiftmodule/x86_64-apple-macos.abi.json	4277ac6b49f8511196028a5ac20f5b1b1dfa754c24615d34068089f0b1739728
armv6-evidence/swiftpm/prebuilts/swift-syntax/603.0.2/swift-6.3.2-RELEASE-macos_universal-MacroSupport/Modules/SwiftCompilerPlugin.swiftmodule/x86_64-apple-macos.swiftdoc	71f8f0d3d9fe0db3e2a17dda1f7c1aeb48a5b2a5e9acb2b24398ff9a5d5845a4
armv6-evidence/swiftpm/prebuilts/swift-syntax/603.0.2/swift-6.3.2-RELEASE-macos_universal-MacroSupport/Modules/SwiftCompilerPlugin.swiftmodule/x86_64-apple-macos.swiftmodule	f8ce374e862d54a02546ff45311cd1c604a7437b14b56ee6903929834f0164be
armv6-evidence/swiftpm/prebuilts/swift-syntax/603.0.2/swift-6.3.2-RELEASE-macos_universal-MacroSupport/Modules/SwiftCompilerPluginMessageHandling.swiftmodule/Project/arm64-apple-macos.swiftsourceinfo	ab95d4cbcdcf0a68a6e0c567467aa0e4d7b1cc5f548e3c3996c12e4ad9d1771d
armv6-evidence/swiftpm/prebuilts/swift-syntax/603.0.2/swift-6.3.2-RELEASE-macos_universal-MacroSupport/Modules/SwiftCompilerPluginMessageHandling.swiftmodule/Project/x86_64-apple-macos.swiftsourceinfo	43512ad0c174f93c7e3cc22f71608e316d043df5fcad6445afc8f02128bcbd9f
armv6-evidence/swiftpm/prebuilts/swift-syntax/603.0.2/swift-6.3.2-RELEASE-macos_universal-MacroSupport/Modules/SwiftCompilerPluginMessageHandling.swiftmodule/arm64-apple-macos.abi.json	4277ac6b49f8511196028a5ac20f5b1b1dfa754c24615d34068089f0b1739728
armv6-evidence/swiftpm/prebuilts/swift-syntax/603.0.2/swift-6.3.2-RELEASE-macos_universal-MacroSupport/Modules/SwiftCompilerPluginMessageHandling.swiftmodule/arm64-apple-macos.swiftdoc	aa8f0b5f2c0b31104aa8be38585a56db13599f2eee03523815c7e6ff0f09c8d2
armv6-evidence/swiftpm/prebuilts/swift-syntax/603.0.2/swift-6.3.2-RELEASE-macos_universal-MacroSupport/Modules/SwiftCompilerPluginMessageHandling.swiftmodule/arm64-apple-macos.swiftmodule	c1e29da711732919d09365f72b0e49d7947ea05f8a9a3084cb7c4976c0dc3614
armv6-evidence/swiftpm/prebuilts/swift-syntax/603.0.2/swift-6.3.2-RELEASE-macos_universal-MacroSupport/Modules/SwiftCompilerPluginMessageHandling.swiftmodule/x86_64-apple-macos.abi.json	4277ac6b49f8511196028a5ac20f5b1b1dfa754c24615d34068089f0b1739728
armv6-evidence/swiftpm/prebuilts/swift-syntax/603.0.2/swift-6.3.2-RELEASE-macos_universal-MacroSupport/Modules/SwiftCompilerPluginMessageHandling.swiftmodule/x86_64-apple-macos.swiftdoc	9e857bcb838c3425d90063c8100460a7986638f114161774ff170e03baa13b89
armv6-evidence/swiftpm/prebuilts/swift-syntax/603.0.2/swift-6.3.2-RELEASE-macos_universal-MacroSupport/Modules/SwiftCompilerPluginMessageHandling.swiftmodule/x86_64-apple-macos.swiftmodule	7e0cc08e3e7b6e76ae6df1a791ec8ceb49597ab4a895802a90a21701cb5808c5
armv6-evidence/swiftpm/prebuilts/swift-syntax/603.0.2/swift-6.3.2-RELEASE-macos_universal-MacroSupport/Modules/SwiftDiagnostics.swiftmodule/Project/arm64-apple-macos.swiftsourceinfo	d1f86dddd22b18d6e2ed7a846715a61bda873fdf8a13590ff1eb55359712fce8
armv6-evidence/swiftpm/prebuilts/swift-syntax/603.0.2/swift-6.3.2-RELEASE-macos_universal-MacroSupport/Modules/SwiftDiagnostics.swiftmodule/Project/x86_64-apple-macos.swiftsourceinfo	ec366412f850b68ddfb4b499eedc6cf0a7dc1f679a01df2debfcfef6daccf9fb
armv6-evidence/swiftpm/prebuilts/swift-syntax/603.0.2/swift-6.3.2-RELEASE-macos_universal-MacroSupport/Modules/SwiftDiagnostics.swiftmodule/arm64-apple-macos.abi.json	4277ac6b49f8511196028a5ac20f5b1b1dfa754c24615d34068089f0b1739728
armv6-evidence/swiftpm/prebuilts/swift-syntax/603.0.2/swift-6.3.2-RELEASE-macos_universal-MacroSupport/Modules/SwiftDiagnostics.swiftmodule/arm64-apple-macos.swiftdoc	5cbf6b9d5ad41941abbf8b282f6a399dbc75508d421279334b5f1bb07d14f9fc
armv6-evidence/swiftpm/prebuilts/swift-syntax/603.0.2/swift-6.3.2-RELEASE-macos_universal-MacroSupport/Modules/SwiftDiagnostics.swiftmodule/arm64-apple-macos.swiftmodule	f61a2adc3a72c2977734db32b9b72a6ec4aa2f92c79efd458db30a1d053bdb21
armv6-evidence/swiftpm/prebuilts/swift-syntax/603.0.2/swift-6.3.2-RELEASE-macos_universal-MacroSupport/Modules/SwiftDiagnostics.swiftmodule/x86_64-apple-macos.abi.json	4277ac6b49f8511196028a5ac20f5b1b1dfa754c24615d34068089f0b1739728
armv6-evidence/swiftpm/prebuilts/swift-syntax/603.0.2/swift-6.3.2-RELEASE-macos_universal-MacroSupport/Modules/SwiftDiagnostics.swiftmodule/x86_64-apple-macos.swiftdoc	cc77b8a80866629d5a722ee772f20ca2d9aaa42f7f6d003b5c8b2554a31d3c61
armv6-evidence/swiftpm/prebuilts/swift-syntax/603.0.2/swift-6.3.2-RELEASE-macos_universal-MacroSupport/Modules/SwiftDiagnostics.swiftmodule/x86_64-apple-macos.swiftmodule	ef61b30f3fd0a8bd595f178063697a270f74c4a3483574266bac9435c54241a7
armv6-evidence/swiftpm/prebuilts/swift-syntax/603.0.2/swift-6.3.2-RELEASE-macos_universal-MacroSupport/Modules/SwiftIDEUtils.swiftmodule/Project/arm64-apple-macos.swiftsourceinfo	ee7229026f454cf14a6724743ed441261dcf8e7eae6fc1b25b75e5d695aa6fbd
armv6-evidence/swiftpm/prebuilts/swift-syntax/603.0.2/swift-6.3.2-RELEASE-macos_universal-MacroSupport/Modules/SwiftIDEUtils.swiftmodule/Project/x86_64-apple-macos.swiftsourceinfo	33d13b251d245f4b627a54077e58bc493d5d98f9c14b1c97c7e3b9baca2742bd
armv6-evidence/swiftpm/prebuilts/swift-syntax/603.0.2/swift-6.3.2-RELEASE-macos_universal-MacroSupport/Modules/SwiftIDEUtils.swiftmodule/arm64-apple-macos.abi.json	4277ac6b49f8511196028a5ac20f5b1b1dfa754c24615d34068089f0b1739728
armv6-evidence/swiftpm/prebuilts/swift-syntax/603.0.2/swift-6.3.2-RELEASE-macos_universal-MacroSupport/Modules/SwiftIDEUtils.swiftmodule/arm64-apple-macos.swiftdoc	2dad413c4d2d6af8db92fed20ba813e73d9a1ec0e1091f8f3682603cf4fed653
armv6-evidence/swiftpm/prebuilts/swift-syntax/603.0.2/swift-6.3.2-RELEASE-macos_universal-MacroSupport/Modules/SwiftIDEUtils.swiftmodule/arm64-apple-macos.swiftmodule	a172f7390fea7dd7e13ef4986ead204ef8b5dc4fee5a62829b0fca3237f0e732
armv6-evidence/swiftpm/prebuilts/swift-syntax/603.0.2/swift-6.3.2-RELEASE-macos_universal-MacroSupport/Modules/SwiftIDEUtils.swiftmodule/x86_64-apple-macos.abi.json	4277ac6b49f8511196028a5ac20f5b1b1dfa754c24615d34068089f0b1739728
armv6-evidence/swiftpm/prebuilts/swift-syntax/603.0.2/swift-6.3.2-RELEASE-macos_universal-MacroSupport/Modules/SwiftIDEUtils.swiftmodule/x86_64-apple-macos.swiftdoc	bcf3f4f801153f376fe52e038a36acf5cb989bd46b99b2bb7d0f1ac6aa428b01
armv6-evidence/swiftpm/prebuilts/swift-syntax/603.0.2/swift-6.3.2-RELEASE-macos_universal-MacroSupport/Modules/SwiftIDEUtils.swiftmodule/x86_64-apple-macos.swiftmodule	f5be912ea500243b70bd7c11158281de7b9ccc7fb4aa642c4cd6268e9c7f006c
armv6-evidence/swiftpm/prebuilts/swift-syntax/603.0.2/swift-6.3.2-RELEASE-macos_universal-MacroSupport/Modules/SwiftIfConfig.swiftmodule/Project/arm64-apple-macos.swiftsourceinfo	2e6eb6fafcff683ecd144fc2a3b8226f1daeb150c8a3d604cf02cf852e25e221
armv6-evidence/swiftpm/prebuilts/swift-syntax/603.0.2/swift-6.3.2-RELEASE-macos_universal-MacroSupport/Modules/SwiftIfConfig.swiftmodule/Project/x86_64-apple-macos.swiftsourceinfo	b18c992d3ccc6e6629b02ab93415587f5a6e71db4c0124671abc529e11fb5b28
armv6-evidence/swiftpm/prebuilts/swift-syntax/603.0.2/swift-6.3.2-RELEASE-macos_universal-MacroSupport/Modules/SwiftIfConfig.swiftmodule/arm64-apple-macos.abi.json	4277ac6b49f8511196028a5ac20f5b1b1dfa754c24615d34068089f0b1739728
armv6-evidence/swiftpm/prebuilts/swift-syntax/603.0.2/swift-6.3.2-RELEASE-macos_universal-MacroSupport/Modules/SwiftIfConfig.swiftmodule/arm64-apple-macos.swiftdoc	a76584673ee1ff90ff314ccaa2ecb7197b29f82eb886d7d266307368779da7b9
armv6-evidence/swiftpm/prebuilts/swift-syntax/603.0.2/swift-6.3.2-RELEASE-macos_universal-MacroSupport/Modules/SwiftIfConfig.swiftmodule/arm64-apple-macos.swiftmodule	5146c4cda498d2573e4312ed65171b3bcceaf873c78680b312dddd4628f935a6
armv6-evidence/swiftpm/prebuilts/swift-syntax/603.0.2/swift-6.3.2-RELEASE-macos_universal-MacroSupport/Modules/SwiftIfConfig.swiftmodule/x86_64-apple-macos.abi.json	4277ac6b49f8511196028a5ac20f5b1b1dfa754c24615d34068089f0b1739728
armv6-evidence/swiftpm/prebuilts/swift-syntax/603.0.2/swift-6.3.2-RELEASE-macos_universal-MacroSupport/Modules/SwiftIfConfig.swiftmodule/x86_64-apple-macos.swiftdoc	a8e04f668fe76b336aa2e11d9a7193285b606851ec991bc6078395ef2cddf469
armv6-evidence/swiftpm/prebuilts/swift-syntax/603.0.2/swift-6.3.2-RELEASE-macos_universal-MacroSupport/Modules/SwiftIfConfig.swiftmodule/x86_64-apple-macos.swiftmodule	c5a9c2f69c4924e814bc877d3661f828b2783c98000e03cc018880277266df7a
armv6-evidence/swiftpm/prebuilts/swift-syntax/603.0.2/swift-6.3.2-RELEASE-macos_universal-MacroSupport/Modules/SwiftLexicalLookup.swiftmodule/Project/arm64-apple-macos.swiftsourceinfo	14fca9fa61d8a54f19fdd5849b56afcfcba3aa4ad24c7172ede2c460b35ec09e
armv6-evidence/swiftpm/prebuilts/swift-syntax/603.0.2/swift-6.3.2-RELEASE-macos_universal-MacroSupport/Modules/SwiftLexicalLookup.swiftmodule/Project/x86_64-apple-macos.swiftsourceinfo	798d77f0612f05cf10a66882aeed148c391741621da382ae00f2c0aecb67f5da
armv6-evidence/swiftpm/prebuilts/swift-syntax/603.0.2/swift-6.3.2-RELEASE-macos_universal-MacroSupport/Modules/SwiftLexicalLookup.swiftmodule/arm64-apple-macos.abi.json	4277ac6b49f8511196028a5ac20f5b1b1dfa754c24615d34068089f0b1739728
armv6-evidence/swiftpm/prebuilts/swift-syntax/603.0.2/swift-6.3.2-RELEASE-macos_universal-MacroSupport/Modules/SwiftLexicalLookup.swiftmodule/arm64-apple-macos.swiftdoc	e2ce5ddce4315646c13193412afda19258d71b72378958a1b11c2f709bcf2c78
armv6-evidence/swiftpm/prebuilts/swift-syntax/603.0.2/swift-6.3.2-RELEASE-macos_universal-MacroSupport/Modules/SwiftLexicalLookup.swiftmodule/arm64-apple-macos.swiftmodule	61abcdc44a0798e7d5258dce4babc5995d4ce28a1e7800adf20392f543d71a83
armv6-evidence/swiftpm/prebuilts/swift-syntax/603.0.2/swift-6.3.2-RELEASE-macos_universal-MacroSupport/Modules/SwiftLexicalLookup.swiftmodule/x86_64-apple-macos.abi.json	4277ac6b49f8511196028a5ac20f5b1b1dfa754c24615d34068089f0b1739728
armv6-evidence/swiftpm/prebuilts/swift-syntax/603.0.2/swift-6.3.2-RELEASE-macos_universal-MacroSupport/Modules/SwiftLexicalLookup.swiftmodule/x86_64-apple-macos.swiftdoc	1b66a80690d6687e2fc2bd2130afdcfe989171262bec92465ad75cc36507c201
armv6-evidence/swiftpm/prebuilts/swift-syntax/603.0.2/swift-6.3.2-RELEASE-macos_universal-MacroSupport/Modules/SwiftLexicalLookup.swiftmodule/x86_64-apple-macos.swiftmodule	c5195538dc39c28ea9edc2c2f53957dba3160efdaa9c7d57f34393d71b6454b7
armv6-evidence/swiftpm/prebuilts/swift-syntax/603.0.2/swift-6.3.2-RELEASE-macos_universal-MacroSupport/Modules/SwiftLibraryPluginProvider.swiftmodule/Project/arm64-apple-macos.swiftsourceinfo	14651b41fa6d7045844f12a90592ad5132d184f72a50d824be8aaf48044247f8
armv6-evidence/swiftpm/prebuilts/swift-syntax/603.0.2/swift-6.3.2-RELEASE-macos_universal-MacroSupport/Modules/SwiftLibraryPluginProvider.swiftmodule/Project/x86_64-apple-macos.swiftsourceinfo	d12acc41669e7077cbf26b8164ef965d1e6e49d28b66aa63e5e2c5dd222ec121
armv6-evidence/swiftpm/prebuilts/swift-syntax/603.0.2/swift-6.3.2-RELEASE-macos_universal-MacroSupport/Modules/SwiftLibraryPluginProvider.swiftmodule/arm64-apple-macos.abi.json	4277ac6b49f8511196028a5ac20f5b1b1dfa754c24615d34068089f0b1739728
armv6-evidence/swiftpm/prebuilts/swift-syntax/603.0.2/swift-6.3.2-RELEASE-macos_universal-MacroSupport/Modules/SwiftLibraryPluginProvider.swiftmodule/arm64-apple-macos.swiftdoc	f14ca1048413ec8995a375cb31cbc3f2aec401a8ceb236b1352d4412db5e5dbc
armv6-evidence/swiftpm/prebuilts/swift-syntax/603.0.2/swift-6.3.2-RELEASE-macos_universal-MacroSupport/Modules/SwiftLibraryPluginProvider.swiftmodule/arm64-apple-macos.swiftmodule	86246580557364f9a2ab5b01024a158a0062d82eac2a32e90772116a75e28e89
armv6-evidence/swiftpm/prebuilts/swift-syntax/603.0.2/swift-6.3.2-RELEASE-macos_universal-MacroSupport/Modules/SwiftLibraryPluginProvider.swiftmodule/x86_64-apple-macos.abi.json	4277ac6b49f8511196028a5ac20f5b1b1dfa754c24615d34068089f0b1739728
armv6-evidence/swiftpm/prebuilts/swift-syntax/603.0.2/swift-6.3.2-RELEASE-macos_universal-MacroSupport/Modules/SwiftLibraryPluginProvider.swiftmodule/x86_64-apple-macos.swiftdoc	01ad1fdd0e6244309187260a7db0ab127d2f7cbd19a7cdc0e0f4271efb87b44d
armv6-evidence/swiftpm/prebuilts/swift-syntax/603.0.2/swift-6.3.2-RELEASE-macos_universal-MacroSupport/Modules/SwiftLibraryPluginProvider.swiftmodule/x86_64-apple-macos.swiftmodule	fa5fb0b993292ae14f7caada1d5fef28c2649e996aa7cb4240a980b8dc76f84f
armv6-evidence/swiftpm/prebuilts/swift-syntax/603.0.2/swift-6.3.2-RELEASE-macos_universal-MacroSupport/Modules/SwiftOperators.swiftmodule/Project/arm64-apple-macos.swiftsourceinfo	20061a42e182b8635b3e1fc04280a91488ad99a5ae9ca9a5173d470fdaf795ba
armv6-evidence/swiftpm/prebuilts/swift-syntax/603.0.2/swift-6.3.2-RELEASE-macos_universal-MacroSupport/Modules/SwiftOperators.swiftmodule/Project/x86_64-apple-macos.swiftsourceinfo	946918f9a5c8294a4cb3b01983a8067e2817eed184c4382352f34095f51d6b2f
armv6-evidence/swiftpm/prebuilts/swift-syntax/603.0.2/swift-6.3.2-RELEASE-macos_universal-MacroSupport/Modules/SwiftOperators.swiftmodule/arm64-apple-macos.abi.json	4277ac6b49f8511196028a5ac20f5b1b1dfa754c24615d34068089f0b1739728
armv6-evidence/swiftpm/prebuilts/swift-syntax/603.0.2/swift-6.3.2-RELEASE-macos_universal-MacroSupport/Modules/SwiftOperators.swiftmodule/arm64-apple-macos.swiftdoc	ba01291e8153bb92626e29a8597a9bfbe562b58fcca2f64cce2b9b3c2d75ba77
armv6-evidence/swiftpm/prebuilts/swift-syntax/603.0.2/swift-6.3.2-RELEASE-macos_universal-MacroSupport/Modules/SwiftOperators.swiftmodule/arm64-apple-macos.swiftmodule	94663dfb419cf4ad3d8eb5def9dc8b1ae5b5f5c3658c3c5fabb89c4b18b8bb0d
armv6-evidence/swiftpm/prebuilts/swift-syntax/603.0.2/swift-6.3.2-RELEASE-macos_universal-MacroSupport/Modules/SwiftOperators.swiftmodule/x86_64-apple-macos.abi.json	4277ac6b49f8511196028a5ac20f5b1b1dfa754c24615d34068089f0b1739728
armv6-evidence/swiftpm/prebuilts/swift-syntax/603.0.2/swift-6.3.2-RELEASE-macos_universal-MacroSupport/Modules/SwiftOperators.swiftmodule/x86_64-apple-macos.swiftdoc	4f725c1dbf8a4a5db500d06ed6090d964ac050d4a8f07340eee2df3bb7a0b65f
armv6-evidence/swiftpm/prebuilts/swift-syntax/603.0.2/swift-6.3.2-RELEASE-macos_universal-MacroSupport/Modules/SwiftOperators.swiftmodule/x86_64-apple-macos.swiftmodule	6bcad99995e07257033a33543f2527901252bf074b7a4aa5a67038e7cc92295a
armv6-evidence/swiftpm/prebuilts/swift-syntax/603.0.2/swift-6.3.2-RELEASE-macos_universal-MacroSupport/Modules/SwiftParser.swiftmodule/Project/arm64-apple-macos.swiftsourceinfo	d41d335c2c948506d6941c7768c69ccadd8b05a67167fcffa75c32d895e95973
armv6-evidence/swiftpm/prebuilts/swift-syntax/603.0.2/swift-6.3.2-RELEASE-macos_universal-MacroSupport/Modules/SwiftParser.swiftmodule/Project/x86_64-apple-macos.swiftsourceinfo	b2b3fde8e2cb7882c2706927b65ae37e24e9d69106e339c1bae81d9cf068eb17
armv6-evidence/swiftpm/prebuilts/swift-syntax/603.0.2/swift-6.3.2-RELEASE-macos_universal-MacroSupport/Modules/SwiftParser.swiftmodule/arm64-apple-macos.abi.json	4277ac6b49f8511196028a5ac20f5b1b1dfa754c24615d34068089f0b1739728
armv6-evidence/swiftpm/prebuilts/swift-syntax/603.0.2/swift-6.3.2-RELEASE-macos_universal-MacroSupport/Modules/SwiftParser.swiftmodule/arm64-apple-macos.swiftdoc	7c97e26cdfbad4e7b710b76f1fa8e39265ef7575ee97aee5c07d488ab5d77bcf
armv6-evidence/swiftpm/prebuilts/swift-syntax/603.0.2/swift-6.3.2-RELEASE-macos_universal-MacroSupport/Modules/SwiftParser.swiftmodule/arm64-apple-macos.swiftmodule	14dc647f6015a6627ab1122cb0d2d49b834763693d4e0d16a4f0c906b85977fb
armv6-evidence/swiftpm/prebuilts/swift-syntax/603.0.2/swift-6.3.2-RELEASE-macos_universal-MacroSupport/Modules/SwiftParser.swiftmodule/x86_64-apple-macos.abi.json	4277ac6b49f8511196028a5ac20f5b1b1dfa754c24615d34068089f0b1739728
armv6-evidence/swiftpm/prebuilts/swift-syntax/603.0.2/swift-6.3.2-RELEASE-macos_universal-MacroSupport/Modules/SwiftParser.swiftmodule/x86_64-apple-macos.swiftdoc	cf5b63b259c82e9529b7b5c330fda1db1109b1ecee45dea2a47d74d525e0cc39
armv6-evidence/swiftpm/prebuilts/swift-syntax/603.0.2/swift-6.3.2-RELEASE-macos_universal-MacroSupport/Modules/SwiftParser.swiftmodule/x86_64-apple-macos.swiftmodule	69a8c8222d8bcaae982d8bf48c659b1af0a414a94defa2c49bf1fee2158e5d60
armv6-evidence/swiftpm/prebuilts/swift-syntax/603.0.2/swift-6.3.2-RELEASE-macos_universal-MacroSupport/Modules/SwiftParserDiagnostics.swiftmodule/Project/arm64-apple-macos.swiftsourceinfo	2793a161b122cc4696d0440a0dbed3247e9083afce820150e97092162e1a0551
armv6-evidence/swiftpm/prebuilts/swift-syntax/603.0.2/swift-6.3.2-RELEASE-macos_universal-MacroSupport/Modules/SwiftParserDiagnostics.swiftmodule/Project/x86_64-apple-macos.swiftsourceinfo	ad774c6de8700e334c6974fd5cbe348b32e4836c50a261fb873dc689994213c9
armv6-evidence/swiftpm/prebuilts/swift-syntax/603.0.2/swift-6.3.2-RELEASE-macos_universal-MacroSupport/Modules/SwiftParserDiagnostics.swiftmodule/arm64-apple-macos.abi.json	4277ac6b49f8511196028a5ac20f5b1b1dfa754c24615d34068089f0b1739728
armv6-evidence/swiftpm/prebuilts/swift-syntax/603.0.2/swift-6.3.2-RELEASE-macos_universal-MacroSupport/Modules/SwiftParserDiagnostics.swiftmodule/arm64-apple-macos.swiftdoc	0c5dcadb6a9b39347e469057737793e5b01bf9b66b6f1e11243a0a1a046a8b92
armv6-evidence/swiftpm/prebuilts/swift-syntax/603.0.2/swift-6.3.2-RELEASE-macos_universal-MacroSupport/Modules/SwiftParserDiagnostics.swiftmodule/arm64-apple-macos.swiftmodule	bc98c0560bb5ea584f2d869fd06d0d3802c9bea5d056d73a4194ba7c328741e5
armv6-evidence/swiftpm/prebuilts/swift-syntax/603.0.2/swift-6.3.2-RELEASE-macos_universal-MacroSupport/Modules/SwiftParserDiagnostics.swiftmodule/x86_64-apple-macos.abi.json	4277ac6b49f8511196028a5ac20f5b1b1dfa754c24615d34068089f0b1739728
armv6-evidence/swiftpm/prebuilts/swift-syntax/603.0.2/swift-6.3.2-RELEASE-macos_universal-MacroSupport/Modules/SwiftParserDiagnostics.swiftmodule/x86_64-apple-macos.swiftdoc	05fbabefe06469c436517d84ef054dfc0247d3aedc7a5c2c838f80f43f9986fc
armv6-evidence/swiftpm/prebuilts/swift-syntax/603.0.2/swift-6.3.2-RELEASE-macos_universal-MacroSupport/Modules/SwiftParserDiagnostics.swiftmodule/x86_64-apple-macos.swiftmodule	e7cf0bb9cd52732a00850641d8d626250650d05f73d31de01804ff8aa0a7d53d
armv6-evidence/swiftpm/prebuilts/swift-syntax/603.0.2/swift-6.3.2-RELEASE-macos_universal-MacroSupport/Modules/SwiftRefactor.swiftmodule/Project/arm64-apple-macos.swiftsourceinfo	fca108ec289a01b9b9b66ae2a08284ea374bd122a83b32bf6d9542d9f99d2a0e
armv6-evidence/swiftpm/prebuilts/swift-syntax/603.0.2/swift-6.3.2-RELEASE-macos_universal-MacroSupport/Modules/SwiftRefactor.swiftmodule/Project/x86_64-apple-macos.swiftsourceinfo	5f409500bb35f20206c619ba5071ae4a87f8eda21f0c27929f4ecb9605f5107d
armv6-evidence/swiftpm/prebuilts/swift-syntax/603.0.2/swift-6.3.2-RELEASE-macos_universal-MacroSupport/Modules/SwiftRefactor.swiftmodule/arm64-apple-macos.abi.json	4277ac6b49f8511196028a5ac20f5b1b1dfa754c24615d34068089f0b1739728
armv6-evidence/swiftpm/prebuilts/swift-syntax/603.0.2/swift-6.3.2-RELEASE-macos_universal-MacroSupport/Modules/SwiftRefactor.swiftmodule/arm64-apple-macos.swiftdoc	01d207413ab35d2365012cd20801502463dcd19cf9a9372fc2ba92d61cfb44d1
armv6-evidence/swiftpm/prebuilts/swift-syntax/603.0.2/swift-6.3.2-RELEASE-macos_universal-MacroSupport/Modules/SwiftRefactor.swiftmodule/arm64-apple-macos.swiftmodule	2e1293792b4940530316cf8ca436853070a9b13a41735f78809993c85ef251ce
armv6-evidence/swiftpm/prebuilts/swift-syntax/603.0.2/swift-6.3.2-RELEASE-macos_universal-MacroSupport/Modules/SwiftRefactor.swiftmodule/x86_64-apple-macos.abi.json	4277ac6b49f8511196028a5ac20f5b1b1dfa754c24615d34068089f0b1739728
armv6-evidence/swiftpm/prebuilts/swift-syntax/603.0.2/swift-6.3.2-RELEASE-macos_universal-MacroSupport/Modules/SwiftRefactor.swiftmodule/x86_64-apple-macos.swiftdoc	8d1ab19623fcdc8124e87193fe44dc5fc10db02a5a8414aa9ab07547a23f5f6e
armv6-evidence/swiftpm/prebuilts/swift-syntax/603.0.2/swift-6.3.2-RELEASE-macos_universal-MacroSupport/Modules/SwiftRefactor.swiftmodule/x86_64-apple-macos.swiftmodule	bd7a0bcc1cd0cb4ebc02e63a8c807b9543865d1c29795b157d8d51c2b6fa0f6f
armv6-evidence/swiftpm/prebuilts/swift-syntax/603.0.2/swift-6.3.2-RELEASE-macos_universal-MacroSupport/Modules/SwiftSyntax.swiftmodule/Project/arm64-apple-macos.swiftsourceinfo	290ef64146daa66247b90ce95cd8f5a47ff219091b6cf0f45bafc77ce89ae229
armv6-evidence/swiftpm/prebuilts/swift-syntax/603.0.2/swift-6.3.2-RELEASE-macos_universal-MacroSupport/Modules/SwiftSyntax.swiftmodule/Project/x86_64-apple-macos.swiftsourceinfo	22648c5c3d93c491253294a6a47085c6a386aae780a9b5febecdf6173f5707a1
armv6-evidence/swiftpm/prebuilts/swift-syntax/603.0.2/swift-6.3.2-RELEASE-macos_universal-MacroSupport/Modules/SwiftSyntax.swiftmodule/arm64-apple-macos.abi.json	4277ac6b49f8511196028a5ac20f5b1b1dfa754c24615d34068089f0b1739728
armv6-evidence/swiftpm/prebuilts/swift-syntax/603.0.2/swift-6.3.2-RELEASE-macos_universal-MacroSupport/Modules/SwiftSyntax.swiftmodule/arm64-apple-macos.swiftdoc	9b720dc50d379040c1a867bb636bc48d3bce231cb90f0544af95e94af5c0e380
armv6-evidence/swiftpm/prebuilts/swift-syntax/603.0.2/swift-6.3.2-RELEASE-macos_universal-MacroSupport/Modules/SwiftSyntax.swiftmodule/arm64-apple-macos.swiftmodule	d4375c42b35bd0d36af1d6a95707d2f183e6a5bc03b61878f1c4d50a6111c1a4
armv6-evidence/swiftpm/prebuilts/swift-syntax/603.0.2/swift-6.3.2-RELEASE-macos_universal-MacroSupport/Modules/SwiftSyntax.swiftmodule/x86_64-apple-macos.abi.json	4277ac6b49f8511196028a5ac20f5b1b1dfa754c24615d34068089f0b1739728
armv6-evidence/swiftpm/prebuilts/swift-syntax/603.0.2/swift-6.3.2-RELEASE-macos_universal-MacroSupport/Modules/SwiftSyntax.swiftmodule/x86_64-apple-macos.swiftdoc	703463249c3a0a84c501997a67e6d677f0d75bce95faf77e1fa7ce4b0e67f93a
armv6-evidence/swiftpm/prebuilts/swift-syntax/603.0.2/swift-6.3.2-RELEASE-macos_universal-MacroSupport/Modules/SwiftSyntax.swiftmodule/x86_64-apple-macos.swiftmodule	2e859e512442bded41bcd97b45657651f58f97f4b71a9b49a690cee1d418d106
armv6-evidence/swiftpm/prebuilts/swift-syntax/603.0.2/swift-6.3.2-RELEASE-macos_universal-MacroSupport/Modules/SwiftSyntax509.swiftmodule/Project/arm64-apple-macos.swiftsourceinfo	dda958e6f5a0f28920ab5b3bbf01dd8dc2280724ace6de530629f9c260a34d36
armv6-evidence/swiftpm/prebuilts/swift-syntax/603.0.2/swift-6.3.2-RELEASE-macos_universal-MacroSupport/Modules/SwiftSyntax509.swiftmodule/Project/x86_64-apple-macos.swiftsourceinfo	b8f8ca881cb1c70c75e8a84c05d007b8fc09336510cf30913999fe18d8d591d0
armv6-evidence/swiftpm/prebuilts/swift-syntax/603.0.2/swift-6.3.2-RELEASE-macos_universal-MacroSupport/Modules/SwiftSyntax509.swiftmodule/arm64-apple-macos.abi.json	4277ac6b49f8511196028a5ac20f5b1b1dfa754c24615d34068089f0b1739728
armv6-evidence/swiftpm/prebuilts/swift-syntax/603.0.2/swift-6.3.2-RELEASE-macos_universal-MacroSupport/Modules/SwiftSyntax509.swiftmodule/arm64-apple-macos.swiftdoc	8ac704e6501ece514b9a4b1191d13e27c4af8f76dc9398b7182d91c73ed39352
armv6-evidence/swiftpm/prebuilts/swift-syntax/603.0.2/swift-6.3.2-RELEASE-macos_universal-MacroSupport/Modules/SwiftSyntax509.swiftmodule/arm64-apple-macos.swiftmodule	c1a350fe350ae4eaf33f4fc88339a8806e9097ec140b9ab4eff7e9643bc16cc3
armv6-evidence/swiftpm/prebuilts/swift-syntax/603.0.2/swift-6.3.2-RELEASE-macos_universal-MacroSupport/Modules/SwiftSyntax509.swiftmodule/x86_64-apple-macos.abi.json	4277ac6b49f8511196028a5ac20f5b1b1dfa754c24615d34068089f0b1739728
armv6-evidence/swiftpm/prebuilts/swift-syntax/603.0.2/swift-6.3.2-RELEASE-macos_universal-MacroSupport/Modules/SwiftSyntax509.swiftmodule/x86_64-apple-macos.swiftdoc	82f54e7e0f3a46e38aed845a4c737671bac1f95b3d2c27632df26c65821a4c10
armv6-evidence/swiftpm/prebuilts/swift-syntax/603.0.2/swift-6.3.2-RELEASE-macos_universal-MacroSupport/Modules/SwiftSyntax509.swiftmodule/x86_64-apple-macos.swiftmodule	5be64e8f73bb2a1fe5a2ae41b774f3c4dca6795cee818e4ccff1bb3b76ab3865
armv6-evidence/swiftpm/prebuilts/swift-syntax/603.0.2/swift-6.3.2-RELEASE-macos_universal-MacroSupport/Modules/SwiftSyntax510.swiftmodule/Project/arm64-apple-macos.swiftsourceinfo	ad91d7816ffdc36ba177b4e9860d3eb9413d58fee1a38af8694091c56fd6210f
armv6-evidence/swiftpm/prebuilts/swift-syntax/603.0.2/swift-6.3.2-RELEASE-macos_universal-MacroSupport/Modules/SwiftSyntax510.swiftmodule/Project/x86_64-apple-macos.swiftsourceinfo	a080d5fc7b46e92feb2d892e87ab9297f5c60007d02a4aa30528746b3b87007d
armv6-evidence/swiftpm/prebuilts/swift-syntax/603.0.2/swift-6.3.2-RELEASE-macos_universal-MacroSupport/Modules/SwiftSyntax510.swiftmodule/arm64-apple-macos.abi.json	4277ac6b49f8511196028a5ac20f5b1b1dfa754c24615d34068089f0b1739728
armv6-evidence/swiftpm/prebuilts/swift-syntax/603.0.2/swift-6.3.2-RELEASE-macos_universal-MacroSupport/Modules/SwiftSyntax510.swiftmodule/arm64-apple-macos.swiftdoc	47054b26fda719f008f0bec4b4e29e7972e79f9e5f4a3605e7c94ead78061bd2
armv6-evidence/swiftpm/prebuilts/swift-syntax/603.0.2/swift-6.3.2-RELEASE-macos_universal-MacroSupport/Modules/SwiftSyntax510.swiftmodule/arm64-apple-macos.swiftmodule	1faf16da3531047714d09a14c9822e505afe511609259a08cc32cf4d21ea991e
armv6-evidence/swiftpm/prebuilts/swift-syntax/603.0.2/swift-6.3.2-RELEASE-macos_universal-MacroSupport/Modules/SwiftSyntax510.swiftmodule/x86_64-apple-macos.abi.json	4277ac6b49f8511196028a5ac20f5b1b1dfa754c24615d34068089f0b1739728
armv6-evidence/swiftpm/prebuilts/swift-syntax/603.0.2/swift-6.3.2-RELEASE-macos_universal-MacroSupport/Modules/SwiftSyntax510.swiftmodule/x86_64-apple-macos.swiftdoc	49f53acf940ae80fce0bb3a79207a6da1d0374c27ac7048e81866c8812b70afa
armv6-evidence/swiftpm/prebuilts/swift-syntax/603.0.2/swift-6.3.2-RELEASE-macos_universal-MacroSupport/Modules/SwiftSyntax510.swiftmodule/x86_64-apple-macos.swiftmodule	1f0009b34f67cc1c500f67fc0ba9a1e753ef4f812ab5f4cc93b70e0c55e5eb52
armv6-evidence/swiftpm/prebuilts/swift-syntax/603.0.2/swift-6.3.2-RELEASE-macos_universal-MacroSupport/Modules/SwiftSyntax600.swiftmodule/Project/arm64-apple-macos.swiftsourceinfo	6173fa29b89dac349a1e313be90c5f6db23b1ccf9137113951428b7bd550c49e
armv6-evidence/swiftpm/prebuilts/swift-syntax/603.0.2/swift-6.3.2-RELEASE-macos_universal-MacroSupport/Modules/SwiftSyntax600.swiftmodule/Project/x86_64-apple-macos.swiftsourceinfo	c0fe778f95e330d613f9367420ee35ccd5dd0989c9a971e4bea7e15535ae63cb
armv6-evidence/swiftpm/prebuilts/swift-syntax/603.0.2/swift-6.3.2-RELEASE-macos_universal-MacroSupport/Modules/SwiftSyntax600.swiftmodule/arm64-apple-macos.abi.json	4277ac6b49f8511196028a5ac20f5b1b1dfa754c24615d34068089f0b1739728
armv6-evidence/swiftpm/prebuilts/swift-syntax/603.0.2/swift-6.3.2-RELEASE-macos_universal-MacroSupport/Modules/SwiftSyntax600.swiftmodule/arm64-apple-macos.swiftdoc	feae735ebb35ff3e45c3f600f557dd528f22ff7c74c0f43ec8d1f853f8097314
armv6-evidence/swiftpm/prebuilts/swift-syntax/603.0.2/swift-6.3.2-RELEASE-macos_universal-MacroSupport/Modules/SwiftSyntax600.swiftmodule/arm64-apple-macos.swiftmodule	f6821a93fce1cdccafe8d68602abd0da38160339bdabcb146ccc53681546addb
armv6-evidence/swiftpm/prebuilts/swift-syntax/603.0.2/swift-6.3.2-RELEASE-macos_universal-MacroSupport/Modules/SwiftSyntax600.swiftmodule/x86_64-apple-macos.abi.json	4277ac6b49f8511196028a5ac20f5b1b1dfa754c24615d34068089f0b1739728
armv6-evidence/swiftpm/prebuilts/swift-syntax/603.0.2/swift-6.3.2-RELEASE-macos_universal-MacroSupport/Modules/SwiftSyntax600.swiftmodule/x86_64-apple-macos.swiftdoc	596dec140da910b46258d324ea6cdc4bd015588a3b9341c4f641b80b6be7371a
armv6-evidence/swiftpm/prebuilts/swift-syntax/603.0.2/swift-6.3.2-RELEASE-macos_universal-MacroSupport/Modules/SwiftSyntax600.swiftmodule/x86_64-apple-macos.swiftmodule	b230c747eb9a22dfd236a52c30a63e717f789d5704c7fba5e513301f492c85ed
armv6-evidence/swiftpm/prebuilts/swift-syntax/603.0.2/swift-6.3.2-RELEASE-macos_universal-MacroSupport/Modules/SwiftSyntax601.swiftmodule/Project/arm64-apple-macos.swiftsourceinfo	d8286ee52d62656c877897a2dc2e2f1517a73846f2ca49447e8acf8bc5ca019d
armv6-evidence/swiftpm/prebuilts/swift-syntax/603.0.2/swift-6.3.2-RELEASE-macos_universal-MacroSupport/Modules/SwiftSyntax601.swiftmodule/Project/x86_64-apple-macos.swiftsourceinfo	4ca2765076d990134dd7dd1790f10eea0dbb2471709c432afb4d7faa8e79547d
armv6-evidence/swiftpm/prebuilts/swift-syntax/603.0.2/swift-6.3.2-RELEASE-macos_universal-MacroSupport/Modules/SwiftSyntax601.swiftmodule/arm64-apple-macos.abi.json	4277ac6b49f8511196028a5ac20f5b1b1dfa754c24615d34068089f0b1739728
armv6-evidence/swiftpm/prebuilts/swift-syntax/603.0.2/swift-6.3.2-RELEASE-macos_universal-MacroSupport/Modules/SwiftSyntax601.swiftmodule/arm64-apple-macos.swiftdoc	24ccbdbe9a6fc6971b45efe8b6bde32b20714e8c227f149e4d22cdc3eba0763a
armv6-evidence/swiftpm/prebuilts/swift-syntax/603.0.2/swift-6.3.2-RELEASE-macos_universal-MacroSupport/Modules/SwiftSyntax601.swiftmodule/arm64-apple-macos.swiftmodule	297feb48326cab52390b22c9238be795fad4bf817a171d3bce428c1ac360748c
armv6-evidence/swiftpm/prebuilts/swift-syntax/603.0.2/swift-6.3.2-RELEASE-macos_universal-MacroSupport/Modules/SwiftSyntax601.swiftmodule/x86_64-apple-macos.abi.json	4277ac6b49f8511196028a5ac20f5b1b1dfa754c24615d34068089f0b1739728
armv6-evidence/swiftpm/prebuilts/swift-syntax/603.0.2/swift-6.3.2-RELEASE-macos_universal-MacroSupport/Modules/SwiftSyntax601.swiftmodule/x86_64-apple-macos.swiftdoc	9d397e6fbfe64dee7a8e2b374756d7b4b8bc23165a59ea9d6f905c4a66b52793
armv6-evidence/swiftpm/prebuilts/swift-syntax/603.0.2/swift-6.3.2-RELEASE-macos_universal-MacroSupport/Modules/SwiftSyntax601.swiftmodule/x86_64-apple-macos.swiftmodule	d7a2bd6a9b6e75e3d21546bcf265f664ea6e4393dbc31047f7ec2634f1652a1e
armv6-evidence/swiftpm/prebuilts/swift-syntax/603.0.2/swift-6.3.2-RELEASE-macos_universal-MacroSupport/Modules/SwiftSyntax602.swiftmodule/Project/arm64-apple-macos.swiftsourceinfo	0d4f43223a0d531e0a5686a27f67484130da820ba79bfac6179c69ee3f688dc9
armv6-evidence/swiftpm/prebuilts/swift-syntax/603.0.2/swift-6.3.2-RELEASE-macos_universal-MacroSupport/Modules/SwiftSyntax602.swiftmodule/Project/x86_64-apple-macos.swiftsourceinfo	0b42758f89b5edfb91a52a6a3c2280682f50b8d62595dac9544aac7b24b176e1
armv6-evidence/swiftpm/prebuilts/swift-syntax/603.0.2/swift-6.3.2-RELEASE-macos_universal-MacroSupport/Modules/SwiftSyntax602.swiftmodule/arm64-apple-macos.abi.json	4277ac6b49f8511196028a5ac20f5b1b1dfa754c24615d34068089f0b1739728
armv6-evidence/swiftpm/prebuilts/swift-syntax/603.0.2/swift-6.3.2-RELEASE-macos_universal-MacroSupport/Modules/SwiftSyntax602.swiftmodule/arm64-apple-macos.swiftdoc	2670bfb4726808beaf4dbcdc7e956c4b90864d900efae86a666d4e43242c3720
armv6-evidence/swiftpm/prebuilts/swift-syntax/603.0.2/swift-6.3.2-RELEASE-macos_universal-MacroSupport/Modules/SwiftSyntax602.swiftmodule/arm64-apple-macos.swiftmodule	4d6c6a0072e0b4fe54be693e419a036b38bd09ae726789b5c2e40e807dcf54bf
armv6-evidence/swiftpm/prebuilts/swift-syntax/603.0.2/swift-6.3.2-RELEASE-macos_universal-MacroSupport/Modules/SwiftSyntax602.swiftmodule/x86_64-apple-macos.abi.json	4277ac6b49f8511196028a5ac20f5b1b1dfa754c24615d34068089f0b1739728
armv6-evidence/swiftpm/prebuilts/swift-syntax/603.0.2/swift-6.3.2-RELEASE-macos_universal-MacroSupport/Modules/SwiftSyntax602.swiftmodule/x86_64-apple-macos.swiftdoc	616c9e8709de8137100626b08a1ffc3dcaecb2cef3d2194ff44fae679b3e2980
armv6-evidence/swiftpm/prebuilts/swift-syntax/603.0.2/swift-6.3.2-RELEASE-macos_universal-MacroSupport/Modules/SwiftSyntax602.swiftmodule/x86_64-apple-macos.swiftmodule	76532cc872f228842bad114d256c4ba99ab65f05eeca30265e87d356dbc96415
armv6-evidence/swiftpm/prebuilts/swift-syntax/603.0.2/swift-6.3.2-RELEASE-macos_universal-MacroSupport/Modules/SwiftSyntax603.swiftmodule/Project/arm64-apple-macos.swiftsourceinfo	0f60b11070fed7ce4a48cf57401c8d5d4c73fdb5ba9056e7a7703996485bc54e
armv6-evidence/swiftpm/prebuilts/swift-syntax/603.0.2/swift-6.3.2-RELEASE-macos_universal-MacroSupport/Modules/SwiftSyntax603.swiftmodule/Project/x86_64-apple-macos.swiftsourceinfo	7d894eec9d3d99fc79b6440c53e6767326a89072982a756bcf52aee3017b7246
armv6-evidence/swiftpm/prebuilts/swift-syntax/603.0.2/swift-6.3.2-RELEASE-macos_universal-MacroSupport/Modules/SwiftSyntax603.swiftmodule/arm64-apple-macos.abi.json	4277ac6b49f8511196028a5ac20f5b1b1dfa754c24615d34068089f0b1739728
armv6-evidence/swiftpm/prebuilts/swift-syntax/603.0.2/swift-6.3.2-RELEASE-macos_universal-MacroSupport/Modules/SwiftSyntax603.swiftmodule/arm64-apple-macos.swiftdoc	75c8af2fa662f3e491f037855965e47ddfd7e9a6d23727a55f737c6e6ae70c65
armv6-evidence/swiftpm/prebuilts/swift-syntax/603.0.2/swift-6.3.2-RELEASE-macos_universal-MacroSupport/Modules/SwiftSyntax603.swiftmodule/arm64-apple-macos.swiftmodule	dc86c14e6e208f6c0f9ee309f75369700ce729a32fdda45b92896e2b8588931a
armv6-evidence/swiftpm/prebuilts/swift-syntax/603.0.2/swift-6.3.2-RELEASE-macos_universal-MacroSupport/Modules/SwiftSyntax603.swiftmodule/x86_64-apple-macos.abi.json	4277ac6b49f8511196028a5ac20f5b1b1dfa754c24615d34068089f0b1739728
armv6-evidence/swiftpm/prebuilts/swift-syntax/603.0.2/swift-6.3.2-RELEASE-macos_universal-MacroSupport/Modules/SwiftSyntax603.swiftmodule/x86_64-apple-macos.swiftdoc	29ae9b176c6fca6c02848123cdee48a43a50d7e3e25cbec4ad8f598a0306fa29
armv6-evidence/swiftpm/prebuilts/swift-syntax/603.0.2/swift-6.3.2-RELEASE-macos_universal-MacroSupport/Modules/SwiftSyntax603.swiftmodule/x86_64-apple-macos.swiftmodule	1417ddb3219c30c05c53099b54fcd87d2203e6ac1ee7ee7a0361bf29b79ac15a
armv6-evidence/swiftpm/prebuilts/swift-syntax/603.0.2/swift-6.3.2-RELEASE-macos_universal-MacroSupport/Modules/SwiftSyntaxBuilder.swiftmodule/Project/arm64-apple-macos.swiftsourceinfo	d5a219ca93c0787e82b1b21cf58b3e1f94e9631b06df1ff89500b6b67920c3cc
armv6-evidence/swiftpm/prebuilts/swift-syntax/603.0.2/swift-6.3.2-RELEASE-macos_universal-MacroSupport/Modules/SwiftSyntaxBuilder.swiftmodule/Project/x86_64-apple-macos.swiftsourceinfo	d372d8981d0d5959097c6b49bfdebb572b6e817f8669367591c191823fdf31dd
armv6-evidence/swiftpm/prebuilts/swift-syntax/603.0.2/swift-6.3.2-RELEASE-macos_universal-MacroSupport/Modules/SwiftSyntaxBuilder.swiftmodule/arm64-apple-macos.abi.json	4277ac6b49f8511196028a5ac20f5b1b1dfa754c24615d34068089f0b1739728
armv6-evidence/swiftpm/prebuilts/swift-syntax/603.0.2/swift-6.3.2-RELEASE-macos_universal-MacroSupport/Modules/SwiftSyntaxBuilder.swiftmodule/arm64-apple-macos.swiftdoc	282ed069c89f101841ddff07a828d40f92dcab774b59689281fdcd07e46c1757
armv6-evidence/swiftpm/prebuilts/swift-syntax/603.0.2/swift-6.3.2-RELEASE-macos_universal-MacroSupport/Modules/SwiftSyntaxBuilder.swiftmodule/arm64-apple-macos.swiftmodule	9027b8a5155e2a78ab8feaae9c16cadcaffcdab03561e6bf83bf8e6aadc03cfc
armv6-evidence/swiftpm/prebuilts/swift-syntax/603.0.2/swift-6.3.2-RELEASE-macos_universal-MacroSupport/Modules/SwiftSyntaxBuilder.swiftmodule/x86_64-apple-macos.abi.json	4277ac6b49f8511196028a5ac20f5b1b1dfa754c24615d34068089f0b1739728
armv6-evidence/swiftpm/prebuilts/swift-syntax/603.0.2/swift-6.3.2-RELEASE-macos_universal-MacroSupport/Modules/SwiftSyntaxBuilder.swiftmodule/x86_64-apple-macos.swiftdoc	912c9fcccbf5165ac6a541636b691290e9b8a0deb4f6c5e63dc8994d199bff2b
armv6-evidence/swiftpm/prebuilts/swift-syntax/603.0.2/swift-6.3.2-RELEASE-macos_universal-MacroSupport/Modules/SwiftSyntaxBuilder.swiftmodule/x86_64-apple-macos.swiftmodule	9644d058057a4b960e2c43a82260ec2208f0dc0ef6f19406fa2e4835be327a5b
armv6-evidence/swiftpm/prebuilts/swift-syntax/603.0.2/swift-6.3.2-RELEASE-macos_universal-MacroSupport/Modules/SwiftSyntaxMacroExpansion.swiftmodule/Project/arm64-apple-macos.swiftsourceinfo	a8f65a8db48d2f54946f92a36bc69eb1c8c3242449563ed818c0843e08349f71
armv6-evidence/swiftpm/prebuilts/swift-syntax/603.0.2/swift-6.3.2-RELEASE-macos_universal-MacroSupport/Modules/SwiftSyntaxMacroExpansion.swiftmodule/Project/x86_64-apple-macos.swiftsourceinfo	aea9b54b8e1f95299d05bfce2f6acf61aaa953f162c2bde179ac82fdd0166767
armv6-evidence/swiftpm/prebuilts/swift-syntax/603.0.2/swift-6.3.2-RELEASE-macos_universal-MacroSupport/Modules/SwiftSyntaxMacroExpansion.swiftmodule/arm64-apple-macos.abi.json	4277ac6b49f8511196028a5ac20f5b1b1dfa754c24615d34068089f0b1739728
armv6-evidence/swiftpm/prebuilts/swift-syntax/603.0.2/swift-6.3.2-RELEASE-macos_universal-MacroSupport/Modules/SwiftSyntaxMacroExpansion.swiftmodule/arm64-apple-macos.swiftdoc	a28fddc4bcb88e2369ece9f873f8052c27ac8c2bb3150e19cb9b72e6442ef90d
armv6-evidence/swiftpm/prebuilts/swift-syntax/603.0.2/swift-6.3.2-RELEASE-macos_universal-MacroSupport/Modules/SwiftSyntaxMacroExpansion.swiftmodule/arm64-apple-macos.swiftmodule	d9181d9c8c17a6c3a41b66d230ad09cc95ac6f4efb604c1ed800ece079e72e29
armv6-evidence/swiftpm/prebuilts/swift-syntax/603.0.2/swift-6.3.2-RELEASE-macos_universal-MacroSupport/Modules/SwiftSyntaxMacroExpansion.swiftmodule/x86_64-apple-macos.abi.json	4277ac6b49f8511196028a5ac20f5b1b1dfa754c24615d34068089f0b1739728
armv6-evidence/swiftpm/prebuilts/swift-syntax/603.0.2/swift-6.3.2-RELEASE-macos_universal-MacroSupport/Modules/SwiftSyntaxMacroExpansion.swiftmodule/x86_64-apple-macos.swiftdoc	d25aab014856327f7a40420ee7266d60704f942affef0f1c94641d2dbcf0cad1
armv6-evidence/swiftpm/prebuilts/swift-syntax/603.0.2/swift-6.3.2-RELEASE-macos_universal-MacroSupport/Modules/SwiftSyntaxMacroExpansion.swiftmodule/x86_64-apple-macos.swiftmodule	c93949dd9b7c12d9866140018dbdfb49e620d64bb41076eecb8372d542fc27d6
armv6-evidence/swiftpm/prebuilts/swift-syntax/603.0.2/swift-6.3.2-RELEASE-macos_universal-MacroSupport/Modules/SwiftSyntaxMacros.swiftmodule/Project/arm64-apple-macos.swiftsourceinfo	4bc62ee906975316781c697302313bbf2d2e96036bde180110d2fd53c876a84f
armv6-evidence/swiftpm/prebuilts/swift-syntax/603.0.2/swift-6.3.2-RELEASE-macos_universal-MacroSupport/Modules/SwiftSyntaxMacros.swiftmodule/Project/x86_64-apple-macos.swiftsourceinfo	1998bce2f39bc7fa4f8b5b39f9b70cd096e4c9bb717e3148434331671c64faa6
armv6-evidence/swiftpm/prebuilts/swift-syntax/603.0.2/swift-6.3.2-RELEASE-macos_universal-MacroSupport/Modules/SwiftSyntaxMacros.swiftmodule/arm64-apple-macos.abi.json	4277ac6b49f8511196028a5ac20f5b1b1dfa754c24615d34068089f0b1739728
armv6-evidence/swiftpm/prebuilts/swift-syntax/603.0.2/swift-6.3.2-RELEASE-macos_universal-MacroSupport/Modules/SwiftSyntaxMacros.swiftmodule/arm64-apple-macos.swiftdoc	2391a270faf1a3e9d343725038160e5eb0b5844c40585d719372e2df2e01dd33
armv6-evidence/swiftpm/prebuilts/swift-syntax/603.0.2/swift-6.3.2-RELEASE-macos_universal-MacroSupport/Modules/SwiftSyntaxMacros.swiftmodule/arm64-apple-macos.swiftmodule	05a3f45a29e58acb9b4d172e0dacbac7da81314243e5295d28fb47d1e01dbda1
armv6-evidence/swiftpm/prebuilts/swift-syntax/603.0.2/swift-6.3.2-RELEASE-macos_universal-MacroSupport/Modules/SwiftSyntaxMacros.swiftmodule/x86_64-apple-macos.abi.json	4277ac6b49f8511196028a5ac20f5b1b1dfa754c24615d34068089f0b1739728
armv6-evidence/swiftpm/prebuilts/swift-syntax/603.0.2/swift-6.3.2-RELEASE-macos_universal-MacroSupport/Modules/SwiftSyntaxMacros.swiftmodule/x86_64-apple-macos.swiftdoc	136540f583e9186795fa12f75a7cda2eb83d5f1d82715fd2a07cf1a963b6e55f
armv6-evidence/swiftpm/prebuilts/swift-syntax/603.0.2/swift-6.3.2-RELEASE-macos_universal-MacroSupport/Modules/SwiftSyntaxMacros.swiftmodule/x86_64-apple-macos.swiftmodule	39e7f673d00e8625cf2e80555a9169ec161142709d3fc360c4b82d3ee8c17099
armv6-evidence/swiftpm/prebuilts/swift-syntax/603.0.2/swift-6.3.2-RELEASE-macos_universal-MacroSupport/Modules/SwiftSyntaxMacrosGenericTestSupport.swiftmodule/Project/arm64-apple-macos.swiftsourceinfo	a3507e281e9dd2ef5916cb52b044a88b61eaa5101257cab53e466169ff331e0a
armv6-evidence/swiftpm/prebuilts/swift-syntax/603.0.2/swift-6.3.2-RELEASE-macos_universal-MacroSupport/Modules/SwiftSyntaxMacrosGenericTestSupport.swiftmodule/Project/x86_64-apple-macos.swiftsourceinfo	1f08347e97b2466f99f9ffbb307ef64bec216a0996bac939bd7f5a5d945b2bf1
armv6-evidence/swiftpm/prebuilts/swift-syntax/603.0.2/swift-6.3.2-RELEASE-macos_universal-MacroSupport/Modules/SwiftSyntaxMacrosGenericTestSupport.swiftmodule/arm64-apple-macos.abi.json	4277ac6b49f8511196028a5ac20f5b1b1dfa754c24615d34068089f0b1739728
armv6-evidence/swiftpm/prebuilts/swift-syntax/603.0.2/swift-6.3.2-RELEASE-macos_universal-MacroSupport/Modules/SwiftSyntaxMacrosGenericTestSupport.swiftmodule/arm64-apple-macos.swiftdoc	381679eba47bd5eeb812630ff525d1bdb42b7c4b2bf59a4ff8360ea86580345e
armv6-evidence/swiftpm/prebuilts/swift-syntax/603.0.2/swift-6.3.2-RELEASE-macos_universal-MacroSupport/Modules/SwiftSyntaxMacrosGenericTestSupport.swiftmodule/arm64-apple-macos.swiftmodule	c7f6b9190e3af4fb58fab475ca1b514f26c64c5954da01347f083ddc6d803da2
armv6-evidence/swiftpm/prebuilts/swift-syntax/603.0.2/swift-6.3.2-RELEASE-macos_universal-MacroSupport/Modules/SwiftSyntaxMacrosGenericTestSupport.swiftmodule/x86_64-apple-macos.abi.json	4277ac6b49f8511196028a5ac20f5b1b1dfa754c24615d34068089f0b1739728
armv6-evidence/swiftpm/prebuilts/swift-syntax/603.0.2/swift-6.3.2-RELEASE-macos_universal-MacroSupport/Modules/SwiftSyntaxMacrosGenericTestSupport.swiftmodule/x86_64-apple-macos.swiftdoc	12b2852b9a45463737a01b6961f34f8de6c5c0e403b3cf3cbec29f69650fcfde
armv6-evidence/swiftpm/prebuilts/swift-syntax/603.0.2/swift-6.3.2-RELEASE-macos_universal-MacroSupport/Modules/SwiftSyntaxMacrosGenericTestSupport.swiftmodule/x86_64-apple-macos.swiftmodule	e9f1fd2ce75f20384d46c57ff4b016173fddc238dfa68604f492649ca5204aeb
armv6-evidence/swiftpm/prebuilts/swift-syntax/603.0.2/swift-6.3.2-RELEASE-macos_universal-MacroSupport/Modules/SwiftSyntaxMacrosTestSupport.swiftmodule/Project/arm64-apple-macos.swiftsourceinfo	f4422605fe838e82c963c364aa79f8dd91d32c7d0e4c7bfba8cd70c18ae61b13
armv6-evidence/swiftpm/prebuilts/swift-syntax/603.0.2/swift-6.3.2-RELEASE-macos_universal-MacroSupport/Modules/SwiftSyntaxMacrosTestSupport.swiftmodule/Project/x86_64-apple-macos.swiftsourceinfo	230b37f0d0816c5f7cc64bc8ed55a07a43758f6ec8f02eff0b391f3b63f2802b
armv6-evidence/swiftpm/prebuilts/swift-syntax/603.0.2/swift-6.3.2-RELEASE-macos_universal-MacroSupport/Modules/SwiftSyntaxMacrosTestSupport.swiftmodule/arm64-apple-macos.abi.json	4277ac6b49f8511196028a5ac20f5b1b1dfa754c24615d34068089f0b1739728
armv6-evidence/swiftpm/prebuilts/swift-syntax/603.0.2/swift-6.3.2-RELEASE-macos_universal-MacroSupport/Modules/SwiftSyntaxMacrosTestSupport.swiftmodule/arm64-apple-macos.swiftdoc	d94fbb9e8023e95173793e2b457dcfe99ccc557b5d5e8c61e68544297d2d8efe
armv6-evidence/swiftpm/prebuilts/swift-syntax/603.0.2/swift-6.3.2-RELEASE-macos_universal-MacroSupport/Modules/SwiftSyntaxMacrosTestSupport.swiftmodule/arm64-apple-macos.swiftmodule	fb77d8f75443acab849dfa9815cd1747b08a9e7e89f3fafde20302dff88bf753
armv6-evidence/swiftpm/prebuilts/swift-syntax/603.0.2/swift-6.3.2-RELEASE-macos_universal-MacroSupport/Modules/SwiftSyntaxMacrosTestSupport.swiftmodule/x86_64-apple-macos.abi.json	4277ac6b49f8511196028a5ac20f5b1b1dfa754c24615d34068089f0b1739728
armv6-evidence/swiftpm/prebuilts/swift-syntax/603.0.2/swift-6.3.2-RELEASE-macos_universal-MacroSupport/Modules/SwiftSyntaxMacrosTestSupport.swiftmodule/x86_64-apple-macos.swiftdoc	0b6422a0566f38a7b34f27288846c47c93dc336df6b5abc51ef1b6667f4cc3d6
armv6-evidence/swiftpm/prebuilts/swift-syntax/603.0.2/swift-6.3.2-RELEASE-macos_universal-MacroSupport/Modules/SwiftSyntaxMacrosTestSupport.swiftmodule/x86_64-apple-macos.swiftmodule	a0278c144bf3615c3c36579ded0f4ccee201b66d080f4fdbf803686f0a913970
armv6-evidence/swiftpm/prebuilts/swift-syntax/603.0.2/swift-6.3.2-RELEASE-macos_universal-MacroSupport/Modules/SwiftWarningControl.swiftmodule/Project/arm64-apple-macos.swiftsourceinfo	4063bec10f3876989d771e7fcacd2d7458d7adeb0032f17a12b0427de1b6735d
armv6-evidence/swiftpm/prebuilts/swift-syntax/603.0.2/swift-6.3.2-RELEASE-macos_universal-MacroSupport/Modules/SwiftWarningControl.swiftmodule/Project/x86_64-apple-macos.swiftsourceinfo	ba496293768b10bdbeec454bb08591daaaeda944e244a96e0eaa7bfd8d325ee5
armv6-evidence/swiftpm/prebuilts/swift-syntax/603.0.2/swift-6.3.2-RELEASE-macos_universal-MacroSupport/Modules/SwiftWarningControl.swiftmodule/arm64-apple-macos.abi.json	4277ac6b49f8511196028a5ac20f5b1b1dfa754c24615d34068089f0b1739728
armv6-evidence/swiftpm/prebuilts/swift-syntax/603.0.2/swift-6.3.2-RELEASE-macos_universal-MacroSupport/Modules/SwiftWarningControl.swiftmodule/arm64-apple-macos.swiftdoc	610b8b94f1843cea307e58d47e87a65cfd00411acdf01e256a8ffdf8d7bfb822
armv6-evidence/swiftpm/prebuilts/swift-syntax/603.0.2/swift-6.3.2-RELEASE-macos_universal-MacroSupport/Modules/SwiftWarningControl.swiftmodule/arm64-apple-macos.swiftmodule	8ab21b9bcaf7032a30f5a01ca38cb2a673761f40666887c268906097474fb537
armv6-evidence/swiftpm/prebuilts/swift-syntax/603.0.2/swift-6.3.2-RELEASE-macos_universal-MacroSupport/Modules/SwiftWarningControl.swiftmodule/x86_64-apple-macos.abi.json	4277ac6b49f8511196028a5ac20f5b1b1dfa754c24615d34068089f0b1739728
armv6-evidence/swiftpm/prebuilts/swift-syntax/603.0.2/swift-6.3.2-RELEASE-macos_universal-MacroSupport/Modules/SwiftWarningControl.swiftmodule/x86_64-apple-macos.swiftdoc	c2bddcc135d9a9fa73aefb09e19d88ea6a0ee36c172b20d95a3d11d69e575853
armv6-evidence/swiftpm/prebuilts/swift-syntax/603.0.2/swift-6.3.2-RELEASE-macos_universal-MacroSupport/Modules/SwiftWarningControl.swiftmodule/x86_64-apple-macos.swiftmodule	b32bc23741b1187e91239982441ae10bc475daa9d9917072cfc50a65c8ea21ca
armv6-evidence/swiftpm/prebuilts/swift-syntax/603.0.2/swift-6.3.2-RELEASE-macos_universal-MacroSupport/Modules/_SwiftSyntaxGenericTestSupport.swiftmodule/Project/arm64-apple-macos.swiftsourceinfo	3aea023906aca3cc2fcbd54cbe4f1e24a312ca528e149b64fa7f26d788371372
armv6-evidence/swiftpm/prebuilts/swift-syntax/603.0.2/swift-6.3.2-RELEASE-macos_universal-MacroSupport/Modules/_SwiftSyntaxGenericTestSupport.swiftmodule/Project/x86_64-apple-macos.swiftsourceinfo	a499c014f6ac5440588cbff6ce2d6b7abbd08316adb848f80ced15682fb7ed5c
armv6-evidence/swiftpm/prebuilts/swift-syntax/603.0.2/swift-6.3.2-RELEASE-macos_universal-MacroSupport/Modules/_SwiftSyntaxGenericTestSupport.swiftmodule/arm64-apple-macos.abi.json	4277ac6b49f8511196028a5ac20f5b1b1dfa754c24615d34068089f0b1739728
armv6-evidence/swiftpm/prebuilts/swift-syntax/603.0.2/swift-6.3.2-RELEASE-macos_universal-MacroSupport/Modules/_SwiftSyntaxGenericTestSupport.swiftmodule/arm64-apple-macos.swiftdoc	a9a09dd334fcd433fe6c5c63e3d323811b9b088a51158f3fb662425a60c3d148
armv6-evidence/swiftpm/prebuilts/swift-syntax/603.0.2/swift-6.3.2-RELEASE-macos_universal-MacroSupport/Modules/_SwiftSyntaxGenericTestSupport.swiftmodule/arm64-apple-macos.swiftmodule	b199bfa583357aaea9f4f144887e8d012d321ea4853a310efe88f1d50b1ed9c5
armv6-evidence/swiftpm/prebuilts/swift-syntax/603.0.2/swift-6.3.2-RELEASE-macos_universal-MacroSupport/Modules/_SwiftSyntaxGenericTestSupport.swiftmodule/x86_64-apple-macos.abi.json	4277ac6b49f8511196028a5ac20f5b1b1dfa754c24615d34068089f0b1739728
armv6-evidence/swiftpm/prebuilts/swift-syntax/603.0.2/swift-6.3.2-RELEASE-macos_universal-MacroSupport/Modules/_SwiftSyntaxGenericTestSupport.swiftmodule/x86_64-apple-macos.swiftdoc	337423137032266e39f7e3ed8ddacbc3f4e4a53ab1be4dbd96c23c85e2fc5e58
armv6-evidence/swiftpm/prebuilts/swift-syntax/603.0.2/swift-6.3.2-RELEASE-macos_universal-MacroSupport/Modules/_SwiftSyntaxGenericTestSupport.swiftmodule/x86_64-apple-macos.swiftmodule	87f38273416cd21aafc1cdb27be8a8c72c3d23325dcccede2704ae1d949ca784
armv6-evidence/swiftpm/prebuilts/swift-syntax/603.0.2/swift-6.3.2-RELEASE-macos_universal-MacroSupport/lib/libMacroSupport.a	b3e79ef59e1778527bdefdd1467cd0235bfd05ad0bf6137c23ab464e7fef9e8c
armv6-evidence/swiftpm/prebuilts/swift-syntax/603.0.2/swift-6.3.2-RELEASE-macos_universal.json	2f459af9e9c4335f495c73f3251edf448f8eecaca4ee705f959dff135ed6190c
armv6-evidence/swiftpm/release.yaml	ce2a00ff31ddd674f98a3cc459c34f5191a59144ea4c362bff8872098f2196fc
armv6-evidence/swiftpm/repositories/swift-syntax-e1f983d3/FETCH_HEAD	542a85067e9184d3b6761942b3d26e376d7cf687885dd18306415d6e05a8024d
armv6-evidence/swiftpm/repositories/swift-syntax-e1f983d3/HEAD	28d25bf82af4c0e2b72f50959b2beb859e3e60b9630a5e8c603dad4ddb2b6e80
armv6-evidence/swiftpm/repositories/swift-syntax-e1f983d3/config	010d1cd57fb5abd4069259475313897a15160ad396fa03fbf3f9964d469a263a
armv6-evidence/swiftpm/repositories/swift-syntax-e1f983d3/description	85ab6c163d43a17ea9cf7788308bca1466f1b0a8d1cc92e26e9bf63da4062aee
armv6-evidence/swiftpm/repositories/swift-syntax-e1f983d3/hooks/applypatch-msg.sample	0223497a0b8b033aa58a3a521b8629869386cf7ab0e2f101963d328aa62193f7
armv6-evidence/swiftpm/repositories/swift-syntax-e1f983d3/hooks/commit-msg.sample	1f74d5e9292979b573ebd59741d46cb93ff391acdd083d340b94370753d92437
armv6-evidence/swiftpm/repositories/swift-syntax-e1f983d3/hooks/fsmonitor-watchman.sample	e0549964e93897b519bd8e333c037e51fff0f88ba13e086a331592bf801fa1d0
armv6-evidence/swiftpm/repositories/swift-syntax-e1f983d3/hooks/post-update.sample	81765af2daef323061dcbc5e61fc16481cb74b3bac9ad8a174b186523586f6c5
armv6-evidence/swiftpm/repositories/swift-syntax-e1f983d3/hooks/pre-applypatch.sample	e15c5b469ea3e0a695bea6f2c82bcf8e62821074939ddd85b77e0007ff165475
armv6-evidence/swiftpm/repositories/swift-syntax-e1f983d3/hooks/pre-commit.sample	57185b7b9f05239d7ab52db045f5b89eb31348d7b2177eab214f5eb872e1971b
armv6-evidence/swiftpm/repositories/swift-syntax-e1f983d3/hooks/pre-merge-commit.sample	d3825a70337940ebbd0a5c072984e13245920cdf8898bd225c8d27a6dfc9cb53
armv6-evidence/swiftpm/repositories/swift-syntax-e1f983d3/hooks/pre-push.sample	ecce9c7e04d3f5dd9d8ada81753dd1d549a9634b26770042b58dda00217d086a
armv6-evidence/swiftpm/repositories/swift-syntax-e1f983d3/hooks/pre-rebase.sample	4febce867790052338076f4e66cc47efb14879d18097d1d61c8261859eaaa7b3
armv6-evidence/swiftpm/repositories/swift-syntax-e1f983d3/hooks/pre-receive.sample	a4c3d2b9c7bb3fd8d1441c31bd4ee71a595d66b44fcf49ddb310252320169989
armv6-evidence/swiftpm/repositories/swift-syntax-e1f983d3/hooks/prepare-commit-msg.sample	e9ddcaa4189fddd25ed97fc8c789eca7b6ca16390b2392ae3276f0c8e1aa4619
armv6-evidence/swiftpm/repositories/swift-syntax-e1f983d3/hooks/push-to-checkout.sample	a53d0741798b287c6dd7afa64aee473f305e65d3f49463bb9d7408ec3b12bf5f
armv6-evidence/swiftpm/repositories/swift-syntax-e1f983d3/hooks/sendemail-validate.sample	44ebfc923dc5466bc009602f0ecf067b9c65459abfe8868ddc49b78e6ced7a92
armv6-evidence/swiftpm/repositories/swift-syntax-e1f983d3/hooks/update.sample	8d5f2fa83e103cf08b57eaa67521df9194f45cbdbcb37da52ad586097a14d106
armv6-evidence/swiftpm/repositories/swift-syntax-e1f983d3/info/exclude	6671fe83b7a07c8932ee89164d1f2793b2318058eb8b98dc5c06ee0a5a3b0ec1
armv6-evidence/swiftpm/repositories/swift-syntax-e1f983d3/objects/00/6b412a2dc0918615d179fd0e8cdf97b05d8265	04bda0254696dfd28314104e478725b8f7cecb2e6c7f24a0f2242bfbebdd8689
armv6-evidence/swiftpm/repositories/swift-syntax-e1f983d3/objects/00/9059b7d2ae83a5807ad5af7ac9c60f28bd349a	6e91b64c8fa8cfed06fce328dd29ce5e4a02a20590ab605d709b0ecf87ea3638
armv6-evidence/swiftpm/repositories/swift-syntax-e1f983d3/objects/01/6fe36104aeb9bfd32e734b17b18660e63ae0e9	dec2eedb134b9b59ca5fee0774ba76f7f88a2e2872c8195f8c08b5f8f51df1f5
armv6-evidence/swiftpm/repositories/swift-syntax-e1f983d3/objects/01/a494d52dc0b03e3ff9b70d97db6a28da6598ab	cdb5c5a1a76a4059f57a8dce272e26a3e63fa898cd976ff1f4dbce5949718a32
armv6-evidence/swiftpm/repositories/swift-syntax-e1f983d3/objects/01/b303f3127adf2e7778d77529cafc46c6efde61	62522e98f12cd6aa9f17996110754de19ff98e8211e4f72e6e2a45d2cb881c27
armv6-evidence/swiftpm/repositories/swift-syntax-e1f983d3/objects/03/6e1096293fec31fe86dc108fbdb471f8fb820f	23cb025b32ffa4892e4153ece72b8b3325fbebaa2142cca8be602877799f88db
armv6-evidence/swiftpm/repositories/swift-syntax-e1f983d3/objects/03/80a38dbf3028de450ad766c699d8bcfbebaf22	7bf645cd9d4213cf5eb2c8ecd58b6ade109e398e540a4423f5e57432de791ae6
armv6-evidence/swiftpm/repositories/swift-syntax-e1f983d3/objects/03/f97f6c7d8443d8db4b0fe8f0248dcd17b53bf2	d100eec16b019e1dd6212276c3fc1da36ffb8dce0000553e242cd382659085a6
armv6-evidence/swiftpm/repositories/swift-syntax-e1f983d3/objects/04/9dcd9123e5fdc826650743d0b5e8d6ba9df286	84ba2529d72ffe1c9011194a4e1017644ef5232f37b0075055524458f7174a63
armv6-evidence/swiftpm/repositories/swift-syntax-e1f983d3/objects/05/cd3b50a8b132e7e2c571165ea9c24ca0b451c5	e02e1e3b51f79a8c1276228a742231c6a43e32b2584d6e2ff69805b2b38713cf
armv6-evidence/swiftpm/repositories/swift-syntax-e1f983d3/objects/05/e238059856e0e6b37ebab2a7f298f84e46700a	6ac671fd8e1f70cab50ed80d7cd1c35415ba52507ce3f3639754483b0dfef66d
armv6-evidence/swiftpm/repositories/swift-syntax-e1f983d3/objects/06/1cf188e9647eb42dfa6370f4bc5a2eaab35e51	9e0317de4cbd629736280c9352d35a07a2ae5c9cee8351b3d628beaa5b74579b
armv6-evidence/swiftpm/repositories/swift-syntax-e1f983d3/objects/06/3fdaf40ea6f2b305caa5e18733b1639cd6ee69	e01176ea292164e36f4db05d8c4fa11636c0ecbd455f2928feb8ecf865f99ec7
armv6-evidence/swiftpm/repositories/swift-syntax-e1f983d3/objects/06/43d84023ea26b4d0d0bd1f81d719d819019ed3	64b9b336fb27a9088d29becf3f7d976a93994ad7da33ec3b8ca56d4559548ace
armv6-evidence/swiftpm/repositories/swift-syntax-e1f983d3/objects/07/2271dcc1b884bd52ed641cd07a52bd69321185	550ab648eb077fa24ac9d68b133a5a7fb70bc0d582e92205ebf1ad55d3fb9ae3
armv6-evidence/swiftpm/repositories/swift-syntax-e1f983d3/objects/07/4737dc0ecb2ebd44ef329928f1159559c28dca	6f1906546785a98d0dc5d1938facd31add94af2110adcd39612b82b203985b09
armv6-evidence/swiftpm/repositories/swift-syntax-e1f983d3/objects/07/4b696f5a9d559f4d25da28fbb762f6747aa217	5d68a2c1269ee431aff9f053b531c34f070117cd524d1d151ef63ac0f9c6e1f1
armv6-evidence/swiftpm/repositories/swift-syntax-e1f983d3/objects/09/8a4c261cf77573052dcfea50743c9638c8b699	996fef55a92dd7075e533d737ee4645ace6323fe57d61a29fe14dba67d1182d7
armv6-evidence/swiftpm/repositories/swift-syntax-e1f983d3/objects/09/bdc3bc93bed55dcea46cba27dd2b48932e7d17	e8dbaeae6d14cd82ab27cc64696027a8d29853cd01840cfaa2da6e8c34f282a1
armv6-evidence/swiftpm/repositories/swift-syntax-e1f983d3/objects/09/e3b3963b7a98508f69d08cb9be3e98c6636b37	d0394b07e6af1268797f548263c0d505786f558b655a43ebad847bc199507486
armv6-evidence/swiftpm/repositories/swift-syntax-e1f983d3/objects/0b/747c84c005c04201685662473dd7d01ee584c9	09d27c10cca5ff25f1949df05158577c35c75a76f9da15c931d6dcc409cdb2ca
armv6-evidence/swiftpm/repositories/swift-syntax-e1f983d3/objects/0c/60682f0d8a2022616a697eae8ccd573693f0af	934bca8c92331d7df6542d89139ba5a278b2ba476b560fa28d08bcf00bf9b185
armv6-evidence/swiftpm/repositories/swift-syntax-e1f983d3/objects/0c/647fa871e0463c242459e89e57018f54a126df	ebb6f96419c2d9340e7b0c7e69fd2109da30e9ce1ffc4df2e87e3a8cbdf6581d
armv6-evidence/swiftpm/repositories/swift-syntax-e1f983d3/objects/0c/8f60bd715079025b314aac8d13f0cb8252ab62	cb1c6744a20269b06e4990a7c4fafb1fdec208a66e56e20aabc21d0b4e8ed39c
armv6-evidence/swiftpm/repositories/swift-syntax-e1f983d3/objects/0d/a15f01c06e51e690af34e8ce4370f75690d83d	34a27a1241e4581d1c0723bb2241297f38e6a22c032e912a4d122ca0075af8cb
armv6-evidence/swiftpm/repositories/swift-syntax-e1f983d3/objects/0d/bd6e386c2643a2b610acda8de186258339ca9c	004f8fb63c8bfa0c8f7d27f21cb38781a0118cbf35653d1078df7f4d349f56a8
armv6-evidence/swiftpm/repositories/swift-syntax-e1f983d3/objects/0e/2ad2fc1de15d4743c15520818d3ee2ec9c95d8	94f3dcb4072d81c71260d1d9fe441f73ae0fb9fb0e870be4e3fa2a815f77cd69
armv6-evidence/swiftpm/repositories/swift-syntax-e1f983d3/objects/0e/fb699350043617d264bce8f8b1bc6c92dffa80	fe5e408aecb4bd006c49506599e6d79c4d967f0c2c17e6ae6721706a857b527b
armv6-evidence/swiftpm/repositories/swift-syntax-e1f983d3/objects/0f/2256eb8e378377cd28a146a8f4170e8ba77dad	e04758ad8bbb0220ac80628c6ed5c41bdcf24c6fe7ef1c112bd83bf71bb39d28
armv6-evidence/swiftpm/repositories/swift-syntax-e1f983d3/objects/0f/68f135d5d0ca5ed5125d3e2cb56e30e6117d4b	9bb730ff9e2f56179fd50cd442433cbf8e9896221c2381edabcb1cfe99e692ac
armv6-evidence/swiftpm/repositories/swift-syntax-e1f983d3/objects/11/b6410f7188a6c4036d68d5218bf4d88e930b96	a61aa097900f5fc2a748de9a49cd1c140f98742872f59c7660b66da083f649ad
armv6-evidence/swiftpm/repositories/swift-syntax-e1f983d3/objects/13/6087a73c898d0cb6d9d1eb70146b3fac081966	e8a1cc5ccdf293a3613ca81b2b870dfbe15b072896aee19e34517d22bf6d51f6
armv6-evidence/swiftpm/repositories/swift-syntax-e1f983d3/objects/14/11d5c9e4b6f4fe71e00ce7580da28c1831277f	8c6d81936f5c1010734adcb0fdad1f08cb9b34d4a2f71f0aed835b587c9afe20
armv6-evidence/swiftpm/repositories/swift-syntax-e1f983d3/objects/15/813d049e71aae72b10be7ed409f762e4b2bd92	3858e141d1346f28ca9ebb64b85d0fd784972e3f07f7c133151dc81f39f53645
armv6-evidence/swiftpm/repositories/swift-syntax-e1f983d3/objects/15/a382a60ef406c1f6ac768246092732815c3939	1cd79b2b9d1448a7cfd5706afc9091ef1159fe6a8620b2d5b81497168254fac1
armv6-evidence/swiftpm/repositories/swift-syntax-e1f983d3/objects/17/caace8fb1ca03001ca28b1512399780b305664	8441e03eb8caa9e7b474afc8b779b20230c407adbc2e2e25984a661d4b37daeb
armv6-evidence/swiftpm/repositories/swift-syntax-e1f983d3/objects/19/abf6e0402010d10503c03b5027c170ee285829	009bbbf82cc31fe6d3d720a3144f5baf938277b2f3fff96afd9fa4d99c43b1c9
armv6-evidence/swiftpm/repositories/swift-syntax-e1f983d3/objects/1a/313100cd0392b2c2a65878161a9a6dfb0bc4d8	a8d15286ae9eb3598ad7429dc0e7b66ffddf885577ad23f4f9a5dd045309747d
armv6-evidence/swiftpm/repositories/swift-syntax-e1f983d3/objects/1b/f77df4160a647a7f38369126308d922f45256e	01ffcd473663e0038baa48bc19e8ed8771d1243671287722a4a4bef4ea9e42dd
armv6-evidence/swiftpm/repositories/swift-syntax-e1f983d3/objects/1c/0fe1cb0e2aaf132c43a0b0ea1ba7de7bb07e91	afded8dae7c069ba200fc65ad48681b5ced62d517e76a6e31de12b40afa015a6
armv6-evidence/swiftpm/repositories/swift-syntax-e1f983d3/objects/1c/2ebcc596081d1e33ef47ba11419ef3df94b6a4	1c826b9b8cb2420c5df2a17f8b3215fc72f4a23ddbf74254650ae12cceb83cdf
armv6-evidence/swiftpm/repositories/swift-syntax-e1f983d3/objects/1c/3bb554d1289f4bbbb4e3a6dec78adb8bc00c7f	030bdf0e708697a359195263723e864bbdaa6f097b2f3ba440257bd8c648c368
armv6-evidence/swiftpm/repositories/swift-syntax-e1f983d3/objects/1c/98c058c2b8a12b5e5da083347d5036300018d4	819aa6e89151025edd986de74b225daedb87758cf13f5f67a297f7889b88f632
armv6-evidence/swiftpm/repositories/swift-syntax-e1f983d3/objects/1d/d37fbd76da4feae14409c7f6556d1dc0fe84a9	b682dccbc0542b51145b0b0dfbeb0ffcee119a99ad35273e53f403c88b843cc2
armv6-evidence/swiftpm/repositories/swift-syntax-e1f983d3/objects/1e/048df4dedcb2e588a5c03b64748490a3cb2310	50d3dccc945bf11a8e49a829267140ba530d7097b96451ae7aded0d1438b872c
armv6-evidence/swiftpm/repositories/swift-syntax-e1f983d3/objects/1f/80aacc309c1b3835af2e027a10619abdd62d55	32d8ad2811d9e226a33825e9ec04210f6b20e5fce1e09476a412170429573e83
armv6-evidence/swiftpm/repositories/swift-syntax-e1f983d3/objects/1f/8130d971ca40f31612436045237ec52031633f	0c737103e70e556557378999836f4a39f704a6e3f7596fca72a5679dbad058c6
armv6-evidence/swiftpm/repositories/swift-syntax-e1f983d3/objects/1f/c4ecf7cc8c79cf810fd543be192d8d96927c12	2fd4e8b3827519bef82cf20f5a795a2dc2cc8a1aa700f5e16e837527364c3b3f
armv6-evidence/swiftpm/repositories/swift-syntax-e1f983d3/objects/21/8a395b78cf1beb2aff320e8f0920a71dab07da	b5f36448f5efb5292f54d63a19210424bd679f6792b2377afec5510a88c43983
armv6-evidence/swiftpm/repositories/swift-syntax-e1f983d3/objects/22/5f15e6fa0b645b1853ae8063f5abe3578de494	fed14aa56b95ce7242aad25694e55e3f432b4e7b8674e85c43984ed3a60b18e1
armv6-evidence/swiftpm/repositories/swift-syntax-e1f983d3/objects/23/b81662868466f50bdf4c695082f82d943e201b	5e8468ef4a3bc584e442b4359411b92dcfeb490fa6a4f8db1862cf93d4935d62
armv6-evidence/swiftpm/repositories/swift-syntax-e1f983d3/objects/23/f946af1c3b9df4115ab9180288d0e51ed8d9ff	27baf66a94e59e8223d3c85ee29199051d560df6ce3e6528334cc7ab6a19cefc
armv6-evidence/swiftpm/repositories/swift-syntax-e1f983d3/objects/24/01f62959523b6c5825cb3ee89783703c782b74	4e2e2de75c098d99da135a1529466de67277f68659cbba0a8979d2ef4577ed09
armv6-evidence/swiftpm/repositories/swift-syntax-e1f983d3/objects/24/195e0cd794a71a49e920af6de0557fae7d5925	b57fad090fdd17a5615c3de8711c6738aaecc3b9ded154e84e3a1f948d8893a1
armv6-evidence/swiftpm/repositories/swift-syntax-e1f983d3/objects/25/8ecf1394ce0e12bf45974f230b55f6dfb28b25	21de7432d2a34a4a53d7d5fff1c1bfe56cc72b8c2ca297636b829d01712b2f46
armv6-evidence/swiftpm/repositories/swift-syntax-e1f983d3/objects/25/932f52120779bf8665196acd251b37284a0732	d875e9a5da66fe44d5312a73ddf4fc8f9022e795b89abd8661e8ea17f08a129c
armv6-evidence/swiftpm/repositories/swift-syntax-e1f983d3/objects/26/2e62210d220fa89978ec3569bc831d0ea2b9dd	6e7917efe792080a9c0f1cfacf2c36fae6feb9890c82b3240fcfc38d6fbe16f1
armv6-evidence/swiftpm/repositories/swift-syntax-e1f983d3/objects/26/f6f1a8371d03a3ab3d770c9892bfaba05d87ab	a9f5d1896c5ba2a58bc4e9b2f8b3783088aa2288a64865b52270ccbb42bfe1ab
armv6-evidence/swiftpm/repositories/swift-syntax-e1f983d3/objects/27/9670cbf27efc151bfb88f5c5702c6f462a1112	1b861725d5d29e5d41231c49f7261abf6eaa7660fd8e3f16c102eef9f520d17c
armv6-evidence/swiftpm/repositories/swift-syntax-e1f983d3/objects/28/8bdd92e8dda85f817083b4d2f92b4030479603	1972c4cbc2d354cea3bf5cabd34f62a054155a7be6b295d811c50a9305f6c68b
armv6-evidence/swiftpm/repositories/swift-syntax-e1f983d3/objects/28/f14c03346770db7ac4e49116b82a6a7be8d92c	1d753ae9efec35ca4b63cb4c5ddcb51cc94b8dc90064e69fc5190ead1e5a5a06
armv6-evidence/swiftpm/repositories/swift-syntax-e1f983d3/objects/29/bcd1d956b5045adf18730e13623b945747d1b9	f422b0a1204e43e09f9e65d9dd91be6052ef4900066946151c43431b22771775
armv6-evidence/swiftpm/repositories/swift-syntax-e1f983d3/objects/29/e7df137276b3cd2a64229180837fee0b2f0db7	8765c13f01fa37ed7aef258793b778011eafd9bc1c684930bdf644a9b95fd4cd
armv6-evidence/swiftpm/repositories/swift-syntax-e1f983d3/objects/2a/14544a3df64ce7e0cc6cbee4b8f6d560c50158	b18d22541e286938ae3f329f190baa73d0da1dffbe932d6e33149468843b3796
armv6-evidence/swiftpm/repositories/swift-syntax-e1f983d3/objects/2a/be3c06b4247a0b7ee91beaa99257e53883ce72	841bcc45888db160e274f4a5852b15e142395c5964872c9b3f1ea46b65a62eec
armv6-evidence/swiftpm/repositories/swift-syntax-e1f983d3/objects/2c/eac1c4b21e97b4a8f975467bfcbc93f3367e9a	93559feaf6f744d63588b31e544003a1ca2d8f25473371c57e67db94e2f087a7
armv6-evidence/swiftpm/repositories/swift-syntax-e1f983d3/objects/2d/ea8219ae0ce651ba2aefa6a5397365ce947d56	4453b8cfe97e089bbf50a94590439184521cb651955cb2b38ea2b3194922e8cb
armv6-evidence/swiftpm/repositories/swift-syntax-e1f983d3/objects/2d/f3b89c08a4915669a67029dc372ca91e126ce5	12d244605c65daf161947060b51ed4dad3aaf94390a054ad0be697824af4022d
armv6-evidence/swiftpm/repositories/swift-syntax-e1f983d3/objects/2e/a2fc52bd1c3e2761638d2182d160a35709f46c	47dad75264715175d9bc9fcc11d497280b4f2a2fb4211ef3d623314c3ebb0179
armv6-evidence/swiftpm/repositories/swift-syntax-e1f983d3/objects/2e/f4aaa55168bd96bb1aa941a9e30f2fe41683fa	803110fb116412658fbc1340238f1585a34d52fb1882f3566068874ebe62cc29
armv6-evidence/swiftpm/repositories/swift-syntax-e1f983d3/objects/2f/024f2a7971cb26bbc706bb34447603c3708bef	07f187156f343bd4136d92700ebf049417876cdbf05fbeda5425701bd321a108
armv6-evidence/swiftpm/repositories/swift-syntax-e1f983d3/objects/2f/0ef5b5acd054c55a555808e9d7d68d6c9b2792	bcca74eba683da1f7fb2494fd8f2f55c5bbc352882054201a9357af8f83c3a1f
armv6-evidence/swiftpm/repositories/swift-syntax-e1f983d3/objects/2f/248e2e87b5dfb8d633a7b0845804db94fba9cb	7eacfca5c4d91cd9319cc8a60d3f57bce049c523e8ca714375390641d22beb5a
armv6-evidence/swiftpm/repositories/swift-syntax-e1f983d3/objects/30/d9cb0f5b6e233674a9751d032eaaff297aecb7	78778ce4bcd29490b54014ddfe3299797639524478617fed6c90eb1360000247
armv6-evidence/swiftpm/repositories/swift-syntax-e1f983d3/objects/31/5dbf9b67fa4f7156f0e84b98577683ae3bdc04	6415af8778d38402b75c90f04546bf4c10e38feaf116cff3458fded91a449f77
armv6-evidence/swiftpm/repositories/swift-syntax-e1f983d3/objects/32/4dbc5f567784f6fe65f82cfadda835875c28d3	b01aec6e9be9f82a97ac892976ce92ed68d3929c9d068f29a4b064d604552c90
armv6-evidence/swiftpm/repositories/swift-syntax-e1f983d3/objects/32/9b5dd555d1143fd30a5bf3fd8233adacbf6ad7	20b4c2857f92615c1cbcc0b56678c021c6262bd9a7b5725523ea7f8fb64e1e09
armv6-evidence/swiftpm/repositories/swift-syntax-e1f983d3/objects/32/e83768800149cb9d177ae65f3021a5d09767f2	d95620b40b707546733abd968c528465d8215ff498cc4d5f79c389aa6e238708
armv6-evidence/swiftpm/repositories/swift-syntax-e1f983d3/objects/33/174df40942796dcefe3ced56aa0c0ce7c9da3c	98b13cabaebfac2a54b1f5f9df1c4ec41119bab2bc1a518fb48380cd9219cf05
armv6-evidence/swiftpm/repositories/swift-syntax-e1f983d3/objects/33/c593c951aea9ba3f271e8662d1147dd729dd10	340813a874d67f89c499df17cf43721d2e9a11fee8d42efb28dbc839b84d55fd
armv6-evidence/swiftpm/repositories/swift-syntax-e1f983d3/objects/33/ec041875f6d01df7129279cf2b25778145809f	1ee256bdb251ff4f9e0e09d5649f00ca88c37a9d956be326cd63db6907c63d7d
armv6-evidence/swiftpm/repositories/swift-syntax-e1f983d3/objects/34/807b847c6e5e580aac4418ef881df246a5727c	21949d35185356380180662b77de0dd8c9b2b625aa69a3f4eeaf2f58ec86f932
armv6-evidence/swiftpm/repositories/swift-syntax-e1f983d3/objects/34/9a4c38c001fc4ab3402676f49de85903d6da82	1c35e59ff695881141ab1b77a84f96f3c3d2d71f7ad36716f9a073e67b3f2daa
armv6-evidence/swiftpm/repositories/swift-syntax-e1f983d3/objects/34/a8311cdcda240f5263bc0a8e1601ab0811a69d	37724e60dfaf3de62597bbed9565424cc00ce1fc7451f3e30a8c464aea6b8f81
armv6-evidence/swiftpm/repositories/swift-syntax-e1f983d3/objects/34/f770fec0a7884be6999d1661be23b877c2fb41	ad214e3e91fac5d9b96918e00a6ff79b8e68999e972973cfd504316e5718842c
armv6-evidence/swiftpm/repositories/swift-syntax-e1f983d3/objects/36/58e16d59781659b33c514cecdb0127062694be	06b8fae6d5d732161cdcf8a3127ae1824d32694629b1bd48e7770d285fd30474
armv6-evidence/swiftpm/repositories/swift-syntax-e1f983d3/objects/36/a5def18996d973ba0bdc62928393627ae41ace	3866fff5004e6ffdb43356a432ea32e529807038a13ba3268c7df5606dfcf328
armv6-evidence/swiftpm/repositories/swift-syntax-e1f983d3/objects/36/c7be39575a6ced7ea7e6215fd82683c3761d8d	74892f0116397ef07e0e2ab645b197a2d362e08d8dd676090e1cb82dc6cafccb
armv6-evidence/swiftpm/repositories/swift-syntax-e1f983d3/objects/37/7c0371a8d47e97bab5c260aac2c2a8eaa44162	917b8ba901fa52a5c4c2c61bd5562cab47ccf2c157bcb25b7bd14037b60510d9
armv6-evidence/swiftpm/repositories/swift-syntax-e1f983d3/objects/37/b33020e8fd938a7038aa03ff3fe92208c8eace	327a08af25a43872629976f91005f29091c9cb2c4a6a5fc55f9660fc78e6508a
armv6-evidence/swiftpm/repositories/swift-syntax-e1f983d3/objects/37/c475b1e9a272b7e1de02702cd5a95782ffb706	d2809f79fea6c3b734fd0651263c612aa40e08301a4c1d6a00f11be867820eee
armv6-evidence/swiftpm/repositories/swift-syntax-e1f983d3/objects/38/dd66475e9c0645aa08626be3034211afe2347a	a429cc3f17a29edeb895cbf87d2166b8650fa64c8b2edf68b247510c09ecc0ff
armv6-evidence/swiftpm/repositories/swift-syntax-e1f983d3/objects/3a/0e0cd2058aa82966df1db975cd3b569c5a09d2	668de91a3a8c3884d5be349f024e160da692e61bd5295528c5799ac6552b4c7d
armv6-evidence/swiftpm/repositories/swift-syntax-e1f983d3/objects/3c/0fad54d814132347071f32e1bc9034b4ecd698	86ae2edbb001d114c068cac98647e7116a9a6eb627d8efe8f18a2da9d9ae66d1
armv6-evidence/swiftpm/repositories/swift-syntax-e1f983d3/objects/3c/3a060c1379701c5b5f0f002769904596e0cc24	4566e11221362e9d710b6c0a4539eb29f83a941735403dd0d5487be6405f50c2
armv6-evidence/swiftpm/repositories/swift-syntax-e1f983d3/objects/3c/903b2d4a873da332607f9e1bc0d07315bc38ad	7af67aa4f2d84bfbb876d208160752620b83465514260c2e754960df25216716
armv6-evidence/swiftpm/repositories/swift-syntax-e1f983d3/objects/3d/da5afbbe6b9900e83eb48a29cf602d11476cb2	d2da70012d7a7d1c340014476281bf52588d9b5a3c7de52968198b8c55b2fe60
armv6-evidence/swiftpm/repositories/swift-syntax-e1f983d3/objects/3e/c9c11823cd1be06d45b7dce7d288c2207be7ee	e2268c494a41ffb1b52d81b20028e2a088e973b5c42782c8dae820803938d81f
armv6-evidence/swiftpm/repositories/swift-syntax-e1f983d3/objects/3f/9cb615cbb2f8b306175f6ccaae287af5262cff	3de0f24c7e30fddad8fccee40b12bd52cc6f3b8cd04d5b47ec78953c08ace8c3
armv6-evidence/swiftpm/repositories/swift-syntax-e1f983d3/objects/3f/dbf62401f16d71ca56faf97bc4ae00d147ea30	fe86955577cc79ec918b7f3d37f2ff79fd96487998ede25c4bd09292c3ee38bf
armv6-evidence/swiftpm/repositories/swift-syntax-e1f983d3/objects/42/98034604b16c44c38ec18b4e6b612e648361e7	0d2ce39156ec4bd64d9e47d3818139821d0658e29b4a4b0776548b8d5f09dca8
armv6-evidence/swiftpm/repositories/swift-syntax-e1f983d3/objects/46/206c0dcb733a0dcf0dc9c6328e8be7e8e0301a	fa53dca269b1211d1cf8040aa95e8057cfc1918f4d3337553dc1e18094a708ad
armv6-evidence/swiftpm/repositories/swift-syntax-e1f983d3/objects/46/e6daef5e0d86c94e6c3d59eb6811a1e21a6571	fb283fc125f084d42862d3de30b179386f67d0347573acc40f2857bf3ed99621
armv6-evidence/swiftpm/repositories/swift-syntax-e1f983d3/objects/46/ec17ef3f98616eb9074b4d5639b45d42b375f9	a7c0dd36fa118ca1057c214fa9a8c27eb2051edad6eed9fb1f5c3c2deb37fd64
armv6-evidence/swiftpm/repositories/swift-syntax-e1f983d3/objects/48/cfeb769c2c63e6d529853fab81e35b16ac24eb	e6f7da2a0fb03351e13b407749974a6b1849d5f62928a80b535608183b18a744
armv6-evidence/swiftpm/repositories/swift-syntax-e1f983d3/objects/49/965f75d7b44a994e910b27b8ecdd75977d0088	f449b5e9ee5679e87d6c0ad17e16bf09be6902f84a114aa47ba050e6346469e2
armv6-evidence/swiftpm/repositories/swift-syntax-e1f983d3/objects/49/ede52ad65b2cdc7e675bcfa5b85dac2ba24d02	8f703fc82331117f0762a506d6f9c112720e67dd3f5b02360f45946746f8102f
armv6-evidence/swiftpm/repositories/swift-syntax-e1f983d3/objects/4b/19f3790ecdef6289e5f862c3237e8747201452	62cf070ca17884ef35097b2f4397196af4fdf32e27f61896036726c6f6a9c034
armv6-evidence/swiftpm/repositories/swift-syntax-e1f983d3/objects/4c/132607d056018cdf9f5d6d5d2ef11a74adf6be	ad346853d5e13b1be42d8c7f19891d8a6a1715d5540cabcb06adcfcc1d32623c
armv6-evidence/swiftpm/repositories/swift-syntax-e1f983d3/objects/4d/d248ee99506a21c7f56dae67fc2bd3c243e6e4	8232073a4c59fb844e2b6be442211e1275ca0960ededaca414627a25eb534ac3
armv6-evidence/swiftpm/repositories/swift-syntax-e1f983d3/objects/4d/e19be6be9a7fd2227d43de068326ee6c15458c	aed192e53d709efd0f00454e986c3e0336319850d495e831b43de84c3183baed
armv6-evidence/swiftpm/repositories/swift-syntax-e1f983d3/objects/4e/010a5a53407f36ec07e2d15ec4ff6dd403231e	f47b3b7c38b1908f073e2aeddcc4f8d692e513e81e5071de527cf32362e29d9d
armv6-evidence/swiftpm/repositories/swift-syntax-e1f983d3/objects/4e/022705bcbb231cb68a67f378799f2b84e27483	fa7bb5fc89548a50aa7caf954708fdcc907049163e94b7f41e545a5967517ccb
armv6-evidence/swiftpm/repositories/swift-syntax-e1f983d3/objects/4e/53aa0eab9943c8271f19be7825014587e5aecd	ac7780c0e899d8f75ed985166e2fc41a1913317b73884aae06491b0893ce5417
armv6-evidence/swiftpm/repositories/swift-syntax-e1f983d3/objects/4f/6be4b5ff2e5f1966815aa6997c5f2e7638e41a	8f39baf919475b535d0993cbde159221af6ccc2683451583c105d1aaf8579384
armv6-evidence/swiftpm/repositories/swift-syntax-e1f983d3/objects/4f/7fe6d8c37023f0b6bf4b44455a9133dbe9da9d	6e7792c1f3c49ded324ed556bd7e782aee8d8757773bc5da822802b6797d4bfd
armv6-evidence/swiftpm/repositories/swift-syntax-e1f983d3/objects/4f/e9e8b8335f5f83cc3bbb1a28c9482e7cc50f58	cccd496f99abf4692389cb4d31b01a848d34f75496ce5b89fd7904372c084191
armv6-evidence/swiftpm/repositories/swift-syntax-e1f983d3/objects/50/a4143f23a51eae523afae3b41d199c52963d38	98fedfa0f82e5fe3f04d3be89b44248b66af9922c15ee6015bc2cb03f8f22c25
armv6-evidence/swiftpm/repositories/swift-syntax-e1f983d3/objects/52/458d7136b5d38316fd14d59fefd319cc5a7d14	ef147e2a57236c74f494083f706d9b62d84aba4a4e6a1af713fb11ab7f79ce9b
armv6-evidence/swiftpm/repositories/swift-syntax-e1f983d3/objects/52/f80a138f591dfcedb656cfd0868e35e58e6ecd	09f69c8f39e3254342826c870d3a96b6947222ee888052e4f09e5b46d2351910
armv6-evidence/swiftpm/repositories/swift-syntax-e1f983d3/objects/53/403030072387fb06171439dbca0ce429e14789	922c099f92d487c25bc7935fa47219699c5695338c3dde1acd492a753941acee
armv6-evidence/swiftpm/repositories/swift-syntax-e1f983d3/objects/53/ed5c908e7bb8ae26069156d9dff7432bc78621	edc1664164db603fbad5e63247f1374303ed895da1254ac196acb8bf7b8b71c8
armv6-evidence/swiftpm/repositories/swift-syntax-e1f983d3/objects/54/0fa5def32f4d18befbf2e9c3a86a28c0db659e	b2c5743546badae0b42986873d536d928ba7186f74b7982e4cbee440fb184178
armv6-evidence/swiftpm/repositories/swift-syntax-e1f983d3/objects/54/83181fb5c64fc89048963974eb5c0ea3ded628	123432553eb372370df5f703da1252ed5623e79c2a8758a92f2fb7f0af9ae2d5
armv6-evidence/swiftpm/repositories/swift-syntax-e1f983d3/objects/54/929f93dd6fd8f8e40e20c674cc37cd046c5c35	ca9ffae23f88ef90635853527ef2b05c528ba8cbbcf353b69f9d672634a74d09
armv6-evidence/swiftpm/repositories/swift-syntax-e1f983d3/objects/55/1c96dc4173e419c592696743ffb016e776d867	5b1bde4a84a73aa4e9534a406801d7e9f444be3cea492e8d613e66ab0008cdc0
armv6-evidence/swiftpm/repositories/swift-syntax-e1f983d3/objects/56/20b7591a0ae3a49e6c1afb0b1587ec10f15af9	955b6e30f6ee59784ff0d00f0b680ee8bd89f421c11bf4f4cf3bab50f175bc34
armv6-evidence/swiftpm/repositories/swift-syntax-e1f983d3/objects/57/65c62cf1eb9c39d0176d12c176aeaf310f21cd	a8dd68ef46869772a70856da0f83a184214819318ede9726af7918c01ef9e545
armv6-evidence/swiftpm/repositories/swift-syntax-e1f983d3/objects/59/69566c5614e2ddda2f41a048f264ea9d2dae63	5c30e34bff8377cf693e6a88cc76df35e8f4e3fa9c5d933381a92479dc15eb4f
armv6-evidence/swiftpm/repositories/swift-syntax-e1f983d3/objects/59/87b0f49303dd70ba28041dcc69ed0ae9f62e97	07bfc95529fbd11214477c33e7515fb52b12c20607f889d4657e1a81b50a73a0
armv6-evidence/swiftpm/repositories/swift-syntax-e1f983d3/objects/59/f1383837cb36413ddfe85dfc7d61d5158f0578	18c3970ccb41aaa892e37ba724dc0e24b7c5e2c5389e366332950c34b34783f2
armv6-evidence/swiftpm/repositories/swift-syntax-e1f983d3/objects/5a/1126d0e9902496a0ac838a26fd43b2c68ae158	fed3ed040ec9775c7a72dc1ae646200d1f61a84842b5481638c9473b11e0535c
armv6-evidence/swiftpm/repositories/swift-syntax-e1f983d3/objects/5a/84b7113432e0def3b6bc338da11c3125eb7844	63eb32ad72d01dbc85482ed9b42b974b1f6108ba10789e77e99a9753b51ba47d
armv6-evidence/swiftpm/repositories/swift-syntax-e1f983d3/objects/5b/8ea41d3877685e2d999e6f1c00437cd9773a9b	7c4e39c0ce6d1413ac0988df79bbafe280e302ec776d466249603b3d8c670893
armv6-evidence/swiftpm/repositories/swift-syntax-e1f983d3/objects/5c/8b95e34bd7b40cb55ab2c4e0435e2d8efe7bd0	8a5eb6069971113fb808251d55c8ff91c23bedf437ce23a3145d340860df4f34
armv6-evidence/swiftpm/repositories/swift-syntax-e1f983d3/objects/5d/6efee67ea4a9c96b39bcc1a6a78dd290890e67	68974a7b7ba31122fc310258045b2f16d683a151942a023912b65dcf39806ddc
armv6-evidence/swiftpm/repositories/swift-syntax-e1f983d3/objects/5d/d3a526e2c14f9133f188a9e8d05fd03e96f75e	3fe64fa377cdd4845b26996f03762f49117d161470011dadcda8e2c3323d8ad6
armv6-evidence/swiftpm/repositories/swift-syntax-e1f983d3/objects/5d/da2728ef5a2110b8394142c13fbfc389f47916	600201ba757d58306c9a600363a061afcd8048312f5e31989b41093399968b88
armv6-evidence/swiftpm/repositories/swift-syntax-e1f983d3/objects/5e/20275f4aed457de88b7ba3f9e8f0777a37fad9	a6632c20eacdea30b56e52594ae5a6c686b5f0e7e1bbb4cd1190bb40f4484853
armv6-evidence/swiftpm/repositories/swift-syntax-e1f983d3/objects/5e/932e767f0dc274d12480e56823a4b78ec69485	30d71e26975adae98d19abc4399a610928cd739d449be0131dd743e45a7429d6
armv6-evidence/swiftpm/repositories/swift-syntax-e1f983d3/objects/5e/a69fb5b29f0454b62ac76e86fe9cee56a45455	83e6fda90b7881bea25e0477416e7d65baa69579368289750f8dee0d07002923
armv6-evidence/swiftpm/repositories/swift-syntax-e1f983d3/objects/5e/ed55e6dec63b45d2ea70d5b58af4221b8b5cd7	39413f155a591076e31b23508ce6f3bc80d18c83bcfc75588bbb13c531779886
armv6-evidence/swiftpm/repositories/swift-syntax-e1f983d3/objects/5f/9991818939eff765332b83e79bec0c47776e4e	162065dfe229e964bdf0dabfbe6f3167bae68807085cd5a8f287eb3f143f4dd0
armv6-evidence/swiftpm/repositories/swift-syntax-e1f983d3/objects/5f/a26a55405dbb56b89c10037a9588c19757c772	33c7ae94ee8396ddd2d519b51a875f25ac5c07c8b9afc2072a6890fc400daf20
armv6-evidence/swiftpm/repositories/swift-syntax-e1f983d3/objects/60/09a5132b130a8af7841b1b3c5a7599d7166483	4955af69c8c11f181af849615b7614579f52aa5332c5dd9478ac2a6fe2441f07
armv6-evidence/swiftpm/repositories/swift-syntax-e1f983d3/objects/60/9d6e78cf309a45d94c60688d60afb6a0851f19	4549fa1d24ae2369ccf77972f0f397693a3c222dacba14546d0b5038b381680a
armv6-evidence/swiftpm/repositories/swift-syntax-e1f983d3/objects/61/931d48c2894cc955f75eb073f25d03310d63d9	85e3487f64da181e5ac51c67ed327c040d175ec9d49eaa769a9042f763c4af7d
armv6-evidence/swiftpm/repositories/swift-syntax-e1f983d3/objects/63/5b5502f2266cc442086278a099be636b98bb8f	ee740df26dfe55ea9d88c9fc1270ee24f3dbb08958b7b0a19e69eb49ba153595
armv6-evidence/swiftpm/repositories/swift-syntax-e1f983d3/objects/63/8532f1caacbe0e3764a18c14ae7822f846f09b	65fe8b4e3b910ed3b2bf993447d4e9a080d60216dcab39777276ff0804521fb6
armv6-evidence/swiftpm/repositories/swift-syntax-e1f983d3/objects/63/d20e3d4d290ff701ff6fcd132e1b652c4a74d2	842183c6507d91a8977534d32291900628f32a69c1a05a619ea00c75126db952
armv6-evidence/swiftpm/repositories/swift-syntax-e1f983d3/objects/64/4a461810a630deb85f694306ba01f462036f24	6aae982804b57106c1c10f46addda1f1a8e67a36aa4523de35d0a9055767a8db
armv6-evidence/swiftpm/repositories/swift-syntax-e1f983d3/objects/64/5148c9f6bf2cbd1e51fd1898e740fbe2ec2902	90418755b10e958a27ba3eb27203010c700d774ed1ffef61d51eb19c9cff5ca8
armv6-evidence/swiftpm/repositories/swift-syntax-e1f983d3/objects/64/773a65b7bdfd10225fc41c900567226f6558ad	5ad211459ab70840b756dec8a4e48107c08dfc169f3598e4d807cf7b7e98afbe
armv6-evidence/swiftpm/repositories/swift-syntax-e1f983d3/objects/66/8b8dc51ffc9ea804aeaa018e78b0ffebe39ebc	24681ff22cd745de7a7e9470afa32e6fc12a3715153a5205985ba09d8defe669
armv6-evidence/swiftpm/repositories/swift-syntax-e1f983d3/objects/66/c3dc1c946ce1009dfbd80b536add0a63bb388e	32d674999d54f2d1e31621415cc74b51b093bc933b8b4bc2c93b7bba98d782cb
armv6-evidence/swiftpm/repositories/swift-syntax-e1f983d3/objects/67/2ae5c51f6e839396769dcaa44483198160841d	b844b772f41a103104ecac25bbc8c731e6aee3f1ce5cdea598d6a89b57ba272a
armv6-evidence/swiftpm/repositories/swift-syntax-e1f983d3/objects/67/3e772e663dd7243099f202de4b4e1fbeb18e17	8a01a5d964da1b94b0e21bb32f7db32116dcd36303001ef36c634d3986227b58
armv6-evidence/swiftpm/repositories/swift-syntax-e1f983d3/objects/67/acdb394615e6605d3ca879f42229adbcf4b9ec	e27692c85713cb02db15b508d63669ad1d63d13ebd5134ba637df75c51fcd426
armv6-evidence/swiftpm/repositories/swift-syntax-e1f983d3/objects/68/d532b7bb90c91e4d15ee714e7bb9631bb244ef	8ee03bc4f41160a7cf831ad2143980915f5cbed935b945e569c8a5aba96184e5
armv6-evidence/swiftpm/repositories/swift-syntax-e1f983d3/objects/69/4fdfc6b62ed2c2662523544591095ae371ea21	1428a9e8d85cc925a0412e1c64073bcaace662323b5fa7a78f684b2af19be488
armv6-evidence/swiftpm/repositories/swift-syntax-e1f983d3/objects/69/785dd7e95d9b0ab0193935627bc00cbfc6f1b4	f2e7a94dc929ce930da7fac7bddd09dad5a3664b3bfbbb88a2699b325b3b4b7b
armv6-evidence/swiftpm/repositories/swift-syntax-e1f983d3/objects/6a/0c63e65823a81b8ec41cfa69fbac2f3d067213	723456be1b838e589006f954bb280069dbb8222e8fb11f48f0596cfdd9b8ed99
armv6-evidence/swiftpm/repositories/swift-syntax-e1f983d3/objects/6b/8a4133758b4576c39a386a84e4de87dd29810e	f434a0f838c1deebfdf1ddf6cd4dc5b288dbe114aa4b3ccadb6d5193de8e4af4
armv6-evidence/swiftpm/repositories/swift-syntax-e1f983d3/objects/6c/7f54e85813709ad142d12dfb48cb1f6cd2c240	f88e99491ea04b5c8c2aea297ba3ead7e571214728bba10725c3cdbec96d72ca
armv6-evidence/swiftpm/repositories/swift-syntax-e1f983d3/objects/6d/14ecae265c49a59501619645b6a2712b9ce9ac	2dea79a143241f19179401d4d188459bd71ed5155880a4a63ebd28185c962a75
armv6-evidence/swiftpm/repositories/swift-syntax-e1f983d3/objects/6d/5539de88066815aa85163e9dbb4588a7fdbd86	de0734cc1c236da7be8b4585edcba2c8f1920854a53f4a240c3905c4f130d692
armv6-evidence/swiftpm/repositories/swift-syntax-e1f983d3/objects/6f/c1302b0fad45444e1cb5ed5c485233b61dc25c	a011d3a8919252ee4babbd077496a58045573fc0b29e24d78224df6374c65f7b
armv6-evidence/swiftpm/repositories/swift-syntax-e1f983d3/objects/70/5ef1a2a322cde757a083b3a28e3139e36a1fe4	d37b8f7a5c75c96b10f71905eef364f4d7d1a79c6b754608bbd7dd9fe87d6758
armv6-evidence/swiftpm/repositories/swift-syntax-e1f983d3/objects/71/33ad983bcfd3cb3dd8cfda99131b8c40ec6734	f050c97095ce028c7b4a7a8c1756b4d786d339184990ddf8cceea1786a8ada3c
armv6-evidence/swiftpm/repositories/swift-syntax-e1f983d3/objects/71/b92c575b52ebb542afec846fccdef31cda5e2d	60fc5ddb2286f689cb33754003766561495bc5e607593e0e4c50eb5fb80fb850
armv6-evidence/swiftpm/repositories/swift-syntax-e1f983d3/objects/72/c014f3e403c31e90f551c9e81179e8a2e650fb	e96587a6bbbb89ecc795ba9eda0885e23897b50e54a3fc710a9af1fda09a4eaa
armv6-evidence/swiftpm/repositories/swift-syntax-e1f983d3/objects/72/db19ea9084a483d42251a5c07448202ae8c1cd	9acb5f69e3f7a650c64793b37bc42db2c14a2914b2b728155aa6740bb9ad408d
armv6-evidence/swiftpm/repositories/swift-syntax-e1f983d3/objects/73/4309001bc047443b603b489a9c59e7f4f09f68	aebdbaefefa6113a1e850db1b18cc332ae8f50c4e3e4e83a90ff827348a55703
armv6-evidence/swiftpm/repositories/swift-syntax-e1f983d3/objects/73/52016d655e0db4f3193f83982acb7c26e58e89	48d866d28023f522c1035604cccda87f27ef556aba94fb5ee96dbe07333fa500
armv6-evidence/swiftpm/repositories/swift-syntax-e1f983d3/objects/74/65abf29ea2c8e32ba656433b9a70488274c878	7218f3cdb4f35ba774429f95908b0b61c48bb7de8ba4c5df6d0be90bc95feada
armv6-evidence/swiftpm/repositories/swift-syntax-e1f983d3/objects/74/b1e6d9fb47a6afb41018db1f9d5be216e9e129	369a22002cd965a4b8877e96adbd4dfb170155f5d9da4377b10537f23047a5da
armv6-evidence/swiftpm/repositories/swift-syntax-e1f983d3/objects/75/604d5c865f76565094faebe372491569acd23d	c3eb3b7864f22f3d2855d620c49907272f77985ae67309582bccb8435f32f03c
armv6-evidence/swiftpm/repositories/swift-syntax-e1f983d3/objects/75/b82ce9f06320668c2ea4251a5c855ffb4fc351	4c1c609b3a207b4cdb73b99b1ce2d0aeaf2496755cca3c4853604922b6946f98
armv6-evidence/swiftpm/repositories/swift-syntax-e1f983d3/objects/76/2d85d47071d13d5c7caab90de8d9f37b9aeb04	0436100f109962d3132b874c36f7ef56e9c0aafe22cd4e9304bfb142136f4d74
armv6-evidence/swiftpm/repositories/swift-syntax-e1f983d3/objects/76/7914c7b3775ae2037ae198e4bdd57edc2d2a48	149d9026fcb95c8564a80a14b97080d20235acb645a2edf11c7f0ce367696570
armv6-evidence/swiftpm/repositories/swift-syntax-e1f983d3/objects/77/0306a065673483b67214eccd740ff086c98758	8dceec73dff8cfa1adf88bbc723b54cd7fd5ca3ce1521fbfec74e366d0605dee
armv6-evidence/swiftpm/repositories/swift-syntax-e1f983d3/objects/78/cef3aaf8496ac3624adfe4fea84ea32a9c5fbb	03d7765bbfe13a84173e5ce291fa94b0471dbfd81046caee73400c6122b662a7
armv6-evidence/swiftpm/repositories/swift-syntax-e1f983d3/objects/79/02b9addc8f406b94a4dcbeb331a41419ceacd6	128316dff535def0abb0810ea03ec4bd413386ae1e383f187bd8112dab1cf8f2
armv6-evidence/swiftpm/repositories/swift-syntax-e1f983d3/objects/79/1406eb371b61982f26e694636024b71507f30a	ef128ce52f0a737caf7a014235ed80d9bcb5103c636ba40eea883cfeb79eb649
armv6-evidence/swiftpm/repositories/swift-syntax-e1f983d3/objects/79/1aae7966ca3386f332a25bb7c1e32db0acd5cf	af34ec1e10fd173c2ab06103ddffe313204c9a878edb4f3d843dd2b62a80723c
armv6-evidence/swiftpm/repositories/swift-syntax-e1f983d3/objects/7a/85ca80dcd6994b74f2c2bba38573642a3a19ae	d7e721bbd39881badf00b7a556e8af99c4361d4516752320d489238c40e7380d
armv6-evidence/swiftpm/repositories/swift-syntax-e1f983d3/objects/7a/9d1f20b38dc8aeb55189669e1d4a74add62b9e	301430e7157121d010511d7fead7aea3472299ad1e89cc5ea4eef00820415c3d
armv6-evidence/swiftpm/repositories/swift-syntax-e1f983d3/objects/7a/db478daf2fec4b137bf30208a0e494d7b32cc7	7f3eb5d5847102630cb69ec488dbed81661cd0dff8e3eb4bc5484ded4c029605
armv6-evidence/swiftpm/repositories/swift-syntax-e1f983d3/objects/7b/05015aeb8799fcd9f1456b813a4b65eddcf864	db7cf1f9fb2fa90fb223d6756586d6df67ad4004d21789769752468151b7da89
armv6-evidence/swiftpm/repositories/swift-syntax-e1f983d3/objects/7b/05b324c68b45b7bde6a039abed93f414f80462	6f5e61301b88d91d1bcce9fe74aa221515401e9dfc307a6f6a00b501ca220309
armv6-evidence/swiftpm/repositories/swift-syntax-e1f983d3/objects/7b/1defd1a3c5d6e483769ada319c02a4d6f484f9	a6df04cec3b8c1c80032de28ccb0aaf59553c77b62f5c5447ad231037f8bbcea
armv6-evidence/swiftpm/repositories/swift-syntax-e1f983d3/objects/7b/70b4cceb39911158bb91a22ad0b0aa49c18e47	25a41075eed15981fe398784ffb49a72dbea5ca6fb454958942b021c682cbf2a
armv6-evidence/swiftpm/repositories/swift-syntax-e1f983d3/objects/7d/8abec7c20a087592819e754bf4c8064ecd09e9	7ed62c86ac708e023474392bb305229c61f14448130478e5518562f973bb6297
armv6-evidence/swiftpm/repositories/swift-syntax-e1f983d3/objects/7d/e417137cc08f1ce2cfdd4bbb81d8daf1bed502	bde761fe320803d087e84cdec7bac619bf428998e9958dac1b81f038cc2b3fa6
armv6-evidence/swiftpm/repositories/swift-syntax-e1f983d3/objects/7e/e11d8b665132ad1c81a0d28cffd723ba74cceb	e63415c9ed1deb568caa4804ecf6b486e1d3c680336dbac419ae4b81766a4b21
armv6-evidence/swiftpm/repositories/swift-syntax-e1f983d3/objects/7f/01b45dadff41c158633790ddc4434099f29c64	3f499153d3b21e6c99849d01fe10ff4952af364b56472ca6a9ad7fa7d73a42a5
armv6-evidence/swiftpm/repositories/swift-syntax-e1f983d3/objects/80/1c7d13ae2246cfaa6548e3c2592d7334cc1524	32277a7f373019c7d643b541d0b97386fbf2cf728ac0dd2829bdc726772b9e76
armv6-evidence/swiftpm/repositories/swift-syntax-e1f983d3/objects/80/5d31274301c6922765abab47f4cdbbc7ac21ed	6aa7fbb434dd8bc2ddc6884ccccde953b641c4fdf22b08632da7e3ed77392d9e
armv6-evidence/swiftpm/repositories/swift-syntax-e1f983d3/objects/81/3d43dd2033ff778d335736cd3329fcd5f6b531	77cb6d00933401bd8ecf978eb24fc970f697c6ddb7db95a9567e89042f9ca9cb
armv6-evidence/swiftpm/repositories/swift-syntax-e1f983d3/objects/83/084867595b2d0c8376c7ede1b99a50087d542a	7acc9a0595809fc08daf75f43ca49a5e9077c126985d5ca326688fc0e8592c9a
armv6-evidence/swiftpm/repositories/swift-syntax-e1f983d3/objects/83/2894e03381104665856abbd2a2895ef4909ad5	83b8595bdf6bae60ce2fefe8da86da788be250fff5f95e50dc44f0ad290fa970
armv6-evidence/swiftpm/repositories/swift-syntax-e1f983d3/objects/83/d9850191a43f4ed992d7940610eafe3ae07500	ed7673a9bce7bf7cba7ab0edcdaa5cc344d5355b8ee29c21e35159294c620f42
armv6-evidence/swiftpm/repositories/swift-syntax-e1f983d3/objects/84/06ab3cd0718c5be63ede6eabb3a7ec33d606ee	befab678ae745daed534ed852961ef1fbebb69b65cb1365d6b76ea812c6fd42d
armv6-evidence/swiftpm/repositories/swift-syntax-e1f983d3/objects/84/cd922ff0982bc50f89650596f08658ae60b95d	4ad0d9ded1db01620d32dfc425281d31f8de1aa7754d723d58bdcfe315651ead
armv6-evidence/swiftpm/repositories/swift-syntax-e1f983d3/objects/86/1079dc5428edcfc71c80765828f2c9289939cd	376e94b05d6a3911952d27c21376a2e0be378e4a63853b043034f428933cf87a
armv6-evidence/swiftpm/repositories/swift-syntax-e1f983d3/objects/86/8a46c2277f93159a825604545aafae179c2987	e0261b11304f64a788db03c1c2560cf3f39aa189138a62c137f7aa3b4bfd392c
armv6-evidence/swiftpm/repositories/swift-syntax-e1f983d3/objects/87/fc0608731b26f48d032a02f0eb3cb6be5a39ab	25c6c9a7d7367928c57f6b913d65e786d1f3fc5da047e4dd4374530f03b867ed
armv6-evidence/swiftpm/repositories/swift-syntax-e1f983d3/objects/88/62426e4a92c39bb21379a5b45d8775ddc9d5a5	5a9291cd4df3cd73aec2a06f462329aae8349a958354ff87a9707752cad3e431
armv6-evidence/swiftpm/repositories/swift-syntax-e1f983d3/objects/89/19e0cef52a21fe4c9dc2f275a9af556d858520	a287e091d397c700d915873239f0844df85403fc873adeb1ca5f59c9e85ae079
armv6-evidence/swiftpm/repositories/swift-syntax-e1f983d3/objects/89/99cf6141c8cf0cc668eec42f29cc75da4f500c	cf7024ac0d4d2c8fd329b3e3cea4a3180405d4816d1785692cd5120d8f4e1dfa
armv6-evidence/swiftpm/repositories/swift-syntax-e1f983d3/objects/8a/5516d4716203c0be461b9f4b93fa2efa2da462	e09a63dfbf479ca2803a5675ef9e48e4e3ae1d7ad310b31e286125e1739a8a98
armv6-evidence/swiftpm/repositories/swift-syntax-e1f983d3/objects/8a/e6b4ab4372317063d2cfd3c0a8b81dea619705	794ef8e32a2d38f9f4422a52a826177030bcbbc9b8da53874b8fcf91c432a7e3
armv6-evidence/swiftpm/repositories/swift-syntax-e1f983d3/objects/8e/d2755a5fb2d7aa1b7acbca3f4f2e8af89fc482	43e19c764342c0a88b7aba6acea38eb56061ede0641c1f45edf98f07ecd5dd1c
armv6-evidence/swiftpm/repositories/swift-syntax-e1f983d3/objects/8e/d92cfbe8d649bb94ec84a524ccc0949dbfe517	fba3b0d78c1d8b820e3b986c61306b34ff0a218d9bb5c5102de5945372f92c65
armv6-evidence/swiftpm/repositories/swift-syntax-e1f983d3/objects/8f/cf311724733fe744ed0bf0290b567a1af1c9a6	ca708612713c2400b2c895fab18765b76cdeaa23f923fc66d22765ac0e7345d5
armv6-evidence/swiftpm/repositories/swift-syntax-e1f983d3/objects/90/0b96b64d4647d198df07b72d7a8dc8c0e9c575	641e55d677554916398f09543650bb7a9f39532423abf37c347321542a870b3d
armv6-evidence/swiftpm/repositories/swift-syntax-e1f983d3/objects/90/95e4f2243d8c101a87275e6bd79f2ece9969bb	69bd2f434ce07b44215dadecbeb81153c3b0f2e4184cf6ed3357731da98b2dd4
armv6-evidence/swiftpm/repositories/swift-syntax-e1f983d3/objects/90/ce3399ba9bba3f258288442c1b58133b5525ac	828d5d1db3627db64a79c0b059e117ef938630e335f15cdcb77ed60204ee1a62
armv6-evidence/swiftpm/repositories/swift-syntax-e1f983d3/objects/91/1061a6775a6b1216504de882dc205c7b6de3f1	3a1fbf20f70b637906fdf299ac73f26bd8db257c2e18960e2ed1446dc8f8249d
armv6-evidence/swiftpm/repositories/swift-syntax-e1f983d3/objects/91/232dc6d6cffe789eced66d5f3fbeb73c37dccf	588487ca026dafd75689cbbca6d38e87e5b07d74de84b6011676f546b7a8b92d
armv6-evidence/swiftpm/repositories/swift-syntax-e1f983d3/objects/92/9667ce4c1a59b04ea6d5100796099fd014198a	7df8a01969c14852f53b14a91c5431ee680779ead46d68ae7176a7c283b1230d
armv6-evidence/swiftpm/repositories/swift-syntax-e1f983d3/objects/93/1a481b4ddc25047cdd321966ddafc7a32aa0a7	e815028169af6c4f538cb58ee3959757c8a432d7aaca54e26d45b2b80ff2e813
armv6-evidence/swiftpm/repositories/swift-syntax-e1f983d3/objects/94/34fa459660bb050841d732b964f349c080b2c7	ef3a4ee3f5f3e3b978c49a82a584386632c277a38b7e3c94076f82e2f6a86daf
armv6-evidence/swiftpm/repositories/swift-syntax-e1f983d3/objects/94/fb0be3b57fd7ab200bda26fc0aea73a6e167af	38a94a9d53e0318aace9067d1b601c2cec0000531ad69544c9cb86f9eea28514
armv6-evidence/swiftpm/repositories/swift-syntax-e1f983d3/objects/96/f07e3c2668ee3a4e3788edf3991b21d5f8ed68	40996275196314d74ef85554674f062559397860870f059a6bdc0c36d89acbe2
armv6-evidence/swiftpm/repositories/swift-syntax-e1f983d3/objects/98/7b1e92f7cc2086a3e3229738e1b3b5a1ab11c1	6c239de2ba8afb038afb7a2b5cabe1d474da16598052ff7613c580e61aa6adaf
armv6-evidence/swiftpm/repositories/swift-syntax-e1f983d3/objects/99/a6c93848f7ff6d6c659c2b1d3270dbc2ab0bf4	23a0a08b54ae8f03792692e1e942782251479abdd042602266064967c59d9a13
armv6-evidence/swiftpm/repositories/swift-syntax-e1f983d3/objects/99/be5dad9035dcd7c0f45163565a174566fdea3c	1217df19d59c76d21ace9ba91ddbc9ee50c6b05a0a66cc5317e0d3d950ea68b1
armv6-evidence/swiftpm/repositories/swift-syntax-e1f983d3/objects/99/df1f2e208419cfda3761e3ca1e07499637004e	b17bb30d80d5a3885977e207c27935c6b0060f49cdc08af565f770231f3340c8
armv6-evidence/swiftpm/repositories/swift-syntax-e1f983d3/objects/9b/108f1aa2794882e39cfebad7720c38797c707b	c0313fd139d318c2401b4f99db9707a0ec09e5e3463c7d8e465620210ac97dff
armv6-evidence/swiftpm/repositories/swift-syntax-e1f983d3/objects/9b/a83ceff966a47d0588e811a184561c0ac88151	1f35a238fab06761db8b146ce78404e6bf973396c9df1d134c48c4dc5fe74ee8
armv6-evidence/swiftpm/repositories/swift-syntax-e1f983d3/objects/9d/0c4df70c3d345fe1c12691a58492081d8e8029	6fe03e035ffa581f90a0cb13a85fd307a98fb41332d7913d5c79f8b752d93756
armv6-evidence/swiftpm/repositories/swift-syntax-e1f983d3/objects/9e/a6535ef22155657d9c81a64fcfb6ea56705738	98e8dda008ebe8b223fe68153ca68615970c761cd8fec45422e1e46864096006
armv6-evidence/swiftpm/repositories/swift-syntax-e1f983d3/objects/9f/6a3327b845f2bdaae0e9ef0de35567693c0ee3	f1116e54d5033886941273ba9fab37b5951e57acf68f0dbef3a68e99f09605a9
armv6-evidence/swiftpm/repositories/swift-syntax-e1f983d3/objects/9f/f3014444015ff25639c8915371dbb5aa758f62	e814aa33cde5f7a2b12d69da8567d7897e67722d70b212cfa83d92a74aa47b84
armv6-evidence/swiftpm/repositories/swift-syntax-e1f983d3/objects/a1/7b5ade330e9ded5b98866ad71697ea263204d2	b503c2eacd2fcb24d0679461c94608c1a34345b6f66360d3faea9b06bb0d9c6f
armv6-evidence/swiftpm/repositories/swift-syntax-e1f983d3/objects/a2/7430a7aaf6fb76428066bd4588b9ba4f8f0d0a	bce08ff4b32d12525da98bd50b2f052e64653c478207610e3dda97b1d4a70745
armv6-evidence/swiftpm/repositories/swift-syntax-e1f983d3/objects/a2/e6ae5916e7372db94da6dcc3970be14db5bd94	86a1e6ef0ef410030e81a364a3510fb73004a601374e05a9e6eca90ddd2937e7
armv6-evidence/swiftpm/repositories/swift-syntax-e1f983d3/objects/a2/fe6db5880f4553ac717e0f7e2c3f14c6485e7f	00fd01fe8187dd7c00cf52c5417572e43fa7c2c19623acb020a2fb5b8e6f252f
armv6-evidence/swiftpm/repositories/swift-syntax-e1f983d3/objects/a3/a6c542583fc9c8ce1c8a84fed5b9cce929e2c0	275133c66ff755377571bfd8554d05ce2786ec28a52c56842eb592db2f9f3611
armv6-evidence/swiftpm/repositories/swift-syntax-e1f983d3/objects/a3/d4e9abc1c625758e6b81d9e40b79089e0b995f	d46071bea3f01a5fc2c7a3d89be4ea976d0d638940cbeaf4de2f7f6199f7f275
armv6-evidence/swiftpm/repositories/swift-syntax-e1f983d3/objects/a4/06ab3d763f4c2502609bd56a59a78c7ed68733	26791e3954b76c00fa320c587973b5b0c5147ae47ab9d1390fa38356aa5e6e83
armv6-evidence/swiftpm/repositories/swift-syntax-e1f983d3/objects/a4/300c277c6c40c98f1788516bc093567244c34d	0badb035aef8625b987e898b8889489adf55927f4e4e8ceb3e8cc0da8e7bd3e9
armv6-evidence/swiftpm/repositories/swift-syntax-e1f983d3/objects/a4/c6cd977cbc687ea47fe7a3419e5e23e3baa5e0	1000ee93a6261755c0e33bcd5fd509fb6dbd47fd844466defeedbfd3cf96f73b
armv6-evidence/swiftpm/repositories/swift-syntax-e1f983d3/objects/a6/f1e5a07766cc79ca127efe3b802ad007e45435	d24c5c9e46297fc3e874db33477194d4578722e83b197a9764d16263035d930d
armv6-evidence/swiftpm/repositories/swift-syntax-e1f983d3/objects/a7/37f09b683f768bb1eef16e4bd870f3fff90761	7ae1f6faec5445c8d0066177919ef9241e07257a98861de4cb0f0b388a6d02e0
armv6-evidence/swiftpm/repositories/swift-syntax-e1f983d3/objects/a9/ac7674b563a06150ebbada1253b7d3724bc869	f411510fa6ef3d1712e626158ee9888e6fd09e7c8e343b7a97c4e9f11adfc650
armv6-evidence/swiftpm/repositories/swift-syntax-e1f983d3/objects/a9/b0a24b7edef838b3ab5bcdc4ff3fd63bf05329	3bcab911de17596c3c6d441760807a6a3c2d1ecc6347b0bea71c02f9dbaf2c12
armv6-evidence/swiftpm/repositories/swift-syntax-e1f983d3/objects/aa/7e554c8f7d7d97defb04221e916123b2bcf94a	4bd100b4ecb02b8e193bafd43878b6ede62c87ef736647a8d9ae469776c981b7
armv6-evidence/swiftpm/repositories/swift-syntax-e1f983d3/objects/ab/04df4dfcf230501cb3a0254bac6b857579e0c3	3baceb36cd53befb6909e3edb310c9749c72db957d67408abed768600f8c9060
armv6-evidence/swiftpm/repositories/swift-syntax-e1f983d3/objects/ab/6514277bce949f42d571acb41daa6fa91b8f9c	10089b4b0ba50a481176827393ab1d63730dad863caeeb0676183a6f58e2b5fe
armv6-evidence/swiftpm/repositories/swift-syntax-e1f983d3/objects/ac/7c00194ce2983578ef250cd4209f3fdaad2f28	fa3d1baa00f81d85e9f8870350de36617723ffa90be87d083989dd1bfd8a6fbf
armv6-evidence/swiftpm/repositories/swift-syntax-e1f983d3/objects/ac/eb9d060c401f4aec1cba5ae9b54087b2b43ce8	14816bfcecee25c15aa1ff31146c1c1ff7b611fa0d32fb39a688e75eb712c44e
armv6-evidence/swiftpm/repositories/swift-syntax-e1f983d3/objects/ad/1b3edf76f26abed9b8e79589deefd857c241eb	15c125eecf9c1462a621cc6ddc781aa810f0b67342f3ea0e048d2632f855061b
armv6-evidence/swiftpm/repositories/swift-syntax-e1f983d3/objects/ae/4e119ceb8071867af57b6cca956c12b8bbfe03	dabcb220f3e7d276bb3312037676a259450414132513181c83f951a68828bbce
armv6-evidence/swiftpm/repositories/swift-syntax-e1f983d3/objects/ae/8ea2585cabc7f4eee8dc627dc068d4c91ba5c4	4a8cde494f4ec3a6b6a42492c67e2b69a749c494ef5ba2ce2f9a06d55ea6f855
armv6-evidence/swiftpm/repositories/swift-syntax-e1f983d3/objects/ae/9b6e074877403f3f5ad869dcbce759831d116e	db162c9a912b8eb1be9e313f3636fef77bdaaef66566274e160bbceb43849dbb
armv6-evidence/swiftpm/repositories/swift-syntax-e1f983d3/objects/ae/ab862ae3fd59dec31dd5b7a3ba33e3b08beaf7	b7e823b70edc3c7a84a1e287a8b2b6f570e5a72f17c17bbce653e45cccfd5199
armv6-evidence/swiftpm/repositories/swift-syntax-e1f983d3/objects/b0/dad570fba5e817a93d08f8d579036566d8ac7e	0d6d821359cc99119989b5ee138d3fddad3a5ff7fcf2fe64d4d295773017211b
armv6-evidence/swiftpm/repositories/swift-syntax-e1f983d3/objects/b2/e4d6e5d4db7075c44832485f74f5fd9a337ef7	27ed74bb2d8dc252b9244115867aaecbe0f345d53a11749df99063313c468245
armv6-evidence/swiftpm/repositories/swift-syntax-e1f983d3/objects/b3/8e18866ada75418f40e572fe9e29a39cd751cb	55c5c6fef66d5b1f4957dd0415ad1e8642fe1ec80fa9a19510177088d2f570eb
armv6-evidence/swiftpm/repositories/swift-syntax-e1f983d3/objects/b4/49dd3d395f21b6731842517a9a0de1f73d55b5	4f49d911912b077e72d83ef5e6f42fdae130300419a7753405ee8451f729f70b
armv6-evidence/swiftpm/repositories/swift-syntax-e1f983d3/objects/b7/83893d174a2afdf6ba0e1301f6470e7a9176be	b646895f71259faf7ebb66dfce893a294ec1a6d0cbcf64d5563fd78080489e5f
armv6-evidence/swiftpm/repositories/swift-syntax-e1f983d3/objects/b7/a4ac3d230be96066153af325969e1dfc242905	6587cf804f2f8d8c15d758db71a001cfe718e72901b7f2619e15949bffcda598
armv6-evidence/swiftpm/repositories/swift-syntax-e1f983d3/objects/b8/ca3eea1b9d8f2357ca3643ceccf9b33cba5b7f	0ef0d005a074e835564106a2383dd1623df5f2e6d7091f3aa3d5a8d9849229b2
armv6-evidence/swiftpm/repositories/swift-syntax-e1f983d3/objects/bb/7a08d3fa02e5c38977cb6ce29c1d33ef8bf1c4	9cb0c358700916a1e738fcf351aa2234612861c274e2ca55e7a45b782fbee6ec
armv6-evidence/swiftpm/repositories/swift-syntax-e1f983d3/objects/bb/9496ca29df5573efc887799c58713d5838d337	965b0eb82b2ff5cd68205e14b227e5a01929f877a6995828bce0c993750b76db
armv6-evidence/swiftpm/repositories/swift-syntax-e1f983d3/objects/bb/a615c84416a1c1790c6df5ad59281dbcfb519f	7fe4b53e32a5fdc328215331d0cf8572621ad798a42be354eab13f4a09bc118c
armv6-evidence/swiftpm/repositories/swift-syntax-e1f983d3/objects/bc/389d3cddc3c1b8109b22a24c19c6212ece090d	db25f4c74bdd2053b2df67ad2853e240d5318bc4eee6fd5995d51e1e571fe2d7
armv6-evidence/swiftpm/repositories/swift-syntax-e1f983d3/objects/bd/002b623386a2243a2f08e192dd04c1c5d0d335	2b6ad2bcd0994872e94eed6565d27f86f73b1b91440bc4df6e0c4c4f5a44922c
armv6-evidence/swiftpm/repositories/swift-syntax-e1f983d3/objects/bd/eb6efc4ea4b00898a6a0ea62f6d5146131acad	a211f4248bdbc15594353b81c108cb3b9a1d845a5777c112cace22062a7bbc0b
armv6-evidence/swiftpm/repositories/swift-syntax-e1f983d3/objects/be/8045d9c9abb3ab07aa17ed58c38262d8e50b94	b4eb6d33619edf3ad28e23f6d6da469110218240199731cd375fd641633edb00
armv6-evidence/swiftpm/repositories/swift-syntax-e1f983d3/objects/bf/35f78bbb6c46b4f6639f51401e92b20449a197	9508ca771791204c77ea5f2bb33b8bae58bd41a2c1c03b1cb92bdbab413dc7bf
armv6-evidence/swiftpm/repositories/swift-syntax-e1f983d3/objects/bf/9426ec0af0367978a84631d4e63b35f9813e8c	9b49cb5ddbf8882c6359e477a7a55e72aca46ee537ca4e70ce79dc5c2d0ff02c
armv6-evidence/swiftpm/repositories/swift-syntax-e1f983d3/objects/c1/a9f5dc0106232ceffc324fe4ad4593ccbe146e	26bd79462c6396ebfd96a4f1aad22a5910827de71eb88e5cbd6bf1888f5e5435
armv6-evidence/swiftpm/repositories/swift-syntax-e1f983d3/objects/c1/b21a082b79ff32f644e07542da011b15162bf9	83b7b8a35dfefd959968547699ce422c3e7a25e6aef43b5ab5d8d59ecdafb98c
armv6-evidence/swiftpm/repositories/swift-syntax-e1f983d3/objects/c2/d089fe4d85e893b649f0a77da8ab13e8f44f84	4fbaef72811ce09cb3cff3f9a899ad27e062759a65af45cfeaccbea9ff5d52d8
armv6-evidence/swiftpm/repositories/swift-syntax-e1f983d3/objects/c3/4ee76d4bffd30c87ac2e839eecf72b56211c2f	b09196a315f4ff5c0b074b9cb82d76f220506caaa5cb0e3253e347785a1daee6
armv6-evidence/swiftpm/repositories/swift-syntax-e1f983d3/objects/c3/7ee0befb5570b927bf021ae13777e1fcdd488d	77edb0458b972c2786d7568dda3166024dfb1a70b63efe27971636ab6e5e6347
armv6-evidence/swiftpm/repositories/swift-syntax-e1f983d3/objects/c4/326e313efb8d2d8905fb08222e37e35c3ef11b	a49b8d39544067238d6f0cd73f8ae583d1db2a79c2f078181608ea34001c76fc
armv6-evidence/swiftpm/repositories/swift-syntax-e1f983d3/objects/c4/b23a024b942dd8df5099aca6f0ef8a467a405b	72d0869c3787ed677928a34eddc77676c175653882ab5421e91ae70852203435
armv6-evidence/swiftpm/repositories/swift-syntax-e1f983d3/objects/c5/ea776e4472c265bd3fcfb7fa6b6f4802a35a19	66c8b8dd66d68b26a8b4f2b7aa44acc485f0220e733458600e0dd10f2d006203
armv6-evidence/swiftpm/repositories/swift-syntax-e1f983d3/objects/c6/1f8f266557c5255c0e07146f82c2d03ec52eb9	d51c6d853c9714e1abcb278890a3ee04a8f9f99a48ff7d2dfc8558e018facd78
armv6-evidence/swiftpm/repositories/swift-syntax-e1f983d3/objects/c7/5a8fd9186b1f608dfabe862133359e2385ce37	06ff0c3b1d9f861e406856c507bce25ebcbee2b8dd95c6dff81052a21a4b1fc6
armv6-evidence/swiftpm/repositories/swift-syntax-e1f983d3/objects/c7/b8e97829c7b42d4416394332a845c65af6f06e	16eb5b8130971dda1541f7a15d9ae0f75e4f9dc889d8a4241132175219d73e89
armv6-evidence/swiftpm/repositories/swift-syntax-e1f983d3/objects/c9/87ede1ef80c6cffdccb1f79ee764ded89cd9f1	8966d94b424767cd6e9f01e551977a50fa07cd310f8ee771c0d64d780ae96349
armv6-evidence/swiftpm/repositories/swift-syntax-e1f983d3/objects/ca/f0640c43017a649a2d852b00d0cc1964957aa6	bbaaf91b8584056bb2527c28df903cd966b9379be5936448313fa3ce3129c89b
armv6-evidence/swiftpm/repositories/swift-syntax-e1f983d3/objects/cb/07fad4defba5960dfd60f0a442b49eb304870e	542116941fff57ee6795a4953eb9f5527d372cfc71f178e1c24ef4075e5389e2
armv6-evidence/swiftpm/repositories/swift-syntax-e1f983d3/objects/cb/61369501eb9cae4a5f43fdaddcbf1464bdab78	a4df91c7137963d356ffcd8205b8fc6eb78441ea099d9ad67b9ea6092ed3adbc
armv6-evidence/swiftpm/repositories/swift-syntax-e1f983d3/objects/cc/74ded44f137caf64f328b7914870c60001b231	cfd652a5bbe6e39e171f28e10b003858103eda6a2ca6ceb538b6547002c973ab
armv6-evidence/swiftpm/repositories/swift-syntax-e1f983d3/objects/cc/9d04af17cc1748dd5d0b30f951eea0f57fcefd	ca7b2d6e6dbaefb6c749c471e0902ffb814dee7302214339b9a3f50d4a6ab9cd
armv6-evidence/swiftpm/repositories/swift-syntax-e1f983d3/objects/cd/6c32dd254fac3903758eba3c2bbbc5f3588984	10ff1c327bcbd11cd355c0c58733128913c4673a151686feeeb1a602a966777a
armv6-evidence/swiftpm/repositories/swift-syntax-e1f983d3/objects/ce/e84b15d7c4ad182dc05c54f6f42af9f1214d9f	787121da14715f2ad05c68c28bab9bc0c377a83fd3eee8069aff271e379f28af
armv6-evidence/swiftpm/repositories/swift-syntax-e1f983d3/objects/cf/6feaa4530092b41018ad31d46555e2a844f55b	4ccca6f218b62dff58d8230d5c84d3c0d121afc7722e87575b569da764702f0e
armv6-evidence/swiftpm/repositories/swift-syntax-e1f983d3/objects/cf/aa83a5b226e7f952587bd77019fd5cdb9f7cb8	6b2e56895e55ec0526f197b7b2d997d3e9c1270cceb47668c812f4ebb776a51e
armv6-evidence/swiftpm/repositories/swift-syntax-e1f983d3/objects/cf/ef1b314fca78aff1bfe7bd5c1be0b542d243cf	f3ae4e0cd02a7fb5b9a78670895ffd1c9a9fac9510ff9f045c0cde653bcdc130
armv6-evidence/swiftpm/repositories/swift-syntax-e1f983d3/objects/d0/1212a7e70d020fc6976b1e05afd184a567a5b4	a2fe88e7d97c8760db07d3aebeb904c900760b6e0c26d88ab328e2631327ea4d
armv6-evidence/swiftpm/repositories/swift-syntax-e1f983d3/objects/d1/ec4b474c33110fc894940c681817b04bc94cf3	799423b906304ffa385a1a5b4f0474e66c3b95ffc2f5ba4cc6126676c4e01871
armv6-evidence/swiftpm/repositories/swift-syntax-e1f983d3/objects/d3/16bc8f79b1bda9bf070156bce13f2aeabac19b	378145f4e8da2d2e9ae5804387b6db225442aea7138420208dc4ac21dc8758c3
armv6-evidence/swiftpm/repositories/swift-syntax-e1f983d3/objects/d5/c142ba6d3a20e12685f12d6e574db0918d1bc6	8e0f3e977fa5bad9b18f701140d84eace75a4d86faf2f58eb813005a1a65351a
armv6-evidence/swiftpm/repositories/swift-syntax-e1f983d3/objects/d7/255e0dec22ecc4915b2b5c22f7ecac37329e3d	8c0be7185ae55d45f05187627b9e60b4ad682c65c66560ccf19158cd89ddd51e
armv6-evidence/swiftpm/repositories/swift-syntax-e1f983d3/objects/d8/1236f0d9aa9c1b34db9e40af2650fbb152eac1	de7e2c34fe9e276488fc8d4afa7cbf22503b23a83bfd344b68470feed3b67b56
armv6-evidence/swiftpm/repositories/swift-syntax-e1f983d3/objects/da/1c1cff199f6525f711a193ce5ebb9cd0dbce28	541110c286dc0b2e31ba013cf8e3d58b20c2be1e893be591051592313d2b8aa3
armv6-evidence/swiftpm/repositories/swift-syntax-e1f983d3/objects/da/5d45f60250a01fc0d8d3c12233582dddee3a54	38c2b9d115ab115aa2ebf194d1990409d9c06713a3b274cdeca67bf959009a38
armv6-evidence/swiftpm/repositories/swift-syntax-e1f983d3/objects/da/fbd889f273a27c60fcc6d35d0f989222120664	44dacb8582c59bf535287352f65d90c165979b6cd687b0b0ae62adbb47cc0e78
armv6-evidence/swiftpm/repositories/swift-syntax-e1f983d3/objects/db/1c3562ce4b4a69c9cab1f806bdf086267e166f	434421c0f0b69e7eb6a29a380039b94c52c0a313c4aa54a6170a4ae6b2163d21
armv6-evidence/swiftpm/repositories/swift-syntax-e1f983d3/objects/db/7febba3e334efd5fc60e7663285898f15a6194	43d129703d728e28728cade2191203227c53681c5d193660154b838eaad420bd
armv6-evidence/swiftpm/repositories/swift-syntax-e1f983d3/objects/db/7ffa8ec88bb0c8ad7db0ac1dbc164e4bb4dd12	7371896dd3b165d206ab12b7b92ff34098cd60feb0bcfaf97b7df424d770a10c
armv6-evidence/swiftpm/repositories/swift-syntax-e1f983d3/objects/dc/f9702c1074ad50841e217eed78382b8da689ca	55992364f2e0bfac40ee5ddf53a0e1d0ba141b33a406bd82863f86b2685d0f9c
armv6-evidence/swiftpm/repositories/swift-syntax-e1f983d3/objects/dd/f9bbaab798f721bc729180fae94617c8441370	efabd08302a7822fb56e8d8018bf0ba368fd5c817cbf1caddad38a4417787a01
armv6-evidence/swiftpm/repositories/swift-syntax-e1f983d3/objects/de/7e74ecea6334f3e6f31ba7ddbd77d049e7b5c6	1b2c997f5251af55aba36b30e11651933d80cce74c0f8ebb209bb59e4aaf8865
armv6-evidence/swiftpm/repositories/swift-syntax-e1f983d3/objects/df/0b7a6a04785d8d1de6524fe553cef1e954b0d4	4629a418f08c6c92fb2de7e1252d5ea0dbfc058318f1bf1fcce4dbb401ba43f2
armv6-evidence/swiftpm/repositories/swift-syntax-e1f983d3/objects/df/54658c2abe2f4e5717609b24ddbb4e55949bc2	3ef0199b3c2534e80d2601fc64ef8434bf3ce3f4ea9fcacc35271446f4fb372e
armv6-evidence/swiftpm/repositories/swift-syntax-e1f983d3/objects/df/95ef819d0e4dc207877f9aabb79f030dff966f	ea2fcddf0feb0b88b012eb8939d6d2fc7ef6fbf15cc085f3a959e42e555e0771
armv6-evidence/swiftpm/repositories/swift-syntax-e1f983d3/objects/df/da36418335faa50bc2ba5f900dc5e6bc467148	63aa633bf37c4f2ef616dea92a73ad1874320121559f741cf6ab7e9bac17bd70
armv6-evidence/swiftpm/repositories/swift-syntax-e1f983d3/objects/e0/745e0c98a43d51dc088be35dd4455ff8f730b3	9cc309f8a7bea180ad80a3cf33f392eb66bdc97aba9e69f5aa92101d92f098f8
armv6-evidence/swiftpm/repositories/swift-syntax-e1f983d3/objects/e0/ab46ed8cb78a1777081b9dc76512a715a96272	5b4191ef73b4fa53a8867cf47e42ebb8844665c3b70dabbea6f21a120af9c76f
armv6-evidence/swiftpm/repositories/swift-syntax-e1f983d3/objects/e3/706d5df198b7411663792f95bc940fdcf73918	89ce2f178896dddf8637040db7ca4d1e713e3126f5af0a8e5f0582424a59e7db
armv6-evidence/swiftpm/repositories/swift-syntax-e1f983d3/objects/e4/70b0830d26982a8a76b884902252f14e234cd1	58bebedfa472df6a03a8c06b29257417aa118fc30a120340913a5b2f0a8464e4
armv6-evidence/swiftpm/repositories/swift-syntax-e1f983d3/objects/e4/c86e4093d6779e0d7b90d78f47df99bb6bd770	25fba73d555ab62601bc310c5cb4c257cf31a305f136aca90226e07fa4afe4e4
armv6-evidence/swiftpm/repositories/swift-syntax-e1f983d3/objects/e4/d2cc623b201e8684243404cc1c8382370a2f05	c205ea1016e4ddc2a03104952cd4a5d8d3395c6cd9398db22ca09fbe820dcdf9
armv6-evidence/swiftpm/repositories/swift-syntax-e1f983d3/objects/e5/9e5a9640af1fba6d0a3ce9e93c406abad3a6f6	0e418081fc6f680c1551ba6ca394c5c191573fb3fc5ec52856c47bf3fa13821d
armv6-evidence/swiftpm/repositories/swift-syntax-e1f983d3/objects/e6/8a8f6495a748b53541e76e7be6ca1c0d22f1df	b7054124265419d95b7d1da7b6b290c2ff8cf5d66549aa6cccbc228e04d1e2f0
armv6-evidence/swiftpm/repositories/swift-syntax-e1f983d3/objects/e7/24a992c392783387eb04b8ae13eceb2c240cbc	5b43c1dfe6e2c15e1dae265b92bd61bdb7582f1a4e2ac276d1c2e8fa6a91a2d7
armv6-evidence/swiftpm/repositories/swift-syntax-e1f983d3/objects/e9/289aa448b50d48e91832efd6e539f01b9e6f92	dbbbd892ed22d4085761fdcd6b3c9f065264d6aaa71decc123c667ce2f419f24
armv6-evidence/swiftpm/repositories/swift-syntax-e1f983d3/objects/e9/97025926965ac6e4d53ed8ebd940f1faf8c06d	16ae1a64a1a1760d2a28164eb26ff18cacfab24b750380ea8d95d8aba41a97d7
armv6-evidence/swiftpm/repositories/swift-syntax-e1f983d3/objects/ea/a8afd7db5c9938d2fc1ca79703cafdbcf38c1d	bb760db28ac3c21fbd596dd0ce3cc4d7040269ca26fc03e205f6e7730060545d
armv6-evidence/swiftpm/repositories/swift-syntax-e1f983d3/objects/eb/adbffeba1207d08d0d7f63e58a5db6b9dd9298	8a0d286c21d07a6b246ee248ce5d372963dfb8eb5986474573af65b828b08f88
armv6-evidence/swiftpm/repositories/swift-syntax-e1f983d3/objects/ec/15d82c3a99fc666f8917237352c5dfdaeb7178	cf42951264186cf9164a296e8ce7edae79d30f334446e0e8bc3ecb49a2fee3be
armv6-evidence/swiftpm/repositories/swift-syntax-e1f983d3/objects/ec/1e978f6392a998ec7ac6081610486ec32862bd	5c7c3391fa839b0420d5e11a4e2a13993dfeec6248a4236c6716e58b780618ff
armv6-evidence/swiftpm/repositories/swift-syntax-e1f983d3/objects/ec/2c8a19e1b57d8d1c397113a8aa63312010717c	337e6c83a89c310735a915184218b4f64d2da979c31bf1d68ed09a6a6b006bd5
armv6-evidence/swiftpm/repositories/swift-syntax-e1f983d3/objects/ec/ae02e15e22cb200f6f575e1a3235f1aac985e3	581f13f5bd9f4558c4b5df67f755c12f78e48d2a91f9f3c7503c326a0992fb0d
armv6-evidence/swiftpm/repositories/swift-syntax-e1f983d3/objects/ed/f54f9edfadd2dbf800f27fbe2846e11f096ea4	1fd229af8aca9cc0a94e4aeb45f04c1c99390cd8ccd209008c9af3ce3c3ccb18
armv6-evidence/swiftpm/repositories/swift-syntax-e1f983d3/objects/ee/71031764731ec1d87c3ec28ffa20a9469d8ca5	727889f22aa95f4d928b9683b840d79f6befb73e98ca7118b6c95a4ced53b921
armv6-evidence/swiftpm/repositories/swift-syntax-e1f983d3/objects/ef/2772666fdc42a490d445b8bed4050f7c425ffe	1f88113a4881dba18b3fae77d9db0eed28a1d05b7065aae146db55a749ce7d7a
armv6-evidence/swiftpm/repositories/swift-syntax-e1f983d3/objects/ef/36a8c69f782983682df524ddba406c14bfe6a8	cadd17e1a6f42a4082f9f3a3ed8e4d45153c905f41e2f4163ccbde4e22735fd6
armv6-evidence/swiftpm/repositories/swift-syntax-e1f983d3/objects/ef/5c7705fb3771f06b49d3ccf1cdd3b6288409df	4514b00f0db2e20213aa9b8d3ee6c17e0e49ec8e8a43d1502220c344c07103f9
armv6-evidence/swiftpm/repositories/swift-syntax-e1f983d3/objects/ef/cd0e509dabd2ced7face3b5775a20bf3ffbaf2	a668bd27828ce7a4bc75dd0e3f40366cbcc14bca7c95b371f9bbb24a1e40af58
armv6-evidence/swiftpm/repositories/swift-syntax-e1f983d3/objects/f0/fb08d13449be246a3148aaabe3479c96e5509d	a9676cbc6a1e760c8727b7825a95c5290952022788e19ad48d5679f8c889ee88
armv6-evidence/swiftpm/repositories/swift-syntax-e1f983d3/objects/f1/3cc4aeb596e9a38d9304d3a6a0b8ab52545b2d	bcf7fe76faf551343d4020252ef94c8a5333c7593004d607e264eff25375f442
armv6-evidence/swiftpm/repositories/swift-syntax-e1f983d3/objects/f1/847d1692bb21c1f47efcf07385cb57bc8dc8c2	58816e2a268b73a1a5075a7729547e3c53e443a09331203cf88ec0cf1b02ae16
armv6-evidence/swiftpm/repositories/swift-syntax-e1f983d3/objects/f2/2aff0b905930323a2755ba15388731ab0b5f52	45b9e553d1c68cc5852dc7f5fff19a04b9de17b25e7a7a972ee7e3c3bfa0649f
armv6-evidence/swiftpm/repositories/swift-syntax-e1f983d3/objects/f2/7fb1c617208175783d6ba476166719edf519e1	d153b8c35773b22ade89f61d2cadd8228f53b0cf193e9fec99bcf5ebca0bb342
armv6-evidence/swiftpm/repositories/swift-syntax-e1f983d3/objects/f3/b14122be22e29504dfbf59ef697fcef0e0c24f	4c6a1dff3ddf689c582b79cfc6dae2a3f9d659e3d208a8d036541e1ca4b9e0c9
armv6-evidence/swiftpm/repositories/swift-syntax-e1f983d3/objects/f6/2ff272a0763acde234d2dbf611a4d649887942	01746a4b7adfecbc1c3749ad8c3d52704bb3d32092e65d9a84cd1f2155c38630
armv6-evidence/swiftpm/repositories/swift-syntax-e1f983d3/objects/f7/01cbdb922e72ee5e9031fe2ea5dd9b79888409	17289201e952c44ea01c12d7b4ccf6c9ee1930b1fb82313d47d05df05203246c
armv6-evidence/swiftpm/repositories/swift-syntax-e1f983d3/objects/f7/5e089784eea88ed4af6687a3332850b5e47736	025801ac077e04428894fa8386df731c3d655f2c661f93a7412f4ce4355e504b
armv6-evidence/swiftpm/repositories/swift-syntax-e1f983d3/objects/f7/812eadaf407734f0adbd74dc87cbb532141eeb	f28d051f89e100651b05872ae3ff4eeb0714bd30a429bc9872a7890335c5325b
armv6-evidence/swiftpm/repositories/swift-syntax-e1f983d3/objects/f8/72abaa5b3272286bc9ed7575e136dcb6b06b1b	b06eb9fe934c552937dbd072c8be07c7e859fffa93b40ed623ffbd0cef3311f8
armv6-evidence/swiftpm/repositories/swift-syntax-e1f983d3/objects/f8/7b8a11648f700b62a152fcb7f45303d447e38a	bc371d355cdc0bc5ff43f63e355dd9c599dd58a4997c4cbbf01e322fa3bc8870
armv6-evidence/swiftpm/repositories/swift-syntax-e1f983d3/objects/f8/85bff273915d3eb6042516afd8848560476190	41fc1ae4856ef097ce55538386664eadb3afe408678a64055da95a2ab9cd791e
armv6-evidence/swiftpm/repositories/swift-syntax-e1f983d3/objects/f8/dacb8747a5eee1babd791411e2bbcd3769c84f	83df735a0355f28e86ff98104924c6033816787ac72915b72d114fc7036e601b
armv6-evidence/swiftpm/repositories/swift-syntax-e1f983d3/objects/f9/140ab36b09e054e966aade1fe1c69356a4e84c	1e20a540d808c4d45dadd3dbd1ee46b293bf1a9bbe6013a991ef09036341e2e3
armv6-evidence/swiftpm/repositories/swift-syntax-e1f983d3/objects/f9/2e91924efecca613a3407346828b2f4a1d7b5e	f63eae7b4a925919f7742db020a708f170459981eaf41ac7b521a3b5f5585bcc
armv6-evidence/swiftpm/repositories/swift-syntax-e1f983d3/objects/fa/19c5267acf7fef7d9e9f639824439f82acba22	87f5ce8100d08e7bb311e8b3799c62b4919093282e6a083978217f6a4aeaee26
armv6-evidence/swiftpm/repositories/swift-syntax-e1f983d3/objects/fa/86a4b817a974a69ad432c424a32fbaaa0136d1	891ca2d80ab5efd8b3bad3588a09d9c59855dd81e7ee1149ce04207b9bca51aa
armv6-evidence/swiftpm/repositories/swift-syntax-e1f983d3/objects/fc/a2d858164b33fad796110fc6a9fdd2fbda5c51	1287e0b68449e2c0b98a3f3be39f12a87bd0f7d2cf707c30be4199c34ae4259d
armv6-evidence/swiftpm/repositories/swift-syntax-e1f983d3/objects/fd/12cad4b90fe4ca4bb9b9d9f56279b8a781a377	752d02593a55a556e5e7b235da68c38a5af2be70c946e4fb633aa6c8d176e8c6
armv6-evidence/swiftpm/repositories/swift-syntax-e1f983d3/objects/fd/962fcda361dffed16a12ae266437f1befadfd3	ae3bf9d80e686c0a2d25e9bd0715aa03ee82f6d4aa2f35cb6c2b1effd2c373d8
armv6-evidence/swiftpm/repositories/swift-syntax-e1f983d3/objects/fd/b66de3690b8921aa27fbba8bdb3be01c5f282b	933e4c9ed67d50b2dc82d52fa20f8ab1685bd1baecca2e28385724be0ce735ab
armv6-evidence/swiftpm/repositories/swift-syntax-e1f983d3/objects/fe/047c15b3c39db5783feab1030c1cf886411882	41cad013c3838a77b0b38a4c6617e9c3c07d262d24865608c36687ad577efaae
armv6-evidence/swiftpm/repositories/swift-syntax-e1f983d3/objects/fe/21abccb4bc9f411671ddba951ea0a7932d9ed6	2e4f1b29c838d0ed87f7cfbec88c80d647c5d70dec5d2c4178975712d6b7e3f8
armv6-evidence/swiftpm/repositories/swift-syntax-e1f983d3/objects/ff/0ba3eb01d3350e2c47b9d6ad6f99c2548f6c21	fb8ec644911237237f847347314824b5ed888fbf5547a5a0b3d56f79cc2d4ea2
armv6-evidence/swiftpm/repositories/swift-syntax-e1f983d3/objects/ff/98d64e181815e496d2f5d13fd051b9427d441c	4bc804d150e0e809779c5a700178dd4e497220a605edc46565939b36db1b34e8
armv6-evidence/swiftpm/repositories/swift-syntax-e1f983d3/objects/pack/pack-188cd2ac0f8184403216b6f2e4abd0f8d54ca33e.idx	ebf63c616aeba94970daab0016cc134170c9e04ee2b8556d8eb5c8544b1962e9
armv6-evidence/swiftpm/repositories/swift-syntax-e1f983d3/objects/pack/pack-188cd2ac0f8184403216b6f2e4abd0f8d54ca33e.pack	87c89196f93c1825d3eb49e1523e3e3dc6d6de02457c9a1764201256e32e091c
armv6-evidence/swiftpm/repositories/swift-syntax-e1f983d3/objects/pack/pack-188cd2ac0f8184403216b6f2e4abd0f8d54ca33e.rev	11a8e0694721486e49da73b3b1fa2fff0ff366b9952a507a4254938fa01a8521
armv6-evidence/swiftpm/repositories/swift-syntax-e1f983d3/objects/pack/pack-2c4ec683612f922d34e2c79ab9e29fd47fca9911.idx	131977d36ed90286b162a1845601f7ce70239bfba9e42317d45d374c60a2c4e8
armv6-evidence/swiftpm/repositories/swift-syntax-e1f983d3/objects/pack/pack-2c4ec683612f922d34e2c79ab9e29fd47fca9911.pack	22662b6e0663616d51a8c62c1be6d421ccda00f311b0c35d69d3dd380124b820
armv6-evidence/swiftpm/repositories/swift-syntax-e1f983d3/objects/pack/pack-2c4ec683612f922d34e2c79ab9e29fd47fca9911.rev	0aafb1b093cbf6bbf92ad1e0b22dc533b4186fe0e3e9c13d75bf5e58bd206070
armv6-evidence/swiftpm/repositories/swift-syntax-e1f983d3/objects/pack/pack-3de5f31639a72281950e1f5653465746bb4708be.idx	74712e1d7417738f775a12c13236f786e96faba1053632a489478bde006ae07c
armv6-evidence/swiftpm/repositories/swift-syntax-e1f983d3/objects/pack/pack-3de5f31639a72281950e1f5653465746bb4708be.pack	c983c85f0399c9779ba79c9e1be52107c6c80d06e48e0f2d0e48df3f6a57a882
armv6-evidence/swiftpm/repositories/swift-syntax-e1f983d3/objects/pack/pack-3de5f31639a72281950e1f5653465746bb4708be.rev	752b4ecff38697e77338d695791dad168fdcf0cf11093e7d6c977298c6c4787d
armv6-evidence/swiftpm/repositories/swift-syntax-e1f983d3/objects/pack/pack-4da7c3fa76abdda8689765b51a7291254ad69b82.idx	a53dde4c7c27e676221ac8d4eee161638ce9bbb52ee89faa9ffd71ecac4a9308
armv6-evidence/swiftpm/repositories/swift-syntax-e1f983d3/objects/pack/pack-4da7c3fa76abdda8689765b51a7291254ad69b82.pack	5dacc6cadf0b663e221f0b3ef8ebfd85ed0ff767e817e07de6fc587f914d229a
armv6-evidence/swiftpm/repositories/swift-syntax-e1f983d3/objects/pack/pack-4da7c3fa76abdda8689765b51a7291254ad69b82.rev	5b4ecb882bb9ebbe32af33c6645cd7cd479fd959d317b4ce09b4ff6379bfd498
armv6-evidence/swiftpm/repositories/swift-syntax-e1f983d3/objects/pack/pack-56234e71481ba0f4dc29069dff1244f7ffb76193.idx	8ffae6dec1fef8881f1037ea4f61d2d4b8497b2168d43bcb3ae7304e66dfd479
armv6-evidence/swiftpm/repositories/swift-syntax-e1f983d3/objects/pack/pack-56234e71481ba0f4dc29069dff1244f7ffb76193.pack	5570f6165e352ecfe0a69089e0a505555ddb3a479cd37dd834eeec7e5ade7046
armv6-evidence/swiftpm/repositories/swift-syntax-e1f983d3/objects/pack/pack-56234e71481ba0f4dc29069dff1244f7ffb76193.rev	2892ab63cb72da241a95b884239262f6844654ed50e881d6e980303e72d4bfbe
armv6-evidence/swiftpm/repositories/swift-syntax-e1f983d3/objects/pack/pack-5ebd08f7001b368cf61af269c9500da302794bb0.idx	a26270ba6f7d8da1caa6255d7b6596e73ef90bbbb28bd9ef8bc7722e8abb710d
armv6-evidence/swiftpm/repositories/swift-syntax-e1f983d3/objects/pack/pack-5ebd08f7001b368cf61af269c9500da302794bb0.pack	5ee1f45e463c0a24f014ff9291c94a77dd74a7a62e1be35a11417f18d8150767
armv6-evidence/swiftpm/repositories/swift-syntax-e1f983d3/objects/pack/pack-5ebd08f7001b368cf61af269c9500da302794bb0.rev	81d6defc9f1eef790de8407d330562cb64e85dcd4ab811e088db88cb76ade7af
armv6-evidence/swiftpm/repositories/swift-syntax-e1f983d3/objects/pack/pack-8587c59d51a8a50fbf8a9797e74a8863918d7d81.idx	0eca6fae7707b517cf5ec4bc643563b04ac639d302e23147253700c6ff838837
armv6-evidence/swiftpm/repositories/swift-syntax-e1f983d3/objects/pack/pack-8587c59d51a8a50fbf8a9797e74a8863918d7d81.pack	e4c6e6ea7529f5b1c689fdb91a2a4fda5ecd7944349ff9cc7a25294040e59d3f
armv6-evidence/swiftpm/repositories/swift-syntax-e1f983d3/objects/pack/pack-8587c59d51a8a50fbf8a9797e74a8863918d7d81.rev	bcadf2fb17624ac4c7ea288c18fe0490fb61ceddfb53167ddd8b012b5ffa891d
armv6-evidence/swiftpm/repositories/swift-syntax-e1f983d3/objects/pack/pack-8abdd1e342bc2f2030e5d79ba7c9e59b099c7744.idx	c7af1ab939c86a7fa25f9fdfac4c3f6f7b110ace81a4dd770e07c7b6d1a321a8
armv6-evidence/swiftpm/repositories/swift-syntax-e1f983d3/objects/pack/pack-8abdd1e342bc2f2030e5d79ba7c9e59b099c7744.pack	e68e834dc35b79a928ba201ff53dca5aa998f01e3c9f6b20db22fb72f3a57ada
armv6-evidence/swiftpm/repositories/swift-syntax-e1f983d3/objects/pack/pack-8abdd1e342bc2f2030e5d79ba7c9e59b099c7744.rev	8b44da01e8296a0e189fa23ba71d6be764735e04ffd61a9ada1870847c245cc4
armv6-evidence/swiftpm/repositories/swift-syntax-e1f983d3/objects/pack/pack-985d25df36c98a7d663836c04630e1d465d02890.idx	04ba33e91d4fbd0342dafda2c0bf6d26a751db2cdaf253c870916b3dc49f8a3a
armv6-evidence/swiftpm/repositories/swift-syntax-e1f983d3/objects/pack/pack-985d25df36c98a7d663836c04630e1d465d02890.pack	65f53813819bdc6b0a8f40b898b73afa546ba74b94b45ef94a7fff5200021ae2
armv6-evidence/swiftpm/repositories/swift-syntax-e1f983d3/objects/pack/pack-985d25df36c98a7d663836c04630e1d465d02890.rev	74853c9c6d19180d8d444a7a0a853ffe48faf28e86f059980f38047a420978ff
armv6-evidence/swiftpm/repositories/swift-syntax-e1f983d3/objects/pack/pack-c22f6b79f5546a70dfcdd70601a7cf9d0a6c8b0e.idx	96e62292849ae3186e860920e58aab52b97778e83c8debf57372fa9d17325812
armv6-evidence/swiftpm/repositories/swift-syntax-e1f983d3/objects/pack/pack-c22f6b79f5546a70dfcdd70601a7cf9d0a6c8b0e.pack	20cc4d12ed42c9bb0f1c17df31efaab59c0dfb22c24cf7ac37f89b706f229409
armv6-evidence/swiftpm/repositories/swift-syntax-e1f983d3/objects/pack/pack-c22f6b79f5546a70dfcdd70601a7cf9d0a6c8b0e.rev	cb4d470cf27bf025777ca29c6a5bcc83a64bcb4c395f619010f470196510a233
armv6-evidence/swiftpm/repositories/swift-syntax-e1f983d3/objects/pack/pack-fb29f15f4347db8685f1441242c7cf987801b7c1.idx	27be1e646d6094d37e7a796f1a41a506f05ae3d462cc6031c7308fd75f1bb93f
armv6-evidence/swiftpm/repositories/swift-syntax-e1f983d3/objects/pack/pack-fb29f15f4347db8685f1441242c7cf987801b7c1.pack	8ac72e2c609d242478d6aa8746fa30a4c2874be0fd9de3a8eebb9569bb77c350
armv6-evidence/swiftpm/repositories/swift-syntax-e1f983d3/objects/pack/pack-fb29f15f4347db8685f1441242c7cf987801b7c1.rev	8ce4d1eb5a922c8c7a4b9f3e38587e5d4d7a7e4184f6f7cb0ce4d6922ccab018
armv6-evidence/swiftpm/repositories/swift-syntax-e1f983d3/packed-refs	63d0a521d7910aa6904a2cc74a77ea64272c9e2d7701c388d206495435daac47
armv6-evidence/swiftpm/repositories/swift-syntax-e1f983d3/refs/heads/main	1487fd782456924763ff46c46a231a2568fa47ef388e67c487e4377c2896d26f
armv6-evidence/swiftpm/repositories/swift-syntax-e1f983d3/refs/heads/release/6.4.2	e7af342444e6f9861a06f82ed356996a45cde905b59ca73f3f63ae397a8ee46d
armv6-evidence/swiftpm/repositories/swift-syntax-e1f983d3/refs/pull/1086/merge	7bd133617953e934e0027b33a3d2a9067a2beb1d3b43aaa4a50e0375f14347c2
armv6-evidence/swiftpm/repositories/swift-syntax-e1f983d3/refs/pull/2201/merge	bcc2c2f6271f0fd9896061064929251b7b04d5ba8f3b2f103daef74626233272
armv6-evidence/swiftpm/repositories/swift-syntax-e1f983d3/refs/pull/2382/merge	b687c920b6b9ef1df257186593c4ae640ddf5a35c87e4a5aa41099f80cc66621
armv6-evidence/swiftpm/repositories/swift-syntax-e1f983d3/refs/pull/2504/merge	e4cb5017332ae221606df30333be4f5543aae869f528a946d913180cf099cc87
armv6-evidence/swiftpm/repositories/swift-syntax-e1f983d3/refs/pull/2840/merge	8c8e1da128e2cd690e515ad52aea2731f6dc12c892914efa85092e39aa49c7a0
armv6-evidence/swiftpm/repositories/swift-syntax-e1f983d3/refs/pull/2892/merge	21db818eb4a31252ab64be56b7551170e68ec7e10edb1c49102e602e0aae4472
armv6-evidence/swiftpm/repositories/swift-syntax-e1f983d3/refs/pull/3046/merge	4692308ccf6e63f82434c5b9681c2b375ed3cfa1827e53b8eb27eeec2dd9148e
armv6-evidence/swiftpm/repositories/swift-syntax-e1f983d3/refs/pull/3054/merge	458451372a6e8dea4d9733fbec454f0889ac6c8a90a11c300c95fcdb8edaa9a6
armv6-evidence/swiftpm/repositories/swift-syntax-e1f983d3/refs/pull/3061/merge	622c30621941c739bc131c69d603b0f79a48c3d219bc145b48976ba425924628
armv6-evidence/swiftpm/repositories/swift-syntax-e1f983d3/refs/pull/3216/merge	71455adfad284720909f5851da49faeaa47173df0b6a9c3f0252cfb31f84b422
armv6-evidence/swiftpm/repositories/swift-syntax-e1f983d3/refs/pull/3217/merge	45971a8a0f9fecfbe06b591aeb18b862aa7532bb4c1bc45ea8af0ce93d923b39
armv6-evidence/swiftpm/repositories/swift-syntax-e1f983d3/refs/pull/3218/merge	d901f5f0c1cb49a9bafea0376d133ddfc64d698ada43bc6c3e41d1fd410fed65
armv6-evidence/swiftpm/repositories/swift-syntax-e1f983d3/refs/pull/3222/merge	3610e1cad737067de2c55630f8a992db2d1648d8e9ce9a07a76e7a6f4c299dab
armv6-evidence/swiftpm/repositories/swift-syntax-e1f983d3/refs/pull/3224/merge	59c04b86ffef93c62ed50290ea17497165928a00b90053b4d790dc295afb8d7f
armv6-evidence/swiftpm/repositories/swift-syntax-e1f983d3/refs/pull/3225/head	d3ef2e61aeb0898d493096fc964b5e9af105cc70e91b5e4186aad3348e07dd02
armv6-evidence/swiftpm/repositories/swift-syntax-e1f983d3/refs/pull/3246/merge	10d012d7e9ce8e024621f3fc3c73a86d83138570057589da446545e9c8bf33a9
armv6-evidence/swiftpm/repositories/swift-syntax-e1f983d3/refs/pull/3248/merge	68e2fe7d8d70bc2498c1b541da7e7236941169365376dd106d6e9a7454fe7ef8
armv6-evidence/swiftpm/repositories/swift-syntax-e1f983d3/refs/pull/3257/merge	94f09ca18d2bd20c2f867e51382edbc8fea2f8d880f79e4534522ecbef2e5522
armv6-evidence/swiftpm/repositories/swift-syntax-e1f983d3/refs/pull/3258/merge	d4a351f8405c01a42d2e4b317a64c5c3c7466b5e479c299344584acc708344a1
armv6-evidence/swiftpm/repositories/swift-syntax-e1f983d3/refs/pull/3276/merge	dc4a55f457e67b5409f6edb8160de777798bbb74a6976a55dd6ef6aa0f32b559
armv6-evidence/swiftpm/repositories/swift-syntax-e1f983d3/refs/pull/3280/merge	73fa88088d3717a8293f007ef2c245befbcbeb723f04bf66ac53703ba2af1854
armv6-evidence/swiftpm/repositories/swift-syntax-e1f983d3/refs/pull/3292/merge	ca2936d2f0ee5e574c221858091bb4d969dd6010b3775a2849358431974ccb5b
armv6-evidence/swiftpm/repositories/swift-syntax-e1f983d3/refs/pull/3318/merge	bf88ff80b2afb62043f6889dcd7eac134514928f357f9c4fd13c9a980428d756
armv6-evidence/swiftpm/repositories/swift-syntax-e1f983d3/refs/pull/3324/merge	d9714786219c806eeeb0996d744865b358af6b9bc8ba8f252feb2f529646438f
armv6-evidence/swiftpm/repositories/swift-syntax-e1f983d3/refs/pull/3331/merge	f6ff4a68c6d67cb0e505d57fdc0e1e383850840f506518fb4d7b5428759f9e04
armv6-evidence/swiftpm/repositories/swift-syntax-e1f983d3/refs/pull/3334/merge	ac9e00548aa33e095851ea320994850e058f0635b281f311088e783f6fa4f01f
armv6-evidence/swiftpm/repositories/swift-syntax-e1f983d3/refs/pull/3335/merge	64b69f431bc7c9c7dc9c9ba54408baaaa7462d4c4eb0ac806c0e3b7056b90a2f
armv6-evidence/swiftpm/repositories/swift-syntax-e1f983d3/refs/pull/3336/merge	cf2d9158fca5cc575d6d41baa57198857a41721d34fb07a6ceaf440c613141d0
armv6-evidence/swiftpm/repositories/swift-syntax-e1f983d3/refs/pull/3338/merge	f6094f133d48522363b1a07bfeb6f560df9640288f32273810dca6392a8292e2
armv6-evidence/swiftpm/repositories/swift-syntax-e1f983d3/refs/pull/3344/merge	2336594b23b438531bdaeb92ca9a4cd9908fedfec29f6b8f2e11bfe17a7237ef
armv6-evidence/swiftpm/repositories/swift-syntax-e1f983d3/refs/pull/3348/merge	a3702203bb4a3cf41474f62db434c6a97585b051582c84c70feb72aab16b1a91
armv6-evidence/swiftpm/repositories/swift-syntax-e1f983d3/refs/pull/3361/merge	10c50993d1a6f7537393ad19c16f3e6ce3fa0e9047645d7ffbca6712b39d2f86
armv6-evidence/swiftpm/repositories/swift-syntax-e1f983d3/refs/pull/3364/merge	62cdf4efd5eff62c95c2f4d12ea7af80dd8b5bfa3b6df4690724e960fc3888b4
armv6-evidence/swiftpm/repositories/swift-syntax-e1f983d3/refs/pull/3366/merge	5ce7aaf55a3fd5a429f572ef3b3d38d0535c56073564fcd6bb73c07c150cc1f2
armv6-evidence/swiftpm/repositories/swift-syntax-e1f983d3/refs/pull/3374/merge	ee920564ca78d0cbd6338b55b5fd52df146af8f2f53df37e755c1fb48be68e59
armv6-evidence/swiftpm/repositories/swift-syntax-e1f983d3/refs/pull/3375/merge	04cf3127e4c80f5089ed5fd16becd27277ea9f7be983138b529b5cd3e512ac63
armv6-evidence/swiftpm/repositories/swift-syntax-e1f983d3/refs/pull/3376/merge	4e44943f6275353a07a650997c5abba54eb2a6d0e2ea872bf2b6cfa60c5b129c
armv6-evidence/swiftpm/repositories/swift-syntax-e1f983d3/refs/pull/3380/merge	c1381ffca909685abf501fcfc4abff21b3af63508d93592bb114b9195dedbb08
armv6-evidence/swiftpm/repositories/swift-syntax-e1f983d3/refs/pull/3386/merge	651abd10295d774d57b69347ebdd5a2d32c6410317c6354e9001236d0a63b97c
armv6-evidence/swiftpm/repositories/swift-syntax-e1f983d3/refs/pull/3395/merge	bd4d178293bd1ab6996bd3aece66cc4b17f2dc402e85ed31ca46c3a5fb03d505
armv6-evidence/swiftpm/repositories/swift-syntax-e1f983d3/refs/pull/3396/merge	97f62c54c915128594f590e9a968fe7126cf9450d344006b9fde6327107fb5ff
armv6-evidence/swiftpm/repositories/swift-syntax-e1f983d3/refs/pull/3398/merge	054cb1afddd077388e28268c14590cd3ac9eedc5ed04b713346c1b0ea5f3cc91
armv6-evidence/swiftpm/repositories/swift-syntax-e1f983d3/refs/pull/3410/merge	cec94e0a8ac95ac8ccf8f03e8d920998d5c2e2219a6e7c45dbb1bc4841308769
armv6-evidence/swiftpm/repositories/swift-syntax-e1f983d3/refs/pull/3411/head	e16460b2a39ac74c9a5567f9ff09e638e068f403f8afdf0521dc86277e955dd1
armv6-evidence/swiftpm/repositories/swift-syntax-e1f983d3/refs/pull/3420/head	2a26dd8fb26736d5370eb79d428c8227d1fe182f264a4a335378b0992032cb0f
armv6-evidence/swiftpm/repositories/swift-syntax-e1f983d3/refs/pull/3421/head	6d31179e5552f84a2c54a3674c1ec3b3847ac8439f71760af223d16941cdeccc
armv6-evidence/swiftpm/repositories/swift-syntax-e1f983d3/refs/pull/3423/head	d2d5542cec075f958f07ca93fee36f365b058276790ebcf6f687d84f93a655ee
armv6-evidence/swiftpm/repositories/swift-syntax-e1f983d3/refs/pull/3423/merge	2aa228b19796a60e28d9282d81a6d280ad60ec190f09bc48952e0d8f0585d78d
armv6-evidence/swiftpm/repositories/swift-syntax-e1f983d3/refs/pull/3424/merge	3a0b7ef863e209c0a102ae4cd6241ee433f3afc2073dd83f3b151946d3d3f2d6
armv6-evidence/swiftpm/repositories/swift-syntax-e1f983d3/refs/pull/3426/head	3e8eb76ffeba6411a467a36ee899cff822cf720b3f45f80ed226e7b0885d1335
armv6-evidence/swiftpm/repositories/swift-syntax-e1f983d3/refs/pull/3428/merge	740d415d2252d13adf3205f18d8a76742017ba2e9b04e4c83e03ddd3b7bbfe43
armv6-evidence/swiftpm/repositories/swift-syntax-e1f983d3/refs/pull/3429/merge	f8ea4d982f07a2319f0c80c39b2e1c3652ca6abec75b20fc4a0453d79097e292
armv6-evidence/swiftpm/repositories/swift-syntax-e1f983d3/refs/pull/3430/head	e06da1c31d19642a4d68dcfa5b2b47c51c198579c716fa621e70c9d42c30c9b9
armv6-evidence/swiftpm/repositories/swift-syntax-e1f983d3/refs/pull/3430/merge	3381af4121b257a9cdcd2b5758df5e228b20d1f39bdcb6b5a4d8423dcfd44730
armv6-evidence/swiftpm/repositories/swift-syntax-e1f983d3/refs/pull/3431/head	e3fd06628dd96bbfc3b1fdfbc9c248b70323be56f82cd6f58b2f1b937f6bed7e
armv6-evidence/swiftpm/repositories/swift-syntax-e1f983d3/refs/pull/3431/merge	62de5a963cbd4bd370d5c9daba533a356b563c2a5e6c0b226c8025df97fd2299
armv6-evidence/swiftpm/repositories/swift-syntax-e1f983d3/refs/pull/3432/head	2f4b1522c1a3b97356b0a6754e748207f91f61aed6e44a8b4197bfa1aa0a6573
armv6-evidence/swiftpm/repositories/swift-syntax-e1f983d3/refs/pull/3433/head	b649c09c97dbfb289d24c1755838d01b10adccde728c1e5713cfd5b1dd757a6a
armv6-evidence/swiftpm/repositories/swift-syntax-e1f983d3/refs/pull/3434/head	95e2cbc9bffb43d8384509f7ef809d511dd45e831ed2988594b4fac595061318
armv6-evidence/swiftpm/repositories/swift-syntax-e1f983d3/refs/pull/3435/head	cc3ea55f51f822540796aacd6aaa69c8e84e8b73bee9faf87a15ea67165efe37
armv6-evidence/swiftpm/repositories/swift-syntax-e1f983d3/refs/pull/3436/head	94037de4fd4b6d928b84b2101c7630d97a50a69e846453cc31ba28659482d738
armv6-evidence/swiftpm/repositories/swift-syntax-e1f983d3/refs/pull/3436/merge	971ae9becc65e85852eb14e106df2349f8329f32a411a8b93ff5da629dc08ee9
armv6-evidence/swiftpm/repositories/swift-syntax-e1f983d3/refs/pull/3437/head	68486f577c34d29ae5b787cf0310115cecc2b961a9825ed527ec8b5e2b1033df
armv6-evidence/swiftpm/repositories/swift-syntax-e1f983d3/refs/pull/3439/head	b00781ac019aab17240e8e629acd086f7354e6ca814dda6d568a6d944dc0d04b
armv6-evidence/swiftpm/repositories/swift-syntax-e1f983d3/refs/pull/3441/head	6d1beb32240ec121ce14af2ff75ef203e7e2f891097c6dd06b2fe534b972f971
armv6-evidence/swiftpm/repositories/swift-syntax-e1f983d3/refs/pull/3442/head	37ae630a978c0df78e6a89077de42d737963edf013f19ad5dbbee8028b3fe9d5
armv6-evidence/swiftpm/repositories/swift-syntax-e1f983d3/refs/pull/3443/head	2d002eed60c12b8d10b6b076b75f3e07836bff5d022361e665c0d4eea4fd10b8
armv6-evidence/swiftpm/repositories/swift-syntax-e1f983d3/refs/pull/3443/merge	854994d77efe705cc8b83ee9a75c0426891439b496a284f9fa138fa00268ee85
armv6-evidence/swiftpm/repositories/swift-syntax-e1f983d3/refs/pull/3445/head	68e62735f503f2ef70d3a6d038e3f62ab53de1e12c3b084c399891891d6131b2
armv6-evidence/swiftpm/repositories/swift-syntax-e1f983d3/refs/pull/3446/head	092790519d9fd06e29be61e568c983226557dedaf29a542eb3ec2e2ec98688c0
armv6-evidence/swiftpm/repositories/swift-syntax-e1f983d3/refs/pull/3447/head	456f6744fb32b5bcac84d68c1d10b3d8abd8f0772ca4db8f544b77e19dd3dc75
armv6-evidence/swiftpm/repositories/swift-syntax-e1f983d3/refs/pull/3447/merge	891edd375bb767c6a5f7455b4658a2a59948e115236a67b6b5392d559ffa5b93
armv6-evidence/swiftpm/repositories/swift-syntax-e1f983d3/refs/pull/3448/head	d6987b97a309a28303fb7b7688c382dd473d0487d7948a2c1bae42f38ab36eba
armv6-evidence/swiftpm/repositories/swift-syntax-e1f983d3/refs/pull/3449/head	b14eb3776d8c24ea5cf2d7046d52ba5635fe76e2f4673f36d9df9855a8b36e18
armv6-evidence/swiftpm/repositories/swift-syntax-e1f983d3/refs/pull/3450/head	57052dfc69001d235077f0e1a83b4bbbeff33620a1196bf440e58ac3e6f26624
armv6-evidence/swiftpm/repositories/swift-syntax-e1f983d3/refs/pull/3450/merge	7b3c8ad7ec1d47df6daf207a0c36c03ed15c5c75c7a238c8bbdc95e8116cb069
armv6-evidence/swiftpm/repositories/swift-syntax-e1f983d3/refs/pull/3451/head	2c123906f4be99acc887294ed5ba309f7c6b61d878b3633061e11f6361bfa500
armv6-evidence/swiftpm/repositories/swift-syntax-e1f983d3/refs/pull/3452/head	c609db66236371de40f41bff518d2cdf3b59077990c235784a08b8509476f314
armv6-evidence/swiftpm/repositories/swift-syntax-e1f983d3/refs/pull/3452/merge	dd27619a7152241091b23dbb7b7901e7edca9a73973812c515ef1bbe2b9ee6a9
armv6-evidence/swiftpm/repositories/swift-syntax-e1f983d3/refs/pull/3453/head	9a7d3efa4b1b58b98d66221730d1706bab6e36f9ae9028c2a286ea00eb1434b2
armv6-evidence/swiftpm/repositories/swift-syntax-e1f983d3/refs/pull/3454/head	2bb87b21f09a215a02f735ff6f1b3d154dfa50658bbdbfd183c4abcc4eeab4f0
armv6-evidence/swiftpm/repositories/swift-syntax-e1f983d3/refs/pull/3455/head	93bdcd4ba13c42713651bda3a3f7164f997f61db28a33a46833df72225b052b4
armv6-evidence/swiftpm/repositories/swift-syntax-e1f983d3/refs/pull/3456/head	f51bd7f7461acfb8defde038a635366362d2490178db66dc7c6d661db4d1fa6d
armv6-evidence/swiftpm/repositories/swift-syntax-e1f983d3/refs/pull/3457/head	881cffdf8adb3cb962ec23721b2c9328c63f64ea78aa8847801ba28a66d272c3
armv6-evidence/swiftpm/repositories/swift-syntax-e1f983d3/refs/pull/3457/merge	35d08752aa5b0722e93805672c5d1fc3afeb0194e03cbe6544a355134f2d6c8a
armv6-evidence/swiftpm/repositories/swift-syntax-e1f983d3/refs/pull/3458/head	58b31c78c8ea84a943066da3975488411b56ce567bdb1b7e7fcb3c8008d1106c
armv6-evidence/swiftpm/repositories/swift-syntax-e1f983d3/refs/pull/3458/merge	0df0b45c3bc6ec26ed57b24bf633209781528b9b3710eca31a9263c1a82fd35a
armv6-evidence/swiftpm/repositories/swift-syntax-e1f983d3/refs/pull/3459/head	d0f68c3edd52da51a0fa9df0812d26b126ed44ef0a51aa4a550901241aedc3fc
armv6-evidence/swiftpm/repositories/swift-syntax-e1f983d3/refs/pull/3459/merge	db31acf4bd931c37e0bb9359092f498e55f0d52c540209146f22df65eafd14d2
armv6-evidence/swiftpm/repositories/swift-syntax-e1f983d3/refs/pull/3460/head	f6693dbf53108289d1bbc4b320f4a19529102d151b5d95cbf90775a1f0cd8554
armv6-evidence/swiftpm/repositories/swift-syntax-e1f983d3/refs/pull/3460/merge	5c8998102bc71c5cab8da8faa84ad647a1c039ba2e3d79819f77f91eb79d3f11
armv6-evidence/swiftpm/repositories/swift-syntax-e1f983d3/refs/tags/604.0.0	e7af342444e6f9861a06f82ed356996a45cde905b59ca73f3f63ae397a8ee46d
armv6-evidence/swiftpm/repositories/swift-syntax-e1f983d3/refs/tags/604.0.0-prerelease-2026-09-15	e7af342444e6f9861a06f82ed356996a45cde905b59ca73f3f63ae397a8ee46d
armv6-evidence/swiftpm/repositories/swift-syntax-e1f983d3/refs/tags/605.0.0-prerelease-2026-09-15	5eb100f996fd71838a7ef89677f9356c7652a8eabec89c809ebd6eaaec6717b4
armv6-evidence/swiftpm/repositories/swift-syntax-e1f983d3/refs/tags/swift-6.4.0-RELEASE	e7af342444e6f9861a06f82ed356996a45cde905b59ca73f3f63ae397a8ee46d
armv6-evidence/swiftpm/repositories/swift-syntax-e1f983d3/refs/tags/swift-6.4.x-DEVELOPMENT-SNAPSHOT-2026-09-04-a	1da7f7c377b6f24e290b51697ba402aab37d649c3dd97722ec6cfccb876f612c
armv6-evidence/swiftpm/repositories/swift-syntax-e1f983d3/refs/tags/swift-6.4.x-DEVELOPMENT-SNAPSHOT-2026-09-10-a	4c6a293c179cfdc872492a39ff9782343fb2be47d28f6d5cd904ed653f7c7465
armv6-evidence/swiftpm/repositories/swift-syntax-e1f983d3/refs/tags/swift-6.4.x-DEVELOPMENT-SNAPSHOT-2026-09-14-a	e38b04eabdfcc0a6cbeb39322ff60ab6f4a058a3c52603bf45e2b54c0f5b13cd
armv6-evidence/swiftpm/repositories/swift-syntax-e1f983d3/refs/tags/swift-6.4.x-DEVELOPMENT-SNAPSHOT-2026-09-15-a	26adc48f9a8cae2a552baf44ef6ca60cf75673d729d14f3b211f647efc008045
armv6-evidence/swiftpm/repositories/swift-syntax-e1f983d3/refs/tags/swift-6.4.x-DEVELOPMENT-SNAPSHOT-2026-09-17-a	a093ad3e1e70eb47de7b73897afc509107bce4c8741c672b1375055fa520b178
armv6-evidence/swiftpm/repositories/swift-syntax-e1f983d3/refs/tags/swift-6.4.x-DEVELOPMENT-SNAPSHOT-2026-09-23-a	1675ab463218e9c5d107edce73a813bddffceb6d19b3ca70862ce43f9d258290
armv6-evidence/swiftpm/repositories/swift-syntax-e1f983d3/refs/tags/swift-6.4.x-DEVELOPMENT-SNAPSHOT-2026-09-24-a	cc09acca84ea536a8f0fca9066e9c1460c5438acdc6b32f91e569b62713f18c8
armv6-evidence/swiftpm/repositories/swift-syntax-e1f983d3/refs/tags/swift-6.4.x-DEVELOPMENT-SNAPSHOT-2026-09-26-a	b0ab9f645a76ba41c1fb926e01863a209a86b4ba8bee20a6f6994d52abb90639
armv6-evidence/swiftpm/repositories/swift-syntax-e1f983d3/refs/tags/swift-DEVELOPMENT-SNAPSHOT-2026-09-05-a	f2ccf49c3fa986779dc0fada2ab06e1f3b1899cfcfa6991e08b795959b72b764
armv6-evidence/swiftpm/repositories/swift-syntax-e1f983d3/refs/tags/swift-DEVELOPMENT-SNAPSHOT-2026-09-10-a	3b6881cf2b8c92b0872aa207aeeebc5a0d026ce0f74d7103621498bee7fa17a0
armv6-evidence/swiftpm/repositories/swift-syntax-e1f983d3/refs/tags/swift-DEVELOPMENT-SNAPSHOT-2026-09-21-a	6d2eaca3f6786940c9f642c221219e3596952ae66d190c98330aff064b1e7948
armv6-evidence/swiftpm/repositories/swift-syntax-e1f983d3/refs/tags/swift-DEVELOPMENT-SNAPSHOT-2026-10-01-a	e2c9b9832a329eb087b35ba5238da8e06d63e368ca1cfd9312c63119db16dc9d
armv6-evidence/swiftpm/workspace-state.json	7e6321f931d03940a566312bda8bd9fc8d4a7ee1e46745345c5496023e70418b
armv6-evidence/symbols.txt	ae9d7f2370d9b33a5e9c4cdf2fdb1ee92a9dbeb7a7a7c6b4a2617f82a39cdec7
armv6-evidence/timing.txt	ec2644b6feefd875fe074359f5b77272ecf83d7bd57ea51b8dbf24953639dc39
commands.txt	0c27b70ed714990e3d1468c14865078421de0a58905702a807f1320d441480a9
declarations/backend-resource-probe.ll	ceeda26d79ee3eda591d62ab192b6145f1f5ea4eb4e829605d6c7a5ee0be8937
declarations/backend-value-layouts.ll	6f0ff0f4ab6e2196f6e4125a45e161b5178a0597971c295b03a83391a154f68a
declarations/backend-value-layouts.tsv	93c9e65f5754c23cbb05ee2bbf7e79c4aacf2f56a50584fc53966d05f173960f
declarations/commands.txt	bf5f064f2f15a59acf2c23fb74fae4da50c9357682f96648b0615f9a24ce0fc8
declarations/compile-results.tsv	e56f67a771e8091b019758546b92292c4df83d16bd73828502f91cf3fe93b665
declarations/fixtures/display-cannot-import-raster/modules/GiftUI.swiftdoc	1bdf9682c49505b3b35fdbdc6dd038268a660ce07c5cdf5e95a583f4acd78049
declarations/fixtures/display-cannot-import-raster/modules/GiftUI.swiftmodule	35b04b615fe6cdf829646f3834c1ac89c9fa9c20b261a1aa160ce053bbe5bec2
declarations/fixtures/display-cannot-import-raster/modules/GiftUI.swiftsourceinfo	a4c100934b7a203cbc2c3297d2ac48f30a44d0bde8c8336ffc1a528b515cdd09
declarations/fixtures/display-cannot-import-raster/modules/GiftUICapabilities.swiftdoc	e9bb0c79a10a696a9837476c1db6b3ba688414c807593fa567f37abb767b9238
declarations/fixtures/display-cannot-import-raster/modules/GiftUICapabilities.swiftmodule	46801266d3a021145daf0f3259180d3668bd5d1df86d979d6643e5006eec012a
declarations/fixtures/display-cannot-import-raster/modules/GiftUICapabilities.swiftsourceinfo	fdd1476461c7dc0be2dedf7eb21996b11dde37235bacc9c23cabed451df3b236
declarations/fixtures/display-cannot-import-raster/modules/GiftUIDisplayCore.swiftdoc	1fa0ef4e32412a4924ffd2590bdf58532b5732e2390d6c1537e71eb63d8fa10b
declarations/fixtures/display-cannot-import-raster/modules/GiftUIDisplayCore.swiftmodule	e9587385a7f7d4868b6c95483fda181474f5dedb8201166d06ab4f3056c1151d
declarations/fixtures/display-cannot-import-raster/modules/GiftUIDisplayCore.swiftsourceinfo	f6e3cfee9ec727c4812498d891d8ad6ebb2714989343fb7bb8abc69b21635bdc
declarations/fixtures/display-cannot-import-raster/modules/GiftUIFailureCore.swiftdoc	a1cfbf39026b8bfb65f21f68b5c53fcc651aa0f2ac5380154e27176d6584bd1b
declarations/fixtures/display-cannot-import-raster/modules/GiftUIFailureCore.swiftmodule	0657abbba14256f84f03ea13f30d5096aa7bfd396a6aed1273ae2653a8d4b05a
declarations/fixtures/display-cannot-import-raster/modules/GiftUIFailureCore.swiftsourceinfo	83f339c44c7ee5c473f60472df2eb1dce99bcadb780813a887ead4ecae62e589
declarations/fixtures/display-cannot-import-raster/modules/GiftUIRenderCore.swiftdoc	e4cb8b558e18ac406d8884e8b2bc60abc9418abefb3d8fe3247e686cdaf50c19
declarations/fixtures/display-cannot-import-raster/modules/GiftUIRenderCore.swiftmodule	9c6932f045470eeeea671709a6ca6091391e0f09687843da9ace0ac8ac68a050
declarations/fixtures/display-cannot-import-raster/modules/GiftUIRenderCore.swiftsourceinfo	f1cb5922f1fd34925d5654370fa6a695dee1310963e05c8100c1d4e55153a25a
declarations/fixtures/display-cannot-import-raster/modules/GiftUISurfaceCore.swiftdoc	965cf3a4e7849deca9bfc656b8f428fd3864212212fc9d49b716e9f3a7c7d549
declarations/fixtures/display-cannot-import-raster/modules/GiftUISurfaceCore.swiftmodule	d19c254788a42bea7939ead19eb6294bfc310e71b53e90f76935041807ec822e
declarations/fixtures/display-cannot-import-raster/modules/GiftUISurfaceCore.swiftsourceinfo	4fb5f0b0c2bd10ecf09a94b9771c293a93c76d6c030daefbb79e11d0b12f95a8
declarations/fixtures/display-cannot-import-raster/modules/GiftUITextResources.swiftdoc	4344bf49e525242f60bbde730e5b74bddbfbe19a83f93fa70b2b9039e7fa5774
declarations/fixtures/display-cannot-import-raster/modules/GiftUITextResources.swiftmodule	9272ddb2bf99f619376a1245017213a2e7c3a20646a42847662a617c2e3323aa
declarations/fixtures/display-cannot-import-raster/modules/GiftUITextResources.swiftsourceinfo	0151f4c305320ec39264461998547bb0437b810520839602bff008b7b2b14c7b
declarations/fixtures/display-cannot-import-raster/stderr.txt	b4d8310a46b8ce8871ffd1a757550406b23055638830b2abd7df2d5800f3cbf9
declarations/fixtures/display-cannot-import-raster/stdout.txt	e3b0c44298fc1c149afbf4c8996fb92427ae41e4649b934ca495991b7852b855
declarations/fixtures/giftui-cannot-import-integration/modules/GiftUI.swiftdoc	1bdf9682c49505b3b35fdbdc6dd038268a660ce07c5cdf5e95a583f4acd78049
declarations/fixtures/giftui-cannot-import-integration/modules/GiftUI.swiftmodule	35b04b615fe6cdf829646f3834c1ac89c9fa9c20b261a1aa160ce053bbe5bec2
declarations/fixtures/giftui-cannot-import-integration/modules/GiftUI.swiftsourceinfo	a4c100934b7a203cbc2c3297d2ac48f30a44d0bde8c8336ffc1a528b515cdd09
declarations/fixtures/giftui-cannot-import-integration/stderr.txt	00004c5c105032953e5cad099cc9449540f7729cf9e08ff78dba28b3b4124a56
declarations/fixtures/giftui-cannot-import-integration/stdout.txt	e3b0c44298fc1c149afbf4c8996fb92427ae41e4649b934ca495991b7852b855
declarations/fixtures/integration-cannot-import-drawing/modules/GiftUI.swiftdoc	1bdf9682c49505b3b35fdbdc6dd038268a660ce07c5cdf5e95a583f4acd78049
declarations/fixtures/integration-cannot-import-drawing/modules/GiftUI.swiftmodule	35b04b615fe6cdf829646f3834c1ac89c9fa9c20b261a1aa160ce053bbe5bec2
declarations/fixtures/integration-cannot-import-drawing/modules/GiftUI.swiftsourceinfo	a4c100934b7a203cbc2c3297d2ac48f30a44d0bde8c8336ffc1a528b515cdd09
declarations/fixtures/integration-cannot-import-drawing/modules/GiftUIBackendIntegration.swiftdoc	58f2e86add9f79174835ee2b661b0a28acb8ffae0656d890feb2ef99a4f76407
declarations/fixtures/integration-cannot-import-drawing/modules/GiftUIBackendIntegration.swiftmodule	1400eeaee87aeaab0141b2de98304e549a74be0b7f51b3c99446367a879914cf
declarations/fixtures/integration-cannot-import-drawing/modules/GiftUIBackendIntegration.swiftsourceinfo	6e8860ca4b8c690f4a0082bb685bb23aa67f0e5829ca5ea6837e860d87fb7ced
declarations/fixtures/integration-cannot-import-drawing/modules/GiftUICapabilities.swiftdoc	e9bb0c79a10a696a9837476c1db6b3ba688414c807593fa567f37abb767b9238
declarations/fixtures/integration-cannot-import-drawing/modules/GiftUICapabilities.swiftmodule	46801266d3a021145daf0f3259180d3668bd5d1df86d979d6643e5006eec012a
declarations/fixtures/integration-cannot-import-drawing/modules/GiftUICapabilities.swiftsourceinfo	fdd1476461c7dc0be2dedf7eb21996b11dde37235bacc9c23cabed451df3b236
declarations/fixtures/integration-cannot-import-drawing/modules/GiftUIDisplayCore.swiftdoc	1fa0ef4e32412a4924ffd2590bdf58532b5732e2390d6c1537e71eb63d8fa10b
declarations/fixtures/integration-cannot-import-drawing/modules/GiftUIDisplayCore.swiftmodule	e9587385a7f7d4868b6c95483fda181474f5dedb8201166d06ab4f3056c1151d
declarations/fixtures/integration-cannot-import-drawing/modules/GiftUIDisplayCore.swiftsourceinfo	f6e3cfee9ec727c4812498d891d8ad6ebb2714989343fb7bb8abc69b21635bdc
declarations/fixtures/integration-cannot-import-drawing/modules/GiftUIExecution.swiftdoc	e8d2c43706064f04b89b67f6664d49fa0eb46910774ffca62d78f51c2b3e3b2f
declarations/fixtures/integration-cannot-import-drawing/modules/GiftUIExecution.swiftmodule	254f1ab5119d60c15f6f7d558d91d15762793d83d3a23f30660b0c7fd84cc454
declarations/fixtures/integration-cannot-import-drawing/modules/GiftUIExecution.swiftsourceinfo	f4de1864f4793f207d2965dc4056c525474a392ea470db7a2f919385e08a8939
declarations/fixtures/integration-cannot-import-drawing/modules/GiftUIFailureCore.swiftdoc	a1cfbf39026b8bfb65f21f68b5c53fcc651aa0f2ac5380154e27176d6584bd1b
declarations/fixtures/integration-cannot-import-drawing/modules/GiftUIFailureCore.swiftmodule	0657abbba14256f84f03ea13f30d5096aa7bfd396a6aed1273ae2653a8d4b05a
declarations/fixtures/integration-cannot-import-drawing/modules/GiftUIFailureCore.swiftsourceinfo	83f339c44c7ee5c473f60472df2eb1dce99bcadb780813a887ead4ecae62e589
declarations/fixtures/integration-cannot-import-drawing/modules/GiftUIRasterCore.swiftdoc	a0242702bc4bfb60db1acf0b257b9e17c1401ef2297c6929e647c86655a89d09
declarations/fixtures/integration-cannot-import-drawing/modules/GiftUIRasterCore.swiftmodule	1ce9771492239a2ce63e2b61bec8ab72ee227d49c99cb08b052a0f6af7312747
declarations/fixtures/integration-cannot-import-drawing/modules/GiftUIRasterCore.swiftsourceinfo	82fbd65de9d4dace254b1135c3cca6f48c7975b0a719dc48876da15665a96967
declarations/fixtures/integration-cannot-import-drawing/modules/GiftUIRenderCore.swiftdoc	e4cb8b558e18ac406d8884e8b2bc60abc9418abefb3d8fe3247e686cdaf50c19
declarations/fixtures/integration-cannot-import-drawing/modules/GiftUIRenderCore.swiftmodule	9c6932f045470eeeea671709a6ca6091391e0f09687843da9ace0ac8ac68a050
declarations/fixtures/integration-cannot-import-drawing/modules/GiftUIRenderCore.swiftsourceinfo	f1cb5922f1fd34925d5654370fa6a695dee1310963e05c8100c1d4e55153a25a
declarations/fixtures/integration-cannot-import-drawing/modules/GiftUISurfaceCore.swiftdoc	965cf3a4e7849deca9bfc656b8f428fd3864212212fc9d49b716e9f3a7c7d549
declarations/fixtures/integration-cannot-import-drawing/modules/GiftUISurfaceCore.swiftmodule	d19c254788a42bea7939ead19eb6294bfc310e71b53e90f76935041807ec822e
declarations/fixtures/integration-cannot-import-drawing/modules/GiftUISurfaceCore.swiftsourceinfo	4fb5f0b0c2bd10ecf09a94b9771c293a93c76d6c030daefbb79e11d0b12f95a8
declarations/fixtures/integration-cannot-import-drawing/modules/GiftUITextResources.swiftdoc	4344bf49e525242f60bbde730e5b74bddbfbe19a83f93fa70b2b9039e7fa5774
declarations/fixtures/integration-cannot-import-drawing/modules/GiftUITextResources.swiftmodule	9272ddb2bf99f619376a1245017213a2e7c3a20646a42847662a617c2e3323aa
declarations/fixtures/integration-cannot-import-drawing/modules/GiftUITextResources.swiftsourceinfo	0151f4c305320ec39264461998547bb0437b810520839602bff008b7b2b14c7b
declarations/fixtures/integration-cannot-import-drawing/stderr.txt	8f55ed216dc4f4d27ed7a2ff14bf1f86e641463b11665ddbd730870ad9e90e1b
declarations/fixtures/integration-cannot-import-drawing/stdout.txt	e3b0c44298fc1c149afbf4c8996fb92427ae41e4649b934ca495991b7852b855
declarations/fixtures/raster-cannot-import-display/modules/GiftUI.swiftdoc	1bdf9682c49505b3b35fdbdc6dd038268a660ce07c5cdf5e95a583f4acd78049
declarations/fixtures/raster-cannot-import-display/modules/GiftUI.swiftmodule	35b04b615fe6cdf829646f3834c1ac89c9fa9c20b261a1aa160ce053bbe5bec2
declarations/fixtures/raster-cannot-import-display/modules/GiftUI.swiftsourceinfo	a4c100934b7a203cbc2c3297d2ac48f30a44d0bde8c8336ffc1a528b515cdd09
declarations/fixtures/raster-cannot-import-display/modules/GiftUICapabilities.swiftdoc	e9bb0c79a10a696a9837476c1db6b3ba688414c807593fa567f37abb767b9238
declarations/fixtures/raster-cannot-import-display/modules/GiftUICapabilities.swiftmodule	46801266d3a021145daf0f3259180d3668bd5d1df86d979d6643e5006eec012a
declarations/fixtures/raster-cannot-import-display/modules/GiftUICapabilities.swiftsourceinfo	fdd1476461c7dc0be2dedf7eb21996b11dde37235bacc9c23cabed451df3b236
declarations/fixtures/raster-cannot-import-display/modules/GiftUIRasterCore.swiftdoc	a0242702bc4bfb60db1acf0b257b9e17c1401ef2297c6929e647c86655a89d09
declarations/fixtures/raster-cannot-import-display/modules/GiftUIRasterCore.swiftmodule	1ce9771492239a2ce63e2b61bec8ab72ee227d49c99cb08b052a0f6af7312747
declarations/fixtures/raster-cannot-import-display/modules/GiftUIRasterCore.swiftsourceinfo	82fbd65de9d4dace254b1135c3cca6f48c7975b0a719dc48876da15665a96967
declarations/fixtures/raster-cannot-import-display/modules/GiftUIRenderCore.swiftdoc	e4cb8b558e18ac406d8884e8b2bc60abc9418abefb3d8fe3247e686cdaf50c19
declarations/fixtures/raster-cannot-import-display/modules/GiftUIRenderCore.swiftmodule	9c6932f045470eeeea671709a6ca6091391e0f09687843da9ace0ac8ac68a050
declarations/fixtures/raster-cannot-import-display/modules/GiftUIRenderCore.swiftsourceinfo	f1cb5922f1fd34925d5654370fa6a695dee1310963e05c8100c1d4e55153a25a
declarations/fixtures/raster-cannot-import-display/modules/GiftUISurfaceCore.swiftdoc	965cf3a4e7849deca9bfc656b8f428fd3864212212fc9d49b716e9f3a7c7d549
declarations/fixtures/raster-cannot-import-display/modules/GiftUISurfaceCore.swiftmodule	d19c254788a42bea7939ead19eb6294bfc310e71b53e90f76935041807ec822e
declarations/fixtures/raster-cannot-import-display/modules/GiftUISurfaceCore.swiftsourceinfo	4fb5f0b0c2bd10ecf09a94b9771c293a93c76d6c030daefbb79e11d0b12f95a8
declarations/fixtures/raster-cannot-import-display/modules/GiftUITextResources.swiftdoc	4344bf49e525242f60bbde730e5b74bddbfbe19a83f93fa70b2b9039e7fa5774
declarations/fixtures/raster-cannot-import-display/modules/GiftUITextResources.swiftmodule	9272ddb2bf99f619376a1245017213a2e7c3a20646a42847662a617c2e3323aa
declarations/fixtures/raster-cannot-import-display/modules/GiftUITextResources.swiftsourceinfo	0151f4c305320ec39264461998547bb0437b810520839602bff008b7b2b14c7b
declarations/fixtures/raster-cannot-import-display/stderr.txt	322e7005b937d3bc91dd9ed1f4ee1c5f2f7d3bb6f755b10354608618391edcdf
declarations/fixtures/raster-cannot-import-display/stdout.txt	e3b0c44298fc1c149afbf4c8996fb92427ae41e4649b934ca495991b7852b855
declarations/fixtures/surface-cannot-import-raster/modules/GiftUI.swiftdoc	1bdf9682c49505b3b35fdbdc6dd038268a660ce07c5cdf5e95a583f4acd78049
declarations/fixtures/surface-cannot-import-raster/modules/GiftUI.swiftmodule	35b04b615fe6cdf829646f3834c1ac89c9fa9c20b261a1aa160ce053bbe5bec2
declarations/fixtures/surface-cannot-import-raster/modules/GiftUI.swiftsourceinfo	a4c100934b7a203cbc2c3297d2ac48f30a44d0bde8c8336ffc1a528b515cdd09
declarations/fixtures/surface-cannot-import-raster/modules/GiftUICapabilities.swiftdoc	e9bb0c79a10a696a9837476c1db6b3ba688414c807593fa567f37abb767b9238
declarations/fixtures/surface-cannot-import-raster/modules/GiftUICapabilities.swiftmodule	46801266d3a021145daf0f3259180d3668bd5d1df86d979d6643e5006eec012a
declarations/fixtures/surface-cannot-import-raster/modules/GiftUICapabilities.swiftsourceinfo	fdd1476461c7dc0be2dedf7eb21996b11dde37235bacc9c23cabed451df3b236
declarations/fixtures/surface-cannot-import-raster/modules/GiftUIRenderCore.swiftdoc	e4cb8b558e18ac406d8884e8b2bc60abc9418abefb3d8fe3247e686cdaf50c19
declarations/fixtures/surface-cannot-import-raster/modules/GiftUIRenderCore.swiftmodule	9c6932f045470eeeea671709a6ca6091391e0f09687843da9ace0ac8ac68a050
declarations/fixtures/surface-cannot-import-raster/modules/GiftUIRenderCore.swiftsourceinfo	f1cb5922f1fd34925d5654370fa6a695dee1310963e05c8100c1d4e55153a25a
declarations/fixtures/surface-cannot-import-raster/modules/GiftUISurfaceCore.swiftdoc	965cf3a4e7849deca9bfc656b8f428fd3864212212fc9d49b716e9f3a7c7d549
declarations/fixtures/surface-cannot-import-raster/modules/GiftUISurfaceCore.swiftmodule	d19c254788a42bea7939ead19eb6294bfc310e71b53e90f76935041807ec822e
declarations/fixtures/surface-cannot-import-raster/modules/GiftUISurfaceCore.swiftsourceinfo	4fb5f0b0c2bd10ecf09a94b9771c293a93c76d6c030daefbb79e11d0b12f95a8
declarations/fixtures/surface-cannot-import-raster/modules/GiftUITextResources.swiftdoc	4344bf49e525242f60bbde730e5b74bddbfbe19a83f93fa70b2b9039e7fa5774
declarations/fixtures/surface-cannot-import-raster/modules/GiftUITextResources.swiftmodule	9272ddb2bf99f619376a1245017213a2e7c3a20646a42847662a617c2e3323aa
declarations/fixtures/surface-cannot-import-raster/modules/GiftUITextResources.swiftsourceinfo	0151f4c305320ec39264461998547bb0437b810520839602bff008b7b2b14c7b
declarations/fixtures/surface-cannot-import-raster/stderr.txt	7e8b401fa1289ef4283569865208d61838328d9edc6a58c96b873203c1c79e7e
declarations/fixtures/surface-cannot-import-raster/stdout.txt	e3b0c44298fc1c149afbf4c8996fb92427ae41e4649b934ca495991b7852b855
declarations/identity.tsv	7fa9bfa41eee30269a2077454ac4cba3d3d0e37efda8d9c51c6a36116bd32be3
declarations/modules/GiftUI.swiftdoc	1bdf9682c49505b3b35fdbdc6dd038268a660ce07c5cdf5e95a583f4acd78049
declarations/modules/GiftUI.swiftmodule	35b04b615fe6cdf829646f3834c1ac89c9fa9c20b261a1aa160ce053bbe5bec2
declarations/modules/GiftUI.swiftsourceinfo	a4c100934b7a203cbc2c3297d2ac48f30a44d0bde8c8336ffc1a528b515cdd09
declarations/modules/GiftUIBackendIntegration.swiftdoc	58f2e86add9f79174835ee2b661b0a28acb8ffae0656d890feb2ef99a4f76407
declarations/modules/GiftUIBackendIntegration.swiftmodule	1400eeaee87aeaab0141b2de98304e549a74be0b7f51b3c99446367a879914cf
declarations/modules/GiftUIBackendIntegration.swiftsourceinfo	6e8860ca4b8c690f4a0082bb685bb23aa67f0e5829ca5ea6837e860d87fb7ced
declarations/modules/GiftUICapabilities.swiftdoc	e9bb0c79a10a696a9837476c1db6b3ba688414c807593fa567f37abb767b9238
declarations/modules/GiftUICapabilities.swiftmodule	46801266d3a021145daf0f3259180d3668bd5d1df86d979d6643e5006eec012a
declarations/modules/GiftUICapabilities.swiftsourceinfo	fdd1476461c7dc0be2dedf7eb21996b11dde37235bacc9c23cabed451df3b236
declarations/modules/GiftUIDisplayCore.swiftdoc	1fa0ef4e32412a4924ffd2590bdf58532b5732e2390d6c1537e71eb63d8fa10b
declarations/modules/GiftUIDisplayCore.swiftmodule	e9587385a7f7d4868b6c95483fda181474f5dedb8201166d06ab4f3056c1151d
declarations/modules/GiftUIDisplayCore.swiftsourceinfo	f6e3cfee9ec727c4812498d891d8ad6ebb2714989343fb7bb8abc69b21635bdc
declarations/modules/GiftUIExecution.swiftdoc	e8d2c43706064f04b89b67f6664d49fa0eb46910774ffca62d78f51c2b3e3b2f
declarations/modules/GiftUIExecution.swiftmodule	254f1ab5119d60c15f6f7d558d91d15762793d83d3a23f30660b0c7fd84cc454
declarations/modules/GiftUIExecution.swiftsourceinfo	f4de1864f4793f207d2965dc4056c525474a392ea470db7a2f919385e08a8939
declarations/modules/GiftUIFailureCore.swiftdoc	a1cfbf39026b8bfb65f21f68b5c53fcc651aa0f2ac5380154e27176d6584bd1b
declarations/modules/GiftUIFailureCore.swiftmodule	0657abbba14256f84f03ea13f30d5096aa7bfd396a6aed1273ae2653a8d4b05a
declarations/modules/GiftUIFailureCore.swiftsourceinfo	83f339c44c7ee5c473f60472df2eb1dce99bcadb780813a887ead4ecae62e589
declarations/modules/GiftUIRasterCore.swiftdoc	a0242702bc4bfb60db1acf0b257b9e17c1401ef2297c6929e647c86655a89d09
declarations/modules/GiftUIRasterCore.swiftmodule	1ce9771492239a2ce63e2b61bec8ab72ee227d49c99cb08b052a0f6af7312747
declarations/modules/GiftUIRasterCore.swiftsourceinfo	82fbd65de9d4dace254b1135c3cca6f48c7975b0a719dc48876da15665a96967
declarations/modules/GiftUIRenderCore.swiftdoc	e4cb8b558e18ac406d8884e8b2bc60abc9418abefb3d8fe3247e686cdaf50c19
declarations/modules/GiftUIRenderCore.swiftmodule	9c6932f045470eeeea671709a6ca6091391e0f09687843da9ace0ac8ac68a050
declarations/modules/GiftUIRenderCore.swiftsourceinfo	f1cb5922f1fd34925d5654370fa6a695dee1310963e05c8100c1d4e55153a25a
declarations/modules/GiftUISurfaceCore.swiftdoc	965cf3a4e7849deca9bfc656b8f428fd3864212212fc9d49b716e9f3a7c7d549
declarations/modules/GiftUISurfaceCore.swiftmodule	d19c254788a42bea7939ead19eb6294bfc310e71b53e90f76935041807ec822e
declarations/modules/GiftUISurfaceCore.swiftsourceinfo	4fb5f0b0c2bd10ecf09a94b9771c293a93c76d6c030daefbb79e11d0b12f95a8
declarations/modules/GiftUITextResources.swiftdoc	4344bf49e525242f60bbde730e5b74bddbfbe19a83f93fa70b2b9039e7fa5774
declarations/modules/GiftUITextResources.swiftmodule	9272ddb2bf99f619376a1245017213a2e7c3a20646a42847662a617c2e3323aa
declarations/modules/GiftUITextResources.swiftsourceinfo	0151f4c305320ec39264461998547bb0437b810520839602bff008b7b2b14c7b
input-hashes.tsv	145c16b3b1e9a369f450fd0d34fddd3b1f0aa0a65b8a8d66796dc96e00d8b34d
metadata.txt	460a2e638bf34ddfd2dd5202414820aded4b2ab77f7275242cb3c5e76e02a0cd
package.json	3ac149e5098470c92476f8a3a833cf6b87b6f7e861d4652a63aa13e8d9d1a52b
prerequisites.tsv	beb1144fa556e54ca7e1a99b015dc9a4948f4ea026aeceb20b9d5daa122ee44e
required-evidence.tsv	a85127bb6cedc4dc300de743f73f840de3af6916df05cc1fba876769201662b8
run.log	09a66b322d6e1776353b3171a6aa9481717996ab020ae9c663dbe619bd88075c
