commands.txt	4b2d33387946b4e8ae8a73113a0a515df12174a793cb07b37628e8fa85bf90cc
declarations/backend-resource-probe.ll	0b9701562ab022848eef44ce9a06f22bc6c980ab569e0037eada44a50e5cfc10
declarations/backend-value-layouts.ll	bc5ce631c211b5d870e26977b03ffa5b25c05cce9a6ccccebaf65cf9de6ec50a
declarations/backend-value-layouts.tsv	93c9e65f5754c23cbb05ee2bbf7e79c4aacf2f56a50584fc53966d05f173960f
declarations/commands.txt	05651c15e66b58cd5801522ee37af2ea20f3c06cd6f96f0e71efe85639bada12
declarations/compile-results.tsv	e56f67a771e8091b019758546b92292c4df83d16bd73828502f91cf3fe93b665
declarations/fixtures/display-cannot-import-raster/modules/GiftUI.swiftdoc	4056c4e7845f1fbf2e5e617944b3a68e55d9312db94e1017a68bf72aa875bddf
declarations/fixtures/display-cannot-import-raster/modules/GiftUI.swiftmodule	4e25fbef7037830f3e68a44beb5df2de6d25bb37958d2955da59e1022c1acfcb
declarations/fixtures/display-cannot-import-raster/modules/GiftUI.swiftsourceinfo	27c798e70f7685e76b6ba931354db51fb9b7eb7636e687370e124d7fd4b4d6bc
declarations/fixtures/display-cannot-import-raster/modules/GiftUICapabilities.swiftdoc	254a5eb3fac7268a3b73f79650552240ffb4d0ab5754e381d7db6be9ce6a0fbe
declarations/fixtures/display-cannot-import-raster/modules/GiftUICapabilities.swiftmodule	647373ce582d169bc702d144f0f3d4c54885dc6d38725233d9774787e4d82087
declarations/fixtures/display-cannot-import-raster/modules/GiftUICapabilities.swiftsourceinfo	729e6c44573c25a2b3f6c3fdc0c2f0981993f47b62b5c81758cafecb8ada5147
declarations/fixtures/display-cannot-import-raster/modules/GiftUIDisplayCore.swiftdoc	609b606c8b8ca9944064eb50f4801c0fc9b0f9def78780a4e822ee98c7f7f125
declarations/fixtures/display-cannot-import-raster/modules/GiftUIDisplayCore.swiftmodule	379d97401cbeed3177a01a57fd589f937135d323b426df0edc3229999830351f
declarations/fixtures/display-cannot-import-raster/modules/GiftUIDisplayCore.swiftsourceinfo	970e614df0936909a1c3e2aceea772588b81b1bed1da7c9436a45dfd5c9974f6
declarations/fixtures/display-cannot-import-raster/modules/GiftUIFailureCore.swiftdoc	564271750921aedd192ed5edda0db0c5fb08a6d7864a67dec0c58b3ebb6a4ad8
declarations/fixtures/display-cannot-import-raster/modules/GiftUIFailureCore.swiftmodule	ccb2dcca41c242c1dafbc588b4016bc82b73dbd77a7f49db52d7ecefc001f896
declarations/fixtures/display-cannot-import-raster/modules/GiftUIFailureCore.swiftsourceinfo	3a52e5fa04d72748a4c1e3090bcad6e9e42ad38d939edc1d191f828bee4b5270
declarations/fixtures/display-cannot-import-raster/modules/GiftUIRenderCore.swiftdoc	1a26069d6652f8960a1c9082894cbfb34cdd211bc4cbc661fb1a97fb20b33859
declarations/fixtures/display-cannot-import-raster/modules/GiftUIRenderCore.swiftmodule	bfb00acecae8cbd5026c864663b02306f8525bccebac2cea322f71f2703d733c
declarations/fixtures/display-cannot-import-raster/modules/GiftUIRenderCore.swiftsourceinfo	f484d68155bb964aca18bedeed142f318c19f9eb79da1051f397d32eaf4ae55c
declarations/fixtures/display-cannot-import-raster/modules/GiftUISurfaceCore.swiftdoc	0e80c37f6778ee7ab59685351a425f9dc2358ac71bdf153990b5dca93d512a4f
declarations/fixtures/display-cannot-import-raster/modules/GiftUISurfaceCore.swiftmodule	a07c072ef0f8e3e2cf0918b0587bbd8623b76a817cb97236bd8c278b4e21d96a
declarations/fixtures/display-cannot-import-raster/modules/GiftUISurfaceCore.swiftsourceinfo	2336b0d7a11107a12f03eaeacd81eb94d0d3b368a779ae8b95d00a4ea8781207
declarations/fixtures/display-cannot-import-raster/modules/GiftUITextResources.swiftdoc	d8b0c752ef6116fa5b12f16373f6d1bac8056209ff672a25d362a8c6ba3ff32e
declarations/fixtures/display-cannot-import-raster/modules/GiftUITextResources.swiftmodule	f0fd5990aad682070ce8fd5b1ac463ae1139f2d1429b2d0affadc3e4a8a3bcd0
declarations/fixtures/display-cannot-import-raster/modules/GiftUITextResources.swiftsourceinfo	fde33d2f3b213bcd5c5a7ee90cd4c8bdfdd238d3ac535399951623d7d2da7715
declarations/fixtures/display-cannot-import-raster/stderr.txt	c297088e5f894ad095f8a1315174c55f3d9b252509b2427f10ee0ec2c06c9461
declarations/fixtures/display-cannot-import-raster/stdout.txt	e3b0c44298fc1c149afbf4c8996fb92427ae41e4649b934ca495991b7852b855
declarations/fixtures/giftui-cannot-import-integration/modules/GiftUI.swiftdoc	4056c4e7845f1fbf2e5e617944b3a68e55d9312db94e1017a68bf72aa875bddf
declarations/fixtures/giftui-cannot-import-integration/modules/GiftUI.swiftmodule	4e25fbef7037830f3e68a44beb5df2de6d25bb37958d2955da59e1022c1acfcb
declarations/fixtures/giftui-cannot-import-integration/modules/GiftUI.swiftsourceinfo	27c798e70f7685e76b6ba931354db51fb9b7eb7636e687370e124d7fd4b4d6bc
declarations/fixtures/giftui-cannot-import-integration/stderr.txt	dee6f24ed5b522c97e9087acddcefae4124a5e4b6477c86c797636139f5dc1bc
declarations/fixtures/giftui-cannot-import-integration/stdout.txt	e3b0c44298fc1c149afbf4c8996fb92427ae41e4649b934ca495991b7852b855
declarations/fixtures/integration-cannot-import-drawing/modules/GiftUI.swiftdoc	4056c4e7845f1fbf2e5e617944b3a68e55d9312db94e1017a68bf72aa875bddf
declarations/fixtures/integration-cannot-import-drawing/modules/GiftUI.swiftmodule	4e25fbef7037830f3e68a44beb5df2de6d25bb37958d2955da59e1022c1acfcb
declarations/fixtures/integration-cannot-import-drawing/modules/GiftUI.swiftsourceinfo	27c798e70f7685e76b6ba931354db51fb9b7eb7636e687370e124d7fd4b4d6bc
declarations/fixtures/integration-cannot-import-drawing/modules/GiftUIBackendIntegration.swiftdoc	0ca8389e5daa36cc8ee50d3ea34ad8777075345515dea046d1b79ed1e7f5de33
declarations/fixtures/integration-cannot-import-drawing/modules/GiftUIBackendIntegration.swiftmodule	53254333116052e5fd2de4c5cec060ffd1641b6c2d2be141f6cf504b8889be73
declarations/fixtures/integration-cannot-import-drawing/modules/GiftUIBackendIntegration.swiftsourceinfo	9edfe31a3dd7964ff7d15baadd90d43a2b845331fe4018cd4d25b9bf34cc18fa
declarations/fixtures/integration-cannot-import-drawing/modules/GiftUICapabilities.swiftdoc	254a5eb3fac7268a3b73f79650552240ffb4d0ab5754e381d7db6be9ce6a0fbe
declarations/fixtures/integration-cannot-import-drawing/modules/GiftUICapabilities.swiftmodule	647373ce582d169bc702d144f0f3d4c54885dc6d38725233d9774787e4d82087
declarations/fixtures/integration-cannot-import-drawing/modules/GiftUICapabilities.swiftsourceinfo	729e6c44573c25a2b3f6c3fdc0c2f0981993f47b62b5c81758cafecb8ada5147
declarations/fixtures/integration-cannot-import-drawing/modules/GiftUIDisplayCore.swiftdoc	609b606c8b8ca9944064eb50f4801c0fc9b0f9def78780a4e822ee98c7f7f125
declarations/fixtures/integration-cannot-import-drawing/modules/GiftUIDisplayCore.swiftmodule	379d97401cbeed3177a01a57fd589f937135d323b426df0edc3229999830351f
declarations/fixtures/integration-cannot-import-drawing/modules/GiftUIDisplayCore.swiftsourceinfo	970e614df0936909a1c3e2aceea772588b81b1bed1da7c9436a45dfd5c9974f6
declarations/fixtures/integration-cannot-import-drawing/modules/GiftUIExecution.swiftdoc	2da6602e602216b200d075348f1838b32c30c7a8f42580391ef154c67bb3b50c
declarations/fixtures/integration-cannot-import-drawing/modules/GiftUIExecution.swiftmodule	14e47037118bf85fc291bc2da80b1e84d91ae1a0e22eec049fd00370636bbbf7
declarations/fixtures/integration-cannot-import-drawing/modules/GiftUIExecution.swiftsourceinfo	910b36f0e42918a5189a5c084cb7fc50d2040112deb3d1a0cc780a0c9fb2080f
declarations/fixtures/integration-cannot-import-drawing/modules/GiftUIFailureCore.swiftdoc	564271750921aedd192ed5edda0db0c5fb08a6d7864a67dec0c58b3ebb6a4ad8
declarations/fixtures/integration-cannot-import-drawing/modules/GiftUIFailureCore.swiftmodule	ccb2dcca41c242c1dafbc588b4016bc82b73dbd77a7f49db52d7ecefc001f896
declarations/fixtures/integration-cannot-import-drawing/modules/GiftUIFailureCore.swiftsourceinfo	3a52e5fa04d72748a4c1e3090bcad6e9e42ad38d939edc1d191f828bee4b5270
declarations/fixtures/integration-cannot-import-drawing/modules/GiftUIRasterCore.swiftdoc	1ae99049a4241331b969902821d961dcd48f1271aac6b6f3c657d61fcb0ec504
declarations/fixtures/integration-cannot-import-drawing/modules/GiftUIRasterCore.swiftmodule	1bb14533b7d56b0affb675d2ec504b0def782ed6ea2f999e8324456bdc29a0ca
declarations/fixtures/integration-cannot-import-drawing/modules/GiftUIRasterCore.swiftsourceinfo	e4a7be81efe89ad75c6fb382648d762e5dba96669dd5cff69252a198e47a1a6b
declarations/fixtures/integration-cannot-import-drawing/modules/GiftUIRenderCore.swiftdoc	1a26069d6652f8960a1c9082894cbfb34cdd211bc4cbc661fb1a97fb20b33859
declarations/fixtures/integration-cannot-import-drawing/modules/GiftUIRenderCore.swiftmodule	bfb00acecae8cbd5026c864663b02306f8525bccebac2cea322f71f2703d733c
declarations/fixtures/integration-cannot-import-drawing/modules/GiftUIRenderCore.swiftsourceinfo	f484d68155bb964aca18bedeed142f318c19f9eb79da1051f397d32eaf4ae55c
declarations/fixtures/integration-cannot-import-drawing/modules/GiftUISurfaceCore.swiftdoc	0e80c37f6778ee7ab59685351a425f9dc2358ac71bdf153990b5dca93d512a4f
declarations/fixtures/integration-cannot-import-drawing/modules/GiftUISurfaceCore.swiftmodule	a07c072ef0f8e3e2cf0918b0587bbd8623b76a817cb97236bd8c278b4e21d96a
declarations/fixtures/integration-cannot-import-drawing/modules/GiftUISurfaceCore.swiftsourceinfo	2336b0d7a11107a12f03eaeacd81eb94d0d3b368a779ae8b95d00a4ea8781207
declarations/fixtures/integration-cannot-import-drawing/modules/GiftUITextResources.swiftdoc	d8b0c752ef6116fa5b12f16373f6d1bac8056209ff672a25d362a8c6ba3ff32e
declarations/fixtures/integration-cannot-import-drawing/modules/GiftUITextResources.swiftmodule	f0fd5990aad682070ce8fd5b1ac463ae1139f2d1429b2d0affadc3e4a8a3bcd0
declarations/fixtures/integration-cannot-import-drawing/modules/GiftUITextResources.swiftsourceinfo	fde33d2f3b213bcd5c5a7ee90cd4c8bdfdd238d3ac535399951623d7d2da7715
declarations/fixtures/integration-cannot-import-drawing/stderr.txt	ec776793cbbfff8eb9b8170ea2b003d877b331d08b9fa9c8c734e76b63ce74bd
declarations/fixtures/integration-cannot-import-drawing/stdout.txt	e3b0c44298fc1c149afbf4c8996fb92427ae41e4649b934ca495991b7852b855
declarations/fixtures/raster-cannot-import-display/modules/GiftUI.swiftdoc	4056c4e7845f1fbf2e5e617944b3a68e55d9312db94e1017a68bf72aa875bddf
declarations/fixtures/raster-cannot-import-display/modules/GiftUI.swiftmodule	4e25fbef7037830f3e68a44beb5df2de6d25bb37958d2955da59e1022c1acfcb
declarations/fixtures/raster-cannot-import-display/modules/GiftUI.swiftsourceinfo	27c798e70f7685e76b6ba931354db51fb9b7eb7636e687370e124d7fd4b4d6bc
declarations/fixtures/raster-cannot-import-display/modules/GiftUICapabilities.swiftdoc	254a5eb3fac7268a3b73f79650552240ffb4d0ab5754e381d7db6be9ce6a0fbe
declarations/fixtures/raster-cannot-import-display/modules/GiftUICapabilities.swiftmodule	647373ce582d169bc702d144f0f3d4c54885dc6d38725233d9774787e4d82087
declarations/fixtures/raster-cannot-import-display/modules/GiftUICapabilities.swiftsourceinfo	729e6c44573c25a2b3f6c3fdc0c2f0981993f47b62b5c81758cafecb8ada5147
declarations/fixtures/raster-cannot-import-display/modules/GiftUIRasterCore.swiftdoc	1ae99049a4241331b969902821d961dcd48f1271aac6b6f3c657d61fcb0ec504
declarations/fixtures/raster-cannot-import-display/modules/GiftUIRasterCore.swiftmodule	1bb14533b7d56b0affb675d2ec504b0def782ed6ea2f999e8324456bdc29a0ca
declarations/fixtures/raster-cannot-import-display/modules/GiftUIRasterCore.swiftsourceinfo	e4a7be81efe89ad75c6fb382648d762e5dba96669dd5cff69252a198e47a1a6b
declarations/fixtures/raster-cannot-import-display/modules/GiftUIRenderCore.swiftdoc	1a26069d6652f8960a1c9082894cbfb34cdd211bc4cbc661fb1a97fb20b33859
declarations/fixtures/raster-cannot-import-display/modules/GiftUIRenderCore.swiftmodule	bfb00acecae8cbd5026c864663b02306f8525bccebac2cea322f71f2703d733c
declarations/fixtures/raster-cannot-import-display/modules/GiftUIRenderCore.swiftsourceinfo	f484d68155bb964aca18bedeed142f318c19f9eb79da1051f397d32eaf4ae55c
declarations/fixtures/raster-cannot-import-display/modules/GiftUISurfaceCore.swiftdoc	0e80c37f6778ee7ab59685351a425f9dc2358ac71bdf153990b5dca93d512a4f
declarations/fixtures/raster-cannot-import-display/modules/GiftUISurfaceCore.swiftmodule	a07c072ef0f8e3e2cf0918b0587bbd8623b76a817cb97236bd8c278b4e21d96a
declarations/fixtures/raster-cannot-import-display/modules/GiftUISurfaceCore.swiftsourceinfo	2336b0d7a11107a12f03eaeacd81eb94d0d3b368a779ae8b95d00a4ea8781207
declarations/fixtures/raster-cannot-import-display/modules/GiftUITextResources.swiftdoc	d8b0c752ef6116fa5b12f16373f6d1bac8056209ff672a25d362a8c6ba3ff32e
declarations/fixtures/raster-cannot-import-display/modules/GiftUITextResources.swiftmodule	f0fd5990aad682070ce8fd5b1ac463ae1139f2d1429b2d0affadc3e4a8a3bcd0
declarations/fixtures/raster-cannot-import-display/modules/GiftUITextResources.swiftsourceinfo	fde33d2f3b213bcd5c5a7ee90cd4c8bdfdd238d3ac535399951623d7d2da7715
declarations/fixtures/raster-cannot-import-display/stderr.txt	ec4c3f8fd56c5acb4197e8376abdcee59aaf28b9f570007a3c5d1866f25dc5b9
declarations/fixtures/raster-cannot-import-display/stdout.txt	e3b0c44298fc1c149afbf4c8996fb92427ae41e4649b934ca495991b7852b855
declarations/fixtures/surface-cannot-import-raster/modules/GiftUI.swiftdoc	4056c4e7845f1fbf2e5e617944b3a68e55d9312db94e1017a68bf72aa875bddf
declarations/fixtures/surface-cannot-import-raster/modules/GiftUI.swiftmodule	4e25fbef7037830f3e68a44beb5df2de6d25bb37958d2955da59e1022c1acfcb
declarations/fixtures/surface-cannot-import-raster/modules/GiftUI.swiftsourceinfo	27c798e70f7685e76b6ba931354db51fb9b7eb7636e687370e124d7fd4b4d6bc
declarations/fixtures/surface-cannot-import-raster/modules/GiftUICapabilities.swiftdoc	254a5eb3fac7268a3b73f79650552240ffb4d0ab5754e381d7db6be9ce6a0fbe
declarations/fixtures/surface-cannot-import-raster/modules/GiftUICapabilities.swiftmodule	647373ce582d169bc702d144f0f3d4c54885dc6d38725233d9774787e4d82087
declarations/fixtures/surface-cannot-import-raster/modules/GiftUICapabilities.swiftsourceinfo	729e6c44573c25a2b3f6c3fdc0c2f0981993f47b62b5c81758cafecb8ada5147
declarations/fixtures/surface-cannot-import-raster/modules/GiftUIRenderCore.swiftdoc	1a26069d6652f8960a1c9082894cbfb34cdd211bc4cbc661fb1a97fb20b33859
declarations/fixtures/surface-cannot-import-raster/modules/GiftUIRenderCore.swiftmodule	bfb00acecae8cbd5026c864663b02306f8525bccebac2cea322f71f2703d733c
declarations/fixtures/surface-cannot-import-raster/modules/GiftUIRenderCore.swiftsourceinfo	f484d68155bb964aca18bedeed142f318c19f9eb79da1051f397d32eaf4ae55c
declarations/fixtures/surface-cannot-import-raster/modules/GiftUISurfaceCore.swiftdoc	0e80c37f6778ee7ab59685351a425f9dc2358ac71bdf153990b5dca93d512a4f
declarations/fixtures/surface-cannot-import-raster/modules/GiftUISurfaceCore.swiftmodule	a07c072ef0f8e3e2cf0918b0587bbd8623b76a817cb97236bd8c278b4e21d96a
declarations/fixtures/surface-cannot-import-raster/modules/GiftUISurfaceCore.swiftsourceinfo	2336b0d7a11107a12f03eaeacd81eb94d0d3b368a779ae8b95d00a4ea8781207
declarations/fixtures/surface-cannot-import-raster/modules/GiftUITextResources.swiftdoc	d8b0c752ef6116fa5b12f16373f6d1bac8056209ff672a25d362a8c6ba3ff32e
declarations/fixtures/surface-cannot-import-raster/modules/GiftUITextResources.swiftmodule	f0fd5990aad682070ce8fd5b1ac463ae1139f2d1429b2d0affadc3e4a8a3bcd0
declarations/fixtures/surface-cannot-import-raster/modules/GiftUITextResources.swiftsourceinfo	fde33d2f3b213bcd5c5a7ee90cd4c8bdfdd238d3ac535399951623d7d2da7715
declarations/fixtures/surface-cannot-import-raster/stderr.txt	b3f078875ea9a6dddec0d4b0493168250182bba09900d7e55b3756462e81391f
declarations/fixtures/surface-cannot-import-raster/stdout.txt	e3b0c44298fc1c149afbf4c8996fb92427ae41e4649b934ca495991b7852b855
declarations/identity.tsv	25faf5486e0993e1d0703e9bb1fcc75d9d47208a9586a1220ee47f98cc186ffe
declarations/module-cache/2OQONTZ2QE5F9/SwiftShims-1HKQZ1XPHECUE.pcm	3fcd14e43fbd59a185fad30c69f9d4c9e2390592804021b1a5bfe4022c5daef3
declarations/module-cache/modules.timestamp	e3b0c44298fc1c149afbf4c8996fb92427ae41e4649b934ca495991b7852b855
declarations/modules/GiftUI.swiftdoc	4056c4e7845f1fbf2e5e617944b3a68e55d9312db94e1017a68bf72aa875bddf
declarations/modules/GiftUI.swiftmodule	4e25fbef7037830f3e68a44beb5df2de6d25bb37958d2955da59e1022c1acfcb
declarations/modules/GiftUI.swiftsourceinfo	27c798e70f7685e76b6ba931354db51fb9b7eb7636e687370e124d7fd4b4d6bc
declarations/modules/GiftUIBackendIntegration.swiftdoc	0ca8389e5daa36cc8ee50d3ea34ad8777075345515dea046d1b79ed1e7f5de33
declarations/modules/GiftUIBackendIntegration.swiftmodule	53254333116052e5fd2de4c5cec060ffd1641b6c2d2be141f6cf504b8889be73
declarations/modules/GiftUIBackendIntegration.swiftsourceinfo	9edfe31a3dd7964ff7d15baadd90d43a2b845331fe4018cd4d25b9bf34cc18fa
declarations/modules/GiftUICapabilities.swiftdoc	254a5eb3fac7268a3b73f79650552240ffb4d0ab5754e381d7db6be9ce6a0fbe
declarations/modules/GiftUICapabilities.swiftmodule	647373ce582d169bc702d144f0f3d4c54885dc6d38725233d9774787e4d82087
declarations/modules/GiftUICapabilities.swiftsourceinfo	729e6c44573c25a2b3f6c3fdc0c2f0981993f47b62b5c81758cafecb8ada5147
declarations/modules/GiftUIDisplayCore.swiftdoc	609b606c8b8ca9944064eb50f4801c0fc9b0f9def78780a4e822ee98c7f7f125
declarations/modules/GiftUIDisplayCore.swiftmodule	379d97401cbeed3177a01a57fd589f937135d323b426df0edc3229999830351f
declarations/modules/GiftUIDisplayCore.swiftsourceinfo	970e614df0936909a1c3e2aceea772588b81b1bed1da7c9436a45dfd5c9974f6
declarations/modules/GiftUIExecution.swiftdoc	2da6602e602216b200d075348f1838b32c30c7a8f42580391ef154c67bb3b50c
declarations/modules/GiftUIExecution.swiftmodule	14e47037118bf85fc291bc2da80b1e84d91ae1a0e22eec049fd00370636bbbf7
declarations/modules/GiftUIExecution.swiftsourceinfo	910b36f0e42918a5189a5c084cb7fc50d2040112deb3d1a0cc780a0c9fb2080f
declarations/modules/GiftUIFailureCore.swiftdoc	564271750921aedd192ed5edda0db0c5fb08a6d7864a67dec0c58b3ebb6a4ad8
declarations/modules/GiftUIFailureCore.swiftmodule	ccb2dcca41c242c1dafbc588b4016bc82b73dbd77a7f49db52d7ecefc001f896
declarations/modules/GiftUIFailureCore.swiftsourceinfo	3a52e5fa04d72748a4c1e3090bcad6e9e42ad38d939edc1d191f828bee4b5270
declarations/modules/GiftUIRasterCore.swiftdoc	1ae99049a4241331b969902821d961dcd48f1271aac6b6f3c657d61fcb0ec504
declarations/modules/GiftUIRasterCore.swiftmodule	1bb14533b7d56b0affb675d2ec504b0def782ed6ea2f999e8324456bdc29a0ca
declarations/modules/GiftUIRasterCore.swiftsourceinfo	e4a7be81efe89ad75c6fb382648d762e5dba96669dd5cff69252a198e47a1a6b
declarations/modules/GiftUIRenderCore.swiftdoc	1a26069d6652f8960a1c9082894cbfb34cdd211bc4cbc661fb1a97fb20b33859
declarations/modules/GiftUIRenderCore.swiftmodule	bfb00acecae8cbd5026c864663b02306f8525bccebac2cea322f71f2703d733c
declarations/modules/GiftUIRenderCore.swiftsourceinfo	f484d68155bb964aca18bedeed142f318c19f9eb79da1051f397d32eaf4ae55c
declarations/modules/GiftUISurfaceCore.swiftdoc	0e80c37f6778ee7ab59685351a425f9dc2358ac71bdf153990b5dca93d512a4f
declarations/modules/GiftUISurfaceCore.swiftmodule	a07c072ef0f8e3e2cf0918b0587bbd8623b76a817cb97236bd8c278b4e21d96a
declarations/modules/GiftUISurfaceCore.swiftsourceinfo	2336b0d7a11107a12f03eaeacd81eb94d0d3b368a779ae8b95d00a4ea8781207
declarations/modules/GiftUITextResources.swiftdoc	d8b0c752ef6116fa5b12f16373f6d1bac8056209ff672a25d362a8c6ba3ff32e
declarations/modules/GiftUITextResources.swiftmodule	f0fd5990aad682070ce8fd5b1ac463ae1139f2d1429b2d0affadc3e4a8a3bcd0
declarations/modules/GiftUITextResources.swiftsourceinfo	fde33d2f3b213bcd5c5a7ee90cd4c8bdfdd238d3ac535399951623d7d2da7715
input-hashes.tsv	145c16b3b1e9a369f450fd0d34fddd3b1f0aa0a65b8a8d66796dc96e00d8b34d
metadata.txt	1be44bf596b2e144f53f084662613a8ae75c787eff1940769fd656a9c9fe62da
nrf-evidence/GiftUI.o	ee80431954cde7e80fe544874c897aae703f615d8f629063189025b88f479450
nrf-evidence/GiftUIBackendEvidenceProbe.o	c105682f896a73a8e03cf367b8334780c24a7fc8e05c95ca0d295176b0156e29
nrf-evidence/GiftUIBackendIntegration.o	2e53ffed14b65086054d4b632034dd86396a6fdb2eca6a62f225042cbc46d171
nrf-evidence/GiftUICapabilities.o	2f7f2a49c9d77ad9a4e87ff042825161e12a2b240160c5e9603ced2fdc73fb25
nrf-evidence/GiftUIDisplayCore.o	7594c84955e0ccc9a1d82688043e1e4961f06a571fceeb259c00fc549b593248
nrf-evidence/GiftUIExecution.o	d07c9d79adb5d4a30ac69f3ff9122ec6e30b36a513cc82cc77d08c60fc9c7eb4
nrf-evidence/GiftUIFailureCore.o	64231f01adeb2384d98ed5076dd71dcf78d7d0519442f4922158a778966ffb7b
nrf-evidence/GiftUIRasterCore.o	225622d1a45851a0405b8501d3993eca699a35c33f3c3bff9f0f5774bd283f94
nrf-evidence/GiftUIRenderCore.o	895b11a32e2ffcd509b66775bace0a6b84b01a0a6fbed7ff03ce168c50b1b0a5
nrf-evidence/GiftUISurfaceCore.o	989642a96d9cc6461dd6c2692fd99c2bb79a7d6b0367cb3276a3ca0c9e2a707a
nrf-evidence/GiftUITextResources.o	f7b66cab022120a60230ff89499cc7d16f55d97695b44643a66232827075405a
nrf-evidence/allocation.tsv	0b0d1f9ae8948281eff0f30feafcb392353271387e8ab481e9e4da8b2d6a96f4
nrf-evidence/arm-attributes.txt	b1cf2c133bb70839666f3326d91a0da2d075641c44ddc64a4157c80a30a7230a
nrf-evidence/backend-evidence.sil	40f2cbe301624582b4e47dac895d046405932abb22e7460947bc95b1d445a3e9
nrf-evidence/baseline	ed97251bb365778479b1a2c9882b1f4038c19a720cc6da83fdfed215e29bbe82
nrf-evidence/baseline.map	817dbaf9341ad4028d78c8cbfba4e025eb312fa4e2fcea5b735ff60827d18d3e
nrf-evidence/candidate	0877d944ebd78fab1a5b573e68370b70130702dc50407fe94bca149a3a0b4d3f
nrf-evidence/candidate.map	083af433c06f4461a17ecb914c1eb1970e8f4b90a3e3fcc052263f52c5a771b3
nrf-evidence/commands.txt	cb6b74705c45034d6c9ab43b7888eeccdae18b25d054606f93a4f976fcf33ccf
nrf-evidence/declarations/backend-resource-probe.ll	7f15a59a46cb355b4c4e7e05b097ecc59f3fbd883e168cd60bcae0add1dcf691
nrf-evidence/declarations/backend-value-layouts.ll	24fadc6d408f5997e4f0a8c528b7b6ecf11cfaf2e1d4c2515f64b32e9e5336f5
nrf-evidence/declarations/backend-value-layouts.tsv	93c9e65f5754c23cbb05ee2bbf7e79c4aacf2f56a50584fc53966d05f173960f
nrf-evidence/declarations/commands.txt	e177fb28a7aea168b44884a225d3af255934b6370479aa5561729ffcb8e67279
nrf-evidence/declarations/compile-results.tsv	e56f67a771e8091b019758546b92292c4df83d16bd73828502f91cf3fe93b665
nrf-evidence/declarations/fixtures/display-cannot-import-raster/modules/GiftUI.swiftdoc	4056c4e7845f1fbf2e5e617944b3a68e55d9312db94e1017a68bf72aa875bddf
nrf-evidence/declarations/fixtures/display-cannot-import-raster/modules/GiftUI.swiftmodule	a64a94f81ac748b2e628d54e2c721de778f80105b5ce5683f37481c3fbad3f77
nrf-evidence/declarations/fixtures/display-cannot-import-raster/modules/GiftUI.swiftsourceinfo	27c798e70f7685e76b6ba931354db51fb9b7eb7636e687370e124d7fd4b4d6bc
nrf-evidence/declarations/fixtures/display-cannot-import-raster/modules/GiftUICapabilities.swiftdoc	254a5eb3fac7268a3b73f79650552240ffb4d0ab5754e381d7db6be9ce6a0fbe
nrf-evidence/declarations/fixtures/display-cannot-import-raster/modules/GiftUICapabilities.swiftmodule	f4d95e052c73a4594778d2c632216e55c578f0c1ceb7296daff8f64f15f1bfae
nrf-evidence/declarations/fixtures/display-cannot-import-raster/modules/GiftUICapabilities.swiftsourceinfo	729e6c44573c25a2b3f6c3fdc0c2f0981993f47b62b5c81758cafecb8ada5147
nrf-evidence/declarations/fixtures/display-cannot-import-raster/modules/GiftUIDisplayCore.swiftdoc	609b606c8b8ca9944064eb50f4801c0fc9b0f9def78780a4e822ee98c7f7f125
nrf-evidence/declarations/fixtures/display-cannot-import-raster/modules/GiftUIDisplayCore.swiftmodule	8f21745c93bca200c891287eb3d1d6811d227ca3e4bc35b80998f42bcda3c3a1
nrf-evidence/declarations/fixtures/display-cannot-import-raster/modules/GiftUIDisplayCore.swiftsourceinfo	970e614df0936909a1c3e2aceea772588b81b1bed1da7c9436a45dfd5c9974f6
nrf-evidence/declarations/fixtures/display-cannot-import-raster/modules/GiftUIFailureCore.swiftdoc	564271750921aedd192ed5edda0db0c5fb08a6d7864a67dec0c58b3ebb6a4ad8
nrf-evidence/declarations/fixtures/display-cannot-import-raster/modules/GiftUIFailureCore.swiftmodule	0ef068fa75329a814d31215c3f55854e7d049bbaeb16fccc36a8d79639a094e9
nrf-evidence/declarations/fixtures/display-cannot-import-raster/modules/GiftUIFailureCore.swiftsourceinfo	3a52e5fa04d72748a4c1e3090bcad6e9e42ad38d939edc1d191f828bee4b5270
nrf-evidence/declarations/fixtures/display-cannot-import-raster/modules/GiftUIRenderCore.swiftdoc	1a26069d6652f8960a1c9082894cbfb34cdd211bc4cbc661fb1a97fb20b33859
nrf-evidence/declarations/fixtures/display-cannot-import-raster/modules/GiftUIRenderCore.swiftmodule	1f08adba3d318a6fa137e992928b6ce04feaafdaf433f186203fb352d6fc213d
nrf-evidence/declarations/fixtures/display-cannot-import-raster/modules/GiftUIRenderCore.swiftsourceinfo	f484d68155bb964aca18bedeed142f318c19f9eb79da1051f397d32eaf4ae55c
nrf-evidence/declarations/fixtures/display-cannot-import-raster/modules/GiftUISurfaceCore.swiftdoc	0e80c37f6778ee7ab59685351a425f9dc2358ac71bdf153990b5dca93d512a4f
nrf-evidence/declarations/fixtures/display-cannot-import-raster/modules/GiftUISurfaceCore.swiftmodule	82f74a28e264ba81895b3625e0a13883bfc7d375113ed321197b7c1d981f204d
nrf-evidence/declarations/fixtures/display-cannot-import-raster/modules/GiftUISurfaceCore.swiftsourceinfo	2336b0d7a11107a12f03eaeacd81eb94d0d3b368a779ae8b95d00a4ea8781207
nrf-evidence/declarations/fixtures/display-cannot-import-raster/modules/GiftUITextResources.swiftdoc	d8b0c752ef6116fa5b12f16373f6d1bac8056209ff672a25d362a8c6ba3ff32e
nrf-evidence/declarations/fixtures/display-cannot-import-raster/modules/GiftUITextResources.swiftmodule	808f521df1c4f3759f016f55fabac028cbd48512221b7e196069123e6d360c10
nrf-evidence/declarations/fixtures/display-cannot-import-raster/modules/GiftUITextResources.swiftsourceinfo	fde33d2f3b213bcd5c5a7ee90cd4c8bdfdd238d3ac535399951623d7d2da7715
nrf-evidence/declarations/fixtures/display-cannot-import-raster/stderr.txt	c297088e5f894ad095f8a1315174c55f3d9b252509b2427f10ee0ec2c06c9461
nrf-evidence/declarations/fixtures/display-cannot-import-raster/stdout.txt	e3b0c44298fc1c149afbf4c8996fb92427ae41e4649b934ca495991b7852b855
nrf-evidence/declarations/fixtures/giftui-cannot-import-integration/modules/GiftUI.swiftdoc	4056c4e7845f1fbf2e5e617944b3a68e55d9312db94e1017a68bf72aa875bddf
nrf-evidence/declarations/fixtures/giftui-cannot-import-integration/modules/GiftUI.swiftmodule	a64a94f81ac748b2e628d54e2c721de778f80105b5ce5683f37481c3fbad3f77
nrf-evidence/declarations/fixtures/giftui-cannot-import-integration/modules/GiftUI.swiftsourceinfo	27c798e70f7685e76b6ba931354db51fb9b7eb7636e687370e124d7fd4b4d6bc
nrf-evidence/declarations/fixtures/giftui-cannot-import-integration/stderr.txt	dee6f24ed5b522c97e9087acddcefae4124a5e4b6477c86c797636139f5dc1bc
nrf-evidence/declarations/fixtures/giftui-cannot-import-integration/stdout.txt	e3b0c44298fc1c149afbf4c8996fb92427ae41e4649b934ca495991b7852b855
nrf-evidence/declarations/fixtures/integration-cannot-import-drawing/modules/GiftUI.swiftdoc	4056c4e7845f1fbf2e5e617944b3a68e55d9312db94e1017a68bf72aa875bddf
nrf-evidence/declarations/fixtures/integration-cannot-import-drawing/modules/GiftUI.swiftmodule	a64a94f81ac748b2e628d54e2c721de778f80105b5ce5683f37481c3fbad3f77
nrf-evidence/declarations/fixtures/integration-cannot-import-drawing/modules/GiftUI.swiftsourceinfo	27c798e70f7685e76b6ba931354db51fb9b7eb7636e687370e124d7fd4b4d6bc
nrf-evidence/declarations/fixtures/integration-cannot-import-drawing/modules/GiftUIBackendIntegration.swiftdoc	0ca8389e5daa36cc8ee50d3ea34ad8777075345515dea046d1b79ed1e7f5de33
nrf-evidence/declarations/fixtures/integration-cannot-import-drawing/modules/GiftUIBackendIntegration.swiftmodule	4a46f8d83de2db9ee4b334a003b6f22186c5efa1e727912b34d9f26e64f42e03
nrf-evidence/declarations/fixtures/integration-cannot-import-drawing/modules/GiftUIBackendIntegration.swiftsourceinfo	9edfe31a3dd7964ff7d15baadd90d43a2b845331fe4018cd4d25b9bf34cc18fa
nrf-evidence/declarations/fixtures/integration-cannot-import-drawing/modules/GiftUICapabilities.swiftdoc	254a5eb3fac7268a3b73f79650552240ffb4d0ab5754e381d7db6be9ce6a0fbe
nrf-evidence/declarations/fixtures/integration-cannot-import-drawing/modules/GiftUICapabilities.swiftmodule	f4d95e052c73a4594778d2c632216e55c578f0c1ceb7296daff8f64f15f1bfae
nrf-evidence/declarations/fixtures/integration-cannot-import-drawing/modules/GiftUICapabilities.swiftsourceinfo	729e6c44573c25a2b3f6c3fdc0c2f0981993f47b62b5c81758cafecb8ada5147
nrf-evidence/declarations/fixtures/integration-cannot-import-drawing/modules/GiftUIDisplayCore.swiftdoc	609b606c8b8ca9944064eb50f4801c0fc9b0f9def78780a4e822ee98c7f7f125
nrf-evidence/declarations/fixtures/integration-cannot-import-drawing/modules/GiftUIDisplayCore.swiftmodule	8f21745c93bca200c891287eb3d1d6811d227ca3e4bc35b80998f42bcda3c3a1
nrf-evidence/declarations/fixtures/integration-cannot-import-drawing/modules/GiftUIDisplayCore.swiftsourceinfo	970e614df0936909a1c3e2aceea772588b81b1bed1da7c9436a45dfd5c9974f6
nrf-evidence/declarations/fixtures/integration-cannot-import-drawing/modules/GiftUIExecution.swiftdoc	2da6602e602216b200d075348f1838b32c30c7a8f42580391ef154c67bb3b50c
nrf-evidence/declarations/fixtures/integration-cannot-import-drawing/modules/GiftUIExecution.swiftmodule	35cee2afac9c390395d8b1761a473e01bc53e2035b945966d5c9d37b83106755
nrf-evidence/declarations/fixtures/integration-cannot-import-drawing/modules/GiftUIExecution.swiftsourceinfo	910b36f0e42918a5189a5c084cb7fc50d2040112deb3d1a0cc780a0c9fb2080f
nrf-evidence/declarations/fixtures/integration-cannot-import-drawing/modules/GiftUIFailureCore.swiftdoc	564271750921aedd192ed5edda0db0c5fb08a6d7864a67dec0c58b3ebb6a4ad8
nrf-evidence/declarations/fixtures/integration-cannot-import-drawing/modules/GiftUIFailureCore.swiftmodule	0ef068fa75329a814d31215c3f55854e7d049bbaeb16fccc36a8d79639a094e9
nrf-evidence/declarations/fixtures/integration-cannot-import-drawing/modules/GiftUIFailureCore.swiftsourceinfo	3a52e5fa04d72748a4c1e3090bcad6e9e42ad38d939edc1d191f828bee4b5270
nrf-evidence/declarations/fixtures/integration-cannot-import-drawing/modules/GiftUIRasterCore.swiftdoc	1ae99049a4241331b969902821d961dcd48f1271aac6b6f3c657d61fcb0ec504
nrf-evidence/declarations/fixtures/integration-cannot-import-drawing/modules/GiftUIRasterCore.swiftmodule	77d267f9b657210bd83b386fbe3c4e79e4bcdaa2de15bfe57d99a772f1f7f219
nrf-evidence/declarations/fixtures/integration-cannot-import-drawing/modules/GiftUIRasterCore.swiftsourceinfo	e4a7be81efe89ad75c6fb382648d762e5dba96669dd5cff69252a198e47a1a6b
nrf-evidence/declarations/fixtures/integration-cannot-import-drawing/modules/GiftUIRenderCore.swiftdoc	1a26069d6652f8960a1c9082894cbfb34cdd211bc4cbc661fb1a97fb20b33859
nrf-evidence/declarations/fixtures/integration-cannot-import-drawing/modules/GiftUIRenderCore.swiftmodule	1f08adba3d318a6fa137e992928b6ce04feaafdaf433f186203fb352d6fc213d
nrf-evidence/declarations/fixtures/integration-cannot-import-drawing/modules/GiftUIRenderCore.swiftsourceinfo	f484d68155bb964aca18bedeed142f318c19f9eb79da1051f397d32eaf4ae55c
nrf-evidence/declarations/fixtures/integration-cannot-import-drawing/modules/GiftUISurfaceCore.swiftdoc	0e80c37f6778ee7ab59685351a425f9dc2358ac71bdf153990b5dca93d512a4f
nrf-evidence/declarations/fixtures/integration-cannot-import-drawing/modules/GiftUISurfaceCore.swiftmodule	82f74a28e264ba81895b3625e0a13883bfc7d375113ed321197b7c1d981f204d
nrf-evidence/declarations/fixtures/integration-cannot-import-drawing/modules/GiftUISurfaceCore.swiftsourceinfo	2336b0d7a11107a12f03eaeacd81eb94d0d3b368a779ae8b95d00a4ea8781207
nrf-evidence/declarations/fixtures/integration-cannot-import-drawing/modules/GiftUITextResources.swiftdoc	d8b0c752ef6116fa5b12f16373f6d1bac8056209ff672a25d362a8c6ba3ff32e
nrf-evidence/declarations/fixtures/integration-cannot-import-drawing/modules/GiftUITextResources.swiftmodule	808f521df1c4f3759f016f55fabac028cbd48512221b7e196069123e6d360c10
nrf-evidence/declarations/fixtures/integration-cannot-import-drawing/modules/GiftUITextResources.swiftsourceinfo	fde33d2f3b213bcd5c5a7ee90cd4c8bdfdd238d3ac535399951623d7d2da7715
nrf-evidence/declarations/fixtures/integration-cannot-import-drawing/stderr.txt	ec776793cbbfff8eb9b8170ea2b003d877b331d08b9fa9c8c734e76b63ce74bd
nrf-evidence/declarations/fixtures/integration-cannot-import-drawing/stdout.txt	e3b0c44298fc1c149afbf4c8996fb92427ae41e4649b934ca495991b7852b855
nrf-evidence/declarations/fixtures/raster-cannot-import-display/modules/GiftUI.swiftdoc	4056c4e7845f1fbf2e5e617944b3a68e55d9312db94e1017a68bf72aa875bddf
nrf-evidence/declarations/fixtures/raster-cannot-import-display/modules/GiftUI.swiftmodule	a64a94f81ac748b2e628d54e2c721de778f80105b5ce5683f37481c3fbad3f77
nrf-evidence/declarations/fixtures/raster-cannot-import-display/modules/GiftUI.swiftsourceinfo	27c798e70f7685e76b6ba931354db51fb9b7eb7636e687370e124d7fd4b4d6bc
nrf-evidence/declarations/fixtures/raster-cannot-import-display/modules/GiftUICapabilities.swiftdoc	254a5eb3fac7268a3b73f79650552240ffb4d0ab5754e381d7db6be9ce6a0fbe
nrf-evidence/declarations/fixtures/raster-cannot-import-display/modules/GiftUICapabilities.swiftmodule	f4d95e052c73a4594778d2c632216e55c578f0c1ceb7296daff8f64f15f1bfae
nrf-evidence/declarations/fixtures/raster-cannot-import-display/modules/GiftUICapabilities.swiftsourceinfo	729e6c44573c25a2b3f6c3fdc0c2f0981993f47b62b5c81758cafecb8ada5147
nrf-evidence/declarations/fixtures/raster-cannot-import-display/modules/GiftUIRasterCore.swiftdoc	1ae99049a4241331b969902821d961dcd48f1271aac6b6f3c657d61fcb0ec504
nrf-evidence/declarations/fixtures/raster-cannot-import-display/modules/GiftUIRasterCore.swiftmodule	77d267f9b657210bd83b386fbe3c4e79e4bcdaa2de15bfe57d99a772f1f7f219
nrf-evidence/declarations/fixtures/raster-cannot-import-display/modules/GiftUIRasterCore.swiftsourceinfo	e4a7be81efe89ad75c6fb382648d762e5dba96669dd5cff69252a198e47a1a6b
nrf-evidence/declarations/fixtures/raster-cannot-import-display/modules/GiftUIRenderCore.swiftdoc	1a26069d6652f8960a1c9082894cbfb34cdd211bc4cbc661fb1a97fb20b33859
nrf-evidence/declarations/fixtures/raster-cannot-import-display/modules/GiftUIRenderCore.swiftmodule	1f08adba3d318a6fa137e992928b6ce04feaafdaf433f186203fb352d6fc213d
nrf-evidence/declarations/fixtures/raster-cannot-import-display/modules/GiftUIRenderCore.swiftsourceinfo	f484d68155bb964aca18bedeed142f318c19f9eb79da1051f397d32eaf4ae55c
nrf-evidence/declarations/fixtures/raster-cannot-import-display/modules/GiftUISurfaceCore.swiftdoc	0e80c37f6778ee7ab59685351a425f9dc2358ac71bdf153990b5dca93d512a4f
nrf-evidence/declarations/fixtures/raster-cannot-import-display/modules/GiftUISurfaceCore.swiftmodule	82f74a28e264ba81895b3625e0a13883bfc7d375113ed321197b7c1d981f204d
nrf-evidence/declarations/fixtures/raster-cannot-import-display/modules/GiftUISurfaceCore.swiftsourceinfo	2336b0d7a11107a12f03eaeacd81eb94d0d3b368a779ae8b95d00a4ea8781207
nrf-evidence/declarations/fixtures/raster-cannot-import-display/modules/GiftUITextResources.swiftdoc	d8b0c752ef6116fa5b12f16373f6d1bac8056209ff672a25d362a8c6ba3ff32e
nrf-evidence/declarations/fixtures/raster-cannot-import-display/modules/GiftUITextResources.swiftmodule	808f521df1c4f3759f016f55fabac028cbd48512221b7e196069123e6d360c10
nrf-evidence/declarations/fixtures/raster-cannot-import-display/modules/GiftUITextResources.swiftsourceinfo	fde33d2f3b213bcd5c5a7ee90cd4c8bdfdd238d3ac535399951623d7d2da7715
nrf-evidence/declarations/fixtures/raster-cannot-import-display/stderr.txt	ec4c3f8fd56c5acb4197e8376abdcee59aaf28b9f570007a3c5d1866f25dc5b9
nrf-evidence/declarations/fixtures/raster-cannot-import-display/stdout.txt	e3b0c44298fc1c149afbf4c8996fb92427ae41e4649b934ca495991b7852b855
nrf-evidence/declarations/fixtures/surface-cannot-import-raster/modules/GiftUI.swiftdoc	4056c4e7845f1fbf2e5e617944b3a68e55d9312db94e1017a68bf72aa875bddf
nrf-evidence/declarations/fixtures/surface-cannot-import-raster/modules/GiftUI.swiftmodule	a64a94f81ac748b2e628d54e2c721de778f80105b5ce5683f37481c3fbad3f77
nrf-evidence/declarations/fixtures/surface-cannot-import-raster/modules/GiftUI.swiftsourceinfo	27c798e70f7685e76b6ba931354db51fb9b7eb7636e687370e124d7fd4b4d6bc
nrf-evidence/declarations/fixtures/surface-cannot-import-raster/modules/GiftUICapabilities.swiftdoc	254a5eb3fac7268a3b73f79650552240ffb4d0ab5754e381d7db6be9ce6a0fbe
nrf-evidence/declarations/fixtures/surface-cannot-import-raster/modules/GiftUICapabilities.swiftmodule	f4d95e052c73a4594778d2c632216e55c578f0c1ceb7296daff8f64f15f1bfae
nrf-evidence/declarations/fixtures/surface-cannot-import-raster/modules/GiftUICapabilities.swiftsourceinfo	729e6c44573c25a2b3f6c3fdc0c2f0981993f47b62b5c81758cafecb8ada5147
nrf-evidence/declarations/fixtures/surface-cannot-import-raster/modules/GiftUIRenderCore.swiftdoc	1a26069d6652f8960a1c9082894cbfb34cdd211bc4cbc661fb1a97fb20b33859
nrf-evidence/declarations/fixtures/surface-cannot-import-raster/modules/GiftUIRenderCore.swiftmodule	1f08adba3d318a6fa137e992928b6ce04feaafdaf433f186203fb352d6fc213d
nrf-evidence/declarations/fixtures/surface-cannot-import-raster/modules/GiftUIRenderCore.swiftsourceinfo	f484d68155bb964aca18bedeed142f318c19f9eb79da1051f397d32eaf4ae55c
nrf-evidence/declarations/fixtures/surface-cannot-import-raster/modules/GiftUISurfaceCore.swiftdoc	0e80c37f6778ee7ab59685351a425f9dc2358ac71bdf153990b5dca93d512a4f
nrf-evidence/declarations/fixtures/surface-cannot-import-raster/modules/GiftUISurfaceCore.swiftmodule	82f74a28e264ba81895b3625e0a13883bfc7d375113ed321197b7c1d981f204d
nrf-evidence/declarations/fixtures/surface-cannot-import-raster/modules/GiftUISurfaceCore.swiftsourceinfo	2336b0d7a11107a12f03eaeacd81eb94d0d3b368a779ae8b95d00a4ea8781207
nrf-evidence/declarations/fixtures/surface-cannot-import-raster/modules/GiftUITextResources.swiftdoc	d8b0c752ef6116fa5b12f16373f6d1bac8056209ff672a25d362a8c6ba3ff32e
nrf-evidence/declarations/fixtures/surface-cannot-import-raster/modules/GiftUITextResources.swiftmodule	808f521df1c4f3759f016f55fabac028cbd48512221b7e196069123e6d360c10
nrf-evidence/declarations/fixtures/surface-cannot-import-raster/modules/GiftUITextResources.swiftsourceinfo	fde33d2f3b213bcd5c5a7ee90cd4c8bdfdd238d3ac535399951623d7d2da7715
nrf-evidence/declarations/fixtures/surface-cannot-import-raster/stderr.txt	b3f078875ea9a6dddec0d4b0493168250182bba09900d7e55b3756462e81391f
nrf-evidence/declarations/fixtures/surface-cannot-import-raster/stdout.txt	e3b0c44298fc1c149afbf4c8996fb92427ae41e4649b934ca495991b7852b855
nrf-evidence/declarations/identity.tsv	25faf5486e0993e1d0703e9bb1fcc75d9d47208a9586a1220ee47f98cc186ffe
nrf-evidence/declarations/module-cache/2OQONTZ2QE5F9/SwiftShims-1HKQZ1XPHECUE.pcm	78c38901f98d3c7256591f71c87f27982b52f923d377300a66bad50aaf86743f
nrf-evidence/declarations/module-cache/modules.timestamp	e3b0c44298fc1c149afbf4c8996fb92427ae41e4649b934ca495991b7852b855
nrf-evidence/declarations/modules/GiftUI.swiftdoc	4056c4e7845f1fbf2e5e617944b3a68e55d9312db94e1017a68bf72aa875bddf
nrf-evidence/declarations/modules/GiftUI.swiftmodule	a64a94f81ac748b2e628d54e2c721de778f80105b5ce5683f37481c3fbad3f77
nrf-evidence/declarations/modules/GiftUI.swiftsourceinfo	27c798e70f7685e76b6ba931354db51fb9b7eb7636e687370e124d7fd4b4d6bc
nrf-evidence/declarations/modules/GiftUIBackendIntegration.swiftdoc	0ca8389e5daa36cc8ee50d3ea34ad8777075345515dea046d1b79ed1e7f5de33
nrf-evidence/declarations/modules/GiftUIBackendIntegration.swiftmodule	4a46f8d83de2db9ee4b334a003b6f22186c5efa1e727912b34d9f26e64f42e03
nrf-evidence/declarations/modules/GiftUIBackendIntegration.swiftsourceinfo	9edfe31a3dd7964ff7d15baadd90d43a2b845331fe4018cd4d25b9bf34cc18fa
nrf-evidence/declarations/modules/GiftUICapabilities.swiftdoc	254a5eb3fac7268a3b73f79650552240ffb4d0ab5754e381d7db6be9ce6a0fbe
nrf-evidence/declarations/modules/GiftUICapabilities.swiftmodule	f4d95e052c73a4594778d2c632216e55c578f0c1ceb7296daff8f64f15f1bfae
nrf-evidence/declarations/modules/GiftUICapabilities.swiftsourceinfo	729e6c44573c25a2b3f6c3fdc0c2f0981993f47b62b5c81758cafecb8ada5147
nrf-evidence/declarations/modules/GiftUIDisplayCore.swiftdoc	609b606c8b8ca9944064eb50f4801c0fc9b0f9def78780a4e822ee98c7f7f125
nrf-evidence/declarations/modules/GiftUIDisplayCore.swiftmodule	8f21745c93bca200c891287eb3d1d6811d227ca3e4bc35b80998f42bcda3c3a1
nrf-evidence/declarations/modules/GiftUIDisplayCore.swiftsourceinfo	970e614df0936909a1c3e2aceea772588b81b1bed1da7c9436a45dfd5c9974f6
nrf-evidence/declarations/modules/GiftUIExecution.swiftdoc	2da6602e602216b200d075348f1838b32c30c7a8f42580391ef154c67bb3b50c
nrf-evidence/declarations/modules/GiftUIExecution.swiftmodule	35cee2afac9c390395d8b1761a473e01bc53e2035b945966d5c9d37b83106755
nrf-evidence/declarations/modules/GiftUIExecution.swiftsourceinfo	910b36f0e42918a5189a5c084cb7fc50d2040112deb3d1a0cc780a0c9fb2080f
nrf-evidence/declarations/modules/GiftUIFailureCore.swiftdoc	564271750921aedd192ed5edda0db0c5fb08a6d7864a67dec0c58b3ebb6a4ad8
nrf-evidence/declarations/modules/GiftUIFailureCore.swiftmodule	0ef068fa75329a814d31215c3f55854e7d049bbaeb16fccc36a8d79639a094e9
nrf-evidence/declarations/modules/GiftUIFailureCore.swiftsourceinfo	3a52e5fa04d72748a4c1e3090bcad6e9e42ad38d939edc1d191f828bee4b5270
nrf-evidence/declarations/modules/GiftUIRasterCore.swiftdoc	1ae99049a4241331b969902821d961dcd48f1271aac6b6f3c657d61fcb0ec504
nrf-evidence/declarations/modules/GiftUIRasterCore.swiftmodule	77d267f9b657210bd83b386fbe3c4e79e4bcdaa2de15bfe57d99a772f1f7f219
nrf-evidence/declarations/modules/GiftUIRasterCore.swiftsourceinfo	e4a7be81efe89ad75c6fb382648d762e5dba96669dd5cff69252a198e47a1a6b
nrf-evidence/declarations/modules/GiftUIRenderCore.swiftdoc	1a26069d6652f8960a1c9082894cbfb34cdd211bc4cbc661fb1a97fb20b33859
nrf-evidence/declarations/modules/GiftUIRenderCore.swiftmodule	1f08adba3d318a6fa137e992928b6ce04feaafdaf433f186203fb352d6fc213d
nrf-evidence/declarations/modules/GiftUIRenderCore.swiftsourceinfo	f484d68155bb964aca18bedeed142f318c19f9eb79da1051f397d32eaf4ae55c
nrf-evidence/declarations/modules/GiftUISurfaceCore.swiftdoc	0e80c37f6778ee7ab59685351a425f9dc2358ac71bdf153990b5dca93d512a4f
nrf-evidence/declarations/modules/GiftUISurfaceCore.swiftmodule	82f74a28e264ba81895b3625e0a13883bfc7d375113ed321197b7c1d981f204d
nrf-evidence/declarations/modules/GiftUISurfaceCore.swiftsourceinfo	2336b0d7a11107a12f03eaeacd81eb94d0d3b368a779ae8b95d00a4ea8781207
nrf-evidence/declarations/modules/GiftUITextResources.swiftdoc	d8b0c752ef6116fa5b12f16373f6d1bac8056209ff672a25d362a8c6ba3ff32e
nrf-evidence/declarations/modules/GiftUITextResources.swiftmodule	808f521df1c4f3759f016f55fabac028cbd48512221b7e196069123e6d360c10
nrf-evidence/declarations/modules/GiftUITextResources.swiftsourceinfo	fde33d2f3b213bcd5c5a7ee90cd4c8bdfdd238d3ac535399951623d7d2da7715
nrf-evidence/linked-section-deltas.tsv	75e296f72e74ae96358c50444880ecd4057fed497c508c2e34df8fa1c747ca6c
nrf-evidence/linked-section-deltas.tsv.baseline-sections.txt	951992486fd6c0c357bb63a6629d6921006310bc14b587d3a6b458da7c4d4bd8
nrf-evidence/linked-section-deltas.tsv.candidate-sections.txt	129991458d29706faabcfa5697b0ff01718c89dd510ca80544ff283cbbf887d9
nrf-evidence/modules/GiftUI.swiftdoc	4056c4e7845f1fbf2e5e617944b3a68e55d9312db94e1017a68bf72aa875bddf
nrf-evidence/modules/GiftUI.swiftmodule	6d62ef5bea3e14f7265205d75e40b3705b1be42429b74ce09463c7224954f08e
nrf-evidence/modules/GiftUI.swiftsourceinfo	27c798e70f7685e76b6ba931354db51fb9b7eb7636e687370e124d7fd4b4d6bc
nrf-evidence/modules/GiftUIBackendEvidenceProbe.swiftdoc	49bcfc15ad25236b3b87654a280955ff094b3db6937c611247883e3d810a0e9d
nrf-evidence/modules/GiftUIBackendEvidenceProbe.swiftmodule	be2b29e67e60cd639d42cc42074b0ebe6581ee25880976a81b563de7bf4484a5
nrf-evidence/modules/GiftUIBackendEvidenceProbe.swiftsourceinfo	bfc31cb9e48f9503cba107755d491251296c7840df3453ada53d24a260514e68
nrf-evidence/modules/GiftUIBackendIntegration.swiftdoc	0ca8389e5daa36cc8ee50d3ea34ad8777075345515dea046d1b79ed1e7f5de33
nrf-evidence/modules/GiftUIBackendIntegration.swiftmodule	e5c50e9f1b4eee4b58f1396cad8b81c739801b48ac9bde5afd5bd9940b4232c4
nrf-evidence/modules/GiftUIBackendIntegration.swiftsourceinfo	c08825e21a7f062a7bd8cd98647572ea9dfaf2445153a3e0c17b5f1f0dc71354
nrf-evidence/modules/GiftUICapabilities.swiftdoc	254a5eb3fac7268a3b73f79650552240ffb4d0ab5754e381d7db6be9ce6a0fbe
nrf-evidence/modules/GiftUICapabilities.swiftmodule	e10ea1a0beb0fc729d03352bad8606140378aa54aba646b2c5eb556e8301bf56
nrf-evidence/modules/GiftUICapabilities.swiftsourceinfo	729e6c44573c25a2b3f6c3fdc0c2f0981993f47b62b5c81758cafecb8ada5147
nrf-evidence/modules/GiftUIDisplayCore.swiftdoc	609b606c8b8ca9944064eb50f4801c0fc9b0f9def78780a4e822ee98c7f7f125
nrf-evidence/modules/GiftUIDisplayCore.swiftmodule	adafbb02ef334b8e83a16a4eb833a2a7635a9af21ff5181d61e6e25c8575c6ab
nrf-evidence/modules/GiftUIDisplayCore.swiftsourceinfo	970e614df0936909a1c3e2aceea772588b81b1bed1da7c9436a45dfd5c9974f6
nrf-evidence/modules/GiftUIExecution.swiftdoc	2da6602e602216b200d075348f1838b32c30c7a8f42580391ef154c67bb3b50c
nrf-evidence/modules/GiftUIExecution.swiftmodule	2dbb5cc8a2b4ad9fb8958de999f85678402e29fcfbab6b2f058d115668b508b1
nrf-evidence/modules/GiftUIExecution.swiftsourceinfo	910b36f0e42918a5189a5c084cb7fc50d2040112deb3d1a0cc780a0c9fb2080f
nrf-evidence/modules/GiftUIFailureCore.swiftdoc	564271750921aedd192ed5edda0db0c5fb08a6d7864a67dec0c58b3ebb6a4ad8
nrf-evidence/modules/GiftUIFailureCore.swiftmodule	8618ab47782aa42381d72b2aa0d80012d4c08aeda613966a67b3e3eaaaf70bc8
nrf-evidence/modules/GiftUIFailureCore.swiftsourceinfo	3a52e5fa04d72748a4c1e3090bcad6e9e42ad38d939edc1d191f828bee4b5270
nrf-evidence/modules/GiftUIRasterCore.swiftdoc	1ae99049a4241331b969902821d961dcd48f1271aac6b6f3c657d61fcb0ec504
nrf-evidence/modules/GiftUIRasterCore.swiftmodule	eabb1a67b65b35eac9f278edd9a9b009ce191c2f31a99f487e939a398f239508
nrf-evidence/modules/GiftUIRasterCore.swiftsourceinfo	a9d8ae0ff7bd41e2a3e8c7d48c5c40eef35316b9176fc503f4372c60578a2443
nrf-evidence/modules/GiftUIRenderCore.swiftdoc	1a26069d6652f8960a1c9082894cbfb34cdd211bc4cbc661fb1a97fb20b33859
nrf-evidence/modules/GiftUIRenderCore.swiftmodule	8e33f9cfd24496e6316a12fc8b7f70ae74f22a1a755df7ad96a5eb3fa165501b
nrf-evidence/modules/GiftUIRenderCore.swiftsourceinfo	f484d68155bb964aca18bedeed142f318c19f9eb79da1051f397d32eaf4ae55c
nrf-evidence/modules/GiftUISurfaceCore.swiftdoc	0e80c37f6778ee7ab59685351a425f9dc2358ac71bdf153990b5dca93d512a4f
nrf-evidence/modules/GiftUISurfaceCore.swiftmodule	1a72c5c8b2b083e279601579d5fae504f59a723a67f0a9e9a68da63103801d76
nrf-evidence/modules/GiftUISurfaceCore.swiftsourceinfo	516f98d60123624e7e87f9e94aa9ad44ce1a7477efb37131330d42a35e17b19a
nrf-evidence/modules/GiftUITextResources.swiftdoc	d8b0c752ef6116fa5b12f16373f6d1bac8056209ff672a25d362a8c6ba3ff32e
nrf-evidence/modules/GiftUITextResources.swiftmodule	ffc79b3fa516d619d45d1a0cb0ddb3ec3c95f1a91124345cec2318df5a1a905f
nrf-evidence/modules/GiftUITextResources.swiftsourceinfo	fde33d2f3b213bcd5c5a7ee90cd4c8bdfdd238d3ac535399951623d7d2da7715
nrf-evidence/normalized-fixtures.tsv	b85e4b0cab24574a74af2e52b43e9f352389def5db95be8fbae76366c7db0455
nrf-evidence/resource-high-water.tsv	c64cf694c0b3c81e2ccec898a1f85581294dc6f499a4234ee31f51fe6f1c2bbe
nrf-evidence/stack-high-water.tsv	abf1a1dbe83e5fb1a4a3df19b1f65c10628a1a7b49c6c0c3e2484fb875c31f45
nrf-evidence/symbols.txt	ad55b6f4e9a2ab4a46648bb0661aad125d31aaffc7f15c9b984e3d93e0427ddd
nrf-evidence/timing.txt	ec2644b6feefd875fe074359f5b77272ecf83d7bd57ea51b8dbf24953639dc39
nrf-evidence/zephyr-baseline/CMakeCache.txt	f97df33e10cdb0a6d9c3c292e6cdd649d254d17e18d11d506d66a462e3b7f7a6
nrf-evidence/zephyr-baseline/CMakeFiles/4.4.2/CMakeASMCompiler.cmake	b6f314a1a43d9d2ede9f43ad0c9ea2cc2f19700adf151dca93cece3f50a69ce8
nrf-evidence/zephyr-baseline/CMakeFiles/4.4.2/CMakeCCompiler.cmake	b882ccbbcc16d8ad365ebb5dd83228365dc11c6465356d205998544ddff87cdb
nrf-evidence/zephyr-baseline/CMakeFiles/4.4.2/CMakeCXXCompiler.cmake	5356019b97c2337c5ff1a5e37797e32cd79f8dee09b92090791f6bf0f872ccae
nrf-evidence/zephyr-baseline/CMakeFiles/4.4.2/CMakeSwiftCompiler.cmake	2e26869285c619fbf76301083e356a9e30564431b40173ee1f33c8bd8a680472
nrf-evidence/zephyr-baseline/CMakeFiles/4.4.2/CMakeSystem.cmake	c776de23d2e2fd1229957964882f385c16fae85a53561cf15ae121e25bbc86b3
nrf-evidence/zephyr-baseline/CMakeFiles/4.4.2/CompilerIdC/CMakeCCompilerId.c	6ccdb729a0b1d02ba3d9b57e617d311fbac288d9c0d32416c048ef044157f041
nrf-evidence/zephyr-baseline/CMakeFiles/4.4.2/CompilerIdC/CMakeCCompilerId.o	93e7f8559bf4db927eb6ee08635cffa5c7cdecd7c88fe060562a4cde2e511f7a
nrf-evidence/zephyr-baseline/CMakeFiles/4.4.2/CompilerIdCXX/CMakeCXXCompilerId.cpp	5b0cbdb2a0d0a5b91a89026321eb0202fdecb22328eb5c668566ce5cb17e3cd2
nrf-evidence/zephyr-baseline/CMakeFiles/4.4.2/CompilerIdCXX/CMakeCXXCompilerId.o	5698e7e796c93c783a07919bbd02dc0c3eff2cdd61afac43f0da5a63827314fc
nrf-evidence/zephyr-baseline/CMakeFiles/4.4.2/CompilerIdSwift/CompilerId/main.swift	c5b473220a38897bb1ff9d0c882fde04e17f6e3dcf61021f0eca136c80d2edb6
nrf-evidence/zephyr-baseline/CMakeFiles/4.4.2/SwiftCompilerDriver/lib.in	01ba4719c80b6fe911b091a7c05124b64eeece964e09c058ef8f9805daca546b
nrf-evidence/zephyr-baseline/CMakeFiles/4.4.2/SwiftCompilerDriver/main.swift	18a6066e8dd25f6d99b3274b3232ebae6750fc8d1637729125863d7919df784f
nrf-evidence/zephyr-baseline/CMakeFiles/CMakeConfigureLog.yaml	ba75414c3dc58da6469c91977265ce8c50e044e3c5c8b62c19e9e8e9260d384c
nrf-evidence/zephyr-baseline/CMakeFiles/InstallScripts.json	cb6edb6aefd17bc522ae90fde5e035fc6e74cc0d5f78c883a2042754b820d2b2
nrf-evidence/zephyr-baseline/CMakeFiles/TargetDirectories.txt	d9c38f987ef8c9892ecce8196212a565e7d7709a05d4c124a7f82628e81ce1c0
nrf-evidence/zephyr-baseline/CMakeFiles/app.dir/src/main.c.obj	9d6db5d1b61c2eded7fc05cb9ab3a131d14e4d5f168188484db9a0300b417da7
nrf-evidence/zephyr-baseline/CMakeFiles/app.dir/src/stubs.c.obj	60330dcdb2b43c2ebafb4df040388301a31c3ea1acc11cf9c0c9c6ab6dd07421
nrf-evidence/zephyr-baseline/CMakeFiles/app_swift.dir/output-file-map.json	a9a32e125041f9eea37af9f66a924a26b5c32ec97db0528fa48f09ad9a2e163c
nrf-evidence/zephyr-baseline/CMakeFiles/app_swift.dir/src/BackendProbe.swift.obj	54d11ec22b7872029f33ce92885a74d70333ee736f34b66e282ddcb8635babaf
nrf-evidence/zephyr-baseline/CMakeFiles/clean_additional.cmake	86262331788e5973582797ed60ac463c4d9ab58ed6e8b7a83fa1ce27bc6a1081
nrf-evidence/zephyr-baseline/CMakeFiles/cmake.check_cache	a26189e394421da57f45706a07713c5720acd200a41711b0c0c590c3c63371c4
nrf-evidence/zephyr-baseline/CMakeFiles/rules.ninja	5338b68c8213fce840a429cbebd6c7db1a9abca1bda20e0649adb13ed5ccdae0
nrf-evidence/zephyr-baseline/Kconfig/Kconfig.dts	30e5a7db1a5d45590ab696be7ac90ca75f0c87c772b8ebaef59e1727e3947aff
nrf-evidence/zephyr-baseline/Kconfig/Kconfig.modules	0fc45ffec59cc40ac992e8133bd58461595acd1bd7d028e0703b07d76afc68c3
nrf-evidence/zephyr-baseline/Kconfig/Kconfig.sysbuild.modules	d0afd39bac6af27b8948b47d78b5c89780acbd4f0a4d20845a820d585ae7a93b
nrf-evidence/zephyr-baseline/Kconfig/arch/Kconfig	4d24cb17ed9376f90006fcabe28464e6c3ad8b5023cf61afde285879e7c274a0
nrf-evidence/zephyr-baseline/Kconfig/boards/Kconfig	88d41b412935ee19530b3a3125fa1fb5ce5e92f227174b5b25f9a93f5a96b3f5
nrf-evidence/zephyr-baseline/Kconfig/boards/Kconfig.defconfig	a9584c8a4a246635f5a13a44a5c28ecba493745e75717e8dbd7306d73c10e71b
nrf-evidence/zephyr-baseline/Kconfig/boards/Kconfig.nrf52840dk	0b504ca4a91a2654980742076734eb49fca04aa5c861a710de5df312a172acb9
nrf-evidence/zephyr-baseline/Kconfig/boards/Kconfig.sysbuild	1694a61cec96a32f1aecdc5524552c2cd8107195280a870a8cc2cded5ba16b27
nrf-evidence/zephyr-baseline/Kconfig/kconfig_module_dirs.cmake	1f3f294a247ebb56bdd20df863fb3a4ed7207a929bf1abd0434792c3181d6ed4
nrf-evidence/zephyr-baseline/Kconfig/kconfig_module_dirs.env	200c2f7b1fbd22db453af4e37a9f511733677a26d4cf3b8b67cd2c3621086aed
nrf-evidence/zephyr-baseline/Kconfig/soc/Kconfig	088df84d2fa004901f021dd63dbbad3bedb61317c41f930a0152b8e077cb926d
nrf-evidence/zephyr-baseline/Kconfig/soc/Kconfig.defconfig	00f8d1cc5da3e3b174b27309ff23024c56a6281140cc45f8e60f19a1a977f022
nrf-evidence/zephyr-baseline/Kconfig/soc/Kconfig.soc	353a2de9c3bcf8cec1c3c34085111bdc53cac1ce7c160601a3c1bd9792362fb1
nrf-evidence/zephyr-baseline/Kconfig/soc/Kconfig.sysbuild	b45e64b13fe88539dc11960ef945c074fdb623c87222a7699166e75d80d96147
nrf-evidence/zephyr-baseline/app/libapp.a	95cbbf6295ed2f6424c382b2d13ac9de950ecf61c1d85243d2913d2413b2870d
nrf-evidence/zephyr-baseline/app_swift.swiftdoc	f4e8e43606e28180910e72dd382ced142fef65514a166739b3602f761f386b1c
nrf-evidence/zephyr-baseline/app_swift.swiftmodule	86cf0cd0a55a82db1c7160d0198cdd771bb267883b0c952fede0a47526e293f4
nrf-evidence/zephyr-baseline/app_swift.swiftsourceinfo	8b02a4cce2155009c6b630802732d4ec3d143d8dc0d035391020fbe755f828af
nrf-evidence/zephyr-baseline/build.ninja	6d8dfd2eda3e41cf749f468294ca2bd5df7eda4361479254b9f607798fd24a1c
nrf-evidence/zephyr-baseline/build_info.yml	ceb2cf1ef4149925739079151e49dd8280362e4853db99912cb000ba932ef900
nrf-evidence/zephyr-baseline/build_info.yml.bak	affbea8a9356ab2a92b969f47558c6128495b6faaadf9ae48d2bc2b72b660538
nrf-evidence/zephyr-baseline/cmake_install.cmake	1d54fb775478ce8f3b0bbc78aa9a2d4e146f23c1f1f42d80ab120c6ab2f92ebb
nrf-evidence/zephyr-baseline/compile_commands.json	dba89380e13ea938fa0b7e4d1b85b337a1062928aac2054dcc6c092542302391
nrf-evidence/zephyr-baseline/modules/cmsis/cmake_install.cmake	2ba52bae81b97a92c7867e8bd81ee12a6e455921c1851a57f9f3e7dc440dc870
nrf-evidence/zephyr-baseline/modules/cmsis_6/cmake_install.cmake	0438bcc0bcde39bfd1d7301c263d13f64b4f002217a11f47926a08bef96e8f72
nrf-evidence/zephyr-baseline/modules/cmsis_6/cmsis_6/CMSIS/Core/cmake_install.cmake	e32b465646209734c1ff28355441341db679a623e9418899fd113e7ff6e49246
nrf-evidence/zephyr-baseline/modules/cmsis_6/cmsis_6/CMSIS/cmake_install.cmake	992b7d32a392583071dc195bea14f6ceb107a34a96d257c54a55883425ea589d
nrf-evidence/zephyr-baseline/modules/cmsis_6/cmsis_6/cmake_install.cmake	ccde4fd545896bd6c7c76248023217f1469ce4b7bd11402edec79e067cc5b916
nrf-evidence/zephyr-baseline/modules/hal_nordic/cmake_install.cmake	bd9e5f31ef2d038d62f0eaca2de393531bb04fe56ad60f0b191c989eb88fb210
nrf-evidence/zephyr-baseline/modules/hal_nordic/nrfx/CMakeFiles/nrfx.dir/nrfx_glue.c.obj	f45e605fb879a4a32db2f402d0a96c5072c29f86b855de42b2165ecb2c7d4a82
nrf-evidence/zephyr-baseline/modules/hal_nordic/nrfx/cmake_install.cmake	cc51d132a849eecfd117e54e52d4d12237a6d8b27decff7b653fc71c926cc72d
nrf-evidence/zephyr-baseline/modules/hal_nordic/nrfx/libnrfx.a	da2bec5745be0235f6c85fe0c8ca1483daa157c3b8693c21a8a9206d70c263ec
nrf-evidence/zephyr-baseline/modules/segger/cmake_install.cmake	3056d9748189b5c75389120c648e13b14196ab3b6bbfb66f250ff6092e45e6ca
nrf-evidence/zephyr-baseline/sysbuild_modules.txt	e3b0c44298fc1c149afbf4c8996fb92427ae41e4649b934ca495991b7852b855
nrf-evidence/zephyr-baseline/zephyr/CMakeFiles/offsets.dir/arch/arm/core/offsets/offsets.c.obj	fb8facdd783c44bdd4e9c58c955595d3eff16630beebfa90a9a49939f2abfdba
nrf-evidence/zephyr-baseline/zephyr/CMakeFiles/zephyr.dir/lib/heap/heap.c.obj	45c7881baaf9a82e9324cb23b3dc35ec5943b75c08ebdce197e1b5ce3532c98e
nrf-evidence/zephyr-baseline/zephyr/CMakeFiles/zephyr.dir/lib/libc/validate_libc.c.obj	8557a6330b823713634914d0b1be308b9f26e9fd9d519a5c4477aa71c2fdcf7e
nrf-evidence/zephyr-baseline/zephyr/CMakeFiles/zephyr.dir/lib/os/assert.c.obj	af9296774975039fd88cfac4c939b20e572cbdd06d92c7d0f77a05580b126dc7
nrf-evidence/zephyr-baseline/zephyr/CMakeFiles/zephyr.dir/lib/os/cbprintf_complete.c.obj	b036236130f148fb841767da27682f6dfc6a9d1e6090c68ec15ec674102560a0
nrf-evidence/zephyr-baseline/zephyr/CMakeFiles/zephyr.dir/lib/os/cbprintf_packaged.c.obj	835cf9fbd50b56722977f2248c1c5bc4088ebc955c0e704181dd25dc7b29e0b1
nrf-evidence/zephyr-baseline/zephyr/CMakeFiles/zephyr.dir/lib/os/clock.c.obj	e0405d28f988c5af3d7abec3f1ae6f2471c5054769cee905849abe878f5dd99c
nrf-evidence/zephyr-baseline/zephyr/CMakeFiles/zephyr.dir/lib/os/printk.c.obj	966b24c92c1cf9edfccfa420071f5578fd2df7de08c3311305925b3030e35e3f
nrf-evidence/zephyr-baseline/zephyr/CMakeFiles/zephyr.dir/lib/os/sem.c.obj	43d69b2e244655d00a2f55cb9ac25e73dca404c146009065ef7731cc42dd86cf
nrf-evidence/zephyr-baseline/zephyr/CMakeFiles/zephyr.dir/lib/os/thread_entry.c.obj	6354bce65ac85ce4a596d6d2eeeef0cdb2210eecb1f8ed3a30568ab1adcf69a1
nrf-evidence/zephyr-baseline/zephyr/CMakeFiles/zephyr.dir/lib/utils/bitarray.c.obj	5039308e4c4294d4e0e7eb7b52110a8d4d9324314b9444dfbce798b63dcfb9b7
nrf-evidence/zephyr-baseline/zephyr/CMakeFiles/zephyr.dir/lib/utils/bitmask.c.obj	50546d76838e93c4b7ffad6addf63b4bbae5d5dbb5a87eaf6c9e0256b0d28fcc
nrf-evidence/zephyr-baseline/zephyr/CMakeFiles/zephyr.dir/lib/utils/dec.c.obj	8643be12951ff914043138c38115d50af914867e3558a8045c1889a0c616a3d7
nrf-evidence/zephyr-baseline/zephyr/CMakeFiles/zephyr.dir/lib/utils/hex.c.obj	7591c456a66b866787ba2ad90bf1277213500bcf9fdd64e28d417c2e2564baa6
nrf-evidence/zephyr-baseline/zephyr/CMakeFiles/zephyr.dir/lib/utils/last_section_id.c.obj	9bd9c95cb77831d28d6be2a1cfe672a72b7487ac2cfba1f2602b866378dd5f21
nrf-evidence/zephyr-baseline/zephyr/CMakeFiles/zephyr.dir/lib/utils/notify.c.obj	2c71463b1cc2337624dcc373bdfeb459a615ef862891ebb6b83bfa42bd55bcd2
nrf-evidence/zephyr-baseline/zephyr/CMakeFiles/zephyr.dir/lib/utils/onoff.c.obj	3022d27481a768fb345ebdd173c67506ac29b4c06ccf5c5cd28df661a0704c5c
nrf-evidence/zephyr-baseline/zephyr/CMakeFiles/zephyr.dir/lib/utils/rb.c.obj	611a9d4f6a4a9a917546ee2b52c2b9d06906eb99f79295f23bdc229ab444b0ff
nrf-evidence/zephyr-baseline/zephyr/CMakeFiles/zephyr.dir/lib/utils/ring_buffer.c.obj	fdd00abdf6b7a550efdf46776c9563ed5901ed42d1734ee71da504b381ecb398
nrf-evidence/zephyr-baseline/zephyr/CMakeFiles/zephyr.dir/lib/utils/timeutil.c.obj	07824335a3ee00e7c2fbb31730cc0b2640f58ff9ff0c9c642f039d6292d68a68
nrf-evidence/zephyr-baseline/zephyr/CMakeFiles/zephyr.dir/misc/generated/configs.c.obj	e57d5ff9acdb12979e4e5fcaf94537c8c34e578d34261c06012478985ad3da23
nrf-evidence/zephyr-baseline/zephyr/CMakeFiles/zephyr.dir/subsys/mem_mgmt/mem_attr.c.obj	1e11e4ed5d74e15a664e9ce3d487e913cb0b34a07de131d5d2781f4031a4b7f5
nrf-evidence/zephyr-baseline/zephyr/CMakeFiles/zephyr.dir/subsys/tracing/tracing_none.c.obj	440abc9e09b96c5fb5186c14c8ab2a097168e5570057c474e7263b432dc78bd1
nrf-evidence/zephyr-baseline/zephyr/CMakeFiles/zephyr_final.dir/isr_tables.c.obj	d3c1119e2ba943fde38da5c3bc02dc7c85cc4bad78c0c84e22efdf8874f07f5c
nrf-evidence/zephyr-baseline/zephyr/CMakeFiles/zephyr_final.dir/misc/empty_file.c.obj	08adf5314ada6145936d276908affe350de073e1ee462eeeaa33afc383366a19
nrf-evidence/zephyr-baseline/zephyr/CMakeFiles/zephyr_pre0.dir/misc/empty_file.c.obj	08adf5314ada6145936d276908affe350de073e1ee462eeeaa33afc383366a19
nrf-evidence/zephyr-baseline/zephyr/arch/arch/arm/cmake_install.cmake	92038ae63f951d3437c8d5a3b7be33f9ca3edecf30d4caf026756ce572d42c96
nrf-evidence/zephyr-baseline/zephyr/arch/arch/arm/core/CMakeFiles/arch__arm__core.dir/fatal.c.obj	ecdd7901592ac66b9f7bad80f89cbb91c4f94af82ca5086388e1a4c8da147402
nrf-evidence/zephyr-baseline/zephyr/arch/arch/arm/core/CMakeFiles/arch__arm__core.dir/nmi.c.obj	f34a12c2463d6a9bb45709e0e0e191f4ae6fe35ba58f0a3c9d0df2758c904aa4
nrf-evidence/zephyr-baseline/zephyr/arch/arch/arm/core/CMakeFiles/arch__arm__core.dir/nmi_on_reset.S.obj	d8dec4ce27ab5e0737353a0484164999c07259e942875cac972ef7786c00af11
nrf-evidence/zephyr-baseline/zephyr/arch/arch/arm/core/CMakeFiles/arch__arm__core.dir/tls.c.obj	4dcdeab66a0b25d526c12f04733171f67e3c91f69c64e1826bbd4642c9eb9f0a
nrf-evidence/zephyr-baseline/zephyr/arch/arch/arm/core/cmake_install.cmake	9978dad3f5fae4bfa040b09f37f6ced26f7b1e00e35dd1f95a2be4f537ca585a
nrf-evidence/zephyr-baseline/zephyr/arch/arch/arm/core/cortex_m/CMakeFiles/arch__arm__core__cortex_m.dir/__aeabi_read_tp.S.obj	3736f0f51c8dd7c90e17e7bc542604a3fdd73d2be9a24ea90131f56ea7802606
nrf-evidence/zephyr-baseline/zephyr/arch/arch/arm/core/cortex_m/CMakeFiles/arch__arm__core__cortex_m.dir/cpu_idle.c.obj	86b7b7b7da8dff479c4acfa558bf1634615760f03968c1e549aad1cf240e856b
nrf-evidence/zephyr-baseline/zephyr/arch/arch/arm/core/cortex_m/CMakeFiles/arch__arm__core__cortex_m.dir/exc_exit.c.obj	f5ce0bc2982f307449be3141616a7db77967e780d5cbeb3f114ab99ca962bd53
nrf-evidence/zephyr-baseline/zephyr/arch/arch/arm/core/cortex_m/CMakeFiles/arch__arm__core__cortex_m.dir/fault.c.obj	2122e96348dda7dd1b4a1bc139f31ea678dea8e0cee0a8ffb463cb7a0a70f7ea
nrf-evidence/zephyr-baseline/zephyr/arch/arch/arm/core/cortex_m/CMakeFiles/arch__arm__core__cortex_m.dir/fault_s.S.obj	8b3e72afa71d8bf018449cfb7d686f74518ba28c0616bb0cc4835fbae17fab49
nrf-evidence/zephyr-baseline/zephyr/arch/arch/arm/core/cortex_m/CMakeFiles/arch__arm__core__cortex_m.dir/fpu.c.obj	b5f20d922b7b62a83cfd29ebda153600d9285abd5a61f7822278dcffd4954054
nrf-evidence/zephyr-baseline/zephyr/arch/arch/arm/core/cortex_m/CMakeFiles/arch__arm__core__cortex_m.dir/irq_init.c.obj	4e0a42271d661b29dc1325eb30f0b7230349c231780fb30b55a0169676025cb3
nrf-evidence/zephyr-baseline/zephyr/arch/arch/arm/core/cortex_m/CMakeFiles/arch__arm__core__cortex_m.dir/irq_manage.c.obj	e82c4aca6bc145e8c78da60dc85f954f11eae2c5d91979e6e418a09fc1bad3d7
nrf-evidence/zephyr-baseline/zephyr/arch/arch/arm/core/cortex_m/CMakeFiles/arch__arm__core__cortex_m.dir/isr_wrapper.c.obj	7c73b6e51a9a13ef09a40c88057242d1ed9c11666f62cc9686556aef84da3039
nrf-evidence/zephyr-baseline/zephyr/arch/arch/arm/core/cortex_m/CMakeFiles/arch__arm__core__cortex_m.dir/prep_c.c.obj	5df4e4afd1768e2efcba7e20f4c4c63bc342aec3795ed24227904f183a46219f
nrf-evidence/zephyr-baseline/zephyr/arch/arch/arm/core/cortex_m/CMakeFiles/arch__arm__core__cortex_m.dir/reset.S.obj	8cdf5a4074ee77499996062177c48423b1460bf595a39b3639a7ef1008c67f32
nrf-evidence/zephyr-baseline/zephyr/arch/arch/arm/core/cortex_m/CMakeFiles/arch__arm__core__cortex_m.dir/scb.c.obj	fe56d8ab2cec7f0438d9cd7d2290dc9e88d1a2b4102068336452846bdc38db43
nrf-evidence/zephyr-baseline/zephyr/arch/arch/arm/core/cortex_m/CMakeFiles/arch__arm__core__cortex_m.dir/swap_helper.S.obj	611ba735e97af05553cf8e1eda99f7ea4fee4793065f1842751a8b7fabba9b27
nrf-evidence/zephyr-baseline/zephyr/arch/arch/arm/core/cortex_m/CMakeFiles/arch__arm__core__cortex_m.dir/thread.c.obj	a72e33d75e958d7b13271c5554c3b088e05d2cda950ab5e90d8bfd969d9c7137
nrf-evidence/zephyr-baseline/zephyr/arch/arch/arm/core/cortex_m/CMakeFiles/arch__arm__core__cortex_m.dir/thread_abort.c.obj	445e2697c87f7fd27f44609b3b569d826caf54baef09e0d2bb3f2c599ea2f0ad
nrf-evidence/zephyr-baseline/zephyr/arch/arch/arm/core/cortex_m/CMakeFiles/arch__arm__core__cortex_m.dir/vector_table.S.obj	04ecb26dd24b545cb2323c54969b8861b8b1da0f58f2ace33b63de2a9a47d13a
nrf-evidence/zephyr-baseline/zephyr/arch/arch/arm/core/cortex_m/cmake_install.cmake	f594de4f648598241e382b7b3fa568fde201ee5d1b3989a3081236e6026f3718
nrf-evidence/zephyr-baseline/zephyr/arch/arch/arm/core/cortex_m/libarch__arm__core__cortex_m.a	4375bd25d6817ed54623c1cec8c4da26b6dbe2b3366cfdb4e60b5bf3f37a554c
nrf-evidence/zephyr-baseline/zephyr/arch/arch/arm/core/libarch__arm__core.a	33bb050aff880dfd0e428483b1e6a7d647e2629c045606077ec9168ee483da81
nrf-evidence/zephyr-baseline/zephyr/arch/arch/arm/core/mpu/CMakeFiles/arch__arm__core__mpu.dir/arm_core_mpu.c.obj	a276e6e6187a2a2072320a3fd497526ebb82b9e41566b0727bf15a6592234dcb
nrf-evidence/zephyr-baseline/zephyr/arch/arch/arm/core/mpu/CMakeFiles/arch__arm__core__mpu.dir/arm_mpu.c.obj	6745b256f6b9eb7fba6ee5ce976052da776e3f09ff8b9bad165738e68b16fcce
nrf-evidence/zephyr-baseline/zephyr/arch/arch/arm/core/mpu/CMakeFiles/arch__arm__core__mpu.dir/arm_mpu_regions.c.obj	9a1ca8a159c915bbb02341d8a0d05336a9f9e5836b0bbb464c59a4af743cee53
nrf-evidence/zephyr-baseline/zephyr/arch/arch/arm/core/mpu/cmake_install.cmake	558c39dc2c2503053294e234bfc7f2615415e45856389be6d34a16ddc9ab11b2
nrf-evidence/zephyr-baseline/zephyr/arch/arch/arm/core/mpu/libarch__arm__core__mpu.a	1370ea209ea65c3e3ea049d4558600782a0285c91bcb0041569ec9e237168e25
nrf-evidence/zephyr-baseline/zephyr/arch/cmake_install.cmake	765df9a02c1d371d5a88637c51fbe587a3a3a01cd073ae141a890673ecbee13d
nrf-evidence/zephyr-baseline/zephyr/arch/common/CMakeFiles/arch__common.dir/init.c.obj	b6ae39d1721f367beebeae52a6532d933757640f6aa23f29ac622c6bd70719e5
nrf-evidence/zephyr-baseline/zephyr/arch/common/CMakeFiles/arch__common.dir/sw_isr_common.c.obj	2514d5a9d213f496252602c2147faa247ed7e14e3d5ec8bc41be27e15120f5e6
nrf-evidence/zephyr-baseline/zephyr/arch/common/CMakeFiles/arch__common.dir/xip.c.obj	6f0932503ff0c6e175d3762fddde8b042297f1634954f7b90bcb600013c14f5a
nrf-evidence/zephyr-baseline/zephyr/arch/common/CMakeFiles/isr_tables.dir/isr_tables.c.obj	f092e881a737b611a446908413eff58fcba8a9e7d91f27aedc4e75f0e6e019b3
nrf-evidence/zephyr-baseline/zephyr/arch/common/cmake_install.cmake	035600486585d7c1a97c6859d673fda0c3d9f949782cc3c7f9bcad7e3b7f312e
nrf-evidence/zephyr-baseline/zephyr/arch/common/libarch__common.a	66c2372f121e612ee4279bcce98fba5c9f02da4a4c6bb8b57290fae6917c8e99
nrf-evidence/zephyr-baseline/zephyr/arch/common/libisr_tables.a	638fae44bde8f26e6cf015ab1ada6239e0d2a4a432a04adf4f510f4a12bf1a05
nrf-evidence/zephyr-baseline/zephyr/boards/cmake_install.cmake	8ca77bfca617a3b4476e065f3f13e43f21f45106a74f569af995b5b30f7aafc5
nrf-evidence/zephyr-baseline/zephyr/boards/nordic/nrf52840dk/cmake_install.cmake	7b9c74820f85f23dae48fafba1154321c425839678aac372f3cc754b4979fe9c
nrf-evidence/zephyr-baseline/zephyr/boards/shields/cmake_install.cmake	eb63090d2a0393cb156c2373ec02ef0df83384b3ba0faa295a5a5ed864e82551
nrf-evidence/zephyr-baseline/zephyr/cmake/flash/cmake_install.cmake	68b4dd033f55f61086a859c23778fb05a107926b9678aa026bba516ea38eaa0b
nrf-evidence/zephyr-baseline/zephyr/cmake/reports/cmake_install.cmake	acee1a831bd1e5818a9f443c1d7bd62d7bc2ed7c5994891fca51404a93c6ef4a
nrf-evidence/zephyr-baseline/zephyr/cmake/usage/cmake_install.cmake	6bf9fec09b8561a78551ed95b75b40250bd4e1440079dabac95ed1fb4a26931a
nrf-evidence/zephyr-baseline/zephyr/cmake_install.cmake	c0b6de9be675169bf8166f44a72d01d8a8b07598802cec456c9db22b448d4e4b
nrf-evidence/zephyr-baseline/zephyr/drivers/clock_control/CMakeFiles/drivers__clock_control.dir/clock_control_nrf.c.obj	039248387278a8a85cd240ac89aff8e7f475aaec2056fb6c7e547a006bf335c3
nrf-evidence/zephyr-baseline/zephyr/drivers/clock_control/cmake_install.cmake	150bbaeb0564150fcca6508f0f42b2449bb5dd7f86fc309f024d35487889e19f
nrf-evidence/zephyr-baseline/zephyr/drivers/clock_control/libdrivers__clock_control.a	046b17dbc2653f0b302fce31ff6b53ce260cf5fc41da1a154e3fc60283f6f343
nrf-evidence/zephyr-baseline/zephyr/drivers/cmake_install.cmake	433db01d10a872545d1b2c4f6a5c8f16133b81d762f840ca4000c905fa4bdb5b
nrf-evidence/zephyr-baseline/zephyr/drivers/console/CMakeFiles/drivers__console.dir/uart_console.c.obj	ede2c323c8a96f024a434bd703ace4230c2be53ccc57699a32049a5da342ae42
nrf-evidence/zephyr-baseline/zephyr/drivers/console/cmake_install.cmake	c709a85a88fb02d8925529dcb96b44b19ff6b5a5f6d35fe0e02692d631504961
nrf-evidence/zephyr-baseline/zephyr/drivers/console/libdrivers__console.a	a65507db351ec472532901dadbcfd19ea2ae508f016bc7e6a0df2ad179322db1
nrf-evidence/zephyr-baseline/zephyr/drivers/disk/cmake_install.cmake	af35477b7fdc69580a07b1ad515bb851d091fae4c640a43f9b1e9c65b990d241
nrf-evidence/zephyr-baseline/zephyr/drivers/firmware/cmake_install.cmake	cbe4371dd89cb43f51161191086b8f6fd9abbf8a6afdeba3f6fd524c69ea8a7a
nrf-evidence/zephyr-baseline/zephyr/drivers/gpio/CMakeFiles/drivers__gpio.dir/gpio_nrfx.c.obj	5238b1fd73526c8d46c8f4147606e6158d6dca9ee1e2e0fc9d2cd008ce3bad17
nrf-evidence/zephyr-baseline/zephyr/drivers/gpio/cmake_install.cmake	5ada7874ee41a475fda5c6725265ea0f28ddd87065f183b03dde61c2de303705
nrf-evidence/zephyr-baseline/zephyr/drivers/gpio/libdrivers__gpio.a	5d6724833eea9524d36b1fa2da88be5f81a2df50ebd1e54a76f40931f790f06d
nrf-evidence/zephyr-baseline/zephyr/drivers/interrupt_controller/cmake_install.cmake	74b35dc6a8b67bbddc1bbf5603518298725de0c835e004758b64df73bc7258dd
nrf-evidence/zephyr-baseline/zephyr/drivers/misc/cmake_install.cmake	fe99a504184506a994dde5b8a3c7c807b81966612cf58ed508d59193c5045efc
nrf-evidence/zephyr-baseline/zephyr/drivers/misc/interconn/cmake_install.cmake	d06f5b13edef5c884feb9aec4908590a63a4818f38c1055858759713070a3215
nrf-evidence/zephyr-baseline/zephyr/drivers/pcie/cmake_install.cmake	8e5e9744794fbf71e0f477a80ab2027a40c425ddebac47dc3f87b7966ed73a50
nrf-evidence/zephyr-baseline/zephyr/drivers/pinctrl/CMakeFiles/drivers__pinctrl.dir/common.c.obj	5ec5c2aa1642bea9993a6b3501087335ba96a36e9bd58c52d7633600c0dc6a18
nrf-evidence/zephyr-baseline/zephyr/drivers/pinctrl/CMakeFiles/drivers__pinctrl.dir/pinctrl_nrf.c.obj	3eb7ada49b330873b92bc3e83f4808d76d61040345cc28c466fea5e0b449f634
nrf-evidence/zephyr-baseline/zephyr/drivers/pinctrl/cmake_install.cmake	84a026302c2d40a696eafed6c53c66b1ed110a9172d904fbb5a3b5cb23c0bc02
nrf-evidence/zephyr-baseline/zephyr/drivers/pinctrl/libdrivers__pinctrl.a	41c34ff771302e2b937c0859438d4d11d5f493e75efa268f9754323204e295b4
nrf-evidence/zephyr-baseline/zephyr/drivers/pinctrl/renesas/cmake_install.cmake	98448a1a557f809d996054d13642685376935e47900a76412fd10e110587cdbb
nrf-evidence/zephyr-baseline/zephyr/drivers/serial/CMakeFiles/drivers__serial.dir/uart_nrfx_uarte.c.obj	0167fcbb4e1bd31d57e12725f4fe4f636cade6cb1b4b5cd5d023d95f78b84c3c
nrf-evidence/zephyr-baseline/zephyr/drivers/serial/cmake_install.cmake	180b9cd2ea670df6a802c4dc9067dfc3844a1e6c18ad34b8a5d3ed8e2db8038c
nrf-evidence/zephyr-baseline/zephyr/drivers/serial/libdrivers__serial.a	f8dc0805f3445e93f357adedfaa586728b6d9719de5071afaebc28fa5bfc4800
nrf-evidence/zephyr-baseline/zephyr/drivers/timer/CMakeFiles/drivers__timer.dir/nrf_rtc_timer.c.obj	cc43ed082c18e742fa5842fa26a49da0d082e0b0e08f1aa79743c02bf95bf7b3
nrf-evidence/zephyr-baseline/zephyr/drivers/timer/CMakeFiles/drivers__timer.dir/sys_clock_init.c.obj	c447abeb14c4186aa8484069973d159344bac4dc5150840015460434c85657da
nrf-evidence/zephyr-baseline/zephyr/drivers/timer/cmake_install.cmake	a1e900c1651a4c76795f20ff9adf535d70bd4368b5a87e1bb10714d572aa2a23
nrf-evidence/zephyr-baseline/zephyr/drivers/timer/libdrivers__timer.a	365079fddc7a557833c6c29c7c8326af24df30f0600e23e6f4e3bc5ccec2f11e
nrf-evidence/zephyr-baseline/zephyr/drivers/usb/cmake_install.cmake	933e6937ec231acb32cecea8e09c59ceb1ba2c3c88e839a07cdb42edd2c7788e
nrf-evidence/zephyr-baseline/zephyr/drivers/usb/common/cmake_install.cmake	1c0ae0192bcc8f28f6784c37476eb35792cdee285a5000dab7271f5f7e759f88
nrf-evidence/zephyr-baseline/zephyr/drivers/usb/common/nrf_usbd_common/cmake_install.cmake	6bcc4ed49bff7993641f4fe1bb51726e0378ee4784d5f2b4aaddd327453db3d2
nrf-evidence/zephyr-baseline/zephyr/drivers/usb_c/cmake_install.cmake	fb492967638e75de367166f943520605f5e984e3caa8844668f0cefc101ca64e
nrf-evidence/zephyr-baseline/zephyr/edt.pickle	78f3a97b7b9d585f7992ce47f7665d5f3e9718cbca09246a205b2ba8e75c9632
nrf-evidence/zephyr-baseline/zephyr/edt.pickle.cmake	04b5dfb375d0d3aa6461556cd2ad923ba0cb72d2c74a91482fc31e67165a6b29
nrf-evidence/zephyr-baseline/zephyr/edt.pickle.cmake.new	04b5dfb375d0d3aa6461556cd2ad923ba0cb72d2c74a91482fc31e67165a6b29
nrf-evidence/zephyr-baseline/zephyr/include/generated/app_data_alignment.ld	d918f67f7a86d870a364a37c38ffb29060524546cabe37ab210030689fb327e4
nrf-evidence/zephyr-baseline/zephyr/include/generated/app_smem.ld	56c91adeb585cf35747f27e18cef663c5f82ad88849261d685af72ea93437fb7
nrf-evidence/zephyr-baseline/zephyr/include/generated/app_smem_aligned.ld	086a51673605cb0c9c5cf8408256deb683f286db8c2b51c32cb1eb9e2f8d945b
nrf-evidence/zephyr-baseline/zephyr/include/generated/app_smem_unaligned.ld	6cd9f396193e5a6da1e142a8ff51f7d37fb8d781291a50b899365d90ae5e28ca
nrf-evidence/zephyr-baseline/zephyr/include/generated/device-api-sections.cmake	c3348c034d325ebeb07a6792f7831f9c3f7996fadd2a4550f309439b2ef57b05
nrf-evidence/zephyr-baseline/zephyr/include/generated/device-api-sections.ld	69f54516d68a8ba2c2739066225ed8f24a0bb0703b7ab3e4ea743caf80aa2117
nrf-evidence/zephyr-baseline/zephyr/include/generated/snippets-data-sections.ld	e3b0c44298fc1c149afbf4c8996fb92427ae41e4649b934ca495991b7852b855
nrf-evidence/zephyr-baseline/zephyr/include/generated/snippets-dtcm-section.ld	e3b0c44298fc1c149afbf4c8996fb92427ae41e4649b934ca495991b7852b855
nrf-evidence/zephyr-baseline/zephyr/include/generated/snippets-itcm-section.ld	e3b0c44298fc1c149afbf4c8996fb92427ae41e4649b934ca495991b7852b855
nrf-evidence/zephyr-baseline/zephyr/include/generated/snippets-nocache-section.ld	e3b0c44298fc1c149afbf4c8996fb92427ae41e4649b934ca495991b7852b855
nrf-evidence/zephyr-baseline/zephyr/include/generated/snippets-noinit.ld	e3b0c44298fc1c149afbf4c8996fb92427ae41e4649b934ca495991b7852b855
nrf-evidence/zephyr-baseline/zephyr/include/generated/snippets-pinned-data-sections.ld	e3b0c44298fc1c149afbf4c8996fb92427ae41e4649b934ca495991b7852b855
nrf-evidence/zephyr-baseline/zephyr/include/generated/snippets-pinned-ram-sections.ld	e3b0c44298fc1c149afbf4c8996fb92427ae41e4649b934ca495991b7852b855
nrf-evidence/zephyr-baseline/zephyr/include/generated/snippets-pinned-rodata.ld	e3b0c44298fc1c149afbf4c8996fb92427ae41e4649b934ca495991b7852b855
nrf-evidence/zephyr-baseline/zephyr/include/generated/snippets-ram-sections.ld	da2722ade381509b250ed97093f4c285be016e934d676463a5f499b2ed8db908
nrf-evidence/zephyr-baseline/zephyr/include/generated/snippets-ramfunc-section.ld	e3b0c44298fc1c149afbf4c8996fb92427ae41e4649b934ca495991b7852b855
nrf-evidence/zephyr-baseline/zephyr/include/generated/snippets-rodata.ld	e8f9b0eef6f66f9af5092eadaf40050dc99ce80ef8c428ef4da347525f71e54d
nrf-evidence/zephyr-baseline/zephyr/include/generated/snippets-rom-sections.ld	e3b0c44298fc1c149afbf4c8996fb92427ae41e4649b934ca495991b7852b855
nrf-evidence/zephyr-baseline/zephyr/include/generated/snippets-rom-start.ld	0d8587ad00b6b1b0cd3e73a133c4a3b361889cea11a58c6104554af844e40c3b
nrf-evidence/zephyr-baseline/zephyr/include/generated/snippets-rwdata.ld	e3b0c44298fc1c149afbf4c8996fb92427ae41e4649b934ca495991b7852b855
nrf-evidence/zephyr-baseline/zephyr/include/generated/snippets-sections.ld	4ffe1dad72356e18af3474c43aae331fbfa198996904a495f8a0a3b11c21cf63
nrf-evidence/zephyr-baseline/zephyr/include/generated/snippets-text-sections.ld	e3b0c44298fc1c149afbf4c8996fb92427ae41e4649b934ca495991b7852b855
nrf-evidence/zephyr-baseline/zephyr/include/generated/syscall_list.h	347abcb72e331001b1c758d906be4cf16f9b4900d98930a4f469e9b2e1a0929c
nrf-evidence/zephyr-baseline/zephyr/include/generated/zephyr/autoconf.h	84aa7da9b67ad00dcce440a8ac60884071ca16201c53bcdadd4b04f5a271712f
nrf-evidence/zephyr-baseline/zephyr/include/generated/zephyr/devicetree_generated.h	16afb4a538b90bfd1b26ff87aabce46ce755ab209a67e1ab5f442743c84d75d8
nrf-evidence/zephyr-baseline/zephyr/include/generated/zephyr/driver-validation.h	6f543aedb1aa3177b9d7fb1d58083369920d4e4085c0a0ba20a6e28386fedf8d
nrf-evidence/zephyr-baseline/zephyr/include/generated/zephyr/kobj-types-enum.h	10912a4e8b200d9ff995a28ec9102b219c69c4bdacf395a848c026c162a173b6
nrf-evidence/zephyr-baseline/zephyr/include/generated/zephyr/offsets.h	c41fc0d0c1fb33f8d4c6ea848c53a5f85ce6c096e4d2d36cd81fd90e4420eec8
nrf-evidence/zephyr-baseline/zephyr/include/generated/zephyr/otype-to-size.h	f5b79f8f96ec393b42b010c4105b10ccec217a0da7a554e367be56e043e39c4e
nrf-evidence/zephyr-baseline/zephyr/include/generated/zephyr/otype-to-str.h	45c7af55e9e173904a03ba64de3e6f90a9956c625c83baac7db7ddabeba07bae
nrf-evidence/zephyr-baseline/zephyr/include/generated/zephyr/syscall_dispatch.c	9045dff6158fbf78a0d2439c208370f32446e4436c84374c6eb6e8082cd3938e
nrf-evidence/zephyr-baseline/zephyr/include/generated/zephyr/syscall_exports_llext.c	2d83b3cbd43bb0a4b9ab981373e34c4f14284f0bb6a39d3306a7abae527ecb31
nrf-evidence/zephyr-baseline/zephyr/include/generated/zephyr/syscall_list.h	347abcb72e331001b1c758d906be4cf16f9b4900d98930a4f469e9b2e1a0929c
nrf-evidence/zephyr-baseline/zephyr/include/generated/zephyr/syscalls/adc.h	9826d89cadf700621f8fe67830f8737e0a10be47b48bb9995435ca5e366db7be
nrf-evidence/zephyr-baseline/zephyr/include/generated/zephyr/syscalls/arch.h	bdfa15659cc71eeaef1dd3aeab50675f6cd42567d5df127dfbdc2d2752f12608
nrf-evidence/zephyr-baseline/zephyr/include/generated/zephyr/syscalls/atomic_c.h	690bf3a38ff5f3db2a07b7b1d8cafc1574520e024139949a8e0b401c794897fd
nrf-evidence/zephyr-baseline/zephyr/include/generated/zephyr/syscalls/auxdisplay.h	733a97e9e8ce609cf33572d6c6569968c540507e9ddf60de8bcbc6c4403f56b0
nrf-evidence/zephyr-baseline/zephyr/include/generated/zephyr/syscalls/bbram.h	d3f2359dcdfd777c752afee87e2fccee1103e97d0dfdd931b0e47d284472f466
nrf-evidence/zephyr-baseline/zephyr/include/generated/zephyr/syscalls/cache.h	9595ae4505a410ba66bc8b35b82d8125d49afca8ca5770151136a5df8f273483
nrf-evidence/zephyr-baseline/zephyr/include/generated/zephyr/syscalls/can.h	e597b61cdf7cff2ec02fbe96528da1ae99eebfa31145b007d7edb4b35a5c6443
nrf-evidence/zephyr-baseline/zephyr/include/generated/zephyr/syscalls/charger.h	6c5aa9a321295dc90f10b61c5da10d05ef06da64a5e469b8c706c980ab544bdc
nrf-evidence/zephyr-baseline/zephyr/include/generated/zephyr/syscalls/clock.h	d93994fa48615f6410a0abe98035706cd540a41be3d249d5a9bc5ab3def8e80d
nrf-evidence/zephyr-baseline/zephyr/include/generated/zephyr/syscalls/comparator.h	f173d054b32be07978caae81b12c30255db4e5623e45e742ea7ed9feb6195aca
nrf-evidence/zephyr-baseline/zephyr/include/generated/zephyr/syscalls/counter.h	3cbfaba8a9d57edaad03e942c9a035a6461dfab37932fb08e4530e65fd3ee40e
nrf-evidence/zephyr-baseline/zephyr/include/generated/zephyr/syscalls/crc.h	e91e0c8c220ee7d4e49d1507fe61c5dc8f72806d64db30ca61582bb3ec3d0df4
nrf-evidence/zephyr-baseline/zephyr/include/generated/zephyr/syscalls/dac.h	93cb285c343c886a49e9bba4a6851091183b724b0703e01d4bed0e24cdb0c1d3
nrf-evidence/zephyr-baseline/zephyr/include/generated/zephyr/syscalls/demand_paging.h	8b59746ea33a5970839886a673554dec989e8d39fcda583a8477fc4155e90d79
nrf-evidence/zephyr-baseline/zephyr/include/generated/zephyr/syscalls/device.h	3d4e26c69424baf08feeb4b61edd366e2c07d40077e798afd285bd5bb2eaa3b3
nrf-evidence/zephyr-baseline/zephyr/include/generated/zephyr/syscalls/devmux.h	283ae85bb2f8552256627c80d7489debf791ecd9f787753400786d7145da75f2
nrf-evidence/zephyr-baseline/zephyr/include/generated/zephyr/syscalls/eeprom.h	0fdb93b75245294dcdb38cc6f5362dde6042ab7904b7f3182aa59fba6b6a6e3e
nrf-evidence/zephyr-baseline/zephyr/include/generated/zephyr/syscalls/emul_fuel_gauge.h	fe1721d7367cf180e7803ce5d881ebb396acf7499048296395784e2d584fff33
nrf-evidence/zephyr-baseline/zephyr/include/generated/zephyr/syscalls/entropy.h	0df4b2c08742946f1810a658993a2926eea1761582d24beee83f10e0290f728e
nrf-evidence/zephyr-baseline/zephyr/include/generated/zephyr/syscalls/errno_private.h	89a30215206556099585f61b21e7a53291381289606fc969e0c547ebe6f50caf
nrf-evidence/zephyr-baseline/zephyr/include/generated/zephyr/syscalls/error.h	bf0a1c156b83bd8b9de42494e2432cd86b9b1050b05544d1615ac9a2413c526a
nrf-evidence/zephyr-baseline/zephyr/include/generated/zephyr/syscalls/espi.h	cdaf872ad74f3f755c4e281e767707013a01b8cf86008eebf72e8e91d39ddc54
nrf-evidence/zephyr-baseline/zephyr/include/generated/zephyr/syscalls/espi_saf.h	98526d591115988026a44a3415e9c06f1016c3ac929288239fc17e98062aba2a
nrf-evidence/zephyr-baseline/zephyr/include/generated/zephyr/syscalls/ethernet.h	f2d4ace37815df3d64bf299b6da990f9ebedae608665821e7f2952e5988f1080
nrf-evidence/zephyr-baseline/zephyr/include/generated/zephyr/syscalls/fdtable.h	3001410733d5533ca463be4ab3177ee7ce8cd6994e94801c24e7eaa7ea477795
nrf-evidence/zephyr-baseline/zephyr/include/generated/zephyr/syscalls/flash.h	140edaf7a7b8c6ffeceaf0edc6300b76c6510cc34cbddf016bfc147022c7ada9
nrf-evidence/zephyr-baseline/zephyr/include/generated/zephyr/syscalls/flash_simulator.h	6909b135d051fd8c02871a4474bc7daebe4bf452e8a42c818535ea349b8d5f5d
nrf-evidence/zephyr-baseline/zephyr/include/generated/zephyr/syscalls/fuel_gauge.h	1864bd85bd821fe175463d21084e5e1673c1a3a386b142c9568b9101d95ddad6
nrf-evidence/zephyr-baseline/zephyr/include/generated/zephyr/syscalls/gnss.h	0b400ab70cc1ecfe408c6e44f58b62fc7fe30b5d8dd6dcf0bcff5732cfe26b8e
nrf-evidence/zephyr-baseline/zephyr/include/generated/zephyr/syscalls/gpio.h	6cd7d45375e80f61680c35b8cbd67b23f6abfa95558a0f557e655598dc2fd902
nrf-evidence/zephyr-baseline/zephyr/include/generated/zephyr/syscalls/haptics.h	4f6882307e67761c5f7df29cc2995791816fecccfa185360c92054e32a5abb14
nrf-evidence/zephyr-baseline/zephyr/include/generated/zephyr/syscalls/hwinfo.h	1aa569458b7088204f9111acefa9b35642d75c0dbdc4cc150f1272cccdc48ddd
nrf-evidence/zephyr-baseline/zephyr/include/generated/zephyr/syscalls/i2c.h	749db7a3e3a0dfa88374149b68d0e8007008c9754acadfd817ce33227f07ad9e
nrf-evidence/zephyr-baseline/zephyr/include/generated/zephyr/syscalls/i2s.h	45895c2222fd8bf1f8543da0880eb5f7357f8910cf0e85656857d8d9fee58a29
nrf-evidence/zephyr-baseline/zephyr/include/generated/zephyr/syscalls/i3c.h	60ffcae4a7e6a9487db3c414a98e4bac5e068616af837015906ee94713370eb3
nrf-evidence/zephyr-baseline/zephyr/include/generated/zephyr/syscalls/input_renesas_ra_ctsu.h	c95257f75149596ca1f11bbecfc4aa70c825d2edb13028997738b97f08a941e8
nrf-evidence/zephyr-baseline/zephyr/include/generated/zephyr/syscalls/input_renesas_rx_ctsu.h	b0ce9cfd4159bd557dd17c732299fdfd4a729466eef0461edfdb214a2d5d551b
nrf-evidence/zephyr-baseline/zephyr/include/generated/zephyr/syscalls/ipm.h	deb46e15b3108dbb8632e77ae861dfcce53de7ca567dd38985418710e6d0a82d
nrf-evidence/zephyr-baseline/zephyr/include/generated/zephyr/syscalls/ivshmem.h	7ee1adc34e724ed6bb42ec6aaf7d69f3d72ca2e198081a71dc2234244e94e6bc
nrf-evidence/zephyr-baseline/zephyr/include/generated/zephyr/syscalls/kernel.h	bd4c8bffdbdc262db640e441e43a95c495f0537dedc0de363b7f32cad34281d4
nrf-evidence/zephyr-baseline/zephyr/include/generated/zephyr/syscalls/kobject.h	e77ac77f11d48facdc66ee9aa5aeae0f92311aa4a28cc0bea2132a556f49e121
nrf-evidence/zephyr-baseline/zephyr/include/generated/zephyr/syscalls/led.h	26415e779f0daf82ac0f3f3a024dd69416bb9374c81e931c2f319295cb4cf88a
nrf-evidence/zephyr-baseline/zephyr/include/generated/zephyr/syscalls/libc-hooks.h	dbcdb12e3bd27c12a5b730b9037afe9ba6b5921482b27380e211747a5fdf3485
nrf-evidence/zephyr-baseline/zephyr/include/generated/zephyr/syscalls/llext.h	77abff04348e7c75bcca1fb74db42bd7108fff3c0bbe21907a50cd26e9df90ac
nrf-evidence/zephyr-baseline/zephyr/include/generated/zephyr/syscalls/log_ctrl.h	70603c6bc9b7442ca9cfe82a0fe3b96d0c32694d67f1b47dfa701a67c9b49739
nrf-evidence/zephyr-baseline/zephyr/include/generated/zephyr/syscalls/log_msg.h	c984a4da2d0e985d1bc585b9bdadf880f20b6c4f8745617eea6fd50dcd06509c
nrf-evidence/zephyr-baseline/zephyr/include/generated/zephyr/syscalls/maxim_ds3231.h	7ad16ea2d8f38e3f6c7c14fb86ccaab2881a69cd38ac137afaad3a4313009a31
nrf-evidence/zephyr-baseline/zephyr/include/generated/zephyr/syscalls/mbox.h	579e7240b2760f6b275bde67d6d9ae5980351ddfc54a3c82164bc86e4ac79a09
nrf-evidence/zephyr-baseline/zephyr/include/generated/zephyr/syscalls/mdio.h	ed61c2ab4e32821c65dc296fd1feb8c525e97e0d03482e7f9d3d1aee2b395924
nrf-evidence/zephyr-baseline/zephyr/include/generated/zephyr/syscalls/mspi.h	7ce9dcdd5453e23e13ea9bc315a7e273e955350b8889bedb95d87049cd076dfa
nrf-evidence/zephyr-baseline/zephyr/include/generated/zephyr/syscalls/mutex.h	d549a190df71da2b70661ee8c3ac9cfb0a9bfe7a22ef5c208be6e03cb0299e23
nrf-evidence/zephyr-baseline/zephyr/include/generated/zephyr/syscalls/net_if.h	02f2ced6cebaa2698f5569dd351593b9aeca0b40adf3fea0b2a7002a66470b08
nrf-evidence/zephyr-baseline/zephyr/include/generated/zephyr/syscalls/net_ip.h	712e7d878c6e770c01656daa8ae047d00ddf55e5f024f9175f7561e93a5e04e6
nrf-evidence/zephyr-baseline/zephyr/include/generated/zephyr/syscalls/nrf_qspi_nor.h	5779c41d175d7f8bc7d00134e99a68a4a2a05f777044881e04d5ba30f74edbe5
nrf-evidence/zephyr-baseline/zephyr/include/generated/zephyr/syscalls/opamp.h	9da088b9cf8fb143e0d51ca2cdeb95d85aef71e6bd9cc23efacfd7eee762a5e4
nrf-evidence/zephyr-baseline/zephyr/include/generated/zephyr/syscalls/peci.h	151415ddcf37ceddcb6541925798cf0eea8f31b04ea642566e20257c0b24d13b
nrf-evidence/zephyr-baseline/zephyr/include/generated/zephyr/syscalls/ps2.h	f7e5bd30f00902aa72cad2f6cfd341c2d8074a50805f7065ddd699a2398756ea
nrf-evidence/zephyr-baseline/zephyr/include/generated/zephyr/syscalls/psi5.h	1b46cfc34b500e5a87c27042f9a668332d83562eca26a4efde49f589577ed30e
nrf-evidence/zephyr-baseline/zephyr/include/generated/zephyr/syscalls/ptp_clock.h	f960f9018255ca61d93f95a7981e02e76dda14273c793043ce3c7989ee9aea09
nrf-evidence/zephyr-baseline/zephyr/include/generated/zephyr/syscalls/pwm.h	1b0f9a20a506c33be9cca2548e1eaa530029eab79f730a656e0e6c41838120bd
nrf-evidence/zephyr-baseline/zephyr/include/generated/zephyr/syscalls/random.h	ba5365c0d793d4e914f48e034dd459063031da327b3fc18bed6001b888a79bd5
nrf-evidence/zephyr-baseline/zephyr/include/generated/zephyr/syscalls/renesas_elc.h	a3bb082cec9e4426d578da862ccef63428d51a37b40ddd3b10c04241d0bfdcbd
nrf-evidence/zephyr-baseline/zephyr/include/generated/zephyr/syscalls/reset.h	d6eab4dee9a56d8c6608f8229e086152c6015d592487d16c661d54e0bd337377
nrf-evidence/zephyr-baseline/zephyr/include/generated/zephyr/syscalls/retained_mem.h	7d8df8be2525c952e2ad56440a300b38bfc43f31b5c0cac7d39ebd6c8479bf28
nrf-evidence/zephyr-baseline/zephyr/include/generated/zephyr/syscalls/rtc.h	143a6aa0d9907c2568a25ba70dc932ebe02042262f1aa95947e97443ca87a015
nrf-evidence/zephyr-baseline/zephyr/include/generated/zephyr/syscalls/rtio.h	f383056f2da335464f0e3497c3bb7f27135c7c4bdf0835cf0adab6046e8c26d9
nrf-evidence/zephyr-baseline/zephyr/include/generated/zephyr/syscalls/sdhc.h	64f12879aa0fb9e32d82059d08e116ee1fad8c8a11e0f93b5154a0a8357bdf4b
nrf-evidence/zephyr-baseline/zephyr/include/generated/zephyr/syscalls/sensor.h	c49ed2753c9d2924a16dcbedb1dcc884a6dfb543118dcf3886e1e5d77399194b
nrf-evidence/zephyr-baseline/zephyr/include/generated/zephyr/syscalls/sent.h	bf45ac4e6e4f1004ab3ca45d41993a0c949a6af6f62750812935bba3b910adf1
nrf-evidence/zephyr-baseline/zephyr/include/generated/zephyr/syscalls/sip_svc_driver.h	b079f272b9a0de110efcfe647aee704fa7b91811e7ca92f995153dff11b77f10
nrf-evidence/zephyr-baseline/zephyr/include/generated/zephyr/syscalls/smbus.h	693c9e52f9556b7b31f2b69027135c9c75480c6ecdd79e279893d1fa91a62dad
nrf-evidence/zephyr-baseline/zephyr/include/generated/zephyr/syscalls/socket.h	04f656e2c2a924fede7f3fdd3e8fd22b3d22a0f354e8da91c0ad8a46687ceba4
nrf-evidence/zephyr-baseline/zephyr/include/generated/zephyr/syscalls/socket_service.h	8e649e781d62e23317f3fd07ff990b5e00b7001ffacd509b950654e3a5a48d1c
nrf-evidence/zephyr-baseline/zephyr/include/generated/zephyr/syscalls/spi.h	5592670618eadb1cdf89178a32d13ae25a0c6c26af3716927b78d010b16cbfa9
nrf-evidence/zephyr-baseline/zephyr/include/generated/zephyr/syscalls/stepper.h	3cba5245cc69ea5ab91a994a0b79a4e7d72f5fb03d7c939ab573ec3a9611a4aa
nrf-evidence/zephyr-baseline/zephyr/include/generated/zephyr/syscalls/syscon.h	d3acfa810927e22d156c5db55cf8add60cfb8c9a0882dcb6b0eda75f3f7b4a0b
nrf-evidence/zephyr-baseline/zephyr/include/generated/zephyr/syscalls/tee.h	4529a75ff6853a66203775bdad7ac340cc3290873116a741287775617d67bb05
nrf-evidence/zephyr-baseline/zephyr/include/generated/zephyr/syscalls/time_units.h	b0418c9339b2e13b0ad006bb70833328dfdc3bb44aa381e0507a9447265c710c
nrf-evidence/zephyr-baseline/zephyr/include/generated/zephyr/syscalls/timeaware_gpio.h	2f7acaf08246e15fc417e2d50644aff187ce188b5fa7e6ee61b623a838d2d9a9
nrf-evidence/zephyr-baseline/zephyr/include/generated/zephyr/syscalls/uart.h	8917e9922ed5255152630ad632346cf46d808ed8f61083d71c828b7c7f13fb19
nrf-evidence/zephyr-baseline/zephyr/include/generated/zephyr/syscalls/updatehub.h	dbb43b3b5c64b5a34445c82e4b644af6e653c256a57b040470e3e76ad3f79e33
nrf-evidence/zephyr-baseline/zephyr/include/generated/zephyr/syscalls/usb_bc12.h	5f57307cb5461cccb0f83a4f41a7cf2d1a52340a5f7bd9b004d76265ee32370a
nrf-evidence/zephyr-baseline/zephyr/include/generated/zephyr/syscalls/w1.h	d1619893aff1838fb6ec50f554fe95bc5a0b39f8292d395b98a8d52be540dc79
nrf-evidence/zephyr-baseline/zephyr/include/generated/zephyr/syscalls/watchdog.h	8b92be702693388147db10b734417886e5f0249a12fd7fcf30694ee268bdcfdc
nrf-evidence/zephyr-baseline/zephyr/include/generated/zephyr/version.h	253d4b4769374e72a307902a3d743d22a02d5404b57bfbb5daf11c3050ddc04d
nrf-evidence/zephyr-baseline/zephyr/isr_tables.c	d162acb1148472cd9f8d3ef47f4f4a76a655271ba49d8489f58c06a536b912e0
nrf-evidence/zephyr-baseline/zephyr/isr_tables_swi.ld	b8615c04f6ef48661afaaa61894cb0d2cdf0fe14ca0cfe1a338e72cd589d0320
nrf-evidence/zephyr-baseline/zephyr/isr_tables_vt.ld	b8615c04f6ef48661afaaa61894cb0d2cdf0fe14ca0cfe1a338e72cd589d0320
nrf-evidence/zephyr-baseline/zephyr/kconfig/sources.txt	f89e513ae6a751f237387c11df4a8bc586d8bcb3cda66fb70e2e166223833f07
nrf-evidence/zephyr-baseline/zephyr/kernel/CMakeFiles/kernel.dir/banner.c.obj	fc453ed61eac779af9a9d3bbb3b19c28bcc5dc5743264993b9792f85c1284589
nrf-evidence/zephyr-baseline/zephyr/kernel/CMakeFiles/kernel.dir/busy_wait.c.obj	7fd5218d976af04e792adf9296e95c126e2d59c3b28c5f486fa6e0fe275013ae
nrf-evidence/zephyr-baseline/zephyr/kernel/CMakeFiles/kernel.dir/condvar.c.obj	23ece53e3d919ab8d9133e6a0a6130e67c777742355dda397c62638aaa33ac74
nrf-evidence/zephyr-baseline/zephyr/kernel/CMakeFiles/kernel.dir/device.c.obj	dd34e13b7f7c72cbaede402e3c3f6f8a2ae7f725995046b67ae406071d796864
nrf-evidence/zephyr-baseline/zephyr/kernel/CMakeFiles/kernel.dir/dynamic_disabled.c.obj	e3a04d1b24eae7c5bac99dc1e3fc721291c2db6daea8b8a5cffe9f4f4bbf083b
nrf-evidence/zephyr-baseline/zephyr/kernel/CMakeFiles/kernel.dir/errno.c.obj	962036d99fa6861b3b501fe2ae84714a8bbb783d218b721598b2bf66545aea20
nrf-evidence/zephyr-baseline/zephyr/kernel/CMakeFiles/kernel.dir/fatal.c.obj	05a28325f23a1e8f0cae9068f20cbeb968aabfe448fa5894ce56adc30d75d5ed
nrf-evidence/zephyr-baseline/zephyr/kernel/CMakeFiles/kernel.dir/float.c.obj	9e3d27b4639677dd3668fef723635583ff85ec5dc73c932472cc90a628b6dc91
nrf-evidence/zephyr-baseline/zephyr/kernel/CMakeFiles/kernel.dir/idle.c.obj	e60e875af77dfe2afc930cedb91fec72c2636024a17fd320521a3d1737e56131
nrf-evidence/zephyr-baseline/zephyr/kernel/CMakeFiles/kernel.dir/init.c.obj	08a45a1f334fa0acbc30620e269fcb0b6ed9f5e7f61c2821dbd09a7d4219d0a6
nrf-evidence/zephyr-baseline/zephyr/kernel/CMakeFiles/kernel.dir/kheap.c.obj	04281518d358fb580f93fd620d6b3733925cb4ba973aa7177591d41da56b098d
nrf-evidence/zephyr-baseline/zephyr/kernel/CMakeFiles/kernel.dir/mailbox.c.obj	8243900871b95bb4326cfffac5d176f7e60ed8335bbc7490b3f3c901e09c4ea9
nrf-evidence/zephyr-baseline/zephyr/kernel/CMakeFiles/kernel.dir/main_weak.c.obj	a6ead8518fbc1b5d10860881868e117db5d3b9c21807a1e9e13be7875c6795d5
nrf-evidence/zephyr-baseline/zephyr/kernel/CMakeFiles/kernel.dir/mem_slab.c.obj	d6ff1015901e47b8c1f2bd465cb830650b622edcb3eb119d0b1cda6f69f1186d
nrf-evidence/zephyr-baseline/zephyr/kernel/CMakeFiles/kernel.dir/mempool.c.obj	ad98dab397befb918eb24ecddab22e8063aeca28ad18cd749d123c1eded1d726
nrf-evidence/zephyr-baseline/zephyr/kernel/CMakeFiles/kernel.dir/msg_q.c.obj	2d24750e187093ed85d5e096dfd745fbb67c00da1856e4b7a3c1f4ba71698a25
nrf-evidence/zephyr-baseline/zephyr/kernel/CMakeFiles/kernel.dir/mutex.c.obj	594316703def92338b1dcf10009ec7883dd771d1bf171117b61238dd07437c19
nrf-evidence/zephyr-baseline/zephyr/kernel/CMakeFiles/kernel.dir/pipe.c.obj	ec7fd4f7691cc408b2da6203b944bb0198e1da8143c5adeae454f5b17cef5499
nrf-evidence/zephyr-baseline/zephyr/kernel/CMakeFiles/kernel.dir/queue.c.obj	dbda74131450782659b39ef565976b9938976dcbf0d03145886447a891879680
nrf-evidence/zephyr-baseline/zephyr/kernel/CMakeFiles/kernel.dir/sched.c.obj	e9477e7a4579fbe947b5cadc71c846f44123f7da6695b41e973234398a52554b
nrf-evidence/zephyr-baseline/zephyr/kernel/CMakeFiles/kernel.dir/sem.c.obj	627633fa173cde640acccefce983e554fee464741b138d2e636d14afee78c3ba
nrf-evidence/zephyr-baseline/zephyr/kernel/CMakeFiles/kernel.dir/stack.c.obj	db57ffa9584e65bd65db30ae1ee1e47ce1446b4ab339b19da61489292d749a35
nrf-evidence/zephyr-baseline/zephyr/kernel/CMakeFiles/kernel.dir/system_work_q.c.obj	3aeb4c72d75ba8d1fe78e238aa5f2f5272bddf11106d01ea637b46e4fc6de823
nrf-evidence/zephyr-baseline/zephyr/kernel/CMakeFiles/kernel.dir/thread.c.obj	e9b66412140b344b9c15def72e0d34235ade2ffad38c44e36fc0de4d14b63a9c
nrf-evidence/zephyr-baseline/zephyr/kernel/CMakeFiles/kernel.dir/timeout.c.obj	a729c0a5f23ce4333b754f826325a438a5df285f59e4ed5c02e735d609962a9a
nrf-evidence/zephyr-baseline/zephyr/kernel/CMakeFiles/kernel.dir/timer.c.obj	10aa23143a3c96e4ff86b78a38a2aeffaeae9506222ec45de5c48a1f19412c89
nrf-evidence/zephyr-baseline/zephyr/kernel/CMakeFiles/kernel.dir/timeslicing.c.obj	f5af6dab4f84ce55504f019fb31a6492a0c8f5288c41a9ed2617179591258260
nrf-evidence/zephyr-baseline/zephyr/kernel/CMakeFiles/kernel.dir/version.c.obj	9b39fbb30772808568759aa1961ecf7ef5a51eac1bc69d5699d44d0cc4ae5c04
nrf-evidence/zephyr-baseline/zephyr/kernel/CMakeFiles/kernel.dir/work.c.obj	aecfaf376bd510a48714644d6fd5671eeb5efe1670edf4917b0bc3972a441f7f
nrf-evidence/zephyr-baseline/zephyr/kernel/cmake_install.cmake	644c2bb36ea6d8f0fe5fbcb939469d063bbcec74996f1a561591283f0fdb00ce
nrf-evidence/zephyr-baseline/zephyr/kernel/libkernel.a	4cdd1aaee732c6a39d2816af6e85718380d071672a4704a82b40be66cb738b27
nrf-evidence/zephyr-baseline/zephyr/lib/cmake_install.cmake	83071db25fcee7169a2d5766a67d8bc212bcebd43f4d0ccb5181349f070e28be
nrf-evidence/zephyr-baseline/zephyr/lib/hash/cmake_install.cmake	46314394d3a725246ba0c289340f82a09fe45effd6c342bf92a2472f77e3d2ab
nrf-evidence/zephyr-baseline/zephyr/lib/heap/cmake_install.cmake	d1983dba5a9cfde62bca86ca664fee4afffac0a6b2a66f7a65a337645afd22a4
nrf-evidence/zephyr-baseline/zephyr/lib/libc/cmake_install.cmake	bbe67b2da420a60cb6475a0bc162cb9cc2583d9f79f550c2843ee453d36b6abe
nrf-evidence/zephyr-baseline/zephyr/lib/libc/common/CMakeFiles/lib__libc__common.dir/source/stdlib/abort.c.obj	7d34dffc30e4f2061816044932d3dc6a106dc60c82c5e010c9600914b23b1e10
nrf-evidence/zephyr-baseline/zephyr/lib/libc/common/CMakeFiles/lib__libc__common.dir/source/stdlib/malloc.c.obj	46c300c2546533ef4caba43a80dfa017c9958d2e4197d35f2c2f1c1ce93798f7
nrf-evidence/zephyr-baseline/zephyr/lib/libc/common/CMakeFiles/lib__libc__common.dir/source/time/time.c.obj	006aa0517761008d0d285f79dbe608fc061b4244feacf3bcdb0c1272665a2f62
nrf-evidence/zephyr-baseline/zephyr/lib/libc/common/cmake_install.cmake	77cc991393b51fa3b0747b55dc16f52842d492d3c527343f01c6c8a147c76985
nrf-evidence/zephyr-baseline/zephyr/lib/libc/common/liblib__libc__common.a	b229a35b2a678fd06fffa45f20c694b3bbd436339bee73ae5326476254d53539
nrf-evidence/zephyr-baseline/zephyr/lib/libc/picolibc/CMakeFiles/lib__libc__picolibc.dir/assert.c.obj	e3f03488cab0684166fe909d83928c84bd01bc5d226c79e45dc354e0c9b8706d
nrf-evidence/zephyr-baseline/zephyr/lib/libc/picolibc/CMakeFiles/lib__libc__picolibc.dir/cbprintf.c.obj	59cce15530192912eb034cd1ac30fe79affea1f5b6db8139466c41cecd4ebaf2
nrf-evidence/zephyr-baseline/zephyr/lib/libc/picolibc/CMakeFiles/lib__libc__picolibc.dir/chk_fail.c.obj	5e148f39f3e6a8fdc080dd974d57fa47d3ad4c625a02d2fb0b3b18c0b4c88465
nrf-evidence/zephyr-baseline/zephyr/lib/libc/picolibc/CMakeFiles/lib__libc__picolibc.dir/errno_wrap.c.obj	15b957b861b58fbef15374adf7788cc36dff01df8a6b35ca803ad11b7eb228f0
nrf-evidence/zephyr-baseline/zephyr/lib/libc/picolibc/CMakeFiles/lib__libc__picolibc.dir/exit.c.obj	ddd201e76e3ed2faa5be4768d3fbed91b1c0e4d684f030790a2b027fc3bdf4b2
nrf-evidence/zephyr-baseline/zephyr/lib/libc/picolibc/CMakeFiles/lib__libc__picolibc.dir/locks.c.obj	dfeb9625e3cbe610849679a0e425fb4a41db1a7fa2f4f2629246ca021a830c02
nrf-evidence/zephyr-baseline/zephyr/lib/libc/picolibc/CMakeFiles/lib__libc__picolibc.dir/stdio.c.obj	63e2ccbe197009afdcd70ba4edbdd39d3efb7552b3ba712c1e75d9e2dd1823f5
nrf-evidence/zephyr-baseline/zephyr/lib/libc/picolibc/cmake_install.cmake	28f7129d217ca22cf2e4550f544c30452ae5abae3e128c1308df67a47e070574
nrf-evidence/zephyr-baseline/zephyr/lib/libc/picolibc/liblib__libc__picolibc.a	204a61f648b26490b9bc3ef71a379b8ac05c566b1e541549fbe6e4771f5aa119
nrf-evidence/zephyr-baseline/zephyr/lib/mem_blocks/cmake_install.cmake	47a6793a36650333801ff37c8cb23c3135711ccdc27e8b30b358c2315298767d
nrf-evidence/zephyr-baseline/zephyr/lib/midi2/cmake_install.cmake	670c95e7733bca9cb298ca6475f398203d20752cf1f9c440e1f39582c239ac61
nrf-evidence/zephyr-baseline/zephyr/lib/os/cmake_install.cmake	545a5edb66fe2b0131e6e4b97eb57f2a9e0c1d7ad738f775faa28f9e73323e0f
nrf-evidence/zephyr-baseline/zephyr/lib/posix/c_lang_support_r/cmake_install.cmake	6c2e2c761949511035278fbe3f08d33c3bb7a5c97a1d4d1e3f130046f4e5aee3
nrf-evidence/zephyr-baseline/zephyr/lib/posix/c_lib_ext/CMakeFiles/lib__posix__c_lib_ext.dir/fnmatch.c.obj	c14cdcefeb8922271c9705756a818bfb9cfcbae07733e69a913668995e2af40f
nrf-evidence/zephyr-baseline/zephyr/lib/posix/c_lib_ext/CMakeFiles/lib__posix__c_lib_ext.dir/getentropy.c.obj	27e401997bd5129edead72e428036c0866f999119a509c796469372776a65e97
nrf-evidence/zephyr-baseline/zephyr/lib/posix/c_lib_ext/CMakeFiles/lib__posix__c_lib_ext.dir/getopt/getopt.c.obj	ddd0600c3fdaa566f1dfd855ad491cdb156294653e42bf15a150ac706628375b
nrf-evidence/zephyr-baseline/zephyr/lib/posix/c_lib_ext/CMakeFiles/lib__posix__c_lib_ext.dir/getopt/getopt_common.c.obj	c2f6a11c9cc7ebde20e57b48cd508fc04a2c8ad83c6de4d1250ab0203d450863
nrf-evidence/zephyr-baseline/zephyr/lib/posix/c_lib_ext/cmake_install.cmake	b3168cc3eff8c3f7650367cb0b2d10e2719472cab8e1a7330c9c98cd87ff2a35
nrf-evidence/zephyr-baseline/zephyr/lib/posix/c_lib_ext/liblib__posix__c_lib_ext.a	c0868ba0bc94d4a02e74914df25b845d52b6f503db9d19f9239fa74998ca1d59
nrf-evidence/zephyr-baseline/zephyr/lib/posix/cmake_install.cmake	b47d405c7c75c6d3c1945c8a28b44758828ff958e52bfa3d8df957dfbc2e9c3b
nrf-evidence/zephyr-baseline/zephyr/lib/utils/cmake_install.cmake	4b7d5041ec3222dd6763f6b869989c92e3e9ab4fdf2c336ec7dc969749baa47e
nrf-evidence/zephyr-baseline/zephyr/lib/uuid/cmake_install.cmake	c9234cfbc0a6bb65e7a8d327376e770b5b60bd96fef514eeaf1efa1b113e5baa
nrf-evidence/zephyr-baseline/zephyr/libzephyr.a	3e6bcb72e6a60c30322d3c6e7708f2f358691305ad0be998e35e5f5815860323
nrf-evidence/zephyr-baseline/zephyr/linker.cmd	57225cd7e34a4e024706bcdb619ce91734334bbe98b9ec3307e4d9930bd39400
nrf-evidence/zephyr-baseline/zephyr/linker.cmd.dep	ef3c02c141cfe856953815377b2ded695404eb1aceeaf54708fd59bab6015a31
nrf-evidence/zephyr-baseline/zephyr/linker_zephyr_pre0.cmd	20fada1c15f6decb22d94c1587634b08d7a280247f8c93f018fa6efbb2e999e1
nrf-evidence/zephyr-baseline/zephyr/linker_zephyr_pre0.cmd.dep	9f6b9de94f2b92ffb95dda28f70a2fd2bdb32a3aebc2f40f6a39200de26fd839
nrf-evidence/zephyr-baseline/zephyr/misc/generated/configs.c	b743bfc5eed1b758c9619311428c9002afa6698d9e4526ace40efc821e898bab
nrf-evidence/zephyr-baseline/zephyr/misc/generated/struct_tags.json	be1955497c3430f67eef51bf8a83c6d2febcdcf4898e4838fc18d0660046470c
nrf-evidence/zephyr-baseline/zephyr/misc/generated/syscalls.json	924d1bced514cf5704881ba1a7d51a3dae003eb2e37a91eccfd4c1e56818d4bf
nrf-evidence/zephyr-baseline/zephyr/misc/generated/syscalls_file_list.txt	622347c5d668b9753c1c1c70affa958e45793e51e91f0405814c0e9de249af03
nrf-evidence/zephyr-baseline/zephyr/misc/generated/syscalls_subdirs.trigger	e3b0c44298fc1c149afbf4c8996fb92427ae41e4649b934ca495991b7852b855
nrf-evidence/zephyr-baseline/zephyr/misc/generated/syscalls_subdirs.txt	c0abc39350195558fb64f93b7827091a830f892347e0c13ebbf097ec7f7eacef
nrf-evidence/zephyr-baseline/zephyr/runners.yaml	c9b0d084ae7ea4a43027b51e2ed0f0fa810794ff46d8d908d7e62d1054758aad
nrf-evidence/zephyr-baseline/zephyr/snippets_generated.cmake	831e032c1e9bd0b77d6ea7198843ba55f06beba8275bf860b9ffb047451684a3
nrf-evidence/zephyr-baseline/zephyr/soc/cmake_install.cmake	898efe7c3c2deaf072eb83eabf48c8d83291219b3c625e27c56eb1b9f2fe2c29
nrf-evidence/zephyr-baseline/zephyr/soc/common/cmake_install.cmake	256fbf2a7966c3e175ffa76ce1938c4f24d0724b4783dfd556bbf9110eaaa7ba
nrf-evidence/zephyr-baseline/zephyr/soc/soc/nrf52840/CMakeFiles/soc__nordic.dir/common/reboot.c.obj	452a346d35e91ac883371f604ce5e1f19293cea8b95b3f58d6724e10beadd6dc
nrf-evidence/zephyr-baseline/zephyr/soc/soc/nrf52840/CMakeFiles/soc__nordic.dir/nrf52/soc.c.obj	e99c4d32222d1e0cf895b70c1bd3dbfac7bb6aff834192bc41b7d00911e6230c
nrf-evidence/zephyr-baseline/zephyr/soc/soc/nrf52840/CMakeFiles/soc__nordic.dir/validate_base_addresses.c.obj	e4072923df1c3a3732e9da6156585f4ee34138923d8721b63cc8fe0acfe6a243
nrf-evidence/zephyr-baseline/zephyr/soc/soc/nrf52840/CMakeFiles/soc__nordic.dir/validate_binding_headers.c.obj	286d7b960c8e27ec2eac6bb52b48db8bd578f63d196a237c4229ac3b8d6f37df
nrf-evidence/zephyr-baseline/zephyr/soc/soc/nrf52840/CMakeFiles/soc__nordic.dir/validate_enabled_instances.c.obj	81c004a60673317757b7a346458f84ef955e00383857e838d36587d3c5667ff3
nrf-evidence/zephyr-baseline/zephyr/soc/soc/nrf52840/cmake_install.cmake	d01ea7d15396be2fe42d8002049e066c6b4f35af85cdfd11ebaca79a60be8305
nrf-evidence/zephyr-baseline/zephyr/soc/soc/nrf52840/common/cmake_install.cmake	e730d7d72aba7eb28284addeff84983cae31dc0b17e0e886c726cd06aa31fade
nrf-evidence/zephyr-baseline/zephyr/soc/soc/nrf52840/common/uicr/cmake_install.cmake	f96d08364665e73e56642da41bc457cd4109b62e9674a89538ab8a124a3e3b4b
nrf-evidence/zephyr-baseline/zephyr/soc/soc/nrf52840/libsoc__nordic.a	e31b77016ba3588e1908b66ece64288873f48285d7187e718ec5866c1982dd0d
nrf-evidence/zephyr-baseline/zephyr/soc/soc/nrf52840/nrf52/cmake_install.cmake	ddf49f0134f26d5bb1f62bafdca115edde4017ad38966e161336dac3867bb3a8
nrf-evidence/zephyr-baseline/zephyr/subsys/canbus/cmake_install.cmake	02d81e117043548356443fc81c2b0b7660105fa6cf9c5c003aeffddec3c02c1f
nrf-evidence/zephyr-baseline/zephyr/subsys/cmake_install.cmake	5665f5a71a1a8302efcf92af0b4fce21f156c673006daf5aedd9b8d0afc7b2c9
nrf-evidence/zephyr-baseline/zephyr/subsys/debug/cmake_install.cmake	4abb7f0832d2e8a1e2a6974824a2bfd3a61b9316bc45d6b45eb7ca1b0c6a2ce2
nrf-evidence/zephyr-baseline/zephyr/subsys/fb/cmake_install.cmake	89d97e4b75a07f42b841071734ff78aa8c5beb8e7156ec8b76d976ff195963e9
nrf-evidence/zephyr-baseline/zephyr/subsys/fs/cmake_install.cmake	93fcbd23b81bfeb804c697ce40f713c7db198227019f20c94b805239d90bee9e
nrf-evidence/zephyr-baseline/zephyr/subsys/gnss/cmake_install.cmake	e57f0ee9eb3933a8ad1bad01a286e6338e465a0722bcbcf6d244938aa0235926
nrf-evidence/zephyr-baseline/zephyr/subsys/instrumentation/cmake_install.cmake	00d0aa93b3d876695b2828ddd43fd705ddb0a21289a22f7549c4c8d8be2e31d4
nrf-evidence/zephyr-baseline/zephyr/subsys/ipc/cmake_install.cmake	3533952bbf7611c04679a44186e049b9d441b266eb65bf0efa72db9a3c412bd9
nrf-evidence/zephyr-baseline/zephyr/subsys/logging/backends/cmake_install.cmake	c4921b36b6fbfb8017fec5a7ec38a257af40bfc00ec62c212c6abeb95ac77cae
nrf-evidence/zephyr-baseline/zephyr/subsys/logging/cmake_install.cmake	cd50716a79b3dc0264f32caaefde0aba53ec2119dd1f7f95504a66cf972f779f
nrf-evidence/zephyr-baseline/zephyr/subsys/logging/frontends/cmake_install.cmake	9ceb68777f62c3fcb1b69a170ca1e38e4f610fc42931dd53f4f2a040ada7bb23
nrf-evidence/zephyr-baseline/zephyr/subsys/mem_mgmt/cmake_install.cmake	14a8637cc44e526fcaa03c6323370d44176930414ef48e22486c0d2992d8d667
nrf-evidence/zephyr-baseline/zephyr/subsys/mgmt/cmake_install.cmake	57dfd90e8d65b2a2261d4074536510f11d21580d95646fff5f9d3408f26d8833
nrf-evidence/zephyr-baseline/zephyr/subsys/modbus/cmake_install.cmake	9a84293d19959c2fe21ce59a197397266ad8ffd59224451756c1257167d2293e
nrf-evidence/zephyr-baseline/zephyr/subsys/pm/cmake_install.cmake	db3fa8cf94701b48bd5d90cc199fa30a45a29e9db4217a806dd0074f23539d0c
nrf-evidence/zephyr-baseline/zephyr/subsys/pm/policy/cmake_install.cmake	0e3de50e3ba3f4aace2cbd991b669ae99de4f0f44d205994b3fdba0a9a3aeb0a
nrf-evidence/zephyr-baseline/zephyr/subsys/pmci/cmake_install.cmake	13a78b00327a045b0ac94ad13ae85c16579afcb3f8ece1d330728dbe5f696fa5
nrf-evidence/zephyr-baseline/zephyr/subsys/portability/cmake_install.cmake	e51f0b0832d4b69e8284a1da342fe47e4de08c07d1c1a2f9fb99c8886afb4adf
nrf-evidence/zephyr-baseline/zephyr/subsys/random/cmake_install.cmake	922252eb6efc97319a8815f199fc23eb28e0da400ee7c1ac0332e13210c13490
nrf-evidence/zephyr-baseline/zephyr/subsys/rtio/cmake_install.cmake	90bd0bb14ddd1945c0e0a504e8b2619dcfc3b7e9fbc4f8e29c227e61fcc346fd
nrf-evidence/zephyr-baseline/zephyr/subsys/sd/cmake_install.cmake	14f31bd468d03ca6982e0a0729d78a20a6c95598360df2a4d1f3cd76fead718c
nrf-evidence/zephyr-baseline/zephyr/subsys/stats/cmake_install.cmake	8936691a81749647e0c0db0baa4735047e0b4cf64d918285ef203d48a6c5f77d
nrf-evidence/zephyr-baseline/zephyr/subsys/storage/cmake_install.cmake	4eedb8c2dff64267fc3afbba7212fa7d889c1bc76a52c5184b75aff9b01bb8af
nrf-evidence/zephyr-baseline/zephyr/subsys/task_wdt/cmake_install.cmake	0361ab123ed113d57da64d892114d85baeccfa3290c120c3858f76df245cadfb
nrf-evidence/zephyr-baseline/zephyr/subsys/testsuite/cmake_install.cmake	9122131889a69b663a9cf66d3c237b8d95e18ad852e635fd168d11a02f67421f
nrf-evidence/zephyr-baseline/zephyr/subsys/tracing/cmake_install.cmake	e3ff87c70cff70e300f8a40510d16c4e0224963622374107433bd88455be3669
nrf-evidence/zephyr-baseline/zephyr/subsys/usb/cmake_install.cmake	ea9ce74e026a3dc49d803b04c53213f3ffc5b0979b9dee5fdc12498be45db284
nrf-evidence/zephyr-baseline/zephyr/syscall_weakdefs_llext.c	7d70f19903ab82dc62c5a3e7ca58f858734009fa220fe11809eadc300f3db16d
nrf-evidence/zephyr-baseline/zephyr/zephyr.bin	b8f772d90855fc7701adadc3c26d55164077d695a1465cd430940dd369b27277
nrf-evidence/zephyr-baseline/zephyr/zephyr.dts	ab856f2e1c1942f3f4d9d997ed3a062c54e5b2012db5100ae49001705f6f0cea
nrf-evidence/zephyr-baseline/zephyr/zephyr.dts.d	e5dc41f6fbe53c2c9e12b48515642cb5d19bb9e32a36f222f37b39f3df52f555
nrf-evidence/zephyr-baseline/zephyr/zephyr.dts.pre	f8fc55ceec28d4f00d61f9cc02851007b6ccdbcaef38a43f109df8634cb49066
nrf-evidence/zephyr-baseline/zephyr/zephyr.elf	ed97251bb365778479b1a2c9882b1f4038c19a720cc6da83fdfed215e29bbe82
nrf-evidence/zephyr-baseline/zephyr/zephyr.hex	0ef3fd653935029b446a05871c67d83d255699d15bb3f5a9302d1b40d1196f0e
nrf-evidence/zephyr-baseline/zephyr/zephyr.map	817dbaf9341ad4028d78c8cbfba4e025eb312fa4e2fcea5b735ff60827d18d3e
nrf-evidence/zephyr-baseline/zephyr/zephyr.stat	be0fc32d75a0b0c5fe2c2602ad994344ad1cc8e8764df7e696ee5c3a7b12243c
nrf-evidence/zephyr-baseline/zephyr/zephyr_final.map	817dbaf9341ad4028d78c8cbfba4e025eb312fa4e2fcea5b735ff60827d18d3e
nrf-evidence/zephyr-baseline/zephyr/zephyr_pre0.elf	c11b12557425b73dc0879ed2240918936b1454c68db29921880beb6ab2209699
nrf-evidence/zephyr-baseline/zephyr/zephyr_pre0.map	eed460ded2aaf250fbe56a7de36575640c633fd86f821d01be6a62bee9244fa0
nrf-evidence/zephyr-baseline/zephyr_modules.txt	4e59cebd26002c9ab63342ba0a3d9f8910dca953c73b5e054079e400033ccafa
nrf-evidence/zephyr-baseline/zephyr_settings.txt	ee1ccb96f462d4c661e81d5410888314870a52bd71b57701b5f7a46aa95a1d49
nrf-evidence/zephyr-candidate/CMakeCache.txt	0f3635a2e3b009d5487d4703b310c9ac86d8b528930c06f46ce3f83780d75231
nrf-evidence/zephyr-candidate/CMakeFiles/4.4.2/CMakeASMCompiler.cmake	b6f314a1a43d9d2ede9f43ad0c9ea2cc2f19700adf151dca93cece3f50a69ce8
nrf-evidence/zephyr-candidate/CMakeFiles/4.4.2/CMakeCCompiler.cmake	b882ccbbcc16d8ad365ebb5dd83228365dc11c6465356d205998544ddff87cdb
nrf-evidence/zephyr-candidate/CMakeFiles/4.4.2/CMakeCXXCompiler.cmake	5356019b97c2337c5ff1a5e37797e32cd79f8dee09b92090791f6bf0f872ccae
nrf-evidence/zephyr-candidate/CMakeFiles/4.4.2/CMakeSwiftCompiler.cmake	2e26869285c619fbf76301083e356a9e30564431b40173ee1f33c8bd8a680472
nrf-evidence/zephyr-candidate/CMakeFiles/4.4.2/CMakeSystem.cmake	c776de23d2e2fd1229957964882f385c16fae85a53561cf15ae121e25bbc86b3
nrf-evidence/zephyr-candidate/CMakeFiles/4.4.2/CompilerIdC/CMakeCCompilerId.c	6ccdb729a0b1d02ba3d9b57e617d311fbac288d9c0d32416c048ef044157f041
nrf-evidence/zephyr-candidate/CMakeFiles/4.4.2/CompilerIdC/CMakeCCompilerId.o	93e7f8559bf4db927eb6ee08635cffa5c7cdecd7c88fe060562a4cde2e511f7a
nrf-evidence/zephyr-candidate/CMakeFiles/4.4.2/CompilerIdCXX/CMakeCXXCompilerId.cpp	5b0cbdb2a0d0a5b91a89026321eb0202fdecb22328eb5c668566ce5cb17e3cd2
nrf-evidence/zephyr-candidate/CMakeFiles/4.4.2/CompilerIdCXX/CMakeCXXCompilerId.o	5698e7e796c93c783a07919bbd02dc0c3eff2cdd61afac43f0da5a63827314fc
nrf-evidence/zephyr-candidate/CMakeFiles/4.4.2/CompilerIdSwift/CompilerId/main.swift	c5b473220a38897bb1ff9d0c882fde04e17f6e3dcf61021f0eca136c80d2edb6
nrf-evidence/zephyr-candidate/CMakeFiles/4.4.2/SwiftCompilerDriver/lib.in	01ba4719c80b6fe911b091a7c05124b64eeece964e09c058ef8f9805daca546b
nrf-evidence/zephyr-candidate/CMakeFiles/4.4.2/SwiftCompilerDriver/main.swift	18a6066e8dd25f6d99b3274b3232ebae6750fc8d1637729125863d7919df784f
nrf-evidence/zephyr-candidate/CMakeFiles/CMakeConfigureLog.yaml	7845b29fa6704785a15486ad332149e40a2f4e15b9fe4ca86a695d496850e2cf
nrf-evidence/zephyr-candidate/CMakeFiles/InstallScripts.json	acd0764ced3414f8736778a06b41061bff409cfe9fcae275d1ee1357c484a9f4
nrf-evidence/zephyr-candidate/CMakeFiles/TargetDirectories.txt	4a9af12e74ff6c2a626d568ae15bbab3e156abfcfd5c495ed8a7e380146e037b
nrf-evidence/zephyr-candidate/CMakeFiles/app.dir/src/main.c.obj	f49dc4e16895bcc7d3f1e63a675d58bd2f004704aa8f912ebb6c3b6631406ac9
nrf-evidence/zephyr-candidate/CMakeFiles/app.dir/src/stubs.c.obj	da13449bbf847a517ee37186ec2a49a18ea0cb33b729a7e2669e96b04c921ac8
nrf-evidence/zephyr-candidate/CMakeFiles/app_swift.dir/output-file-map.json	a9a32e125041f9eea37af9f66a924a26b5c32ec97db0528fa48f09ad9a2e163c
nrf-evidence/zephyr-candidate/CMakeFiles/app_swift.dir/src/BackendProbe.swift.obj	ced4f036b52e37ea8dbe80ae87ab8475b98a9daca2c668e9d614090d36432fe8
nrf-evidence/zephyr-candidate/CMakeFiles/clean_additional.cmake	86262331788e5973582797ed60ac463c4d9ab58ed6e8b7a83fa1ce27bc6a1081
nrf-evidence/zephyr-candidate/CMakeFiles/cmake.check_cache	a26189e394421da57f45706a07713c5720acd200a41711b0c0c590c3c63371c4
nrf-evidence/zephyr-candidate/CMakeFiles/rules.ninja	20e0b3af28a07263023a32da88049c32ddf25015350c81494461f4d6406d0cba
nrf-evidence/zephyr-candidate/Kconfig/Kconfig.dts	30e5a7db1a5d45590ab696be7ac90ca75f0c87c772b8ebaef59e1727e3947aff
nrf-evidence/zephyr-candidate/Kconfig/Kconfig.modules	0fc45ffec59cc40ac992e8133bd58461595acd1bd7d028e0703b07d76afc68c3
nrf-evidence/zephyr-candidate/Kconfig/Kconfig.sysbuild.modules	d0afd39bac6af27b8948b47d78b5c89780acbd4f0a4d20845a820d585ae7a93b
nrf-evidence/zephyr-candidate/Kconfig/arch/Kconfig	4d24cb17ed9376f90006fcabe28464e6c3ad8b5023cf61afde285879e7c274a0
nrf-evidence/zephyr-candidate/Kconfig/boards/Kconfig	88d41b412935ee19530b3a3125fa1fb5ce5e92f227174b5b25f9a93f5a96b3f5
nrf-evidence/zephyr-candidate/Kconfig/boards/Kconfig.defconfig	a9584c8a4a246635f5a13a44a5c28ecba493745e75717e8dbd7306d73c10e71b
nrf-evidence/zephyr-candidate/Kconfig/boards/Kconfig.nrf52840dk	0b504ca4a91a2654980742076734eb49fca04aa5c861a710de5df312a172acb9
nrf-evidence/zephyr-candidate/Kconfig/boards/Kconfig.sysbuild	1694a61cec96a32f1aecdc5524552c2cd8107195280a870a8cc2cded5ba16b27
nrf-evidence/zephyr-candidate/Kconfig/kconfig_module_dirs.cmake	1f3f294a247ebb56bdd20df863fb3a4ed7207a929bf1abd0434792c3181d6ed4
nrf-evidence/zephyr-candidate/Kconfig/kconfig_module_dirs.env	200c2f7b1fbd22db453af4e37a9f511733677a26d4cf3b8b67cd2c3621086aed
nrf-evidence/zephyr-candidate/Kconfig/soc/Kconfig	088df84d2fa004901f021dd63dbbad3bedb61317c41f930a0152b8e077cb926d
nrf-evidence/zephyr-candidate/Kconfig/soc/Kconfig.defconfig	00f8d1cc5da3e3b174b27309ff23024c56a6281140cc45f8e60f19a1a977f022
nrf-evidence/zephyr-candidate/Kconfig/soc/Kconfig.soc	353a2de9c3bcf8cec1c3c34085111bdc53cac1ce7c160601a3c1bd9792362fb1
nrf-evidence/zephyr-candidate/Kconfig/soc/Kconfig.sysbuild	b45e64b13fe88539dc11960ef945c074fdb623c87222a7699166e75d80d96147
nrf-evidence/zephyr-candidate/app/libapp.a	cff4d0332ff134069f12051a8224b98af3545f68526fa3ecefd73cd908a09fcb
nrf-evidence/zephyr-candidate/app_swift.swiftdoc	f4e8e43606e28180910e72dd382ced142fef65514a166739b3602f761f386b1c
nrf-evidence/zephyr-candidate/app_swift.swiftmodule	144b306aa1c3fdebed3303f468f1e17b3352ef1cb70802ba1d18a57c741c1c5e
nrf-evidence/zephyr-candidate/app_swift.swiftsourceinfo	8b02a4cce2155009c6b630802732d4ec3d143d8dc0d035391020fbe755f828af
nrf-evidence/zephyr-candidate/build.ninja	d9f727a89bb1186e53eb6782b67eb042a3eab126406d2ee42d8b85ab8b47af3d
nrf-evidence/zephyr-candidate/build_info.yml	1fc08d13df7bf3024b9cd8728afed6ac1b2abfa6a046eb47544921b41ed591ef
nrf-evidence/zephyr-candidate/build_info.yml.bak	0743b352b722ae20a458f38f16e28424e2875cbe46cb63aff92c4f2b38b886b3
nrf-evidence/zephyr-candidate/cmake_install.cmake	96395dba788188f1d2d0d593e15a1b7ec13fd4b8cbd18308f907c9ef98cc930b
nrf-evidence/zephyr-candidate/compile_commands.json	9cb9d10c03cdf6c8d3a47069ee339a960ded1dc99d1708ae488916d87196bc93
nrf-evidence/zephyr-candidate/modules/cmsis/cmake_install.cmake	79e4a228cb6ab26224ddc05489a7c2c315338fa720a272e7688eb33ff6ffe8ff
nrf-evidence/zephyr-candidate/modules/cmsis_6/cmake_install.cmake	6d984d071d3aaddfb77688610ffbe1bafc159cb2f236600ac4b340247d6b7239
nrf-evidence/zephyr-candidate/modules/cmsis_6/cmsis_6/CMSIS/Core/cmake_install.cmake	8ea2b90ddb50d6f8683888bf0c4a039644325aa0720c70055d2d597e1fef808c
nrf-evidence/zephyr-candidate/modules/cmsis_6/cmsis_6/CMSIS/cmake_install.cmake	70b54c49b50fc39dcdbb1edacd8acc762dc0c2476c989538086dbdf542e5db4f
nrf-evidence/zephyr-candidate/modules/cmsis_6/cmsis_6/cmake_install.cmake	ef574d18aa1e5a0f03b815ede45299f94ca34ef6d7c372a1f1331d6808de3bb8
nrf-evidence/zephyr-candidate/modules/hal_nordic/cmake_install.cmake	fb7a3fca79e02948c7570ea83801b8fddcbe5576c219717a13509a0af6b94062
nrf-evidence/zephyr-candidate/modules/hal_nordic/nrfx/CMakeFiles/nrfx.dir/nrfx_glue.c.obj	960a060cffff311ea4839d1f13a845f20c8f1a18ff1a82c2d8bb2641eb871186
nrf-evidence/zephyr-candidate/modules/hal_nordic/nrfx/cmake_install.cmake	a44cd11ba61bf19fadb214b49ed7d85a73c568bedc6b7c25916f8d20771c16f9
nrf-evidence/zephyr-candidate/modules/hal_nordic/nrfx/libnrfx.a	3a7a1b7fd83196d8ce93a30825bb65f31cbdbd22e5c0f095a05112964ec64750
nrf-evidence/zephyr-candidate/modules/segger/cmake_install.cmake	a3dbf92ec042ffc58bff9b43bfa1fe09262c5ccb44f51de9fdfce682dff7ae66
nrf-evidence/zephyr-candidate/sysbuild_modules.txt	e3b0c44298fc1c149afbf4c8996fb92427ae41e4649b934ca495991b7852b855
nrf-evidence/zephyr-candidate/zephyr/CMakeFiles/offsets.dir/arch/arm/core/offsets/offsets.c.obj	09408f92955c66d9f442988f802f70a361173b967c85f245320580f7b0596bc3
nrf-evidence/zephyr-candidate/zephyr/CMakeFiles/zephyr.dir/lib/heap/heap.c.obj	a1c5e4a278779e045ebd362fa7fbb7eb9d99d93928cac7b801165019628dffe9
nrf-evidence/zephyr-candidate/zephyr/CMakeFiles/zephyr.dir/lib/libc/validate_libc.c.obj	a1b91b41c9ef79df21b410660097cb5c34b4a5056863c0d8e6b042ab2bc87818
nrf-evidence/zephyr-candidate/zephyr/CMakeFiles/zephyr.dir/lib/os/assert.c.obj	e11096990e1738aa5d8698e3e0f6eb7f91f56704776a6015518e20a51652f4da
nrf-evidence/zephyr-candidate/zephyr/CMakeFiles/zephyr.dir/lib/os/cbprintf_complete.c.obj	1e9b33355d7337542f8ed191e714c5f61ed2c0422e77d14a330be70a67647fc7
nrf-evidence/zephyr-candidate/zephyr/CMakeFiles/zephyr.dir/lib/os/cbprintf_packaged.c.obj	9cdf709c579afea34ddc960728b43b980fb5092fd3214e9f11bacd195845432b
nrf-evidence/zephyr-candidate/zephyr/CMakeFiles/zephyr.dir/lib/os/clock.c.obj	e8268148ccfb4016c068df8d6bdb25c0edb96469553e92837a7690c68853eb9b
nrf-evidence/zephyr-candidate/zephyr/CMakeFiles/zephyr.dir/lib/os/printk.c.obj	c4d5b166b94c0868c6529d38b457edff697fd1d03545134c1d0838b4350b442c
nrf-evidence/zephyr-candidate/zephyr/CMakeFiles/zephyr.dir/lib/os/sem.c.obj	8900a127e0a13fff1d043bd22e65ae3aa777a9710e43dd80c652292002f7e85c
nrf-evidence/zephyr-candidate/zephyr/CMakeFiles/zephyr.dir/lib/os/thread_entry.c.obj	bd385ad92ca514a6a7a07609da70284fc541a0d4253bdfcd0642f2c983c98b91
nrf-evidence/zephyr-candidate/zephyr/CMakeFiles/zephyr.dir/lib/utils/bitarray.c.obj	10c6753fe5c9af38e330ce398c75c085ab0120603c2ee902bf66cae8e0ba0aba
nrf-evidence/zephyr-candidate/zephyr/CMakeFiles/zephyr.dir/lib/utils/bitmask.c.obj	07618aaccfc73ae44a97cd8d6a21548fa4f434e55c2f358ff8c31c2a2a988acc
nrf-evidence/zephyr-candidate/zephyr/CMakeFiles/zephyr.dir/lib/utils/dec.c.obj	38170f1f6502e29e1f398e7ab9d2225bc2569f25e43c6e64564aad7bb55203bd
nrf-evidence/zephyr-candidate/zephyr/CMakeFiles/zephyr.dir/lib/utils/hex.c.obj	fc44a351bfe0dbc083854047384b94ae13165c3309cc94ecc3c12fd258359363
nrf-evidence/zephyr-candidate/zephyr/CMakeFiles/zephyr.dir/lib/utils/last_section_id.c.obj	afa391514e2596d34d740233dff2a317bc58ca561755d85c66ef23ee0ee87d82
nrf-evidence/zephyr-candidate/zephyr/CMakeFiles/zephyr.dir/lib/utils/notify.c.obj	49bb5e4df9c86ea1ec77da9c5ccec2646b917faa3ecd1c53986cf0e367e1a95b
nrf-evidence/zephyr-candidate/zephyr/CMakeFiles/zephyr.dir/lib/utils/onoff.c.obj	28c5cd5f6392ec016d12b88eea82157c97a8b79af5b40ab272fbaf9257f04bd6
nrf-evidence/zephyr-candidate/zephyr/CMakeFiles/zephyr.dir/lib/utils/rb.c.obj	e2ccde288e49cede6d89eb5db3b9d122c74768b9a7b7d4cfe8441b23e4fcd199
nrf-evidence/zephyr-candidate/zephyr/CMakeFiles/zephyr.dir/lib/utils/ring_buffer.c.obj	1c27c4d523b233919e88ff74a116308c4a4544fc325c16f36e47d7816e676f08
nrf-evidence/zephyr-candidate/zephyr/CMakeFiles/zephyr.dir/lib/utils/timeutil.c.obj	a25980b5f2a7a1c8f7072f5438313c9dc37e9f8c8d301e9a8a211e0730a41ac2
nrf-evidence/zephyr-candidate/zephyr/CMakeFiles/zephyr.dir/misc/generated/configs.c.obj	807a7040de10d58f6e98fc33993710da409bf3e81739bd960369d9fee0ffdeba
nrf-evidence/zephyr-candidate/zephyr/CMakeFiles/zephyr.dir/subsys/mem_mgmt/mem_attr.c.obj	1e01888fe0846fadbf41206bbd0a96c2acb006f2c418017b8ad3d242eeef1ee7
nrf-evidence/zephyr-candidate/zephyr/CMakeFiles/zephyr.dir/subsys/tracing/tracing_none.c.obj	46e1a18369a83e2c5d0fa4e1c36fba45c45cb94c2d929beb3450652d4d25df49
nrf-evidence/zephyr-candidate/zephyr/CMakeFiles/zephyr_final.dir/isr_tables.c.obj	831d0e2c1620816601a3430d8639a83379915133beced08aa8cdec6fb68e4d7a
nrf-evidence/zephyr-candidate/zephyr/CMakeFiles/zephyr_final.dir/misc/empty_file.c.obj	2ea8dcb761db6f7a42134d354c100fa28a1ac805d819d339bc736c2e6de6ffc3
nrf-evidence/zephyr-candidate/zephyr/CMakeFiles/zephyr_pre0.dir/misc/empty_file.c.obj	2ea8dcb761db6f7a42134d354c100fa28a1ac805d819d339bc736c2e6de6ffc3
nrf-evidence/zephyr-candidate/zephyr/arch/arch/arm/cmake_install.cmake	dd2ff81ea0598416a09c36d6281954251521a0feeb3345600dffe08084fe6b76
nrf-evidence/zephyr-candidate/zephyr/arch/arch/arm/core/CMakeFiles/arch__arm__core.dir/fatal.c.obj	2c41bd42432461a8a1ed8513bf323b74c75207fea65cdd25bad08e16357f8389
nrf-evidence/zephyr-candidate/zephyr/arch/arch/arm/core/CMakeFiles/arch__arm__core.dir/nmi.c.obj	36087852381bad661fe617ad9b356887a5c13c85596616ac11f794d32e48aa23
nrf-evidence/zephyr-candidate/zephyr/arch/arch/arm/core/CMakeFiles/arch__arm__core.dir/nmi_on_reset.S.obj	8055064e91786c89a5af7381dd189d4dd0cb621850cf8abaeb28ec84a055c4c3
nrf-evidence/zephyr-candidate/zephyr/arch/arch/arm/core/CMakeFiles/arch__arm__core.dir/tls.c.obj	497a6d7e991dd491dc8c62ce1731a75132d64ef072779611cdb798299e9e6347
nrf-evidence/zephyr-candidate/zephyr/arch/arch/arm/core/cmake_install.cmake	57f0d8b46fe16ecca360b54d715a6fb245793176b61c61955de0e92b1ca20d3e
nrf-evidence/zephyr-candidate/zephyr/arch/arch/arm/core/cortex_m/CMakeFiles/arch__arm__core__cortex_m.dir/__aeabi_read_tp.S.obj	5829c29a0e213f82e164676d71d1e659ca2198625931c8cbac1db6c0a50c11d5
nrf-evidence/zephyr-candidate/zephyr/arch/arch/arm/core/cortex_m/CMakeFiles/arch__arm__core__cortex_m.dir/cpu_idle.c.obj	f5310438ef5bb9c39b540f07c5737f7929790c43f997740a641b6c2da0593922
nrf-evidence/zephyr-candidate/zephyr/arch/arch/arm/core/cortex_m/CMakeFiles/arch__arm__core__cortex_m.dir/exc_exit.c.obj	4250d35144aa1fa9affcca2730b2acb0b61fcd4a187a438d7a77faaf894cb72f
nrf-evidence/zephyr-candidate/zephyr/arch/arch/arm/core/cortex_m/CMakeFiles/arch__arm__core__cortex_m.dir/fault.c.obj	0f05e36d04c359e55bacb3c9b4bdfcc21187f2a93e2705b7869b1b4563fa0d32
nrf-evidence/zephyr-candidate/zephyr/arch/arch/arm/core/cortex_m/CMakeFiles/arch__arm__core__cortex_m.dir/fault_s.S.obj	c5c3513745e022df4eb23b6af43fe29d7589bc7763536846ebf947b923ea576e
nrf-evidence/zephyr-candidate/zephyr/arch/arch/arm/core/cortex_m/CMakeFiles/arch__arm__core__cortex_m.dir/fpu.c.obj	f0afcd66c20d83b6a04b64628be0dac37f388aa2a8ff0ed6c0b4fc286e358964
nrf-evidence/zephyr-candidate/zephyr/arch/arch/arm/core/cortex_m/CMakeFiles/arch__arm__core__cortex_m.dir/irq_init.c.obj	1054a64bf5d4f784e5fffb00d4514bbc2661c7083638bd056cd41aaa3a19a8cc
nrf-evidence/zephyr-candidate/zephyr/arch/arch/arm/core/cortex_m/CMakeFiles/arch__arm__core__cortex_m.dir/irq_manage.c.obj	908f661c5965a53f43c9fa532bc95014e0f153062ed82a3e769419cb4b988eb9
nrf-evidence/zephyr-candidate/zephyr/arch/arch/arm/core/cortex_m/CMakeFiles/arch__arm__core__cortex_m.dir/isr_wrapper.c.obj	ef6797a687c24d9708f78b897bd25ab3bfe786ea4266224b00b161b8db538553
nrf-evidence/zephyr-candidate/zephyr/arch/arch/arm/core/cortex_m/CMakeFiles/arch__arm__core__cortex_m.dir/prep_c.c.obj	c69b5110e18aec97340351c836b7eaf63c6bdfb65609ce37413c8527de0c7a86
nrf-evidence/zephyr-candidate/zephyr/arch/arch/arm/core/cortex_m/CMakeFiles/arch__arm__core__cortex_m.dir/reset.S.obj	b6c30081f4ed4dc7ee6581feee69f46a3cb0f7ad389f52ea38a150b0aad1a8ea
nrf-evidence/zephyr-candidate/zephyr/arch/arch/arm/core/cortex_m/CMakeFiles/arch__arm__core__cortex_m.dir/scb.c.obj	a819ffb1d92b6a3198e8a1042000292a903e034d5ab5bbcf782c48d9f971bb10
nrf-evidence/zephyr-candidate/zephyr/arch/arch/arm/core/cortex_m/CMakeFiles/arch__arm__core__cortex_m.dir/swap_helper.S.obj	8bd0b363c0512b77d6ef37703a06c162001842d69e45b1ef530a626cc021ed0b
nrf-evidence/zephyr-candidate/zephyr/arch/arch/arm/core/cortex_m/CMakeFiles/arch__arm__core__cortex_m.dir/thread.c.obj	c1408b020037222a9341eed65ac8f4efe7b5468b88b721d685410961be03ae57
nrf-evidence/zephyr-candidate/zephyr/arch/arch/arm/core/cortex_m/CMakeFiles/arch__arm__core__cortex_m.dir/thread_abort.c.obj	ff9460c49aaeedb3f9e51e8c169ec970adb0ec635d6567d10fd6f51d06dc5a63
nrf-evidence/zephyr-candidate/zephyr/arch/arch/arm/core/cortex_m/CMakeFiles/arch__arm__core__cortex_m.dir/vector_table.S.obj	04ecb26dd24b545cb2323c54969b8861b8b1da0f58f2ace33b63de2a9a47d13a
nrf-evidence/zephyr-candidate/zephyr/arch/arch/arm/core/cortex_m/cmake_install.cmake	f1160974701c19cc69d34b29933a15cc9dc1e60070ba4827b67ca7a9b68e187a
nrf-evidence/zephyr-candidate/zephyr/arch/arch/arm/core/cortex_m/libarch__arm__core__cortex_m.a	1963e69dc7f8db583cb62e79cb6f6da6b302e62424a473ebc89e1a195f0c76c4
nrf-evidence/zephyr-candidate/zephyr/arch/arch/arm/core/libarch__arm__core.a	e4b7171610d93a290c90f2aa27c636fbd4d473910269d19c13aa00317e83fe16
nrf-evidence/zephyr-candidate/zephyr/arch/arch/arm/core/mpu/CMakeFiles/arch__arm__core__mpu.dir/arm_core_mpu.c.obj	3ac2e7fde557885772acae426a3a2abd66179a08712660b1abba0579eab0bf08
nrf-evidence/zephyr-candidate/zephyr/arch/arch/arm/core/mpu/CMakeFiles/arch__arm__core__mpu.dir/arm_mpu.c.obj	fc11f5a50f483eee253ffcafd753276b2f6b3547711e4eb26778544953768476
nrf-evidence/zephyr-candidate/zephyr/arch/arch/arm/core/mpu/CMakeFiles/arch__arm__core__mpu.dir/arm_mpu_regions.c.obj	03cbb2a62fb42c81f939d55f19f9cafd6b9b8e2a725c83bc50597b0ecdc5e637
nrf-evidence/zephyr-candidate/zephyr/arch/arch/arm/core/mpu/cmake_install.cmake	2f432c573b218cdb65afdac9f84d01f0d82095249ed82c3520dbe73742d579e9
nrf-evidence/zephyr-candidate/zephyr/arch/arch/arm/core/mpu/libarch__arm__core__mpu.a	038f966c935cb462ad7f235fd119f6c24e75b93bc753dfbcaf2af660d26bc49b
nrf-evidence/zephyr-candidate/zephyr/arch/cmake_install.cmake	156ea480b04d4e4b6892c40be609676bb87081ef10272de54a1ded99391c359d
nrf-evidence/zephyr-candidate/zephyr/arch/common/CMakeFiles/arch__common.dir/init.c.obj	b6cdfeec9feb290c513ac5eed162f99f01b3e47bb88270f2549610b8cd2e50cf
nrf-evidence/zephyr-candidate/zephyr/arch/common/CMakeFiles/arch__common.dir/sw_isr_common.c.obj	afda5aae1e577a8f120bd92ef1f0768f97f3247c87177362412edd0d618e4134
nrf-evidence/zephyr-candidate/zephyr/arch/common/CMakeFiles/arch__common.dir/xip.c.obj	8346b8167ff15e7c973fa84bbd443d7a4d519cb7bc8a1c530d1a6bbd8893cbbf
nrf-evidence/zephyr-candidate/zephyr/arch/common/CMakeFiles/isr_tables.dir/isr_tables.c.obj	2010f1df3e163c3abf16a60cc22c770224d2f3ca853927bd1966d58e0655ca64
nrf-evidence/zephyr-candidate/zephyr/arch/common/cmake_install.cmake	85a4e3ed8343456ff80d74ef7c2b89a53e3219fc7d7aa4b5353338f738ac70b0
nrf-evidence/zephyr-candidate/zephyr/arch/common/libarch__common.a	034653a6d51b2d3626dcd10fc07cdae9c684ae7c9d50f798986ee7fc8dccc255
nrf-evidence/zephyr-candidate/zephyr/arch/common/libisr_tables.a	fb42ae47d1e0831f14e7608fb99731e4adbee2f5a063da770c71bebf4c38f040
nrf-evidence/zephyr-candidate/zephyr/boards/cmake_install.cmake	5a184e53a60993a9a3fb4c7da43917381173410b4a3f040962559b40f4498e09
nrf-evidence/zephyr-candidate/zephyr/boards/nordic/nrf52840dk/cmake_install.cmake	17d44cf413086fe62aceb57bca640b6b9138139dcb6abafe40900de0a9c3e187
nrf-evidence/zephyr-candidate/zephyr/boards/shields/cmake_install.cmake	2438857cc30fdcd3d0f49eb74d6af3bba3ffb903db33f84a48a7c7a5e981b56e
nrf-evidence/zephyr-candidate/zephyr/cmake/flash/cmake_install.cmake	42cd02d062c083c2c093acc5b5dc64bc2bc38b1b002a07eecab5096dbd8dedc4
nrf-evidence/zephyr-candidate/zephyr/cmake/reports/cmake_install.cmake	098f7266f30ff5094d2efbe1ef90235a1b97ceb7804d9f073f0d1f487311be44
nrf-evidence/zephyr-candidate/zephyr/cmake/usage/cmake_install.cmake	42962987313271b1063c5e009161d663337b3885d810d96c572696e6eaff2d61
nrf-evidence/zephyr-candidate/zephyr/cmake_install.cmake	5653fa5ef3309f0c6d8e9c054aac03a4257148f593c72dbf8af4f0331b93757c
nrf-evidence/zephyr-candidate/zephyr/drivers/clock_control/CMakeFiles/drivers__clock_control.dir/clock_control_nrf.c.obj	5068eec47a6aceb4008b802824a2c63c7fe3420ce9294917918e59bd1dbc6126
nrf-evidence/zephyr-candidate/zephyr/drivers/clock_control/cmake_install.cmake	5063016b91c98eeb37e720a667b39ebee9b549f93079c1173d28f781dc7dcaa6
nrf-evidence/zephyr-candidate/zephyr/drivers/clock_control/libdrivers__clock_control.a	e04e0bdee67669037c252d14f8528b5b9c3bc1f23ed4e0567e71513bcb58b159
nrf-evidence/zephyr-candidate/zephyr/drivers/cmake_install.cmake	1e5f670e10f8697620ccf25cceea81f1603684d40663c08a772b840ecdb9c51f
nrf-evidence/zephyr-candidate/zephyr/drivers/console/CMakeFiles/drivers__console.dir/uart_console.c.obj	54eb0bb60726e1b58d1029735178bc0b1bd7305ccede2bc716e5a7a8f33124ae
nrf-evidence/zephyr-candidate/zephyr/drivers/console/cmake_install.cmake	ee393c92ac083387c25a825eb3c8d8dd6c9415138af3b6c8181111c8a68c1ab5
nrf-evidence/zephyr-candidate/zephyr/drivers/console/libdrivers__console.a	04b43a28bef46371fbedae05372b1a0f267bb7663243e1786513816d55ac2b5b
nrf-evidence/zephyr-candidate/zephyr/drivers/disk/cmake_install.cmake	b61eb132e9ca488d9d6f95363691c81a9723b5749bd8b10994ff838dba7fd8fc
nrf-evidence/zephyr-candidate/zephyr/drivers/firmware/cmake_install.cmake	f6e4b2740bf29566726418b0c871a24ef2de0e87f919780258551a25b483c285
nrf-evidence/zephyr-candidate/zephyr/drivers/gpio/CMakeFiles/drivers__gpio.dir/gpio_nrfx.c.obj	249b01ad5b3327f2657a4852fd53a7c0c2bbc5d1d546ff6955679fcd0eb760a3
nrf-evidence/zephyr-candidate/zephyr/drivers/gpio/cmake_install.cmake	0d471a4635c1fbe67b1cc1fe3ec67f73a65e4ddb2e9bec0868d954f404eaaa40
nrf-evidence/zephyr-candidate/zephyr/drivers/gpio/libdrivers__gpio.a	2c386be09a8378603b29fd520471e498550ab5a8f23ad3707f3d2bd890b96472
nrf-evidence/zephyr-candidate/zephyr/drivers/interrupt_controller/cmake_install.cmake	bb7e077f8cdc75bf9f0d752a6c0afb0aa0482426f0da6e51974072cda47d3f3f
nrf-evidence/zephyr-candidate/zephyr/drivers/misc/cmake_install.cmake	64c70acd37b270b88d2486268a27d4193915e9980f821c4a101b2299a4caf471
nrf-evidence/zephyr-candidate/zephyr/drivers/misc/interconn/cmake_install.cmake	3e8b562c3be9dfb33b283e84c324b06642d4dc9a87934592735598777b4edf2d
nrf-evidence/zephyr-candidate/zephyr/drivers/pcie/cmake_install.cmake	cf906512e4617449c7dcefc13d9a8b827a0324408c9bd01a9da3f71ff55039d1
nrf-evidence/zephyr-candidate/zephyr/drivers/pinctrl/CMakeFiles/drivers__pinctrl.dir/common.c.obj	30c34bccad823f4da885124244c30c1a89bbf4ee4ccdee367d4fa6283f2a61ed
nrf-evidence/zephyr-candidate/zephyr/drivers/pinctrl/CMakeFiles/drivers__pinctrl.dir/pinctrl_nrf.c.obj	8f804203560fb90eb6dbe30b186f7d3b006da7c5d43314fdf2b8143e4332a1ee
nrf-evidence/zephyr-candidate/zephyr/drivers/pinctrl/cmake_install.cmake	f759e08e2ab0515204f807530d8711dd094ac76dc29372ceaf17c92d2ea5101b
nrf-evidence/zephyr-candidate/zephyr/drivers/pinctrl/libdrivers__pinctrl.a	b7371f17185250f455a534f46a97065ebe933a3a5f68a880175d136055f6d3f0
nrf-evidence/zephyr-candidate/zephyr/drivers/pinctrl/renesas/cmake_install.cmake	03edc6005b67d453744a978adc938fad1f1e62f0a3f093e632a0a1d14f5c41f8
nrf-evidence/zephyr-candidate/zephyr/drivers/serial/CMakeFiles/drivers__serial.dir/uart_nrfx_uarte.c.obj	350480abdec3adb09a906ac2c577cc661e66888de912af1456d4202cc72eac31
nrf-evidence/zephyr-candidate/zephyr/drivers/serial/cmake_install.cmake	6dda6051a22a3c5a5723308257d7d7048ae490589c37faaf42eb96138310ffdf
nrf-evidence/zephyr-candidate/zephyr/drivers/serial/libdrivers__serial.a	0305e8123c81c4f6442d9bf8475bd1758793060cf626b53992c5f568cac10043
nrf-evidence/zephyr-candidate/zephyr/drivers/timer/CMakeFiles/drivers__timer.dir/nrf_rtc_timer.c.obj	d9aea7b1c4f0a7c0b5ff7a3790491d3ab32f01f67e8b57d1088b2ad94aee4935
nrf-evidence/zephyr-candidate/zephyr/drivers/timer/CMakeFiles/drivers__timer.dir/sys_clock_init.c.obj	ccc69c995ec3ee2fe078342784e14f2b694ee435caae35096ff70ebe2c173219
nrf-evidence/zephyr-candidate/zephyr/drivers/timer/cmake_install.cmake	d9c08c492991fc29a5f22fe2f3d52196cf04d50d4a086883b6a1b23375b84897
nrf-evidence/zephyr-candidate/zephyr/drivers/timer/libdrivers__timer.a	e8b21c059a99ed5457ddbf588ef82f465793c6ed978558afaaafe276b04b1236
nrf-evidence/zephyr-candidate/zephyr/drivers/usb/cmake_install.cmake	04e4b45a97b34d8294355f7e76fa44cb8e20c705b833e39522845b9659108a1d
nrf-evidence/zephyr-candidate/zephyr/drivers/usb/common/cmake_install.cmake	a5542d3ca35c40c63fc45eda01acd2e5bbadc5210b34c9eb4cbd1b98e26b622b
nrf-evidence/zephyr-candidate/zephyr/drivers/usb/common/nrf_usbd_common/cmake_install.cmake	bb9b35d670ba339368a39430099cbc35ae14332fcb68a0b578f3249ac1353081
nrf-evidence/zephyr-candidate/zephyr/drivers/usb_c/cmake_install.cmake	2c306134bde08a0160df72368b6d59c593cbda70c2ea3394274eb1b1058f88e6
nrf-evidence/zephyr-candidate/zephyr/edt.pickle	e58a111a35e6dfe8a541908659cf83cc860f386d38edbcaebce577af20ae7b32
nrf-evidence/zephyr-candidate/zephyr/edt.pickle.cmake	04b5dfb375d0d3aa6461556cd2ad923ba0cb72d2c74a91482fc31e67165a6b29
nrf-evidence/zephyr-candidate/zephyr/edt.pickle.cmake.new	04b5dfb375d0d3aa6461556cd2ad923ba0cb72d2c74a91482fc31e67165a6b29
nrf-evidence/zephyr-candidate/zephyr/include/generated/app_data_alignment.ld	d918f67f7a86d870a364a37c38ffb29060524546cabe37ab210030689fb327e4
nrf-evidence/zephyr-candidate/zephyr/include/generated/app_smem.ld	56c91adeb585cf35747f27e18cef663c5f82ad88849261d685af72ea93437fb7
nrf-evidence/zephyr-candidate/zephyr/include/generated/app_smem_aligned.ld	086a51673605cb0c9c5cf8408256deb683f286db8c2b51c32cb1eb9e2f8d945b
nrf-evidence/zephyr-candidate/zephyr/include/generated/app_smem_unaligned.ld	6cd9f396193e5a6da1e142a8ff51f7d37fb8d781291a50b899365d90ae5e28ca
nrf-evidence/zephyr-candidate/zephyr/include/generated/device-api-sections.cmake	c3348c034d325ebeb07a6792f7831f9c3f7996fadd2a4550f309439b2ef57b05
nrf-evidence/zephyr-candidate/zephyr/include/generated/device-api-sections.ld	69f54516d68a8ba2c2739066225ed8f24a0bb0703b7ab3e4ea743caf80aa2117
nrf-evidence/zephyr-candidate/zephyr/include/generated/snippets-data-sections.ld	e3b0c44298fc1c149afbf4c8996fb92427ae41e4649b934ca495991b7852b855
nrf-evidence/zephyr-candidate/zephyr/include/generated/snippets-dtcm-section.ld	e3b0c44298fc1c149afbf4c8996fb92427ae41e4649b934ca495991b7852b855
nrf-evidence/zephyr-candidate/zephyr/include/generated/snippets-itcm-section.ld	e3b0c44298fc1c149afbf4c8996fb92427ae41e4649b934ca495991b7852b855
nrf-evidence/zephyr-candidate/zephyr/include/generated/snippets-nocache-section.ld	e3b0c44298fc1c149afbf4c8996fb92427ae41e4649b934ca495991b7852b855
nrf-evidence/zephyr-candidate/zephyr/include/generated/snippets-noinit.ld	e3b0c44298fc1c149afbf4c8996fb92427ae41e4649b934ca495991b7852b855
nrf-evidence/zephyr-candidate/zephyr/include/generated/snippets-pinned-data-sections.ld	e3b0c44298fc1c149afbf4c8996fb92427ae41e4649b934ca495991b7852b855
nrf-evidence/zephyr-candidate/zephyr/include/generated/snippets-pinned-ram-sections.ld	e3b0c44298fc1c149afbf4c8996fb92427ae41e4649b934ca495991b7852b855
nrf-evidence/zephyr-candidate/zephyr/include/generated/snippets-pinned-rodata.ld	e3b0c44298fc1c149afbf4c8996fb92427ae41e4649b934ca495991b7852b855
nrf-evidence/zephyr-candidate/zephyr/include/generated/snippets-ram-sections.ld	da2722ade381509b250ed97093f4c285be016e934d676463a5f499b2ed8db908
nrf-evidence/zephyr-candidate/zephyr/include/generated/snippets-ramfunc-section.ld	e3b0c44298fc1c149afbf4c8996fb92427ae41e4649b934ca495991b7852b855
nrf-evidence/zephyr-candidate/zephyr/include/generated/snippets-rodata.ld	e8f9b0eef6f66f9af5092eadaf40050dc99ce80ef8c428ef4da347525f71e54d
nrf-evidence/zephyr-candidate/zephyr/include/generated/snippets-rom-sections.ld	e3b0c44298fc1c149afbf4c8996fb92427ae41e4649b934ca495991b7852b855
nrf-evidence/zephyr-candidate/zephyr/include/generated/snippets-rom-start.ld	0d8587ad00b6b1b0cd3e73a133c4a3b361889cea11a58c6104554af844e40c3b
nrf-evidence/zephyr-candidate/zephyr/include/generated/snippets-rwdata.ld	e3b0c44298fc1c149afbf4c8996fb92427ae41e4649b934ca495991b7852b855
nrf-evidence/zephyr-candidate/zephyr/include/generated/snippets-sections.ld	4ffe1dad72356e18af3474c43aae331fbfa198996904a495f8a0a3b11c21cf63
nrf-evidence/zephyr-candidate/zephyr/include/generated/snippets-text-sections.ld	e3b0c44298fc1c149afbf4c8996fb92427ae41e4649b934ca495991b7852b855
nrf-evidence/zephyr-candidate/zephyr/include/generated/syscall_list.h	347abcb72e331001b1c758d906be4cf16f9b4900d98930a4f469e9b2e1a0929c
nrf-evidence/zephyr-candidate/zephyr/include/generated/zephyr/autoconf.h	84aa7da9b67ad00dcce440a8ac60884071ca16201c53bcdadd4b04f5a271712f
nrf-evidence/zephyr-candidate/zephyr/include/generated/zephyr/devicetree_generated.h	ca0d175dbb28c4e0d902c0710dc6469a95f64d60a403b7bfce49b99e96a4107d
nrf-evidence/zephyr-candidate/zephyr/include/generated/zephyr/driver-validation.h	6f543aedb1aa3177b9d7fb1d58083369920d4e4085c0a0ba20a6e28386fedf8d
nrf-evidence/zephyr-candidate/zephyr/include/generated/zephyr/kobj-types-enum.h	10912a4e8b200d9ff995a28ec9102b219c69c4bdacf395a848c026c162a173b6
nrf-evidence/zephyr-candidate/zephyr/include/generated/zephyr/offsets.h	c41fc0d0c1fb33f8d4c6ea848c53a5f85ce6c096e4d2d36cd81fd90e4420eec8
nrf-evidence/zephyr-candidate/zephyr/include/generated/zephyr/otype-to-size.h	f5b79f8f96ec393b42b010c4105b10ccec217a0da7a554e367be56e043e39c4e
nrf-evidence/zephyr-candidate/zephyr/include/generated/zephyr/otype-to-str.h	45c7af55e9e173904a03ba64de3e6f90a9956c625c83baac7db7ddabeba07bae
nrf-evidence/zephyr-candidate/zephyr/include/generated/zephyr/syscall_dispatch.c	9045dff6158fbf78a0d2439c208370f32446e4436c84374c6eb6e8082cd3938e
nrf-evidence/zephyr-candidate/zephyr/include/generated/zephyr/syscall_exports_llext.c	2d83b3cbd43bb0a4b9ab981373e34c4f14284f0bb6a39d3306a7abae527ecb31
nrf-evidence/zephyr-candidate/zephyr/include/generated/zephyr/syscall_list.h	347abcb72e331001b1c758d906be4cf16f9b4900d98930a4f469e9b2e1a0929c
nrf-evidence/zephyr-candidate/zephyr/include/generated/zephyr/syscalls/adc.h	9826d89cadf700621f8fe67830f8737e0a10be47b48bb9995435ca5e366db7be
nrf-evidence/zephyr-candidate/zephyr/include/generated/zephyr/syscalls/arch.h	bdfa15659cc71eeaef1dd3aeab50675f6cd42567d5df127dfbdc2d2752f12608
nrf-evidence/zephyr-candidate/zephyr/include/generated/zephyr/syscalls/atomic_c.h	690bf3a38ff5f3db2a07b7b1d8cafc1574520e024139949a8e0b401c794897fd
nrf-evidence/zephyr-candidate/zephyr/include/generated/zephyr/syscalls/auxdisplay.h	733a97e9e8ce609cf33572d6c6569968c540507e9ddf60de8bcbc6c4403f56b0
nrf-evidence/zephyr-candidate/zephyr/include/generated/zephyr/syscalls/bbram.h	d3f2359dcdfd777c752afee87e2fccee1103e97d0dfdd931b0e47d284472f466
nrf-evidence/zephyr-candidate/zephyr/include/generated/zephyr/syscalls/cache.h	9595ae4505a410ba66bc8b35b82d8125d49afca8ca5770151136a5df8f273483
nrf-evidence/zephyr-candidate/zephyr/include/generated/zephyr/syscalls/can.h	e597b61cdf7cff2ec02fbe96528da1ae99eebfa31145b007d7edb4b35a5c6443
nrf-evidence/zephyr-candidate/zephyr/include/generated/zephyr/syscalls/charger.h	6c5aa9a321295dc90f10b61c5da10d05ef06da64a5e469b8c706c980ab544bdc
nrf-evidence/zephyr-candidate/zephyr/include/generated/zephyr/syscalls/clock.h	d93994fa48615f6410a0abe98035706cd540a41be3d249d5a9bc5ab3def8e80d
nrf-evidence/zephyr-candidate/zephyr/include/generated/zephyr/syscalls/comparator.h	f173d054b32be07978caae81b12c30255db4e5623e45e742ea7ed9feb6195aca
nrf-evidence/zephyr-candidate/zephyr/include/generated/zephyr/syscalls/counter.h	3cbfaba8a9d57edaad03e942c9a035a6461dfab37932fb08e4530e65fd3ee40e
nrf-evidence/zephyr-candidate/zephyr/include/generated/zephyr/syscalls/crc.h	e91e0c8c220ee7d4e49d1507fe61c5dc8f72806d64db30ca61582bb3ec3d0df4
nrf-evidence/zephyr-candidate/zephyr/include/generated/zephyr/syscalls/dac.h	93cb285c343c886a49e9bba4a6851091183b724b0703e01d4bed0e24cdb0c1d3
nrf-evidence/zephyr-candidate/zephyr/include/generated/zephyr/syscalls/demand_paging.h	8b59746ea33a5970839886a673554dec989e8d39fcda583a8477fc4155e90d79
nrf-evidence/zephyr-candidate/zephyr/include/generated/zephyr/syscalls/device.h	3d4e26c69424baf08feeb4b61edd366e2c07d40077e798afd285bd5bb2eaa3b3
nrf-evidence/zephyr-candidate/zephyr/include/generated/zephyr/syscalls/devmux.h	283ae85bb2f8552256627c80d7489debf791ecd9f787753400786d7145da75f2
nrf-evidence/zephyr-candidate/zephyr/include/generated/zephyr/syscalls/eeprom.h	0fdb93b75245294dcdb38cc6f5362dde6042ab7904b7f3182aa59fba6b6a6e3e
nrf-evidence/zephyr-candidate/zephyr/include/generated/zephyr/syscalls/emul_fuel_gauge.h	fe1721d7367cf180e7803ce5d881ebb396acf7499048296395784e2d584fff33
nrf-evidence/zephyr-candidate/zephyr/include/generated/zephyr/syscalls/entropy.h	0df4b2c08742946f1810a658993a2926eea1761582d24beee83f10e0290f728e
nrf-evidence/zephyr-candidate/zephyr/include/generated/zephyr/syscalls/errno_private.h	89a30215206556099585f61b21e7a53291381289606fc969e0c547ebe6f50caf
nrf-evidence/zephyr-candidate/zephyr/include/generated/zephyr/syscalls/error.h	bf0a1c156b83bd8b9de42494e2432cd86b9b1050b05544d1615ac9a2413c526a
nrf-evidence/zephyr-candidate/zephyr/include/generated/zephyr/syscalls/espi.h	cdaf872ad74f3f755c4e281e767707013a01b8cf86008eebf72e8e91d39ddc54
nrf-evidence/zephyr-candidate/zephyr/include/generated/zephyr/syscalls/espi_saf.h	98526d591115988026a44a3415e9c06f1016c3ac929288239fc17e98062aba2a
nrf-evidence/zephyr-candidate/zephyr/include/generated/zephyr/syscalls/ethernet.h	f2d4ace37815df3d64bf299b6da990f9ebedae608665821e7f2952e5988f1080
nrf-evidence/zephyr-candidate/zephyr/include/generated/zephyr/syscalls/fdtable.h	3001410733d5533ca463be4ab3177ee7ce8cd6994e94801c24e7eaa7ea477795
nrf-evidence/zephyr-candidate/zephyr/include/generated/zephyr/syscalls/flash.h	140edaf7a7b8c6ffeceaf0edc6300b76c6510cc34cbddf016bfc147022c7ada9
nrf-evidence/zephyr-candidate/zephyr/include/generated/zephyr/syscalls/flash_simulator.h	6909b135d051fd8c02871a4474bc7daebe4bf452e8a42c818535ea349b8d5f5d
nrf-evidence/zephyr-candidate/zephyr/include/generated/zephyr/syscalls/fuel_gauge.h	1864bd85bd821fe175463d21084e5e1673c1a3a386b142c9568b9101d95ddad6
nrf-evidence/zephyr-candidate/zephyr/include/generated/zephyr/syscalls/gnss.h	0b400ab70cc1ecfe408c6e44f58b62fc7fe30b5d8dd6dcf0bcff5732cfe26b8e
nrf-evidence/zephyr-candidate/zephyr/include/generated/zephyr/syscalls/gpio.h	6cd7d45375e80f61680c35b8cbd67b23f6abfa95558a0f557e655598dc2fd902
nrf-evidence/zephyr-candidate/zephyr/include/generated/zephyr/syscalls/haptics.h	4f6882307e67761c5f7df29cc2995791816fecccfa185360c92054e32a5abb14
nrf-evidence/zephyr-candidate/zephyr/include/generated/zephyr/syscalls/hwinfo.h	1aa569458b7088204f9111acefa9b35642d75c0dbdc4cc150f1272cccdc48ddd
nrf-evidence/zephyr-candidate/zephyr/include/generated/zephyr/syscalls/i2c.h	749db7a3e3a0dfa88374149b68d0e8007008c9754acadfd817ce33227f07ad9e
nrf-evidence/zephyr-candidate/zephyr/include/generated/zephyr/syscalls/i2s.h	45895c2222fd8bf1f8543da0880eb5f7357f8910cf0e85656857d8d9fee58a29
nrf-evidence/zephyr-candidate/zephyr/include/generated/zephyr/syscalls/i3c.h	60ffcae4a7e6a9487db3c414a98e4bac5e068616af837015906ee94713370eb3
nrf-evidence/zephyr-candidate/zephyr/include/generated/zephyr/syscalls/input_renesas_ra_ctsu.h	c95257f75149596ca1f11bbecfc4aa70c825d2edb13028997738b97f08a941e8
nrf-evidence/zephyr-candidate/zephyr/include/generated/zephyr/syscalls/input_renesas_rx_ctsu.h	b0ce9cfd4159bd557dd17c732299fdfd4a729466eef0461edfdb214a2d5d551b
nrf-evidence/zephyr-candidate/zephyr/include/generated/zephyr/syscalls/ipm.h	deb46e15b3108dbb8632e77ae861dfcce53de7ca567dd38985418710e6d0a82d
nrf-evidence/zephyr-candidate/zephyr/include/generated/zephyr/syscalls/ivshmem.h	7ee1adc34e724ed6bb42ec6aaf7d69f3d72ca2e198081a71dc2234244e94e6bc
nrf-evidence/zephyr-candidate/zephyr/include/generated/zephyr/syscalls/kernel.h	bd4c8bffdbdc262db640e441e43a95c495f0537dedc0de363b7f32cad34281d4
nrf-evidence/zephyr-candidate/zephyr/include/generated/zephyr/syscalls/kobject.h	e77ac77f11d48facdc66ee9aa5aeae0f92311aa4a28cc0bea2132a556f49e121
nrf-evidence/zephyr-candidate/zephyr/include/generated/zephyr/syscalls/led.h	26415e779f0daf82ac0f3f3a024dd69416bb9374c81e931c2f319295cb4cf88a
nrf-evidence/zephyr-candidate/zephyr/include/generated/zephyr/syscalls/libc-hooks.h	dbcdb12e3bd27c12a5b730b9037afe9ba6b5921482b27380e211747a5fdf3485
nrf-evidence/zephyr-candidate/zephyr/include/generated/zephyr/syscalls/llext.h	77abff04348e7c75bcca1fb74db42bd7108fff3c0bbe21907a50cd26e9df90ac
nrf-evidence/zephyr-candidate/zephyr/include/generated/zephyr/syscalls/log_ctrl.h	70603c6bc9b7442ca9cfe82a0fe3b96d0c32694d67f1b47dfa701a67c9b49739
nrf-evidence/zephyr-candidate/zephyr/include/generated/zephyr/syscalls/log_msg.h	c984a4da2d0e985d1bc585b9bdadf880f20b6c4f8745617eea6fd50dcd06509c
nrf-evidence/zephyr-candidate/zephyr/include/generated/zephyr/syscalls/maxim_ds3231.h	7ad16ea2d8f38e3f6c7c14fb86ccaab2881a69cd38ac137afaad3a4313009a31
nrf-evidence/zephyr-candidate/zephyr/include/generated/zephyr/syscalls/mbox.h	579e7240b2760f6b275bde67d6d9ae5980351ddfc54a3c82164bc86e4ac79a09
nrf-evidence/zephyr-candidate/zephyr/include/generated/zephyr/syscalls/mdio.h	ed61c2ab4e32821c65dc296fd1feb8c525e97e0d03482e7f9d3d1aee2b395924
nrf-evidence/zephyr-candidate/zephyr/include/generated/zephyr/syscalls/mspi.h	7ce9dcdd5453e23e13ea9bc315a7e273e955350b8889bedb95d87049cd076dfa
nrf-evidence/zephyr-candidate/zephyr/include/generated/zephyr/syscalls/mutex.h	d549a190df71da2b70661ee8c3ac9cfb0a9bfe7a22ef5c208be6e03cb0299e23
nrf-evidence/zephyr-candidate/zephyr/include/generated/zephyr/syscalls/net_if.h	02f2ced6cebaa2698f5569dd351593b9aeca0b40adf3fea0b2a7002a66470b08
nrf-evidence/zephyr-candidate/zephyr/include/generated/zephyr/syscalls/net_ip.h	712e7d878c6e770c01656daa8ae047d00ddf55e5f024f9175f7561e93a5e04e6
nrf-evidence/zephyr-candidate/zephyr/include/generated/zephyr/syscalls/nrf_qspi_nor.h	5779c41d175d7f8bc7d00134e99a68a4a2a05f777044881e04d5ba30f74edbe5
nrf-evidence/zephyr-candidate/zephyr/include/generated/zephyr/syscalls/opamp.h	9da088b9cf8fb143e0d51ca2cdeb95d85aef71e6bd9cc23efacfd7eee762a5e4
nrf-evidence/zephyr-candidate/zephyr/include/generated/zephyr/syscalls/peci.h	151415ddcf37ceddcb6541925798cf0eea8f31b04ea642566e20257c0b24d13b
nrf-evidence/zephyr-candidate/zephyr/include/generated/zephyr/syscalls/ps2.h	f7e5bd30f00902aa72cad2f6cfd341c2d8074a50805f7065ddd699a2398756ea
nrf-evidence/zephyr-candidate/zephyr/include/generated/zephyr/syscalls/psi5.h	1b46cfc34b500e5a87c27042f9a668332d83562eca26a4efde49f589577ed30e
nrf-evidence/zephyr-candidate/zephyr/include/generated/zephyr/syscalls/ptp_clock.h	f960f9018255ca61d93f95a7981e02e76dda14273c793043ce3c7989ee9aea09
nrf-evidence/zephyr-candidate/zephyr/include/generated/zephyr/syscalls/pwm.h	1b0f9a20a506c33be9cca2548e1eaa530029eab79f730a656e0e6c41838120bd
nrf-evidence/zephyr-candidate/zephyr/include/generated/zephyr/syscalls/random.h	ba5365c0d793d4e914f48e034dd459063031da327b3fc18bed6001b888a79bd5
nrf-evidence/zephyr-candidate/zephyr/include/generated/zephyr/syscalls/renesas_elc.h	a3bb082cec9e4426d578da862ccef63428d51a37b40ddd3b10c04241d0bfdcbd
nrf-evidence/zephyr-candidate/zephyr/include/generated/zephyr/syscalls/reset.h	d6eab4dee9a56d8c6608f8229e086152c6015d592487d16c661d54e0bd337377
nrf-evidence/zephyr-candidate/zephyr/include/generated/zephyr/syscalls/retained_mem.h	7d8df8be2525c952e2ad56440a300b38bfc43f31b5c0cac7d39ebd6c8479bf28
nrf-evidence/zephyr-candidate/zephyr/include/generated/zephyr/syscalls/rtc.h	143a6aa0d9907c2568a25ba70dc932ebe02042262f1aa95947e97443ca87a015
nrf-evidence/zephyr-candidate/zephyr/include/generated/zephyr/syscalls/rtio.h	f383056f2da335464f0e3497c3bb7f27135c7c4bdf0835cf0adab6046e8c26d9
nrf-evidence/zephyr-candidate/zephyr/include/generated/zephyr/syscalls/sdhc.h	64f12879aa0fb9e32d82059d08e116ee1fad8c8a11e0f93b5154a0a8357bdf4b
nrf-evidence/zephyr-candidate/zephyr/include/generated/zephyr/syscalls/sensor.h	c49ed2753c9d2924a16dcbedb1dcc884a6dfb543118dcf3886e1e5d77399194b
nrf-evidence/zephyr-candidate/zephyr/include/generated/zephyr/syscalls/sent.h	bf45ac4e6e4f1004ab3ca45d41993a0c949a6af6f62750812935bba3b910adf1
nrf-evidence/zephyr-candidate/zephyr/include/generated/zephyr/syscalls/sip_svc_driver.h	b079f272b9a0de110efcfe647aee704fa7b91811e7ca92f995153dff11b77f10
nrf-evidence/zephyr-candidate/zephyr/include/generated/zephyr/syscalls/smbus.h	693c9e52f9556b7b31f2b69027135c9c75480c6ecdd79e279893d1fa91a62dad
nrf-evidence/zephyr-candidate/zephyr/include/generated/zephyr/syscalls/socket.h	04f656e2c2a924fede7f3fdd3e8fd22b3d22a0f354e8da91c0ad8a46687ceba4
nrf-evidence/zephyr-candidate/zephyr/include/generated/zephyr/syscalls/socket_service.h	8e649e781d62e23317f3fd07ff990b5e00b7001ffacd509b950654e3a5a48d1c
nrf-evidence/zephyr-candidate/zephyr/include/generated/zephyr/syscalls/spi.h	5592670618eadb1cdf89178a32d13ae25a0c6c26af3716927b78d010b16cbfa9
nrf-evidence/zephyr-candidate/zephyr/include/generated/zephyr/syscalls/stepper.h	3cba5245cc69ea5ab91a994a0b79a4e7d72f5fb03d7c939ab573ec3a9611a4aa
nrf-evidence/zephyr-candidate/zephyr/include/generated/zephyr/syscalls/syscon.h	d3acfa810927e22d156c5db55cf8add60cfb8c9a0882dcb6b0eda75f3f7b4a0b
nrf-evidence/zephyr-candidate/zephyr/include/generated/zephyr/syscalls/tee.h	4529a75ff6853a66203775bdad7ac340cc3290873116a741287775617d67bb05
nrf-evidence/zephyr-candidate/zephyr/include/generated/zephyr/syscalls/time_units.h	b0418c9339b2e13b0ad006bb70833328dfdc3bb44aa381e0507a9447265c710c
nrf-evidence/zephyr-candidate/zephyr/include/generated/zephyr/syscalls/timeaware_gpio.h	2f7acaf08246e15fc417e2d50644aff187ce188b5fa7e6ee61b623a838d2d9a9
nrf-evidence/zephyr-candidate/zephyr/include/generated/zephyr/syscalls/uart.h	8917e9922ed5255152630ad632346cf46d808ed8f61083d71c828b7c7f13fb19
nrf-evidence/zephyr-candidate/zephyr/include/generated/zephyr/syscalls/updatehub.h	dbb43b3b5c64b5a34445c82e4b644af6e653c256a57b040470e3e76ad3f79e33
nrf-evidence/zephyr-candidate/zephyr/include/generated/zephyr/syscalls/usb_bc12.h	5f57307cb5461cccb0f83a4f41a7cf2d1a52340a5f7bd9b004d76265ee32370a
nrf-evidence/zephyr-candidate/zephyr/include/generated/zephyr/syscalls/w1.h	d1619893aff1838fb6ec50f554fe95bc5a0b39f8292d395b98a8d52be540dc79
nrf-evidence/zephyr-candidate/zephyr/include/generated/zephyr/syscalls/watchdog.h	8b92be702693388147db10b734417886e5f0249a12fd7fcf30694ee268bdcfdc
nrf-evidence/zephyr-candidate/zephyr/include/generated/zephyr/version.h	253d4b4769374e72a307902a3d743d22a02d5404b57bfbb5daf11c3050ddc04d
nrf-evidence/zephyr-candidate/zephyr/isr_tables.c	6629a2ca6a0c643fc9502941da0fd7f23a05a6a597f87f0bea8d57afa89752f3
nrf-evidence/zephyr-candidate/zephyr/isr_tables_swi.ld	b8615c04f6ef48661afaaa61894cb0d2cdf0fe14ca0cfe1a338e72cd589d0320
nrf-evidence/zephyr-candidate/zephyr/isr_tables_vt.ld	b8615c04f6ef48661afaaa61894cb0d2cdf0fe14ca0cfe1a338e72cd589d0320
nrf-evidence/zephyr-candidate/zephyr/kconfig/sources.txt	6713b3dd5d52329626f5fa114124dbcfe7156fcb3a17e5881982637f3d9eae52
nrf-evidence/zephyr-candidate/zephyr/kernel/CMakeFiles/kernel.dir/banner.c.obj	b022da70c30a790d0b3c2ce3aab2084f1ba3164aebea2a0d795a01c9e69a6883
nrf-evidence/zephyr-candidate/zephyr/kernel/CMakeFiles/kernel.dir/busy_wait.c.obj	62c00c1f88429cee17227a3305ae9775da3cde2f71495a710f09bff68433e5a3
nrf-evidence/zephyr-candidate/zephyr/kernel/CMakeFiles/kernel.dir/condvar.c.obj	d64574619a0fcb6ccef17d2b2e8f67103304f858c3e1dee50c4767bbe9ddf0db
nrf-evidence/zephyr-candidate/zephyr/kernel/CMakeFiles/kernel.dir/device.c.obj	fe1b762af1ccbaf2085b110f63c86e34a209626d4bd4f3ddccaa06337b7d3cf4
nrf-evidence/zephyr-candidate/zephyr/kernel/CMakeFiles/kernel.dir/dynamic_disabled.c.obj	45266ef6041ee7209fd85335cc8aa7539a5bfee2183633949ece74194ff0a2b6
nrf-evidence/zephyr-candidate/zephyr/kernel/CMakeFiles/kernel.dir/errno.c.obj	27f7d1709836b37ee22f5e8e8811e8a2ee046db57b67ed324c84fce954afa627
nrf-evidence/zephyr-candidate/zephyr/kernel/CMakeFiles/kernel.dir/fatal.c.obj	c909c0baa49c2c57be8b9e476481c2b5c4bca1340950e73626f5d706fac845a4
nrf-evidence/zephyr-candidate/zephyr/kernel/CMakeFiles/kernel.dir/float.c.obj	658dbf5efe79ea6948244b5db6019dced9c8a58fb00ef4bef114fa4a9902cb2f
nrf-evidence/zephyr-candidate/zephyr/kernel/CMakeFiles/kernel.dir/idle.c.obj	20fa072289082b8667809341165c2747863ff22460fad07bdea69ecd33f013c7
nrf-evidence/zephyr-candidate/zephyr/kernel/CMakeFiles/kernel.dir/init.c.obj	28309cf1756e7c856d45d496648166ea3b353d9e241a68b283da51877ec908bd
nrf-evidence/zephyr-candidate/zephyr/kernel/CMakeFiles/kernel.dir/kheap.c.obj	0389616f6460d7a0552d2de51b962cc5a37704c0ef4f4c03d38d6b0f64a0338e
nrf-evidence/zephyr-candidate/zephyr/kernel/CMakeFiles/kernel.dir/mailbox.c.obj	73b5b1d4079a71c65abe96b91f3813f28b2759f09e30aab127f34f4affb94c3b
nrf-evidence/zephyr-candidate/zephyr/kernel/CMakeFiles/kernel.dir/main_weak.c.obj	c646bd703bf3875fe0e8f11044988a2f330c5cb706522f15360ef6e26c27faf0
nrf-evidence/zephyr-candidate/zephyr/kernel/CMakeFiles/kernel.dir/mem_slab.c.obj	f8487f1b65a5d0e58d94d6c6a3e7534d398696b4079c4ac75b123d6957fea89a
nrf-evidence/zephyr-candidate/zephyr/kernel/CMakeFiles/kernel.dir/mempool.c.obj	0a8c006aaeee0331a4a96b3e2a83f6d1dba70b41e193b79ce04ddef7bcfa99f9
nrf-evidence/zephyr-candidate/zephyr/kernel/CMakeFiles/kernel.dir/msg_q.c.obj	994870d2c7150b42b2fd0bb20f29f39f1417c7354962c7a1a4046406f4b7ad3e
nrf-evidence/zephyr-candidate/zephyr/kernel/CMakeFiles/kernel.dir/mutex.c.obj	76ce128d11f0e66c98f989955ef8362771907209218a36ae8ffaa0396f3837a0
nrf-evidence/zephyr-candidate/zephyr/kernel/CMakeFiles/kernel.dir/pipe.c.obj	ea9e23c3069fb7ace49e873f493f8b0f27d3f497acd040b5c68d59fa88787697
nrf-evidence/zephyr-candidate/zephyr/kernel/CMakeFiles/kernel.dir/queue.c.obj	1194074a7b8c0570b7ab728159ff6917ff2aa1025b2023f2b5c067ae143c76a0
nrf-evidence/zephyr-candidate/zephyr/kernel/CMakeFiles/kernel.dir/sched.c.obj	5314d7bab00c2b0e82504b8fa29d6946b60c6b07793f43062ae696dc6f165c00
nrf-evidence/zephyr-candidate/zephyr/kernel/CMakeFiles/kernel.dir/sem.c.obj	86ae3edd962a89a32aee8661efa41d2bfb7c3274641980a9e2154918978a9175
nrf-evidence/zephyr-candidate/zephyr/kernel/CMakeFiles/kernel.dir/stack.c.obj	38e0caab47874cd0c1dbc71df3276fb7003a9dae9c37717d8320a366181ef7ee
nrf-evidence/zephyr-candidate/zephyr/kernel/CMakeFiles/kernel.dir/system_work_q.c.obj	7c249a16e707c455a5b6e9cd0dabe2c2a6ea413ce39ac62d241fe365dce72408
nrf-evidence/zephyr-candidate/zephyr/kernel/CMakeFiles/kernel.dir/thread.c.obj	2cf0732ca945f3996c0639b538a073014403446f80e116840763aefe7ba11bfd
nrf-evidence/zephyr-candidate/zephyr/kernel/CMakeFiles/kernel.dir/timeout.c.obj	357f2e625c210601291f8212aa041d65df080f83400afd6e8f48b7cda617e1bb
nrf-evidence/zephyr-candidate/zephyr/kernel/CMakeFiles/kernel.dir/timer.c.obj	2639285845aa5679771bf12cf733fe7c64e0c54d8fb8cf10975d7e8cc77d3601
nrf-evidence/zephyr-candidate/zephyr/kernel/CMakeFiles/kernel.dir/timeslicing.c.obj	34dd3f0e97f75089b87602f64f6032df24540c3a456792b33ffc5714d857f170
nrf-evidence/zephyr-candidate/zephyr/kernel/CMakeFiles/kernel.dir/version.c.obj	93c32c9c5e71075141fce707296ff2a74bf0e7be0114842fa17e206a75e1e887
nrf-evidence/zephyr-candidate/zephyr/kernel/CMakeFiles/kernel.dir/work.c.obj	b596d0c7abf05e9aeb7876c114e0f8d6ec02df74a652bfad4c85cd5c5044ebef
nrf-evidence/zephyr-candidate/zephyr/kernel/cmake_install.cmake	a2568b4cee0f05c1aad7c6bc515b48bf947307567f975f1c8ff6b4ba15b1b062
nrf-evidence/zephyr-candidate/zephyr/kernel/libkernel.a	3defb7f0f01936a6afbd67f449d7062297b56d79a70a8d7258b82cae81a2b176
nrf-evidence/zephyr-candidate/zephyr/lib/cmake_install.cmake	0020046cbdbb94657aec09e73e51af12e7283194eca434e944e7686b2a87c116
nrf-evidence/zephyr-candidate/zephyr/lib/hash/cmake_install.cmake	8621e69411c3e307e7795b0fc133c34747b13ea2bdaffb786169c8cee3f4587f
nrf-evidence/zephyr-candidate/zephyr/lib/heap/cmake_install.cmake	d742839f87051c173bb7ea640e9bab15a949da0f97da2d9d2644aa355019b819
nrf-evidence/zephyr-candidate/zephyr/lib/libc/cmake_install.cmake	cc66ee9234c563a0245a9c2bcc461719c0e6358b797cf30b104a89b19b82c185
nrf-evidence/zephyr-candidate/zephyr/lib/libc/common/CMakeFiles/lib__libc__common.dir/source/stdlib/abort.c.obj	b52c44354617f81858380f8978e1633f52ed214b18789603fcc4a76ea6c9d194
nrf-evidence/zephyr-candidate/zephyr/lib/libc/common/CMakeFiles/lib__libc__common.dir/source/stdlib/malloc.c.obj	aa68cbca3f9e85e1310b6ce6c9a589a6d583eaf4205813bb0cd1825f7765aaaf
nrf-evidence/zephyr-candidate/zephyr/lib/libc/common/CMakeFiles/lib__libc__common.dir/source/time/time.c.obj	04396bc4bf1034210b8bc1cf81e3d6a2ee8d0ac40c64d6d09c049b10dae335ed
nrf-evidence/zephyr-candidate/zephyr/lib/libc/common/cmake_install.cmake	0b106268f179d9799dfb30bb62dce6f1d96bb35ccb895b7f7320307a5c1a1f83
nrf-evidence/zephyr-candidate/zephyr/lib/libc/common/liblib__libc__common.a	1a19df6f6cd276080a8339e812ab73ba0a36bfbaf7641d2d4740eea5dc546cf5
nrf-evidence/zephyr-candidate/zephyr/lib/libc/picolibc/CMakeFiles/lib__libc__picolibc.dir/assert.c.obj	2396302277e0f8feb5dfc0d04df090d72f1679209a020f51b95d7f3ccbe41c8a
nrf-evidence/zephyr-candidate/zephyr/lib/libc/picolibc/CMakeFiles/lib__libc__picolibc.dir/cbprintf.c.obj	c370bb5de325fec79018d2b1bd58b328257796568a038f722941107d9e58f018
nrf-evidence/zephyr-candidate/zephyr/lib/libc/picolibc/CMakeFiles/lib__libc__picolibc.dir/chk_fail.c.obj	e812793599ed536e220ce6501cc56720e0f99d06f98ac6c66569d518fd90ff64
nrf-evidence/zephyr-candidate/zephyr/lib/libc/picolibc/CMakeFiles/lib__libc__picolibc.dir/errno_wrap.c.obj	4c02fd661bae3463842c2efba1b3c40c90d5e3b2302f820a937abdbb935ad87a
nrf-evidence/zephyr-candidate/zephyr/lib/libc/picolibc/CMakeFiles/lib__libc__picolibc.dir/exit.c.obj	48c644c583c5b7a11e39e62256f0faf2ace37a717d6ff0f51afe44c7d8f840f5
nrf-evidence/zephyr-candidate/zephyr/lib/libc/picolibc/CMakeFiles/lib__libc__picolibc.dir/locks.c.obj	f6981b8d69884969cc61133abcf642a58087b667239b3cf4ced45b4e100674b5
nrf-evidence/zephyr-candidate/zephyr/lib/libc/picolibc/CMakeFiles/lib__libc__picolibc.dir/stdio.c.obj	8439cdc9d9994aa92e02aabdf6a9f95526d2b372c95a9a65b6798c0343ddcf42
nrf-evidence/zephyr-candidate/zephyr/lib/libc/picolibc/cmake_install.cmake	a906e97cc16b5655efc4c338f5a30b7856954dd8b411e1c0dfdfe53683b25a60
nrf-evidence/zephyr-candidate/zephyr/lib/libc/picolibc/liblib__libc__picolibc.a	93af78fb914391675257631db8149337309e96fa45e0dd38e07410cac200ec84
nrf-evidence/zephyr-candidate/zephyr/lib/mem_blocks/cmake_install.cmake	3b873a266b6b24772445e34c5a909b61198ee8a5441addf5720e43f501cdea26
nrf-evidence/zephyr-candidate/zephyr/lib/midi2/cmake_install.cmake	573824c9e085809a1ed81385ae62277cb66870cc50a0806e957204f0505c7d63
nrf-evidence/zephyr-candidate/zephyr/lib/os/cmake_install.cmake	96c5b67504f6f0a3ab5ab23c8a09fe2e1433cf9cfa1835028f1ff3c31a1fbebf
nrf-evidence/zephyr-candidate/zephyr/lib/posix/c_lang_support_r/cmake_install.cmake	f0ec0e5cffc4fee05ebd7a38fa0afb506b6bf5d85c527177bddaed9c8eb22c31
nrf-evidence/zephyr-candidate/zephyr/lib/posix/c_lib_ext/CMakeFiles/lib__posix__c_lib_ext.dir/fnmatch.c.obj	89d28801667a76200b3dca0fa4886c81e99ecc1f17a7ed0b7ed910c1a1a68fe6
nrf-evidence/zephyr-candidate/zephyr/lib/posix/c_lib_ext/CMakeFiles/lib__posix__c_lib_ext.dir/getentropy.c.obj	d50563f15d74e38b2025759327931ba1a7f5ea91125e80c99f3c3b81cd22794a
nrf-evidence/zephyr-candidate/zephyr/lib/posix/c_lib_ext/CMakeFiles/lib__posix__c_lib_ext.dir/getopt/getopt.c.obj	166082b6af27fd8d689154c68057eaa0a2ea94f86714be2c9c1860e761a3a2dd
nrf-evidence/zephyr-candidate/zephyr/lib/posix/c_lib_ext/CMakeFiles/lib__posix__c_lib_ext.dir/getopt/getopt_common.c.obj	d9460d3824e08bde51cae3b459e14b9f83106c44b97a9fd879c5f9a3d0ae5f55
nrf-evidence/zephyr-candidate/zephyr/lib/posix/c_lib_ext/cmake_install.cmake	a4773bec1b7341b088876e2f6e8bed11abf9000a62735315ad8784294ff2a6d6
nrf-evidence/zephyr-candidate/zephyr/lib/posix/c_lib_ext/liblib__posix__c_lib_ext.a	3b8879bc389d2a3b09b978013344f0e3a2511e8e2e63ef3dc845a3f94404f0d5
nrf-evidence/zephyr-candidate/zephyr/lib/posix/cmake_install.cmake	aa85c2941571877e3448fdba69c143a3da9e40de7af04a82cfcfdc7e85d59c75
nrf-evidence/zephyr-candidate/zephyr/lib/utils/cmake_install.cmake	e783cbcfe4744acf956e9a2ab3cd95367c339aa08ea9d0a753743ba582ca6b1b
nrf-evidence/zephyr-candidate/zephyr/lib/uuid/cmake_install.cmake	a7f6761f9807db8b6486bb0108e6ded6147770b122d36702ada8446dc018de41
nrf-evidence/zephyr-candidate/zephyr/libzephyr.a	43386cf5a0d924f68bf85e0820c412f763fd1f8d01133c6e5966175f7510a60c
nrf-evidence/zephyr-candidate/zephyr/linker.cmd	57225cd7e34a4e024706bcdb619ce91734334bbe98b9ec3307e4d9930bd39400
nrf-evidence/zephyr-candidate/zephyr/linker.cmd.dep	38fc727fb3271ce08acda6212048d339056a473b7fa7e40484b4d5a836d9cb95
nrf-evidence/zephyr-candidate/zephyr/linker_zephyr_pre0.cmd	20fada1c15f6decb22d94c1587634b08d7a280247f8c93f018fa6efbb2e999e1
nrf-evidence/zephyr-candidate/zephyr/linker_zephyr_pre0.cmd.dep	ae2f322aa85f0c59f70d7a20ee95e97a478d5d965924fd298aa5b6732ae4001c
nrf-evidence/zephyr-candidate/zephyr/misc/generated/configs.c	b743bfc5eed1b758c9619311428c9002afa6698d9e4526ace40efc821e898bab
nrf-evidence/zephyr-candidate/zephyr/misc/generated/struct_tags.json	be1955497c3430f67eef51bf8a83c6d2febcdcf4898e4838fc18d0660046470c
nrf-evidence/zephyr-candidate/zephyr/misc/generated/syscalls.json	924d1bced514cf5704881ba1a7d51a3dae003eb2e37a91eccfd4c1e56818d4bf
nrf-evidence/zephyr-candidate/zephyr/misc/generated/syscalls_file_list.txt	622347c5d668b9753c1c1c70affa958e45793e51e91f0405814c0e9de249af03
nrf-evidence/zephyr-candidate/zephyr/misc/generated/syscalls_subdirs.trigger	e3b0c44298fc1c149afbf4c8996fb92427ae41e4649b934ca495991b7852b855
nrf-evidence/zephyr-candidate/zephyr/misc/generated/syscalls_subdirs.txt	a8514b193018ed185de7441e6c3fb43f765f4e591141872c8b2532b317f1808c
nrf-evidence/zephyr-candidate/zephyr/runners.yaml	c9b0d084ae7ea4a43027b51e2ed0f0fa810794ff46d8d908d7e62d1054758aad
nrf-evidence/zephyr-candidate/zephyr/snippets_generated.cmake	831e032c1e9bd0b77d6ea7198843ba55f06beba8275bf860b9ffb047451684a3
nrf-evidence/zephyr-candidate/zephyr/soc/cmake_install.cmake	42c855bcc6ede360a124dd63fdd6cf79791c4e70f2e3134c82c0a4b1bee4fe7d
nrf-evidence/zephyr-candidate/zephyr/soc/common/cmake_install.cmake	5d795c9a1c9a6fe6b4c96c54b58414e85b812b589013eed417049ce597064e95
nrf-evidence/zephyr-candidate/zephyr/soc/soc/nrf52840/CMakeFiles/soc__nordic.dir/common/reboot.c.obj	034900d88d01344548397530d818a588a3430fb769b73ef22a6b01369c3fece8
nrf-evidence/zephyr-candidate/zephyr/soc/soc/nrf52840/CMakeFiles/soc__nordic.dir/nrf52/soc.c.obj	2e97c9ce494a97426fb120078c9c895345315f8229534f7a47d28855dc5c7d4e
nrf-evidence/zephyr-candidate/zephyr/soc/soc/nrf52840/CMakeFiles/soc__nordic.dir/validate_base_addresses.c.obj	d70259a5ea1ce654cde20793f12b314f4dcf79d42c6b4615707cf94128dd573a
nrf-evidence/zephyr-candidate/zephyr/soc/soc/nrf52840/CMakeFiles/soc__nordic.dir/validate_binding_headers.c.obj	c7023ce1a81f1f7cfe302fc4ff7b25cfbf2b621f924cc2784f31ed7e983ca1cd
nrf-evidence/zephyr-candidate/zephyr/soc/soc/nrf52840/CMakeFiles/soc__nordic.dir/validate_enabled_instances.c.obj	eec90f18e9c925948d3e53f7f80c74d9d08056a3b71d68e9da83f34de0c8b2eb
nrf-evidence/zephyr-candidate/zephyr/soc/soc/nrf52840/cmake_install.cmake	49923a6eb901c84b4e33911ca565b1bba7e2815b16f3c38544bbfe7cde646cd2
nrf-evidence/zephyr-candidate/zephyr/soc/soc/nrf52840/common/cmake_install.cmake	9289666e01c8f7c77cf650589cbdcc426d7f64810284c796a5211d80db142a6f
nrf-evidence/zephyr-candidate/zephyr/soc/soc/nrf52840/common/uicr/cmake_install.cmake	60aa7485fe13b3d98e516d3e01f31e77e07179b981a7464637eb6c61483f2baa
nrf-evidence/zephyr-candidate/zephyr/soc/soc/nrf52840/libsoc__nordic.a	3a1335fef18663bc2f2a969eafc8c0ca8f4b209acf139aa15724efa0d51b4496
nrf-evidence/zephyr-candidate/zephyr/soc/soc/nrf52840/nrf52/cmake_install.cmake	0faa9a0ea5790c3c0e874c6d2f273e92ff62752f84af810b90978b9b4f435022
nrf-evidence/zephyr-candidate/zephyr/subsys/canbus/cmake_install.cmake	4fad8f7c9fa7ff26b570c7c6789524f7ff4a36c6fc92641a217c98e9745e374b
nrf-evidence/zephyr-candidate/zephyr/subsys/cmake_install.cmake	be682c4cc942b9ab1e1d4d669349d9e994e41b781db7d437facfd288260b038b
nrf-evidence/zephyr-candidate/zephyr/subsys/debug/cmake_install.cmake	9d8cad74529557d0ad4d87385c0a5c407a45824b1d8bd83b6d7d782ea4445c47
nrf-evidence/zephyr-candidate/zephyr/subsys/fb/cmake_install.cmake	cddefd7dc0258b63d32950e1bfc981d72bba8b4cadbe301f6ad3c464308e24ad
nrf-evidence/zephyr-candidate/zephyr/subsys/fs/cmake_install.cmake	1e543e126bb9b44ca0e4a70dfc025ee7442b1a37c0d86371b7e6c7ea86d5eed2
nrf-evidence/zephyr-candidate/zephyr/subsys/gnss/cmake_install.cmake	3f1b58b20ea91023c435ff772de75b488fb016fa2fb6d712dfe73ca9a5882e57
nrf-evidence/zephyr-candidate/zephyr/subsys/instrumentation/cmake_install.cmake	db455a9b7f5fe031f3f6fa4720e9b2732aeb64017878c02223f0a6cdf92eb30a
nrf-evidence/zephyr-candidate/zephyr/subsys/ipc/cmake_install.cmake	c8fd075541eb6ce9b16db029af82f6fec212bfeae053b50fdd69adc674af9e44
nrf-evidence/zephyr-candidate/zephyr/subsys/logging/backends/cmake_install.cmake	2864a63452b366a91b94dfb87d02c47e6184d199effda6b06fba8bd006aa3e5b
nrf-evidence/zephyr-candidate/zephyr/subsys/logging/cmake_install.cmake	7525e4c9f90b2bc881caf85d556e19149f1e074b2448b5662387153124804ddc
nrf-evidence/zephyr-candidate/zephyr/subsys/logging/frontends/cmake_install.cmake	f78381c41bb54b1006f0c8e9bc384d239d544f4d8cd6e699e5d7cf430ec6a3ca
nrf-evidence/zephyr-candidate/zephyr/subsys/mem_mgmt/cmake_install.cmake	bc952a80caf637c41370ed8ac4c02dd7a4604092d361b38ada7a56b640fcbbc6
nrf-evidence/zephyr-candidate/zephyr/subsys/mgmt/cmake_install.cmake	08b5f1a01c612efdf916530bebeb32d1633c4c6dc4eb986860235c25323031eb
nrf-evidence/zephyr-candidate/zephyr/subsys/modbus/cmake_install.cmake	f48d49b877cb93628a9683aecf3559246a89e0bb70c2a23dc5a21acdaf164970
nrf-evidence/zephyr-candidate/zephyr/subsys/pm/cmake_install.cmake	189756e0171954353d6bc062fac82a2b9d44a2d4bb6ebc90d329bb3b50b89285
nrf-evidence/zephyr-candidate/zephyr/subsys/pm/policy/cmake_install.cmake	03e037833fcb23336acb629ac4d416b22f7cae41908c8254a4400934c769820a
nrf-evidence/zephyr-candidate/zephyr/subsys/pmci/cmake_install.cmake	79e134081b14fd3ee5d2baab04fef8e7a73e975989c41e82d4014147f85408e6
nrf-evidence/zephyr-candidate/zephyr/subsys/portability/cmake_install.cmake	568c2e46f4ea88b45a5d7b7bba7260d135c85a787824a5ae40941767fb0c108a
nrf-evidence/zephyr-candidate/zephyr/subsys/random/cmake_install.cmake	1eddd962ea27f13f9771a61f6950ed4505cac76b465288482babb63686488661
nrf-evidence/zephyr-candidate/zephyr/subsys/rtio/cmake_install.cmake	8659d6a45dcf5b71db042f762d5ee3a6672ecbdf466f509e486a5336df531a8d
nrf-evidence/zephyr-candidate/zephyr/subsys/sd/cmake_install.cmake	7aef25ad169bb0a531aec3477caa4f5f11c966fb7fbdb20a65430e0fce43b294
nrf-evidence/zephyr-candidate/zephyr/subsys/stats/cmake_install.cmake	482dc654129e113f9a931494321edc99222ae1e92a7e442b8beaf4de26f88e9d
nrf-evidence/zephyr-candidate/zephyr/subsys/storage/cmake_install.cmake	0642f0c9aceac6e71ea7d3d75dbe0d78dc6d6336bfdf0c96172794b18f871823
nrf-evidence/zephyr-candidate/zephyr/subsys/task_wdt/cmake_install.cmake	ad8d62bebd4763cfe7ec1303e090981b01794660bce32f4286a9569965a56719
nrf-evidence/zephyr-candidate/zephyr/subsys/testsuite/cmake_install.cmake	76ce9edb184f412244e45682021057eca326b9a4680ed812bac210203044a170
nrf-evidence/zephyr-candidate/zephyr/subsys/tracing/cmake_install.cmake	d81276b4dde3b0f2b8247db7ecb8e80646c012d597bf47f3b940e1d0ea0cfb06
nrf-evidence/zephyr-candidate/zephyr/subsys/usb/cmake_install.cmake	431d807b34fb9268655179255540175c98f5405b8fdfd40826463217db2a0127
nrf-evidence/zephyr-candidate/zephyr/syscall_weakdefs_llext.c	7d70f19903ab82dc62c5a3e7ca58f858734009fa220fe11809eadc300f3db16d
nrf-evidence/zephyr-candidate/zephyr/zephyr.bin	096835c1482fe045790bc65a607569fb15fdc2eadd9717a4622cc26026c5adcc
nrf-evidence/zephyr-candidate/zephyr/zephyr.dts	ab856f2e1c1942f3f4d9d997ed3a062c54e5b2012db5100ae49001705f6f0cea
nrf-evidence/zephyr-candidate/zephyr/zephyr.dts.d	e5dc41f6fbe53c2c9e12b48515642cb5d19bb9e32a36f222f37b39f3df52f555
nrf-evidence/zephyr-candidate/zephyr/zephyr.dts.pre	f8fc55ceec28d4f00d61f9cc02851007b6ccdbcaef38a43f109df8634cb49066
nrf-evidence/zephyr-candidate/zephyr/zephyr.elf	0877d944ebd78fab1a5b573e68370b70130702dc50407fe94bca149a3a0b4d3f
nrf-evidence/zephyr-candidate/zephyr/zephyr.hex	99cc02b48daeb9861c1b20ed8db6218582834084c4d2babc10133baeb966bfc2
nrf-evidence/zephyr-candidate/zephyr/zephyr.map	083af433c06f4461a17ecb914c1eb1970e8f4b90a3e3fcc052263f52c5a771b3
nrf-evidence/zephyr-candidate/zephyr/zephyr.stat	85b75dd6b9b5c78126533730beb34f80b6191b89572625b9aaf7edb904102cb9
nrf-evidence/zephyr-candidate/zephyr/zephyr_final.map	083af433c06f4461a17ecb914c1eb1970e8f4b90a3e3fcc052263f52c5a771b3
nrf-evidence/zephyr-candidate/zephyr/zephyr_pre0.elf	e98d6663ca6f5d1416cd07874b239adb2e3249ff42544f204d410018db2973aa
nrf-evidence/zephyr-candidate/zephyr/zephyr_pre0.map	2874fa23522f5d7019f66e82cb92769b9dd194e3b3a661f68c6ac540edbb69ed
nrf-evidence/zephyr-candidate/zephyr_modules.txt	4e59cebd26002c9ab63342ba0a3d9f8910dca953c73b5e054079e400033ccafa
nrf-evidence/zephyr-candidate/zephyr_settings.txt	ee1ccb96f462d4c661e81d5410888314870a52bd71b57701b5f7a46aa95a1d49
package.json	3ac149e5098470c92476f8a3a833cf6b87b6f7e861d4652a63aa13e8d9d1a52b
prerequisites.tsv	a3be6f8d0e8131dda447e08a11f9a35728cd27e976171804c274d883b1af3650
required-evidence.tsv	a85127bb6cedc4dc300de743f73f840de3af6916df05cc1fba876769201662b8
run.log	92bde704b5ef7b7973edac00a2d08ceb50a7492c962f7f65c74bae2c06953b65
