build/GiftUIFoundationProfileCorpusProbe.ll	a18f3e73b4dd9f8723b3b9365470e34ba0e2b6404df8d21d7ceb8d4ba04bc82b
build/clang-cache/modules.timestamp	e3b0c44298fc1c149afbf4c8996fb92427ae41e4649b934ca495991b7852b855
build/foundation-layout.ll	4022dcd8c8ad8ddfa8c212b367d2437d307eff8ca9739a1a9f6133ed01fe19ec
build/foundation-operation.ll	a2bb68ee69b2640c6521edd45f52b4bd3f9a046444522187cb3f04130e57e1d0
build/swiftpm/arm64-apple-macosx/release/GiftUI-tool.build/ActionHandler.swift.o	9060abbedd736646789d41af150015139d51601ef7690d54880c165f0254d3da
build/swiftpm/arm64-apple-macosx/release/GiftUI-tool.build/BoundedText.swift.o	e06a367f4eb7c20143da9c18a600de1e6859bc4f052f4a106dd440e420c74864
build/swiftpm/arm64-apple-macosx/release/GiftUI-tool.build/Button.swift.o	6f3e3084875eb42ed52cad5d5d19269fc90a3835b225fe47fa880a756f1fe1b8
build/swiftpm/arm64-apple-macosx/release/GiftUI-tool.build/Canvas.swift.o	1b4059e07b9722892a4d92f499e67fbda66a529e22f4224e4dd789f6d6595142
build/swiftpm/arm64-apple-macosx/release/GiftUI-tool.build/Color.swift.o	fc9b6efec63cca13cd139616cc0e99d702dccdc50b67346759d216ab897949fb
build/swiftpm/arm64-apple-macosx/release/GiftUI-tool.build/DeclarativeView.swift.o	9f63e0739f3b83d1d3189ab934febe50214bc672af18760c3f84ae2bc0c024a0
build/swiftpm/arm64-apple-macosx/release/GiftUI-tool.build/Disabled.swift.o	eec64b48973d7855c5a5290cb691785ae5909653ef54e7bb52a81a5d869dcb40
build/swiftpm/arm64-apple-macosx/release/GiftUI-tool.build/DrawingStyles.swift.o	3faf566ca98b8083245a29c24dfee356073041121ba3f966541b33191eeb0aa3
build/swiftpm/arm64-apple-macosx/release/GiftUI-tool.build/DrawingSurface.swift.o	beb78fc6dd6af8f21875de37a97f3932b94ac0ea9e8ed96f0b41ed3a7e2f6c6b
build/swiftpm/arm64-apple-macosx/release/GiftUI-tool.build/GiftUI.d	c54e6e934a0290b4ab7cf8f1caec54d2aacfad48a260828474be8a7bc2d88256
build/swiftpm/arm64-apple-macosx/release/GiftUI-tool.build/GiftUI.dia	2c72d5afff8cce441f2f8299a18215b0bf79605aa7eb05839e38f7949b46c0e2
build/swiftpm/arm64-apple-macosx/release/GiftUI-tool.build/GiftUI.swift.o	bc684783e4d66ddfedebc4833bbb47f64ce8fe8c6dbd3902e87a3894c540e25e
build/swiftpm/arm64-apple-macosx/release/GiftUI-tool.build/LayoutContainers.swift.o	047e0d75faecc75faba59bd71a9cde68962b9479ec1e8b8e8cc36746b656cd9a
build/swiftpm/arm64-apple-macosx/release/GiftUI-tool.build/LayoutModifiers.swift.o	94b82c5083fa217b4da7879ff437a02fd71b5b4fbb07f551ed04a8f8402091ab
build/swiftpm/arm64-apple-macosx/release/GiftUI-tool.build/LayoutValues.swift.o	4e027485fa81cc51cc4236f89140eb3789ff43935db36a515a7cc83768298980
build/swiftpm/arm64-apple-macosx/release/GiftUI-tool.build/ObservableState.swift.o	5aec410c665a8d48a9f93b56e4eaae79afd14e6ed171022770b29625dc02fa40
build/swiftpm/arm64-apple-macosx/release/GiftUI-tool.build/StyleModifiers.swift.o	7081d08d5918a198846f5c8eca4e3c76849ea3426e34a8b30d3bf5bcf3b31d6e
build/swiftpm/arm64-apple-macosx/release/GiftUI-tool.build/Text.swift.o	3c7ff49e8d4c5a48a9c62cdfa20f76cc7320a8160acee606eba578cdf87671fb
build/swiftpm/arm64-apple-macosx/release/GiftUI-tool.build/include/GiftUI-Swift.h	05bf94481a7e1a7b1e3d63de5ce3e51559e47f6910cbfe9762cf0d77d68a2fab
build/swiftpm/arm64-apple-macosx/release/GiftUI-tool.build/include/module.modulemap	e43985e08bad80a93463f9e6ca1cade041f3824425260ee4b50a7352faf85ce9
build/swiftpm/arm64-apple-macosx/release/GiftUI-tool.build/output-file-map.json	fb8060088ff4c3c41cdc7ca00df50bc030723f25ee0d93621d98d756a32e9fdf
build/swiftpm/arm64-apple-macosx/release/GiftUI-tool.build/sources	69ba40856431dc63ab6b0ec024591665f65e51f67d5824626ee2128f0b71ac6f
build/swiftpm/arm64-apple-macosx/release/GiftUIBackendIntegration-tool.build/FullSurfacePayloadEmitter.swift.o	dab2310f35c162cff83e388a20b1a58224772857df959acb7d8c4facc4d38af4
build/swiftpm/arm64-apple-macosx/release/GiftUIBackendIntegration-tool.build/GiftUIBackendIntegration.d	329bec3b86d41552d2ce2e74f4e278861f4314228485a3f99b0b0d2d8725c3e6
build/swiftpm/arm64-apple-macosx/release/GiftUIBackendIntegration-tool.build/GiftUIBackendIntegration.dia	2c72d5afff8cce441f2f8299a18215b0bf79605aa7eb05839e38f7949b46c0e2
build/swiftpm/arm64-apple-macosx/release/GiftUIBackendIntegration-tool.build/OneShotRasterBackendEndpoint.swift.o	bf7566378d473e2c0077ecff65c05275c0a473407e36c53ce8262d3c04f2f0a0
build/swiftpm/arm64-apple-macosx/release/GiftUIBackendIntegration-tool.build/OperationMajorRGB565RasterSession.swift.o	f5e52584fd5bf0d9390f3d7ac291b254a276378e22dac2c33c4384d6886f3b0a
build/swiftpm/arm64-apple-macosx/release/GiftUIBackendIntegration-tool.build/OperationMajorTileTraversal.swift.o	6e1fb6e560258c90fa717e9529a4ef78f3538cf2d18d33e502134dcc5d4c656d
build/swiftpm/arm64-apple-macosx/release/GiftUIBackendIntegration-tool.build/RGB565TilePayloadEmitter.swift.o	64104536aab4207c636b8d9558b0da009b16340809f83c6f73b0e2cb7ddf6a5a
build/swiftpm/arm64-apple-macosx/release/GiftUIBackendIntegration-tool.build/RasterBackendEndpoint.swift.o	bead7019b3d4072f033855e5767217a8c8c246b278fca3afdef8d42ee417bf0c
build/swiftpm/arm64-apple-macosx/release/GiftUIBackendIntegration-tool.build/RasterBackendOwnerFailureAdapter.swift.o	ec289a53090040ef49fed16bcac3926b3f6cbfbe192a6f29ac6c9c5a4b68f73e
build/swiftpm/arm64-apple-macosx/release/GiftUIBackendIntegration-tool.build/RasterBackendStartupValidator.swift.o	1a07611af2c3ac5e756b5dadac248c0ed0737c15c2912eb4185858b6fff5f913
build/swiftpm/arm64-apple-macosx/release/GiftUIBackendIntegration-tool.build/RasterFrameWorkAdmission.swift.o	66d0b87bc0ca4f615f1a22ec39bf8afd243fae9c1b03731ccb8808fba5eb4de7
build/swiftpm/arm64-apple-macosx/release/GiftUIBackendIntegration-tool.build/RasterTextResourceValidation.swift.o	0dab5c8d5f6eac89c1f91a9082edcdfc56a90add117d3de8a089c1e3625e504c
build/swiftpm/arm64-apple-macosx/release/GiftUIBackendIntegration-tool.build/include/GiftUIBackendIntegration-Swift.h	0a305aaba7cc7f2b25743ad7a3ad3e79acd9f2a6eccd3d451d326c9118a614ef
build/swiftpm/arm64-apple-macosx/release/GiftUIBackendIntegration-tool.build/include/module.modulemap	66de04c4038197b438e4d286c4692a09136710087e194b91089ff06ef574a6de
build/swiftpm/arm64-apple-macosx/release/GiftUIBackendIntegration-tool.build/output-file-map.json	75b51a6cabe9a85d741ba16cde351d4c22349652bc928ed9b68944952510487d
build/swiftpm/arm64-apple-macosx/release/GiftUIBackendIntegration-tool.build/sources	e7a6c349925cf27b6de87fff9efc24c1df8f43b0cd9dd5c9eab319f9f354c316
build/swiftpm/arm64-apple-macosx/release/GiftUIBackendIntegrationTests-tool.build/output-file-map.json	1e6a0e67fc9f88e1ad067edb676632777eea74546a7694024325f68bf62fd99c
build/swiftpm/arm64-apple-macosx/release/GiftUICapabilities-tool.build/GiftUICapabilities.d	a0304d5b15a56d4edbcd2e34a01a157e77649ceb824cd6a19ccb42e1694e8032
build/swiftpm/arm64-apple-macosx/release/GiftUICapabilities-tool.build/GiftUICapabilities.dia	2c72d5afff8cce441f2f8299a18215b0bf79605aa7eb05839e38f7949b46c0e2
build/swiftpm/arm64-apple-macosx/release/GiftUICapabilities-tool.build/GiftUICapabilities.swift.o	932029b70152fd163cdd2c71132612ee37356573c40f50c277c637efef3a6a9c
build/swiftpm/arm64-apple-macosx/release/GiftUICapabilities-tool.build/include/GiftUICapabilities-Swift.h	cffa180a510c9e55a49894905ef19f2a65e7ed9a40930ad907df89f93f498abe
build/swiftpm/arm64-apple-macosx/release/GiftUICapabilities-tool.build/include/module.modulemap	427680cbedc2a0497a12244768c2ad575cea5d63188c136c235e2d76ac7652fb
build/swiftpm/arm64-apple-macosx/release/GiftUICapabilities-tool.build/output-file-map.json	084ca92ebd2fa132b57b97f546c171a97791309a53f0855b282da12a872d0802
build/swiftpm/arm64-apple-macosx/release/GiftUICapabilities-tool.build/sources	cbe0bb35354e9e7974748b0bd2b61d8c403c880b5f21c06a5fa1b386cf4fc025
build/swiftpm/arm64-apple-macosx/release/GiftUICapabilitiesTests-tool.build/output-file-map.json	9111e836316aedef1b1347dae25f8d812e77246c9361ccca2b8b991a4fd90b36
build/swiftpm/arm64-apple-macosx/release/GiftUICapabilityAdapterTests-tool.build/output-file-map.json	52bc9ac0dd40c7d576a73adeec29b8f47e28ec75caf4a2dff0cb88003aac9bb3
build/swiftpm/arm64-apple-macosx/release/GiftUICapabilityFailureAdapterFixture-tool.build/CapabilityFailureAdapter.swift.o	2068a9923319f02ec29fbc43c85afa6791929f4085f14e148bb2ab98a05673f5
build/swiftpm/arm64-apple-macosx/release/GiftUICapabilityFailureAdapterFixture-tool.build/GiftUICapabilityFailureAdapterFixture.d	5fc1034dee20274afe616445e5aae0ec6a773d1a086ed8a6a0b9243db8a8d986
build/swiftpm/arm64-apple-macosx/release/GiftUICapabilityFailureAdapterFixture-tool.build/GiftUICapabilityFailureAdapterFixture.dia	2c72d5afff8cce441f2f8299a18215b0bf79605aa7eb05839e38f7949b46c0e2
build/swiftpm/arm64-apple-macosx/release/GiftUICapabilityFailureAdapterFixture-tool.build/include/GiftUICapabilityFailureAdapterFixture-Swift.h	995ea21efb53627505e91a3edc7ea4e17c8722cb3a95a1752514dfeda3c79221
build/swiftpm/arm64-apple-macosx/release/GiftUICapabilityFailureAdapterFixture-tool.build/include/module.modulemap	a5a6bb680b180902043f10cdc3453346d9ab5de5316f0101fdae42b0eb538c92
build/swiftpm/arm64-apple-macosx/release/GiftUICapabilityFailureAdapterFixture-tool.build/output-file-map.json	d6cf889a8853061935a0d5b90e2777812ac60d429e112645e081f9c011a7c649
build/swiftpm/arm64-apple-macosx/release/GiftUICapabilityFailureAdapterFixture-tool.build/sources	749027b898b80f7c9a7976605a2090a1ad98eeb5781e4db57b0a5c96a063863e
build/swiftpm/arm64-apple-macosx/release/GiftUICapabilityFailureAdapterTests-tool.build/output-file-map.json	77757fff01d29faf091453484c8ba3aa18e3ca25a108d4b156de9cf09f5ceb95
build/swiftpm/arm64-apple-macosx/release/GiftUIDisplayCore-tool.build/DisplayContracts.swift.o	951771f9b5766d60a93026f9c5660a34b1352318987deff9d263f954c4d716ca
build/swiftpm/arm64-apple-macosx/release/GiftUIDisplayCore-tool.build/GiftUIDisplayCore.d	4a8cab241b6ee6d8d28d1ba2e27ecdf53a97333221e24021f5ea8d9276a798ba
build/swiftpm/arm64-apple-macosx/release/GiftUIDisplayCore-tool.build/GiftUIDisplayCore.dia	2c72d5afff8cce441f2f8299a18215b0bf79605aa7eb05839e38f7949b46c0e2
build/swiftpm/arm64-apple-macosx/release/GiftUIDisplayCore-tool.build/SurfaceDisplayContributionAdapter.swift.o	38e507cef5058f2f692deebdaccf71cca1c15058b2dcb4763bf6d3f959b624da
build/swiftpm/arm64-apple-macosx/release/GiftUIDisplayCore-tool.build/include/GiftUIDisplayCore-Swift.h	eda77275e65446be1f54f20b04890429b3729848b4863191d2874f26e88fe58d
build/swiftpm/arm64-apple-macosx/release/GiftUIDisplayCore-tool.build/include/module.modulemap	35dd0542ea13c59f90e07f872bd2e83aa0ea8e9bbb45fc8d199776b032662e59
build/swiftpm/arm64-apple-macosx/release/GiftUIDisplayCore-tool.build/output-file-map.json	13dbe4bcd36dbb83edac2f199418e74c53351279bfd15b3813b16f5878a1505a
build/swiftpm/arm64-apple-macosx/release/GiftUIDisplayCore-tool.build/sources	6b5406274d8fb531b8465dfe752b45337de183d82199d7c744e4e4865ed918a1
build/swiftpm/arm64-apple-macosx/release/GiftUIDisplayCoreTests-tool.build/output-file-map.json	20327e759f0ffff658694cf2864ba1ec0d25903b3998fd944613330664e6e8b7
build/swiftpm/arm64-apple-macosx/release/GiftUIDrawing-tool.build/CanvasInvocationSource.swift.o	f91827e6d55f18cdca64b9db8638085fa61a0be82e534b26181baea3225c0bfa
build/swiftpm/arm64-apple-macosx/release/GiftUIDrawing-tool.build/CanvasPlanProducer.swift.o	d3e4247182472e553188ca7e22ace48880926b66c8255055cb54a21f9e1f0a81
build/swiftpm/arm64-apple-macosx/release/GiftUIDrawing-tool.build/CanvasRenderProducer.swift.o	31c847d182600e26b5d2f306f127ccf3d3d76a464d2c47e6d8e1f7a22d001353
build/swiftpm/arm64-apple-macosx/release/GiftUIDrawing-tool.build/DrawingLimits.swift.o	4b921a6b1c7aeea43a147b1bfe45da8a673d68be19d20f7140ce3eca2ad491e4
build/swiftpm/arm64-apple-macosx/release/GiftUIDrawing-tool.build/DrawingPlan.swift.o	ff887dca701323736085880abe702e1edc0d08f9f08b17e1f498088e21fc6c43
build/swiftpm/arm64-apple-macosx/release/GiftUIDrawing-tool.build/DrawingValues.swift.o	572599efcb3a3b0e0407a710b8a6ab81de6c9a35c0ce1d85716d3dcad8851776
build/swiftpm/arm64-apple-macosx/release/GiftUIDrawing-tool.build/GiftUIDrawing.d	e53197377dd1ced09d451eae2c0a0bab5039a109febf8fee3707b1f19411c0d1
build/swiftpm/arm64-apple-macosx/release/GiftUIDrawing-tool.build/GiftUIDrawing.dia	2c72d5afff8cce441f2f8299a18215b0bf79605aa7eb05839e38f7949b46c0e2
build/swiftpm/arm64-apple-macosx/release/GiftUIDrawing-tool.build/GiftUIDrawing.swift.o	d273b6f05290d4511ea4c7bbcea95b1832c4cfef495f9d5a87b8155d9465cd06
build/swiftpm/arm64-apple-macosx/release/GiftUIDrawing-tool.build/PathConstruction.swift.o	2b0bb59fe6386016fe2c600a07125640ddb5c2aa1195ea22404e252e567f5ce7
build/swiftpm/arm64-apple-macosx/release/GiftUIDrawing-tool.build/StaticCanvasCallableTable.swift.o	9b851bfdec7f0979db8f5a175a85498b498c7d3699dd237cb4c3263769e29c1c
build/swiftpm/arm64-apple-macosx/release/GiftUIDrawing-tool.build/StrokeSnapshot.swift.o	3728eb513d77ff137a690e77e3b3f4f31593b10cce44f0137e52b319727067d4
build/swiftpm/arm64-apple-macosx/release/GiftUIDrawing-tool.build/include/GiftUIDrawing-Swift.h	bea116b99217682202ba00369d07d0e40d2054a60f9a7b3563a7a6c18a18aee4
build/swiftpm/arm64-apple-macosx/release/GiftUIDrawing-tool.build/include/module.modulemap	0e9e2a2af880266e04d15d3c82e468d19bc1cfc91863ae844e9d23b198131150
build/swiftpm/arm64-apple-macosx/release/GiftUIDrawing-tool.build/output-file-map.json	07ca3d27ed4422f5d82253b03d3363a52fac16e33cd2905525250b3528771600
build/swiftpm/arm64-apple-macosx/release/GiftUIDrawing-tool.build/sources	26e4362166c465faf22723279d85bbb67eb0a8a63914e55d532cea5d648aae76
build/swiftpm/arm64-apple-macosx/release/GiftUIDrawingFailureAdapterFixture-tool.build/GiftUIDrawingFailureAdapterFixture.d	8c2c36be52ec19cb0c7810eba824226577858133b5cc1e9a4448e1a165e28e93
build/swiftpm/arm64-apple-macosx/release/GiftUIDrawingFailureAdapterFixture-tool.build/GiftUIDrawingFailureAdapterFixture.dia	2c72d5afff8cce441f2f8299a18215b0bf79605aa7eb05839e38f7949b46c0e2
build/swiftpm/arm64-apple-macosx/release/GiftUIDrawingFailureAdapterFixture-tool.build/GiftUIDrawingFailureAdapterFixture.swift.o	039db6db713f727e02954cff669870a82c9847d437d89bf6fe3c8b7c7100b770
build/swiftpm/arm64-apple-macosx/release/GiftUIDrawingFailureAdapterFixture-tool.build/include/GiftUIDrawingFailureAdapterFixture-Swift.h	1bef5b9be06c3e2f9f3c96e883ff898e0192a77b733939b0032bef40d4bfca4b
build/swiftpm/arm64-apple-macosx/release/GiftUIDrawingFailureAdapterFixture-tool.build/include/module.modulemap	0b7d486de3d4f232b7f9cf5d27069dda7d9570491ce1c84ca374519da1ddccb3
build/swiftpm/arm64-apple-macosx/release/GiftUIDrawingFailureAdapterFixture-tool.build/output-file-map.json	5f2bcab7632583fb8b53c67f5531276dcfa5915eaa9bfa2f6c05ab8233293a58
build/swiftpm/arm64-apple-macosx/release/GiftUIDrawingFailureAdapterFixture-tool.build/sources	16cbe44acc919257e182aa592cb216b819240e4e03b476165881c35506e345e5
build/swiftpm/arm64-apple-macosx/release/GiftUIDrawingTests-tool.build/output-file-map.json	2a3dd672c4414c7b2f69cc01f6202296a159d606ae64cf819e12f08aa2a61df0
build/swiftpm/arm64-apple-macosx/release/GiftUIDynamicConveniences-tool.build/DynamicCanvas.swift.o	a609e9d3de694547f5ade7c4e10e36d17d81eefc6ca653fad9d35f41057320b2
build/swiftpm/arm64-apple-macosx/release/GiftUIDynamicConveniences-tool.build/GiftUIDynamicConveniences.d	980e4a8c47ba4c7ff074b1fa40dcdc845d06c31bbcc5ab48c009d2ee8e373a4d
build/swiftpm/arm64-apple-macosx/release/GiftUIDynamicConveniences-tool.build/GiftUIDynamicConveniences.dia	2c72d5afff8cce441f2f8299a18215b0bf79605aa7eb05839e38f7949b46c0e2
build/swiftpm/arm64-apple-macosx/release/GiftUIDynamicConveniences-tool.build/include/GiftUIDynamicConveniences-Swift.h	6f520614ff2325f27a07bcbee27f1d3ae2ded3fcc304084750337f2428dc8cba
build/swiftpm/arm64-apple-macosx/release/GiftUIDynamicConveniences-tool.build/include/module.modulemap	82ec3f6ddf250aae6181cd278686f0167800e69746f46dfb30b5fdc223b1dbe7
build/swiftpm/arm64-apple-macosx/release/GiftUIDynamicConveniences-tool.build/output-file-map.json	eff2faa153426f00dbdccaec278e0a196c3ac5621dd90d26ac2aa83f15ed33c5
build/swiftpm/arm64-apple-macosx/release/GiftUIDynamicConveniences-tool.build/sources	009a3310b9836bd5cc4735fc44d145cdba9e73e0c43a02f9c9ee7fba0d114f51
build/swiftpm/arm64-apple-macosx/release/GiftUIExecution-tool.build/AdmissionValues.swift.o	bcadbc2c78f62acd4d0f64985c874c9950a11228b8e3e84f7063b6d111ceed30
build/swiftpm/arm64-apple-macosx/release/GiftUIExecution-tool.build/ExecutionAdmissionController.swift.o	5059956724a802a07afa01d66de73faa624aaa222298f2211796bf7dd4b6b43f
build/swiftpm/arm64-apple-macosx/release/GiftUIExecution-tool.build/ExecutionAdmissionSealTransaction.swift.o	d3f93b1167dbde14fc35e663e07b856ded7232beb60646a904eecfb3297b5bc5
build/swiftpm/arm64-apple-macosx/release/GiftUIExecution-tool.build/ExecutionAdmissionSealer.swift.o	2dc6d43be83d0f5e188ab7b3c96e0f403c67ec46c9e57bd4d37c32fb81feb6e7
build/swiftpm/arm64-apple-macosx/release/GiftUIExecution-tool.build/ExecutionMutationBatch.swift.o	36ce1287bd4967646f4786d4fb2b8a3bcbbf17c3f35a6262c872578ded85c203
build/swiftpm/arm64-apple-macosx/release/GiftUIExecution-tool.build/ExecutionOpportunityRunner.swift.o	9d78c06eb7786d918b3268d55753a66077aa8e01a6d6d1a2a3faeacccc31db8d
build/swiftpm/arm64-apple-macosx/release/GiftUIExecution-tool.build/ExecutionPhaseMachine.swift.o	e6bb7273d1ad5ffd365a2942e25fb384bad53ec467e5249f9830d12b728dbee2
build/swiftpm/arm64-apple-macosx/release/GiftUIExecution-tool.build/ExecutionValues.swift.o	53a216ca0f015826daecb5628a0965fd3695ab5dda39babf624d59166caf350d
build/swiftpm/arm64-apple-macosx/release/GiftUIExecution-tool.build/ExecutionWakeAccumulator.swift.o	61518e7742285f165bea1ef82a97bd7c67c3cfa17e31550cfabf4c496ad05973
build/swiftpm/arm64-apple-macosx/release/GiftUIExecution-tool.build/FrameHandoffValues.swift.o	0b3adf97cbe031afdb50b4091b0511b906b485bb3a82c4c8dd74bd8fa12587da
build/swiftpm/arm64-apple-macosx/release/GiftUIExecution-tool.build/FrameOfferNormalization.swift.o	56ce9dad180372cad471bb01811d26113de9d0ca6f9854c1d2b76ae9a082bcb4
build/swiftpm/arm64-apple-macosx/release/GiftUIExecution-tool.build/GiftUIExecution.d	f1845b98a057bae7f4ab8d587b596787fd836899c9da3c8951b9b61594e4edd2
build/swiftpm/arm64-apple-macosx/release/GiftUIExecution-tool.build/GiftUIExecution.dia	2c72d5afff8cce441f2f8299a18215b0bf79605aa7eb05839e38f7949b46c0e2
build/swiftpm/arm64-apple-macosx/release/GiftUIExecution-tool.build/IdentityAllocators.swift.o	9a9e9b1980ec6eec5a3d84a373140bedc9d4d958cca99def86a71a6dddccf905
build/swiftpm/arm64-apple-macosx/release/GiftUIExecution-tool.build/InputSourceSequenceState.swift.o	8fe696b00fd7962df8452f00169e87ed8d41c3f1a7a65eac290a5c3d9caf4539
build/swiftpm/arm64-apple-macosx/release/GiftUIExecution-tool.build/PointerActionCapture.swift.o	eb32bf50dccc9cc3e6b2a6b1d7198805279fae8fa9dda071a1ef902e5d450b5e
build/swiftpm/arm64-apple-macosx/release/GiftUIExecution-tool.build/RecordingCandidateOfferCoordinator.swift.o	dd67ebfc6dc319ef027ad92ef29e8cda7e68199896910c98bb9b6fa8d79ddebd
build/swiftpm/arm64-apple-macosx/release/GiftUIExecution-tool.build/RecordingCycleCoordinator.swift.o	68d663f7e8ab796be10d027a84980f5c1e9a809e5215fa403c17667e7351288a
build/swiftpm/arm64-apple-macosx/release/GiftUIExecution-tool.build/RecordingCycleFinalizer.swift.o	656dddfa7feac0980e794b1b5f828d35b22c312b2dc94eec9cb79f12bbf226b8
build/swiftpm/arm64-apple-macosx/release/GiftUIExecution-tool.build/RecordingDerivationRecovery.swift.o	2c47a5f41a3045258f590978d14e175c5ae5286c30a84786cb8ff4ce8ae012d5
build/swiftpm/arm64-apple-macosx/release/GiftUIExecution-tool.build/RecordingDerivationTransaction.swift.o	9af2846f71d499becb23479ae14b679f2de0e8a1a598750ed556607b5134e554
build/swiftpm/arm64-apple-macosx/release/GiftUIExecution-tool.build/RecordingFocusedFailureSelection.swift.o	5220ca6ce327631d0a3ec07d753f336de269e48b1c25b5fc31c4c2d4be260f93
build/swiftpm/arm64-apple-macosx/release/GiftUIExecution-tool.build/RecordingFrameCommitTransaction.swift.o	d7374e4efd7c436f1eb5776f6e3698ba6cc5889b67680ceae239e891b83112d1
build/swiftpm/arm64-apple-macosx/release/GiftUIExecution-tool.build/RecordingFrameEndpoint.swift.o	3dbab5da8f13258a44b45c106e87cf49a40757d84b41b808b76e43cdbb1ee459
build/swiftpm/arm64-apple-macosx/release/GiftUIExecution-tool.build/RecordingMutationBatch.swift.o	44465147f1da7183d0f989acf5aa3c56f7187b151fbae84ca89bc936123b1b2a
build/swiftpm/arm64-apple-macosx/release/GiftUIExecution-tool.build/RecordingPresentationPendingCoordinator.swift.o	5d38858bb6ec5b0f0385def3156df4ebd601d24e4c7c684473affb2ab9bbcc76
build/swiftpm/arm64-apple-macosx/release/GiftUIExecution-tool.build/RecordingPresentationTerminalRecovery.swift.o	32159e7a904469f45afb075a5ac4fe2f6a99ff341cce0de723f9012ad97670fa
build/swiftpm/arm64-apple-macosx/release/GiftUIExecution-tool.build/RunCycleValues.swift.o	ec9b3069df2714d7e3a35fb6862cc05043c17b6ef199f8af309ffb607a50a8f9
build/swiftpm/arm64-apple-macosx/release/GiftUIExecution-tool.build/WakeValues.swift.o	2d7f5e4fd32ada135a560ce55bd45f2a03f622f07209c5ddb5ee157f06354f83
build/swiftpm/arm64-apple-macosx/release/GiftUIExecution-tool.build/include/GiftUIExecution-Swift.h	0167cada02a06c793f57e938e95134df3f7b8e0db1784850d02bf393fa5c68e9
build/swiftpm/arm64-apple-macosx/release/GiftUIExecution-tool.build/include/module.modulemap	2470ab958c2c6f43da3d9998235b37de43e9cb2242053eccf2a8ec1d87396e1b
build/swiftpm/arm64-apple-macosx/release/GiftUIExecution-tool.build/output-file-map.json	605bac97d631af3f987dc8309d49af6da649cfce05afa7591e38afd9435efdbc
build/swiftpm/arm64-apple-macosx/release/GiftUIExecution-tool.build/sources	a2752ecb0c45bf2199a7e5f76071198519459d6afb5e1b9b07c49283c4b64d64
build/swiftpm/arm64-apple-macosx/release/GiftUIExecutionTests-tool.build/output-file-map.json	295929989022c9d984530c5727ca2681845d75218689d22c324868dd66e455c2
build/swiftpm/arm64-apple-macosx/release/GiftUIFailureCore-tool.build/GiftUIFailureCore.d	ec25b3c4724b072f750f46d45f45c4761bc12815fed0a698657c569148c54d94
build/swiftpm/arm64-apple-macosx/release/GiftUIFailureCore-tool.build/GiftUIFailureCore.dia	2c72d5afff8cce441f2f8299a18215b0bf79605aa7eb05839e38f7949b46c0e2
build/swiftpm/arm64-apple-macosx/release/GiftUIFailureCore-tool.build/GiftUIFailureCore.swift.o	9457d51f71e4823c710edd9ecb2381fc1b698609e9d14f89b46e225c1172cc11
build/swiftpm/arm64-apple-macosx/release/GiftUIFailureCore-tool.build/include/GiftUIFailureCore-Swift.h	00aebc43dbc0f5e4dd0c91d290a5134d21e70a678e83bdf4b5c3f3b756ef9151
build/swiftpm/arm64-apple-macosx/release/GiftUIFailureCore-tool.build/include/module.modulemap	0b0946efc4cbcef53375be4b189bba3e6856de5eb43ed9aba12c45c7c4f912fb
build/swiftpm/arm64-apple-macosx/release/GiftUIFailureCore-tool.build/output-file-map.json	c38586b37b3c0aece7a3148c647e25de2941012390dd313a322ff98d16504997
build/swiftpm/arm64-apple-macosx/release/GiftUIFailureCore-tool.build/sources	e93a61ff9daec0a29293f62049bca4740d8b87d0e352ca6c9987e2b4cd5c824c
build/swiftpm/arm64-apple-macosx/release/GiftUIFailureCoreTests-tool.build/output-file-map.json	8a15c19668c135bdf20c4116b4a760c37b2d26363cc3881c73ff457bcac54d70
build/swiftpm/arm64-apple-macosx/release/GiftUIFailureDiagnostics-tool.build/GiftUIDiagnosticProjector.swift.o	59b8268508364716fb190a8e3aa2f6de27b88f3cc8969fdaabacfd7c3bdf76a4
build/swiftpm/arm64-apple-macosx/release/GiftUIFailureDiagnostics-tool.build/GiftUIFailureDiagnostics.d	5da71a6b7a14f894969e0b7c45f96ad2b53dd5ff671bae7fabb0ef362d66524b
build/swiftpm/arm64-apple-macosx/release/GiftUIFailureDiagnostics-tool.build/GiftUIFailureDiagnostics.dia	2c72d5afff8cce441f2f8299a18215b0bf79605aa7eb05839e38f7949b46c0e2
build/swiftpm/arm64-apple-macosx/release/GiftUIFailureDiagnostics-tool.build/GiftUIFixedDiagnosticBuffer.swift.o	6da6ee4ff0d0b37f1fe592ac895569a7cfb614c8e31c15363b03940217a055cd
build/swiftpm/arm64-apple-macosx/release/GiftUIFailureDiagnostics-tool.build/include/GiftUIFailureDiagnostics-Swift.h	a822a9cbc287819bf0912f18885a46c2aae82d3c22fd9dffc0baede9c7b492c6
build/swiftpm/arm64-apple-macosx/release/GiftUIFailureDiagnostics-tool.build/include/module.modulemap	cffc04aeb979e312552c32d2447472921377d58eef60af778bf4c0ad92a4427c
build/swiftpm/arm64-apple-macosx/release/GiftUIFailureDiagnostics-tool.build/output-file-map.json	0806577bd876357b854deaa8e4942cb7a5910a1e4785e90f42313b9f4d425d6a
build/swiftpm/arm64-apple-macosx/release/GiftUIFailureDiagnostics-tool.build/sources	eff03abc65af2033bdb86c07c17c32159254c067125cc2c7277fc3293a224cc8
build/swiftpm/arm64-apple-macosx/release/GiftUIFailureDiagnosticsTests-tool.build/output-file-map.json	aa4f657add7da3c19b2cd06f92e5769819752ec2d939f3b3f41f1f8c8fa2f57c
build/swiftpm/arm64-apple-macosx/release/GiftUIFailureExecution-tool.build/GiftUICorrelatedFailure.swift.o	ccebd93e411e0401768bb5b069323ee5e7421e7c5d3067685ec1f00625fee1a9
build/swiftpm/arm64-apple-macosx/release/GiftUIFailureExecution-tool.build/GiftUIFailureExecution.d	2797329a79347be8a96e9e4b554cec09d9c6be52e77e7b77760e3dfc407cc894
build/swiftpm/arm64-apple-macosx/release/GiftUIFailureExecution-tool.build/GiftUIFailureExecution.dia	2c72d5afff8cce441f2f8299a18215b0bf79605aa7eb05839e38f7949b46c0e2
build/swiftpm/arm64-apple-macosx/release/GiftUIFailureExecution-tool.build/GiftUIFailureExecution.swift.o	9de6dc27c770acfebce157905f2ce6694f92e348e4e764496d4d61bf4a7c6b81
build/swiftpm/arm64-apple-macosx/release/GiftUIFailureExecution-tool.build/include/GiftUIFailureExecution-Swift.h	ee966e1cda915e604726da21e90754e9891260b437edd5e605660ac923021514
build/swiftpm/arm64-apple-macosx/release/GiftUIFailureExecution-tool.build/include/module.modulemap	73cd414890b2efa24db87fd58ef87d2bf7c2ed8c6f6a33ee0441b5cbf40ca84e
build/swiftpm/arm64-apple-macosx/release/GiftUIFailureExecution-tool.build/output-file-map.json	69c08380bc632b56e7fb9f841fe777bab538080dca73ca96607bad84fe435045
build/swiftpm/arm64-apple-macosx/release/GiftUIFailureExecution-tool.build/sources	b67a9cbb2f3b2b21d73b45ce463ccb588b7903297ec8c79797cd1fb185689495
build/swiftpm/arm64-apple-macosx/release/GiftUIFailureExecutionTests-tool.build/output-file-map.json	971498ee1614c4c4f8a4359ee225a2ac26585c88366dc75d77d15fc424f77fc8
build/swiftpm/arm64-apple-macosx/release/GiftUIFoundationFailureAdapterTests-tool.build/output-file-map.json	0965922999b8d4156a18c8e297e1e4ca32182c1f5eb7ecd74f8f815cac000f78
build/swiftpm/arm64-apple-macosx/release/GiftUIHostConfiguration-tool.build/CheckedMVPHostConfigurationValidator.swift.o	de29641a112deb2a98e86b9af8f48399484a288321ce2c06fde22bb1eed33ae3
build/swiftpm/arm64-apple-macosx/release/GiftUIHostConfiguration-tool.build/GiftUIHostConfiguration.d	6c1fbd9a5c514d4923c7d52ff8703f9cd9f1a6a9fbf3f0a9f7f048668134a444
build/swiftpm/arm64-apple-macosx/release/GiftUIHostConfiguration-tool.build/GiftUIHostConfiguration.dia	2c72d5afff8cce441f2f8299a18215b0bf79605aa7eb05839e38f7949b46c0e2
build/swiftpm/arm64-apple-macosx/release/GiftUIHostConfiguration-tool.build/HostActivationController.swift.o	5ff01afd5bfecbaaf27aca3bd5a6b6cb8d9a2d6d6d0f8f3608702f6e0a509500
build/swiftpm/arm64-apple-macosx/release/GiftUIHostConfiguration-tool.build/HostApplicationOpportunityGate.swift.o	4847a9fb0582cde5ba83d62144d682ddb369d3a97f5ea6b82b8d4a096d8293c7
build/swiftpm/arm64-apple-macosx/release/GiftUIHostConfiguration-tool.build/HostApplicationStartupValidation.swift.o	49437519409332c39d8dd506e16c87e68c2de93f54a9bb112d925037a9a221ad
build/swiftpm/arm64-apple-macosx/release/GiftUIHostConfiguration-tool.build/HostComponentGraphValidation.swift.o	7e8a31fd9a9a8bc2fd457e5fa1fa1857423b75d6ff03d9ae18f7f1b79b6e9da3
build/swiftpm/arm64-apple-macosx/release/GiftUIHostConfiguration-tool.build/HostConfigurationResults.swift.o	416c9590d0119c230da96bedf644547acf71c2b3de1a89f85343d7af9da19a32
build/swiftpm/arm64-apple-macosx/release/GiftUIHostConfiguration-tool.build/HostConfigurationValues.swift.o	8d71f2b3e527e7c7e9fa83b2e633208d45e1174ffa70a4991f42606c8a6e0f7d
build/swiftpm/arm64-apple-macosx/release/GiftUIHostConfiguration-tool.build/HostEndpointHealthController.swift.o	d4bcbf03f341a6cda8d23142cb10092b745599d0c7d720fd25464724e4679e7c
build/swiftpm/arm64-apple-macosx/release/GiftUIHostConfiguration-tool.build/HostEndpointStartupValidation.swift.o	63fd7a738c176ee36640b13c66caa6f4f200a894470bba48ab93fd26ec0726d0
build/swiftpm/arm64-apple-macosx/release/GiftUIHostConfiguration-tool.build/HostFailureAdapter.swift.o	a93113cbb89b7730b87147df3473c8177d2011279085727122b2ba7b832c469f
build/swiftpm/arm64-apple-macosx/release/GiftUIHostConfiguration-tool.build/HostNormalizedInputGate.swift.o	b10aae9571a0f370ea439084d707f2c0376c062157714f93829a2f0044687689
build/swiftpm/arm64-apple-macosx/release/GiftUIHostConfiguration-tool.build/HostPresentationRecovery.swift.o	ab55b32a079a5136f7da6fbc1aab20ed687b3379fdad7f421fd19a7073b4318b
build/swiftpm/arm64-apple-macosx/release/GiftUIHostConfiguration-tool.build/HostPresetBootstrap.swift.o	6ccb55067861f46c9760c18b2df331c9bc8c6f09227878cd5f7613462efd80d2
build/swiftpm/arm64-apple-macosx/release/GiftUIHostConfiguration-tool.build/HostResidualFailureRouting.swift.o	448599562728b44d9ab2493c839f1c5f21a11b0376cd97bbb1836cb82b0ecc2c
build/swiftpm/arm64-apple-macosx/release/GiftUIHostConfiguration-tool.build/HostResidualPolicyContracts.swift.o	a47fdb596d9cf82467b28efb288b20b4c61b7737e56baea364d44f9e29098ecf
build/swiftpm/arm64-apple-macosx/release/GiftUIHostConfiguration-tool.build/HostResidualPolicyTableValidation.swift.o	125748c254eb9665b072b0bff90121c2f28e2a0682ccc1556dc1d19c1084a8e3
build/swiftpm/arm64-apple-macosx/release/GiftUIHostConfiguration-tool.build/HostScheduledOpportunityController.swift.o	fad81afbec9d71dde185437fec28545266a034a7be831edafc63a3df0b7beae1
build/swiftpm/arm64-apple-macosx/release/GiftUIHostConfiguration-tool.build/HostSequencedFactAdmission.swift.o	da9bb199e370af46b2005e56dddae05805298ebd99d0199358c22260ce7db8fc
build/swiftpm/arm64-apple-macosx/release/GiftUIHostConfiguration-tool.build/HostWakePacingController.swift.o	5ab890ce90cd96f13d1d85b6eb298bfdb042ebcf93b39c10fecc35c16582eda8
build/swiftpm/arm64-apple-macosx/release/GiftUIHostConfiguration-tool.build/SignalAnalyzerDrawingStartupValidation.swift.o	210efbbe357ec24aea1374c91677a4db3b1a57c7730b9636c5bdb0b1ee2100cd
build/swiftpm/arm64-apple-macosx/release/GiftUIHostConfiguration-tool.build/SignalAnalyzerPresetHostInstance.swift.o	a54dc3520c8e61dce830a7ec221e65b81f2e9bd2ac9e7d5c9a5826c8849f188b
build/swiftpm/arm64-apple-macosx/release/GiftUIHostConfiguration-tool.build/SignalAnalyzerPresets.generated.swift.o	f08c010fd58f995c7658c2881740d7b6df3c4c588206075639cdcb410811f3a3
build/swiftpm/arm64-apple-macosx/release/GiftUIHostConfiguration-tool.build/SignalAnalyzerWorkloadStartupValidation.swift.o	87a43401e88c0130b7c4270943d3ea1921756d4b34ec88928a6502af1e065afc
build/swiftpm/arm64-apple-macosx/release/GiftUIHostConfiguration-tool.build/include/GiftUIHostConfiguration-Swift.h	df032ee128b717d13355ee81c3f5fb3bbf793f9f202b007ff26ffc2b9bd5c611
build/swiftpm/arm64-apple-macosx/release/GiftUIHostConfiguration-tool.build/include/module.modulemap	e956b7c3d345b70eb90163ca226385805a5ac888ae445aaecb040f1abd8014b9
build/swiftpm/arm64-apple-macosx/release/GiftUIHostConfiguration-tool.build/output-file-map.json	190177e4c136ae28bf6d47092140de823c71d87ef51c5aa28b874a6bf22b03a5
build/swiftpm/arm64-apple-macosx/release/GiftUIHostConfiguration-tool.build/sources	e62a60cc0cb58ef37006107c10ec6fd4b3b0f7c4ef00b75e5ce6e2a7c1b49c00
build/swiftpm/arm64-apple-macosx/release/GiftUIHostConfigurationTests-tool.build/output-file-map.json	c88a0d26d986771ce64c3b48b9560ba7077949b84a571f5dd14fdf34bc19bc9f
build/swiftpm/arm64-apple-macosx/release/GiftUIInteraction-tool.build/EffectiveActionEnabledState.swift.o	fe2e94aebea925fa29a64ac774ad8aa870437f6b41068177bfb6f87813c165da
build/swiftpm/arm64-apple-macosx/release/GiftUIInteraction-tool.build/ExecutionGestureAdapter.swift.o	cfabce90a44062506919a9f546fc05ca119a64b25131ae5054c846eeae752cdd
build/swiftpm/arm64-apple-macosx/release/GiftUIInteraction-tool.build/GiftUIInteraction.d	15d4c8cf6c9e1a8d40eede504b75bc3f5bbc05963044c02c9b159b01fd822b79
build/swiftpm/arm64-apple-macosx/release/GiftUIInteraction-tool.build/GiftUIInteraction.dia	2c72d5afff8cce441f2f8299a18215b0bf79605aa7eb05839e38f7949b46c0e2
build/swiftpm/arm64-apple-macosx/release/GiftUIInteraction-tool.build/InteractionFailurePrecedence.swift.o	06abca2aaa31e1dada8022ed63b659ec358c4cc16aaf7344b1a0d3094204d90b
build/swiftpm/arm64-apple-macosx/release/GiftUIInteraction-tool.build/InteractionState.swift.o	094dc44c19b0f942d2fa8bef6497b9bff50db97fae5779ac2579e22cfea81630
build/swiftpm/arm64-apple-macosx/release/GiftUIInteraction-tool.build/InteractionStorage.swift.o	2a59bf1604f33e841741a1d7fe70355ec81ee0425dbc24c729c35ed90051dbb9
build/swiftpm/arm64-apple-macosx/release/GiftUIInteraction-tool.build/InteractionValues.swift.o	ea54cf97feebc0dd371f21379e331dd0fcd9804f9036cf5703f5ef55e21ecb01
build/swiftpm/arm64-apple-macosx/release/GiftUIInteraction-tool.build/include/GiftUIInteraction-Swift.h	db914067a6e673d141a3cf668d9809acd625a8dda42d5134b1a4bfbf898ffc46
build/swiftpm/arm64-apple-macosx/release/GiftUIInteraction-tool.build/include/module.modulemap	a2d9ab3022fc4c2c62c8c7130dfe0be433c8df0a62ead1c0816748a2620ffdea
build/swiftpm/arm64-apple-macosx/release/GiftUIInteraction-tool.build/output-file-map.json	d1769e80a33f2a3334c7f836f71db2586fc12393d18a56cfe11c600ae1aeb3a6
build/swiftpm/arm64-apple-macosx/release/GiftUIInteraction-tool.build/sources	e3b54b03ba8ee6a89dee9e8ac9af88e1ae60f0e6ee8303accea1ce4b2fed6f5b
build/swiftpm/arm64-apple-macosx/release/GiftUIInteractionFailureAdapterFixture-tool.build/GiftUIInteractionFailureAdapterFixture.d	d602213e6053643b81c89b8e0a6e560d6a10f5675cfe83bd09dba1d966a1203f
build/swiftpm/arm64-apple-macosx/release/GiftUIInteractionFailureAdapterFixture-tool.build/GiftUIInteractionFailureAdapterFixture.dia	2c72d5afff8cce441f2f8299a18215b0bf79605aa7eb05839e38f7949b46c0e2
build/swiftpm/arm64-apple-macosx/release/GiftUIInteractionFailureAdapterFixture-tool.build/InteractionFailureAdapter.swift.o	66683cb57a9f3b5d7546f669d247c7c89c1e845156862c0b6d2305669e93173c
build/swiftpm/arm64-apple-macosx/release/GiftUIInteractionFailureAdapterFixture-tool.build/InteractionFailureContainment.swift.o	ec9fd85454888ac723dae66563835482a9a5e414a7a7f9b551b6d027f3fae867
build/swiftpm/arm64-apple-macosx/release/GiftUIInteractionFailureAdapterFixture-tool.build/include/GiftUIInteractionFailureAdapterFixture-Swift.h	29fd004db70a2f146aa66a2f0ef672231674dfffc2576ab6eb16b194ce9ed350
build/swiftpm/arm64-apple-macosx/release/GiftUIInteractionFailureAdapterFixture-tool.build/include/module.modulemap	658be02f1945b78b61e26bc822ed3b9f394d5fd4243b7c694b4559d58630fd28
build/swiftpm/arm64-apple-macosx/release/GiftUIInteractionFailureAdapterFixture-tool.build/output-file-map.json	0b81d111fb571e2ae57bc8f289950a445c04185819f17b6617691b6644028fb1
build/swiftpm/arm64-apple-macosx/release/GiftUIInteractionFailureAdapterFixture-tool.build/sources	5c1d9e47dc048f028e118c14e7d2ccd4217f89301abd5e25571c81764a575d01
build/swiftpm/arm64-apple-macosx/release/GiftUIInteractionFailureAdapterTests-tool.build/output-file-map.json	2f641cd23f0c61325a8ae77a153d0356224aa3f0092c41ec814614dd8781ced4
build/swiftpm/arm64-apple-macosx/release/GiftUIInteractionTests-tool.build/output-file-map.json	50c3c11cd481c255fb2e5fc289c663c788803de9c53055487f624129f8d19f6e
build/swiftpm/arm64-apple-macosx/release/GiftUILayout-tool.build/GiftUILayout.d	16c0208d1ddeeaed1c91b96793c282fb4ba35a9741f43f4850a3a79c61b2f946
build/swiftpm/arm64-apple-macosx/release/GiftUILayout-tool.build/GiftUILayout.dia	2c72d5afff8cce441f2f8299a18215b0bf79605aa7eb05839e38f7949b46c0e2
build/swiftpm/arm64-apple-macosx/release/GiftUILayout-tool.build/Layout.swift.o	beab7fcf95f0262dd6555b771e56089a94d67290c93cbf2f790f5c4bd3f6a64b
build/swiftpm/arm64-apple-macosx/release/GiftUILayout-tool.build/LayoutCounters.swift.o	48447e618f77beef7a7cca32100648fd8aa90fd0509d8d1e4f94a947e7a8d315
build/swiftpm/arm64-apple-macosx/release/GiftUILayout-tool.build/LayoutEngine.swift.o	7b8639add655098a708bb88d2bdec4ad90180abc515db930f4eef6f5e5d6ad45
build/swiftpm/arm64-apple-macosx/release/GiftUILayout-tool.build/LayoutError.swift.o	5fd973b2900a02feccd0ee8c3a240e09af08e69d8190119ea3416c093710a216
build/swiftpm/arm64-apple-macosx/release/GiftUILayout-tool.build/LayoutGeometry.swift.o	cb02f02fac439b10dbe5a6982fff6c3cd61a550de4f8fb3acd7bf0f5c0bf7c44
build/swiftpm/arm64-apple-macosx/release/GiftUILayout-tool.build/LayoutPublication.swift.o	c551759f36cc12960a4824681384fd62d303e3949c8551a4f59acebc3805a51d
build/swiftpm/arm64-apple-macosx/release/GiftUILayout-tool.build/LayoutResultSink.swift.o	e55d8e92654dbbbaf1c1e2224327ba4cd7649802bfa108d927ec69219c5239a1
build/swiftpm/arm64-apple-macosx/release/GiftUILayout-tool.build/LayoutSemanticValidation.swift.o	e95f2bd509afe44b51bfd0964c5f400004e20a8a8dbba9063c1047abe00b0bac
build/swiftpm/arm64-apple-macosx/release/GiftUILayout-tool.build/LayoutValues.swift.o	b41754c767cb02443401f0fd1c4f12fe2cacaea45663a67f28f6b71783290834
build/swiftpm/arm64-apple-macosx/release/GiftUILayout-tool.build/LayoutWorkspace.swift.o	9b62b48791a53a9dc84fabee92587f2b6f5d7e6d5e734977c7a980c9e955230a
build/swiftpm/arm64-apple-macosx/release/GiftUILayout-tool.build/ResolvedRenderLayoutView.swift.o	b08c418c711d2638d23808bae883b5c58b0e42c6faa95bfe169e209abafcdb0c
build/swiftpm/arm64-apple-macosx/release/GiftUILayout-tool.build/include/GiftUILayout-Swift.h	4f5ad8bee8e05e0bac108851a9173684da17c41dee1349b2019956d7666a8068
build/swiftpm/arm64-apple-macosx/release/GiftUILayout-tool.build/include/module.modulemap	e0d2eb71cb45a800f968f3fa08ce2dc414ad29266d09209505d5f38efc554170
build/swiftpm/arm64-apple-macosx/release/GiftUILayout-tool.build/output-file-map.json	7480ff316d7ce4fab17c4551a9e4a41a10243bddc3c4a127e7ded602e7b42cae
build/swiftpm/arm64-apple-macosx/release/GiftUILayout-tool.build/sources	cb5411dbb9ba2fde4139082eda404c9af84509589104f3f1f593c7a6ddd7e4c5
build/swiftpm/arm64-apple-macosx/release/GiftUILayoutFailureAdapterFixture-tool.build/GiftUILayoutFailureAdapterFixture.d	b2b5d6368ea7db24df52277a6e00c476862cc5a64379e6a92faa36ead619e924
build/swiftpm/arm64-apple-macosx/release/GiftUILayoutFailureAdapterFixture-tool.build/GiftUILayoutFailureAdapterFixture.dia	2c72d5afff8cce441f2f8299a18215b0bf79605aa7eb05839e38f7949b46c0e2
build/swiftpm/arm64-apple-macosx/release/GiftUILayoutFailureAdapterFixture-tool.build/LayoutFailureAdapter.swift.o	10354f8072348fefb45ba5ee4d7c158233ff4f09849beaa6a4a5b82c5f998ada
build/swiftpm/arm64-apple-macosx/release/GiftUILayoutFailureAdapterFixture-tool.build/include/GiftUILayoutFailureAdapterFixture-Swift.h	c1925784808aa24de979ca717c7fe230d38ca9dfd5de960dc420d769407292ef
build/swiftpm/arm64-apple-macosx/release/GiftUILayoutFailureAdapterFixture-tool.build/include/module.modulemap	36a07cf4ded22e961b7c8932bcbd369fe22be22a53ab5f4f461f587bc4253f96
build/swiftpm/arm64-apple-macosx/release/GiftUILayoutFailureAdapterFixture-tool.build/output-file-map.json	22e5098bd2d9ae4f652d088b19d4fb1539f9a9c2ef5bb7316dbc837596e5dbc2
build/swiftpm/arm64-apple-macosx/release/GiftUILayoutFailureAdapterFixture-tool.build/sources	dc0b7fdd248893e73ceaa18cd718a6807bc8b350d17fa1470d6ee995c6ed60b0
build/swiftpm/arm64-apple-macosx/release/GiftUILayoutFailureAdapterTests-tool.build/output-file-map.json	f6ebf8e43ac65e3a1c9b40b56828a5cf62f25465c07adb0c8c32508b18bba1d9
build/swiftpm/arm64-apple-macosx/release/GiftUILayoutTests-tool.build/output-file-map.json	2dc764dd2446c8b43baccb26b9e2b776dbce62b0b6e8df5108667a4ed4c067b2
build/swiftpm/arm64-apple-macosx/release/GiftUIMacros-tool	e67e561e60a0a120b974eb5984dab62fa8c34f0725e7fd26955fe7e5cb264d1c
build/swiftpm/arm64-apple-macosx/release/GiftUIMacros-tool.build/GiftUIMacros.d	43c89a962e3f31bd4063fd59be427016dcbb4c07e243b19f2c21885cebc3ab3c
build/swiftpm/arm64-apple-macosx/release/GiftUIMacros-tool.build/GiftUIMacros.dia	2c72d5afff8cce441f2f8299a18215b0bf79605aa7eb05839e38f7949b46c0e2
build/swiftpm/arm64-apple-macosx/release/GiftUIMacros-tool.build/GiftUIMacros.swift.o	db29a4fb9f30529dea8ad1620c6687c1ebe41669bc7c0e6d6f551b3c686c9635
build/swiftpm/arm64-apple-macosx/release/GiftUIMacros-tool.build/ObservableStateHostMacro.swift.o	2335af563a3fbc33015c054b0ffac21429a6b941ff2383276e57f91060b6d975
build/swiftpm/arm64-apple-macosx/release/GiftUIMacros-tool.build/output-file-map.json	05c74f10ae6ea7332a2b8d1711e6c5cd03ce958007dd15f613e506575bf72533
build/swiftpm/arm64-apple-macosx/release/GiftUIMacros-tool.build/sources	1760c37b5bdf05065c7ff51489bebb8eabb413dded9cda6b1eadb3d7acb9b0da
build/swiftpm/arm64-apple-macosx/release/GiftUIMacros-tool.dSYM/Contents/Info.plist	5cd590500becd54cb98d02ec9a86e8f6bfb96a8e44a3b160b13ff93efdfa618e
build/swiftpm/arm64-apple-macosx/release/GiftUIMacros-tool.dSYM/Contents/Resources/DWARF/GiftUIMacros-tool	7e22fefbb375700b2549b558387987dba36fd5ac00a7b7281a090efa190d4977
build/swiftpm/arm64-apple-macosx/release/GiftUIMacros-tool.dSYM/Contents/Resources/Relocations/aarch64/GiftUIMacros-tool.yml	9694ff8e6ac02de28ba5859b27a2edce632a2a2d45ca068cc9bdf3160fb2f96f
build/swiftpm/arm64-apple-macosx/release/GiftUIMacros-tool.product/Objects.LinkFileList	eb282d8d00d2c0b560612acb60c19a0ea95b06417e57feabc26e29cd630ef26e
build/swiftpm/arm64-apple-macosx/release/GiftUIMacrosTests-tool.build/output-file-map.json	0a6adb6b7bc853dc1eb303480be329e7d64c62a087112f6ffbf0deb3933a8908
build/swiftpm/arm64-apple-macosx/release/GiftUIObservableState-tool.build/GiftUIObservableState.d	dfe0a2892b69627153d33549fee08670f9349d893b38197b7c9f597ed8981a1b
build/swiftpm/arm64-apple-macosx/release/GiftUIObservableState-tool.build/GiftUIObservableState.dia	2c72d5afff8cce441f2f8299a18215b0bf79605aa7eb05839e38f7949b46c0e2
build/swiftpm/arm64-apple-macosx/release/GiftUIObservableState-tool.build/ObservableStateAssociationLifecycle.swift.o	cb936d3505b185b9d9a6208ee9233272d2c307951e6023a2a245b4cb6c2f97f7
build/swiftpm/arm64-apple-macosx/release/GiftUIObservableState-tool.build/ObservableStateAttachmentGenerationAllocator.swift.o	3fb7fcd84a0885dad2f94b39ebea6a349bcc05e636ef08c125371b9eb60df229
build/swiftpm/arm64-apple-macosx/release/GiftUIObservableState-tool.build/ObservableStateBindingDecorator.swift.o	da2d47000830afe5cf40410292e7598d18bba791f0a7f52139bd1960947a068c
build/swiftpm/arm64-apple-macosx/release/GiftUIObservableState-tool.build/ObservableStateCandidateLifecycle.swift.o	c5208756da8773e2b4f77ab46182e3b7b8aabe6f0be321ea9e117cb1e06e48d5
build/swiftpm/arm64-apple-macosx/release/GiftUIObservableState-tool.build/ObservableStateDirtyDerivation.swift.o	80b3655e25f58186169ac08576040ee31614cd74de892f0f65f6858b75c5d718
build/swiftpm/arm64-apple-macosx/release/GiftUIObservableState-tool.build/ObservableStateMutationResultSlot.swift.o	cc597a9e1bd0921d0be18458b3dd99fc8ad9b55bf83d019bf90862e8be82ee90
build/swiftpm/arm64-apple-macosx/release/GiftUIObservableState-tool.build/ObservableStateProtocols.swift.o	08f7c0af5e05cf5882e49765832f00ba5318ee6ab858164b54d6cd5d3fc8be10
build/swiftpm/arm64-apple-macosx/release/GiftUIObservableState-tool.build/ObservableStateRegistrationBridge.swift.o	62c05921df2946ed5642861d2cfe992f5f386b8b7448de7c33f041a6ceabb8c6
build/swiftpm/arm64-apple-macosx/release/GiftUIObservableState-tool.build/ObservableStateRegistrationLifecycle.swift.o	ffce00a397593be1a869200206e86c6bfb48d03147f598678273f8c553372166
build/swiftpm/arm64-apple-macosx/release/GiftUIObservableState-tool.build/ObservableStateReplacementBridge.swift.o	5629796a8f8e72b3b6f97389dfe253c1a41f5963461d4f465f58cad79b78019e
build/swiftpm/arm64-apple-macosx/release/GiftUIObservableState-tool.build/ObservableStateReplacementTransaction.swift.o	acbb191b335f741922f4da84878932867d5261bd691cad534ad0c24b6a9fd667
build/swiftpm/arm64-apple-macosx/release/GiftUIObservableState-tool.build/ObservableStateReportGuard.swift.o	cdbdb33d2df61810a3a64ef1790cbca76244bc72ffad57a87830f3327d890b34
build/swiftpm/arm64-apple-macosx/release/GiftUIObservableState-tool.build/ObservableStateReportRoute.swift.o	ba55c46d1ddf724032d537361de52a57dae19aeb20523c09e5642040952facb0
build/swiftpm/arm64-apple-macosx/release/GiftUIObservableState-tool.build/ObservableStateTargetLifetime.swift.o	f9e8609ff4faeb96eb71f67906296b96e7728864b1a2ba94bdf45c75a4b7c49d
build/swiftpm/arm64-apple-macosx/release/GiftUIObservableState-tool.build/ObservableStateTargetLookupSlot.swift.o	4d0dcd699e0ab37dec66112366a751c54b2d7be6a382e203f8b05be088f24e8a
build/swiftpm/arm64-apple-macosx/release/GiftUIObservableState-tool.build/ObservableStateValues.swift.o	ac23982c164413128df731334a88533d2b5ace0cf92d858917107af5a08f6924
build/swiftpm/arm64-apple-macosx/release/GiftUIObservableState-tool.build/PresentationFactAdmission.swift.o	a697ef8436e7e651880b04f7155cf91c82f6f393f795620ab18331e75273fa1c
build/swiftpm/arm64-apple-macosx/release/GiftUIObservableState-tool.build/include/GiftUIObservableState-Swift.h	737be4dc594275483276b75c5c72af9ac4d34972d1a747e3014d4e9149e762f5
build/swiftpm/arm64-apple-macosx/release/GiftUIObservableState-tool.build/include/module.modulemap	cf0a59f9aec533395a54e52b4b044a6725b73a35931debf7e87e4c5b040659ae
build/swiftpm/arm64-apple-macosx/release/GiftUIObservableState-tool.build/output-file-map.json	f7cd76be0caf8f98ab2cdae21dc74939f101c4287c36bc78a5c81697e8657055
build/swiftpm/arm64-apple-macosx/release/GiftUIObservableState-tool.build/sources	e7411f49f5b50eb2cf4b59764235314d9804fc4421816e6a584d64e0fd046c20
build/swiftpm/arm64-apple-macosx/release/GiftUIObservableStateFailureAdapterFixture-tool.build/GiftUIObservableStateFailureAdapterFixture.d	7f58951b99cb6d4951defc4dadbfadff4d51f9c507e4e7bfff18bf575db73800
build/swiftpm/arm64-apple-macosx/release/GiftUIObservableStateFailureAdapterFixture-tool.build/GiftUIObservableStateFailureAdapterFixture.dia	2c72d5afff8cce441f2f8299a18215b0bf79605aa7eb05839e38f7949b46c0e2
build/swiftpm/arm64-apple-macosx/release/GiftUIObservableStateFailureAdapterFixture-tool.build/ObservableStateFailureAdapter.swift.o	522c10871d459da6e433a4f3e3d750886dab222105c2135e3ccc5e1b9fb0238d
build/swiftpm/arm64-apple-macosx/release/GiftUIObservableStateFailureAdapterFixture-tool.build/include/GiftUIObservableStateFailureAdapterFixture-Swift.h	8eb00d46afaae70b70e8cb7fada9ec8a296690692118ca4808982c6d9a5d6d04
build/swiftpm/arm64-apple-macosx/release/GiftUIObservableStateFailureAdapterFixture-tool.build/include/module.modulemap	25ecffaed71362c7626a6d00951af4720213fb433c1a18902e9ab668bd96dc4a
build/swiftpm/arm64-apple-macosx/release/GiftUIObservableStateFailureAdapterFixture-tool.build/output-file-map.json	dae0369d0d44271f1429f76ba0716968d3f1ff337a64d66e7fcd133ab7bbba63
build/swiftpm/arm64-apple-macosx/release/GiftUIObservableStateFailureAdapterFixture-tool.build/sources	bdc582fa7257852e0d0763f48247aecfc7c831222c92ca72be4c6797a102303f
build/swiftpm/arm64-apple-macosx/release/GiftUIObservableStateFailureAdapterTests-tool.build/output-file-map.json	a6db5dded706d38232e9cb695d68f3c61b2e42a39753f7b937ca3a739e960b61
build/swiftpm/arm64-apple-macosx/release/GiftUIObservableStateTests-tool.build/output-file-map.json	776d17ac85cf93d07029f0d9385f83b7ea5cfb78aa50e6e29d73f72f98a1f5d9
build/swiftpm/arm64-apple-macosx/release/GiftUIPackageDiscoveredTests-tool.build/include/module.modulemap	41e414950c3a69f44d5c82026d13afdbe9d06e15e2f782ba5fb9dd9ddfbb4a03
build/swiftpm/arm64-apple-macosx/release/GiftUIPackageDiscoveredTests-tool.build/output-file-map.json	9841d88ed5f2f80704a4bcdb8f3012a272dff1f545306521a74e3efa46abf10a
build/swiftpm/arm64-apple-macosx/release/GiftUIPackageTests-tool.build/include/module.modulemap	0c50ad229f688f48212f325e46c78b828ee51c546561dd6ba99963a9b409f58e
build/swiftpm/arm64-apple-macosx/release/GiftUIPackageTests-tool.build/output-file-map.json	0e146ead584d690e1f160ca89d8dba685f0de1ce5fad4b1060a68482ec3bd667
build/swiftpm/arm64-apple-macosx/release/GiftUIPlatformRaspberryPi-tool.build/GiftUIPlatformRaspberryPi.d	7696eca90e69598f9a148f9c503d867593b84e2c435e365ffc20f413dee69a32
build/swiftpm/arm64-apple-macosx/release/GiftUIPlatformRaspberryPi-tool.build/GiftUIPlatformRaspberryPi.dia	2c72d5afff8cce441f2f8299a18215b0bf79605aa7eb05839e38f7949b46c0e2
build/swiftpm/arm64-apple-macosx/release/GiftUIPlatformRaspberryPi-tool.build/LinuxPiScreenDevices.swift.o	3dbeecbd3458178b449008640c755568ba5910c1a7c0020a3b145b7fb8702250
build/swiftpm/arm64-apple-macosx/release/GiftUIPlatformRaspberryPi-tool.build/LinuxPiScreenExercise.swift.o	6dbe78aa4b430793ed44706078f878608ab0d57c1fe72b23dff9ae55f6f01f78
build/swiftpm/arm64-apple-macosx/release/GiftUIPlatformRaspberryPi-tool.build/PiScreenConsoleModeOwner.swift.o	e43cc38dd3fdcd8f7bcc90191c6eab6f45db151d2157b141d0895158b1ef07ad
build/swiftpm/arm64-apple-macosx/release/GiftUIPlatformRaspberryPi-tool.build/PiScreenDisplayTarget.swift.o	16db46a44e69afc8ec47fa8d1c6cdaf8d304008e62a2c35ec83a7819cb29d92e
build/swiftpm/arm64-apple-macosx/release/GiftUIPlatformRaspberryPi-tool.build/PiScreenFramebufferProjection.swift.o	f9419d57c5313419b29a0e2cf9f7dcece87f9fb6fef53f0a707790e8679a5ca3
build/swiftpm/arm64-apple-macosx/release/GiftUIPlatformRaspberryPi-tool.build/PiScreenGeometry.swift.o	2fd391293bbadff68a2ce8008343918a4b439b6a03073f3a319bcaf78a57327d
build/swiftpm/arm64-apple-macosx/release/GiftUIPlatformRaspberryPi-tool.build/PiScreenInputEventDecoder.swift.o	82a3400296843bd579dbc12fa844badcd5f9dfaf4ca60fba752d155fe457d87a
build/swiftpm/arm64-apple-macosx/release/GiftUIPlatformRaspberryPi-tool.build/include/GiftUIPlatformRaspberryPi-Swift.h	fd861a356598ab61dd326a86ae1a56061bf5fdf29eb205f9c754b14d98e1900a
build/swiftpm/arm64-apple-macosx/release/GiftUIPlatformRaspberryPi-tool.build/include/module.modulemap	975e9bef00979609246983d69c04065e7883b7522e2675b642aa1d11f49be853
build/swiftpm/arm64-apple-macosx/release/GiftUIPlatformRaspberryPi-tool.build/output-file-map.json	a95ba9232459bd2ad4ce12dcd1dbe0511b57908ea0db0cfeef11d81c8100d445
build/swiftpm/arm64-apple-macosx/release/GiftUIPlatformRaspberryPi-tool.build/sources	639397242b7e663942d586edd7f9a5fe4f8023b3d97c84336f0b05dd95576313
build/swiftpm/arm64-apple-macosx/release/GiftUIPlatformRaspberryPiTests-tool.build/output-file-map.json	c5cdf63f9d57407619d71e4b5ec123ee125a746ae2b6a529657ea442fecaffe3
build/swiftpm/arm64-apple-macosx/release/GiftUIRasterCore-tool.build/FullSurfaceRGB565Framebuffer.swift.o	62e6b5d25c2a7e40c87f70054d5ec0c0b5539c2e9e0380c470b550ddee550ffd
build/swiftpm/arm64-apple-macosx/release/GiftUIRasterCore-tool.build/FullSurfaceRGBA8888Buffer.swift.o	4bd0f31161893c78c7be1dabf145160ec8234d663e15f67d36b3e1b6ca882f5a
build/swiftpm/arm64-apple-macosx/release/GiftUIRasterCore-tool.build/GiftUIRasterCore.d	04f123ede9c730e835c529cd35d8480a10c0ade5273b536f4695fdae432770af
build/swiftpm/arm64-apple-macosx/release/GiftUIRasterCore-tool.build/GiftUIRasterCore.dia	2c72d5afff8cce441f2f8299a18215b0bf79605aa7eb05839e38f7949b46c0e2
build/swiftpm/arm64-apple-macosx/release/GiftUIRasterCore-tool.build/RGB565TileWorkspace.swift.o	f600bed0538083907ff0ac23a493679df9674a3a7a85568cb688c55a11825f55
build/swiftpm/arm64-apple-macosx/release/GiftUIRasterCore-tool.build/RasterBackendContributionAdapter.swift.o	e8912ebd93bb30dc9e578375662313ae4a11bb43dac38e5eb8fd33009db5cb3e
build/swiftpm/arm64-apple-macosx/release/GiftUIRasterCore-tool.build/RasterFillCoverage.swift.o	5fbda85e99ca14a6a2ec4798e5781b232e306a250ed016ad12ab160a7af79de1
build/swiftpm/arm64-apple-macosx/release/GiftUIRasterCore-tool.build/RasterFrameSink.swift.o	774ec442fa0ca8603d8036dd02b4d38753233dbc4509c9aaecae5772f14f67e6
build/swiftpm/arm64-apple-macosx/release/GiftUIRasterCore-tool.build/RasterFrameWork.swift.o	f3a0becea0033df0ca6dcf5223eccd140116248db854bd5a3c5ea2f8ea6324e3
build/swiftpm/arm64-apple-macosx/release/GiftUIRasterCore-tool.build/RasterGlyphCoverage.swift.o	d7b433109fbf79a9f7c0dd88a7ca3d57d17cf6aeeb88bf5307bb19cca00f6066
build/swiftpm/arm64-apple-macosx/release/GiftUIRasterCore-tool.build/RasterPayloadLimits.swift.o	ad637b60abc02b75bb5a46cbd3a375b133b12b196ce7cd0e9567a86500cb9f12
build/swiftpm/arm64-apple-macosx/release/GiftUIRasterCore-tool.build/RasterStrokeCoverage.swift.o	1d3f2f52c9071c96935a5f04f7fadff5c907df9566b42ed449cf0be89bfc8ac4
build/swiftpm/arm64-apple-macosx/release/GiftUIRasterCore-tool.build/RasterWorkTracker.swift.o	2b091b0e1ce6887b76fc84ce5a802c593843f7d3d9af5fab46d9aac85e5b8da5
build/swiftpm/arm64-apple-macosx/release/GiftUIRasterCore-tool.build/include/GiftUIRasterCore-Swift.h	68282ab8793582d8a01b106a8bd54dfe709a812dc4363f979496199b74976af4
build/swiftpm/arm64-apple-macosx/release/GiftUIRasterCore-tool.build/include/module.modulemap	7e0865953ede2bb5ae8017d6d9489d873be9c371e265e282b30a1f6dc4bd129a
build/swiftpm/arm64-apple-macosx/release/GiftUIRasterCore-tool.build/output-file-map.json	a0edb05340bbf9cb92ff61274d13124bfbf3b170e874eb1835615e47f73d6eaa
build/swiftpm/arm64-apple-macosx/release/GiftUIRasterCore-tool.build/sources	950b7dc1dbe0e0a7ae0aef6236fb6eacb6c60806262b4f23046884180f12a0f2
build/swiftpm/arm64-apple-macosx/release/GiftUIRasterCoreTests-tool.build/output-file-map.json	a016472f453b2c9c895b846b3caf344a5a2febaa28fd33220564dfc36f68b519
build/swiftpm/arm64-apple-macosx/release/GiftUIReferenceTextResources-tool.build/GiftUIPiCompactTextResources.swift.o	5390eb3a311b010f4b731a934e6ff64d40dbf5b16c0c8f97068ba106982bf6c0
build/swiftpm/arm64-apple-macosx/release/GiftUIReferenceTextResources-tool.build/GiftUIReferenceTextResources.d	0c00dd1cb4338b526c05d847874bf738a4d83ef554211c73a648d83b39df2b77
build/swiftpm/arm64-apple-macosx/release/GiftUIReferenceTextResources-tool.build/GiftUIReferenceTextResources.dia	2c72d5afff8cce441f2f8299a18215b0bf79605aa7eb05839e38f7949b46c0e2
build/swiftpm/arm64-apple-macosx/release/GiftUIReferenceTextResources-tool.build/GiftUIReferenceTextResources.swift.o	520245ac5218a66d22b447283e335498e2b23e10f52489e8344b9b963d11532d
build/swiftpm/arm64-apple-macosx/release/GiftUIReferenceTextResources-tool.build/PiCompactBitmapPayload.generated.swift.o	8804c00fcff54bd6bb010f37ac21edae994cb129f4c17d166816625a34c345f9
build/swiftpm/arm64-apple-macosx/release/GiftUIReferenceTextResources-tool.build/PiCompactCatalogue.generated.swift.o	8313f7079fc33ea62c4932de956ee379a5f44f8b879997c5d64f064dfa5af15d
build/swiftpm/arm64-apple-macosx/release/GiftUIReferenceTextResources-tool.build/ReferenceBitmapPayload.generated.swift.o	da076fbef1a6b3dd079c7f46b50e52305e5c0e7e4978ac11214d0fe748706603
build/swiftpm/arm64-apple-macosx/release/GiftUIReferenceTextResources-tool.build/ReferenceCatalogue.generated.swift.o	b645bb8c5d636338d4752f3cf3436e75d55d3e18461ae5d1b11d8511ec089bfe
build/swiftpm/arm64-apple-macosx/release/GiftUIReferenceTextResources-tool.build/ReferenceOutlinePayload.generated.swift.o	55ed22ba8c22ca867bfe0ef96c12ba2edeb2fda00166214e945e5974036cf152
build/swiftpm/arm64-apple-macosx/release/GiftUIReferenceTextResources-tool.build/include/GiftUIReferenceTextResources-Swift.h	fd94563125a4973de177fedf6412a20e671acc0cf1ad6bea61a7fbf15786a313
build/swiftpm/arm64-apple-macosx/release/GiftUIReferenceTextResources-tool.build/include/module.modulemap	3146bcec16e7ecc81faca5d2485502450c28696f2a21009c9f100d8f4c8dfd40
build/swiftpm/arm64-apple-macosx/release/GiftUIReferenceTextResources-tool.build/output-file-map.json	bf53002b16c68afb21ba1a2999c25b2adcf701ab3e99c5e819511b3057984897
build/swiftpm/arm64-apple-macosx/release/GiftUIReferenceTextResources-tool.build/sources	84e56cdf60622da0a3eb75834d01313d81b4f6f9f4536b74c7e84f18fcddcbde
build/swiftpm/arm64-apple-macosx/release/GiftUIReferenceTextResourcesTests-tool.build/output-file-map.json	b504316fd42ce3ee4985d9c138afaeebc37ea19545396237db55082a481a8b98
build/swiftpm/arm64-apple-macosx/release/GiftUIRenderCore-tool.build/DrawingOperationSink.swift.o	2c022a3421a5dc43873a6f14c64569cbdbd458b77be9537c5fae83f678f31847
build/swiftpm/arm64-apple-macosx/release/GiftUIRenderCore-tool.build/GiftUIRenderCore.d	188f3ccf8250ee1b2d7954d35f6135f3273a79d7833d4cc6ccd9b2c1101ca031
build/swiftpm/arm64-apple-macosx/release/GiftUIRenderCore-tool.build/GiftUIRenderCore.dia	2c72d5afff8cce441f2f8299a18215b0bf79605aa7eb05839e38f7949b46c0e2
build/swiftpm/arm64-apple-macosx/release/GiftUIRenderCore-tool.build/RenderOperationSink.swift.o	706710dfce3887618e423a4698d29a32f274bf079c732f7d8d0b39f50d396f4f
build/swiftpm/arm64-apple-macosx/release/GiftUIRenderCore-tool.build/RenderRecordingSink.swift.o	f9a4b8122312ee873a63b3872746099ba523022de894dd8e122ba6a75f94e82e
build/swiftpm/arm64-apple-macosx/release/GiftUIRenderCore-tool.build/RenderValues.swift.o	0c7b0cf7cd2bf2370930a7d7b3022b1fa448e648fabc946d9756b1707ce3579b
build/swiftpm/arm64-apple-macosx/release/GiftUIRenderCore-tool.build/include/GiftUIRenderCore-Swift.h	2ad219d62d8d9a67f3eab8e3c84d3f78fda26ca3f51adfa1ecfab41f6f2e5d0a
build/swiftpm/arm64-apple-macosx/release/GiftUIRenderCore-tool.build/include/module.modulemap	ad3fbf5d925b50d3ee45880b2568937fc581cd2b1d3bd55f90f1f650e58ee7ee
build/swiftpm/arm64-apple-macosx/release/GiftUIRenderCore-tool.build/output-file-map.json	374882af8597c3370bbc9dbdecc3bd748472322a57d14c027df4de973020f4f7
build/swiftpm/arm64-apple-macosx/release/GiftUIRenderCore-tool.build/sources	39f055f3aa816e1a17b9b189a66f5fe01a0fee8f3b4d68120ac41c1bb7895fe7
build/swiftpm/arm64-apple-macosx/release/GiftUIRenderCoreTests-tool.build/output-file-map.json	df55d76a52104dbd6ecc4cb79cbbc7231e79fa06a4cd07b7e8ac629680b8f861
build/swiftpm/arm64-apple-macosx/release/GiftUIRenderFailureAdapterFixture-tool.build/GiftUIRenderFailureAdapterFixture.d	9ebf75014a763ced7fbc41092c08fa09eb1c4d40b307d53a5793c46d3d217235
build/swiftpm/arm64-apple-macosx/release/GiftUIRenderFailureAdapterFixture-tool.build/GiftUIRenderFailureAdapterFixture.dia	2c72d5afff8cce441f2f8299a18215b0bf79605aa7eb05839e38f7949b46c0e2
build/swiftpm/arm64-apple-macosx/release/GiftUIRenderFailureAdapterFixture-tool.build/RenderFailureAdapter.swift.o	11c37bb5ee5e03290640beee418d21f072e92dc0b1112fa28129c68145ba40db
build/swiftpm/arm64-apple-macosx/release/GiftUIRenderFailureAdapterFixture-tool.build/include/GiftUIRenderFailureAdapterFixture-Swift.h	8349001b6d068250a178e776c8a2633ecd2f794a98449ca6d1cf0a49cd7126c2
build/swiftpm/arm64-apple-macosx/release/GiftUIRenderFailureAdapterFixture-tool.build/include/module.modulemap	e29839347dc027365a9dc71cb87fee5eec5597d6fab2dc23bd9c14891b65f42d
build/swiftpm/arm64-apple-macosx/release/GiftUIRenderFailureAdapterFixture-tool.build/output-file-map.json	f8e12886240572899df2cdd37aaa1902168edb67b73e4eb2b8f57d4b26157cb9
build/swiftpm/arm64-apple-macosx/release/GiftUIRenderFailureAdapterFixture-tool.build/sources	2b51d93abfb54c403474d060ff00cb4ff83ff9af6a63753b32173463b3ede321
build/swiftpm/arm64-apple-macosx/release/GiftUIRenderFailureAdapterTests-tool.build/output-file-map.json	c971787a167ad539a67bba9a03dee56f9f954340d4137734e2019b5e3f3c999c
build/swiftpm/arm64-apple-macosx/release/GiftUIRenderLowering-tool.build/GiftUIRenderLowering.d	7e32a7dbbc87576df452186729edd935a752c4b2f61b228a962677568bfdb5af
build/swiftpm/arm64-apple-macosx/release/GiftUIRenderLowering-tool.build/GiftUIRenderLowering.dia	2c72d5afff8cce441f2f8299a18215b0bf79605aa7eb05839e38f7949b46c0e2
build/swiftpm/arm64-apple-macosx/release/GiftUIRenderLowering-tool.build/RenderExtensions.swift.o	e15880195eef69e5181003c280cb1a82395229cf64daa08967b9dac3d16989a5
build/swiftpm/arm64-apple-macosx/release/GiftUIRenderLowering-tool.build/RenderPreflight.swift.o	b3c54da1d8087c393ef0156c322672f415d83bacaeef94b74d9da0fa721cb617
build/swiftpm/arm64-apple-macosx/release/GiftUIRenderLowering-tool.build/RenderProducer.swift.o	fa6a75e21a62e104f9bbb94b6dfabe3df26cc27a960030df0e3a97fc0050d68c
build/swiftpm/arm64-apple-macosx/release/GiftUIRenderLowering-tool.build/RenderProductionValues.swift.o	0655dc4e91b8e164decb5cbdf0542dbb08a96ab24930af0f6e6b60212fbd1a6a
build/swiftpm/arm64-apple-macosx/release/GiftUIRenderLowering-tool.build/RenderStreaming.swift.o	4f0348957f2654599e5cd0bb403cad5e087e12677f3f47591521282f2448c6fb
build/swiftpm/arm64-apple-macosx/release/GiftUIRenderLowering-tool.build/include/GiftUIRenderLowering-Swift.h	3dd5fc95cdec2ad6222a180da06a95bee94cafcfce2acb6ce0c1d6fe879d3c7c
build/swiftpm/arm64-apple-macosx/release/GiftUIRenderLowering-tool.build/include/module.modulemap	6d3926f652b85d5a4107aeeb58940d8b127a690e5b7e6b64525f57710bf49ca0
build/swiftpm/arm64-apple-macosx/release/GiftUIRenderLowering-tool.build/output-file-map.json	f22f256e733fa5a78fe9705c8eb4ffd46a3b7600f0711d554a8e7a8428d4b4d7
build/swiftpm/arm64-apple-macosx/release/GiftUIRenderLowering-tool.build/sources	6935a1a3c32caf705f279327459cea8f255925b976d548a2778a7a27fb260f72
build/swiftpm/arm64-apple-macosx/release/GiftUIRenderLoweringTests-tool.build/output-file-map.json	62715f7f69d7357fa23ae296d3c765e9dbc0fa1b9adc29a2182075933d33a830
build/swiftpm/arm64-apple-macosx/release/GiftUIRuntimeConformanceTests-tool.build/output-file-map.json	d3767c7f851bf1fef4ab9958d61ab5aaf69f8d50d81cca646a6e5c9f68bf88b4
build/swiftpm/arm64-apple-macosx/release/GiftUIRuntimeCore-tool.build/GiftUIRuntimeCore.d	1ec79daeb71394b9f3a7e4d7908a3ca398e9a0172390e20d99c2cb7ae1191b4a
build/swiftpm/arm64-apple-macosx/release/GiftUIRuntimeCore-tool.build/GiftUIRuntimeCore.dia	2c72d5afff8cce441f2f8299a18215b0bf79605aa7eb05839e38f7949b46c0e2
build/swiftpm/arm64-apple-macosx/release/GiftUIRuntimeCore-tool.build/RuntimeCompletePipeline.swift.o	e249d1d479b6e7d0b79f7908b93a22d95e4c19b5e5a6a27a7366360a1dcca3b2
build/swiftpm/arm64-apple-macosx/release/GiftUIRuntimeCore-tool.build/RuntimeCoordinatorCleanup.swift.o	543ba5c917f934bfecf928dc75fcc71da91db3630fd89788e73b4fb5e92b8f75
build/swiftpm/arm64-apple-macosx/release/GiftUIRuntimeCore-tool.build/RuntimeCoordinatorContracts.swift.o	6e068b8b4322b4748249ff4f29bc48be40930a17ff0dd37b441fa804cc608971
build/swiftpm/arm64-apple-macosx/release/GiftUIRuntimeCore-tool.build/RuntimeCoordinatorLifecycle.swift.o	192e7a389245f32673936cc8e20eb20f8c821c55e4d8d3b64e48a366f99e52d0
build/swiftpm/arm64-apple-macosx/release/GiftUIRuntimeCore-tool.build/RuntimeCoordinatorQuiescence.swift.o	b8304ca686601aed8e3e73a889a1b1d97a7f38cb596bb3cd9649d96b85f3bbe8
build/swiftpm/arm64-apple-macosx/release/GiftUIRuntimeCore-tool.build/RuntimeCoreBoundary.swift.o	8da6bc7ec3712342a2e154d4bee70f0d5cd03d9e6519a2d67ac6d524c3d06293
build/swiftpm/arm64-apple-macosx/release/GiftUIRuntimeCore-tool.build/RuntimeFocusedFailureState.swift.o	f2990aec5a5fb7dabaacfe7cb4bc0d47cdaee9c67528e978dab52bb875d002b7
build/swiftpm/arm64-apple-macosx/release/GiftUIRuntimeCore-tool.build/RuntimeInteractionCandidateCoordinator.swift.o	893c09d0739cd6fbb0df29b1125239e4b8b3ef1bf16a04d3e1d89edc580d50e7
build/swiftpm/arm64-apple-macosx/release/GiftUIRuntimeCore-tool.build/RuntimeInteractionCandidateTransaction.swift.o	a31a1ebeec283e4d021688939b1dbe6186d71e3d2d39bf8a73cd991783e6ecd6
build/swiftpm/arm64-apple-macosx/release/GiftUIRuntimeCore-tool.build/RuntimeInteractionDispatcher.swift.o	ffe5655c8d8e29dde1e0142bd5266ce6d35654dce89227368c3abe869426b81a
build/swiftpm/arm64-apple-macosx/release/GiftUIRuntimeCore-tool.build/RuntimeInteractionMutationOwner.swift.o	0fbd708f9af926a4b5b25435a61db39f74e79b07c2b1266db2a11b8cd2d406a5
build/swiftpm/arm64-apple-macosx/release/GiftUIRuntimeCore-tool.build/RuntimeObservableProfileWorkspace.swift.o	2bde536309a2300d9eb5d4b7d45d3faa224436c5f9e1e880f66af50391cbab96
build/swiftpm/arm64-apple-macosx/release/GiftUIRuntimeCore-tool.build/RuntimeOwnerFailure.swift.o	007aaba16950f68b05c8bbee3b2e8e8db564d1da7381ed8c5322b5f5f185c513
build/swiftpm/arm64-apple-macosx/release/GiftUIRuntimeCore-tool.build/RuntimeProfileStorage.swift.o	024f226f7f3195f172ff359dea24d2ad14d222e14195d395a7b1d9820cdca501
build/swiftpm/arm64-apple-macosx/release/GiftUIRuntimeCore-tool.build/RuntimeProfileValidation.swift.o	5f5d2c7354b6ea102f63c4e1fd8a91dec2ac3c7147331756d45dfb2a36ebd985
build/swiftpm/arm64-apple-macosx/release/GiftUIRuntimeCore-tool.build/RuntimeProfileValues.swift.o	18c06b9cfcddafdb45c168f758514179706aab0df9398330a1166b64491f0fd1
build/swiftpm/arm64-apple-macosx/release/GiftUIRuntimeCore-tool.build/RuntimeStorageRegistry.swift.o	d879744b299e63467d4fe4ca4731d63a74027d3a87e6de79bd6ccd0413a1d1a1
build/swiftpm/arm64-apple-macosx/release/GiftUIRuntimeCore-tool.build/include/GiftUIRuntimeCore-Swift.h	a0460ade4678d14595c9747151892532a57aee83e879b6bcd69ffe1741f598c9
build/swiftpm/arm64-apple-macosx/release/GiftUIRuntimeCore-tool.build/include/module.modulemap	8c2852ee6696e1a23c6a9d7d2ab7c12c7e12af91feb669cc9e26028bb6b0e962
build/swiftpm/arm64-apple-macosx/release/GiftUIRuntimeCore-tool.build/output-file-map.json	0e4f3be6fcfc41e4556b4723a1a941083e6ced636cd8cfff86538937bf1e1334
build/swiftpm/arm64-apple-macosx/release/GiftUIRuntimeCore-tool.build/sources	28f26c83197304f4a7d818817667d7f668ab6d17acebabb791fa341170cbd834
build/swiftpm/arm64-apple-macosx/release/GiftUIRuntimeCoreTests-tool.build/output-file-map.json	0150f32c20b2639cc27642259836d44ab8e0d9366a98fe9485d37e29f3f037f1
build/swiftpm/arm64-apple-macosx/release/GiftUIRuntimeDynamic-tool.build/DynamicCanvasCallableStorage.swift.o	a6322ddac849e3613b4d40188f984ab2127d064bafcf76c4c487a8bc75a8e52c
build/swiftpm/arm64-apple-macosx/release/GiftUIRuntimeDynamic-tool.build/DynamicDrawingPlanWorkspace.swift.o	a2e59dc998de93df550d189b5c023a9cfbfc5f7da6b71a9c95494d6513887aca
build/swiftpm/arm64-apple-macosx/release/GiftUIRuntimeDynamic-tool.build/DynamicInteractionStorage.swift.o	80ac98935b6f21eab055f7cd4e293fd86be1a7b9c8aa4bdad8c4fc14dfe909d1
build/swiftpm/arm64-apple-macosx/release/GiftUIRuntimeDynamic-tool.build/DynamicLayoutHostStorage.swift.o	8a5800f9823cc0c7497b6669c3bd876a0c9173bd710b10bbd6b9ce6825d7e893
build/swiftpm/arm64-apple-macosx/release/GiftUIRuntimeDynamic-tool.build/DynamicLivePathStorage.swift.o	2ed83cda321d73766528e2bb51a99a3387458d53e3a7883a2471ed96a26e7ea3
build/swiftpm/arm64-apple-macosx/release/GiftUIRuntimeDynamic-tool.build/DynamicObservableModelRegistration.swift.o	489e51706d41e4b290b4749a0bdca31431fd10a6986f205ecba7ae57f30ef67e
build/swiftpm/arm64-apple-macosx/release/GiftUIRuntimeDynamic-tool.build/DynamicObservableModelStorage.swift.o	85fcc819f986f52a0efab7f818245781bef722e9a4684de248cdcf9c244c5339
build/swiftpm/arm64-apple-macosx/release/GiftUIRuntimeDynamic-tool.build/DynamicObservableProfileSlotStorage.swift.o	2ca6f5ed0de13d0c2179a912ac0a3052f68c6549f98ed2166fa12f1c9c563714
build/swiftpm/arm64-apple-macosx/release/GiftUIRuntimeDynamic-tool.build/DynamicObservableRootAdapter.swift.o	660fa9e33c00543f1dd7a41253666d168afc3609e7879bf537ad5936909fa780
build/swiftpm/arm64-apple-macosx/release/GiftUIRuntimeDynamic-tool.build/DynamicObservableRootTargetAccess.swift.o	d420d83501578e67ee2c1e05652f398da9a5fad78b3cf9ce0dfd3c19490eb483
build/swiftpm/arm64-apple-macosx/release/GiftUIRuntimeDynamic-tool.build/DynamicObservableStateReconciler.swift.o	1ba9253286261c8edc9fd7f24426b354ad69348bd43f1c98f4b263157bfb065f
build/swiftpm/arm64-apple-macosx/release/GiftUIRuntimeDynamic-tool.build/DynamicProfileBoundary.swift.o	99e67993e5b5b7a96c7846479e9b67e101fc9cdf67e517842d2ef0f2d5abc1ee
build/swiftpm/arm64-apple-macosx/release/GiftUIRuntimeDynamic-tool.build/DynamicProfileStorage.swift.o	f0a7e9be574ab479aa5bdfdaa14f1a9f11fd701b279181270b3cd6b3e3d6ca95
build/swiftpm/arm64-apple-macosx/release/GiftUIRuntimeDynamic-tool.build/DynamicRenderWorkspace.swift.o	2f7ebb75bc41cc713f6c7e6cf0bd0a4407875fa0adb61ad6bb69e36267dbcf3d
build/swiftpm/arm64-apple-macosx/release/GiftUIRuntimeDynamic-tool.build/DynamicRuntimeExecutionCoordinator.swift.o	991896342e669461a09eac8c20341f1e2b0c27c1c3bdb247e764f040249ccd77
build/swiftpm/arm64-apple-macosx/release/GiftUIRuntimeDynamic-tool.build/DynamicRuntimeProfileBinding.swift.o	db665c7e5a7a6bf34d76235e60b2e7c95757dbbdf8983c3e453bec739ac831fa
build/swiftpm/arm64-apple-macosx/release/GiftUIRuntimeDynamic-tool.build/DynamicSemanticHostStorage.swift.o	0e2f299929794352edde780b995a05aab24a2ac5f37a91a0ee2fca0a5ae45eca
build/swiftpm/arm64-apple-macosx/release/GiftUIRuntimeDynamic-tool.build/GiftUIRuntimeDynamic.d	b1fa346a502e57a700f3cd5243ac1ff3946978335c1f798c467ad6d0c6a3b169
build/swiftpm/arm64-apple-macosx/release/GiftUIRuntimeDynamic-tool.build/GiftUIRuntimeDynamic.dia	2c72d5afff8cce441f2f8299a18215b0bf79605aa7eb05839e38f7949b46c0e2
build/swiftpm/arm64-apple-macosx/release/GiftUIRuntimeDynamic-tool.build/include/GiftUIRuntimeDynamic-Swift.h	d07bb78dee5b046664d14025eb91049cd5c5a0e5bc225dee5575060f4ea749eb
build/swiftpm/arm64-apple-macosx/release/GiftUIRuntimeDynamic-tool.build/include/module.modulemap	2aec031e20ebe120a627106ac81f6307528b45b496bc05299e4ae348e8cb7fda
build/swiftpm/arm64-apple-macosx/release/GiftUIRuntimeDynamic-tool.build/output-file-map.json	d5adf8c90425b217955e5a3b57004052866b09195584fde51f6e1e79f54f5064
build/swiftpm/arm64-apple-macosx/release/GiftUIRuntimeDynamic-tool.build/sources	2e7ffd80a86de164b55462f1059e84d37c5fc8148478a1de1bd75222e69d05a7
build/swiftpm/arm64-apple-macosx/release/GiftUIRuntimeDynamicTests-tool.build/output-file-map.json	7f56b5e3dc71fd467ff38e91ab4bec5ac1ffb13d4b27ae4057e59c71bd8f8054
build/swiftpm/arm64-apple-macosx/release/GiftUIRuntimeFailureAdapterFixture-tool.build/GiftUIRuntimeFailureAdapterFixture.d	99218ad66e057cd3f5f9e8f3f3593d2701d15fe01288bfe0872cac1f90a17738
build/swiftpm/arm64-apple-macosx/release/GiftUIRuntimeFailureAdapterFixture-tool.build/GiftUIRuntimeFailureAdapterFixture.dia	2c72d5afff8cce441f2f8299a18215b0bf79605aa7eb05839e38f7949b46c0e2
build/swiftpm/arm64-apple-macosx/release/GiftUIRuntimeFailureAdapterFixture-tool.build/RuntimeFailureAdapterBoundary.swift.o	2ca87f8e9d156dfae395927d01afc1472f515aa68b7283337230c99af214698a
build/swiftpm/arm64-apple-macosx/release/GiftUIRuntimeFailureAdapterFixture-tool.build/include/GiftUIRuntimeFailureAdapterFixture-Swift.h	e1ebf3c464369ad610b6b549e24acb14788486ea0f807351541b013d4276c5f8
build/swiftpm/arm64-apple-macosx/release/GiftUIRuntimeFailureAdapterFixture-tool.build/include/module.modulemap	79a6e8ffa1eaf60908ac6e07151846283adea0bd0c363accdc8403cefe909166
build/swiftpm/arm64-apple-macosx/release/GiftUIRuntimeFailureAdapterFixture-tool.build/output-file-map.json	662ce3f0834720a4325cbc067674163afac6ed43391b40e8ebedad1229e3abf7
build/swiftpm/arm64-apple-macosx/release/GiftUIRuntimeFailureAdapterFixture-tool.build/sources	69bd739b2515b59ead97fad03ebaa06b6252f7322e0b51ebf08dabb5ba05e669
build/swiftpm/arm64-apple-macosx/release/GiftUIRuntimeFailureAdapterTests-tool.build/output-file-map.json	5a1030ca19dcd6454f2d4fa1d5a8260182266c8bd0c6ab9990d8bb0e25282e2a
build/swiftpm/arm64-apple-macosx/release/GiftUIRuntimeStatic-tool.build/GiftUIRuntimeStatic.d	dc80dab4b3f8f6aec13869c7655a4a1c09e5cb749ee2cc7b658942bc466009de
build/swiftpm/arm64-apple-macosx/release/GiftUIRuntimeStatic-tool.build/GiftUIRuntimeStatic.dia	2c72d5afff8cce441f2f8299a18215b0bf79605aa7eb05839e38f7949b46c0e2
build/swiftpm/arm64-apple-macosx/release/GiftUIRuntimeStatic-tool.build/StaticCanvasHostHandle.swift.o	ae6fe88219d7b67c3aec4e4d80b792a078176173c48421e262631aafde144c9c
build/swiftpm/arm64-apple-macosx/release/GiftUIRuntimeStatic-tool.build/StaticCanvasOccurrence.swift.o	2128541585d9e8906a64cfc9a868365042989763aadb7d557df54bd06d030480
build/swiftpm/arm64-apple-macosx/release/GiftUIRuntimeStatic-tool.build/StaticGeneratedProfileMetadata.swift.o	22c8a3e55ec55f021cc4b477d567e98ff30299f4edcd6739b62ff35d8005e405
build/swiftpm/arm64-apple-macosx/release/GiftUIRuntimeStatic-tool.build/StaticInteractionStorage.swift.o	3a54675a04c54fb566a04e6e89c6ab5d7cdf2c4efc79e9d39f4b2b025cfdf43c
build/swiftpm/arm64-apple-macosx/release/GiftUIRuntimeStatic-tool.build/StaticObservableModelStorage.swift.o	b06001cc8e1f226a41abc50a5bb23ed723a462576ccd5474b5866dec44d63eb3
build/swiftpm/arm64-apple-macosx/release/GiftUIRuntimeStatic-tool.build/StaticObservableProfileSlotStorage.swift.o	142dfdae3dfe711ace4c9323adf0cf078ed52784e27640ebd9584a29bc7aa6aa
build/swiftpm/arm64-apple-macosx/release/GiftUIRuntimeStatic-tool.build/StaticObservableRegistrationRecord.swift.o	0db8cc0af9113797710caa55d9335e78e37d68aca437338bb73b0c74c9add419
build/swiftpm/arm64-apple-macosx/release/GiftUIRuntimeStatic-tool.build/StaticObservableRootAdapter.swift.o	33af8fafec9ca265f261063b5cc0427e5f631b3be7e6bf990bffd0b12edba501
build/swiftpm/arm64-apple-macosx/release/GiftUIRuntimeStatic-tool.build/StaticObservableRootTargetAccess.swift.o	039dba7c2979bbcfb8a212c631ddcdcb88fcfde9b0e19086eae39acc0e9c8e6d
build/swiftpm/arm64-apple-macosx/release/GiftUIRuntimeStatic-tool.build/StaticProfileBoundary.swift.o	3deff2938acd6a781c809cdd7b27d0dc567c4650fe85de3818df5376f980e36d
build/swiftpm/arm64-apple-macosx/release/GiftUIRuntimeStatic-tool.build/StaticProfileStorage.swift.o	03f9f553ff4d5f0fcb2ec65b68dc0a4f5f4fcbe6fbafcb57c4593238e9c4204c
build/swiftpm/arm64-apple-macosx/release/GiftUIRuntimeStatic-tool.build/StaticRuntimeExecutionCoordinator.swift.o	d5f1b5ecdc2e229d29e8b206f5f39181ac68dd143f8fbbd2d1c00e5dfc4b6760
build/swiftpm/arm64-apple-macosx/release/GiftUIRuntimeStatic-tool.build/StaticRuntimeProfileBinding.swift.o	31b0fd3fbdefce1d3e3e99d5becb8a58d917c42e85dd7d4f33cb7ea811a843eb
build/swiftpm/arm64-apple-macosx/release/GiftUIRuntimeStatic-tool.build/include/GiftUIRuntimeStatic-Swift.h	4b640bc58838137bafbec96deaad1afd3d3d31f094114e54bef4640c1f2f6fd3
build/swiftpm/arm64-apple-macosx/release/GiftUIRuntimeStatic-tool.build/include/module.modulemap	5977b085b32d5be8b46ca1dcf7bdc43462ec424925d12147022b3c6332e8e7a0
build/swiftpm/arm64-apple-macosx/release/GiftUIRuntimeStatic-tool.build/output-file-map.json	fdc5c9dff11c5f81ddb1641dbdae8196faf4fc89592179f867eb4fa4bbe0b940
build/swiftpm/arm64-apple-macosx/release/GiftUIRuntimeStatic-tool.build/sources	9849481b33b517236f2276478cd35890ecce16ca3f7797992d13ed06db8f7acd
build/swiftpm/arm64-apple-macosx/release/GiftUIRuntimeStaticTests-tool.build/output-file-map.json	724624ee7d850bb10ed132486c9162e3fab32fc75b2c02cd4d7264a03bc39ced
build/swiftpm/arm64-apple-macosx/release/GiftUISemanticCore-tool.build/GiftUISemanticCore.d	2661c051ad386380e836c81d5d21405e0c1f1191331db6e52f1e5e53848ef1c5
build/swiftpm/arm64-apple-macosx/release/GiftUISemanticCore-tool.build/GiftUISemanticCore.dia	2c72d5afff8cce441f2f8299a18215b0bf79605aa7eb05839e38f7949b46c0e2
build/swiftpm/arm64-apple-macosx/release/GiftUISemanticCore-tool.build/GiftUISemanticCore.swift.o	d6cde5fc9ffff1311fecf9b69601cadbf666b1d918070b3d8665ba811dfa664f
build/swiftpm/arm64-apple-macosx/release/GiftUISemanticCore-tool.build/SemanticLayoutView.swift.o	b5ef2699e0a9b43a1d94bf66e310139b863e8945bc6e886e7e2e3eca501a8f1b
build/swiftpm/arm64-apple-macosx/release/GiftUISemanticCore-tool.build/SemanticRenderView.swift.o	fa1d3fe1de76edaa1af22969fe01a668f04439ca8bd3e8966335c60210af7dd7
build/swiftpm/arm64-apple-macosx/release/GiftUISemanticCore-tool.build/include/GiftUISemanticCore-Swift.h	ead45df058fb86feb0f6685aa471c845e1469f189664335ed55143fe1d8130d2
build/swiftpm/arm64-apple-macosx/release/GiftUISemanticCore-tool.build/include/module.modulemap	57d58c02aa0b2c36f92030747b796b063aa686d82dcf644a184786e4f1991ecf
build/swiftpm/arm64-apple-macosx/release/GiftUISemanticCore-tool.build/output-file-map.json	536ea92a085db0559b5e87f399973f4b1880d96fb8fa930bf2c4b0737ba25ad6
build/swiftpm/arm64-apple-macosx/release/GiftUISemanticCore-tool.build/sources	439219a0a59c49a9ebe73915ec39871b520374c0b9399b21a0267a1ff212bb12
build/swiftpm/arm64-apple-macosx/release/GiftUISemanticCoreTests-tool.build/output-file-map.json	34bb4857ecec40187cd70d4b4e72965f3d3700f65d1aea0595e714ba512d090c
build/swiftpm/arm64-apple-macosx/release/GiftUISemanticFailureAdapterFixture-tool.build/GiftUISemanticFailureAdapterFixture.d	f10787d525766165eec25fcb60c65a7c61123fdc84189bcfa0fc1c4bccba200d
build/swiftpm/arm64-apple-macosx/release/GiftUISemanticFailureAdapterFixture-tool.build/GiftUISemanticFailureAdapterFixture.dia	2c72d5afff8cce441f2f8299a18215b0bf79605aa7eb05839e38f7949b46c0e2
build/swiftpm/arm64-apple-macosx/release/GiftUISemanticFailureAdapterFixture-tool.build/SemanticFailureAdapter.swift.o	89f79e471fa408fe45bb1b28ec5affd2b943a37b95fa04d67d1511aa9844216a
build/swiftpm/arm64-apple-macosx/release/GiftUISemanticFailureAdapterFixture-tool.build/include/GiftUISemanticFailureAdapterFixture-Swift.h	fb5cd7c774869892f8c0c82cdda2371926e723a3070e3ecd6f76ab2a3ffe0a28
build/swiftpm/arm64-apple-macosx/release/GiftUISemanticFailureAdapterFixture-tool.build/include/module.modulemap	d57c061c51fb943c3b180cb68e4f61eecdda1675bd77f8a369f367ec8a45932f
build/swiftpm/arm64-apple-macosx/release/GiftUISemanticFailureAdapterFixture-tool.build/output-file-map.json	3f868a4a734c973045d041334850c366ff970dec2836f5b7edfe2f8b72c9b373
build/swiftpm/arm64-apple-macosx/release/GiftUISemanticFailureAdapterFixture-tool.build/sources	cb8c4d6e349caf0f6f9e5f665b8ffed63b33e33e637e5aacab119b7ef1e5231d
build/swiftpm/arm64-apple-macosx/release/GiftUISemanticFailureAdapterTests-tool.build/output-file-map.json	bb811f924754aec9e452843474f1778b7aff8018e3f78670e159c5cf42cb24cd
build/swiftpm/arm64-apple-macosx/release/GiftUISurfaceCore-tool.build/GiftUISurfaceCore.d	a135460dfe22b55f795d28df2d13b7b56f44dd6d629dac0708e2a989c9e571d7
build/swiftpm/arm64-apple-macosx/release/GiftUISurfaceCore-tool.build/GiftUISurfaceCore.dia	2c72d5afff8cce441f2f8299a18215b0bf79605aa7eb05839e38f7949b46c0e2
build/swiftpm/arm64-apple-macosx/release/GiftUISurfaceCore-tool.build/RasterSurface.swift.o	4ce7bbeaf9d59c589cf112dcc70f83eea1656bd0783b08d0c78a4a6d46a0784f
build/swiftpm/arm64-apple-macosx/release/GiftUISurfaceCore-tool.build/SurfaceValues.swift.o	b0a3648bf3eb33818b86c01f2fc817c6a61f456fec90f344b647a2142c63fe89
build/swiftpm/arm64-apple-macosx/release/GiftUISurfaceCore-tool.build/include/GiftUISurfaceCore-Swift.h	0e7770eff7ec865c448fd31d43587b19d014aee92ed3f641e5ae75b5548d564c
build/swiftpm/arm64-apple-macosx/release/GiftUISurfaceCore-tool.build/include/module.modulemap	a2f24c652ee1bcf9a04333b817d2c1130892279c76a3af680992bed58e463254
build/swiftpm/arm64-apple-macosx/release/GiftUISurfaceCore-tool.build/output-file-map.json	a373ab18f8a20bf91c8f9b95220bc807b0e597a979b43706cd9651fe0883c4c5
build/swiftpm/arm64-apple-macosx/release/GiftUISurfaceCore-tool.build/sources	0c3c28bdde8dfc9a832118442b9a5a1cb33f98136630644882d14bf06a053e8c
build/swiftpm/arm64-apple-macosx/release/GiftUISurfaceCoreTests-tool.build/output-file-map.json	9e306912e9599ba7465a619ca87496af5cc49d4b2afac108f2ee0af9f684acf7
build/swiftpm/arm64-apple-macosx/release/GiftUITests-tool.build/output-file-map.json	7b42bb3ed49f764624e335e598564f574296c14db4dc8f5a9dae4aa3b997ef9e
build/swiftpm/arm64-apple-macosx/release/GiftUITextResourceFailureAdapterFixture-tool.build/GiftUITextResourceFailureAdapterFixture.d	432a3d024d90202cec250e9a885e401e82323a38b29b2aa7bd6d0c6c46f59a06
build/swiftpm/arm64-apple-macosx/release/GiftUITextResourceFailureAdapterFixture-tool.build/GiftUITextResourceFailureAdapterFixture.dia	2c72d5afff8cce441f2f8299a18215b0bf79605aa7eb05839e38f7949b46c0e2
build/swiftpm/arm64-apple-macosx/release/GiftUITextResourceFailureAdapterFixture-tool.build/GiftUITextResourceFailureAdapterFixture.swift.o	647a809017de7941f68b679a3146e049d24d23251f9be18e8de19160cf0fc30b
build/swiftpm/arm64-apple-macosx/release/GiftUITextResourceFailureAdapterFixture-tool.build/include/GiftUITextResourceFailureAdapterFixture-Swift.h	a240d1190e87a783568a783edc6434fc5e51f7524f97296f7b83b02694d388dd
build/swiftpm/arm64-apple-macosx/release/GiftUITextResourceFailureAdapterFixture-tool.build/include/module.modulemap	12fd260aecc9597e3a152b06205f13d7459663d07bb57ee7d04edfd106542f73
build/swiftpm/arm64-apple-macosx/release/GiftUITextResourceFailureAdapterFixture-tool.build/output-file-map.json	61e433bd4b472ae8a162318d226b23f70a672e4e4e514dd0e50adae007bea2e0
build/swiftpm/arm64-apple-macosx/release/GiftUITextResourceFailureAdapterFixture-tool.build/sources	68f32815074638d34018764880835d7fc93107688f3fc27bd31ed423a64b8901
build/swiftpm/arm64-apple-macosx/release/GiftUITextResourceOwnerAdapterTests-tool.build/output-file-map.json	a7ab28e37081ca200bfc0c5aecd13f24adbd3651c999cd13f0d4917142ddad82
build/swiftpm/arm64-apple-macosx/release/GiftUITextResources-tool.build/GiftUITextResources.d	521f51ea7b15477c77f1cee3e936901d3b608083f89b864c3b2087cdd51fb341
build/swiftpm/arm64-apple-macosx/release/GiftUITextResources-tool.build/GiftUITextResources.dia	2c72d5afff8cce441f2f8299a18215b0bf79605aa7eb05839e38f7949b46c0e2
build/swiftpm/arm64-apple-macosx/release/GiftUITextResources-tool.build/GiftUITextResources.swift.o	53efa89af4bbc7729c99d8ecf6f641865741c828eceac9d50f37c333dcab1289
build/swiftpm/arm64-apple-macosx/release/GiftUITextResources-tool.build/include/GiftUITextResources-Swift.h	2c2e63be63f2bf66b6ca14ab94252ee9d40fdc4cb0add8b93a419082bb7c660d
build/swiftpm/arm64-apple-macosx/release/GiftUITextResources-tool.build/include/module.modulemap	806d39a8eabdd80123ffd02b08b07d32443bfab52d2c871950754c092f120e0b
build/swiftpm/arm64-apple-macosx/release/GiftUITextResources-tool.build/output-file-map.json	ad57113587d5ca85bd7b7d73b93af82a35faedce3454d68e6956667bffa5c818
build/swiftpm/arm64-apple-macosx/release/GiftUITextResources-tool.build/sources	264d51c9cf08831330a4e521e8fca04f9088a22df7f4971c9efd2e6571ed34d9
build/swiftpm/arm64-apple-macosx/release/GiftUITextResourcesTests-tool.build/output-file-map.json	d499d47e5158f24c284b2034c41157ca11e7c0859df970ae30719b667687d675
build/swiftpm/arm64-apple-macosx/release/ModuleCache/172PRR6C9UKQM/Darwin-1FXX23EKWOBA9.pcm	10cd468088feba39da56aae688486054be52251b4ece51aedf18ef0cd62edeb8
build/swiftpm/arm64-apple-macosx/release/ModuleCache/172PRR6C9UKQM/MachO-20RPYVQSX341K.pcm	8494052ec556fe735647a3c14e3bd34b19bdbef9436430506463d2e51cffb141
build/swiftpm/arm64-apple-macosx/release/ModuleCache/172PRR6C9UKQM/ObjectiveC-1G8H182PQX3QE.pcm	621c4bb796f1a25c07ed7c380f409c12c458a6f780035cfd4f417c940cd9cc24
build/swiftpm/arm64-apple-macosx/release/ModuleCache/172PRR6C9UKQM/SwiftShims-19EWHCF94MGNA.pcm	43973950102e3e610ec8df51a3c171e31f2991344d4fcd7bb50c852144a78249
build/swiftpm/arm64-apple-macosx/release/ModuleCache/172PRR6C9UKQM/_AvailabilityInternal-2YSBQADOLX02V.pcm	bd10f8e280ea06c7ce1f07e6130040ebcdeab24ec1be16ad2f675d1a7befa07f
build/swiftpm/arm64-apple-macosx/release/ModuleCache/172PRR6C9UKQM/_Builtin_float-2RYO0GH1POOPJ.pcm	bb9cf33e984777a4e6928fec99cfd188dc3b5e6654d7c654937f58805af76649
build/swiftpm/arm64-apple-macosx/release/ModuleCache/172PRR6C9UKQM/_Builtin_inttypes-2RYO0GH1POOPJ.pcm	448868ce32b1dcd31e8e3302f63357ef56298dba7071f08e6e6c4861345f714d
build/swiftpm/arm64-apple-macosx/release/ModuleCache/172PRR6C9UKQM/_Builtin_limits-2RYO0GH1POOPJ.pcm	bc0b6a89c84863b380be82271fe9a302070e7d2535f64bd2b08b66547c7ea2e3
build/swiftpm/arm64-apple-macosx/release/ModuleCache/172PRR6C9UKQM/_Builtin_stdarg-2RYO0GH1POOPJ.pcm	d2819e7b2f3630fae03dfe85dad3dc20a34f40147c585ead0fa13993c03b53c0
build/swiftpm/arm64-apple-macosx/release/ModuleCache/172PRR6C9UKQM/_Builtin_stdbool-2RYO0GH1POOPJ.pcm	d0d01ff2523c601e9b6870ca8b70defb099fb56922a70fc679b90021fc39899b
build/swiftpm/arm64-apple-macosx/release/ModuleCache/172PRR6C9UKQM/_Builtin_stddef-2RYO0GH1POOPJ.pcm	9b0c565feaab3608e37132112ae52258fe067e62d6d811c22372a08db9b8bd82
build/swiftpm/arm64-apple-macosx/release/ModuleCache/172PRR6C9UKQM/_Builtin_stdint-2RYO0GH1POOPJ.pcm	acb2fe035126ca0e237c57230dfa48b05e3485ba9f7b6a02275e256f81c75dc7
build/swiftpm/arm64-apple-macosx/release/ModuleCache/172PRR6C9UKQM/_DarwinFoundation1-2YSBQADOLX02V.pcm	e07cc3fe05a40a103c9afe2c6f2138d0ec0abc212ce583863420d2e4130d5431
build/swiftpm/arm64-apple-macosx/release/ModuleCache/172PRR6C9UKQM/_DarwinFoundation2-3J4ZFA06I5V1P.pcm	8cd990d5806366b70f6af5623b5c813c943386d92805c534d84bb77fc414063a
build/swiftpm/arm64-apple-macosx/release/ModuleCache/172PRR6C9UKQM/_DarwinFoundation3-2NSGASPTSNBVQ.pcm	0fabb7b32b5fac44a69df26b1a829e7c83ce32711f1bb7198ecdafd3903b6010
build/swiftpm/arm64-apple-macosx/release/ModuleCache/172PRR6C9UKQM/_SwiftConcurrencyShims-19EWHCF94MGNA.pcm	d6c6187261d47faf6f6574a80ddcc87341f1f6153c370581769060ba9942ac6b
build/swiftpm/arm64-apple-macosx/release/ModuleCache/172PRR6C9UKQM/ptrcheck-2RYO0GH1POOPJ.pcm	4f8cde424aa95e802998ae559ea4f37e36ea7909e4adcd57728cd46ce05e9bc9
build/swiftpm/arm64-apple-macosx/release/ModuleCache/172PRR6C9UKQM/sys_types-3J4ZFA06I5V1P.pcm	296d2f70803304a547842091114c314d731a14b713eafa0cd30d6fb6b066e086
build/swiftpm/arm64-apple-macosx/release/ModuleCache/18SLE3VSNCNPA/Darwin-1FXX23EKWOBA9.pcm	ffea5400c4761b09b487cf28baf514f9f532dab99e30be9fc137d99593f4869f
build/swiftpm/arm64-apple-macosx/release/ModuleCache/18SLE3VSNCNPA/Dispatch-R76HXUP80TVL.pcm	f0f7e222db9b99c833765c544df38e8db4eacdea69f28467289da84824896d4a
build/swiftpm/arm64-apple-macosx/release/ModuleCache/18SLE3VSNCNPA/MachO-20RPYVQSX341K.pcm	101a158a4a59bedf35f80f00c16e6c14bb19db0c1691b6bf7ddb35be71977e8e
build/swiftpm/arm64-apple-macosx/release/ModuleCache/18SLE3VSNCNPA/ObjectiveC-1G8H182PQX3QE.pcm	ecd39180f7ee182b841444b4e75d060f6c64f56557d806230467ffd6c06edd9a
build/swiftpm/arm64-apple-macosx/release/ModuleCache/18SLE3VSNCNPA/SwiftShims-19EWHCF94MGNA.pcm	45a7f0b8fcf2f374d114e3bbc2cb66eae3061bfb3a580ecbfbcff17427527af9
build/swiftpm/arm64-apple-macosx/release/ModuleCache/18SLE3VSNCNPA/XPC-T0ZXCAST7PE3.pcm	5516c79d9bbd46380e6a85961143005e9535e8a09ca0077f49dc53bc142588de
build/swiftpm/arm64-apple-macosx/release/ModuleCache/18SLE3VSNCNPA/_AvailabilityInternal-2YSBQADOLX02V.pcm	647954d520d1d7a97efcb8b474799b78efce418ecc8fb328ae4252e805ee70e1
build/swiftpm/arm64-apple-macosx/release/ModuleCache/18SLE3VSNCNPA/_Builtin_float-2RYO0GH1POOPJ.pcm	7c3c6cf6c492c744f8c4a38c1d25d1436337e89b82f26fe219f247413c485d5b
build/swiftpm/arm64-apple-macosx/release/ModuleCache/18SLE3VSNCNPA/_Builtin_inttypes-2RYO0GH1POOPJ.pcm	2673ec23453355a73557a86d0f636f43cb31acd4c53ce5d43f94508c211ea4fa
build/swiftpm/arm64-apple-macosx/release/ModuleCache/18SLE3VSNCNPA/_Builtin_limits-2RYO0GH1POOPJ.pcm	6b28fdad6edf5985e771cbc4413c03c792c30058ab1c63aad9cbad97aa640328
build/swiftpm/arm64-apple-macosx/release/ModuleCache/18SLE3VSNCNPA/_Builtin_stdarg-2RYO0GH1POOPJ.pcm	6590a23bae8b7d94c95d2613e2ed44aeb1cb6133e5e86066b16952ebb5f95be3
build/swiftpm/arm64-apple-macosx/release/ModuleCache/18SLE3VSNCNPA/_Builtin_stdatomic-2RYO0GH1POOPJ.pcm	d98abf97eeb7315f18f1ffd06ebc0ad85c8c63c25a584f7d3294d781f20be200
build/swiftpm/arm64-apple-macosx/release/ModuleCache/18SLE3VSNCNPA/_Builtin_stdbool-2RYO0GH1POOPJ.pcm	7b6ad82cfe1a6b7ae0bbd35dd141730d306690d0c25a293cccaef97bcb3cd924
build/swiftpm/arm64-apple-macosx/release/ModuleCache/18SLE3VSNCNPA/_Builtin_stddef-2RYO0GH1POOPJ.pcm	4539822b7a5345986c27e9f9fe8e490c4964700b56f0d481b650483162807ff6
build/swiftpm/arm64-apple-macosx/release/ModuleCache/18SLE3VSNCNPA/_Builtin_stdint-2RYO0GH1POOPJ.pcm	5f611eeab341ece6909c77b27c38720171a7a0325f5ab145b0d833615d79f17c
build/swiftpm/arm64-apple-macosx/release/ModuleCache/18SLE3VSNCNPA/_DarwinFoundation1-2YSBQADOLX02V.pcm	5371c0702cc63e8ef279f8873d405e1b8b135efbc645e2f1ac806fffca49ffa8
build/swiftpm/arm64-apple-macosx/release/ModuleCache/18SLE3VSNCNPA/_DarwinFoundation2-3J4ZFA06I5V1P.pcm	f004ac1661ce89c2037f6e5c58b6190cbf765505cec2277ca439912689022efe
build/swiftpm/arm64-apple-macosx/release/ModuleCache/18SLE3VSNCNPA/_DarwinFoundation3-2NSGASPTSNBVQ.pcm	344d813fb0e430405963ae6fa99dafa8fb4500300d713c1e59b34d64674f894d
build/swiftpm/arm64-apple-macosx/release/ModuleCache/18SLE3VSNCNPA/_SwiftConcurrencyShims-19EWHCF94MGNA.pcm	a107338c3be4e8ff178cc7a71ea16d908c6c794c4748bd1b6dfbfed64b48ba2b
build/swiftpm/arm64-apple-macosx/release/ModuleCache/18SLE3VSNCNPA/launch-3T3BU4MASLMUM.pcm	62e027cbb1c12b8237c9142cf67ac2312df6fe82cd84d42159277d2eab91b26e
build/swiftpm/arm64-apple-macosx/release/ModuleCache/18SLE3VSNCNPA/os-2MV8OP7R98AN8.pcm	a84e2de5995a75a110bf589fcd972727fdb20d207248f3746123176923807205
build/swiftpm/arm64-apple-macosx/release/ModuleCache/18SLE3VSNCNPA/os_object-2MV8OP7R98AN8.pcm	a9b19f100c93da35da5c07ecec54223e6960a3d80c938f5c2acab39539cc3503
build/swiftpm/arm64-apple-macosx/release/ModuleCache/18SLE3VSNCNPA/os_workgroup-2MV8OP7R98AN8.pcm	3e1270be4f755e41bd61eeb7f5bf2f75eda6df5d1b80894e55661056bd630e01
build/swiftpm/arm64-apple-macosx/release/ModuleCache/18SLE3VSNCNPA/ptrcheck-2RYO0GH1POOPJ.pcm	f88b4de7ddef93619c36f59f9973ed1a861e2cb2aef8f2c3c124b5e83077f5cc
build/swiftpm/arm64-apple-macosx/release/ModuleCache/18SLE3VSNCNPA/sys_types-3J4ZFA06I5V1P.pcm	9fb848644502821c7473c6deb633badd0cc1022b826a0369b2bd186296615abe
build/swiftpm/arm64-apple-macosx/release/ModuleCache/1EOOYTKTXOWZL/Darwin-1FXX23EKWOBA9.pcm	c32d8fee544599e40bd39e2544179867117378f3452eb590f2f95326c70c94ec
build/swiftpm/arm64-apple-macosx/release/ModuleCache/1EOOYTKTXOWZL/Dispatch-R76HXUP80TVL.pcm	f3526c89ee6fa25f6e626eae504e0625b8d3f8cd91dc500671e7c572b9f2f9c5
build/swiftpm/arm64-apple-macosx/release/ModuleCache/1EOOYTKTXOWZL/MachO-20RPYVQSX341K.pcm	239e2e7c9bb4ce17180d6486d0fc67ffe9dcc59362a04fd948ec5c7f94b3d230
build/swiftpm/arm64-apple-macosx/release/ModuleCache/1EOOYTKTXOWZL/ObjectiveC-1G8H182PQX3QE.pcm	e1b31983dc8a4bc6cb8f8a35705b947b8465fa7e3cf805c1c215cd1ed108a077
build/swiftpm/arm64-apple-macosx/release/ModuleCache/1EOOYTKTXOWZL/SwiftShims-19EWHCF94MGNA.pcm	1c68734a6db3bcd7d7ae596c12d20c8f9aeae9c6935431aaeb2ba861d9677dd5
build/swiftpm/arm64-apple-macosx/release/ModuleCache/1EOOYTKTXOWZL/XPC-T0ZXCAST7PE3.pcm	d073ad8a14456d27ae78d025aeb1ea61751de32196e75f7651a7600240b950ea
build/swiftpm/arm64-apple-macosx/release/ModuleCache/1EOOYTKTXOWZL/_AvailabilityInternal-2YSBQADOLX02V.pcm	0f95944ca50dd69845f169c98ebfe137da51071c39e3f880693345b852de118d
build/swiftpm/arm64-apple-macosx/release/ModuleCache/1EOOYTKTXOWZL/_Builtin_float-2RYO0GH1POOPJ.pcm	d01141c8d2d24f85e389df1effd9845fd349c60e54214363eb3779ffe51ea3da
build/swiftpm/arm64-apple-macosx/release/ModuleCache/1EOOYTKTXOWZL/_Builtin_inttypes-2RYO0GH1POOPJ.pcm	cbf306236d6f14d79c45bba040628eb005dc14d2889c5fd35a029408251ac900
build/swiftpm/arm64-apple-macosx/release/ModuleCache/1EOOYTKTXOWZL/_Builtin_limits-2RYO0GH1POOPJ.pcm	e8918ae6bb7b37b508245bbf6a98a1f8b006a8cca733a96d19e2dfd53ecd690c
build/swiftpm/arm64-apple-macosx/release/ModuleCache/1EOOYTKTXOWZL/_Builtin_stdarg-2RYO0GH1POOPJ.pcm	30b3ba29aa4c97cfb1d71b6ddc39be167a3be732ddf1876489da88c532a90e03
build/swiftpm/arm64-apple-macosx/release/ModuleCache/1EOOYTKTXOWZL/_Builtin_stdatomic-2RYO0GH1POOPJ.pcm	86499324c142178f1707416509974c406f4f6582d7f5dc739f063fb657b5941e
build/swiftpm/arm64-apple-macosx/release/ModuleCache/1EOOYTKTXOWZL/_Builtin_stdbool-2RYO0GH1POOPJ.pcm	07fc9df2af4ff951ceb6f2672d4f925bd580e6e7bee9217b2e24fa34f5ee22e8
build/swiftpm/arm64-apple-macosx/release/ModuleCache/1EOOYTKTXOWZL/_Builtin_stddef-2RYO0GH1POOPJ.pcm	96e786c0752686ab44f39c57e86bd11c91bab3e1402cf08ad9e4889f1223833f
build/swiftpm/arm64-apple-macosx/release/ModuleCache/1EOOYTKTXOWZL/_Builtin_stdint-2RYO0GH1POOPJ.pcm	fd5b251d8e26d7e68c4c0382c524c082936fd5a2e67a36c0ee9505274a811352
build/swiftpm/arm64-apple-macosx/release/ModuleCache/1EOOYTKTXOWZL/_DarwinFoundation1-2YSBQADOLX02V.pcm	68c7657c0f18d07060c5c40c9e2859c1473e7440a2286aab56f98275a8f7658d
build/swiftpm/arm64-apple-macosx/release/ModuleCache/1EOOYTKTXOWZL/_DarwinFoundation2-3J4ZFA06I5V1P.pcm	b6ff6796444c576cfe26461840749bfc672b094b073f825f4abbb7db03197271
build/swiftpm/arm64-apple-macosx/release/ModuleCache/1EOOYTKTXOWZL/_DarwinFoundation3-2NSGASPTSNBVQ.pcm	9059948647ba0014bc9c92e44e69353c20eac939eb36dea002b93c9e5a736c02
build/swiftpm/arm64-apple-macosx/release/ModuleCache/1EOOYTKTXOWZL/_SwiftConcurrencyShims-19EWHCF94MGNA.pcm	22df88b7deeefd3653bd10dc0f78698e80205ddf2845b82c00debc09540c0533
build/swiftpm/arm64-apple-macosx/release/ModuleCache/1EOOYTKTXOWZL/_SwiftSyntaxCShims-1VYCQW8XN7M2S.pcm	629b14d8abcab1e7c931479c703c30512b2132baabe0380870ad9f450d8d7e4d
build/swiftpm/arm64-apple-macosx/release/ModuleCache/1EOOYTKTXOWZL/launch-3T3BU4MASLMUM.pcm	fd0c8d523c91556a9d274ed52f66b34790c8f39fccf30b7f7cc34180fac66a15
build/swiftpm/arm64-apple-macosx/release/ModuleCache/1EOOYTKTXOWZL/os-2MV8OP7R98AN8.pcm	e8663dde4f9ee4bb4cbbc492f8b501564f8ded95749bce9fa1399ce7a8becc19
build/swiftpm/arm64-apple-macosx/release/ModuleCache/1EOOYTKTXOWZL/os_object-2MV8OP7R98AN8.pcm	0d47ef6d431d7e0aa25827712d1fbf1f4838147974ac7e185e860e0234e5ba8e
build/swiftpm/arm64-apple-macosx/release/ModuleCache/1EOOYTKTXOWZL/os_workgroup-2MV8OP7R98AN8.pcm	5f44a010209b72fb93652187522cfa936480ae86cf2c69e09428a605a216fc4c
build/swiftpm/arm64-apple-macosx/release/ModuleCache/1EOOYTKTXOWZL/ptrcheck-2RYO0GH1POOPJ.pcm	a0f22d63cb2948b3ff9c6a83d84ccdb3cdae954f20c45d70793d6548670b7df3
build/swiftpm/arm64-apple-macosx/release/ModuleCache/1EOOYTKTXOWZL/sys_types-3J4ZFA06I5V1P.pcm	520eb887dc48cc86b7486ecb2d830a5531edbaa4fed70bbe000186d100d69c72
build/swiftpm/arm64-apple-macosx/release/ModuleCache/2LDLHZ4AZKH2E/Darwin-1FXX23EKWOBA9.pcm	66b37d5da397d824da74c40677be67c27e1a0b58b132a6b7bb9ce1e3be9988c1
build/swiftpm/arm64-apple-macosx/release/ModuleCache/2LDLHZ4AZKH2E/Dispatch-R76HXUP80TVL.pcm	e5497ced77c82e6e47fc81c60bd368e42616760cfe42b35ede2687c73802bf6d
build/swiftpm/arm64-apple-macosx/release/ModuleCache/2LDLHZ4AZKH2E/MachO-20RPYVQSX341K.pcm	0fcc5f6900afee3d44ba4b92ea71bf8d8782e3b186c12a103180965cdcfddb4c
build/swiftpm/arm64-apple-macosx/release/ModuleCache/2LDLHZ4AZKH2E/ObjectiveC-1G8H182PQX3QE.pcm	2f871eb265d4153476b68cf8cf06ca92152eee541bc7d288b680b6db18b6c9ba
build/swiftpm/arm64-apple-macosx/release/ModuleCache/2LDLHZ4AZKH2E/SwiftShims-19EWHCF94MGNA.pcm	c4c7c3377b87b07902633341ce80ede7342d042ffc7fa117043f295bf6807871
build/swiftpm/arm64-apple-macosx/release/ModuleCache/2LDLHZ4AZKH2E/XPC-T0ZXCAST7PE3.pcm	f2674456b580ae34c163621246de78989e77be2585f01d27136d4be6734637a1
build/swiftpm/arm64-apple-macosx/release/ModuleCache/2LDLHZ4AZKH2E/_AvailabilityInternal-2YSBQADOLX02V.pcm	574bfebadd9f88deaa0bd7a93abae4a53311137622e132328fd4c6717e5095cb
build/swiftpm/arm64-apple-macosx/release/ModuleCache/2LDLHZ4AZKH2E/_Builtin_float-2RYO0GH1POOPJ.pcm	97a047e276e36efc6b3388a40c8206a56ff4cf28c413634cd37f44b20fdacc85
build/swiftpm/arm64-apple-macosx/release/ModuleCache/2LDLHZ4AZKH2E/_Builtin_inttypes-2RYO0GH1POOPJ.pcm	76e22cc2a1d6ce6ead782a8c5e5e8eaa4e636eb49850de37bac5a435e2003c8a
build/swiftpm/arm64-apple-macosx/release/ModuleCache/2LDLHZ4AZKH2E/_Builtin_limits-2RYO0GH1POOPJ.pcm	c347799b28a88296a99ee4b5bc27b5c1d65bc177e374fbea5c37ce46f1e02316
build/swiftpm/arm64-apple-macosx/release/ModuleCache/2LDLHZ4AZKH2E/_Builtin_stdarg-2RYO0GH1POOPJ.pcm	8aed97190b3bfde480a008c51acf324150cf66e5b84d00a957e048a5c2467c9b
build/swiftpm/arm64-apple-macosx/release/ModuleCache/2LDLHZ4AZKH2E/_Builtin_stdatomic-2RYO0GH1POOPJ.pcm	32f81ab8244dcd285d2b83ede8e7848ade25145b8921fed4b9e7761d14cdd083
build/swiftpm/arm64-apple-macosx/release/ModuleCache/2LDLHZ4AZKH2E/_Builtin_stdbool-2RYO0GH1POOPJ.pcm	e1a1047d03b062bbccaf27ea04efadd5f5f5010ad5025a3d8bc06348cbb03e5b
build/swiftpm/arm64-apple-macosx/release/ModuleCache/2LDLHZ4AZKH2E/_Builtin_stddef-2RYO0GH1POOPJ.pcm	3fca8e6a7161538e8f8701000113f21689178b0b944ec14c6074594b073db855
build/swiftpm/arm64-apple-macosx/release/ModuleCache/2LDLHZ4AZKH2E/_Builtin_stdint-2RYO0GH1POOPJ.pcm	847f32f6e4d82923521455d251564f6b169be107da1239934dd60de8968485a9
build/swiftpm/arm64-apple-macosx/release/ModuleCache/2LDLHZ4AZKH2E/_DarwinFoundation1-2YSBQADOLX02V.pcm	3c05951f1c0eefbcd4cfa581f3a1727dc4543017cbfd37e78833661dff41af79
build/swiftpm/arm64-apple-macosx/release/ModuleCache/2LDLHZ4AZKH2E/_DarwinFoundation2-3J4ZFA06I5V1P.pcm	23f9d2b0f142b2ce068ba4466c2ba1383b8fc521cd3b389a4505ef16bacf70f1
build/swiftpm/arm64-apple-macosx/release/ModuleCache/2LDLHZ4AZKH2E/_DarwinFoundation3-2NSGASPTSNBVQ.pcm	0dda64b7e6a3555d4c32b555e2278e0f0d83157542f9cbdc4aac3577c667cd67
build/swiftpm/arm64-apple-macosx/release/ModuleCache/2LDLHZ4AZKH2E/_SwiftConcurrencyShims-19EWHCF94MGNA.pcm	1c50fcb8559054d7e744226bf68449af5756ce5e96063b569d9b7d8e17457524
build/swiftpm/arm64-apple-macosx/release/ModuleCache/2LDLHZ4AZKH2E/_SwiftSyntaxCShims-1VYCQW8XN7M2S.pcm	25db3b11246f6e190a00c3898566ec05dfff0b59b31a82a3242e53be6d091dbe
build/swiftpm/arm64-apple-macosx/release/ModuleCache/2LDLHZ4AZKH2E/launch-3T3BU4MASLMUM.pcm	474626d8034ccf7d10e5e292bcab60628842e1d40ede7c1a48fcc017c7060d5f
build/swiftpm/arm64-apple-macosx/release/ModuleCache/2LDLHZ4AZKH2E/os-2MV8OP7R98AN8.pcm	a9df02d049345ef7b58d572815b50190823010c7578c8abe9e73cdf62e7f0679
build/swiftpm/arm64-apple-macosx/release/ModuleCache/2LDLHZ4AZKH2E/os_object-2MV8OP7R98AN8.pcm	c8443b8248a581872574ef5eac5670d9866e86f985d6f4f9b767f399cdf6409c
build/swiftpm/arm64-apple-macosx/release/ModuleCache/2LDLHZ4AZKH2E/os_workgroup-2MV8OP7R98AN8.pcm	2d62d2207956eb769fe55411454f84001ac8d90b2603a2ebf4683532d6772e26
build/swiftpm/arm64-apple-macosx/release/ModuleCache/2LDLHZ4AZKH2E/ptrcheck-2RYO0GH1POOPJ.pcm	c7202742c8fdb22846ee6912e86dcd18cf8da54b3b59b2f7df2fe3ac76529f11
build/swiftpm/arm64-apple-macosx/release/ModuleCache/2LDLHZ4AZKH2E/sys_types-3J4ZFA06I5V1P.pcm	9583705737710e4f0c7b035053f263bfb8bddef4eaa795ddaaa500bcf77031d0
build/swiftpm/arm64-apple-macosx/release/ModuleCache/Combine-12VGLFQX5WK65.swiftmodule	0002408d8d89378608df6758fc02cbfebf78c62d5013b52d0f2e80577027ec9f
build/swiftpm/arm64-apple-macosx/release/ModuleCache/Darwin-KAMM2KBRX1UD.swiftmodule	5ceab9bc8242c671bffc9def4550ced42f6886fd6d61b945853f3b5c353f38e5
build/swiftpm/arm64-apple-macosx/release/ModuleCache/Dispatch-2SVB8VHYDEVHE.swiftmodule	f71ab4408bf86bfc82416dccd78f64005fdbd7af312b288823680a0fa6dcbd72
build/swiftpm/arm64-apple-macosx/release/ModuleCache/FB66QPGDF940/Darwin-1FXX23EKWOBA9.pcm	11abe53fe0a06aacd7eeef28615269ceb70c2677962a7afe73eda68ed4d31028
build/swiftpm/arm64-apple-macosx/release/ModuleCache/FB66QPGDF940/_AvailabilityInternal-2YSBQADOLX02V.pcm	7cdfa1f8103474268f75744c129effcab54d284d7c30ef2a95fe57a1b4d091c5
build/swiftpm/arm64-apple-macosx/release/ModuleCache/FB66QPGDF940/_Builtin_inttypes-2RYO0GH1POOPJ.pcm	d5f15e8ded69661314c85b1950ee7491e5a46e78785590e813c60286dd91a397
build/swiftpm/arm64-apple-macosx/release/ModuleCache/FB66QPGDF940/_Builtin_limits-2RYO0GH1POOPJ.pcm	4c00b27d0417b8403a7680aab7d53cfd53d4110c22a483f0fb91c93e2f7b70b0
build/swiftpm/arm64-apple-macosx/release/ModuleCache/FB66QPGDF940/_Builtin_stdarg-2RYO0GH1POOPJ.pcm	6a9ea70ae17c842297d4af11e260f4a5cbeaf3d7a6f0c6e97d7d1a0dc4e1d7c0
build/swiftpm/arm64-apple-macosx/release/ModuleCache/FB66QPGDF940/_Builtin_stdbool-2RYO0GH1POOPJ.pcm	1dfb0f48d6f9231f04f03263d712f07936d5963c26313f6ccf76b02cff9efc73
build/swiftpm/arm64-apple-macosx/release/ModuleCache/FB66QPGDF940/_Builtin_stddef-2RYO0GH1POOPJ.pcm	ef39a8ef34964d18279b2877b434d16ee835d44f29554ce684de32bb7486424f
build/swiftpm/arm64-apple-macosx/release/ModuleCache/FB66QPGDF940/_Builtin_stdint-2RYO0GH1POOPJ.pcm	f171e5bd506401873895acf129c9d5345125bbed1740d3ea07f2ae5d127c8100
build/swiftpm/arm64-apple-macosx/release/ModuleCache/FB66QPGDF940/_DarwinFoundation1-2YSBQADOLX02V.pcm	023e39095f19ea35654d66d568c7ceb53805cbe0241b50707c546b7854528df4
build/swiftpm/arm64-apple-macosx/release/ModuleCache/FB66QPGDF940/_DarwinFoundation2-3J4ZFA06I5V1P.pcm	b68efcefd1142b8a39f2ac28ce478dbc313d7e8206e4efaf77f8f609f23bdc68
build/swiftpm/arm64-apple-macosx/release/ModuleCache/FB66QPGDF940/_DarwinFoundation3-2NSGASPTSNBVQ.pcm	611063e9ce9de3205f14d29b3ce90ea70705727fe89e6fff38c33a7e979cd292
build/swiftpm/arm64-apple-macosx/release/ModuleCache/FB66QPGDF940/modules.idx	bcba661b884dd60b827aa79747a70e93378bcb0338caaf827e467213f33fdb7e
build/swiftpm/arm64-apple-macosx/release/ModuleCache/FB66QPGDF940/ptrcheck-2RYO0GH1POOPJ.pcm	a360b67f8b6e06997fa0cc939935fbb3525301cd53480db5c1e627cbe5275e4a
build/swiftpm/arm64-apple-macosx/release/ModuleCache/ObjectiveC-1CAF64Z98ZQ1C.swiftmodule	003c4d995aa2438c6787b23e5cda32612d05009377e3c597ab6ce0ec103f12d7
build/swiftpm/arm64-apple-macosx/release/ModuleCache/XPC-1531KTDZFOPQT.swiftmodule	02e8827fcaa8c46037ab212d457425bd4c0db3528d2ff5af4e52244c5f31c48c
build/swiftpm/arm64-apple-macosx/release/ModuleCache/_DarwinFoundation1-2G59DTQTZVHQ8.swiftmodule	284f5ecad1554e446671f02666a9cea9b4229a7572b82aa02d76ea43a5ddfc1a
build/swiftpm/arm64-apple-macosx/release/ModuleCache/_DarwinFoundation2-3PYWV2IF5DC9B.swiftmodule	cbf34a2a4d1d832d804c0c055b280153c451b6057de342b10d883a6dcaa37fc1
build/swiftpm/arm64-apple-macosx/release/ModuleCache/_DarwinFoundation3-NL56UP74R7KV.swiftmodule	24c3a20d03f4389efbf24b43f8034a289e402a37640199e464108dff89c9906c
build/swiftpm/arm64-apple-macosx/release/ModuleCache/modules.timestamp	e3b0c44298fc1c149afbf4c8996fb92427ae41e4649b934ca495991b7852b855
build/swiftpm/arm64-apple-macosx/release/ModuleCache/os-2R992ODAQORC5.swiftmodule	a1240c00df2766f7c6af3a34533c7ce55c64be5eff54f6f8c2b0e2c456e7635d
build/swiftpm/arm64-apple-macosx/release/Modules-tool/GiftUI.abi.json	4277ac6b49f8511196028a5ac20f5b1b1dfa754c24615d34068089f0b1739728
build/swiftpm/arm64-apple-macosx/release/Modules-tool/GiftUI.swiftdoc	4ab010ec93e07a698d36823f116d945864bb48a724981cc885d7ef756152d310
build/swiftpm/arm64-apple-macosx/release/Modules-tool/GiftUI.swiftmodule	a86808210d098438f42911662dad9e458c584bd54483092f2f9c3c3a5b4c9dce
build/swiftpm/arm64-apple-macosx/release/Modules-tool/GiftUI.swiftsourceinfo	cbb1acc8e0a30d0ab615b97d2839da80aa13adbac04bb776992b1e02960c2446
build/swiftpm/arm64-apple-macosx/release/Modules-tool/GiftUIBackendIntegration.abi.json	4277ac6b49f8511196028a5ac20f5b1b1dfa754c24615d34068089f0b1739728
build/swiftpm/arm64-apple-macosx/release/Modules-tool/GiftUIBackendIntegration.swiftdoc	166669f005cf8a9995688759c1a8f24f75f32f934090dcf683fdb857baf20ead
build/swiftpm/arm64-apple-macosx/release/Modules-tool/GiftUIBackendIntegration.swiftmodule	ba97a6ba4cd66cd5d4047afc0a5c8a8d21abc5f3459b00e67262ef13db5d9abb
build/swiftpm/arm64-apple-macosx/release/Modules-tool/GiftUIBackendIntegration.swiftsourceinfo	89b43dc3f1fc05eb9913210a6bceaecfde812d8e4f9966cfa4dde8b3c514dc50
build/swiftpm/arm64-apple-macosx/release/Modules-tool/GiftUICapabilities.abi.json	4277ac6b49f8511196028a5ac20f5b1b1dfa754c24615d34068089f0b1739728
build/swiftpm/arm64-apple-macosx/release/Modules-tool/GiftUICapabilities.swiftdoc	5dd1c8a26a8fb4cb2db306d95e1c1a65e5d9397a4646bf42ee440eb13e9dec88
build/swiftpm/arm64-apple-macosx/release/Modules-tool/GiftUICapabilities.swiftmodule	2f6cba59b9cf94ab984c56d60df6fb516e00e801038b6fa300fdec78d4777702
build/swiftpm/arm64-apple-macosx/release/Modules-tool/GiftUICapabilities.swiftsourceinfo	10bd8a816c5bcaa50514612c0d92e09ca10ac60b630701e9fee5d2e38800d502
build/swiftpm/arm64-apple-macosx/release/Modules-tool/GiftUICapabilityFailureAdapterFixture.abi.json	4277ac6b49f8511196028a5ac20f5b1b1dfa754c24615d34068089f0b1739728
build/swiftpm/arm64-apple-macosx/release/Modules-tool/GiftUICapabilityFailureAdapterFixture.swiftdoc	6a9ce618174490a450d8d6005b0c97727902bc8c44b3e8805cf2e2be686bb0e8
build/swiftpm/arm64-apple-macosx/release/Modules-tool/GiftUICapabilityFailureAdapterFixture.swiftmodule	5967a1ab90d45aef4ca4ef37fd3c5b61f53d3cbd3b8ba440546b17875654bab6
build/swiftpm/arm64-apple-macosx/release/Modules-tool/GiftUICapabilityFailureAdapterFixture.swiftsourceinfo	e3eae9806d02ab031d34476474905cefdcae26cf4a8dedfe686114eebb959c88
build/swiftpm/arm64-apple-macosx/release/Modules-tool/GiftUIDisplayCore.abi.json	4277ac6b49f8511196028a5ac20f5b1b1dfa754c24615d34068089f0b1739728
build/swiftpm/arm64-apple-macosx/release/Modules-tool/GiftUIDisplayCore.swiftdoc	b3b2fda4ece42d3a751af77d74806df0de43b18bbf0c45f0bb2f479eb2bcc65f
build/swiftpm/arm64-apple-macosx/release/Modules-tool/GiftUIDisplayCore.swiftmodule	1bef39bf67e6e458712a1e98724bba1e2e04e9ae7283db7f1fd2b42a78429041
build/swiftpm/arm64-apple-macosx/release/Modules-tool/GiftUIDisplayCore.swiftsourceinfo	5e060ad1a612b279727d6fc2bcfbcf0340c05cd3e267ce13085e7139f69e206e
build/swiftpm/arm64-apple-macosx/release/Modules-tool/GiftUIDrawing.abi.json	4277ac6b49f8511196028a5ac20f5b1b1dfa754c24615d34068089f0b1739728
build/swiftpm/arm64-apple-macosx/release/Modules-tool/GiftUIDrawing.swiftdoc	4e1eea893855260446fa9aa905643e3d9bd06ebedd7d56adbbe0d388bc2dd249
build/swiftpm/arm64-apple-macosx/release/Modules-tool/GiftUIDrawing.swiftmodule	164b82716df121180ad2c98483cb5be42dfaa7b672f4096f59c1db37669873d3
build/swiftpm/arm64-apple-macosx/release/Modules-tool/GiftUIDrawing.swiftsourceinfo	a2a4937ba75e30b52e18bee0f314e26d509c8322e9e5c0d70ea575f1df41a0ff
build/swiftpm/arm64-apple-macosx/release/Modules-tool/GiftUIDrawingFailureAdapterFixture.abi.json	4277ac6b49f8511196028a5ac20f5b1b1dfa754c24615d34068089f0b1739728
build/swiftpm/arm64-apple-macosx/release/Modules-tool/GiftUIDrawingFailureAdapterFixture.swiftdoc	03fe954e2b7a2d79cd01a013bdadec140d4b8db14c2de16505b265a8f57502ba
build/swiftpm/arm64-apple-macosx/release/Modules-tool/GiftUIDrawingFailureAdapterFixture.swiftmodule	b1f0e75d1432ee8d91702f6cad8425cbe63a96de234cb693d7fbc03eafbc7638
build/swiftpm/arm64-apple-macosx/release/Modules-tool/GiftUIDrawingFailureAdapterFixture.swiftsourceinfo	c65ebde0f3da6f7d5c387c211469dfe210eadf9ca21cb7f6586ef14f3687a2cc
build/swiftpm/arm64-apple-macosx/release/Modules-tool/GiftUIDynamicConveniences.abi.json	4277ac6b49f8511196028a5ac20f5b1b1dfa754c24615d34068089f0b1739728
build/swiftpm/arm64-apple-macosx/release/Modules-tool/GiftUIDynamicConveniences.swiftdoc	f57a35b6d064ad7855f16a46e7141d37b1902a93e315a91be9efd2011dde5cca
build/swiftpm/arm64-apple-macosx/release/Modules-tool/GiftUIDynamicConveniences.swiftmodule	2c01fd7f8796df7a66df2879af52e8bbfcbfd5eef7d722be961502c160555d4f
build/swiftpm/arm64-apple-macosx/release/Modules-tool/GiftUIDynamicConveniences.swiftsourceinfo	1cbe468b252fdce009b9cc5ab475bf86629c89e9ab22b76ef607bec236d7909d
build/swiftpm/arm64-apple-macosx/release/Modules-tool/GiftUIExecution.abi.json	4277ac6b49f8511196028a5ac20f5b1b1dfa754c24615d34068089f0b1739728
build/swiftpm/arm64-apple-macosx/release/Modules-tool/GiftUIExecution.swiftdoc	978cc0aff9bb82715485b118dee0c13f370aadb8e927ce192656ba3f991bb0de
build/swiftpm/arm64-apple-macosx/release/Modules-tool/GiftUIExecution.swiftmodule	e2fd83f54f6c93f009a8b4b599519af15b5c7ddcfa4b98fbf14d860544a1f561
build/swiftpm/arm64-apple-macosx/release/Modules-tool/GiftUIExecution.swiftsourceinfo	bfe0113e56a1217dfbdcff5b02f914e060ce64df30c10596e4a39b8e0bae5a30
build/swiftpm/arm64-apple-macosx/release/Modules-tool/GiftUIFailureCore.abi.json	4277ac6b49f8511196028a5ac20f5b1b1dfa754c24615d34068089f0b1739728
build/swiftpm/arm64-apple-macosx/release/Modules-tool/GiftUIFailureCore.swiftdoc	a6150393e659623bd109b2fa33ee5ad1003d48a326ff6d05c62b566e4858b230
build/swiftpm/arm64-apple-macosx/release/Modules-tool/GiftUIFailureCore.swiftmodule	d0063f5d95632169750e72ffa60793062491d4e76ac204477573597825a55e60
build/swiftpm/arm64-apple-macosx/release/Modules-tool/GiftUIFailureCore.swiftsourceinfo	8abef9ae59770e36bb31466f3929a4b8d532c529bc7a91d75566678d5863cc8b
build/swiftpm/arm64-apple-macosx/release/Modules-tool/GiftUIFailureDiagnostics.abi.json	4277ac6b49f8511196028a5ac20f5b1b1dfa754c24615d34068089f0b1739728
build/swiftpm/arm64-apple-macosx/release/Modules-tool/GiftUIFailureDiagnostics.swiftdoc	0e92c1e0eae5f0d3f210e609b093f5734f2380b02e355bbaceb9fb22b6b4d493
build/swiftpm/arm64-apple-macosx/release/Modules-tool/GiftUIFailureDiagnostics.swiftmodule	bd965dcceaa4677a7937f194664dadf57706ea984dba2eb85e09e743ddf3c72d
build/swiftpm/arm64-apple-macosx/release/Modules-tool/GiftUIFailureDiagnostics.swiftsourceinfo	7578926ac36d9b4d550e918c10e6e2713cb21a863f37c5ba1da19607a227f541
build/swiftpm/arm64-apple-macosx/release/Modules-tool/GiftUIFailureExecution.abi.json	4277ac6b49f8511196028a5ac20f5b1b1dfa754c24615d34068089f0b1739728
build/swiftpm/arm64-apple-macosx/release/Modules-tool/GiftUIFailureExecution.swiftdoc	0e6e51276ad78ca9b9b4e61952dbe7739dd12ac13781f22c8c12114eb9011f28
build/swiftpm/arm64-apple-macosx/release/Modules-tool/GiftUIFailureExecution.swiftmodule	96a317dfef0f04959b650394bc4946ad6c023aae829b87c336437638ddc4a6d0
build/swiftpm/arm64-apple-macosx/release/Modules-tool/GiftUIFailureExecution.swiftsourceinfo	dce921963f79c75c6ee62f2ac8eb61d3f3be04599e488beedd026cd5d4a0f833
build/swiftpm/arm64-apple-macosx/release/Modules-tool/GiftUIHostConfiguration.abi.json	4277ac6b49f8511196028a5ac20f5b1b1dfa754c24615d34068089f0b1739728
build/swiftpm/arm64-apple-macosx/release/Modules-tool/GiftUIHostConfiguration.swiftdoc	064225ce3acef921d87b76fb92658c27bf06515fa0fbd8cf8930a9c7f08e2379
build/swiftpm/arm64-apple-macosx/release/Modules-tool/GiftUIHostConfiguration.swiftmodule	869cd387d65b7b91b74fdd944359ebd5f7cde066f5ceb6ea77bf475b2e806ef1
build/swiftpm/arm64-apple-macosx/release/Modules-tool/GiftUIHostConfiguration.swiftsourceinfo	fd4b0c8a50f09338cc0b72ab68b4beccbaf5cc51d3eb2aac2145684a16ad0962
build/swiftpm/arm64-apple-macosx/release/Modules-tool/GiftUIInteraction.abi.json	4277ac6b49f8511196028a5ac20f5b1b1dfa754c24615d34068089f0b1739728
build/swiftpm/arm64-apple-macosx/release/Modules-tool/GiftUIInteraction.swiftdoc	67288e8c307e287e4fcd824eb202bc3d6d24db6b95787f2919b342d500f1d7f0
build/swiftpm/arm64-apple-macosx/release/Modules-tool/GiftUIInteraction.swiftmodule	4b9a118e61eda8960648ff307b609148c29dc878c9aea7b90531b67adfde2c62
build/swiftpm/arm64-apple-macosx/release/Modules-tool/GiftUIInteraction.swiftsourceinfo	a3e0ca56d1a7a2d3f991076452f28115792e064e16030680ddbc73b6f38c2b7b
build/swiftpm/arm64-apple-macosx/release/Modules-tool/GiftUIInteractionFailureAdapterFixture.abi.json	4277ac6b49f8511196028a5ac20f5b1b1dfa754c24615d34068089f0b1739728
build/swiftpm/arm64-apple-macosx/release/Modules-tool/GiftUIInteractionFailureAdapterFixture.swiftdoc	7e3eb1ecb90a6a93d8fd034e40fffe9cf623e956107523a927423aad86309460
build/swiftpm/arm64-apple-macosx/release/Modules-tool/GiftUIInteractionFailureAdapterFixture.swiftmodule	d29b7c72dbc059a5bda5991a989c16616035b0b09314d18fb2ad0ad401b056ff
build/swiftpm/arm64-apple-macosx/release/Modules-tool/GiftUIInteractionFailureAdapterFixture.swiftsourceinfo	1de73690609725c8f7309317fb5ce5249c1d3ae08142a18b019ea793e7137ead
build/swiftpm/arm64-apple-macosx/release/Modules-tool/GiftUILayout.abi.json	4277ac6b49f8511196028a5ac20f5b1b1dfa754c24615d34068089f0b1739728
build/swiftpm/arm64-apple-macosx/release/Modules-tool/GiftUILayout.swiftdoc	f6ad975159bf738b415da7df8956433435425c787bcffd04db1caa347d8331a4
build/swiftpm/arm64-apple-macosx/release/Modules-tool/GiftUILayout.swiftmodule	13ea11aad8d306e860575d66288ddef18d4d63ce34bc417a2164828d5e445181
build/swiftpm/arm64-apple-macosx/release/Modules-tool/GiftUILayout.swiftsourceinfo	04d99204b8b0c4cf12da2fcddaf5c68753c1380930e05baf1391031d1333769d
build/swiftpm/arm64-apple-macosx/release/Modules-tool/GiftUILayoutFailureAdapterFixture.abi.json	4277ac6b49f8511196028a5ac20f5b1b1dfa754c24615d34068089f0b1739728
build/swiftpm/arm64-apple-macosx/release/Modules-tool/GiftUILayoutFailureAdapterFixture.swiftdoc	411c7601c59d4a7046a1d4a206a4b1c58f4a620881431b4374c16f9e8b6ca61b
build/swiftpm/arm64-apple-macosx/release/Modules-tool/GiftUILayoutFailureAdapterFixture.swiftmodule	64ae46ff86ac0ac6f2bc564a2e7848a15282e3621783ae7efade9e08467ca2bc
build/swiftpm/arm64-apple-macosx/release/Modules-tool/GiftUILayoutFailureAdapterFixture.swiftsourceinfo	e0ef287fb68d69ba153c056ed7b4d7cb7f208cc9b79fb2390dd5ebd53628ee23
build/swiftpm/arm64-apple-macosx/release/Modules-tool/GiftUIMacros.abi.json	4277ac6b49f8511196028a5ac20f5b1b1dfa754c24615d34068089f0b1739728
build/swiftpm/arm64-apple-macosx/release/Modules-tool/GiftUIMacros.swiftdoc	98c7a914c24baa1da6ce3bc9998006fcd3d05d8701f90f3fd3d68ae62bb75543
build/swiftpm/arm64-apple-macosx/release/Modules-tool/GiftUIMacros.swiftmodule	cc04bdb70b383b74363942f714d4a16728603731941cfe9497a0227dd1c108dd
build/swiftpm/arm64-apple-macosx/release/Modules-tool/GiftUIMacros.swiftsourceinfo	0d1932be20d9597d9486824aa6c03d8b43c8f356d26b8166d672d7af1623639e
build/swiftpm/arm64-apple-macosx/release/Modules-tool/GiftUIObservableState.abi.json	4277ac6b49f8511196028a5ac20f5b1b1dfa754c24615d34068089f0b1739728
build/swiftpm/arm64-apple-macosx/release/Modules-tool/GiftUIObservableState.swiftdoc	efdc4b966cd63970137a286f313bed3e2fe31c8b3b183e8370cd6208766eb367
build/swiftpm/arm64-apple-macosx/release/Modules-tool/GiftUIObservableState.swiftmodule	a0f8d994092ee7ee65b8dfc9130f3ad77578e22de7dc6ff5c9437ba51dde6bcd
build/swiftpm/arm64-apple-macosx/release/Modules-tool/GiftUIObservableState.swiftsourceinfo	f3aeb9f180837a9d2be8083c4af00a13bb531fc0135978ed0d576714fa7b7f95
build/swiftpm/arm64-apple-macosx/release/Modules-tool/GiftUIObservableStateFailureAdapterFixture.abi.json	4277ac6b49f8511196028a5ac20f5b1b1dfa754c24615d34068089f0b1739728
build/swiftpm/arm64-apple-macosx/release/Modules-tool/GiftUIObservableStateFailureAdapterFixture.swiftdoc	5fb74470b7ea2ce2ac13a3319f3357380d88446f2df444a46f0b4dd78117c158
build/swiftpm/arm64-apple-macosx/release/Modules-tool/GiftUIObservableStateFailureAdapterFixture.swiftmodule	555163608e34001b3adebac683efe90b32e008c6e1e302cf18684b70882e920d
build/swiftpm/arm64-apple-macosx/release/Modules-tool/GiftUIObservableStateFailureAdapterFixture.swiftsourceinfo	a46bacf7dfaa561ca2dfda35e70e25cb735c07653fd38251cbc0e4fc0d18d0a3
build/swiftpm/arm64-apple-macosx/release/Modules-tool/GiftUIPlatformRaspberryPi.abi.json	4277ac6b49f8511196028a5ac20f5b1b1dfa754c24615d34068089f0b1739728
build/swiftpm/arm64-apple-macosx/release/Modules-tool/GiftUIPlatformRaspberryPi.swiftdoc	8d3ebe20831181393f83bb9c13dc36010bb5ccef10b267659be202131fcbcba2
build/swiftpm/arm64-apple-macosx/release/Modules-tool/GiftUIPlatformRaspberryPi.swiftmodule	8cc79d3a0851f66ebeabcee0eb4fc66bff25772eb6d35332aaf152af38042128
build/swiftpm/arm64-apple-macosx/release/Modules-tool/GiftUIPlatformRaspberryPi.swiftsourceinfo	2215df578bf22fb1874b99866d148191b2045b080d42a3655117aa53e197b596
build/swiftpm/arm64-apple-macosx/release/Modules-tool/GiftUIRasterCore.abi.json	4277ac6b49f8511196028a5ac20f5b1b1dfa754c24615d34068089f0b1739728
build/swiftpm/arm64-apple-macosx/release/Modules-tool/GiftUIRasterCore.swiftdoc	17ca48ac96eef943b1ed4284914dce288c62ff9728f5e61b30944095c39640c8
build/swiftpm/arm64-apple-macosx/release/Modules-tool/GiftUIRasterCore.swiftmodule	2390e50804791e75eeedcb74314d1bac6c57c2569cd7c4e2c74f4d7f40f627e3
build/swiftpm/arm64-apple-macosx/release/Modules-tool/GiftUIRasterCore.swiftsourceinfo	2daf936afb9dd5121f85ed02d10fe78f83805af7178e895d0f50457342d320eb
build/swiftpm/arm64-apple-macosx/release/Modules-tool/GiftUIReferenceTextResources.abi.json	4277ac6b49f8511196028a5ac20f5b1b1dfa754c24615d34068089f0b1739728
build/swiftpm/arm64-apple-macosx/release/Modules-tool/GiftUIReferenceTextResources.swiftdoc	e1a7db13400acd4ea426c044afc57e94e26a6033f7eb94a88eb36ab9183c1566
build/swiftpm/arm64-apple-macosx/release/Modules-tool/GiftUIReferenceTextResources.swiftmodule	89cf9f65bc97d0b2431c12bd05c9004ded3b74725b7ba77477b10b0cf7167e9e
build/swiftpm/arm64-apple-macosx/release/Modules-tool/GiftUIReferenceTextResources.swiftsourceinfo	211613e5410af4fb2b4ad074a02495bf992f62520f4f3b324c5bf0b217bf054e
build/swiftpm/arm64-apple-macosx/release/Modules-tool/GiftUIRenderCore.abi.json	4277ac6b49f8511196028a5ac20f5b1b1dfa754c24615d34068089f0b1739728
build/swiftpm/arm64-apple-macosx/release/Modules-tool/GiftUIRenderCore.swiftdoc	1764bacd582fe155242eb7d6702196d66534b7dc2cf8d5c8c6866fc60f2f51c3
build/swiftpm/arm64-apple-macosx/release/Modules-tool/GiftUIRenderCore.swiftmodule	5b153ebb68a0a799f990520712efaabe8020b1c0ab83524ef0c17a89a7f6c426
build/swiftpm/arm64-apple-macosx/release/Modules-tool/GiftUIRenderCore.swiftsourceinfo	1e5a97e3069aaaab5e75db2f3e7596a2c7ed85d66ca88c4dea686730a73fe19c
build/swiftpm/arm64-apple-macosx/release/Modules-tool/GiftUIRenderFailureAdapterFixture.abi.json	4277ac6b49f8511196028a5ac20f5b1b1dfa754c24615d34068089f0b1739728
build/swiftpm/arm64-apple-macosx/release/Modules-tool/GiftUIRenderFailureAdapterFixture.swiftdoc	31ac97cd756c94779561b1282c74e487664de041ffdb30da9fe9e4211a72e2e3
build/swiftpm/arm64-apple-macosx/release/Modules-tool/GiftUIRenderFailureAdapterFixture.swiftmodule	e2f9ac60dd91e67f0e966742fe00aaff63717e2f32b047f66ebe7f0ca8f0323a
build/swiftpm/arm64-apple-macosx/release/Modules-tool/GiftUIRenderFailureAdapterFixture.swiftsourceinfo	9cb01c8542c5b691bfad4d60be4e73defc8aa9e9ad9ff983664884ee2e77f1aa
build/swiftpm/arm64-apple-macosx/release/Modules-tool/GiftUIRenderLowering.abi.json	4277ac6b49f8511196028a5ac20f5b1b1dfa754c24615d34068089f0b1739728
build/swiftpm/arm64-apple-macosx/release/Modules-tool/GiftUIRenderLowering.swiftdoc	246f8d442a759bbd5dd2b4f10d245d70cfaf48ecd26fd30666ff3231e1e6a3be
build/swiftpm/arm64-apple-macosx/release/Modules-tool/GiftUIRenderLowering.swiftmodule	710b5d3acb5f7a2348bf21c121d686bd9c7982cb537b97d3dcb2875681102960
build/swiftpm/arm64-apple-macosx/release/Modules-tool/GiftUIRenderLowering.swiftsourceinfo	122279fabfb949190607bc97a2d8ff36e54cbdd6687057495728e6a08d046457
build/swiftpm/arm64-apple-macosx/release/Modules-tool/GiftUIRuntimeCore.abi.json	4277ac6b49f8511196028a5ac20f5b1b1dfa754c24615d34068089f0b1739728
build/swiftpm/arm64-apple-macosx/release/Modules-tool/GiftUIRuntimeCore.swiftdoc	ff5df4c266bbca0537bfedfce474b2e42ec2b2b060c4494ffe738ccf6f98f96d
build/swiftpm/arm64-apple-macosx/release/Modules-tool/GiftUIRuntimeCore.swiftmodule	fccbddbf116a467092a9d83824af3e8abdf5baadd0717eabd064f714f2785292
build/swiftpm/arm64-apple-macosx/release/Modules-tool/GiftUIRuntimeCore.swiftsourceinfo	50ba59c218ebcff8ccee760acb2fd728627817761959c169fdd868245d7a4938
build/swiftpm/arm64-apple-macosx/release/Modules-tool/GiftUIRuntimeDynamic.abi.json	4277ac6b49f8511196028a5ac20f5b1b1dfa754c24615d34068089f0b1739728
build/swiftpm/arm64-apple-macosx/release/Modules-tool/GiftUIRuntimeDynamic.swiftdoc	f4595c8544843e37849e1d774fd6279cd651a2334d089ef11678193cf571081e
build/swiftpm/arm64-apple-macosx/release/Modules-tool/GiftUIRuntimeDynamic.swiftmodule	bbaf111437f3ffcba35075753696d48a22b02604f52ebde26b069741d7d86913
build/swiftpm/arm64-apple-macosx/release/Modules-tool/GiftUIRuntimeDynamic.swiftsourceinfo	9b3aea7d7967a30f0c65a47b94539c787c0c7515a8a79bb65d22f0ab9bfe16fd
build/swiftpm/arm64-apple-macosx/release/Modules-tool/GiftUIRuntimeFailureAdapterFixture.abi.json	4277ac6b49f8511196028a5ac20f5b1b1dfa754c24615d34068089f0b1739728
build/swiftpm/arm64-apple-macosx/release/Modules-tool/GiftUIRuntimeFailureAdapterFixture.swiftdoc	d16f601edf1dff47e6ba62314c2607a4751b3cff50591fcf8158f3e018c11bb6
build/swiftpm/arm64-apple-macosx/release/Modules-tool/GiftUIRuntimeFailureAdapterFixture.swiftmodule	f13c0b7704b19422d1616530b4658f002d6730f97d9c4ea75a70f098553fa569
build/swiftpm/arm64-apple-macosx/release/Modules-tool/GiftUIRuntimeFailureAdapterFixture.swiftsourceinfo	e3812eaa1664b021e1c95d7042511f4b9077ce25021e85e56310582c061bb401
build/swiftpm/arm64-apple-macosx/release/Modules-tool/GiftUIRuntimeStatic.abi.json	4277ac6b49f8511196028a5ac20f5b1b1dfa754c24615d34068089f0b1739728
build/swiftpm/arm64-apple-macosx/release/Modules-tool/GiftUIRuntimeStatic.swiftdoc	bbaaa1307230bea8666ee28db0ebb758500157c7cd7c147571334273716c3952
build/swiftpm/arm64-apple-macosx/release/Modules-tool/GiftUIRuntimeStatic.swiftmodule	6986f5283082bb84d8b06fcbc052b49c4d3627cbc5182b867c9b1c7b382a9241
build/swiftpm/arm64-apple-macosx/release/Modules-tool/GiftUIRuntimeStatic.swiftsourceinfo	15dcd3606a691d9c479a490cfc46c0235ad17cbd9bc6bb91d6dcc64879809d82
build/swiftpm/arm64-apple-macosx/release/Modules-tool/GiftUISemanticCore.abi.json	4277ac6b49f8511196028a5ac20f5b1b1dfa754c24615d34068089f0b1739728
build/swiftpm/arm64-apple-macosx/release/Modules-tool/GiftUISemanticCore.swiftdoc	3fe3d7360eb660423e304b72cf202b73d700c73c7be8995a8ef982d424e27275
build/swiftpm/arm64-apple-macosx/release/Modules-tool/GiftUISemanticCore.swiftmodule	f15acadf022c36f26bfa93958a66507b28e9765e1ba2e3f5d8b523759ec34e06
build/swiftpm/arm64-apple-macosx/release/Modules-tool/GiftUISemanticCore.swiftsourceinfo	fc60159b9707feb90ab375d1284c1d27e6db17b8649194dd75459eccc5a9eb42
build/swiftpm/arm64-apple-macosx/release/Modules-tool/GiftUISemanticFailureAdapterFixture.abi.json	4277ac6b49f8511196028a5ac20f5b1b1dfa754c24615d34068089f0b1739728
build/swiftpm/arm64-apple-macosx/release/Modules-tool/GiftUISemanticFailureAdapterFixture.swiftdoc	e3d32e34f3f2b5c73e565b75bfcec6e8da5d31733c9edfa5ccb4bfc8bb221a88
build/swiftpm/arm64-apple-macosx/release/Modules-tool/GiftUISemanticFailureAdapterFixture.swiftmodule	2f65234fd90566ba6805eabdbd6adff5e60afd7f12ce240bfe9c008311b1433f
build/swiftpm/arm64-apple-macosx/release/Modules-tool/GiftUISemanticFailureAdapterFixture.swiftsourceinfo	56b28fa609b7e57a682b7f5237070fa012ef60ef98eeccf98a7a835fcf30d04d
build/swiftpm/arm64-apple-macosx/release/Modules-tool/GiftUISurfaceCore.abi.json	4277ac6b49f8511196028a5ac20f5b1b1dfa754c24615d34068089f0b1739728
build/swiftpm/arm64-apple-macosx/release/Modules-tool/GiftUISurfaceCore.swiftdoc	9ea063666e8f1e9761e4f2d440a57441753b2c0a4bfcfeb383ab3a2b1b228ce9
build/swiftpm/arm64-apple-macosx/release/Modules-tool/GiftUISurfaceCore.swiftmodule	bfe0b6019d35a149be7c4deccc68aa24831e1a9a596ba110eefa56e0addfafca
build/swiftpm/arm64-apple-macosx/release/Modules-tool/GiftUISurfaceCore.swiftsourceinfo	75ea1d1b9112f90fd73d6e8ca8078233d6c337b8048bc1bc4ca61578ad06c0d7
build/swiftpm/arm64-apple-macosx/release/Modules-tool/GiftUITextResourceFailureAdapterFixture.abi.json	4277ac6b49f8511196028a5ac20f5b1b1dfa754c24615d34068089f0b1739728
build/swiftpm/arm64-apple-macosx/release/Modules-tool/GiftUITextResourceFailureAdapterFixture.swiftdoc	272eb69fa7c5378add477754a6afe5244753832cc293b255670a20aa88f59791
build/swiftpm/arm64-apple-macosx/release/Modules-tool/GiftUITextResourceFailureAdapterFixture.swiftmodule	44fd451d8b53f6aacf6f6d02743352205fdb5ae3e80245a8c887aaed9d374e6e
build/swiftpm/arm64-apple-macosx/release/Modules-tool/GiftUITextResourceFailureAdapterFixture.swiftsourceinfo	fb1c4d5fba282b21406aca76a1acf0fd840a5621bde5077f1f7a4de4ab6278de
build/swiftpm/arm64-apple-macosx/release/Modules-tool/GiftUITextResources.abi.json	4277ac6b49f8511196028a5ac20f5b1b1dfa754c24615d34068089f0b1739728
build/swiftpm/arm64-apple-macosx/release/Modules-tool/GiftUITextResources.swiftdoc	a627c677d5bf30bbfff9315343d33935b7ea479389464f8a6dba0fb79847e078
build/swiftpm/arm64-apple-macosx/release/Modules-tool/GiftUITextResources.swiftmodule	9406515f9cac2d63977c547e119e90ace6354f951476501b3878751b12ccd7a0
build/swiftpm/arm64-apple-macosx/release/Modules-tool/GiftUITextResources.swiftsourceinfo	c43b99587d40e9d173df458b2bf198fa450cc4da8e84c6ec6a891cd167d7c7bf
build/swiftpm/arm64-apple-macosx/release/Modules-tool/SignalAnalyzerData.abi.json	4277ac6b49f8511196028a5ac20f5b1b1dfa754c24615d34068089f0b1739728
build/swiftpm/arm64-apple-macosx/release/Modules-tool/SignalAnalyzerData.swiftdoc	2938985ee1002005d4c9051b84b1bfb054f48f4d65d8a953cf71c0cfca456ba7
build/swiftpm/arm64-apple-macosx/release/Modules-tool/SignalAnalyzerData.swiftmodule	a128d4c8f7b4774f70590c487efc9f3f9a7c99f18a69a895f3ca01d8f26f14c8
build/swiftpm/arm64-apple-macosx/release/Modules-tool/SignalAnalyzerData.swiftsourceinfo	96602e2edf3fca3f8a2f48e2a6120eb8ffe2ad9a3d27f08a3e66ad1e6e35b0d2
build/swiftpm/arm64-apple-macosx/release/Modules-tool/SignalAnalyzerDomain.abi.json	4277ac6b49f8511196028a5ac20f5b1b1dfa754c24615d34068089f0b1739728
build/swiftpm/arm64-apple-macosx/release/Modules-tool/SignalAnalyzerDomain.swiftdoc	be958e3ea442d0cd88e8292e4da539bc608e27276f1f8649a1ecaeb8cc83c0b9
build/swiftpm/arm64-apple-macosx/release/Modules-tool/SignalAnalyzerDomain.swiftmodule	2b70159d6cd05e1c8f35fba19d7c4d352e5e44c12054d0a58e670a96dd283251
build/swiftpm/arm64-apple-macosx/release/Modules-tool/SignalAnalyzerDomain.swiftsourceinfo	cb889a8297845f2c77df451a11d44e904f453fcd21474541a0ac69ca722993f5
build/swiftpm/arm64-apple-macosx/release/Modules-tool/SignalAnalyzerHost.abi.json	4277ac6b49f8511196028a5ac20f5b1b1dfa754c24615d34068089f0b1739728
build/swiftpm/arm64-apple-macosx/release/Modules-tool/SignalAnalyzerHost.swiftdoc	75e037d1d0f3644aa0ea99f9843ed3b819d31a6d608307c2ec383e2b5868923d
build/swiftpm/arm64-apple-macosx/release/Modules-tool/SignalAnalyzerHost.swiftmodule	3fb0f009b53d31b4e334ac66dcc73e4e939d2bf2e7d9ad58cde4da7f915c4300
build/swiftpm/arm64-apple-macosx/release/Modules-tool/SignalAnalyzerHost.swiftsourceinfo	ad31191f108a54573227880eb32d2ba428576ae9811ed16957c3aa024187b22c
build/swiftpm/arm64-apple-macosx/release/Modules-tool/SignalAnalyzerPresentation.abi.json	4277ac6b49f8511196028a5ac20f5b1b1dfa754c24615d34068089f0b1739728
build/swiftpm/arm64-apple-macosx/release/Modules-tool/SignalAnalyzerPresentation.swiftdoc	44690e964e8ed049645d8b44571756d0bf49d5aeb801deeddb6eec8b4202a85e
build/swiftpm/arm64-apple-macosx/release/Modules-tool/SignalAnalyzerPresentation.swiftmodule	6e279e43820204647021beb91c94ab597bc48053f789fcbc98fb31146f8588b1
build/swiftpm/arm64-apple-macosx/release/Modules-tool/SignalAnalyzerPresentation.swiftsourceinfo	cd19c829cabd70302b9a1014bcc1e3f33137e092832ceacd6bdf4b76b343e1f3
build/swiftpm/arm64-apple-macosx/release/Modules-tool/SignalAnalyzerPresetHarness.abi.json	4277ac6b49f8511196028a5ac20f5b1b1dfa754c24615d34068089f0b1739728
build/swiftpm/arm64-apple-macosx/release/Modules-tool/SignalAnalyzerPresetHarness.swiftdoc	cc70b209c64bbda33a2db3bc7e811dac6389ca3870204a811cb9a3f9b6479f2a
build/swiftpm/arm64-apple-macosx/release/Modules-tool/SignalAnalyzerPresetHarness.swiftmodule	52d56f4267a80cc9654664babddbb96b1277959b3060dc04776e2199a8857768
build/swiftpm/arm64-apple-macosx/release/Modules-tool/SignalAnalyzerPresetHarness.swiftsourceinfo	2d51920746fa6cd5295fcc42fd92f708762e3f597d1911ed9b05a511ac5c8d6e
build/swiftpm/arm64-apple-macosx/release/Modules-tool/SignalAnalyzerTargetHost.abi.json	4277ac6b49f8511196028a5ac20f5b1b1dfa754c24615d34068089f0b1739728
build/swiftpm/arm64-apple-macosx/release/Modules-tool/SignalAnalyzerTargetHost.swiftdoc	0b3f7c3ad3f9d7b50f31a3c0d3c2df15a310f3125a9b77612bd2fe351776bc21
build/swiftpm/arm64-apple-macosx/release/Modules-tool/SignalAnalyzerTargetHost.swiftmodule	b2b91f6cbd951b4ae176d38fcab3bbf0e7d967bf910227873688d3b32ee3d4fb
build/swiftpm/arm64-apple-macosx/release/Modules-tool/SignalAnalyzerTargetHost.swiftsourceinfo	e98f2bebe009045e5c2d75c877769018dfc75d1d14afc8bb3951dbbbb5a68d8e
build/swiftpm/arm64-apple-macosx/release/Modules-tool/SwiftBasicFormat.abi.json	4277ac6b49f8511196028a5ac20f5b1b1dfa754c24615d34068089f0b1739728
build/swiftpm/arm64-apple-macosx/release/Modules-tool/SwiftBasicFormat.swiftdoc	84795cd8402c8c196e39438f9975ebeb8c044561f14818037640d6cc19c6fded
build/swiftpm/arm64-apple-macosx/release/Modules-tool/SwiftBasicFormat.swiftmodule	2b33d9cc99cd63598d825feb8b667759835e3d68ebfe801ad3eb614ea9d5cde4
build/swiftpm/arm64-apple-macosx/release/Modules-tool/SwiftBasicFormat.swiftsourceinfo	6fecc82c234b1e57b5b4a103a936a54da2213b512ac547897baa2ffa0dea5b19
build/swiftpm/arm64-apple-macosx/release/Modules-tool/SwiftCompilerPlugin.abi.json	4277ac6b49f8511196028a5ac20f5b1b1dfa754c24615d34068089f0b1739728
build/swiftpm/arm64-apple-macosx/release/Modules-tool/SwiftCompilerPlugin.swiftdoc	20ebfa7ae8fec6ac7b675f1945ca5a372667f8e24d388f0ddef88fb38bd2d86c
build/swiftpm/arm64-apple-macosx/release/Modules-tool/SwiftCompilerPlugin.swiftmodule	a6e24e5f525c3cc1da3be3340ecdfa1c0c3c9c911e1af163007457f6e9a577ba
build/swiftpm/arm64-apple-macosx/release/Modules-tool/SwiftCompilerPlugin.swiftsourceinfo	85c2e741482c923976ff4bd53a49a4199578fe259c948e4128386066c942b140
build/swiftpm/arm64-apple-macosx/release/Modules-tool/SwiftCompilerPluginMessageHandling.abi.json	4277ac6b49f8511196028a5ac20f5b1b1dfa754c24615d34068089f0b1739728
build/swiftpm/arm64-apple-macosx/release/Modules-tool/SwiftCompilerPluginMessageHandling.swiftdoc	aa8f0b5f2c0b31104aa8be38585a56db13599f2eee03523815c7e6ff0f09c8d2
build/swiftpm/arm64-apple-macosx/release/Modules-tool/SwiftCompilerPluginMessageHandling.swiftmodule	67465cb736a67f261fbced6104168d593c636d044c1c9ab3f07e9b0ea39bbff1
build/swiftpm/arm64-apple-macosx/release/Modules-tool/SwiftCompilerPluginMessageHandling.swiftsourceinfo	0588862b5d807cf31e98a1bd656e6b07532471923d967ae147ee568f7d98f93d
build/swiftpm/arm64-apple-macosx/release/Modules-tool/SwiftDiagnostics.abi.json	4277ac6b49f8511196028a5ac20f5b1b1dfa754c24615d34068089f0b1739728
build/swiftpm/arm64-apple-macosx/release/Modules-tool/SwiftDiagnostics.swiftdoc	5cbf6b9d5ad41941abbf8b282f6a399dbc75508d421279334b5f1bb07d14f9fc
build/swiftpm/arm64-apple-macosx/release/Modules-tool/SwiftDiagnostics.swiftmodule	e4c2163afb89b4e75ae369afdea6e60e6385212d621d337f63e220c1f14acd2d
build/swiftpm/arm64-apple-macosx/release/Modules-tool/SwiftDiagnostics.swiftsourceinfo	02c80354a0f4f0eff5e3263f11e29344ccd2b6c7af11bac305f0a80cdd4f5ddd
build/swiftpm/arm64-apple-macosx/release/Modules-tool/SwiftIfConfig.abi.json	4277ac6b49f8511196028a5ac20f5b1b1dfa754c24615d34068089f0b1739728
build/swiftpm/arm64-apple-macosx/release/Modules-tool/SwiftIfConfig.swiftdoc	a76584673ee1ff90ff314ccaa2ecb7197b29f82eb886d7d266307368779da7b9
build/swiftpm/arm64-apple-macosx/release/Modules-tool/SwiftIfConfig.swiftmodule	8d505b8b909dd62b9fff73f4353cadbf2900d50f7b6cf1f7f9d6dbf5372de8d5
build/swiftpm/arm64-apple-macosx/release/Modules-tool/SwiftIfConfig.swiftsourceinfo	d1e3ff46ca7315cab4d4847a1a591f829cfbcfb9dd3185fa1f6c5acfa6b68b53
build/swiftpm/arm64-apple-macosx/release/Modules-tool/SwiftOperators.abi.json	4277ac6b49f8511196028a5ac20f5b1b1dfa754c24615d34068089f0b1739728
build/swiftpm/arm64-apple-macosx/release/Modules-tool/SwiftOperators.swiftdoc	ba01291e8153bb92626e29a8597a9bfbe562b58fcca2f64cce2b9b3c2d75ba77
build/swiftpm/arm64-apple-macosx/release/Modules-tool/SwiftOperators.swiftmodule	a47163a08157d0cbe5d14f1a3c6fb1b62a61ea1896463a4ce80e0ebac9228576
build/swiftpm/arm64-apple-macosx/release/Modules-tool/SwiftOperators.swiftsourceinfo	5b256f70860bd8046ba3747a870264d77a91ec8f6fc2a6b19ba2ad9f45b63095
build/swiftpm/arm64-apple-macosx/release/Modules-tool/SwiftParser.abi.json	4277ac6b49f8511196028a5ac20f5b1b1dfa754c24615d34068089f0b1739728
build/swiftpm/arm64-apple-macosx/release/Modules-tool/SwiftParser.swiftdoc	7c97e26cdfbad4e7b710b76f1fa8e39265ef7575ee97aee5c07d488ab5d77bcf
build/swiftpm/arm64-apple-macosx/release/Modules-tool/SwiftParser.swiftmodule	074269868774d251acea67bb20b8e0c36aa67245830deb904814e05ae62775ea
build/swiftpm/arm64-apple-macosx/release/Modules-tool/SwiftParser.swiftsourceinfo	621a03f8d7a2e12557f858ea6bca0acb6332a32ae18914a8fa0a4e5fcc5e96ae
build/swiftpm/arm64-apple-macosx/release/Modules-tool/SwiftParserDiagnostics.abi.json	4277ac6b49f8511196028a5ac20f5b1b1dfa754c24615d34068089f0b1739728
build/swiftpm/arm64-apple-macosx/release/Modules-tool/SwiftParserDiagnostics.swiftdoc	0c5dcadb6a9b39347e469057737793e5b01bf9b66b6f1e11243a0a1a046a8b92
build/swiftpm/arm64-apple-macosx/release/Modules-tool/SwiftParserDiagnostics.swiftmodule	8c626a01c57d28786dfb6addfc696addc63fe49135e29c4e9aa471ecf1738261
build/swiftpm/arm64-apple-macosx/release/Modules-tool/SwiftParserDiagnostics.swiftsourceinfo	778431d7eed285ff0c63f2005c993b26525a8fcd91adc025f3634d8d4b60a888
build/swiftpm/arm64-apple-macosx/release/Modules-tool/SwiftSyntax.abi.json	4277ac6b49f8511196028a5ac20f5b1b1dfa754c24615d34068089f0b1739728
build/swiftpm/arm64-apple-macosx/release/Modules-tool/SwiftSyntax.swiftdoc	9b720dc50d379040c1a867bb636bc48d3bce231cb90f0544af95e94af5c0e380
build/swiftpm/arm64-apple-macosx/release/Modules-tool/SwiftSyntax.swiftmodule	80d111730b38956ff9a5b48253e626d4ab39645b926f48f93b1e25aa2ec5a4fb
build/swiftpm/arm64-apple-macosx/release/Modules-tool/SwiftSyntax.swiftsourceinfo	6db1f2ab52dc64d446905e8f04c9b4fbda509f911b12166784372d4fc927b1ce
build/swiftpm/arm64-apple-macosx/release/Modules-tool/SwiftSyntax509.abi.json	4277ac6b49f8511196028a5ac20f5b1b1dfa754c24615d34068089f0b1739728
build/swiftpm/arm64-apple-macosx/release/Modules-tool/SwiftSyntax509.swiftdoc	8ac704e6501ece514b9a4b1191d13e27c4af8f76dc9398b7182d91c73ed39352
build/swiftpm/arm64-apple-macosx/release/Modules-tool/SwiftSyntax509.swiftmodule	4bc65453eecdca49d37f936abdea8f0f8b2d51c721260101dadad0d71a7f5fb9
build/swiftpm/arm64-apple-macosx/release/Modules-tool/SwiftSyntax509.swiftsourceinfo	3c0afa7ec180a2031abe4e1ccc4dc0879a0aa031e4e04f4e171f6bad0355f09d
build/swiftpm/arm64-apple-macosx/release/Modules-tool/SwiftSyntax510.abi.json	4277ac6b49f8511196028a5ac20f5b1b1dfa754c24615d34068089f0b1739728
build/swiftpm/arm64-apple-macosx/release/Modules-tool/SwiftSyntax510.swiftdoc	47054b26fda719f008f0bec4b4e29e7972e79f9e5f4a3605e7c94ead78061bd2
build/swiftpm/arm64-apple-macosx/release/Modules-tool/SwiftSyntax510.swiftmodule	3345be2cfcd3268dd271c994bae0348e9ffa910ef315a86b17ea275394901146
build/swiftpm/arm64-apple-macosx/release/Modules-tool/SwiftSyntax510.swiftsourceinfo	7e65d47bcee1c2086f7d2fd40c6e86a5ec4b0592f50f3d0188d13bb2abfb40c6
build/swiftpm/arm64-apple-macosx/release/Modules-tool/SwiftSyntax600.abi.json	4277ac6b49f8511196028a5ac20f5b1b1dfa754c24615d34068089f0b1739728
build/swiftpm/arm64-apple-macosx/release/Modules-tool/SwiftSyntax600.swiftdoc	feae735ebb35ff3e45c3f600f557dd528f22ff7c74c0f43ec8d1f853f8097314
build/swiftpm/arm64-apple-macosx/release/Modules-tool/SwiftSyntax600.swiftmodule	30c19c72a6e63a9d3598950d76600bc4017ff606765c096b292b43fe4b6630a3
build/swiftpm/arm64-apple-macosx/release/Modules-tool/SwiftSyntax600.swiftsourceinfo	b9fd02b5991f2796959f2fb2cd87ccca091608e67cb067c281d8496ad9e2dfe4
build/swiftpm/arm64-apple-macosx/release/Modules-tool/SwiftSyntax601.abi.json	4277ac6b49f8511196028a5ac20f5b1b1dfa754c24615d34068089f0b1739728
build/swiftpm/arm64-apple-macosx/release/Modules-tool/SwiftSyntax601.swiftdoc	24ccbdbe9a6fc6971b45efe8b6bde32b20714e8c227f149e4d22cdc3eba0763a
build/swiftpm/arm64-apple-macosx/release/Modules-tool/SwiftSyntax601.swiftmodule	8a1356e58d71a38e2ca644f4ec055c6d690fad0f944cccbd7bf006e8a56ab935
build/swiftpm/arm64-apple-macosx/release/Modules-tool/SwiftSyntax601.swiftsourceinfo	4316198a617754fd90b6f84060f2b7f58fadc2ea9a3b7eaccbf9cfe5272777fe
build/swiftpm/arm64-apple-macosx/release/Modules-tool/SwiftSyntax602.abi.json	4277ac6b49f8511196028a5ac20f5b1b1dfa754c24615d34068089f0b1739728
build/swiftpm/arm64-apple-macosx/release/Modules-tool/SwiftSyntax602.swiftdoc	2670bfb4726808beaf4dbcdc7e956c4b90864d900efae86a666d4e43242c3720
build/swiftpm/arm64-apple-macosx/release/Modules-tool/SwiftSyntax602.swiftmodule	8128a3f2a91a92ab7dfd3343d025c0c36a117e4428c9bee911c2c2065c4d4144
build/swiftpm/arm64-apple-macosx/release/Modules-tool/SwiftSyntax602.swiftsourceinfo	cbec1689493e5ac3bee446694526fd2ddd68523d37740928bdec17f1462f7c83
build/swiftpm/arm64-apple-macosx/release/Modules-tool/SwiftSyntax603.abi.json	4277ac6b49f8511196028a5ac20f5b1b1dfa754c24615d34068089f0b1739728
build/swiftpm/arm64-apple-macosx/release/Modules-tool/SwiftSyntax603.swiftdoc	75c8af2fa662f3e491f037855965e47ddfd7e9a6d23727a55f737c6e6ae70c65
build/swiftpm/arm64-apple-macosx/release/Modules-tool/SwiftSyntax603.swiftmodule	f74f4e2aac6fa1044986adbe59662fa5535fb516fc07274766f488e216f0feea
build/swiftpm/arm64-apple-macosx/release/Modules-tool/SwiftSyntax603.swiftsourceinfo	ab1ea2f439750a80a0423a861cf54f229d405c76b62b1118e87ddca05a7790b6
build/swiftpm/arm64-apple-macosx/release/Modules-tool/SwiftSyntaxBuilder.abi.json	4277ac6b49f8511196028a5ac20f5b1b1dfa754c24615d34068089f0b1739728
build/swiftpm/arm64-apple-macosx/release/Modules-tool/SwiftSyntaxBuilder.swiftdoc	282ed069c89f101841ddff07a828d40f92dcab774b59689281fdcd07e46c1757
build/swiftpm/arm64-apple-macosx/release/Modules-tool/SwiftSyntaxBuilder.swiftmodule	5a356d5813cc61ebfd965ef560c5c3c800bcd06ac4e2390bdec3ba11f6bb5b0f
build/swiftpm/arm64-apple-macosx/release/Modules-tool/SwiftSyntaxBuilder.swiftsourceinfo	f38d9f3f86079beec16cd357fd74b3c2dea597c4cb59bb1baec480649b24b671
build/swiftpm/arm64-apple-macosx/release/Modules-tool/SwiftSyntaxMacroExpansion.abi.json	4277ac6b49f8511196028a5ac20f5b1b1dfa754c24615d34068089f0b1739728
build/swiftpm/arm64-apple-macosx/release/Modules-tool/SwiftSyntaxMacroExpansion.swiftdoc	a28fddc4bcb88e2369ece9f873f8052c27ac8c2bb3150e19cb9b72e6442ef90d
build/swiftpm/arm64-apple-macosx/release/Modules-tool/SwiftSyntaxMacroExpansion.swiftmodule	fe9fc4eb0aaa55f69a9e9f07f0531d3dcd026de639630780c3ea291609037d26
build/swiftpm/arm64-apple-macosx/release/Modules-tool/SwiftSyntaxMacroExpansion.swiftsourceinfo	ce4d9efa3d1018ae7dcd5210dffe358f305892eccea7e2647219ad93a2eee001
build/swiftpm/arm64-apple-macosx/release/Modules-tool/SwiftSyntaxMacros.abi.json	4277ac6b49f8511196028a5ac20f5b1b1dfa754c24615d34068089f0b1739728
build/swiftpm/arm64-apple-macosx/release/Modules-tool/SwiftSyntaxMacros.swiftdoc	2391a270faf1a3e9d343725038160e5eb0b5844c40585d719372e2df2e01dd33
build/swiftpm/arm64-apple-macosx/release/Modules-tool/SwiftSyntaxMacros.swiftmodule	76fdb63d3294a73340740bcff352d93465b0b721210c72c9bc9c6967fdc7a073
build/swiftpm/arm64-apple-macosx/release/Modules-tool/SwiftSyntaxMacros.swiftsourceinfo	899b8905683c552e6698827b720e7ec21f00880993a5c3b2ade786bc906dd526
build/swiftpm/arm64-apple-macosx/release/SignalAnalyzerData-tool.build/DefaultSignalAcquisitionRepository.swift.o	d839242ee6de39150909d70d847f5e38d55d32ef3f08590d0f32b97305026f1f
build/swiftpm/arm64-apple-macosx/release/SignalAnalyzerData-tool.build/DeterministicSignalDataSource.swift.o	e6953f37354562a4ab5520442519e9af9c5974d3a199d918ec85945b1d26fea2
build/swiftpm/arm64-apple-macosx/release/SignalAnalyzerData-tool.build/DeterministicSignalGenerator.swift.o	08c18a478e69285564b87cdf19db813c848cfee622e2cbbe16b1c6af04e71c0b
build/swiftpm/arm64-apple-macosx/release/SignalAnalyzerData-tool.build/ModuleBoundary.swift.o	ec4f93ea5a23c3be46163022e3dfd3a99582ccd0f24464bc9c6525b9300fbafd
build/swiftpm/arm64-apple-macosx/release/SignalAnalyzerData-tool.build/SignalAnalyzerData.d	b0987e6156d9abac075eed538e76d17a4b9e3646af8ca01fa9f9a2b501e8fde9
build/swiftpm/arm64-apple-macosx/release/SignalAnalyzerData-tool.build/SignalAnalyzerData.dia	2c72d5afff8cce441f2f8299a18215b0bf79605aa7eb05839e38f7949b46c0e2
build/swiftpm/arm64-apple-macosx/release/SignalAnalyzerData-tool.build/SignalCaptureStore.swift.o	39ab7d59f32acd8e2bbcba6bf7ce8f6a648e41a81c39369545401cee0f8667ce
build/swiftpm/arm64-apple-macosx/release/SignalAnalyzerData-tool.build/include/SignalAnalyzerData-Swift.h	7376b24aec60d25c91b0551fe22b206038290a06d1148bfc73d0d1af03154875
build/swiftpm/arm64-apple-macosx/release/SignalAnalyzerData-tool.build/include/module.modulemap	1865da6d5a7f52fd2a4456857169430514d685f43e4b5b4820f1791a7de5d733
build/swiftpm/arm64-apple-macosx/release/SignalAnalyzerData-tool.build/output-file-map.json	332a611dde84cec084b0e6c5aa7927b52529f2d64db45f6b40473bf8843a0cf3
build/swiftpm/arm64-apple-macosx/release/SignalAnalyzerData-tool.build/sources	b80894b6c4f2546bd712a3877f655834c22af5abba0b33f66097be4c8f67302f
build/swiftpm/arm64-apple-macosx/release/SignalAnalyzerDataTests-tool.build/output-file-map.json	6d2c5d8e43df735a81c60c4d57a373ef8e07ad63227cde0599130bb27d2cbb56
build/swiftpm/arm64-apple-macosx/release/SignalAnalyzerDomain-tool.build/AcquisitionState.swift.o	0ae2fd6e1e1ec029405b63622411a9e9ebb8a85c3967ed14fa48f02ebb82ce8b
build/swiftpm/arm64-apple-macosx/release/SignalAnalyzerDomain-tool.build/ModuleBoundary.swift.o	5b9ef8d272a6b35876381fdb04d71b00d8cbf0438fc22df3be3bb78134eb4f26
build/swiftpm/arm64-apple-macosx/release/SignalAnalyzerDomain-tool.build/SignalAcquisitionContracts.swift.o	829a956936394fd22cf755269e2e56ab8da87938ecf0684d8f771acdae522fd6
build/swiftpm/arm64-apple-macosx/release/SignalAnalyzerDomain-tool.build/SignalAnalyzerDiagnostic.swift.o	5e1387f1dc67fbbb6788da8b8d4882ea52a64b069088ee02076b6a7de43baf75
build/swiftpm/arm64-apple-macosx/release/SignalAnalyzerDomain-tool.build/SignalAnalyzerDomain.d	e2cd1a59e9b9a2914c370d6618b3dfc2dca02fe09504a3aebdd3915f7866f5b4
build/swiftpm/arm64-apple-macosx/release/SignalAnalyzerDomain-tool.build/SignalAnalyzerDomain.dia	2c72d5afff8cce441f2f8299a18215b0bf79605aa7eb05839e38f7949b46c0e2
build/swiftpm/arm64-apple-macosx/release/SignalAnalyzerDomain-tool.build/SignalCaptureChange.swift.o	14167b746975c3d0412a64e3ce30d5210f6d1108e8314b55e3886da6811a9acd
build/swiftpm/arm64-apple-macosx/release/SignalAnalyzerDomain-tool.build/SignalCapturePublication.swift.o	d9bceea5dd1131ce3fcd9143b95701ca1dad6fc93330f6a234cae676db5310cb
build/swiftpm/arm64-apple-macosx/release/SignalAnalyzerDomain-tool.build/SignalPrimitiveValues.swift.o	fa0ef3ca09aa7c69e756a51ddcdc75f731e04b27a72b70dc16e71b99e4e3e72d
build/swiftpm/arm64-apple-macosx/release/SignalAnalyzerDomain-tool.build/SignalValues.swift.o	6bbe8c1c55432f4bf7a52ced435e3c0773731ff97e26ba1aa86f85313b04661a
build/swiftpm/arm64-apple-macosx/release/SignalAnalyzerDomain-tool.build/include/SignalAnalyzerDomain-Swift.h	ca7f48378998bef444f7793c3fb4a3d582f37d639c7fdd54ed33d02b60c4a968
build/swiftpm/arm64-apple-macosx/release/SignalAnalyzerDomain-tool.build/include/module.modulemap	cf43307a6816b664e2df94299395ab935d498b1ac8ca0955dfb4ca11b34ffc5d
build/swiftpm/arm64-apple-macosx/release/SignalAnalyzerDomain-tool.build/output-file-map.json	09c9e23151056f436b309800fd0d2759e9f55fa0572c6f2ee5c8f6127692f6ad
build/swiftpm/arm64-apple-macosx/release/SignalAnalyzerDomain-tool.build/sources	3df274c570712fef89465f8fd5d6953cfaf5f6c89adf17dcd1adcadbe87d62e9
build/swiftpm/arm64-apple-macosx/release/SignalAnalyzerDomainTests-tool.build/output-file-map.json	7cccb11fc474afe06003125412f8f190cb0cb679299e36c376c0638c3bff7adb
build/swiftpm/arm64-apple-macosx/release/SignalAnalyzerHost-tool.build/SignalAnalyzerHost.d	954d561bd61ca2b26e78d5e239dca9befef314f3e0b1961833b6bb355a07c24d
build/swiftpm/arm64-apple-macosx/release/SignalAnalyzerHost-tool.build/SignalAnalyzerHost.dia	2c72d5afff8cce441f2f8299a18215b0bf79605aa7eb05839e38f7949b46c0e2
build/swiftpm/arm64-apple-macosx/release/SignalAnalyzerHost-tool.build/SignalAnalyzerHostFactAdmission.swift.o	92c68a745100e0b02a1dd85cee4acbe02cbe37cc53f3986a82ed7d2fda4ef5ae
build/swiftpm/arm64-apple-macosx/release/SignalAnalyzerHost-tool.build/include/SignalAnalyzerHost-Swift.h	aa71b308661dadedb277ac16a9699f7f0351c9be2c54d8047aeab4d6621cf3d7
build/swiftpm/arm64-apple-macosx/release/SignalAnalyzerHost-tool.build/include/module.modulemap	e77eca876b0adacbdc168ce5cf0bd6f15c507e6742b4de6c8be83cda52fa4cb5
build/swiftpm/arm64-apple-macosx/release/SignalAnalyzerHost-tool.build/output-file-map.json	536befef17b436c47264841aeae7dc53f0db04d30c7ea5f00e6df58a766be218
build/swiftpm/arm64-apple-macosx/release/SignalAnalyzerHost-tool.build/sources	b7461ede26647017130a47b9a92c6779fe3a05432b5925892bfeed029eef53dc
build/swiftpm/arm64-apple-macosx/release/SignalAnalyzerPresentation-tool.build/ModuleBoundary.swift.o	220fa757cbe4c74eaae46ab13b3335527b4469f6eb59d0928893a5375089ff0f
build/swiftpm/arm64-apple-macosx/release/SignalAnalyzerPresentation-tool.build/SignalAnalyzerDiagnostic+BoundedText.swift.o	76158dec96dc560fef3385131b7222c497a3889ec50afc53b466ef23db166a24
build/swiftpm/arm64-apple-macosx/release/SignalAnalyzerPresentation-tool.build/SignalAnalyzerFailureNormalizer.swift.o	ceac52f8fc3775c425e671dbae2587feb6b377e217d2282f4e4426e5d2910001
build/swiftpm/arm64-apple-macosx/release/SignalAnalyzerPresentation-tool.build/SignalAnalyzerFailurePolicyValues.swift.o	05a713664d32fddcd637c2fd538836902f58708864be4544d419c6ed4eaf3aeb
build/swiftpm/arm64-apple-macosx/release/SignalAnalyzerPresentation-tool.build/SignalAnalyzerLayoutConstraints.swift.o	3f7e030dae7397664939442f2cf63a8b6dbfddbde2e5cda3d1d36296d68bcc9e
build/swiftpm/arm64-apple-macosx/release/SignalAnalyzerPresentation-tool.build/SignalAnalyzerOwnerFailureAdapter.swift.o	4bdf31a574673553011652529e05a5a4d74af71def6f1b15588c0e918a739ced
build/swiftpm/arm64-apple-macosx/release/SignalAnalyzerPresentation-tool.build/SignalAnalyzerPresentation.d	2b24c3fcb4e7bac43aad7faddcbbc9a0a344870a4fe706f21d1c8161fc6a58f9
build/swiftpm/arm64-apple-macosx/release/SignalAnalyzerPresentation-tool.build/SignalAnalyzerPresentation.dia	2c72d5afff8cce441f2f8299a18215b0bf79605aa7eb05839e38f7949b46c0e2
build/swiftpm/arm64-apple-macosx/release/SignalAnalyzerPresentation-tool.build/SignalAnalyzerPresentationAdmissionAdapter.swift.o	640a4cb259173de26f4e355c37ebe424babf9a99098f949c258e144ca7adafac
build/swiftpm/arm64-apple-macosx/release/SignalAnalyzerPresentation-tool.build/SignalAnalyzerPresentationValues.swift.o	75a67b58b071ad3df8e4474a5779a37039d7793a6b228d25c50714f7d7bccd98
build/swiftpm/arm64-apple-macosx/release/SignalAnalyzerPresentation-tool.build/SignalAnalyzerRuntimeCondition.swift.o	8a846eaf1a7513f6a1f3b1dd26478f70195da347d87287eb870c58937fdc3a7a
build/swiftpm/arm64-apple-macosx/release/SignalAnalyzerPresentation-tool.build/SignalAnalyzerRuntimeFailureNormalizer.swift.o	e90d1599f28482323b81eca116cfa47bb534a1f9bc4916803f2bbd860212df5a
build/swiftpm/arm64-apple-macosx/release/SignalAnalyzerPresentation-tool.build/SignalAnalyzerRuntimeFailureRule.swift.o	a36858ff443bbda82175a1b108502f863d248296af4b896b5cbcb94e09f33c38
build/swiftpm/arm64-apple-macosx/release/SignalAnalyzerPresentation-tool.build/SignalAnalyzerTimelineFormatting.swift.o	591fc93221c220096420ab811c8a06c81b2ac83cea4dc95f20586600a01ceb82
build/swiftpm/arm64-apple-macosx/release/SignalAnalyzerPresentation-tool.build/SignalAnalyzerView.swift.o	a0a1079c56ebb49e2f13eb66d57d9ae09dd63b3859413df448c860a560e3130e
build/swiftpm/arm64-apple-macosx/release/SignalAnalyzerPresentation-tool.build/SignalAnalyzerWaveformGeometry.swift.o	d06cbad11f681321511e7f7ac6ccb24a7d0a2c139fedfbb61573320f96e0d24f
build/swiftpm/arm64-apple-macosx/release/SignalAnalyzerPresentation-tool.build/include/SignalAnalyzerPresentation-Swift.h	22422425013aebb1e99341004263ec8d8d1b89cb7ce5550d60b7410d96ac4957
build/swiftpm/arm64-apple-macosx/release/SignalAnalyzerPresentation-tool.build/include/module.modulemap	a4db0deb4d1b60c34c01a46008b75b15847fbacc3ef3d5bdd1af613d4a49dc03
build/swiftpm/arm64-apple-macosx/release/SignalAnalyzerPresentation-tool.build/output-file-map.json	fad2656733b9ada53e3900da0eeb2fb9403c2a6d44adda3e9549705235faedbe
build/swiftpm/arm64-apple-macosx/release/SignalAnalyzerPresentation-tool.build/sources	3f4293b3257a46588ff262f0dd50c5bed30db62dbb78f10db2227149cefb3206
build/swiftpm/arm64-apple-macosx/release/SignalAnalyzerPresentationTests-tool.build/output-file-map.json	a3f688ce9ad1d9c7805ae69fcd02d40be2359080dac8a0a447eccbf82f0127eb
build/swiftpm/arm64-apple-macosx/release/SignalAnalyzerPresetHarness-tool.build/HardwareFreePresetRunner.swift.o	a08b4f68ea0f4a3793c3bd676da96eca62e65c139fe8c402cd1013e60adcb57c
build/swiftpm/arm64-apple-macosx/release/SignalAnalyzerPresetHarness-tool.build/SignalAnalyzerPresetHarness.d	767c18835deb062fa64318f6194e3348ce36faad771ef1f6570418e29baa7d78
build/swiftpm/arm64-apple-macosx/release/SignalAnalyzerPresetHarness-tool.build/SignalAnalyzerPresetHarness.dia	2c72d5afff8cce441f2f8299a18215b0bf79605aa7eb05839e38f7949b46c0e2
build/swiftpm/arm64-apple-macosx/release/SignalAnalyzerPresetHarness-tool.build/include/SignalAnalyzerPresetHarness-Swift.h	14129101906eb736739a552e1d3c577f30c07e7b82a5ca0e64187f77b32a61e9
build/swiftpm/arm64-apple-macosx/release/SignalAnalyzerPresetHarness-tool.build/include/module.modulemap	31fdb69779e599f565ae6cd2d43392da4d9c15b6dd2d703bff05f399b68b7e64
build/swiftpm/arm64-apple-macosx/release/SignalAnalyzerPresetHarness-tool.build/output-file-map.json	fa6ef276d73f2e76e86fddc12b0657977026ce608fd77cceaf4adb3feb27e335
build/swiftpm/arm64-apple-macosx/release/SignalAnalyzerPresetHarness-tool.build/sources	7176caf74f9c463cadda98408fa77aebb8e23ede2a03e2ed81a80203c0b0ee70
build/swiftpm/arm64-apple-macosx/release/SignalAnalyzerTargetHost-tool.build/DynamicSignalAnalyzerActionDispatcher.swift.o	856e51554527619cabb2d3b5772bf4cb30da8529ce990f7b65c96042ef6e5d79
build/swiftpm/arm64-apple-macosx/release/SignalAnalyzerTargetHost-tool.build/DynamicSignalAnalyzerApplicationFailureOwner.swift.o	7d482719c9f93ec22fdac4213fd69e1ea3b8719e85e6e7e182145c8ea5a242f6
build/swiftpm/arm64-apple-macosx/release/SignalAnalyzerTargetHost-tool.build/DynamicSignalAnalyzerPiAssembly.swift.o	41feb2a31093c2942b45af2ce854885339648fb0aaeae587d6b8849e07eed811
build/swiftpm/arm64-apple-macosx/release/SignalAnalyzerTargetHost-tool.build/DynamicSignalAnalyzerPiContactIngress.swift.o	71ed300877ace89c13e82fe140c357a3b50256c28d83febafd3bc0bedc941108
build/swiftpm/arm64-apple-macosx/release/SignalAnalyzerTargetHost-tool.build/DynamicSignalAnalyzerPiCorrelationOwner.swift.o	1ee2f229a0ddacd9e8c750632ebc846276fb0a6421641c4f9d465ce14735fc53
build/swiftpm/arm64-apple-macosx/release/SignalAnalyzerTargetHost-tool.build/DynamicSignalAnalyzerPiEndpoint.swift.o	6a370abb7271b91233d4df26cd3f1b326bd82daed666e6d0bd82f83995957471
build/swiftpm/arm64-apple-macosx/release/SignalAnalyzerTargetHost-tool.build/DynamicSignalAnalyzerPiInitialPresentationOwner.swift.o	d7893049249437a35c6e93b6c50a31e631715a567cc2692f0266355a372794a5
build/swiftpm/arm64-apple-macosx/release/SignalAnalyzerTargetHost-tool.build/DynamicSignalAnalyzerPiInputCoordinator.swift.o	a3a83ff6eb97e6a885e93429d09d1c2cec5ab984fd007cc4361becfdd0313d9f
build/swiftpm/arm64-apple-macosx/release/SignalAnalyzerTargetHost-tool.build/DynamicSignalAnalyzerPiLifecycleOwner.swift.o	33fa564fe151a2a93a28aa0065f43007b38623c5a8127b1ce59f0f079c86e7f3
build/swiftpm/arm64-apple-macosx/release/SignalAnalyzerTargetHost-tool.build/DynamicSignalAnalyzerPiWakeAdmission.swift.o	5548bfed0a7a8e45b6c7d88c1820f4ade13fd9d2c03e85f374f2d52a475e066e
build/swiftpm/arm64-apple-macosx/release/SignalAnalyzerTargetHost-tool.build/DynamicSignalAnalyzerPiWakePacingOwner.swift.o	7aab10a8f74771ce623f2e0ff05170353568e6e0fe4600c8796fe1cfcc84dca7
build/swiftpm/arm64-apple-macosx/release/SignalAnalyzerTargetHost-tool.build/DynamicSignalAnalyzerPresentationPipeline.swift.o	e8fac70f2f3f38698ed117c062f1ebbb03137e00350da2a63bbdb27357dd4a59
build/swiftpm/arm64-apple-macosx/release/SignalAnalyzerTargetHost-tool.build/SignalAnalyzerCycleFailureNormalizer.swift.o	e2d621488c4fb6e85f0a7ac2e7878f5f7d141926eba72e0dd4e15a5615d6a940
build/swiftpm/arm64-apple-macosx/release/SignalAnalyzerTargetHost-tool.build/SignalAnalyzerCycleOwnerFailure.swift.o	01236b18d006417199f19ed82047d79cd02014b3d076c8be71facf69ce8a1ef2
build/swiftpm/arm64-apple-macosx/release/SignalAnalyzerTargetHost-tool.build/SignalAnalyzerCycleResidualPolicyOwner.swift.o	a54226f0958053cf3ecbc555e475d4706bd36ed815dc80055f0b41e0cf8e4e97
build/swiftpm/arm64-apple-macosx/release/SignalAnalyzerTargetHost-tool.build/SignalAnalyzerTargetHost.d	2db36f945c1589b49fe30d5968d1c0962a135410ef80e3735452630ee6aec4f6
build/swiftpm/arm64-apple-macosx/release/SignalAnalyzerTargetHost-tool.build/SignalAnalyzerTargetHost.dia	2c72d5afff8cce441f2f8299a18215b0bf79605aa7eb05839e38f7949b46c0e2
build/swiftpm/arm64-apple-macosx/release/SignalAnalyzerTargetHost-tool.build/StaticSignalAnalyzerActionDispatcher.swift.o	95688053fdccab08d052648a2b94dffa53c64be268105d47ef8e72710475da93
build/swiftpm/arm64-apple-macosx/release/SignalAnalyzerTargetHost-tool.build/StaticSignalAnalyzerNRFApplicationInputOwner.swift.o	d5eed7f6ef471dc1d1aae715219c2551f6e7dad61c268ab2842dc5a61aeb0302
build/swiftpm/arm64-apple-macosx/release/SignalAnalyzerTargetHost-tool.build/StaticSignalAnalyzerNRFApplicationStorage.swift.o	a057ba14cd9dfde5c44b142020e7d7ba95a977e4ef11c17aed0b084618de2706
build/swiftpm/arm64-apple-macosx/release/SignalAnalyzerTargetHost-tool.build/StaticSignalAnalyzerNRFAssembly.swift.o	73488e6dc82b1f3722a979b3b59bdf5c6160dc45193a9ed0c78973c6a6fb14cc
build/swiftpm/arm64-apple-macosx/release/SignalAnalyzerTargetHost-tool.build/StaticSignalAnalyzerNRFCanvasInvocationSource.swift.o	d8b0ac711adeb6ed77711dc7d64ac510ab49b3b19d38894456997a7af0c6f86d
build/swiftpm/arm64-apple-macosx/release/SignalAnalyzerTargetHost-tool.build/StaticSignalAnalyzerNRFCanvasPass.swift.o	2465de860c8ca03fe191c2a29dffc71d45319baffb1ade0ea5c20a99677bccd4
build/swiftpm/arm64-apple-macosx/release/SignalAnalyzerTargetHost-tool.build/StaticSignalAnalyzerNRFCanvasTable.generated.swift.o	82c4df0acac061a44aaacb8fc6a4cb54f401afc080d4adf0480696befa70de81
build/swiftpm/arm64-apple-macosx/release/SignalAnalyzerTargetHost-tool.build/StaticSignalAnalyzerNRFCaptureFactAdmission.swift.o	a5769167ab0b17c1b7a4874a529ff8702dfc07cf0a8dc4339ddc7e268ac6d331
build/swiftpm/arm64-apple-macosx/release/SignalAnalyzerTargetHost-tool.build/StaticSignalAnalyzerNRFCaptureHistory.swift.o	2cd2999fd93e9bc40c56d72f86b638fcb0584d81fcdb8ab7e4d2d17a13cc1879
build/swiftpm/arm64-apple-macosx/release/SignalAnalyzerTargetHost-tool.build/StaticSignalAnalyzerNRFCaptureRecord.swift.o	32004274cd285a11917b2463a7db433ef63c54e14c643bdd0bdbfc17ca81309b
build/swiftpm/arm64-apple-macosx/release/SignalAnalyzerTargetHost-tool.build/StaticSignalAnalyzerNRFCaptureSnapshotView.swift.o	48a1cecee734ca67cdb7bf5aa06e0a0019a60fae9bccde9d2c685bbad49986d7
build/swiftpm/arm64-apple-macosx/release/SignalAnalyzerTargetHost-tool.build/StaticSignalAnalyzerNRFCaptureStorage.swift.o	73b1eb722114070886757e37f7285032bf6e5cc9fedbb5ba619fd27209745ec0
build/swiftpm/arm64-apple-macosx/release/SignalAnalyzerTargetHost-tool.build/StaticSignalAnalyzerNRFCompactCaptureFact.swift.o	d88f082532283503276979f68eaaf95e1b80d12d5c8083eb4ae241d2b0f77d75
build/swiftpm/arm64-apple-macosx/release/SignalAnalyzerTargetHost-tool.build/StaticSignalAnalyzerNRFCompactFactRing.swift.o	50b63c80a480f129198307d3fe9de2f93e76fd6a5f466750bbbf8bb96c824ec7
build/swiftpm/arm64-apple-macosx/release/SignalAnalyzerTargetHost-tool.build/StaticSignalAnalyzerNRFCompactPresentationFact.swift.o	b746e6edfd0f0a0f29c5c07f653f8ce6886ee7e4964ba1dd5630bb365c9d7dbc
build/swiftpm/arm64-apple-macosx/release/SignalAnalyzerTargetHost-tool.build/StaticSignalAnalyzerNRFDeterministicSource.swift.o	91ac50a992bcda59396be4ad8c66f59b7c33a727a5ceb09fff3e6c60f1b9bca7
build/swiftpm/arm64-apple-macosx/release/SignalAnalyzerTargetHost-tool.build/StaticSignalAnalyzerNRFDisplayTarget.swift.o	a01255cd169c8d1c37b97da673584d3f10cf8ab17f7c876e794909b1a1070cf0
build/swiftpm/arm64-apple-macosx/release/SignalAnalyzerTargetHost-tool.build/StaticSignalAnalyzerNRFDrawingPlanRecords.swift.o	e76bfb09ae654bdb514e98e448e067a857f909a97b6b52f8acc556a9f90f44cb
build/swiftpm/arm64-apple-macosx/release/SignalAnalyzerTargetHost-tool.build/StaticSignalAnalyzerNRFDrawingPlanStorage.swift.o	127114a54744623c886b41ee202823a78c8c9a870008fcda63c8f51ccadef6ae
build/swiftpm/arm64-apple-macosx/release/SignalAnalyzerTargetHost-tool.build/StaticSignalAnalyzerNRFDrawingWorkspace.swift.o	cac0fae443567016187e286b4ffd37bc13021bfa91d4e20d40d2963ec6d82b10
build/swiftpm/arm64-apple-macosx/release/SignalAnalyzerTargetHost-tool.build/StaticSignalAnalyzerNRFEmbeddedCanvasTable.generated.swift.o	83fbfeab4197e6dcbd4469bfb0b1ae4a23c72eacdbb1477b296830318aaee8bf
build/swiftpm/arm64-apple-macosx/release/SignalAnalyzerTargetHost-tool.build/StaticSignalAnalyzerNRFEmbeddedLayoutInterfaces.swift.o	ffd7311e5e0172e198be87f4e6c51607af3e7b9cf5440cdb9a8051c9057e6ae4
build/swiftpm/arm64-apple-macosx/release/SignalAnalyzerTargetHost-tool.build/StaticSignalAnalyzerNRFEmbeddedLayoutModifier.swift.o	16d5cf95d0aec3102b247668a940fbc715d98c7329926eacad2450ab907da488
build/swiftpm/arm64-apple-macosx/release/SignalAnalyzerTargetHost-tool.build/StaticSignalAnalyzerNRFEmbeddedLayoutPrimitive.swift.o	7262a8779593e3077afed112d7dfa330befa1d2f11a0d0e58a5135e87f7aa3d6
build/swiftpm/arm64-apple-macosx/release/SignalAnalyzerTargetHost-tool.build/StaticSignalAnalyzerNRFEmbeddedLayoutScopeCodec.swift.o	24392537d75a9c8a750439f0f5b5de197df57d66fe4ca851200f67747a2f0836
build/swiftpm/arm64-apple-macosx/release/SignalAnalyzerTargetHost-tool.build/StaticSignalAnalyzerNRFEmbeddedLayoutTextCodec.swift.o	7b7115eb148b7b1f4698248045eea7b83685eb33224502bd6fb22dc25d1f0bf8
build/swiftpm/arm64-apple-macosx/release/SignalAnalyzerTargetHost-tool.build/StaticSignalAnalyzerNRFEmbeddedLayoutWorkspace.swift.o	f4830d325259cbb749465d1f40e313d49dd1fdc209998ef91ee20e1fdadb4f05
build/swiftpm/arm64-apple-macosx/release/SignalAnalyzerTargetHost-tool.build/StaticSignalAnalyzerNRFEmbeddedResolvedLayoutView.swift.o	b73a18f7a434532fcbf32f214df58de8eda2b234f9922f41f1454d5b76b0ed9f
build/swiftpm/arm64-apple-macosx/release/SignalAnalyzerTargetHost-tool.build/StaticSignalAnalyzerNRFEmbeddedSemanticRegion.swift.o	7b1eaeb848c6295dfe5db7d53d53a951231bfc7c845bf7a0bfeee12c5933349d
build/swiftpm/arm64-apple-macosx/release/SignalAnalyzerTargetHost-tool.build/StaticSignalAnalyzerNRFEmbeddedSemanticValidator.swift.o	9b4c72f22d867eba0bf091a0b8cf7af91823df4c064388aef5f5421a57ce977a
build/swiftpm/arm64-apple-macosx/release/SignalAnalyzerTargetHost-tool.build/StaticSignalAnalyzerNRFEmbeddedSemanticView.swift.o	070b28c2733b25ef975d63ae79e4b203c373439d58b230439a5399d716564f30
build/swiftpm/arm64-apple-macosx/release/SignalAnalyzerTargetHost-tool.build/StaticSignalAnalyzerNRFEndpoint.swift.o	b2d1140c7caa8dc2ef9cec25c40d4b48aded126775ebb589609d4a37292a4d22
build/swiftpm/arm64-apple-macosx/release/SignalAnalyzerTargetHost-tool.build/StaticSignalAnalyzerNRFGeneratedMetadata.swift.o	8bc627ffeab2c5bc01803ee13f33af6096ab30545ce322b21a8a11a89fdb0289
build/swiftpm/arm64-apple-macosx/release/SignalAnalyzerTargetHost-tool.build/StaticSignalAnalyzerNRFInputABI.swift.o	21fbd07c6d5df878b918f945bd99c16f3c079dd23e0bf45eb8e3740d750c0572
build/swiftpm/arm64-apple-macosx/release/SignalAnalyzerTargetHost-tool.build/StaticSignalAnalyzerNRFInputCoordinator.swift.o	b41456acf1e2f645fb96b55da6353667fb4fcc0105a30dc7823ffc4811e7faff
build/swiftpm/arm64-apple-macosx/release/SignalAnalyzerTargetHost-tool.build/StaticSignalAnalyzerNRFInteractionCandidateProducer.swift.o	f719334eeec469ff3630485217df9288776062f49342984777454cef36710755
build/swiftpm/arm64-apple-macosx/release/SignalAnalyzerTargetHost-tool.build/StaticSignalAnalyzerNRFInteractionHandler.swift.o	a7181cf7c1794e7fe2e4fda01a8fc51a8bba0b387edadd54297d3ac3f3315eed
build/swiftpm/arm64-apple-macosx/release/SignalAnalyzerTargetHost-tool.build/StaticSignalAnalyzerNRFInteractionOccurrences.swift.o	e97f7156da4ecd0625df125393564d4bc15a16c9b31fd2a428ddaebe24883c66
build/swiftpm/arm64-apple-macosx/release/SignalAnalyzerTargetHost-tool.build/StaticSignalAnalyzerNRFInteractionTargetProjection.swift.o	cc87fb041a8e9b097a04c316cbe93d2e4814917a491eb5d24b7e7117539a6931
build/swiftpm/arm64-apple-macosx/release/SignalAnalyzerTargetHost-tool.build/StaticSignalAnalyzerNRFLayoutPass.swift.o	2a1e0419b6059fc0b336172dc513f11478b5ca42799751504572a0964aceeefe
build/swiftpm/arm64-apple-macosx/release/SignalAnalyzerTargetHost-tool.build/StaticSignalAnalyzerNRFLayoutScopeCodec.swift.o	6b4ee2ae894c5af5e84c4f163b280cc6395bb3e70baf51352cc540bae5de7abb
build/swiftpm/arm64-apple-macosx/release/SignalAnalyzerTargetHost-tool.build/StaticSignalAnalyzerNRFLayoutTextCodec.swift.o	5275ae53548bc02a5ddc13de29e9cdf9f17c3243d0ecbb19d77fde98963dd1bd
build/swiftpm/arm64-apple-macosx/release/SignalAnalyzerTargetHost-tool.build/StaticSignalAnalyzerNRFLayoutWorkspace.swift.o	e4fa31ddc2c9d68eca64f3e28e02b9514d62526ed0cdbacfafda2dce8d1c2a02
build/swiftpm/arm64-apple-macosx/release/SignalAnalyzerTargetHost-tool.build/StaticSignalAnalyzerNRFLivePathStorage.swift.o	5892f82e26a008cffc05cea7d04fa091bb84bd34d7b68e95bcb0ccd3c5cb9aec
build/swiftpm/arm64-apple-macosx/release/SignalAnalyzerTargetHost-tool.build/StaticSignalAnalyzerNRFModelCaptureState.swift.o	7c984566f3de5948c7b727c3bc342ec7b2a86873628dc6cfcfe94151d5037ec7
build/swiftpm/arm64-apple-macosx/release/SignalAnalyzerTargetHost-tool.build/StaticSignalAnalyzerNRFModelDescriptor.generated.swift.o	98a9cbac51f7b355798e6f6e310070d3742ffe7726c4e81912f322b679b54b4b
build/swiftpm/arm64-apple-macosx/release/SignalAnalyzerTargetHost-tool.build/StaticSignalAnalyzerNRFModelLocation.swift.o	77c92c6f465602c802a9c718be654d450673c0173a8324dcb4a481b365780848
build/swiftpm/arm64-apple-macosx/release/SignalAnalyzerTargetHost-tool.build/StaticSignalAnalyzerNRFModelModifierWriter.swift.o	8664b362c600c0fec535c4878f0428be0324c14c553777fdcda0dae01b624dff
build/swiftpm/arm64-apple-macosx/release/SignalAnalyzerTargetHost-tool.build/StaticSignalAnalyzerNRFModelTextWriter.swift.o	082bef24b71eaa0e7f6614f5c93d7cac29a91d0cd8756d9d1e242b0b93aab0ea
build/swiftpm/arm64-apple-macosx/release/SignalAnalyzerTargetHost-tool.build/StaticSignalAnalyzerNRFModifierPayload.generated.swift.o	ae22de32ed3b2e9f1c051be44bf4244af9e7c44a71468e29252ddbf34f27d7a3
build/swiftpm/arm64-apple-macosx/release/SignalAnalyzerTargetHost-tool.build/StaticSignalAnalyzerNRFOperationalFailureBridge.swift.o	c77cdb9703a1ad6a761097a5e53966e97563b20ec69a292424f1266f21118831
build/swiftpm/arm64-apple-macosx/release/SignalAnalyzerTargetHost-tool.build/StaticSignalAnalyzerNRFOperationalFailureFact.swift.o	b28cfd4751e65479686696ecbc6a4e86da87d6f3090e2650edd692f95257a63a
build/swiftpm/arm64-apple-macosx/release/SignalAnalyzerTargetHost-tool.build/StaticSignalAnalyzerNRFPacedApplicationStage.swift.o	cbff83a2c058e41a1c62a67fa7d2e3d8f64c018ddf22399aea3676b75b49fbe6
build/swiftpm/arm64-apple-macosx/release/SignalAnalyzerTargetHost-tool.build/StaticSignalAnalyzerNRFPackedSemanticRecords.generated.swift.o	228d3d240ddc72626942159adebf5cff176d6fa186139f9ebc5de25e6839bc59
build/swiftpm/arm64-apple-macosx/release/SignalAnalyzerTargetHost-tool.build/StaticSignalAnalyzerNRFPresentationCommitter.swift.o	2bbfd58169751d4765094b241eac3cafd2be544d26f90c62fc723c734750e8ec
build/swiftpm/arm64-apple-macosx/release/SignalAnalyzerTargetHost-tool.build/StaticSignalAnalyzerNRFPresentationComposition.swift.o	35d1465d0e2747f515e344577a2b13db95a9a436f27f8f375c0b60cad7d9f2da
build/swiftpm/arm64-apple-macosx/release/SignalAnalyzerTargetHost-tool.build/StaticSignalAnalyzerNRFPresentationHandoff.swift.o	f2be6a0092ab0a044b9d3d9faa67ddd16af11d711ca0fc06e71c68fdafeea6e8
build/swiftpm/arm64-apple-macosx/release/SignalAnalyzerTargetHost-tool.build/StaticSignalAnalyzerNRFPresentationHealth.swift.o	a897799352522aa45a2d0980b1ecbabe3f3fad0a3bc12ad7fbe6a4defb039a0f
build/swiftpm/arm64-apple-macosx/release/SignalAnalyzerTargetHost-tool.build/StaticSignalAnalyzerNRFPresentationIdentityOwner.swift.o	764cf6bd414b9ecfd243485224da70a145259e32b75b53b3a9e9cef028c3c34d
build/swiftpm/arm64-apple-macosx/release/SignalAnalyzerTargetHost-tool.build/StaticSignalAnalyzerNRFPresentationInputs.generated.swift.o	a3e095f99bfcc70e8cffaf9fcd31ba0059256751d980dd074ac85bd0f88bbb01
build/swiftpm/arm64-apple-macosx/release/SignalAnalyzerTargetHost-tool.build/StaticSignalAnalyzerNRFPresentationPreparation.swift.o	691db506edc80d0fdde3832b3d0df46fcda628af698aa593c153128619be62d3
build/swiftpm/arm64-apple-macosx/release/SignalAnalyzerTargetHost-tool.build/StaticSignalAnalyzerNRFPresentationTransaction.swift.o	2402813058945ed668ec9cb7e14dc06bd268eaea11ec798711a48acfcc31fd88
build/swiftpm/arm64-apple-macosx/release/SignalAnalyzerTargetHost-tool.build/StaticSignalAnalyzerNRFPrimitivePayload.generated.swift.o	506703c3330a40e4dc407dc89f050d0864479557d67f8938e64dd1376a71a4ec
build/swiftpm/arm64-apple-macosx/release/SignalAnalyzerTargetHost-tool.build/StaticSignalAnalyzerNRFProfileBinding.swift.o	29df8295e9fddf95010b2a20f9cfed8ae1fa8a0cc6387b31c44deeb898f59aab
build/swiftpm/arm64-apple-macosx/release/SignalAnalyzerTargetHost-tool.build/StaticSignalAnalyzerNRFProfileRegions.swift.o	123885a26a9d1525a0fb24afd8eb2a9f679ff0f181a4ecb72fbe4cfb971aac3b
build/swiftpm/arm64-apple-macosx/release/SignalAnalyzerTargetHost-tool.build/StaticSignalAnalyzerNRFReferenceMetrics.generated.swift.o	6136a135882d7c03b5e1f06dce7f93fdd61a790a77ce74baf09c55998d8b971d
build/swiftpm/arm64-apple-macosx/release/SignalAnalyzerTargetHost-tool.build/StaticSignalAnalyzerNRFRegionMap.swift.o	ed9754b9d1ca2e094e1b2feefd874e62e3545cd94eefd58d0934967dc143ca00
build/swiftpm/arm64-apple-macosx/release/SignalAnalyzerTargetHost-tool.build/StaticSignalAnalyzerNRFRenderOffer.swift.o	f45b21f7732adb87fc72f68e6a3ad670362585245974ab3cd4ee228948f02016
build/swiftpm/arm64-apple-macosx/release/SignalAnalyzerTargetHost-tool.build/StaticSignalAnalyzerNRFRenderWorkspace.swift.o	9623956b26a70cb1527e4231f37968b3666ee4b3614d94fd8a3d81da5ffacea4
build/swiftpm/arm64-apple-macosx/release/SignalAnalyzerTargetHost-tool.build/StaticSignalAnalyzerNRFRepositoryProducer.swift.o	4941db702afeec3de1be94f172a697a484f507fb10fcd0099a4ad966d486081d
build/swiftpm/arm64-apple-macosx/release/SignalAnalyzerTargetHost-tool.build/StaticSignalAnalyzerNRFResidualRouting.swift.o	9d1b15d9c6a6617299d57b31e02df46c54c780f08d5acb52d8f06fe535c34044
build/swiftpm/arm64-apple-macosx/release/SignalAnalyzerTargetHost-tool.build/StaticSignalAnalyzerNRFResolvedLayout.swift.o	2e20f4f983bd415718d06ebb806fb71b7208d22b0573dfe773308687e63c3ecd
build/swiftpm/arm64-apple-macosx/release/SignalAnalyzerTargetHost-tool.build/StaticSignalAnalyzerNRFRuntimeStorage.swift.o	633e55a7ab92691044e399b9e56e92677f40b822578c5f9785fe13b9248d4a3d
build/swiftpm/arm64-apple-macosx/release/SignalAnalyzerTargetHost-tool.build/StaticSignalAnalyzerNRFSPITFTTransport.swift.o	d2b0c193c1a53f6499fb75c32d80025bc02777bf54d0a7d3b98ee5f0133d96f0
build/swiftpm/arm64-apple-macosx/release/SignalAnalyzerTargetHost-tool.build/StaticSignalAnalyzerNRFSealedFactApplication.swift.o	f3ca334303e97a04276413925145a0daf779a9f1481a3ae361aa3be6fefc6438
build/swiftpm/arm64-apple-macosx/release/SignalAnalyzerTargetHost-tool.build/StaticSignalAnalyzerNRFSemanticPublication.swift.o	f200bc30eff924fb7350188a875a4a1fac24c3337fc3307c0f4e95522ec673c2
build/swiftpm/arm64-apple-macosx/release/SignalAnalyzerTargetHost-tool.build/StaticSignalAnalyzerNRFSemanticRegion.generated.swift.o	9980c0024ed3018d4b2359ae1711c644a801aba1542c0b9c4d5ed699b8f29e49
build/swiftpm/arm64-apple-macosx/release/SignalAnalyzerTargetHost-tool.build/StaticSignalAnalyzerNRFSnapshotFact.swift.o	6f0720329950680767c6ce164944ac3b7c4aa641b5575cbe8930c46f9fd5d110
build/swiftpm/arm64-apple-macosx/release/SignalAnalyzerTargetHost-tool.build/StaticSignalAnalyzerNRFTextPoolWriter.generated.swift.o	b4e4cf6df97781a7e089680285b9c7bee416a307d003dce6bf9342546625ae09
build/swiftpm/arm64-apple-macosx/release/SignalAnalyzerTargetHost-tool.build/StaticSignalAnalyzerNRFTileStorage.swift.o	7d7e88b9be6d97b8d7282cde4a38438a997913d07a266c6fbee81c17f8fe006f
build/swiftpm/arm64-apple-macosx/release/SignalAnalyzerTargetHost-tool.build/StaticSignalAnalyzerNRFTopologyWriter.generated.swift.o	89b663e6a2a75f63cfc752f0201a14466ba5e9e0eb295210fe787e34c46b9db7
build/swiftpm/arm64-apple-macosx/release/SignalAnalyzerTargetHost-tool.build/StaticSignalAnalyzerNRFUTF8LayoutView.generated.swift.o	50201e51f1ad04218360ad10c3812f88c34e6bfde9dba6cf1bbec01dc8856849
build/swiftpm/arm64-apple-macosx/release/SignalAnalyzerTargetHost-tool.build/StaticSignalAnalyzerNRFUTF8RenderView.generated.swift.o	2d945a689170077646d77d08621ead7039bd9c86ffa7be39de37875759a04bc6
build/swiftpm/arm64-apple-macosx/release/SignalAnalyzerTargetHost-tool.build/StaticSignalAnalyzerNRFUTF8TextPool.generated.swift.o	9441c599a6f5e72cecabcf60d811e073e91826e29bbe5edb0b7de3ae6b66434d
build/swiftpm/arm64-apple-macosx/release/SignalAnalyzerTargetHost-tool.build/include/SignalAnalyzerTargetHost-Swift.h	362d850117d21e1d5082b3f0f7863fdb553480766abc0fc16032536c78e5592a
build/swiftpm/arm64-apple-macosx/release/SignalAnalyzerTargetHost-tool.build/include/module.modulemap	14963e763cfedb1391e861a120de205f82669eb2bd1f394144dffef133c856aa
build/swiftpm/arm64-apple-macosx/release/SignalAnalyzerTargetHost-tool.build/output-file-map.json	ecbd46a8ac09c814c1068bfe82bfed52692dc0786fa9b98a404668b0656ff46a
build/swiftpm/arm64-apple-macosx/release/SignalAnalyzerTargetHost-tool.build/sources	4f46f0f094a0c171245b1175549b04b3f45bd22689a785b281950db252a206ba
build/swiftpm/arm64-apple-macosx/release/SwiftBasicFormat-tool.build/BasicFormat.swift.o	fe38178fb5abbd9dc8baa62acdde48db58c5d877c7b769804886fa8181480046
build/swiftpm/arm64-apple-macosx/release/SwiftBasicFormat-tool.build/Indenter.swift.o	d838d32975554e542d339e070d7d83e7299de2a4bad253fbf5db5812ee34c460
build/swiftpm/arm64-apple-macosx/release/SwiftBasicFormat-tool.build/InferIndentation.swift.o	5314d2cb26d2e2aa015050e3a3626cefec5666fc1551fe20830f4e736a025b71
build/swiftpm/arm64-apple-macosx/release/SwiftBasicFormat-tool.build/SwiftBasicFormat.d	b9997cfc748a7d3b7d55ac48bc15784bb5068a61ccb02bf15e4bf11a53acda59
build/swiftpm/arm64-apple-macosx/release/SwiftBasicFormat-tool.build/SwiftBasicFormat.dia	2c72d5afff8cce441f2f8299a18215b0bf79605aa7eb05839e38f7949b46c0e2
build/swiftpm/arm64-apple-macosx/release/SwiftBasicFormat-tool.build/Syntax+Extensions.swift.o	98f135d0f57ef01fffe64bfbd5f76d4a6410fae4d99d544abcaf6a9fa409c3cb
build/swiftpm/arm64-apple-macosx/release/SwiftBasicFormat-tool.build/SyntaxProtocol+Formatted.swift.o	dcf60898be430abcb797480a998a09c52eb47837b6f70a1da001ea7a4421ae7f
build/swiftpm/arm64-apple-macosx/release/SwiftBasicFormat-tool.build/Trivia+FormatExtensions.swift.o	068a700b82d5eebb41c14afb79d49ee8e667d4600c27d08fd34b72a945b5cd78
build/swiftpm/arm64-apple-macosx/release/SwiftBasicFormat-tool.build/include/SwiftBasicFormat-Swift.h	3e7c40b594c95d10cd6a02490894281ea017d66ed0c77d8b1e75afd1ab7f9dde
build/swiftpm/arm64-apple-macosx/release/SwiftBasicFormat-tool.build/include/module.modulemap	589558b754bf85fba2497fc86b5ff6d0a5a6ad532a690b15cb09a7f1f1339bb8
build/swiftpm/arm64-apple-macosx/release/SwiftBasicFormat-tool.build/output-file-map.json	194f94ee532000dd8b3ce067b174d55a96cf50df973d1fdf1508a6a3e21d47f8
build/swiftpm/arm64-apple-macosx/release/SwiftBasicFormat-tool.build/sources	b79ed233335972222a217a9a24760808eeb16477523661ddd92871c14e59b0dc
build/swiftpm/arm64-apple-macosx/release/SwiftCompilerPlugin-tool.build/CompilerPlugin.swift.o	183ca3753850311d6ee7d210a61d084afddf6f99430e3c3c496126f4b1078ede
build/swiftpm/arm64-apple-macosx/release/SwiftCompilerPlugin-tool.build/SwiftCompilerPlugin.d	a9b7f648158fa2d9eea18abc4d7f77f745d9a83185647f40ce4063fa60abd409
build/swiftpm/arm64-apple-macosx/release/SwiftCompilerPlugin-tool.build/SwiftCompilerPlugin.dia	2c72d5afff8cce441f2f8299a18215b0bf79605aa7eb05839e38f7949b46c0e2
build/swiftpm/arm64-apple-macosx/release/SwiftCompilerPlugin-tool.build/include/SwiftCompilerPlugin-Swift.h	d24344fa37b55096f0c1fd781fd9131cae48b845bba915ddd9b85c17094af8a2
build/swiftpm/arm64-apple-macosx/release/SwiftCompilerPlugin-tool.build/include/module.modulemap	a8e0cfc9acf7196a01e417c93b99ba666d0b858e439cbdc18e1df8aebfc3deee
build/swiftpm/arm64-apple-macosx/release/SwiftCompilerPlugin-tool.build/output-file-map.json	220617814dab935f4eb08934754e5bdc4c5b9319bd04b2573dc40bf6b49d4ca7
build/swiftpm/arm64-apple-macosx/release/SwiftCompilerPlugin-tool.build/sources	2869facfa73fcbd10bdbf310460f0aaa1048b29773203dd83d729c3fc7f6929b
build/swiftpm/arm64-apple-macosx/release/SwiftCompilerPluginMessageHandling-tool.build/CodingUtilities.swift.o	fa0cab1f7732471be60708619541485bd561348094ff8476c47b2dc4c80fb2e6
build/swiftpm/arm64-apple-macosx/release/SwiftCompilerPluginMessageHandling-tool.build/CompilerPluginMessageHandler.swift.o	fda3102c61903bf2012c7868362e9bc1d9b3749fddf1821dc518b9eb91ca42b6
build/swiftpm/arm64-apple-macosx/release/SwiftCompilerPluginMessageHandling-tool.build/Diagnostics.swift.o	fa9c4efcde3afc20c58915408fd31082d672a1ee3dda730e6f6f20b194e86988
build/swiftpm/arm64-apple-macosx/release/SwiftCompilerPluginMessageHandling-tool.build/JSON.swift.o	80a714734a6437d43f06e3424afac05039d862204e0bc608011ecdceceb08cc9
build/swiftpm/arm64-apple-macosx/release/SwiftCompilerPluginMessageHandling-tool.build/JSONDecoding.swift.o	f37174c3c3f572b0f7412972a14b0d79fce1f5a673adf29f8852a50096c3de40
build/swiftpm/arm64-apple-macosx/release/SwiftCompilerPluginMessageHandling-tool.build/JSONEncoding.swift.o	5da466be8efea909cb972f2e49c867346046f9aff108d5dfccc595746d0dc9d8
build/swiftpm/arm64-apple-macosx/release/SwiftCompilerPluginMessageHandling-tool.build/LRUCache.swift.o	f8e344e1919d363c0de6e2d698c229b191fe3e617cb4eeb217c8b58a74c5bde7
build/swiftpm/arm64-apple-macosx/release/SwiftCompilerPluginMessageHandling-tool.build/Macros.swift.o	4acce05b9c4620b770e7293da8abc1ae331b0ece02824cdc9cea03ee5a6a4167
build/swiftpm/arm64-apple-macosx/release/SwiftCompilerPluginMessageHandling-tool.build/PluginMacroExpansionContext.swift.o	ffb4e68f43de7944561ac60be146f99b2a5c88642a1148c9e79fbde8cb05e16a
build/swiftpm/arm64-apple-macosx/release/SwiftCompilerPluginMessageHandling-tool.build/PluginMessageCompatibility.swift.o	a9fb0b27947acad4811937a6b9452f148a88f3087297d97ef0059df1c746992f
build/swiftpm/arm64-apple-macosx/release/SwiftCompilerPluginMessageHandling-tool.build/PluginMessages.swift.o	e5b857d923b25acbd58dc388ceec95bbe797c52b51a7e41036f56f718a4d7cc0
build/swiftpm/arm64-apple-macosx/release/SwiftCompilerPluginMessageHandling-tool.build/StandardIOMessageConnection.swift.o	869e56b9d2f11c8ae40e65407a9c97739e24bc47f9aab120b87e648e074a8050
build/swiftpm/arm64-apple-macosx/release/SwiftCompilerPluginMessageHandling-tool.build/SwiftCompilerPluginMessageHandling.d	370ba3f9f5ecba2a7360b536cc990f405ddac1e0ab3bef70d3e91d13164d02c2
build/swiftpm/arm64-apple-macosx/release/SwiftCompilerPluginMessageHandling-tool.build/SwiftCompilerPluginMessageHandling.dia	2c72d5afff8cce441f2f8299a18215b0bf79605aa7eb05839e38f7949b46c0e2
build/swiftpm/arm64-apple-macosx/release/SwiftCompilerPluginMessageHandling-tool.build/include/SwiftCompilerPluginMessageHandling-Swift.h	dab8b4ca5c4bca9f4adbafc1a17134fda38d4c13f8eacd13ca5ce890c259d0bc
build/swiftpm/arm64-apple-macosx/release/SwiftCompilerPluginMessageHandling-tool.build/include/module.modulemap	35a02a4e1124e3f54126c76c0d48cc934d1ee8e58e4aef2f10bc4e6148441eb3
build/swiftpm/arm64-apple-macosx/release/SwiftCompilerPluginMessageHandling-tool.build/output-file-map.json	3cfc5482ed1d7b1b47ef35f72c12dc9b915a38c538ae4e5d5c4ba0c15993e9d2
build/swiftpm/arm64-apple-macosx/release/SwiftCompilerPluginMessageHandling-tool.build/sources	919be8168f539034d1d2f5d27c776d9d5f8bbfd5bd2e37b32d92ae19b14ff52e
build/swiftpm/arm64-apple-macosx/release/SwiftDiagnostics-tool.build/ANSIDiagnosticDecorator.swift.o	504577a0fee3e096a4e5683b98c0ebb48f29343c3cfe564d8278ac88da8e948d
build/swiftpm/arm64-apple-macosx/release/SwiftDiagnostics-tool.build/BasicDiagnosticDecorator.swift.o	6d09fc22f99ca9e2ab5345f02f1b30dbf13ecdb3738d8cde236fda44a369dd1b
build/swiftpm/arm64-apple-macosx/release/SwiftDiagnostics-tool.build/Convenience.swift.o	862065b60417b75f17addefb4628d1472b09a5562f5b2020a476674cd665031e
build/swiftpm/arm64-apple-macosx/release/SwiftDiagnostics-tool.build/Diagnostic.swift.o	279f78a4eab8a7bd13d98bfa3dcaaeaad0c8aeaade4ecd7ba7b33048e6e2c733
build/swiftpm/arm64-apple-macosx/release/SwiftDiagnostics-tool.build/DiagnosticDecorator.swift.o	9b4c09071426a279fe0f406d702d629c4cafbe4ae49a424f9fd2ce1891e1ca06
build/swiftpm/arm64-apple-macosx/release/SwiftDiagnostics-tool.build/DiagnosticsFormatter.swift.o	93d5762974d127d1fac4f7ff60c6cd6dc639ebe09d80fad9ad48cd83cd47160a
build/swiftpm/arm64-apple-macosx/release/SwiftDiagnostics-tool.build/FixIt.swift.o	939e6d20dd2601e51890c4a8922b5f519757adc5842c32a7330c0c4be141a712
build/swiftpm/arm64-apple-macosx/release/SwiftDiagnostics-tool.build/GroupedDiagnostics.swift.o	7c1eeeeb76871fc9414cf272d6cd4e78de443aca1e4ece744ac629f2b6923c2b
build/swiftpm/arm64-apple-macosx/release/SwiftDiagnostics-tool.build/Message.swift.o	9b6b68c6e3f4dd1772bb72f76762bb9e225e514b41f02c80ec63cdc34dc3fa60
build/swiftpm/arm64-apple-macosx/release/SwiftDiagnostics-tool.build/Note.swift.o	bac617e44b6a39c9060423a3a69704950c61e2f65e80721f4be4c4e9e2383100
build/swiftpm/arm64-apple-macosx/release/SwiftDiagnostics-tool.build/SwiftDiagnostics.d	73c7bc78d0511ab3f677cbaa3bc5c015ed4c1cc1017740210618c6fad821b226
build/swiftpm/arm64-apple-macosx/release/SwiftDiagnostics-tool.build/SwiftDiagnostics.dia	2c72d5afff8cce441f2f8299a18215b0bf79605aa7eb05839e38f7949b46c0e2
build/swiftpm/arm64-apple-macosx/release/SwiftDiagnostics-tool.build/include/SwiftDiagnostics-Swift.h	361c4e3ed42c92e8f4e86eb92a33edc28f30f80e94bf672693a9ebd16c2ca17d
build/swiftpm/arm64-apple-macosx/release/SwiftDiagnostics-tool.build/include/module.modulemap	f868bff17d960c1c2ecb51f3b4f981e1ddbcda9b2d0a09fd0349e1b57917ddca
build/swiftpm/arm64-apple-macosx/release/SwiftDiagnostics-tool.build/output-file-map.json	58146641ac4638782d395d5d7189688a0dc8b6b23c8f2a3ff33e38441eccf504
build/swiftpm/arm64-apple-macosx/release/SwiftDiagnostics-tool.build/sources	9b875174e25287d51124082712ea3186ac18b90737b95ccfb612a556a2f45a32
build/swiftpm/arm64-apple-macosx/release/SwiftIDEUtils-tool.build/include/module.modulemap	b912277d4fdc135266267a75c92286f2aa9a25a1a1e07f734e9aa5cb267ca63e
build/swiftpm/arm64-apple-macosx/release/SwiftIDEUtils-tool.build/output-file-map.json	c919d03bd09bee11e545fde31ed33ad53fbb5003dd5b9c8250e54e491bb5c821
build/swiftpm/arm64-apple-macosx/release/SwiftIfConfig-tool.build/ActiveClauseEvaluator.swift.o	9bbee80a6c3ea5f8fe9bcc53b7b2c9df22d7605de1cf1c60981bd4a644707f35
build/swiftpm/arm64-apple-macosx/release/SwiftIfConfig-tool.build/ActiveSyntaxRewriter.swift.o	287c77251465f7e5c6e948eec67a4ead6cb61f93092de167a5e10370857cabe7
build/swiftpm/arm64-apple-macosx/release/SwiftIfConfig-tool.build/ActiveSyntaxVisitor.swift.o	bf8c2ab5efbc03c82c42468af1f860c09403b6409d48f84c8684397661cc337b
build/swiftpm/arm64-apple-macosx/release/SwiftIfConfig-tool.build/BuildConfiguration.swift.o	f32fe9f531bf387c6413a95a131cd1d294dad0790d031275bb1c016aa94ad4c9
build/swiftpm/arm64-apple-macosx/release/SwiftIfConfig-tool.build/ConfiguredRegions.swift.o	43df01ee7659cc6cd7151ffdf74aa31ad5b65f1fc8414bb17a1d40fe10a291d0
build/swiftpm/arm64-apple-macosx/release/SwiftIfConfig-tool.build/IfConfigDecl+IfConfig.swift.o	34dd8d323ff323c43b80b84d26a62401627074152d6e4ea5925d79dce190dc9c
build/swiftpm/arm64-apple-macosx/release/SwiftIfConfig-tool.build/IfConfigDiagnostic.swift.o	0a873f229785ed66259dd7dec2a569234ed7bc240f8dfe32deb543dab47a5374
build/swiftpm/arm64-apple-macosx/release/SwiftIfConfig-tool.build/IfConfigEvaluation.swift.o	c22cf7cea4ebc74b84cf90af4a321782d86e761ac27a16a0af76c53bdcd38a01
build/swiftpm/arm64-apple-macosx/release/SwiftIfConfig-tool.build/IfConfigFunctions.swift.o	fd7cf2f8fb136e5afd438fbb49051f128c0cbe635570910da87c437666619b20
build/swiftpm/arm64-apple-macosx/release/SwiftIfConfig-tool.build/IfConfigRegionState.swift.o	10eba8937159919cad66f78789104828eacff1193679b4f6aff2b882557d9f97
build/swiftpm/arm64-apple-macosx/release/SwiftIfConfig-tool.build/StaticBuildConfiguration.swift.o	7848e76c7fb9715ada0fd16e3a7d3e68821f1dd354f87a2c2d312149c6b684d1
build/swiftpm/arm64-apple-macosx/release/SwiftIfConfig-tool.build/SwiftIfConfig.d	c3b359a21263ed29b1292e04aa4e5e49e7b0a9587fbf82bdb1de770e12e45643
build/swiftpm/arm64-apple-macosx/release/SwiftIfConfig-tool.build/SwiftIfConfig.dia	2c72d5afff8cce441f2f8299a18215b0bf79605aa7eb05839e38f7949b46c0e2
build/swiftpm/arm64-apple-macosx/release/SwiftIfConfig-tool.build/SyntaxLiteralUtils.swift.o	0d9f6fc5d9ec57ca7da07c7803c382164ea8c16fe01f0528d439276a93839187
build/swiftpm/arm64-apple-macosx/release/SwiftIfConfig-tool.build/SyntaxProtocol+IfConfig.swift.o	3203a1d88754614321595cd2f21a1650e3117281551c656965a33b4cec73d563
build/swiftpm/arm64-apple-macosx/release/SwiftIfConfig-tool.build/VersionTuple+Parsing.swift.o	6c38303916ce88cf7b74c0f31f79aeabdae11b10ec25642abb2065cf976cef65
build/swiftpm/arm64-apple-macosx/release/SwiftIfConfig-tool.build/VersionTuple.swift.o	495d3bfac9d2b0b852c95a8c621c57d8a2445f5c23e855fbc3ae0d306196c90d
build/swiftpm/arm64-apple-macosx/release/SwiftIfConfig-tool.build/include/SwiftIfConfig-Swift.h	5f34640e44ef1cda4e06f4c401e6b77e6c3ca0c1d13c38ce959331d75f223856
build/swiftpm/arm64-apple-macosx/release/SwiftIfConfig-tool.build/include/module.modulemap	42201ae56dbe8ddde6b596e24dac4dbd40f55cd70fb35dc4ec63b804b9bf6806
build/swiftpm/arm64-apple-macosx/release/SwiftIfConfig-tool.build/output-file-map.json	a394473b221b7d95f5c36160cec1f30ca6ba8b18a5285f0aa8cdba28771a020b
build/swiftpm/arm64-apple-macosx/release/SwiftIfConfig-tool.build/sources	0a48f868b83a175009310a6a64c12ad38d04bd7f1739e864b8242fc9c1792aab
build/swiftpm/arm64-apple-macosx/release/SwiftOperators-tool.build/Operator.swift.o	95e23424ea579690f3dc5626b0764843a814d1310e70e8e1de2bacb7d7f8845d
build/swiftpm/arm64-apple-macosx/release/SwiftOperators-tool.build/OperatorError+Diagnostics.swift.o	938facca0c3baed20042e6511fa1b76e84be461c2418f38010efad1fef806e2d
build/swiftpm/arm64-apple-macosx/release/SwiftOperators-tool.build/OperatorError.swift.o	345a55edb704a7a54007cd129bf8f5404c15ba696a22fba26fdf2cf654877640
build/swiftpm/arm64-apple-macosx/release/SwiftOperators-tool.build/OperatorTable+Defaults.swift.o	962c578b3127c2b10d2584c3c7b8afd11eeb81ce45ad1463925853d7fc61e6de
build/swiftpm/arm64-apple-macosx/release/SwiftOperators-tool.build/OperatorTable+Folding.swift.o	1360939761834287316f441b6f37f24a462d646663262e88c81accc3e9d26d53
build/swiftpm/arm64-apple-macosx/release/SwiftOperators-tool.build/OperatorTable+Semantics.swift.o	1a07c6cca51ea36b561940ef8e448a179be32188ef5ef1010504a8968aad1809
build/swiftpm/arm64-apple-macosx/release/SwiftOperators-tool.build/OperatorTable.swift.o	b3007f785762026ca2dc591a39db918fd9d75e59eb5d35a130383509e48366fc
build/swiftpm/arm64-apple-macosx/release/SwiftOperators-tool.build/PrecedenceGraph.swift.o	2a278f1fd120020e773de7a94650ab1aa743103b12c5473a6b3796a59373313a
build/swiftpm/arm64-apple-macosx/release/SwiftOperators-tool.build/PrecedenceGroup.swift.o	64ae0e480087b50cb3124711dd5ebe0f00a0bb09848bb270fca628765dee78aa
build/swiftpm/arm64-apple-macosx/release/SwiftOperators-tool.build/SwiftOperators.d	3fa93680f8ffa833a2a41ce4a3b4080a65f23e5c3d930be58641ef2719725556
build/swiftpm/arm64-apple-macosx/release/SwiftOperators-tool.build/SwiftOperators.dia	2c72d5afff8cce441f2f8299a18215b0bf79605aa7eb05839e38f7949b46c0e2
build/swiftpm/arm64-apple-macosx/release/SwiftOperators-tool.build/SyntaxSynthesis.swift.o	e31f073ae39c209d48670d342e015248006d1860b418167a8b62ef62be093cb0
build/swiftpm/arm64-apple-macosx/release/SwiftOperators-tool.build/include/SwiftOperators-Swift.h	b5462aa2854d13c0c9106d1a156949163d138329b498689eb34456dda3abd487
build/swiftpm/arm64-apple-macosx/release/SwiftOperators-tool.build/include/module.modulemap	a18aa51f8d9fddea101f48792db7d4ea67a1648f722b6b6328965b2fd96c2116
build/swiftpm/arm64-apple-macosx/release/SwiftOperators-tool.build/output-file-map.json	98325a82d4620469b6afc76fd1f49dff0a7d95b15c42f218467c15b5d081f54a
build/swiftpm/arm64-apple-macosx/release/SwiftOperators-tool.build/sources	07575e86ee027599d977de51ed2debe2c1507167a153661ce3c36e374ed8e36e
build/swiftpm/arm64-apple-macosx/release/SwiftParser-tool.build/Attributes.swift.o	e5dbc01f18dfc0987590e8c7e6c1961313acc4adf11279a60d0449d84e2d6f99
build/swiftpm/arm64-apple-macosx/release/SwiftParser-tool.build/Availability.swift.o	58ba1aca6a06d40fb07d0f63c122c89e847e0cbd4b855a303a8454e959e87f65
build/swiftpm/arm64-apple-macosx/release/SwiftParser-tool.build/CharacterInfo.swift.o	28420bd20809283f830ec75533f7fa2adf15f6ec916db0fd14f36766ad2f8815
build/swiftpm/arm64-apple-macosx/release/SwiftParser-tool.build/CollectionNodes+Parsable.swift.o	fe72e00907a540c8e1ce02740c5323591f7c3b916a75e3c104b9f9409fbe46a9
build/swiftpm/arm64-apple-macosx/release/SwiftParser-tool.build/CompilerFiles.swift.o	778a7d2802c2fdd4e0f12344fd52c8be0a85f2dde4568a0a83d936ca2a28ddc9
build/swiftpm/arm64-apple-macosx/release/SwiftParser-tool.build/Cursor.swift.o	52a1e8cb4a5ad63d8b0824368b69b19d8996ad21aefbcd5cd47e6d9ce4249cc8
build/swiftpm/arm64-apple-macosx/release/SwiftParser-tool.build/Declarations.swift.o	966fd20958fc9bab969316a68ae430033e97b4c3e255f0ebe98d9057124c3546
build/swiftpm/arm64-apple-macosx/release/SwiftParser-tool.build/Directives.swift.o	24e5a838de2105019221f97e9a883da126aafd4c7b01e6634d0af0f85a6ff303
build/swiftpm/arm64-apple-macosx/release/SwiftParser-tool.build/ExperimentalFeatures.swift.o	13f6c457aaf3843984df545be7232908a8359c17f8828f3912e082aa0e0c00d4
build/swiftpm/arm64-apple-macosx/release/SwiftParser-tool.build/ExpressionInterpretedAsVersionTuple.swift.o	5fdb980d0bd23f2590e209eb252c0f26ae2c1ee9717d4b1e8226228d08482eed
build/swiftpm/arm64-apple-macosx/release/SwiftParser-tool.build/Expressions.swift.o	ecaa977b3928237c9cbc7a6fe10ab7a3d49512c577d63c018f50efb2ddfbc1cc
build/swiftpm/arm64-apple-macosx/release/SwiftParser-tool.build/IncrementalParseTransition.swift.o	ae86d82bd1171428c1490b4068f9b0a507af605dd1c267d8182a6bd5032e8881
build/swiftpm/arm64-apple-macosx/release/SwiftParser-tool.build/IsLexerClassified.swift.o	ceb7821d72e413a3bb28bad4cebc6bfe87cb9cd0c9d84ca7cfa6b5a1a95b441a
build/swiftpm/arm64-apple-macosx/release/SwiftParser-tool.build/IsValidIdentifier.swift.o	e6f4fbfeba15a0fd9879a4a9477d4e12c4201e484bdadbbd9639306cc16dd716
build/swiftpm/arm64-apple-macosx/release/SwiftParser-tool.build/LayoutNodes+Parsable.swift.o	e15eccfbd1b0bfa920e97f42af651483a6057832eef561f34cc88cd1d3b60cab
build/swiftpm/arm64-apple-macosx/release/SwiftParser-tool.build/Lexeme.swift.o	e1cbf865cffdb37b0e81621b41682c70f7337d05f685ea0e484c9a3680833cd3
build/swiftpm/arm64-apple-macosx/release/SwiftParser-tool.build/LexemeSequence.swift.o	ff1805502c2e243ada7a1cddcee508c871626d8a736f17ae851073994d860c07
build/swiftpm/arm64-apple-macosx/release/SwiftParser-tool.build/Lexer.swift.o	c6e449d0a2fe3ded6c5c2a07489a9626134348314f438ec1bf16532212023224
build/swiftpm/arm64-apple-macosx/release/SwiftParser-tool.build/Lookahead.swift.o	4bf590c2d315bee9892bacb4223bf4473426547f5af7ef2f898cb146a109d6e5
build/swiftpm/arm64-apple-macosx/release/SwiftParser-tool.build/LoopProgressCondition.swift.o	ce795fc39efd98f9969a07ac44b93aa59c73deb927bc228176b007cf6da27316
build/swiftpm/arm64-apple-macosx/release/SwiftParser-tool.build/Modifiers.swift.o	acf1a8831c2e375b65f43ce89863796da733c191607c8003ec298923b703129a
build/swiftpm/arm64-apple-macosx/release/SwiftParser-tool.build/Names.swift.o	ecb41b7093de7e0f73d4d7d8a7f1ce975c30ff97fab6a2f54fa72f930d5fe304
build/swiftpm/arm64-apple-macosx/release/SwiftParser-tool.build/Nominals.swift.o	674424c4f7ff6c13e64589fc24494b4c2c7f077f3460afbb1753055954f6ef89
build/swiftpm/arm64-apple-macosx/release/SwiftParser-tool.build/Parameters.swift.o	57b4c101fddbcf4e5332dff523005f4b38944a051f002b8aea309979ac535f7e
build/swiftpm/arm64-apple-macosx/release/SwiftParser-tool.build/ParseSourceFile.swift.o	8ad9209071eb125098137787e6272b42546bb9b664c4a6ea271de5f5fc662ab2
build/swiftpm/arm64-apple-macosx/release/SwiftParser-tool.build/Parser+TokenSpecSet.swift.o	e8154c56f943c285e9698643a556cd27a22a910f11a2b2ebe781ce8729920eb8
build/swiftpm/arm64-apple-macosx/release/SwiftParser-tool.build/Parser.swift.o	8a47f86d3a546c4b393b4fc51b196b91b3d5690334c80ec306b2d218e94e5cbb
build/swiftpm/arm64-apple-macosx/release/SwiftParser-tool.build/Patterns.swift.o	283d0d2e0524a828b5bad76ce9e5893e3d9710d0184b8a1f3fea7d7bf82d4d13
build/swiftpm/arm64-apple-macosx/release/SwiftParser-tool.build/Recovery.swift.o	43da883f0ea638836738c8f63580a45345cbbec129264f127538e8e8c136d1c3
build/swiftpm/arm64-apple-macosx/release/SwiftParser-tool.build/RegexLiteralLexer.swift.o	f654f5bc081e00ca54368b4d3f90a863f1a747b36be04576be4401b72910e7c1
build/swiftpm/arm64-apple-macosx/release/SwiftParser-tool.build/Specifiers.swift.o	67af40fc4e3a685b2893b760ba4e817400e85d40435185de65f59072e5fb5a9b
build/swiftpm/arm64-apple-macosx/release/SwiftParser-tool.build/Statements.swift.o	c00cfca932442359591db98b0d2d09675fedb102797cf2c125b45ae8d7f12434
build/swiftpm/arm64-apple-macosx/release/SwiftParser-tool.build/StringLiteralRepresentedLiteralValue.swift.o	05ec7cf8db0b8f200407b72d27a15dfc706e36e6170b23012c261dfbde0b3cf2
build/swiftpm/arm64-apple-macosx/release/SwiftParser-tool.build/StringLiterals.swift.o	ea35dfb628ae4a1448b533cc5c47f8e351b052ee17cdb51c0abea1aa9109acdd
build/swiftpm/arm64-apple-macosx/release/SwiftParser-tool.build/SwiftParser.d	36d8db74f34cfa29c27badaa4495ec3d1ba76f8ca323100226ee35af874d493f
build/swiftpm/arm64-apple-macosx/release/SwiftParser-tool.build/SwiftParser.dia	2c72d5afff8cce441f2f8299a18215b0bf79605aa7eb05839e38f7949b46c0e2
build/swiftpm/arm64-apple-macosx/release/SwiftParser-tool.build/SwiftParserCompatibility.swift.o	84320bb46205dc23dd5929244b8ca546c1b3426daeaf83151fd154cba2cdf9d4
build/swiftpm/arm64-apple-macosx/release/SwiftParser-tool.build/SwiftVersion.swift.o	b2e4a28e1b547054b259ed20d6d00a353c38bc5a1e7d2d9abb27a7c11fc16fb7
build/swiftpm/arm64-apple-macosx/release/SwiftParser-tool.build/SyntaxUtils.swift.o	afd047bb3b65a6e32df5031877a9757877533d3f56cf4ca20e2b77105f893b76
build/swiftpm/arm64-apple-macosx/release/SwiftParser-tool.build/TokenConsumer.swift.o	1f9feac6d36252309b8f956b7712fc7683a5da5a4368a3ed97e8d9bdc3497639
build/swiftpm/arm64-apple-macosx/release/SwiftParser-tool.build/TokenPrecedence.swift.o	c66c96c0707b4b4436c3aba729e4dc435a9165ad555adf0b7d73c9fe49f322e3
build/swiftpm/arm64-apple-macosx/release/SwiftParser-tool.build/TokenSpec.swift.o	889a299b4006cb1e70b6c19c2aa38c25d268d4652c0bdb408fe6d7073c3df3fe
build/swiftpm/arm64-apple-macosx/release/SwiftParser-tool.build/TokenSpecSet.swift.o	7fb387f09ae2f0d6f409cdc26242bed842ddbd62b39325c05d4154ee81a8eed9
build/swiftpm/arm64-apple-macosx/release/SwiftParser-tool.build/TokenSpecStaticMembers.swift.o	40cdb76511a0aaca96a1083e3cd83b5cc0eab5d2022f415692d6779277805d5d
build/swiftpm/arm64-apple-macosx/release/SwiftParser-tool.build/TopLevel.swift.o	333be45ab9cdc8984fd291c8648dd95166bafdfe6965d39fec48c3fe60239f87
build/swiftpm/arm64-apple-macosx/release/SwiftParser-tool.build/TriviaParser.swift.o	fec882ea599edfd9d6691afec1bb2bbd8423e37dd861cc9226e5d2b6417090a8
build/swiftpm/arm64-apple-macosx/release/SwiftParser-tool.build/Types.swift.o	deb15ed4c11e3f53cb48888d026c349838b400529dc531f6e0bd66c49919c77f
build/swiftpm/arm64-apple-macosx/release/SwiftParser-tool.build/UnicodeScalarExtensions.swift.o	3ddc149b7ba52d3e5b883d48e915d4f2c509872fbe8f8d9035e172343866cf10
build/swiftpm/arm64-apple-macosx/release/SwiftParser-tool.build/include/SwiftParser-Swift.h	c6773798280ae2fe0cbdbc25226b500c555c16868342a7c2dfdd2a4bf482074c
build/swiftpm/arm64-apple-macosx/release/SwiftParser-tool.build/include/module.modulemap	303c1753e8e0c9c27bcf396fb7a2e270bdab3d95686636540f4f653e650a855a
build/swiftpm/arm64-apple-macosx/release/SwiftParser-tool.build/output-file-map.json	f84999f5e943f14bc27d688103dc8f9c6b1856207a81ea6b900f731121682b5b
build/swiftpm/arm64-apple-macosx/release/SwiftParser-tool.build/sources	86e5ec402469fe5ba86e48a3bb449d78a31094da4538cdacdbc8c3322442abbe
build/swiftpm/arm64-apple-macosx/release/SwiftParserDiagnostics-tool.build/ChildNameForDiagnostics.swift.o	6437625c488ccacc23c62f95a5bf328eea45f3de8d62db12158c63aea1356c5e
build/swiftpm/arm64-apple-macosx/release/SwiftParserDiagnostics-tool.build/DiagnosticExtensions.swift.o	74d9958e9fca417aa59b1984e93a787382dd9ebe12312bc4ba5de245e0f056b4
build/swiftpm/arm64-apple-macosx/release/SwiftParserDiagnostics-tool.build/LexerDiagnosticMessages.swift.o	d0b4346e6d2260e83e78fec04738db6943a428a12aa98f1c0423841f020c69b9
build/swiftpm/arm64-apple-macosx/release/SwiftParserDiagnostics-tool.build/MissingNodesError.swift.o	464448dee5300338f19f4267e67447eb27911660d81b92fe21db3324ce4002f8
build/swiftpm/arm64-apple-macosx/release/SwiftParserDiagnostics-tool.build/MissingTokenError.swift.o	6b7280adb266e7f270e12b63f2cb033daf2e8c965831738fb2d2d4763fd3fb43
build/swiftpm/arm64-apple-macosx/release/SwiftParserDiagnostics-tool.build/MultiLineStringLiteralDiagnosticsGenerator.swift.o	8dce5a1bd97bae71fb668e7e5015da05158e74627ac9c2849c6715d31d2dbf41
build/swiftpm/arm64-apple-macosx/release/SwiftParserDiagnostics-tool.build/ParseDiagnosticsGenerator.swift.o	ceaac9bd1ac98966d0f32b454c834e8f88d549f13a901cd03d778af117edeb1d
build/swiftpm/arm64-apple-macosx/release/SwiftParserDiagnostics-tool.build/ParserDiagnosticMessages.swift.o	dcfce2d6a3b1f6b0c6b36274f2a1fe9c8c2b1050413f4775b24f043d263ee719
build/swiftpm/arm64-apple-macosx/release/SwiftParserDiagnostics-tool.build/PresenceUtils.swift.o	c06a7e34ae421d1c1297ceed4142cfb1fe3e463b1badd8085c4f57cc1d094a0e
build/swiftpm/arm64-apple-macosx/release/SwiftParserDiagnostics-tool.build/SwiftParserDiagnostics.d	39446dd1446af23589e016071aa1ad041b5fe9085398568e6f16807750a2d2ef
build/swiftpm/arm64-apple-macosx/release/SwiftParserDiagnostics-tool.build/SwiftParserDiagnostics.dia	2c72d5afff8cce441f2f8299a18215b0bf79605aa7eb05839e38f7949b46c0e2
build/swiftpm/arm64-apple-macosx/release/SwiftParserDiagnostics-tool.build/SyntaxExtensions.swift.o	b05c83cf86000d1c452a2c50f5f4467dcb7b0205124b256167fc20657e8d69af
build/swiftpm/arm64-apple-macosx/release/SwiftParserDiagnostics-tool.build/SyntaxKindNameForDiagnostics.swift.o	98743dfa857fd42a86fb565add6130430021cb72e82b77ead6ec72e9a0f69834
build/swiftpm/arm64-apple-macosx/release/SwiftParserDiagnostics-tool.build/TokenNameForDiagnostics.swift.o	1d1311810f3355f6948461cd0aeb328f95949fe4a70f6c0b8847247b95e5519c
build/swiftpm/arm64-apple-macosx/release/SwiftParserDiagnostics-tool.build/Utils.swift.o	5da04a38cf5e7bff6e95736f380231d8d4b1da293f26416a7d8c8720203e0b35
build/swiftpm/arm64-apple-macosx/release/SwiftParserDiagnostics-tool.build/include/SwiftParserDiagnostics-Swift.h	d005dc305d6fa0d0f13893531d4bec47f179edd94eb30b2e6ac28ff73836a4f3
build/swiftpm/arm64-apple-macosx/release/SwiftParserDiagnostics-tool.build/include/module.modulemap	e77e7659d44e4e402fe4067b235735b0745d62e238d3cbd5335c8602f0f90ff9
build/swiftpm/arm64-apple-macosx/release/SwiftParserDiagnostics-tool.build/output-file-map.json	9b660c18a42df2419a0bcba9f79a2ad55d0661a4b62aaa1f7c66b96ae2d78934
build/swiftpm/arm64-apple-macosx/release/SwiftParserDiagnostics-tool.build/sources	be5916b23e3919404fcc551fa28348e1123de45be0fa3ba09962a8c4fc10d2e7
build/swiftpm/arm64-apple-macosx/release/SwiftSyntax-tool.build/AbsolutePosition.swift.o	b989b0aeef8a4675255ef397baf0900d5b56fbdd258728716350ead369d6001b
build/swiftpm/arm64-apple-macosx/release/SwiftSyntax-tool.build/AbsoluteSyntaxInfo.swift.o	61c19d3e8d25ed2c2880d0f804b367acb85693be559f523aee63613ce79764e5
build/swiftpm/arm64-apple-macosx/release/SwiftSyntax-tool.build/ArenaAllocatedBuffer.swift.o	695bc5b62ed2e849cd8ad3ea4dd98a62c2ffa2c81bfb30144a8ab078229f476e
build/swiftpm/arm64-apple-macosx/release/SwiftSyntax-tool.build/Assert.swift.o	66c94e79a88f11e4e72e5d40c1d89b82346eab7198afdca6600f4bea6af5323e
build/swiftpm/arm64-apple-macosx/release/SwiftSyntax-tool.build/BumpPtrAllocator.swift.o	fc272673a8271898cff8e48881bb7e61a5024be97f7f6443f85d53709d111d82
build/swiftpm/arm64-apple-macosx/release/SwiftSyntax-tool.build/ChildNameForKeyPath.swift.o	b84da10a529867f4e1a55c2a8c4c4986387c904dac12ccfecb672387536404a3
build/swiftpm/arm64-apple-macosx/release/SwiftSyntax-tool.build/CommonAncestor.swift.o	d0499c6b753e4a010e5b2e08de7146368d3bc0c7d7fd0688f895b198c9d6f660
build/swiftpm/arm64-apple-macosx/release/SwiftSyntax-tool.build/Convenience.swift.o	43e4e66046bde243a15286d42ea9b30fc5c6d2f53ba282d2a32c9759ddd4e2ee
build/swiftpm/arm64-apple-macosx/release/SwiftSyntax-tool.build/CustomTraits.swift.o	34a1ff640bcdc6e5ae5768332c5f9349303f48f54e22dbe26814ea98cb75c01c
build/swiftpm/arm64-apple-macosx/release/SwiftSyntax-tool.build/EditorPlaceholder.swift.o	febc7cc9166ec7fd28b81be0b5ad63250a15a8073ec930f3573dd47556101a16
build/swiftpm/arm64-apple-macosx/release/SwiftSyntax-tool.build/Identifier.swift.o	11dcfa2e771c7160b3620c835387bbf1251f8219fabc6bba66253fd33b6a62d7
build/swiftpm/arm64-apple-macosx/release/SwiftSyntax-tool.build/Keyword.swift.o	092e8335ef59b2620b0b4e0a0112db7a758dffb09d9215968ba7f82b36a397ad
build/swiftpm/arm64-apple-macosx/release/SwiftSyntax-tool.build/MemoryLayout.swift.o	182310ad19a57717303785e627e9fa2d9bf2e42f6f6472fe891202b8d14c19c6
build/swiftpm/arm64-apple-macosx/release/SwiftSyntax-tool.build/MissingNodeInitializers.swift.o	abc82402e385ee7f995675decef165687060cdfbe05e9a063d8fe97fad28eca9
build/swiftpm/arm64-apple-macosx/release/SwiftSyntax-tool.build/RawSyntax.swift.o	0d894684b3890174d142a07e7f6c58bc885c7f14a297571b520dbc3e6d456945
build/swiftpm/arm64-apple-macosx/release/SwiftSyntax-tool.build/RawSyntaxArena.swift.o	2534295a14a79c1cc421378b42078c3f18d30057650d980c183bc7ef3cefc6ed
build/swiftpm/arm64-apple-macosx/release/SwiftSyntax-tool.build/RawSyntaxLayoutView.swift.o	8b88ff211b5f6e41a6a31f5b39548b25134ef326c47479989dcbcc9ad7b07d5d
build/swiftpm/arm64-apple-macosx/release/SwiftSyntax-tool.build/RawSyntaxNodeProtocol.swift.o	845cd1c586b422bdfa88f5a703b3bab9043b247fcda4fda81e25e8354832d4a8
build/swiftpm/arm64-apple-macosx/release/SwiftSyntax-tool.build/RawSyntaxNodesAB.swift.o	47bf1152fb4b81a8685b52113bcd395b52c66af04bbea3937a4867e19d2c4498
build/swiftpm/arm64-apple-macosx/release/SwiftSyntax-tool.build/RawSyntaxNodesC.swift.o	9c365772a149a74e312adeac16012e77d0826164f59a0d4c843bbe9a92d37be8
build/swiftpm/arm64-apple-macosx/release/SwiftSyntax-tool.build/RawSyntaxNodesD.swift.o	dbd2ad1f338070963e295d443d1009745a26bc9074c8b947034e9092eefa2bc5
build/swiftpm/arm64-apple-macosx/release/SwiftSyntax-tool.build/RawSyntaxNodesEF.swift.o	6854f2f92f920f9f4c336e043ff944f82761d3ae8f27463a03a333fd16fcb47c
build/swiftpm/arm64-apple-macosx/release/SwiftSyntax-tool.build/RawSyntaxNodesGHI.swift.o	378a133c87539e4db2da3928b36d6909466d97563d53169d654c88a53d3fed1d
build/swiftpm/arm64-apple-macosx/release/SwiftSyntax-tool.build/RawSyntaxNodesJKLMN.swift.o	d26bf7f595b90de765f79b08e17d15ea2d4100154710ae3dcc2e058e2d966071
build/swiftpm/arm64-apple-macosx/release/SwiftSyntax-tool.build/RawSyntaxNodesOP.swift.o	1569c87852d3ad04d25fb4f44a36c9171b81f810eddb7bf3ada748f67173af1c
build/swiftpm/arm64-apple-macosx/release/SwiftSyntax-tool.build/RawSyntaxNodesQRS.swift.o	24d597fe34af0f4bfc892f853c952f119cea403859cacd50130fe81a55183335
build/swiftpm/arm64-apple-macosx/release/SwiftSyntax-tool.build/RawSyntaxNodesTUVWXYZ.swift.o	32727530572a8df8fb74a4ce81cb64bbf7d6798c5372f55988527e87a32ece8f
build/swiftpm/arm64-apple-macosx/release/SwiftSyntax-tool.build/RawSyntaxTokenView.swift.o	2160a8bd2e969ab25c3334155632759f6eca3ebde0b170ce31454cef7bddb1af
build/swiftpm/arm64-apple-macosx/release/SwiftSyntax-tool.build/RawSyntaxValidation.swift.o	0f3cfc3b642fdd7f522fb9c3965d96220bf469051dd32f7db1e03c1de6bae15f
build/swiftpm/arm64-apple-macosx/release/SwiftSyntax-tool.build/RenamedChildrenCompatibility.swift.o	c309bfa3726940903f2c0be5ad2f5cd43b4683f16f5411ecc1d03272c33cfb7f
build/swiftpm/arm64-apple-macosx/release/SwiftSyntax-tool.build/RenamedNodesCompatibility.swift.o	a72f745f84ae5a575e4e3798574dc3996e046a8e9f1698fb80e1903c72a5a728
build/swiftpm/arm64-apple-macosx/release/SwiftSyntax-tool.build/SourceEdit.swift.o	2eb7311b425a479425d2026cc61404a66f10978858aa1bbc172b5a876dceae85
build/swiftpm/arm64-apple-macosx/release/SwiftSyntax-tool.build/SourceLength.swift.o	f45b127e0bcf551eb67e17f08f7368f328e59cc38deb4a48d13ccb9577a89441
build/swiftpm/arm64-apple-macosx/release/SwiftSyntax-tool.build/SourceLocation.swift.o	87f5dcc2f2fdb5821e9cc90af8c31b8376f6149622cd6ccc66ce2e6a9f8f633f
build/swiftpm/arm64-apple-macosx/release/SwiftSyntax-tool.build/SourcePresence.swift.o	bce9b318f89d88597df1d6455d17dd5a92ba13591d3c65a22ec5554e83f74d9c
build/swiftpm/arm64-apple-macosx/release/SwiftSyntax-tool.build/SwiftSyntax.d	64c3c7db1e4e102e7701a0c8760e57b4de7f9ee2eeb0720a59a4a1698c8c79ee
build/swiftpm/arm64-apple-macosx/release/SwiftSyntax-tool.build/SwiftSyntax.dia	2c72d5afff8cce441f2f8299a18215b0bf79605aa7eb05839e38f7949b46c0e2
build/swiftpm/arm64-apple-macosx/release/SwiftSyntax-tool.build/SwiftSyntaxCompatibility.swift.o	2d3f5c237c1977bb1b9a07bd8091079c6e1d036097289cfe4f753ed83ae068f2
build/swiftpm/arm64-apple-macosx/release/SwiftSyntax-tool.build/Syntax.swift.o	3718fce4840ed911c6ebd4bfaa247b89bf5ce49ee82413466830b15fb655ff62
build/swiftpm/arm64-apple-macosx/release/SwiftSyntax-tool.build/SyntaxAnyVisitor.swift.o	4de55cf7537561ac2ac98df0cb983e128fbfcf14aaa059687187f2699b85efd4
build/swiftpm/arm64-apple-macosx/release/SwiftSyntax-tool.build/SyntaxBaseNodes.swift.o	0a946d514feec3c816480233030fa14a8590986bf47b99dfcb4b85b86a55b209
build/swiftpm/arm64-apple-macosx/release/SwiftSyntax-tool.build/SyntaxChildren.swift.o	0ddd684fcaa1389e4ec792dfe4c2a8441152cd793c541ee2186d3d38958bec71
build/swiftpm/arm64-apple-macosx/release/SwiftSyntax-tool.build/SyntaxCollection.swift.o	0b5c292ef2c33c6694b591c6c48af1d17c459019cf0bb0de5b85c96cbfbc6591
build/swiftpm/arm64-apple-macosx/release/SwiftSyntax-tool.build/SyntaxCollections.swift.o	e29462585cc6db11210c5627c76a4a199d552c9a25e562b1682a43171d97ff8e
build/swiftpm/arm64-apple-macosx/release/SwiftSyntax-tool.build/SyntaxEnum.swift.o	783adcd6ba18ad40f943def9abfaa2a3b90df96129341b58246b45c1fabfd9f7
build/swiftpm/arm64-apple-macosx/release/SwiftSyntax-tool.build/SyntaxHashable.swift.o	4c12cf43805131fb3b9971718a62f001958913597a1ea77fc4982856aa834461
build/swiftpm/arm64-apple-macosx/release/SwiftSyntax-tool.build/SyntaxIdentifier.swift.o	909dd85ef42f8476c785e7b40a487980be2fb993de59c1a23902846818b13838
build/swiftpm/arm64-apple-macosx/release/SwiftSyntax-tool.build/SyntaxKind.swift.o	0b16e7a77a42e4f00858ce5e98fd75bb672c1379b0b92dc9221c83f8bb9eb31f
build/swiftpm/arm64-apple-macosx/release/SwiftSyntax-tool.build/SyntaxNodeStructure.swift.o	24ab60e02e8c4b34afbd00a5ce05c17ee377aeb184b50fe57a97e05257086dad
build/swiftpm/arm64-apple-macosx/release/SwiftSyntax-tool.build/SyntaxNodesAB.swift.o	d9a3a8a1dd27272a58dfa306e477df09eb44d0a9bd7d2cdf6a19567172d80f39
build/swiftpm/arm64-apple-macosx/release/SwiftSyntax-tool.build/SyntaxNodesC.swift.o	276280bd73c5c3db500608fa37f5e4192dcea13cfdb4ded49119c92de5743c13
build/swiftpm/arm64-apple-macosx/release/SwiftSyntax-tool.build/SyntaxNodesD.swift.o	d2b48e8bfb890b646dc008750d3df78e6d5823feb9feb46164c80f0ddca77170
build/swiftpm/arm64-apple-macosx/release/SwiftSyntax-tool.build/SyntaxNodesEF.swift.o	dba20768bf784463d739ff29985895eb0eff78387030b7f32362fe593690fa8b
build/swiftpm/arm64-apple-macosx/release/SwiftSyntax-tool.build/SyntaxNodesGHI.swift.o	0fd21ce8092655b0ebd9929b509d793d54c537f0ebd658ddebfa2379cdaace28
build/swiftpm/arm64-apple-macosx/release/SwiftSyntax-tool.build/SyntaxNodesJKLMN.swift.o	68c7d57c91b14890f3b18d8c71fc7a1c22c0d83d2747137c5ef67650bf59a80a
build/swiftpm/arm64-apple-macosx/release/SwiftSyntax-tool.build/SyntaxNodesOP.swift.o	42d5375f9a70a909cdff96c348bd18868e282b9484621f131a0b704dd4373e86
build/swiftpm/arm64-apple-macosx/release/SwiftSyntax-tool.build/SyntaxNodesQRS.swift.o	925e21870247b3d99e0a2a2c2ba090633147aa807cd44ea52e31d1c58cc32d0f
build/swiftpm/arm64-apple-macosx/release/SwiftSyntax-tool.build/SyntaxNodesTUVWXYZ.swift.o	18e60d332a5157a0dd5a5c2aadb2634107fd414f7a68016da0169ae50ecb4fec
build/swiftpm/arm64-apple-macosx/release/SwiftSyntax-tool.build/SyntaxProtocol.swift.o	12da63e965ce12c0a04c0742b21007fa9646e4cc53148b52a912c971194fed54
build/swiftpm/arm64-apple-macosx/release/SwiftSyntax-tool.build/SyntaxRewriter.swift.o	0af7b4adedc9aa5a6df22ac8a7e714f9a5177c31b22c68bfca23f72c112580db
build/swiftpm/arm64-apple-macosx/release/SwiftSyntax-tool.build/SyntaxText.swift.o	5b2338a355cd64bf2c7be97b43b3130452a272236797d7e15bb843f1ef96bcd2
build/swiftpm/arm64-apple-macosx/release/SwiftSyntax-tool.build/SyntaxTraits.swift.o	36bad822888ae0ce5212223cac85f1f1b73ee058dd2db1dab61a76963d6bdd4a
build/swiftpm/arm64-apple-macosx/release/SwiftSyntax-tool.build/SyntaxTreeViewMode.swift.o	24554675d18cab357deae3f1087a1f15fd1dd04ca9b540b6db62f1dfedbbeffa
build/swiftpm/arm64-apple-macosx/release/SwiftSyntax-tool.build/SyntaxVisitor.swift.o	cb176b4ba4b412a13f06c897a85774d491e6de54a95782bae01f29128867e63c
build/swiftpm/arm64-apple-macosx/release/SwiftSyntax-tool.build/TokenDiagnostic.swift.o	b5e6eb77a741339ee5f7be845b50809ec0473dda48dd03754560c96746d50638
build/swiftpm/arm64-apple-macosx/release/SwiftSyntax-tool.build/TokenKind.swift.o	7629118c836fc38f2e004c1e845cc75e61708928141f8a6ec36ba97d3bdbf41c
build/swiftpm/arm64-apple-macosx/release/SwiftSyntax-tool.build/TokenSequence.swift.o	6e3731aa380093444ba4562ffd2056e547b2e775eb92d65eb61c85216e837d87
build/swiftpm/arm64-apple-macosx/release/SwiftSyntax-tool.build/TokenSyntax.swift.o	6d9f4edb70e24230c350ae14145d848a00a788c6ebb690d47280b74d4b301b32
build/swiftpm/arm64-apple-macosx/release/SwiftSyntax-tool.build/Tokens.swift.o	e4988e7609f7035d26e572a7549de301d570021aeef3f6082785abfbcbf33f9f
build/swiftpm/arm64-apple-macosx/release/SwiftSyntax-tool.build/Trivia.swift.o	5e366ea54be63d3a70109550620371b2749eca2d05ad5ee70a452ae9091afabd
build/swiftpm/arm64-apple-macosx/release/SwiftSyntax-tool.build/TriviaPieces.swift.o	4f2dd69ebffa960e562e3b03c828c4e22bd7618bd8fd5ba5ed0fbc5ac7015715
build/swiftpm/arm64-apple-macosx/release/SwiftSyntax-tool.build/Utils.swift.o	76d7c5e72cf248af0560cd0987503231ed1a4ab23872bb6afc54a3478188e8f4
build/swiftpm/arm64-apple-macosx/release/SwiftSyntax-tool.build/include/SwiftSyntax-Swift.h	741552fea62f3e49875ace0e928d8fb5d352f03939252260940453c3ba1c0e79
build/swiftpm/arm64-apple-macosx/release/SwiftSyntax-tool.build/include/module.modulemap	eaedeb914ad3a71048032ca4703f88c69efa44700ed206da13a701266efbdc29
build/swiftpm/arm64-apple-macosx/release/SwiftSyntax-tool.build/output-file-map.json	43c163d0d5669fc908b4fdbb6c081acf91ca857b771f2c809dd63d0c5689e600
build/swiftpm/arm64-apple-macosx/release/SwiftSyntax-tool.build/sources	b654d3d1f75e3eea1e77a615f7f3ab53728b5ecd845503d9aea1d4c6ec2083db
build/swiftpm/arm64-apple-macosx/release/SwiftSyntax509-tool.build/Empty.swift.o	1fee8db498a6f1e3921529c83cdc23592f141dbd9b4e5f56369e197ee369634f
build/swiftpm/arm64-apple-macosx/release/SwiftSyntax509-tool.build/SwiftSyntax509.d	8dbc138d65b484b14f1f582d945941f752206eaa3b33278d332867b0af9d6bba
build/swiftpm/arm64-apple-macosx/release/SwiftSyntax509-tool.build/SwiftSyntax509.dia	2c72d5afff8cce441f2f8299a18215b0bf79605aa7eb05839e38f7949b46c0e2
build/swiftpm/arm64-apple-macosx/release/SwiftSyntax509-tool.build/include/SwiftSyntax509-Swift.h	eb3de6e540629488f1a5b7e3cedb802c1f03aba94f85ef19aa292343c9fbf136
build/swiftpm/arm64-apple-macosx/release/SwiftSyntax509-tool.build/include/module.modulemap	5b0ec70966cb8c90c3b0521dd4cc23d11d67ba8ac9cdfa79a0843d502e15273b
build/swiftpm/arm64-apple-macosx/release/SwiftSyntax509-tool.build/output-file-map.json	8f7792c7c75b3da89e97e724cf156366eae6b96066f5771af7e0c2ccd01fc57f
build/swiftpm/arm64-apple-macosx/release/SwiftSyntax509-tool.build/sources	f7f328695c38af266c12f8e8451d7835a392a5ce67f7685be2583e7ec40ed2ef
build/swiftpm/arm64-apple-macosx/release/SwiftSyntax510-tool.build/Empty.swift.o	c181d758c7272b7ba33744b4a8b915c4d7d61ea72350f448325af5932ec58bb6
build/swiftpm/arm64-apple-macosx/release/SwiftSyntax510-tool.build/SwiftSyntax510.d	d72d72f69d01c7fb29e0b794efd03e012627a715188a1c062f30a4c9990233d2
build/swiftpm/arm64-apple-macosx/release/SwiftSyntax510-tool.build/SwiftSyntax510.dia	2c72d5afff8cce441f2f8299a18215b0bf79605aa7eb05839e38f7949b46c0e2
build/swiftpm/arm64-apple-macosx/release/SwiftSyntax510-tool.build/include/SwiftSyntax510-Swift.h	f37443c1e1cc128b438488e4989701594d462d174b0b07516981237cddeeb9f5
build/swiftpm/arm64-apple-macosx/release/SwiftSyntax510-tool.build/include/module.modulemap	71cc974a9de6c20b840fecd2dc55c736737939d0f32749280471470c74c7a031
build/swiftpm/arm64-apple-macosx/release/SwiftSyntax510-tool.build/output-file-map.json	3da22b1db24aa7df38dec3afc75e882770112061830d2822dbe0e18c915ae5cf
build/swiftpm/arm64-apple-macosx/release/SwiftSyntax510-tool.build/sources	95a2a9962683a19d51f12ca447b34cfb90616765c9fa1049931dc4c8ccbc5335
build/swiftpm/arm64-apple-macosx/release/SwiftSyntax600-tool.build/Empty.swift.o	678b150f90b076cd0d50ecf985e5ca14ac0a1c0bd130cbbb767f3d1a14ed5277
build/swiftpm/arm64-apple-macosx/release/SwiftSyntax600-tool.build/SwiftSyntax600.d	b9f4a69d45f78a82d6478f1ca3d26b7fe60e46c3779971f33e97deff4197a424
build/swiftpm/arm64-apple-macosx/release/SwiftSyntax600-tool.build/SwiftSyntax600.dia	2c72d5afff8cce441f2f8299a18215b0bf79605aa7eb05839e38f7949b46c0e2
build/swiftpm/arm64-apple-macosx/release/SwiftSyntax600-tool.build/include/SwiftSyntax600-Swift.h	c3f172dc825f3fcf995dd68b5bf58a8bbdfc727ec827a6c09ea2d81a6044e10a
build/swiftpm/arm64-apple-macosx/release/SwiftSyntax600-tool.build/include/module.modulemap	d1186c9e09bd08a2cedabe440a85f34447cd33310dc18d55cc2c96990e7f6ea7
build/swiftpm/arm64-apple-macosx/release/SwiftSyntax600-tool.build/output-file-map.json	7c8fe60120d912ce069cb2e5f97e80c09782854c9566c2dc219629b456ab705a
build/swiftpm/arm64-apple-macosx/release/SwiftSyntax600-tool.build/sources	3ff187fab48c8a8fa39ab8282ec57eeac15731f5b65aa079e3a911f71e696c6e
build/swiftpm/arm64-apple-macosx/release/SwiftSyntax601-tool.build/Empty.swift.o	193e5ad0975701899e5cb7d0b10599da6f2f0f4a6fb01c2c8bc1cf251f61bf0e
build/swiftpm/arm64-apple-macosx/release/SwiftSyntax601-tool.build/SwiftSyntax601.d	8a5aeb51f135f7117a16bb9ac7d08f0d7dda9f5fcfb93e09a751d831da357213
build/swiftpm/arm64-apple-macosx/release/SwiftSyntax601-tool.build/SwiftSyntax601.dia	2c72d5afff8cce441f2f8299a18215b0bf79605aa7eb05839e38f7949b46c0e2
build/swiftpm/arm64-apple-macosx/release/SwiftSyntax601-tool.build/include/SwiftSyntax601-Swift.h	6dac6a52666d61d7904d3ef01a75fe732c5f07339bb392c0ab1b1be5adfba735
build/swiftpm/arm64-apple-macosx/release/SwiftSyntax601-tool.build/include/module.modulemap	dc35e456689136da3dd044ebba97e02db9fa6ca345d651760f7c3eae748fc909
build/swiftpm/arm64-apple-macosx/release/SwiftSyntax601-tool.build/output-file-map.json	abde7ec3c35631e4d515a76ba716770ec3d1b657287e03c265cf4b9a7ee99428
build/swiftpm/arm64-apple-macosx/release/SwiftSyntax601-tool.build/sources	c441f4dae05d20218aef63bb981469a9492f9852c1ee0834afc141b5afa4a66b
build/swiftpm/arm64-apple-macosx/release/SwiftSyntax602-tool.build/Empty.swift.o	9112cf95ad3be96c0e1e9b9edc79707dd091e883212134bf85223fe7949a0e26
build/swiftpm/arm64-apple-macosx/release/SwiftSyntax602-tool.build/SwiftSyntax602.d	802b2e8000cdbb887281fcb6b737a2552d967fb0ae306e36d21c7910c00d8f56
build/swiftpm/arm64-apple-macosx/release/SwiftSyntax602-tool.build/SwiftSyntax602.dia	2c72d5afff8cce441f2f8299a18215b0bf79605aa7eb05839e38f7949b46c0e2
build/swiftpm/arm64-apple-macosx/release/SwiftSyntax602-tool.build/include/SwiftSyntax602-Swift.h	a018e69df2fbb099de261e1050933a102ed6373cce60c7836475b68fd34d39b9
build/swiftpm/arm64-apple-macosx/release/SwiftSyntax602-tool.build/include/module.modulemap	54292494522e68fe89960d426dbab640e43021c116d0b8f8f4f15a9e5da9bb6f
build/swiftpm/arm64-apple-macosx/release/SwiftSyntax602-tool.build/output-file-map.json	a3e05f5ea62eca55b82aded108ab1bed82128b6a82096839091ae124aa6512ee
build/swiftpm/arm64-apple-macosx/release/SwiftSyntax602-tool.build/sources	de659af4f2d54e1044f86042801f49f438cc400f24617d48685114c304f058d0
build/swiftpm/arm64-apple-macosx/release/SwiftSyntax603-tool.build/Empty.swift.o	90717c0461be98439bafecf5aad61b92e8cb9cbb2ab70234d1b1231fc1a7ad41
build/swiftpm/arm64-apple-macosx/release/SwiftSyntax603-tool.build/SwiftSyntax603.d	1c2453159d7162d87f0505126708b40cd9858d50a9626a0bdc8d456c5dc3fdd2
build/swiftpm/arm64-apple-macosx/release/SwiftSyntax603-tool.build/SwiftSyntax603.dia	2c72d5afff8cce441f2f8299a18215b0bf79605aa7eb05839e38f7949b46c0e2
build/swiftpm/arm64-apple-macosx/release/SwiftSyntax603-tool.build/include/SwiftSyntax603-Swift.h	92c8dc0d38ea6db7851bc645e179226d5cfcd29fd82fdb5782ec3ef36115e449
build/swiftpm/arm64-apple-macosx/release/SwiftSyntax603-tool.build/include/module.modulemap	99ec0807c3087d9bd879f21be479591a1487ecd2fa699412bc39550c07d885ef
build/swiftpm/arm64-apple-macosx/release/SwiftSyntax603-tool.build/output-file-map.json	9b7ad69560b23731c8888dbabb6bd728fa4935bd772458e685bcdab8dcac71f9
build/swiftpm/arm64-apple-macosx/release/SwiftSyntax603-tool.build/sources	82b1a455cf080b03f9bce7c05cb7ed02c269da7890c093558b1c3aff866c95d2
build/swiftpm/arm64-apple-macosx/release/SwiftSyntaxBuilder-tool.build/BuildableNodes.swift.o	113d9ce06a674d57b8e4cc29f5db4e189d59497fd446c24120a28edbaab5fa30
build/swiftpm/arm64-apple-macosx/release/SwiftSyntaxBuilder-tool.build/ConvenienceInitializers.swift.o	81d8770f29d5ccb83ee712a81e3e52ff4b69ac57caca114adac3b663b0e388b0
build/swiftpm/arm64-apple-macosx/release/SwiftSyntaxBuilder-tool.build/DeclSyntaxParseable.swift.o	a66978419a13747ec6afa853b7019dc2c3a3996f8b0a62fae0f219d9593a031d
build/swiftpm/arm64-apple-macosx/release/SwiftSyntaxBuilder-tool.build/Indenter.swift.o	b5ba4fabc1d97ace96f274ff6847ddac66e5640b23d0f70a450924330b844e64
build/swiftpm/arm64-apple-macosx/release/SwiftSyntaxBuilder-tool.build/ListBuilder.swift.o	949235be1fc4c8f558e4d883fb95fae4f41b8b9557f52d3546fd6e60dede4fd2
build/swiftpm/arm64-apple-macosx/release/SwiftSyntaxBuilder-tool.build/RenamedChildrenBuilderCompatibility.swift.o	ecda00f39691fb64797e687c34e5aca10b883b9f3d609738352187dabb89dcd6
build/swiftpm/arm64-apple-macosx/release/SwiftSyntaxBuilder-tool.build/ResultBuilderExtensions.swift.o	0e8783304336f78c5a005a1f99697ead239c86328b968b83f35eb45735bd00e6
build/swiftpm/arm64-apple-macosx/release/SwiftSyntaxBuilder-tool.build/ResultBuilders.swift.o	a34bff81125245d4c2f948f1ec80954a8c251dad5810bbedbc9a7d498c119021
build/swiftpm/arm64-apple-macosx/release/SwiftSyntaxBuilder-tool.build/SwiftSyntaxBuilder.d	905e5e9fac0160f450103f1e5fe5cbe119721c9cbd6bb9cd8d4058a21d70ed27
build/swiftpm/arm64-apple-macosx/release/SwiftSyntaxBuilder-tool.build/SwiftSyntaxBuilder.dia	2c72d5afff8cce441f2f8299a18215b0bf79605aa7eb05839e38f7949b46c0e2
build/swiftpm/arm64-apple-macosx/release/SwiftSyntaxBuilder-tool.build/SwiftSyntaxBuilderCompatibility.swift.o	e1d7532b0e22ae73fbedae90871ae4d34ce1d09a0868731284cb395dd4c7df1a
build/swiftpm/arm64-apple-macosx/release/SwiftSyntaxBuilder-tool.build/Syntax+StringInterpolation.swift.o	16f572b1dad43f3c5cb82ee1b150a5eb98a7d81910b462ec6fe37a4a79bb1c41
build/swiftpm/arm64-apple-macosx/release/SwiftSyntaxBuilder-tool.build/SyntaxExpressibleByStringInterpolationConformances.swift.o	4ec1b646cb97bcef226a19effdd1896a809605dcfac134725b84727da6b128f5
build/swiftpm/arm64-apple-macosx/release/SwiftSyntaxBuilder-tool.build/SyntaxNodeWithBody.swift.o	58fed29cf00bd666b80cf81e3a081c95876f61c5d804a490feb73fcdb6055c3b
build/swiftpm/arm64-apple-macosx/release/SwiftSyntaxBuilder-tool.build/SyntaxParsable+ExpressibleByStringInterpolation.swift.o	aba9b465cbf460262f04760e2768ec7a821908ac4178e0f2a2ef055b7536c201
build/swiftpm/arm64-apple-macosx/release/SwiftSyntaxBuilder-tool.build/ValidatingSyntaxNodes.swift.o	cc6a6475ff2e0ecb53e0f8b68aafbba4b37698cb12924902a9ec52bab0cedd5e
build/swiftpm/arm64-apple-macosx/release/SwiftSyntaxBuilder-tool.build/WithTrailingCommaSyntax+EnsuringTrailingComma.swift.o	07b5b2e0515994bbde0ce9384079c471eb1b8a6355817f0ea69e76932330f048
build/swiftpm/arm64-apple-macosx/release/SwiftSyntaxBuilder-tool.build/include/SwiftSyntaxBuilder-Swift.h	b70afc4c69f67b20de24ae76bf6269688f6fabd1ca8c7d43e5062354ada9567f
build/swiftpm/arm64-apple-macosx/release/SwiftSyntaxBuilder-tool.build/include/module.modulemap	fb7704880ea3fef5c3849cbdaad303640a80cf4e63036ce2e33095488ac5c2fb
build/swiftpm/arm64-apple-macosx/release/SwiftSyntaxBuilder-tool.build/output-file-map.json	d5627721a39391dd135a3e9c69918e4ee9c519df7aff9285f5335eae6f1c4285
build/swiftpm/arm64-apple-macosx/release/SwiftSyntaxBuilder-tool.build/sources	a6426d116fcc5f994ec9b39ac57a25967dab9d168ad741fcf4313ac7002711ca
build/swiftpm/arm64-apple-macosx/release/SwiftSyntaxMacroExpansion-tool.build/BasicMacroExpansionContext.swift.o	372c6d7996f341b934e25a6e00c30c029922b668902fa52f3114b9ee07aa9d8b
build/swiftpm/arm64-apple-macosx/release/SwiftSyntaxMacroExpansion-tool.build/FunctionParameterUtils.swift.o	bdca01f469cab4c0501d140d427f10f96f2c35ef19116f7e47e08fd62a5d4d2e
build/swiftpm/arm64-apple-macosx/release/SwiftSyntaxMacroExpansion-tool.build/IndentationUtils.swift.o	7a8c862b35aa7baa9ea177d2d93aa445b660a29334ee2128c12b2f696ded271e
build/swiftpm/arm64-apple-macosx/release/SwiftSyntaxMacroExpansion-tool.build/MacroArgument.swift.o	3bcfcdd262fb5bb445ed2dcd7d608b02818cfa29c54313057576f9a40854f1a2
build/swiftpm/arm64-apple-macosx/release/SwiftSyntaxMacroExpansion-tool.build/MacroExpansion.swift.o	0a783271e4c0c5be22387923c7f89e00871fd7c467aed93af9e5a533b8bb2b49
build/swiftpm/arm64-apple-macosx/release/SwiftSyntaxMacroExpansion-tool.build/MacroExpansionDiagnosticMessages.swift.o	3c86b83b974c9e08ff46207a6c8bc1333f35d9e0f3b5b4fd8e7fbb2e858bcff6
build/swiftpm/arm64-apple-macosx/release/SwiftSyntaxMacroExpansion-tool.build/MacroReplacement.swift.o	26e91f22423e148ef805c075ddf8cd5d1e68703b44b5109a97a0afea66b19031
build/swiftpm/arm64-apple-macosx/release/SwiftSyntaxMacroExpansion-tool.build/MacroSpec.swift.o	bd501885370f6ab7ce2e1f65149a17b9af63652f79b246a9ba4949da180cac70
build/swiftpm/arm64-apple-macosx/release/SwiftSyntaxMacroExpansion-tool.build/MacroSystem.swift.o	bd1f0539350737e0879308d2535e8b0b26f0b5cd19315c396bd05aab36c8e339
build/swiftpm/arm64-apple-macosx/release/SwiftSyntaxMacroExpansion-tool.build/SwiftSyntaxMacroExpansion.d	8393bf21fb0ff01530592fdbdc49c801cd49d9744e690169e032eb947cb3a801
build/swiftpm/arm64-apple-macosx/release/SwiftSyntaxMacroExpansion-tool.build/SwiftSyntaxMacroExpansion.dia	2c72d5afff8cce441f2f8299a18215b0bf79605aa7eb05839e38f7949b46c0e2
build/swiftpm/arm64-apple-macosx/release/SwiftSyntaxMacroExpansion-tool.build/include/SwiftSyntaxMacroExpansion-Swift.h	099ffdc783ed96b125d7571011e57eeca4fd322d4aa789e6b1a09c2e4de6f4ad
build/swiftpm/arm64-apple-macosx/release/SwiftSyntaxMacroExpansion-tool.build/include/module.modulemap	28fea63f221d981a541aebd9eaaea57fbe9fad8f1db3c11dc840f70cf3601def
build/swiftpm/arm64-apple-macosx/release/SwiftSyntaxMacroExpansion-tool.build/output-file-map.json	e8728fad891daf9a979fbbe733a3c16d900688185e734458c080a58d6f205ad2
build/swiftpm/arm64-apple-macosx/release/SwiftSyntaxMacroExpansion-tool.build/sources	569617ed252cecfb621e12f3f85ff15705018c47129a0dd223d0132176f4f3b4
build/swiftpm/arm64-apple-macosx/release/SwiftSyntaxMacros-tool.build/AbstractSourceLocation.swift.o	e924627e72e6d920716025c974e5445be17a583773ccc7ba143686c7528cfe9e
build/swiftpm/arm64-apple-macosx/release/SwiftSyntaxMacros-tool.build/AccessorMacro.swift.o	f33eb08c56272051ba0ceac626643af83c410d29b30e681323fb18d11d3ba8d6
build/swiftpm/arm64-apple-macosx/release/SwiftSyntaxMacros-tool.build/AttachedMacro.swift.o	29bc6ad3abcf46d32efb859b0c56f208e4e2500af0f2c190064610e83c0e3d94
build/swiftpm/arm64-apple-macosx/release/SwiftSyntaxMacros-tool.build/BodyMacro.swift.o	7894f26782fd3daed35c723218d1e901a58a9cf5560a01d16f173211395ad1c0
build/swiftpm/arm64-apple-macosx/release/SwiftSyntaxMacros-tool.build/CodeItemMacro.swift.o	91b55c98266fd28418b587102ce2dee21f1fcb82360bb01afeb36ef181bdd8cb
build/swiftpm/arm64-apple-macosx/release/SwiftSyntaxMacros-tool.build/DeclarationMacro.swift.o	80ac7d2ca785d3e5527a2a7032b952e5a368b43def9d7510d6f86da98b080837
build/swiftpm/arm64-apple-macosx/release/SwiftSyntaxMacros-tool.build/ExpressionMacro.swift.o	71ef1c7e7fe0140d386fddf9fec2ae9205feb2d10c5e203379af38b39815137d
build/swiftpm/arm64-apple-macosx/release/SwiftSyntaxMacros-tool.build/ExtensionMacro.swift.o	4eae60713c325fb104f274e2f45f3535dc0028d1cd587619b6d503e27df29f89
build/swiftpm/arm64-apple-macosx/release/SwiftSyntaxMacros-tool.build/FreestandingMacro.swift.o	ba104953596356b680b4a2c4858be5b13c5a82e7da9db73a8f123b9f85a61ea1
build/swiftpm/arm64-apple-macosx/release/SwiftSyntaxMacros-tool.build/Macro+Format.swift.o	77dee4bb503d6e923d532f76532913e231f46809f63045fbebb45901f2fc09b8
build/swiftpm/arm64-apple-macosx/release/SwiftSyntaxMacros-tool.build/Macro.swift.o	e740707e500a07d22a44f37ca48da710b1abc3e442f84a6551b1b78a1dd10dd1
build/swiftpm/arm64-apple-macosx/release/SwiftSyntaxMacros-tool.build/MacroExpansionContext.swift.o	7c4c74f5f8f0f3750301a3f57c483d39729bf772d25ba572548e8b5b34a0e09b
build/swiftpm/arm64-apple-macosx/release/SwiftSyntaxMacros-tool.build/MacroExpansionDiagnosticMessages.swift.o	19993874f26a0e60651feaf8067807cd83cd0fc2bc2be7b361c2de89c1f6de19
build/swiftpm/arm64-apple-macosx/release/SwiftSyntaxMacros-tool.build/MemberAttributeMacro.swift.o	821639a8d4be093ba881bc8081f837bef5cedceb9c050187cf2cd9d58839bd9d
build/swiftpm/arm64-apple-macosx/release/SwiftSyntaxMacros-tool.build/MemberMacro.swift.o	9a0dc3fc7b10e07096befdcc7cb0fd3dd34757ffa5054b6cf075e3c3e312c9e0
build/swiftpm/arm64-apple-macosx/release/SwiftSyntaxMacros-tool.build/PeerMacro.swift.o	dd77dc966b9374837ff85216773c99c59a2fddeab69a621ea23f1eb1fab24914
build/swiftpm/arm64-apple-macosx/release/SwiftSyntaxMacros-tool.build/PreambleMacro.swift.o	5a8aadb6673416c04372a199d53e8fa4cd40c467383f984049d188676a4edbc6
build/swiftpm/arm64-apple-macosx/release/SwiftSyntaxMacros-tool.build/SwiftSyntaxMacros.d	3e73b031669f9f044d78f0e0879047dba6f8ae83f32895c63a264fcecf456c8a
build/swiftpm/arm64-apple-macosx/release/SwiftSyntaxMacros-tool.build/SwiftSyntaxMacros.dia	2c72d5afff8cce441f2f8299a18215b0bf79605aa7eb05839e38f7949b46c0e2
build/swiftpm/arm64-apple-macosx/release/SwiftSyntaxMacros-tool.build/Syntax+LexicalContext.swift.o	78938f83293f9b573cd00ea8fcb89fc72bb6fe0f36de287649bd48aba5c84150
build/swiftpm/arm64-apple-macosx/release/SwiftSyntaxMacros-tool.build/include/SwiftSyntaxMacros-Swift.h	cbc14d095aabebae3b6473ca07a65960f6a585ced7fe7b6fea78763150a52dba
build/swiftpm/arm64-apple-macosx/release/SwiftSyntaxMacros-tool.build/include/module.modulemap	7cdc538db1a6d6a98c5952c9c2abdeb1681ee9ac4fe6f81a7e05d37a9e7a19c3
build/swiftpm/arm64-apple-macosx/release/SwiftSyntaxMacros-tool.build/output-file-map.json	20f3984f86e8f01aca8b9aef0ea21c6714ae5a91b6f7c5c1968759be3cc1cfaf
build/swiftpm/arm64-apple-macosx/release/SwiftSyntaxMacros-tool.build/sources	7187336ae2b29ca6641e9e62456bf3f17a3ff18907f139c01b6df7f34d27943b
build/swiftpm/arm64-apple-macosx/release/SwiftSyntaxMacrosGenericTestSupport-tool.build/include/module.modulemap	07a2fd2719427a3895d7be6ee82ac450cf29450729dd5d494d48b92df1d5d129
build/swiftpm/arm64-apple-macosx/release/SwiftSyntaxMacrosGenericTestSupport-tool.build/output-file-map.json	7913d13ff9571033c623816fb474f4b13f02c0e2bdc032232e711d53da4cff4f
build/swiftpm/arm64-apple-macosx/release/SwiftSyntaxMacrosTestSupport-tool.build/include/module.modulemap	bd9f1364d42e8714c6d6863ae66565e83b31f91c9629716ac5d04c9f4f0d9fba
build/swiftpm/arm64-apple-macosx/release/SwiftSyntaxMacrosTestSupport-tool.build/output-file-map.json	570053dd18debd333b49da26b5ae7842967473cbd74ec1015d16d5fa20db3b08
build/swiftpm/arm64-apple-macosx/release/_SwiftSyntaxCShims-tool.build/PlatformMutex.c.d	99dcbb8cf1c1dd7afee509862a66d89744fd32aff43f7f226224fb2bd8ecf801
build/swiftpm/arm64-apple-macosx/release/_SwiftSyntaxCShims-tool.build/PlatformMutex.c.o	0681828be60136d670663929829a497b9e0ad18809648f25a36eb9013b73f74d
build/swiftpm/arm64-apple-macosx/release/_SwiftSyntaxGenericTestSupport-tool.build/include/module.modulemap	601967bdb639c7a1bc16b3328d1ec06345b59431d7bad4366b09e0d276332b18
build/swiftpm/arm64-apple-macosx/release/_SwiftSyntaxGenericTestSupport-tool.build/output-file-map.json	69cbde05d9cb991333f7c29609bcba199e47f8aff013c03e072ac461d69212ab
build/swiftpm/arm64-apple-macosx/release/plugin-tools-description.json	a3c6780c49e9ae59eae8ebe48f04ecd96488638bad13ede025833ca803accb59
build/swiftpm/armv6-unknown-linux-gnueabihf/release/GiftUI.build/ActionHandler.swift.o	3245a3c273fc6773b0da40263e8d0fb430e753025c2de1822680fc31079383c9
build/swiftpm/armv6-unknown-linux-gnueabihf/release/GiftUI.build/BoundedText.swift.o	b52303531a6910698c38c1885e66594118db88fdfee88735869b6c54e9a584eb
build/swiftpm/armv6-unknown-linux-gnueabihf/release/GiftUI.build/Button.swift.o	b5c1f728af0d5bac6af1e6e3f5a06b790b47a0261e53d572920b28daa98c9f7b
build/swiftpm/armv6-unknown-linux-gnueabihf/release/GiftUI.build/Canvas.swift.o	c3052fe96e3dc2e9cfcdd8d8162e0e595177c5585d24cf2ce2acfc04cefefa84
build/swiftpm/armv6-unknown-linux-gnueabihf/release/GiftUI.build/Color.swift.o	8c067582a0b56df0bc04c6328163fedfd3ca83ebda78056d3ea683115ac85297
build/swiftpm/armv6-unknown-linux-gnueabihf/release/GiftUI.build/DeclarativeView.swift.o	051cb7aa8304236aca1400bdf63a7ca4dc64a3e68e0e6205082223cb93ae8e57
build/swiftpm/armv6-unknown-linux-gnueabihf/release/GiftUI.build/Disabled.swift.o	b2f41a825b8e4db212adab4c3d51126d5c34bd4ab6717414907fae47d44a4529
build/swiftpm/armv6-unknown-linux-gnueabihf/release/GiftUI.build/DrawingStyles.swift.o	a62bc7cfca2a230c476b1d869f516e56fae18eceb6d05bd840e924ca4dbf4d84
build/swiftpm/armv6-unknown-linux-gnueabihf/release/GiftUI.build/DrawingSurface.swift.o	e0fe5d661fd2e4e89f40b554deba943d842991b3011b5ea83583c9d18c14ad08
build/swiftpm/armv6-unknown-linux-gnueabihf/release/GiftUI.build/GiftUI.d	70bc7f8e9b08add5f0508b16c88ccd7dedefbf4e857f6d42e3a6911c93e100fc
build/swiftpm/armv6-unknown-linux-gnueabihf/release/GiftUI.build/GiftUI.dia	2c72d5afff8cce441f2f8299a18215b0bf79605aa7eb05839e38f7949b46c0e2
build/swiftpm/armv6-unknown-linux-gnueabihf/release/GiftUI.build/GiftUI.swift.o	2f48a67c359c36778db8b70abab887769862745df9bad0435510f223e3b784d4
build/swiftpm/armv6-unknown-linux-gnueabihf/release/GiftUI.build/LayoutContainers.swift.o	cb289fd31717dca94fc08a6fd611b65b1372932eddfc5ad76031f87f39c45c12
build/swiftpm/armv6-unknown-linux-gnueabihf/release/GiftUI.build/LayoutModifiers.swift.o	f0b485c7dd105e2baae40556b77537c4b7f6d198f1ec739a52357e23bcce61e1
build/swiftpm/armv6-unknown-linux-gnueabihf/release/GiftUI.build/LayoutValues.swift.o	87de6f4a582e55233bf755843da0bb2425a14c16f02d38618ee8609bcf141d50
build/swiftpm/armv6-unknown-linux-gnueabihf/release/GiftUI.build/ObservableState.swift.o	fa29cdc9c64635058ecc9d03c3b593dce9a60c07a9980d2296aa19b929bc35df
build/swiftpm/armv6-unknown-linux-gnueabihf/release/GiftUI.build/SignalAnalyzerMacOSDynamic.autolink	c8409c1b6293ba4333bfb14a52c9e1d855af8bc921999e28b1985af792273a33
build/swiftpm/armv6-unknown-linux-gnueabihf/release/GiftUI.build/SignalAnalyzerMacOSStatic.autolink	c8409c1b6293ba4333bfb14a52c9e1d855af8bc921999e28b1985af792273a33
build/swiftpm/armv6-unknown-linux-gnueabihf/release/GiftUI.build/SignalAnalyzerNRF52840HostOracle.autolink	c8409c1b6293ba4333bfb14a52c9e1d855af8bc921999e28b1985af792273a33
build/swiftpm/armv6-unknown-linux-gnueabihf/release/GiftUI.build/SignalAnalyzerRaspberryPiARMv6.autolink	51ace0599d8d78d17f5277f89c7c079ae431b4c811148b9c41d060aa03f4c360
build/swiftpm/armv6-unknown-linux-gnueabihf/release/GiftUI.build/StyleModifiers.swift.o	fc99623b37da252f5db7bd878a367889866760618dce15a3a07a24f6d1e69072
build/swiftpm/armv6-unknown-linux-gnueabihf/release/GiftUI.build/Text.swift.o	cd0565fc0b1e5683d3890febad2596ee52a40d5992685f8125c388f721114f86
build/swiftpm/armv6-unknown-linux-gnueabihf/release/GiftUI.build/include/GiftUI-Swift.h	f4465491d68feb590458c6633678ee17574c5e36fff9b654a61764403a8053bf
build/swiftpm/armv6-unknown-linux-gnueabihf/release/GiftUI.build/include/module.modulemap	109b79a8fa61813131482b4ab5aaabe50e97d828765cfe534a1bb5dd51c0262a
build/swiftpm/armv6-unknown-linux-gnueabihf/release/GiftUI.build/output-file-map.json	ab70917564f743609ef6efd6741ce3d150466b174c9351811a898f83969da4a7
build/swiftpm/armv6-unknown-linux-gnueabihf/release/GiftUI.build/sources	69ba40856431dc63ab6b0ec024591665f65e51f67d5824626ee2128f0b71ac6f
build/swiftpm/armv6-unknown-linux-gnueabihf/release/GiftUIBackendIntegration.build/FullSurfacePayloadEmitter.swift.o	3c0fe59f5ebb00ab88b9890315054bcb0154649ab25d301e91fc65de109fd56b
build/swiftpm/armv6-unknown-linux-gnueabihf/release/GiftUIBackendIntegration.build/GiftUIBackendIntegration.d	2afd5ab07b55b9f20787b5670c5089e7d417959596264746bbb7c82e38b1e65c
build/swiftpm/armv6-unknown-linux-gnueabihf/release/GiftUIBackendIntegration.build/GiftUIBackendIntegration.dia	2c72d5afff8cce441f2f8299a18215b0bf79605aa7eb05839e38f7949b46c0e2
build/swiftpm/armv6-unknown-linux-gnueabihf/release/GiftUIBackendIntegration.build/OneShotRasterBackendEndpoint.swift.o	28f6fb5d74f54afb13beadd5b294e233244ac424745a399afea513f4a77acbef
build/swiftpm/armv6-unknown-linux-gnueabihf/release/GiftUIBackendIntegration.build/OperationMajorRGB565RasterSession.swift.o	0cbdd250ecf2640e705d5e775b78d7103e287636c5e890931d394f3becfa129c
build/swiftpm/armv6-unknown-linux-gnueabihf/release/GiftUIBackendIntegration.build/OperationMajorTileTraversal.swift.o	d73d43dc1fd65f21a921b965b2753501fdafe3b703f4b3cf435dd76ec6745f03
build/swiftpm/armv6-unknown-linux-gnueabihf/release/GiftUIBackendIntegration.build/RGB565TilePayloadEmitter.swift.o	cb5dba77a787e61a75041a6ba572ae5e070b5ae6aa357081c1314a6554aeb4d8
build/swiftpm/armv6-unknown-linux-gnueabihf/release/GiftUIBackendIntegration.build/RasterBackendEndpoint.swift.o	bafc7b28c6119d4edafb1a41971558f76f988847dfc513e9fe3090e35a5e9c8f
build/swiftpm/armv6-unknown-linux-gnueabihf/release/GiftUIBackendIntegration.build/RasterBackendOwnerFailureAdapter.swift.o	c87f7b887af1315b037f46a30dc091f64c28f8e366580d0564253ca4ace16a3e
build/swiftpm/armv6-unknown-linux-gnueabihf/release/GiftUIBackendIntegration.build/RasterBackendStartupValidator.swift.o	5c3bf968742e8e30b8dc269e418c20bf31b925d48eaa574701a2c2c235cbdff4
build/swiftpm/armv6-unknown-linux-gnueabihf/release/GiftUIBackendIntegration.build/RasterFrameWorkAdmission.swift.o	2cff42fa3908c2bb4da8d1fb73ba28d98984f0c91096b82b552d6148dfcb15bc
build/swiftpm/armv6-unknown-linux-gnueabihf/release/GiftUIBackendIntegration.build/RasterTextResourceValidation.swift.o	4686938c0cc1c1ba23ebd012ecd18a2e2f2a9ac83d9c2d6388d81cbed7ba07fa
build/swiftpm/armv6-unknown-linux-gnueabihf/release/GiftUIBackendIntegration.build/include/GiftUIBackendIntegration-Swift.h	080e4a46760c8417d90f3697ae962b871c11bd7f186ab62919955fc89eca7bff
build/swiftpm/armv6-unknown-linux-gnueabihf/release/GiftUIBackendIntegration.build/include/module.modulemap	10ad33a9488faa846fdcfeb263388485ca4d255ef3ebb6541c23a19ea4fd9af9
build/swiftpm/armv6-unknown-linux-gnueabihf/release/GiftUIBackendIntegration.build/output-file-map.json	121d4595d6c854dfe0fa2116cb1aac34d0bdcd75c43d6226ef85bafa572e6b85
build/swiftpm/armv6-unknown-linux-gnueabihf/release/GiftUIBackendIntegration.build/sources	e7a6c349925cf27b6de87fff9efc24c1df8f43b0cd9dd5c9eab319f9f354c316
build/swiftpm/armv6-unknown-linux-gnueabihf/release/GiftUICapabilities.build/GiftUICapabilities.d	2a29eb6de3a609fc534754bad37a2b7614ca21df020a998bb0cc3461e4e4201a
build/swiftpm/armv6-unknown-linux-gnueabihf/release/GiftUICapabilities.build/GiftUICapabilities.dia	2c72d5afff8cce441f2f8299a18215b0bf79605aa7eb05839e38f7949b46c0e2
build/swiftpm/armv6-unknown-linux-gnueabihf/release/GiftUICapabilities.build/GiftUICapabilities.swift.o	7b10afee1a815d7beeb26d2b032af63b664b9bd6b1914061d758b01cca079f4d
build/swiftpm/armv6-unknown-linux-gnueabihf/release/GiftUICapabilities.build/include/GiftUICapabilities-Swift.h	32f911f94c72bb566dc6c6f4bc74747e239706c6456fa4da5c944e848120b1e9
build/swiftpm/armv6-unknown-linux-gnueabihf/release/GiftUICapabilities.build/include/module.modulemap	96ac27c7ec6f50d80cdc9eccaf7e718c0951dfb9179e3e0ccfc7ec5b4ccfc195
build/swiftpm/armv6-unknown-linux-gnueabihf/release/GiftUICapabilities.build/output-file-map.json	9a6dc0354a767265610fc9e4eb2423f8c00cebc32772170aae34f99af40af715
build/swiftpm/armv6-unknown-linux-gnueabihf/release/GiftUICapabilities.build/sources	cbe0bb35354e9e7974748b0bd2b61d8c403c880b5f21c06a5fa1b386cf4fc025
build/swiftpm/armv6-unknown-linux-gnueabihf/release/GiftUICapabilityFailureAdapterFixture.build/CapabilityFailureAdapter.swift.o	d0f2bccd8db6c26d6f3a75ff402b85f4966add00be1474d863ff7c44bdb0bdbb
build/swiftpm/armv6-unknown-linux-gnueabihf/release/GiftUICapabilityFailureAdapterFixture.build/GiftUICapabilityFailureAdapterFixture.d	e6e4c9b88da3fcafe5e60ed47191efc78a879c0142c215c3d84a034f4350eaa9
build/swiftpm/armv6-unknown-linux-gnueabihf/release/GiftUICapabilityFailureAdapterFixture.build/GiftUICapabilityFailureAdapterFixture.dia	2c72d5afff8cce441f2f8299a18215b0bf79605aa7eb05839e38f7949b46c0e2
build/swiftpm/armv6-unknown-linux-gnueabihf/release/GiftUICapabilityFailureAdapterFixture.build/include/GiftUICapabilityFailureAdapterFixture-Swift.h	04f0b9dc68f3407f721679b1492a96899e8c4725f0cf880a6992363f80eaf68a
build/swiftpm/armv6-unknown-linux-gnueabihf/release/GiftUICapabilityFailureAdapterFixture.build/include/module.modulemap	2e3f63c9a9e64c8739a9cb441c18d383ad90a8450db8a76ad4d5d7bdd13fb181
build/swiftpm/armv6-unknown-linux-gnueabihf/release/GiftUICapabilityFailureAdapterFixture.build/output-file-map.json	11c4252876b5be0b0d37bb5b7cd72360eaac3e2161034e00e23db4c5b1518c7a
build/swiftpm/armv6-unknown-linux-gnueabihf/release/GiftUICapabilityFailureAdapterFixture.build/sources	749027b898b80f7c9a7976605a2090a1ad98eeb5781e4db57b0a5c96a063863e
build/swiftpm/armv6-unknown-linux-gnueabihf/release/GiftUIDisplayCore.build/DisplayContracts.swift.o	20cfc43b7a996808d91c9d2b07b99bbf0658c1c3128b8eab2b2c61ad9875a5c7
build/swiftpm/armv6-unknown-linux-gnueabihf/release/GiftUIDisplayCore.build/GiftUIDisplayCore.d	d69c7c3fae42b1512c84d57eac6181e8091e795dd90796acd27e613e0c5d726b
build/swiftpm/armv6-unknown-linux-gnueabihf/release/GiftUIDisplayCore.build/GiftUIDisplayCore.dia	2c72d5afff8cce441f2f8299a18215b0bf79605aa7eb05839e38f7949b46c0e2
build/swiftpm/armv6-unknown-linux-gnueabihf/release/GiftUIDisplayCore.build/SurfaceDisplayContributionAdapter.swift.o	dec63184f194d0a254a6b44539612b738f8cd64d7504cbf965be72188b6162a9
build/swiftpm/armv6-unknown-linux-gnueabihf/release/GiftUIDisplayCore.build/include/GiftUIDisplayCore-Swift.h	d32751adcba2685e19b4beb75c185ee923e5cccc3000d5057f6323d8966646ab
build/swiftpm/armv6-unknown-linux-gnueabihf/release/GiftUIDisplayCore.build/include/module.modulemap	63f121a63cf30bce747700d3a87093e632a026fc73698d29446b6594d2532b3e
build/swiftpm/armv6-unknown-linux-gnueabihf/release/GiftUIDisplayCore.build/output-file-map.json	9c30e084900683ef9c2472ae281b49c8db26e364a14ce6ba69ce3212fee0fe96
build/swiftpm/armv6-unknown-linux-gnueabihf/release/GiftUIDisplayCore.build/sources	6b5406274d8fb531b8465dfe752b45337de183d82199d7c744e4e4865ed918a1
build/swiftpm/armv6-unknown-linux-gnueabihf/release/GiftUIDrawing.build/CanvasInvocationSource.swift.o	7d324f780f321571a5360012786ca6c45502eaef3c88b26e0179ccc1b7ec83db
build/swiftpm/armv6-unknown-linux-gnueabihf/release/GiftUIDrawing.build/CanvasPlanProducer.swift.o	51bbdae5395544cbf46031531ab92f82f573283fd3fa2a87b002f4d1fe987b6b
build/swiftpm/armv6-unknown-linux-gnueabihf/release/GiftUIDrawing.build/CanvasRenderProducer.swift.o	dcb2c6ce3fe8e038c59e08871a79bc37a710be77f74f1a65a5e8eaacbcafff18
build/swiftpm/armv6-unknown-linux-gnueabihf/release/GiftUIDrawing.build/DrawingLimits.swift.o	d64c737e0478d16cbed0969cd4c5faa40c9c08edecd3ef12a863ebc6742fbd9e
build/swiftpm/armv6-unknown-linux-gnueabihf/release/GiftUIDrawing.build/DrawingPlan.swift.o	fb9e62ad50313c4b337b033137c44a4d279e70a4fa1b0b47f014874d0bcaf77a
build/swiftpm/armv6-unknown-linux-gnueabihf/release/GiftUIDrawing.build/DrawingValues.swift.o	96171b5af58bb8e8d8c6c4f7c8fa0f238743d26afa47425550341070ebdf08a9
build/swiftpm/armv6-unknown-linux-gnueabihf/release/GiftUIDrawing.build/GiftUIDrawing.d	54d31e02e87e0e2c51a29e82f3d4fe2a1fc3a0f31a4c848b47f37ff2c59d1ebd
build/swiftpm/armv6-unknown-linux-gnueabihf/release/GiftUIDrawing.build/GiftUIDrawing.dia	2c72d5afff8cce441f2f8299a18215b0bf79605aa7eb05839e38f7949b46c0e2
build/swiftpm/armv6-unknown-linux-gnueabihf/release/GiftUIDrawing.build/GiftUIDrawing.swift.o	8da772ccf476f6490092ae4e907be7e9060d15b0c236d7d08588b91d122c8f74
build/swiftpm/armv6-unknown-linux-gnueabihf/release/GiftUIDrawing.build/PathConstruction.swift.o	75ba07502632a3e91b7543b07010c7fa50628deafb9dca253dbbcb1c45c26367
build/swiftpm/armv6-unknown-linux-gnueabihf/release/GiftUIDrawing.build/StaticCanvasCallableTable.swift.o	216ae1d1086087b2a42cb24c58685812923cd5853bc1e768e7f8738ea79b492c
build/swiftpm/armv6-unknown-linux-gnueabihf/release/GiftUIDrawing.build/StrokeSnapshot.swift.o	041a535c31b538ff3078011dad4e3bb33510f02d8806153c53b348a5b43c872f
build/swiftpm/armv6-unknown-linux-gnueabihf/release/GiftUIDrawing.build/include/GiftUIDrawing-Swift.h	f64a8962fe20bd954dab92c3f72f3df1488ae15d5a1ec3372f1b86cbe17bddcc
build/swiftpm/armv6-unknown-linux-gnueabihf/release/GiftUIDrawing.build/include/module.modulemap	35402ccd7dbcfe4c772e417041adf57103b09ee6a382a97b74233fd02d9101a4
build/swiftpm/armv6-unknown-linux-gnueabihf/release/GiftUIDrawing.build/output-file-map.json	a3b5a5bf2d9b9eef9b604c2873f451c5a4509e6522bc963fe01c3fd9305c845c
build/swiftpm/armv6-unknown-linux-gnueabihf/release/GiftUIDrawing.build/sources	26e4362166c465faf22723279d85bbb67eb0a8a63914e55d532cea5d648aae76
build/swiftpm/armv6-unknown-linux-gnueabihf/release/GiftUIDrawingFailureAdapterFixture.build/GiftUIDrawingFailureAdapterFixture.d	b03f2c046d5178ac14ab1999ac9f9ca5b40622740f30df23071928b148572dd2
build/swiftpm/armv6-unknown-linux-gnueabihf/release/GiftUIDrawingFailureAdapterFixture.build/GiftUIDrawingFailureAdapterFixture.dia	2c72d5afff8cce441f2f8299a18215b0bf79605aa7eb05839e38f7949b46c0e2
build/swiftpm/armv6-unknown-linux-gnueabihf/release/GiftUIDrawingFailureAdapterFixture.build/GiftUIDrawingFailureAdapterFixture.swift.o	65d7b3db8e0812865dc6ddec22b3197917267bc013cedeaad37e2b8e8cd15a26
build/swiftpm/armv6-unknown-linux-gnueabihf/release/GiftUIDrawingFailureAdapterFixture.build/include/GiftUIDrawingFailureAdapterFixture-Swift.h	57222d34e83d9bd176283f2a12a2880bc733c615a9fe2ee90a69809dc0ec0879
build/swiftpm/armv6-unknown-linux-gnueabihf/release/GiftUIDrawingFailureAdapterFixture.build/include/module.modulemap	b5af5bf5ad83e3e04e8dee26fb8a99aa8c51fe49e7ec46b9733f7e493490a812
build/swiftpm/armv6-unknown-linux-gnueabihf/release/GiftUIDrawingFailureAdapterFixture.build/output-file-map.json	b99aa518ab77fcc686192ee9f71c3513591fdc3c39e70182c25509357798d2b6
build/swiftpm/armv6-unknown-linux-gnueabihf/release/GiftUIDrawingFailureAdapterFixture.build/sources	16cbe44acc919257e182aa592cb216b819240e4e03b476165881c35506e345e5
build/swiftpm/armv6-unknown-linux-gnueabihf/release/GiftUIDynamicConveniences.build/DynamicCanvas.swift.o	13ec6d2a3c42b320ad238f097fa5880627b336e611f674e71c8e4a410164d18f
build/swiftpm/armv6-unknown-linux-gnueabihf/release/GiftUIDynamicConveniences.build/GiftUIDynamicConveniences.d	a7624cdccc9056ace121e260c7904d98cb1092d313a68e3db8febc143933eb20
build/swiftpm/armv6-unknown-linux-gnueabihf/release/GiftUIDynamicConveniences.build/GiftUIDynamicConveniences.dia	2c72d5afff8cce441f2f8299a18215b0bf79605aa7eb05839e38f7949b46c0e2
build/swiftpm/armv6-unknown-linux-gnueabihf/release/GiftUIDynamicConveniences.build/include/GiftUIDynamicConveniences-Swift.h	71ddc3675e715bd7c9ed3b6e535395c9ecb4af13a756b55f51d04442cc51326c
build/swiftpm/armv6-unknown-linux-gnueabihf/release/GiftUIDynamicConveniences.build/include/module.modulemap	0ab5002f35555d65138b0aee70b6346892feabcf03e0cc83d689bc87658f4817
build/swiftpm/armv6-unknown-linux-gnueabihf/release/GiftUIDynamicConveniences.build/output-file-map.json	da434a784a2546204775a88d9b1f890cb1e23f9d4f8ee842450d90b782f020f6
build/swiftpm/armv6-unknown-linux-gnueabihf/release/GiftUIDynamicConveniences.build/sources	009a3310b9836bd5cc4735fc44d145cdba9e73e0c43a02f9c9ee7fba0d114f51
build/swiftpm/armv6-unknown-linux-gnueabihf/release/GiftUIExecution.build/AdmissionValues.swift.o	cbfaa02ff4afc1b102315bc47eb3e6764164cb31ee274ad2a86bac36274c1333
build/swiftpm/armv6-unknown-linux-gnueabihf/release/GiftUIExecution.build/ExecutionAdmissionController.swift.o	9adebb1bef8accfde13aa7897ab4bf9e054fffe751a71eac2dab542edcf5808b
build/swiftpm/armv6-unknown-linux-gnueabihf/release/GiftUIExecution.build/ExecutionAdmissionSealTransaction.swift.o	c4053a4b614c1d0313643f53bd102a47b8a300a5c6ebc0a066e8de7f65de4071
build/swiftpm/armv6-unknown-linux-gnueabihf/release/GiftUIExecution.build/ExecutionAdmissionSealer.swift.o	bc971ec57410b7dc472d466c38cfc03c0d1e60b59bfe79acb01f6ff6bf531948
build/swiftpm/armv6-unknown-linux-gnueabihf/release/GiftUIExecution.build/ExecutionMutationBatch.swift.o	41c29e7dc7092adcbfb3ac1a81e22df9abe73492fcea31806923b585adc31357
build/swiftpm/armv6-unknown-linux-gnueabihf/release/GiftUIExecution.build/ExecutionOpportunityRunner.swift.o	6fdfab18c19eb8c72f2f78d13776647d075a042ca43cc3eb186fa460b65662e3
build/swiftpm/armv6-unknown-linux-gnueabihf/release/GiftUIExecution.build/ExecutionPhaseMachine.swift.o	563497dc7a5a13e4e6755306230f6fb66337d0b139218845156084f2672247cc
build/swiftpm/armv6-unknown-linux-gnueabihf/release/GiftUIExecution.build/ExecutionValues.swift.o	3aeb12bc4b24bf3f1bb22219ef2cc9a2b1fa695b14ee3b79f16d87b2d0930188
build/swiftpm/armv6-unknown-linux-gnueabihf/release/GiftUIExecution.build/ExecutionWakeAccumulator.swift.o	d5875c5ceed8976e1d1024e7c9651cfcb569b97621ccfa4eeda962738d215515
build/swiftpm/armv6-unknown-linux-gnueabihf/release/GiftUIExecution.build/FrameHandoffValues.swift.o	17b2999bb27f5a24323052a520fb18e0f1643881b2094a5ceece66a9f4d2f476
build/swiftpm/armv6-unknown-linux-gnueabihf/release/GiftUIExecution.build/FrameOfferNormalization.swift.o	d6929ba129f84f75ce29e3ec5a63cab46d854ea52d0453dfed3ef8dc5595c059
build/swiftpm/armv6-unknown-linux-gnueabihf/release/GiftUIExecution.build/GiftUIExecution.d	a6112968e4164ff78735b3d782008258492837c53802ce0b63875f9c8ee0b099
build/swiftpm/armv6-unknown-linux-gnueabihf/release/GiftUIExecution.build/GiftUIExecution.dia	2c72d5afff8cce441f2f8299a18215b0bf79605aa7eb05839e38f7949b46c0e2
build/swiftpm/armv6-unknown-linux-gnueabihf/release/GiftUIExecution.build/IdentityAllocators.swift.o	c02d75c4acc9d23907e435160e0b212647e3c2d283d20f6b06beb624ab7f5a4f
build/swiftpm/armv6-unknown-linux-gnueabihf/release/GiftUIExecution.build/InputSourceSequenceState.swift.o	2432c7b3780ca970ad79a44297323ee9c0f4d12612caf862e213a251b3923fda
build/swiftpm/armv6-unknown-linux-gnueabihf/release/GiftUIExecution.build/PointerActionCapture.swift.o	710da041ee6818df91d96be8593c58bf2633885dc4d0d0903aaa03c90ac0132a
build/swiftpm/armv6-unknown-linux-gnueabihf/release/GiftUIExecution.build/RecordingCandidateOfferCoordinator.swift.o	e2d9f28d3e26bd3621dfe8bc97016c8b70e362e9d0b2629fc2c1b6f4bc184c42
build/swiftpm/armv6-unknown-linux-gnueabihf/release/GiftUIExecution.build/RecordingCycleCoordinator.swift.o	20ea618e2c1738a8a42c1fbf37f26b089f45927d8f1d8a403fce8b6e11680279
build/swiftpm/armv6-unknown-linux-gnueabihf/release/GiftUIExecution.build/RecordingCycleFinalizer.swift.o	4d3861c9a855b18acb728de430992e1a54a3bf97a08941ebf22ca855472fa321
build/swiftpm/armv6-unknown-linux-gnueabihf/release/GiftUIExecution.build/RecordingDerivationRecovery.swift.o	a0288bc2414a8f298999fd0e3f61a99033a7a186992702a39fdbf0f51c845b29
build/swiftpm/armv6-unknown-linux-gnueabihf/release/GiftUIExecution.build/RecordingDerivationTransaction.swift.o	e0aa13191153034980969d3bf03f9c77825d90d826da9799df326080878eda87
build/swiftpm/armv6-unknown-linux-gnueabihf/release/GiftUIExecution.build/RecordingFocusedFailureSelection.swift.o	6f7180230d8178c3ffde377713722ce8dd5a978e782f7101cb343138e7a06c26
build/swiftpm/armv6-unknown-linux-gnueabihf/release/GiftUIExecution.build/RecordingFrameCommitTransaction.swift.o	7628be2c703863e56788322d53ac3a0fa908ae1795e5b64acb17021443b21eec
build/swiftpm/armv6-unknown-linux-gnueabihf/release/GiftUIExecution.build/RecordingFrameEndpoint.swift.o	332618c947cb3cc83f9b2a1da6b45083137405da0f3f4379208e512fc83851da
build/swiftpm/armv6-unknown-linux-gnueabihf/release/GiftUIExecution.build/RecordingMutationBatch.swift.o	afcd4071f2af066ae8ee841e4cc7cdfd40306f4428fe0b56ab8d4785c9597fcb
build/swiftpm/armv6-unknown-linux-gnueabihf/release/GiftUIExecution.build/RecordingPresentationPendingCoordinator.swift.o	6d639e704f308f65bc5289807fae23e1c0ce12bc4a1c2b5fd1a99e3fb42ca594
build/swiftpm/armv6-unknown-linux-gnueabihf/release/GiftUIExecution.build/RecordingPresentationTerminalRecovery.swift.o	04b9f1232684e69851d47c1a7683b7245290eb3ab94a08e3b3b5de7e51def2d2
build/swiftpm/armv6-unknown-linux-gnueabihf/release/GiftUIExecution.build/RunCycleValues.swift.o	d7e04bbc18d89a4a995d15df1459490bafc8c8487be057d1c6b141352d4720ce
build/swiftpm/armv6-unknown-linux-gnueabihf/release/GiftUIExecution.build/WakeValues.swift.o	d045026a3f186bf2d58ad237e33bbe2a747894d3432428bb79073766a05e2d83
build/swiftpm/armv6-unknown-linux-gnueabihf/release/GiftUIExecution.build/include/GiftUIExecution-Swift.h	f605e811fc46c784a2edd113187743b6df38f868ba7af2f73b426dc69ec1d6a9
build/swiftpm/armv6-unknown-linux-gnueabihf/release/GiftUIExecution.build/include/module.modulemap	0de01d57117732743d4333d65e7a4b5cf868e92bcf6de8d5f254145a3752f3dc
build/swiftpm/armv6-unknown-linux-gnueabihf/release/GiftUIExecution.build/output-file-map.json	7c5a1c050b6e00ca76f204aaad12ea80e71fc887cc0eaa308c9a2f3c31702bf1
build/swiftpm/armv6-unknown-linux-gnueabihf/release/GiftUIExecution.build/sources	a2752ecb0c45bf2199a7e5f76071198519459d6afb5e1b9b07c49283c4b64d64
build/swiftpm/armv6-unknown-linux-gnueabihf/release/GiftUIFailureCore.build/GiftUIFailureCore.d	4e379b1a298bfb51ac33b292b68182524497cfe942d41fac0af26de868b0aa37
build/swiftpm/armv6-unknown-linux-gnueabihf/release/GiftUIFailureCore.build/GiftUIFailureCore.dia	2c72d5afff8cce441f2f8299a18215b0bf79605aa7eb05839e38f7949b46c0e2
build/swiftpm/armv6-unknown-linux-gnueabihf/release/GiftUIFailureCore.build/GiftUIFailureCore.swift.o	393fbc17597433cfb851a3c4c608357a892bf64a17e02c80d4b30d94150a3fa0
build/swiftpm/armv6-unknown-linux-gnueabihf/release/GiftUIFailureCore.build/include/GiftUIFailureCore-Swift.h	9e98387fe1eb4caff12c327babd632ca81b369cfb67dcb9936ddb78543049160
build/swiftpm/armv6-unknown-linux-gnueabihf/release/GiftUIFailureCore.build/include/module.modulemap	2265f934b38e4f3a0dd43ad0b3cfff5b3ddeae9ee3d883041f91184214a1a962
build/swiftpm/armv6-unknown-linux-gnueabihf/release/GiftUIFailureCore.build/output-file-map.json	f5f7a9d169005ea3bb00807504609304e63faca220741409762320ab08c876d1
build/swiftpm/armv6-unknown-linux-gnueabihf/release/GiftUIFailureCore.build/sources	e93a61ff9daec0a29293f62049bca4740d8b87d0e352ca6c9987e2b4cd5c824c
build/swiftpm/armv6-unknown-linux-gnueabihf/release/GiftUIFailureDiagnostics.build/GiftUIDiagnosticProjector.swift.o	7b69252b6861315377cdfba564a2bb7e0cfab2c5b774953aeaf8f85ac2b41f77
build/swiftpm/armv6-unknown-linux-gnueabihf/release/GiftUIFailureDiagnostics.build/GiftUIFailureDiagnostics.d	7eba2d2eb80e293c370ea27413f41872800fc55862a787ac4f39fa832c59d351
build/swiftpm/armv6-unknown-linux-gnueabihf/release/GiftUIFailureDiagnostics.build/GiftUIFailureDiagnostics.dia	2c72d5afff8cce441f2f8299a18215b0bf79605aa7eb05839e38f7949b46c0e2
build/swiftpm/armv6-unknown-linux-gnueabihf/release/GiftUIFailureDiagnostics.build/GiftUIFixedDiagnosticBuffer.swift.o	83683bacfb61e5fa7574474f101a63568b52e2ac3952d95c3aed19ec5f162936
build/swiftpm/armv6-unknown-linux-gnueabihf/release/GiftUIFailureDiagnostics.build/include/GiftUIFailureDiagnostics-Swift.h	2bf823229fe0da7b8a22d60b876e8d01529ecb5c6308ec9d68152e7eaa2ef080
build/swiftpm/armv6-unknown-linux-gnueabihf/release/GiftUIFailureDiagnostics.build/include/module.modulemap	7baeeae6f33304178127356ecd2dec73493bd7d04cbd3121b085ead14cd3fd68
build/swiftpm/armv6-unknown-linux-gnueabihf/release/GiftUIFailureDiagnostics.build/output-file-map.json	32d032800be40547a62cf4716a345ec1b275ec5b7332e98066623c3d30936dbc
build/swiftpm/armv6-unknown-linux-gnueabihf/release/GiftUIFailureDiagnostics.build/sources	eff03abc65af2033bdb86c07c17c32159254c067125cc2c7277fc3293a224cc8
build/swiftpm/armv6-unknown-linux-gnueabihf/release/GiftUIFailureExecution.build/GiftUICorrelatedFailure.swift.o	c65fc3e83755bddbc865c8b0657a993bba9d7bd9f321bc674acbbfdc2e7bcae6
build/swiftpm/armv6-unknown-linux-gnueabihf/release/GiftUIFailureExecution.build/GiftUIFailureExecution.d	f0e6adc6e2bfc2e20af50d380203b568ec0f08cd6a2a721155cf554eb1131427
build/swiftpm/armv6-unknown-linux-gnueabihf/release/GiftUIFailureExecution.build/GiftUIFailureExecution.dia	2c72d5afff8cce441f2f8299a18215b0bf79605aa7eb05839e38f7949b46c0e2
build/swiftpm/armv6-unknown-linux-gnueabihf/release/GiftUIFailureExecution.build/GiftUIFailureExecution.swift.o	8c94b757b7992dafb8344fcccc22d20ab988e4b1db0005e73f497e86ea03af70
build/swiftpm/armv6-unknown-linux-gnueabihf/release/GiftUIFailureExecution.build/include/GiftUIFailureExecution-Swift.h	5592cbad13c9acdd4afee259b758be3435a56a379beb6b9b3901ab481f87ba10
build/swiftpm/armv6-unknown-linux-gnueabihf/release/GiftUIFailureExecution.build/include/module.modulemap	e08d108147f8654d23b53c335f513dcb23d9905edfd8a2939c3a7f2040dfd550
build/swiftpm/armv6-unknown-linux-gnueabihf/release/GiftUIFailureExecution.build/output-file-map.json	43d323d430aed2cfc0f0d98e4880c5e4292f601b033c91bd26700266def602ad
build/swiftpm/armv6-unknown-linux-gnueabihf/release/GiftUIFailureExecution.build/sources	b67a9cbb2f3b2b21d73b45ce463ccb588b7903297ec8c79797cd1fb185689495
build/swiftpm/armv6-unknown-linux-gnueabihf/release/GiftUIHostConfiguration.build/CheckedMVPHostConfigurationValidator.swift.o	7ff6c58a7f2381138bc20ef7b95eee454f75bb856f02c2ba6b5d0b5964757dc9
build/swiftpm/armv6-unknown-linux-gnueabihf/release/GiftUIHostConfiguration.build/GiftUIHostConfiguration.d	d6dc2df9d90799802a8cd7deace4e96093b39a3fb3d85be958e6f6feef9d6519
build/swiftpm/armv6-unknown-linux-gnueabihf/release/GiftUIHostConfiguration.build/GiftUIHostConfiguration.dia	2c72d5afff8cce441f2f8299a18215b0bf79605aa7eb05839e38f7949b46c0e2
build/swiftpm/armv6-unknown-linux-gnueabihf/release/GiftUIHostConfiguration.build/HostActivationController.swift.o	13fff4a3239160ef4bc27e380a8788efba0635b77688218918aa00b4d8e257db
build/swiftpm/armv6-unknown-linux-gnueabihf/release/GiftUIHostConfiguration.build/HostApplicationOpportunityGate.swift.o	8d2164633bf08fc68fd78f7453f56d2337da54e96cd0eef9db3546017957a445
build/swiftpm/armv6-unknown-linux-gnueabihf/release/GiftUIHostConfiguration.build/HostApplicationStartupValidation.swift.o	0471a85be1d353d6898299e8d43ec8468dd76e46f160535b97de8280b83fa9de
build/swiftpm/armv6-unknown-linux-gnueabihf/release/GiftUIHostConfiguration.build/HostComponentGraphValidation.swift.o	84fc751d6248be5563b46703165480492a2fd3ee13b7c975eaeb17f0e4501bc8
build/swiftpm/armv6-unknown-linux-gnueabihf/release/GiftUIHostConfiguration.build/HostConfigurationResults.swift.o	7c153408558478f9eb564b20e81ef96f7fad784329973496f4e2db79cfd30deb
build/swiftpm/armv6-unknown-linux-gnueabihf/release/GiftUIHostConfiguration.build/HostConfigurationValues.swift.o	4258e2e5510d53d4222a6cdd8ded009e0b0cd68be239fb50c0630936a9d99b3c
build/swiftpm/armv6-unknown-linux-gnueabihf/release/GiftUIHostConfiguration.build/HostEndpointHealthController.swift.o	23d2d2b0ad4661bea98828e59291d53a2af52f83b120d369dd6db534e527473f
build/swiftpm/armv6-unknown-linux-gnueabihf/release/GiftUIHostConfiguration.build/HostEndpointStartupValidation.swift.o	ca11fc9c10592e4c04b50e4605c479f6a0742872c9f7192bde7256fa4bb3630b
build/swiftpm/armv6-unknown-linux-gnueabihf/release/GiftUIHostConfiguration.build/HostFailureAdapter.swift.o	e4f08b22c3cfc1a094b352c2b47cdae7f2043c8eae05ec0b4285fb3f035aed15
build/swiftpm/armv6-unknown-linux-gnueabihf/release/GiftUIHostConfiguration.build/HostNormalizedInputGate.swift.o	9eea26e7145ee27f06da3b6976a84ae71dcaba6049bc4be86d39752ff250e679
build/swiftpm/armv6-unknown-linux-gnueabihf/release/GiftUIHostConfiguration.build/HostPresentationRecovery.swift.o	a6196651654546ac50e83f2bf88ddf4e8f5dbc826aca602f1fa7864a38abe32a
build/swiftpm/armv6-unknown-linux-gnueabihf/release/GiftUIHostConfiguration.build/HostPresetBootstrap.swift.o	95d21eec9e3c8986a81f03f582e9d06d3074f092c1aef2b4ff373bc70402bae9
build/swiftpm/armv6-unknown-linux-gnueabihf/release/GiftUIHostConfiguration.build/HostResidualFailureRouting.swift.o	2fa606955e01f2d19875c91ab3de37b5aa3978b4501f1b984a4fe3e4345e9738
build/swiftpm/armv6-unknown-linux-gnueabihf/release/GiftUIHostConfiguration.build/HostResidualPolicyContracts.swift.o	f821f67a64d8b6c9633b23155f81e3ac31492abaad74ecb87067a6345a8436e2
build/swiftpm/armv6-unknown-linux-gnueabihf/release/GiftUIHostConfiguration.build/HostResidualPolicyTableValidation.swift.o	dadbaee03a3f0411c23dd0ae356893d3881106065f04604c5871724c56074dfd
build/swiftpm/armv6-unknown-linux-gnueabihf/release/GiftUIHostConfiguration.build/HostScheduledOpportunityController.swift.o	6fda09dd0abdfb59c791e89ea29d4833c4a3db780479a52c6376517e09d98bee
build/swiftpm/armv6-unknown-linux-gnueabihf/release/GiftUIHostConfiguration.build/HostSequencedFactAdmission.swift.o	2107d4850d97c244e9dc099558c9a35f2734dd343b68507b3fe0d1196b9cab61
build/swiftpm/armv6-unknown-linux-gnueabihf/release/GiftUIHostConfiguration.build/HostWakePacingController.swift.o	fa04308581b55da7690829a30bec102c9b9a434b11027e160c0eb31276e33317
build/swiftpm/armv6-unknown-linux-gnueabihf/release/GiftUIHostConfiguration.build/SignalAnalyzerDrawingStartupValidation.swift.o	ac56b880a8bd09d3f6b0756bfc8b7127816b0dd6e46e66f9f79c6d281874c23d
build/swiftpm/armv6-unknown-linux-gnueabihf/release/GiftUIHostConfiguration.build/SignalAnalyzerPresetHostInstance.swift.o	46183f389892d04c3f348f802b487004f0a871a96bf1f81598694cad94aad838
build/swiftpm/armv6-unknown-linux-gnueabihf/release/GiftUIHostConfiguration.build/SignalAnalyzerPresets.generated.swift.o	458482cb261de1f4a0abfa8f4ff81409433f4910f5768717ffeb98d861e6f672
build/swiftpm/armv6-unknown-linux-gnueabihf/release/GiftUIHostConfiguration.build/SignalAnalyzerWorkloadStartupValidation.swift.o	0ee07256947205b555c0f2238867b28e7ef03a99c1a2638f10cf034717231509
build/swiftpm/armv6-unknown-linux-gnueabihf/release/GiftUIHostConfiguration.build/include/GiftUIHostConfiguration-Swift.h	d34de6d61e2027838d65ef807f436e9091d4ecaf6c6a50c206481bbaaeffc030
build/swiftpm/armv6-unknown-linux-gnueabihf/release/GiftUIHostConfiguration.build/include/module.modulemap	eb8594fa4e68fffd76b9a5781f8a7c05b6e240d4c34c2f58b2ca257e337d65e0
build/swiftpm/armv6-unknown-linux-gnueabihf/release/GiftUIHostConfiguration.build/output-file-map.json	248e931c037679eaf603a5782dfe9605d6bc661b9f68d3fc30a5965958816233
build/swiftpm/armv6-unknown-linux-gnueabihf/release/GiftUIHostConfiguration.build/sources	e62a60cc0cb58ef37006107c10ec6fd4b3b0f7c4ef00b75e5ce6e2a7c1b49c00
build/swiftpm/armv6-unknown-linux-gnueabihf/release/GiftUIInteraction.build/EffectiveActionEnabledState.swift.o	401b59c3d1688785a1bf1523f3d696780c0188f9710246a099cd596c6df35881
build/swiftpm/armv6-unknown-linux-gnueabihf/release/GiftUIInteraction.build/ExecutionGestureAdapter.swift.o	a9692c2fc4d61ebf506bb7e39e69e7d63a0697b4b68e249034c72b91a88804ec
build/swiftpm/armv6-unknown-linux-gnueabihf/release/GiftUIInteraction.build/GiftUIInteraction.d	337e32c632c0d32a6dad2823ee03d5bcbb4e4bb6452853bdde9ad5a7ed764e61
build/swiftpm/armv6-unknown-linux-gnueabihf/release/GiftUIInteraction.build/GiftUIInteraction.dia	2c72d5afff8cce441f2f8299a18215b0bf79605aa7eb05839e38f7949b46c0e2
build/swiftpm/armv6-unknown-linux-gnueabihf/release/GiftUIInteraction.build/InteractionFailurePrecedence.swift.o	0c1f2f7fb1b5a3f982a59dae5e7cad4c15659d576784901ed722fec21cd50020
build/swiftpm/armv6-unknown-linux-gnueabihf/release/GiftUIInteraction.build/InteractionState.swift.o	16c626ccd0f620eb1db712e2134d3bcebdaede4dd428efa226d19877024304e7
build/swiftpm/armv6-unknown-linux-gnueabihf/release/GiftUIInteraction.build/InteractionStorage.swift.o	3323aa5a6ca9e62930e4e63f3e3fc6d3df7d1e7c390b2034a121e091c3178288
build/swiftpm/armv6-unknown-linux-gnueabihf/release/GiftUIInteraction.build/InteractionValues.swift.o	3d793590a20111a70446fa15ccd89793c5ad9611b61d05c62716dde705c819a7
build/swiftpm/armv6-unknown-linux-gnueabihf/release/GiftUIInteraction.build/include/GiftUIInteraction-Swift.h	0d9cd89b779e66de778ab3e35c2575dd0f9f69a218cb2b7cad93d5a5356b7c62
build/swiftpm/armv6-unknown-linux-gnueabihf/release/GiftUIInteraction.build/include/module.modulemap	fd0f96b992c02dd4836cea623f24ad1e3a36c5d6bccbfac203475c27c9a70cbc
build/swiftpm/armv6-unknown-linux-gnueabihf/release/GiftUIInteraction.build/output-file-map.json	01492fa73b4511d50689ce360d9c7d4c085b3dc0f8d5cf6496ad75b3485dce97
build/swiftpm/armv6-unknown-linux-gnueabihf/release/GiftUIInteraction.build/sources	e3b54b03ba8ee6a89dee9e8ac9af88e1ae60f0e6ee8303accea1ce4b2fed6f5b
build/swiftpm/armv6-unknown-linux-gnueabihf/release/GiftUIInteractionFailureAdapterFixture.build/GiftUIInteractionFailureAdapterFixture.d	bdd97018657720aae54fb28a30b1839a19f926819659332d5fa869f3f62c488f
build/swiftpm/armv6-unknown-linux-gnueabihf/release/GiftUIInteractionFailureAdapterFixture.build/GiftUIInteractionFailureAdapterFixture.dia	2c72d5afff8cce441f2f8299a18215b0bf79605aa7eb05839e38f7949b46c0e2
build/swiftpm/armv6-unknown-linux-gnueabihf/release/GiftUIInteractionFailureAdapterFixture.build/InteractionFailureAdapter.swift.o	cb9babe88bfe3b3e683036c0374b7abc27dbf7bf5c05a7a3303d00c88d64615f
build/swiftpm/armv6-unknown-linux-gnueabihf/release/GiftUIInteractionFailureAdapterFixture.build/InteractionFailureContainment.swift.o	f5ce7522aea9a2bdba2959c1dff07f05be69a326f2851b2300adcb43d5a14938
build/swiftpm/armv6-unknown-linux-gnueabihf/release/GiftUIInteractionFailureAdapterFixture.build/include/GiftUIInteractionFailureAdapterFixture-Swift.h	590506de760bf124552e58600f77d5e3337b2a186dc516ef91ac69578f035e92
build/swiftpm/armv6-unknown-linux-gnueabihf/release/GiftUIInteractionFailureAdapterFixture.build/include/module.modulemap	8fff36f7dc65bf2b24d53117579c82d81e13af51153860a7c5e933f4fd2b500a
build/swiftpm/armv6-unknown-linux-gnueabihf/release/GiftUIInteractionFailureAdapterFixture.build/output-file-map.json	3a2ed39ac658977428cb45650f4d8595c4416aaa2689f5fcfb3955b3e167a992
build/swiftpm/armv6-unknown-linux-gnueabihf/release/GiftUIInteractionFailureAdapterFixture.build/sources	5c1d9e47dc048f028e118c14e7d2ccd4217f89301abd5e25571c81764a575d01
build/swiftpm/armv6-unknown-linux-gnueabihf/release/GiftUILayout.build/GiftUILayout.d	5f83dd4cc69d7f8c84076a483550a7a8800fade83c208127df07e464e57735f2
build/swiftpm/armv6-unknown-linux-gnueabihf/release/GiftUILayout.build/GiftUILayout.dia	2c72d5afff8cce441f2f8299a18215b0bf79605aa7eb05839e38f7949b46c0e2
build/swiftpm/armv6-unknown-linux-gnueabihf/release/GiftUILayout.build/Layout.swift.o	cfd7990f29cb5dcf5ed6a064b8accf07833b22d6491ce0f380d0f3d0b118856f
build/swiftpm/armv6-unknown-linux-gnueabihf/release/GiftUILayout.build/LayoutCounters.swift.o	a71b29878a08f67a3a4af0a26838684531f87f4457d3e218a6cbe27215a4162a
build/swiftpm/armv6-unknown-linux-gnueabihf/release/GiftUILayout.build/LayoutEngine.swift.o	dd60084b2a6e27dc6e2016eab8a3369d6ac10adfb3f5ecf4c83c50339415b287
build/swiftpm/armv6-unknown-linux-gnueabihf/release/GiftUILayout.build/LayoutError.swift.o	c9fdcdcfb8c0eebcd9079e9f80bf6815ae51a08b00293cf2bf092a44aaa00432
build/swiftpm/armv6-unknown-linux-gnueabihf/release/GiftUILayout.build/LayoutGeometry.swift.o	8e4ee951a2b03d2d1de4efb0cf72718785a9a5f02f36a265d3f3583fbeadeb95
build/swiftpm/armv6-unknown-linux-gnueabihf/release/GiftUILayout.build/LayoutPublication.swift.o	5233f5f03aaffb6702be18a93d09822c183b793cb582841ec5b46f4309d02361
build/swiftpm/armv6-unknown-linux-gnueabihf/release/GiftUILayout.build/LayoutResultSink.swift.o	cc4d21c6065ec6eae1b871022e1a717b405bc06ff67959ec27d883b2d4e49633
build/swiftpm/armv6-unknown-linux-gnueabihf/release/GiftUILayout.build/LayoutSemanticValidation.swift.o	58a896bb458ebf7460065ff58e39aba5843d799def07aea2638ec6a7942baac2
build/swiftpm/armv6-unknown-linux-gnueabihf/release/GiftUILayout.build/LayoutValues.swift.o	fb582c2c88f088d54bffe7696316b58567e1f32faf8b1dc97343a5f2c0a60e46
build/swiftpm/armv6-unknown-linux-gnueabihf/release/GiftUILayout.build/LayoutWorkspace.swift.o	6ff9e19d7fd60683fa91fa3e68a66f72be4169f29db44e10f0314a9221f297c7
build/swiftpm/armv6-unknown-linux-gnueabihf/release/GiftUILayout.build/ResolvedRenderLayoutView.swift.o	395aabf4a8dc6502289522bab61ced508c88b7bcb85536f51936f7e11e2d0b9c
build/swiftpm/armv6-unknown-linux-gnueabihf/release/GiftUILayout.build/include/GiftUILayout-Swift.h	5a1301eccd42b72722359501f1e5b64cc2c39afe309b59078aa399ea56dab68a
build/swiftpm/armv6-unknown-linux-gnueabihf/release/GiftUILayout.build/include/module.modulemap	1d3d09e2b62870b190bb6278634d4b799fb2784155db54fb9d77d29353130fdd
build/swiftpm/armv6-unknown-linux-gnueabihf/release/GiftUILayout.build/output-file-map.json	833521aeead3dc2f7dededee0fde01e1af591b87ba9ee99c18f3fd16a5aea7f7
build/swiftpm/armv6-unknown-linux-gnueabihf/release/GiftUILayout.build/sources	cb5411dbb9ba2fde4139082eda404c9af84509589104f3f1f593c7a6ddd7e4c5
build/swiftpm/armv6-unknown-linux-gnueabihf/release/GiftUILayoutFailureAdapterFixture.build/GiftUILayoutFailureAdapterFixture.d	874c734b8d31b6252f43fc403fa7c02340fb0c0d401fa8c380d41adcd8a6ff2d
build/swiftpm/armv6-unknown-linux-gnueabihf/release/GiftUILayoutFailureAdapterFixture.build/GiftUILayoutFailureAdapterFixture.dia	2c72d5afff8cce441f2f8299a18215b0bf79605aa7eb05839e38f7949b46c0e2
build/swiftpm/armv6-unknown-linux-gnueabihf/release/GiftUILayoutFailureAdapterFixture.build/LayoutFailureAdapter.swift.o	79ac58639c9b0abeed874d6406ea5b6b0573b4fa8b690bc6bf7d94617f3f72ba
build/swiftpm/armv6-unknown-linux-gnueabihf/release/GiftUILayoutFailureAdapterFixture.build/include/GiftUILayoutFailureAdapterFixture-Swift.h	7c9b69600911f9421d8f11b106fea737d9b41b025e0bc8ef4500cb17dd9f6168
build/swiftpm/armv6-unknown-linux-gnueabihf/release/GiftUILayoutFailureAdapterFixture.build/include/module.modulemap	1df114591c07b7995e089fbf8b16d6326da7322b65aabf1432077cd5f3daf16d
build/swiftpm/armv6-unknown-linux-gnueabihf/release/GiftUILayoutFailureAdapterFixture.build/output-file-map.json	229a9b835276cf79d9b0b84dfac7868cc05d5f0932568bcd4bdfa0b6e38e12cd
build/swiftpm/armv6-unknown-linux-gnueabihf/release/GiftUILayoutFailureAdapterFixture.build/sources	dc0b7fdd248893e73ceaa18cd718a6807bc8b350d17fa1470d6ee995c6ed60b0
build/swiftpm/armv6-unknown-linux-gnueabihf/release/GiftUIObservableState.build/GiftUIObservableState.d	f3b6ee6f2c2e6510c957ae6c00366027816b3caa6e3a0790479ba240bba6aae7
build/swiftpm/armv6-unknown-linux-gnueabihf/release/GiftUIObservableState.build/GiftUIObservableState.dia	2c72d5afff8cce441f2f8299a18215b0bf79605aa7eb05839e38f7949b46c0e2
build/swiftpm/armv6-unknown-linux-gnueabihf/release/GiftUIObservableState.build/ObservableStateAssociationLifecycle.swift.o	cb91daa112ded2773fe2c14019cd232c45dd59cb41c6f35c825d9f7c4640ab77
build/swiftpm/armv6-unknown-linux-gnueabihf/release/GiftUIObservableState.build/ObservableStateAttachmentGenerationAllocator.swift.o	7ad7b28188bb83ec615a100390dacecbf40711650254e62824c36b703540643f
build/swiftpm/armv6-unknown-linux-gnueabihf/release/GiftUIObservableState.build/ObservableStateBindingDecorator.swift.o	7d4e38581e236658e0b2ebaca38bc6ac0a29be8870ea7a314480025133657447
build/swiftpm/armv6-unknown-linux-gnueabihf/release/GiftUIObservableState.build/ObservableStateCandidateLifecycle.swift.o	0adcc0a318b345d5a59ab107fb7f4f9ec8c35c2f165be95ca2abe58a6832191a
build/swiftpm/armv6-unknown-linux-gnueabihf/release/GiftUIObservableState.build/ObservableStateDirtyDerivation.swift.o	0d5a2f84dedf0bb9b672391bc432c4c135d1f2fea8acbebca5af7a0d68dd2dd2
build/swiftpm/armv6-unknown-linux-gnueabihf/release/GiftUIObservableState.build/ObservableStateMutationResultSlot.swift.o	804ceb0de3870ddbc18d9211ea80b011f6d1cd73ad3b90266f84df4757a2713e
build/swiftpm/armv6-unknown-linux-gnueabihf/release/GiftUIObservableState.build/ObservableStateProtocols.swift.o	10b50f8bc2b4b4d6f8d886944a4165bfbb907c259191e9a0dc836b63ae55207a
build/swiftpm/armv6-unknown-linux-gnueabihf/release/GiftUIObservableState.build/ObservableStateRegistrationBridge.swift.o	1fe2b9ac160984fd3c44858d0f9d2886a3be4a06d0f95fd8051a0215c3d9d947
build/swiftpm/armv6-unknown-linux-gnueabihf/release/GiftUIObservableState.build/ObservableStateRegistrationLifecycle.swift.o	2b13f50e0442a771174a0ec2a4763afccfa2639fa363c81d2f61cbe50b05eb67
build/swiftpm/armv6-unknown-linux-gnueabihf/release/GiftUIObservableState.build/ObservableStateReplacementBridge.swift.o	68ffbd73d21010397167ab63402416a07246067e6a735bc39a6aea7ec3344987
build/swiftpm/armv6-unknown-linux-gnueabihf/release/GiftUIObservableState.build/ObservableStateReplacementTransaction.swift.o	8a6e0e6741f59c4f5f2f081a55dfb35c9c09bad0da9be5e66a7618c83c7d5c43
build/swiftpm/armv6-unknown-linux-gnueabihf/release/GiftUIObservableState.build/ObservableStateReportGuard.swift.o	b575d810b17012dcca42c66772c426999cb8be382e2e7a7f2248d29544a54655
build/swiftpm/armv6-unknown-linux-gnueabihf/release/GiftUIObservableState.build/ObservableStateReportRoute.swift.o	c00426075d1d0872158f034d3a9413246414e5b93f5fa0716822ab9993b900e4
build/swiftpm/armv6-unknown-linux-gnueabihf/release/GiftUIObservableState.build/ObservableStateTargetLifetime.swift.o	621e62ad05dd399ffa2d618aca4f8a60979331285f77e48879eda7aac6e51b23
build/swiftpm/armv6-unknown-linux-gnueabihf/release/GiftUIObservableState.build/ObservableStateTargetLookupSlot.swift.o	b920b82d2df9e6af429a6973c3e797e074ae862bedec52b315fab68dcca77dd0
build/swiftpm/armv6-unknown-linux-gnueabihf/release/GiftUIObservableState.build/ObservableStateValues.swift.o	65f11425972f29b58f5e5f43ac5c0c46c2e1b08207b5960f8fdb875e0a41f14d
build/swiftpm/armv6-unknown-linux-gnueabihf/release/GiftUIObservableState.build/PresentationFactAdmission.swift.o	f4aaeb8a60a08dacf759652c108190d4408e96135f4b63651075e2aec177c7fc
build/swiftpm/armv6-unknown-linux-gnueabihf/release/GiftUIObservableState.build/include/GiftUIObservableState-Swift.h	20f9d018d7d61e09a3a1c4b87933e7bfb8fede8fb8ab51991ab906484af9e855
build/swiftpm/armv6-unknown-linux-gnueabihf/release/GiftUIObservableState.build/include/module.modulemap	5377304282682b27ad26eac6f293b208cfd1ac4ccb73ab5a0eb036002b7b1fd2
build/swiftpm/armv6-unknown-linux-gnueabihf/release/GiftUIObservableState.build/output-file-map.json	073d73d8e5771535b380fb0e6462b56c7497af29e56577e25df096949715cb01
build/swiftpm/armv6-unknown-linux-gnueabihf/release/GiftUIObservableState.build/sources	e7411f49f5b50eb2cf4b59764235314d9804fc4421816e6a584d64e0fd046c20
build/swiftpm/armv6-unknown-linux-gnueabihf/release/GiftUIObservableStateFailureAdapterFixture.build/GiftUIObservableStateFailureAdapterFixture.d	6ba9db84b367976c6b009fd3136630c23c39618e303b93319eb49b15018703d1
build/swiftpm/armv6-unknown-linux-gnueabihf/release/GiftUIObservableStateFailureAdapterFixture.build/GiftUIObservableStateFailureAdapterFixture.dia	2c72d5afff8cce441f2f8299a18215b0bf79605aa7eb05839e38f7949b46c0e2
build/swiftpm/armv6-unknown-linux-gnueabihf/release/GiftUIObservableStateFailureAdapterFixture.build/ObservableStateFailureAdapter.swift.o	fe5c5845db1ac973bec3fad9870d12e176d43d33774f027b52af387eb8574b69
build/swiftpm/armv6-unknown-linux-gnueabihf/release/GiftUIObservableStateFailureAdapterFixture.build/include/GiftUIObservableStateFailureAdapterFixture-Swift.h	e4a3e73447b114bc6d6f1488e7b6498ab79617955bb9726e1a86d42be0c66e65
build/swiftpm/armv6-unknown-linux-gnueabihf/release/GiftUIObservableStateFailureAdapterFixture.build/include/module.modulemap	3baa9d6f11df20476bca526226f103c44f05ee81a1e9b5138c3394588687e500
build/swiftpm/armv6-unknown-linux-gnueabihf/release/GiftUIObservableStateFailureAdapterFixture.build/output-file-map.json	07e3d14c63cb99a440eb0cc8c3699a57a30ab1f58c1ae74274b7df198a085e41
build/swiftpm/armv6-unknown-linux-gnueabihf/release/GiftUIObservableStateFailureAdapterFixture.build/sources	bdc582fa7257852e0d0763f48247aecfc7c831222c92ca72be4c6797a102303f
build/swiftpm/armv6-unknown-linux-gnueabihf/release/GiftUIPlatformRaspberryPi.build/GiftUIPlatformRaspberryPi.d	127966ab327dc33111185073251f5bf5d92a6cc836a72a17dd3a92c9be2c6beb
build/swiftpm/armv6-unknown-linux-gnueabihf/release/GiftUIPlatformRaspberryPi.build/GiftUIPlatformRaspberryPi.dia	2c72d5afff8cce441f2f8299a18215b0bf79605aa7eb05839e38f7949b46c0e2
build/swiftpm/armv6-unknown-linux-gnueabihf/release/GiftUIPlatformRaspberryPi.build/LinuxPiScreenDevices.swift.o	e3b66177854b4faf435b13c7103b51006ba5d026cefd2201d47f7b04bb1357ea
build/swiftpm/armv6-unknown-linux-gnueabihf/release/GiftUIPlatformRaspberryPi.build/LinuxPiScreenExercise.swift.o	2b527704fe39c4f88abd161c28bd08b9355cf99445a32c6077b07cf3c1b5582d
build/swiftpm/armv6-unknown-linux-gnueabihf/release/GiftUIPlatformRaspberryPi.build/PiScreenConsoleModeOwner.swift.o	acd7727dba5ff2cfe3ebd60821b76aef12c57111e65a54172cb4e024aa6a5042
build/swiftpm/armv6-unknown-linux-gnueabihf/release/GiftUIPlatformRaspberryPi.build/PiScreenDisplayTarget.swift.o	217d13fd4574c7fc9644e269a7a3a7bf1674d319f89a5e773a9eb389e9127c12
build/swiftpm/armv6-unknown-linux-gnueabihf/release/GiftUIPlatformRaspberryPi.build/PiScreenFramebufferProjection.swift.o	7248747847f9fa946eac9e841dec2ab8bf8c9b6e9543ace1905faf2024980f36
build/swiftpm/armv6-unknown-linux-gnueabihf/release/GiftUIPlatformRaspberryPi.build/PiScreenGeometry.swift.o	474e599125f05f8b501845c1f593c4bedcccd69340e442f295d0d186c449a1e8
build/swiftpm/armv6-unknown-linux-gnueabihf/release/GiftUIPlatformRaspberryPi.build/PiScreenInputEventDecoder.swift.o	9b7002ef2dbb591e92c1e778448b7f69eb701ecd01e750360912bdd5ae8400b5
build/swiftpm/armv6-unknown-linux-gnueabihf/release/GiftUIPlatformRaspberryPi.build/include/GiftUIPlatformRaspberryPi-Swift.h	01804018d5c72bfa480f9246eb70a7ada4c76618dbc12ab19fcbb822f9fb6a0e
build/swiftpm/armv6-unknown-linux-gnueabihf/release/GiftUIPlatformRaspberryPi.build/include/module.modulemap	4984aea247a5e7a784e26f6f26479e07dd7983441ce6bcfd1858e5c329c7725f
build/swiftpm/armv6-unknown-linux-gnueabihf/release/GiftUIPlatformRaspberryPi.build/output-file-map.json	a9d3aad990e0e36aba0ea0b87187f4e6eac08d2bdaeefc10e8d4ee94f259a208
build/swiftpm/armv6-unknown-linux-gnueabihf/release/GiftUIPlatformRaspberryPi.build/sources	639397242b7e663942d586edd7f9a5fe4f8023b3d97c84336f0b05dd95576313
build/swiftpm/armv6-unknown-linux-gnueabihf/release/GiftUIRasterCore.build/FullSurfaceRGB565Framebuffer.swift.o	8b43a0befc99e2737ecb61a38934806447e91c073e9b13bbe0ada21b7f0048fd
build/swiftpm/armv6-unknown-linux-gnueabihf/release/GiftUIRasterCore.build/FullSurfaceRGBA8888Buffer.swift.o	dc5b224e5a9cb54b36f5b0fa308d013925a1d97e9c2bf0f9958ee7b7b966229c
build/swiftpm/armv6-unknown-linux-gnueabihf/release/GiftUIRasterCore.build/GiftUIRasterCore.d	006006043530b791c78b36ec30eb7154640fdf6aa84d2541b9845776b776c6fd
build/swiftpm/armv6-unknown-linux-gnueabihf/release/GiftUIRasterCore.build/GiftUIRasterCore.dia	2c72d5afff8cce441f2f8299a18215b0bf79605aa7eb05839e38f7949b46c0e2
build/swiftpm/armv6-unknown-linux-gnueabihf/release/GiftUIRasterCore.build/RGB565TileWorkspace.swift.o	8b95a7b92cda4f058041a14c82eecd253f36fda5b0d32add211a271ebda0bca0
build/swiftpm/armv6-unknown-linux-gnueabihf/release/GiftUIRasterCore.build/RasterBackendContributionAdapter.swift.o	127df8d486c555b883bcb9e43fffa5c9d9b2cf9f7e6b0300cc73305b81b47cd3
build/swiftpm/armv6-unknown-linux-gnueabihf/release/GiftUIRasterCore.build/RasterFillCoverage.swift.o	a9b266838ac52e4140b20a159abca281f722cbaaefd0b6d4213e5ca6783cdd49
build/swiftpm/armv6-unknown-linux-gnueabihf/release/GiftUIRasterCore.build/RasterFrameSink.swift.o	58a6fb6ded0f491f850f5462099b6cd052c53bdf79632df6a41d782204e77ce0
build/swiftpm/armv6-unknown-linux-gnueabihf/release/GiftUIRasterCore.build/RasterFrameWork.swift.o	dfef3ccd8da881d5503a23678da2def80c316ae01d31cf1f89f12e17b679971d
build/swiftpm/armv6-unknown-linux-gnueabihf/release/GiftUIRasterCore.build/RasterGlyphCoverage.swift.o	3327755bb24846ba1e95e99d91ab13b3c228ed536cfc51689616d4002d620730
build/swiftpm/armv6-unknown-linux-gnueabihf/release/GiftUIRasterCore.build/RasterPayloadLimits.swift.o	9accae5d6b2c5d955deab3d54605f96ede8120acaa898958931b79dd66ba5ee8
build/swiftpm/armv6-unknown-linux-gnueabihf/release/GiftUIRasterCore.build/RasterStrokeCoverage.swift.o	6599dcac5c2115d8f27d5f6deb2de9e67684708fc55026ec05e8e7c25650a9ed
build/swiftpm/armv6-unknown-linux-gnueabihf/release/GiftUIRasterCore.build/RasterWorkTracker.swift.o	1b1e44ed8e3211122b70e7049cc1a0852a5b93a12208cd67a5d6b4f46dd90523
build/swiftpm/armv6-unknown-linux-gnueabihf/release/GiftUIRasterCore.build/include/GiftUIRasterCore-Swift.h	4dc4ce556a79769a75e3d719f8334800553cfecddfe71e6bddf28964bc66a672
build/swiftpm/armv6-unknown-linux-gnueabihf/release/GiftUIRasterCore.build/include/module.modulemap	4edb2a002fbbc9dcc8c63799352407faa05cd2bc669d734166dc2fe13a8943e4
build/swiftpm/armv6-unknown-linux-gnueabihf/release/GiftUIRasterCore.build/output-file-map.json	84e7f958ada8fde75102716c616825426c9842030902c44914c8cd5b286f2e0d
build/swiftpm/armv6-unknown-linux-gnueabihf/release/GiftUIRasterCore.build/sources	950b7dc1dbe0e0a7ae0aef6236fb6eacb6c60806262b4f23046884180f12a0f2
build/swiftpm/armv6-unknown-linux-gnueabihf/release/GiftUIReferenceTextResources.build/GiftUIPiCompactTextResources.swift.o	6b9e8363aa1e1f17fdea8ac54708bd75a2831e607c8763417ae9f907458cf47a
build/swiftpm/armv6-unknown-linux-gnueabihf/release/GiftUIReferenceTextResources.build/GiftUIReferenceTextResources.d	455503b2a3f8f9864838c6e5af76bdbcf2dc17ad3297128a3d89c38b6428a9a9
build/swiftpm/armv6-unknown-linux-gnueabihf/release/GiftUIReferenceTextResources.build/GiftUIReferenceTextResources.dia	2c72d5afff8cce441f2f8299a18215b0bf79605aa7eb05839e38f7949b46c0e2
build/swiftpm/armv6-unknown-linux-gnueabihf/release/GiftUIReferenceTextResources.build/GiftUIReferenceTextResources.swift.o	514649b7b8923a1be417548c4b7f7253b64862f16d2d18795711cef09678704e
build/swiftpm/armv6-unknown-linux-gnueabihf/release/GiftUIReferenceTextResources.build/PiCompactBitmapPayload.generated.swift.o	d3bbe52d24794af0c5b3f6ed6459018b152d8c9cf545d60cf20c345a30dc6da2
build/swiftpm/armv6-unknown-linux-gnueabihf/release/GiftUIReferenceTextResources.build/PiCompactCatalogue.generated.swift.o	8555ab57bfa286e17e243d648c04e926d555fc495899184d4aec6c78d5c49687
build/swiftpm/armv6-unknown-linux-gnueabihf/release/GiftUIReferenceTextResources.build/ReferenceBitmapPayload.generated.swift.o	dfcb585e69b8bc842bcee017e1b3336de9b4c88a52bf911d338f1b84217e738b
build/swiftpm/armv6-unknown-linux-gnueabihf/release/GiftUIReferenceTextResources.build/ReferenceCatalogue.generated.swift.o	f772c12d8c7225b23260173488e6fcd48c4a19c96f8a6c28de57482799644a37
build/swiftpm/armv6-unknown-linux-gnueabihf/release/GiftUIReferenceTextResources.build/ReferenceOutlinePayload.generated.swift.o	784c28a82cf176329b09f163ba56b819281d29a60022b41545b0891b20746a4b
build/swiftpm/armv6-unknown-linux-gnueabihf/release/GiftUIReferenceTextResources.build/include/GiftUIReferenceTextResources-Swift.h	2c247caf9a5775ec6bc9c1ac1295a6022b14c38aa4d1a44d946a6b0bc628a7f3
build/swiftpm/armv6-unknown-linux-gnueabihf/release/GiftUIReferenceTextResources.build/include/module.modulemap	dbf11ad0a8a6c5db74c22a056a72c5505c1aa56fffca5137047e043ce4683d10
build/swiftpm/armv6-unknown-linux-gnueabihf/release/GiftUIReferenceTextResources.build/output-file-map.json	92e5d2a3e1317608d4fa36df4ff0e24c3ab9894dc290f04c0ded9cd325cba957
build/swiftpm/armv6-unknown-linux-gnueabihf/release/GiftUIReferenceTextResources.build/sources	84e56cdf60622da0a3eb75834d01313d81b4f6f9f4536b74c7e84f18fcddcbde
build/swiftpm/armv6-unknown-linux-gnueabihf/release/GiftUIRenderCore.build/DrawingOperationSink.swift.o	331ce56d579522b4c06db93a9529bab98c5d0c8f8d274e40e05dd246cb3c2208
build/swiftpm/armv6-unknown-linux-gnueabihf/release/GiftUIRenderCore.build/GiftUIRenderCore.d	b2435c2a8f2ae608a9397f9f22b65843e3449e79feaf0fa836d2e8b5f7325487
build/swiftpm/armv6-unknown-linux-gnueabihf/release/GiftUIRenderCore.build/GiftUIRenderCore.dia	2c72d5afff8cce441f2f8299a18215b0bf79605aa7eb05839e38f7949b46c0e2
build/swiftpm/armv6-unknown-linux-gnueabihf/release/GiftUIRenderCore.build/RenderOperationSink.swift.o	e426a3befd5f00297a2e5a84f431d132cafde2b7c6a885cf999cdbf03aff9390
build/swiftpm/armv6-unknown-linux-gnueabihf/release/GiftUIRenderCore.build/RenderRecordingSink.swift.o	123dbb6af6e54afa9797006eaae06663f3c3657417439b6305070af33dfdd75a
build/swiftpm/armv6-unknown-linux-gnueabihf/release/GiftUIRenderCore.build/RenderValues.swift.o	7bf59870d382ad59ea5ec27421faec39cce80e54e0d0e0afe9d416c47c719cb3
build/swiftpm/armv6-unknown-linux-gnueabihf/release/GiftUIRenderCore.build/include/GiftUIRenderCore-Swift.h	798a376fd1a89614c53b68dc3d107805583c640f14f8e4ff1dde5b6b15704519
build/swiftpm/armv6-unknown-linux-gnueabihf/release/GiftUIRenderCore.build/include/module.modulemap	e71ef9ae6fc62e67b061fb2ddf63c7fbfdc1f06399f04f1a126b6f5fe2036cc4
build/swiftpm/armv6-unknown-linux-gnueabihf/release/GiftUIRenderCore.build/output-file-map.json	2591d21d6e780d0eb157aec1bd813619e16bdaeddb1fd5296ed8d0a564e30f4f
build/swiftpm/armv6-unknown-linux-gnueabihf/release/GiftUIRenderCore.build/sources	39f055f3aa816e1a17b9b189a66f5fe01a0fee8f3b4d68120ac41c1bb7895fe7
build/swiftpm/armv6-unknown-linux-gnueabihf/release/GiftUIRenderFailureAdapterFixture.build/GiftUIRenderFailureAdapterFixture.d	8d6fdb53b9a05c65ea059ee7c7a66809ce7e7cf53fd2972b0ffab224019e8361
build/swiftpm/armv6-unknown-linux-gnueabihf/release/GiftUIRenderFailureAdapterFixture.build/GiftUIRenderFailureAdapterFixture.dia	2c72d5afff8cce441f2f8299a18215b0bf79605aa7eb05839e38f7949b46c0e2
build/swiftpm/armv6-unknown-linux-gnueabihf/release/GiftUIRenderFailureAdapterFixture.build/RenderFailureAdapter.swift.o	8e35ad0447a6c333179924e0c4779c3196b77c5b0713fafbcd8b423ea4d66c5d
build/swiftpm/armv6-unknown-linux-gnueabihf/release/GiftUIRenderFailureAdapterFixture.build/include/GiftUIRenderFailureAdapterFixture-Swift.h	6e82d735db6fa888f9d37964d5e155afcd62dd50c7882e681495514fbd3cd3d5
build/swiftpm/armv6-unknown-linux-gnueabihf/release/GiftUIRenderFailureAdapterFixture.build/include/module.modulemap	7c8674942f1dfbaef83ee30cb3137ca37743209a271b388b4b8db300f46d45ac
build/swiftpm/armv6-unknown-linux-gnueabihf/release/GiftUIRenderFailureAdapterFixture.build/output-file-map.json	30b137f8a7f3002e480ab562abe60bc7d2d57fe1cc994addb0b6bfe48b3fe206
build/swiftpm/armv6-unknown-linux-gnueabihf/release/GiftUIRenderFailureAdapterFixture.build/sources	2b51d93abfb54c403474d060ff00cb4ff83ff9af6a63753b32173463b3ede321
build/swiftpm/armv6-unknown-linux-gnueabihf/release/GiftUIRenderLowering.build/GiftUIRenderLowering.d	e00ed637cd40b574f7176df2c9fe8015d325558ee8504a5143ab620dffe8d895
build/swiftpm/armv6-unknown-linux-gnueabihf/release/GiftUIRenderLowering.build/GiftUIRenderLowering.dia	2c72d5afff8cce441f2f8299a18215b0bf79605aa7eb05839e38f7949b46c0e2
build/swiftpm/armv6-unknown-linux-gnueabihf/release/GiftUIRenderLowering.build/RenderExtensions.swift.o	2018adb246e7ccdaa163771e5387c6c1fcc377e3529133dba4d2ffff35326ab9
build/swiftpm/armv6-unknown-linux-gnueabihf/release/GiftUIRenderLowering.build/RenderPreflight.swift.o	580dfcd361882fdddf9d8ace67f6131b1df3154eaf078d4741df651ad91a3712
build/swiftpm/armv6-unknown-linux-gnueabihf/release/GiftUIRenderLowering.build/RenderProducer.swift.o	afec9dc26f7cad3883fdf442f18da7c2df2797104a6d16821af4429273bc92a8
build/swiftpm/armv6-unknown-linux-gnueabihf/release/GiftUIRenderLowering.build/RenderProductionValues.swift.o	f7f1949b03189bd7b4698dff107eb9a81db1197c5cfe5f13ccd7136b9edff904
build/swiftpm/armv6-unknown-linux-gnueabihf/release/GiftUIRenderLowering.build/RenderStreaming.swift.o	de6341a8f1549d24dd335ad9055dddafcdc87f3b6602e0bbc415faaec89b69ac
build/swiftpm/armv6-unknown-linux-gnueabihf/release/GiftUIRenderLowering.build/include/GiftUIRenderLowering-Swift.h	0ad402476a1c996bff1407a8b50f0f1730a5fd62824bee74dcfeaafe48b7ab75
build/swiftpm/armv6-unknown-linux-gnueabihf/release/GiftUIRenderLowering.build/include/module.modulemap	b10835ebe39d821b7275a470cfe37744eeb86c3869a7abcaae0e4c30c175d00d
build/swiftpm/armv6-unknown-linux-gnueabihf/release/GiftUIRenderLowering.build/output-file-map.json	4bc6641950ce5c26d6a19b1a0751eb88063835c62a87dda38805ddcfa7a18602
build/swiftpm/armv6-unknown-linux-gnueabihf/release/GiftUIRenderLowering.build/sources	6935a1a3c32caf705f279327459cea8f255925b976d548a2778a7a27fb260f72
build/swiftpm/armv6-unknown-linux-gnueabihf/release/GiftUIRuntimeCore.build/GiftUIRuntimeCore.d	5a48ef6fa88b8e91b823d65ab74ccf517dd0e778c26a8a04f6f56c09073db119
build/swiftpm/armv6-unknown-linux-gnueabihf/release/GiftUIRuntimeCore.build/GiftUIRuntimeCore.dia	2c72d5afff8cce441f2f8299a18215b0bf79605aa7eb05839e38f7949b46c0e2
build/swiftpm/armv6-unknown-linux-gnueabihf/release/GiftUIRuntimeCore.build/RuntimeCompletePipeline.swift.o	0f788184a3ff4d154ec37194393bedffd915c9ed3cf2e1a4f60cc107815b1730
build/swiftpm/armv6-unknown-linux-gnueabihf/release/GiftUIRuntimeCore.build/RuntimeCoordinatorCleanup.swift.o	fa76cd2ea467b516095d519a75b854ae1d44d3d1ccde852a054eaf1d9440be64
build/swiftpm/armv6-unknown-linux-gnueabihf/release/GiftUIRuntimeCore.build/RuntimeCoordinatorContracts.swift.o	36f2a4315f35941d448ac8b507bf76d3cef8f04fe9414a746d20c1d3d9d0ef97
build/swiftpm/armv6-unknown-linux-gnueabihf/release/GiftUIRuntimeCore.build/RuntimeCoordinatorLifecycle.swift.o	22e6e66432422b8a51a25919f0dc0244ca4771432617f79436faf457e3989be7
build/swiftpm/armv6-unknown-linux-gnueabihf/release/GiftUIRuntimeCore.build/RuntimeCoordinatorQuiescence.swift.o	532d39271cda2858f043176ee7ab2496528239b4208e2dcb79b2bd0dd936f63b
build/swiftpm/armv6-unknown-linux-gnueabihf/release/GiftUIRuntimeCore.build/RuntimeCoreBoundary.swift.o	b211e8cd9f7e180e1be2501683c730f9f689b686c2f960aedda9a43a11428467
build/swiftpm/armv6-unknown-linux-gnueabihf/release/GiftUIRuntimeCore.build/RuntimeFocusedFailureState.swift.o	d9604af44a01a1acf43ac24369c32c74ebd569ba71f763d5d35bbcce5a1ebff8
build/swiftpm/armv6-unknown-linux-gnueabihf/release/GiftUIRuntimeCore.build/RuntimeInteractionCandidateCoordinator.swift.o	402553b44dc52703725da19aac054b5257f3a75df5b69e8e0817d1fbc57fba93
build/swiftpm/armv6-unknown-linux-gnueabihf/release/GiftUIRuntimeCore.build/RuntimeInteractionCandidateTransaction.swift.o	7c680b15343ef3af8f065a80ec4605b80d8b23cbfa8fadee13606b915f0c299b
build/swiftpm/armv6-unknown-linux-gnueabihf/release/GiftUIRuntimeCore.build/RuntimeInteractionDispatcher.swift.o	93d1f294a360fab3447d07f868f5047c14b8b269e94f7a1e4b05f9839a791b62
build/swiftpm/armv6-unknown-linux-gnueabihf/release/GiftUIRuntimeCore.build/RuntimeInteractionMutationOwner.swift.o	06990d9891b411f3e5d327ccf15d505f1f4d72f469e6f056f1cdcefd3eaa9d9f
build/swiftpm/armv6-unknown-linux-gnueabihf/release/GiftUIRuntimeCore.build/RuntimeObservableProfileWorkspace.swift.o	49f6dcb5a9a0e4040b62992f838a8d2ab774e404bfedf2823e9f38d133a548af
build/swiftpm/armv6-unknown-linux-gnueabihf/release/GiftUIRuntimeCore.build/RuntimeOwnerFailure.swift.o	6162d48bdf5733079265f6a02db926fca5ea7f73f87ede6f975558a832865135
build/swiftpm/armv6-unknown-linux-gnueabihf/release/GiftUIRuntimeCore.build/RuntimeProfileStorage.swift.o	7621b6b3acf401dbb3452bf7ee8b1652c63ccd4720db7282bbea0f343f990ddb
build/swiftpm/armv6-unknown-linux-gnueabihf/release/GiftUIRuntimeCore.build/RuntimeProfileValidation.swift.o	029a364a385838099b539ffd63d8665825c4fcc936387e91058909587965443e
build/swiftpm/armv6-unknown-linux-gnueabihf/release/GiftUIRuntimeCore.build/RuntimeProfileValues.swift.o	0cf567fef72db72d486efd226040706620cb43087d6b5970e35a35f5f69f6d15
build/swiftpm/armv6-unknown-linux-gnueabihf/release/GiftUIRuntimeCore.build/RuntimeStorageRegistry.swift.o	a84d147f88ff213ecf796941f06359cf433f71f7516d07e4f6b00e9713ac2a2c
build/swiftpm/armv6-unknown-linux-gnueabihf/release/GiftUIRuntimeCore.build/include/GiftUIRuntimeCore-Swift.h	68ac3e89af4a957773070b3a50437e068154475ee972618f4bd4f43b9d4be475
build/swiftpm/armv6-unknown-linux-gnueabihf/release/GiftUIRuntimeCore.build/include/module.modulemap	88535ec163eadec4003cb9071b2f5650e743078279c30b80f9be8d1680319565
build/swiftpm/armv6-unknown-linux-gnueabihf/release/GiftUIRuntimeCore.build/output-file-map.json	5d499436a694613a0e0ac291899cd12569c78375397a49796f8431847e44f1d9
build/swiftpm/armv6-unknown-linux-gnueabihf/release/GiftUIRuntimeCore.build/sources	28f26c83197304f4a7d818817667d7f668ab6d17acebabb791fa341170cbd834
build/swiftpm/armv6-unknown-linux-gnueabihf/release/GiftUIRuntimeDynamic.build/DynamicCanvasCallableStorage.swift.o	82ae08f93be3f5b42405d100440b4872f43be7295632bf7794276a72d8f57320
build/swiftpm/armv6-unknown-linux-gnueabihf/release/GiftUIRuntimeDynamic.build/DynamicDrawingPlanWorkspace.swift.o	5bf46d6a89ee933b1372b506555797a33e6a57e13064244e6e5472632818dce3
build/swiftpm/armv6-unknown-linux-gnueabihf/release/GiftUIRuntimeDynamic.build/DynamicInteractionStorage.swift.o	19b3d6618d921600ffdc0a9f3d67e3b0f0a32f4b0dcc252bd28f76ffdeec7592
build/swiftpm/armv6-unknown-linux-gnueabihf/release/GiftUIRuntimeDynamic.build/DynamicLayoutHostStorage.swift.o	49712345bc17742092702ecb673b45f6de22417157e16910e105816d8469bea5
build/swiftpm/armv6-unknown-linux-gnueabihf/release/GiftUIRuntimeDynamic.build/DynamicLivePathStorage.swift.o	872d712060f98a8e02e399dbdff4b3961da1d5803e0f611b853515da78de9d78
build/swiftpm/armv6-unknown-linux-gnueabihf/release/GiftUIRuntimeDynamic.build/DynamicObservableModelRegistration.swift.o	7bef011e83e68daf60edbe6aa61014fb46e1d3d727549e0106ca09d720e6340a
build/swiftpm/armv6-unknown-linux-gnueabihf/release/GiftUIRuntimeDynamic.build/DynamicObservableModelStorage.swift.o	f2d5ae78ecdcf499499f803abebc61a04d99eafb112efcfbb44b26e051f617fc
build/swiftpm/armv6-unknown-linux-gnueabihf/release/GiftUIRuntimeDynamic.build/DynamicObservableProfileSlotStorage.swift.o	f1da704603663e2d0ee63eedc71ed23e2f9988e4a12243fd8815baea0016ea1d
build/swiftpm/armv6-unknown-linux-gnueabihf/release/GiftUIRuntimeDynamic.build/DynamicObservableRootAdapter.swift.o	0478af2d85e30bbc2765887c3e3e2c1e7ddd162c72b08e5f8df8a8fa126bbc91
build/swiftpm/armv6-unknown-linux-gnueabihf/release/GiftUIRuntimeDynamic.build/DynamicObservableRootTargetAccess.swift.o	2e43216bc005c9450169b142f858468e04fcbdf849f42c1f13c277a84ddceb32
build/swiftpm/armv6-unknown-linux-gnueabihf/release/GiftUIRuntimeDynamic.build/DynamicObservableStateReconciler.swift.o	fc378ccfbf8bc08ff803b6e13131fcfc6255ee42535e926dd9c27d2f2a62b881
build/swiftpm/armv6-unknown-linux-gnueabihf/release/GiftUIRuntimeDynamic.build/DynamicProfileBoundary.swift.o	4c44454daa2079b1f9cae3db4ad77a12b926e856c7fc69709b1172e8261273c3
build/swiftpm/armv6-unknown-linux-gnueabihf/release/GiftUIRuntimeDynamic.build/DynamicProfileStorage.swift.o	8489ec587d7ada6239baded882cfaa54fd0edcb2bcfc7dd0562c7e2658b3c809
build/swiftpm/armv6-unknown-linux-gnueabihf/release/GiftUIRuntimeDynamic.build/DynamicRenderWorkspace.swift.o	b29f532a1dccc3edd6999bbf4026d190f2299371654be9b072e2a947322376c4
build/swiftpm/armv6-unknown-linux-gnueabihf/release/GiftUIRuntimeDynamic.build/DynamicRuntimeExecutionCoordinator.swift.o	4f6f700258c40589bb675a765fa66a657d684377142b6383c6e00496adc7c4ae
build/swiftpm/armv6-unknown-linux-gnueabihf/release/GiftUIRuntimeDynamic.build/DynamicRuntimeProfileBinding.swift.o	540d3db7bd386048c89ea4b78c640b7f80bf7e53f33c2cac58f19ce49662e4de
build/swiftpm/armv6-unknown-linux-gnueabihf/release/GiftUIRuntimeDynamic.build/DynamicSemanticHostStorage.swift.o	ce1b59b992e5f2d4d4982c5a1141d84597005e241022db43ba10a7750c47a30f
build/swiftpm/armv6-unknown-linux-gnueabihf/release/GiftUIRuntimeDynamic.build/GiftUIRuntimeDynamic.d	800c7c7a71d3fe4ef70a87945ae72692f512ca47ef71179ebc44ba4fa356f1d6
build/swiftpm/armv6-unknown-linux-gnueabihf/release/GiftUIRuntimeDynamic.build/GiftUIRuntimeDynamic.dia	2c72d5afff8cce441f2f8299a18215b0bf79605aa7eb05839e38f7949b46c0e2
build/swiftpm/armv6-unknown-linux-gnueabihf/release/GiftUIRuntimeDynamic.build/include/GiftUIRuntimeDynamic-Swift.h	78da9b9b15d619b5bd7172c8fde33df3bfb60ca0c9025305365b9ec012c9e69e
build/swiftpm/armv6-unknown-linux-gnueabihf/release/GiftUIRuntimeDynamic.build/include/module.modulemap	6f800159da161e6b1e4fe662afe49cc4b01bf652c35da80c69b351da2487c2c4
build/swiftpm/armv6-unknown-linux-gnueabihf/release/GiftUIRuntimeDynamic.build/output-file-map.json	7fa6a243af19e47f98fd53bd935534ca619ed0896d8922b7c836ebb2a000761b
build/swiftpm/armv6-unknown-linux-gnueabihf/release/GiftUIRuntimeDynamic.build/sources	2e7ffd80a86de164b55462f1059e84d37c5fc8148478a1de1bd75222e69d05a7
build/swiftpm/armv6-unknown-linux-gnueabihf/release/GiftUIRuntimeFailureAdapterFixture.build/GiftUIRuntimeFailureAdapterFixture.d	3172d1cf8f958f5413c7d1cfaaf393a28da37191f05d4c87513dc787833845c4
build/swiftpm/armv6-unknown-linux-gnueabihf/release/GiftUIRuntimeFailureAdapterFixture.build/GiftUIRuntimeFailureAdapterFixture.dia	2c72d5afff8cce441f2f8299a18215b0bf79605aa7eb05839e38f7949b46c0e2
build/swiftpm/armv6-unknown-linux-gnueabihf/release/GiftUIRuntimeFailureAdapterFixture.build/RuntimeFailureAdapterBoundary.swift.o	cadbf0cf0c67918f08847d0e32d5c107cc3f91558c07cd3b566bf8a2b1fb2e07
build/swiftpm/armv6-unknown-linux-gnueabihf/release/GiftUIRuntimeFailureAdapterFixture.build/include/GiftUIRuntimeFailureAdapterFixture-Swift.h	05e076bddf411281c2574684de9771c45e4b6ba9345a54eca68c52ec1a9a8f78
build/swiftpm/armv6-unknown-linux-gnueabihf/release/GiftUIRuntimeFailureAdapterFixture.build/include/module.modulemap	c54baccd76ffb12203018c471230ef1b6b2f7365b35e59adda4f5eaf6f55473d
build/swiftpm/armv6-unknown-linux-gnueabihf/release/GiftUIRuntimeFailureAdapterFixture.build/output-file-map.json	e44baf805dc520d141bed00c99c72b827cc28fa35f1b43820f5a1963e19128b7
build/swiftpm/armv6-unknown-linux-gnueabihf/release/GiftUIRuntimeFailureAdapterFixture.build/sources	69bd739b2515b59ead97fad03ebaa06b6252f7322e0b51ebf08dabb5ba05e669
build/swiftpm/armv6-unknown-linux-gnueabihf/release/GiftUIRuntimeStatic.build/GiftUIRuntimeStatic.d	dae29227ed7046247f2cb57b4d6f9eda5f89e7bbda916cf6c114ed4938ef851f
build/swiftpm/armv6-unknown-linux-gnueabihf/release/GiftUIRuntimeStatic.build/GiftUIRuntimeStatic.dia	2c72d5afff8cce441f2f8299a18215b0bf79605aa7eb05839e38f7949b46c0e2
build/swiftpm/armv6-unknown-linux-gnueabihf/release/GiftUIRuntimeStatic.build/StaticCanvasHostHandle.swift.o	e818beff02d132b49a5dcb64e56dab5372c0a9d481118a399dfc902daaf5bb59
build/swiftpm/armv6-unknown-linux-gnueabihf/release/GiftUIRuntimeStatic.build/StaticCanvasOccurrence.swift.o	5593db2b1cc0b4dab974ac0edca63b3e3f4255b50a73e40e3fe8d8fb7fac8bbf
build/swiftpm/armv6-unknown-linux-gnueabihf/release/GiftUIRuntimeStatic.build/StaticGeneratedProfileMetadata.swift.o	b4ba7ed6fbc6908671e8925cd6f7059616b21008929807ccd31c8632e978cc68
build/swiftpm/armv6-unknown-linux-gnueabihf/release/GiftUIRuntimeStatic.build/StaticInteractionStorage.swift.o	cf5f0c8d5da99ddb966dfa92f50e746cdb5fa78fd20f2f9528126f9c690b7781
build/swiftpm/armv6-unknown-linux-gnueabihf/release/GiftUIRuntimeStatic.build/StaticObservableModelStorage.swift.o	04553c788d1e19d66b0bcedf15fc3eeb209a0fe02f22c43f598d4a82aa9a247b
build/swiftpm/armv6-unknown-linux-gnueabihf/release/GiftUIRuntimeStatic.build/StaticObservableProfileSlotStorage.swift.o	a32a447e0de61d913676e5a9416c85365556e6af4e83346a9463ea4fc0264554
build/swiftpm/armv6-unknown-linux-gnueabihf/release/GiftUIRuntimeStatic.build/StaticObservableRegistrationRecord.swift.o	ad4a207f8828f87995d0fe097af866aee8e8f0efd6e15d21470b7c0f63e2e545
build/swiftpm/armv6-unknown-linux-gnueabihf/release/GiftUIRuntimeStatic.build/StaticObservableRootAdapter.swift.o	ea6192aca6aaf0703e5122ec0abf899fd4668b60dbbeed0a5e360712c9748ede
build/swiftpm/armv6-unknown-linux-gnueabihf/release/GiftUIRuntimeStatic.build/StaticObservableRootTargetAccess.swift.o	93423b6af921133805267dcc1f89150dc4e2f76c4c218b4beb7949992c53b3d5
build/swiftpm/armv6-unknown-linux-gnueabihf/release/GiftUIRuntimeStatic.build/StaticProfileBoundary.swift.o	98d6d06d74fb73e3e53dc1cc577771b3d09fc0ad8628998f0b81ba6260ed8a50
build/swiftpm/armv6-unknown-linux-gnueabihf/release/GiftUIRuntimeStatic.build/StaticProfileStorage.swift.o	f1374f5bcee1f97864d290e000fb1322b51eca10e21132c7f6c9132aaa864e45
build/swiftpm/armv6-unknown-linux-gnueabihf/release/GiftUIRuntimeStatic.build/StaticRuntimeExecutionCoordinator.swift.o	d6acf61cb643faacb1425ad6bb10085f9c85c0d02465df0934e6a98c33618fc1
build/swiftpm/armv6-unknown-linux-gnueabihf/release/GiftUIRuntimeStatic.build/StaticRuntimeProfileBinding.swift.o	f07daa66f0535be340ccbc1443007dbe95ba87bd89440bd38ac35caf0fcb0549
build/swiftpm/armv6-unknown-linux-gnueabihf/release/GiftUIRuntimeStatic.build/include/GiftUIRuntimeStatic-Swift.h	480152446d0586c1c89e617139d2aabd29c09e75e8f27a1126e8b1c8a6606524
build/swiftpm/armv6-unknown-linux-gnueabihf/release/GiftUIRuntimeStatic.build/include/module.modulemap	100a64b297ef2a8a7668fbe3d1834fee885d542f9d48ba42cb0e1a9cf000ff64
build/swiftpm/armv6-unknown-linux-gnueabihf/release/GiftUIRuntimeStatic.build/output-file-map.json	294d3edc9eaa368792f65b3c3d94630694ca61cc724c53242a1852306b79e42c
build/swiftpm/armv6-unknown-linux-gnueabihf/release/GiftUIRuntimeStatic.build/sources	9849481b33b517236f2276478cd35890ecce16ca3f7797992d13ed06db8f7acd
build/swiftpm/armv6-unknown-linux-gnueabihf/release/GiftUISemanticCore.build/GiftUISemanticCore.d	690d5cded295a3f3ebf0c0d5b6ca3a822eeda91fe27b905ba908166e38fdd8b1
build/swiftpm/armv6-unknown-linux-gnueabihf/release/GiftUISemanticCore.build/GiftUISemanticCore.dia	2c72d5afff8cce441f2f8299a18215b0bf79605aa7eb05839e38f7949b46c0e2
build/swiftpm/armv6-unknown-linux-gnueabihf/release/GiftUISemanticCore.build/GiftUISemanticCore.swift.o	50886ea08bee9a081eb34cedabe1c10537b6f2ad9d2e3c3810a25c3ba2c05acc
build/swiftpm/armv6-unknown-linux-gnueabihf/release/GiftUISemanticCore.build/SemanticLayoutView.swift.o	eac89fbc6cdfb0cce78f73b6896d8908804c013c0ad746edae6abc0c4c5c0f64
build/swiftpm/armv6-unknown-linux-gnueabihf/release/GiftUISemanticCore.build/SemanticRenderView.swift.o	0d5ab93f5e104acad873d1a467a91e198122cba9a19121806356531c07802fc7
build/swiftpm/armv6-unknown-linux-gnueabihf/release/GiftUISemanticCore.build/include/GiftUISemanticCore-Swift.h	6ca2e6120232ea9bca2d7bcace56fa5ec9550419e1a047ab650fd9cba900bc41
build/swiftpm/armv6-unknown-linux-gnueabihf/release/GiftUISemanticCore.build/include/module.modulemap	36aff942f3bf734f5cb0a13d5385f06ff8151ddbf0fce9edfd0f67357ce08cd9
build/swiftpm/armv6-unknown-linux-gnueabihf/release/GiftUISemanticCore.build/output-file-map.json	512728e39efe1d7296c8f15707b83962cf7a271c5b2e2ad7aa6a1a217758dd55
build/swiftpm/armv6-unknown-linux-gnueabihf/release/GiftUISemanticCore.build/sources	439219a0a59c49a9ebe73915ec39871b520374c0b9399b21a0267a1ff212bb12
build/swiftpm/armv6-unknown-linux-gnueabihf/release/GiftUISemanticFailureAdapterFixture.build/GiftUISemanticFailureAdapterFixture.d	2209ba9515435ffe5da10ca9265564f06542a35732e8e3c8f3f28d9c15d7ec9f
build/swiftpm/armv6-unknown-linux-gnueabihf/release/GiftUISemanticFailureAdapterFixture.build/GiftUISemanticFailureAdapterFixture.dia	2c72d5afff8cce441f2f8299a18215b0bf79605aa7eb05839e38f7949b46c0e2
build/swiftpm/armv6-unknown-linux-gnueabihf/release/GiftUISemanticFailureAdapterFixture.build/SemanticFailureAdapter.swift.o	9fd92560f22bb7ac019780e3576dd3a87a4c524e28ef862df0b8653e8aee7885
build/swiftpm/armv6-unknown-linux-gnueabihf/release/GiftUISemanticFailureAdapterFixture.build/include/GiftUISemanticFailureAdapterFixture-Swift.h	992cfefcf4debcb22f6b91196a50504f5feadb06e11f526087d6565ba1cbbf95
build/swiftpm/armv6-unknown-linux-gnueabihf/release/GiftUISemanticFailureAdapterFixture.build/include/module.modulemap	baed16658580dac0cf694cb7a3bcc1f9a29c925695c1be1d9eb4a33c05a7886f
build/swiftpm/armv6-unknown-linux-gnueabihf/release/GiftUISemanticFailureAdapterFixture.build/output-file-map.json	1777ccc95c2af9a6e7966831129916302baa5985564bdd9c2fa9279d1b406db1
build/swiftpm/armv6-unknown-linux-gnueabihf/release/GiftUISemanticFailureAdapterFixture.build/sources	cb8c4d6e349caf0f6f9e5f665b8ffed63b33e33e637e5aacab119b7ef1e5231d
build/swiftpm/armv6-unknown-linux-gnueabihf/release/GiftUISurfaceCore.build/GiftUISurfaceCore.d	a7fc096a391b78bfe00675de5b37fc5cc361dfd86fddf7ff3844d9d70ddaeda8
build/swiftpm/armv6-unknown-linux-gnueabihf/release/GiftUISurfaceCore.build/GiftUISurfaceCore.dia	2c72d5afff8cce441f2f8299a18215b0bf79605aa7eb05839e38f7949b46c0e2
build/swiftpm/armv6-unknown-linux-gnueabihf/release/GiftUISurfaceCore.build/RasterSurface.swift.o	a5ec0daa6b79344c76f19bf55a7d0577190f6216557c8ade23e4f834704057b0
build/swiftpm/armv6-unknown-linux-gnueabihf/release/GiftUISurfaceCore.build/SurfaceValues.swift.o	d1b759ba2fce8cb772ce82bc9c25459bd7606b7d28b4779d00851f8d6ed93076
build/swiftpm/armv6-unknown-linux-gnueabihf/release/GiftUISurfaceCore.build/include/GiftUISurfaceCore-Swift.h	74d53c15c1a10974b6b40db6fffba787091ee830f3fd881ee71a42e36da7b411
build/swiftpm/armv6-unknown-linux-gnueabihf/release/GiftUISurfaceCore.build/include/module.modulemap	2e0b8c7840c50be839bd4d7bc65449a732bcbda54243866a390387c313e6e0cc
build/swiftpm/armv6-unknown-linux-gnueabihf/release/GiftUISurfaceCore.build/output-file-map.json	f7de868d78d3b7433a784ddb441da3b60fbf843129fd646b6ae9993c1cf625fb
build/swiftpm/armv6-unknown-linux-gnueabihf/release/GiftUISurfaceCore.build/sources	0c3c28bdde8dfc9a832118442b9a5a1cb33f98136630644882d14bf06a053e8c
build/swiftpm/armv6-unknown-linux-gnueabihf/release/GiftUITextResourceFailureAdapterFixture.build/GiftUITextResourceFailureAdapterFixture.d	0a211c6ad1721f718e987bcf854ce7ecdb67dc8c00348c75417503310e151e14
build/swiftpm/armv6-unknown-linux-gnueabihf/release/GiftUITextResourceFailureAdapterFixture.build/GiftUITextResourceFailureAdapterFixture.dia	2c72d5afff8cce441f2f8299a18215b0bf79605aa7eb05839e38f7949b46c0e2
build/swiftpm/armv6-unknown-linux-gnueabihf/release/GiftUITextResourceFailureAdapterFixture.build/GiftUITextResourceFailureAdapterFixture.swift.o	e46278200ca6018741cddf8c91ad8ac65ea20dd41c82b28dfdcb9341e6b14f7e
build/swiftpm/armv6-unknown-linux-gnueabihf/release/GiftUITextResourceFailureAdapterFixture.build/include/GiftUITextResourceFailureAdapterFixture-Swift.h	5fa17ae1c6bdb1349fff00016ae41af8fb3c3b90c9656a6cbab90f7fcb0edc7b
build/swiftpm/armv6-unknown-linux-gnueabihf/release/GiftUITextResourceFailureAdapterFixture.build/include/module.modulemap	ddbf4499d2cf878f7dc2b627395c49f1bec0763bdca429399edef4f0d2d48f50
build/swiftpm/armv6-unknown-linux-gnueabihf/release/GiftUITextResourceFailureAdapterFixture.build/output-file-map.json	1325332457084dc0dc2b2f0bf49aab1185ee50b80dde3c3e5ac2ae9c94e27133
build/swiftpm/armv6-unknown-linux-gnueabihf/release/GiftUITextResourceFailureAdapterFixture.build/sources	68f32815074638d34018764880835d7fc93107688f3fc27bd31ed423a64b8901
build/swiftpm/armv6-unknown-linux-gnueabihf/release/GiftUITextResources.build/GiftUITextResources.d	95de083b466ba905ffc0670c1aa9d85045567312d61cfeb3186f1cea31809ca3
build/swiftpm/armv6-unknown-linux-gnueabihf/release/GiftUITextResources.build/GiftUITextResources.dia	2c72d5afff8cce441f2f8299a18215b0bf79605aa7eb05839e38f7949b46c0e2
build/swiftpm/armv6-unknown-linux-gnueabihf/release/GiftUITextResources.build/GiftUITextResources.swift.o	089d11545ec9fedb8f8c0108c464689e4bce03d81e5a0fbf1508ac91f786890d
build/swiftpm/armv6-unknown-linux-gnueabihf/release/GiftUITextResources.build/include/GiftUITextResources-Swift.h	5d5b46dc1044ac5b20981c657efe942732bdb0f49d7c045d848bf7609bcd4e99
build/swiftpm/armv6-unknown-linux-gnueabihf/release/GiftUITextResources.build/include/module.modulemap	8e269de38f64feaf431bcdabc7e27c0e0d711caa4662b32bba3978ef5cf556d4
build/swiftpm/armv6-unknown-linux-gnueabihf/release/GiftUITextResources.build/output-file-map.json	58d9b8f5862e4708235ed26b1795e28682f0330f9a8546bc97d39bc0c0b1b039
build/swiftpm/armv6-unknown-linux-gnueabihf/release/GiftUITextResources.build/sources	264d51c9cf08831330a4e521e8fca04f9088a22df7f4971c9efd2e6571ed34d9
build/swiftpm/armv6-unknown-linux-gnueabihf/release/ModuleCache/3LQI6LCOT1Z3O/SwiftGlibc-L5WNXN02X9B9.pcm	33f54e7160ec566ff20058931f01169d280f4a039405da3a2aa72ca40bb7feab
build/swiftpm/armv6-unknown-linux-gnueabihf/release/ModuleCache/3LQI6LCOT1Z3O/SwiftOverlayShims-23XBJIVCAZUQI.pcm	b9f89c1e7208f17b53fc43526f2def40cdb3fca17e11ca305f6875c90aa88a59
build/swiftpm/armv6-unknown-linux-gnueabihf/release/ModuleCache/3LQI6LCOT1Z3O/SwiftShims-23XBJIVCAZUQI.pcm	ab33847c33f5695dcae64b9449513ef55a17d2340ed794213f4f6a351af8965d
build/swiftpm/armv6-unknown-linux-gnueabihf/release/ModuleCache/3LQI6LCOT1Z3O/_Builtin_stddef-1IVK1BOJ1SPEL.pcm	4f1ea36536b41a33a7bbe9ac3985039d6eca48bd26e0c27d55bfc0ecc4ef47b1
build/swiftpm/armv6-unknown-linux-gnueabihf/release/ModuleCache/3LQI6LCOT1Z3O/_SwiftConcurrencyShims-23XBJIVCAZUQI.pcm	d0121273bc79016653937365e3095dd339ed5256f24178e4847afefbaaf8bb7b
build/swiftpm/armv6-unknown-linux-gnueabihf/release/ModuleCache/modules.timestamp	e3b0c44298fc1c149afbf4c8996fb92427ae41e4649b934ca495991b7852b855
build/swiftpm/armv6-unknown-linux-gnueabihf/release/Modules/GiftUI.swiftdoc	1bdf9682c49505b3b35fdbdc6dd038268a660ce07c5cdf5e95a583f4acd78049
build/swiftpm/armv6-unknown-linux-gnueabihf/release/Modules/GiftUI.swiftmodule	ee329afd0c9a287a8e9cae1a436fc7ed21933e73d107a7d77f2dd817c11c1186
build/swiftpm/armv6-unknown-linux-gnueabihf/release/Modules/GiftUI.swiftsourceinfo	886fb70e4adfe848e1639a653b817878d9d8388c1cea180522c60fca98243306
build/swiftpm/armv6-unknown-linux-gnueabihf/release/Modules/GiftUIBackendIntegration.swiftdoc	58f2e86add9f79174835ee2b661b0a28acb8ffae0656d890feb2ef99a4f76407
build/swiftpm/armv6-unknown-linux-gnueabihf/release/Modules/GiftUIBackendIntegration.swiftmodule	c065310f51baef916d2ebe321fb89e3a9d9ddcfbbc0eb611808dda0fc25cbff4
build/swiftpm/armv6-unknown-linux-gnueabihf/release/Modules/GiftUIBackendIntegration.swiftsourceinfo	32eba739990a46d7bc20bc6a6b4fbabb89f23d961cda9541db202140ee088115
build/swiftpm/armv6-unknown-linux-gnueabihf/release/Modules/GiftUICapabilities.swiftdoc	e9bb0c79a10a696a9837476c1db6b3ba688414c807593fa567f37abb767b9238
build/swiftpm/armv6-unknown-linux-gnueabihf/release/Modules/GiftUICapabilities.swiftmodule	55f7144a448ad9bcc6094e924a77e5273445774511382326c2cd7ccf4e8523d9
build/swiftpm/armv6-unknown-linux-gnueabihf/release/Modules/GiftUICapabilities.swiftsourceinfo	fdd1476461c7dc0be2dedf7eb21996b11dde37235bacc9c23cabed451df3b236
build/swiftpm/armv6-unknown-linux-gnueabihf/release/Modules/GiftUICapabilityFailureAdapterFixture.swiftdoc	88d9ebc4af1135257059c8c87c050c05107f3abd86accee61dd7bc9202f70c7e
build/swiftpm/armv6-unknown-linux-gnueabihf/release/Modules/GiftUICapabilityFailureAdapterFixture.swiftmodule	936df1e9bce011f33482e3f442807cc2a51a80ac312444023d54b0f296ccaabd
build/swiftpm/armv6-unknown-linux-gnueabihf/release/Modules/GiftUICapabilityFailureAdapterFixture.swiftsourceinfo	788d5494c1c68218f279d29228dbe3a1d11abcf5bda08ea27256bc713f30e0de
build/swiftpm/armv6-unknown-linux-gnueabihf/release/Modules/GiftUIDisplayCore.swiftdoc	1fa0ef4e32412a4924ffd2590bdf58532b5732e2390d6c1537e71eb63d8fa10b
build/swiftpm/armv6-unknown-linux-gnueabihf/release/Modules/GiftUIDisplayCore.swiftmodule	500cd384df22194b9693b302886ded2e049cd0fc99d5a56bc9eb8ce03d53a395
build/swiftpm/armv6-unknown-linux-gnueabihf/release/Modules/GiftUIDisplayCore.swiftsourceinfo	f6e3cfee9ec727c4812498d891d8ad6ebb2714989343fb7bb8abc69b21635bdc
build/swiftpm/armv6-unknown-linux-gnueabihf/release/Modules/GiftUIDrawing.swiftdoc	0242a6b244b0cd8ac1a8841e4ecd7b61899ad179a11031dc0f7901e69ce59c12
build/swiftpm/armv6-unknown-linux-gnueabihf/release/Modules/GiftUIDrawing.swiftmodule	6ea59b37b24aab50e1006bb8fcc60c1f275de1b8b5a56c8b120832a43a6804d3
build/swiftpm/armv6-unknown-linux-gnueabihf/release/Modules/GiftUIDrawing.swiftsourceinfo	17069abfd3e906718a4ecfbc96f0b928d59813ea67d8de4c3d5f76978f7be040
build/swiftpm/armv6-unknown-linux-gnueabihf/release/Modules/GiftUIDrawingFailureAdapterFixture.swiftdoc	b901de5213c96ea92c68048bf8dac67ddebfa1e5dc29929b72d6a272cbea6bc3
build/swiftpm/armv6-unknown-linux-gnueabihf/release/Modules/GiftUIDrawingFailureAdapterFixture.swiftmodule	24cb8667f0b5dfa3db20da58ddfa73ee369b188d9712f385a795ad3ecf7125cc
build/swiftpm/armv6-unknown-linux-gnueabihf/release/Modules/GiftUIDrawingFailureAdapterFixture.swiftsourceinfo	05b173e2f2e51286011712d5e563333f13c5eb760c07f9f458b63fc204c237ed
build/swiftpm/armv6-unknown-linux-gnueabihf/release/Modules/GiftUIDynamicConveniences.swiftdoc	f103caf3921a02cb969b10dfe372a3a20601a19e300a33b32d315af4d1ae0347
build/swiftpm/armv6-unknown-linux-gnueabihf/release/Modules/GiftUIDynamicConveniences.swiftmodule	38c28e3e1a8d63296d784bff43b9a7cbf107a9492d4f5358c95d0ec2c5b0e3ec
build/swiftpm/armv6-unknown-linux-gnueabihf/release/Modules/GiftUIDynamicConveniences.swiftsourceinfo	c02a73f4bf963731c1f6d03cfdcf3d8b252126731e62743f029c4ebb5db8a441
build/swiftpm/armv6-unknown-linux-gnueabihf/release/Modules/GiftUIExecution.swiftdoc	e8d2c43706064f04b89b67f6664d49fa0eb46910774ffca62d78f51c2b3e3b2f
build/swiftpm/armv6-unknown-linux-gnueabihf/release/Modules/GiftUIExecution.swiftmodule	dae847f4280ae0179090efa4b3470bed670a21534783eaa7fb767bcbe15afccc
build/swiftpm/armv6-unknown-linux-gnueabihf/release/Modules/GiftUIExecution.swiftsourceinfo	4a6ffb666d36e31fbb91f29115441d254a6a4c5df5edfbaba0a8d02ea65a4b32
build/swiftpm/armv6-unknown-linux-gnueabihf/release/Modules/GiftUIFailureCore.swiftdoc	a1cfbf39026b8bfb65f21f68b5c53fcc651aa0f2ac5380154e27176d6584bd1b
build/swiftpm/armv6-unknown-linux-gnueabihf/release/Modules/GiftUIFailureCore.swiftmodule	819422756895126bb581f97bc64a85669a33e925e6304e0bb40c53593ee85c71
build/swiftpm/armv6-unknown-linux-gnueabihf/release/Modules/GiftUIFailureCore.swiftsourceinfo	83f339c44c7ee5c473f60472df2eb1dce99bcadb780813a887ead4ecae62e589
build/swiftpm/armv6-unknown-linux-gnueabihf/release/Modules/GiftUIFailureDiagnostics.swiftdoc	1df3dbcc3c4da5ae12e93294bdc3b10957e7ab0f2452b999762563076d504d1d
build/swiftpm/armv6-unknown-linux-gnueabihf/release/Modules/GiftUIFailureDiagnostics.swiftmodule	a6028dd0bdcea355e67cf2700d04ec9126df04ace60fc2a2c75bbd39ce1d9ccf
build/swiftpm/armv6-unknown-linux-gnueabihf/release/Modules/GiftUIFailureDiagnostics.swiftsourceinfo	ef9ba5ed256b05a5af7d6472dc6fa869a99d57b7c784246c8c363133832851c7
build/swiftpm/armv6-unknown-linux-gnueabihf/release/Modules/GiftUIFailureExecution.swiftdoc	f599b4eb92cfa2ad2bb4bc998c00e3bc394ced2e51d0973856843e2c7516ad57
build/swiftpm/armv6-unknown-linux-gnueabihf/release/Modules/GiftUIFailureExecution.swiftmodule	58f8142632981cd06fe2469da6e0f39ef7ebccf13b4dd5f33234790063df131d
build/swiftpm/armv6-unknown-linux-gnueabihf/release/Modules/GiftUIFailureExecution.swiftsourceinfo	783d5d675c61d3dff9ab35639fa37e605b097e009676bd308d5bdbb902beeb1e
build/swiftpm/armv6-unknown-linux-gnueabihf/release/Modules/GiftUIHostConfiguration.swiftdoc	4f3b8f550b6996e64cffd606092a22885961728c9fbd7531f483a5f0c66beb67
build/swiftpm/armv6-unknown-linux-gnueabihf/release/Modules/GiftUIHostConfiguration.swiftmodule	d6ece91fff692cbe85f2abde74ada2eb8ebd090a4df7d79b129bbb4da43dc8bf
build/swiftpm/armv6-unknown-linux-gnueabihf/release/Modules/GiftUIHostConfiguration.swiftsourceinfo	c2cfcf3e2868c3ab1f060becd0a3eeca1761714c5e57e3a6f97cf469ddcc4902
build/swiftpm/armv6-unknown-linux-gnueabihf/release/Modules/GiftUIInteraction.swiftdoc	57e8db7f6584668baa8768f1012b9a68a31f5b4b01b38edc714974c46d469f01
build/swiftpm/armv6-unknown-linux-gnueabihf/release/Modules/GiftUIInteraction.swiftmodule	9a1b2aa3d1b396f0250ca0dc774a08638e3a593599e6985adc076aa6aa9f83bb
build/swiftpm/armv6-unknown-linux-gnueabihf/release/Modules/GiftUIInteraction.swiftsourceinfo	43dc1cfe87ce68a0fec010fb8f73f848b67ed3107e07929b45de0d0892388c7b
build/swiftpm/armv6-unknown-linux-gnueabihf/release/Modules/GiftUIInteractionFailureAdapterFixture.swiftdoc	3d9894a628059130c5cf6232b05bf174b10f1725b0d684b4c3048039e8bd35a8
build/swiftpm/armv6-unknown-linux-gnueabihf/release/Modules/GiftUIInteractionFailureAdapterFixture.swiftmodule	c05dc88177ef7d464496058b94577862121fc5a3c894fe51cca8091318305c70
build/swiftpm/armv6-unknown-linux-gnueabihf/release/Modules/GiftUIInteractionFailureAdapterFixture.swiftsourceinfo	132cf3105261ddad37aa7151a4d087f531411e6791834502b9834840ebba88ec
build/swiftpm/armv6-unknown-linux-gnueabihf/release/Modules/GiftUILayout.swiftdoc	d19deabfaa6911abda9d95d7a8c1cc69891a03d2e3cb29b50fe59ab8d78bdcbe
build/swiftpm/armv6-unknown-linux-gnueabihf/release/Modules/GiftUILayout.swiftmodule	0107efe68b650708f67d3ddf99476e036940c9941e5338e20588196f0dffe0fa
build/swiftpm/armv6-unknown-linux-gnueabihf/release/Modules/GiftUILayout.swiftsourceinfo	24fb7d8701b9fe1b9f8a2b717f858f39b132cd1044b7d13f5d4d6d971aac9f37
build/swiftpm/armv6-unknown-linux-gnueabihf/release/Modules/GiftUILayoutFailureAdapterFixture.swiftdoc	b7bb752bf89ea29c50ec4e277981bb6aafff452c11bfeb4376c2ab3acc2d7996
build/swiftpm/armv6-unknown-linux-gnueabihf/release/Modules/GiftUILayoutFailureAdapterFixture.swiftmodule	9b7764f965bcc4a0e38939edfdbde8077287d072b4c35ed96f3d5cdef8bde82c
build/swiftpm/armv6-unknown-linux-gnueabihf/release/Modules/GiftUILayoutFailureAdapterFixture.swiftsourceinfo	0e3701307a6c347ba323826d19fda49f87411539d2cef7406953fed16f12f9b1
build/swiftpm/armv6-unknown-linux-gnueabihf/release/Modules/GiftUIObservableState.swiftdoc	81cb3e43b77cd7bd222455f70dd0403535e7c165cb57139c3828e5ef1d92e89a
build/swiftpm/armv6-unknown-linux-gnueabihf/release/Modules/GiftUIObservableState.swiftmodule	1aa78966bedf3e5160176982ddf61727a1a1826446bd24e88f3d50a7aeb6b09f
build/swiftpm/armv6-unknown-linux-gnueabihf/release/Modules/GiftUIObservableState.swiftsourceinfo	b39f3379aa6477092b34552d206de438ecd64dbe19496f7a5f583ab4786a8a02
build/swiftpm/armv6-unknown-linux-gnueabihf/release/Modules/GiftUIObservableStateFailureAdapterFixture.swiftdoc	391dc1a6a5d301ba32d85e891ad18643db251022f797cb92b74040fa56b37294
build/swiftpm/armv6-unknown-linux-gnueabihf/release/Modules/GiftUIObservableStateFailureAdapterFixture.swiftmodule	b7df950b52d21a1f9b38172517f071a785f5dd5ec9371536af76ae867a95e0f6
build/swiftpm/armv6-unknown-linux-gnueabihf/release/Modules/GiftUIObservableStateFailureAdapterFixture.swiftsourceinfo	054004425b68b3f5752c3bbbc6f76eb3f8214d4ac3cc4cb275094c06d7442f91
build/swiftpm/armv6-unknown-linux-gnueabihf/release/Modules/GiftUIPlatformRaspberryPi.swiftdoc	a4fdf014a82232a10320def2137594cc031e2b4190e0e478b434729b7fd62c93
build/swiftpm/armv6-unknown-linux-gnueabihf/release/Modules/GiftUIPlatformRaspberryPi.swiftmodule	5353079c6137e197f1c29d2d9acca6653dfc1961818496a9244c2e2d4eaa4f7e
build/swiftpm/armv6-unknown-linux-gnueabihf/release/Modules/GiftUIPlatformRaspberryPi.swiftsourceinfo	3cf997a5bed0262e09216782ab5d1a939706cffe064f4c3a67b5915e11118a5b
build/swiftpm/armv6-unknown-linux-gnueabihf/release/Modules/GiftUIRasterCore.swiftdoc	a0242702bc4bfb60db1acf0b257b9e17c1401ef2297c6929e647c86655a89d09
build/swiftpm/armv6-unknown-linux-gnueabihf/release/Modules/GiftUIRasterCore.swiftmodule	fc1e2b3c63edd66c10672a2de5e4fd5144aaf03de9555cba5fa69fbf5a4b00ea
build/swiftpm/armv6-unknown-linux-gnueabihf/release/Modules/GiftUIRasterCore.swiftsourceinfo	5ee632708af68a1366335d6af8dbf465333480dd9218ca6705190087b8458f5d
build/swiftpm/armv6-unknown-linux-gnueabihf/release/Modules/GiftUIReferenceTextResources.swiftdoc	a74ad647ce92a8a95ce1015a3bdbbcdf8c6e8d26818215d99cca7e6d6dfdb76d
build/swiftpm/armv6-unknown-linux-gnueabihf/release/Modules/GiftUIReferenceTextResources.swiftmodule	8dbba9219d0988b491fc38eb43455538eb8068ae298e6b3ef51390e0540451c1
build/swiftpm/armv6-unknown-linux-gnueabihf/release/Modules/GiftUIReferenceTextResources.swiftsourceinfo	5fc76dbed9763769e0ee2b02b8256ee827437557f12a2668d1c2fe669b089630
build/swiftpm/armv6-unknown-linux-gnueabihf/release/Modules/GiftUIRenderCore.swiftdoc	e4cb8b558e18ac406d8884e8b2bc60abc9418abefb3d8fe3247e686cdaf50c19
build/swiftpm/armv6-unknown-linux-gnueabihf/release/Modules/GiftUIRenderCore.swiftmodule	c466e11a56662c20b93934f5276da90b71f1ccd123ea98f12af4ad587fe63c8d
build/swiftpm/armv6-unknown-linux-gnueabihf/release/Modules/GiftUIRenderCore.swiftsourceinfo	5d6802877ad1a573e2e672282af1a66221e043834421ae867253c7f6efef16d3
build/swiftpm/armv6-unknown-linux-gnueabihf/release/Modules/GiftUIRenderFailureAdapterFixture.swiftdoc	cf71db859b86de09b6b3fa5ed709fc7c25ac6b0fb9e86c9c5ee319455ccc8d07
build/swiftpm/armv6-unknown-linux-gnueabihf/release/Modules/GiftUIRenderFailureAdapterFixture.swiftmodule	89941717d7503046ee80b963d138c7b403c38735b293aa5531352983bc704b23
build/swiftpm/armv6-unknown-linux-gnueabihf/release/Modules/GiftUIRenderFailureAdapterFixture.swiftsourceinfo	ede81aec1d96f0a93dd36ac766ebb60bd3b989fe53e337d0eac288670465e69a
build/swiftpm/armv6-unknown-linux-gnueabihf/release/Modules/GiftUIRenderLowering.swiftdoc	8f2d0552c9d712e5879b5280c3289e27fe59a1855d1f4322e97476ab03a843fa
build/swiftpm/armv6-unknown-linux-gnueabihf/release/Modules/GiftUIRenderLowering.swiftmodule	f75959ed58cd576a6851397803131be219125bb42d13b311ef05ab9eedff8b97
build/swiftpm/armv6-unknown-linux-gnueabihf/release/Modules/GiftUIRenderLowering.swiftsourceinfo	dd7f6a6b941441be54d06d53c7a3e7f690482b0148697f895dcb6004398c444f
build/swiftpm/armv6-unknown-linux-gnueabihf/release/Modules/GiftUIRuntimeCore.swiftdoc	4f72a15cbe0afd92f73a4993ca846b915d1843c7bfbfe910934b2bb147ed06ea
build/swiftpm/armv6-unknown-linux-gnueabihf/release/Modules/GiftUIRuntimeCore.swiftmodule	02b2530edf01a997e236345f65ac526972dbce9ddeb19acb33a59ea3fe0b90fe
build/swiftpm/armv6-unknown-linux-gnueabihf/release/Modules/GiftUIRuntimeCore.swiftsourceinfo	7162e0a71e85ab41443edb5688ce12263fb4119253e2340657e6478e6a3a08c7
build/swiftpm/armv6-unknown-linux-gnueabihf/release/Modules/GiftUIRuntimeDynamic.swiftdoc	597e6b631ccad43f6169e0dbd75ebc2de7f11ede405d813b3ee488cb3b7291d7
build/swiftpm/armv6-unknown-linux-gnueabihf/release/Modules/GiftUIRuntimeDynamic.swiftmodule	08f7c4ed641b16a029b1774ea279bb9e9c57ed0809b5c209b9025aee37cb9dc9
build/swiftpm/armv6-unknown-linux-gnueabihf/release/Modules/GiftUIRuntimeDynamic.swiftsourceinfo	dca45db7437159b56fd54b2e8d822d2cc7b53bb09ebe3386ba57433e26e29fbc
build/swiftpm/armv6-unknown-linux-gnueabihf/release/Modules/GiftUIRuntimeFailureAdapterFixture.swiftdoc	138895e8015b6d32fa18f6c0d40822e0c9d40a3de929915cb53bf6cde5c6e177
build/swiftpm/armv6-unknown-linux-gnueabihf/release/Modules/GiftUIRuntimeFailureAdapterFixture.swiftmodule	8bc2e34da6e8ba0715f55ba27c0c32ce175fb0452e110cee804f62a3c67c55c7
build/swiftpm/armv6-unknown-linux-gnueabihf/release/Modules/GiftUIRuntimeFailureAdapterFixture.swiftsourceinfo	972734e6e6ad24be950b4828796cbc10510e89263e726ba25d2023902e24daa0
build/swiftpm/armv6-unknown-linux-gnueabihf/release/Modules/GiftUIRuntimeStatic.swiftdoc	fba45f02badf8a364488db71c8137c506b74a7cde3ed15219f191146518d120b
build/swiftpm/armv6-unknown-linux-gnueabihf/release/Modules/GiftUIRuntimeStatic.swiftmodule	752cd2071c7f92b1f341a4afcde2f67a822222b1f015d50c24bf2d2a6364b0fe
build/swiftpm/armv6-unknown-linux-gnueabihf/release/Modules/GiftUIRuntimeStatic.swiftsourceinfo	9ce634f35a80c8597c0124b6b886c5823df86c111d10ddc2730008856a093e26
build/swiftpm/armv6-unknown-linux-gnueabihf/release/Modules/GiftUISemanticCore.swiftdoc	97cb2fef02668c2a334d313c6ddab381096097e0d9bd3df843dfb8822d6c2aa1
build/swiftpm/armv6-unknown-linux-gnueabihf/release/Modules/GiftUISemanticCore.swiftmodule	100540bf32f1567dcd7789590864a8d16e1936f6fc3be65312ed1074e89d7ba7
build/swiftpm/armv6-unknown-linux-gnueabihf/release/Modules/GiftUISemanticCore.swiftsourceinfo	7a178f6fba1882454d85d19cc7da9912eaf9e775a67bd5ab22ac48ea735e5ddf
build/swiftpm/armv6-unknown-linux-gnueabihf/release/Modules/GiftUISemanticFailureAdapterFixture.swiftdoc	e8f74cb11f3261eb09cc2720d66c3d7faff4a554253780b2e65cbaf70cc75061
build/swiftpm/armv6-unknown-linux-gnueabihf/release/Modules/GiftUISemanticFailureAdapterFixture.swiftmodule	35af4ce8b577635e66aac49eb26e34976d0141bfa53c943b5ca3fcc818fbb30e
build/swiftpm/armv6-unknown-linux-gnueabihf/release/Modules/GiftUISemanticFailureAdapterFixture.swiftsourceinfo	b4ff33256fc0c8efd4614f52d5370901fe88452391ca3a0695c9a7fd66665eb7
build/swiftpm/armv6-unknown-linux-gnueabihf/release/Modules/GiftUISurfaceCore.swiftdoc	965cf3a4e7849deca9bfc656b8f428fd3864212212fc9d49b716e9f3a7c7d549
build/swiftpm/armv6-unknown-linux-gnueabihf/release/Modules/GiftUISurfaceCore.swiftmodule	b908b15604079456c78ac5550475fe1e221e18f4d2f1a7bf3459d6260b254831
build/swiftpm/armv6-unknown-linux-gnueabihf/release/Modules/GiftUISurfaceCore.swiftsourceinfo	86ce3634c94779774810f2600e1e3b7d3d5eab202a2bb319b87f7b1b35556945
build/swiftpm/armv6-unknown-linux-gnueabihf/release/Modules/GiftUITextResourceFailureAdapterFixture.swiftdoc	3ba2694814ca310aefb46502dfa720562d2d1738c0cf9bfa35bf1ac4ca6494f7
build/swiftpm/armv6-unknown-linux-gnueabihf/release/Modules/GiftUITextResourceFailureAdapterFixture.swiftmodule	2c5ecd8d730b515d2a11de0f51afc336cb5f91053a2cfae5c1a1407c8d00332d
build/swiftpm/armv6-unknown-linux-gnueabihf/release/Modules/GiftUITextResourceFailureAdapterFixture.swiftsourceinfo	e8d56a2dce329188f3d2995fea36353326f63126ede77e0e746e393f0915b6bb
build/swiftpm/armv6-unknown-linux-gnueabihf/release/Modules/GiftUITextResources.swiftdoc	4344bf49e525242f60bbde730e5b74bddbfbe19a83f93fa70b2b9039e7fa5774
build/swiftpm/armv6-unknown-linux-gnueabihf/release/Modules/GiftUITextResources.swiftmodule	a986f55ba7fa34bb144f0e554e99e1b7337cd42df36d498af44f536e43990fea
build/swiftpm/armv6-unknown-linux-gnueabihf/release/Modules/GiftUITextResources.swiftsourceinfo	0151f4c305320ec39264461998547bb0437b810520839602bff008b7b2b14c7b
build/swiftpm/armv6-unknown-linux-gnueabihf/release/Modules/SignalAnalyzerData.swiftdoc	ba749d625635f567fa8025f3d66c0069e1038e185db128cdcaeae47930ff7af3
build/swiftpm/armv6-unknown-linux-gnueabihf/release/Modules/SignalAnalyzerData.swiftmodule	ec07951a60b88a80682cb517fb62777d5d3cf94fb98b50bf76e11ace53c25939
build/swiftpm/armv6-unknown-linux-gnueabihf/release/Modules/SignalAnalyzerData.swiftsourceinfo	338df51e5c9ccb09eebf3ec582ac1877c4ff10ce1fe8afdec23921b178ddab42
build/swiftpm/armv6-unknown-linux-gnueabihf/release/Modules/SignalAnalyzerDomain.swiftdoc	b49eb40055fa5c5c75d5fce7ae9c0061f55664fe469c9181eb478aff602256c8
build/swiftpm/armv6-unknown-linux-gnueabihf/release/Modules/SignalAnalyzerDomain.swiftmodule	9e3388a8b967eaab5afe9a4a8bea0e8b5c3fd3f93d909226e8211f5d0e02dfb9
build/swiftpm/armv6-unknown-linux-gnueabihf/release/Modules/SignalAnalyzerDomain.swiftsourceinfo	f282b55fb085980060278d322a8c95185f6811f5304166f54b665b9fd81f81de
build/swiftpm/armv6-unknown-linux-gnueabihf/release/Modules/SignalAnalyzerHost.swiftdoc	5722b9812e7a12e5d91b2caf6255189b168dd74a2bf78e36097a35f30ddc6367
build/swiftpm/armv6-unknown-linux-gnueabihf/release/Modules/SignalAnalyzerHost.swiftmodule	cd060777e59b3337bb1b98d042ff118da6b2c5572845397e45da315ac9237e8e
build/swiftpm/armv6-unknown-linux-gnueabihf/release/Modules/SignalAnalyzerHost.swiftsourceinfo	86eb01f51e388a8d9956dc35beaa7662fa61778bf2cf908a69f6f5e22313045b
build/swiftpm/armv6-unknown-linux-gnueabihf/release/Modules/SignalAnalyzerMacOSDynamic.swiftdoc	2c8c1a6a51b5c071b823630cacbef49005a0e119ff540d435f1dcd9a3da5425c
build/swiftpm/armv6-unknown-linux-gnueabihf/release/Modules/SignalAnalyzerMacOSDynamic.swiftmodule	8cbbc933c1e6c1a26e86c6b3edecec0f26091e4de34140f2d1935cb87fa9d799
build/swiftpm/armv6-unknown-linux-gnueabihf/release/Modules/SignalAnalyzerMacOSDynamic.swiftsourceinfo	c4f8c9ed2195b620f9cf810660c22bdff4690c9fbd253e91799b969b83ab838c
build/swiftpm/armv6-unknown-linux-gnueabihf/release/Modules/SignalAnalyzerMacOSStatic.swiftdoc	9cad3995355e21ad6a25a74ab037f848668fe54053163f796c18e98c55353171
build/swiftpm/armv6-unknown-linux-gnueabihf/release/Modules/SignalAnalyzerMacOSStatic.swiftmodule	8d58dcaec112ccae48748778f0b823727ec55ce3ce03c626b3eb50e4205b6d4c
build/swiftpm/armv6-unknown-linux-gnueabihf/release/Modules/SignalAnalyzerMacOSStatic.swiftsourceinfo	ac4980e338022e23b0ed5083c79dd6c9b64c0bef1464c770e6df03087beff43a
build/swiftpm/armv6-unknown-linux-gnueabihf/release/Modules/SignalAnalyzerNRF52840HostOracle.swiftdoc	65c379fac443ff171a77a9b85bcb240ed2a7f2fdfff01e1469cb3e16e16933ad
build/swiftpm/armv6-unknown-linux-gnueabihf/release/Modules/SignalAnalyzerNRF52840HostOracle.swiftmodule	605568a39f8d8403a5fb792b551c00db07122a2ddf76c2f29a6ce91dd574567b
build/swiftpm/armv6-unknown-linux-gnueabihf/release/Modules/SignalAnalyzerNRF52840HostOracle.swiftsourceinfo	7c148060c0fedc81f3b4c4aa37cf9fe897f8d96d1b016470bd4e6d902dfc7a1e
build/swiftpm/armv6-unknown-linux-gnueabihf/release/Modules/SignalAnalyzerPresentation.swiftdoc	286c2e78f7b67cb32df7cc25042f5766b7e6136f552b174074fc2c1cf27357f9
build/swiftpm/armv6-unknown-linux-gnueabihf/release/Modules/SignalAnalyzerPresentation.swiftmodule	d9bf87590eae126fc2d5c5310998d9ed679bf1ae1df7093f00c1277f382f846d
build/swiftpm/armv6-unknown-linux-gnueabihf/release/Modules/SignalAnalyzerPresentation.swiftsourceinfo	2aa6b3d3eb867c3c0948a014cf55a927f51fcf307ba02096f7cf413d89647866
build/swiftpm/armv6-unknown-linux-gnueabihf/release/Modules/SignalAnalyzerPresetHarness.swiftdoc	bb4f04689ab60b98c657232c1c3114a73e58a2f5d9c255fa390e50dc79291bbf
build/swiftpm/armv6-unknown-linux-gnueabihf/release/Modules/SignalAnalyzerPresetHarness.swiftmodule	b8c5af5681c614cf34fe8879aef3bc7a51de891eb0ce76bdbb6ddfac803ec754
build/swiftpm/armv6-unknown-linux-gnueabihf/release/Modules/SignalAnalyzerPresetHarness.swiftsourceinfo	4b3365a4e9ce396a0e3ca4f19b31c338dbf33483b3768e55694a06c0c8dba81a
build/swiftpm/armv6-unknown-linux-gnueabihf/release/Modules/SignalAnalyzerRaspberryPiARMv6.swiftdoc	ab91db3d2de2f0f3effaa173ad84f9b4cfd91f2d11e0bee65e6c15c61005bcb8
build/swiftpm/armv6-unknown-linux-gnueabihf/release/Modules/SignalAnalyzerRaspberryPiARMv6.swiftmodule	f089a4f54c132ea4ce65b75902007f40f8f8700cf88ffd8240570403a8fc5b5e
build/swiftpm/armv6-unknown-linux-gnueabihf/release/Modules/SignalAnalyzerRaspberryPiARMv6.swiftsourceinfo	7e1d50d00b65dea2440d660e6a103c8f2f68bd4bd48d9b2eec5c44ea89ae954d
build/swiftpm/armv6-unknown-linux-gnueabihf/release/Modules/SignalAnalyzerTargetHost.swiftdoc	d16ce1a78dec9d599fda995194aef34d37bf9740fd81eae3f97d731f1d892ae1
build/swiftpm/armv6-unknown-linux-gnueabihf/release/Modules/SignalAnalyzerTargetHost.swiftmodule	85cf7a336f8e15ddb192b142599a02f7c5d6b77f75a421e5a016f7b5aae58a28
build/swiftpm/armv6-unknown-linux-gnueabihf/release/Modules/SignalAnalyzerTargetHost.swiftsourceinfo	dc93667ff3244d6578b01c4b8a5f34025f2405d41d7765f2902ea6d8265f22de
build/swiftpm/armv6-unknown-linux-gnueabihf/release/SignalAnalyzerData.build/DefaultSignalAcquisitionRepository.swift.o	68966bd09f41a0ff1a87ca0e40c8c5c3430ef9f215b3c4f3b844d0664e62b051
build/swiftpm/armv6-unknown-linux-gnueabihf/release/SignalAnalyzerData.build/DeterministicSignalDataSource.swift.o	a9dcd6d5939c380f920d340c3b51ab87a1824f206001c29f94b787fccf4c156e
build/swiftpm/armv6-unknown-linux-gnueabihf/release/SignalAnalyzerData.build/DeterministicSignalGenerator.swift.o	4eb68f32c556f4b60588b0ba4dab628a33dacf31b1b919d2be75f315f0aafc4f
build/swiftpm/armv6-unknown-linux-gnueabihf/release/SignalAnalyzerData.build/ModuleBoundary.swift.o	09ecb2b81595e640e21e9143d85b9309a0fa3211a95707407d05bbfd6756300c
build/swiftpm/armv6-unknown-linux-gnueabihf/release/SignalAnalyzerData.build/SignalAnalyzerData.d	48d5619bc4e17f2b5bca692aa779aa0e2680b4dc467deb5cada66b360ef8bbd0
build/swiftpm/armv6-unknown-linux-gnueabihf/release/SignalAnalyzerData.build/SignalAnalyzerData.dia	2c72d5afff8cce441f2f8299a18215b0bf79605aa7eb05839e38f7949b46c0e2
build/swiftpm/armv6-unknown-linux-gnueabihf/release/SignalAnalyzerData.build/SignalCaptureStore.swift.o	22357e0244a6fd21652d6e739a7a5b0a406eb99ec3aab6549fa787cc2af4f0b7
build/swiftpm/armv6-unknown-linux-gnueabihf/release/SignalAnalyzerData.build/include/SignalAnalyzerData-Swift.h	00f48e4f20b017428995cd10d85f70f54fb72fd1406608066d9e185108a0a2c7
build/swiftpm/armv6-unknown-linux-gnueabihf/release/SignalAnalyzerData.build/include/module.modulemap	cba5418f103708137f35ac2d196ea7fb3912a24800c50722ce6dc96b861725b3
build/swiftpm/armv6-unknown-linux-gnueabihf/release/SignalAnalyzerData.build/output-file-map.json	9449c6e49d2781a9423b781d28330a0f6867224033859bdb4219368277fa892e
build/swiftpm/armv6-unknown-linux-gnueabihf/release/SignalAnalyzerData.build/sources	b80894b6c4f2546bd712a3877f655834c22af5abba0b33f66097be4c8f67302f
build/swiftpm/armv6-unknown-linux-gnueabihf/release/SignalAnalyzerDomain.build/AcquisitionState.swift.o	8cb158c50f98e89dd3f5b3cf451bbbf73b6e835d632068cffb7933c55617cca2
build/swiftpm/armv6-unknown-linux-gnueabihf/release/SignalAnalyzerDomain.build/ModuleBoundary.swift.o	963bc58e640ba97e10fabce24b61e57294a7663e2f389b28639bf47ca306283a
build/swiftpm/armv6-unknown-linux-gnueabihf/release/SignalAnalyzerDomain.build/SignalAcquisitionContracts.swift.o	7656a52c3060fc457b0302476dc95ecb906eb19e36114e10d3b4affa2f1b3cb4
build/swiftpm/armv6-unknown-linux-gnueabihf/release/SignalAnalyzerDomain.build/SignalAnalyzerDiagnostic.swift.o	5a25b0ba0e68eb9cb5aaf8ffc7c268aadfdd1f725e456925b70c162302f69336
build/swiftpm/armv6-unknown-linux-gnueabihf/release/SignalAnalyzerDomain.build/SignalAnalyzerDomain.d	1c03f9b83d45224e66caf52ece93dde8975549a7956cf617dd2e3f9f6a1d8b62
build/swiftpm/armv6-unknown-linux-gnueabihf/release/SignalAnalyzerDomain.build/SignalAnalyzerDomain.dia	2c72d5afff8cce441f2f8299a18215b0bf79605aa7eb05839e38f7949b46c0e2
build/swiftpm/armv6-unknown-linux-gnueabihf/release/SignalAnalyzerDomain.build/SignalCaptureChange.swift.o	e0a73ddc00181d6877baa4f59ec33548e36402b521d7c640de8b2cac8c50f6a9
build/swiftpm/armv6-unknown-linux-gnueabihf/release/SignalAnalyzerDomain.build/SignalCapturePublication.swift.o	91ff417fdc25d93964db2fe50f21d28a778cf7537cbbb28b69a07aab3b534fc1
build/swiftpm/armv6-unknown-linux-gnueabihf/release/SignalAnalyzerDomain.build/SignalPrimitiveValues.swift.o	2e8a856e203c3559aba28cf22d2db121ec185e5cff182e7a661f1c5d79c63167
build/swiftpm/armv6-unknown-linux-gnueabihf/release/SignalAnalyzerDomain.build/SignalValues.swift.o	50a66774f6397c63bb10bbcd944b74b5dc6c84e977caf26a80d32bb9497b3012
build/swiftpm/armv6-unknown-linux-gnueabihf/release/SignalAnalyzerDomain.build/include/SignalAnalyzerDomain-Swift.h	06d15c481b90efec0a0bbd87f9a658867f9ad40e1ad8ba9e1b67b3cb6495dd6e
build/swiftpm/armv6-unknown-linux-gnueabihf/release/SignalAnalyzerDomain.build/include/module.modulemap	3d68a4e1771eb9e372b9227f1eac5bf53c7f7422a94f24de6b07bd3d584fe1d3
build/swiftpm/armv6-unknown-linux-gnueabihf/release/SignalAnalyzerDomain.build/output-file-map.json	328bc19faa75091f789bab68dd5b985e854ce7207282739d040297d90827f20e
build/swiftpm/armv6-unknown-linux-gnueabihf/release/SignalAnalyzerDomain.build/sources	3df274c570712fef89465f8fd5d6953cfaf5f6c89adf17dcd1adcadbe87d62e9
build/swiftpm/armv6-unknown-linux-gnueabihf/release/SignalAnalyzerHost.build/SignalAnalyzerHost.d	abd8ea8841f93a05d72ebf2089dc23aadefbcf2fcc2e9872d2562c474aebb98b
build/swiftpm/armv6-unknown-linux-gnueabihf/release/SignalAnalyzerHost.build/SignalAnalyzerHost.dia	2c72d5afff8cce441f2f8299a18215b0bf79605aa7eb05839e38f7949b46c0e2
build/swiftpm/armv6-unknown-linux-gnueabihf/release/SignalAnalyzerHost.build/SignalAnalyzerHostFactAdmission.swift.o	ee44de01e7b487a65534ac37d77c0d8ca17475b75d4ec22da75577275586ae1b
build/swiftpm/armv6-unknown-linux-gnueabihf/release/SignalAnalyzerHost.build/include/SignalAnalyzerHost-Swift.h	a7d219010714e79dca3cc34184f94317829632aa702a954101cd2aca7a26638d
build/swiftpm/armv6-unknown-linux-gnueabihf/release/SignalAnalyzerHost.build/include/module.modulemap	aa3b54b23a4d5a8ae64789f56c12df411436a289f825da2a5e52bd350f05d236
build/swiftpm/armv6-unknown-linux-gnueabihf/release/SignalAnalyzerHost.build/output-file-map.json	bf7a56835add81779d6ac8df059a758d40039f17ab5b345f1aab761a7e71487e
build/swiftpm/armv6-unknown-linux-gnueabihf/release/SignalAnalyzerHost.build/sources	b7461ede26647017130a47b9a92c6779fe3a05432b5925892bfeed029eef53dc
build/swiftpm/armv6-unknown-linux-gnueabihf/release/SignalAnalyzerMacOSDynamic	bf17ce4b2b8d2953826c5583894b2e6ad2d7d77c01128a6cbe4a1992b9a67ef0
build/swiftpm/armv6-unknown-linux-gnueabihf/release/SignalAnalyzerMacOSDynamic.build/SignalAnalyzerMacOSDynamic.d	1888a0283c1125667eea59be00f292edb80e9be81938e4a46c14ab74e8cc105e
build/swiftpm/armv6-unknown-linux-gnueabihf/release/SignalAnalyzerMacOSDynamic.build/SignalAnalyzerMacOSDynamic.dia	2c72d5afff8cce441f2f8299a18215b0bf79605aa7eb05839e38f7949b46c0e2
build/swiftpm/armv6-unknown-linux-gnueabihf/release/SignalAnalyzerMacOSDynamic.build/main.swift.o	18bea458ac45cd51cce5f61611bfe1305ca5c915ac175fcd9366ab18bd28f8c5
build/swiftpm/armv6-unknown-linux-gnueabihf/release/SignalAnalyzerMacOSDynamic.build/output-file-map.json	85670eedcb5df257286d3fa2c524fa39353efc1fdc4ee76afc304e710a5a3d81
build/swiftpm/armv6-unknown-linux-gnueabihf/release/SignalAnalyzerMacOSDynamic.build/sources	cb27b3b47758772ec160b4a75c9c18afcfe0d4c5510fe88daed624a39ed9be8c
build/swiftpm/armv6-unknown-linux-gnueabihf/release/SignalAnalyzerMacOSDynamic.product/Objects.LinkFileList	6ec5f41f173d190fafd37baa13d7edfbe5412a8ee9a3ca377a0cbe811947aed2
build/swiftpm/armv6-unknown-linux-gnueabihf/release/SignalAnalyzerMacOSStatic	9423c28a5406d07404892d81068632e8a81d536c46f4b18403f4a2bfc95cd6ce
build/swiftpm/armv6-unknown-linux-gnueabihf/release/SignalAnalyzerMacOSStatic.build/SignalAnalyzerMacOSStatic.d	de8c4bc4ed836f29f9218ff2fc9af6c339485ea656a1f7c025e212cf40dd6bcc
build/swiftpm/armv6-unknown-linux-gnueabihf/release/SignalAnalyzerMacOSStatic.build/SignalAnalyzerMacOSStatic.dia	2c72d5afff8cce441f2f8299a18215b0bf79605aa7eb05839e38f7949b46c0e2
build/swiftpm/armv6-unknown-linux-gnueabihf/release/SignalAnalyzerMacOSStatic.build/main.swift.o	756535387dfb85da5916fe443b1cab633758d263a5fabc960f2b00f3e53f933b
build/swiftpm/armv6-unknown-linux-gnueabihf/release/SignalAnalyzerMacOSStatic.build/output-file-map.json	68cbcc469924bcbe5da3332f8d3620d3c46bed1b07597f38be35857d817f38c3
build/swiftpm/armv6-unknown-linux-gnueabihf/release/SignalAnalyzerMacOSStatic.build/sources	e88db896c8ed1a75e749b93dffa621f779caf7dc7af7a276e172041daba5969d
build/swiftpm/armv6-unknown-linux-gnueabihf/release/SignalAnalyzerMacOSStatic.product/Objects.LinkFileList	d56367823f13f31eb6d6cdd1ac7c3c05a442350ddba7e97ad0374f1649211916
build/swiftpm/armv6-unknown-linux-gnueabihf/release/SignalAnalyzerNRF52840HostOracle	3a3da93ea1f658db9e359a075bcbd6b29f5cdff857c1ff8104c5da774fed22a6
build/swiftpm/armv6-unknown-linux-gnueabihf/release/SignalAnalyzerNRF52840HostOracle.build/SignalAnalyzerNRF52840HostOracle.d	51a293dbbaa74ced4fd5b6a5b5a77c7d412571fe1d37ced8a3918d531aa37912
build/swiftpm/armv6-unknown-linux-gnueabihf/release/SignalAnalyzerNRF52840HostOracle.build/SignalAnalyzerNRF52840HostOracle.dia	2c72d5afff8cce441f2f8299a18215b0bf79605aa7eb05839e38f7949b46c0e2
build/swiftpm/armv6-unknown-linux-gnueabihf/release/SignalAnalyzerNRF52840HostOracle.build/main.swift.o	b9fb3a71db295809c70adf61afd27a12c4878c085f5f1c8f61adeeb4b661e89d
build/swiftpm/armv6-unknown-linux-gnueabihf/release/SignalAnalyzerNRF52840HostOracle.build/output-file-map.json	bf0c8e2fe178c1275aa49dafe9a56dabfacbba715f59ecc2f434d8d499959640
build/swiftpm/armv6-unknown-linux-gnueabihf/release/SignalAnalyzerNRF52840HostOracle.build/sources	a263dcebfb1cb1dd1feff0523ebcd283b1bb7aa3790213252fd305750bb41826
build/swiftpm/armv6-unknown-linux-gnueabihf/release/SignalAnalyzerNRF52840HostOracle.product/Objects.LinkFileList	7bd487d3b137a86732506d3d78fe2cb9e81a415d3f3b8e151c0f1a7daef70640
build/swiftpm/armv6-unknown-linux-gnueabihf/release/SignalAnalyzerPresentation.build/ModuleBoundary.swift.o	481de32c556225cb9599ad4c93ad6de436a5d0b9ee6d789727a004dcc3c6190a
build/swiftpm/armv6-unknown-linux-gnueabihf/release/SignalAnalyzerPresentation.build/SignalAnalyzerDiagnostic+BoundedText.swift.o	276837b0ef68070fdeee0c0a82a564ca280dc07007154383dbae757b09d470e5
build/swiftpm/armv6-unknown-linux-gnueabihf/release/SignalAnalyzerPresentation.build/SignalAnalyzerFailureNormalizer.swift.o	1e4af62682d3c1c40751bd065bb0328f2825ac173ff6c3a0a65e588a654e615e
build/swiftpm/armv6-unknown-linux-gnueabihf/release/SignalAnalyzerPresentation.build/SignalAnalyzerFailurePolicyValues.swift.o	2a427ab5d42732893488def56a5a83d7196a7fe8089b854bfefd7a1b9d10c965
build/swiftpm/armv6-unknown-linux-gnueabihf/release/SignalAnalyzerPresentation.build/SignalAnalyzerLayoutConstraints.swift.o	43ebded39b0649b1699cb40c44e1d674573b77a9dc140c15f281f01f630748ce
build/swiftpm/armv6-unknown-linux-gnueabihf/release/SignalAnalyzerPresentation.build/SignalAnalyzerOwnerFailureAdapter.swift.o	f36c845291159433b599299a7c4339f81e1896e743dbd2dc8a0d541789a23f55
build/swiftpm/armv6-unknown-linux-gnueabihf/release/SignalAnalyzerPresentation.build/SignalAnalyzerPresentation.d	209c492e8c009b59246b2eec790d6011c02f3d5a21689bb15aea571ab45fb1c6
build/swiftpm/armv6-unknown-linux-gnueabihf/release/SignalAnalyzerPresentation.build/SignalAnalyzerPresentation.dia	2c72d5afff8cce441f2f8299a18215b0bf79605aa7eb05839e38f7949b46c0e2
build/swiftpm/armv6-unknown-linux-gnueabihf/release/SignalAnalyzerPresentation.build/SignalAnalyzerPresentationAdmissionAdapter.swift.o	5bc1085317e5a973337d4d68817c21d973db0736bc357a021f8b258da9ec99bd
build/swiftpm/armv6-unknown-linux-gnueabihf/release/SignalAnalyzerPresentation.build/SignalAnalyzerPresentationValues.swift.o	6f1817f4db0cb38ded7b7cb8e16fd3df4252862accdebaf9cde37e31505d0189
build/swiftpm/armv6-unknown-linux-gnueabihf/release/SignalAnalyzerPresentation.build/SignalAnalyzerRuntimeCondition.swift.o	92d315f0ae5bf318739d59e25c96f52382fb42285b2d7887a8e03a7c2ab41921
build/swiftpm/armv6-unknown-linux-gnueabihf/release/SignalAnalyzerPresentation.build/SignalAnalyzerRuntimeFailureNormalizer.swift.o	6e55367d3b82311dd405806e753927bab474a846e0c3b786eb662c9bbb7cc70d
build/swiftpm/armv6-unknown-linux-gnueabihf/release/SignalAnalyzerPresentation.build/SignalAnalyzerRuntimeFailureRule.swift.o	d6acfa6da4abe744335ba3518252f90c9c1dfa1382918bcc76cc557d86ad0036
build/swiftpm/armv6-unknown-linux-gnueabihf/release/SignalAnalyzerPresentation.build/SignalAnalyzerTimelineFormatting.swift.o	42b8cf675881d24bbe0c02e70144b26cbb903ba0ec5890bd26df510264c71ce0
build/swiftpm/armv6-unknown-linux-gnueabihf/release/SignalAnalyzerPresentation.build/SignalAnalyzerView.swift.o	868f510c44cde2e89c091fa7fb123aae7c3cac97239516b60c7660be58f4b384
build/swiftpm/armv6-unknown-linux-gnueabihf/release/SignalAnalyzerPresentation.build/SignalAnalyzerWaveformGeometry.swift.o	8ff9d638d035f0b711f91f41e5f13c83ae5a684ae35fa858311f716c3c43af15
build/swiftpm/armv6-unknown-linux-gnueabihf/release/SignalAnalyzerPresentation.build/include/SignalAnalyzerPresentation-Swift.h	8dd75a6879eed7e431d6daebb141bd8bbe500f5fd070c610e31f94404b991eb7
build/swiftpm/armv6-unknown-linux-gnueabihf/release/SignalAnalyzerPresentation.build/include/module.modulemap	ae4b26c27be6f2a0e593bdcc4db671c65a89888ce2b1c1e25c2917913a962ada
build/swiftpm/armv6-unknown-linux-gnueabihf/release/SignalAnalyzerPresentation.build/output-file-map.json	d51ca6cfd178424ba592450b3b2aabe20c65f6152f9b4ba36f67fe653044e786
build/swiftpm/armv6-unknown-linux-gnueabihf/release/SignalAnalyzerPresentation.build/sources	3f4293b3257a46588ff262f0dd50c5bed30db62dbb78f10db2227149cefb3206
build/swiftpm/armv6-unknown-linux-gnueabihf/release/SignalAnalyzerPresetHarness.build/HardwareFreePresetRunner.swift.o	a4bf532e0bc12386e3d3686660006afcd698b9516e5867f732d82c1c6841b837
build/swiftpm/armv6-unknown-linux-gnueabihf/release/SignalAnalyzerPresetHarness.build/SignalAnalyzerPresetHarness.d	7f7baa1a4308209ff84b1b85f10c459651ec98562c267d067b28c7959a4af1f5
build/swiftpm/armv6-unknown-linux-gnueabihf/release/SignalAnalyzerPresetHarness.build/SignalAnalyzerPresetHarness.dia	2c72d5afff8cce441f2f8299a18215b0bf79605aa7eb05839e38f7949b46c0e2
build/swiftpm/armv6-unknown-linux-gnueabihf/release/SignalAnalyzerPresetHarness.build/include/SignalAnalyzerPresetHarness-Swift.h	d5440b3b32f0cdcb434a25c70af0ccc5dcbcd71c0de2131df5c793af12532571
build/swiftpm/armv6-unknown-linux-gnueabihf/release/SignalAnalyzerPresetHarness.build/include/module.modulemap	01e4cc346e6e857e515282142c87cf38f812a25274b8a362d8e839b926e1b2d3
build/swiftpm/armv6-unknown-linux-gnueabihf/release/SignalAnalyzerPresetHarness.build/output-file-map.json	044fa9aff24e5c7d5bfa88e83650f318d3e76e6d3312c29222f74a748d01a742
build/swiftpm/armv6-unknown-linux-gnueabihf/release/SignalAnalyzerPresetHarness.build/sources	7176caf74f9c463cadda98408fa77aebb8e23ede2a03e2ed81a80203c0b0ee70
build/swiftpm/armv6-unknown-linux-gnueabihf/release/SignalAnalyzerRaspberryPiARMv6	2f25e57fe243e1180dd6a87dd8da851f4a287edaaffa89367a9de7259fc07aeb
build/swiftpm/armv6-unknown-linux-gnueabihf/release/SignalAnalyzerRaspberryPiARMv6.build/LinuxSignalAnalyzerPiInputPump.swift.o	b798eda52a05d5dbcd4ee25981b1c3a314ebf4b0ca0094e02e8b522aa6380e5c
build/swiftpm/armv6-unknown-linux-gnueabihf/release/SignalAnalyzerRaspberryPiARMv6.build/LinuxSignalAnalyzerPiProcessLoop.swift.o	dc8682ca43fef5f7e92c278dccf9e89468adafe055f805c2aeece1026f18aab9
build/swiftpm/armv6-unknown-linux-gnueabihf/release/SignalAnalyzerRaspberryPiARMv6.build/PiHostNativeRehearsal.swift.o	cdbf63a948b855a15c2ddfcc2da63e92bfc0740ca73e1c98e46b9db644497e31
build/swiftpm/armv6-unknown-linux-gnueabihf/release/SignalAnalyzerRaspberryPiARMv6.build/SignalAnalyzerRaspberryPiARMv6.d	ab47a54e6ac3e9cba5d33af7946d63dbb1972e4790dd8419f888f8330b42ba2e
build/swiftpm/armv6-unknown-linux-gnueabihf/release/SignalAnalyzerRaspberryPiARMv6.build/SignalAnalyzerRaspberryPiARMv6.dia	2c72d5afff8cce441f2f8299a18215b0bf79605aa7eb05839e38f7949b46c0e2
build/swiftpm/armv6-unknown-linux-gnueabihf/release/SignalAnalyzerRaspberryPiARMv6.build/main.swift.o	72ea6e61a1943b945fd041412e65fe27b073290d2e0164572dcae0d3736b8c13
build/swiftpm/armv6-unknown-linux-gnueabihf/release/SignalAnalyzerRaspberryPiARMv6.build/output-file-map.json	1f95da8370861f2eb3a5532a169b5b4d9e249a712df1807354b092449a1862a4
build/swiftpm/armv6-unknown-linux-gnueabihf/release/SignalAnalyzerRaspberryPiARMv6.build/sources	324190635a40c2ff5f2b90ca9efce68efe1cd45903e830677e906a31300cb606
build/swiftpm/armv6-unknown-linux-gnueabihf/release/SignalAnalyzerRaspberryPiARMv6.product/Objects.LinkFileList	9516a977d2d4f9bad7895ee9fa2f1106c27077499213b622c8ddbf7082acf3ac
build/swiftpm/armv6-unknown-linux-gnueabihf/release/SignalAnalyzerTargetHost.build/DynamicSignalAnalyzerActionDispatcher.swift.o	7abaf841abfa4256d63009c4b2f34e8443facfb42992fb2db8558b6e37e9095d
build/swiftpm/armv6-unknown-linux-gnueabihf/release/SignalAnalyzerTargetHost.build/DynamicSignalAnalyzerApplicationFailureOwner.swift.o	6c3c34126bda3e487c643695892020e8b4405a7eef14bfb1a227eae9102f9e58
build/swiftpm/armv6-unknown-linux-gnueabihf/release/SignalAnalyzerTargetHost.build/DynamicSignalAnalyzerPiAssembly.swift.o	a1d3eb869a1bd8212acb7f82de5baabe4b82241f0ad46893affb875345d601da
build/swiftpm/armv6-unknown-linux-gnueabihf/release/SignalAnalyzerTargetHost.build/DynamicSignalAnalyzerPiContactIngress.swift.o	2b292f1680f789bf645d2b83508b6b1727f3bab3f4d14a803d08e2dee0744e21
build/swiftpm/armv6-unknown-linux-gnueabihf/release/SignalAnalyzerTargetHost.build/DynamicSignalAnalyzerPiCorrelationOwner.swift.o	5a4d77cc463a298217eec8bbe1bb82ba148803a33a290c53743f4be242f7c1f1
build/swiftpm/armv6-unknown-linux-gnueabihf/release/SignalAnalyzerTargetHost.build/DynamicSignalAnalyzerPiEndpoint.swift.o	8e13d800399e848a2bf8d72dd64ad6c254109d54544c869e9d73f350796f053b
build/swiftpm/armv6-unknown-linux-gnueabihf/release/SignalAnalyzerTargetHost.build/DynamicSignalAnalyzerPiInitialPresentationOwner.swift.o	43919e43252eccedd4fd5d902e4b47bbdcf6f8754585337a13f700b6d9460d05
build/swiftpm/armv6-unknown-linux-gnueabihf/release/SignalAnalyzerTargetHost.build/DynamicSignalAnalyzerPiInputCoordinator.swift.o	34a2f76b1d807758504a579b9b61ebe5b5bc1e5f2034fcec6751857908c14096
build/swiftpm/armv6-unknown-linux-gnueabihf/release/SignalAnalyzerTargetHost.build/DynamicSignalAnalyzerPiLifecycleOwner.swift.o	a56cbb28036e7b008100b2df5fa5819df81d0f7103e83159dab1e9d1fc0f972b
build/swiftpm/armv6-unknown-linux-gnueabihf/release/SignalAnalyzerTargetHost.build/DynamicSignalAnalyzerPiWakeAdmission.swift.o	e59c081f61e02e567c02be23f6cd5be2b4a9acf7e9380fd889de81ef6b80e021
build/swiftpm/armv6-unknown-linux-gnueabihf/release/SignalAnalyzerTargetHost.build/DynamicSignalAnalyzerPiWakePacingOwner.swift.o	bfcd56559b5eae5c44468bf0b42a5f35fba14623fa6bbc60be2636ae05001c12
build/swiftpm/armv6-unknown-linux-gnueabihf/release/SignalAnalyzerTargetHost.build/DynamicSignalAnalyzerPresentationPipeline.swift.o	52bf77ceef57b4fb02fa5fd6c4abd3ffddfa8a6f99e4052b0cd722045cb8557b
build/swiftpm/armv6-unknown-linux-gnueabihf/release/SignalAnalyzerTargetHost.build/SignalAnalyzerCycleFailureNormalizer.swift.o	238ff27dfab3bcd3b8f49252a4df92a3b34fe17bc8603a09351bcffa31eca3d7
build/swiftpm/armv6-unknown-linux-gnueabihf/release/SignalAnalyzerTargetHost.build/SignalAnalyzerCycleOwnerFailure.swift.o	c5b3055d24a2dd237e9d77b43be1ba59b13680895d05de2c031a63e02ba427d3
build/swiftpm/armv6-unknown-linux-gnueabihf/release/SignalAnalyzerTargetHost.build/SignalAnalyzerCycleResidualPolicyOwner.swift.o	5d74496aedcbc008528af755eb179bf0d37b6ead7cf1687ed0daab3275c4395a
build/swiftpm/armv6-unknown-linux-gnueabihf/release/SignalAnalyzerTargetHost.build/SignalAnalyzerTargetHost.d	3b2c5617cca93204d9c9c6ab5f0f2bfc2777911a681a2f72a943d60af957795d
build/swiftpm/armv6-unknown-linux-gnueabihf/release/SignalAnalyzerTargetHost.build/SignalAnalyzerTargetHost.dia	2c72d5afff8cce441f2f8299a18215b0bf79605aa7eb05839e38f7949b46c0e2
build/swiftpm/armv6-unknown-linux-gnueabihf/release/SignalAnalyzerTargetHost.build/StaticSignalAnalyzerActionDispatcher.swift.o	650ecdb8c1d6812c8702ff7a67369bfe1ede6dc4cd6c9fd5727624b675dcbd57
build/swiftpm/armv6-unknown-linux-gnueabihf/release/SignalAnalyzerTargetHost.build/StaticSignalAnalyzerNRFApplicationInputOwner.swift.o	f482af9729a70563f0a1b6a91811c6fd58cd279ea1438af8aaf3f9a6224b47f4
build/swiftpm/armv6-unknown-linux-gnueabihf/release/SignalAnalyzerTargetHost.build/StaticSignalAnalyzerNRFApplicationStorage.swift.o	4a33955bbcbcb8298ab703b800fc108597a59398810816a04a96d0e3bc95c9bb
build/swiftpm/armv6-unknown-linux-gnueabihf/release/SignalAnalyzerTargetHost.build/StaticSignalAnalyzerNRFAssembly.swift.o	74c02cd1b53f312c901083abe63b0e543c7e7157bc6d38d6f5fbe67dd012aba0
build/swiftpm/armv6-unknown-linux-gnueabihf/release/SignalAnalyzerTargetHost.build/StaticSignalAnalyzerNRFCanvasInvocationSource.swift.o	e418c645be5bfe2f2322dd43d57c7bbbc0715097931b6e353dae182f36bde15c
build/swiftpm/armv6-unknown-linux-gnueabihf/release/SignalAnalyzerTargetHost.build/StaticSignalAnalyzerNRFCanvasPass.swift.o	b92a756f7bf774dd217429a0cc125f5951501e565c6a86ea8266f2d953cef0c6
build/swiftpm/armv6-unknown-linux-gnueabihf/release/SignalAnalyzerTargetHost.build/StaticSignalAnalyzerNRFCanvasTable.generated.swift.o	6a02460f3e730610553dce295d6a4e393a9cf4940759a6212b7c5623b4464409
build/swiftpm/armv6-unknown-linux-gnueabihf/release/SignalAnalyzerTargetHost.build/StaticSignalAnalyzerNRFCaptureFactAdmission.swift.o	a05e8bfb804571b0d64f610654e3e39909852b92c32f85e332d9f93630b84238
build/swiftpm/armv6-unknown-linux-gnueabihf/release/SignalAnalyzerTargetHost.build/StaticSignalAnalyzerNRFCaptureHistory.swift.o	791d504ae927fed6e520868b78b8ecdadf353250c568b0731e6040af0c7cad3b
build/swiftpm/armv6-unknown-linux-gnueabihf/release/SignalAnalyzerTargetHost.build/StaticSignalAnalyzerNRFCaptureRecord.swift.o	3cb7659e1779608ca424e2ee9198db2ef06fa999badb38ed629353733faea931
build/swiftpm/armv6-unknown-linux-gnueabihf/release/SignalAnalyzerTargetHost.build/StaticSignalAnalyzerNRFCaptureSnapshotView.swift.o	585e3eae74ecc8d5ab2c06b63d92a177dba9100cd514c1ea3ba066639c110ab0
build/swiftpm/armv6-unknown-linux-gnueabihf/release/SignalAnalyzerTargetHost.build/StaticSignalAnalyzerNRFCaptureStorage.swift.o	b70fcf28b5d92654af2c854f1667f0d4a3b93487d0a7ed55bcf89d1c8eddd360
build/swiftpm/armv6-unknown-linux-gnueabihf/release/SignalAnalyzerTargetHost.build/StaticSignalAnalyzerNRFCompactCaptureFact.swift.o	8f5319700d990e94465d3fad08af871a4a69f439d32f5551e5f9cf38bee9731c
build/swiftpm/armv6-unknown-linux-gnueabihf/release/SignalAnalyzerTargetHost.build/StaticSignalAnalyzerNRFCompactFactRing.swift.o	144e3aabd17f4cea1299621f11056f3570395851866070eeffe08d8ba854d630
build/swiftpm/armv6-unknown-linux-gnueabihf/release/SignalAnalyzerTargetHost.build/StaticSignalAnalyzerNRFCompactPresentationFact.swift.o	344f5d2333eeb06ae47c767636a77cd1d40a78df842f9f4a8070cc2dab3361fa
build/swiftpm/armv6-unknown-linux-gnueabihf/release/SignalAnalyzerTargetHost.build/StaticSignalAnalyzerNRFDeterministicSource.swift.o	394281aa6d7d1e94159b43d3cd1261ac2d5ab94a1a05a2ab8ec8eaa29ee522ea
build/swiftpm/armv6-unknown-linux-gnueabihf/release/SignalAnalyzerTargetHost.build/StaticSignalAnalyzerNRFDisplayTarget.swift.o	9834bd928686ac0bb333365c5fd0392fd4894f7175d84f33be5d15120046d57c
build/swiftpm/armv6-unknown-linux-gnueabihf/release/SignalAnalyzerTargetHost.build/StaticSignalAnalyzerNRFDrawingPlanRecords.swift.o	f43b4db97b0dc1129a90f2f4e7c892a5876d9071571fe6cfe374aaf0c58cd25b
build/swiftpm/armv6-unknown-linux-gnueabihf/release/SignalAnalyzerTargetHost.build/StaticSignalAnalyzerNRFDrawingPlanStorage.swift.o	3efb0f0ab32deff4695ad25f11a5c9cc09acb15700346a93ad91a90c68dc1405
build/swiftpm/armv6-unknown-linux-gnueabihf/release/SignalAnalyzerTargetHost.build/StaticSignalAnalyzerNRFDrawingWorkspace.swift.o	cb6cbf81964bb8b2f4066ed46ca8da061cfcefad243e52082f5a501c0b963dd9
build/swiftpm/armv6-unknown-linux-gnueabihf/release/SignalAnalyzerTargetHost.build/StaticSignalAnalyzerNRFEmbeddedCanvasTable.generated.swift.o	3a4346c58c55d7027df92b6350079d4549eccd691aa06e71c065affe1bd73ffc
build/swiftpm/armv6-unknown-linux-gnueabihf/release/SignalAnalyzerTargetHost.build/StaticSignalAnalyzerNRFEmbeddedLayoutInterfaces.swift.o	9e971789ef1cdc8b58927d775d7f8f4e89f48f04a8d5fb8b695cf7e5bd69b122
build/swiftpm/armv6-unknown-linux-gnueabihf/release/SignalAnalyzerTargetHost.build/StaticSignalAnalyzerNRFEmbeddedLayoutModifier.swift.o	8ba056f47612b448035e55f96c1886001fea4ae4c0105970aa4e925bcd086e9f
build/swiftpm/armv6-unknown-linux-gnueabihf/release/SignalAnalyzerTargetHost.build/StaticSignalAnalyzerNRFEmbeddedLayoutPrimitive.swift.o	8a2477af4b2463e63fe859f7820d6f92662b0b42d1b5bcaf5d2b506de8acb8fa
build/swiftpm/armv6-unknown-linux-gnueabihf/release/SignalAnalyzerTargetHost.build/StaticSignalAnalyzerNRFEmbeddedLayoutScopeCodec.swift.o	5a7238faa0a8f31001b45cc014b215c88891aed7ad31c817f3db08acb41902ad
build/swiftpm/armv6-unknown-linux-gnueabihf/release/SignalAnalyzerTargetHost.build/StaticSignalAnalyzerNRFEmbeddedLayoutTextCodec.swift.o	bef648f402dee768e7722f32ee47f3fa5666ceebd0a5fc8124d3d2c76c9136fe
build/swiftpm/armv6-unknown-linux-gnueabihf/release/SignalAnalyzerTargetHost.build/StaticSignalAnalyzerNRFEmbeddedLayoutWorkspace.swift.o	f613084567ca156ede8bc470e7a1be500143e2e7097957dd2d62baf1e8620ceb
build/swiftpm/armv6-unknown-linux-gnueabihf/release/SignalAnalyzerTargetHost.build/StaticSignalAnalyzerNRFEmbeddedResolvedLayoutView.swift.o	c34cebe354af3b6e8bd798b72edbc7dc38c56039ac1bdfcf1682e888874b202b
build/swiftpm/armv6-unknown-linux-gnueabihf/release/SignalAnalyzerTargetHost.build/StaticSignalAnalyzerNRFEmbeddedSemanticRegion.swift.o	cb08dae1c607dd3f9de304f700559e48ac4edb93be081cd33b8a4a9a18767dc6
build/swiftpm/armv6-unknown-linux-gnueabihf/release/SignalAnalyzerTargetHost.build/StaticSignalAnalyzerNRFEmbeddedSemanticValidator.swift.o	f8e9481781fc334d5ba21894aa6b4374aa3ab2ac82957e5398f7679bcf34cc9a
build/swiftpm/armv6-unknown-linux-gnueabihf/release/SignalAnalyzerTargetHost.build/StaticSignalAnalyzerNRFEmbeddedSemanticView.swift.o	3d7c28f11747fa49b0dd17859210a05cb431deb8590bbdfc51b318dba26d53d3
build/swiftpm/armv6-unknown-linux-gnueabihf/release/SignalAnalyzerTargetHost.build/StaticSignalAnalyzerNRFEndpoint.swift.o	15a1f9b572ff6ad8d5e1b812f92846b031e8a82d25e7f66aa7d32fd3b7a6fedc
build/swiftpm/armv6-unknown-linux-gnueabihf/release/SignalAnalyzerTargetHost.build/StaticSignalAnalyzerNRFGeneratedMetadata.swift.o	e121938f89521ce9d94098d55449747f6a21dcba79e1281ef017838d54dfc2a6
build/swiftpm/armv6-unknown-linux-gnueabihf/release/SignalAnalyzerTargetHost.build/StaticSignalAnalyzerNRFInputABI.swift.o	cc01e75779296ee32c323ca8a50972d1f131dd2716525cf325373cd44cd6b795
build/swiftpm/armv6-unknown-linux-gnueabihf/release/SignalAnalyzerTargetHost.build/StaticSignalAnalyzerNRFInputCoordinator.swift.o	f07f633669713153c6ab241b4adb59bc1cf430d3596c124589537d79f7328294
build/swiftpm/armv6-unknown-linux-gnueabihf/release/SignalAnalyzerTargetHost.build/StaticSignalAnalyzerNRFInteractionCandidateProducer.swift.o	e37ebbe84111feb04f932f2f1742bcffa6380651179faf30424753d6303c97eb
build/swiftpm/armv6-unknown-linux-gnueabihf/release/SignalAnalyzerTargetHost.build/StaticSignalAnalyzerNRFInteractionHandler.swift.o	586f070dd995e51b12183a69d1a6b28119e8b6ead646c1c9ea32350574d6ac17
build/swiftpm/armv6-unknown-linux-gnueabihf/release/SignalAnalyzerTargetHost.build/StaticSignalAnalyzerNRFInteractionOccurrences.swift.o	e4f76544d52a8e6df20caa66df3136d9482123b678c76d1addc5ac06ce6b17b7
build/swiftpm/armv6-unknown-linux-gnueabihf/release/SignalAnalyzerTargetHost.build/StaticSignalAnalyzerNRFInteractionTargetProjection.swift.o	3cb8417fa8632bc3a8e991c6fce0f3d6686c3cc1713c83707f151527a05f7ea8
build/swiftpm/armv6-unknown-linux-gnueabihf/release/SignalAnalyzerTargetHost.build/StaticSignalAnalyzerNRFLayoutPass.swift.o	58c0b98f780d80732d80d8b3b408d01a0f36c95977932e0b37b26300b3982cf4
build/swiftpm/armv6-unknown-linux-gnueabihf/release/SignalAnalyzerTargetHost.build/StaticSignalAnalyzerNRFLayoutScopeCodec.swift.o	48537d39630df25b5dccf39c0ef92a78bbe9dc6bb2dd94b2adb63fd8fcd98287
build/swiftpm/armv6-unknown-linux-gnueabihf/release/SignalAnalyzerTargetHost.build/StaticSignalAnalyzerNRFLayoutTextCodec.swift.o	bef31318cfc634672e29e8f8578da081cf1a7597ba043759539eecf04bd9348f
build/swiftpm/armv6-unknown-linux-gnueabihf/release/SignalAnalyzerTargetHost.build/StaticSignalAnalyzerNRFLayoutWorkspace.swift.o	0683f75b2ba3cae09b4e4d4d886b0be901b7746d89afacbc49ed2e7cd4bfbe5a
build/swiftpm/armv6-unknown-linux-gnueabihf/release/SignalAnalyzerTargetHost.build/StaticSignalAnalyzerNRFLivePathStorage.swift.o	d334252874e9ad17b892fcd4bc07311b40a22e1f5e32b044542e9a56666f14c4
build/swiftpm/armv6-unknown-linux-gnueabihf/release/SignalAnalyzerTargetHost.build/StaticSignalAnalyzerNRFModelCaptureState.swift.o	c472ed2d6dab1d2a04a456488ba37611d6beb14c2c70410d1ad0cacd142811d5
build/swiftpm/armv6-unknown-linux-gnueabihf/release/SignalAnalyzerTargetHost.build/StaticSignalAnalyzerNRFModelDescriptor.generated.swift.o	3e52627dccf138575e3397557b1513dd9ebe0072e9af08cd637c30a2f821ef11
build/swiftpm/armv6-unknown-linux-gnueabihf/release/SignalAnalyzerTargetHost.build/StaticSignalAnalyzerNRFModelLocation.swift.o	2b85b6f4deaeada74389f23ce3e771680e659d7e95f913c5b8686c64d05c6e4d
build/swiftpm/armv6-unknown-linux-gnueabihf/release/SignalAnalyzerTargetHost.build/StaticSignalAnalyzerNRFModelModifierWriter.swift.o	18da5cc062b37453b293ce564e888ba73b0d1cd00214af42633d40772d96b2b8
build/swiftpm/armv6-unknown-linux-gnueabihf/release/SignalAnalyzerTargetHost.build/StaticSignalAnalyzerNRFModelTextWriter.swift.o	91179362e5b8d9bc155412844b1b62e73ec0757b82c1c3f512c233af1effa28f
build/swiftpm/armv6-unknown-linux-gnueabihf/release/SignalAnalyzerTargetHost.build/StaticSignalAnalyzerNRFModifierPayload.generated.swift.o	38a4bf7647532452b477470c39e0e23ce133302b7569089f306f7e82f3bef516
build/swiftpm/armv6-unknown-linux-gnueabihf/release/SignalAnalyzerTargetHost.build/StaticSignalAnalyzerNRFOperationalFailureBridge.swift.o	7664d8ffc4055afdfa3b39fa285ca5093870445cee677a250be86c42370abfa4
build/swiftpm/armv6-unknown-linux-gnueabihf/release/SignalAnalyzerTargetHost.build/StaticSignalAnalyzerNRFOperationalFailureFact.swift.o	3e2fe501a4bb2856bb99f4f6fee6604d734370bbc9910048a6a4d5f2213dd8f4
build/swiftpm/armv6-unknown-linux-gnueabihf/release/SignalAnalyzerTargetHost.build/StaticSignalAnalyzerNRFPacedApplicationStage.swift.o	949afbda44ea15dba48e68489f3d42ee304d5e1f57fe9165b3c38e173644486c
build/swiftpm/armv6-unknown-linux-gnueabihf/release/SignalAnalyzerTargetHost.build/StaticSignalAnalyzerNRFPackedSemanticRecords.generated.swift.o	36a38fa71ac90aaeb59185ab100e8fa403b10566f4b9be06709e772f32f576e9
build/swiftpm/armv6-unknown-linux-gnueabihf/release/SignalAnalyzerTargetHost.build/StaticSignalAnalyzerNRFPresentationCommitter.swift.o	a00e66753b60179f072c935741f29f7eeb3caff7a3e761825d2b4568aa2d0a5e
build/swiftpm/armv6-unknown-linux-gnueabihf/release/SignalAnalyzerTargetHost.build/StaticSignalAnalyzerNRFPresentationComposition.swift.o	b584260c828540327ea1c59a7c546317388b13808ec86e20e648c724de72a21b
build/swiftpm/armv6-unknown-linux-gnueabihf/release/SignalAnalyzerTargetHost.build/StaticSignalAnalyzerNRFPresentationHandoff.swift.o	112664af026a82b759d06473b0c5b83b323f599785cd1a36c81a5543bd6933d3
build/swiftpm/armv6-unknown-linux-gnueabihf/release/SignalAnalyzerTargetHost.build/StaticSignalAnalyzerNRFPresentationHealth.swift.o	3c71593620fa4121575334bd3f9d18b6d47b3f622369a9f6ff32c9b93fd0c4db
build/swiftpm/armv6-unknown-linux-gnueabihf/release/SignalAnalyzerTargetHost.build/StaticSignalAnalyzerNRFPresentationIdentityOwner.swift.o	b7504dd77dfbe7efdf7471e840eff90cbe42c0ac34660a4d3a189e4803f96393
build/swiftpm/armv6-unknown-linux-gnueabihf/release/SignalAnalyzerTargetHost.build/StaticSignalAnalyzerNRFPresentationInputs.generated.swift.o	f544d3f07f756230836ba499dd1c82d8a978090c059a6af56d32758632aee4a1
build/swiftpm/armv6-unknown-linux-gnueabihf/release/SignalAnalyzerTargetHost.build/StaticSignalAnalyzerNRFPresentationPreparation.swift.o	769d4ad9dab71fe3ec02f56e81d63e5cff1b602e77b200f93cd663bab63b98e9
build/swiftpm/armv6-unknown-linux-gnueabihf/release/SignalAnalyzerTargetHost.build/StaticSignalAnalyzerNRFPresentationTransaction.swift.o	045bd5dd2fc462edc84e09a381e3f42c4d8fcbd9e1db6d64139cc57389503255
build/swiftpm/armv6-unknown-linux-gnueabihf/release/SignalAnalyzerTargetHost.build/StaticSignalAnalyzerNRFPrimitivePayload.generated.swift.o	6634a76f91b1ff6ad736bf0fe9f00c8231d1d9210e7483459e9e26c35ce2d1d1
build/swiftpm/armv6-unknown-linux-gnueabihf/release/SignalAnalyzerTargetHost.build/StaticSignalAnalyzerNRFProfileBinding.swift.o	473a9254af9c824751843fe5ae3b72dcc3b1545ba68640ac9f79763426487189
build/swiftpm/armv6-unknown-linux-gnueabihf/release/SignalAnalyzerTargetHost.build/StaticSignalAnalyzerNRFProfileRegions.swift.o	5226d843a97cf83b800a094a1d011b966e3243adbb97fa490748fff2ef2279be
build/swiftpm/armv6-unknown-linux-gnueabihf/release/SignalAnalyzerTargetHost.build/StaticSignalAnalyzerNRFReferenceMetrics.generated.swift.o	9ac860075990738cd8c3eaeb1a1668dbaddfbb06352ceabcaad8ba8cb1b03157
build/swiftpm/armv6-unknown-linux-gnueabihf/release/SignalAnalyzerTargetHost.build/StaticSignalAnalyzerNRFRegionMap.swift.o	c44ef53e4fe05571ae35e1c44fda1221823e10d7b9148721e611514feb851389
build/swiftpm/armv6-unknown-linux-gnueabihf/release/SignalAnalyzerTargetHost.build/StaticSignalAnalyzerNRFRenderOffer.swift.o	cbea9c9b6506d31e9c2da15b0dfcd9a490568a814454fbdbab3b911492e77d62
build/swiftpm/armv6-unknown-linux-gnueabihf/release/SignalAnalyzerTargetHost.build/StaticSignalAnalyzerNRFRenderWorkspace.swift.o	a1dd0d7c74463960eac1fb42f9dd27a3d38401df347f5ae18da21649c79c561f
build/swiftpm/armv6-unknown-linux-gnueabihf/release/SignalAnalyzerTargetHost.build/StaticSignalAnalyzerNRFRepositoryProducer.swift.o	abc04089be495e6b4cd4dd8b59a9bae34e26dd7f6094dc01d19282302a7569ae
build/swiftpm/armv6-unknown-linux-gnueabihf/release/SignalAnalyzerTargetHost.build/StaticSignalAnalyzerNRFResidualRouting.swift.o	9c4ce35cb864f1e1ba64ade6fc2d5f40ea669845d18ad47be208fad7925bcbf8
build/swiftpm/armv6-unknown-linux-gnueabihf/release/SignalAnalyzerTargetHost.build/StaticSignalAnalyzerNRFResolvedLayout.swift.o	a9692d6c8e451603bdac3b75624ed27552001690c6d16abf85c8c383d91a2eaa
build/swiftpm/armv6-unknown-linux-gnueabihf/release/SignalAnalyzerTargetHost.build/StaticSignalAnalyzerNRFRuntimeStorage.swift.o	c8ec4189c921c39a4aad67bfbb0b5fa9405c3bfbf0056ab278ea7139f6316f44
build/swiftpm/armv6-unknown-linux-gnueabihf/release/SignalAnalyzerTargetHost.build/StaticSignalAnalyzerNRFSPITFTTransport.swift.o	edd6ec2d2858a4ef9394e58e52793872d537fa74f109d77bd8aecd8e88c6b3b8
build/swiftpm/armv6-unknown-linux-gnueabihf/release/SignalAnalyzerTargetHost.build/StaticSignalAnalyzerNRFSealedFactApplication.swift.o	fad600652aafd3d7dce5ae41d2458f9a4e52319f2817e54340f0e5b0d6cda312
build/swiftpm/armv6-unknown-linux-gnueabihf/release/SignalAnalyzerTargetHost.build/StaticSignalAnalyzerNRFSemanticPublication.swift.o	00d1b6c1b9cbc1557cf36bebdd20abfd5437b508e4a1f20f719dc7128d42b2fa
build/swiftpm/armv6-unknown-linux-gnueabihf/release/SignalAnalyzerTargetHost.build/StaticSignalAnalyzerNRFSemanticRegion.generated.swift.o	87190a1a8cc74c07eb8ad2eb2974108e910348608a30fb0cea9f29077319d00f
build/swiftpm/armv6-unknown-linux-gnueabihf/release/SignalAnalyzerTargetHost.build/StaticSignalAnalyzerNRFSnapshotFact.swift.o	679de67e88f6074ede7645b303462184cf49fe77fa004d5b3a7585150fcbd7be
build/swiftpm/armv6-unknown-linux-gnueabihf/release/SignalAnalyzerTargetHost.build/StaticSignalAnalyzerNRFTextPoolWriter.generated.swift.o	354d699bb9b706766071af866d4277141f7c5f0410a984318ae9cba3d8ee72ea
build/swiftpm/armv6-unknown-linux-gnueabihf/release/SignalAnalyzerTargetHost.build/StaticSignalAnalyzerNRFTileStorage.swift.o	bf0faddef3621bb95752dbd42472d5590797d791557065908b0f85c7e5d828bc
build/swiftpm/armv6-unknown-linux-gnueabihf/release/SignalAnalyzerTargetHost.build/StaticSignalAnalyzerNRFTopologyWriter.generated.swift.o	041bc2ca4a6fe71d5ef7f2e6aca1eb82770924cc8eeec28ea1ea48280a21f246
build/swiftpm/armv6-unknown-linux-gnueabihf/release/SignalAnalyzerTargetHost.build/StaticSignalAnalyzerNRFUTF8LayoutView.generated.swift.o	1fd0d55c960a225d33a06752b35f323b6c15c898e94af413fd8802baae21ccef
build/swiftpm/armv6-unknown-linux-gnueabihf/release/SignalAnalyzerTargetHost.build/StaticSignalAnalyzerNRFUTF8RenderView.generated.swift.o	333b2ffbeefd9789e7512e7c6ad76b26fc789d581738875146c0021c994e345b
build/swiftpm/armv6-unknown-linux-gnueabihf/release/SignalAnalyzerTargetHost.build/StaticSignalAnalyzerNRFUTF8TextPool.generated.swift.o	ec3578dcefbaaf13f30b80932f9991aa0b62e1b879611d6993e93a00f2b6385f
build/swiftpm/armv6-unknown-linux-gnueabihf/release/SignalAnalyzerTargetHost.build/include/SignalAnalyzerTargetHost-Swift.h	e1b573718d3e07995c29978a38f648d807dd370f1f4ef36f51988abd5a65efd0
build/swiftpm/armv6-unknown-linux-gnueabihf/release/SignalAnalyzerTargetHost.build/include/module.modulemap	2d33991d28d601216e238af5f8690807178805681ed9f936a4f62be3aa3b9079
build/swiftpm/armv6-unknown-linux-gnueabihf/release/SignalAnalyzerTargetHost.build/output-file-map.json	effa5487e6992225611cae3f4db6c1d970c6d439ec8e5454cc04d4429c9be64d
build/swiftpm/armv6-unknown-linux-gnueabihf/release/SignalAnalyzerTargetHost.build/sources	4f46f0f094a0c171245b1175549b04b3f45bd22689a785b281950db252a206ba
build/swiftpm/armv6-unknown-linux-gnueabihf/release/SwiftBasicFormat.build/include/module.modulemap	d8f2789a984e18400dd3ffbaa68fd0b633cddd31b5214766a09d1a6a2f270796
build/swiftpm/armv6-unknown-linux-gnueabihf/release/SwiftBasicFormat.build/output-file-map.json	c97423ac2aaedeb4304bc53789fb2c0a96de025e9fbb03dddac8647b0a71f10b
build/swiftpm/armv6-unknown-linux-gnueabihf/release/SwiftCompilerPlugin.build/include/module.modulemap	79f035f181c34266fff7851d1bc091aafe5f94e058f2b549bfe472287cf43a36
build/swiftpm/armv6-unknown-linux-gnueabihf/release/SwiftCompilerPlugin.build/output-file-map.json	36d8b61a85ac04080157f079434012b1a69a2e00ed87f748b236391dfbff184d
build/swiftpm/armv6-unknown-linux-gnueabihf/release/SwiftCompilerPluginMessageHandling.build/include/module.modulemap	e110d225638c4fd758d0a4bd84d0c9547a48d5bd932e69f5d4e69978cdda9040
build/swiftpm/armv6-unknown-linux-gnueabihf/release/SwiftCompilerPluginMessageHandling.build/output-file-map.json	07f8f9eeb80c91387f514c5aa66b2d6d24d4e37cbd4a6e7ba69392f192e2a4a0
build/swiftpm/armv6-unknown-linux-gnueabihf/release/SwiftDiagnostics.build/include/module.modulemap	c18bf0765c45c133f9f6bc132d425080b4905c907872a3e8a53ab802dd1ab73f
build/swiftpm/armv6-unknown-linux-gnueabihf/release/SwiftDiagnostics.build/output-file-map.json	c634220e6b4fec985cf72ea4975ffb70125e61f330135f701c1ece68bb0fa5bd
build/swiftpm/armv6-unknown-linux-gnueabihf/release/SwiftIDEUtils.build/include/module.modulemap	6dd2eeac8219cfd9f8c81b9de9df05261a9e6edaf61f9f4b5ff95fd2172be371
build/swiftpm/armv6-unknown-linux-gnueabihf/release/SwiftIDEUtils.build/output-file-map.json	5c13563a712e53d57c123822f1a7636094e4690679d0e4da9f648743ff1ce7c0
build/swiftpm/armv6-unknown-linux-gnueabihf/release/SwiftIfConfig.build/include/module.modulemap	c8e9efd7ee4c6a48e4686844c8d347a91e00d4b19a4d4925013d31c1e0b2923c
build/swiftpm/armv6-unknown-linux-gnueabihf/release/SwiftIfConfig.build/output-file-map.json	76951080a028c23119f784fbb585361ac3a7fe72bf2c1d84eda53a595ff5f8c2
build/swiftpm/armv6-unknown-linux-gnueabihf/release/SwiftLexicalLookup.build/include/module.modulemap	211d7767285761afaf0db99e1b9115c7d08f47d48706396274e3a5b55b36ca0b
build/swiftpm/armv6-unknown-linux-gnueabihf/release/SwiftLexicalLookup.build/output-file-map.json	18c5a7023c114854abf1bba42f2fb13a80d1aa1bd015f15a6183ea615ddb266e
build/swiftpm/armv6-unknown-linux-gnueabihf/release/SwiftLibraryPluginProvider.build/include/module.modulemap	ec655b1cd4eaec14d206c9152c9a5de4db6c581311d9a483456a5f5d7680e8ee
build/swiftpm/armv6-unknown-linux-gnueabihf/release/SwiftLibraryPluginProvider.build/output-file-map.json	368a5c39e3bfe3c5eaead85e48f89034d1503243cf030553acd53a3cbfcf32a9
build/swiftpm/armv6-unknown-linux-gnueabihf/release/SwiftOperators.build/include/module.modulemap	c35313e525e8e72b4fb7065414f3fb72980e8977d60ff6b4137276e8d7223c82
build/swiftpm/armv6-unknown-linux-gnueabihf/release/SwiftOperators.build/output-file-map.json	86a92e46f329b959f9d805f99805eda950101ff7227f34a79198adf65daecb10
build/swiftpm/armv6-unknown-linux-gnueabihf/release/SwiftParser.build/include/module.modulemap	e1d2bfaf285116ed905195c7ccc1fc78a2a27530ab01e504ad99001d7e832900
build/swiftpm/armv6-unknown-linux-gnueabihf/release/SwiftParser.build/output-file-map.json	77f33dc5df525fd4a4237515b7e43b478aa58f6c313459536186200b99d43424
build/swiftpm/armv6-unknown-linux-gnueabihf/release/SwiftParserDiagnostics.build/include/module.modulemap	e1769b1e2d2fa0a04ed9f3f07b6413b314c5a83c9ce34e9af31983b31ef07051
build/swiftpm/armv6-unknown-linux-gnueabihf/release/SwiftParserDiagnostics.build/output-file-map.json	245c3bed74ce7f38a38911d4e05075ddd22b779757de0465b37e4d7733bc25b9
build/swiftpm/armv6-unknown-linux-gnueabihf/release/SwiftRefactor.build/include/module.modulemap	7e0e12c0f4f40255b61bf65d297792bb394a538e99ac33801e3de9edbdc9a9a2
build/swiftpm/armv6-unknown-linux-gnueabihf/release/SwiftRefactor.build/output-file-map.json	56428af9a636c58efcadde44903278576d26ca048f5df376fd85ca9aa6dac2db
build/swiftpm/armv6-unknown-linux-gnueabihf/release/SwiftSyntax.build/include/module.modulemap	a476a4cae6ac4c558dd677ed6cd0bfb2e5d91e2956ae1a99182014f5b9eac60a
build/swiftpm/armv6-unknown-linux-gnueabihf/release/SwiftSyntax.build/output-file-map.json	44c3789bba6390f7b5408a74babdbecf8dffa5056d72bd5ed35a443ae3adc0de
build/swiftpm/armv6-unknown-linux-gnueabihf/release/SwiftSyntax509.build/include/module.modulemap	fb8d5be82150ca293e9e7ee2094683c2f2397d49bfb2b89e585a515d5bf2c15f
build/swiftpm/armv6-unknown-linux-gnueabihf/release/SwiftSyntax509.build/output-file-map.json	6e0851ff4fa062bdb624934ea9e8bd54c9fded2154a3c3b33cbe0932cf77891a
build/swiftpm/armv6-unknown-linux-gnueabihf/release/SwiftSyntax510.build/include/module.modulemap	673025123bb19d3dc0f7da94fa28033b989c414f12c54a8d2f2db361d4d29799
build/swiftpm/armv6-unknown-linux-gnueabihf/release/SwiftSyntax510.build/output-file-map.json	bc8c29cf8dc7de8ef8ffc46b9a6a83303d9e2907a809bab0b455d5bd58864e8f
build/swiftpm/armv6-unknown-linux-gnueabihf/release/SwiftSyntax600.build/include/module.modulemap	eabe64fbd20cd1df152406bd66e2b181eb82db5eed0674314f38e77992bf16d2
build/swiftpm/armv6-unknown-linux-gnueabihf/release/SwiftSyntax600.build/output-file-map.json	cdd21f5017e4380b02d9be1899b078409f01046eba5132b028833939a65f907e
build/swiftpm/armv6-unknown-linux-gnueabihf/release/SwiftSyntax601.build/include/module.modulemap	2f6a61d4910c05c8ba9dfc8b485f6f1605e5bb1f7a1af37b07f2356fba7dc37a
build/swiftpm/armv6-unknown-linux-gnueabihf/release/SwiftSyntax601.build/output-file-map.json	9434ce502aeb19bf05ea57fc0f6088fc0fba81e73514abc0539eacea3d5780a1
build/swiftpm/armv6-unknown-linux-gnueabihf/release/SwiftSyntax602.build/include/module.modulemap	230d1fe140391437b7f65f823533beea65ad68cf50e8bf63b99bf23980053a4d
build/swiftpm/armv6-unknown-linux-gnueabihf/release/SwiftSyntax602.build/output-file-map.json	261f3039be6f1795e2cdc43fada149ed43b9bb1d15d6c3e945d98200c23c5a60
build/swiftpm/armv6-unknown-linux-gnueabihf/release/SwiftSyntax603.build/include/module.modulemap	2415c11294291a17b4bbec97cd120e87f473546646f324890b2681140b5d347c
build/swiftpm/armv6-unknown-linux-gnueabihf/release/SwiftSyntax603.build/output-file-map.json	e01413480bf9b81d9583a317d902cc15073c13d3ecfc1942183f7f9999715325
build/swiftpm/armv6-unknown-linux-gnueabihf/release/SwiftSyntaxBuilder.build/include/module.modulemap	4bb062f36cdb07354e6fbe424fb2ef65b5099a7e6082792a8fcbaf402f740cce
build/swiftpm/armv6-unknown-linux-gnueabihf/release/SwiftSyntaxBuilder.build/output-file-map.json	eefd9172fbb523206d7b444d6cf97ac340e3a4dba75e7ee9d409c5e9e60564c4
build/swiftpm/armv6-unknown-linux-gnueabihf/release/SwiftSyntaxMacroExpansion.build/include/module.modulemap	281e665f4c44a2ceb5ee3f442cb1fe7254d813affa7c59bfbe3836b52fd2ddfb
build/swiftpm/armv6-unknown-linux-gnueabihf/release/SwiftSyntaxMacroExpansion.build/output-file-map.json	51d0d52efea30a72e7379d5f442bcd34f23055e307f79489fea871898f507492
build/swiftpm/armv6-unknown-linux-gnueabihf/release/SwiftSyntaxMacros.build/include/module.modulemap	985002415c15cfe11a1f16815367c1f47e78a10e2a620d5a2d6feb7a3fdafe33
build/swiftpm/armv6-unknown-linux-gnueabihf/release/SwiftSyntaxMacros.build/output-file-map.json	d46f60f4f6fcbaa74776f92e01ba73ae3084fa7c8803361d20e9442711ce41ff
build/swiftpm/armv6-unknown-linux-gnueabihf/release/SwiftSyntaxMacrosGenericTestSupport.build/include/module.modulemap	7769c89ea2b7339e6d2552af18aa85fbf2eede4da22a3d67f89cc8b54cd75536
build/swiftpm/armv6-unknown-linux-gnueabihf/release/SwiftSyntaxMacrosGenericTestSupport.build/output-file-map.json	b70dc978c0e45d0fac7503ed4044bd0bf9d17baf360c00a822a63bd9d9297628
build/swiftpm/armv6-unknown-linux-gnueabihf/release/SwiftSyntaxMacrosTestSupport.build/include/module.modulemap	30b09e81115664fe757a7731cc578ec1d7680470a20b261c9d2f9b7f0ee2901a
build/swiftpm/armv6-unknown-linux-gnueabihf/release/SwiftSyntaxMacrosTestSupport.build/output-file-map.json	6e6df7533d6a825c667bdde8b92fe8f6152154305933f3c15878944d8330f1f0
build/swiftpm/armv6-unknown-linux-gnueabihf/release/SwiftWarningControl.build/include/module.modulemap	db7ffb0a9fc6d7248a8449ca5d3f93485ee0dd8dd31e7d1510bb5e600595648e
build/swiftpm/armv6-unknown-linux-gnueabihf/release/SwiftWarningControl.build/output-file-map.json	0cd9875d5bb3a507a95786ac381848f54e6df639b3517bae849062435771f74d
build/swiftpm/armv6-unknown-linux-gnueabihf/release/_SwiftSyntaxGenericTestSupport.build/include/module.modulemap	29a13caa54b99600072d75a0cd2d50fc16227bcd6371e8eacecf2a7bbab56b02
build/swiftpm/armv6-unknown-linux-gnueabihf/release/_SwiftSyntaxGenericTestSupport.build/output-file-map.json	a24acedb6eccdccc1e522aaf310044f3a7c33735747afb229ce6a4d3a2e1c438
build/swiftpm/armv6-unknown-linux-gnueabihf/release/description.json	a3c6780c49e9ae59eae8ebe48f04ecd96488638bad13ede025833ca803accb59
build/swiftpm/armv6-unknown-linux-gnueabihf/release/swift-version-3DE8B4069F7AB4E6.txt	56c0f49031e9998c3fa6a85fb65ba183104d94aac2a27588469c95dd62530e72
build/swiftpm/build.db	a3b0019d409a2d98e010cb8fb952e15aa8f2307d8a9dae305f66c34be6fbe72f
build/swiftpm/checkouts/swift-syntax/BUILD.bazel	2c531378bef5e2a195b47ab890a8718e9b8f52366b30edb227c548dbf198cf0e
build/swiftpm/checkouts/swift-syntax/CMakeLists.txt	c2a48ab42911b139f2ac2ecd130a821c287a0bded26f72129b20b20e335eaf66
build/swiftpm/checkouts/swift-syntax/CONTRIBUTING.md	85946d4a54c8dbf885f20af89b75107c1fe3e7efd7b09e7db2e7555e4bb8ce81
build/swiftpm/checkouts/swift-syntax/Changelog.md	088da10806f9ac7baa681fc80006da72e06f9bf8158397c3925bb01cbd6b23d9
build/swiftpm/checkouts/swift-syntax/CodeGeneration/Package.swift	5dbea657942726413f7d1ef6c09da00b38380eb071fdfd28ef88169d56d09578
build/swiftpm/checkouts/swift-syntax/CodeGeneration/README.md	7e4917c98719a0228fa7ea69827f84ced67f757fb6909bc022cacd8e93f32d5d
build/swiftpm/checkouts/swift-syntax/CodeGeneration/Sources/SyntaxSupport/AttributeNodes.swift	a45440420c5af0339530a15493722ce789a3e7af32bd549ee23d79acc7fd36f0
build/swiftpm/checkouts/swift-syntax/CodeGeneration/Sources/SyntaxSupport/AvailabilityNodes.swift	74ad863abc7d928ed6c865244c81a60e9da915ec183617e9656dbcbe5f8059b5
build/swiftpm/checkouts/swift-syntax/CodeGeneration/Sources/SyntaxSupport/BuilderInitializableTypes.swift	1ed2dc9393216801ad3a3bacab2b5d82ea5085de74c0e25710928a64237636c4
build/swiftpm/checkouts/swift-syntax/CodeGeneration/Sources/SyntaxSupport/Child.swift	873fbec93a36e851a5a2e1fe489e11ebcba830750b2c4c7aeadd128d317323dd
build/swiftpm/checkouts/swift-syntax/CodeGeneration/Sources/SyntaxSupport/CommonNodes.swift	9bc36c61b85485034132f352a0d38febd9e86b9808e2812b7c8041dfc09ebd96
build/swiftpm/checkouts/swift-syntax/CodeGeneration/Sources/SyntaxSupport/CompatibilityLayer.swift	bffcfbcca16a4927c6a16b9a46215b9e4c8d81ff8365168d780b04282ce37460
build/swiftpm/checkouts/swift-syntax/CodeGeneration/Sources/SyntaxSupport/CompilerNodes.swift	f8dd4cbb2fe312a2ab06fcbbbf2a6d87b7f0b5dfcfb53b802fa98e497b0778a5
build/swiftpm/checkouts/swift-syntax/CodeGeneration/Sources/SyntaxSupport/DeclNodes.swift	451191152aef4664afd2a0dbb9f34eda0c7e8865cdf2794ec419559038a67a35
build/swiftpm/checkouts/swift-syntax/CodeGeneration/Sources/SyntaxSupport/ExperimentalFeatures.swift	04e9bf56084790844803705dff75d300e3813573c367c2b7eb2d39b0686f5cbd
build/swiftpm/checkouts/swift-syntax/CodeGeneration/Sources/SyntaxSupport/ExprNodes.swift	7d2053447967b03a31731ccdde686700e36790ff9ba7b84e4cd7141cae4641f0
build/swiftpm/checkouts/swift-syntax/CodeGeneration/Sources/SyntaxSupport/GenericNodes.swift	01eb52b95fafada25a0a13565aad7f5122289e3379c37986a005b872e88fd102
build/swiftpm/checkouts/swift-syntax/CodeGeneration/Sources/SyntaxSupport/GrammarGenerator.swift	3e3451342ead86a95b7421fe33612c69fd4f48703ab94ef347f043859a8a0a73
build/swiftpm/checkouts/swift-syntax/CodeGeneration/Sources/SyntaxSupport/IdentifierConvertible.swift	aa986de87f5d3b0506ab05c2f23c5b20e42f6a7058972616a8750eb0fe62da66
build/swiftpm/checkouts/swift-syntax/CodeGeneration/Sources/SyntaxSupport/InitSignature.swift	5399f5e53d96f5e231a954bfefeec562c15acce905b9d18a2b39a178d730bc51
build/swiftpm/checkouts/swift-syntax/CodeGeneration/Sources/SyntaxSupport/KeywordSpec.swift	332dbcc792d16e9624f11835d0904e123ed929a06d7e3c0ef78603f74c2f8c5b
build/swiftpm/checkouts/swift-syntax/CodeGeneration/Sources/SyntaxSupport/Node.swift	52cff65d9edf4c77f1d8e40d24244aea07c52ab77e9054140a264ac4290dc51f
build/swiftpm/checkouts/swift-syntax/CodeGeneration/Sources/SyntaxSupport/NodeChoiceConvertible.swift	147d5f0a4ef2134600b4203bd2aa96cd892debcca67455e4bcae911735127a14
build/swiftpm/checkouts/swift-syntax/CodeGeneration/Sources/SyntaxSupport/PatternNodes.swift	1f9463f4ff2087db5ec31bca45e78b2024ed8136114352e59aa54ec57cbf099b
build/swiftpm/checkouts/swift-syntax/CodeGeneration/Sources/SyntaxSupport/RawSyntaxNodeKind.swift	fd64f9fb4fa1fc9fcae5fe2953b2340325edde0dcfb88aa558b76284d7281e04
build/swiftpm/checkouts/swift-syntax/CodeGeneration/Sources/SyntaxSupport/StmtNodes.swift	122c4ef89fb1762ba6dac5d2ffa72e66b3488ad82c0b083ca6b44b5cb5154243
build/swiftpm/checkouts/swift-syntax/CodeGeneration/Sources/SyntaxSupport/String+Extensions.swift	6cde59787781547bdc31e0a02150d33bdd13208a50f2c030a0d38acfd3bc413f
build/swiftpm/checkouts/swift-syntax/CodeGeneration/Sources/SyntaxSupport/SyntaxNodeKind.swift	8df5abb22eae6f92f3c264c8be4aac31aefb1ac475897f155af4b72fbca1e627
build/swiftpm/checkouts/swift-syntax/CodeGeneration/Sources/SyntaxSupport/SyntaxNodes.swift	a9a2aa8b49ab6d71e4f1183801d2faac119b357319585d2caabded92fa6f2e9a
build/swiftpm/checkouts/swift-syntax/CodeGeneration/Sources/SyntaxSupport/TokenSpec.swift	c5e20fcbb35357d5ab1191e4b845a4aa7d29f49b688f087a0bbed730e78a072c
build/swiftpm/checkouts/swift-syntax/CodeGeneration/Sources/SyntaxSupport/Traits.swift	44b3c7e53904477e43ac015dcd575e540d07f686225a116669c8781e0f59b00b
build/swiftpm/checkouts/swift-syntax/CodeGeneration/Sources/SyntaxSupport/Trivia.swift	cab34c891bc3e1c91a073043198dbf4b90ec9740af0e12da53b07ba8c2c75f73
build/swiftpm/checkouts/swift-syntax/CodeGeneration/Sources/SyntaxSupport/TypeConvertible.swift	9363fb025a00eee1836eb09c18ca7ba847da2a29014cc4d620fb0557da9aa73d
build/swiftpm/checkouts/swift-syntax/CodeGeneration/Sources/SyntaxSupport/TypeNodes.swift	b8897f66d4a502be821f90d00e1f2c47d6b28661523cd37e8a63925675f80da0
build/swiftpm/checkouts/swift-syntax/CodeGeneration/Sources/SyntaxSupport/Utils.swift	df04731b6504ed9f092cabb487c5ecc89c0cfcb2478e8e63d1a3654c27011b07
build/swiftpm/checkouts/swift-syntax/CodeGeneration/Sources/Utils/CodeGenerationFormat.swift	2c163d7d27cea4a78af0279c16191b5e64a22605d6c623baf1aa47f58fecb486
build/swiftpm/checkouts/swift-syntax/CodeGeneration/Sources/Utils/CopyrightHeader.swift	a2445ba1687aef55459b853f968c40c59f95fed003a29eb278b71dadbe645671
build/swiftpm/checkouts/swift-syntax/CodeGeneration/Sources/Utils/SyntaxBuildableChild.swift	c4c92fe842891b961c4378cd3ec3ca1d090924d860a2fc74fb0cf3a844eaa3ad
build/swiftpm/checkouts/swift-syntax/CodeGeneration/Sources/Utils/SyntaxBuildableNode.swift	895c44e226cfc243455138de4f367ce6004fc95db5844cc516ef8009f2676ecc
build/swiftpm/checkouts/swift-syntax/CodeGeneration/Sources/Utils/SyntaxBuildableType.swift	542caf639d852ffc227f4095d3f4052a315ae796b402c3fe707f5887ba46270b
build/swiftpm/checkouts/swift-syntax/CodeGeneration/Sources/Utils/Utils.swift	56ccdf7e9909be642976a46ecfab6edaab6e953e1839e703eb0a67fa467cda3b
build/swiftpm/checkouts/swift-syntax/CodeGeneration/Sources/generate-swift-syntax/ChildNodeChoices.swift	e7f864d358a1f40071d6eb295d98803e950a0dabfab4cb592990579a38393418
build/swiftpm/checkouts/swift-syntax/CodeGeneration/Sources/generate-swift-syntax/GenerateSwiftSyntax.swift	022530cfd530f08c30de9b300b80b5f8e13c08f9276a3b6d342925a7aa8fc927
build/swiftpm/checkouts/swift-syntax/CodeGeneration/Sources/generate-swift-syntax/ImportSwiftSyntax.swift	782411f6ce9e3a68a5eb5273291106b565e80a2926def44a56a0cbaf780e4017
build/swiftpm/checkouts/swift-syntax/CodeGeneration/Sources/generate-swift-syntax/InitSignature+Extensions.swift	d8f7b84b2730f2c87fdeddbf89fccd028826399e1b760d6947161f11c21d1f81
build/swiftpm/checkouts/swift-syntax/CodeGeneration/Sources/generate-swift-syntax/templates/swiftparser/ExperimentalFeaturesFile.swift	4f489e27c5967a1937ad96d2bb4586cd4058c6a452d2ed00992f6bf21a26370c
build/swiftpm/checkouts/swift-syntax/CodeGeneration/Sources/generate-swift-syntax/templates/swiftparser/IsLexerClassifiedFile.swift	4602bc7017039fb1daafbab6791469db47012d7bbfc87ea8eb9e7c3319d6dc56
build/swiftpm/checkouts/swift-syntax/CodeGeneration/Sources/generate-swift-syntax/templates/swiftparser/LayoutNodesParsableFile.swift	df19c0c6f1e5ffb5e955a2872be863c7adecba0ed3795631fc1e1ef6fcb3c23d
build/swiftpm/checkouts/swift-syntax/CodeGeneration/Sources/generate-swift-syntax/templates/swiftparser/ParserTokenSpecSetFile.swift	2e8878e30bc9f87a895c8a03c65ad1f9e04584b72a1d1a219d0f5dcd65081506
build/swiftpm/checkouts/swift-syntax/CodeGeneration/Sources/generate-swift-syntax/templates/swiftparser/TokenSpecStaticMembersFile.swift	4cd592026a90fc47fe4ddf7a09ea8a449fe16800609d5d2776f890c5111707f4
build/swiftpm/checkouts/swift-syntax/CodeGeneration/Sources/generate-swift-syntax/templates/swiftparserdiagnostics/ChildNameForDiagnosticsFile.swift	b54a148b30fc3271dd6049a2f1dade74ea451f0d6df7f8be671161f25a118a6c
build/swiftpm/checkouts/swift-syntax/CodeGeneration/Sources/generate-swift-syntax/templates/swiftparserdiagnostics/SyntaxKindNameForDiagnosticsFile.swift	4cfb977affdb15ecb66ef29246df8f8048379e710ea10e9c73e3fcf2af2886d4
build/swiftpm/checkouts/swift-syntax/CodeGeneration/Sources/generate-swift-syntax/templates/swiftparserdiagnostics/TokenNameForDiagnosticsFile.swift	d4899b06bc5642ad11e83cffd099d8fd6703deb4ef893095b98bdb1463642236
build/swiftpm/checkouts/swift-syntax/CodeGeneration/Sources/generate-swift-syntax/templates/swiftsyntax/ChildNameForKeyPathFile.swift	6b83cc8a5f9b4f4fe75bde09cdd8ea8f52f8ff14accb2d674ab54d2dad6716f1
build/swiftpm/checkouts/swift-syntax/CodeGeneration/Sources/generate-swift-syntax/templates/swiftsyntax/KeywordFile.swift	9e9b1fba9b8ff3a349d9ed20c94b5d00e9c31c4199a1c657ec8bbd527664b8eb
build/swiftpm/checkouts/swift-syntax/CodeGeneration/Sources/generate-swift-syntax/templates/swiftsyntax/RawSyntaxNodesFile.swift	ec044596344b1b3552394cdb4c99357e14c250228c07d650b4e6008d1d1d32a1
build/swiftpm/checkouts/swift-syntax/CodeGeneration/Sources/generate-swift-syntax/templates/swiftsyntax/RawSyntaxValidationFile.swift	283a77871bda19f3415cfe8649f984a6dda0a39fceb90924887f83dd66c2fa1e
build/swiftpm/checkouts/swift-syntax/CodeGeneration/Sources/generate-swift-syntax/templates/swiftsyntax/RenamedChildrenCompatibilityFile.swift	909f480d2515a73423b44d88135edab989e50cc202fb764fb37698ec811e462b
build/swiftpm/checkouts/swift-syntax/CodeGeneration/Sources/generate-swift-syntax/templates/swiftsyntax/RenamedSyntaxNodesFile.swift	fed3ac049bb7edd139e5ae059b4fa5e33906e1af39d133dacba6e362a9fce06d
build/swiftpm/checkouts/swift-syntax/CodeGeneration/Sources/generate-swift-syntax/templates/swiftsyntax/SwiftSyntaxDoccIndex.swift	b1b3d1913a4163758136bfd7c2a0ca62e2f7477972f7704bda006edb66770215
build/swiftpm/checkouts/swift-syntax/CodeGeneration/Sources/generate-swift-syntax/templates/swiftsyntax/SwiftSyntaxDoccIndexTemplate.md	21906fca4451badb97c2ec5d92d92ec1d4e4538383e1ada27367896dcc29025a
build/swiftpm/checkouts/swift-syntax/CodeGeneration/Sources/generate-swift-syntax/templates/swiftsyntax/SyntaxAnyVisitorFile.swift	d908d2613fe0770c65fe1b61cfa99d942d37df2646518bac946148c342b9bb67
build/swiftpm/checkouts/swift-syntax/CodeGeneration/Sources/generate-swift-syntax/templates/swiftsyntax/SyntaxBaseNodesFile.swift	c2871e8f17fd7648a2e0381dd469d44993d0de5d838a44c403fb8950f696e9d2
build/swiftpm/checkouts/swift-syntax/CodeGeneration/Sources/generate-swift-syntax/templates/swiftsyntax/SyntaxCollectionsFile.swift	dc07b4b775733973ef41788e9e003dcb9ec220f18d54a57334b67c019b3d18f7
build/swiftpm/checkouts/swift-syntax/CodeGeneration/Sources/generate-swift-syntax/templates/swiftsyntax/SyntaxEnumFile.swift	ce98f99ddf51f8047ef92b3a86ac469c37bd702aebeb9406192b08f8e7d5ad61
build/swiftpm/checkouts/swift-syntax/CodeGeneration/Sources/generate-swift-syntax/templates/swiftsyntax/SyntaxKindFile.swift	10b0d68cd5deb55027c980fe381e4e26383e17fb24324b0c0e5e86f888492f44
build/swiftpm/checkouts/swift-syntax/CodeGeneration/Sources/generate-swift-syntax/templates/swiftsyntax/SyntaxNodeCasting.swift	5770a1c665392e8438cf3dbf05c5b2d53188f875b8c52a6287105272b529f8bf
build/swiftpm/checkouts/swift-syntax/CodeGeneration/Sources/generate-swift-syntax/templates/swiftsyntax/SyntaxNodesFile.swift	f5d326e614e35c2b1c58b599c22efca35cfda8a5e833e0b9f17afa50a7904735
build/swiftpm/checkouts/swift-syntax/CodeGeneration/Sources/generate-swift-syntax/templates/swiftsyntax/SyntaxRewriterFile.swift	7407839def66478711334015e1674d4501326b08b5e6a0045218bc87f2275b49
build/swiftpm/checkouts/swift-syntax/CodeGeneration/Sources/generate-swift-syntax/templates/swiftsyntax/SyntaxTraitsFile.swift	63c77d244b90b0d405aacd29af23dbaffe67fc97d5ee988b7a223e5d76cbca17
build/swiftpm/checkouts/swift-syntax/CodeGeneration/Sources/generate-swift-syntax/templates/swiftsyntax/SyntaxVisitorFile.swift	1be22594ff4bbefcbdda5a7f6c221d08982e1b1138b4ef47969c0a6e193e045f
build/swiftpm/checkouts/swift-syntax/CodeGeneration/Sources/generate-swift-syntax/templates/swiftsyntax/TokenKindFile.swift	edf1895af1078377c2db0be3f78b45328e55c687c36296db410bb129dcc41c92
build/swiftpm/checkouts/swift-syntax/CodeGeneration/Sources/generate-swift-syntax/templates/swiftsyntax/TokensFile.swift	09a55ad374d06141753aea4edabda9b1ce68a670ce86d6c469841536343dec21
build/swiftpm/checkouts/swift-syntax/CodeGeneration/Sources/generate-swift-syntax/templates/swiftsyntax/TriviaPiecesFile.swift	203313c1a907e5f6955ea832398449fa43d97a994c1a22895ec71e25d013666c
build/swiftpm/checkouts/swift-syntax/CodeGeneration/Sources/generate-swift-syntax/templates/swiftsyntaxbuilder/BuildableNodesFile.swift	620aea7c9322ab3b72acb1b57b9fddbf29f0144b3b0fa34394c28024351c23aa
build/swiftpm/checkouts/swift-syntax/CodeGeneration/Sources/generate-swift-syntax/templates/swiftsyntaxbuilder/RenamedChildrenBuilderCompatibilityFile.swift	f174c2a78a1827610e127036257918ee2a7de480780d6f01fc60f1722fff83ea
build/swiftpm/checkouts/swift-syntax/CodeGeneration/Sources/generate-swift-syntax/templates/swiftsyntaxbuilder/ResultBuildersFile.swift	4e010f7b08caf60f9dcc7f28f940de6d9d912007f64561e07a579095f303e1cf
build/swiftpm/checkouts/swift-syntax/CodeGeneration/Sources/generate-swift-syntax/templates/swiftsyntaxbuilder/SyntaxExpressibleByStringInterpolationConformancesFile.swift	1897f71571dd46608bd3d0c8bfbd330f3be9eee5967c161071134f0f364b7c77
build/swiftpm/checkouts/swift-syntax/CodeGeneration/Tests/ValidateSyntaxNodes/Utils.swift	a978e57e93e25d04769dcd12426536f4ecdbd640a3b3364f1f490111d2f1718b
build/swiftpm/checkouts/swift-syntax/CodeGeneration/Tests/ValidateSyntaxNodes/ValidateSyntaxNodes.swift	43159f3be32079b91c0205c322899bb81777ba695c39b8d9ba831855f9ad8c55
build/swiftpm/checkouts/swift-syntax/CodeGeneration/Tests/ValidateSyntaxNodes/ValidationFailure.swift	89b0e378a81a1201b8135e312fd1537223aa6a32a5ffd0944b7a71e0112eaae7
build/swiftpm/checkouts/swift-syntax/Contributor Documentation/API Breakage Checks.md	aa6b3e029a9c2ce82ca96cbe0ce9925bf3b02e97290ae753d17c594aa620aa64
build/swiftpm/checkouts/swift-syntax/Contributor Documentation/Changing Swift Syntax.md	6b14f90bb34ae4543afa4c68527155dde2ef13c343e6b1a4b4c7985908420b08
build/swiftpm/checkouts/swift-syntax/Contributor Documentation/Environment variables.md	a48e1f6c7707e0af1ce568c1b1586a3727f4f85ade7ef6262a28db1b26ea5b83
build/swiftpm/checkouts/swift-syntax/Contributor Documentation/Filing Parser Bug Reports.md	15d2d7f7d5a772e6ba07a55a041d69330b8d6f47c2d02a99f6d46e7f87f5cb1f
build/swiftpm/checkouts/swift-syntax/Contributor Documentation/Fixing Bugs.md	0d61cb206a98c2f617b1aa92c05841e7936036c29ff2bce722ae28557aa3a707
build/swiftpm/checkouts/swift-syntax/Contributor Documentation/Parser Design.md	e4727e89e3557415d122bba8a2382892862f62f658406d2248f7417dddb74b06
build/swiftpm/checkouts/swift-syntax/Contributor Documentation/Parser Recovery.md	e88851542181e303773029c70c0796eb1682eeb132c59aed424bc6f3ea09fcfe
build/swiftpm/checkouts/swift-syntax/Contributor Documentation/Parsing Basics.md	3d6130a0ce37adba15215dfd1a4eb657eeab298440cc0735aa3ce3f9e5d0888c
build/swiftpm/checkouts/swift-syntax/Contributor Documentation/README.md	b28d730a1ae91ebf6060a681b0e2cf2d87741dbd676c99a32f4ab0603d087f84
build/swiftpm/checkouts/swift-syntax/Contributor Documentation/RFC Process.md	c45432fc13fe5f18ef2873441ee74016b7507b974d12ea521b92f76ba60ac481
build/swiftpm/checkouts/swift-syntax/Contributor Documentation/SPI Attribute.md	aaeb6e910c7383808b8c44e5513e4b8bd9f20469c624e6db14e839ba83fb09bc
build/swiftpm/checkouts/swift-syntax/Contributor Documentation/When to use protocols in SwiftSyntax.md	28f3a0f1dfc6e2c64b4c7c02df5f775af90e2481b40ef9ed14c6409e72f5d666
build/swiftpm/checkouts/swift-syntax/EditorExtension/Host/Assets.xcassets/AppIcon.appiconset/Contents.json	884db26f7c9de0dd3e0542d616ba109636a804283b72dc2939a4c572a640d51a
build/swiftpm/checkouts/swift-syntax/EditorExtension/Host/HostApp.swift	f3811ad67a43a6a18512b81ccc4c230aee3ac83e926bdefbdf31530a193d0be6
build/swiftpm/checkouts/swift-syntax/EditorExtension/Host/Info.plist	7634be60ae6031274a5e17320a4293350445e259cdcaecdd94deb5e577f3d664
build/swiftpm/checkouts/swift-syntax/EditorExtension/README.md	66d5e651605f67f957ab656b97c686fa0c63b3e795246d5a8e1d34a43acb5ab7
build/swiftpm/checkouts/swift-syntax/EditorExtension/SwiftRefactorExtension.xcodeproj/project.pbxproj	13a501adaacf91d53125d625f2523162266978a013b1f587266e008bd95ab9a0
build/swiftpm/checkouts/swift-syntax/EditorExtension/SwiftRefactorExtension.xcodeproj/project.xcworkspace/contents.xcworkspacedata	7f3b00b5c3fdb45242d7b87e1e5c4e25d1fa8129a16c94295ecc4e8ea2235c5f
build/swiftpm/checkouts/swift-syntax/EditorExtension/SwiftRefactorExtension.xcodeproj/project.xcworkspace/xcshareddata/IDEWorkspaceChecks.plist	dfa0f9bb85b95ccba9c6811adadf8cb407fb5d52088e89db83ebc308ec448542
build/swiftpm/checkouts/swift-syntax/EditorExtension/SwiftRefactorExtension.xcodeproj/xcshareddata/xcschemes/SwiftRefactorExtension.xcscheme	4b7763aeb58f4a6d31bb5f5baeae3fd2c3c756db0764d8b97a91fec300bd24d9
build/swiftpm/checkouts/swift-syntax/EditorExtension/SwiftRefactorExtension/Bridge.h	4a41af969c0bfb820f89a28ba6a1b009a064d3d8061b6dd659ac1f34e2a76291
build/swiftpm/checkouts/swift-syntax/EditorExtension/SwiftRefactorExtension/CommandDiscovery.swift	e0f5f44459fb3e429f4b0a7b913ca911afc72297e86a62b37bff7f9abcee6907
build/swiftpm/checkouts/swift-syntax/EditorExtension/SwiftRefactorExtension/Info.plist	717846de31c52e131e3775088c2b9912e5c04e305bb2c1079e408cc94fdea3ed
build/swiftpm/checkouts/swift-syntax/EditorExtension/SwiftRefactorExtension/RefactoringRegistry.swift	475c2416c720487eb4a2680ae682ac643a6b1dc8c69bba056303e6af26237172
build/swiftpm/checkouts/swift-syntax/EditorExtension/SwiftRefactorExtension/SourceEditorCommand.swift	4fe98c985e65a63a6f62069c7de580d732beb29c53683d06df7ff741e437b18a
build/swiftpm/checkouts/swift-syntax/EditorExtension/SwiftRefactorExtension/SourceEditorExtension.swift	931ce6c8e71c85ae1203db634cbbeead111981d6f1bea49040fffa8d8401d1b7
build/swiftpm/checkouts/swift-syntax/EditorExtension/SwiftRefactorExtension/SwiftRefactorExtension.entitlements	b746c74b201e6af4e0864fbd1f4f629f96156a7ec4b7208bc995d0a5089bb592
build/swiftpm/checkouts/swift-syntax/Examples/Package.swift	9b4227bcea1378c3cbb609adc2164070ef68418805afb6e80d92ac18cd43c876
build/swiftpm/checkouts/swift-syntax/Examples/README.md	d28e5635fe74c7a75dc7372aff94dceb8ec4410d2509ec7116a6d24a40646acc
build/swiftpm/checkouts/swift-syntax/Examples/Sources/AddOneToIntegerLiterals/AddOneToIntegerLiterals.swift	3dc2189f5e6be827fe94bb0e59911fab355b417b253b7bef9c09b469aa4c4099
build/swiftpm/checkouts/swift-syntax/Examples/Sources/CodeGenerationUsingSwiftSyntaxBuilder/CodeGenerationUsingSwiftSyntaxBuilder.swift	50dca11f3c9321ca001c1758b32f36cf554e0a166e964871a9b3cdbd75437590
build/swiftpm/checkouts/swift-syntax/Examples/Sources/Examples-all/empty.swift	6facebfd24f433372599e8184ba8437c8a9651f593d0a2d773f61c85cfef2e6b
build/swiftpm/checkouts/swift-syntax/Examples/Sources/MacroExamples/Implementation/Accessor/EnvironmentValueMacro.swift	de46936507cb576981cc57760d306479820c4f221a7f5469516750448c7d61b9
build/swiftpm/checkouts/swift-syntax/Examples/Sources/MacroExamples/Implementation/ComplexMacros/DictionaryIndirectionMacro.swift	42fa06621b342b621ca10d4eaef2a5fea4f991e71a8e3b957390a9ffeafcd469
build/swiftpm/checkouts/swift-syntax/Examples/Sources/MacroExamples/Implementation/ComplexMacros/ObservableMacro.swift	70f44eaeb4dbb88ef17c752081e0d55d8723db41dd1f51d11f2285f2dd7b37b0
build/swiftpm/checkouts/swift-syntax/Examples/Sources/MacroExamples/Implementation/ComplexMacros/OptionSetMacro.swift	bc645014955a8e55e51b76842e9e2f4f41a0095cb106f70188da5743a53b468e
build/swiftpm/checkouts/swift-syntax/Examples/Sources/MacroExamples/Implementation/Declaration/FuncUniqueMacro.swift	f8d4cc23eb4bd3ba3c90cfbbfb2f8b54b3a741c0c926fdbbc562fef929839c3e
build/swiftpm/checkouts/swift-syntax/Examples/Sources/MacroExamples/Implementation/Diagnostics.swift	68d0acec4498713cc4b6071cf41a8edfd979837d32d0f822cd035351334ec681
build/swiftpm/checkouts/swift-syntax/Examples/Sources/MacroExamples/Implementation/Expression/AddBlocker.swift	ecd53ce7140e526044f516002a2fa36a240dcaeec9419b51f3ec17eb4af6e7c2
build/swiftpm/checkouts/swift-syntax/Examples/Sources/MacroExamples/Implementation/Expression/FontLiteralMacro.swift	86f21b7e3c17ce1fee9a83d61042eceed990538d9e875485135df58ee9f067f9
build/swiftpm/checkouts/swift-syntax/Examples/Sources/MacroExamples/Implementation/Expression/SourceLocationMacro.swift	ef27641107fc48627cc2c3b4a4a4b3c48c37095e8c794e83585eb1fde6f9dcc1
build/swiftpm/checkouts/swift-syntax/Examples/Sources/MacroExamples/Implementation/Expression/StringifyMacro.swift	869183cdbbe82d67813474a8af776a5a6bd3fccf2d7a12b0b16ce657c79e19e3
build/swiftpm/checkouts/swift-syntax/Examples/Sources/MacroExamples/Implementation/Expression/URLMacro.swift	66ab5d3d18d961db157599594fddb5fe80de055f9f181365443e3cb1ce7d04ea
build/swiftpm/checkouts/swift-syntax/Examples/Sources/MacroExamples/Implementation/Expression/WarningMacro.swift	af7c482ca84027791bcf0024339cab561770a0c42e80612891636cf012c8d2f9
build/swiftpm/checkouts/swift-syntax/Examples/Sources/MacroExamples/Implementation/Extension/DefaultFatalErrorImplementationMacro.swift	ea21f067c2332084ebd1023ec563d82431181b237eaa8bd997f07c1141b5e174
build/swiftpm/checkouts/swift-syntax/Examples/Sources/MacroExamples/Implementation/Extension/EquatableExtensionMacro.swift	23f6612f4092d8a6e9c5aa3cc00b44ce9821d2929cf1efb03e1eb2a27992ef80
build/swiftpm/checkouts/swift-syntax/Examples/Sources/MacroExamples/Implementation/Member/CaseDetectionMacro.swift	e6ef4354325e687806d86b429db2a1e4ccc0729df7205f23be00f9bfb72c7748
build/swiftpm/checkouts/swift-syntax/Examples/Sources/MacroExamples/Implementation/Member/CustomCodable.swift	e0ccee76f887a0c4f5f508d76ce77343f16963f2bf20df791e82fc705e4ff7d8
build/swiftpm/checkouts/swift-syntax/Examples/Sources/MacroExamples/Implementation/Member/MetaEnumMacro.swift	0916c235b624dfed78943a93d45e8c6111eddc9bc91972e0786a2358bb7f80eb
build/swiftpm/checkouts/swift-syntax/Examples/Sources/MacroExamples/Implementation/Member/NewTypeMacro.swift	72652ed0e16da90238d2f5fc8fa552975abaf2d1bf0fb1c7e7a8833987694504
build/swiftpm/checkouts/swift-syntax/Examples/Sources/MacroExamples/Implementation/MemberAttribute/MemberDeprecatedMacro.swift	97e460bee23f02986a5d91582571b0f20cacf18dea2eaed8ed267b27071e3c50
build/swiftpm/checkouts/swift-syntax/Examples/Sources/MacroExamples/Implementation/MemberAttribute/WrapStoredPropertiesMacro.swift	f97e7e6d354fb9852f408a7f3746643ecea42449d4d533a7def0697eadfbe98d
build/swiftpm/checkouts/swift-syntax/Examples/Sources/MacroExamples/Implementation/Peer/AddAsyncMacro.swift	acc8d9c6c8d68722779eb0674c737a29daedd0853b1cd06dc2d06ddb4a6006b1
build/swiftpm/checkouts/swift-syntax/Examples/Sources/MacroExamples/Implementation/Peer/AddCompletionHandlerMacro.swift	38ab04dfc47b0648203650c5ed87a9b3fb7d5d06f1d2a47029df205b2ff3331c
build/swiftpm/checkouts/swift-syntax/Examples/Sources/MacroExamples/Implementation/Peer/PeerValueWithSuffixNameMacro.swift	abf34fbd9ddfa7de79bd8e0e2eed1a70f91d984f9ca34542e5610cb880a2558a
build/swiftpm/checkouts/swift-syntax/Examples/Sources/MacroExamples/Implementation/Plugin.swift	4484697be296bbb5e0b6114a7646709d41ca57220e29716ea8fa0f784cd79189
build/swiftpm/checkouts/swift-syntax/Examples/Sources/MacroExamples/Interface/AccessorMacros.swift	57f7928b04320bb72c2a9c534c33df07323cd240fa8919367b25839776f4f0ee
build/swiftpm/checkouts/swift-syntax/Examples/Sources/MacroExamples/Interface/ComplexMacros.swift	a0ee81f6019aefb47444e1622f336f2f5897f875ac54654651fea7b267982c64
build/swiftpm/checkouts/swift-syntax/Examples/Sources/MacroExamples/Interface/DeclarationMacros.swift	026dfc077dde155bb79b24bc7894f340659e8c0524178f40c5d95954bdefcd5a
build/swiftpm/checkouts/swift-syntax/Examples/Sources/MacroExamples/Interface/ExpressionMacros.swift	6d0f7f2a1c01b4774261ccd79d990b3a009df10bd77299d74e93674551fa7c91
build/swiftpm/checkouts/swift-syntax/Examples/Sources/MacroExamples/Interface/ExtensionMacros.swift	4bcf82dfaa5dd0c0652cad68edbe3cfad1b400f9141052a711239a0ed688cf96
build/swiftpm/checkouts/swift-syntax/Examples/Sources/MacroExamples/Interface/MemberAttributeMacros.swift	fd6db525b020c2e350fcbbab8b2947df6cd9186a6c5ad2a9c97b9fd5d3315844
build/swiftpm/checkouts/swift-syntax/Examples/Sources/MacroExamples/Interface/MemberMacros.swift	2cf9afd2ab1e1dfda63725863d195af6719539a811383a7138fc74acce219b21
build/swiftpm/checkouts/swift-syntax/Examples/Sources/MacroExamples/Interface/PeerMacros.swift	c67b9edb3c7ed3d53e05d339a8519c5852f71f3785189a07697bd1d3539a24a6
build/swiftpm/checkouts/swift-syntax/Examples/Sources/MacroExamples/Interface/SourceLocationMacros.swift	8cd787e9dfda6c66660788d29028a3ac265acda100f11fb8b912e94d3f1e30ba
build/swiftpm/checkouts/swift-syntax/Examples/Sources/MacroExamples/Playground/AccessorMacrosPlayground.swift	9a694cb4b0ff4ea8f0beb5799f69b2e089d7733bf3f23dae75126add01db4aa3
build/swiftpm/checkouts/swift-syntax/Examples/Sources/MacroExamples/Playground/ComplexMacrosPlayground.swift	955e39af3ea9ce4ed097dc22e95e48450f26107ca071115a089f5a57b53b7960
build/swiftpm/checkouts/swift-syntax/Examples/Sources/MacroExamples/Playground/DeclarationMacrosPlayground.swift	2ae73f7013b686fbf8ad95eec75eb85be8fe69cac545e7c7cb88db58c1a297b2
build/swiftpm/checkouts/swift-syntax/Examples/Sources/MacroExamples/Playground/ExpressionMacrosPlayground.swift	a3162b4ae721469fb1a2cb52146b9d6080e70bb1e2403b87ed1c378dc07017b6
build/swiftpm/checkouts/swift-syntax/Examples/Sources/MacroExamples/Playground/ExtensionMacrosPlayground.swift	634c5f5120b6333804d6dfb2b32099d1eb25048e2958fab30bddf3b97b8e531c
build/swiftpm/checkouts/swift-syntax/Examples/Sources/MacroExamples/Playground/MemberAttributeMacrosPlayground.swift	2fa982d03403a960a38b49b4416f2e95d33459e50a52f18e5c204d325cc6c500
build/swiftpm/checkouts/swift-syntax/Examples/Sources/MacroExamples/Playground/MemberMacrosPlayground.swift	976a476edace03439ac6bc71245c136f949ac63ca2a6c9741bc07a4876bf82a4
build/swiftpm/checkouts/swift-syntax/Examples/Sources/MacroExamples/Playground/PeerMacrosPlayground.swift	a0b255bcfa4933a987181d20db143820278a0dc605fc2df1530822d6af48eb7a
build/swiftpm/checkouts/swift-syntax/Examples/Sources/MacroExamples/Playground/SourceLocationMacrosPlayground.swift	0e7b9c589d956eabe10b1484a05524fe91edde5a57abcb152af8aef2fcd61b5b
build/swiftpm/checkouts/swift-syntax/Examples/Sources/MacroExamples/Playground/main.swift	c2251cf356702a167a518546e08ab89acf234241199e72e65d1283ef3ad7deac
build/swiftpm/checkouts/swift-syntax/Examples/Tests/Dummy/Empty.swift	05984f59b51806b860359f1be2cf03b36cdc8029964c5946f2bca6db3ccdfd8d
build/swiftpm/checkouts/swift-syntax/Examples/Tests/MacroExamples/Implementation/Accessor/EnvironmentValueMacroTests.swift	a54b1c9927632881a0a5d05422ae1ff3ecadbedcb3d3aec1ec329e0c2a0a244e
build/swiftpm/checkouts/swift-syntax/Examples/Tests/MacroExamples/Implementation/ComplexMacros/DictionaryIndirectionMacroTests.swift	e0efd579c5a79e3c2d6f4944e3f2e8ef332a0728d1d758b56007cb279e3e6496
build/swiftpm/checkouts/swift-syntax/Examples/Tests/MacroExamples/Implementation/ComplexMacros/ObservableMacroTests.swift	1f38d97f12fdc17c66ca5bdacb46e019949e1bcec1e48cf67c677d34151bb46a
build/swiftpm/checkouts/swift-syntax/Examples/Tests/MacroExamples/Implementation/ComplexMacros/OptionSetMacroTests.swift	372b7d0d3aab41195f760110ea5a8c14f9c4955aef6868ae50682265560d7f18
build/swiftpm/checkouts/swift-syntax/Examples/Tests/MacroExamples/Implementation/Declaration/FuncUniqueMacroTests.swift	146fdf0e9c355f3bec312329eacfe3f0324f16afd9f8421aa7c0e923676436bf
build/swiftpm/checkouts/swift-syntax/Examples/Tests/MacroExamples/Implementation/Expression/AddBlockerTests.swift	7d292def3860610246a7c300c71df44911f5d72314a801623b720ecef230d592
build/swiftpm/checkouts/swift-syntax/Examples/Tests/MacroExamples/Implementation/Expression/FontLiteralMacroTests.swift	2c2d773dd20b57043163ceb9490ede397d2fd1a367e0df6b4a2d1f1fbf3fcaae
build/swiftpm/checkouts/swift-syntax/Examples/Tests/MacroExamples/Implementation/Expression/StringifyMacroTests.swift	9fc43d5ece9daddc8d91c362a28e9034452b7dd810d6e3da98de2bb8783cadd2
build/swiftpm/checkouts/swift-syntax/Examples/Tests/MacroExamples/Implementation/Expression/URLMacroTests.swift	709bf6a5bf761c00650253780b6913a4ee6063c1db77a6c1e8e748c187793d37
build/swiftpm/checkouts/swift-syntax/Examples/Tests/MacroExamples/Implementation/Expression/WarningMacroTests.swift	915226e15022f73f06722666cfdad273ad113e1f318ebb85632fb0643f8dab97
build/swiftpm/checkouts/swift-syntax/Examples/Tests/MacroExamples/Implementation/Extension/DefaultFatalErrorImplementationMacroTests.swift	aa280d120b30d254a36be592d535371927ba80c73aa479ca400cb2a290c0089b
build/swiftpm/checkouts/swift-syntax/Examples/Tests/MacroExamples/Implementation/Extension/EquatableExtensionMacroTests.swift	8147748c663a6d3f13270f38ed7ef6057be69e43ea6f1203b79a0140085eec6b
build/swiftpm/checkouts/swift-syntax/Examples/Tests/MacroExamples/Implementation/Member/CaseDetectionMacroTests.swift	2f27d96e90cf08d73a4e692048e2c2684ce0bc70630e6b7dc15f0883e4c3220b
build/swiftpm/checkouts/swift-syntax/Examples/Tests/MacroExamples/Implementation/Member/CustomCodableTests.swift	754ad9c49859f11cfd42fde16d935dbe94de5332af903f8d064f5ae7a3699b97
build/swiftpm/checkouts/swift-syntax/Examples/Tests/MacroExamples/Implementation/Member/MetaEnumMacroTests.swift	ac5f935e32e55db50fbc7c05ccb873f3768b94805b5025c6c9057c38085ebbdd
build/swiftpm/checkouts/swift-syntax/Examples/Tests/MacroExamples/Implementation/Member/NewTypeMacroTests.swift	5d19ecae858bfbdce27053ced802b0e84942466a3cf705175ec293d72555583a
build/swiftpm/checkouts/swift-syntax/Examples/Tests/MacroExamples/Implementation/MemberAttribute/MemberDeprecatedMacroTests.swift	0c015dcdd365460cd1558e528498e9544f1029876fb3ca874a3ed949d7bf6d25
build/swiftpm/checkouts/swift-syntax/Examples/Tests/MacroExamples/Implementation/MemberAttribute/WrapStoredPropertiesMacroTests.swift	b4d9353c372f24f41cb14b3510531d74982bb9173223d887d0cf26ded2110855
build/swiftpm/checkouts/swift-syntax/Examples/Tests/MacroExamples/Implementation/Peer/AddAsyncMacroTests.swift	23e9f73e17b672e07f709cee04346f8d6228c9354019d261a81f1a6c5908776c
build/swiftpm/checkouts/swift-syntax/Examples/Tests/MacroExamples/Implementation/Peer/AddCompletionHandlerMacroTests.swift	b0870f43118d60d9395d91ba28e7dca0ecbb00413a06605185feb61b08d61482
build/swiftpm/checkouts/swift-syntax/Examples/Tests/MacroExamples/Implementation/Peer/PeerValueWithSuffixNameMacroTests.swift	c663b227672ff0acc0fee88b7d5c79072294a83526a9c9cae091ebbf615d2564
build/swiftpm/checkouts/swift-syntax/LICENSE.txt	770af8291f708538d8ff885a0bbc4e045cd700531741c4f99528d435c14d7f55
build/swiftpm/checkouts/swift-syntax/MODULE.bazel	801223941c75b2403ec145fb20f9b5315d9efe4059e342a82dbc1beaf1fdd99d
build/swiftpm/checkouts/swift-syntax/Package.swift	a9d82d3f7cdd7c1be7baa604173651e51f1711b190516eb9fbfe279c642eacc5
build/swiftpm/checkouts/swift-syntax/README.md	d246184255f253a0f652c6dafb4790b2204e99ac547cbb1498d5cd6a03edffe2
build/swiftpm/checkouts/swift-syntax/Release Notes/510.md	2c2064248969ded6196717e6ea516930a474a82a4731c9a96cf86b01bd1f474f
build/swiftpm/checkouts/swift-syntax/Release Notes/600.md	713c421a47831f865d6c81615a2ff178860ddb36f8843dbe3ec8bdec388447be
build/swiftpm/checkouts/swift-syntax/Release Notes/601.md	67f03c155e2a4d29545ac173395bdeba18009e17cebfd632da56223cf1852ba8
build/swiftpm/checkouts/swift-syntax/Release Notes/602.md	9c0c88339ac36190f9759f63f13bc64c02d2de03a14952f585c0a2de99138039
build/swiftpm/checkouts/swift-syntax/Sources/CMakeLists.txt	7997df7e8ff950cbb219f7178c59918574179adf841224cb9bebdc50cd7ac7a8
build/swiftpm/checkouts/swift-syntax/Sources/SwiftBasicFormat/BasicFormat.swift	f63abf6f5cb3c764ca0ea5983ba93faf8b5f316c3cf83fd76ed22ff6a4087b52
build/swiftpm/checkouts/swift-syntax/Sources/SwiftBasicFormat/CMakeLists.txt	567e4c7874e8ea6cd28040a822e5c70a445b4552c736bae387a978671bc9b81f
build/swiftpm/checkouts/swift-syntax/Sources/SwiftBasicFormat/Indenter.swift	0dd7f8eff8f645eb2dfcc3ea2e540148a31af000a2f02efc45f47d1c62f5b98d
build/swiftpm/checkouts/swift-syntax/Sources/SwiftBasicFormat/InferIndentation.swift	24c34ab9afa7f39d2bd34eaf147bd74a64262b2f5d8b86fe6f2b6a2ff6378968
build/swiftpm/checkouts/swift-syntax/Sources/SwiftBasicFormat/SwiftBasicFormat.docc/FilingBugReports.md	7c9d40c9a64eae4bf84adc7b7a0c724a8c4fc067766f71dff8fc211d75e92d7b
build/swiftpm/checkouts/swift-syntax/Sources/SwiftBasicFormat/SwiftBasicFormat.docc/Info.plist	5570ae99d0255c6bc8f6b053472e8907603717375b169244fd01bcdd3ae27959
build/swiftpm/checkouts/swift-syntax/Sources/SwiftBasicFormat/Syntax+Extensions.swift	ef7106825aa84bcfa8852d6e8a43b628b0b03dd578e1ca127dd67fce05fd73e8
build/swiftpm/checkouts/swift-syntax/Sources/SwiftBasicFormat/SyntaxProtocol+Formatted.swift	fb8c95629251894ed95134cbb9b5e7941081b31ba89774f08f86578aa9ad6992
build/swiftpm/checkouts/swift-syntax/Sources/SwiftBasicFormat/Trivia+FormatExtensions.swift	36a6bfcc6bdad5a2d3bbdb16e7b369fafd7a84468bb3a020f4d267f69698cd90
build/swiftpm/checkouts/swift-syntax/Sources/SwiftCompilerPlugin/CMakeLists.txt	59bc5e24da49496e2adedc0d67da2e3c6b15d42a0ad8fa7181f73306a29b4d5e
build/swiftpm/checkouts/swift-syntax/Sources/SwiftCompilerPlugin/CompilerPlugin.swift	428b8916d36242ae931593b9b194ba4f428c00484150e9d1ef9243072da2c634
build/swiftpm/checkouts/swift-syntax/Sources/SwiftCompilerPluginMessageHandling/CMakeLists.txt	e14a1044f3b249294c9b320652786fbf33415303b50e9b34756449baa2705ad2
build/swiftpm/checkouts/swift-syntax/Sources/SwiftCompilerPluginMessageHandling/CompilerPluginMessageHandler.swift	462382f1536fea751a7a7fa70668faf44d29ce3c13860ad37191283e275440b9
build/swiftpm/checkouts/swift-syntax/Sources/SwiftCompilerPluginMessageHandling/Diagnostics.swift	0684342a031ea8fb2ac0da303b0175f44f4ebbc62e8f609183a0e656a6b0237b
build/swiftpm/checkouts/swift-syntax/Sources/SwiftCompilerPluginMessageHandling/JSON/CodingUtilities.swift	3a6ea2ff5c5b8f553cdfec3a8aae3a32d0652aec59e61fad122d782a10425bf3
build/swiftpm/checkouts/swift-syntax/Sources/SwiftCompilerPluginMessageHandling/JSON/JSON.swift	aa5d4065788186339394798b79cfa2d2f0930d95b7c8316638e51628d67b7ca8
build/swiftpm/checkouts/swift-syntax/Sources/SwiftCompilerPluginMessageHandling/JSON/JSONDecoding.swift	c698e3062636c3dce4467ea89743ddea4fe09e5901cf324b90baf1f91a68b041
build/swiftpm/checkouts/swift-syntax/Sources/SwiftCompilerPluginMessageHandling/JSON/JSONEncoding.swift	15703062c0f47ce2b8fa1f69bcb5e3ce3805a21f17b32db3e836816457a46e41
build/swiftpm/checkouts/swift-syntax/Sources/SwiftCompilerPluginMessageHandling/LRUCache.swift	be4719876b3dc0e41f46092f56ed5896a62e506f3233f4bac6fe5ccaa8b0e5be
build/swiftpm/checkouts/swift-syntax/Sources/SwiftCompilerPluginMessageHandling/Macros.swift	1d8f845e724ce90d734d337bc3591d87ba7102de151cd0b16f03fc6708c986cf
build/swiftpm/checkouts/swift-syntax/Sources/SwiftCompilerPluginMessageHandling/PluginMacroExpansionContext.swift	577b7578b86b5a432b413d3b2a63324016a979bc854403a08356d2dd59316236
build/swiftpm/checkouts/swift-syntax/Sources/SwiftCompilerPluginMessageHandling/PluginMessageCompatibility.swift	911281c8ca00839bfe21187f7dc53604cc7c5b3422cf298daf3994b8bc278270
build/swiftpm/checkouts/swift-syntax/Sources/SwiftCompilerPluginMessageHandling/PluginMessages.swift	e0a3e70bb00dcc72cc04217a10b3065b866a7600ee9441e7903245b01e588144
build/swiftpm/checkouts/swift-syntax/Sources/SwiftCompilerPluginMessageHandling/StandardIOMessageConnection.swift	15e329f745b653f1f79687386b86dbb4d3d3b97d30fc57a9045e2e7cc57655e6
build/swiftpm/checkouts/swift-syntax/Sources/SwiftDiagnostics/CMakeLists.txt	2f2b995c6ef7c9ff9ffd94b123a9e337d61b7bebe17263f91d048f97550c7735
build/swiftpm/checkouts/swift-syntax/Sources/SwiftDiagnostics/Convenience.swift	bfb90949c7d4eb2844abd24e978075395525af9e38af03afa45043c8507e031c
build/swiftpm/checkouts/swift-syntax/Sources/SwiftDiagnostics/Diagnostic.swift	56814888fcf59cf2868f623f0f3fe3bfe516b567b47a4a5fc61506d485e0f89e
build/swiftpm/checkouts/swift-syntax/Sources/SwiftDiagnostics/DiagnosticDecorators/ANSIDiagnosticDecorator.swift	0769faa8fe521b45c4bbd67431dd17fa65bf7e6b1f0117e7ac0fad26215f64c6
build/swiftpm/checkouts/swift-syntax/Sources/SwiftDiagnostics/DiagnosticDecorators/BasicDiagnosticDecorator.swift	d8d74b86aa298b7d65eee84756ec254b1390aebc48de59180edeb4386f6344be
build/swiftpm/checkouts/swift-syntax/Sources/SwiftDiagnostics/DiagnosticDecorators/DiagnosticDecorator.swift	bb752dfd5526eeb900a312ed34e0235e8d477a26d5ace7fa9ae6cf9dd6d9066a
build/swiftpm/checkouts/swift-syntax/Sources/SwiftDiagnostics/DiagnosticsFormatter.swift	1b34df688395a5ce888d5bed2fa3621ca5b59ac80f6da9d9088ebd84a6e5b276
build/swiftpm/checkouts/swift-syntax/Sources/SwiftDiagnostics/FixIt.swift	2f78766f08f46085e19497a17e294512c3616386242b66227d3bdadedbb391d9
build/swiftpm/checkouts/swift-syntax/Sources/SwiftDiagnostics/GroupedDiagnostics.swift	7ba0d631ccaa192347dd90580d8e386765ca8179f1a3b1c19e3a50811af5dd8d
build/swiftpm/checkouts/swift-syntax/Sources/SwiftDiagnostics/Message.swift	a0cc6c3999ddcf6bfad0fac71cb4a70afc8e9f4cb203b69c68c0c173e750b527
build/swiftpm/checkouts/swift-syntax/Sources/SwiftDiagnostics/Note.swift	da618df0ad7349f86cfa69bc01d7ca28b7956646bbee20ec5c9d456fc30000af
build/swiftpm/checkouts/swift-syntax/Sources/SwiftIDEUtils/CMakeLists.txt	10bc0f3014102e8fa7869cb9a22c4188645de1e322e3e79c59cc72bb4920e889
build/swiftpm/checkouts/swift-syntax/Sources/SwiftIDEUtils/DeclNameLocation.swift	6b0d1703bfb2817d24238791cb00a1471009046bac88da8e0efb6fde91308ae5
build/swiftpm/checkouts/swift-syntax/Sources/SwiftIDEUtils/FixItApplier.swift	c36956a237d921a186443d1ea81f43f7a0525464022ddf9a04115c5b1f149404
build/swiftpm/checkouts/swift-syntax/Sources/SwiftIDEUtils/NameMatcher.swift	63e71d1f75486cfaeef545bb777afa3a62b03a21e9bde1e02422b0fa1347db0c
build/swiftpm/checkouts/swift-syntax/Sources/SwiftIDEUtils/SwiftIDEUtilsCompatibility.swift	0abf8ea555dfe5f822b8c4291ddbbf12bfc7e057dc4fb7740ff9fc80b65bc4cf
build/swiftpm/checkouts/swift-syntax/Sources/SwiftIDEUtils/Syntax+Classifications.swift	3e16b2c5202c50d982a3748a9e296fae9fe7ab7775e5c74107b566572476a1a9
build/swiftpm/checkouts/swift-syntax/Sources/SwiftIDEUtils/SyntaxClassification.swift	6a85084fe138e3e0ae2dd966b1be98aa91e9190e758138211f9199448731015b
build/swiftpm/checkouts/swift-syntax/Sources/SwiftIDEUtils/SyntaxClassifier.swift	9450ad8ae163beea3306b2b5d23c921c31742ff6eb37f56e259c2560cf82d9a5
build/swiftpm/checkouts/swift-syntax/Sources/SwiftIDEUtils/Utils.swift	d5567e5f8c6bb22e967f87280fa04750a2ca83e4c8b09739720363b5213d7d1c
build/swiftpm/checkouts/swift-syntax/Sources/SwiftIfConfig/ActiveClauseEvaluator.swift	ce15d77a801a5de375c37b3e6515fd740fa3616cacb403838d88d5aac7d3a24f
build/swiftpm/checkouts/swift-syntax/Sources/SwiftIfConfig/ActiveSyntaxRewriter.swift	60b0ef2bf86b2ec9305c129c51f0f2dd89ebf801fb415c66cc5d6d29dbe1c3af
build/swiftpm/checkouts/swift-syntax/Sources/SwiftIfConfig/ActiveSyntaxVisitor.swift	ed8da03d79333cf31d088b8becbd1e04187eb65c7a0219a67577172b74a9a7de
build/swiftpm/checkouts/swift-syntax/Sources/SwiftIfConfig/BuildConfiguration.swift	1abe8a6fbfc3a3d5ed7c022af6ad620c80f2fbf7b55bf88fc64b76c73090c915
build/swiftpm/checkouts/swift-syntax/Sources/SwiftIfConfig/CMakeLists.txt	89ac93551fa9f3cfc96360498ab226d366e5903758209dea118bbff5884968b0
build/swiftpm/checkouts/swift-syntax/Sources/SwiftIfConfig/ConfiguredRegions.swift	59e44236392dd89ff5467763787c8b09344eb1d4fd31555540f3cab76b53e1f2
build/swiftpm/checkouts/swift-syntax/Sources/SwiftIfConfig/IfConfigDecl+IfConfig.swift	f9ac69e090a08c392c427c578584b26b1f14c5a44ba5289b4b8455239f484b27
build/swiftpm/checkouts/swift-syntax/Sources/SwiftIfConfig/IfConfigDiagnostic.swift	ca6582f33a334ed464b0370b8edfb03f2e77023ebcf267b8f2461f35a183fe85
build/swiftpm/checkouts/swift-syntax/Sources/SwiftIfConfig/IfConfigEvaluation.swift	5404ecb0c2d251af8d0dd55050520e125aecdff917b7232166ffca82f5994127
build/swiftpm/checkouts/swift-syntax/Sources/SwiftIfConfig/IfConfigFunctions.swift	70565e38158e28d81abdb999aeb92729a6267f0bccae08d6ebfa2f3a21efbc13
build/swiftpm/checkouts/swift-syntax/Sources/SwiftIfConfig/IfConfigRegionState.swift	91fbd6c176bb4af9278f7ad71640d9fe70464cff480d2a62a7f7a5f1bafbf1c9
build/swiftpm/checkouts/swift-syntax/Sources/SwiftIfConfig/StaticBuildConfiguration.swift	40a3334cc10d4a42018d5309c8553f28b8ee0dcd2058b0ff3e8551994fd18054
build/swiftpm/checkouts/swift-syntax/Sources/SwiftIfConfig/SwiftIfConfig.docc/Info.plist	aca6387c215981ecbb71bfd8f7861f73f7b6ce2e79c7f29247d0ef6e3769e7f2
build/swiftpm/checkouts/swift-syntax/Sources/SwiftIfConfig/SwiftIfConfig.docc/SwiftIfConfig.md	3bfa6f9eeaa88b9466c308d5ef78e9fc7396c757f66538732441a7803f914bdf
build/swiftpm/checkouts/swift-syntax/Sources/SwiftIfConfig/SyntaxLiteralUtils.swift	f008fc8b8f2478e31870ad6fdf2a90bee733674d2f2ebb69d36180b45a09cb1a
build/swiftpm/checkouts/swift-syntax/Sources/SwiftIfConfig/SyntaxProtocol+IfConfig.swift	63509bebcee0d7a113b4ce2361105ddac4500f0f0b7a86a428ad9a612a57df8b
build/swiftpm/checkouts/swift-syntax/Sources/SwiftIfConfig/VersionTuple+Parsing.swift	6ba76cda6711bd74aa3a3759518b2562e4562c407e1a93988d94f9b91e759d93
build/swiftpm/checkouts/swift-syntax/Sources/SwiftIfConfig/VersionTuple.swift	f39582d8a3a0562a64da4b84a8ac1d98d0e8f698d19d90035c1e132dc77eec8d
build/swiftpm/checkouts/swift-syntax/Sources/SwiftLexicalLookup/CMakeLists.txt	fa379054db2c0577969d0274cca30c35bcf3586de6db6e0e5c2ad8710a13cdda
build/swiftpm/checkouts/swift-syntax/Sources/SwiftLexicalLookup/IdentifiableSyntax.swift	ac7b09fea24929b3349843a9fbfb3d6b3367d551ceb54c4a9bb5b96379a48319
build/swiftpm/checkouts/swift-syntax/Sources/SwiftLexicalLookup/LookupConfig.swift	a03f43c5bead40e6c54d899caa6ce92aa6083e42c694718c2ee00d06c23fe23d
build/swiftpm/checkouts/swift-syntax/Sources/SwiftLexicalLookup/LookupName.swift	1ad215c9c5ed28ec5e1596e07d1f00f8aa26ac66c44e796d6dbe8531a9eb585e
build/swiftpm/checkouts/swift-syntax/Sources/SwiftLexicalLookup/LookupResult.swift	fa1a7999fe209e8ecefc525cc92732913d9f37f6859b19a0cf4af8d19d2f4ce0
build/swiftpm/checkouts/swift-syntax/Sources/SwiftLexicalLookup/Scopes/CanInterleaveResultsLaterScopeSyntax.swift	355050b19cd80880a1c3b83c0b9809193bbd8c76495919dbabf204767f1deba3
build/swiftpm/checkouts/swift-syntax/Sources/SwiftLexicalLookup/Scopes/FunctionScopeSyntax.swift	0d25a30888e455ceec1fac1bdd2930c75d21fc5a10f3d4cb8302b8d878cbd015
build/swiftpm/checkouts/swift-syntax/Sources/SwiftLexicalLookup/Scopes/GenericParameterScopeSyntax.swift	8abbaa9c659129a6e3829e917724d92b46a88ef4a8269e597ef770e21b5061a8
build/swiftpm/checkouts/swift-syntax/Sources/SwiftLexicalLookup/Scopes/IntroducingToSequentialParentScopeSyntax.swift	b2ed6e7aaf8377e3dac85f99ba084ab1d842cf70884248e7e5c532d617812ea8
build/swiftpm/checkouts/swift-syntax/Sources/SwiftLexicalLookup/Scopes/LookInMembersScopeSyntax.swift	fd873b23675201d3984e4dc38f867d5833a33ec2a5f203d9e8b49148d64b3a6f
build/swiftpm/checkouts/swift-syntax/Sources/SwiftLexicalLookup/Scopes/NominalTypeDeclSyntax.swift	13cb90ed79243f0eb8a3d84fb04e2d29dce49603776c76732ae623124b8fcaa1
build/swiftpm/checkouts/swift-syntax/Sources/SwiftLexicalLookup/Scopes/ScopeImplementations.swift	61efab58d4492fa22a6a2785fcca1e27719b23878497935f3072a996326bdc1d
build/swiftpm/checkouts/swift-syntax/Sources/SwiftLexicalLookup/Scopes/ScopeSyntax.swift	e0277cb32dc098e976eea09bca9215ea2dee5bf64c0309d76eec9c5355a538bf
build/swiftpm/checkouts/swift-syntax/Sources/SwiftLexicalLookup/Scopes/SequentialScopeSyntax.swift	b9aa55298a31542f65f00a79eb99ad931abf15fe697d61b6038dd9ddc3064ba8
build/swiftpm/checkouts/swift-syntax/Sources/SwiftLexicalLookup/Scopes/WithGenericParametersScopeSyntax.swift	c2f0f306a9e8b78ef7bf8a434e5e62814c443b9c591d42acbde10716f72d3695
build/swiftpm/checkouts/swift-syntax/Sources/SwiftLexicalLookup/SimpleLookupQueries.swift	a503ef0ac2fd204a991338b09d0a45d1fba5442aa0699a9b33a5a8802ca84852
build/swiftpm/checkouts/swift-syntax/Sources/SwiftLexicalLookup/SwiftLexicalLookup.docc/Info.plist	9314cd1324db679b7ec83ce2ec817edb0d9eac61befc73e41eb94ef30b3f51b6
build/swiftpm/checkouts/swift-syntax/Sources/SwiftLexicalLookup/SwiftLexicalLookup.docc/LookupRules.md	c5a9ba57caf2d91f4d7e60a4ed91b964af0f1e61baf4552c698367e5f59c39d0
build/swiftpm/checkouts/swift-syntax/Sources/SwiftLexicalLookup/SwiftLexicalLookup.docc/SwiftLexicalLookup.md	39b7c60987d404d25c67a06850f04c4273ec7e30de9db8014195f0409d2d77c7
build/swiftpm/checkouts/swift-syntax/Sources/SwiftLibraryPluginProvider/CMakeLists.txt	b7ede5b7bc65f7d05407fb36462ca1a6fbced0e158f5e121cb09b1642b2729a0
build/swiftpm/checkouts/swift-syntax/Sources/SwiftLibraryPluginProvider/LibraryPluginProvider.swift	df12d9c616d0c5928088f7c003b8da016c0f5f64fa67419ead55c43aa9025337
build/swiftpm/checkouts/swift-syntax/Sources/SwiftOperators/CMakeLists.txt	7fa87a60d861a5df5ce29a6489e9ec845975a4554aea88bf72cd415a3e913792
build/swiftpm/checkouts/swift-syntax/Sources/SwiftOperators/Operator.swift	a0c900694069a7dab3f0220766d1f46260f03d3b6aaa785a59d98dd890959993
build/swiftpm/checkouts/swift-syntax/Sources/SwiftOperators/OperatorError+Diagnostics.swift	d02f562e4f7ae8d359af78043bf1a4d2aa238d4564e56e2682442b723a80bacc
build/swiftpm/checkouts/swift-syntax/Sources/SwiftOperators/OperatorError.swift	d2d93b53efb2a837b3d103c01be947178863cbe5af5e872171ee1dbca0b47433
build/swiftpm/checkouts/swift-syntax/Sources/SwiftOperators/OperatorTable+Defaults.swift	8e353ff640d4983961579f0f061944591ccf8954a45468da5a81cedfba258bf7
build/swiftpm/checkouts/swift-syntax/Sources/SwiftOperators/OperatorTable+Folding.swift	185e6197c21e1dcd51ad0d6ba80d573ad38047b9d450f3c5642befa9c6dc6c68
build/swiftpm/checkouts/swift-syntax/Sources/SwiftOperators/OperatorTable+Semantics.swift	04cf6e0c713787865f0cc69cc4149445987178dd9adbe44f253312547a6498dc
build/swiftpm/checkouts/swift-syntax/Sources/SwiftOperators/OperatorTable.swift	de36f43c40ebeea6daf23ab4f441ca2c61ee51d7133f5e7f37ec973184206fc2
build/swiftpm/checkouts/swift-syntax/Sources/SwiftOperators/PrecedenceGraph.swift	0868c2f362dfc6ee059a294fbe6b7b34e1b958fb189a1ecff677947044b7175f
build/swiftpm/checkouts/swift-syntax/Sources/SwiftOperators/PrecedenceGroup.swift	feb3c590ec0c518064b84da57244b20cf333e4567febf9d8a1e559e2d65ee311
build/swiftpm/checkouts/swift-syntax/Sources/SwiftOperators/SwiftOperators.docc/Info.plist	cb8a99053ff8e6eb9f0ff6c5539c8590f57717542b5cf0047a0754717aa68024
build/swiftpm/checkouts/swift-syntax/Sources/SwiftOperators/SwiftOperators.docc/SwiftOperators.md	12a7640e9793598f15f399ee081451bc39efb760efc4f26766eb30944ab5f7a2
build/swiftpm/checkouts/swift-syntax/Sources/SwiftOperators/SyntaxSynthesis.swift	01181650a5eaa08210c930eb7f970df7373459f730945cd6c1404be61181cf50
build/swiftpm/checkouts/swift-syntax/Sources/SwiftParser/Attributes.swift	80699f6ad05ab4dec40d81e98089845e1872d809b855e33aaf0425b2a9225697
build/swiftpm/checkouts/swift-syntax/Sources/SwiftParser/Availability.swift	3a35ea27fd0c3ba551129b4c16543f8e80d863b814487f245802d0a94e56f126
build/swiftpm/checkouts/swift-syntax/Sources/SwiftParser/CMakeLists.txt	d0ec5949a008fac2d71095145a411e19064fa10a4b4254d8ac29e4109207bbdd
build/swiftpm/checkouts/swift-syntax/Sources/SwiftParser/CharacterInfo.swift	1a7c3305c70e77abf6fecceaba064d609b8341926dd2821a2ddd0d7a7d4205ce
build/swiftpm/checkouts/swift-syntax/Sources/SwiftParser/CollectionNodes+Parsable.swift	f09d70cb62dd58b2df03230f65f1b08d08a9f5e382453e03e5a205f88bb184e4
build/swiftpm/checkouts/swift-syntax/Sources/SwiftParser/CompilerFiles.swift	3a19c6b632a0ffa478c840ffbd6f20fa3f3cfb101e6db279fdb20755fe287b5d
build/swiftpm/checkouts/swift-syntax/Sources/SwiftParser/Declarations.swift	b7ef9ed30e81021070d1862d736e714cea1eeaee9dea379a51a97a001e558a8b
build/swiftpm/checkouts/swift-syntax/Sources/SwiftParser/Directives.swift	13006434877fdaca80a1747c566c062f00f5371dea4b2c3509c0b9083b461b10
build/swiftpm/checkouts/swift-syntax/Sources/SwiftParser/ExpressionInterpretedAsVersionTuple.swift	a06b597bf6d81032c320ae772cf4511814845bf0a33b67fefebf2938d6a3e2e8
build/swiftpm/checkouts/swift-syntax/Sources/SwiftParser/Expressions.swift	44304a64080388156b673f0025b71b0dc51e7c02d412ce491cb81c67863a9c0f
build/swiftpm/checkouts/swift-syntax/Sources/SwiftParser/IncrementalParseTransition.swift	9e9416626b7dccfa2cbf88f45f452eee6a05be27052e679a7d5d6719c9084d0a
build/swiftpm/checkouts/swift-syntax/Sources/SwiftParser/IsValidIdentifier.swift	a577a0aa5f74ccc7bb252a5329af2c11569c654aeebbe5808690eab50f64ebc8
build/swiftpm/checkouts/swift-syntax/Sources/SwiftParser/Lexer/Cursor.swift	6dd0c8f7f97928ddc84d87be2841d3d542e6666c975d3f5056bb4d61da0a5b2b
build/swiftpm/checkouts/swift-syntax/Sources/SwiftParser/Lexer/Lexeme.swift	5a59949efb2a74767842b595a639da8458774835c8c1c6ad6e09e7c9a9601ad4
build/swiftpm/checkouts/swift-syntax/Sources/SwiftParser/Lexer/LexemeSequence.swift	dffd3598ac333be58bf8adf7afbb8a7a9ebfdfa13f96d687928575cf98bb51d9
build/swiftpm/checkouts/swift-syntax/Sources/SwiftParser/Lexer/Lexer.swift	674c59e7bcda8865b1b910b7d33ae4c179b90b2d363c1812381442c7b09fa181
build/swiftpm/checkouts/swift-syntax/Sources/SwiftParser/Lexer/RegexLiteralLexer.swift	112dbf88c9b0766d11343685f197f00616f22738c36de9dbe91f8534175f2582
build/swiftpm/checkouts/swift-syntax/Sources/SwiftParser/Lexer/UnicodeScalarExtensions.swift	b0caeb17b2282b728c66216116b46fdd6f25d146019bef49b87d24ab1645abbb
build/swiftpm/checkouts/swift-syntax/Sources/SwiftParser/Lookahead.swift	a0ebd0ef87767f5299f9caf31d82f98e04219113bffac8991327eea7af95c057
build/swiftpm/checkouts/swift-syntax/Sources/SwiftParser/LoopProgressCondition.swift	181ab5233ad4396f1053e53a242c5c44de300c76f58a19ebc60b1b873f1374e2
build/swiftpm/checkouts/swift-syntax/Sources/SwiftParser/Modifiers.swift	b138b33b16f82b629c47d0756d0bac7b6c52c6510b20caee60a9015cf0ca4447
build/swiftpm/checkouts/swift-syntax/Sources/SwiftParser/Names.swift	b7c09b07133311cd85cc2983dd24eaad48d3b46c678a073665dd7b2174a6417f
build/swiftpm/checkouts/swift-syntax/Sources/SwiftParser/Nominals.swift	cb98a5800fb20e9aa0b8185f47b8d2ee0dd3439e309cd3ea18e11ad7a14cffd0
build/swiftpm/checkouts/swift-syntax/Sources/SwiftParser/Parameters.swift	74d4ab1cb18a6334c52b964cbd3cb70cd3effd4313a1528ee897ac280e3711cf
build/swiftpm/checkouts/swift-syntax/Sources/SwiftParser/ParseSourceFile.swift	024e7454f13bd1daa6bad2e438028fc9269eedfaf08bd05405e1957cded7017a
build/swiftpm/checkouts/swift-syntax/Sources/SwiftParser/Parser.swift	98f2089c7c3bbaef22680f243498fd095424a6051b44b5b9416962f6630a5e8c
build/swiftpm/checkouts/swift-syntax/Sources/SwiftParser/Patterns.swift	4cc429cb1f20cefd306b6e964d93442aaee421056e71100cbe94ca39d18e9871
build/swiftpm/checkouts/swift-syntax/Sources/SwiftParser/README.md	f9117b0074a501d8caa4f185ca25b28965ec253cc6218d3242fe046243e9100c
build/swiftpm/checkouts/swift-syntax/Sources/SwiftParser/Recovery.swift	d96dd00b055787dd2b5d1e5fd138393f1e6732c60595eca5a2e7ba944940af94
build/swiftpm/checkouts/swift-syntax/Sources/SwiftParser/Specifiers.swift	18a6c07474ef7f24c9684b8659734629578d2f96491fe2f752a825ea91e88cc4
build/swiftpm/checkouts/swift-syntax/Sources/SwiftParser/Statements.swift	5c7db49e8cb4115229c6ed9f87afec0df934332824928207c39087a56c633796
build/swiftpm/checkouts/swift-syntax/Sources/SwiftParser/StringLiteralRepresentedLiteralValue.swift	03f2ad9e0a675f6324fc6ba65eb5a0632dc8e2c802038d9061a77df2b4d14d7c
build/swiftpm/checkouts/swift-syntax/Sources/SwiftParser/StringLiterals.swift	eabe1d615efd53a9df129ed1c0860e21505a5f567eae00920c0cbecd2b3b4ffe
build/swiftpm/checkouts/swift-syntax/Sources/SwiftParser/SwiftParser.docc/Info.plist	34c01364006da0d4abdc52f6bd5ab62874a545229d134871eea382b92df2dba4
build/swiftpm/checkouts/swift-syntax/Sources/SwiftParser/SwiftParser.docc/SwiftParser.md	27383229480c4181a2c9b39bc93eaca3bc09cc474bead06298d6180d13250846
build/swiftpm/checkouts/swift-syntax/Sources/SwiftParser/SwiftParserCompatibility.swift	917e33cd9fbc93d462826dc964ed1d9a19f3b484d0ffbdcf1aca982b1d7f1efc
build/swiftpm/checkouts/swift-syntax/Sources/SwiftParser/SwiftVersion.swift	03a6fe1923281af24f60b85a5fc261f0b4d871a2306bd78038488efa002bcd84
build/swiftpm/checkouts/swift-syntax/Sources/SwiftParser/SyntaxUtils.swift	2acd636507f047b178790d6c349c737cb426f8bdea393e229aa926f5297f8c16
build/swiftpm/checkouts/swift-syntax/Sources/SwiftParser/TokenConsumer.swift	bfb8b08ae8829bd9ae8cd3a5b3c10449ee71d8816f431844b9c05496bb863af2
build/swiftpm/checkouts/swift-syntax/Sources/SwiftParser/TokenPrecedence.swift	6ca125287b1427c4082b41edf143b366e790ae07966d87c998adee5d04a5b5a9
build/swiftpm/checkouts/swift-syntax/Sources/SwiftParser/TokenSpec.swift	76160f35bd6ab571097c956bb723501204ac8621b5eaf5682358b7440fe6c6a7
build/swiftpm/checkouts/swift-syntax/Sources/SwiftParser/TokenSpecSet.swift	9c3ececf6f5eee3086d77d90a71edc1f743a82cd7df047eb80375f23eb48095f
build/swiftpm/checkouts/swift-syntax/Sources/SwiftParser/TopLevel.swift	b6a0fcacbfae5bc747b4876c00e7dcebeb8fed0aee1b04ea59edbed7702aacfc
build/swiftpm/checkouts/swift-syntax/Sources/SwiftParser/TriviaParser.swift	0b594d7a53963226f9f5002684978d8768117bbc712c78ab3b855bc179c2ba21
build/swiftpm/checkouts/swift-syntax/Sources/SwiftParser/Types.swift	2074238a8c7cae9bd00e7b87af316484503c6437255f634b31d901f8aaad89fe
build/swiftpm/checkouts/swift-syntax/Sources/SwiftParser/generated/ExperimentalFeatures.swift	9a0d99e27319f84af206b8a87a489373cdce30b33c5f2b326f04c8511eb3f985
build/swiftpm/checkouts/swift-syntax/Sources/SwiftParser/generated/IsLexerClassified.swift	e0de1622fcd687b0a2cb4cf58c31350c7d0be8c3c8f35dc8f7f091eb4c39bb30
build/swiftpm/checkouts/swift-syntax/Sources/SwiftParser/generated/LayoutNodes+Parsable.swift	ee7236845c1a48dae0b12f9bcfb241500460be607f0f53ae09c261d9b23c0719
build/swiftpm/checkouts/swift-syntax/Sources/SwiftParser/generated/Parser+TokenSpecSet.swift	e3e9f25e02721e01d0b59fbb491a61c7279b771e3bd9b58a4cb2a37a7965c3f2
build/swiftpm/checkouts/swift-syntax/Sources/SwiftParser/generated/TokenSpecStaticMembers.swift	52709f974b20381380be54dfc13a8532edbb03abefb5fe32c9deea063aa0d0a3
build/swiftpm/checkouts/swift-syntax/Sources/SwiftParserDiagnostics/CMakeLists.txt	984d7c901bbd3ee0c6a8f801177d0c17af52c6f38f15f05666feb9cf98d235df
build/swiftpm/checkouts/swift-syntax/Sources/SwiftParserDiagnostics/DiagnosticExtensions.swift	0bb6349568add8bbbb32346a97596e9d9a4f6b59e898494164d23e11799ffe67
build/swiftpm/checkouts/swift-syntax/Sources/SwiftParserDiagnostics/LexerDiagnosticMessages.swift	fc69b159e4cb3189d014be8064f83619b8ff0f31c3f19a649001ef0146aba118
build/swiftpm/checkouts/swift-syntax/Sources/SwiftParserDiagnostics/MissingNodesError.swift	dfe3ba80e5aba85b438e2eefac074d629cc365aff6da099dbd4f7f288db9b755
build/swiftpm/checkouts/swift-syntax/Sources/SwiftParserDiagnostics/MissingTokenError.swift	675d2e0b0500f54eabf63d5e700d0dbfa3430c05ede13b0137cb9c7ef070a432
build/swiftpm/checkouts/swift-syntax/Sources/SwiftParserDiagnostics/MultiLineStringLiteralDiagnosticsGenerator.swift	d391e608861982f0e810ea1bb6b1d08a2d9d55e691c5fe37d56e6c7b4a049e0b
build/swiftpm/checkouts/swift-syntax/Sources/SwiftParserDiagnostics/ParseDiagnosticsGenerator.swift	90a697ae64c741c40229f0b28d329b8da958cf2a302e520a0778c82ec7114001
build/swiftpm/checkouts/swift-syntax/Sources/SwiftParserDiagnostics/ParserDiagnosticMessages.swift	3118b26417db35481f7f84f70f436130893bead613f3f4ac809d24f163e34983
build/swiftpm/checkouts/swift-syntax/Sources/SwiftParserDiagnostics/PresenceUtils.swift	164f086f02ea16e0d289c0d2699bbe37c85f1b39640d9da898679d41f0505790
build/swiftpm/checkouts/swift-syntax/Sources/SwiftParserDiagnostics/SyntaxExtensions.swift	d14782e58e1d3850244de591f3c39f5d644eb0173d88af31738b46db02d3cecc
build/swiftpm/checkouts/swift-syntax/Sources/SwiftParserDiagnostics/Utils.swift	e5f3448886b9f591cc4051664a6c3ef36770ed335a8d9180b18e4a6dd67211d3
build/swiftpm/checkouts/swift-syntax/Sources/SwiftParserDiagnostics/generated/ChildNameForDiagnostics.swift	33a39b4750a8091421217f5ea5bc2e7439058c1eb25750ac335f0c138a844fab
build/swiftpm/checkouts/swift-syntax/Sources/SwiftParserDiagnostics/generated/SyntaxKindNameForDiagnostics.swift	0b17cec5f76cec6a6aeb675d972bdf93cdc95f841a4fabc424c82fde0d14d4c5
build/swiftpm/checkouts/swift-syntax/Sources/SwiftParserDiagnostics/generated/TokenNameForDiagnostics.swift	c1cfa44c86b333433084499a35ab3139333fff3f8fdce468fc8d564070d65715
build/swiftpm/checkouts/swift-syntax/Sources/SwiftRefactor/AddSeparatorsToIntegerLiteral.swift	a86fa61c14187125d4051ed6a6ed86add457a7cf888960096ad1c88a0e5bd295
build/swiftpm/checkouts/swift-syntax/Sources/SwiftRefactor/CMakeLists.txt	1ae111ab1f9acb263849309c99d8e8fd769491812fa5bc3a5295565a0c20a7ea
build/swiftpm/checkouts/swift-syntax/Sources/SwiftRefactor/CallLikeSyntax.swift	7f90f63854e7dbc4d13d67a8e5c6ea1ffe64330b226a28603e5aaa0d75c08ffc
build/swiftpm/checkouts/swift-syntax/Sources/SwiftRefactor/CallToTrailingClosures.swift	53265d1542057eee677be73260b4461d6f965813781f2b6c146f4ba0637173b4
build/swiftpm/checkouts/swift-syntax/Sources/SwiftRefactor/ConvertComputedPropertyToStored.swift	acf295dea67bc4d3902da1ac15b36c99d413894fa07756820d6dcd41b2fffa5e
build/swiftpm/checkouts/swift-syntax/Sources/SwiftRefactor/ConvertComputedPropertyToZeroParameterFunction.swift	9fb3bfe93575345d0dd39655a9848040f4f3fcb2de9561331d828fd89fd6e253
build/swiftpm/checkouts/swift-syntax/Sources/SwiftRefactor/ConvertStoredPropertyToComputed.swift	2ee041d1cfbe31cad7251086480c5529549fd90e30737ab5b63018e32480e1fe
build/swiftpm/checkouts/swift-syntax/Sources/SwiftRefactor/ConvertZeroParameterFunctionToComputedProperty.swift	82070777f64d746ac1e3e7a51fde62cabb847729c9b4c3d754bbc73c01b84f00
build/swiftpm/checkouts/swift-syntax/Sources/SwiftRefactor/ExpandEditorPlaceholder.swift	989b5d53f050074ad31c6b63f6842b9ab238259bc128601ad9e359d61e9d6e26
build/swiftpm/checkouts/swift-syntax/Sources/SwiftRefactor/FormatRawStringLiteral.swift	5fffc4611d7ac2ecf6e1f7f5910b34fd8e74cdf35ae2a581373958f4d98c118a
build/swiftpm/checkouts/swift-syntax/Sources/SwiftRefactor/IntegerLiteralUtilities.swift	8414030ba70b490f3e7f46caa38a675c95993cbbf8080320ab11a992ebb27477
build/swiftpm/checkouts/swift-syntax/Sources/SwiftRefactor/MigrateToNewIfLetSyntax.swift	f32b1fd190d3fd53e4219ff2d9fc6b9249e770640dfb6254dfdc1b3460f1d1f8
build/swiftpm/checkouts/swift-syntax/Sources/SwiftRefactor/OpaqueParameterToGeneric.swift	bacc238181a793a72ef906e9126c11e01f772b0ac17c02c563298fbb6c60f515
build/swiftpm/checkouts/swift-syntax/Sources/SwiftRefactor/PackageManifest/AddPackageDependency.swift	a4ca1edd5407e390d35e6f6fea78092592ed94e27a44d5062a6e3e8fc9f33536
build/swiftpm/checkouts/swift-syntax/Sources/SwiftRefactor/PackageManifest/AddPackageTarget.swift	b0573a8c42859ea6cfecdb96e21ee71cc152b1a1f1d0e9aedd1e175e9dd0e458
build/swiftpm/checkouts/swift-syntax/Sources/SwiftRefactor/PackageManifest/AddPluginUsage.swift	9684d50aa47feeffcf464933842dfb572ad8d89a26df01efb74117745ef6e49f
build/swiftpm/checkouts/swift-syntax/Sources/SwiftRefactor/PackageManifest/AddProduct.swift	874de2797071f9940b912c04ad1ec7a2d1bc89d7f803a9c5fc224598054e8092
build/swiftpm/checkouts/swift-syntax/Sources/SwiftRefactor/PackageManifest/AddSwiftSetting.swift	0ff1e3a8e8e993bd59b2af8dd68f70845c2ece29d5906743b03cd0306d1389bf
build/swiftpm/checkouts/swift-syntax/Sources/SwiftRefactor/PackageManifest/AddTargetDependency.swift	d8c03f36f60447fa134a4702ff07c739a1aa6529fbcc3c52dfa08101ff4549fc
build/swiftpm/checkouts/swift-syntax/Sources/SwiftRefactor/PackageManifest/ManifestEditError.swift	3a19d8f2fe343862039d107471f48de9a3b6d9689f73e7e151a2361c73fee527
build/swiftpm/checkouts/swift-syntax/Sources/SwiftRefactor/PackageManifest/ManifestSyntaxRepresentable.swift	cd88b6fad43185be8bba0b2bcc1aeb247f8896a4140d2b3c9205b786f247c283
build/swiftpm/checkouts/swift-syntax/Sources/SwiftRefactor/PackageManifest/PackageDependency.swift	1b896016dd4b73dbbae0d8107ca4c125ceb9f600d4edb10cb47f56a2a6aca083
build/swiftpm/checkouts/swift-syntax/Sources/SwiftRefactor/PackageManifest/PackageTarget.swift	3d56c59d6b532fb3486373f2ba0a84cf68b75e90cb071d3a363bcfae66aaa0e5
build/swiftpm/checkouts/swift-syntax/Sources/SwiftRefactor/PackageManifest/ProductDescription.swift	5bab026eb7735173668f42f1330eb2ea18b2c5a03b7dc0be33acfa420558d3c3
build/swiftpm/checkouts/swift-syntax/Sources/SwiftRefactor/PackageManifest/StringUtils.swift	e2826f55c85771e8ae08842a6d9c61f9424fdb17ec5c31b45e2388de1fd84307
build/swiftpm/checkouts/swift-syntax/Sources/SwiftRefactor/PackageManifest/SyntaxEditUtils.swift	75d3ae11b7e41cc37e3d6f7760c9123f23d62875cca47afc59a8e322b71daa4e
build/swiftpm/checkouts/swift-syntax/Sources/SwiftRefactor/RefactoringProvider.swift	8f433a4c4f575984b8487c871218eac20a1d0479a90ed10a2c4aa4fef8a96de9
build/swiftpm/checkouts/swift-syntax/Sources/SwiftRefactor/RemoveSeparatorsFromIntegerLiteral.swift	af1cd3c968dfe16135f69455b38304da87846f2b80c29aa7cd42ee597e2ab35b
build/swiftpm/checkouts/swift-syntax/Sources/SwiftRefactor/SyntaxUtils.swift	f87b383542fed9e340e0127b3a2766258d2c178d98d83936cec150d88fe10383
build/swiftpm/checkouts/swift-syntax/Sources/SwiftSyntax-all/empty.swift	5a99075155d5e14b1f3737cf8227ded12b8fec2408778f7c063c5024448a03f8
build/swiftpm/checkouts/swift-syntax/Sources/SwiftSyntax/AbsolutePosition.swift	0892d2021e7dbf66955028f3726e2a3255914b80b48f20e35e60d85189a5c6d7
build/swiftpm/checkouts/swift-syntax/Sources/SwiftSyntax/AbsoluteSyntaxInfo.swift	5176b885b8ac27320e741065e23b6390a72f4063e5caeeb4b113f605612e1be3
build/swiftpm/checkouts/swift-syntax/Sources/SwiftSyntax/ArenaAllocatedBuffer.swift	aaa3a816a2b09641a01810cd98924c9e36eec8430ea9ee9412a5d36d9334ec3b
build/swiftpm/checkouts/swift-syntax/Sources/SwiftSyntax/Assert.swift	b310fb2a7bac5608f7e35ada9721765fcfddb38f033031cb11c67e3f6650e985
build/swiftpm/checkouts/swift-syntax/Sources/SwiftSyntax/BumpPtrAllocator.swift	bb254e442cded9f6760be5696afa8fdce06d9acda98f5278d7c152c7fcfe798d
build/swiftpm/checkouts/swift-syntax/Sources/SwiftSyntax/CMakeLists.txt	1e4d57baf3414e7062b152ea6bd56c694d13c1bcdd284f69c73b8702badc29bc
build/swiftpm/checkouts/swift-syntax/Sources/SwiftSyntax/CommonAncestor.swift	3a5997ed7212715beb307f6babfc03ae0d94648959022e315bc820625d7b59f8
build/swiftpm/checkouts/swift-syntax/Sources/SwiftSyntax/Convenience.swift	105afc6c945fe6930faa494994a3cf068d27f9e8e2d3ab4e635f23e7741492ee
build/swiftpm/checkouts/swift-syntax/Sources/SwiftSyntax/CustomTraits.swift	0d5434c76d9abd63a660ff5f5eb29ca7ba80f273b17811c5a53c7ec1a54cc575
build/swiftpm/checkouts/swift-syntax/Sources/SwiftSyntax/Documentation.docc/Glossary.md	5d482f836393e74fea5a934c49d2d46509d9d113bb3ecc891215ce986f33ac66
build/swiftpm/checkouts/swift-syntax/Sources/SwiftSyntax/Documentation.docc/Info.plist	23671f6091e205629e3465d943b699a7e89545df2f414246eca694e5ec9b8f4e
build/swiftpm/checkouts/swift-syntax/Sources/SwiftSyntax/Documentation.docc/Macro Versioning.md	ca8f0eb9ce10a031a03699313ff51ac96a998e92327887bdb0bae45727d9f630
build/swiftpm/checkouts/swift-syntax/Sources/SwiftSyntax/Documentation.docc/RawSyntaxValidation.md	5eb415a0a491d07831f7a5a4a5f5335785ff4f35848c3284bed463354242549e
build/swiftpm/checkouts/swift-syntax/Sources/SwiftSyntax/Documentation.docc/Resources/Formatter.step1.swift	5bb2f8234a71c1bc255ab1befb1ca0f2a75d55a023dd99e1a6696a1cfd10da81
build/swiftpm/checkouts/swift-syntax/Sources/SwiftSyntax/Documentation.docc/Resources/Formatter.step10.swift	0ece63729824564b6668d6e193342381512cf06ba021eba877e24cf9eb796dd1
build/swiftpm/checkouts/swift-syntax/Sources/SwiftSyntax/Documentation.docc/Resources/Formatter.step11.swift	2521929239f48a577dcd1a3dedfa9ac3e16e19655f4d908ef80355ccd46d7910
build/swiftpm/checkouts/swift-syntax/Sources/SwiftSyntax/Documentation.docc/Resources/Formatter.step2.swift	61d51188891b8585bda0edd6e892f7b83ce7bedd199fc301e9037d8342ba5778
build/swiftpm/checkouts/swift-syntax/Sources/SwiftSyntax/Documentation.docc/Resources/Formatter.step3.swift	d2717cc9fcdd8cc7323ed5c591a39722fbcb98ec1b2405c6cbd7313f10081c4e
build/swiftpm/checkouts/swift-syntax/Sources/SwiftSyntax/Documentation.docc/Resources/Formatter.step4.swift	a5f60846a2f26c52cf184c294a45e314d9c1f4d4d9cddcb24cae3ce89350988d
build/swiftpm/checkouts/swift-syntax/Sources/SwiftSyntax/Documentation.docc/Resources/Formatter.step5.swift	31cf6c603650ca80ad2a73f4d1dc686560bc3c8b2b46d93f32f3f269c338302d
build/swiftpm/checkouts/swift-syntax/Sources/SwiftSyntax/Documentation.docc/Resources/Formatter.step6.swift	90dd671d8e82ff41223405028367d0205a10b575f000e4c8e9629984b650a715
build/swiftpm/checkouts/swift-syntax/Sources/SwiftSyntax/Documentation.docc/Resources/Formatter.step7.swift	5c5eab857fcbeb49ae5071571eeef329e0d574b770adc178458fd63a1cfbda43
build/swiftpm/checkouts/swift-syntax/Sources/SwiftSyntax/Documentation.docc/Resources/Formatter.step8.swift	e296d92314152ed6c7f4ac42f85c61876a3cac6ae303533b4bdf06da7b877db8
build/swiftpm/checkouts/swift-syntax/Sources/SwiftSyntax/Documentation.docc/Resources/Formatter.step9.swift	c6e9a4dc40772195a78b3626f198fb20f37fd7a0fcebc4fdfd6258afab962db1
build/swiftpm/checkouts/swift-syntax/Sources/SwiftSyntax/Documentation.docc/Resources/Package.step1.swift	51493b16a1bc292a250acf0f959d935f5fbf2b5516215ea2dfb06f87109ef74f
build/swiftpm/checkouts/swift-syntax/Sources/SwiftSyntax/Documentation.docc/Resources/Package.step2.swift	6a9445248c6cd2a42204edf842d5bc391399038451cb013700f40754be28f96d
build/swiftpm/checkouts/swift-syntax/Sources/SwiftSyntax/Documentation.docc/Resources/Package.step3.swift	8acbfc4ed4f907d49ea789ff9ce6abd4fb03c9933f7704326d3f2fd2a16b8b47
build/swiftpm/checkouts/swift-syntax/Sources/SwiftSyntax/Documentation.docc/Resources/Package.step4.swift	f032247bfddf34bf9e912ffb885c2ebf8f90accbff6ef7d4c0753122cd5edbba
build/swiftpm/checkouts/swift-syntax/Sources/SwiftSyntax/Documentation.docc/Resources/Package.step5.swift	5293ec49985d24a33da074dd0ee09249791d0f7f3712609a6537edfa9b19f184
build/swiftpm/checkouts/swift-syntax/Sources/SwiftSyntax/Documentation.docc/Resources/importformatter-package-project.png	381506d855a368550f65a4e5a79950d8200d46e526e6f4ca982b2834d96e964d
build/swiftpm/checkouts/swift-syntax/Sources/SwiftSyntax/Documentation.docc/Resources/swift-syntax.png	392837b8d65ecf0905f9b399f8d4e887e867507e61533fa6d91cc987518bf8c8
build/swiftpm/checkouts/swift-syntax/Sources/SwiftSyntax/Documentation.docc/Resources/swift-syntax@2x.png	392837b8d65ecf0905f9b399f8d4e887e867507e61533fa6d91cc987518bf8c8
build/swiftpm/checkouts/swift-syntax/Sources/SwiftSyntax/Documentation.docc/Tutorials/SwiftSyntax By Example.tutorial	8e0fb604905c1635c650e9dff50911c9814d9495e157d86dd4c243f7aea277f7
build/swiftpm/checkouts/swift-syntax/Sources/SwiftSyntax/Documentation.docc/Tutorials/Tutorial Table of Contents.tutorial	094cc3d8c73ec633dea1f81e8b9d2f7bf73530a50769bf0af7fbb80de7072067
build/swiftpm/checkouts/swift-syntax/Sources/SwiftSyntax/Documentation.docc/Working with SwiftSyntax.md	259d0350cd8f6dd6dd1d089316d4c741007c385a99828d833409de195701357c
build/swiftpm/checkouts/swift-syntax/Sources/SwiftSyntax/Documentation.docc/generated/SwiftSyntax.md	5ad27f49fd77389e71731926c403e71737be24723ad549e6d476c3a83f6dfb06
build/swiftpm/checkouts/swift-syntax/Sources/SwiftSyntax/EditorPlaceholder.swift	0853de4bdb179ea382403c1ac397e9b54eecced167a8ff6aa8f159c155357a56
build/swiftpm/checkouts/swift-syntax/Sources/SwiftSyntax/Identifier.swift	480b253ac2445ca32eb6687fb284c326732d1f5f41fa91848db7a6185baf7dae
build/swiftpm/checkouts/swift-syntax/Sources/SwiftSyntax/MemoryLayout.swift	0e67c6505b8621cd53d54dd8a822a0a907634ebdb023a520b78e824b33f855f0
build/swiftpm/checkouts/swift-syntax/Sources/SwiftSyntax/MissingNodeInitializers.swift	b2fd34ec13b1289fef71d0a790b894c36e2ab4f9c3568039ac7888e89bf323a4
build/swiftpm/checkouts/swift-syntax/Sources/SwiftSyntax/Raw/RawSyntax.swift	c8f4e74d106cb3040292bb94a5e7b937e5a7ea8dd5831550b2087a9f8ddf8b65
build/swiftpm/checkouts/swift-syntax/Sources/SwiftSyntax/Raw/RawSyntaxArena.swift	a690a1dbc3a656124195d4c2cc21c95c840526147472535376da8e97494701e0
build/swiftpm/checkouts/swift-syntax/Sources/SwiftSyntax/Raw/RawSyntaxLayoutView.swift	ffa2f42a689b9101343031b958cadbe4fd09dc3018d14e4e06f3c4054fd94f33
build/swiftpm/checkouts/swift-syntax/Sources/SwiftSyntax/Raw/RawSyntaxNodeProtocol.swift	0bde76394a202c6538c7bae62671ace855e4d096caf40129cde3cb29f31099eb
build/swiftpm/checkouts/swift-syntax/Sources/SwiftSyntax/Raw/RawSyntaxTokenView.swift	9bd32b5e1ccde36c0e9c803ad5e94aaaff37d76aa4d2163ea6311f2031b39228
build/swiftpm/checkouts/swift-syntax/Sources/SwiftSyntax/SourceEdit.swift	932121011eeebd456492ba54899636fa5fe47caee1074b0b7e6c8889a6448f95
build/swiftpm/checkouts/swift-syntax/Sources/SwiftSyntax/SourceLength.swift	16c025aaac9ead07486544fdc9df7bc34fce8aaaf9b52f146bf182fc74a1280b
build/swiftpm/checkouts/swift-syntax/Sources/SwiftSyntax/SourceLocation.swift	82db049bae6b38141140de5c6a10364aacfab1b189d83f3cb7eca7a2190d159e
build/swiftpm/checkouts/swift-syntax/Sources/SwiftSyntax/SourcePresence.swift	a4f16f5bfd00869102fc37075e657c554edab296bc3c0293b47acf4560f544c5
build/swiftpm/checkouts/swift-syntax/Sources/SwiftSyntax/SwiftSyntaxCompatibility.swift	c321b8eec6276c38a92f19e3d593db95a6248d1c8fdddddb1fe79b1fa22d5e01
build/swiftpm/checkouts/swift-syntax/Sources/SwiftSyntax/Syntax.swift	e96fc56dcddc04779f2261e59482a21280e06e891284736ad599b698bbcad6b0
build/swiftpm/checkouts/swift-syntax/Sources/SwiftSyntax/SyntaxChildren.swift	318d18b10a79bdb931e96b501febd63fd59f27354ffb365422df95559a68c7b4
build/swiftpm/checkouts/swift-syntax/Sources/SwiftSyntax/SyntaxCollection.swift	56ddab94053444d19813a7d917f2f9b3f3fb07f6998eaec9d4cd49257b7d51f4
build/swiftpm/checkouts/swift-syntax/Sources/SwiftSyntax/SyntaxHashable.swift	80222af0cb65fb8919373897ea5799fd7f1382ad40d68fdf95746a2c40210a62
build/swiftpm/checkouts/swift-syntax/Sources/SwiftSyntax/SyntaxIdentifier.swift	5a7e18bd3037cfdab8bbf6f153360081bf4ec6d3b7bba784253d7b10685d0ae1
build/swiftpm/checkouts/swift-syntax/Sources/SwiftSyntax/SyntaxNodeStructure.swift	8cb13869a46985ecadbdf32e18ca96942a51df96573deece35517e5020b7e91a
build/swiftpm/checkouts/swift-syntax/Sources/SwiftSyntax/SyntaxProtocol.swift	d1900bc8ac78abe7b560c0b400f682c39e90971619c281139f391e7a7ec89fe5
build/swiftpm/checkouts/swift-syntax/Sources/SwiftSyntax/SyntaxText.swift	7e4f28e77e8828bf5160b3412dea3f54077f0be199379d815534df63d4c10085
build/swiftpm/checkouts/swift-syntax/Sources/SwiftSyntax/SyntaxTreeViewMode.swift	61dd806faa4910c39c6cdfd99927e66854501f70804bd50b206e37815a61d186
build/swiftpm/checkouts/swift-syntax/Sources/SwiftSyntax/TokenDiagnostic.swift	db9ad44cfa0707d58273f1fd65920a53d9dd1f16850f1c45083466eb28f9b75a
build/swiftpm/checkouts/swift-syntax/Sources/SwiftSyntax/TokenSequence.swift	41387986cb243265dcd264dcb62132a5023d53f8eba050d2e9e0f732644565d4
build/swiftpm/checkouts/swift-syntax/Sources/SwiftSyntax/TokenSyntax.swift	de7f422249a7e038559bdaccbd9f807134a7b2f7d170d1dd5dc3a71eef693501
build/swiftpm/checkouts/swift-syntax/Sources/SwiftSyntax/Trivia.swift	e8134f35f6577653700594ab6f8a3a689e1bf1d95fac2ffb1cf471a17bcb3b48
build/swiftpm/checkouts/swift-syntax/Sources/SwiftSyntax/Utils.swift	e48295d6078c671267ccd1e6171f2bb9516ebbc98b3971d0d2c29de213678e6e
build/swiftpm/checkouts/swift-syntax/Sources/SwiftSyntax/generated/ChildNameForKeyPath.swift	ac1d670c8caea8f3b9f4a5d80133af807a004a59fbc8e6249337e68d6c62bf40
build/swiftpm/checkouts/swift-syntax/Sources/SwiftSyntax/generated/Keyword.swift	35fb8a9bab2c4a92c6bd4588bb99faf3a0cc9f6c0cbced473e0cbe40cfe3de02
build/swiftpm/checkouts/swift-syntax/Sources/SwiftSyntax/generated/RenamedChildrenCompatibility.swift	425dc41920636d3eb2cbc50d53967d184745f9a82bdc4fdbab9187f2ef4b1a64
build/swiftpm/checkouts/swift-syntax/Sources/SwiftSyntax/generated/RenamedNodesCompatibility.swift	c459397a4c36a674b50f634e9d67fa8977e811d53567fa64596affacc1ea6bee
build/swiftpm/checkouts/swift-syntax/Sources/SwiftSyntax/generated/SyntaxAnyVisitor.swift	a431ef7cda6f3b038c98b034e51a3c4916174c0a0563cf7f7906264d1d00d2a4
build/swiftpm/checkouts/swift-syntax/Sources/SwiftSyntax/generated/SyntaxBaseNodes.swift	dbd17d74c18180bc3bf9bd4613e419aeb6e0e12b37a827e6a43717dc4d8152f4
build/swiftpm/checkouts/swift-syntax/Sources/SwiftSyntax/generated/SyntaxCollections.swift	2c586ff4213bc3432bb3554cb30de54c59dfceb28905ea330a8227f1489b7f73
build/swiftpm/checkouts/swift-syntax/Sources/SwiftSyntax/generated/SyntaxEnum.swift	f206747f91475a5a97eb8ca45365259d1b67e232e141f71734d5cced30d31483
build/swiftpm/checkouts/swift-syntax/Sources/SwiftSyntax/generated/SyntaxKind.swift	74ec03ffffcb5f6a440a42c3fb0664c98e096a39002b50acac224ab1ef6b6e56
build/swiftpm/checkouts/swift-syntax/Sources/SwiftSyntax/generated/SyntaxRewriter.swift	d8b62c3398a8833d36dceff5ea22a564980c8db63b060b7ffc6fef1e350b4656
build/swiftpm/checkouts/swift-syntax/Sources/SwiftSyntax/generated/SyntaxTraits.swift	b35cb25ce6f3fd297d03b12891cd695156f90a3077093502665a9d1fcff5164f
build/swiftpm/checkouts/swift-syntax/Sources/SwiftSyntax/generated/SyntaxVisitor.swift	4596282cda95dca205563aca8458e296b1f2f52e6e55353ef60ac7c5b5723b6b
build/swiftpm/checkouts/swift-syntax/Sources/SwiftSyntax/generated/TokenKind.swift	227391168c61f2af43aac452b2973428db7a0bfa2f4f3d0234d85b742c41083f
build/swiftpm/checkouts/swift-syntax/Sources/SwiftSyntax/generated/Tokens.swift	80bbb1b19fc78c0f97a919bb938e85ad2ac97a93ddca12d4034841834e4c3b5e
build/swiftpm/checkouts/swift-syntax/Sources/SwiftSyntax/generated/TriviaPieces.swift	9e9b71275555458543056c037c5d6b67e293b60518f816eaf0e5b239e78b54a3
build/swiftpm/checkouts/swift-syntax/Sources/SwiftSyntax/generated/raw/RawSyntaxNodesAB.swift	7871f2614c52d1bede788f6b4460ca48f7929bfab475605ca8ccfe3286f91f1a
build/swiftpm/checkouts/swift-syntax/Sources/SwiftSyntax/generated/raw/RawSyntaxNodesC.swift	0a645f62f2c8699fc43be9d35e772cd0d918233e8f1c093bd5010c94c21aaad0
build/swiftpm/checkouts/swift-syntax/Sources/SwiftSyntax/generated/raw/RawSyntaxNodesD.swift	cf611804b20e6e5f55e440376c00ce98c8f64f3b585bf31f8655c78c9307b56f
build/swiftpm/checkouts/swift-syntax/Sources/SwiftSyntax/generated/raw/RawSyntaxNodesEF.swift	e3fcfdfa1e00a7a76a40c8006ad606bb25fe95bd8366b857160a0919f6cdc0ed
build/swiftpm/checkouts/swift-syntax/Sources/SwiftSyntax/generated/raw/RawSyntaxNodesGHI.swift	2351578be0561955dd4d31c7ffb67cff0f68a42cc3b18b49ef402dea1ed6f12d
build/swiftpm/checkouts/swift-syntax/Sources/SwiftSyntax/generated/raw/RawSyntaxNodesJKLMN.swift	cb2702ff9d7a7b37431350eff9aab8c9d943d9d308d3a24452b39fba919be615
build/swiftpm/checkouts/swift-syntax/Sources/SwiftSyntax/generated/raw/RawSyntaxNodesOP.swift	71f5268e3480d05a85c3c1b0d09f48ef3c7d5f175fb06574326b0aaf0c5e10bb
build/swiftpm/checkouts/swift-syntax/Sources/SwiftSyntax/generated/raw/RawSyntaxNodesQRS.swift	2a06d90b5fe94f0c9262c7405e19655924474da6982f683832da9d98f07ba3a8
build/swiftpm/checkouts/swift-syntax/Sources/SwiftSyntax/generated/raw/RawSyntaxNodesTUVWXYZ.swift	49cee29b0dcc304968ff1f1c93c87e46db3a9b5164f41fea8ad0cda9d15dd7ee
build/swiftpm/checkouts/swift-syntax/Sources/SwiftSyntax/generated/raw/RawSyntaxValidation.swift	a45690aea985bce4edfd6f6e5e31a128d6abb2460e468e61e72659cc435305ff
build/swiftpm/checkouts/swift-syntax/Sources/SwiftSyntax/generated/syntaxNodes/SyntaxNodesAB.swift	fe893e6af742b5dfb3bcc755d7e4a29bac62aa0a329b92cb9cf5a2c4c158e2ed
build/swiftpm/checkouts/swift-syntax/Sources/SwiftSyntax/generated/syntaxNodes/SyntaxNodesC.swift	d3c4e4b91e6dff5d359c6f803d592fe9e1eaa58d84e0d39dd16d761a199871ab
build/swiftpm/checkouts/swift-syntax/Sources/SwiftSyntax/generated/syntaxNodes/SyntaxNodesD.swift	223ce503ae47fc622622fd0699a0180dd345f2d4eba568d9d6c3b0d9bf12f593
build/swiftpm/checkouts/swift-syntax/Sources/SwiftSyntax/generated/syntaxNodes/SyntaxNodesEF.swift	226d3e5d0654a51b6f6ae468830e54b791218b3d60a38ace2437da02aa5776e6
build/swiftpm/checkouts/swift-syntax/Sources/SwiftSyntax/generated/syntaxNodes/SyntaxNodesGHI.swift	c6ac86749390c8f3547afa64d1af555b646d888f98ab75c774eff5f79c93718d
build/swiftpm/checkouts/swift-syntax/Sources/SwiftSyntax/generated/syntaxNodes/SyntaxNodesJKLMN.swift	b787d7b7aa180cbe29b31beb73670780f30463f3b8be27ac1b5c455c4e8dee81
build/swiftpm/checkouts/swift-syntax/Sources/SwiftSyntax/generated/syntaxNodes/SyntaxNodesOP.swift	1b4e1c0b4ad17b3b5eea62f8e64f6b184a0260335b4cad90aa912af2bbe338dc
build/swiftpm/checkouts/swift-syntax/Sources/SwiftSyntax/generated/syntaxNodes/SyntaxNodesQRS.swift	9fcaf78db3996cfd52475e1a40aab86c5bcbcc1737101e71032983cdce11344b
build/swiftpm/checkouts/swift-syntax/Sources/SwiftSyntax/generated/syntaxNodes/SyntaxNodesTUVWXYZ.swift	a5098d0bcdb12f7b5c9a57f96179eab6e5bee9ad180ed23b69b4f0011ba3b2a5
build/swiftpm/checkouts/swift-syntax/Sources/SwiftSyntaxBuilder/CMakeLists.txt	016a1aff1ad9f4f4885a67e21e4d044bb699a5e9b4c5a9264d7b9cfbd9995ed8
build/swiftpm/checkouts/swift-syntax/Sources/SwiftSyntaxBuilder/ConvenienceInitializers.swift	af2054f3da75dc9f7a1be2b1c8bc0433a088da2f82f66b28b2fa7eb83c15fe74
build/swiftpm/checkouts/swift-syntax/Sources/SwiftSyntaxBuilder/DeclSyntaxParseable.swift	e1a5328681d23541a06ef063de855dc176639983ff9692a0a52b18b99ecbc143
build/swiftpm/checkouts/swift-syntax/Sources/SwiftSyntaxBuilder/Documentation.docc/Index.md	a08831c4221eb7a1b80dde60e63ae94c0b226d53341d76a4cdf1489ff93464f9
build/swiftpm/checkouts/swift-syntax/Sources/SwiftSyntaxBuilder/Indenter.swift	3e0c6e58be1be61813162f30e7975c781f4b5176078411ef746c3915bc772759
build/swiftpm/checkouts/swift-syntax/Sources/SwiftSyntaxBuilder/ListBuilder.swift	4986582bb49240c4af3ec1722f129a5da362524137cfaf63a1b2be000027ecee
build/swiftpm/checkouts/swift-syntax/Sources/SwiftSyntaxBuilder/ResultBuilderExtensions.swift	c69dfe4843321ef4f162f7721b5cedd64e6203d9049614faf9904edb8665d9d1
build/swiftpm/checkouts/swift-syntax/Sources/SwiftSyntaxBuilder/SwiftSyntaxBuilderCompatibility.swift	4a580c57bce694440ef2719e60a344ec4f1595bc584467dec37811cbf4747528
build/swiftpm/checkouts/swift-syntax/Sources/SwiftSyntaxBuilder/Syntax+StringInterpolation.swift	977419d00727d3889c568aa3b3f82a5107f781dc16a9e9019a309b6deee24a02
build/swiftpm/checkouts/swift-syntax/Sources/SwiftSyntaxBuilder/SyntaxNodeWithBody.swift	08ff436761347f4ca5e8cf6bb923c6273f2f2c1f45f95364c8dd3ce5c69bddc9
build/swiftpm/checkouts/swift-syntax/Sources/SwiftSyntaxBuilder/SyntaxParsable+ExpressibleByStringInterpolation.swift	e4a9a1a6af34dfd22de3c2c5ce73d27cafd3f75a0d5cae4febbc6eb8b45ac4af
build/swiftpm/checkouts/swift-syntax/Sources/SwiftSyntaxBuilder/ValidatingSyntaxNodes.swift	86b9ce0c1fef14db4dd050294b8996a0f565d7b6c8e37f664937affc3348c94a
build/swiftpm/checkouts/swift-syntax/Sources/SwiftSyntaxBuilder/WithTrailingCommaSyntax+EnsuringTrailingComma.swift	0b8006e7cff796eb2b10f8ca33db1642d53e3e3fc2b89195f91df4b372164e14
build/swiftpm/checkouts/swift-syntax/Sources/SwiftSyntaxBuilder/generated/BuildableNodes.swift	932cb68a1cd95784edea37cd917cb5a107f992ab866b1bf1796322bc953ddc6f
build/swiftpm/checkouts/swift-syntax/Sources/SwiftSyntaxBuilder/generated/RenamedChildrenBuilderCompatibility.swift	511c9b6b6719931cd003218f04d65c64542476b5a3b3142e4191d9b8854a8a1b
build/swiftpm/checkouts/swift-syntax/Sources/SwiftSyntaxBuilder/generated/ResultBuilders.swift	b0f93418f4bdb48f1170c97e341615974234e2dc8cef3402e5331d8df51d5cbf
build/swiftpm/checkouts/swift-syntax/Sources/SwiftSyntaxBuilder/generated/SyntaxExpressibleByStringInterpolationConformances.swift	542328bbf4832bf12749821241748e690707dd309ffe1ba6aa3cd80a055089fb
build/swiftpm/checkouts/swift-syntax/Sources/SwiftSyntaxMacroExpansion/BasicMacroExpansionContext.swift	be76078440a350ed3c5cff5d696f29dcba26ea57a748fde7d1fea65c22e40378
build/swiftpm/checkouts/swift-syntax/Sources/SwiftSyntaxMacroExpansion/CMakeLists.txt	c75461ce8f43894b02a840ca2c27c64efb07b56060bacf340b86190b0d879496
build/swiftpm/checkouts/swift-syntax/Sources/SwiftSyntaxMacroExpansion/FunctionParameterUtils.swift	6f231b221f235e8d9b03ee028c2f6c110636f56780e640efe593f7f0f0eddda6
build/swiftpm/checkouts/swift-syntax/Sources/SwiftSyntaxMacroExpansion/IndentationUtils.swift	44b7e761bc9344e90a105a2c89b08a10a6692cdd725570fcc6f3f2be1650e0d8
build/swiftpm/checkouts/swift-syntax/Sources/SwiftSyntaxMacroExpansion/MacroArgument.swift	a2a30163575ab32c51184ab3991f8e581d9d58de9d095c89d3c6e1156da8801e
build/swiftpm/checkouts/swift-syntax/Sources/SwiftSyntaxMacroExpansion/MacroExpansion.swift	b13816fca994bf43d7ba1ad6e60acb284c71fec9299628287ee508f39aefbe53
build/swiftpm/checkouts/swift-syntax/Sources/SwiftSyntaxMacroExpansion/MacroExpansionDiagnosticMessages.swift	a22c39c26a668c7658b5d60d6d5b6847ce31d5edc5435c0e1ed3737cd648a06f
build/swiftpm/checkouts/swift-syntax/Sources/SwiftSyntaxMacroExpansion/MacroReplacement.swift	ea5db630910eef6b8d8d8665a3a1caae5639669d0fd3c9e3fb0c12452e7a207c
build/swiftpm/checkouts/swift-syntax/Sources/SwiftSyntaxMacroExpansion/MacroSpec.swift	24696d133ec4d27f5b4a132278f6ee1c38d2145b5965763a4f3462e4086d5892
build/swiftpm/checkouts/swift-syntax/Sources/SwiftSyntaxMacroExpansion/MacroSystem.swift	b82ff6db028861a7d534cb11af15f0d190a8776c1ceadebd7d7c01dda4ffd050
build/swiftpm/checkouts/swift-syntax/Sources/SwiftSyntaxMacros/AbstractSourceLocation.swift	190bb7c3d998d669c9fd3a81d2d8ef6f00e5c6a6faa5c9762c231f78108777e1
build/swiftpm/checkouts/swift-syntax/Sources/SwiftSyntaxMacros/CMakeLists.txt	08be611b74ad0214887d57add2742280949390990c1c633479233d68e30a883d
build/swiftpm/checkouts/swift-syntax/Sources/SwiftSyntaxMacros/MacroExpansionContext.swift	500a182236487f954041fdfd15465936b14b875bbc3b16f0928662eaa45dc4ab
build/swiftpm/checkouts/swift-syntax/Sources/SwiftSyntaxMacros/MacroExpansionDiagnosticMessages.swift	1f28b7d05d484c70f9f70a5c9415966390a1efac210133e0c1cecd45be612fe7
build/swiftpm/checkouts/swift-syntax/Sources/SwiftSyntaxMacros/MacroProtocols/AccessorMacro.swift	ff15d005b49ddf9e792d01d0b3289a64c962c767d938af470c566d9a942feb11
build/swiftpm/checkouts/swift-syntax/Sources/SwiftSyntaxMacros/MacroProtocols/AttachedMacro.swift	6e187aef334fb924b44bd70d18df9090ddc1595c68a14998ae6d3d567eaa8540
build/swiftpm/checkouts/swift-syntax/Sources/SwiftSyntaxMacros/MacroProtocols/BodyMacro.swift	0094b0f2670307b16e672162ce7085481027c5113fdd9f92090def64be87a768
build/swiftpm/checkouts/swift-syntax/Sources/SwiftSyntaxMacros/MacroProtocols/CodeItemMacro.swift	30d549ae6b88655a6203d23f4686187f3eca3bca250bfbf47cd76e25a00b4f0d
build/swiftpm/checkouts/swift-syntax/Sources/SwiftSyntaxMacros/MacroProtocols/DeclarationMacro.swift	1d626391d7e8f052ae359c948274636f86a777a199547217a5153adf81bdb586
build/swiftpm/checkouts/swift-syntax/Sources/SwiftSyntaxMacros/MacroProtocols/ExpressionMacro.swift	5c3891a1b6e53d6f0ed51bdf1ac634e82f848742a98c39802bff465bc33136df
build/swiftpm/checkouts/swift-syntax/Sources/SwiftSyntaxMacros/MacroProtocols/ExtensionMacro.swift	7ac52b9c3a23581ad29ab3a31f6369c77dd6afe09adc52c86ecf21a28b5c56cd
build/swiftpm/checkouts/swift-syntax/Sources/SwiftSyntaxMacros/MacroProtocols/FreestandingMacro.swift	f9adb1d584879db0bbd1d92840b70a012a3bf4182985df2ea56eb561a0c8cefd
build/swiftpm/checkouts/swift-syntax/Sources/SwiftSyntaxMacros/MacroProtocols/Macro+Format.swift	3e9a7237013286822bdfab0f18277cff937530bfd6f4cfbcd8ee9d3d4c0d6b11
build/swiftpm/checkouts/swift-syntax/Sources/SwiftSyntaxMacros/MacroProtocols/Macro.swift	5bd6bc729b9d4d6c183336cbdf3e5b10c7fc79eb689d3153a563beb1761a682d
build/swiftpm/checkouts/swift-syntax/Sources/SwiftSyntaxMacros/MacroProtocols/MemberAttributeMacro.swift	95442d6098a6bf6acae1df14f93ba5dceeabf76a711ba91c018c9d11ad2945f8
build/swiftpm/checkouts/swift-syntax/Sources/SwiftSyntaxMacros/MacroProtocols/MemberMacro.swift	f6d7e5ac5a98465b9387a18f850fa7dea5b1958c9a9dcd7b3f74c2d3c55fd38a
build/swiftpm/checkouts/swift-syntax/Sources/SwiftSyntaxMacros/MacroProtocols/PeerMacro.swift	1e7af008e8666a99d704303a15065b59bb4cd70442f8204da50c3466f0c53f75
build/swiftpm/checkouts/swift-syntax/Sources/SwiftSyntaxMacros/MacroProtocols/PreambleMacro.swift	48ec6580945857d6cf8c2e5968bf9152a176fd10a0d5863abe5d00954ced29fc
build/swiftpm/checkouts/swift-syntax/Sources/SwiftSyntaxMacros/SwiftSyntaxMacros.docc/Info.plist	48c419af9f6bfdfbd3e03cac8a824369ee97870dac295d328ec018a310820671
build/swiftpm/checkouts/swift-syntax/Sources/SwiftSyntaxMacros/SwiftSyntaxMacros.docc/SwiftSyntaxMacros.md	4b449348dac8c096e80a0b10ac4c818f6e1b12427b0208418f2d46e50555b3f8
build/swiftpm/checkouts/swift-syntax/Sources/SwiftSyntaxMacros/Syntax+LexicalContext.swift	5fdd1d4f4e76f1b825aa5397281100bde0013de1565d2d6d0b98efa8d8613619
build/swiftpm/checkouts/swift-syntax/Sources/SwiftSyntaxMacrosGenericTestSupport/Assertions.swift	0e2eb09269a9e89b7b58b3a0a67b70f9c005611b6fa545be3e931b6a45a0ef6e
build/swiftpm/checkouts/swift-syntax/Sources/SwiftSyntaxMacrosTestSupport/Assertions.swift	6cd533f958eeb160cf8fdf3fcf59fc7fc28eae110d8ff4e0ee4eea7df4d9ab16
build/swiftpm/checkouts/swift-syntax/Sources/SwiftWarningControl/CMakeLists.txt	0ea8042ea4a9250bce8df9b29d7d957e9c895bf5ab06f46aa6c949e8c16bd28d
build/swiftpm/checkouts/swift-syntax/Sources/SwiftWarningControl/DiagnosticGroupInheritanceTree.swift	260f5a142b707eac5aaf729bef70b5fa7695e47f7b349d10450605a06fe0b416
build/swiftpm/checkouts/swift-syntax/Sources/SwiftWarningControl/SwiftWarningControl.md	07a8a6c96e6dd8a3b584bebec55746360aaf270e7cdc4ff7fe90e4be8e074867
build/swiftpm/checkouts/swift-syntax/Sources/SwiftWarningControl/SyntaxProtocol+WarningControl.swift	22ab67bdf5ff64545bc8b0eaca496715ca4cc6791fe42f984231e5b15ba1674a
build/swiftpm/checkouts/swift-syntax/Sources/SwiftWarningControl/WarningControlDeclSyntax.swift	50a1274579198bd16c124c6e857ee5528e4c69801114f5ff8a308df9eb722018
build/swiftpm/checkouts/swift-syntax/Sources/SwiftWarningControl/WarningControlRegionBuilder.swift	ee6e6d77a67ca661e12db601df62aa232e746d488d18aa3612ba96f945bee4af
build/swiftpm/checkouts/swift-syntax/Sources/SwiftWarningControl/WarningControlRegions.swift	ac37c57160fed29e97af1a2a99c7f383846d008b1ad436ce93d65d339d1d0366
build/swiftpm/checkouts/swift-syntax/Sources/SwiftWarningControl/WarningGroupControl.swift	1a6e37c08951a3eb4ec884a7e3e7420aa3967ff046c928f4e1aafd8106f58ff5
build/swiftpm/checkouts/swift-syntax/Sources/VersionMarkerModules/CMakeLists.txt	0831e67cf8a95bd48602946ad1360b3ab141699fc82f1eb3c12725206da8c996
build/swiftpm/checkouts/swift-syntax/Sources/VersionMarkerModules/SwiftSyntax509/Empty.swift	486d5e1614902a67f1845333e5b423ee2a1a2fddfbb6f6677d0aad08285c9c74
build/swiftpm/checkouts/swift-syntax/Sources/VersionMarkerModules/SwiftSyntax510/Empty.swift	4472433e9ab9a1efb9f7078c9324c663e04cdef009ab6bde240303df8a38f242
build/swiftpm/checkouts/swift-syntax/Sources/VersionMarkerModules/SwiftSyntax600/Empty.swift	68bef2813bfff608a86668515b08b7403f81eaad881fd0a24ebad55625963275
build/swiftpm/checkouts/swift-syntax/Sources/VersionMarkerModules/SwiftSyntax601/Empty.swift	686249e3f05fe25c6ae79684ac5a7edc1aba4d20219b82fba08aead9854412b7
build/swiftpm/checkouts/swift-syntax/Sources/VersionMarkerModules/SwiftSyntax602/Empty.swift	eaa5929a2675797590a4c4729f6b3fb112039c3bf5714e66f0c87810c0262f20
build/swiftpm/checkouts/swift-syntax/Sources/VersionMarkerModules/SwiftSyntax603/Empty.swift	cd3b234d8d94d3810cebad30118cde6c10d4d40d1cda7e028b3aab94273d8537
build/swiftpm/checkouts/swift-syntax/Sources/_InstructionCounter/include/InstructionsExecuted.h	a0586fcd9ffd8f765fe32d6a69187419daac4aa72252e80d77aac7efdc5f340f
build/swiftpm/checkouts/swift-syntax/Sources/_InstructionCounter/src/InstructionsExecuted.c	b81f2c39585511723f73a887a9bc90c8289c150ad2de1a883954e6c398bc1a53
build/swiftpm/checkouts/swift-syntax/Sources/_SwiftLibraryPluginProviderCShims/CMakeLists.txt	bcee49450ea82dfd8101cbac8d69645ad713c59c963384c4d17ae92cb897d747
build/swiftpm/checkouts/swift-syntax/Sources/_SwiftLibraryPluginProviderCShims/LoadLibrary.c	b2ec7c509d9cf8985ebae56a7a0560ff6a1077893a552ac587d8f84b486d4569
build/swiftpm/checkouts/swift-syntax/Sources/_SwiftLibraryPluginProviderCShims/include/LoadLibrary.h	1730863a12d0133f0831ab5a21f4d64614a614140ffbb1cea85adb728263f634
build/swiftpm/checkouts/swift-syntax/Sources/_SwiftLibraryPluginProviderCShims/include/module.modulemap	e0ac78364c2e9049af8bd852656cac2185156a608e9fbf5c4d362a8ce1219e26
build/swiftpm/checkouts/swift-syntax/Sources/_SwiftSyntaxCShims/CMakeLists.txt	a463736c24156782157c5a10dbfc7c17aa8879dd62a712c72fca9e8a093fac83
build/swiftpm/checkouts/swift-syntax/Sources/_SwiftSyntaxCShims/PlatformMutex.c	89f44c72f0f8c50207b9b3aa4811f8d3e5f1d17d936aea11e15d6b0333fbeb50
build/swiftpm/checkouts/swift-syntax/Sources/_SwiftSyntaxCShims/include/Atomics.h	7ae04c18d0928732fa9ae91232f70091cfc94a02bf5a2cc1127351976301ae93
build/swiftpm/checkouts/swift-syntax/Sources/_SwiftSyntaxCShims/include/PlatformMutex.h	8d150395b6b91622ab97fed301c0aec5bb316734ad79666a221023a545db262a
build/swiftpm/checkouts/swift-syntax/Sources/_SwiftSyntaxCShims/include/SwiftSyntaxCShims.h	07405be6c63654f5c025452b61d135abb71ed74bd90db4838b22086937bf9e00
build/swiftpm/checkouts/swift-syntax/Sources/_SwiftSyntaxCShims/include/_bridging.h	cb3f6adea458ebd6061d2a0fd3c34111f6e7f49dec5e2ceefb6e4632141f9404
build/swiftpm/checkouts/swift-syntax/Sources/_SwiftSyntaxCShims/include/_includes.h	b9ac5437a150285824472d65c6c417f335e6f6700de85a538e0556d9b385c1bb
build/swiftpm/checkouts/swift-syntax/Sources/_SwiftSyntaxCShims/include/module.modulemap	cc2aed73f372d241ab3459159b0848d4abfd51a3f28bdada9b32a2fe469b207b
build/swiftpm/checkouts/swift-syntax/Sources/_SwiftSyntaxCShims/include/swiftsyntax_errno.h	76ffcb83e63dcbbec52aa26708d51f560de89e8cabb52b15e51adc9cfb5da3d8
build/swiftpm/checkouts/swift-syntax/Sources/_SwiftSyntaxCShims/include/swiftsyntax_stdio.h	cda57a627b21afddbe4cdfd473d7eec00c824899e4e287a10cff34bb7d0f7c67
build/swiftpm/checkouts/swift-syntax/Sources/_SwiftSyntaxGenericTestSupport/AssertEqualWithDiff.swift	13b1372b267eb2d6f0361ba61b26fca70cb82088e0a6bb4ea81a8474dfbca174
build/swiftpm/checkouts/swift-syntax/Sources/_SwiftSyntaxGenericTestSupport/String+TrimmingTrailingWhitespace.swift	b4c1e4a45644a21bdff8bf3fbce45ffc49a44bfbfd4323d178987a63e3a954b9
build/swiftpm/checkouts/swift-syntax/Sources/_SwiftSyntaxTestSupport/AssertEqualWithDiff.swift	02f8f8ca6326b9d35d3a945ecb14272e78f83e5dcd4ed1cf6364cfb7e738566d
build/swiftpm/checkouts/swift-syntax/Sources/_SwiftSyntaxTestSupport/IncrementalParseTestUtils.swift	153d65a3a63300f958f9a50bf0d9bb9f29dc7e8a2b204fd1f33b5c8ca9b502cf
build/swiftpm/checkouts/swift-syntax/Sources/_SwiftSyntaxTestSupport/LocationMarkers.swift	122ff4e17a0976184bcdfc465ac79f46f78ad9918f3d530aafdf46d4570454ee
build/swiftpm/checkouts/swift-syntax/Sources/_SwiftSyntaxTestSupport/LongTestsDisabled.swift	b29dd8874d26a0e5f3766ee1d38520f4b4df7bfb489e2c48440e5b293b90b7f0
build/swiftpm/checkouts/swift-syntax/Sources/_SwiftSyntaxTestSupport/Syntax+Assertions.swift	037d43555925efa377f1ea9f7d5773562911e56d94ec8ffa7d87d9d3ac39c5fa
build/swiftpm/checkouts/swift-syntax/Sources/_SwiftSyntaxTestSupport/SyntaxComparison.swift	1e2762e4ff0ef0661bab398b3978080a3df28cda54cc0caf1b6d5c1afd27bd29
build/swiftpm/checkouts/swift-syntax/Sources/_SwiftSyntaxTestSupport/SyntaxProtocol+Initializer.swift	41c7f4352af8d9bc5ba583ffe2838411edd5e9b5b5fc773d56444e03aac52487
build/swiftpm/checkouts/swift-syntax/SwiftParserCLI/Package.swift	7568b38499b6e75cfc54c2764d2be9ae379cea9b376996080c843037529ecccc
build/swiftpm/checkouts/swift-syntax/SwiftParserCLI/README.md	746aec2bc1b992f59f424a2afd948953539018c1aff3c4390941ac95618a7dcf
build/swiftpm/checkouts/swift-syntax/SwiftParserCLI/Sources/InstructionCounter/include/InstructionsExecuted.h	a0586fcd9ffd8f765fe32d6a69187419daac4aa72252e80d77aac7efdc5f340f
build/swiftpm/checkouts/swift-syntax/SwiftParserCLI/Sources/InstructionCounter/src/InstructionsExecuted.c	b81f2c39585511723f73a887a9bc90c8289c150ad2de1a883954e6c398bc1a53
build/swiftpm/checkouts/swift-syntax/SwiftParserCLI/Sources/swift-parser-cli/BasicFormat.swift	b8f1dbee568d3d1c9af68eef6082f563896fd0a6d3bcf48524e4a470306f1822
build/swiftpm/checkouts/swift-syntax/SwiftParserCLI/Sources/swift-parser-cli/Commands/PerformanceTest.swift	ffd89a3f8004e098fe59f23820997bc6752776d95ee993fdeb24a989283e7494
build/swiftpm/checkouts/swift-syntax/SwiftParserCLI/Sources/swift-parser-cli/Commands/Print.swift	cddaff1f8c9fe4e15beaf6312bfdb8f375fb369c48b7719bd4f94be88e17af87
build/swiftpm/checkouts/swift-syntax/SwiftParserCLI/Sources/swift-parser-cli/Commands/PrintDiags.swift	e6573d29e690f9f1bac634ccb3edbd38a36b988e7d534edb7dd3f9d991417931
build/swiftpm/checkouts/swift-syntax/SwiftParserCLI/Sources/swift-parser-cli/Commands/PrintTree.swift	ca186c986e0b8677a3b6f441e323f522316254a218c86b1b00b2da0e60f566bf
build/swiftpm/checkouts/swift-syntax/SwiftParserCLI/Sources/swift-parser-cli/Commands/Reduce.swift	f10c245eba0b7ed6aa70f97922cdcd7e78f47d5209161a920c415a708e7b9084
build/swiftpm/checkouts/swift-syntax/SwiftParserCLI/Sources/swift-parser-cli/Commands/VerifyRoundTrip.swift	760d67d38654f5dcff90156ae8ff12f592ec7b9dabec43aac68de7582e509b7f
build/swiftpm/checkouts/swift-syntax/SwiftParserCLI/Sources/swift-parser-cli/ParseCommand.swift	c54bff67308daa1f5c9a6d12341a3d3d9eff1f5c119c9349032f90a8ad5fd8f3
build/swiftpm/checkouts/swift-syntax/SwiftParserCLI/Sources/swift-parser-cli/SyntaxUtils.swift	3af5f7182a14101e2073f8f822620ddd7c37cdb38a5712a01c7037f535d9e9ee
build/swiftpm/checkouts/swift-syntax/SwiftParserCLI/Sources/swift-parser-cli/TerminalUtils.swift	e81d7ab28bb2fbc753072561fc8a33c95e8963819691ade39a4d07aaf9293b39
build/swiftpm/checkouts/swift-syntax/SwiftParserCLI/Sources/swift-parser-cli/Utils.swift	66387329a9e8f490b83af58247588a5f45990db920b27c2e1420b46c94fdc529
build/swiftpm/checkouts/swift-syntax/SwiftParserCLI/Sources/swift-parser-cli/swift-parser-cli.swift	22b1a7f7b3ad0047315cc683dec748c9d631141e7dbe716ae8c9930e87a3b11c
build/swiftpm/checkouts/swift-syntax/SwiftSyntaxDevUtils/Package.swift	bd9d44b808ff96dc499b9b70581dfa9bb6ad957e8a166beb10a30d91b3692795
build/swiftpm/checkouts/swift-syntax/SwiftSyntaxDevUtils/README.md	a6059afceb9655609271980ffb7c4850945818de73531eb86b8b28fc37bdcb17
build/swiftpm/checkouts/swift-syntax/SwiftSyntaxDevUtils/Sources/swift-syntax-dev-utils/SwiftSyntaxDevUtils.swift	fd0a10d062620f503202beffcab67b860b6d17445cc282c47ca26f4fe06b59b3
build/swiftpm/checkouts/swift-syntax/SwiftSyntaxDevUtils/Sources/swift-syntax-dev-utils/commands/Build.swift	3db69086b1891676b931e063d0f21de768f131b0d2693a90b5690ed2c8f25a25
build/swiftpm/checkouts/swift-syntax/SwiftSyntaxDevUtils/Sources/swift-syntax-dev-utils/commands/GenerateSourceCode.swift	1eaa234d0262eefc78d67aa69906a657740d41faac08e3b574be540cf07973aa
build/swiftpm/checkouts/swift-syntax/SwiftSyntaxDevUtils/Sources/swift-syntax-dev-utils/commands/LocalPrPrecheck.swift	81ae56f405e2ca4dcd56664d09fd24136d665a87cced5ffa691f611de855c2db
build/swiftpm/checkouts/swift-syntax/SwiftSyntaxDevUtils/Sources/swift-syntax-dev-utils/commands/Test.swift	c6fc351949856b0b83d4ef8e8da55ceac6b86a41adeefb39997c80f6ce9090bb
build/swiftpm/checkouts/swift-syntax/SwiftSyntaxDevUtils/Sources/swift-syntax-dev-utils/commands/VerifySourceCode.swift	01f948b3451c3c5b9e68c08bb81432587eb8556923e6dacf3482a99b62caf96b
build/swiftpm/checkouts/swift-syntax/SwiftSyntaxDevUtils/Sources/swift-syntax-dev-utils/common/BuildArguments.swift	0e420b62f600ba3023c7412e20cb37651f73b433c3bb6147acbdfc9fddc0638f
build/swiftpm/checkouts/swift-syntax/SwiftSyntaxDevUtils/Sources/swift-syntax-dev-utils/common/Logger.swift	04d23de7b6d50d92a95da3c2d2a28075fb77a3b6b61ee06d0d864718c8d7a6cd
build/swiftpm/checkouts/swift-syntax/SwiftSyntaxDevUtils/Sources/swift-syntax-dev-utils/common/Paths.swift	48ecffa06d8f84a22f893d792bf132de6183f2a813693bca5294c24e82079dfa
build/swiftpm/checkouts/swift-syntax/SwiftSyntaxDevUtils/Sources/swift-syntax-dev-utils/common/ProcessRunner.swift	16d9621e99a573a170cde4134fd8dd6e99852ce409051d7697b5465435a50c4f
build/swiftpm/checkouts/swift-syntax/SwiftSyntaxDevUtils/Sources/swift-syntax-dev-utils/common/ScriptExectutionError.swift	51293174f1ddcea4d274c936b8f547361d4646876fb8a6e0afe32435fbaf66bb
build/swiftpm/checkouts/swift-syntax/SwiftSyntaxDevUtils/Sources/swift-syntax-dev-utils/common/SourceCodeGeneratorArguments.swift	a0c3e3324264645f6ac5793721d56a845bcc98ab1087210b0c58464440eebec2
build/swiftpm/checkouts/swift-syntax/SwiftSyntaxDevUtils/Sources/swift-syntax-dev-utils/common/SwiftPMBuilder.swift	85b697878ef812c53138238531148c63b596944e75f5d17443f15e628c5ef91b
build/swiftpm/checkouts/swift-syntax/SwiftSyntaxDevUtils/Sources/swift-syntax-dev-utils/common/Utils.swift	0ea6e36b4a93cf57efadb8b79a5850b18f99b3f67f127194bb8979338150b132
build/swiftpm/checkouts/swift-syntax/Tests/PerformanceTest/Inputs/MinimalCollections.swift.input	61477ad73e6513e4d4b69c648e9d7b65ec11e74694a79155d60f21d54e22ca41
build/swiftpm/checkouts/swift-syntax/Tests/PerformanceTest/InstructionsCountAssertion.swift	a0ec39bfc9b2734834880fa8029a7accfe9c04cb1f11a0e4d3df43d4d6bd54eb
build/swiftpm/checkouts/swift-syntax/Tests/PerformanceTest/ParsingPerformanceTests.swift	c5e27d19997e48ed8fdbd2fead5a50ab37e6f52f52ed2376cd47d1358a0c7ef7
build/swiftpm/checkouts/swift-syntax/Tests/PerformanceTest/SyntaxClassifierPerformanceTests.swift	7b1f2a900e3b63b5d604a5cee830cbf33f009eeecd74157389b0aae79a825243
build/swiftpm/checkouts/swift-syntax/Tests/PerformanceTest/VisitorPerformanceTests.swift	aef7d48f2c45b228f86238be7230ca82a62de6b51c2675fadd3d40fde75774a8
build/swiftpm/checkouts/swift-syntax/Tests/SwiftBasicFormatTest/BasicFormatTests.swift	83c379544c3b88aa4d52a0b0464e5397a1ac9632f546f9621d6c41f3ae62cd9b
build/swiftpm/checkouts/swift-syntax/Tests/SwiftBasicFormatTest/IndentTests.swift	29273584728b4b29dec1a619153e17c053c5d40205882584a451c17454b695e3
build/swiftpm/checkouts/swift-syntax/Tests/SwiftBasicFormatTest/InferIndentationTests.swift	40304d5195a52d1756675f80d5e308c3241f5e016036f8571d176b14deffe0fd
build/swiftpm/checkouts/swift-syntax/Tests/SwiftCompilerPluginTest/CompilerPluginTests.swift	e5318985cb83d088d5864bb3890937b8628e68842c67b3dcc16e54bbdb17a496
build/swiftpm/checkouts/swift-syntax/Tests/SwiftCompilerPluginTest/JSONTests.swift	5aeb30c6e7ec58480977e303e68890a6e1307515291440a50ac8a0b29bf0112c
build/swiftpm/checkouts/swift-syntax/Tests/SwiftCompilerPluginTest/LRUCacheTests.swift	9fd10d86dadcf8555c82f806d8076b08dcda5c3cfc6d5ac70199694d2fd0aab4
build/swiftpm/checkouts/swift-syntax/Tests/SwiftDiagnosticsTest/DiagnosticDecorators/ANSIDiagnosticDecoratorTests.swift	49e742c180e7aa71fb587d4b03dafc8c46013c99cf44fadc7e4a5f2cb2e4dddb
build/swiftpm/checkouts/swift-syntax/Tests/SwiftDiagnosticsTest/DiagnosticDecorators/BasicDiagnosticDecoratorTests.swift	2a2703b7258cb771220cc3ae869adfe159b1b02ebd37e08a482907198c1ef390
build/swiftpm/checkouts/swift-syntax/Tests/SwiftDiagnosticsTest/DiagnosticFormatterTests.swift	0c378bef6e953048bdc06c8d06c31c49d115cd79fc7bce1f9b63cea1b2ca9ede
build/swiftpm/checkouts/swift-syntax/Tests/SwiftDiagnosticsTest/DiagnosticTestingUtils.swift	4cdc4fd45f466f1c272ffff9f1fa58c145edce460477990d49f8394138f343ad
build/swiftpm/checkouts/swift-syntax/Tests/SwiftDiagnosticsTest/FixItTests.swift	86e014748e17cfe820a5e592727e42758a27b60306e8c8484fec81d5f79cf3ae
build/swiftpm/checkouts/swift-syntax/Tests/SwiftDiagnosticsTest/GroupDiagnosticsFormatterTests.swift	c5fd9c730c26a599cb984d878786616563a8c00ab6577ebb2cba61a905c154e4
build/swiftpm/checkouts/swift-syntax/Tests/SwiftDiagnosticsTest/ParserDiagnosticsFormatterIntegrationTests.swift	d7aed00d283d90c694f0f9210c99b42a582afd2caba54e6bcb6874e5824f7cab
build/swiftpm/checkouts/swift-syntax/Tests/SwiftIDEUtilsTest/Assertions.swift	6d437202157ddd878857ae81623bf26e5101cc4018b2c1e2f53abc9f73605d54
build/swiftpm/checkouts/swift-syntax/Tests/SwiftIDEUtilsTest/ClassificationTests.swift	52f8d3583094c63b0453d4b5f8470f5131e134b5f5cfb3de42752f8b28a149e9
build/swiftpm/checkouts/swift-syntax/Tests/SwiftIDEUtilsTest/FixItApplierTests.swift	185853ea8ff8517c6e1118533397d49c8579dde39fb74a445192b7d18c99199e
build/swiftpm/checkouts/swift-syntax/Tests/SwiftIDEUtilsTest/NameMatcherTests.swift	1e43865ad7a0ee3f08a7e3d07bd34a19613172d757064957e34461a5e49eb01b
build/swiftpm/checkouts/swift-syntax/Tests/SwiftIfConfigTest/ActiveRegionTests.swift	7178e02ac86208a1ac72f467e0929caa9f7df5aed09be13656f46727e7490cba
build/swiftpm/checkouts/swift-syntax/Tests/SwiftIfConfigTest/EvaluateTests.swift	0e3986bbcf7cb1fc3d51886a0f00ef8f2d5b5b1758872549337cab5cb4d241f6
build/swiftpm/checkouts/swift-syntax/Tests/SwiftIfConfigTest/TestingBuildConfiguration.swift	64497733c75814ba4f4ba27cbb7a682141680061fa30b2c668ae533979a5b0f7
build/swiftpm/checkouts/swift-syntax/Tests/SwiftIfConfigTest/VisitorTests.swift	69e761488603ffc5acece3287183820cecb1264730578f566998821805ff968a
build/swiftpm/checkouts/swift-syntax/Tests/SwiftLexicalLookupTest/Assertions.swift	71ab214a9ba5b746da4116e5bcc3c2ae6d6f0294254971d069a35d884dcb1c6f
build/swiftpm/checkouts/swift-syntax/Tests/SwiftLexicalLookupTest/ExpectedName.swift	21ec195548131cc8ff3f311aa7b990a4d261dd13c3be1c29969a5e327fdb9601
build/swiftpm/checkouts/swift-syntax/Tests/SwiftLexicalLookupTest/MarkerExpectation.swift	37670d708bc29702e927aa2f5058aa8b1cb9d61830b6b212c13552852f9026dd
build/swiftpm/checkouts/swift-syntax/Tests/SwiftLexicalLookupTest/NameLookupTests.swift	8e5b1680876aa2e35d0a70875c3cd95eee6b4d33b37130baf66c6ee29b99bb3c
build/swiftpm/checkouts/swift-syntax/Tests/SwiftLexicalLookupTest/ResultExpectation.swift	7a04c1c8a2b51bb3c317257a6ea59dc9150fcf67bbbc3db9facc654359cf58dc
build/swiftpm/checkouts/swift-syntax/Tests/SwiftLexicalLookupTest/SimpleQueryTests.swift	ef516d373a52580b815f7ac73ff8ce2c1842d012ac5db87b94a949a9f64e7cb6
build/swiftpm/checkouts/swift-syntax/Tests/SwiftOperatorsTest/OperatorTableTests.swift	4d9c3cf554a927de056eb2f0ad9f4fcfc5531191358b0a9ab5e237d6e45e9ad7
build/swiftpm/checkouts/swift-syntax/Tests/SwiftOperatorsTest/SyntaxSynthesisTests.swift	c0242129cd6097e49310025d5ed56ba917ff6724c2cee18c4edb596eb439f8a1
build/swiftpm/checkouts/swift-syntax/Tests/SwiftParserDiagnosticsTest/DiagnosticInfrastructureTests.swift	75a3bf34122fa7c6bd7213e625ca9c1ee994db2cab325a703f9a6328395294b8
build/swiftpm/checkouts/swift-syntax/Tests/SwiftParserTest/AbsolutePositionTests.swift	e1e5951710a86b37e4c14b9918df2b96ccf1395e29fbd8a399be615a9c48b43f
build/swiftpm/checkouts/swift-syntax/Tests/SwiftParserTest/Assertions.swift	620311caf150ae35216afd37c67a8dfa9c28d76f443145a5a33b9d5d0010ca45
build/swiftpm/checkouts/swift-syntax/Tests/SwiftParserTest/AttributeTests.swift	9154d67f4b06b74989de4e5ab6498d5226703313be07acce010a7952575fa751
build/swiftpm/checkouts/swift-syntax/Tests/SwiftParserTest/AvailabilityTests.swift	7373bc391464e6feed262b0befc4eae2a7412d160c876fb09b2e2b6795c30966
build/swiftpm/checkouts/swift-syntax/Tests/SwiftParserTest/ClosureMissingInTests.swift	2eeeb397ca7587bf8f4f59c3bd10639a72010fb49a1e9237b3b0dc7b7ebb4cb4
build/swiftpm/checkouts/swift-syntax/Tests/SwiftParserTest/DeclarationTests.swift	867a939c9f5e636ca381ca364c3c44058d1ec34868c061702c88881e47e92294
build/swiftpm/checkouts/swift-syntax/Tests/SwiftParserTest/DirectiveTests.swift	33f7720595f93f4af5edb926dcfae6c903e6609ed5b6fa097ce1f10520731091
build/swiftpm/checkouts/swift-syntax/Tests/SwiftParserTest/DoExpressionTests.swift	edbc67979c2e91674a8f0e3cda0a90b9cb4dd9df7b01b842dd57ee6c6a9d3f75
build/swiftpm/checkouts/swift-syntax/Tests/SwiftParserTest/ExpressionInterpretedAsVersionTupleTests.swift	c199ea518296ea4708353cac3d28f0bf3d30cfabdf3ee1bbb1fe7e65013f29a5
build/swiftpm/checkouts/swift-syntax/Tests/SwiftParserTest/ExpressionTests.swift	a89eac9892a47c26c25f894af169419cf519cc4ea0e9eeaa81c9ac6c30783513
build/swiftpm/checkouts/swift-syntax/Tests/SwiftParserTest/ExpressionTypeTests.swift	7fccf5ab4af5ecaf0cf78127acd55143c40abb33e419caf3541de5f62d8c8486
build/swiftpm/checkouts/swift-syntax/Tests/SwiftParserTest/IncrementalParsingTests.swift	4d846a0dfd0e3ef6df176b9c1b585d219491cacfdcd4cf8ef1e8baed47181dba
build/swiftpm/checkouts/swift-syntax/Tests/SwiftParserTest/IsValidIdentifierTests.swift	a6b00650fad007aa30bf635368e2a1703bd781009d351d2e26387fcd005308a3
build/swiftpm/checkouts/swift-syntax/Tests/SwiftParserTest/LexerTests.swift	9513805999813091c04ac1f45f68f8ec1347a9431352a5c4b7e99d2a90905b85
build/swiftpm/checkouts/swift-syntax/Tests/SwiftParserTest/Parser+EntryTests.swift	9ecd2bdc11902d6a3e825e81aba9432e34882fbfe4d86eeaba39da2c4bcafdb7
build/swiftpm/checkouts/swift-syntax/Tests/SwiftParserTest/ParserTestCase.swift	a8c58be8fa8cb72ecb787295fd925fa51239687fc2c54406d3e6fb403d94c992
build/swiftpm/checkouts/swift-syntax/Tests/SwiftParserTest/ParserTests.swift	7e12de846867e6f1467afba136f3aec63d730d176a51e0dfa6e4df746e663294
build/swiftpm/checkouts/swift-syntax/Tests/SwiftParserTest/PatternTests.swift	9263d54c524f10c670a2189edcd3a295fda0b6820414fb231380962f9bbb2949
build/swiftpm/checkouts/swift-syntax/Tests/SwiftParserTest/RegexLiteralTests.swift	3fd26dac32f6fa78cab819247ff0f199431f7764a51b908c50dfee10c72dcb17
build/swiftpm/checkouts/swift-syntax/Tests/SwiftParserTest/SendingTest.swift	50db4d61ff9658c9049f3b87744cb239c5252e8900c57fc50c580ef1c5d47074
build/swiftpm/checkouts/swift-syntax/Tests/SwiftParserTest/SequentialToConcurrentEditTranslationTests.swift	1843e1bac4e96e724ab8f97f32f42b84759de47d736b1d20ba1145a8847d0439
build/swiftpm/checkouts/swift-syntax/Tests/SwiftParserTest/StatementTests.swift	5b54b38f1bff5456979f94c234a24de6850beb93126cee1febb6864256ea754b
build/swiftpm/checkouts/swift-syntax/Tests/SwiftParserTest/StringLiteralRepresentedLiteralValueTests.swift	830aa133ba474e0da866de020e22c804e1638a5ae2617cdd3618aeb4e1c76cb7
build/swiftpm/checkouts/swift-syntax/Tests/SwiftParserTest/ThenStatementTests.swift	38e529a2448852485da772f1e05b11e1497725042604179dc77f622af120a264
build/swiftpm/checkouts/swift-syntax/Tests/SwiftParserTest/TrailingCommaTests.swift	41c6541c6dccaad950ea296da5aa661d780986490996872cc1fed0bf2619bc84
build/swiftpm/checkouts/swift-syntax/Tests/SwiftParserTest/TriviaParserTests.swift	118419a4a7d3bf95514ff57a83784b4daa49a5c3a0095220da546e88d28c51fe
build/swiftpm/checkouts/swift-syntax/Tests/SwiftParserTest/TypeCompositionTests.swift	f4fd7f2b39f53989ab5c0a13bff5328d01589172d30ab4cd0ea1432c99d1e26d
build/swiftpm/checkouts/swift-syntax/Tests/SwiftParserTest/TypeMemberTests.swift	3270b789e48bfd16ca21121932d733b897af56830447d9c5fb35356b27829a81
build/swiftpm/checkouts/swift-syntax/Tests/SwiftParserTest/TypeMetatypeTests.swift	f832817a385210b601eb0d08bff4c09ccc96dbdcd25b03e03900c78a9a81982a
build/swiftpm/checkouts/swift-syntax/Tests/SwiftParserTest/TypeTests.swift	83b82e915d441cc3dffe1ab8584d3577aea50422d59128c534813e137f87e984
build/swiftpm/checkouts/swift-syntax/Tests/SwiftParserTest/Utils.swift	09539f19c66bc4289b3ee6308ccdf575af48d3fc886a6fa8c2ad0107e2945d6c
build/swiftpm/checkouts/swift-syntax/Tests/SwiftParserTest/ValueGenericsTests.swift	029933680610fcdb480541da7e11ec3405d7e727e2d1ba20d16ddb72de2fa977
build/swiftpm/checkouts/swift-syntax/Tests/SwiftParserTest/VariadicGenericsTests.swift	b4e8465438c9155d5b7e0671942f2ee07d6d4f2afe636b2e4c9f18c3f01fa807
build/swiftpm/checkouts/swift-syntax/Tests/SwiftParserTest/translated/ActorTests.swift	d9abe2040e19ec83c8eb6923d15205bf3c6f4181850945b6afc960247475a58e
build/swiftpm/checkouts/swift-syntax/Tests/SwiftParserTest/translated/AlwaysEmitConformanceMetadataAttrTests.swift	898617ed8f8e0e7dc35db26cd184e0cfb5148d6d0e88350fba797ac22f68e991
build/swiftpm/checkouts/swift-syntax/Tests/SwiftParserTest/translated/AsyncSyntaxTests.swift	ef9dbf2ddcdf8061c8dadd7ce10b60683560dfd7dd0f15572938226566ee8bc4
build/swiftpm/checkouts/swift-syntax/Tests/SwiftParserTest/translated/AsyncTests.swift	2d4d90330a713c7cc5c84ddcd0927911857bbd6a92c35321f6559f6af79903cb
build/swiftpm/checkouts/swift-syntax/Tests/SwiftParserTest/translated/AvailabilityQueryTests.swift	2b4db92bf411564deec3f900afcf7de2574f83e82ca814b7e2fd8f073d6bed9f
build/swiftpm/checkouts/swift-syntax/Tests/SwiftParserTest/translated/AvailabilityQueryUnavailabilityTests.swift	9d50a5358928951c13594be4afcdbeb54d57ba5b5b6311c665227168eadff4be
build/swiftpm/checkouts/swift-syntax/Tests/SwiftParserTest/translated/BorrowExprTests.swift	13c843ce9c719dca53769a7d85ad6fa7765010eae52b3397b9a5ed5f658aabb3
build/swiftpm/checkouts/swift-syntax/Tests/SwiftParserTest/translated/BraceRecoveryEofTests.swift	7a6972110ae99cb9884c2c3b1ceb75d1c274227596cd66e3a66902a070d5ea79
build/swiftpm/checkouts/swift-syntax/Tests/SwiftParserTest/translated/BuiltinBridgeObjectTests.swift	cc6bdfae9b71c449df633aa41ca0e67996de584bc0dca6832c8fe918f7baa785
build/swiftpm/checkouts/swift-syntax/Tests/SwiftParserTest/translated/BuiltinWordTests.swift	5edce5bf6a1151e4b5d68b171b6621ad7f9b683cebc8e0190532937bda71db9d
build/swiftpm/checkouts/swift-syntax/Tests/SwiftParserTest/translated/ConflictMarkersTests.swift	f9eb26ae4c2df16c91c746bea577bc3dfadab61ca615831fdb70ff973b0efb81
build/swiftpm/checkouts/swift-syntax/Tests/SwiftParserTest/translated/ConsecutiveStatementsTests.swift	673a6d6eb773f5f4ea88701d8e25602ae9aaf7f656d3e5dfa07dbe806cbbb594
build/swiftpm/checkouts/swift-syntax/Tests/SwiftParserTest/translated/CopyExprTests.swift	21d5d8139eea3a7aa20966d3b821982079f5a5ee688b384700d91273d1d55d64
build/swiftpm/checkouts/swift-syntax/Tests/SwiftParserTest/translated/DebuggerTests.swift	38515b69b8fbacc0d3740d15e1082bca18c1c94c9e27775425127cc9568092b3
build/swiftpm/checkouts/swift-syntax/Tests/SwiftParserTest/translated/DelayedExtensionTests.swift	5e35b5b50789042fc77b264d838e1b6602cd5bf28dad49b49fb8673b3fccf5d7
build/swiftpm/checkouts/swift-syntax/Tests/SwiftParserTest/translated/DeprecatedWhereTests.swift	79def49c947b14089957b1634687902691278f64bc12d44e16028c78b87a5414
build/swiftpm/checkouts/swift-syntax/Tests/SwiftParserTest/translated/DiagnoseAvailabilityTests.swift	3f080aae1a0e8b6f69782285bf3a3f5dffca8abfc33adea3b2f8559f97b58901
build/swiftpm/checkouts/swift-syntax/Tests/SwiftParserTest/translated/DiagnoseAvailabilityWindowsTests.swift	9d4027c2ce188ec2f7304a2c54ca9d77d37cde605a1b98a4984760ea0c0c6c90
build/swiftpm/checkouts/swift-syntax/Tests/SwiftParserTest/translated/DiagnoseDynamicReplacementTests.swift	492970e36844c8f5ffeb717fb2e19a531a56abff9e4dc81ca9028df50ef6e161
build/swiftpm/checkouts/swift-syntax/Tests/SwiftParserTest/translated/DiagnoseInitializerAsTypedPatternTests.swift	9a86b91e2978d201357dbbf16ec6f715a28f22060ba352d5ff4a4b3158efb477
build/swiftpm/checkouts/swift-syntax/Tests/SwiftParserTest/translated/DiagnosticMissingFuncKeywordTests.swift	2d443949b722a5c5533128508ae025eb1c664d00c2b3e589dcb3a92ea88edb9d
build/swiftpm/checkouts/swift-syntax/Tests/SwiftParserTest/translated/DollarIdentifierTests.swift	6f78ef8a839eea21117bfbe3d9c866823fb0b94340907a8e557e4ccee1873941
build/swiftpm/checkouts/swift-syntax/Tests/SwiftParserTest/translated/EffectfulPropertiesTests.swift	03129c25aae00ba0c5f43b75e94378af2c89bc47bfa01983485495227afc77ca
build/swiftpm/checkouts/swift-syntax/Tests/SwiftParserTest/translated/EnumElementPatternSwift4Tests.swift	56410d14a17d7d0497588badf154a5c267eda0aeedf8a42d0f0334e8c282b2f2
build/swiftpm/checkouts/swift-syntax/Tests/SwiftParserTest/translated/EnumTests.swift	cfd4c865cc5177619db02e9dec42ad8b7d4e21a7e4cd65eeefdcde5cd35f4c47
build/swiftpm/checkouts/swift-syntax/Tests/SwiftParserTest/translated/ErrorsTests.swift	fdc5672691884039f94ab8e2460250c96f4c31ac07fc8d72e3845cdb1db2bb1f
build/swiftpm/checkouts/swift-syntax/Tests/SwiftParserTest/translated/EscapedIdentifiersTests.swift	5f112ceaecfcd5827b263a723e4c48bba36e7f1fa940bd796371788bfd7f70f2
build/swiftpm/checkouts/swift-syntax/Tests/SwiftParserTest/translated/ForeachAsyncTests.swift	4a4d26389c4464e6b4690df9d9e3df0b6cd9d41a0c6926a420f5474618222904
build/swiftpm/checkouts/swift-syntax/Tests/SwiftParserTest/translated/ForeachTests.swift	32d5a22f5b21b8b77e0d47a227eb34aa250cb9bcb020c3156c0237c92ed70450
build/swiftpm/checkouts/swift-syntax/Tests/SwiftParserTest/translated/ForwardSlashRegexSkippingAllowedTests.swift	2b6a970944ac237dc5517b97a7d934e6e007cb375d4c59579f00501d23a8c815
build/swiftpm/checkouts/swift-syntax/Tests/SwiftParserTest/translated/ForwardSlashRegexSkippingInvalidTests.swift	2d4b244e25e264aad972d06736de4dc826c968ee954bcd1e9bb60d62081e5ce0
build/swiftpm/checkouts/swift-syntax/Tests/SwiftParserTest/translated/ForwardSlashRegexSkippingTests.swift	168383ae4211ff4287a54854d5304e17b170371a7467718322e84fc1be885ef4
build/swiftpm/checkouts/swift-syntax/Tests/SwiftParserTest/translated/ForwardSlashRegexTests.swift	c184d6c6ce50fbf2f257a28c8f865710401a376630438c6c6b804e5dc201548e
build/swiftpm/checkouts/swift-syntax/Tests/SwiftParserTest/translated/GenericDisambiguationTests.swift	18c4c44c2d706008578a6a62d5d211b7e153febe119da8df97e3c119286a05ba
build/swiftpm/checkouts/swift-syntax/Tests/SwiftParserTest/translated/GuardTests.swift	9643ca6c87e6baa34ad1e56b16523112610cc969225eece8bdfae496491efe44
build/swiftpm/checkouts/swift-syntax/Tests/SwiftParserTest/translated/GuardTopLevelTests.swift	ec52f0ccc522be5ddaf1971d807a5bd51334151e2f67baedd54155459d4847b7
build/swiftpm/checkouts/swift-syntax/Tests/SwiftParserTest/translated/HashbangLibraryTests.swift	1b7d127db5e6b502677d2a2ab8d6d5cbc5f421eb155dbb1fc7b8a038630edba0
build/swiftpm/checkouts/swift-syntax/Tests/SwiftParserTest/translated/HashbangMainTests.swift	7ae7af8372a916b5460aa1d741773aca9c6ac302e1e2b601f20786451f1c5ca1
build/swiftpm/checkouts/swift-syntax/Tests/SwiftParserTest/translated/IdentifiersTests.swift	51b289d4e96b259a279182646412d2f66d30c0a6287d18707bc52e95b4b66f4f
build/swiftpm/checkouts/swift-syntax/Tests/SwiftParserTest/translated/IfconfigExprTests.swift	f1e0ab47863f1bc08e7c8cb36bfad52837f795bf24872ba45b89147bd3a91e22
build/swiftpm/checkouts/swift-syntax/Tests/SwiftParserTest/translated/ImplicitGetterIncompleteTests.swift	35082d7fa0eec3d194bbfbc61ece6cc21ae66fb1ef90fed0a6cc9729e746cb54
build/swiftpm/checkouts/swift-syntax/Tests/SwiftParserTest/translated/InitDeinitTests.swift	19c81479f8a5430352e6c4b2fbb589fe92ed6cebbf99cc96f41b4417d5875da6
build/swiftpm/checkouts/swift-syntax/Tests/SwiftParserTest/translated/InvalidIfExprTests.swift	0546f9de314b9ecd98066c508f6bbdf7d3105c47807b31beebdc1961de2fb567
build/swiftpm/checkouts/swift-syntax/Tests/SwiftParserTest/translated/InvalidStringInterpolationProtocolTests.swift	f459b425394663a5a1440a82170acdf3b6e7e6ac9349d90e5c85220f9042bc8a
build/swiftpm/checkouts/swift-syntax/Tests/SwiftParserTest/translated/InvalidTests.swift	baccd11c35ab588ab3b39d6c10492bd7e77a24187ec03a4410bc8cdeea0143c9
build/swiftpm/checkouts/swift-syntax/Tests/SwiftParserTest/translated/MatchingPatternsTests.swift	eccf16a5fc91028ca159a17984776e4a7518915a50cd71e2abbdcea7d2415200
build/swiftpm/checkouts/swift-syntax/Tests/SwiftParserTest/translated/MetatypeObjectConversionTests.swift	fb2174587e7e06be84cf06002f2f411c0b65905e932a327688af4c4e3db9ec61
build/swiftpm/checkouts/swift-syntax/Tests/SwiftParserTest/translated/ModuleSelectorTests.swift	6e78263369e1b45966496a61f921d0bfce347a14a0d2a6c3dd82ed9b0d267b57
build/swiftpm/checkouts/swift-syntax/Tests/SwiftParserTest/translated/MoveExprTests.swift	5d45be360a8f23466f9ea9dd17229e6fb7ea9b7ac75fbe1c62ed779793428c67
build/swiftpm/checkouts/swift-syntax/Tests/SwiftParserTest/translated/MultilineErrorsTests.swift	7649cf8323b82d795aa3e24f85344d67c0e6fc27f7d9ef90c50db3c224108bcf
build/swiftpm/checkouts/swift-syntax/Tests/SwiftParserTest/translated/MultilinePoundDiagnosticArgRdar41154797Tests.swift	de051a7a7d51cac7e8f78d7b51a5f791d32aa31fec1dcc3a52fb3e9408918807
build/swiftpm/checkouts/swift-syntax/Tests/SwiftParserTest/translated/MultilineStringTests.swift	9698e469f02385dd25636d2bd220ea3e51b90d86fad7f2bcdf9b445b60b610e9
build/swiftpm/checkouts/swift-syntax/Tests/SwiftParserTest/translated/NoimplicitcopyAttrTests.swift	44c499134bd181a125bd22c5614d9bd61716e5483fe636955b667242e54a3fd1
build/swiftpm/checkouts/swift-syntax/Tests/SwiftParserTest/translated/NumberIdentifierErrorsTests.swift	8d8aaf62a56a9a44d6c7a044c762de1f82744a88d981021f9bb5f8c1e5d0971a
build/swiftpm/checkouts/swift-syntax/Tests/SwiftParserTest/translated/ObjcEnumTests.swift	f1d981d1f927325aced252c7c8c7170220d2ed8254365c09a406f79d53a489d7
build/swiftpm/checkouts/swift-syntax/Tests/SwiftParserTest/translated/ObjectLiteralsTests.swift	8ec4d9d8f56dc3f1a4d1a2135f64edd6301bad5a17346a46ea85f72f08e75af9
build/swiftpm/checkouts/swift-syntax/Tests/SwiftParserTest/translated/OperatorDeclDesignatedTypesTests.swift	8a1c7919184e622d90cbfbf3c75cdc879b473d9d8939d75683f648b49168b2ff
build/swiftpm/checkouts/swift-syntax/Tests/SwiftParserTest/translated/OperatorDeclTests.swift	2b765a244df2070ad86b5f93f4c22344597c57725a861e9fb4dbdea21f2270b3
build/swiftpm/checkouts/swift-syntax/Tests/SwiftParserTest/translated/OperatorsTests.swift	96f5087af8bafe28ede6d768f661bab1e4b151645f93facc3d4a3c892afe7b23
build/swiftpm/checkouts/swift-syntax/Tests/SwiftParserTest/translated/OptionalChainLvaluesTests.swift	5f2b6c608ec621067ac155a058066ec1060a9ae5efcb629fe625b1fab051e0b2
build/swiftpm/checkouts/swift-syntax/Tests/SwiftParserTest/translated/OptionalLvaluesTests.swift	558fd8e2230537c6b5c5dce9f73aaea640ecf2187ae25730029a2b3aebbe31d3
build/swiftpm/checkouts/swift-syntax/Tests/SwiftParserTest/translated/OptionalTests.swift	b46aef572fbb14118890a17599c6f6d53f81766c795445a32d77bc9d6b1f055b
build/swiftpm/checkouts/swift-syntax/Tests/SwiftParserTest/translated/OriginalDefinedInAttrTests.swift	0863aed4e5063284783ba7a2aa3f861ef67e8531ab7d7a84beaf3aadc7fc8db3
build/swiftpm/checkouts/swift-syntax/Tests/SwiftParserTest/translated/PatternWithoutVariablesScriptTests.swift	53da0897137702bc611b96df31d502034809a83a1e7d306f5737281b9f622074
build/swiftpm/checkouts/swift-syntax/Tests/SwiftParserTest/translated/PatternWithoutVariablesTests.swift	15de3d3072426b78415229768973fb3bda0d8f7ebdbd1dc8b26c411d1d78cd42
build/swiftpm/checkouts/swift-syntax/Tests/SwiftParserTest/translated/PlaygroundLvaluesTests.swift	a5ae9991d52b89da7a8abf3e6115cb65cc3e410d9c61a99006b83b4a0bcabdf1
build/swiftpm/checkouts/swift-syntax/Tests/SwiftParserTest/translated/PoundAssertTests.swift	0f2a7b0f948589a3eb96e23fd48a87611619e70b3fc1e12ff7d7aefd884a11e7
build/swiftpm/checkouts/swift-syntax/Tests/SwiftParserTest/translated/PrefixSlashTests.swift	e6646dd3797ff6692c4a16b8a4f4a3b8f0b5e77e00de5868708cfce8bccef2c5
build/swiftpm/checkouts/swift-syntax/Tests/SwiftParserTest/translated/RawStringErrorsTests.swift	fb2e833469604f4aa1321797df4f87bdca1a3d0aa75ad429e4a7827b83eaf58a
build/swiftpm/checkouts/swift-syntax/Tests/SwiftParserTest/translated/RawStringTests.swift	e46cd03630f127333cb7d644a4cb5edfeb9813fff8c6801b4f28451d6e78503e
build/swiftpm/checkouts/swift-syntax/Tests/SwiftParserTest/translated/RecoveryLibraryTests.swift	b71807acbc6ba2697377712963bd7836da4776b87ecb1fe20d6abefe2daf4dd1
build/swiftpm/checkouts/swift-syntax/Tests/SwiftParserTest/translated/RecoveryTests.swift	959a43609f566e019fca00da2304be9f7768d7ac4846894b14ee507ca7d6e38e
build/swiftpm/checkouts/swift-syntax/Tests/SwiftParserTest/translated/RegexParseEndOfBufferTests.swift	8b20046f67a1d82a183c3f88515b2324a600654033e34ead4353b0f36dca0305
build/swiftpm/checkouts/swift-syntax/Tests/SwiftParserTest/translated/RegexParseErrorTests.swift	e9ba5f705f49229df30b2cfcdb0c9da7220f2a9cb54d0d373c738793e0c32d98
build/swiftpm/checkouts/swift-syntax/Tests/SwiftParserTest/translated/RegexTests.swift	f8b6fa5e0bd6762e1e6c04b2c313cdd482df6e0e9a845b689ddc213d8c423cd3
build/swiftpm/checkouts/swift-syntax/Tests/SwiftParserTest/translated/ResultBuilderTests.swift	8b74db8816572f7e484cb67b6c6d5e3d4160d81e8aa1fc40b3c816fc4ff14c7b
build/swiftpm/checkouts/swift-syntax/Tests/SwiftParserTest/translated/SelfRebindingTests.swift	ea0bf396313c77b70165e8ba9b0923d2939e7afaafc6ee622c295f9ef10272b7
build/swiftpm/checkouts/swift-syntax/Tests/SwiftParserTest/translated/SemicolonTests.swift	a76564df395bc3e1f8a5e502c7df93e5a5a23456a5a9f2afd23d24bbad77e613
build/swiftpm/checkouts/swift-syntax/Tests/SwiftParserTest/translated/StringLiteralEofTests.swift	150782e7a01033799807cae1f1a4dc61784ffaf921a3947718103cc16f7bd1f9
build/swiftpm/checkouts/swift-syntax/Tests/SwiftParserTest/translated/SubscriptingTests.swift	4f300ceaccb15c255ee10638ba45abbdb98f86636b4adb0f604e16b89a72ca39
build/swiftpm/checkouts/swift-syntax/Tests/SwiftParserTest/translated/SuperTests.swift	4707ae84ca241ec755492b124229d8ef05fbd6b7aba677c35a022c5e57bb921a
build/swiftpm/checkouts/swift-syntax/Tests/SwiftParserTest/translated/SwitchIncompleteTests.swift	f3c87419bb786e60bfecbff9e696ac3c919b91f9fc47bfdf0348630307c448b7
build/swiftpm/checkouts/swift-syntax/Tests/SwiftParserTest/translated/SwitchTests.swift	3f0e308e2029ad9bddb45d3551f49dab2e66b3ef4421f87d70ecae17b052a590
build/swiftpm/checkouts/swift-syntax/Tests/SwiftParserTest/translated/ToplevelLibraryTests.swift	24d39763c50d499a5085872c1662e74681af5b8ad4302e26de60d8832bad2bf9
build/swiftpm/checkouts/swift-syntax/Tests/SwiftParserTest/translated/TrailingClosuresTests.swift	c1b9ad80913f71a67b1fe904db5811600299ab0781bd0be14039b57925cd260d
build/swiftpm/checkouts/swift-syntax/Tests/SwiftParserTest/translated/TrailingSemiTests.swift	2238ceaeb904784bb05de84da143edf58fa9cd51f0968a5271919724d1635eaf
build/swiftpm/checkouts/swift-syntax/Tests/SwiftParserTest/translated/TryTests.swift	a28256222bd328a25db0c334c8efe48db9d5557edc6db05b876d4fdb5be39067
build/swiftpm/checkouts/swift-syntax/Tests/SwiftParserTest/translated/TypeExprTests.swift	3d01422850b6581b088288f89936ebe9fc7f1ce4de9fe71d9e80b294520babab
build/swiftpm/checkouts/swift-syntax/Tests/SwiftParserTest/translated/TypealiasTests.swift	51a01af1f181014a45950dbc00c43d8662faac47a1a1f7b2de4d6ddb1795708e
build/swiftpm/checkouts/swift-syntax/Tests/SwiftParserTest/translated/UnclosedStringInterpolationTests.swift	abf2a300a90d379a2da965e698cd2a1fc21f88c6153a7449ce2ec71d9850d8c4
build/swiftpm/checkouts/swift-syntax/Tests/SwiftRefactorTest/CallToTrailingClosureTests.swift	c76050cac91bd527e7ba31b877ed56a1280b108ddd0332a437161115891e1c16
build/swiftpm/checkouts/swift-syntax/Tests/SwiftRefactorTest/ConvertComputedPropertyToStoredTest.swift	8ddd0e315e86eec7034e399fe8fa401aff581772455c5d94dd9d922d97c2de32
build/swiftpm/checkouts/swift-syntax/Tests/SwiftRefactorTest/ConvertComputedPropertyToZeroParameterFunctionTests.swift	e1d565b9a342a5f742543419005863087ffa7d3ce6ca7e6e1a8b4683f03882f3
build/swiftpm/checkouts/swift-syntax/Tests/SwiftRefactorTest/ConvertStoredPropertyToComputedTest.swift	d74ee4c0fbb422f78053a0ccc98e4804791463d1e461c2e3dd4e515ac188e238
build/swiftpm/checkouts/swift-syntax/Tests/SwiftRefactorTest/ConvertZeroParameterFunctionToComputedPropertyTests.swift	9b89ee32caed303c0e01f3ed85307f8c90f133e309ee71ab164be5c3a4fb25fd
build/swiftpm/checkouts/swift-syntax/Tests/SwiftRefactorTest/ExpandEditorPlaceholderTests.swift	df9b488ff5545da758d9f9f3a35be5c8019b3d44684ed7171a7f80f7edbf1458
build/swiftpm/checkouts/swift-syntax/Tests/SwiftRefactorTest/FormatRawStringLiteral.swift	35e508028778b799f11a498a65ead323f693f6e811736ca255818f01b79b53cb
build/swiftpm/checkouts/swift-syntax/Tests/SwiftRefactorTest/IntegerLiteralUtilities.swift	0b509c86d72b59172f15f39543eff9917d2cac82252a184a97854ce4904b2edd
build/swiftpm/checkouts/swift-syntax/Tests/SwiftRefactorTest/ManifestEditTests.swift	03b9d7e2ed149891fcf2ae4f3e4d2452736431b7e8fcdbaa0325bcd84f2d56f3
build/swiftpm/checkouts/swift-syntax/Tests/SwiftRefactorTest/MigrateToNewIfLetSyntax.swift	c2cf1450956160dc571684b719f69f6e4150a8a983425f41666fb6745095ab76
build/swiftpm/checkouts/swift-syntax/Tests/SwiftRefactorTest/OpaqueParameterToGeneric.swift	8e5900ca626a890890f13d3425db4103d2ee9f82e8974b0641d20607bb0bf038
build/swiftpm/checkouts/swift-syntax/Tests/SwiftRefactorTest/RefactorTestUtils.swift	943ef7eda4c944e1afb2c4f8eea1f97223d7283699e65fe0461c243e5d4704c9
build/swiftpm/checkouts/swift-syntax/Tests/SwiftRefactorTest/ReformatIntegerLiteral.swift	795b0c91b98b24bf4f059d599592f8bfced32d7eef1f13d5dc2f385a07349a7d
build/swiftpm/checkouts/swift-syntax/Tests/SwiftSyntaxBuilderTest/AccessorDeclTests.swift	b571038118ca5d0a5e875c8fc749b45e1bdef7e454ad7f3e269eae90d25652ab
build/swiftpm/checkouts/swift-syntax/Tests/SwiftSyntaxBuilderTest/ArrayExprTests.swift	9cad89fad54502dd3882fd0ebe1f66e7b70f33377b58d11297963a56654b86d7
build/swiftpm/checkouts/swift-syntax/Tests/SwiftSyntaxBuilderTest/Assertions.swift	a1f9511dbd13a5a23bbe7a393abe747fbbc856c5fa7615602beb9584b40acfca
build/swiftpm/checkouts/swift-syntax/Tests/SwiftSyntaxBuilderTest/AttributeListSyntaxTests.swift	b12abd8a3ca2f8f2780b6a3d22e4175235e46dd586023b4d723d741ce7f66617
build/swiftpm/checkouts/swift-syntax/Tests/SwiftSyntaxBuilderTest/BooleanLiteralTests.swift	2ee12594f35337d5eea524368f79c1f565ddd189cce9f6bd908ac83636cddb4b
build/swiftpm/checkouts/swift-syntax/Tests/SwiftSyntaxBuilderTest/BreakStmtSyntaxTests.swift	c7dd908215a7368a88035803da951fb8f37dd0c617cb7d85a15a8e8c69852feb
build/swiftpm/checkouts/swift-syntax/Tests/SwiftSyntaxBuilderTest/ClassDeclSyntaxTests.swift	73919f627c9711255653498bc0d7b95a614256848725baec27de4c46b4ebf6f8
build/swiftpm/checkouts/swift-syntax/Tests/SwiftSyntaxBuilderTest/ClosureExprTests.swift	a687fc0289fa01d1884ad1a81cdb4f7fd5000983b61a75e8d8421f97886604b4
build/swiftpm/checkouts/swift-syntax/Tests/SwiftSyntaxBuilderTest/CollectionNodeFlatteningTests.swift	9fae5b351ff059d11e2793c02237660653b25e445b0e2acb72d6eeb45f83d3f8
build/swiftpm/checkouts/swift-syntax/Tests/SwiftSyntaxBuilderTest/CustomAttributeTests.swift	d3a493ef1a54fa88399817bfda40dcd4d235a6ca855dfa0e5c3800ff56685875
build/swiftpm/checkouts/swift-syntax/Tests/SwiftSyntaxBuilderTest/DictionaryExprTests.swift	041df8fd2487ae96c1d2f74c67fc632bf28a1dc58ced1a287f4eb9edeab5842b
build/swiftpm/checkouts/swift-syntax/Tests/SwiftSyntaxBuilderTest/DoStmtTests.swift	cf1276f53af34cb383727dfe08f075fd8f496c58640490cf39fda6df313694f1
build/swiftpm/checkouts/swift-syntax/Tests/SwiftSyntaxBuilderTest/EnumCaseElementTests.swift	399a1db347c4f7355340abe07072c65f12a3b01a9f7676c6f4bdbd7bb3ad6518
build/swiftpm/checkouts/swift-syntax/Tests/SwiftSyntaxBuilderTest/ExprListTests.swift	66fe583e582b4d9d9671903130817705ebcd02b2919baef92a678cd8e26cd1b9
build/swiftpm/checkouts/swift-syntax/Tests/SwiftSyntaxBuilderTest/ExtensionDeclTests.swift	de3b13d34fd5265d2cede1d5c06ca917d1968d533c7c7c580e5bc77f495e3eaa
build/swiftpm/checkouts/swift-syntax/Tests/SwiftSyntaxBuilderTest/FloatLiteralTests.swift	a01afdf2c61a34690ef41afcfb61aff5933fff66b16cad79bbd488383b14eca1
build/swiftpm/checkouts/swift-syntax/Tests/SwiftSyntaxBuilderTest/ForInStmtTests.swift	547f6bcb1c6b385d598c7daba08641d02589735b6574140ec56ec8a37ccc7980
build/swiftpm/checkouts/swift-syntax/Tests/SwiftSyntaxBuilderTest/FunctionParameterSyntaxTests.swift	63f0dec89c71ebe862ada7be3c348752d8b9d0ff107052cf0a8e6c687024ed25
build/swiftpm/checkouts/swift-syntax/Tests/SwiftSyntaxBuilderTest/FunctionSignatureSyntaxTests.swift	5d9a1fcbc1342f63558e5ebd3fa149ebb73624b54f7a11604486454dfb9a874e
build/swiftpm/checkouts/swift-syntax/Tests/SwiftSyntaxBuilderTest/FunctionTests.swift	9bff8c6701c9e0f070d4a4d608faaeb8438ff4b98a5960931c702348434f4aa1
build/swiftpm/checkouts/swift-syntax/Tests/SwiftSyntaxBuilderTest/FunctionTypeSyntaxTests.swift	bd5d3d1a19bcbe14f804a7d508eb1c72152923faf62a9820073c46744dba2756
build/swiftpm/checkouts/swift-syntax/Tests/SwiftSyntaxBuilderTest/IfConfigDeclSyntaxTests.swift	3df443d5054265300c7e8403bcf1fb245aee8bab5589c969d77395eff5819a68
build/swiftpm/checkouts/swift-syntax/Tests/SwiftSyntaxBuilderTest/IfStmtTests.swift	51f7728e7818d3650cdd6eefce7c753fda3be6ba8b844ba22c8ce7f4ad6a542c
build/swiftpm/checkouts/swift-syntax/Tests/SwiftSyntaxBuilderTest/ImportDeclSyntaxTests.swift	bf9a1fe1b5e79fbb934b6b41e9a6c7386a9e2b68d1554330289497d4b7d45e4e
build/swiftpm/checkouts/swift-syntax/Tests/SwiftSyntaxBuilderTest/InitializerDeclTests.swift	7a34a52e3bbe241d2e3f3e9ec455426afb657b857f004e2d3b929df6050169cd
build/swiftpm/checkouts/swift-syntax/Tests/SwiftSyntaxBuilderTest/IntegerLiteralTests.swift	767d16119b2185de6140628a96f072844c5790c068fd6315c6e79ec7183613b8
build/swiftpm/checkouts/swift-syntax/Tests/SwiftSyntaxBuilderTest/LabeledExprSyntaxTests.swift	ad02ba3b7aafe9b84aecd0407b8deb5bc3eaf3eef2b18c554d9eb870c8ad073a
build/swiftpm/checkouts/swift-syntax/Tests/SwiftSyntaxBuilderTest/ProtocolDeclTests.swift	dc8a9d96c75a8468b6b2a08302f7944afe8068ffabb005352c61840352f97c9a
build/swiftpm/checkouts/swift-syntax/Tests/SwiftSyntaxBuilderTest/ReturnStmsTests.swift	282b05be6cd1932b299aa74d822689e2de41455d18312a4b85e4964d4c362006
build/swiftpm/checkouts/swift-syntax/Tests/SwiftSyntaxBuilderTest/SourceFileTests.swift	4884eca00251b674c49006e2e600df7d17a27c69afb8dd42e020bec5ba410479
build/swiftpm/checkouts/swift-syntax/Tests/SwiftSyntaxBuilderTest/StringInterpolationTests.swift	96d84aa4f6d83dd31045403279ad9ab9732f50fec737d951ce1513b1d0dd31a6
build/swiftpm/checkouts/swift-syntax/Tests/SwiftSyntaxBuilderTest/StringLiteralExprSyntaxTests.swift	4f84c2abec84b6b24ca51ee688c6d07186bc939282af0065bfcd6ca351948e44
build/swiftpm/checkouts/swift-syntax/Tests/SwiftSyntaxBuilderTest/StructTests.swift	4d262d07c2c2ba1baa5813b3615c49385243532341706ed2881bfa3b04138a31
build/swiftpm/checkouts/swift-syntax/Tests/SwiftSyntaxBuilderTest/SwitchCaseLabelSyntaxTests.swift	83c4e2c48608cfe6229e5ca9dbd6ed9a99b6f317bfc28fa38e9c75c1a561f180
build/swiftpm/checkouts/swift-syntax/Tests/SwiftSyntaxBuilderTest/SwitchTests.swift	0bb3d195f967a9b8b819c9d85c0dadffff7c1fa2827832299de086193002d126
build/swiftpm/checkouts/swift-syntax/Tests/SwiftSyntaxBuilderTest/TernaryExprTests.swift	83e73c2d2c15cff8f7021ef38c1bf44e9d14d9756a25aa5ba983374300420521
build/swiftpm/checkouts/swift-syntax/Tests/SwiftSyntaxBuilderTest/TriviaTests.swift	0eca1e4b02d7cc5c92dfb56a10d9697507ad4ed5db1be9523bfcfc96b546c55b
build/swiftpm/checkouts/swift-syntax/Tests/SwiftSyntaxBuilderTest/TupleTests.swift	e02aaa78bfd7e2630119cd4ea23a2b0968352eba5bec8618654e3973b7468953
build/swiftpm/checkouts/swift-syntax/Tests/SwiftSyntaxBuilderTest/VariableTests.swift	ded3600746c2e11d33cb348c41a9169ef87c9653454c92e824caf359691d403a
build/swiftpm/checkouts/swift-syntax/Tests/SwiftSyntaxMacroExpansionTest/AccessorMacroTests.swift	1a6c4a59584210bcd5a14be1fdd720bc9e97e3a33755fcb60189dedea0f4c0ee
build/swiftpm/checkouts/swift-syntax/Tests/SwiftSyntaxMacroExpansionTest/AttributeRemoverTests.swift	03abd3c543792e71a034d23127bfabec495b8eea2405df9262e3af33ed6f0213
build/swiftpm/checkouts/swift-syntax/Tests/SwiftSyntaxMacroExpansionTest/BodyMacroTests.swift	a7745a04410335637e9c8c98c4fad794398c2158d49d04d7b7f33ae1295843fe
build/swiftpm/checkouts/swift-syntax/Tests/SwiftSyntaxMacroExpansionTest/CodeItemMacroTests.swift	a1511a8b79e5e85f707f13dd7c09ea758ee20cf87e65126daf16affb578d5fe9
build/swiftpm/checkouts/swift-syntax/Tests/SwiftSyntaxMacroExpansionTest/DeclarationMacroTests.swift	00b6d33da5171d38ab3663e066fb450c93f1bb5b159c12a873f044584bfb8cf8
build/swiftpm/checkouts/swift-syntax/Tests/SwiftSyntaxMacroExpansionTest/ExpressionMacroTests.swift	0fcbb9252582f490e38c2e93433ac10782bc5eeff51c98d06d0b625dcff23692
build/swiftpm/checkouts/swift-syntax/Tests/SwiftSyntaxMacroExpansionTest/ExtensionMacroTests.swift	adfbf6161d04ce1f9ec506f8ae9bc3d8649e5dca16853a6cd66b7fd233685f8a
build/swiftpm/checkouts/swift-syntax/Tests/SwiftSyntaxMacroExpansionTest/LexicalContextTests.swift	ceddf935a943d625ef22a3674764024b377b2d09eebf907b4d14894f44a74306
build/swiftpm/checkouts/swift-syntax/Tests/SwiftSyntaxMacroExpansionTest/MacroArgumentTests.swift	25ce0b418161588ac2cb9b18238056af83f53098afcf5f78f183489c79d9061e
build/swiftpm/checkouts/swift-syntax/Tests/SwiftSyntaxMacroExpansionTest/MacroReplacementTests.swift	b9692cfd580f45c327b684f9168c4d3ea06fc92913442bad0c199d5899205226
build/swiftpm/checkouts/swift-syntax/Tests/SwiftSyntaxMacroExpansionTest/MemberAttributeMacroTests.swift	2221265fa57c734e6626207ce2246666371e017de8e03004f8b7aa0feb808da8
build/swiftpm/checkouts/swift-syntax/Tests/SwiftSyntaxMacroExpansionTest/MemberMacroTests.swift	bfb9ee0633e6bf93d672f5812b41e38b9a3dfc4f821290e8a029d59787045c89
build/swiftpm/checkouts/swift-syntax/Tests/SwiftSyntaxMacroExpansionTest/MultiRoleMacroTests.swift	f09533fd7527a71a31ca39027cdd36a1edfad4c59c4315fed4caa3f302ae377b
build/swiftpm/checkouts/swift-syntax/Tests/SwiftSyntaxMacroExpansionTest/PeerMacroTests.swift	cd08ab3f3ee5fea9c7c58e0235a43cd6c353074297f20eebfebe8aa6af074b72
build/swiftpm/checkouts/swift-syntax/Tests/SwiftSyntaxMacroExpansionTest/PreambleMacroTests.swift	4521e8bd60244f181e0c022c989e37dbd42f41c764feb031e564c58cf69b2b5b
build/swiftpm/checkouts/swift-syntax/Tests/SwiftSyntaxMacroExpansionTest/StringInterpolationErrorTests.swift	1f532e4a43dd68ab0c9540fc533b0aa27306d4c16be34f2aedf828c3c2156fa0
build/swiftpm/checkouts/swift-syntax/Tests/SwiftSyntaxMacroExpansionTest/SwiftTestingTests.swift	214e4fc5916f76b2808346fe3b2623b1335cab93e77f5629d2a45967da629adf
build/swiftpm/checkouts/swift-syntax/Tests/SwiftSyntaxMacrosTestSupportTests/AssertionsTests.swift	6e1e0d61bb8ece6282ca21adc753c67e3b055b8e510072880a4df9328f38cbba
build/swiftpm/checkouts/swift-syntax/Tests/SwiftSyntaxTest/AbsolutePositionTests.swift	07f650767dfefec19ba51f553c93c25df8314fde73bc8f788975907f463d37c9
build/swiftpm/checkouts/swift-syntax/Tests/SwiftSyntaxTest/BumpPtrAllocatorTests.swift	f909e933214c6bdd0db813dcc4f4e68e626c6c2270815d85851579536f55178c
build/swiftpm/checkouts/swift-syntax/Tests/SwiftSyntaxTest/DebugDescriptionTests.swift	aaea279a3715657a547c31e7b6c4cf6f4acf23fe3e50f58b658abbc6c95a6389
build/swiftpm/checkouts/swift-syntax/Tests/SwiftSyntaxTest/DummyParseToken.swift	595bb07cd477e1b89316d56ea164a4fc916ad0aea15f921f263bcf7c7909ef89
build/swiftpm/checkouts/swift-syntax/Tests/SwiftSyntaxTest/IdentifierTests.swift	846b93c9ec18f9adbc6ffe0befc49b360000762b411683c820e53207ec886344
build/swiftpm/checkouts/swift-syntax/Tests/SwiftSyntaxTest/MemoryLayoutTest.swift	fdbf60800670ed8eaa8064099ad4a1e24306792dab1bfa83fcac7c77ed79eeca
build/swiftpm/checkouts/swift-syntax/Tests/SwiftSyntaxTest/MultithreadingTests.swift	2b73ab34d2c1d717e385006af4114378a1b03fa557e549227d96ea1679e3d114
build/swiftpm/checkouts/swift-syntax/Tests/SwiftSyntaxTest/RawSyntaxTests.swift	da8442dd78026096a642ac6f3bdcb3e38471315e8d43094358617e28eaf6121c
build/swiftpm/checkouts/swift-syntax/Tests/SwiftSyntaxTest/SourceLocationConverterTests.swift	8b02f5da0794bbe6ac9af2bb30d886e9527c7a1f50959348b0a42d3277d80702
build/swiftpm/checkouts/swift-syntax/Tests/SwiftSyntaxTest/SyntaxChildrenTests.swift	064ed69dafa445a23ddc446701221c889c60542d8dc415465122588bb05e39a5
build/swiftpm/checkouts/swift-syntax/Tests/SwiftSyntaxTest/SyntaxCollectionsTests.swift	a99619977be03901540695179612bc7b30fbc005681c50905af94b4a4995abce
build/swiftpm/checkouts/swift-syntax/Tests/SwiftSyntaxTest/SyntaxCreationTests.swift	1922c84b78b758d5c3d0ba2ddbf285d6861e01839afd40a60ee14f4d9fb91a05
build/swiftpm/checkouts/swift-syntax/Tests/SwiftSyntaxTest/SyntaxTests.swift	b6ac69b6cb84b032168f1d47cf9aebe3fe6998dd2df358c6d3dc02a0d3e78964
build/swiftpm/checkouts/swift-syntax/Tests/SwiftSyntaxTest/SyntaxTextTests.swift	bd3fc2a953fc8fb22fec3fb2773c052d37f0a94c4c31fc60f72c5768869c78cd
build/swiftpm/checkouts/swift-syntax/Tests/SwiftSyntaxTest/SyntaxTreeModifierTests.swift	743e8055782ddd9b92e52b6b184401aa22fe6e32eb014e22821d6967a485f064
build/swiftpm/checkouts/swift-syntax/Tests/SwiftSyntaxTest/SyntaxVisitorTests.swift	310fe339548198fdfc875502f4b70c10950200126b372da87eb86d9bb68438b2
build/swiftpm/checkouts/swift-syntax/Tests/SwiftSyntaxTest/TriviaTests.swift	2afa6c1dde8f29d1df3603278e74b151db5bd22119ca08ca1ac209825ee69ee9
build/swiftpm/checkouts/swift-syntax/Tests/SwiftSyntaxTest/VisitorTests.swift	f0e645db2610c5b7fb114b5f1976a45ac24f8fe3cc2cccfab8b81576f1d32e9c
build/swiftpm/checkouts/swift-syntax/Tests/SwiftSyntaxTestSupportTest/IncrementalParseTestUtilsTest.swift	e0a93ef9e778d6775f2b3845f285b882fba880dc951ab36aa4fd995e36120682
build/swiftpm/checkouts/swift-syntax/Tests/SwiftSyntaxTestSupportTest/SyntaxComparisonTests.swift	0d14d91baadcacc5d1f0261d654cee2ca58dc3077d29f3a7fd418ac347a861f5
build/swiftpm/checkouts/swift-syntax/Tests/SwiftWarningControlTest/WarningControlTests.swift	e0eb74e5e2123aea09e28b4e5cc9a7bf9512d389e3e2a22b930746f1df9a14d1
build/swiftpm/checkouts/swift-syntax/WORKSPACE	e3b0c44298fc1c149afbf4c8996fb92427ae41e4649b934ca495991b7852b855
build/swiftpm/checkouts/swift-syntax/cmake/modules/AddSwiftHostLibrary.cmake	1592d1e2455bbbcf5320d8256c6318cdb9dea1c15b4aebdc9e18e19e132104df
build/swiftpm/checkouts/swift-syntax/cmake/modules/CMakeLists.txt	fd31194658462177b67e96120a108ea31a3a07686b9531290739a5c8d3f4ef3f
build/swiftpm/checkouts/swift-syntax/cmake/modules/SwiftCompilerCapability.cmake	052777af7e56d9ce9112e299c7db448c2c34585ac2a4a3d0981efbf65152f138
build/swiftpm/checkouts/swift-syntax/swift-syntax-dev-utils	3f1a534e467840533118bc6d25eb50916c5f28a55c66dc1f3a12552c89cb18a5
build/swiftpm/checkouts/swift-syntax/utils/bazel/BUILD.bazel	c8f6f211a4ce974aec994d37657c2a71ce5c1975576f66dfcf796688f3be9c65
build/swiftpm/checkouts/swift-syntax/utils/bazel/opt_wrapper.bzl	03f4b951db1e9c567f40804f9eab350e77ad85449751fd5bce76d65a3aa211b2
build/swiftpm/checkouts/swift-syntax/utils/bazel/swift_syntax_library.bzl	9c96bf78872f11d9fdb41430271ce0fea0c5891cff548a0e08b1d1492b78fb04
build/swiftpm/plugin-tools.yaml	3072c0039b08df23d36c3d1a8c76df4c5a283c0b45b6a383c48e5789721d6065
build/swiftpm/prebuilts/swift-syntax/603.0.2/swift-6.3.2-RELEASE-macos_universal-MacroSupport.zip	ee6dd31d80ef4b45508b6736a5eccf7ceac0601cbc0dee89479d83b3a241b73f
build/swiftpm/prebuilts/swift-syntax/603.0.2/swift-6.3.2-RELEASE-macos_universal-MacroSupport/Modules/SwiftBasicFormat.swiftmodule/Project/arm64-apple-macos.swiftsourceinfo	146ff6c3a01bf614f9b0e4ab97d1928c16d2c4302b48af9bb1f271fb1e22b06f
build/swiftpm/prebuilts/swift-syntax/603.0.2/swift-6.3.2-RELEASE-macos_universal-MacroSupport/Modules/SwiftBasicFormat.swiftmodule/Project/x86_64-apple-macos.swiftsourceinfo	3a0f27071b665ad5a7bd0eee1329edc99f1c6f7a934c17d11e70ef71729dc8fa
build/swiftpm/prebuilts/swift-syntax/603.0.2/swift-6.3.2-RELEASE-macos_universal-MacroSupport/Modules/SwiftBasicFormat.swiftmodule/arm64-apple-macos.abi.json	4277ac6b49f8511196028a5ac20f5b1b1dfa754c24615d34068089f0b1739728
build/swiftpm/prebuilts/swift-syntax/603.0.2/swift-6.3.2-RELEASE-macos_universal-MacroSupport/Modules/SwiftBasicFormat.swiftmodule/arm64-apple-macos.swiftdoc	84795cd8402c8c196e39438f9975ebeb8c044561f14818037640d6cc19c6fded
build/swiftpm/prebuilts/swift-syntax/603.0.2/swift-6.3.2-RELEASE-macos_universal-MacroSupport/Modules/SwiftBasicFormat.swiftmodule/arm64-apple-macos.swiftmodule	3b53e5a82ee9cecc527b56c106e16eb7879d850d7c14af9459491178ddacf98d
build/swiftpm/prebuilts/swift-syntax/603.0.2/swift-6.3.2-RELEASE-macos_universal-MacroSupport/Modules/SwiftBasicFormat.swiftmodule/x86_64-apple-macos.abi.json	4277ac6b49f8511196028a5ac20f5b1b1dfa754c24615d34068089f0b1739728
build/swiftpm/prebuilts/swift-syntax/603.0.2/swift-6.3.2-RELEASE-macos_universal-MacroSupport/Modules/SwiftBasicFormat.swiftmodule/x86_64-apple-macos.swiftdoc	fdc15710b4e4c8c45cfd10621db38bea61acd9fee06d44571e3910db282bf58d
build/swiftpm/prebuilts/swift-syntax/603.0.2/swift-6.3.2-RELEASE-macos_universal-MacroSupport/Modules/SwiftBasicFormat.swiftmodule/x86_64-apple-macos.swiftmodule	771779a61ecafe9f2969449770de4d3e6c9519b9dc7da5f38c94ffc4f5fd40ee
build/swiftpm/prebuilts/swift-syntax/603.0.2/swift-6.3.2-RELEASE-macos_universal-MacroSupport/Modules/SwiftCompilerPlugin.swiftmodule/Project/arm64-apple-macos.swiftsourceinfo	cccb15951070f4380091e429f23277dc5c4798eb642de0658507396b8825f81c
build/swiftpm/prebuilts/swift-syntax/603.0.2/swift-6.3.2-RELEASE-macos_universal-MacroSupport/Modules/SwiftCompilerPlugin.swiftmodule/Project/x86_64-apple-macos.swiftsourceinfo	bc197b4840ba0834f025fb00631a353d237995f64714c12847ed0a6dc0872958
build/swiftpm/prebuilts/swift-syntax/603.0.2/swift-6.3.2-RELEASE-macos_universal-MacroSupport/Modules/SwiftCompilerPlugin.swiftmodule/arm64-apple-macos.abi.json	4277ac6b49f8511196028a5ac20f5b1b1dfa754c24615d34068089f0b1739728
build/swiftpm/prebuilts/swift-syntax/603.0.2/swift-6.3.2-RELEASE-macos_universal-MacroSupport/Modules/SwiftCompilerPlugin.swiftmodule/arm64-apple-macos.swiftdoc	20ebfa7ae8fec6ac7b675f1945ca5a372667f8e24d388f0ddef88fb38bd2d86c
build/swiftpm/prebuilts/swift-syntax/603.0.2/swift-6.3.2-RELEASE-macos_universal-MacroSupport/Modules/SwiftCompilerPlugin.swiftmodule/arm64-apple-macos.swiftmodule	af785e93f90b3d91c2fe7cfb18773ca7cf67207453c4604d784370c6c2b567b5
build/swiftpm/prebuilts/swift-syntax/603.0.2/swift-6.3.2-RELEASE-macos_universal-MacroSupport/Modules/SwiftCompilerPlugin.swiftmodule/x86_64-apple-macos.abi.json	4277ac6b49f8511196028a5ac20f5b1b1dfa754c24615d34068089f0b1739728
build/swiftpm/prebuilts/swift-syntax/603.0.2/swift-6.3.2-RELEASE-macos_universal-MacroSupport/Modules/SwiftCompilerPlugin.swiftmodule/x86_64-apple-macos.swiftdoc	71f8f0d3d9fe0db3e2a17dda1f7c1aeb48a5b2a5e9acb2b24398ff9a5d5845a4
build/swiftpm/prebuilts/swift-syntax/603.0.2/swift-6.3.2-RELEASE-macos_universal-MacroSupport/Modules/SwiftCompilerPlugin.swiftmodule/x86_64-apple-macos.swiftmodule	f8ce374e862d54a02546ff45311cd1c604a7437b14b56ee6903929834f0164be
build/swiftpm/prebuilts/swift-syntax/603.0.2/swift-6.3.2-RELEASE-macos_universal-MacroSupport/Modules/SwiftCompilerPluginMessageHandling.swiftmodule/Project/arm64-apple-macos.swiftsourceinfo	ab95d4cbcdcf0a68a6e0c567467aa0e4d7b1cc5f548e3c3996c12e4ad9d1771d
build/swiftpm/prebuilts/swift-syntax/603.0.2/swift-6.3.2-RELEASE-macos_universal-MacroSupport/Modules/SwiftCompilerPluginMessageHandling.swiftmodule/Project/x86_64-apple-macos.swiftsourceinfo	43512ad0c174f93c7e3cc22f71608e316d043df5fcad6445afc8f02128bcbd9f
build/swiftpm/prebuilts/swift-syntax/603.0.2/swift-6.3.2-RELEASE-macos_universal-MacroSupport/Modules/SwiftCompilerPluginMessageHandling.swiftmodule/arm64-apple-macos.abi.json	4277ac6b49f8511196028a5ac20f5b1b1dfa754c24615d34068089f0b1739728
build/swiftpm/prebuilts/swift-syntax/603.0.2/swift-6.3.2-RELEASE-macos_universal-MacroSupport/Modules/SwiftCompilerPluginMessageHandling.swiftmodule/arm64-apple-macos.swiftdoc	aa8f0b5f2c0b31104aa8be38585a56db13599f2eee03523815c7e6ff0f09c8d2
build/swiftpm/prebuilts/swift-syntax/603.0.2/swift-6.3.2-RELEASE-macos_universal-MacroSupport/Modules/SwiftCompilerPluginMessageHandling.swiftmodule/arm64-apple-macos.swiftmodule	c1e29da711732919d09365f72b0e49d7947ea05f8a9a3084cb7c4976c0dc3614
build/swiftpm/prebuilts/swift-syntax/603.0.2/swift-6.3.2-RELEASE-macos_universal-MacroSupport/Modules/SwiftCompilerPluginMessageHandling.swiftmodule/x86_64-apple-macos.abi.json	4277ac6b49f8511196028a5ac20f5b1b1dfa754c24615d34068089f0b1739728
build/swiftpm/prebuilts/swift-syntax/603.0.2/swift-6.3.2-RELEASE-macos_universal-MacroSupport/Modules/SwiftCompilerPluginMessageHandling.swiftmodule/x86_64-apple-macos.swiftdoc	9e857bcb838c3425d90063c8100460a7986638f114161774ff170e03baa13b89
build/swiftpm/prebuilts/swift-syntax/603.0.2/swift-6.3.2-RELEASE-macos_universal-MacroSupport/Modules/SwiftCompilerPluginMessageHandling.swiftmodule/x86_64-apple-macos.swiftmodule	7e0cc08e3e7b6e76ae6df1a791ec8ceb49597ab4a895802a90a21701cb5808c5
build/swiftpm/prebuilts/swift-syntax/603.0.2/swift-6.3.2-RELEASE-macos_universal-MacroSupport/Modules/SwiftDiagnostics.swiftmodule/Project/arm64-apple-macos.swiftsourceinfo	d1f86dddd22b18d6e2ed7a846715a61bda873fdf8a13590ff1eb55359712fce8
build/swiftpm/prebuilts/swift-syntax/603.0.2/swift-6.3.2-RELEASE-macos_universal-MacroSupport/Modules/SwiftDiagnostics.swiftmodule/Project/x86_64-apple-macos.swiftsourceinfo	ec366412f850b68ddfb4b499eedc6cf0a7dc1f679a01df2debfcfef6daccf9fb
build/swiftpm/prebuilts/swift-syntax/603.0.2/swift-6.3.2-RELEASE-macos_universal-MacroSupport/Modules/SwiftDiagnostics.swiftmodule/arm64-apple-macos.abi.json	4277ac6b49f8511196028a5ac20f5b1b1dfa754c24615d34068089f0b1739728
build/swiftpm/prebuilts/swift-syntax/603.0.2/swift-6.3.2-RELEASE-macos_universal-MacroSupport/Modules/SwiftDiagnostics.swiftmodule/arm64-apple-macos.swiftdoc	5cbf6b9d5ad41941abbf8b282f6a399dbc75508d421279334b5f1bb07d14f9fc
build/swiftpm/prebuilts/swift-syntax/603.0.2/swift-6.3.2-RELEASE-macos_universal-MacroSupport/Modules/SwiftDiagnostics.swiftmodule/arm64-apple-macos.swiftmodule	f61a2adc3a72c2977734db32b9b72a6ec4aa2f92c79efd458db30a1d053bdb21
build/swiftpm/prebuilts/swift-syntax/603.0.2/swift-6.3.2-RELEASE-macos_universal-MacroSupport/Modules/SwiftDiagnostics.swiftmodule/x86_64-apple-macos.abi.json	4277ac6b49f8511196028a5ac20f5b1b1dfa754c24615d34068089f0b1739728
build/swiftpm/prebuilts/swift-syntax/603.0.2/swift-6.3.2-RELEASE-macos_universal-MacroSupport/Modules/SwiftDiagnostics.swiftmodule/x86_64-apple-macos.swiftdoc	cc77b8a80866629d5a722ee772f20ca2d9aaa42f7f6d003b5c8b2554a31d3c61
build/swiftpm/prebuilts/swift-syntax/603.0.2/swift-6.3.2-RELEASE-macos_universal-MacroSupport/Modules/SwiftDiagnostics.swiftmodule/x86_64-apple-macos.swiftmodule	ef61b30f3fd0a8bd595f178063697a270f74c4a3483574266bac9435c54241a7
build/swiftpm/prebuilts/swift-syntax/603.0.2/swift-6.3.2-RELEASE-macos_universal-MacroSupport/Modules/SwiftIDEUtils.swiftmodule/Project/arm64-apple-macos.swiftsourceinfo	ee7229026f454cf14a6724743ed441261dcf8e7eae6fc1b25b75e5d695aa6fbd
build/swiftpm/prebuilts/swift-syntax/603.0.2/swift-6.3.2-RELEASE-macos_universal-MacroSupport/Modules/SwiftIDEUtils.swiftmodule/Project/x86_64-apple-macos.swiftsourceinfo	33d13b251d245f4b627a54077e58bc493d5d98f9c14b1c97c7e3b9baca2742bd
build/swiftpm/prebuilts/swift-syntax/603.0.2/swift-6.3.2-RELEASE-macos_universal-MacroSupport/Modules/SwiftIDEUtils.swiftmodule/arm64-apple-macos.abi.json	4277ac6b49f8511196028a5ac20f5b1b1dfa754c24615d34068089f0b1739728
build/swiftpm/prebuilts/swift-syntax/603.0.2/swift-6.3.2-RELEASE-macos_universal-MacroSupport/Modules/SwiftIDEUtils.swiftmodule/arm64-apple-macos.swiftdoc	2dad413c4d2d6af8db92fed20ba813e73d9a1ec0e1091f8f3682603cf4fed653
build/swiftpm/prebuilts/swift-syntax/603.0.2/swift-6.3.2-RELEASE-macos_universal-MacroSupport/Modules/SwiftIDEUtils.swiftmodule/arm64-apple-macos.swiftmodule	a172f7390fea7dd7e13ef4986ead204ef8b5dc4fee5a62829b0fca3237f0e732
build/swiftpm/prebuilts/swift-syntax/603.0.2/swift-6.3.2-RELEASE-macos_universal-MacroSupport/Modules/SwiftIDEUtils.swiftmodule/x86_64-apple-macos.abi.json	4277ac6b49f8511196028a5ac20f5b1b1dfa754c24615d34068089f0b1739728
build/swiftpm/prebuilts/swift-syntax/603.0.2/swift-6.3.2-RELEASE-macos_universal-MacroSupport/Modules/SwiftIDEUtils.swiftmodule/x86_64-apple-macos.swiftdoc	bcf3f4f801153f376fe52e038a36acf5cb989bd46b99b2bb7d0f1ac6aa428b01
build/swiftpm/prebuilts/swift-syntax/603.0.2/swift-6.3.2-RELEASE-macos_universal-MacroSupport/Modules/SwiftIDEUtils.swiftmodule/x86_64-apple-macos.swiftmodule	f5be912ea500243b70bd7c11158281de7b9ccc7fb4aa642c4cd6268e9c7f006c
build/swiftpm/prebuilts/swift-syntax/603.0.2/swift-6.3.2-RELEASE-macos_universal-MacroSupport/Modules/SwiftIfConfig.swiftmodule/Project/arm64-apple-macos.swiftsourceinfo	2e6eb6fafcff683ecd144fc2a3b8226f1daeb150c8a3d604cf02cf852e25e221
build/swiftpm/prebuilts/swift-syntax/603.0.2/swift-6.3.2-RELEASE-macos_universal-MacroSupport/Modules/SwiftIfConfig.swiftmodule/Project/x86_64-apple-macos.swiftsourceinfo	b18c992d3ccc6e6629b02ab93415587f5a6e71db4c0124671abc529e11fb5b28
build/swiftpm/prebuilts/swift-syntax/603.0.2/swift-6.3.2-RELEASE-macos_universal-MacroSupport/Modules/SwiftIfConfig.swiftmodule/arm64-apple-macos.abi.json	4277ac6b49f8511196028a5ac20f5b1b1dfa754c24615d34068089f0b1739728
build/swiftpm/prebuilts/swift-syntax/603.0.2/swift-6.3.2-RELEASE-macos_universal-MacroSupport/Modules/SwiftIfConfig.swiftmodule/arm64-apple-macos.swiftdoc	a76584673ee1ff90ff314ccaa2ecb7197b29f82eb886d7d266307368779da7b9
build/swiftpm/prebuilts/swift-syntax/603.0.2/swift-6.3.2-RELEASE-macos_universal-MacroSupport/Modules/SwiftIfConfig.swiftmodule/arm64-apple-macos.swiftmodule	5146c4cda498d2573e4312ed65171b3bcceaf873c78680b312dddd4628f935a6
build/swiftpm/prebuilts/swift-syntax/603.0.2/swift-6.3.2-RELEASE-macos_universal-MacroSupport/Modules/SwiftIfConfig.swiftmodule/x86_64-apple-macos.abi.json	4277ac6b49f8511196028a5ac20f5b1b1dfa754c24615d34068089f0b1739728
build/swiftpm/prebuilts/swift-syntax/603.0.2/swift-6.3.2-RELEASE-macos_universal-MacroSupport/Modules/SwiftIfConfig.swiftmodule/x86_64-apple-macos.swiftdoc	a8e04f668fe76b336aa2e11d9a7193285b606851ec991bc6078395ef2cddf469
build/swiftpm/prebuilts/swift-syntax/603.0.2/swift-6.3.2-RELEASE-macos_universal-MacroSupport/Modules/SwiftIfConfig.swiftmodule/x86_64-apple-macos.swiftmodule	c5a9c2f69c4924e814bc877d3661f828b2783c98000e03cc018880277266df7a
build/swiftpm/prebuilts/swift-syntax/603.0.2/swift-6.3.2-RELEASE-macos_universal-MacroSupport/Modules/SwiftLexicalLookup.swiftmodule/Project/arm64-apple-macos.swiftsourceinfo	14fca9fa61d8a54f19fdd5849b56afcfcba3aa4ad24c7172ede2c460b35ec09e
build/swiftpm/prebuilts/swift-syntax/603.0.2/swift-6.3.2-RELEASE-macos_universal-MacroSupport/Modules/SwiftLexicalLookup.swiftmodule/Project/x86_64-apple-macos.swiftsourceinfo	798d77f0612f05cf10a66882aeed148c391741621da382ae00f2c0aecb67f5da
build/swiftpm/prebuilts/swift-syntax/603.0.2/swift-6.3.2-RELEASE-macos_universal-MacroSupport/Modules/SwiftLexicalLookup.swiftmodule/arm64-apple-macos.abi.json	4277ac6b49f8511196028a5ac20f5b1b1dfa754c24615d34068089f0b1739728
build/swiftpm/prebuilts/swift-syntax/603.0.2/swift-6.3.2-RELEASE-macos_universal-MacroSupport/Modules/SwiftLexicalLookup.swiftmodule/arm64-apple-macos.swiftdoc	e2ce5ddce4315646c13193412afda19258d71b72378958a1b11c2f709bcf2c78
build/swiftpm/prebuilts/swift-syntax/603.0.2/swift-6.3.2-RELEASE-macos_universal-MacroSupport/Modules/SwiftLexicalLookup.swiftmodule/arm64-apple-macos.swiftmodule	61abcdc44a0798e7d5258dce4babc5995d4ce28a1e7800adf20392f543d71a83
build/swiftpm/prebuilts/swift-syntax/603.0.2/swift-6.3.2-RELEASE-macos_universal-MacroSupport/Modules/SwiftLexicalLookup.swiftmodule/x86_64-apple-macos.abi.json	4277ac6b49f8511196028a5ac20f5b1b1dfa754c24615d34068089f0b1739728
build/swiftpm/prebuilts/swift-syntax/603.0.2/swift-6.3.2-RELEASE-macos_universal-MacroSupport/Modules/SwiftLexicalLookup.swiftmodule/x86_64-apple-macos.swiftdoc	1b66a80690d6687e2fc2bd2130afdcfe989171262bec92465ad75cc36507c201
build/swiftpm/prebuilts/swift-syntax/603.0.2/swift-6.3.2-RELEASE-macos_universal-MacroSupport/Modules/SwiftLexicalLookup.swiftmodule/x86_64-apple-macos.swiftmodule	c5195538dc39c28ea9edc2c2f53957dba3160efdaa9c7d57f34393d71b6454b7
build/swiftpm/prebuilts/swift-syntax/603.0.2/swift-6.3.2-RELEASE-macos_universal-MacroSupport/Modules/SwiftLibraryPluginProvider.swiftmodule/Project/arm64-apple-macos.swiftsourceinfo	14651b41fa6d7045844f12a90592ad5132d184f72a50d824be8aaf48044247f8
build/swiftpm/prebuilts/swift-syntax/603.0.2/swift-6.3.2-RELEASE-macos_universal-MacroSupport/Modules/SwiftLibraryPluginProvider.swiftmodule/Project/x86_64-apple-macos.swiftsourceinfo	d12acc41669e7077cbf26b8164ef965d1e6e49d28b66aa63e5e2c5dd222ec121
build/swiftpm/prebuilts/swift-syntax/603.0.2/swift-6.3.2-RELEASE-macos_universal-MacroSupport/Modules/SwiftLibraryPluginProvider.swiftmodule/arm64-apple-macos.abi.json	4277ac6b49f8511196028a5ac20f5b1b1dfa754c24615d34068089f0b1739728
build/swiftpm/prebuilts/swift-syntax/603.0.2/swift-6.3.2-RELEASE-macos_universal-MacroSupport/Modules/SwiftLibraryPluginProvider.swiftmodule/arm64-apple-macos.swiftdoc	f14ca1048413ec8995a375cb31cbc3f2aec401a8ceb236b1352d4412db5e5dbc
build/swiftpm/prebuilts/swift-syntax/603.0.2/swift-6.3.2-RELEASE-macos_universal-MacroSupport/Modules/SwiftLibraryPluginProvider.swiftmodule/arm64-apple-macos.swiftmodule	86246580557364f9a2ab5b01024a158a0062d82eac2a32e90772116a75e28e89
build/swiftpm/prebuilts/swift-syntax/603.0.2/swift-6.3.2-RELEASE-macos_universal-MacroSupport/Modules/SwiftLibraryPluginProvider.swiftmodule/x86_64-apple-macos.abi.json	4277ac6b49f8511196028a5ac20f5b1b1dfa754c24615d34068089f0b1739728
build/swiftpm/prebuilts/swift-syntax/603.0.2/swift-6.3.2-RELEASE-macos_universal-MacroSupport/Modules/SwiftLibraryPluginProvider.swiftmodule/x86_64-apple-macos.swiftdoc	01ad1fdd0e6244309187260a7db0ab127d2f7cbd19a7cdc0e0f4271efb87b44d
build/swiftpm/prebuilts/swift-syntax/603.0.2/swift-6.3.2-RELEASE-macos_universal-MacroSupport/Modules/SwiftLibraryPluginProvider.swiftmodule/x86_64-apple-macos.swiftmodule	fa5fb0b993292ae14f7caada1d5fef28c2649e996aa7cb4240a980b8dc76f84f
build/swiftpm/prebuilts/swift-syntax/603.0.2/swift-6.3.2-RELEASE-macos_universal-MacroSupport/Modules/SwiftOperators.swiftmodule/Project/arm64-apple-macos.swiftsourceinfo	20061a42e182b8635b3e1fc04280a91488ad99a5ae9ca9a5173d470fdaf795ba
build/swiftpm/prebuilts/swift-syntax/603.0.2/swift-6.3.2-RELEASE-macos_universal-MacroSupport/Modules/SwiftOperators.swiftmodule/Project/x86_64-apple-macos.swiftsourceinfo	946918f9a5c8294a4cb3b01983a8067e2817eed184c4382352f34095f51d6b2f
build/swiftpm/prebuilts/swift-syntax/603.0.2/swift-6.3.2-RELEASE-macos_universal-MacroSupport/Modules/SwiftOperators.swiftmodule/arm64-apple-macos.abi.json	4277ac6b49f8511196028a5ac20f5b1b1dfa754c24615d34068089f0b1739728
build/swiftpm/prebuilts/swift-syntax/603.0.2/swift-6.3.2-RELEASE-macos_universal-MacroSupport/Modules/SwiftOperators.swiftmodule/arm64-apple-macos.swiftdoc	ba01291e8153bb92626e29a8597a9bfbe562b58fcca2f64cce2b9b3c2d75ba77
build/swiftpm/prebuilts/swift-syntax/603.0.2/swift-6.3.2-RELEASE-macos_universal-MacroSupport/Modules/SwiftOperators.swiftmodule/arm64-apple-macos.swiftmodule	94663dfb419cf4ad3d8eb5def9dc8b1ae5b5f5c3658c3c5fabb89c4b18b8bb0d
build/swiftpm/prebuilts/swift-syntax/603.0.2/swift-6.3.2-RELEASE-macos_universal-MacroSupport/Modules/SwiftOperators.swiftmodule/x86_64-apple-macos.abi.json	4277ac6b49f8511196028a5ac20f5b1b1dfa754c24615d34068089f0b1739728
build/swiftpm/prebuilts/swift-syntax/603.0.2/swift-6.3.2-RELEASE-macos_universal-MacroSupport/Modules/SwiftOperators.swiftmodule/x86_64-apple-macos.swiftdoc	4f725c1dbf8a4a5db500d06ed6090d964ac050d4a8f07340eee2df3bb7a0b65f
build/swiftpm/prebuilts/swift-syntax/603.0.2/swift-6.3.2-RELEASE-macos_universal-MacroSupport/Modules/SwiftOperators.swiftmodule/x86_64-apple-macos.swiftmodule	6bcad99995e07257033a33543f2527901252bf074b7a4aa5a67038e7cc92295a
build/swiftpm/prebuilts/swift-syntax/603.0.2/swift-6.3.2-RELEASE-macos_universal-MacroSupport/Modules/SwiftParser.swiftmodule/Project/arm64-apple-macos.swiftsourceinfo	d41d335c2c948506d6941c7768c69ccadd8b05a67167fcffa75c32d895e95973
build/swiftpm/prebuilts/swift-syntax/603.0.2/swift-6.3.2-RELEASE-macos_universal-MacroSupport/Modules/SwiftParser.swiftmodule/Project/x86_64-apple-macos.swiftsourceinfo	b2b3fde8e2cb7882c2706927b65ae37e24e9d69106e339c1bae81d9cf068eb17
build/swiftpm/prebuilts/swift-syntax/603.0.2/swift-6.3.2-RELEASE-macos_universal-MacroSupport/Modules/SwiftParser.swiftmodule/arm64-apple-macos.abi.json	4277ac6b49f8511196028a5ac20f5b1b1dfa754c24615d34068089f0b1739728
build/swiftpm/prebuilts/swift-syntax/603.0.2/swift-6.3.2-RELEASE-macos_universal-MacroSupport/Modules/SwiftParser.swiftmodule/arm64-apple-macos.swiftdoc	7c97e26cdfbad4e7b710b76f1fa8e39265ef7575ee97aee5c07d488ab5d77bcf
build/swiftpm/prebuilts/swift-syntax/603.0.2/swift-6.3.2-RELEASE-macos_universal-MacroSupport/Modules/SwiftParser.swiftmodule/arm64-apple-macos.swiftmodule	14dc647f6015a6627ab1122cb0d2d49b834763693d4e0d16a4f0c906b85977fb
build/swiftpm/prebuilts/swift-syntax/603.0.2/swift-6.3.2-RELEASE-macos_universal-MacroSupport/Modules/SwiftParser.swiftmodule/x86_64-apple-macos.abi.json	4277ac6b49f8511196028a5ac20f5b1b1dfa754c24615d34068089f0b1739728
build/swiftpm/prebuilts/swift-syntax/603.0.2/swift-6.3.2-RELEASE-macos_universal-MacroSupport/Modules/SwiftParser.swiftmodule/x86_64-apple-macos.swiftdoc	cf5b63b259c82e9529b7b5c330fda1db1109b1ecee45dea2a47d74d525e0cc39
build/swiftpm/prebuilts/swift-syntax/603.0.2/swift-6.3.2-RELEASE-macos_universal-MacroSupport/Modules/SwiftParser.swiftmodule/x86_64-apple-macos.swiftmodule	69a8c8222d8bcaae982d8bf48c659b1af0a414a94defa2c49bf1fee2158e5d60
build/swiftpm/prebuilts/swift-syntax/603.0.2/swift-6.3.2-RELEASE-macos_universal-MacroSupport/Modules/SwiftParserDiagnostics.swiftmodule/Project/arm64-apple-macos.swiftsourceinfo	2793a161b122cc4696d0440a0dbed3247e9083afce820150e97092162e1a0551
build/swiftpm/prebuilts/swift-syntax/603.0.2/swift-6.3.2-RELEASE-macos_universal-MacroSupport/Modules/SwiftParserDiagnostics.swiftmodule/Project/x86_64-apple-macos.swiftsourceinfo	ad774c6de8700e334c6974fd5cbe348b32e4836c50a261fb873dc689994213c9
build/swiftpm/prebuilts/swift-syntax/603.0.2/swift-6.3.2-RELEASE-macos_universal-MacroSupport/Modules/SwiftParserDiagnostics.swiftmodule/arm64-apple-macos.abi.json	4277ac6b49f8511196028a5ac20f5b1b1dfa754c24615d34068089f0b1739728
build/swiftpm/prebuilts/swift-syntax/603.0.2/swift-6.3.2-RELEASE-macos_universal-MacroSupport/Modules/SwiftParserDiagnostics.swiftmodule/arm64-apple-macos.swiftdoc	0c5dcadb6a9b39347e469057737793e5b01bf9b66b6f1e11243a0a1a046a8b92
build/swiftpm/prebuilts/swift-syntax/603.0.2/swift-6.3.2-RELEASE-macos_universal-MacroSupport/Modules/SwiftParserDiagnostics.swiftmodule/arm64-apple-macos.swiftmodule	bc98c0560bb5ea584f2d869fd06d0d3802c9bea5d056d73a4194ba7c328741e5
build/swiftpm/prebuilts/swift-syntax/603.0.2/swift-6.3.2-RELEASE-macos_universal-MacroSupport/Modules/SwiftParserDiagnostics.swiftmodule/x86_64-apple-macos.abi.json	4277ac6b49f8511196028a5ac20f5b1b1dfa754c24615d34068089f0b1739728
build/swiftpm/prebuilts/swift-syntax/603.0.2/swift-6.3.2-RELEASE-macos_universal-MacroSupport/Modules/SwiftParserDiagnostics.swiftmodule/x86_64-apple-macos.swiftdoc	05fbabefe06469c436517d84ef054dfc0247d3aedc7a5c2c838f80f43f9986fc
build/swiftpm/prebuilts/swift-syntax/603.0.2/swift-6.3.2-RELEASE-macos_universal-MacroSupport/Modules/SwiftParserDiagnostics.swiftmodule/x86_64-apple-macos.swiftmodule	e7cf0bb9cd52732a00850641d8d626250650d05f73d31de01804ff8aa0a7d53d
build/swiftpm/prebuilts/swift-syntax/603.0.2/swift-6.3.2-RELEASE-macos_universal-MacroSupport/Modules/SwiftRefactor.swiftmodule/Project/arm64-apple-macos.swiftsourceinfo	fca108ec289a01b9b9b66ae2a08284ea374bd122a83b32bf6d9542d9f99d2a0e
build/swiftpm/prebuilts/swift-syntax/603.0.2/swift-6.3.2-RELEASE-macos_universal-MacroSupport/Modules/SwiftRefactor.swiftmodule/Project/x86_64-apple-macos.swiftsourceinfo	5f409500bb35f20206c619ba5071ae4a87f8eda21f0c27929f4ecb9605f5107d
build/swiftpm/prebuilts/swift-syntax/603.0.2/swift-6.3.2-RELEASE-macos_universal-MacroSupport/Modules/SwiftRefactor.swiftmodule/arm64-apple-macos.abi.json	4277ac6b49f8511196028a5ac20f5b1b1dfa754c24615d34068089f0b1739728
build/swiftpm/prebuilts/swift-syntax/603.0.2/swift-6.3.2-RELEASE-macos_universal-MacroSupport/Modules/SwiftRefactor.swiftmodule/arm64-apple-macos.swiftdoc	01d207413ab35d2365012cd20801502463dcd19cf9a9372fc2ba92d61cfb44d1
build/swiftpm/prebuilts/swift-syntax/603.0.2/swift-6.3.2-RELEASE-macos_universal-MacroSupport/Modules/SwiftRefactor.swiftmodule/arm64-apple-macos.swiftmodule	2e1293792b4940530316cf8ca436853070a9b13a41735f78809993c85ef251ce
build/swiftpm/prebuilts/swift-syntax/603.0.2/swift-6.3.2-RELEASE-macos_universal-MacroSupport/Modules/SwiftRefactor.swiftmodule/x86_64-apple-macos.abi.json	4277ac6b49f8511196028a5ac20f5b1b1dfa754c24615d34068089f0b1739728
build/swiftpm/prebuilts/swift-syntax/603.0.2/swift-6.3.2-RELEASE-macos_universal-MacroSupport/Modules/SwiftRefactor.swiftmodule/x86_64-apple-macos.swiftdoc	8d1ab19623fcdc8124e87193fe44dc5fc10db02a5a8414aa9ab07547a23f5f6e
build/swiftpm/prebuilts/swift-syntax/603.0.2/swift-6.3.2-RELEASE-macos_universal-MacroSupport/Modules/SwiftRefactor.swiftmodule/x86_64-apple-macos.swiftmodule	bd7a0bcc1cd0cb4ebc02e63a8c807b9543865d1c29795b157d8d51c2b6fa0f6f
build/swiftpm/prebuilts/swift-syntax/603.0.2/swift-6.3.2-RELEASE-macos_universal-MacroSupport/Modules/SwiftSyntax.swiftmodule/Project/arm64-apple-macos.swiftsourceinfo	290ef64146daa66247b90ce95cd8f5a47ff219091b6cf0f45bafc77ce89ae229
build/swiftpm/prebuilts/swift-syntax/603.0.2/swift-6.3.2-RELEASE-macos_universal-MacroSupport/Modules/SwiftSyntax.swiftmodule/Project/x86_64-apple-macos.swiftsourceinfo	22648c5c3d93c491253294a6a47085c6a386aae780a9b5febecdf6173f5707a1
build/swiftpm/prebuilts/swift-syntax/603.0.2/swift-6.3.2-RELEASE-macos_universal-MacroSupport/Modules/SwiftSyntax.swiftmodule/arm64-apple-macos.abi.json	4277ac6b49f8511196028a5ac20f5b1b1dfa754c24615d34068089f0b1739728
build/swiftpm/prebuilts/swift-syntax/603.0.2/swift-6.3.2-RELEASE-macos_universal-MacroSupport/Modules/SwiftSyntax.swiftmodule/arm64-apple-macos.swiftdoc	9b720dc50d379040c1a867bb636bc48d3bce231cb90f0544af95e94af5c0e380
build/swiftpm/prebuilts/swift-syntax/603.0.2/swift-6.3.2-RELEASE-macos_universal-MacroSupport/Modules/SwiftSyntax.swiftmodule/arm64-apple-macos.swiftmodule	d4375c42b35bd0d36af1d6a95707d2f183e6a5bc03b61878f1c4d50a6111c1a4
build/swiftpm/prebuilts/swift-syntax/603.0.2/swift-6.3.2-RELEASE-macos_universal-MacroSupport/Modules/SwiftSyntax.swiftmodule/x86_64-apple-macos.abi.json	4277ac6b49f8511196028a5ac20f5b1b1dfa754c24615d34068089f0b1739728
build/swiftpm/prebuilts/swift-syntax/603.0.2/swift-6.3.2-RELEASE-macos_universal-MacroSupport/Modules/SwiftSyntax.swiftmodule/x86_64-apple-macos.swiftdoc	703463249c3a0a84c501997a67e6d677f0d75bce95faf77e1fa7ce4b0e67f93a
build/swiftpm/prebuilts/swift-syntax/603.0.2/swift-6.3.2-RELEASE-macos_universal-MacroSupport/Modules/SwiftSyntax.swiftmodule/x86_64-apple-macos.swiftmodule	2e859e512442bded41bcd97b45657651f58f97f4b71a9b49a690cee1d418d106
build/swiftpm/prebuilts/swift-syntax/603.0.2/swift-6.3.2-RELEASE-macos_universal-MacroSupport/Modules/SwiftSyntax509.swiftmodule/Project/arm64-apple-macos.swiftsourceinfo	dda958e6f5a0f28920ab5b3bbf01dd8dc2280724ace6de530629f9c260a34d36
build/swiftpm/prebuilts/swift-syntax/603.0.2/swift-6.3.2-RELEASE-macos_universal-MacroSupport/Modules/SwiftSyntax509.swiftmodule/Project/x86_64-apple-macos.swiftsourceinfo	b8f8ca881cb1c70c75e8a84c05d007b8fc09336510cf30913999fe18d8d591d0
build/swiftpm/prebuilts/swift-syntax/603.0.2/swift-6.3.2-RELEASE-macos_universal-MacroSupport/Modules/SwiftSyntax509.swiftmodule/arm64-apple-macos.abi.json	4277ac6b49f8511196028a5ac20f5b1b1dfa754c24615d34068089f0b1739728
build/swiftpm/prebuilts/swift-syntax/603.0.2/swift-6.3.2-RELEASE-macos_universal-MacroSupport/Modules/SwiftSyntax509.swiftmodule/arm64-apple-macos.swiftdoc	8ac704e6501ece514b9a4b1191d13e27c4af8f76dc9398b7182d91c73ed39352
build/swiftpm/prebuilts/swift-syntax/603.0.2/swift-6.3.2-RELEASE-macos_universal-MacroSupport/Modules/SwiftSyntax509.swiftmodule/arm64-apple-macos.swiftmodule	c1a350fe350ae4eaf33f4fc88339a8806e9097ec140b9ab4eff7e9643bc16cc3
build/swiftpm/prebuilts/swift-syntax/603.0.2/swift-6.3.2-RELEASE-macos_universal-MacroSupport/Modules/SwiftSyntax509.swiftmodule/x86_64-apple-macos.abi.json	4277ac6b49f8511196028a5ac20f5b1b1dfa754c24615d34068089f0b1739728
build/swiftpm/prebuilts/swift-syntax/603.0.2/swift-6.3.2-RELEASE-macos_universal-MacroSupport/Modules/SwiftSyntax509.swiftmodule/x86_64-apple-macos.swiftdoc	82f54e7e0f3a46e38aed845a4c737671bac1f95b3d2c27632df26c65821a4c10
build/swiftpm/prebuilts/swift-syntax/603.0.2/swift-6.3.2-RELEASE-macos_universal-MacroSupport/Modules/SwiftSyntax509.swiftmodule/x86_64-apple-macos.swiftmodule	5be64e8f73bb2a1fe5a2ae41b774f3c4dca6795cee818e4ccff1bb3b76ab3865
build/swiftpm/prebuilts/swift-syntax/603.0.2/swift-6.3.2-RELEASE-macos_universal-MacroSupport/Modules/SwiftSyntax510.swiftmodule/Project/arm64-apple-macos.swiftsourceinfo	ad91d7816ffdc36ba177b4e9860d3eb9413d58fee1a38af8694091c56fd6210f
build/swiftpm/prebuilts/swift-syntax/603.0.2/swift-6.3.2-RELEASE-macos_universal-MacroSupport/Modules/SwiftSyntax510.swiftmodule/Project/x86_64-apple-macos.swiftsourceinfo	a080d5fc7b46e92feb2d892e87ab9297f5c60007d02a4aa30528746b3b87007d
build/swiftpm/prebuilts/swift-syntax/603.0.2/swift-6.3.2-RELEASE-macos_universal-MacroSupport/Modules/SwiftSyntax510.swiftmodule/arm64-apple-macos.abi.json	4277ac6b49f8511196028a5ac20f5b1b1dfa754c24615d34068089f0b1739728
build/swiftpm/prebuilts/swift-syntax/603.0.2/swift-6.3.2-RELEASE-macos_universal-MacroSupport/Modules/SwiftSyntax510.swiftmodule/arm64-apple-macos.swiftdoc	47054b26fda719f008f0bec4b4e29e7972e79f9e5f4a3605e7c94ead78061bd2
build/swiftpm/prebuilts/swift-syntax/603.0.2/swift-6.3.2-RELEASE-macos_universal-MacroSupport/Modules/SwiftSyntax510.swiftmodule/arm64-apple-macos.swiftmodule	1faf16da3531047714d09a14c9822e505afe511609259a08cc32cf4d21ea991e
build/swiftpm/prebuilts/swift-syntax/603.0.2/swift-6.3.2-RELEASE-macos_universal-MacroSupport/Modules/SwiftSyntax510.swiftmodule/x86_64-apple-macos.abi.json	4277ac6b49f8511196028a5ac20f5b1b1dfa754c24615d34068089f0b1739728
build/swiftpm/prebuilts/swift-syntax/603.0.2/swift-6.3.2-RELEASE-macos_universal-MacroSupport/Modules/SwiftSyntax510.swiftmodule/x86_64-apple-macos.swiftdoc	49f53acf940ae80fce0bb3a79207a6da1d0374c27ac7048e81866c8812b70afa
build/swiftpm/prebuilts/swift-syntax/603.0.2/swift-6.3.2-RELEASE-macos_universal-MacroSupport/Modules/SwiftSyntax510.swiftmodule/x86_64-apple-macos.swiftmodule	1f0009b34f67cc1c500f67fc0ba9a1e753ef4f812ab5f4cc93b70e0c55e5eb52
build/swiftpm/prebuilts/swift-syntax/603.0.2/swift-6.3.2-RELEASE-macos_universal-MacroSupport/Modules/SwiftSyntax600.swiftmodule/Project/arm64-apple-macos.swiftsourceinfo	6173fa29b89dac349a1e313be90c5f6db23b1ccf9137113951428b7bd550c49e
build/swiftpm/prebuilts/swift-syntax/603.0.2/swift-6.3.2-RELEASE-macos_universal-MacroSupport/Modules/SwiftSyntax600.swiftmodule/Project/x86_64-apple-macos.swiftsourceinfo	c0fe778f95e330d613f9367420ee35ccd5dd0989c9a971e4bea7e15535ae63cb
build/swiftpm/prebuilts/swift-syntax/603.0.2/swift-6.3.2-RELEASE-macos_universal-MacroSupport/Modules/SwiftSyntax600.swiftmodule/arm64-apple-macos.abi.json	4277ac6b49f8511196028a5ac20f5b1b1dfa754c24615d34068089f0b1739728
build/swiftpm/prebuilts/swift-syntax/603.0.2/swift-6.3.2-RELEASE-macos_universal-MacroSupport/Modules/SwiftSyntax600.swiftmodule/arm64-apple-macos.swiftdoc	feae735ebb35ff3e45c3f600f557dd528f22ff7c74c0f43ec8d1f853f8097314
build/swiftpm/prebuilts/swift-syntax/603.0.2/swift-6.3.2-RELEASE-macos_universal-MacroSupport/Modules/SwiftSyntax600.swiftmodule/arm64-apple-macos.swiftmodule	f6821a93fce1cdccafe8d68602abd0da38160339bdabcb146ccc53681546addb
build/swiftpm/prebuilts/swift-syntax/603.0.2/swift-6.3.2-RELEASE-macos_universal-MacroSupport/Modules/SwiftSyntax600.swiftmodule/x86_64-apple-macos.abi.json	4277ac6b49f8511196028a5ac20f5b1b1dfa754c24615d34068089f0b1739728
build/swiftpm/prebuilts/swift-syntax/603.0.2/swift-6.3.2-RELEASE-macos_universal-MacroSupport/Modules/SwiftSyntax600.swiftmodule/x86_64-apple-macos.swiftdoc	596dec140da910b46258d324ea6cdc4bd015588a3b9341c4f641b80b6be7371a
build/swiftpm/prebuilts/swift-syntax/603.0.2/swift-6.3.2-RELEASE-macos_universal-MacroSupport/Modules/SwiftSyntax600.swiftmodule/x86_64-apple-macos.swiftmodule	b230c747eb9a22dfd236a52c30a63e717f789d5704c7fba5e513301f492c85ed
build/swiftpm/prebuilts/swift-syntax/603.0.2/swift-6.3.2-RELEASE-macos_universal-MacroSupport/Modules/SwiftSyntax601.swiftmodule/Project/arm64-apple-macos.swiftsourceinfo	d8286ee52d62656c877897a2dc2e2f1517a73846f2ca49447e8acf8bc5ca019d
build/swiftpm/prebuilts/swift-syntax/603.0.2/swift-6.3.2-RELEASE-macos_universal-MacroSupport/Modules/SwiftSyntax601.swiftmodule/Project/x86_64-apple-macos.swiftsourceinfo	4ca2765076d990134dd7dd1790f10eea0dbb2471709c432afb4d7faa8e79547d
build/swiftpm/prebuilts/swift-syntax/603.0.2/swift-6.3.2-RELEASE-macos_universal-MacroSupport/Modules/SwiftSyntax601.swiftmodule/arm64-apple-macos.abi.json	4277ac6b49f8511196028a5ac20f5b1b1dfa754c24615d34068089f0b1739728
build/swiftpm/prebuilts/swift-syntax/603.0.2/swift-6.3.2-RELEASE-macos_universal-MacroSupport/Modules/SwiftSyntax601.swiftmodule/arm64-apple-macos.swiftdoc	24ccbdbe9a6fc6971b45efe8b6bde32b20714e8c227f149e4d22cdc3eba0763a
build/swiftpm/prebuilts/swift-syntax/603.0.2/swift-6.3.2-RELEASE-macos_universal-MacroSupport/Modules/SwiftSyntax601.swiftmodule/arm64-apple-macos.swiftmodule	297feb48326cab52390b22c9238be795fad4bf817a171d3bce428c1ac360748c
build/swiftpm/prebuilts/swift-syntax/603.0.2/swift-6.3.2-RELEASE-macos_universal-MacroSupport/Modules/SwiftSyntax601.swiftmodule/x86_64-apple-macos.abi.json	4277ac6b49f8511196028a5ac20f5b1b1dfa754c24615d34068089f0b1739728
build/swiftpm/prebuilts/swift-syntax/603.0.2/swift-6.3.2-RELEASE-macos_universal-MacroSupport/Modules/SwiftSyntax601.swiftmodule/x86_64-apple-macos.swiftdoc	9d397e6fbfe64dee7a8e2b374756d7b4b8bc23165a59ea9d6f905c4a66b52793
build/swiftpm/prebuilts/swift-syntax/603.0.2/swift-6.3.2-RELEASE-macos_universal-MacroSupport/Modules/SwiftSyntax601.swiftmodule/x86_64-apple-macos.swiftmodule	d7a2bd6a9b6e75e3d21546bcf265f664ea6e4393dbc31047f7ec2634f1652a1e
build/swiftpm/prebuilts/swift-syntax/603.0.2/swift-6.3.2-RELEASE-macos_universal-MacroSupport/Modules/SwiftSyntax602.swiftmodule/Project/arm64-apple-macos.swiftsourceinfo	0d4f43223a0d531e0a5686a27f67484130da820ba79bfac6179c69ee3f688dc9
build/swiftpm/prebuilts/swift-syntax/603.0.2/swift-6.3.2-RELEASE-macos_universal-MacroSupport/Modules/SwiftSyntax602.swiftmodule/Project/x86_64-apple-macos.swiftsourceinfo	0b42758f89b5edfb91a52a6a3c2280682f50b8d62595dac9544aac7b24b176e1
build/swiftpm/prebuilts/swift-syntax/603.0.2/swift-6.3.2-RELEASE-macos_universal-MacroSupport/Modules/SwiftSyntax602.swiftmodule/arm64-apple-macos.abi.json	4277ac6b49f8511196028a5ac20f5b1b1dfa754c24615d34068089f0b1739728
build/swiftpm/prebuilts/swift-syntax/603.0.2/swift-6.3.2-RELEASE-macos_universal-MacroSupport/Modules/SwiftSyntax602.swiftmodule/arm64-apple-macos.swiftdoc	2670bfb4726808beaf4dbcdc7e956c4b90864d900efae86a666d4e43242c3720
build/swiftpm/prebuilts/swift-syntax/603.0.2/swift-6.3.2-RELEASE-macos_universal-MacroSupport/Modules/SwiftSyntax602.swiftmodule/arm64-apple-macos.swiftmodule	4d6c6a0072e0b4fe54be693e419a036b38bd09ae726789b5c2e40e807dcf54bf
build/swiftpm/prebuilts/swift-syntax/603.0.2/swift-6.3.2-RELEASE-macos_universal-MacroSupport/Modules/SwiftSyntax602.swiftmodule/x86_64-apple-macos.abi.json	4277ac6b49f8511196028a5ac20f5b1b1dfa754c24615d34068089f0b1739728
build/swiftpm/prebuilts/swift-syntax/603.0.2/swift-6.3.2-RELEASE-macos_universal-MacroSupport/Modules/SwiftSyntax602.swiftmodule/x86_64-apple-macos.swiftdoc	616c9e8709de8137100626b08a1ffc3dcaecb2cef3d2194ff44fae679b3e2980
build/swiftpm/prebuilts/swift-syntax/603.0.2/swift-6.3.2-RELEASE-macos_universal-MacroSupport/Modules/SwiftSyntax602.swiftmodule/x86_64-apple-macos.swiftmodule	76532cc872f228842bad114d256c4ba99ab65f05eeca30265e87d356dbc96415
build/swiftpm/prebuilts/swift-syntax/603.0.2/swift-6.3.2-RELEASE-macos_universal-MacroSupport/Modules/SwiftSyntax603.swiftmodule/Project/arm64-apple-macos.swiftsourceinfo	0f60b11070fed7ce4a48cf57401c8d5d4c73fdb5ba9056e7a7703996485bc54e
build/swiftpm/prebuilts/swift-syntax/603.0.2/swift-6.3.2-RELEASE-macos_universal-MacroSupport/Modules/SwiftSyntax603.swiftmodule/Project/x86_64-apple-macos.swiftsourceinfo	7d894eec9d3d99fc79b6440c53e6767326a89072982a756bcf52aee3017b7246
build/swiftpm/prebuilts/swift-syntax/603.0.2/swift-6.3.2-RELEASE-macos_universal-MacroSupport/Modules/SwiftSyntax603.swiftmodule/arm64-apple-macos.abi.json	4277ac6b49f8511196028a5ac20f5b1b1dfa754c24615d34068089f0b1739728
build/swiftpm/prebuilts/swift-syntax/603.0.2/swift-6.3.2-RELEASE-macos_universal-MacroSupport/Modules/SwiftSyntax603.swiftmodule/arm64-apple-macos.swiftdoc	75c8af2fa662f3e491f037855965e47ddfd7e9a6d23727a55f737c6e6ae70c65
build/swiftpm/prebuilts/swift-syntax/603.0.2/swift-6.3.2-RELEASE-macos_universal-MacroSupport/Modules/SwiftSyntax603.swiftmodule/arm64-apple-macos.swiftmodule	dc86c14e6e208f6c0f9ee309f75369700ce729a32fdda45b92896e2b8588931a
build/swiftpm/prebuilts/swift-syntax/603.0.2/swift-6.3.2-RELEASE-macos_universal-MacroSupport/Modules/SwiftSyntax603.swiftmodule/x86_64-apple-macos.abi.json	4277ac6b49f8511196028a5ac20f5b1b1dfa754c24615d34068089f0b1739728
build/swiftpm/prebuilts/swift-syntax/603.0.2/swift-6.3.2-RELEASE-macos_universal-MacroSupport/Modules/SwiftSyntax603.swiftmodule/x86_64-apple-macos.swiftdoc	29ae9b176c6fca6c02848123cdee48a43a50d7e3e25cbec4ad8f598a0306fa29
build/swiftpm/prebuilts/swift-syntax/603.0.2/swift-6.3.2-RELEASE-macos_universal-MacroSupport/Modules/SwiftSyntax603.swiftmodule/x86_64-apple-macos.swiftmodule	1417ddb3219c30c05c53099b54fcd87d2203e6ac1ee7ee7a0361bf29b79ac15a
build/swiftpm/prebuilts/swift-syntax/603.0.2/swift-6.3.2-RELEASE-macos_universal-MacroSupport/Modules/SwiftSyntaxBuilder.swiftmodule/Project/arm64-apple-macos.swiftsourceinfo	d5a219ca93c0787e82b1b21cf58b3e1f94e9631b06df1ff89500b6b67920c3cc
build/swiftpm/prebuilts/swift-syntax/603.0.2/swift-6.3.2-RELEASE-macos_universal-MacroSupport/Modules/SwiftSyntaxBuilder.swiftmodule/Project/x86_64-apple-macos.swiftsourceinfo	d372d8981d0d5959097c6b49bfdebb572b6e817f8669367591c191823fdf31dd
build/swiftpm/prebuilts/swift-syntax/603.0.2/swift-6.3.2-RELEASE-macos_universal-MacroSupport/Modules/SwiftSyntaxBuilder.swiftmodule/arm64-apple-macos.abi.json	4277ac6b49f8511196028a5ac20f5b1b1dfa754c24615d34068089f0b1739728
build/swiftpm/prebuilts/swift-syntax/603.0.2/swift-6.3.2-RELEASE-macos_universal-MacroSupport/Modules/SwiftSyntaxBuilder.swiftmodule/arm64-apple-macos.swiftdoc	282ed069c89f101841ddff07a828d40f92dcab774b59689281fdcd07e46c1757
build/swiftpm/prebuilts/swift-syntax/603.0.2/swift-6.3.2-RELEASE-macos_universal-MacroSupport/Modules/SwiftSyntaxBuilder.swiftmodule/arm64-apple-macos.swiftmodule	9027b8a5155e2a78ab8feaae9c16cadcaffcdab03561e6bf83bf8e6aadc03cfc
build/swiftpm/prebuilts/swift-syntax/603.0.2/swift-6.3.2-RELEASE-macos_universal-MacroSupport/Modules/SwiftSyntaxBuilder.swiftmodule/x86_64-apple-macos.abi.json	4277ac6b49f8511196028a5ac20f5b1b1dfa754c24615d34068089f0b1739728
build/swiftpm/prebuilts/swift-syntax/603.0.2/swift-6.3.2-RELEASE-macos_universal-MacroSupport/Modules/SwiftSyntaxBuilder.swiftmodule/x86_64-apple-macos.swiftdoc	912c9fcccbf5165ac6a541636b691290e9b8a0deb4f6c5e63dc8994d199bff2b
build/swiftpm/prebuilts/swift-syntax/603.0.2/swift-6.3.2-RELEASE-macos_universal-MacroSupport/Modules/SwiftSyntaxBuilder.swiftmodule/x86_64-apple-macos.swiftmodule	9644d058057a4b960e2c43a82260ec2208f0dc0ef6f19406fa2e4835be327a5b
build/swiftpm/prebuilts/swift-syntax/603.0.2/swift-6.3.2-RELEASE-macos_universal-MacroSupport/Modules/SwiftSyntaxMacroExpansion.swiftmodule/Project/arm64-apple-macos.swiftsourceinfo	a8f65a8db48d2f54946f92a36bc69eb1c8c3242449563ed818c0843e08349f71
build/swiftpm/prebuilts/swift-syntax/603.0.2/swift-6.3.2-RELEASE-macos_universal-MacroSupport/Modules/SwiftSyntaxMacroExpansion.swiftmodule/Project/x86_64-apple-macos.swiftsourceinfo	aea9b54b8e1f95299d05bfce2f6acf61aaa953f162c2bde179ac82fdd0166767
build/swiftpm/prebuilts/swift-syntax/603.0.2/swift-6.3.2-RELEASE-macos_universal-MacroSupport/Modules/SwiftSyntaxMacroExpansion.swiftmodule/arm64-apple-macos.abi.json	4277ac6b49f8511196028a5ac20f5b1b1dfa754c24615d34068089f0b1739728
build/swiftpm/prebuilts/swift-syntax/603.0.2/swift-6.3.2-RELEASE-macos_universal-MacroSupport/Modules/SwiftSyntaxMacroExpansion.swiftmodule/arm64-apple-macos.swiftdoc	a28fddc4bcb88e2369ece9f873f8052c27ac8c2bb3150e19cb9b72e6442ef90d
build/swiftpm/prebuilts/swift-syntax/603.0.2/swift-6.3.2-RELEASE-macos_universal-MacroSupport/Modules/SwiftSyntaxMacroExpansion.swiftmodule/arm64-apple-macos.swiftmodule	d9181d9c8c17a6c3a41b66d230ad09cc95ac6f4efb604c1ed800ece079e72e29
build/swiftpm/prebuilts/swift-syntax/603.0.2/swift-6.3.2-RELEASE-macos_universal-MacroSupport/Modules/SwiftSyntaxMacroExpansion.swiftmodule/x86_64-apple-macos.abi.json	4277ac6b49f8511196028a5ac20f5b1b1dfa754c24615d34068089f0b1739728
build/swiftpm/prebuilts/swift-syntax/603.0.2/swift-6.3.2-RELEASE-macos_universal-MacroSupport/Modules/SwiftSyntaxMacroExpansion.swiftmodule/x86_64-apple-macos.swiftdoc	d25aab014856327f7a40420ee7266d60704f942affef0f1c94641d2dbcf0cad1
build/swiftpm/prebuilts/swift-syntax/603.0.2/swift-6.3.2-RELEASE-macos_universal-MacroSupport/Modules/SwiftSyntaxMacroExpansion.swiftmodule/x86_64-apple-macos.swiftmodule	c93949dd9b7c12d9866140018dbdfb49e620d64bb41076eecb8372d542fc27d6
build/swiftpm/prebuilts/swift-syntax/603.0.2/swift-6.3.2-RELEASE-macos_universal-MacroSupport/Modules/SwiftSyntaxMacros.swiftmodule/Project/arm64-apple-macos.swiftsourceinfo	4bc62ee906975316781c697302313bbf2d2e96036bde180110d2fd53c876a84f
build/swiftpm/prebuilts/swift-syntax/603.0.2/swift-6.3.2-RELEASE-macos_universal-MacroSupport/Modules/SwiftSyntaxMacros.swiftmodule/Project/x86_64-apple-macos.swiftsourceinfo	1998bce2f39bc7fa4f8b5b39f9b70cd096e4c9bb717e3148434331671c64faa6
build/swiftpm/prebuilts/swift-syntax/603.0.2/swift-6.3.2-RELEASE-macos_universal-MacroSupport/Modules/SwiftSyntaxMacros.swiftmodule/arm64-apple-macos.abi.json	4277ac6b49f8511196028a5ac20f5b1b1dfa754c24615d34068089f0b1739728
build/swiftpm/prebuilts/swift-syntax/603.0.2/swift-6.3.2-RELEASE-macos_universal-MacroSupport/Modules/SwiftSyntaxMacros.swiftmodule/arm64-apple-macos.swiftdoc	2391a270faf1a3e9d343725038160e5eb0b5844c40585d719372e2df2e01dd33
build/swiftpm/prebuilts/swift-syntax/603.0.2/swift-6.3.2-RELEASE-macos_universal-MacroSupport/Modules/SwiftSyntaxMacros.swiftmodule/arm64-apple-macos.swiftmodule	05a3f45a29e58acb9b4d172e0dacbac7da81314243e5295d28fb47d1e01dbda1
build/swiftpm/prebuilts/swift-syntax/603.0.2/swift-6.3.2-RELEASE-macos_universal-MacroSupport/Modules/SwiftSyntaxMacros.swiftmodule/x86_64-apple-macos.abi.json	4277ac6b49f8511196028a5ac20f5b1b1dfa754c24615d34068089f0b1739728
build/swiftpm/prebuilts/swift-syntax/603.0.2/swift-6.3.2-RELEASE-macos_universal-MacroSupport/Modules/SwiftSyntaxMacros.swiftmodule/x86_64-apple-macos.swiftdoc	136540f583e9186795fa12f75a7cda2eb83d5f1d82715fd2a07cf1a963b6e55f
build/swiftpm/prebuilts/swift-syntax/603.0.2/swift-6.3.2-RELEASE-macos_universal-MacroSupport/Modules/SwiftSyntaxMacros.swiftmodule/x86_64-apple-macos.swiftmodule	39e7f673d00e8625cf2e80555a9169ec161142709d3fc360c4b82d3ee8c17099
build/swiftpm/prebuilts/swift-syntax/603.0.2/swift-6.3.2-RELEASE-macos_universal-MacroSupport/Modules/SwiftSyntaxMacrosGenericTestSupport.swiftmodule/Project/arm64-apple-macos.swiftsourceinfo	a3507e281e9dd2ef5916cb52b044a88b61eaa5101257cab53e466169ff331e0a
build/swiftpm/prebuilts/swift-syntax/603.0.2/swift-6.3.2-RELEASE-macos_universal-MacroSupport/Modules/SwiftSyntaxMacrosGenericTestSupport.swiftmodule/Project/x86_64-apple-macos.swiftsourceinfo	1f08347e97b2466f99f9ffbb307ef64bec216a0996bac939bd7f5a5d945b2bf1
build/swiftpm/prebuilts/swift-syntax/603.0.2/swift-6.3.2-RELEASE-macos_universal-MacroSupport/Modules/SwiftSyntaxMacrosGenericTestSupport.swiftmodule/arm64-apple-macos.abi.json	4277ac6b49f8511196028a5ac20f5b1b1dfa754c24615d34068089f0b1739728
build/swiftpm/prebuilts/swift-syntax/603.0.2/swift-6.3.2-RELEASE-macos_universal-MacroSupport/Modules/SwiftSyntaxMacrosGenericTestSupport.swiftmodule/arm64-apple-macos.swiftdoc	381679eba47bd5eeb812630ff525d1bdb42b7c4b2bf59a4ff8360ea86580345e
build/swiftpm/prebuilts/swift-syntax/603.0.2/swift-6.3.2-RELEASE-macos_universal-MacroSupport/Modules/SwiftSyntaxMacrosGenericTestSupport.swiftmodule/arm64-apple-macos.swiftmodule	c7f6b9190e3af4fb58fab475ca1b514f26c64c5954da01347f083ddc6d803da2
build/swiftpm/prebuilts/swift-syntax/603.0.2/swift-6.3.2-RELEASE-macos_universal-MacroSupport/Modules/SwiftSyntaxMacrosGenericTestSupport.swiftmodule/x86_64-apple-macos.abi.json	4277ac6b49f8511196028a5ac20f5b1b1dfa754c24615d34068089f0b1739728
build/swiftpm/prebuilts/swift-syntax/603.0.2/swift-6.3.2-RELEASE-macos_universal-MacroSupport/Modules/SwiftSyntaxMacrosGenericTestSupport.swiftmodule/x86_64-apple-macos.swiftdoc	12b2852b9a45463737a01b6961f34f8de6c5c0e403b3cf3cbec29f69650fcfde
build/swiftpm/prebuilts/swift-syntax/603.0.2/swift-6.3.2-RELEASE-macos_universal-MacroSupport/Modules/SwiftSyntaxMacrosGenericTestSupport.swiftmodule/x86_64-apple-macos.swiftmodule	e9f1fd2ce75f20384d46c57ff4b016173fddc238dfa68604f492649ca5204aeb
build/swiftpm/prebuilts/swift-syntax/603.0.2/swift-6.3.2-RELEASE-macos_universal-MacroSupport/Modules/SwiftSyntaxMacrosTestSupport.swiftmodule/Project/arm64-apple-macos.swiftsourceinfo	f4422605fe838e82c963c364aa79f8dd91d32c7d0e4c7bfba8cd70c18ae61b13
build/swiftpm/prebuilts/swift-syntax/603.0.2/swift-6.3.2-RELEASE-macos_universal-MacroSupport/Modules/SwiftSyntaxMacrosTestSupport.swiftmodule/Project/x86_64-apple-macos.swiftsourceinfo	230b37f0d0816c5f7cc64bc8ed55a07a43758f6ec8f02eff0b391f3b63f2802b
build/swiftpm/prebuilts/swift-syntax/603.0.2/swift-6.3.2-RELEASE-macos_universal-MacroSupport/Modules/SwiftSyntaxMacrosTestSupport.swiftmodule/arm64-apple-macos.abi.json	4277ac6b49f8511196028a5ac20f5b1b1dfa754c24615d34068089f0b1739728
build/swiftpm/prebuilts/swift-syntax/603.0.2/swift-6.3.2-RELEASE-macos_universal-MacroSupport/Modules/SwiftSyntaxMacrosTestSupport.swiftmodule/arm64-apple-macos.swiftdoc	d94fbb9e8023e95173793e2b457dcfe99ccc557b5d5e8c61e68544297d2d8efe
build/swiftpm/prebuilts/swift-syntax/603.0.2/swift-6.3.2-RELEASE-macos_universal-MacroSupport/Modules/SwiftSyntaxMacrosTestSupport.swiftmodule/arm64-apple-macos.swiftmodule	fb77d8f75443acab849dfa9815cd1747b08a9e7e89f3fafde20302dff88bf753
build/swiftpm/prebuilts/swift-syntax/603.0.2/swift-6.3.2-RELEASE-macos_universal-MacroSupport/Modules/SwiftSyntaxMacrosTestSupport.swiftmodule/x86_64-apple-macos.abi.json	4277ac6b49f8511196028a5ac20f5b1b1dfa754c24615d34068089f0b1739728
build/swiftpm/prebuilts/swift-syntax/603.0.2/swift-6.3.2-RELEASE-macos_universal-MacroSupport/Modules/SwiftSyntaxMacrosTestSupport.swiftmodule/x86_64-apple-macos.swiftdoc	0b6422a0566f38a7b34f27288846c47c93dc336df6b5abc51ef1b6667f4cc3d6
build/swiftpm/prebuilts/swift-syntax/603.0.2/swift-6.3.2-RELEASE-macos_universal-MacroSupport/Modules/SwiftSyntaxMacrosTestSupport.swiftmodule/x86_64-apple-macos.swiftmodule	a0278c144bf3615c3c36579ded0f4ccee201b66d080f4fdbf803686f0a913970
build/swiftpm/prebuilts/swift-syntax/603.0.2/swift-6.3.2-RELEASE-macos_universal-MacroSupport/Modules/SwiftWarningControl.swiftmodule/Project/arm64-apple-macos.swiftsourceinfo	4063bec10f3876989d771e7fcacd2d7458d7adeb0032f17a12b0427de1b6735d
build/swiftpm/prebuilts/swift-syntax/603.0.2/swift-6.3.2-RELEASE-macos_universal-MacroSupport/Modules/SwiftWarningControl.swiftmodule/Project/x86_64-apple-macos.swiftsourceinfo	ba496293768b10bdbeec454bb08591daaaeda944e244a96e0eaa7bfd8d325ee5
build/swiftpm/prebuilts/swift-syntax/603.0.2/swift-6.3.2-RELEASE-macos_universal-MacroSupport/Modules/SwiftWarningControl.swiftmodule/arm64-apple-macos.abi.json	4277ac6b49f8511196028a5ac20f5b1b1dfa754c24615d34068089f0b1739728
build/swiftpm/prebuilts/swift-syntax/603.0.2/swift-6.3.2-RELEASE-macos_universal-MacroSupport/Modules/SwiftWarningControl.swiftmodule/arm64-apple-macos.swiftdoc	610b8b94f1843cea307e58d47e87a65cfd00411acdf01e256a8ffdf8d7bfb822
build/swiftpm/prebuilts/swift-syntax/603.0.2/swift-6.3.2-RELEASE-macos_universal-MacroSupport/Modules/SwiftWarningControl.swiftmodule/arm64-apple-macos.swiftmodule	8ab21b9bcaf7032a30f5a01ca38cb2a673761f40666887c268906097474fb537
build/swiftpm/prebuilts/swift-syntax/603.0.2/swift-6.3.2-RELEASE-macos_universal-MacroSupport/Modules/SwiftWarningControl.swiftmodule/x86_64-apple-macos.abi.json	4277ac6b49f8511196028a5ac20f5b1b1dfa754c24615d34068089f0b1739728
build/swiftpm/prebuilts/swift-syntax/603.0.2/swift-6.3.2-RELEASE-macos_universal-MacroSupport/Modules/SwiftWarningControl.swiftmodule/x86_64-apple-macos.swiftdoc	c2bddcc135d9a9fa73aefb09e19d88ea6a0ee36c172b20d95a3d11d69e575853
build/swiftpm/prebuilts/swift-syntax/603.0.2/swift-6.3.2-RELEASE-macos_universal-MacroSupport/Modules/SwiftWarningControl.swiftmodule/x86_64-apple-macos.swiftmodule	b32bc23741b1187e91239982441ae10bc475daa9d9917072cfc50a65c8ea21ca
build/swiftpm/prebuilts/swift-syntax/603.0.2/swift-6.3.2-RELEASE-macos_universal-MacroSupport/Modules/_SwiftSyntaxGenericTestSupport.swiftmodule/Project/arm64-apple-macos.swiftsourceinfo	3aea023906aca3cc2fcbd54cbe4f1e24a312ca528e149b64fa7f26d788371372
build/swiftpm/prebuilts/swift-syntax/603.0.2/swift-6.3.2-RELEASE-macos_universal-MacroSupport/Modules/_SwiftSyntaxGenericTestSupport.swiftmodule/Project/x86_64-apple-macos.swiftsourceinfo	a499c014f6ac5440588cbff6ce2d6b7abbd08316adb848f80ced15682fb7ed5c
build/swiftpm/prebuilts/swift-syntax/603.0.2/swift-6.3.2-RELEASE-macos_universal-MacroSupport/Modules/_SwiftSyntaxGenericTestSupport.swiftmodule/arm64-apple-macos.abi.json	4277ac6b49f8511196028a5ac20f5b1b1dfa754c24615d34068089f0b1739728
build/swiftpm/prebuilts/swift-syntax/603.0.2/swift-6.3.2-RELEASE-macos_universal-MacroSupport/Modules/_SwiftSyntaxGenericTestSupport.swiftmodule/arm64-apple-macos.swiftdoc	a9a09dd334fcd433fe6c5c63e3d323811b9b088a51158f3fb662425a60c3d148
build/swiftpm/prebuilts/swift-syntax/603.0.2/swift-6.3.2-RELEASE-macos_universal-MacroSupport/Modules/_SwiftSyntaxGenericTestSupport.swiftmodule/arm64-apple-macos.swiftmodule	b199bfa583357aaea9f4f144887e8d012d321ea4853a310efe88f1d50b1ed9c5
build/swiftpm/prebuilts/swift-syntax/603.0.2/swift-6.3.2-RELEASE-macos_universal-MacroSupport/Modules/_SwiftSyntaxGenericTestSupport.swiftmodule/x86_64-apple-macos.abi.json	4277ac6b49f8511196028a5ac20f5b1b1dfa754c24615d34068089f0b1739728
build/swiftpm/prebuilts/swift-syntax/603.0.2/swift-6.3.2-RELEASE-macos_universal-MacroSupport/Modules/_SwiftSyntaxGenericTestSupport.swiftmodule/x86_64-apple-macos.swiftdoc	337423137032266e39f7e3ed8ddacbc3f4e4a53ab1be4dbd96c23c85e2fc5e58
build/swiftpm/prebuilts/swift-syntax/603.0.2/swift-6.3.2-RELEASE-macos_universal-MacroSupport/Modules/_SwiftSyntaxGenericTestSupport.swiftmodule/x86_64-apple-macos.swiftmodule	87f38273416cd21aafc1cdb27be8a8c72c3d23325dcccede2704ae1d949ca784
build/swiftpm/prebuilts/swift-syntax/603.0.2/swift-6.3.2-RELEASE-macos_universal-MacroSupport/lib/libMacroSupport.a	b3e79ef59e1778527bdefdd1467cd0235bfd05ad0bf6137c23ab464e7fef9e8c
build/swiftpm/prebuilts/swift-syntax/603.0.2/swift-6.3.2-RELEASE-macos_universal.json	7c7ed54ed68a00c1ad0533b9d22fee07b96af75275502cb2b3dc129eea5d5d65
build/swiftpm/release.yaml	3072c0039b08df23d36c3d1a8c76df4c5a283c0b45b6a383c48e5789721d6065
build/swiftpm/repositories/swift-syntax-e1f983d3/FETCH_HEAD	542a85067e9184d3b6761942b3d26e376d7cf687885dd18306415d6e05a8024d
build/swiftpm/repositories/swift-syntax-e1f983d3/HEAD	28d25bf82af4c0e2b72f50959b2beb859e3e60b9630a5e8c603dad4ddb2b6e80
build/swiftpm/repositories/swift-syntax-e1f983d3/config	010d1cd57fb5abd4069259475313897a15160ad396fa03fbf3f9964d469a263a
build/swiftpm/repositories/swift-syntax-e1f983d3/description	85ab6c163d43a17ea9cf7788308bca1466f1b0a8d1cc92e26e9bf63da4062aee
build/swiftpm/repositories/swift-syntax-e1f983d3/hooks/applypatch-msg.sample	0223497a0b8b033aa58a3a521b8629869386cf7ab0e2f101963d328aa62193f7
build/swiftpm/repositories/swift-syntax-e1f983d3/hooks/commit-msg.sample	1f74d5e9292979b573ebd59741d46cb93ff391acdd083d340b94370753d92437
build/swiftpm/repositories/swift-syntax-e1f983d3/hooks/fsmonitor-watchman.sample	e0549964e93897b519bd8e333c037e51fff0f88ba13e086a331592bf801fa1d0
build/swiftpm/repositories/swift-syntax-e1f983d3/hooks/post-update.sample	81765af2daef323061dcbc5e61fc16481cb74b3bac9ad8a174b186523586f6c5
build/swiftpm/repositories/swift-syntax-e1f983d3/hooks/pre-applypatch.sample	e15c5b469ea3e0a695bea6f2c82bcf8e62821074939ddd85b77e0007ff165475
build/swiftpm/repositories/swift-syntax-e1f983d3/hooks/pre-commit.sample	57185b7b9f05239d7ab52db045f5b89eb31348d7b2177eab214f5eb872e1971b
build/swiftpm/repositories/swift-syntax-e1f983d3/hooks/pre-merge-commit.sample	d3825a70337940ebbd0a5c072984e13245920cdf8898bd225c8d27a6dfc9cb53
build/swiftpm/repositories/swift-syntax-e1f983d3/hooks/pre-push.sample	ecce9c7e04d3f5dd9d8ada81753dd1d549a9634b26770042b58dda00217d086a
build/swiftpm/repositories/swift-syntax-e1f983d3/hooks/pre-rebase.sample	4febce867790052338076f4e66cc47efb14879d18097d1d61c8261859eaaa7b3
build/swiftpm/repositories/swift-syntax-e1f983d3/hooks/pre-receive.sample	a4c3d2b9c7bb3fd8d1441c31bd4ee71a595d66b44fcf49ddb310252320169989
build/swiftpm/repositories/swift-syntax-e1f983d3/hooks/prepare-commit-msg.sample	e9ddcaa4189fddd25ed97fc8c789eca7b6ca16390b2392ae3276f0c8e1aa4619
build/swiftpm/repositories/swift-syntax-e1f983d3/hooks/push-to-checkout.sample	a53d0741798b287c6dd7afa64aee473f305e65d3f49463bb9d7408ec3b12bf5f
build/swiftpm/repositories/swift-syntax-e1f983d3/hooks/sendemail-validate.sample	44ebfc923dc5466bc009602f0ecf067b9c65459abfe8868ddc49b78e6ced7a92
build/swiftpm/repositories/swift-syntax-e1f983d3/hooks/update.sample	8d5f2fa83e103cf08b57eaa67521df9194f45cbdbcb37da52ad586097a14d106
build/swiftpm/repositories/swift-syntax-e1f983d3/info/exclude	6671fe83b7a07c8932ee89164d1f2793b2318058eb8b98dc5c06ee0a5a3b0ec1
build/swiftpm/repositories/swift-syntax-e1f983d3/objects/00/2fd74c62fb0af3b8f44560900c980936e0c52c	c8d89c8d4314e1b49b36039633646dcf5568a1fd8365a27a986aa26617dc39c5
build/swiftpm/repositories/swift-syntax-e1f983d3/objects/00/6b412a2dc0918615d179fd0e8cdf97b05d8265	04bda0254696dfd28314104e478725b8f7cecb2e6c7f24a0f2242bfbebdd8689
build/swiftpm/repositories/swift-syntax-e1f983d3/objects/00/9059b7d2ae83a5807ad5af7ac9c60f28bd349a	6e91b64c8fa8cfed06fce328dd29ce5e4a02a20590ab605d709b0ecf87ea3638
build/swiftpm/repositories/swift-syntax-e1f983d3/objects/00/be6e91b3118b73e20ead6a4c25f4983a9c502f	4406bb55cfdf5f310b2b816949be7051cd5c8f21bf73f165dceb41e6f9176e71
build/swiftpm/repositories/swift-syntax-e1f983d3/objects/00/e8a45ead1e25fc0ef9b2d533fc8ef1f463a328	cd6ec99410ef1c7a7b28c20368a7e9745d2b5193d36943162ddb413c545f2917
build/swiftpm/repositories/swift-syntax-e1f983d3/objects/01/6fe36104aeb9bfd32e734b17b18660e63ae0e9	dec2eedb134b9b59ca5fee0774ba76f7f88a2e2872c8195f8c08b5f8f51df1f5
build/swiftpm/repositories/swift-syntax-e1f983d3/objects/01/a494d52dc0b03e3ff9b70d97db6a28da6598ab	cdb5c5a1a76a4059f57a8dce272e26a3e63fa898cd976ff1f4dbce5949718a32
build/swiftpm/repositories/swift-syntax-e1f983d3/objects/01/b303f3127adf2e7778d77529cafc46c6efde61	62522e98f12cd6aa9f17996110754de19ff98e8211e4f72e6e2a45d2cb881c27
build/swiftpm/repositories/swift-syntax-e1f983d3/objects/01/b424b47ce3ca9638db8afbb2d479ea120eae57	3282a62b40b11de5bd662938ee18c5b6819558d923e9c64a981c761b88f0594a
build/swiftpm/repositories/swift-syntax-e1f983d3/objects/02/2745f370e4c99cd8850964ffd691ae2ddd5582	462b2c484cfa8c4098dbd5254dac83be0155ef27f85489d2e4590784b4782b34
build/swiftpm/repositories/swift-syntax-e1f983d3/objects/02/47f59187e6c61f9d2bcf583cc30d2e5c34e619	1ffa0abc923b95a0a5c8564a229ab65663ca26d95df5f95ebf975defa7b2ad82
build/swiftpm/repositories/swift-syntax-e1f983d3/objects/02/c90712fdad99163744adc5c6efa474195e2582	159f34715d7c583c2666b4d0307335a42dc38cb24c8dc31dfa7972229349831e
build/swiftpm/repositories/swift-syntax-e1f983d3/objects/02/f2bc0c4728f8c1c32b241b65b86850dfd24208	4bb6a833f7353202f3baacf23f17bc5a64f5bda04caa977d1aa0fdf6cc63a75a
build/swiftpm/repositories/swift-syntax-e1f983d3/objects/03/6e1096293fec31fe86dc108fbdb471f8fb820f	23cb025b32ffa4892e4153ece72b8b3325fbebaa2142cca8be602877799f88db
build/swiftpm/repositories/swift-syntax-e1f983d3/objects/03/80a38dbf3028de450ad766c699d8bcfbebaf22	7bf645cd9d4213cf5eb2c8ecd58b6ade109e398e540a4423f5e57432de791ae6
build/swiftpm/repositories/swift-syntax-e1f983d3/objects/03/e7e83ef69cff396471596547afda431a905340	924c0ba68962560f5b005517d842c711c645bc42fe36c926f2ac87002dc9913f
build/swiftpm/repositories/swift-syntax-e1f983d3/objects/03/f97f6c7d8443d8db4b0fe8f0248dcd17b53bf2	d100eec16b019e1dd6212276c3fc1da36ffb8dce0000553e242cd382659085a6
build/swiftpm/repositories/swift-syntax-e1f983d3/objects/04/17de6a829c73f0c33ee0f297d62eff3e87e3b0	abbe038437a2015f66e00821b5b586ef3420591856cb429799be93de0a142927
build/swiftpm/repositories/swift-syntax-e1f983d3/objects/04/9dcd9123e5fdc826650743d0b5e8d6ba9df286	84ba2529d72ffe1c9011194a4e1017644ef5232f37b0075055524458f7174a63
build/swiftpm/repositories/swift-syntax-e1f983d3/objects/05/67e92cf01f841765a1527ff4a3ea96e25968e9	8e11d3a3456b64590ed78f96ff487724bf2e500110f0d5ed5f1d637315e50c25
build/swiftpm/repositories/swift-syntax-e1f983d3/objects/05/69c3b248b71a231dd7fb056675616bba31f3b6	9dd1333a4b462ba3b424b39b228edc1e243fcfe1f3c43ec3b04e2a434957f953
build/swiftpm/repositories/swift-syntax-e1f983d3/objects/05/84d4c92531c7272582dd9c4e1abed610774e5a	b5c19c5883a1a9732fd4c7fb03d8e1fa6493c24df3726e31e548ca47ec718570
build/swiftpm/repositories/swift-syntax-e1f983d3/objects/05/cd3b50a8b132e7e2c571165ea9c24ca0b451c5	e02e1e3b51f79a8c1276228a742231c6a43e32b2584d6e2ff69805b2b38713cf
build/swiftpm/repositories/swift-syntax-e1f983d3/objects/05/e238059856e0e6b37ebab2a7f298f84e46700a	6ac671fd8e1f70cab50ed80d7cd1c35415ba52507ce3f3639754483b0dfef66d
build/swiftpm/repositories/swift-syntax-e1f983d3/objects/05/f308c9724e74dbaa8ffe17d49cf33b0a97165a	c424a4b0ff05de2723b429c70d317bf6ba865b5130825894d7de9fe252a8a7b5
build/swiftpm/repositories/swift-syntax-e1f983d3/objects/06/1cf188e9647eb42dfa6370f4bc5a2eaab35e51	9e0317de4cbd629736280c9352d35a07a2ae5c9cee8351b3d628beaa5b74579b
build/swiftpm/repositories/swift-syntax-e1f983d3/objects/06/3fdaf40ea6f2b305caa5e18733b1639cd6ee69	e01176ea292164e36f4db05d8c4fa11636c0ecbd455f2928feb8ecf865f99ec7
build/swiftpm/repositories/swift-syntax-e1f983d3/objects/06/43d84023ea26b4d0d0bd1f81d719d819019ed3	64b9b336fb27a9088d29becf3f7d976a93994ad7da33ec3b8ca56d4559548ace
build/swiftpm/repositories/swift-syntax-e1f983d3/objects/06/623a716e6636ff28594c6aa9bed452cf813067	9c5675dfe6e185dee908431781cc7e5d6c49dbdcf28263e6d58bacaa05de3f84
build/swiftpm/repositories/swift-syntax-e1f983d3/objects/07/2271dcc1b884bd52ed641cd07a52bd69321185	550ab648eb077fa24ac9d68b133a5a7fb70bc0d582e92205ebf1ad55d3fb9ae3
build/swiftpm/repositories/swift-syntax-e1f983d3/objects/07/4737dc0ecb2ebd44ef329928f1159559c28dca	6f1906546785a98d0dc5d1938facd31add94af2110adcd39612b82b203985b09
build/swiftpm/repositories/swift-syntax-e1f983d3/objects/07/4b696f5a9d559f4d25da28fbb762f6747aa217	5d68a2c1269ee431aff9f053b531c34f070117cd524d1d151ef63ac0f9c6e1f1
build/swiftpm/repositories/swift-syntax-e1f983d3/objects/07/71162ef85abbf1859005e39c934ac09721fb0c	3b10888f2809991aed340e27d1a88f63ce587690c127ad3d138a13cd1309d1b9
build/swiftpm/repositories/swift-syntax-e1f983d3/objects/07/ccf9d3622553a007c8620b399761f659c3185d	e0e69f388ea8510357453571bb8fd933acf5c5e362e7afb6627592f4ffa681e6
build/swiftpm/repositories/swift-syntax-e1f983d3/objects/08/33b27fdbd17db34b5df3dc79c9d2a901878214	006c87430ef046ad911cd8e1895310fabb5edb8af27a90301c6aab99d556cb9f
build/swiftpm/repositories/swift-syntax-e1f983d3/objects/08/4e353ee692fe9a4552d8db0bb006f8eb84cd8c	b5ff2e44f64c0b1d3d2c8fec9b750a634fc617e42ab23c38142f65f2361dad6b
build/swiftpm/repositories/swift-syntax-e1f983d3/objects/08/ebd86fdd3477d029bcd3343ed92dc627de076d	f76f5fa98200f0aede726fd4fa02349066442efa54db4adcee59971d4d67056a
build/swiftpm/repositories/swift-syntax-e1f983d3/objects/09/8a4c261cf77573052dcfea50743c9638c8b699	996fef55a92dd7075e533d737ee4645ace6323fe57d61a29fe14dba67d1182d7
build/swiftpm/repositories/swift-syntax-e1f983d3/objects/09/bdc3bc93bed55dcea46cba27dd2b48932e7d17	e8dbaeae6d14cd82ab27cc64696027a8d29853cd01840cfaa2da6e8c34f282a1
build/swiftpm/repositories/swift-syntax-e1f983d3/objects/09/e3b3963b7a98508f69d08cb9be3e98c6636b37	d0394b07e6af1268797f548263c0d505786f558b655a43ebad847bc199507486
build/swiftpm/repositories/swift-syntax-e1f983d3/objects/0a/1bf2971ce0ec3d7e762198d4aab90dd36e978c	618e18be6a5d1f2b139e3a027ce8f0dd7eda6b12fce8f1cca227ce140da5e5a8
build/swiftpm/repositories/swift-syntax-e1f983d3/objects/0b/12c874718c795ef597d5201db3a40f8bcf1d72	6daae97170060e8c19b62fad4c850d0a2910d475e19281a64c1f6902f867f1be
build/swiftpm/repositories/swift-syntax-e1f983d3/objects/0b/747c84c005c04201685662473dd7d01ee584c9	09d27c10cca5ff25f1949df05158577c35c75a76f9da15c931d6dcc409cdb2ca
build/swiftpm/repositories/swift-syntax-e1f983d3/objects/0c/60682f0d8a2022616a697eae8ccd573693f0af	934bca8c92331d7df6542d89139ba5a278b2ba476b560fa28d08bcf00bf9b185
build/swiftpm/repositories/swift-syntax-e1f983d3/objects/0c/647fa871e0463c242459e89e57018f54a126df	ebb6f96419c2d9340e7b0c7e69fd2109da30e9ce1ffc4df2e87e3a8cbdf6581d
build/swiftpm/repositories/swift-syntax-e1f983d3/objects/0c/7469868a7624abcdac1827925ff820f472fe59	be465b6d9be1ea5d47ce50c70ed7b7e4023adfd4bc44f9a8d65c50c03dbd89ab
build/swiftpm/repositories/swift-syntax-e1f983d3/objects/0c/8f60bd715079025b314aac8d13f0cb8252ab62	cb1c6744a20269b06e4990a7c4fafb1fdec208a66e56e20aabc21d0b4e8ed39c
build/swiftpm/repositories/swift-syntax-e1f983d3/objects/0d/823efd35d6154487041eeb130cdbce315cc71b	bd1d50a6235e1ca86ab85ca11b033468e660ed308a0b20d973389629489bc6ed
build/swiftpm/repositories/swift-syntax-e1f983d3/objects/0d/a15f01c06e51e690af34e8ce4370f75690d83d	34a27a1241e4581d1c0723bb2241297f38e6a22c032e912a4d122ca0075af8cb
build/swiftpm/repositories/swift-syntax-e1f983d3/objects/0d/bd6e386c2643a2b610acda8de186258339ca9c	004f8fb63c8bfa0c8f7d27f21cb38781a0118cbf35653d1078df7f4d349f56a8
build/swiftpm/repositories/swift-syntax-e1f983d3/objects/0e/2ad2fc1de15d4743c15520818d3ee2ec9c95d8	94f3dcb4072d81c71260d1d9fe441f73ae0fb9fb0e870be4e3fa2a815f77cd69
build/swiftpm/repositories/swift-syntax-e1f983d3/objects/0e/c21ceb2eb9dedbd051e3dcb5233f44c0856652	7c488df3c871ec6756eff39eede6939d45be12de8b41d2ecdeafda4087a1f89e
build/swiftpm/repositories/swift-syntax-e1f983d3/objects/0e/fb699350043617d264bce8f8b1bc6c92dffa80	fe5e408aecb4bd006c49506599e6d79c4d967f0c2c17e6ae6721706a857b527b
build/swiftpm/repositories/swift-syntax-e1f983d3/objects/0f/21d04eec54a3befda860912abd5af3cbc9965a	3d870d590259011756cb706726acf2434c160a91f933b1dbc65e02ca29a99254
build/swiftpm/repositories/swift-syntax-e1f983d3/objects/0f/2256eb8e378377cd28a146a8f4170e8ba77dad	e04758ad8bbb0220ac80628c6ed5c41bdcf24c6fe7ef1c112bd83bf71bb39d28
build/swiftpm/repositories/swift-syntax-e1f983d3/objects/0f/68f135d5d0ca5ed5125d3e2cb56e30e6117d4b	9bb730ff9e2f56179fd50cd442433cbf8e9896221c2381edabcb1cfe99e692ac
build/swiftpm/repositories/swift-syntax-e1f983d3/objects/0f/7a1b7b1baaedfe03224a751ad152e1d6972d43	3babc9fc683db4014ec71bdd51d55ba25a6755c726ea0a19595be922da536da2
build/swiftpm/repositories/swift-syntax-e1f983d3/objects/0f/7a57c5888ccd0bd599e5b8b6fb928b9641f1b8	3f65d765e56152b3031ce117284ed98e3aa024b150c31b643b06d19baa4b0f0e
build/swiftpm/repositories/swift-syntax-e1f983d3/objects/10/13ca4a2660b9c2f1d9f71a411381f3f9546bc4	f2df7791cdc62e0332399ab4f201a38c60599b40e7e6231bff24c6615bd7c9e5
build/swiftpm/repositories/swift-syntax-e1f983d3/objects/10/5c361081d19bce944522b1a86f75213c390f7a	d38f9309200ef010bc794b0982f609912ce494bd428da0545fcb8add830305e8
build/swiftpm/repositories/swift-syntax-e1f983d3/objects/11/b6410f7188a6c4036d68d5218bf4d88e930b96	a61aa097900f5fc2a748de9a49cd1c140f98742872f59c7660b66da083f649ad
build/swiftpm/repositories/swift-syntax-e1f983d3/objects/13/42294ddf3d8f1052d7972ee6200ac9249fbaa1	9b2eb058fb59ebef51b94932068b0eb01826bf952a6349ecb138ddcade106dd8
build/swiftpm/repositories/swift-syntax-e1f983d3/objects/13/6087a73c898d0cb6d9d1eb70146b3fac081966	e8a1cc5ccdf293a3613ca81b2b870dfbe15b072896aee19e34517d22bf6d51f6
build/swiftpm/repositories/swift-syntax-e1f983d3/objects/14/11d5c9e4b6f4fe71e00ce7580da28c1831277f	8c6d81936f5c1010734adcb0fdad1f08cb9b34d4a2f71f0aed835b587c9afe20
build/swiftpm/repositories/swift-syntax-e1f983d3/objects/14/5fe419527aa816731c2e45ba8acb34663220d5	c4dec58a6d79e6e7245cfaefb32e7dbd9fdd645842eb5fc41f581188e97935cf
build/swiftpm/repositories/swift-syntax-e1f983d3/objects/15/33ec0c6709ec59a57a17b2da014823046cecf7	8d7af0f3e7776f980d2273caa4a66ff085821b6fcb96c9822d165e7b78de5e26
build/swiftpm/repositories/swift-syntax-e1f983d3/objects/15/50d2dda811aee7f4bf6bb149b38c666e8974d9	b3a5682cf4ce1427e4caccf102053437e6981cf234ee7939405a91920d61e349
build/swiftpm/repositories/swift-syntax-e1f983d3/objects/15/813d049e71aae72b10be7ed409f762e4b2bd92	3858e141d1346f28ca9ebb64b85d0fd784972e3f07f7c133151dc81f39f53645
build/swiftpm/repositories/swift-syntax-e1f983d3/objects/15/a382a60ef406c1f6ac768246092732815c3939	1cd79b2b9d1448a7cfd5706afc9091ef1159fe6a8620b2d5b81497168254fac1
build/swiftpm/repositories/swift-syntax-e1f983d3/objects/17/2b7073bcd57138a4e3d279905a1d3c867daa74	d25171ee7d24d126e071918e5b931825385179f35ffb7b16af10b6dcdb3e9a4f
build/swiftpm/repositories/swift-syntax-e1f983d3/objects/17/caace8fb1ca03001ca28b1512399780b305664	8441e03eb8caa9e7b474afc8b779b20230c407adbc2e2e25984a661d4b37daeb
build/swiftpm/repositories/swift-syntax-e1f983d3/objects/18/7d5a8e853b9ce98fb84866bc67d7c399a14c25	538093ae6dbb168d4de7e4a493ae70a7fcde4fac7b4720e1ea0c767ec86f3ec3
build/swiftpm/repositories/swift-syntax-e1f983d3/objects/18/ad1f72b0624e57a63aeedbb64abf76c8fcd67b	5813b7b6cb94c8c71012d669de48c6b3f6e27964533abfed8f3272fd8666e9ac
build/swiftpm/repositories/swift-syntax-e1f983d3/objects/18/cacfefb0a855a3dc4b2e6f50a43e9679127d17	d54ed6ef5342be8e9e36ff00c18aca82fb70149909c1caddd7295c268ab3cbfb
build/swiftpm/repositories/swift-syntax-e1f983d3/objects/19/03f360fb9036a61b8f185a2074f7d39d531f5b	f409a438c79bbe79023eba3d6aa53f0b494c0d7893abcea63728d354d49f53ae
build/swiftpm/repositories/swift-syntax-e1f983d3/objects/19/388223cf076034f1a069b30b4d8872347fbe31	b8251aada7c9f1d75949ceed6cd4fe9288d72c83c160b4dd4d1f20e07a2b058a
build/swiftpm/repositories/swift-syntax-e1f983d3/objects/19/90610f0c771da7c7ab653837d2ce6364500625	52204a41eef598f1a0d3143084ad4631940cd08b5b043c339ec65b50763262ff
build/swiftpm/repositories/swift-syntax-e1f983d3/objects/19/abf6e0402010d10503c03b5027c170ee285829	009bbbf82cc31fe6d3d720a3144f5baf938277b2f3fff96afd9fa4d99c43b1c9
build/swiftpm/repositories/swift-syntax-e1f983d3/objects/1a/313100cd0392b2c2a65878161a9a6dfb0bc4d8	a8d15286ae9eb3598ad7429dc0e7b66ffddf885577ad23f4f9a5dd045309747d
build/swiftpm/repositories/swift-syntax-e1f983d3/objects/1b/68f51f8f6ed58452a32b224d366707a0284cf0	09d9fe56f1a2042159810ddca90a3be8aeaf2e1efe5bac8d82434a1a0bb346ac
build/swiftpm/repositories/swift-syntax-e1f983d3/objects/1b/7c48b549483cc29c8bd283e6248a36ac7cf238	545f347b88b35b1c16dc6f00c78a0d5577ea5320980ae15174fe3e2d59b82746
build/swiftpm/repositories/swift-syntax-e1f983d3/objects/1b/f77df4160a647a7f38369126308d922f45256e	01ffcd473663e0038baa48bc19e8ed8771d1243671287722a4a4bef4ea9e42dd
build/swiftpm/repositories/swift-syntax-e1f983d3/objects/1c/0fe1cb0e2aaf132c43a0b0ea1ba7de7bb07e91	afded8dae7c069ba200fc65ad48681b5ced62d517e76a6e31de12b40afa015a6
build/swiftpm/repositories/swift-syntax-e1f983d3/objects/1c/2ebcc596081d1e33ef47ba11419ef3df94b6a4	1c826b9b8cb2420c5df2a17f8b3215fc72f4a23ddbf74254650ae12cceb83cdf
build/swiftpm/repositories/swift-syntax-e1f983d3/objects/1c/3bb554d1289f4bbbb4e3a6dec78adb8bc00c7f	030bdf0e708697a359195263723e864bbdaa6f097b2f3ba440257bd8c648c368
build/swiftpm/repositories/swift-syntax-e1f983d3/objects/1c/98c058c2b8a12b5e5da083347d5036300018d4	819aa6e89151025edd986de74b225daedb87758cf13f5f67a297f7889b88f632
build/swiftpm/repositories/swift-syntax-e1f983d3/objects/1d/04a088de000e683e6c84fc982fc396fc1bd689	851bf71b563797000efce599d61146fba4a87344943dfdd449f5282bd4529ab0
build/swiftpm/repositories/swift-syntax-e1f983d3/objects/1d/578395caf86274f570e8f7e34b752e6f51bc78	f657424c5568c6cd2de21c3969c513cd02f2d07b76422b7e718b882bb1aeb477
build/swiftpm/repositories/swift-syntax-e1f983d3/objects/1d/b3b9c317eccc40a0bc3e260bcb65bbcb03cc84	65496ee89a4c75436c4b2d9f8122ab03b95d1a8c1cd38682aaa93e506804330d
build/swiftpm/repositories/swift-syntax-e1f983d3/objects/1d/d37fbd76da4feae14409c7f6556d1dc0fe84a9	b682dccbc0542b51145b0b0dfbeb0ffcee119a99ad35273e53f403c88b843cc2
build/swiftpm/repositories/swift-syntax-e1f983d3/objects/1e/048df4dedcb2e588a5c03b64748490a3cb2310	50d3dccc945bf11a8e49a829267140ba530d7097b96451ae7aded0d1438b872c
build/swiftpm/repositories/swift-syntax-e1f983d3/objects/1f/80aacc309c1b3835af2e027a10619abdd62d55	32d8ad2811d9e226a33825e9ec04210f6b20e5fce1e09476a412170429573e83
build/swiftpm/repositories/swift-syntax-e1f983d3/objects/1f/8130d971ca40f31612436045237ec52031633f	0c737103e70e556557378999836f4a39f704a6e3f7596fca72a5679dbad058c6
build/swiftpm/repositories/swift-syntax-e1f983d3/objects/1f/c4ecf7cc8c79cf810fd543be192d8d96927c12	2fd4e8b3827519bef82cf20f5a795a2dc2cc8a1aa700f5e16e837527364c3b3f
build/swiftpm/repositories/swift-syntax-e1f983d3/objects/20/ee3762d81e1e632539e7b9309f234186caf0c6	e75188a219389c46b7436a28f7181dc022e21e4433f630d77bc982694def22d1
build/swiftpm/repositories/swift-syntax-e1f983d3/objects/21/8a395b78cf1beb2aff320e8f0920a71dab07da	b5f36448f5efb5292f54d63a19210424bd679f6792b2377afec5510a88c43983
build/swiftpm/repositories/swift-syntax-e1f983d3/objects/21/e2191124b8a1e584abc6a3644647ba149d3ffa	ff9601227b935dd2e7629dc30f59412244b169ea73dc839dcf00592a864d610d
build/swiftpm/repositories/swift-syntax-e1f983d3/objects/22/5f15e6fa0b645b1853ae8063f5abe3578de494	fed14aa56b95ce7242aad25694e55e3f432b4e7b8674e85c43984ed3a60b18e1
build/swiftpm/repositories/swift-syntax-e1f983d3/objects/22/e5645da86662fa5dd9f072238b62d13e2006aa	e38c997cd0b71066402255340d989e124dc3dfbc9e773dbc8dacefe9b28a2af5
build/swiftpm/repositories/swift-syntax-e1f983d3/objects/23/b81662868466f50bdf4c695082f82d943e201b	5e8468ef4a3bc584e442b4359411b92dcfeb490fa6a4f8db1862cf93d4935d62
build/swiftpm/repositories/swift-syntax-e1f983d3/objects/23/f946af1c3b9df4115ab9180288d0e51ed8d9ff	27baf66a94e59e8223d3c85ee29199051d560df6ce3e6528334cc7ab6a19cefc
build/swiftpm/repositories/swift-syntax-e1f983d3/objects/24/01f62959523b6c5825cb3ee89783703c782b74	4e2e2de75c098d99da135a1529466de67277f68659cbba0a8979d2ef4577ed09
build/swiftpm/repositories/swift-syntax-e1f983d3/objects/24/195e0cd794a71a49e920af6de0557fae7d5925	b57fad090fdd17a5615c3de8711c6738aaecc3b9ded154e84e3a1f948d8893a1
build/swiftpm/repositories/swift-syntax-e1f983d3/objects/24/68c131c646f967134783f401480cc8112ba372	ffde006546a36e608e54a574b9c2bb86247f650878aee72f931d6a44c306d2de
build/swiftpm/repositories/swift-syntax-e1f983d3/objects/24/cbf8e241d6084f2cf6d7be8615586d3d5ccfa0	7eb238573a0e114d02e953d228088532a186d9f231ce88be37064bdaba30f955
build/swiftpm/repositories/swift-syntax-e1f983d3/objects/25/042e950dc8156e7e01b038e78fbcd95659ae83	87699c059a2fc0b15ddd4a5363aed9ed059de46e9c74fe226f7d1d15f2c84620
build/swiftpm/repositories/swift-syntax-e1f983d3/objects/25/3d2b563f4f0961dd444f4ac623887a9a473450	a375f4fa2af66ec97c5112cdc01dcb53844581f0f74db9f0476ca35e173d2739
build/swiftpm/repositories/swift-syntax-e1f983d3/objects/25/8ecf1394ce0e12bf45974f230b55f6dfb28b25	21de7432d2a34a4a53d7d5fff1c1bfe56cc72b8c2ca297636b829d01712b2f46
build/swiftpm/repositories/swift-syntax-e1f983d3/objects/25/932f52120779bf8665196acd251b37284a0732	d875e9a5da66fe44d5312a73ddf4fc8f9022e795b89abd8661e8ea17f08a129c
build/swiftpm/repositories/swift-syntax-e1f983d3/objects/26/2e62210d220fa89978ec3569bc831d0ea2b9dd	6e7917efe792080a9c0f1cfacf2c36fae6feb9890c82b3240fcfc38d6fbe16f1
build/swiftpm/repositories/swift-syntax-e1f983d3/objects/26/6da7fb635abe766ab868a1a8a5715d14d7cc60	c1a58c5cc64f13d7d74f383f06759a00973dbc63ddf9a7d844c9947b9de8513f
build/swiftpm/repositories/swift-syntax-e1f983d3/objects/26/8afac54ba0bb93ea148193ff2141db81b8604e	c3a73329f4e1369a9db50754733926ad46631b81eea5b2d4ffcd4c011bde54a7
build/swiftpm/repositories/swift-syntax-e1f983d3/objects/26/f6f1a8371d03a3ab3d770c9892bfaba05d87ab	a9f5d1896c5ba2a58bc4e9b2f8b3783088aa2288a64865b52270ccbb42bfe1ab
build/swiftpm/repositories/swift-syntax-e1f983d3/objects/27/06ee84bd9f0111dd68279005dcfff726c97bdf	db41767ac34aec0c764df72599c0826ff421e3db00811067be9772ab5e0385f8
build/swiftpm/repositories/swift-syntax-e1f983d3/objects/27/3609466ecd0845a60501e2b0ca35135bb1f81e	48b02e192fa230526259c7611fde999a7f7cc3e5416d733156037b24fac705e3
build/swiftpm/repositories/swift-syntax-e1f983d3/objects/27/4a0710afb0a3da09f339b3699f7b0f2a041aa7	046bd7e9621f35af8716970b6aa45e9e9cba4726f995922d0b95c85014d6f92f
build/swiftpm/repositories/swift-syntax-e1f983d3/objects/27/9670cbf27efc151bfb88f5c5702c6f462a1112	1b861725d5d29e5d41231c49f7261abf6eaa7660fd8e3f16c102eef9f520d17c
build/swiftpm/repositories/swift-syntax-e1f983d3/objects/27/f867e560efa6116ad49289ffe7d31c79b6afa8	d5f4b4b580413181873a7ee6ed0fa3b4affec7921d38e44e98737ff0b81c4b1a
build/swiftpm/repositories/swift-syntax-e1f983d3/objects/28/8bdd92e8dda85f817083b4d2f92b4030479603	1972c4cbc2d354cea3bf5cabd34f62a054155a7be6b295d811c50a9305f6c68b
build/swiftpm/repositories/swift-syntax-e1f983d3/objects/28/a2698916909cb97aa8f9cf3924698d00ace6df	33727a8580c421a63920f691698694951dd98ce9babc5dbf64dc0f81f58e2dc5
build/swiftpm/repositories/swift-syntax-e1f983d3/objects/28/c7c440c983932bb8977598df9b9f0eac133d62	d2abf6b1965cdc3de4cd5d4446e09687f4bb6c585cac59f371a7cc183e078161
build/swiftpm/repositories/swift-syntax-e1f983d3/objects/28/f14c03346770db7ac4e49116b82a6a7be8d92c	1d753ae9efec35ca4b63cb4c5ddcb51cc94b8dc90064e69fc5190ead1e5a5a06
build/swiftpm/repositories/swift-syntax-e1f983d3/objects/29/bcd1d956b5045adf18730e13623b945747d1b9	f422b0a1204e43e09f9e65d9dd91be6052ef4900066946151c43431b22771775
build/swiftpm/repositories/swift-syntax-e1f983d3/objects/29/e7df137276b3cd2a64229180837fee0b2f0db7	8765c13f01fa37ed7aef258793b778011eafd9bc1c684930bdf644a9b95fd4cd
build/swiftpm/repositories/swift-syntax-e1f983d3/objects/29/f79307956854d1d76e5ba1d6f9f8f67a5cf5e1	c844a615259f4911b341951b6f85775645de4d6efa46ba8c43f57b9e0bd99bf6
build/swiftpm/repositories/swift-syntax-e1f983d3/objects/2a/14544a3df64ce7e0cc6cbee4b8f6d560c50158	b18d22541e286938ae3f329f190baa73d0da1dffbe932d6e33149468843b3796
build/swiftpm/repositories/swift-syntax-e1f983d3/objects/2a/4c61a3c06b812d95bb3404545b092cd9699d4a	06cd63db0d78b0297846f3287f4e48a7e9f24284e4d09b6c9be15f40bc142897
build/swiftpm/repositories/swift-syntax-e1f983d3/objects/2a/be3c06b4247a0b7ee91beaa99257e53883ce72	841bcc45888db160e274f4a5852b15e142395c5964872c9b3f1ea46b65a62eec
build/swiftpm/repositories/swift-syntax-e1f983d3/objects/2c/17cefe5be20ccc4b1b538583c7c4850ea511bb	fa149fc34c312d61376eb799ea23e6c829e1c1d09baa5a078ebc2b14d739af76
build/swiftpm/repositories/swift-syntax-e1f983d3/objects/2c/eac1c4b21e97b4a8f975467bfcbc93f3367e9a	93559feaf6f744d63588b31e544003a1ca2d8f25473371c57e67db94e2f087a7
build/swiftpm/repositories/swift-syntax-e1f983d3/objects/2c/fc028711273853308ca3b985d9e16509dd711c	eb929249bb62ffc095d4b903469cbb5854f5b6fd3c9a1627de830128e7987a0a
build/swiftpm/repositories/swift-syntax-e1f983d3/objects/2d/49836ec4bcca367b3c5adff19c4f2587f0dcdd	1bbfc21539847d758afb02f42f2ed25c1049a44ef47ad696ca1a7f488aca69d3
build/swiftpm/repositories/swift-syntax-e1f983d3/objects/2d/ea8219ae0ce651ba2aefa6a5397365ce947d56	4453b8cfe97e089bbf50a94590439184521cb651955cb2b38ea2b3194922e8cb
build/swiftpm/repositories/swift-syntax-e1f983d3/objects/2d/f3b89c08a4915669a67029dc372ca91e126ce5	12d244605c65daf161947060b51ed4dad3aaf94390a054ad0be697824af4022d
build/swiftpm/repositories/swift-syntax-e1f983d3/objects/2e/a2fc52bd1c3e2761638d2182d160a35709f46c	47dad75264715175d9bc9fcc11d497280b4f2a2fb4211ef3d623314c3ebb0179
build/swiftpm/repositories/swift-syntax-e1f983d3/objects/2e/f4aaa55168bd96bb1aa941a9e30f2fe41683fa	803110fb116412658fbc1340238f1585a34d52fb1882f3566068874ebe62cc29
build/swiftpm/repositories/swift-syntax-e1f983d3/objects/2f/024f2a7971cb26bbc706bb34447603c3708bef	07f187156f343bd4136d92700ebf049417876cdbf05fbeda5425701bd321a108
build/swiftpm/repositories/swift-syntax-e1f983d3/objects/2f/0ef5b5acd054c55a555808e9d7d68d6c9b2792	bcca74eba683da1f7fb2494fd8f2f55c5bbc352882054201a9357af8f83c3a1f
build/swiftpm/repositories/swift-syntax-e1f983d3/objects/2f/248e2e87b5dfb8d633a7b0845804db94fba9cb	7eacfca5c4d91cd9319cc8a60d3f57bce049c523e8ca714375390641d22beb5a
build/swiftpm/repositories/swift-syntax-e1f983d3/objects/2f/e54c78c493f4c121375e4af0a75778b87f81f6	12b3672455d454dc6dff101c298b9dc192eb72dafb092cbdfa0fd5451c74be8f
build/swiftpm/repositories/swift-syntax-e1f983d3/objects/30/15be30b79a5ad446c9fa4aae384af811862658	6283a0caffbddbe8280c2d784f4af38537083b717f7adc08f8537ae38f0c0f31
build/swiftpm/repositories/swift-syntax-e1f983d3/objects/30/5e8e90fde9a21787d66b8c9f93773e2e952796	b33c5fa11c5bdacf960a877e4eaf5c68a24f851e09c0a51291d6b5982206dbca
build/swiftpm/repositories/swift-syntax-e1f983d3/objects/30/696fdc4885d1a385e152ad4b7019cc3fc3a71b	014728fa8bbf519ab0592bc6032743c5bc4c63ad5e225d27a8bb3545d094c084
build/swiftpm/repositories/swift-syntax-e1f983d3/objects/30/988e68168430fbd711d399896b92212163b585	98273cdf53ad37a4343c27e711b4ab73a46e32390ae23aa8aa0c721872d88a37
build/swiftpm/repositories/swift-syntax-e1f983d3/objects/30/b1af2c5548c2dc96fd9201148c0a371aa80cc2	81993718e3033b3eb72f995a6f9c60f3a435cb648f2e18a65b86b803e28f9c50
build/swiftpm/repositories/swift-syntax-e1f983d3/objects/30/d9cb0f5b6e233674a9751d032eaaff297aecb7	78778ce4bcd29490b54014ddfe3299797639524478617fed6c90eb1360000247
build/swiftpm/repositories/swift-syntax-e1f983d3/objects/31/5dbf9b67fa4f7156f0e84b98577683ae3bdc04	6415af8778d38402b75c90f04546bf4c10e38feaf116cff3458fded91a449f77
build/swiftpm/repositories/swift-syntax-e1f983d3/objects/32/4dbc5f567784f6fe65f82cfadda835875c28d3	b01aec6e9be9f82a97ac892976ce92ed68d3929c9d068f29a4b064d604552c90
build/swiftpm/repositories/swift-syntax-e1f983d3/objects/32/879019dec88cf9e674ef8e349e481371a87204	dba44643583b5b29eaadb2815cc950904b802ff1c64da9f02828fbde1f5f3a1a
build/swiftpm/repositories/swift-syntax-e1f983d3/objects/32/8ea560fe01aa0174a4a6b95770bdd7ff650fe9	89b36dc346fe7b3708337fd2c39af11c7c00efb9bf82c1ddb04325dbf1ec93a9
build/swiftpm/repositories/swift-syntax-e1f983d3/objects/32/9b5dd555d1143fd30a5bf3fd8233adacbf6ad7	20b4c2857f92615c1cbcc0b56678c021c6262bd9a7b5725523ea7f8fb64e1e09
build/swiftpm/repositories/swift-syntax-e1f983d3/objects/32/d6a26bdd1f2114281a3ed52995ad83dcea96f4	0a346a39ee152a0a8927d7932b0df102fbde13fcebca94256e5f51e9f4a72faa
build/swiftpm/repositories/swift-syntax-e1f983d3/objects/32/e83768800149cb9d177ae65f3021a5d09767f2	d95620b40b707546733abd968c528465d8215ff498cc4d5f79c389aa6e238708
build/swiftpm/repositories/swift-syntax-e1f983d3/objects/33/174df40942796dcefe3ced56aa0c0ce7c9da3c	98b13cabaebfac2a54b1f5f9df1c4ec41119bab2bc1a518fb48380cd9219cf05
build/swiftpm/repositories/swift-syntax-e1f983d3/objects/33/b6307fbb35258a275fbec28c03a9a4b2fe693c	a4f1e8098475db4171ea5fd7e0466ebdb24d41c641b00a11d8cc9dd4495ce2fd
build/swiftpm/repositories/swift-syntax-e1f983d3/objects/33/c593c951aea9ba3f271e8662d1147dd729dd10	340813a874d67f89c499df17cf43721d2e9a11fee8d42efb28dbc839b84d55fd
build/swiftpm/repositories/swift-syntax-e1f983d3/objects/33/ec041875f6d01df7129279cf2b25778145809f	1ee256bdb251ff4f9e0e09d5649f00ca88c37a9d956be326cd63db6907c63d7d
build/swiftpm/repositories/swift-syntax-e1f983d3/objects/34/807b847c6e5e580aac4418ef881df246a5727c	21949d35185356380180662b77de0dd8c9b2b625aa69a3f4eeaf2f58ec86f932
build/swiftpm/repositories/swift-syntax-e1f983d3/objects/34/9a4c38c001fc4ab3402676f49de85903d6da82	1c35e59ff695881141ab1b77a84f96f3c3d2d71f7ad36716f9a073e67b3f2daa
build/swiftpm/repositories/swift-syntax-e1f983d3/objects/34/a8311cdcda240f5263bc0a8e1601ab0811a69d	37724e60dfaf3de62597bbed9565424cc00ce1fc7451f3e30a8c464aea6b8f81
build/swiftpm/repositories/swift-syntax-e1f983d3/objects/34/f770fec0a7884be6999d1661be23b877c2fb41	ad214e3e91fac5d9b96918e00a6ff79b8e68999e972973cfd504316e5718842c
build/swiftpm/repositories/swift-syntax-e1f983d3/objects/35/29a05fdf2e64794417b0d2cf55809561d5a4a6	89fa8e60ec9fae39ff4c55c7ac7a2d20c471140cc053fef96dbe44abe6aa3ddf
build/swiftpm/repositories/swift-syntax-e1f983d3/objects/36/58e16d59781659b33c514cecdb0127062694be	06b8fae6d5d732161cdcf8a3127ae1824d32694629b1bd48e7770d285fd30474
build/swiftpm/repositories/swift-syntax-e1f983d3/objects/36/9cd5d133e73b9316039e8c5aac8f86c3c113fe	9697a18330ad98f3f009e5f9bc8ed1be6e21d086bd2bbc822affb325bfb2a733
build/swiftpm/repositories/swift-syntax-e1f983d3/objects/36/a5def18996d973ba0bdc62928393627ae41ace	3866fff5004e6ffdb43356a432ea32e529807038a13ba3268c7df5606dfcf328
build/swiftpm/repositories/swift-syntax-e1f983d3/objects/36/c7be39575a6ced7ea7e6215fd82683c3761d8d	74892f0116397ef07e0e2ab645b197a2d362e08d8dd676090e1cb82dc6cafccb
build/swiftpm/repositories/swift-syntax-e1f983d3/objects/37/7c0371a8d47e97bab5c260aac2c2a8eaa44162	917b8ba901fa52a5c4c2c61bd5562cab47ccf2c157bcb25b7bd14037b60510d9
build/swiftpm/repositories/swift-syntax-e1f983d3/objects/37/aaab650cbdb55c92c4a341f3bdb929073a8b6d	7814371c3c47a9b46d07929e8575ff4c0e01fdcab4986fb2702a1a171e019fcd
build/swiftpm/repositories/swift-syntax-e1f983d3/objects/37/b33020e8fd938a7038aa03ff3fe92208c8eace	327a08af25a43872629976f91005f29091c9cb2c4a6a5fc55f9660fc78e6508a
build/swiftpm/repositories/swift-syntax-e1f983d3/objects/37/c475b1e9a272b7e1de02702cd5a95782ffb706	d2809f79fea6c3b734fd0651263c612aa40e08301a4c1d6a00f11be867820eee
build/swiftpm/repositories/swift-syntax-e1f983d3/objects/38/dd66475e9c0645aa08626be3034211afe2347a	a429cc3f17a29edeb895cbf87d2166b8650fa64c8b2edf68b247510c09ecc0ff
build/swiftpm/repositories/swift-syntax-e1f983d3/objects/38/ea6aa332ce42d2164a0242e8eefb9f0d50ad95	47866ec3d23776e81724c0b3ace537c9aeffbff8aa0c4954e221de76149e2c28
build/swiftpm/repositories/swift-syntax-e1f983d3/objects/3a/0e0cd2058aa82966df1db975cd3b569c5a09d2	668de91a3a8c3884d5be349f024e160da692e61bd5295528c5799ac6552b4c7d
build/swiftpm/repositories/swift-syntax-e1f983d3/objects/3a/3df899946e31ae735689ba5eabe6c1c3887bb1	4117031d2c8c2c136f8cb79a2661427917c0e2afe1d1248d023a4943215df2ac
build/swiftpm/repositories/swift-syntax-e1f983d3/objects/3a/9831f113af3118ecb5f73a04964633c6e1be19	756b2e6ac8d97a9253837c672eb60c6d0499ccb2be8d8febe88275634aa3acc7
build/swiftpm/repositories/swift-syntax-e1f983d3/objects/3b/d5546d54596738c9ffec0b13acd3b0f61d466c	53d94c38443b8fefcc1b6047f22258c749db361b8e325491765dcc7d0800d337
build/swiftpm/repositories/swift-syntax-e1f983d3/objects/3b/f07352e4c5f3059103b9ceeeb5c470997332f6	89bb4dc303341ec0951a6fd6a32d5314aad8bb30127e31fcb49fbe0f592f4955
build/swiftpm/repositories/swift-syntax-e1f983d3/objects/3c/0fad54d814132347071f32e1bc9034b4ecd698	86ae2edbb001d114c068cac98647e7116a9a6eb627d8efe8f18a2da9d9ae66d1
build/swiftpm/repositories/swift-syntax-e1f983d3/objects/3c/1094705ba028341637a22b771e133e0cc22c21	df78963ce8f3a5fd7fee25e2c3743a8b58e9be6395166d3903c71f65e328f8da
build/swiftpm/repositories/swift-syntax-e1f983d3/objects/3c/3a060c1379701c5b5f0f002769904596e0cc24	4566e11221362e9d710b6c0a4539eb29f83a941735403dd0d5487be6405f50c2
build/swiftpm/repositories/swift-syntax-e1f983d3/objects/3c/903b2d4a873da332607f9e1bc0d07315bc38ad	7af67aa4f2d84bfbb876d208160752620b83465514260c2e754960df25216716
build/swiftpm/repositories/swift-syntax-e1f983d3/objects/3d/da5afbbe6b9900e83eb48a29cf602d11476cb2	d2da70012d7a7d1c340014476281bf52588d9b5a3c7de52968198b8c55b2fe60
build/swiftpm/repositories/swift-syntax-e1f983d3/objects/3e/489c3f79cc99c993b09d6ea701cacb464c21d8	dff78f138be038a73c9db2bd59e04fcf01f6eac0bbe31d4dfeabeee494d81baa
build/swiftpm/repositories/swift-syntax-e1f983d3/objects/3e/aac89171fa821feafb4dcd5cada0ec62204bb6	424ba0b71dd67211cbc05968b3ccf365aafc6c614b93c5e2f43f964893483e88
build/swiftpm/repositories/swift-syntax-e1f983d3/objects/3e/c9c11823cd1be06d45b7dce7d288c2207be7ee	e2268c494a41ffb1b52d81b20028e2a088e973b5c42782c8dae820803938d81f
build/swiftpm/repositories/swift-syntax-e1f983d3/objects/3f/9cb615cbb2f8b306175f6ccaae287af5262cff	3de0f24c7e30fddad8fccee40b12bd52cc6f3b8cd04d5b47ec78953c08ace8c3
build/swiftpm/repositories/swift-syntax-e1f983d3/objects/3f/dbf62401f16d71ca56faf97bc4ae00d147ea30	fe86955577cc79ec918b7f3d37f2ff79fd96487998ede25c4bd09292c3ee38bf
build/swiftpm/repositories/swift-syntax-e1f983d3/objects/41/c7db0011f47cc17f1227acbf900925ebdb5555	f30eaf85691ac3ab4ec86d649e4e9dff1c3d7b0f652be8c9892e96b1a51a37cc
build/swiftpm/repositories/swift-syntax-e1f983d3/objects/41/dbd3932ad1f9889e9e931d911beaab06419341	aa5b55059c55ebec3c5f58e910282a3b43bab94c5583a78ef8128d897af1080b
build/swiftpm/repositories/swift-syntax-e1f983d3/objects/41/ebad1b5021acb48b6026e845e47ab42545f0bb	769b93b96188b8ca415ca59af215c1a9f28a10c84ec3930fa667fc056ae1c301
build/swiftpm/repositories/swift-syntax-e1f983d3/objects/42/0781004f2d3da2082e68c352e52064c79429ff	f3074ea18f574e01f57084afa74ea8baaee63179f1302128dc528e58ae6515f0
build/swiftpm/repositories/swift-syntax-e1f983d3/objects/42/309997b914d58a424611ee3015d3e8020f7c4d	77cfd4b3cadad3ba3f62c1ed187ff7754d323f0f437a956df16f2e5370254fb9
build/swiftpm/repositories/swift-syntax-e1f983d3/objects/42/98034604b16c44c38ec18b4e6b612e648361e7	0d2ce39156ec4bd64d9e47d3818139821d0658e29b4a4b0776548b8d5f09dca8
build/swiftpm/repositories/swift-syntax-e1f983d3/objects/42/d8c4685c8252a2aa4180ff4d466272b7413429	47e8b6836e63af90fa11fd359c55c28b240c1ee4914ea1427b3c70a14cf06fb8
build/swiftpm/repositories/swift-syntax-e1f983d3/objects/43/5281f1f4b62dcdcdcde24a09a512b66d7d3446	3842e58c869812bf9a230a86df1a03bd0f9d0637b37ebcf016a49e3d5cc05967
build/swiftpm/repositories/swift-syntax-e1f983d3/objects/43/6163c0abe502d501e6e3fc9b98b3ea84a4de3b	b373342132b5bc1ae05fc246f24e245c5e5bdcc3673d2afe7545e6d28fa07599
build/swiftpm/repositories/swift-syntax-e1f983d3/objects/43/f4f18278efeaced97c935b606adaeed223dc34	3f56006c6e3f022eeb3394b6b81dbd563075c15e49d1b4afba6f146edd43e41a
build/swiftpm/repositories/swift-syntax-e1f983d3/objects/44/272ec298d96fd88195016e828c2107657805e9	4908586877051612164a274070f7540af9ac885eaae7914108a344987605c608
build/swiftpm/repositories/swift-syntax-e1f983d3/objects/45/1a91a30b79c76c2acd99263669192dd75e17f5	a31d347a34b9532beeed4e2c3ea0cd465077707903d391dac1e6a48610159c3b
build/swiftpm/repositories/swift-syntax-e1f983d3/objects/46/206c0dcb733a0dcf0dc9c6328e8be7e8e0301a	fa53dca269b1211d1cf8040aa95e8057cfc1918f4d3337553dc1e18094a708ad
build/swiftpm/repositories/swift-syntax-e1f983d3/objects/46/cbb21d045b785ee8f8c055acef808606fd2cef	ed3b5ff1e94a59decd254bb06592dbd1b07bd69a2fa61fd6f535c08243488d9b
build/swiftpm/repositories/swift-syntax-e1f983d3/objects/46/e6daef5e0d86c94e6c3d59eb6811a1e21a6571	fb283fc125f084d42862d3de30b179386f67d0347573acc40f2857bf3ed99621
build/swiftpm/repositories/swift-syntax-e1f983d3/objects/46/ec17ef3f98616eb9074b4d5639b45d42b375f9	a7c0dd36fa118ca1057c214fa9a8c27eb2051edad6eed9fb1f5c3c2deb37fd64
build/swiftpm/repositories/swift-syntax-e1f983d3/objects/48/5394bb43da7bff321501dbe0ded0ef1ad7d326	d907860e3b1673edccc4440be9ef20bf8f18d0a2690f940d9c192e25ce32b359
build/swiftpm/repositories/swift-syntax-e1f983d3/objects/48/cfeb769c2c63e6d529853fab81e35b16ac24eb	e6f7da2a0fb03351e13b407749974a6b1849d5f62928a80b535608183b18a744
build/swiftpm/repositories/swift-syntax-e1f983d3/objects/48/cff1ee41283a43ce6116be9a21e2cfd393f1af	27d01c9910b8fedf49fe4d11568f65fe509de7a1fd70e8a4df233fef079ba1a1
build/swiftpm/repositories/swift-syntax-e1f983d3/objects/49/1f45d13ae42b0dce2fd0c31ab95fb2208de139	576ec25055e28aab19f20082875ae0df5c4b6767e3ec0800ca6fdd671fa65681
build/swiftpm/repositories/swift-syntax-e1f983d3/objects/49/2b91ba75f27c5ab2b4610664d6645029c118d4	eef4d7c57bf249f2ba315577d21d4c58136577a6a5c3570c4eb52b178f3cebea
build/swiftpm/repositories/swift-syntax-e1f983d3/objects/49/35a61349739ad57cd8e39304cf98b75e12e93c	d8e8633efec3ed8fd562bc37b8bead65899007a96c27a95bcd7c5d41d3c08254
build/swiftpm/repositories/swift-syntax-e1f983d3/objects/49/965f75d7b44a994e910b27b8ecdd75977d0088	f449b5e9ee5679e87d6c0ad17e16bf09be6902f84a114aa47ba050e6346469e2
build/swiftpm/repositories/swift-syntax-e1f983d3/objects/49/ce00d9acf77b0732be3ee5449b974b4dd87c2c	29666101903715ad29bce5ba8d771e6ddc8e3976688224fe48461f93698d2c56
build/swiftpm/repositories/swift-syntax-e1f983d3/objects/49/ede52ad65b2cdc7e675bcfa5b85dac2ba24d02	8f703fc82331117f0762a506d6f9c112720e67dd3f5b02360f45946746f8102f
build/swiftpm/repositories/swift-syntax-e1f983d3/objects/4a/0060d5d32f6c48723047145824ccd564b377cc	532d265888059137d6d1343d6f84ee8bee579fc80cd5654a01145856418027e9
build/swiftpm/repositories/swift-syntax-e1f983d3/objects/4a/d6f3478a4017e8d95540333c13398d168342e6	763c36f2abaffb4cca00936aca87db51353f6425b1fe7447791286ab25c84c88
build/swiftpm/repositories/swift-syntax-e1f983d3/objects/4b/19f3790ecdef6289e5f862c3237e8747201452	62cf070ca17884ef35097b2f4397196af4fdf32e27f61896036726c6f6a9c034
build/swiftpm/repositories/swift-syntax-e1f983d3/objects/4c/132607d056018cdf9f5d6d5d2ef11a74adf6be	ad346853d5e13b1be42d8c7f19891d8a6a1715d5540cabcb06adcfcc1d32623c
build/swiftpm/repositories/swift-syntax-e1f983d3/objects/4c/72896d0bc83fa9025524889f7a71f57883bad6	310ba3d44c760d944794992ab0618b66e2aa0dbe8ad21348c50285f77ecf896e
build/swiftpm/repositories/swift-syntax-e1f983d3/objects/4c/e673a995591eea6f6d8f57d674ab236ec40266	33f9e81fa3960652fc72622ef12c4c7231dd33d7d96bd3124e30cea385fc0f8a
build/swiftpm/repositories/swift-syntax-e1f983d3/objects/4d/d248ee99506a21c7f56dae67fc2bd3c243e6e4	8232073a4c59fb844e2b6be442211e1275ca0960ededaca414627a25eb534ac3
build/swiftpm/repositories/swift-syntax-e1f983d3/objects/4d/e19be6be9a7fd2227d43de068326ee6c15458c	aed192e53d709efd0f00454e986c3e0336319850d495e831b43de84c3183baed
build/swiftpm/repositories/swift-syntax-e1f983d3/objects/4e/010a5a53407f36ec07e2d15ec4ff6dd403231e	f47b3b7c38b1908f073e2aeddcc4f8d692e513e81e5071de527cf32362e29d9d
build/swiftpm/repositories/swift-syntax-e1f983d3/objects/4e/022705bcbb231cb68a67f378799f2b84e27483	fa7bb5fc89548a50aa7caf954708fdcc907049163e94b7f41e545a5967517ccb
build/swiftpm/repositories/swift-syntax-e1f983d3/objects/4e/2dd25d0a30b0db8f2922c89f8939570795a9d3	91b66bacf7e8f93bce83a78c8d841c7baf56db1d592c731daff23d64fa51290d
build/swiftpm/repositories/swift-syntax-e1f983d3/objects/4e/53aa0eab9943c8271f19be7825014587e5aecd	ac7780c0e899d8f75ed985166e2fc41a1913317b73884aae06491b0893ce5417
build/swiftpm/repositories/swift-syntax-e1f983d3/objects/4e/63cbe994429458343c4f3230b0a3b335b909cd	fc482233201804def9e427730b92ee7e054400d2d36cdad598df889097b9e977
build/swiftpm/repositories/swift-syntax-e1f983d3/objects/4f/6be4b5ff2e5f1966815aa6997c5f2e7638e41a	8f39baf919475b535d0993cbde159221af6ccc2683451583c105d1aaf8579384
build/swiftpm/repositories/swift-syntax-e1f983d3/objects/4f/7fe6d8c37023f0b6bf4b44455a9133dbe9da9d	6e7792c1f3c49ded324ed556bd7e782aee8d8757773bc5da822802b6797d4bfd
build/swiftpm/repositories/swift-syntax-e1f983d3/objects/4f/e9e8b8335f5f83cc3bbb1a28c9482e7cc50f58	cccd496f99abf4692389cb4d31b01a848d34f75496ce5b89fd7904372c084191
build/swiftpm/repositories/swift-syntax-e1f983d3/objects/50/9f25b1352f8c178c9a6c9d01452256a86a3436	d48ae29503379a1a0a4ad04a3349a59b0363d233d39d1261f1dda95affbd806b
build/swiftpm/repositories/swift-syntax-e1f983d3/objects/50/a4143f23a51eae523afae3b41d199c52963d38	98fedfa0f82e5fe3f04d3be89b44248b66af9922c15ee6015bc2cb03f8f22c25
build/swiftpm/repositories/swift-syntax-e1f983d3/objects/51/18b3c24c6563fdf769e4bb15ebab7b2dd11f33	6d8a7741a6feea8d84e6fd5d09781ecebfb29efa2cf51985f1ec959fa5e37aa3
build/swiftpm/repositories/swift-syntax-e1f983d3/objects/52/458d7136b5d38316fd14d59fefd319cc5a7d14	ef147e2a57236c74f494083f706d9b62d84aba4a4e6a1af713fb11ab7f79ce9b
build/swiftpm/repositories/swift-syntax-e1f983d3/objects/52/f80a138f591dfcedb656cfd0868e35e58e6ecd	09f69c8f39e3254342826c870d3a96b6947222ee888052e4f09e5b46d2351910
build/swiftpm/repositories/swift-syntax-e1f983d3/objects/53/403030072387fb06171439dbca0ce429e14789	922c099f92d487c25bc7935fa47219699c5695338c3dde1acd492a753941acee
build/swiftpm/repositories/swift-syntax-e1f983d3/objects/53/634aa614431032266aeda6c86a41d46f562d43	fb03fb765859c9a96417570374d2e0084281b3e418ccd25c33b51ae9ec549910
build/swiftpm/repositories/swift-syntax-e1f983d3/objects/53/ed5c908e7bb8ae26069156d9dff7432bc78621	edc1664164db603fbad5e63247f1374303ed895da1254ac196acb8bf7b8b71c8
build/swiftpm/repositories/swift-syntax-e1f983d3/objects/54/0fa5def32f4d18befbf2e9c3a86a28c0db659e	b2c5743546badae0b42986873d536d928ba7186f74b7982e4cbee440fb184178
build/swiftpm/repositories/swift-syntax-e1f983d3/objects/54/83181fb5c64fc89048963974eb5c0ea3ded628	123432553eb372370df5f703da1252ed5623e79c2a8758a92f2fb7f0af9ae2d5
build/swiftpm/repositories/swift-syntax-e1f983d3/objects/54/929f93dd6fd8f8e40e20c674cc37cd046c5c35	ca9ffae23f88ef90635853527ef2b05c528ba8cbbcf353b69f9d672634a74d09
build/swiftpm/repositories/swift-syntax-e1f983d3/objects/55/1c96dc4173e419c592696743ffb016e776d867	5b1bde4a84a73aa4e9534a406801d7e9f444be3cea492e8d613e66ab0008cdc0
build/swiftpm/repositories/swift-syntax-e1f983d3/objects/55/3802c5a68c9552822584044fa00759587800d2	1ed815588b7cade2e8c0a78e283eef59a7820cf356b1806e490daed0c0525694
build/swiftpm/repositories/swift-syntax-e1f983d3/objects/55/84d08b653d56519b8b272cb2c948c8f7ea8e0a	5d82bf7a4c1243acd37ac258c807483f7a238b4abca5e1ceccd8fd4a0b4d2c1d
build/swiftpm/repositories/swift-syntax-e1f983d3/objects/56/20b7591a0ae3a49e6c1afb0b1587ec10f15af9	955b6e30f6ee59784ff0d00f0b680ee8bd89f421c11bf4f4cf3bab50f175bc34
build/swiftpm/repositories/swift-syntax-e1f983d3/objects/56/306582de530e5f263e30ca254a80be9bdfa9b3	d5a06d021c38646e60efad194c1ba53cddc4f018d26977da206a0ba1898dfc3a
build/swiftpm/repositories/swift-syntax-e1f983d3/objects/56/57d0beb0cbb5d87c8a91d84a8a13bbf2ef6fe3	a167c0909635384701b23408319578214381447fbb3f5c4e8a483df662e732f1
build/swiftpm/repositories/swift-syntax-e1f983d3/objects/57/65c62cf1eb9c39d0176d12c176aeaf310f21cd	a8dd68ef46869772a70856da0f83a184214819318ede9726af7918c01ef9e545
build/swiftpm/repositories/swift-syntax-e1f983d3/objects/58/204a53553e8ff9558283a8600069d4dc4fa15e	2346ac822271bc96f6cb4c3440a57381a8b6aca3dfccb64f82ac428b0bd0e774
build/swiftpm/repositories/swift-syntax-e1f983d3/objects/59/582b949a2fa6763af034d99e3fd497d762162d	ff05832b50f88ea00d2e31b867a6bf97142358fbe443375b13e004794d857144
build/swiftpm/repositories/swift-syntax-e1f983d3/objects/59/69566c5614e2ddda2f41a048f264ea9d2dae63	5c30e34bff8377cf693e6a88cc76df35e8f4e3fa9c5d933381a92479dc15eb4f
build/swiftpm/repositories/swift-syntax-e1f983d3/objects/59/87b0f49303dd70ba28041dcc69ed0ae9f62e97	07bfc95529fbd11214477c33e7515fb52b12c20607f889d4657e1a81b50a73a0
build/swiftpm/repositories/swift-syntax-e1f983d3/objects/59/f1383837cb36413ddfe85dfc7d61d5158f0578	18c3970ccb41aaa892e37ba724dc0e24b7c5e2c5389e366332950c34b34783f2
build/swiftpm/repositories/swift-syntax-e1f983d3/objects/5a/1126d0e9902496a0ac838a26fd43b2c68ae158	fed3ed040ec9775c7a72dc1ae646200d1f61a84842b5481638c9473b11e0535c
build/swiftpm/repositories/swift-syntax-e1f983d3/objects/5a/1f8610eda41eb5fbe90d09c9cf5253e5463dde	0d4bb99df66314da08dd95a06955dcac5c3ab1fa1e5f51d1ec30a5e54678e75c
build/swiftpm/repositories/swift-syntax-e1f983d3/objects/5a/55b1ea8c96e5eed229e0d6a063a33e3efcce14	eae23a39e7c8bfd7d35367ab7cc9cfc16934b02e1c9fc35e1e1270d38ddbac7b
build/swiftpm/repositories/swift-syntax-e1f983d3/objects/5a/84b7113432e0def3b6bc338da11c3125eb7844	63eb32ad72d01dbc85482ed9b42b974b1f6108ba10789e77e99a9753b51ba47d
build/swiftpm/repositories/swift-syntax-e1f983d3/objects/5a/f79665dc2b487cedd0bde7ab5b01106dba77b7	31ecd1fe0cb2afc022a2790f4a2512fb0b834483c4eb677af87f3246b8a25129
build/swiftpm/repositories/swift-syntax-e1f983d3/objects/5b/72a691823c041dcd0f17f0fd500ec584dbc6f5	e7da5ddcb601d3a3b6693d90a156c4814da098f1b04fe7ed435e3a5e558ec1b7
build/swiftpm/repositories/swift-syntax-e1f983d3/objects/5b/8ea41d3877685e2d999e6f1c00437cd9773a9b	7c4e39c0ce6d1413ac0988df79bbafe280e302ec776d466249603b3d8c670893
build/swiftpm/repositories/swift-syntax-e1f983d3/objects/5b/a196a17350847c4549b009bad844b515dcf408	97d0b11c32f99d6cf32c55b20e5ce82420863720f0b543ef3ed6b3ad7b04d09a
build/swiftpm/repositories/swift-syntax-e1f983d3/objects/5c/8b95e34bd7b40cb55ab2c4e0435e2d8efe7bd0	8a5eb6069971113fb808251d55c8ff91c23bedf437ce23a3145d340860df4f34
build/swiftpm/repositories/swift-syntax-e1f983d3/objects/5c/8f6dca662875c168c3753189274ee884dbcbb6	77cf2663a473f0798050810c62869c744e38b3e9eb3500f4a88c3452853501f0
build/swiftpm/repositories/swift-syntax-e1f983d3/objects/5d/3b84a0aad77f33bba6ac7eb2faee5ab6d7f1bf	595f55e6776adc2516ee0235a9add22fe59112d2ad448d2c8bd474984a26d014
build/swiftpm/repositories/swift-syntax-e1f983d3/objects/5d/6efee67ea4a9c96b39bcc1a6a78dd290890e67	68974a7b7ba31122fc310258045b2f16d683a151942a023912b65dcf39806ddc
build/swiftpm/repositories/swift-syntax-e1f983d3/objects/5d/78e5a45000d14b996095e0c241cdbdc66315af	a91d1c75450131112d183f0e8492af15e6bd4eb8b5813e6c0df186f5dcc609e3
build/swiftpm/repositories/swift-syntax-e1f983d3/objects/5d/b310ee52d8e4c0e2627d987723bd1a70e8116d	eb4d40e8e662510b96cc2ad961c5e99500e724f1f6dcc1e2d655f12faadf5188
build/swiftpm/repositories/swift-syntax-e1f983d3/objects/5d/d3a526e2c14f9133f188a9e8d05fd03e96f75e	3fe64fa377cdd4845b26996f03762f49117d161470011dadcda8e2c3323d8ad6
build/swiftpm/repositories/swift-syntax-e1f983d3/objects/5d/da2728ef5a2110b8394142c13fbfc389f47916	600201ba757d58306c9a600363a061afcd8048312f5e31989b41093399968b88
build/swiftpm/repositories/swift-syntax-e1f983d3/objects/5e/20275f4aed457de88b7ba3f9e8f0777a37fad9	a6632c20eacdea30b56e52594ae5a6c686b5f0e7e1bbb4cd1190bb40f4484853
build/swiftpm/repositories/swift-syntax-e1f983d3/objects/5e/932e767f0dc274d12480e56823a4b78ec69485	30d71e26975adae98d19abc4399a610928cd739d449be0131dd743e45a7429d6
build/swiftpm/repositories/swift-syntax-e1f983d3/objects/5e/a69fb5b29f0454b62ac76e86fe9cee56a45455	83e6fda90b7881bea25e0477416e7d65baa69579368289750f8dee0d07002923
build/swiftpm/repositories/swift-syntax-e1f983d3/objects/5e/ed55e6dec63b45d2ea70d5b58af4221b8b5cd7	39413f155a591076e31b23508ce6f3bc80d18c83bcfc75588bbb13c531779886
build/swiftpm/repositories/swift-syntax-e1f983d3/objects/5f/9991818939eff765332b83e79bec0c47776e4e	162065dfe229e964bdf0dabfbe6f3167bae68807085cd5a8f287eb3f143f4dd0
build/swiftpm/repositories/swift-syntax-e1f983d3/objects/5f/9bf3bf330df13a4ce57eef60118261f843d6eb	e229e524e3cf3f3c53eec7a5fb8258d31314736ea28155342992e0039306de14
build/swiftpm/repositories/swift-syntax-e1f983d3/objects/5f/a26a55405dbb56b89c10037a9588c19757c772	33c7ae94ee8396ddd2d519b51a875f25ac5c07c8b9afc2072a6890fc400daf20
build/swiftpm/repositories/swift-syntax-e1f983d3/objects/60/09a5132b130a8af7841b1b3c5a7599d7166483	4955af69c8c11f181af849615b7614579f52aa5332c5dd9478ac2a6fe2441f07
build/swiftpm/repositories/swift-syntax-e1f983d3/objects/60/141818692f745a3c869cc68b24417263a77de8	27518323390a1724ed922efd9f90f3886f5e061b901122b5f017b7779c244663
build/swiftpm/repositories/swift-syntax-e1f983d3/objects/60/5f2aa3c460b485c061b64e3a2f33cf5da0d17a	9c7c226e467e1b2f7e7471b2555d8891f6cf2b5dfa2966c4fbc8451af2365fe6
build/swiftpm/repositories/swift-syntax-e1f983d3/objects/60/7256cf44a7d5d55e686851c4f5108e54c51964	7144b560490411397e830ab89d1244b09af8331091842414ed8393b4eb76b490
build/swiftpm/repositories/swift-syntax-e1f983d3/objects/60/9d6e78cf309a45d94c60688d60afb6a0851f19	4549fa1d24ae2369ccf77972f0f397693a3c222dacba14546d0b5038b381680a
build/swiftpm/repositories/swift-syntax-e1f983d3/objects/61/931d48c2894cc955f75eb073f25d03310d63d9	85e3487f64da181e5ac51c67ed327c040d175ec9d49eaa769a9042f763c4af7d
build/swiftpm/repositories/swift-syntax-e1f983d3/objects/61/d083d289261c01f6e1745c13775fe34d231878	dbbcef9888c75419ee1f7123c392317e285d9bb3400bccaf18b6f17d7bd269ff
build/swiftpm/repositories/swift-syntax-e1f983d3/objects/63/5b5502f2266cc442086278a099be636b98bb8f	ee740df26dfe55ea9d88c9fc1270ee24f3dbb08958b7b0a19e69eb49ba153595
build/swiftpm/repositories/swift-syntax-e1f983d3/objects/63/8532f1caacbe0e3764a18c14ae7822f846f09b	65fe8b4e3b910ed3b2bf993447d4e9a080d60216dcab39777276ff0804521fb6
build/swiftpm/repositories/swift-syntax-e1f983d3/objects/63/d20e3d4d290ff701ff6fcd132e1b652c4a74d2	842183c6507d91a8977534d32291900628f32a69c1a05a619ea00c75126db952
build/swiftpm/repositories/swift-syntax-e1f983d3/objects/63/d8f653bbf03d266c00af00a61650b6cec3ccd9	9b9bd80fd58eb3f7fa8b33a44faf214b5071abd3615d1eaba651cae51d8f7028
build/swiftpm/repositories/swift-syntax-e1f983d3/objects/64/4a461810a630deb85f694306ba01f462036f24	6aae982804b57106c1c10f46addda1f1a8e67a36aa4523de35d0a9055767a8db
build/swiftpm/repositories/swift-syntax-e1f983d3/objects/64/5148c9f6bf2cbd1e51fd1898e740fbe2ec2902	90418755b10e958a27ba3eb27203010c700d774ed1ffef61d51eb19c9cff5ca8
build/swiftpm/repositories/swift-syntax-e1f983d3/objects/64/773a65b7bdfd10225fc41c900567226f6558ad	5ad211459ab70840b756dec8a4e48107c08dfc169f3598e4d807cf7b7e98afbe
build/swiftpm/repositories/swift-syntax-e1f983d3/objects/66/0bfd4ceb6af7e6ca914d38115819588feeffb9	d0673b8ff230f932b435292878abb9bc01980fa6664bb9139e5f93d0e9eb40f7
build/swiftpm/repositories/swift-syntax-e1f983d3/objects/66/76caab131af3151ac4c281dff5805c2695f9ad	2e9a34788ac68fc415cb5653c8e4276d109cbbb453aefa83e8519e62d2cad9d3
build/swiftpm/repositories/swift-syntax-e1f983d3/objects/66/864869b78d9bd569ec178293f1a6b723b7f4bb	bf9a78da38ef5c62d807752f2b73b7bd7a7dc757a73b3a9db4a53c683b56a859
build/swiftpm/repositories/swift-syntax-e1f983d3/objects/66/8b8dc51ffc9ea804aeaa018e78b0ffebe39ebc	24681ff22cd745de7a7e9470afa32e6fc12a3715153a5205985ba09d8defe669
build/swiftpm/repositories/swift-syntax-e1f983d3/objects/66/c3dc1c946ce1009dfbd80b536add0a63bb388e	32d674999d54f2d1e31621415cc74b51b093bc933b8b4bc2c93b7bba98d782cb
build/swiftpm/repositories/swift-syntax-e1f983d3/objects/67/2ae5c51f6e839396769dcaa44483198160841d	b844b772f41a103104ecac25bbc8c731e6aee3f1ce5cdea598d6a89b57ba272a
build/swiftpm/repositories/swift-syntax-e1f983d3/objects/67/3e772e663dd7243099f202de4b4e1fbeb18e17	8a01a5d964da1b94b0e21bb32f7db32116dcd36303001ef36c634d3986227b58
build/swiftpm/repositories/swift-syntax-e1f983d3/objects/67/76b3567d02fcec75835cadada2d9879d4c6ebd	51c203a177945f543b29cc5c2d5dd21047c98c7bd4fed7c86f33049e61719b04
build/swiftpm/repositories/swift-syntax-e1f983d3/objects/67/77b8a07d4a28379f43f033f7d049f088b63343	889ca06dc756ee24db7df082d23ab5629054f6125291121320bb988cef0494cf
build/swiftpm/repositories/swift-syntax-e1f983d3/objects/67/acdb394615e6605d3ca879f42229adbcf4b9ec	e27692c85713cb02db15b508d63669ad1d63d13ebd5134ba637df75c51fcd426
build/swiftpm/repositories/swift-syntax-e1f983d3/objects/67/e4d5af53a4f669dace2cc7b6ce1a5f77e4b50f	9de8b160f3e6c590c64914fcdd5dc2c24025bff1a66e0a1c7bbfba69372b3d8c
build/swiftpm/repositories/swift-syntax-e1f983d3/objects/68/28ee4ad2f5be8d9c9a0ed3c537f3c7b2626e5f	f88da5c02c28a34ec0bec524c32a1bf7cb487637b5a985f6afe91cd808195e40
build/swiftpm/repositories/swift-syntax-e1f983d3/objects/68/3e6206d3cc0f8d1c31b2617540cf5208a9eca7	4068cbc4fac017ee83d54ad1ef62c56f7018d0b953f34d682edb52afda8ff52c
build/swiftpm/repositories/swift-syntax-e1f983d3/objects/68/d532b7bb90c91e4d15ee714e7bb9631bb244ef	8ee03bc4f41160a7cf831ad2143980915f5cbed935b945e569c8a5aba96184e5
build/swiftpm/repositories/swift-syntax-e1f983d3/objects/68/eb10d09ea2001dc1a5eb2f746d1c24861ea0a3	6d64fe5ad63807378d343e4f9f3ea51507b3513d4386f25cce9f3af9f013a10c
build/swiftpm/repositories/swift-syntax-e1f983d3/objects/69/46b415879af1cde04301b9524630f704b5b0f2	641f6cccf092ab2b78f70cb8d32ae53ec45e91e9a06ccf4ee2797a48ff080731
build/swiftpm/repositories/swift-syntax-e1f983d3/objects/69/4fdfc6b62ed2c2662523544591095ae371ea21	1428a9e8d85cc925a0412e1c64073bcaace662323b5fa7a78f684b2af19be488
build/swiftpm/repositories/swift-syntax-e1f983d3/objects/69/6a22e31ce10aff79df2d448805bd33cc98b8f0	29f07e5dda2515392b0eaf3640b4367985ce36317b2d22aed0862dfaa537f1e7
build/swiftpm/repositories/swift-syntax-e1f983d3/objects/69/785dd7e95d9b0ab0193935627bc00cbfc6f1b4	f2e7a94dc929ce930da7fac7bddd09dad5a3664b3bfbbb88a2699b325b3b4b7b
build/swiftpm/repositories/swift-syntax-e1f983d3/objects/6a/014aa1a7da4ebab545c609362518c3005aa317	e4960583178916c561f0f50a8fe6dc793e76df0435a556cf54670931f6b505cb
build/swiftpm/repositories/swift-syntax-e1f983d3/objects/6a/0c63e65823a81b8ec41cfa69fbac2f3d067213	723456be1b838e589006f954bb280069dbb8222e8fb11f48f0596cfdd9b8ed99
build/swiftpm/repositories/swift-syntax-e1f983d3/objects/6a/cdb6e012f6c00dded80c4fe9a890e9b499a8f2	e5b58eb28f1fc6f876dee5d397edc63a0c6130b2b348c808bc80ee9a7b6c7477
build/swiftpm/repositories/swift-syntax-e1f983d3/objects/6b/293ab17733e3b7f0edc47c6ca1d8f3108d8c62	82aa5a163714bb1797cbec03ccf5c059aa06070d9d3ead1913e475e84b774000
build/swiftpm/repositories/swift-syntax-e1f983d3/objects/6b/5b70e8578964cfafa58caf514931af2eb57341	c01e5bfe6f81beb8055650441d63ef0751f5db25dfa10f243b5c79b255a7d2d2
build/swiftpm/repositories/swift-syntax-e1f983d3/objects/6b/8a4133758b4576c39a386a84e4de87dd29810e	f434a0f838c1deebfdf1ddf6cd4dc5b288dbe114aa4b3ccadb6d5193de8e4af4
build/swiftpm/repositories/swift-syntax-e1f983d3/objects/6b/ae1eb2f73a739272a2640724b09ada94c6d527	60ec8dfa8db0ed8d66205c0eedd3825736140edfc3028068396f05e18cb5e60a
build/swiftpm/repositories/swift-syntax-e1f983d3/objects/6c/5ecd4f6b0e2173066ffc5215d135d1311bb2c9	5d75940615d40aa5233f9d32c22497b4c32a0c6a29868c01b3c5580ab2697655
build/swiftpm/repositories/swift-syntax-e1f983d3/objects/6c/7f54e85813709ad142d12dfb48cb1f6cd2c240	f88e99491ea04b5c8c2aea297ba3ead7e571214728bba10725c3cdbec96d72ca
build/swiftpm/repositories/swift-syntax-e1f983d3/objects/6d/14ecae265c49a59501619645b6a2712b9ce9ac	2dea79a143241f19179401d4d188459bd71ed5155880a4a63ebd28185c962a75
build/swiftpm/repositories/swift-syntax-e1f983d3/objects/6d/5539de88066815aa85163e9dbb4588a7fdbd86	de0734cc1c236da7be8b4585edcba2c8f1920854a53f4a240c3905c4f130d692
build/swiftpm/repositories/swift-syntax-e1f983d3/objects/6d/70ff6fb6584054bdd4c8822e0e932cdb3a1d83	bba37b5132a58d3bda8f90921c961d36048ad994e3edfad930884b0d9924f64e
build/swiftpm/repositories/swift-syntax-e1f983d3/objects/6d/d95fb148f2958671c733e303b850c0dbbb0b0b	8c66555b0a82d7f00f46a93a61590c4d3b7964af13ae109b30f6b46a92c7053c
build/swiftpm/repositories/swift-syntax-e1f983d3/objects/6f/58373611ab62e02f2f364c995b655de2ae4c8a	4ca7cea5620add028de552a1fed8f47d924d848b7d5bc2026347330ffcea6017
build/swiftpm/repositories/swift-syntax-e1f983d3/objects/6f/70450fb858d84fdb193f7df96049c37c4a638a	39095fff2fc931ba3a6dd4f7228ad3de7b5e4767d44732bcc50fc461d331f3a5
build/swiftpm/repositories/swift-syntax-e1f983d3/objects/6f/c1302b0fad45444e1cb5ed5c485233b61dc25c	a011d3a8919252ee4babbd077496a58045573fc0b29e24d78224df6374c65f7b
build/swiftpm/repositories/swift-syntax-e1f983d3/objects/70/5ef1a2a322cde757a083b3a28e3139e36a1fe4	d37b8f7a5c75c96b10f71905eef364f4d7d1a79c6b754608bbd7dd9fe87d6758
build/swiftpm/repositories/swift-syntax-e1f983d3/objects/70/8d6b5e5d1c0074aef3ec6790faf28c27e69a8d	b07f19080d028c39313e465cf01d7d70d469268b046f5d9656d84042c4623dd9
build/swiftpm/repositories/swift-syntax-e1f983d3/objects/71/2c895310a7e81d09f6fde1e5f06ef640283d44	41bcf1c44a08b6a714962f424e92ad1b9000705fcab7a0bbfdd340d90620ebda
build/swiftpm/repositories/swift-syntax-e1f983d3/objects/71/33ad983bcfd3cb3dd8cfda99131b8c40ec6734	f050c97095ce028c7b4a7a8c1756b4d786d339184990ddf8cceea1786a8ada3c
build/swiftpm/repositories/swift-syntax-e1f983d3/objects/71/b92c575b52ebb542afec846fccdef31cda5e2d	60fc5ddb2286f689cb33754003766561495bc5e607593e0e4c50eb5fb80fb850
build/swiftpm/repositories/swift-syntax-e1f983d3/objects/72/c014f3e403c31e90f551c9e81179e8a2e650fb	e96587a6bbbb89ecc795ba9eda0885e23897b50e54a3fc710a9af1fda09a4eaa
build/swiftpm/repositories/swift-syntax-e1f983d3/objects/72/db19ea9084a483d42251a5c07448202ae8c1cd	9acb5f69e3f7a650c64793b37bc42db2c14a2914b2b728155aa6740bb9ad408d
build/swiftpm/repositories/swift-syntax-e1f983d3/objects/73/4309001bc047443b603b489a9c59e7f4f09f68	aebdbaefefa6113a1e850db1b18cc332ae8f50c4e3e4e83a90ff827348a55703
build/swiftpm/repositories/swift-syntax-e1f983d3/objects/73/52016d655e0db4f3193f83982acb7c26e58e89	48d866d28023f522c1035604cccda87f27ef556aba94fb5ee96dbe07333fa500
build/swiftpm/repositories/swift-syntax-e1f983d3/objects/73/880c1d5a4e60b985637a511b2339ee8dc6aa64	9ebcf28999c90a86c9b35573f333e8d4482aa6ea2b7f30e6dd8c87a2b4ab3bfc
build/swiftpm/repositories/swift-syntax-e1f983d3/objects/73/ab0d45b32a15411d48427c3c43a9f084e38d1b	1ab734cae40cb417a148aa0ff95e618f2258761380c08f9ef3c43416acc8ee44
build/swiftpm/repositories/swift-syntax-e1f983d3/objects/74/342b91f4dc7ea20d04c798fec2f5c696a37233	130f19d573c1b7ef63992f36737bd2f2fc5911b9c9757cd540fc3112e10c7dcc
build/swiftpm/repositories/swift-syntax-e1f983d3/objects/74/65abf29ea2c8e32ba656433b9a70488274c878	7218f3cdb4f35ba774429f95908b0b61c48bb7de8ba4c5df6d0be90bc95feada
build/swiftpm/repositories/swift-syntax-e1f983d3/objects/74/705bacad62fa4ab9e2d5110b4ee0a47b746d8f	a86ec4903a551d1a2057e25ecabdd77f82a5611010eb56577805515611ac8c16
build/swiftpm/repositories/swift-syntax-e1f983d3/objects/74/af79d9465df8a0d7fdc2a27f0315aef7cbabc8	f66ce6290896bf05ae35cb5f580373406ff61734595694e816981b877633703d
build/swiftpm/repositories/swift-syntax-e1f983d3/objects/74/b1e6d9fb47a6afb41018db1f9d5be216e9e129	369a22002cd965a4b8877e96adbd4dfb170155f5d9da4377b10537f23047a5da
build/swiftpm/repositories/swift-syntax-e1f983d3/objects/74/beb4f475b9a664121b506a8eaceb387b555d2f	392f2a0b3ad4d1b0b09a425d2ee13aa243c103144080d63cc640bc534089f5d1
build/swiftpm/repositories/swift-syntax-e1f983d3/objects/74/cbf8a8a0aefd6c6ed6d09ad4b0324f17b0cc22	cc69d5084b1bd23ded3aa36c29e3fe8145c2b94926112f14b1b8950a0458a1f9
build/swiftpm/repositories/swift-syntax-e1f983d3/objects/75/604d5c865f76565094faebe372491569acd23d	c3eb3b7864f22f3d2855d620c49907272f77985ae67309582bccb8435f32f03c
build/swiftpm/repositories/swift-syntax-e1f983d3/objects/75/b82ce9f06320668c2ea4251a5c855ffb4fc351	4c1c609b3a207b4cdb73b99b1ce2d0aeaf2496755cca3c4853604922b6946f98
build/swiftpm/repositories/swift-syntax-e1f983d3/objects/76/2d85d47071d13d5c7caab90de8d9f37b9aeb04	0436100f109962d3132b874c36f7ef56e9c0aafe22cd4e9304bfb142136f4d74
build/swiftpm/repositories/swift-syntax-e1f983d3/objects/76/7914c7b3775ae2037ae198e4bdd57edc2d2a48	149d9026fcb95c8564a80a14b97080d20235acb645a2edf11c7f0ce367696570
build/swiftpm/repositories/swift-syntax-e1f983d3/objects/77/0306a065673483b67214eccd740ff086c98758	8dceec73dff8cfa1adf88bbc723b54cd7fd5ca3ce1521fbfec74e366d0605dee
build/swiftpm/repositories/swift-syntax-e1f983d3/objects/78/cef3aaf8496ac3624adfe4fea84ea32a9c5fbb	03d7765bbfe13a84173e5ce291fa94b0471dbfd81046caee73400c6122b662a7
build/swiftpm/repositories/swift-syntax-e1f983d3/objects/79/02b9addc8f406b94a4dcbeb331a41419ceacd6	128316dff535def0abb0810ea03ec4bd413386ae1e383f187bd8112dab1cf8f2
build/swiftpm/repositories/swift-syntax-e1f983d3/objects/79/1406eb371b61982f26e694636024b71507f30a	ef128ce52f0a737caf7a014235ed80d9bcb5103c636ba40eea883cfeb79eb649
build/swiftpm/repositories/swift-syntax-e1f983d3/objects/79/1aae7966ca3386f332a25bb7c1e32db0acd5cf	af34ec1e10fd173c2ab06103ddffe313204c9a878edb4f3d843dd2b62a80723c
build/swiftpm/repositories/swift-syntax-e1f983d3/objects/79/29e6402989dc1c3e7e44276adffbd08b7c6950	f0b94b02edb997658246e9f409bd12aa576c891089180df24081472f23bc85e0
build/swiftpm/repositories/swift-syntax-e1f983d3/objects/79/b4d76aaf8bad3aa5afbb525051db0a3e8379c0	ac5775e0c82952825d0c48a3b3e3e42736116c6132deec215ff8e4e5c8dc0585
build/swiftpm/repositories/swift-syntax-e1f983d3/objects/7a/7dc2376d66dc2bcf66c0648c7e5afb68da3884	225c9aa2cc3cd3795a26de7ca5653dee43c0d5b93256c6fb1241d22ff562f447
build/swiftpm/repositories/swift-syntax-e1f983d3/objects/7a/85ca80dcd6994b74f2c2bba38573642a3a19ae	d7e721bbd39881badf00b7a556e8af99c4361d4516752320d489238c40e7380d
build/swiftpm/repositories/swift-syntax-e1f983d3/objects/7a/9d1f20b38dc8aeb55189669e1d4a74add62b9e	301430e7157121d010511d7fead7aea3472299ad1e89cc5ea4eef00820415c3d
build/swiftpm/repositories/swift-syntax-e1f983d3/objects/7a/db478daf2fec4b137bf30208a0e494d7b32cc7	7f3eb5d5847102630cb69ec488dbed81661cd0dff8e3eb4bc5484ded4c029605
build/swiftpm/repositories/swift-syntax-e1f983d3/objects/7a/febf0a1e14fd13faa819ae8cc905f95c6dc557	f30e5c3eb0865766a7cbf8dbedf03c25956b639523b704106e241f0a8b2efaf3
build/swiftpm/repositories/swift-syntax-e1f983d3/objects/7b/05015aeb8799fcd9f1456b813a4b65eddcf864	db7cf1f9fb2fa90fb223d6756586d6df67ad4004d21789769752468151b7da89
build/swiftpm/repositories/swift-syntax-e1f983d3/objects/7b/05b324c68b45b7bde6a039abed93f414f80462	6f5e61301b88d91d1bcce9fe74aa221515401e9dfc307a6f6a00b501ca220309
build/swiftpm/repositories/swift-syntax-e1f983d3/objects/7b/1defd1a3c5d6e483769ada319c02a4d6f484f9	a6df04cec3b8c1c80032de28ccb0aaf59553c77b62f5c5447ad231037f8bbcea
build/swiftpm/repositories/swift-syntax-e1f983d3/objects/7b/70b4cceb39911158bb91a22ad0b0aa49c18e47	25a41075eed15981fe398784ffb49a72dbea5ca6fb454958942b021c682cbf2a
build/swiftpm/repositories/swift-syntax-e1f983d3/objects/7d/8abec7c20a087592819e754bf4c8064ecd09e9	7ed62c86ac708e023474392bb305229c61f14448130478e5518562f973bb6297
build/swiftpm/repositories/swift-syntax-e1f983d3/objects/7d/a1672f4ae22f3bed94b3c59c6bfd3c3f17e2a7	1d03c2845cb8ed53a3b8be35a85e05d8fd8af7fe4fb568dda346b92c34b74005
build/swiftpm/repositories/swift-syntax-e1f983d3/objects/7d/c6ba4c49e2d20602a2df703cff904947ff8897	0e5226a913f6c358839a5e6f0e481a6b0338c4b4752ad8fe9bad2e69276b6fc7
build/swiftpm/repositories/swift-syntax-e1f983d3/objects/7d/e417137cc08f1ce2cfdd4bbb81d8daf1bed502	bde761fe320803d087e84cdec7bac619bf428998e9958dac1b81f038cc2b3fa6
build/swiftpm/repositories/swift-syntax-e1f983d3/objects/7d/f94c35ef01bc9f80946d75ba82fa7fef48bc2d	5a6938db1ec499e61799fcd4916cf467ef8841be6604c9a8aeeeb1faacf32502
build/swiftpm/repositories/swift-syntax-e1f983d3/objects/7e/8c1c91e1e88bb257c67716af4ca49280fbc350	e87104b18e25c2faf5da07750796701826ee1a6c9f12dd0fb0b5cfef036a2b6c
build/swiftpm/repositories/swift-syntax-e1f983d3/objects/7e/c920a8aee48c0355e9e4afb0e3f0ca66a3c8f0	a213e06e9907fca0988d1f0b6f6dd98171b2c3ad54a56bdc0cd4d0e7d852db04
build/swiftpm/repositories/swift-syntax-e1f983d3/objects/7e/e11d8b665132ad1c81a0d28cffd723ba74cceb	e63415c9ed1deb568caa4804ecf6b486e1d3c680336dbac419ae4b81766a4b21
build/swiftpm/repositories/swift-syntax-e1f983d3/objects/7f/01b45dadff41c158633790ddc4434099f29c64	3f499153d3b21e6c99849d01fe10ff4952af364b56472ca6a9ad7fa7d73a42a5
build/swiftpm/repositories/swift-syntax-e1f983d3/objects/80/1c7d13ae2246cfaa6548e3c2592d7334cc1524	32277a7f373019c7d643b541d0b97386fbf2cf728ac0dd2829bdc726772b9e76
build/swiftpm/repositories/swift-syntax-e1f983d3/objects/80/4792cefcb870b97a5476830355eaa06efd2842	947269ab3556802dd1c2875c24329fc5425a46b43d674946f3130522088aef47
build/swiftpm/repositories/swift-syntax-e1f983d3/objects/80/5d31274301c6922765abab47f4cdbbc7ac21ed	6aa7fbb434dd8bc2ddc6884ccccde953b641c4fdf22b08632da7e3ed77392d9e
build/swiftpm/repositories/swift-syntax-e1f983d3/objects/80/a48bfe5e8d14a39d4d5979abdebab3c4ee759e	f1896e07c5e7ace4a3cdda314d27f93adaf3cde3b2e80f3fa4a4f687e707d992
build/swiftpm/repositories/swift-syntax-e1f983d3/objects/81/0139c72863a436e7570d85fd103cd4060488ac	823cf674be28461aa602acfe1e3c37df6b00317cf85df9a3015854d6f6efdc48
build/swiftpm/repositories/swift-syntax-e1f983d3/objects/81/3d43dd2033ff778d335736cd3329fcd5f6b531	77cb6d00933401bd8ecf978eb24fc970f697c6ddb7db95a9567e89042f9ca9cb
build/swiftpm/repositories/swift-syntax-e1f983d3/objects/81/8b8425ddadf25e303cec912207dc67c4dfc21e	7211f0a015e71276d7522fbe70bfb2f4570317fa68b7ccec610bebcc8a327b8a
build/swiftpm/repositories/swift-syntax-e1f983d3/objects/83/084867595b2d0c8376c7ede1b99a50087d542a	7acc9a0595809fc08daf75f43ca49a5e9077c126985d5ca326688fc0e8592c9a
build/swiftpm/repositories/swift-syntax-e1f983d3/objects/83/2894e03381104665856abbd2a2895ef4909ad5	83b8595bdf6bae60ce2fefe8da86da788be250fff5f95e50dc44f0ad290fa970
build/swiftpm/repositories/swift-syntax-e1f983d3/objects/83/8cae829c8b0a7cd072e4be1be9a1671ec33470	8e0580a2e9ee7c41171a4dea7d255bff473642b2ba9ac083f4a1a94fc4a71a54
build/swiftpm/repositories/swift-syntax-e1f983d3/objects/83/ce7e620bc07c65751b7d48a1e4b2ec56f3cdbd	85fe187cc859682f5e3246b2b558c37050b57b6c4b3e6e5c61e8f66e54ceab00
build/swiftpm/repositories/swift-syntax-e1f983d3/objects/83/d9850191a43f4ed992d7940610eafe3ae07500	ed7673a9bce7bf7cba7ab0edcdaa5cc344d5355b8ee29c21e35159294c620f42
build/swiftpm/repositories/swift-syntax-e1f983d3/objects/84/06ab3cd0718c5be63ede6eabb3a7ec33d606ee	befab678ae745daed534ed852961ef1fbebb69b65cb1365d6b76ea812c6fd42d
build/swiftpm/repositories/swift-syntax-e1f983d3/objects/84/cd922ff0982bc50f89650596f08658ae60b95d	4ad0d9ded1db01620d32dfc425281d31f8de1aa7754d723d58bdcfe315651ead
build/swiftpm/repositories/swift-syntax-e1f983d3/objects/85/38b1d6b890942c9203b89568e44fb52540c8eb	de8be3ea68584b75214fbe691f41ae8cf4a85c0039e6f290ba1f50dba2fbf589
build/swiftpm/repositories/swift-syntax-e1f983d3/objects/85/fc78d8860e83681f8c2330a382d531ff5b1df2	501cc992b8b3310b912b3ddcbf11137ec9ef080644b9cdf1e65362b8ec79048b
build/swiftpm/repositories/swift-syntax-e1f983d3/objects/86/1079dc5428edcfc71c80765828f2c9289939cd	376e94b05d6a3911952d27c21376a2e0be378e4a63853b043034f428933cf87a
build/swiftpm/repositories/swift-syntax-e1f983d3/objects/86/8a46c2277f93159a825604545aafae179c2987	e0261b11304f64a788db03c1c2560cf3f39aa189138a62c137f7aa3b4bfd392c
build/swiftpm/repositories/swift-syntax-e1f983d3/objects/86/aee52fd223ae7773949f3c4d59f4c1dd6fa150	61c6a9f9f9af554a27b08b2affc02d0806b78d815695726a6edc8b0da9370636
build/swiftpm/repositories/swift-syntax-e1f983d3/objects/87/b0d0c414ca54f1e3221ae7689e3ca28a981363	15a04f0cfe695ba86c05cb5ad90360f31a66754273228162e421683317b41333
build/swiftpm/repositories/swift-syntax-e1f983d3/objects/87/fc0608731b26f48d032a02f0eb3cb6be5a39ab	25c6c9a7d7367928c57f6b913d65e786d1f3fc5da047e4dd4374530f03b867ed
build/swiftpm/repositories/swift-syntax-e1f983d3/objects/88/62426e4a92c39bb21379a5b45d8775ddc9d5a5	5a9291cd4df3cd73aec2a06f462329aae8349a958354ff87a9707752cad3e431
build/swiftpm/repositories/swift-syntax-e1f983d3/objects/88/b5fa1d0034859afc915ddb5cbe02342d21895f	b3f613027dca961b2b30c43f54b892bce3a25b3023593be67cbbf383d79b2122
build/swiftpm/repositories/swift-syntax-e1f983d3/objects/88/bea29604738a7faa87253fee61eaa85ee0e044	7ff8be8df6f9f3cebb5fc41ff8934a557101db72df82f32d73245b236f0a1233
build/swiftpm/repositories/swift-syntax-e1f983d3/objects/89/19e0cef52a21fe4c9dc2f275a9af556d858520	a287e091d397c700d915873239f0844df85403fc873adeb1ca5f59c9e85ae079
build/swiftpm/repositories/swift-syntax-e1f983d3/objects/89/99cf6141c8cf0cc668eec42f29cc75da4f500c	cf7024ac0d4d2c8fd329b3e3cea4a3180405d4816d1785692cd5120d8f4e1dfa
build/swiftpm/repositories/swift-syntax-e1f983d3/objects/89/fcb8f40324a5a171c672b67c83b721313a9a2d	a5dfd9fd5ea792d258750200b61015186a008f80671ae9667b264689a8e6c3cb
build/swiftpm/repositories/swift-syntax-e1f983d3/objects/8a/140d1928bb71005348cb54582f38f5bba1608c	5dcfb221439e950f022ef0ad98226a15ee92da8b8c40ecf92d8ac4a9fbcde667
build/swiftpm/repositories/swift-syntax-e1f983d3/objects/8a/35cbf15889156b451a96f9de5008da4851647a	49f96ec7c54219e5bf5a91a0b03c536809e1d2c3b44c5aa5b852484b9ed1d461
build/swiftpm/repositories/swift-syntax-e1f983d3/objects/8a/5516d4716203c0be461b9f4b93fa2efa2da462	e09a63dfbf479ca2803a5675ef9e48e4e3ae1d7ad310b31e286125e1739a8a98
build/swiftpm/repositories/swift-syntax-e1f983d3/objects/8a/c35cda234862023df72c767783de90160f8b32	26839bb5bcaf08f69a7da91bffbaf14ff485febcd9b475f20246bba7669a591c
build/swiftpm/repositories/swift-syntax-e1f983d3/objects/8a/e6b4ab4372317063d2cfd3c0a8b81dea619705	794ef8e32a2d38f9f4422a52a826177030bcbbc9b8da53874b8fcf91c432a7e3
build/swiftpm/repositories/swift-syntax-e1f983d3/objects/8b/91423053d943295e768e2a2fdc584a13b266d3	63965777c87e3527f1c74e58431c4d151c4986a1eb96272ede45691c1e5007fd
build/swiftpm/repositories/swift-syntax-e1f983d3/objects/8b/d77eea148ca19774730a58e7e17d1b31f0aebc	4c1f073b10329e0ca082b9ac4265e9b3f8593293676971043f32f92af49e34e6
build/swiftpm/repositories/swift-syntax-e1f983d3/objects/8c/dc3248675486ca352aa4bbd04984160ba9f466	5a85816e39caef610bd861b3f252620622c92dd9bfae98c3eea8dd652d9d39a1
build/swiftpm/repositories/swift-syntax-e1f983d3/objects/8d/4c4f594ae02b860a86b87a721b39df743c512a	33ccc70afd406ed7e88497fbede07034799aac5ce610fd64c57bcd67cadb652c
build/swiftpm/repositories/swift-syntax-e1f983d3/objects/8d/c4c763760704d71f49bd342d511c60d4b1e621	d12ee3bdaa20ea4329af3e19c31eeea1ef6a920dde02c60b1d4b200ccee44977
build/swiftpm/repositories/swift-syntax-e1f983d3/objects/8e/13fe658801597f281ee7b0311aa14ef772bae8	012b7c00438571f6da68109e122962ff878ab12bdbc42bc3194c6f12e61d2467
build/swiftpm/repositories/swift-syntax-e1f983d3/objects/8e/d2755a5fb2d7aa1b7acbca3f4f2e8af89fc482	43e19c764342c0a88b7aba6acea38eb56061ede0641c1f45edf98f07ecd5dd1c
build/swiftpm/repositories/swift-syntax-e1f983d3/objects/8e/d92cfbe8d649bb94ec84a524ccc0949dbfe517	fba3b0d78c1d8b820e3b986c61306b34ff0a218d9bb5c5102de5945372f92c65
build/swiftpm/repositories/swift-syntax-e1f983d3/objects/8e/f4b42f132bfb2d2b73de0cefb455756bf9bf65	2a90c941b1d08e32492a074e05c7c9493629b1152b792e19d8b64d0611d7f51c
build/swiftpm/repositories/swift-syntax-e1f983d3/objects/8f/cf311724733fe744ed0bf0290b567a1af1c9a6	ca708612713c2400b2c895fab18765b76cdeaa23f923fc66d22765ac0e7345d5
build/swiftpm/repositories/swift-syntax-e1f983d3/objects/8f/cffd83adde1f8ec5f179913060fef8b2412199	679ab24411f5eb400a3b731d6ebb7ee70ad631509e6faac5ae0ab95b7e0a3d86
build/swiftpm/repositories/swift-syntax-e1f983d3/objects/90/0b96b64d4647d198df07b72d7a8dc8c0e9c575	641e55d677554916398f09543650bb7a9f39532423abf37c347321542a870b3d
build/swiftpm/repositories/swift-syntax-e1f983d3/objects/90/306c9f10d253984ce95e8e7ab429e6cb724d7d	81c48a9d88c9b9d4958ce7d8dce17d459223a2cbb921c0077a92ce65c2ae6509
build/swiftpm/repositories/swift-syntax-e1f983d3/objects/90/95e4f2243d8c101a87275e6bd79f2ece9969bb	69bd2f434ce07b44215dadecbeb81153c3b0f2e4184cf6ed3357731da98b2dd4
build/swiftpm/repositories/swift-syntax-e1f983d3/objects/90/ce3399ba9bba3f258288442c1b58133b5525ac	828d5d1db3627db64a79c0b059e117ef938630e335f15cdcb77ed60204ee1a62
build/swiftpm/repositories/swift-syntax-e1f983d3/objects/91/1061a6775a6b1216504de882dc205c7b6de3f1	3a1fbf20f70b637906fdf299ac73f26bd8db257c2e18960e2ed1446dc8f8249d
build/swiftpm/repositories/swift-syntax-e1f983d3/objects/91/232dc6d6cffe789eced66d5f3fbeb73c37dccf	588487ca026dafd75689cbbca6d38e87e5b07d74de84b6011676f546b7a8b92d
build/swiftpm/repositories/swift-syntax-e1f983d3/objects/92/9667ce4c1a59b04ea6d5100796099fd014198a	7df8a01969c14852f53b14a91c5431ee680779ead46d68ae7176a7c283b1230d
build/swiftpm/repositories/swift-syntax-e1f983d3/objects/92/efc4c1ccbb40010d1fa7e6ae0f7d822fc7ad03	5467072f73eab3d5d4a3b304f32dad650ba140abad0d971ff258a3d6d4b920c3
build/swiftpm/repositories/swift-syntax-e1f983d3/objects/93/1a481b4ddc25047cdd321966ddafc7a32aa0a7	e815028169af6c4f538cb58ee3959757c8a432d7aaca54e26d45b2b80ff2e813
build/swiftpm/repositories/swift-syntax-e1f983d3/objects/93/c4dacfa1bdc19cbdab74379f77acb2aedf9483	57b1bc51d2aa516392f1be1aebb998f09613ffd37d735513772a6a7dbd39ad42
build/swiftpm/repositories/swift-syntax-e1f983d3/objects/94/34fa459660bb050841d732b964f349c080b2c7	ef3a4ee3f5f3e3b978c49a82a584386632c277a38b7e3c94076f82e2f6a86daf
build/swiftpm/repositories/swift-syntax-e1f983d3/objects/94/fb0be3b57fd7ab200bda26fc0aea73a6e167af	38a94a9d53e0318aace9067d1b601c2cec0000531ad69544c9cb86f9eea28514
build/swiftpm/repositories/swift-syntax-e1f983d3/objects/96/75d71f677ec51127e6a87ec6d2bcf52f8a5781	d25130b7fb0f411923a006498e014db73dba67453e8a064c0ca8c06dfeae9c2b
build/swiftpm/repositories/swift-syntax-e1f983d3/objects/96/d3e4c82bcbaba12f18bc4a119a97bf0fe65494	ff715f6a9be5ef28a7f55d4df746b71f139cf95a200556df0c0e4e442b335ace
build/swiftpm/repositories/swift-syntax-e1f983d3/objects/96/e12bdf3e65ddde6d39d1e8114eb9538569195b	d8db2966e48d39640c7b0b8a8fa1a9dde5a96a539d34e5b13c4ed2a588f8c883
build/swiftpm/repositories/swift-syntax-e1f983d3/objects/96/f07e3c2668ee3a4e3788edf3991b21d5f8ed68	40996275196314d74ef85554674f062559397860870f059a6bdc0c36d89acbe2
build/swiftpm/repositories/swift-syntax-e1f983d3/objects/97/28732b2e43a2ebae9f808907e02df70d418456	781efbce5d79e80ad57d3db8730bd40a4f8488a062fb97b62afd04b33553f1ab
build/swiftpm/repositories/swift-syntax-e1f983d3/objects/97/8b7b4a56c2c257df7ffbd9a4f00edbd237bb6b	9a1ca7998746c613664c443153c8123fa935f8c40bcb599d7da3bf546f32dcd3
build/swiftpm/repositories/swift-syntax-e1f983d3/objects/98/1fcaac12d1aab11d98ca9c2dcd47eecafc7df3	db3f999e8c091302330bdd77c34caf26a477dfad750c41ec647c6461f9f3bf00
build/swiftpm/repositories/swift-syntax-e1f983d3/objects/98/3349e9a372284d0925679055b112a06a622e32	2e6e74fc274493187fc0dbea5179f9a05ad414989539d5e50da5a6acf3850fe5
build/swiftpm/repositories/swift-syntax-e1f983d3/objects/98/7b1e92f7cc2086a3e3229738e1b3b5a1ab11c1	6c239de2ba8afb038afb7a2b5cabe1d474da16598052ff7613c580e61aa6adaf
build/swiftpm/repositories/swift-syntax-e1f983d3/objects/98/d81dbb0166bd8c168fedc8a7c12acdda9dab39	83a3177c2f0d518788dafb1c540d54a543d52680f2485729bb4cbd1394253d8d
build/swiftpm/repositories/swift-syntax-e1f983d3/objects/99/a6c93848f7ff6d6c659c2b1d3270dbc2ab0bf4	23a0a08b54ae8f03792692e1e942782251479abdd042602266064967c59d9a13
build/swiftpm/repositories/swift-syntax-e1f983d3/objects/99/be5dad9035dcd7c0f45163565a174566fdea3c	1217df19d59c76d21ace9ba91ddbc9ee50c6b05a0a66cc5317e0d3d950ea68b1
build/swiftpm/repositories/swift-syntax-e1f983d3/objects/99/df1f2e208419cfda3761e3ca1e07499637004e	b17bb30d80d5a3885977e207c27935c6b0060f49cdc08af565f770231f3340c8
build/swiftpm/repositories/swift-syntax-e1f983d3/objects/9a/13f29ab59d1350af16ad0feb3e5cdd96671c17	2a319e4033be5a3099d0f27bd438c8052df86dc63585863eefa806549cbd9076
build/swiftpm/repositories/swift-syntax-e1f983d3/objects/9b/108f1aa2794882e39cfebad7720c38797c707b	c0313fd139d318c2401b4f99db9707a0ec09e5e3463c7d8e465620210ac97dff
build/swiftpm/repositories/swift-syntax-e1f983d3/objects/9b/9109a14bec3946d756765ac8e75cd7050578db	7af2b43dbfa75ce092e86a40f0392370adaaafe83e34abd69f6e1404e3dcf2a5
build/swiftpm/repositories/swift-syntax-e1f983d3/objects/9b/a83ceff966a47d0588e811a184561c0ac88151	1f35a238fab06761db8b146ce78404e6bf973396c9df1d134c48c4dc5fe74ee8
build/swiftpm/repositories/swift-syntax-e1f983d3/objects/9c/433c723b81cbf22a8e095a3e02c694762fb672	dc7ffe1a4152d2ac483f5f78de19145c91429100bfb7f51e5d010ef4ef07159e
build/swiftpm/repositories/swift-syntax-e1f983d3/objects/9c/b86025710afb11e22bd951cc0b52783a79e7ae	92f8ad89c7f4c314576015bdde1680da7fbd71449ba68e54bdd70ffab1249729
build/swiftpm/repositories/swift-syntax-e1f983d3/objects/9d/0c4df70c3d345fe1c12691a58492081d8e8029	6fe03e035ffa581f90a0cb13a85fd307a98fb41332d7913d5c79f8b752d93756
build/swiftpm/repositories/swift-syntax-e1f983d3/objects/9d/4609667afff70a331bf33d00640f794e490df0	80f7eb43b9821035c9e0d0319b7d24cbadef7acfccfc33fa6b094895758e3560
build/swiftpm/repositories/swift-syntax-e1f983d3/objects/9d/b08e29d9d06e8774dd1485436f4a3c3103403c	6d187d464ac34760150b0771d42e8de0f141966a9077e6b615bd428413d44a34
build/swiftpm/repositories/swift-syntax-e1f983d3/objects/9d/c1b27380f992b77cd1a40534c4c34b216aefc1	2a4822c24811e0543331e51de4b5b4c7bd8bf1a92831633ce7192cc2eaa287a7
build/swiftpm/repositories/swift-syntax-e1f983d3/objects/9e/a6535ef22155657d9c81a64fcfb6ea56705738	98e8dda008ebe8b223fe68153ca68615970c761cd8fec45422e1e46864096006
build/swiftpm/repositories/swift-syntax-e1f983d3/objects/9e/a829e493f78745f1fca108cc8be2fb6bccae1d	7e2120902180a6ddb7e4216798b79701f8f3ecc6a3935841d687ef602a43920d
build/swiftpm/repositories/swift-syntax-e1f983d3/objects/9f/241940fa625d4513d71e7f5e80ea6b7f47fcdd	9c5563b1fd5a5c9096f3a496deaebe091fbffc8f532d1a7a15ddb1e16b217583
build/swiftpm/repositories/swift-syntax-e1f983d3/objects/9f/6a3327b845f2bdaae0e9ef0de35567693c0ee3	f1116e54d5033886941273ba9fab37b5951e57acf68f0dbef3a68e99f09605a9
build/swiftpm/repositories/swift-syntax-e1f983d3/objects/9f/f3014444015ff25639c8915371dbb5aa758f62	e814aa33cde5f7a2b12d69da8567d7897e67722d70b212cfa83d92a74aa47b84
build/swiftpm/repositories/swift-syntax-e1f983d3/objects/a0/a7824d2e733b4797f1585b0fc1a7607b9bd4e7	2ce4ac3e57fca7f94a3dfe5aa087ac2dbe2c20cfe3e3dc37ad8451fb3668882a
build/swiftpm/repositories/swift-syntax-e1f983d3/objects/a1/7b5ade330e9ded5b98866ad71697ea263204d2	b503c2eacd2fcb24d0679461c94608c1a34345b6f66360d3faea9b06bb0d9c6f
build/swiftpm/repositories/swift-syntax-e1f983d3/objects/a2/7430a7aaf6fb76428066bd4588b9ba4f8f0d0a	bce08ff4b32d12525da98bd50b2f052e64653c478207610e3dda97b1d4a70745
build/swiftpm/repositories/swift-syntax-e1f983d3/objects/a2/bcc8ed667d85e964339670eb86ca5eafa2e186	8e7f087a48fb7165c15d917b9e2556f1c0c72ac218d5888e9ee455838ac6ae5f
build/swiftpm/repositories/swift-syntax-e1f983d3/objects/a2/e6ae5916e7372db94da6dcc3970be14db5bd94	86a1e6ef0ef410030e81a364a3510fb73004a601374e05a9e6eca90ddd2937e7
build/swiftpm/repositories/swift-syntax-e1f983d3/objects/a2/fe6db5880f4553ac717e0f7e2c3f14c6485e7f	00fd01fe8187dd7c00cf52c5417572e43fa7c2c19623acb020a2fb5b8e6f252f
build/swiftpm/repositories/swift-syntax-e1f983d3/objects/a3/a6c542583fc9c8ce1c8a84fed5b9cce929e2c0	275133c66ff755377571bfd8554d05ce2786ec28a52c56842eb592db2f9f3611
build/swiftpm/repositories/swift-syntax-e1f983d3/objects/a3/b9fe5e7e0d7822c5f3e01461e776ee8c13b646	46a97bb2abd2d6f2240c24e374912dd5f5111d1754e7a4fd56a4a48243c7ecaf
build/swiftpm/repositories/swift-syntax-e1f983d3/objects/a3/d4e9abc1c625758e6b81d9e40b79089e0b995f	d46071bea3f01a5fc2c7a3d89be4ea976d0d638940cbeaf4de2f7f6199f7f275
build/swiftpm/repositories/swift-syntax-e1f983d3/objects/a3/f148a182e9f5aa48c1c2b3fb620b43743bfaa8	f09c9585fc133c04adef1621d4c70f2cce2ae5c7bd8a4fde4fc99eaa69382d1e
build/swiftpm/repositories/swift-syntax-e1f983d3/objects/a4/06ab3d763f4c2502609bd56a59a78c7ed68733	26791e3954b76c00fa320c587973b5b0c5147ae47ab9d1390fa38356aa5e6e83
build/swiftpm/repositories/swift-syntax-e1f983d3/objects/a4/300c277c6c40c98f1788516bc093567244c34d	0badb035aef8625b987e898b8889489adf55927f4e4e8ceb3e8cc0da8e7bd3e9
build/swiftpm/repositories/swift-syntax-e1f983d3/objects/a4/c6cd977cbc687ea47fe7a3419e5e23e3baa5e0	1000ee93a6261755c0e33bcd5fd509fb6dbd47fd844466defeedbfd3cf96f73b
build/swiftpm/repositories/swift-syntax-e1f983d3/objects/a5/ae42ef3172df46744260fb52d7345277b3932f	a7febf917614e700a42f018030408d8d15b400f91cddc96b65c5d4eefd59205a
build/swiftpm/repositories/swift-syntax-e1f983d3/objects/a5/dd75181c57ab7205be93f9e2c057f7639e39fd	3cc67ea6750598d9320463584c4c7e0aa33a220de1be8b8ad036ed9b6d253a8d
build/swiftpm/repositories/swift-syntax-e1f983d3/objects/a6/f1e5a07766cc79ca127efe3b802ad007e45435	d24c5c9e46297fc3e874db33477194d4578722e83b197a9764d16263035d930d
build/swiftpm/repositories/swift-syntax-e1f983d3/objects/a7/37f09b683f768bb1eef16e4bd870f3fff90761	7ae1f6faec5445c8d0066177919ef9241e07257a98861de4cb0f0b388a6d02e0
build/swiftpm/repositories/swift-syntax-e1f983d3/objects/a7/a346db15b29fa63c8e2c6147ad2c2b2ef996c3	c93047e7bfce9eee3338dd44d4e7b90ff560e561e0dc21dd5ff422c674a200c5
build/swiftpm/repositories/swift-syntax-e1f983d3/objects/a8/1d195af47f3a342018af954eecbf6a0067bd84	ee9df49ec647c4ea3b95ce4bced92b5c46c38d80a36e7d614f9f436a61328625
build/swiftpm/repositories/swift-syntax-e1f983d3/objects/a8/440cda1fd45324acdc742ee8d119fe18aa832f	6457b575af83e062afab74a5149090dde7c427f00c10261110e15b1d60abbe80
build/swiftpm/repositories/swift-syntax-e1f983d3/objects/a8/a101d94e2d0451a5ee4b89c8553a4f2323964e	b7517791c606e75dbb4012df7a999049f5b68d22ae08c10effdcf070e251625b
build/swiftpm/repositories/swift-syntax-e1f983d3/objects/a8/a994ba91bc052810566b9da06081869a9f401a	de7d063e628bea069a658e5bd36215e894db595a9fd3039870936dea5027cf41
build/swiftpm/repositories/swift-syntax-e1f983d3/objects/a9/ac7674b563a06150ebbada1253b7d3724bc869	f411510fa6ef3d1712e626158ee9888e6fd09e7c8e343b7a97c4e9f11adfc650
build/swiftpm/repositories/swift-syntax-e1f983d3/objects/a9/b0a24b7edef838b3ab5bcdc4ff3fd63bf05329	3bcab911de17596c3c6d441760807a6a3c2d1ecc6347b0bea71c02f9dbaf2c12
build/swiftpm/repositories/swift-syntax-e1f983d3/objects/aa/6341f91fbefaa1ea88910ddb43d88b47a7386e	92624684bfb844943e7f9d0b66e65a85f9914922dbb2bd8cae949f93c0f37734
build/swiftpm/repositories/swift-syntax-e1f983d3/objects/aa/7e554c8f7d7d97defb04221e916123b2bcf94a	4bd100b4ecb02b8e193bafd43878b6ede62c87ef736647a8d9ae469776c981b7
build/swiftpm/repositories/swift-syntax-e1f983d3/objects/aa/b6e64aaaeae8f7bbcf7246a9431bd98627db67	3a6f1af1d6a2a83abc8a51df9b8c9fb88681ad8c2b32e6261326e59148f130cb
build/swiftpm/repositories/swift-syntax-e1f983d3/objects/aa/bf67dde1f099c7cb61c1be087ddcc33c85aa4b	5ff5b9683b18e80e7782029f2ad0695e302bce21c76d89727da780ed05c98611
build/swiftpm/repositories/swift-syntax-e1f983d3/objects/aa/c801aac3998ea5a26dfdca9475636047900b14	26d8867a5a821b1f1aafdd286f5668659b1ddb20a559cccb1889f3e683824484
build/swiftpm/repositories/swift-syntax-e1f983d3/objects/aa/e62511a863b067a112cb6a839e0c6485e6f7b9	002ecde56593b44621911bbe64e7449a764819591bb3a82b6d8ed111492e6b06
build/swiftpm/repositories/swift-syntax-e1f983d3/objects/ab/04df4dfcf230501cb3a0254bac6b857579e0c3	3baceb36cd53befb6909e3edb310c9749c72db957d67408abed768600f8c9060
build/swiftpm/repositories/swift-syntax-e1f983d3/objects/ab/191ce48dc84951a74e0388ac26ad7b17593771	0ebc437645ad8a048263b3e857f4e7ba274ff914d172d9df7e026a0779bad319
build/swiftpm/repositories/swift-syntax-e1f983d3/objects/ab/22888cbd6c28a521685d4cabfba489727a7a4e	10c6662a1919e13047bac2df16308ff11b61f3bfa8bf29c48d54b13d0cbc2587
build/swiftpm/repositories/swift-syntax-e1f983d3/objects/ab/62449db1a70430452246113ffa62f8a8df8c71	24fa50b9027ab9ab8faaf08fddd87b602ed29bca326dcf9069d2e3f499a280cc
build/swiftpm/repositories/swift-syntax-e1f983d3/objects/ab/6514277bce949f42d571acb41daa6fa91b8f9c	10089b4b0ba50a481176827393ab1d63730dad863caeeb0676183a6f58e2b5fe
build/swiftpm/repositories/swift-syntax-e1f983d3/objects/ab/e0f2080149dccb22dc7fe10306afa977a9f8f6	849fbb854f2593dde59678f8d6fc84d275e430d66ad7810119e8ca4d89c895a2
build/swiftpm/repositories/swift-syntax-e1f983d3/objects/ac/52caf57d4ad069e4b45c5a2cfc3a3d4bc8ab0c	a6a1b1c282ffc18606682b81eb7251942494e2ad1245066179af20b5610db04a
build/swiftpm/repositories/swift-syntax-e1f983d3/objects/ac/7c00194ce2983578ef250cd4209f3fdaad2f28	fa3d1baa00f81d85e9f8870350de36617723ffa90be87d083989dd1bfd8a6fbf
build/swiftpm/repositories/swift-syntax-e1f983d3/objects/ac/eb9d060c401f4aec1cba5ae9b54087b2b43ce8	14816bfcecee25c15aa1ff31146c1c1ff7b611fa0d32fb39a688e75eb712c44e
build/swiftpm/repositories/swift-syntax-e1f983d3/objects/ad/1b3edf76f26abed9b8e79589deefd857c241eb	15c125eecf9c1462a621cc6ddc781aa810f0b67342f3ea0e048d2632f855061b
build/swiftpm/repositories/swift-syntax-e1f983d3/objects/ad/3971d150de4d6bdb996a10f7c0986d428d262d	9a333d839f890aaffd1cda5e19cc8fc026c737bab03b4779e9c2c56efa9bcee8
build/swiftpm/repositories/swift-syntax-e1f983d3/objects/ad/676afdb9f34b3fafcc373cb83588b4f863b25a	1560e7fc68a058e3b2165b4a3bc615787af0168b85f5fe2a048bd8d1a09033dd
build/swiftpm/repositories/swift-syntax-e1f983d3/objects/ad/e8f85e8a588e23aef010808dea1b18bdb6ed8e	b4565f71dbbbf68a348146702a9ad31e7ac78817786cbd61e3e2c3798a9b2ece
build/swiftpm/repositories/swift-syntax-e1f983d3/objects/ae/23a89d7d077706bb9aec62ea1ec4311b77790d	3f344e017f6db530d9bbdedfdff34853ee6a22bb22eefc26aace033e69d4b922
build/swiftpm/repositories/swift-syntax-e1f983d3/objects/ae/4e119ceb8071867af57b6cca956c12b8bbfe03	dabcb220f3e7d276bb3312037676a259450414132513181c83f951a68828bbce
build/swiftpm/repositories/swift-syntax-e1f983d3/objects/ae/707d086c3b6a9fb0374960a20d55693cab131d	fc727398bd9c586780e6cc11f36d8199bade3ff5313edc16406f0516dc103a38
build/swiftpm/repositories/swift-syntax-e1f983d3/objects/ae/8ea2585cabc7f4eee8dc627dc068d4c91ba5c4	4a8cde494f4ec3a6b6a42492c67e2b69a749c494ef5ba2ce2f9a06d55ea6f855
build/swiftpm/repositories/swift-syntax-e1f983d3/objects/ae/9b6e074877403f3f5ad869dcbce759831d116e	db162c9a912b8eb1be9e313f3636fef77bdaaef66566274e160bbceb43849dbb
build/swiftpm/repositories/swift-syntax-e1f983d3/objects/ae/ab862ae3fd59dec31dd5b7a3ba33e3b08beaf7	b7e823b70edc3c7a84a1e287a8b2b6f570e5a72f17c17bbce653e45cccfd5199
build/swiftpm/repositories/swift-syntax-e1f983d3/objects/b0/60cbd7e190e10acd970c9c74596cb913bfe868	2e77fa0720cbe4a2e7bf7a021355974e886484911ada5dbb5578a54e36a4c276
build/swiftpm/repositories/swift-syntax-e1f983d3/objects/b0/8febe524d3d16d3cb0f4a65bcdd9b8c7ccce50	aeb5d00a86ccbf428b4679fb5229344ac0e4bd57d0b14d2c9b621098066c9985
build/swiftpm/repositories/swift-syntax-e1f983d3/objects/b0/d758a74a4ed52b0597b96ab2512ca7034893ec	b4bece150b03760c10262888133b0edca189d0ddea5016ff58d226dc8142be80
build/swiftpm/repositories/swift-syntax-e1f983d3/objects/b0/dad570fba5e817a93d08f8d579036566d8ac7e	0d6d821359cc99119989b5ee138d3fddad3a5ff7fcf2fe64d4d295773017211b
build/swiftpm/repositories/swift-syntax-e1f983d3/objects/b0/f1bf63813d85fbd2442b9b27be5453e59642aa	652bcd302cfeb56ded53012665e34b872a991fe78f39bb71bade050fbf4c30ee
build/swiftpm/repositories/swift-syntax-e1f983d3/objects/b1/0f622a29d4f24b89d4bc9616180a092b3f5ef8	3adc7ab1e65ad039f1e5d9f187a5ce1cb448d15daf17efddc849e3e28fb3b30c
build/swiftpm/repositories/swift-syntax-e1f983d3/objects/b1/366ade721c17ad85b21530a7aef97bac5f70cd	e96e861aa65ce2d3e11b6bca2823a90162ebff59b8e00b255367a0f2adbd2d2d
build/swiftpm/repositories/swift-syntax-e1f983d3/objects/b1/642480a19ae153b99c1bc2e2cd241e7577d82d	e6106fc2cf79f468f29cfacbb02a2bd007ac428e20db08ea824220eff2ad2446
build/swiftpm/repositories/swift-syntax-e1f983d3/objects/b2/716800c789f46878e7038ac4a9d8907a8cbe5f	e1e09a43a0c31ae48f5f3571551104a90146bd007d9fb9edf99660833f52fb61
build/swiftpm/repositories/swift-syntax-e1f983d3/objects/b2/e4d6e5d4db7075c44832485f74f5fd9a337ef7	27ed74bb2d8dc252b9244115867aaecbe0f345d53a11749df99063313c468245
build/swiftpm/repositories/swift-syntax-e1f983d3/objects/b3/57dad50f977c381b9bbdd40846e31f759b6e82	bc0ff6bc2f01bfa136d9aaafccb3ceea3595f065f4038a932e56396bc8b9a6f2
build/swiftpm/repositories/swift-syntax-e1f983d3/objects/b3/668911cc3254641e6aea792afe5200a610e277	b69846a8d0a576a795dbcee594687d7a0eaea73cd3f8c5802b34892ceaf5d894
build/swiftpm/repositories/swift-syntax-e1f983d3/objects/b3/8e18866ada75418f40e572fe9e29a39cd751cb	55c5c6fef66d5b1f4957dd0415ad1e8642fe1ec80fa9a19510177088d2f570eb
build/swiftpm/repositories/swift-syntax-e1f983d3/objects/b3/caf4ac26b7e0b356af9da80c6c7c113066d1cc	143c015e5697432c3439ab0b1ac10cb460ed133b0a0c6afdc9d5fd2e37846d06
build/swiftpm/repositories/swift-syntax-e1f983d3/objects/b4/49dd3d395f21b6731842517a9a0de1f73d55b5	4f49d911912b077e72d83ef5e6f42fdae130300419a7753405ee8451f729f70b
build/swiftpm/repositories/swift-syntax-e1f983d3/objects/b4/d47b3ec50ded7495461ac2d641395c8a81aa6e	7b9541b7005437d9c5cd8a8c899797503c9efad645b1335ab699329957659898
build/swiftpm/repositories/swift-syntax-e1f983d3/objects/b5/0a6687a7c7d1812b5caa7b866427fa7074dd39	5707fca2994c82026e9f95b206555b597d42aa979b98c7c14803d73e59f30448
build/swiftpm/repositories/swift-syntax-e1f983d3/objects/b5/137df4cc6f7ddfac71ba8bfdb377baf8aaf2ba	4fca22db9aedb1f8babf7dae9d9576f14d272f8bc3750c325b1db552ae111215
build/swiftpm/repositories/swift-syntax-e1f983d3/objects/b7/83893d174a2afdf6ba0e1301f6470e7a9176be	b646895f71259faf7ebb66dfce893a294ec1a6d0cbcf64d5563fd78080489e5f
build/swiftpm/repositories/swift-syntax-e1f983d3/objects/b7/a4ac3d230be96066153af325969e1dfc242905	6587cf804f2f8d8c15d758db71a001cfe718e72901b7f2619e15949bffcda598
build/swiftpm/repositories/swift-syntax-e1f983d3/objects/b7/e2846d2914c27016c14c5bbaa3293dea316a74	5116a30f8908628d6c08769f8a77141debf5ded0eb3e5e6d08014712eec3ff05
build/swiftpm/repositories/swift-syntax-e1f983d3/objects/b7/e589841c3a9e0d4d5bbc417d9055dd74831597	e93d34434eddd93dba05c6ccb5e9a2c732d4656c07a7292051f4db8b7f591ec0
build/swiftpm/repositories/swift-syntax-e1f983d3/objects/b7/fe9fdfd95895c0c5234f214a1b5e23a7993f1f	687a090a94677b820298fd34b53a35fa7f6aa2fbcb8b636ce247f683b56bfdb1
build/swiftpm/repositories/swift-syntax-e1f983d3/objects/b8/ca3eea1b9d8f2357ca3643ceccf9b33cba5b7f	0ef0d005a074e835564106a2383dd1623df5f2e6d7091f3aa3d5a8d9849229b2
build/swiftpm/repositories/swift-syntax-e1f983d3/objects/b8/e5ef0bc4f2ad05bf00897ca495b2cb143f2211	750c45e7b0b6ab0d5fec16956cd237c2d6f1b1351ad42ce39249de303c0fad43
build/swiftpm/repositories/swift-syntax-e1f983d3/objects/b9/b139d99cc4627ed4ef9759ab80efd120b92d44	527ffbd067ed64bd90d29c96de9b95e4c0aa9d924b79475e264e31e59bba048d
build/swiftpm/repositories/swift-syntax-e1f983d3/objects/b9/ba5724bf3745ff6a20cb399fefe868b532c6e5	12f2dddde511cdc4c51b71729d4cc0b82eabd56a73f2f7add3c8dfa59c218874
build/swiftpm/repositories/swift-syntax-e1f983d3/objects/ba/065ab4652a1600bd992f751f611e4e84fa741f	6c5716a29a3acb8ed61bbdda41b96d8113f01db15a3817651b9959ca1d55a6eb
build/swiftpm/repositories/swift-syntax-e1f983d3/objects/ba/d788d48097a7d66133478591b766f46da1f532	734ed7e0c914567f94bdb54253ca740bd9091e199064bbea6f96c484c82aa015
build/swiftpm/repositories/swift-syntax-e1f983d3/objects/bb/30981beaa30c7580300ba9c9ca26f9dd9d3aae	ce95d2957aed964f3c994527ad9f3a3cabe6d25d4c74338d12e7f21851f23a0b
build/swiftpm/repositories/swift-syntax-e1f983d3/objects/bb/4cef7183224e91f54a14526ecccb8e07d944c9	5730e0fe9bae862bf21cb8675bac739e6fc7198246fbc7b28c072d1cbc6fcb82
build/swiftpm/repositories/swift-syntax-e1f983d3/objects/bb/7a08d3fa02e5c38977cb6ce29c1d33ef8bf1c4	9cb0c358700916a1e738fcf351aa2234612861c274e2ca55e7a45b782fbee6ec
build/swiftpm/repositories/swift-syntax-e1f983d3/objects/bb/9496ca29df5573efc887799c58713d5838d337	965b0eb82b2ff5cd68205e14b227e5a01929f877a6995828bce0c993750b76db
build/swiftpm/repositories/swift-syntax-e1f983d3/objects/bb/a615c84416a1c1790c6df5ad59281dbcfb519f	7fe4b53e32a5fdc328215331d0cf8572621ad798a42be354eab13f4a09bc118c
build/swiftpm/repositories/swift-syntax-e1f983d3/objects/bc/389d3cddc3c1b8109b22a24c19c6212ece090d	db25f4c74bdd2053b2df67ad2853e240d5318bc4eee6fd5995d51e1e571fe2d7
build/swiftpm/repositories/swift-syntax-e1f983d3/objects/bc/9ecc9fd7f6d8ebfaf9c36d503f60242ba27d8f	3c959763e68dccc457dc188240b1e87a5469ee8188ca9ac9addfc4420812e785
build/swiftpm/repositories/swift-syntax-e1f983d3/objects/bd/002b623386a2243a2f08e192dd04c1c5d0d335	2b6ad2bcd0994872e94eed6565d27f86f73b1b91440bc4df6e0c4c4f5a44922c
build/swiftpm/repositories/swift-syntax-e1f983d3/objects/bd/4d0721084f199df7c7578bdbe8f95cd8827f51	568a36206e68c4b2d89a75fe36f5f71bb8b51fba33fe180bb59da87d46b4d543
build/swiftpm/repositories/swift-syntax-e1f983d3/objects/bd/84cf38defab96caec662efe0cb5a27f9e9b008	9c0a938ec5604873270c9ae2e62b33e0995b5ffc45d78b3bf468f558b1ea3f7a
build/swiftpm/repositories/swift-syntax-e1f983d3/objects/bd/eb6efc4ea4b00898a6a0ea62f6d5146131acad	a211f4248bdbc15594353b81c108cb3b9a1d845a5777c112cace22062a7bbc0b
build/swiftpm/repositories/swift-syntax-e1f983d3/objects/be/626fb5d980a06aed31bd12648ef7acadf45d73	6129204a794e0e522e586e5e1e38095f9aae17f391c06b3b7c96b635396c4c55
build/swiftpm/repositories/swift-syntax-e1f983d3/objects/be/8045d9c9abb3ab07aa17ed58c38262d8e50b94	b4eb6d33619edf3ad28e23f6d6da469110218240199731cd375fd641633edb00
build/swiftpm/repositories/swift-syntax-e1f983d3/objects/bf/35f78bbb6c46b4f6639f51401e92b20449a197	9508ca771791204c77ea5f2bb33b8bae58bd41a2c1c03b1cb92bdbab413dc7bf
build/swiftpm/repositories/swift-syntax-e1f983d3/objects/bf/9426ec0af0367978a84631d4e63b35f9813e8c	9b49cb5ddbf8882c6359e477a7a55e72aca46ee537ca4e70ce79dc5c2d0ff02c
build/swiftpm/repositories/swift-syntax-e1f983d3/objects/c0/2943e912b35ff088d9912976b91398c763447a	fac9faceec3b091a23b0149a29b43feb685afcf9928d11fc7093b175e535cd83
build/swiftpm/repositories/swift-syntax-e1f983d3/objects/c1/816b978dc8d1dafd96372c05237066a998e9cf	c3153e30620ac9b0a78e954dd33ef050172d3edf53797e332babd0e672faa210
build/swiftpm/repositories/swift-syntax-e1f983d3/objects/c1/a03a82080ef41afaba663ac19a48593a6f24c2	e2c31d8566578dfdd0cc93403d8b41edd27debd4f6d35b076866239f1e902202
build/swiftpm/repositories/swift-syntax-e1f983d3/objects/c1/a9f5dc0106232ceffc324fe4ad4593ccbe146e	26bd79462c6396ebfd96a4f1aad22a5910827de71eb88e5cbd6bf1888f5e5435
build/swiftpm/repositories/swift-syntax-e1f983d3/objects/c1/b21a082b79ff32f644e07542da011b15162bf9	83b7b8a35dfefd959968547699ce422c3e7a25e6aef43b5ab5d8d59ecdafb98c
build/swiftpm/repositories/swift-syntax-e1f983d3/objects/c2/38399626d85dc3a12c5e1c08a08a4150f352cb	8dd9fa9d5612e54b9e00f7d875ba538f6e55983f82f7bb07144a39144ea9e083
build/swiftpm/repositories/swift-syntax-e1f983d3/objects/c2/d089fe4d85e893b649f0a77da8ab13e8f44f84	4fbaef72811ce09cb3cff3f9a899ad27e062759a65af45cfeaccbea9ff5d52d8
build/swiftpm/repositories/swift-syntax-e1f983d3/objects/c2/f78959abd037832cc81da51535b0bc962a6c2a	ea5f5d31155993eeb656b3eaa094177bb8a0ad90b53da23e34a1748697a2b92d
build/swiftpm/repositories/swift-syntax-e1f983d3/objects/c3/4ee76d4bffd30c87ac2e839eecf72b56211c2f	b09196a315f4ff5c0b074b9cb82d76f220506caaa5cb0e3253e347785a1daee6
build/swiftpm/repositories/swift-syntax-e1f983d3/objects/c3/64c868831cf41f26732d54ac22b1d2ec4ee85f	bd628dcdf0cec80690b9e60527886a90109d1eef6d06fec786734c29aee6545d
build/swiftpm/repositories/swift-syntax-e1f983d3/objects/c3/7ee0befb5570b927bf021ae13777e1fcdd488d	77edb0458b972c2786d7568dda3166024dfb1a70b63efe27971636ab6e5e6347
build/swiftpm/repositories/swift-syntax-e1f983d3/objects/c3/f4d7f487a1070403bf9ae4cfab135ec09c09fa	9a095c721bed25f9b8ca2f2d81c83befdd7627cea51ac240a188a299603bbeae
build/swiftpm/repositories/swift-syntax-e1f983d3/objects/c4/326e313efb8d2d8905fb08222e37e35c3ef11b	a49b8d39544067238d6f0cd73f8ae583d1db2a79c2f078181608ea34001c76fc
build/swiftpm/repositories/swift-syntax-e1f983d3/objects/c4/8cfd52369a20c249190ddc974565c49e738616	50403bb3e03712fa1249f7e56cfd4ac02148d41f18c8395aa094a3d0433fb8d7
build/swiftpm/repositories/swift-syntax-e1f983d3/objects/c4/b23a024b942dd8df5099aca6f0ef8a467a405b	72d0869c3787ed677928a34eddc77676c175653882ab5421e91ae70852203435
build/swiftpm/repositories/swift-syntax-e1f983d3/objects/c4/ef0f587141e781965e7a3d0ddaa169268351b6	1327fa144fd3926ca97c17bdb284ea5201b50b064e0eccb4eae85faf3d51fd69
build/swiftpm/repositories/swift-syntax-e1f983d3/objects/c5/ea776e4472c265bd3fcfb7fa6b6f4802a35a19	66c8b8dd66d68b26a8b4f2b7aa44acc485f0220e733458600e0dd10f2d006203
build/swiftpm/repositories/swift-syntax-e1f983d3/objects/c6/1f8f266557c5255c0e07146f82c2d03ec52eb9	d51c6d853c9714e1abcb278890a3ee04a8f9f99a48ff7d2dfc8558e018facd78
build/swiftpm/repositories/swift-syntax-e1f983d3/objects/c6/fb195a813b08275f1a0e4e6b76019ddc32b8d3	83a9960e99de375d77c5315f0b6decca667367d9e071f84de583aa0a07a244ec
build/swiftpm/repositories/swift-syntax-e1f983d3/objects/c7/0188f176ed9585ef1e7bf0bfce2aa8628663e4	585a38207a636c53507dbd54683c22c8d85e2169a3adc006bbb7aff0580995e3
build/swiftpm/repositories/swift-syntax-e1f983d3/objects/c7/2b788521195dd58b55b9dbbcd84951f3b92490	53cdc0f6a6d520c3dff10ee8ed08b1d7c6aa6ec4a977306418fdc1a02566fe6e
build/swiftpm/repositories/swift-syntax-e1f983d3/objects/c7/5a8fd9186b1f608dfabe862133359e2385ce37	06ff0c3b1d9f861e406856c507bce25ebcbee2b8dd95c6dff81052a21a4b1fc6
build/swiftpm/repositories/swift-syntax-e1f983d3/objects/c7/b8e97829c7b42d4416394332a845c65af6f06e	16eb5b8130971dda1541f7a15d9ae0f75e4f9dc889d8a4241132175219d73e89
build/swiftpm/repositories/swift-syntax-e1f983d3/objects/c8/29ccb2848f8120dbe73cb5242c3525bcc240e9	3235d30740211a73880ef4d7d902978c822455295fc89242f797ac9a2df3b955
build/swiftpm/repositories/swift-syntax-e1f983d3/objects/c8/ea4a0178837c025cf075d5b4b3b3ea62f439fc	be21a7438fc48d2effafafbe2f4ed9380a552291685f7ef497a08f942c45b24b
build/swiftpm/repositories/swift-syntax-e1f983d3/objects/c9/47cd2be50a7e9c2e142db4aab349113502e0ff	1e3bae71290e93ac0422d88b71a6ba9127b64baab104af317a04b46689b1f5af
build/swiftpm/repositories/swift-syntax-e1f983d3/objects/c9/87ede1ef80c6cffdccb1f79ee764ded89cd9f1	8966d94b424767cd6e9f01e551977a50fa07cd310f8ee771c0d64d780ae96349
build/swiftpm/repositories/swift-syntax-e1f983d3/objects/ca/878bf3592870347f48a1756f73701f0b5a05e5	027ae32259792ae5002d0364bf9601cc5b8a37d377b56f5974d83bfabade3ac2
build/swiftpm/repositories/swift-syntax-e1f983d3/objects/ca/985b407e8c8ac70130efdff4126b145f5e8728	4a95f5df77f3c5ea84b4c0879337751f24e9c7faac7bfc9de35eedd60b05618c
build/swiftpm/repositories/swift-syntax-e1f983d3/objects/ca/f0640c43017a649a2d852b00d0cc1964957aa6	bbaaf91b8584056bb2527c28df903cd966b9379be5936448313fa3ce3129c89b
build/swiftpm/repositories/swift-syntax-e1f983d3/objects/cb/07fad4defba5960dfd60f0a442b49eb304870e	542116941fff57ee6795a4953eb9f5527d372cfc71f178e1c24ef4075e5389e2
build/swiftpm/repositories/swift-syntax-e1f983d3/objects/cb/61369501eb9cae4a5f43fdaddcbf1464bdab78	a4df91c7137963d356ffcd8205b8fc6eb78441ea099d9ad67b9ea6092ed3adbc
build/swiftpm/repositories/swift-syntax-e1f983d3/objects/cb/8d19552a85b235e1e9bb9e6fce517e3a057e1a	3ff5f0991938cfc037a316b1a1fdea0dbda1f2a518c243b3d95d3e55e7c06672
build/swiftpm/repositories/swift-syntax-e1f983d3/objects/cc/74ded44f137caf64f328b7914870c60001b231	cfd652a5bbe6e39e171f28e10b003858103eda6a2ca6ceb538b6547002c973ab
build/swiftpm/repositories/swift-syntax-e1f983d3/objects/cc/9d04af17cc1748dd5d0b30f951eea0f57fcefd	ca7b2d6e6dbaefb6c749c471e0902ffb814dee7302214339b9a3f50d4a6ab9cd
build/swiftpm/repositories/swift-syntax-e1f983d3/objects/cd/6c32dd254fac3903758eba3c2bbbc5f3588984	10ff1c327bcbd11cd355c0c58733128913c4673a151686feeeb1a602a966777a
build/swiftpm/repositories/swift-syntax-e1f983d3/objects/cd/b926c537a32d9ec40b75803d732e948ea3807c	39906edd5ce7eb0a9141c2e8b51856b989cf15a482bc87bcc23a7c55f9d0120b
build/swiftpm/repositories/swift-syntax-e1f983d3/objects/ce/5218d5b898b5417dd0990abe6d343d1af93109	a9c64b251857c23e4113ae9768a41896c3b6bc6f6ee6c13f39d6f8dde4370483
build/swiftpm/repositories/swift-syntax-e1f983d3/objects/ce/c1b654cd1b42b25732c6fa2677116492c4b9dc	8ae31c45e658184db1868da8a12acafab13a98e35867495ce90cabbc4168a591
build/swiftpm/repositories/swift-syntax-e1f983d3/objects/ce/e84b15d7c4ad182dc05c54f6f42af9f1214d9f	787121da14715f2ad05c68c28bab9bc0c377a83fd3eee8069aff271e379f28af
build/swiftpm/repositories/swift-syntax-e1f983d3/objects/ce/e9c2d78929364f8709e730423b9d3541b9e036	15351bf70a5a5a907f9fc362602b388b02187cefb8ae01e1bef0e56b1527763f
build/swiftpm/repositories/swift-syntax-e1f983d3/objects/ce/ef1def81a80f38cbdc1e3825e3e4efd1a538ac	5aaca5ce4ffbf60b3da4d8e70450bf31b363e0be89a39ec6a29eae51c7a6fa9e
build/swiftpm/repositories/swift-syntax-e1f983d3/objects/cf/6feaa4530092b41018ad31d46555e2a844f55b	4ccca6f218b62dff58d8230d5c84d3c0d121afc7722e87575b569da764702f0e
build/swiftpm/repositories/swift-syntax-e1f983d3/objects/cf/aa83a5b226e7f952587bd77019fd5cdb9f7cb8	6b2e56895e55ec0526f197b7b2d997d3e9c1270cceb47668c812f4ebb776a51e
build/swiftpm/repositories/swift-syntax-e1f983d3/objects/cf/ef1b314fca78aff1bfe7bd5c1be0b542d243cf	f3ae4e0cd02a7fb5b9a78670895ffd1c9a9fac9510ff9f045c0cde653bcdc130
build/swiftpm/repositories/swift-syntax-e1f983d3/objects/d0/1212a7e70d020fc6976b1e05afd184a567a5b4	a2fe88e7d97c8760db07d3aebeb904c900760b6e0c26d88ab328e2631327ea4d
build/swiftpm/repositories/swift-syntax-e1f983d3/objects/d0/4e3f11999ee9f92fac34c0504018bf48c3e014	32fe5819b9fc393602aa79614ad5e038031966dda02682863577e07528a6afe9
build/swiftpm/repositories/swift-syntax-e1f983d3/objects/d1/8044f5290c1ee21ea86c2e9343a778ba3bbfb4	7dfe4972c964a71e2c3245f4834ac608d9905c9589d66c9ec7e4a176c28e3d61
build/swiftpm/repositories/swift-syntax-e1f983d3/objects/d1/ec4b474c33110fc894940c681817b04bc94cf3	799423b906304ffa385a1a5b4f0474e66c3b95ffc2f5ba4cc6126676c4e01871
build/swiftpm/repositories/swift-syntax-e1f983d3/objects/d2/64b594abd8b52116b52b4b765a343f6d2a1e28	8c3daae3f2e9a2a27d58ffbe8821ff2a46fa902ebada4dca805e55c41e7dd815
build/swiftpm/repositories/swift-syntax-e1f983d3/objects/d2/a0ab6b81d6544ad0eb34493a81aa790137896e	656eb4a4ee4933965ab2b7bfd407f6c587141aff923f59e25df944b246b95a35
build/swiftpm/repositories/swift-syntax-e1f983d3/objects/d2/ce47517b06e30cf1aa15b886439ab5964d944c	3393eac4a34483946b9ff6ad2c8204bfa2db2274fa5cc4dec1f4d30324eaebfb
build/swiftpm/repositories/swift-syntax-e1f983d3/objects/d3/16bc8f79b1bda9bf070156bce13f2aeabac19b	378145f4e8da2d2e9ae5804387b6db225442aea7138420208dc4ac21dc8758c3
build/swiftpm/repositories/swift-syntax-e1f983d3/objects/d3/4b69459ddd1f5b22840b55a48d0ad090cda128	ea884a7c2868868472ec1d3d26b33538b833f0d3e0f544c5dc315ae2c4c858eb
build/swiftpm/repositories/swift-syntax-e1f983d3/objects/d3/6d634dc05731abd4f0dc4091ac8c3b8ad742a3	4060e71fbef64cbba0963b27886704754d62667870bcf47160a9b476839d012e
build/swiftpm/repositories/swift-syntax-e1f983d3/objects/d3/e61c21121f0341bbef0cf0d714a40fc566f2b8	e5524b2d34d6180aeafc12d3128c27bcedf5fc439057482162124ea4fb08d3f0
build/swiftpm/repositories/swift-syntax-e1f983d3/objects/d3/f1b560300437f63bfe3511df65ff56f3b2596c	939a86f93df05098433cdf34c67bf532e5765cbbe372da20ea539975f84e6a73
build/swiftpm/repositories/swift-syntax-e1f983d3/objects/d5/a7b85ef61653c6e916ca2818fd91f59222b17c	671257502a91b0717fd1e01123d927cb616aff11b15697be0eac51c778be8477
build/swiftpm/repositories/swift-syntax-e1f983d3/objects/d5/b0059a15a91d95c0e43086a879953e586822ff	a78d96ffbeea38b51913f30a62e8187cb2a3d248ce9215ba6616cc4226332ae6
build/swiftpm/repositories/swift-syntax-e1f983d3/objects/d5/c142ba6d3a20e12685f12d6e574db0918d1bc6	8e0f3e977fa5bad9b18f701140d84eace75a4d86faf2f58eb813005a1a65351a
build/swiftpm/repositories/swift-syntax-e1f983d3/objects/d6/3fdf48747ca18a840ed1d4d699714914feef02	8eb2ae0c316ac0528bfba7c228e8130f41458b28ba155c49f8c59fbafbcecfb7
build/swiftpm/repositories/swift-syntax-e1f983d3/objects/d6/9958867c142718ec2fd43661de1da5761b76af	e3da2c2cd2e67de7db3fcb7fee6eddd6f10e996a35cb7ae156315b82dba94aea
build/swiftpm/repositories/swift-syntax-e1f983d3/objects/d7/0d1884a31c7174561493dfa1895617e0c13334	3004ce626713702b3a6175508fd28f38ff7e11dbc00e3b282cdfe12d4f435a04
build/swiftpm/repositories/swift-syntax-e1f983d3/objects/d7/255e0dec22ecc4915b2b5c22f7ecac37329e3d	8c0be7185ae55d45f05187627b9e60b4ad682c65c66560ccf19158cd89ddd51e
build/swiftpm/repositories/swift-syntax-e1f983d3/objects/d7/6f5ef6c1334a05f3079bdadd9ffa534628c793	163170692703cd192034056022895ea9efe63db91c6e001434dcc47d1435de89
build/swiftpm/repositories/swift-syntax-e1f983d3/objects/d7/916e20bca7a4feda0f21848401e3c836250209	a4c867debbc49a8e7c3cd23bfcad3a721b2c7530c6769dd9b210ea11b4c2be2c
build/swiftpm/repositories/swift-syntax-e1f983d3/objects/d7/9b67cbdf9ac6e296169d84efefd5c8ccd78913	64e6341e9b4c3dae8d9bdc27cd5574e723957cf9c812ed906271f9ae9281a905
build/swiftpm/repositories/swift-syntax-e1f983d3/objects/d8/1236f0d9aa9c1b34db9e40af2650fbb152eac1	de7e2c34fe9e276488fc8d4afa7cbf22503b23a83bfd344b68470feed3b67b56
build/swiftpm/repositories/swift-syntax-e1f983d3/objects/d8/94c9796396a93a4e3c145fd71beb2b066e5f7b	68d06ae24db02848b8d3ab9fdc295720f69eb1a42c0fe445839c4f47d7024a44
build/swiftpm/repositories/swift-syntax-e1f983d3/objects/d8/e70fbabdc4ec13db3c08864b63bc9b716f9cf4	ae54ada36d41bee03a9f28ac2321191aacefae146447e26ecbeb4ae270f3e180
build/swiftpm/repositories/swift-syntax-e1f983d3/objects/d9/d1817a2afee67573d5455c079b6b624bdb608f	9ccc3939feb7699ab10281b9cef20745c7524ad410902ce9b3ba17f7c933a6b0
build/swiftpm/repositories/swift-syntax-e1f983d3/objects/da/1c1cff199f6525f711a193ce5ebb9cd0dbce28	541110c286dc0b2e31ba013cf8e3d58b20c2be1e893be591051592313d2b8aa3
build/swiftpm/repositories/swift-syntax-e1f983d3/objects/da/5d45f60250a01fc0d8d3c12233582dddee3a54	38c2b9d115ab115aa2ebf194d1990409d9c06713a3b274cdeca67bf959009a38
build/swiftpm/repositories/swift-syntax-e1f983d3/objects/da/66b9b55c96da1152d1e3f05b75deb75906f3ed	730d443545ae866551ade6994c7ac3dd1954b041f85eba264d5a54a197a50bdb
build/swiftpm/repositories/swift-syntax-e1f983d3/objects/da/fbd889f273a27c60fcc6d35d0f989222120664	44dacb8582c59bf535287352f65d90c165979b6cd687b0b0ae62adbb47cc0e78
build/swiftpm/repositories/swift-syntax-e1f983d3/objects/db/1c3562ce4b4a69c9cab1f806bdf086267e166f	434421c0f0b69e7eb6a29a380039b94c52c0a313c4aa54a6170a4ae6b2163d21
build/swiftpm/repositories/swift-syntax-e1f983d3/objects/db/2e7943d0ee61b76692fd4c24d5cc98a49f6e6b	6bd531ae89987a0eedcaaf284459a0ed9a1edd1baa8095d2bb8503ef1b62a915
build/swiftpm/repositories/swift-syntax-e1f983d3/objects/db/7febba3e334efd5fc60e7663285898f15a6194	43d129703d728e28728cade2191203227c53681c5d193660154b838eaad420bd
build/swiftpm/repositories/swift-syntax-e1f983d3/objects/db/7ffa8ec88bb0c8ad7db0ac1dbc164e4bb4dd12	7371896dd3b165d206ab12b7b92ff34098cd60feb0bcfaf97b7df424d770a10c
build/swiftpm/repositories/swift-syntax-e1f983d3/objects/db/a87a89e78d138d7ab4b7aa17897c427537a4d3	c62f2c42bcc0a7e505ac9ec23f619ae1960ae110d0236c6acf883243d3ba0e0f
build/swiftpm/repositories/swift-syntax-e1f983d3/objects/dc/328891ba4b52e27e65de5989eda76a3fdb31b6	e31496638941e47268a74ff2605ca32034005c7645bf574ed382a8dbf5c07f16
build/swiftpm/repositories/swift-syntax-e1f983d3/objects/dc/3c2ad9f9f4ceaf0e9a6b57ff27a53e82e10d89	06edf0c517eb85916bd475fa4ff7ad9d6b4a43a9943bcd942501c6f9bfbada10
build/swiftpm/repositories/swift-syntax-e1f983d3/objects/dc/deb0ed75737fdeebbe5ff2c5c8faba891b964a	4c6a64a6602bbc45047dca0174636571ae9473edf56d34b52d20a798c8243ab6
build/swiftpm/repositories/swift-syntax-e1f983d3/objects/dc/f9702c1074ad50841e217eed78382b8da689ca	55992364f2e0bfac40ee5ddf53a0e1d0ba141b33a406bd82863f86b2685d0f9c
build/swiftpm/repositories/swift-syntax-e1f983d3/objects/dd/f9bbaab798f721bc729180fae94617c8441370	efabd08302a7822fb56e8d8018bf0ba368fd5c817cbf1caddad38a4417787a01
build/swiftpm/repositories/swift-syntax-e1f983d3/objects/de/7aa59b24cefa3581327d96146a9c7ce25c711d	b2abbb95cf14e64871273fb16b1fd7b85244026929c6443f64c9a269487feea3
build/swiftpm/repositories/swift-syntax-e1f983d3/objects/de/7e74ecea6334f3e6f31ba7ddbd77d049e7b5c6	1b2c997f5251af55aba36b30e11651933d80cce74c0f8ebb209bb59e4aaf8865
build/swiftpm/repositories/swift-syntax-e1f983d3/objects/de/8eae15ef590b2cc3869052a3033ffc693fa9eb	e9d5a382b44b2206dcaafe41f694a4f85341eb30c95bfd30c861ca508b93a0e0
build/swiftpm/repositories/swift-syntax-e1f983d3/objects/df/0b7a6a04785d8d1de6524fe553cef1e954b0d4	4629a418f08c6c92fb2de7e1252d5ea0dbfc058318f1bf1fcce4dbb401ba43f2
build/swiftpm/repositories/swift-syntax-e1f983d3/objects/df/54658c2abe2f4e5717609b24ddbb4e55949bc2	3ef0199b3c2534e80d2601fc64ef8434bf3ce3f4ea9fcacc35271446f4fb372e
build/swiftpm/repositories/swift-syntax-e1f983d3/objects/df/95ef819d0e4dc207877f9aabb79f030dff966f	ea2fcddf0feb0b88b012eb8939d6d2fc7ef6fbf15cc085f3a959e42e555e0771
build/swiftpm/repositories/swift-syntax-e1f983d3/objects/df/da36418335faa50bc2ba5f900dc5e6bc467148	63aa633bf37c4f2ef616dea92a73ad1874320121559f741cf6ab7e9bac17bd70
build/swiftpm/repositories/swift-syntax-e1f983d3/objects/e0/1534d51b6a52a07e15217e484125a7f29cfb13	62d65077e948ead28a2e02280eecb2495a9a166cef2eae27fd6c78c5bd8304bf
build/swiftpm/repositories/swift-syntax-e1f983d3/objects/e0/73f207d562f2e212328460749e0a7807994c4d	877b34bf53967311830bb5a1456661f4d78473b00fa5aa4e335c4221256e57da
build/swiftpm/repositories/swift-syntax-e1f983d3/objects/e0/745e0c98a43d51dc088be35dd4455ff8f730b3	9cc309f8a7bea180ad80a3cf33f392eb66bdc97aba9e69f5aa92101d92f098f8
build/swiftpm/repositories/swift-syntax-e1f983d3/objects/e0/ab46ed8cb78a1777081b9dc76512a715a96272	5b4191ef73b4fa53a8867cf47e42ebb8844665c3b70dabbea6f21a120af9c76f
build/swiftpm/repositories/swift-syntax-e1f983d3/objects/e0/baffa2a7e7923208069727e35398c3b5d998b1	39487f1e3d73a93788f9e834d81cbe6d057d198ab31371fff51c82986a3282e5
build/swiftpm/repositories/swift-syntax-e1f983d3/objects/e1/26e6aeb2ddfd346e01e57a14a2ef4122e777b4	bf6a657e3e7bb6cf023200cb5d412bbb82a05e7a4b554dfb3052f5647100f5e8
build/swiftpm/repositories/swift-syntax-e1f983d3/objects/e1/b4f7955810893280b5296b52c26518eef39d44	0458607d534f2609e0ce45a316c8cdc8644bee31a042aa7b0af3c9d1085deee8
build/swiftpm/repositories/swift-syntax-e1f983d3/objects/e2/b24ec9fb42ef1268fbb20b21446347acb3f34f	4278f804c8dd0511f0fb3161be9451dc0bbc19635f820c10c67e1116a6e15106
build/swiftpm/repositories/swift-syntax-e1f983d3/objects/e3/5928e786cb7cac33897b7b9275609d10664faa	c7a638bafeab8ed89da9e0d902d461cb3f99239d508a92ea6bf00a928efc3a16
build/swiftpm/repositories/swift-syntax-e1f983d3/objects/e3/706d5df198b7411663792f95bc940fdcf73918	89ce2f178896dddf8637040db7ca4d1e713e3126f5af0a8e5f0582424a59e7db
build/swiftpm/repositories/swift-syntax-e1f983d3/objects/e4/473b1396589a1116685a8cfcbbe89284d71665	7a4f5b77d7b07331fa50162b3301e59512f0ace92c868562a4814227e4c76d4b
build/swiftpm/repositories/swift-syntax-e1f983d3/objects/e4/70b0830d26982a8a76b884902252f14e234cd1	58bebedfa472df6a03a8c06b29257417aa118fc30a120340913a5b2f0a8464e4
build/swiftpm/repositories/swift-syntax-e1f983d3/objects/e4/9e312d1d6dc590452c0e4e4058ad0cb4944577	87525d2a9010a00917a0e86a215b7ddc4ef1fd6527142e0f3c71a499b9ac975e
build/swiftpm/repositories/swift-syntax-e1f983d3/objects/e4/b9dfcdb7fe33b8fbceddf03ccd8afc9eeeb661	97ddb90b617206b48e836dc28e880222e187f4eed834b9ba49d536af20dd8835
build/swiftpm/repositories/swift-syntax-e1f983d3/objects/e4/c86e4093d6779e0d7b90d78f47df99bb6bd770	25fba73d555ab62601bc310c5cb4c257cf31a305f136aca90226e07fa4afe4e4
build/swiftpm/repositories/swift-syntax-e1f983d3/objects/e4/d2cc623b201e8684243404cc1c8382370a2f05	c205ea1016e4ddc2a03104952cd4a5d8d3395c6cd9398db22ca09fbe820dcdf9
build/swiftpm/repositories/swift-syntax-e1f983d3/objects/e5/9e5a9640af1fba6d0a3ce9e93c406abad3a6f6	0e418081fc6f680c1551ba6ca394c5c191573fb3fc5ec52856c47bf3fa13821d
build/swiftpm/repositories/swift-syntax-e1f983d3/objects/e6/6f9dad1d56fb21464760f5c8215c3c51dfa705	0c01b0ba280151352ca62f80ca0f80ec8b88faa066a7a87fc4c0400055533a13
build/swiftpm/repositories/swift-syntax-e1f983d3/objects/e6/8a8f6495a748b53541e76e7be6ca1c0d22f1df	b7054124265419d95b7d1da7b6b290c2ff8cf5d66549aa6cccbc228e04d1e2f0
build/swiftpm/repositories/swift-syntax-e1f983d3/objects/e6/a5859ab7141cb281b49cf84916e17f1a705ade	ac7614847b214d4f99aadc3c84f877b57f523be0bb671355941b14d88cb942de
build/swiftpm/repositories/swift-syntax-e1f983d3/objects/e7/24a992c392783387eb04b8ae13eceb2c240cbc	5b43c1dfe6e2c15e1dae265b92bd61bdb7582f1a4e2ac276d1c2e8fa6a91a2d7
build/swiftpm/repositories/swift-syntax-e1f983d3/objects/e8/35cdbbe592251617129bf9bb06430b50b83b5d	362d9bd0b8948afc6b174f090a530388b9fb464eab2624f93cc199b87e724c05
build/swiftpm/repositories/swift-syntax-e1f983d3/objects/e8/548a1de3c5455072d5a5333d8199e2695e8f6b	73a613af7a06d117c05ff594b36587688256c74cd6022999273fc56895d5e4a6
build/swiftpm/repositories/swift-syntax-e1f983d3/objects/e9/289aa448b50d48e91832efd6e539f01b9e6f92	dbbbd892ed22d4085761fdcd6b3c9f065264d6aaa71decc123c667ce2f419f24
build/swiftpm/repositories/swift-syntax-e1f983d3/objects/e9/97025926965ac6e4d53ed8ebd940f1faf8c06d	16ae1a64a1a1760d2a28164eb26ff18cacfab24b750380ea8d95d8aba41a97d7
build/swiftpm/repositories/swift-syntax-e1f983d3/objects/ea/3286e001bab4a2ff299e5f7dfd2a330085a4cb	69d0d58a1a40642dc0facca2ed85bd5fb9e183a23de63a5a34fd242d5937731f
build/swiftpm/repositories/swift-syntax-e1f983d3/objects/ea/838a518ad6e10b8f00fbfda57bdb1902df44cc	8d6197dbafb7e1dd8bb78a4cdfd708ac9dc1ca6bb2d104c48ed97494dff6cf37
build/swiftpm/repositories/swift-syntax-e1f983d3/objects/ea/942c0e03c53963158e203f40895107c31def4f	81a646510276c06bccce6288afdba33bd804fdb14487aa5616b4a19df797c158
build/swiftpm/repositories/swift-syntax-e1f983d3/objects/ea/99af1ac21b2888e7500163fdc940f3c661f102	4636b1813e36e06139c0c278c85a294425cff5faf25b6db8dde676e5cac6c0a7
build/swiftpm/repositories/swift-syntax-e1f983d3/objects/ea/a8afd7db5c9938d2fc1ca79703cafdbcf38c1d	bb760db28ac3c21fbd596dd0ce3cc4d7040269ca26fc03e205f6e7730060545d
build/swiftpm/repositories/swift-syntax-e1f983d3/objects/eb/1d7973f01275d5defd3deeb98db2ee45f0d576	6ab047f9d726e6b9a71595bcc9cba5409bbb5052e62d018be213ba9591dadfb6
build/swiftpm/repositories/swift-syntax-e1f983d3/objects/eb/adbffeba1207d08d0d7f63e58a5db6b9dd9298	8a0d286c21d07a6b246ee248ce5d372963dfb8eb5986474573af65b828b08f88
build/swiftpm/repositories/swift-syntax-e1f983d3/objects/ec/15d82c3a99fc666f8917237352c5dfdaeb7178	cf42951264186cf9164a296e8ce7edae79d30f334446e0e8bc3ecb49a2fee3be
build/swiftpm/repositories/swift-syntax-e1f983d3/objects/ec/1e978f6392a998ec7ac6081610486ec32862bd	5c7c3391fa839b0420d5e11a4e2a13993dfeec6248a4236c6716e58b780618ff
build/swiftpm/repositories/swift-syntax-e1f983d3/objects/ec/25a5498808a888b828a62c1bb69238f594fe39	4dfcc9e3646f95e3138d9c58718cc37d9a3f2b9cab61f505f18e530fa4c9719c
build/swiftpm/repositories/swift-syntax-e1f983d3/objects/ec/2c8a19e1b57d8d1c397113a8aa63312010717c	337e6c83a89c310735a915184218b4f64d2da979c31bf1d68ed09a6a6b006bd5
build/swiftpm/repositories/swift-syntax-e1f983d3/objects/ec/7e64146e12e8d45f87abf1318bb1fc1178b773	eaa6caf21e19088f0a3be1f517ad9e3ff34ef84e46c20251b06a9d87b5ec9463
build/swiftpm/repositories/swift-syntax-e1f983d3/objects/ec/ae02e15e22cb200f6f575e1a3235f1aac985e3	581f13f5bd9f4558c4b5df67f755c12f78e48d2a91f9f3c7503c326a0992fb0d
build/swiftpm/repositories/swift-syntax-e1f983d3/objects/ec/eeded10e2c1780e47091c278c1d855a3a47eba	675c5bd16ddac24fa5709fcbb85faf836e311dd292344923d3aeea3d4210d0f0
build/swiftpm/repositories/swift-syntax-e1f983d3/objects/ed/09130aefc85b203b33afa9d4e299ee61f83e62	3a4f7be5e66f0cd36c5d335fd3461db6761e37274d0bade9e47b3fa5e2c0a3dc
build/swiftpm/repositories/swift-syntax-e1f983d3/objects/ed/8a06ea67b9d51a927aa7cd0fe0f5b722098283	04fbb0d17da4eb155a1fb609b33d6e969c4ee349228a6fa8929033417b5bab58
build/swiftpm/repositories/swift-syntax-e1f983d3/objects/ed/9ec55e2a44fddd61c3bcb04e5797c3b7d4e9e8	f348e8ef42bd561910d018c144cb4c455458f190c6cd1540378c4206a49ff25c
build/swiftpm/repositories/swift-syntax-e1f983d3/objects/ed/f54f9edfadd2dbf800f27fbe2846e11f096ea4	1fd229af8aca9cc0a94e4aeb45f04c1c99390cd8ccd209008c9af3ce3c3ccb18
build/swiftpm/repositories/swift-syntax-e1f983d3/objects/ee/71031764731ec1d87c3ec28ffa20a9469d8ca5	727889f22aa95f4d928b9683b840d79f6befb73e98ca7118b6c95a4ced53b921
build/swiftpm/repositories/swift-syntax-e1f983d3/objects/ee/e209bacf519c378906b373bf4cce2f3cbe7ba5	d0771fc03461511497619d84b260f6646026737bd2e5ee889e3935a6241dccdd
build/swiftpm/repositories/swift-syntax-e1f983d3/objects/ef/2772666fdc42a490d445b8bed4050f7c425ffe	1f88113a4881dba18b3fae77d9db0eed28a1d05b7065aae146db55a749ce7d7a
build/swiftpm/repositories/swift-syntax-e1f983d3/objects/ef/36a8c69f782983682df524ddba406c14bfe6a8	cadd17e1a6f42a4082f9f3a3ed8e4d45153c905f41e2f4163ccbde4e22735fd6
build/swiftpm/repositories/swift-syntax-e1f983d3/objects/ef/3d7b4b441ee9c090449469df001efc423e0717	c2eba19f3571330c3dd74bc5919f317221a8dc79b59fabbbd9a4356d6e9ce232
build/swiftpm/repositories/swift-syntax-e1f983d3/objects/ef/5c7705fb3771f06b49d3ccf1cdd3b6288409df	4514b00f0db2e20213aa9b8d3ee6c17e0e49ec8e8a43d1502220c344c07103f9
build/swiftpm/repositories/swift-syntax-e1f983d3/objects/ef/83b1fea1b7c7f486a5211e3ddfcbb34b96db98	45d573d84cc6be75b2736866f473414b81a37cc958f612e111f26116518eac90
build/swiftpm/repositories/swift-syntax-e1f983d3/objects/ef/cd0e509dabd2ced7face3b5775a20bf3ffbaf2	a668bd27828ce7a4bc75dd0e3f40366cbcc14bca7c95b371f9bbb24a1e40af58
build/swiftpm/repositories/swift-syntax-e1f983d3/objects/f0/fb08d13449be246a3148aaabe3479c96e5509d	a9676cbc6a1e760c8727b7825a95c5290952022788e19ad48d5679f8c889ee88
build/swiftpm/repositories/swift-syntax-e1f983d3/objects/f1/0bee28f8614dd3007bb16e54353862776bd6ce	1369c7180a96f615d67bfe1813463a68b9c709db166f35e754cf119e3d51c87d
build/swiftpm/repositories/swift-syntax-e1f983d3/objects/f1/3cc4aeb596e9a38d9304d3a6a0b8ab52545b2d	bcf7fe76faf551343d4020252ef94c8a5333c7593004d607e264eff25375f442
build/swiftpm/repositories/swift-syntax-e1f983d3/objects/f1/73744b4bbbf6be830a303845c3f2fae8ef3450	15a08dde266dcd3472674ba897cb2edbb7fdca4576f3358e76a386d37aee082f
build/swiftpm/repositories/swift-syntax-e1f983d3/objects/f1/847d1692bb21c1f47efcf07385cb57bc8dc8c2	58816e2a268b73a1a5075a7729547e3c53e443a09331203cf88ec0cf1b02ae16
build/swiftpm/repositories/swift-syntax-e1f983d3/objects/f2/2aff0b905930323a2755ba15388731ab0b5f52	45b9e553d1c68cc5852dc7f5fff19a04b9de17b25e7a7a972ee7e3c3bfa0649f
build/swiftpm/repositories/swift-syntax-e1f983d3/objects/f2/7fb1c617208175783d6ba476166719edf519e1	d153b8c35773b22ade89f61d2cadd8228f53b0cf193e9fec99bcf5ebca0bb342
build/swiftpm/repositories/swift-syntax-e1f983d3/objects/f2/e99abbf4aad57befa044924f13cdc4f52a3870	e504a90fabb1fc214f4de972914596c1b1d62ba489b7316110206ea25920a486
build/swiftpm/repositories/swift-syntax-e1f983d3/objects/f3/0c48e555f6e4f53acb04bfccda8a215f6ce69f	7053c2272f5c104ed98954de7a6f10def022ad1d38604a9b3f3f00683134f2e0
build/swiftpm/repositories/swift-syntax-e1f983d3/objects/f3/95fe5a1a9c8f8bacd80d42e7ad00cfcf076aa0	cd64b4e2f13eaf7e2bb62b58339b614ee69ef9c69bc2dcde833c9e64d3b89d67
build/swiftpm/repositories/swift-syntax-e1f983d3/objects/f3/b14122be22e29504dfbf59ef697fcef0e0c24f	4c6a1dff3ddf689c582b79cfc6dae2a3f9d659e3d208a8d036541e1ca4b9e0c9
build/swiftpm/repositories/swift-syntax-e1f983d3/objects/f5/ed3a9c6b6f4588e50a34a5659a6b10367f9df7	ed11657530f7d2a4d77c19067cb57774a46ada9cc58ed1d1e53e39d9444f1a8b
build/swiftpm/repositories/swift-syntax-e1f983d3/objects/f6/1b217238a5885068cc50cd21da38bd23a4106f	7b91b53d0543f2acd7aa4e0489d6acb96f4e6fd16edea03b2c8fcc501ff8f0a1
build/swiftpm/repositories/swift-syntax-e1f983d3/objects/f6/2ff272a0763acde234d2dbf611a4d649887942	01746a4b7adfecbc1c3749ad8c3d52704bb3d32092e65d9a84cd1f2155c38630
build/swiftpm/repositories/swift-syntax-e1f983d3/objects/f6/497753f4a17383ebdb6da228ce6dd2b2d5734d	6c1f994f4998a9d3c35258724e581e885e09be17755255f4e0bc32eb000b360d
build/swiftpm/repositories/swift-syntax-e1f983d3/objects/f6/a13482870c723a4ec763ecc04297e510a5037f	751ab82f60abbee9d126aa14c95100d004d607eecb368fd3bfa164e949c8c97b
build/swiftpm/repositories/swift-syntax-e1f983d3/objects/f6/e9f8bbbd758352898f8713b47838b03f13a2e6	bcd6d33dfd9d52ab7686359e347eabd5f0168bb1c56ec29635a6d1036cfdccaa
build/swiftpm/repositories/swift-syntax-e1f983d3/objects/f6/f3251195ab1a7cf0675a56aeb2bf57fb2bf8eb	8090d740a750a7054ad1e859bbad0a8dda308fee36a058a5083d366d8e4b496d
build/swiftpm/repositories/swift-syntax-e1f983d3/objects/f7/01cbdb922e72ee5e9031fe2ea5dd9b79888409	17289201e952c44ea01c12d7b4ccf6c9ee1930b1fb82313d47d05df05203246c
build/swiftpm/repositories/swift-syntax-e1f983d3/objects/f7/5e089784eea88ed4af6687a3332850b5e47736	025801ac077e04428894fa8386df731c3d655f2c661f93a7412f4ce4355e504b
build/swiftpm/repositories/swift-syntax-e1f983d3/objects/f7/812eadaf407734f0adbd74dc87cbb532141eeb	f28d051f89e100651b05872ae3ff4eeb0714bd30a429bc9872a7890335c5325b
build/swiftpm/repositories/swift-syntax-e1f983d3/objects/f8/4ab64c89e1fb01f6d990f4bf832b9a83a712c4	d5f017806df179219f753d4a51e8e180b2d7e763521f55eac1d040db1230ed46
build/swiftpm/repositories/swift-syntax-e1f983d3/objects/f8/72abaa5b3272286bc9ed7575e136dcb6b06b1b	b06eb9fe934c552937dbd072c8be07c7e859fffa93b40ed623ffbd0cef3311f8
build/swiftpm/repositories/swift-syntax-e1f983d3/objects/f8/7a9a90d017dd62f3fdcd871fc39b7807aeac6b	9636070348a575f6a3bc29f93dcabc293d7e4df6fcc3b90459c7f1471bbb1521
build/swiftpm/repositories/swift-syntax-e1f983d3/objects/f8/7b8a11648f700b62a152fcb7f45303d447e38a	bc371d355cdc0bc5ff43f63e355dd9c599dd58a4997c4cbbf01e322fa3bc8870
build/swiftpm/repositories/swift-syntax-e1f983d3/objects/f8/85bff273915d3eb6042516afd8848560476190	41fc1ae4856ef097ce55538386664eadb3afe408678a64055da95a2ab9cd791e
build/swiftpm/repositories/swift-syntax-e1f983d3/objects/f8/dacb8747a5eee1babd791411e2bbcd3769c84f	83df735a0355f28e86ff98104924c6033816787ac72915b72d114fc7036e601b
build/swiftpm/repositories/swift-syntax-e1f983d3/objects/f9/140ab36b09e054e966aade1fe1c69356a4e84c	1e20a540d808c4d45dadd3dbd1ee46b293bf1a9bbe6013a991ef09036341e2e3
build/swiftpm/repositories/swift-syntax-e1f983d3/objects/f9/2e91924efecca613a3407346828b2f4a1d7b5e	f63eae7b4a925919f7742db020a708f170459981eaf41ac7b521a3b5f5585bcc
build/swiftpm/repositories/swift-syntax-e1f983d3/objects/f9/888d25c5c20896736247aba2b76c5da2188f47	57f310b2628d38654f4c060af021c98197058540b9a79af0e10a9ef9e3b5cd65
build/swiftpm/repositories/swift-syntax-e1f983d3/objects/fa/19c5267acf7fef7d9e9f639824439f82acba22	87f5ce8100d08e7bb311e8b3799c62b4919093282e6a083978217f6a4aeaee26
build/swiftpm/repositories/swift-syntax-e1f983d3/objects/fa/86a4b817a974a69ad432c424a32fbaaa0136d1	891ca2d80ab5efd8b3bad3588a09d9c59855dd81e7ee1149ce04207b9bca51aa
build/swiftpm/repositories/swift-syntax-e1f983d3/objects/fa/871200dd052dc8759cf56b66677e51d7bdd547	f92a0b4479da5d2a9e50cdc847fef078adc653cc380dfa2706d39c32119184ab
build/swiftpm/repositories/swift-syntax-e1f983d3/objects/fa/964d49be03f911ffa11a8499b675173278df59	a5efa6b799cc6e31e11986d64b8e125ab8ca448baddcbb5045abeab69c1be50a
build/swiftpm/repositories/swift-syntax-e1f983d3/objects/fa/f09802a610a0389068b6489deb9eaced93f5a2	8aae48904ecaaf5c0d8d563c61cefe936c4520a4005101a3be3462cca4bcb465
build/swiftpm/repositories/swift-syntax-e1f983d3/objects/fb/9b8302b50e6a6f2646e49934d3b0c37d9f1042	876e54a11d0312a65f03cb8992acac26b66109353c8dc63dd0dfa1f6ed45d4b0
build/swiftpm/repositories/swift-syntax-e1f983d3/objects/fc/a2d858164b33fad796110fc6a9fdd2fbda5c51	1287e0b68449e2c0b98a3f3be39f12a87bd0f7d2cf707c30be4199c34ae4259d
build/swiftpm/repositories/swift-syntax-e1f983d3/objects/fc/c6631b586c5fabf0a606fd96fcaaa523afb348	b65e348267289f14ce71ae35cb845af77e1866cc25c21dee29eec7c8c2eceb82
build/swiftpm/repositories/swift-syntax-e1f983d3/objects/fd/0dfae7e6a4d879256e36d1c9c9f3d4943bb2a1	61dd60b5df079e1adf4a67a767eff179b395694403489384857bee763c0c6eac
build/swiftpm/repositories/swift-syntax-e1f983d3/objects/fd/12cad4b90fe4ca4bb9b9d9f56279b8a781a377	752d02593a55a556e5e7b235da68c38a5af2be70c946e4fb633aa6c8d176e8c6
build/swiftpm/repositories/swift-syntax-e1f983d3/objects/fd/12ea59bde3e4af3ba0742531eec747be1ddfc0	a10d8de658fe9e26ae4598baef28546aae08d88b9cebd64abe0fe145b79c52b8
build/swiftpm/repositories/swift-syntax-e1f983d3/objects/fd/3b0d77b832d6ce20ca63ad773ac5dc3b23c135	3cbda08b31f1591a6e3024f6ab739eeca0a9aa73564a8b797a6a7bddb28042f1
build/swiftpm/repositories/swift-syntax-e1f983d3/objects/fd/962fcda361dffed16a12ae266437f1befadfd3	ae3bf9d80e686c0a2d25e9bd0715aa03ee82f6d4aa2f35cb6c2b1effd2c373d8
build/swiftpm/repositories/swift-syntax-e1f983d3/objects/fd/99fe57296966dc0f91b2728fe31ea66d0fbeef	c3ab7b50751ba6b1417f78a7d959c9c05276d2eb9b94083884bbce001ea4600a
build/swiftpm/repositories/swift-syntax-e1f983d3/objects/fd/b66de3690b8921aa27fbba8bdb3be01c5f282b	933e4c9ed67d50b2dc82d52fa20f8ab1685bd1baecca2e28385724be0ce735ab
build/swiftpm/repositories/swift-syntax-e1f983d3/objects/fe/047c15b3c39db5783feab1030c1cf886411882	41cad013c3838a77b0b38a4c6617e9c3c07d262d24865608c36687ad577efaae
build/swiftpm/repositories/swift-syntax-e1f983d3/objects/fe/21abccb4bc9f411671ddba951ea0a7932d9ed6	2e4f1b29c838d0ed87f7cfbec88c80d647c5d70dec5d2c4178975712d6b7e3f8
build/swiftpm/repositories/swift-syntax-e1f983d3/objects/fe/87aa55bc14dff9a87d491f8ae5dfbd43c93317	e6e7acdedd9a28ed9398d3c8c7e3b71bbbf37d79c00b778569c5fb95663e94ee
build/swiftpm/repositories/swift-syntax-e1f983d3/objects/fe/ad8da75bb91049d755fc51efe151ef45e1bc81	fa1a6b0ee045d48e8b2e1b0ccdf1dbbf6dea33f2cf1020e3f641ed41e8785582
build/swiftpm/repositories/swift-syntax-e1f983d3/objects/ff/0ba3eb01d3350e2c47b9d6ad6f99c2548f6c21	fb8ec644911237237f847347314824b5ed888fbf5547a5a0b3d56f79cc2d4ea2
build/swiftpm/repositories/swift-syntax-e1f983d3/objects/ff/98d64e181815e496d2f5d13fd051b9427d441c	4bc804d150e0e809779c5a700178dd4e497220a605edc46565939b36db1b34e8
build/swiftpm/repositories/swift-syntax-e1f983d3/objects/ff/e14759cd34c9460aca7fedc88d4fd40a617f4c	add51dca24f479ede6df3b22a3eef72a98caa9f262c5d35fb2786a92720feadb
build/swiftpm/repositories/swift-syntax-e1f983d3/objects/pack/pack-188cd2ac0f8184403216b6f2e4abd0f8d54ca33e.idx	ebf63c616aeba94970daab0016cc134170c9e04ee2b8556d8eb5c8544b1962e9
build/swiftpm/repositories/swift-syntax-e1f983d3/objects/pack/pack-188cd2ac0f8184403216b6f2e4abd0f8d54ca33e.pack	87c89196f93c1825d3eb49e1523e3e3dc6d6de02457c9a1764201256e32e091c
build/swiftpm/repositories/swift-syntax-e1f983d3/objects/pack/pack-188cd2ac0f8184403216b6f2e4abd0f8d54ca33e.rev	11a8e0694721486e49da73b3b1fa2fff0ff366b9952a507a4254938fa01a8521
build/swiftpm/repositories/swift-syntax-e1f983d3/objects/pack/pack-234b44387b76eed5e8d686706f66bf9691bb1e9d.idx	4985bc4f385e87498f9324308def4f3b0959fd0803e49a4eb19386c6dcdbfdba
build/swiftpm/repositories/swift-syntax-e1f983d3/objects/pack/pack-234b44387b76eed5e8d686706f66bf9691bb1e9d.pack	13277ba68267819d0f44a7745e852ece9ecadec2d03b8848a95639819475c776
build/swiftpm/repositories/swift-syntax-e1f983d3/objects/pack/pack-234b44387b76eed5e8d686706f66bf9691bb1e9d.rev	fee0ea1c5f89dc5c90a6d8391466544374a9106a4f531acc4f53807b90006a2c
build/swiftpm/repositories/swift-syntax-e1f983d3/objects/pack/pack-61b3cdd4e43714d4f38b4d8912b7c0bed8bcdeba.idx	82217804bd9fda2510780742b52b82fe0b64b71c6e5239e0603884aa8832bafb
build/swiftpm/repositories/swift-syntax-e1f983d3/objects/pack/pack-61b3cdd4e43714d4f38b4d8912b7c0bed8bcdeba.pack	899e9c2d3003a40c9ff3c72ee970e01a40eb0818b9c2c8238425a43d763da9e4
build/swiftpm/repositories/swift-syntax-e1f983d3/objects/pack/pack-61b3cdd4e43714d4f38b4d8912b7c0bed8bcdeba.rev	76ad33a20f336b42cca972104792344ba30b8fbf73e04b7afeb9358a54eb378f
build/swiftpm/repositories/swift-syntax-e1f983d3/objects/pack/pack-7e16bf3e1ddf33a9f8083039bfc7c78bf6dab9e1.idx	bf56baf6690671308f437a73c6d228cce658081b1d8198ff36b9bac8bf79f74e
build/swiftpm/repositories/swift-syntax-e1f983d3/objects/pack/pack-7e16bf3e1ddf33a9f8083039bfc7c78bf6dab9e1.pack	bd6437c2d13ede1b0f122171cc11b2f776f91622dfb2437d31bbeed856c2ad03
build/swiftpm/repositories/swift-syntax-e1f983d3/objects/pack/pack-7e16bf3e1ddf33a9f8083039bfc7c78bf6dab9e1.rev	9c79a32a4ff916190895856be1772a682295468430b08a7fbcee25fd293281f7
build/swiftpm/repositories/swift-syntax-e1f983d3/objects/pack/pack-8abdd1e342bc2f2030e5d79ba7c9e59b099c7744.idx	c7af1ab939c86a7fa25f9fdfac4c3f6f7b110ace81a4dd770e07c7b6d1a321a8
build/swiftpm/repositories/swift-syntax-e1f983d3/objects/pack/pack-8abdd1e342bc2f2030e5d79ba7c9e59b099c7744.pack	e68e834dc35b79a928ba201ff53dca5aa998f01e3c9f6b20db22fb72f3a57ada
build/swiftpm/repositories/swift-syntax-e1f983d3/objects/pack/pack-8abdd1e342bc2f2030e5d79ba7c9e59b099c7744.rev	8b44da01e8296a0e189fa23ba71d6be764735e04ffd61a9ada1870847c245cc4
build/swiftpm/repositories/swift-syntax-e1f983d3/objects/pack/pack-b6170f16ea729fd1242b7f2d712556e89314ffae.idx	5830270e84dcd8d65af19e8de5860158a79ddbed13b2e412be8e68c68b7c1ae0
build/swiftpm/repositories/swift-syntax-e1f983d3/objects/pack/pack-b6170f16ea729fd1242b7f2d712556e89314ffae.pack	8dfffa0929f58eb72f06997fe116821f4c744fee07d71549a1060c401163d330
build/swiftpm/repositories/swift-syntax-e1f983d3/objects/pack/pack-b6170f16ea729fd1242b7f2d712556e89314ffae.rev	c39b5fbfbd05f5a01ff2722a857acc45ca30ac86cf5636cc19d2e7d370f46eac
build/swiftpm/repositories/swift-syntax-e1f983d3/objects/pack/pack-ccdbd7ebee35c2f8e65464f978807944225e98b0.idx	24eab8bc5a686b85b4377fc6038c244fa12db7b3cb9d4a21cd24e0c5582e9be9
build/swiftpm/repositories/swift-syntax-e1f983d3/objects/pack/pack-ccdbd7ebee35c2f8e65464f978807944225e98b0.pack	58847d08ec25d018ef943788eec1dfd970a799f6956b66b988485bb3602c9bfc
build/swiftpm/repositories/swift-syntax-e1f983d3/objects/pack/pack-ccdbd7ebee35c2f8e65464f978807944225e98b0.rev	9870090063b809524645db829ca5474c81e8498bb3f5e9ea8fa5b4eb54231fc0
build/swiftpm/repositories/swift-syntax-e1f983d3/objects/pack/pack-d097746657a18edf263e258ac880c3bb9da68727.idx	85a62fd0e54696b5613b2f347b62165d1591c84750102ce872344ad85908f908
build/swiftpm/repositories/swift-syntax-e1f983d3/objects/pack/pack-d097746657a18edf263e258ac880c3bb9da68727.pack	659c5306ca8baedf5720f32c74267d64fd61bdfad510276be9f69f48be7aba15
build/swiftpm/repositories/swift-syntax-e1f983d3/objects/pack/pack-d097746657a18edf263e258ac880c3bb9da68727.rev	e04f81d3600a11f0237a6a87ff5b62228056f83ab244512f84c84251587771df
build/swiftpm/repositories/swift-syntax-e1f983d3/objects/pack/pack-ec86538fabaa909ab4f42902c59df59f728f52d0.idx	1931e09aca9fdd78d4f46eb4cbc6338de93c4ccacca065e8f184416d11499fe5
build/swiftpm/repositories/swift-syntax-e1f983d3/objects/pack/pack-ec86538fabaa909ab4f42902c59df59f728f52d0.pack	0665618fdac8b0629bb437c65364e3ccebed2b9ac17e703f8e179e3959a75d2c
build/swiftpm/repositories/swift-syntax-e1f983d3/objects/pack/pack-ec86538fabaa909ab4f42902c59df59f728f52d0.rev	45279b0eed86668195eb0ab1de13f7852943fa0bca0c447655bae75c61c53f72
build/swiftpm/repositories/swift-syntax-e1f983d3/objects/pack/pack-f3ecf2554e9d1b74b37a108a9f8baebf3fabc738.idx	2afd20d998e7a7e9fd4d7e52edb3a5b73c7e8b9ae8af16ad1221bd416778fcd1
build/swiftpm/repositories/swift-syntax-e1f983d3/objects/pack/pack-f3ecf2554e9d1b74b37a108a9f8baebf3fabc738.pack	bee66bb02bf055d215a6385628871d76b2b584de05472e1007e4bd6cb2dea77b
build/swiftpm/repositories/swift-syntax-e1f983d3/objects/pack/pack-f3ecf2554e9d1b74b37a108a9f8baebf3fabc738.rev	aa37f2738f5d962d83519ca7880f02c543a55e67f2d88cd67c5e6c6203130c36
build/swiftpm/repositories/swift-syntax-e1f983d3/objects/pack/pack-fb1da2c3fc885001dece241b86d8ad1c846e0413.idx	1236653e2dbffa960a156517cc7ea170f5555b77a58597a5c15a806555eeb6d9
build/swiftpm/repositories/swift-syntax-e1f983d3/objects/pack/pack-fb1da2c3fc885001dece241b86d8ad1c846e0413.pack	0ece291b84b7e4cbf667b95a4a8dc0138151a227a1e3d9fb8e8203c0df0e0873
build/swiftpm/repositories/swift-syntax-e1f983d3/objects/pack/pack-fb1da2c3fc885001dece241b86d8ad1c846e0413.rev	0d2b09ac1db7f85b6640b263576ab1169f85ee16bf16dd95d8388f21be9d0a3a
build/swiftpm/repositories/swift-syntax-e1f983d3/packed-refs	63d0a521d7910aa6904a2cc74a77ea64272c9e2d7701c388d206495435daac47
build/swiftpm/repositories/swift-syntax-e1f983d3/refs/heads/main	1487fd782456924763ff46c46a231a2568fa47ef388e67c487e4377c2896d26f
build/swiftpm/repositories/swift-syntax-e1f983d3/refs/heads/release/6.4.2	e7af342444e6f9861a06f82ed356996a45cde905b59ca73f3f63ae397a8ee46d
build/swiftpm/repositories/swift-syntax-e1f983d3/refs/pull/1086/merge	7bd133617953e934e0027b33a3d2a9067a2beb1d3b43aaa4a50e0375f14347c2
build/swiftpm/repositories/swift-syntax-e1f983d3/refs/pull/2201/merge	bcc2c2f6271f0fd9896061064929251b7b04d5ba8f3b2f103daef74626233272
build/swiftpm/repositories/swift-syntax-e1f983d3/refs/pull/2382/merge	b687c920b6b9ef1df257186593c4ae640ddf5a35c87e4a5aa41099f80cc66621
build/swiftpm/repositories/swift-syntax-e1f983d3/refs/pull/2504/merge	e4cb5017332ae221606df30333be4f5543aae869f528a946d913180cf099cc87
build/swiftpm/repositories/swift-syntax-e1f983d3/refs/pull/2840/merge	8c8e1da128e2cd690e515ad52aea2731f6dc12c892914efa85092e39aa49c7a0
build/swiftpm/repositories/swift-syntax-e1f983d3/refs/pull/2892/merge	21db818eb4a31252ab64be56b7551170e68ec7e10edb1c49102e602e0aae4472
build/swiftpm/repositories/swift-syntax-e1f983d3/refs/pull/3046/merge	4692308ccf6e63f82434c5b9681c2b375ed3cfa1827e53b8eb27eeec2dd9148e
build/swiftpm/repositories/swift-syntax-e1f983d3/refs/pull/3054/merge	458451372a6e8dea4d9733fbec454f0889ac6c8a90a11c300c95fcdb8edaa9a6
build/swiftpm/repositories/swift-syntax-e1f983d3/refs/pull/3061/merge	622c30621941c739bc131c69d603b0f79a48c3d219bc145b48976ba425924628
build/swiftpm/repositories/swift-syntax-e1f983d3/refs/pull/3216/merge	71455adfad284720909f5851da49faeaa47173df0b6a9c3f0252cfb31f84b422
build/swiftpm/repositories/swift-syntax-e1f983d3/refs/pull/3217/merge	45971a8a0f9fecfbe06b591aeb18b862aa7532bb4c1bc45ea8af0ce93d923b39
build/swiftpm/repositories/swift-syntax-e1f983d3/refs/pull/3218/merge	d901f5f0c1cb49a9bafea0376d133ddfc64d698ada43bc6c3e41d1fd410fed65
build/swiftpm/repositories/swift-syntax-e1f983d3/refs/pull/3222/merge	3610e1cad737067de2c55630f8a992db2d1648d8e9ce9a07a76e7a6f4c299dab
build/swiftpm/repositories/swift-syntax-e1f983d3/refs/pull/3224/merge	59c04b86ffef93c62ed50290ea17497165928a00b90053b4d790dc295afb8d7f
build/swiftpm/repositories/swift-syntax-e1f983d3/refs/pull/3225/head	d3ef2e61aeb0898d493096fc964b5e9af105cc70e91b5e4186aad3348e07dd02
build/swiftpm/repositories/swift-syntax-e1f983d3/refs/pull/3246/merge	10d012d7e9ce8e024621f3fc3c73a86d83138570057589da446545e9c8bf33a9
build/swiftpm/repositories/swift-syntax-e1f983d3/refs/pull/3248/merge	68e2fe7d8d70bc2498c1b541da7e7236941169365376dd106d6e9a7454fe7ef8
build/swiftpm/repositories/swift-syntax-e1f983d3/refs/pull/3257/merge	94f09ca18d2bd20c2f867e51382edbc8fea2f8d880f79e4534522ecbef2e5522
build/swiftpm/repositories/swift-syntax-e1f983d3/refs/pull/3258/merge	d4a351f8405c01a42d2e4b317a64c5c3c7466b5e479c299344584acc708344a1
build/swiftpm/repositories/swift-syntax-e1f983d3/refs/pull/3276/merge	dc4a55f457e67b5409f6edb8160de777798bbb74a6976a55dd6ef6aa0f32b559
build/swiftpm/repositories/swift-syntax-e1f983d3/refs/pull/3280/merge	73fa88088d3717a8293f007ef2c245befbcbeb723f04bf66ac53703ba2af1854
build/swiftpm/repositories/swift-syntax-e1f983d3/refs/pull/3292/merge	ca2936d2f0ee5e574c221858091bb4d969dd6010b3775a2849358431974ccb5b
build/swiftpm/repositories/swift-syntax-e1f983d3/refs/pull/3318/merge	bf88ff80b2afb62043f6889dcd7eac134514928f357f9c4fd13c9a980428d756
build/swiftpm/repositories/swift-syntax-e1f983d3/refs/pull/3324/merge	d9714786219c806eeeb0996d744865b358af6b9bc8ba8f252feb2f529646438f
build/swiftpm/repositories/swift-syntax-e1f983d3/refs/pull/3331/merge	f6ff4a68c6d67cb0e505d57fdc0e1e383850840f506518fb4d7b5428759f9e04
build/swiftpm/repositories/swift-syntax-e1f983d3/refs/pull/3334/merge	ac9e00548aa33e095851ea320994850e058f0635b281f311088e783f6fa4f01f
build/swiftpm/repositories/swift-syntax-e1f983d3/refs/pull/3335/merge	64b69f431bc7c9c7dc9c9ba54408baaaa7462d4c4eb0ac806c0e3b7056b90a2f
build/swiftpm/repositories/swift-syntax-e1f983d3/refs/pull/3336/merge	cf2d9158fca5cc575d6d41baa57198857a41721d34fb07a6ceaf440c613141d0
build/swiftpm/repositories/swift-syntax-e1f983d3/refs/pull/3338/merge	f6094f133d48522363b1a07bfeb6f560df9640288f32273810dca6392a8292e2
build/swiftpm/repositories/swift-syntax-e1f983d3/refs/pull/3344/merge	2336594b23b438531bdaeb92ca9a4cd9908fedfec29f6b8f2e11bfe17a7237ef
build/swiftpm/repositories/swift-syntax-e1f983d3/refs/pull/3348/merge	a3702203bb4a3cf41474f62db434c6a97585b051582c84c70feb72aab16b1a91
build/swiftpm/repositories/swift-syntax-e1f983d3/refs/pull/3361/merge	10c50993d1a6f7537393ad19c16f3e6ce3fa0e9047645d7ffbca6712b39d2f86
build/swiftpm/repositories/swift-syntax-e1f983d3/refs/pull/3364/merge	62cdf4efd5eff62c95c2f4d12ea7af80dd8b5bfa3b6df4690724e960fc3888b4
build/swiftpm/repositories/swift-syntax-e1f983d3/refs/pull/3366/merge	5ce7aaf55a3fd5a429f572ef3b3d38d0535c56073564fcd6bb73c07c150cc1f2
build/swiftpm/repositories/swift-syntax-e1f983d3/refs/pull/3374/merge	ee920564ca78d0cbd6338b55b5fd52df146af8f2f53df37e755c1fb48be68e59
build/swiftpm/repositories/swift-syntax-e1f983d3/refs/pull/3375/merge	04cf3127e4c80f5089ed5fd16becd27277ea9f7be983138b529b5cd3e512ac63
build/swiftpm/repositories/swift-syntax-e1f983d3/refs/pull/3376/merge	4e44943f6275353a07a650997c5abba54eb2a6d0e2ea872bf2b6cfa60c5b129c
build/swiftpm/repositories/swift-syntax-e1f983d3/refs/pull/3380/merge	c1381ffca909685abf501fcfc4abff21b3af63508d93592bb114b9195dedbb08
build/swiftpm/repositories/swift-syntax-e1f983d3/refs/pull/3386/merge	651abd10295d774d57b69347ebdd5a2d32c6410317c6354e9001236d0a63b97c
build/swiftpm/repositories/swift-syntax-e1f983d3/refs/pull/3395/merge	bd4d178293bd1ab6996bd3aece66cc4b17f2dc402e85ed31ca46c3a5fb03d505
build/swiftpm/repositories/swift-syntax-e1f983d3/refs/pull/3396/merge	97f62c54c915128594f590e9a968fe7126cf9450d344006b9fde6327107fb5ff
build/swiftpm/repositories/swift-syntax-e1f983d3/refs/pull/3398/merge	054cb1afddd077388e28268c14590cd3ac9eedc5ed04b713346c1b0ea5f3cc91
build/swiftpm/repositories/swift-syntax-e1f983d3/refs/pull/3410/merge	cec94e0a8ac95ac8ccf8f03e8d920998d5c2e2219a6e7c45dbb1bc4841308769
build/swiftpm/repositories/swift-syntax-e1f983d3/refs/pull/3411/head	e16460b2a39ac74c9a5567f9ff09e638e068f403f8afdf0521dc86277e955dd1
build/swiftpm/repositories/swift-syntax-e1f983d3/refs/pull/3420/head	2a26dd8fb26736d5370eb79d428c8227d1fe182f264a4a335378b0992032cb0f
build/swiftpm/repositories/swift-syntax-e1f983d3/refs/pull/3421/head	6d31179e5552f84a2c54a3674c1ec3b3847ac8439f71760af223d16941cdeccc
build/swiftpm/repositories/swift-syntax-e1f983d3/refs/pull/3423/head	d2d5542cec075f958f07ca93fee36f365b058276790ebcf6f687d84f93a655ee
build/swiftpm/repositories/swift-syntax-e1f983d3/refs/pull/3423/merge	2aa228b19796a60e28d9282d81a6d280ad60ec190f09bc48952e0d8f0585d78d
build/swiftpm/repositories/swift-syntax-e1f983d3/refs/pull/3424/merge	3a0b7ef863e209c0a102ae4cd6241ee433f3afc2073dd83f3b151946d3d3f2d6
build/swiftpm/repositories/swift-syntax-e1f983d3/refs/pull/3426/head	3e8eb76ffeba6411a467a36ee899cff822cf720b3f45f80ed226e7b0885d1335
build/swiftpm/repositories/swift-syntax-e1f983d3/refs/pull/3428/merge	740d415d2252d13adf3205f18d8a76742017ba2e9b04e4c83e03ddd3b7bbfe43
build/swiftpm/repositories/swift-syntax-e1f983d3/refs/pull/3429/merge	f8ea4d982f07a2319f0c80c39b2e1c3652ca6abec75b20fc4a0453d79097e292
build/swiftpm/repositories/swift-syntax-e1f983d3/refs/pull/3430/head	e06da1c31d19642a4d68dcfa5b2b47c51c198579c716fa621e70c9d42c30c9b9
build/swiftpm/repositories/swift-syntax-e1f983d3/refs/pull/3430/merge	3381af4121b257a9cdcd2b5758df5e228b20d1f39bdcb6b5a4d8423dcfd44730
build/swiftpm/repositories/swift-syntax-e1f983d3/refs/pull/3431/head	e3fd06628dd96bbfc3b1fdfbc9c248b70323be56f82cd6f58b2f1b937f6bed7e
build/swiftpm/repositories/swift-syntax-e1f983d3/refs/pull/3431/merge	62de5a963cbd4bd370d5c9daba533a356b563c2a5e6c0b226c8025df97fd2299
build/swiftpm/repositories/swift-syntax-e1f983d3/refs/pull/3432/head	2f4b1522c1a3b97356b0a6754e748207f91f61aed6e44a8b4197bfa1aa0a6573
build/swiftpm/repositories/swift-syntax-e1f983d3/refs/pull/3433/head	b649c09c97dbfb289d24c1755838d01b10adccde728c1e5713cfd5b1dd757a6a
build/swiftpm/repositories/swift-syntax-e1f983d3/refs/pull/3434/head	95e2cbc9bffb43d8384509f7ef809d511dd45e831ed2988594b4fac595061318
build/swiftpm/repositories/swift-syntax-e1f983d3/refs/pull/3435/head	cc3ea55f51f822540796aacd6aaa69c8e84e8b73bee9faf87a15ea67165efe37
build/swiftpm/repositories/swift-syntax-e1f983d3/refs/pull/3436/head	94037de4fd4b6d928b84b2101c7630d97a50a69e846453cc31ba28659482d738
build/swiftpm/repositories/swift-syntax-e1f983d3/refs/pull/3436/merge	971ae9becc65e85852eb14e106df2349f8329f32a411a8b93ff5da629dc08ee9
build/swiftpm/repositories/swift-syntax-e1f983d3/refs/pull/3437/head	68486f577c34d29ae5b787cf0310115cecc2b961a9825ed527ec8b5e2b1033df
build/swiftpm/repositories/swift-syntax-e1f983d3/refs/pull/3439/head	b00781ac019aab17240e8e629acd086f7354e6ca814dda6d568a6d944dc0d04b
build/swiftpm/repositories/swift-syntax-e1f983d3/refs/pull/3441/head	6d1beb32240ec121ce14af2ff75ef203e7e2f891097c6dd06b2fe534b972f971
build/swiftpm/repositories/swift-syntax-e1f983d3/refs/pull/3442/head	37ae630a978c0df78e6a89077de42d737963edf013f19ad5dbbee8028b3fe9d5
build/swiftpm/repositories/swift-syntax-e1f983d3/refs/pull/3443/head	2d002eed60c12b8d10b6b076b75f3e07836bff5d022361e665c0d4eea4fd10b8
build/swiftpm/repositories/swift-syntax-e1f983d3/refs/pull/3443/merge	854994d77efe705cc8b83ee9a75c0426891439b496a284f9fa138fa00268ee85
build/swiftpm/repositories/swift-syntax-e1f983d3/refs/pull/3445/head	68e62735f503f2ef70d3a6d038e3f62ab53de1e12c3b084c399891891d6131b2
build/swiftpm/repositories/swift-syntax-e1f983d3/refs/pull/3446/head	092790519d9fd06e29be61e568c983226557dedaf29a542eb3ec2e2ec98688c0
build/swiftpm/repositories/swift-syntax-e1f983d3/refs/pull/3447/head	456f6744fb32b5bcac84d68c1d10b3d8abd8f0772ca4db8f544b77e19dd3dc75
build/swiftpm/repositories/swift-syntax-e1f983d3/refs/pull/3447/merge	891edd375bb767c6a5f7455b4658a2a59948e115236a67b6b5392d559ffa5b93
build/swiftpm/repositories/swift-syntax-e1f983d3/refs/pull/3448/head	d6987b97a309a28303fb7b7688c382dd473d0487d7948a2c1bae42f38ab36eba
build/swiftpm/repositories/swift-syntax-e1f983d3/refs/pull/3449/head	b14eb3776d8c24ea5cf2d7046d52ba5635fe76e2f4673f36d9df9855a8b36e18
build/swiftpm/repositories/swift-syntax-e1f983d3/refs/pull/3450/head	57052dfc69001d235077f0e1a83b4bbbeff33620a1196bf440e58ac3e6f26624
build/swiftpm/repositories/swift-syntax-e1f983d3/refs/pull/3450/merge	7b3c8ad7ec1d47df6daf207a0c36c03ed15c5c75c7a238c8bbdc95e8116cb069
build/swiftpm/repositories/swift-syntax-e1f983d3/refs/pull/3451/head	2c123906f4be99acc887294ed5ba309f7c6b61d878b3633061e11f6361bfa500
build/swiftpm/repositories/swift-syntax-e1f983d3/refs/pull/3452/head	c609db66236371de40f41bff518d2cdf3b59077990c235784a08b8509476f314
build/swiftpm/repositories/swift-syntax-e1f983d3/refs/pull/3452/merge	dd27619a7152241091b23dbb7b7901e7edca9a73973812c515ef1bbe2b9ee6a9
build/swiftpm/repositories/swift-syntax-e1f983d3/refs/pull/3453/head	9a7d3efa4b1b58b98d66221730d1706bab6e36f9ae9028c2a286ea00eb1434b2
build/swiftpm/repositories/swift-syntax-e1f983d3/refs/pull/3454/head	2bb87b21f09a215a02f735ff6f1b3d154dfa50658bbdbfd183c4abcc4eeab4f0
build/swiftpm/repositories/swift-syntax-e1f983d3/refs/pull/3455/head	93bdcd4ba13c42713651bda3a3f7164f997f61db28a33a46833df72225b052b4
build/swiftpm/repositories/swift-syntax-e1f983d3/refs/pull/3456/head	f51bd7f7461acfb8defde038a635366362d2490178db66dc7c6d661db4d1fa6d
build/swiftpm/repositories/swift-syntax-e1f983d3/refs/pull/3457/head	881cffdf8adb3cb962ec23721b2c9328c63f64ea78aa8847801ba28a66d272c3
build/swiftpm/repositories/swift-syntax-e1f983d3/refs/pull/3457/merge	35d08752aa5b0722e93805672c5d1fc3afeb0194e03cbe6544a355134f2d6c8a
build/swiftpm/repositories/swift-syntax-e1f983d3/refs/pull/3458/head	58b31c78c8ea84a943066da3975488411b56ce567bdb1b7e7fcb3c8008d1106c
build/swiftpm/repositories/swift-syntax-e1f983d3/refs/pull/3458/merge	0df0b45c3bc6ec26ed57b24bf633209781528b9b3710eca31a9263c1a82fd35a
build/swiftpm/repositories/swift-syntax-e1f983d3/refs/pull/3459/head	d0f68c3edd52da51a0fa9df0812d26b126ed44ef0a51aa4a550901241aedc3fc
build/swiftpm/repositories/swift-syntax-e1f983d3/refs/pull/3459/merge	db31acf4bd931c37e0bb9359092f498e55f0d52c540209146f22df65eafd14d2
build/swiftpm/repositories/swift-syntax-e1f983d3/refs/pull/3460/head	f6693dbf53108289d1bbc4b320f4a19529102d151b5d95cbf90775a1f0cd8554
build/swiftpm/repositories/swift-syntax-e1f983d3/refs/pull/3460/merge	5c8998102bc71c5cab8da8faa84ad647a1c039ba2e3d79819f77f91eb79d3f11
build/swiftpm/repositories/swift-syntax-e1f983d3/refs/tags/604.0.0	e7af342444e6f9861a06f82ed356996a45cde905b59ca73f3f63ae397a8ee46d
build/swiftpm/repositories/swift-syntax-e1f983d3/refs/tags/604.0.0-prerelease-2026-09-15	e7af342444e6f9861a06f82ed356996a45cde905b59ca73f3f63ae397a8ee46d
build/swiftpm/repositories/swift-syntax-e1f983d3/refs/tags/605.0.0-prerelease-2026-09-15	5eb100f996fd71838a7ef89677f9356c7652a8eabec89c809ebd6eaaec6717b4
build/swiftpm/repositories/swift-syntax-e1f983d3/refs/tags/swift-6.4.0-RELEASE	e7af342444e6f9861a06f82ed356996a45cde905b59ca73f3f63ae397a8ee46d
build/swiftpm/repositories/swift-syntax-e1f983d3/refs/tags/swift-6.4.x-DEVELOPMENT-SNAPSHOT-2026-09-04-a	1da7f7c377b6f24e290b51697ba402aab37d649c3dd97722ec6cfccb876f612c
build/swiftpm/repositories/swift-syntax-e1f983d3/refs/tags/swift-6.4.x-DEVELOPMENT-SNAPSHOT-2026-09-10-a	4c6a293c179cfdc872492a39ff9782343fb2be47d28f6d5cd904ed653f7c7465
build/swiftpm/repositories/swift-syntax-e1f983d3/refs/tags/swift-6.4.x-DEVELOPMENT-SNAPSHOT-2026-09-14-a	e38b04eabdfcc0a6cbeb39322ff60ab6f4a058a3c52603bf45e2b54c0f5b13cd
build/swiftpm/repositories/swift-syntax-e1f983d3/refs/tags/swift-6.4.x-DEVELOPMENT-SNAPSHOT-2026-09-15-a	26adc48f9a8cae2a552baf44ef6ca60cf75673d729d14f3b211f647efc008045
build/swiftpm/repositories/swift-syntax-e1f983d3/refs/tags/swift-6.4.x-DEVELOPMENT-SNAPSHOT-2026-09-17-a	a093ad3e1e70eb47de7b73897afc509107bce4c8741c672b1375055fa520b178
build/swiftpm/repositories/swift-syntax-e1f983d3/refs/tags/swift-6.4.x-DEVELOPMENT-SNAPSHOT-2026-09-23-a	1675ab463218e9c5d107edce73a813bddffceb6d19b3ca70862ce43f9d258290
build/swiftpm/repositories/swift-syntax-e1f983d3/refs/tags/swift-6.4.x-DEVELOPMENT-SNAPSHOT-2026-09-24-a	cc09acca84ea536a8f0fca9066e9c1460c5438acdc6b32f91e569b62713f18c8
build/swiftpm/repositories/swift-syntax-e1f983d3/refs/tags/swift-6.4.x-DEVELOPMENT-SNAPSHOT-2026-09-26-a	b0ab9f645a76ba41c1fb926e01863a209a86b4ba8bee20a6f6994d52abb90639
build/swiftpm/repositories/swift-syntax-e1f983d3/refs/tags/swift-DEVELOPMENT-SNAPSHOT-2026-09-05-a	f2ccf49c3fa986779dc0fada2ab06e1f3b1899cfcfa6991e08b795959b72b764
build/swiftpm/repositories/swift-syntax-e1f983d3/refs/tags/swift-DEVELOPMENT-SNAPSHOT-2026-09-10-a	3b6881cf2b8c92b0872aa207aeeebc5a0d026ce0f74d7103621498bee7fa17a0
build/swiftpm/repositories/swift-syntax-e1f983d3/refs/tags/swift-DEVELOPMENT-SNAPSHOT-2026-09-21-a	6d2eaca3f6786940c9f642c221219e3596952ae66d190c98330aff064b1e7948
build/swiftpm/repositories/swift-syntax-e1f983d3/refs/tags/swift-DEVELOPMENT-SNAPSHOT-2026-10-01-a	e2c9b9832a329eb087b35ba5238da8e06d63e368ca1cfd9312c63119db16dc9d
build/swiftpm/workspace-state.json	2c54ecabe7c75e54841ea4924de0aaf1b62e8aad13efb1ac6175806327727ceb
commands.txt	977ea4613405a69744da6f1ccb8ebbd5611d593d8a150905b10b2f565480a896
input-hashes.tsv	5888762432f61ad673d030d725c18972f7d80bc158d5a86fde3476ad91a63f12
metadata.txt	334ba1b9d344e2761d95f3a60f08f4e0db3d2d269e603b6ec836396c4f97a5a0
resources/baseline/image	edd60da429c3821aec66ff3fbb8cbfde6aeabfa48fd147b361ad0db7f4b10bc5
resources/baseline/link.map	f4a42279a2bcfb520af459879b50969bb5a6d7bc92cecb6413cb253755700ef9
resources/candidate/image	4d92ca126bbce94404836ad5cd7dc78a96bf5cf3764e0ed08fbc780734df03fa
resources/candidate/link.map	086e85997c00bed916007b966a0936a03d4989562c3e7853b5cb4651937cead0
resources/linked-section-deltas.tsv	0f610728a33b5326100130a2449724aa9e0cb32d4835fb548fb113521e66e076
resources/linked-section-deltas.tsv.baseline-sections.txt	824b352590ef63fbed314a988e853c0cb71d19d992be8f706fcaa1ef71a71a8d
resources/linked-section-deltas.tsv.candidate-sections.txt	de4cb5015f78a170d7b4f0503109cc51907035ccc43a8b68aa77a709400766ae
resources/main.o	050a9b71b1bbfa580243a7e084349ece74c9c2a4a02a42f6ab0961c1283baca2
resources/source-hashes.txt	74d14bba19fc55afded4611a559ab72683da8c5f885ab586aa5e3dd789da52af
run.log	e6fbebaac5599192821525304d540bb9cd1d65897df6744424bbc813a27047f0
semantics/layout.tsv	d6cea172ff815f658db50182c0e1efe8b9cc1adf0aad7934c01f7564b38d3211
semantics/profile-corpus.txt	1f1a821b4927681e96bddfba1dcac617f6f4fb5c5dd4ef3b37a84bdf4a2b8cde
semantics/semantic-contract.tsv	a96af982d5f483d0d8c3da6cf80a41251af3bfeda2ef8a3d51acfc9f5c386844
