binary-boundary-regression.log	226d7d6eca72126fe74c22242e9e488428d524b45eaced42fd5892142f0abb87
build/GiftUICapabilityNormalizedProfileProbe.swiftdoc	1c623af9c850a9a706ece63bbae4617c5814612b75bb7f781aa858b56abce8c6
build/GiftUICapabilityNormalizedProfileProbe.swiftmodule	e3a631382d7445fa5773b20faa6f4bf76b9d854812d7b7f88eba6a9f3dc5282f
build/GiftUICapabilityNormalizedProfileProbe.swiftsourceinfo	c9fa7d7aa7fa0a3a4da20d1f05e723980cadfa9e2d39dfb0352a48807064bb25
build/clang-cache/modules.timestamp	e3b0c44298fc1c149afbf4c8996fb92427ae41e4649b934ca495991b7852b855
build/swiftpm-cache/3T5H2677C6X26/SwiftShims-2IMTS4WWRU7VJ.pcm	30aae1a799efaaa6e926cde28c59148fe55f87dc82a4f13e1c0ee4394e3dface
build/swiftpm-cache/3T5H2677C6X26/_SwiftConcurrencyShims-2IMTS4WWRU7VJ.pcm	075f40fac8abf8a6eb57b7f42a5defdd3e8924644b6ce2a0355da21d31b4d01c
build/swiftpm-cache/CompilerPluginSupport-2XR0B39NG5WOY.swiftmodule	161f26cea3472d9a3c5efbf0959c30935f0f8740a5c69667f5490b1b7dd4d7f2
build/swiftpm-cache/PackageDescription-1ZB4AC7ND68BU.swiftmodule	369fd2ead55ebd8dda5b1f9f0595919f7f1d655f610aba990f491683d564516d
build/swiftpm-cache/Swift-1IEYM950OGIQC.swiftmodule	ee90db3fa080943af416e114e3477145333bdb0b3ea6d06c2a4d1ff17e00629d
build/swiftpm-cache/SwiftOnoneSupport-1TBU3EV6ADR6U.swiftmodule	a229aec502604f20f2cee839f11fffdaf721e9ef591cad15817b1af7d7d30abc
build/swiftpm-cache/YHS844WX1CCO/SwiftShims-2IMTS4WWRU7VJ.pcm	5d28c73173fe0d52978898336769331ef010d90a3e6bd0d2b54c810673ded5a1
build/swiftpm-cache/YHS844WX1CCO/_SwiftConcurrencyShims-2IMTS4WWRU7VJ.pcm	4b39fd42cb9cd036061a72475f59b3c914bd423a50ea77df85c314e907819e60
build/swiftpm-cache/_Concurrency-2ADZMZE46FIUY.swiftmodule	d247076d41eeb76127fd4a1592abf8f9474d59f8156a5ff12f4ec79cc4cac8b2
build/swiftpm-cache/_StringProcessing-1FL9YJ9FR6ZV0.swiftmodule	d6ffedbd94d29c2c74392a1ff437d117148c69d9dce9ccf0e708d20af627f211
build/swiftpm-cache/modules.timestamp	e3b0c44298fc1c149afbf4c8996fb92427ae41e4649b934ca495991b7852b855
build/swiftpm/arm64-apple-macosx/release/GiftUI-tool.build/ActionHandler.swift.o	c607d09027605831db06b1cbbad5a421647edf3a499af1b12cabab31534bd049
build/swiftpm/arm64-apple-macosx/release/GiftUI-tool.build/BoundedText.swift.o	c0ba535dfa18471f580e062c1ed0f1163fa224e76dc11d852cb87f0e7bd709a0
build/swiftpm/arm64-apple-macosx/release/GiftUI-tool.build/Button.swift.o	57dcff21331838f30dc75ae62bceb6fbba5e820884f96b112ec761be7ab0ffe8
build/swiftpm/arm64-apple-macosx/release/GiftUI-tool.build/Canvas.swift.o	ef285ae6930e4dda4a566636132f64af14a3fc39f635d34b67a36e91c5622a20
build/swiftpm/arm64-apple-macosx/release/GiftUI-tool.build/Color.swift.o	56a65c32e643446dfb6de8fce5684a2bd06b77bd3f6fcfddb1cdf7b9e4c1057d
build/swiftpm/arm64-apple-macosx/release/GiftUI-tool.build/DeclarativeView.swift.o	98ebb9f95c6e77a14341306b77408ac147c2be63f0e868e3428f2109a112bf27
build/swiftpm/arm64-apple-macosx/release/GiftUI-tool.build/Disabled.swift.o	593223162299e6eefe7c2f6bce577168053aea4c78d13d5cee0673f76aa740c6
build/swiftpm/arm64-apple-macosx/release/GiftUI-tool.build/DrawingStyles.swift.o	a7be00384fc70f4d5cea7c30d3664a6d561fc08c97e8a9540488c041e079c8e3
build/swiftpm/arm64-apple-macosx/release/GiftUI-tool.build/DrawingSurface.swift.o	5de4a65de36044d5807c226ae47dc66af29fbd3020f4f9cc71a5b523f6ed15aa
build/swiftpm/arm64-apple-macosx/release/GiftUI-tool.build/GiftUI.d	6a6a4d0278acbb96934c766a48335bcc7ce985b2f8f47188bb2b5db104e48030
build/swiftpm/arm64-apple-macosx/release/GiftUI-tool.build/GiftUI.dia	2c72d5afff8cce441f2f8299a18215b0bf79605aa7eb05839e38f7949b46c0e2
build/swiftpm/arm64-apple-macosx/release/GiftUI-tool.build/GiftUI.swift.o	4cd082eb201b7f1659007f00267bd8ba69ad7ccadcb95f1fc2f43df74a706bb6
build/swiftpm/arm64-apple-macosx/release/GiftUI-tool.build/LayoutContainers.swift.o	15ff147c37f33dc243d0b6f50f90159d93a823f054abe5c511894f2642268011
build/swiftpm/arm64-apple-macosx/release/GiftUI-tool.build/LayoutModifiers.swift.o	669af94dfd0ef81d3a576bf2ff1f8170a49f32eaf662753db0021eb171eec7c1
build/swiftpm/arm64-apple-macosx/release/GiftUI-tool.build/LayoutValues.swift.o	2b5ae543a8238991a36fa4d71902f2b00039be17bd147eb58b272dc4f91f034a
build/swiftpm/arm64-apple-macosx/release/GiftUI-tool.build/ObservableState.swift.o	4abc6d3b7d69e203953128dad29cdc6aea739a714a4f751f064dba13134c56a9
build/swiftpm/arm64-apple-macosx/release/GiftUI-tool.build/StyleModifiers.swift.o	420d986357c79a57c6395130554cc5e2f02ff9be811f031b38d9a90d9f29aac1
build/swiftpm/arm64-apple-macosx/release/GiftUI-tool.build/Text.swift.o	a4aafed63c17d4f37ae6c159abdb267de04bce3bd19e571aabdce6b445ee2fdc
build/swiftpm/arm64-apple-macosx/release/GiftUI-tool.build/include/GiftUI-Swift.h	05bf94481a7e1a7b1e3d63de5ce3e51559e47f6910cbfe9762cf0d77d68a2fab
build/swiftpm/arm64-apple-macosx/release/GiftUI-tool.build/include/module.modulemap	a0fb0e256b27491f15100db8992f4ff0030418ec731dcd592514edbaad20ebc3
build/swiftpm/arm64-apple-macosx/release/GiftUI-tool.build/output-file-map.json	fbd89b95a444053d434f44bfafc9fddcee68035e61ec1da50e1de3d93dabc094
build/swiftpm/arm64-apple-macosx/release/GiftUI-tool.build/sources	69ba40856431dc63ab6b0ec024591665f65e51f67d5824626ee2128f0b71ac6f
build/swiftpm/arm64-apple-macosx/release/GiftUIBackendIntegration-tool.build/FullSurfacePayloadEmitter.swift.o	dc2532a66119509d637dc419e3ba032cabdc0bed0a3ce1b680ba24df3cd08cb1
build/swiftpm/arm64-apple-macosx/release/GiftUIBackendIntegration-tool.build/GiftUIBackendIntegration.d	89a1bf1664171a97d9f93bfcf0f6889933b4665c0d3f0e11e7f339952adb4b2f
build/swiftpm/arm64-apple-macosx/release/GiftUIBackendIntegration-tool.build/GiftUIBackendIntegration.dia	2c72d5afff8cce441f2f8299a18215b0bf79605aa7eb05839e38f7949b46c0e2
build/swiftpm/arm64-apple-macosx/release/GiftUIBackendIntegration-tool.build/OneShotRasterBackendEndpoint.swift.o	6c33ba4161879aed6e1e6b32d67d3001aa424dd9c7d4a951f878559436eae950
build/swiftpm/arm64-apple-macosx/release/GiftUIBackendIntegration-tool.build/OperationMajorRGB565RasterSession.swift.o	af4eab7f3f8caa3cc10c64dde8881199d17ec180d7ebc8d95be4ece6c3812ad3
build/swiftpm/arm64-apple-macosx/release/GiftUIBackendIntegration-tool.build/OperationMajorTileTraversal.swift.o	f58f76d8caf48b87c4efc45a8e4547f1346acde6aeb8499daa68aaeba1518828
build/swiftpm/arm64-apple-macosx/release/GiftUIBackendIntegration-tool.build/RGB565TilePayloadEmitter.swift.o	77912228f2f2c651c2b360ba8cbdc3d33a02f9dfdb263db9075d2fa8e8a7e1fe
build/swiftpm/arm64-apple-macosx/release/GiftUIBackendIntegration-tool.build/RasterBackendEndpoint.swift.o	d06eb40f1498d5af506c42068f30e29cae80ec9c4012198e1540af57676977cf
build/swiftpm/arm64-apple-macosx/release/GiftUIBackendIntegration-tool.build/RasterBackendOwnerFailureAdapter.swift.o	477b1ee66023bdeb5666dc75bf88f5941f616dbab371030636b6d13ce12f7402
build/swiftpm/arm64-apple-macosx/release/GiftUIBackendIntegration-tool.build/RasterBackendStartupValidator.swift.o	38e64c681e985d6e5f07e404bdbd875ade1a8ee0c13a4d996f0d83cc4ede120a
build/swiftpm/arm64-apple-macosx/release/GiftUIBackendIntegration-tool.build/RasterFrameWorkAdmission.swift.o	5d8b163fac8915efc367a063ee7640f17703cd416c1a070595180d1896799aae
build/swiftpm/arm64-apple-macosx/release/GiftUIBackendIntegration-tool.build/RasterTextResourceValidation.swift.o	5d8479ab300645e9402fab30fe7715933eda30042b228f7b95f718e00ffeb0e0
build/swiftpm/arm64-apple-macosx/release/GiftUIBackendIntegration-tool.build/include/GiftUIBackendIntegration-Swift.h	0a305aaba7cc7f2b25743ad7a3ad3e79acd9f2a6eccd3d451d326c9118a614ef
build/swiftpm/arm64-apple-macosx/release/GiftUIBackendIntegration-tool.build/include/module.modulemap	411fc8bc586bf7e21cea62d0ef951c94b327e7122c8864e551ce48ac8f419363
build/swiftpm/arm64-apple-macosx/release/GiftUIBackendIntegration-tool.build/output-file-map.json	0c5cde4a02e2a78a163d60726abd9fe6cb4cd47e162c02433026a0ebd0c97879
build/swiftpm/arm64-apple-macosx/release/GiftUIBackendIntegration-tool.build/sources	e7a6c349925cf27b6de87fff9efc24c1df8f43b0cd9dd5c9eab319f9f354c316
build/swiftpm/arm64-apple-macosx/release/GiftUIBackendIntegrationTests-tool.build/output-file-map.json	b511b72bb776b6b67f394c949ee6e3b27cbdbd8fe617b733caf5e2b0dba33c7c
build/swiftpm/arm64-apple-macosx/release/GiftUICapabilities-tool.build/GiftUICapabilities.d	ea5c5c72e2018902fef5d23ebf34175e13c85f3e881528d5981bdd8cc245a72d
build/swiftpm/arm64-apple-macosx/release/GiftUICapabilities-tool.build/GiftUICapabilities.dia	2c72d5afff8cce441f2f8299a18215b0bf79605aa7eb05839e38f7949b46c0e2
build/swiftpm/arm64-apple-macosx/release/GiftUICapabilities-tool.build/GiftUICapabilities.swift.o	ce5486e6fc33abf7874bdf70aab926457735405aac74c521aa46d72a057464e5
build/swiftpm/arm64-apple-macosx/release/GiftUICapabilities-tool.build/include/GiftUICapabilities-Swift.h	cffa180a510c9e55a49894905ef19f2a65e7ed9a40930ad907df89f93f498abe
build/swiftpm/arm64-apple-macosx/release/GiftUICapabilities-tool.build/include/module.modulemap	346a679414093ea7a142c8b7a41d2a575302972c2d916d2c4a4a0c8913492c26
build/swiftpm/arm64-apple-macosx/release/GiftUICapabilities-tool.build/output-file-map.json	7b03d73005abd52676372d401f9dbd53646333de446c43711f5d86bf804e6e2c
build/swiftpm/arm64-apple-macosx/release/GiftUICapabilities-tool.build/sources	cbe0bb35354e9e7974748b0bd2b61d8c403c880b5f21c06a5fa1b386cf4fc025
build/swiftpm/arm64-apple-macosx/release/GiftUICapabilitiesTests-tool.build/output-file-map.json	6be4b3c8f9845a04a7631a2f22db4267bf7574439330558259072a65ffd1edfd
build/swiftpm/arm64-apple-macosx/release/GiftUICapabilityAdapterTests-tool.build/output-file-map.json	89a941d1811fca7476b4a8143643d7934ebb69c66ddc46b74e94e1fed803f0fa
build/swiftpm/arm64-apple-macosx/release/GiftUICapabilityFailureAdapterFixture-tool.build/CapabilityFailureAdapter.swift.o	a4977f1cb5b1e73b55a37fb23da6f61ec2a4635e606ed4b9a9fa75c89048e52b
build/swiftpm/arm64-apple-macosx/release/GiftUICapabilityFailureAdapterFixture-tool.build/GiftUICapabilityFailureAdapterFixture.d	ba86be1a53631a0170eb4a6c9278447111b72a25278768d99292c4546c3a8687
build/swiftpm/arm64-apple-macosx/release/GiftUICapabilityFailureAdapterFixture-tool.build/GiftUICapabilityFailureAdapterFixture.dia	2c72d5afff8cce441f2f8299a18215b0bf79605aa7eb05839e38f7949b46c0e2
build/swiftpm/arm64-apple-macosx/release/GiftUICapabilityFailureAdapterFixture-tool.build/include/GiftUICapabilityFailureAdapterFixture-Swift.h	995ea21efb53627505e91a3edc7ea4e17c8722cb3a95a1752514dfeda3c79221
build/swiftpm/arm64-apple-macosx/release/GiftUICapabilityFailureAdapterFixture-tool.build/include/module.modulemap	eb37ad184aa4b544daf811c003cb7788f4e6fc7aea22b4b1ca3270ab7f019c2c
build/swiftpm/arm64-apple-macosx/release/GiftUICapabilityFailureAdapterFixture-tool.build/output-file-map.json	c455253bc61ba2154ab188896a97821310a99823744403c8570f7183d5c5ab60
build/swiftpm/arm64-apple-macosx/release/GiftUICapabilityFailureAdapterFixture-tool.build/sources	749027b898b80f7c9a7976605a2090a1ad98eeb5781e4db57b0a5c96a063863e
build/swiftpm/arm64-apple-macosx/release/GiftUICapabilityFailureAdapterTests-tool.build/output-file-map.json	91f2cbadf7ed53ea61bd7520b35868afb7d8679244f614e62f915361e0e4652d
build/swiftpm/arm64-apple-macosx/release/GiftUIDisplayCore-tool.build/DisplayContracts.swift.o	a1bfde6eb00d0482baf2684145a167b0395538cb4dcd68fc281717937e203aa7
build/swiftpm/arm64-apple-macosx/release/GiftUIDisplayCore-tool.build/GiftUIDisplayCore.d	d26268bed416cf5f4136396845d23501d7007c9c3e5edba859bc5fab604243f6
build/swiftpm/arm64-apple-macosx/release/GiftUIDisplayCore-tool.build/GiftUIDisplayCore.dia	2c72d5afff8cce441f2f8299a18215b0bf79605aa7eb05839e38f7949b46c0e2
build/swiftpm/arm64-apple-macosx/release/GiftUIDisplayCore-tool.build/SurfaceDisplayContributionAdapter.swift.o	fd501de5dc72fe63b2dded25bdc4032c96877825eb1ddf0044ac0518ce0197fc
build/swiftpm/arm64-apple-macosx/release/GiftUIDisplayCore-tool.build/include/GiftUIDisplayCore-Swift.h	eda77275e65446be1f54f20b04890429b3729848b4863191d2874f26e88fe58d
build/swiftpm/arm64-apple-macosx/release/GiftUIDisplayCore-tool.build/include/module.modulemap	dba6788febc914a031bbb7a397d45f16cb61780481d1396ba98de6706d76f178
build/swiftpm/arm64-apple-macosx/release/GiftUIDisplayCore-tool.build/output-file-map.json	2b2c681ddeb2be859cfe0864f10cf766fdd23253ff4745a77ba11d4fca4d99b0
build/swiftpm/arm64-apple-macosx/release/GiftUIDisplayCore-tool.build/sources	6b5406274d8fb531b8465dfe752b45337de183d82199d7c744e4e4865ed918a1
build/swiftpm/arm64-apple-macosx/release/GiftUIDisplayCoreTests-tool.build/output-file-map.json	81e5a4aa625aac243fee59f498d87bcb77e6ea149a1e3028c1cb2240558aa2d3
build/swiftpm/arm64-apple-macosx/release/GiftUIDrawing-tool.build/CanvasInvocationSource.swift.o	6a3e28d1ed677f8506eb81204216841190938f450c036f7e03913c80ab9013c5
build/swiftpm/arm64-apple-macosx/release/GiftUIDrawing-tool.build/CanvasPlanProducer.swift.o	cf164746613143d09c2ae4a2d3527a988ca58a9808ef888771a8d90e88c5e96f
build/swiftpm/arm64-apple-macosx/release/GiftUIDrawing-tool.build/CanvasRenderProducer.swift.o	0c5ab739255251ebebf89945068febdaa78bea16eeb4665832ce57051724c0fe
build/swiftpm/arm64-apple-macosx/release/GiftUIDrawing-tool.build/DrawingLimits.swift.o	2cf316b7d371130cffe0e67fb3a40aba9f424846614ff21b317b2d3917f2bbce
build/swiftpm/arm64-apple-macosx/release/GiftUIDrawing-tool.build/DrawingPlan.swift.o	adbd681ef363cb9864fc07bafb5d3c21d4f380dfc157b845adc3f7a335c435b2
build/swiftpm/arm64-apple-macosx/release/GiftUIDrawing-tool.build/DrawingValues.swift.o	1117d0afa74d767b9682d2520409da083160be0e4a391046a3cd155825ec61d0
build/swiftpm/arm64-apple-macosx/release/GiftUIDrawing-tool.build/GiftUIDrawing.d	5c1d54f9c781f0afb58f6cad193702446afc784e824f17e380b3f9784de233e8
build/swiftpm/arm64-apple-macosx/release/GiftUIDrawing-tool.build/GiftUIDrawing.dia	2c72d5afff8cce441f2f8299a18215b0bf79605aa7eb05839e38f7949b46c0e2
build/swiftpm/arm64-apple-macosx/release/GiftUIDrawing-tool.build/GiftUIDrawing.swift.o	7b81b0b2914aa85961a6157f6c6365a3b217b56a1cc4d57fae5e124d209d5465
build/swiftpm/arm64-apple-macosx/release/GiftUIDrawing-tool.build/PathConstruction.swift.o	cc3adf1ca4cca1c375f73e64f27e1c8c873c750f96dcc8028aaea08d5c913a0d
build/swiftpm/arm64-apple-macosx/release/GiftUIDrawing-tool.build/StaticCanvasCallableTable.swift.o	83c01b8208f9458681c39abd3ec63e326b8ea4d6811be933d2856c90ae64d79b
build/swiftpm/arm64-apple-macosx/release/GiftUIDrawing-tool.build/StrokeSnapshot.swift.o	aca4487fa6882c697f8fbfd4a4444df1a4f0fc83a1f627f4d9bd662c3b1936cb
build/swiftpm/arm64-apple-macosx/release/GiftUIDrawing-tool.build/include/GiftUIDrawing-Swift.h	bea116b99217682202ba00369d07d0e40d2054a60f9a7b3563a7a6c18a18aee4
build/swiftpm/arm64-apple-macosx/release/GiftUIDrawing-tool.build/include/module.modulemap	4498ed3a050a04aebb9e1410298504c4f492ed669e1c09d70f81878b9c369174
build/swiftpm/arm64-apple-macosx/release/GiftUIDrawing-tool.build/output-file-map.json	d9b5a73f05bc8052d7d0138a483ff35bb0ef4a6be719a4428dc59a2edeceb281
build/swiftpm/arm64-apple-macosx/release/GiftUIDrawing-tool.build/sources	26e4362166c465faf22723279d85bbb67eb0a8a63914e55d532cea5d648aae76
build/swiftpm/arm64-apple-macosx/release/GiftUIDrawingFailureAdapterFixture-tool.build/GiftUIDrawingFailureAdapterFixture.d	7aded3e151522f8cc733783154a927d5351ef51fb2647f92d2f3ccbefca61c56
build/swiftpm/arm64-apple-macosx/release/GiftUIDrawingFailureAdapterFixture-tool.build/GiftUIDrawingFailureAdapterFixture.dia	2c72d5afff8cce441f2f8299a18215b0bf79605aa7eb05839e38f7949b46c0e2
build/swiftpm/arm64-apple-macosx/release/GiftUIDrawingFailureAdapterFixture-tool.build/GiftUIDrawingFailureAdapterFixture.swift.o	7345dd1a4df2dbd1c166de835f972df3eb1cfdf8dbe7a2f93b96b72ebd82a1f3
build/swiftpm/arm64-apple-macosx/release/GiftUIDrawingFailureAdapterFixture-tool.build/include/GiftUIDrawingFailureAdapterFixture-Swift.h	1bef5b9be06c3e2f9f3c96e883ff898e0192a77b733939b0032bef40d4bfca4b
build/swiftpm/arm64-apple-macosx/release/GiftUIDrawingFailureAdapterFixture-tool.build/include/module.modulemap	b1d8adbcd818b01d85058bd4ee35cc9904806285b1032531f7e6c2c00499c6eb
build/swiftpm/arm64-apple-macosx/release/GiftUIDrawingFailureAdapterFixture-tool.build/output-file-map.json	843897cdf70cbf7dd1ad401459809f473aa39092b9d029c8ce045f1ac7c8db13
build/swiftpm/arm64-apple-macosx/release/GiftUIDrawingFailureAdapterFixture-tool.build/sources	16cbe44acc919257e182aa592cb216b819240e4e03b476165881c35506e345e5
build/swiftpm/arm64-apple-macosx/release/GiftUIDrawingTests-tool.build/output-file-map.json	1ada73e573bdb2ae7b4ef2713ee59a60d18cba48d167742272ba6783397a1bed
build/swiftpm/arm64-apple-macosx/release/GiftUIDynamicConveniences-tool.build/DynamicCanvas.swift.o	b514813aa38a307ec1ce216f0f197f69ac9a8cf031d0fd9d58cf590fbfd16b60
build/swiftpm/arm64-apple-macosx/release/GiftUIDynamicConveniences-tool.build/GiftUIDynamicConveniences.d	3abe223f1cad4dacd0659b09e570810458e6f65b411255516e71a34b8a54fec0
build/swiftpm/arm64-apple-macosx/release/GiftUIDynamicConveniences-tool.build/GiftUIDynamicConveniences.dia	2c72d5afff8cce441f2f8299a18215b0bf79605aa7eb05839e38f7949b46c0e2
build/swiftpm/arm64-apple-macosx/release/GiftUIDynamicConveniences-tool.build/include/GiftUIDynamicConveniences-Swift.h	6f520614ff2325f27a07bcbee27f1d3ae2ded3fcc304084750337f2428dc8cba
build/swiftpm/arm64-apple-macosx/release/GiftUIDynamicConveniences-tool.build/include/module.modulemap	e0c383238638c75300252409d28c731114e060d2c7b5fee8ff747cd28cab692b
build/swiftpm/arm64-apple-macosx/release/GiftUIDynamicConveniences-tool.build/output-file-map.json	6c0d257961f08de9c780540b73bf39965d4b6a338202a1805f131dcdf6b61939
build/swiftpm/arm64-apple-macosx/release/GiftUIDynamicConveniences-tool.build/sources	009a3310b9836bd5cc4735fc44d145cdba9e73e0c43a02f9c9ee7fba0d114f51
build/swiftpm/arm64-apple-macosx/release/GiftUIExecution-tool.build/AdmissionValues.swift.o	9fbd982d9d354a535b1e69e73092d2e806cf2235e2bb2131c60e0f409104df37
build/swiftpm/arm64-apple-macosx/release/GiftUIExecution-tool.build/ExecutionAdmissionController.swift.o	8a9f2d542283351829fb681aff0fdafa690408b580118bbb349038b614736f91
build/swiftpm/arm64-apple-macosx/release/GiftUIExecution-tool.build/ExecutionAdmissionSealTransaction.swift.o	114313da5c8388239bb97d063e56b768d630e151edfa5826d99d13909d9852fd
build/swiftpm/arm64-apple-macosx/release/GiftUIExecution-tool.build/ExecutionAdmissionSealer.swift.o	a5a3ccfe179b01b858c6d5997b8f0381a4a75e2dbee49853fda9c7f47dfb7297
build/swiftpm/arm64-apple-macosx/release/GiftUIExecution-tool.build/ExecutionMutationBatch.swift.o	8590b05a3014ea875fcd7492c1567fc151a9d08f407aec70711d0b980814175a
build/swiftpm/arm64-apple-macosx/release/GiftUIExecution-tool.build/ExecutionOpportunityRunner.swift.o	e8de3f1da015d323c9be87ac33c89cd857ea95278dea8d47fe0d03f427ef29e6
build/swiftpm/arm64-apple-macosx/release/GiftUIExecution-tool.build/ExecutionPhaseMachine.swift.o	8825f43a61848a95e7154ed9935bb7d1aa0bb9aecf23b4b151ad00573e40a75d
build/swiftpm/arm64-apple-macosx/release/GiftUIExecution-tool.build/ExecutionValues.swift.o	14c33f2b9506bb3f3d198fc36ecf90cc86e72b880e24c8d8c9a8cf1554463e84
build/swiftpm/arm64-apple-macosx/release/GiftUIExecution-tool.build/ExecutionWakeAccumulator.swift.o	883eaf8d3ac5f9ef5773f76a962a329f7eba6b6177fe399acacfd61102f83410
build/swiftpm/arm64-apple-macosx/release/GiftUIExecution-tool.build/FrameHandoffValues.swift.o	438c597edca3f9124c65388070a342ab49e9f504fa611f24bbce8e9a3fa2e4dd
build/swiftpm/arm64-apple-macosx/release/GiftUIExecution-tool.build/FrameOfferNormalization.swift.o	9cfea57b930809e231331fb6782cdddbeae7c62366cbdfca661b53d9c004cfb5
build/swiftpm/arm64-apple-macosx/release/GiftUIExecution-tool.build/GiftUIExecution.d	ab47b539f13ef850b42bfc8a39c91441788204effde8c18a631ef37a15324391
build/swiftpm/arm64-apple-macosx/release/GiftUIExecution-tool.build/GiftUIExecution.dia	2c72d5afff8cce441f2f8299a18215b0bf79605aa7eb05839e38f7949b46c0e2
build/swiftpm/arm64-apple-macosx/release/GiftUIExecution-tool.build/IdentityAllocators.swift.o	7a0252cf4de7ec09d8dad0ec16b90b7e8772134cfe1112265ec48ad1244b1bf5
build/swiftpm/arm64-apple-macosx/release/GiftUIExecution-tool.build/InputSourceSequenceState.swift.o	366f22f295f859bb37298d4fe0e02d96f4c332ad4351e57bd453dee1d645b55c
build/swiftpm/arm64-apple-macosx/release/GiftUIExecution-tool.build/PointerActionCapture.swift.o	94f2bc8bdde78445b07c0f411e972829e3eea6107e56c32f8c2d25a65ae3b008
build/swiftpm/arm64-apple-macosx/release/GiftUIExecution-tool.build/RecordingCandidateOfferCoordinator.swift.o	db48a61d9990abffac84882c41ee0dd08e7a9a100a132c03db2055ee451fe6f3
build/swiftpm/arm64-apple-macosx/release/GiftUIExecution-tool.build/RecordingCycleCoordinator.swift.o	3a9305e2de970c3796a2437ebb6bc75263393b27306927f0bd0d50b5a320e6ac
build/swiftpm/arm64-apple-macosx/release/GiftUIExecution-tool.build/RecordingCycleFinalizer.swift.o	5a9b436d5bcda69a55a01bacd882522c07da7ea5c8244b772de78f2fe12912c1
build/swiftpm/arm64-apple-macosx/release/GiftUIExecution-tool.build/RecordingDerivationRecovery.swift.o	50633eb5b45362d3d3128e5e07d1e585bdcd25159928afd372ff4c63bac84697
build/swiftpm/arm64-apple-macosx/release/GiftUIExecution-tool.build/RecordingDerivationTransaction.swift.o	c9095b8a38ebdf6c5f84d464c293289020ad83aa2b22ce81d5d95cd190bedabd
build/swiftpm/arm64-apple-macosx/release/GiftUIExecution-tool.build/RecordingFocusedFailureSelection.swift.o	648ec793fc7d00a39b0993700165a124fe539a3200abb3dbbc79682ad9c3c02c
build/swiftpm/arm64-apple-macosx/release/GiftUIExecution-tool.build/RecordingFrameCommitTransaction.swift.o	91a3f22deec68ea09e9c06e39e435fe271f4e2f39c92f1504cded908456274c7
build/swiftpm/arm64-apple-macosx/release/GiftUIExecution-tool.build/RecordingFrameEndpoint.swift.o	1630352814b06976fe9268e537be38b79cb7ba202d7e6e35995f678542387864
build/swiftpm/arm64-apple-macosx/release/GiftUIExecution-tool.build/RecordingMutationBatch.swift.o	59f34cf293dd5fcaf5dea9c89bba8469b1cbd7d1ea76b462952bd6c1eff349a3
build/swiftpm/arm64-apple-macosx/release/GiftUIExecution-tool.build/RecordingPresentationPendingCoordinator.swift.o	010a2a62df7e236541721593ddebf8d9a51c326b21a8b265d3c3994bcd3290c6
build/swiftpm/arm64-apple-macosx/release/GiftUIExecution-tool.build/RecordingPresentationTerminalRecovery.swift.o	25ad7ec9007a8cffbf2b8d3768fcc1c5c906b1869cccace1fc07d706c0fc2432
build/swiftpm/arm64-apple-macosx/release/GiftUIExecution-tool.build/RunCycleValues.swift.o	8426c301bdf00221978cb060e69b7ece32f4c69cee99de82e41a99536570855f
build/swiftpm/arm64-apple-macosx/release/GiftUIExecution-tool.build/WakeValues.swift.o	94c18bb725f5ca63b33f592101dcb800b6cb610a1d24ee5977858808b9450271
build/swiftpm/arm64-apple-macosx/release/GiftUIExecution-tool.build/include/GiftUIExecution-Swift.h	0167cada02a06c793f57e938e95134df3f7b8e0db1784850d02bf393fa5c68e9
build/swiftpm/arm64-apple-macosx/release/GiftUIExecution-tool.build/include/module.modulemap	9419df48dd42b2646b30ad959987483edc1be000546ef4add7a5525820949250
build/swiftpm/arm64-apple-macosx/release/GiftUIExecution-tool.build/output-file-map.json	8ebb3e4cc25b9941a67800739e881f86a402ea3236f10add9bbb6f14d93e6545
build/swiftpm/arm64-apple-macosx/release/GiftUIExecution-tool.build/sources	a2752ecb0c45bf2199a7e5f76071198519459d6afb5e1b9b07c49283c4b64d64
build/swiftpm/arm64-apple-macosx/release/GiftUIExecutionTests-tool.build/output-file-map.json	8ee4890bc18cfda0917f5857e0379c4cb098d147bca1206a14974a69a86b3e21
build/swiftpm/arm64-apple-macosx/release/GiftUIFailureCore-tool.build/GiftUIFailureCore.d	d732cc323230aac89081a3d6e255e475e9449d3843e4e29dde88fb5156735f0a
build/swiftpm/arm64-apple-macosx/release/GiftUIFailureCore-tool.build/GiftUIFailureCore.dia	2c72d5afff8cce441f2f8299a18215b0bf79605aa7eb05839e38f7949b46c0e2
build/swiftpm/arm64-apple-macosx/release/GiftUIFailureCore-tool.build/GiftUIFailureCore.swift.o	dda7222776184d643e83e0a9e90c0a10a0ccc7bc0f16ddd2c63169087770868e
build/swiftpm/arm64-apple-macosx/release/GiftUIFailureCore-tool.build/include/GiftUIFailureCore-Swift.h	00aebc43dbc0f5e4dd0c91d290a5134d21e70a678e83bdf4b5c3f3b756ef9151
build/swiftpm/arm64-apple-macosx/release/GiftUIFailureCore-tool.build/include/module.modulemap	5f42a8a1e4d80d8414c5b81cac6e008f18eb7a3767d8c8cb30bba123709e0212
build/swiftpm/arm64-apple-macosx/release/GiftUIFailureCore-tool.build/output-file-map.json	d0415d933141e67ad09179b53a6474c0e5350a91362c04c8e8bb2292bc0c3e19
build/swiftpm/arm64-apple-macosx/release/GiftUIFailureCore-tool.build/sources	e93a61ff9daec0a29293f62049bca4740d8b87d0e352ca6c9987e2b4cd5c824c
build/swiftpm/arm64-apple-macosx/release/GiftUIFailureCoreTests-tool.build/output-file-map.json	4c176b6fbf0f19127bd1cc60fe4f54d91946ef5e4e033e7def1ddad21555e9b5
build/swiftpm/arm64-apple-macosx/release/GiftUIFailureDiagnostics-tool.build/GiftUIDiagnosticProjector.swift.o	fdc49c0ab839999d2368088df97f814077f09a589291f208a22e43397ffdca25
build/swiftpm/arm64-apple-macosx/release/GiftUIFailureDiagnostics-tool.build/GiftUIFailureDiagnostics.d	8cd057aaa232af5acfd2234132cc784f09fb2e49c53523c2317f9173e8ac4087
build/swiftpm/arm64-apple-macosx/release/GiftUIFailureDiagnostics-tool.build/GiftUIFailureDiagnostics.dia	2c72d5afff8cce441f2f8299a18215b0bf79605aa7eb05839e38f7949b46c0e2
build/swiftpm/arm64-apple-macosx/release/GiftUIFailureDiagnostics-tool.build/GiftUIFixedDiagnosticBuffer.swift.o	6e17f75940ac9a715abe9b95fa8e009c32f3cf2e5d4a53b28ec09a14398e8792
build/swiftpm/arm64-apple-macosx/release/GiftUIFailureDiagnostics-tool.build/include/GiftUIFailureDiagnostics-Swift.h	a822a9cbc287819bf0912f18885a46c2aae82d3c22fd9dffc0baede9c7b492c6
build/swiftpm/arm64-apple-macosx/release/GiftUIFailureDiagnostics-tool.build/include/module.modulemap	e13f38c68e0e354052c6fe0c9640dca7bad2f909a3c5c29013d172f6f8645d51
build/swiftpm/arm64-apple-macosx/release/GiftUIFailureDiagnostics-tool.build/output-file-map.json	122ba7c5af5737ab09a9b5bbb9ca59e1b5feb59622a1769040ee6e9dc5d53898
build/swiftpm/arm64-apple-macosx/release/GiftUIFailureDiagnostics-tool.build/sources	eff03abc65af2033bdb86c07c17c32159254c067125cc2c7277fc3293a224cc8
build/swiftpm/arm64-apple-macosx/release/GiftUIFailureDiagnosticsTests-tool.build/output-file-map.json	d4bbdaf002d1d805728860aa773f66e374ef44fab41b9863d923b8bf35a289e6
build/swiftpm/arm64-apple-macosx/release/GiftUIFailureExecution-tool.build/GiftUICorrelatedFailure.swift.o	2de7655832d07578348fb5a74da81462f21f983d68338d5a0020c2a822597444
build/swiftpm/arm64-apple-macosx/release/GiftUIFailureExecution-tool.build/GiftUIFailureExecution.d	0e653e108c5df9b27eae813629dd257c6c2b0ba757b898491a2193ccc100d147
build/swiftpm/arm64-apple-macosx/release/GiftUIFailureExecution-tool.build/GiftUIFailureExecution.dia	2c72d5afff8cce441f2f8299a18215b0bf79605aa7eb05839e38f7949b46c0e2
build/swiftpm/arm64-apple-macosx/release/GiftUIFailureExecution-tool.build/GiftUIFailureExecution.swift.o	0fd6ba32114a9da614a881d756274c359b8fb5e67bc5704e35395dbf50d7d75d
build/swiftpm/arm64-apple-macosx/release/GiftUIFailureExecution-tool.build/include/GiftUIFailureExecution-Swift.h	ee966e1cda915e604726da21e90754e9891260b437edd5e605660ac923021514
build/swiftpm/arm64-apple-macosx/release/GiftUIFailureExecution-tool.build/include/module.modulemap	ff93854caa80c52856770e317966efe04d434f3e955df959f72da84fb97892e0
build/swiftpm/arm64-apple-macosx/release/GiftUIFailureExecution-tool.build/output-file-map.json	728fb43b7d5bfde5b5d1fd04c11ecd5171c775a23663fd28676b3249ef122da5
build/swiftpm/arm64-apple-macosx/release/GiftUIFailureExecution-tool.build/sources	b67a9cbb2f3b2b21d73b45ce463ccb588b7903297ec8c79797cd1fb185689495
build/swiftpm/arm64-apple-macosx/release/GiftUIFailureExecutionTests-tool.build/output-file-map.json	baf53808c54750b82b5c7ad069be139c5ef33d4a1d58bc2e51c16db7af00a7fa
build/swiftpm/arm64-apple-macosx/release/GiftUIFoundationFailureAdapterTests-tool.build/output-file-map.json	8034c297b10165d43eb9bd5cd06ccb299510d2aeaaa41d7a1219540817218652
build/swiftpm/arm64-apple-macosx/release/GiftUIHostConfiguration-tool.build/CheckedMVPHostConfigurationValidator.swift.o	c946bc02da042d99cfe261ad1734f208a863932cde8a9384cad6591027da0760
build/swiftpm/arm64-apple-macosx/release/GiftUIHostConfiguration-tool.build/GiftUIHostConfiguration.d	326304ee1714e25682481a07abafffdfb876cb7613e9add3a1b01cc266819105
build/swiftpm/arm64-apple-macosx/release/GiftUIHostConfiguration-tool.build/GiftUIHostConfiguration.dia	2c72d5afff8cce441f2f8299a18215b0bf79605aa7eb05839e38f7949b46c0e2
build/swiftpm/arm64-apple-macosx/release/GiftUIHostConfiguration-tool.build/HostActivationController.swift.o	f149e66e538368a5a20452d6eb31204fe312ad292d67f02f1036c380c0d0f901
build/swiftpm/arm64-apple-macosx/release/GiftUIHostConfiguration-tool.build/HostApplicationOpportunityGate.swift.o	77b31e4043b3e4c29cdeb031eb44198e11b2406e7b0caea9b85220ded477dc67
build/swiftpm/arm64-apple-macosx/release/GiftUIHostConfiguration-tool.build/HostApplicationStartupValidation.swift.o	2f0b69b21cb9d053885a59e1d7ca282487ba655ca9d31d8980adcecdaa64b137
build/swiftpm/arm64-apple-macosx/release/GiftUIHostConfiguration-tool.build/HostComponentGraphValidation.swift.o	56e247befa994c1b0236a311a0983156dd4d63d8c4836668c1ad1cf80c51e6a6
build/swiftpm/arm64-apple-macosx/release/GiftUIHostConfiguration-tool.build/HostConfigurationResults.swift.o	bef778d4d119d075e505fc0d533b3c018a8939ad13338b58a7260a38aaf9ece2
build/swiftpm/arm64-apple-macosx/release/GiftUIHostConfiguration-tool.build/HostConfigurationValues.swift.o	bb0d5a65809289c9d834b40fbb69d3e8fb2ee954679c73fd157f07aacf72530e
build/swiftpm/arm64-apple-macosx/release/GiftUIHostConfiguration-tool.build/HostEndpointHealthController.swift.o	58c6b68727bfd1983f41f86a4420ec0e33928417778442bf4aca0d243fe8a73b
build/swiftpm/arm64-apple-macosx/release/GiftUIHostConfiguration-tool.build/HostEndpointStartupValidation.swift.o	2b1384d150c1e9269ee78c5893034f26d82720f610c380e7487b9ff607d06f35
build/swiftpm/arm64-apple-macosx/release/GiftUIHostConfiguration-tool.build/HostFailureAdapter.swift.o	8b218716082c46710f4e6722b46cb44baa36e0fdad41d99910e18b0ba4985ca6
build/swiftpm/arm64-apple-macosx/release/GiftUIHostConfiguration-tool.build/HostNormalizedInputGate.swift.o	2aa5fd77f36170bf2844477f2921b36e41c4758550e3d086655317f051e9b937
build/swiftpm/arm64-apple-macosx/release/GiftUIHostConfiguration-tool.build/HostPresentationRecovery.swift.o	2a5eae0d3bfbdd3398083cb87840752eec2eb131777ed8857a4b9e2f4eb7eeed
build/swiftpm/arm64-apple-macosx/release/GiftUIHostConfiguration-tool.build/HostPresetBootstrap.swift.o	3ee00d9bf9c640b3d5f02be5ed967434b1e9559c43753b06f547545e3e198628
build/swiftpm/arm64-apple-macosx/release/GiftUIHostConfiguration-tool.build/HostResidualFailureRouting.swift.o	b058e61cb902cf3dc9d7385adddd20db1ba29a155d40fc012d1f4ae85a7dbb04
build/swiftpm/arm64-apple-macosx/release/GiftUIHostConfiguration-tool.build/HostResidualPolicyContracts.swift.o	21ce82deb70e007bab38df5328b2cd1875c029b7f41903fa3bf459c1d0067493
build/swiftpm/arm64-apple-macosx/release/GiftUIHostConfiguration-tool.build/HostResidualPolicyTableValidation.swift.o	497a26a37b13ce81a4375e778a571fa6a07e0b9185dadf8554e6651983753d90
build/swiftpm/arm64-apple-macosx/release/GiftUIHostConfiguration-tool.build/HostScheduledOpportunityController.swift.o	5375e349508e5c58173dc2bc2ee9bab6f62dc242ce9551529046a5401ec077c2
build/swiftpm/arm64-apple-macosx/release/GiftUIHostConfiguration-tool.build/HostSequencedFactAdmission.swift.o	e417f5bf5031a87fb7f424acef6e0bc287ff17168b980c1737d8657ebbfaa8d3
build/swiftpm/arm64-apple-macosx/release/GiftUIHostConfiguration-tool.build/HostWakePacingController.swift.o	61701f08a8bc7ef6157074d7b4967957a030af6354ed8d3a7fa443f9d3ec191b
build/swiftpm/arm64-apple-macosx/release/GiftUIHostConfiguration-tool.build/SignalAnalyzerDrawingStartupValidation.swift.o	238cdffe59bd4ca38b5403cd2a268aa3b2df24da8a587a8bbdd61748c19881c8
build/swiftpm/arm64-apple-macosx/release/GiftUIHostConfiguration-tool.build/SignalAnalyzerPresetHostInstance.swift.o	20b3b9fc5346c4e4346e497fd7d54d4102c64ebb3e73931b233c1e08f7ccd8ce
build/swiftpm/arm64-apple-macosx/release/GiftUIHostConfiguration-tool.build/SignalAnalyzerPresets.generated.swift.o	bed070f7f7cdd47856d0b709cf7123f4ea4b8a9a9de2a064440b2bccf2ac8d64
build/swiftpm/arm64-apple-macosx/release/GiftUIHostConfiguration-tool.build/SignalAnalyzerWorkloadStartupValidation.swift.o	7b9eba84479ec860ed8705ca38084da5b57b69e071d1f67bbb9d84608a27e6b5
build/swiftpm/arm64-apple-macosx/release/GiftUIHostConfiguration-tool.build/include/GiftUIHostConfiguration-Swift.h	df032ee128b717d13355ee81c3f5fb3bbf793f9f202b007ff26ffc2b9bd5c611
build/swiftpm/arm64-apple-macosx/release/GiftUIHostConfiguration-tool.build/include/module.modulemap	a04078469920905f4dfa40cc3679a5d1cd11918d5fc3466bee6aa4f715e48129
build/swiftpm/arm64-apple-macosx/release/GiftUIHostConfiguration-tool.build/output-file-map.json	00c2e41a5ea8fecfb3064a8ea804bd95c0c0ce09735f8a284272f8663978c91e
build/swiftpm/arm64-apple-macosx/release/GiftUIHostConfiguration-tool.build/sources	e62a60cc0cb58ef37006107c10ec6fd4b3b0f7c4ef00b75e5ce6e2a7c1b49c00
build/swiftpm/arm64-apple-macosx/release/GiftUIHostConfigurationTests-tool.build/output-file-map.json	a589ea1f9801e41e3cfa40ff4d638528834d71ee8b8e848d5a6face4b257bb03
build/swiftpm/arm64-apple-macosx/release/GiftUIInteraction-tool.build/EffectiveActionEnabledState.swift.o	9adab8ec1836cc4b5d01ec1cddc9c5d2470706f94c92b72e3af2ec17b4761d4a
build/swiftpm/arm64-apple-macosx/release/GiftUIInteraction-tool.build/ExecutionGestureAdapter.swift.o	05132d18c1ea4e0b906fb8e85f5318c812f21b4963c378d91cc6c6b1a2aaefae
build/swiftpm/arm64-apple-macosx/release/GiftUIInteraction-tool.build/GiftUIInteraction.d	62bd6df370d756f5f4b50b137e5cdb8952ced97c817859e0f704e0c486b2a2cc
build/swiftpm/arm64-apple-macosx/release/GiftUIInteraction-tool.build/GiftUIInteraction.dia	2c72d5afff8cce441f2f8299a18215b0bf79605aa7eb05839e38f7949b46c0e2
build/swiftpm/arm64-apple-macosx/release/GiftUIInteraction-tool.build/InteractionFailurePrecedence.swift.o	2d959ce76284303ab142cae87eb2a2aca2dc0c58c25a4afdd4a86b67315517e2
build/swiftpm/arm64-apple-macosx/release/GiftUIInteraction-tool.build/InteractionState.swift.o	e142026e1a530337265424c34a9cb657160d142f9ca9f5d842ed84a13a5184b7
build/swiftpm/arm64-apple-macosx/release/GiftUIInteraction-tool.build/InteractionStorage.swift.o	5e424dc245d01f807b405f39b244f36c1a8f7e387fa8e2be51c62c704dfd62e8
build/swiftpm/arm64-apple-macosx/release/GiftUIInteraction-tool.build/InteractionValues.swift.o	9d20365e40558096eed0a94fe8a94f8a07abda4df7afc6fa12c7fee2c1e7254f
build/swiftpm/arm64-apple-macosx/release/GiftUIInteraction-tool.build/include/GiftUIInteraction-Swift.h	db914067a6e673d141a3cf668d9809acd625a8dda42d5134b1a4bfbf898ffc46
build/swiftpm/arm64-apple-macosx/release/GiftUIInteraction-tool.build/include/module.modulemap	088f5359c8cef66f39e17f6664b1f4040d78a139a0896e84ccd0b4eded59aaaf
build/swiftpm/arm64-apple-macosx/release/GiftUIInteraction-tool.build/output-file-map.json	1fcff22d161f379fee7d4e712f4a946e3b0aae4a9843a2b9cd736ee943cf76b1
build/swiftpm/arm64-apple-macosx/release/GiftUIInteraction-tool.build/sources	e3b54b03ba8ee6a89dee9e8ac9af88e1ae60f0e6ee8303accea1ce4b2fed6f5b
build/swiftpm/arm64-apple-macosx/release/GiftUIInteractionFailureAdapterFixture-tool.build/GiftUIInteractionFailureAdapterFixture.d	7c38accb07ea41c3f63c457e30ca3bf7f7d5ba2960320073f8a859253c7c9994
build/swiftpm/arm64-apple-macosx/release/GiftUIInteractionFailureAdapterFixture-tool.build/GiftUIInteractionFailureAdapterFixture.dia	2c72d5afff8cce441f2f8299a18215b0bf79605aa7eb05839e38f7949b46c0e2
build/swiftpm/arm64-apple-macosx/release/GiftUIInteractionFailureAdapterFixture-tool.build/InteractionFailureAdapter.swift.o	7411e02a9c287a976803b56a20f719068058565bee77e7ed4ca37a9e8f216891
build/swiftpm/arm64-apple-macosx/release/GiftUIInteractionFailureAdapterFixture-tool.build/InteractionFailureContainment.swift.o	5ca36f8ae0de24cc469f505be12a1a2ae1c6eef25728d4103cf8bfd679cf12e7
build/swiftpm/arm64-apple-macosx/release/GiftUIInteractionFailureAdapterFixture-tool.build/include/GiftUIInteractionFailureAdapterFixture-Swift.h	29fd004db70a2f146aa66a2f0ef672231674dfffc2576ab6eb16b194ce9ed350
build/swiftpm/arm64-apple-macosx/release/GiftUIInteractionFailureAdapterFixture-tool.build/include/module.modulemap	362c1a8598f2ca46ac55f28ff8f11fbfd693401c265a3ea859e7b6e271941f41
build/swiftpm/arm64-apple-macosx/release/GiftUIInteractionFailureAdapterFixture-tool.build/output-file-map.json	7e51c5f68d5f0e657f667c34de5854507f1539d243ae35d5bddc9917f3098cf4
build/swiftpm/arm64-apple-macosx/release/GiftUIInteractionFailureAdapterFixture-tool.build/sources	5c1d9e47dc048f028e118c14e7d2ccd4217f89301abd5e25571c81764a575d01
build/swiftpm/arm64-apple-macosx/release/GiftUIInteractionFailureAdapterTests-tool.build/output-file-map.json	26ff6ad4f069a89e538fe5d94911f20c56bc3fc989be935383481ebe5edd03d0
build/swiftpm/arm64-apple-macosx/release/GiftUIInteractionTests-tool.build/output-file-map.json	cf723d23861202cfc8dd80694f081a7020c50bf547ecfcb9ee6fdc208facab24
build/swiftpm/arm64-apple-macosx/release/GiftUILayout-tool.build/GiftUILayout.d	8c5615dd30220d3e932547e1b4be485ebfb3fa2061b91cb06f484176daa6394a
build/swiftpm/arm64-apple-macosx/release/GiftUILayout-tool.build/GiftUILayout.dia	2c72d5afff8cce441f2f8299a18215b0bf79605aa7eb05839e38f7949b46c0e2
build/swiftpm/arm64-apple-macosx/release/GiftUILayout-tool.build/Layout.swift.o	253ea0ceac7fdf988b0af2bc0fb8c5441492e8d7091ec7f66f2cbc9d586cade1
build/swiftpm/arm64-apple-macosx/release/GiftUILayout-tool.build/LayoutCounters.swift.o	8a53c0db283e645b7e521ea4bea3bab829af791304ba1f805f27b2bf897d4f2e
build/swiftpm/arm64-apple-macosx/release/GiftUILayout-tool.build/LayoutEngine.swift.o	f5a195dfdd50ad1f5b7afd65cd825c22c1eba7287f32c84d21cc5e18d94b234a
build/swiftpm/arm64-apple-macosx/release/GiftUILayout-tool.build/LayoutError.swift.o	6c64f871747403347450a042d489a83f8154c1a3887da20e0b460cfae96faf02
build/swiftpm/arm64-apple-macosx/release/GiftUILayout-tool.build/LayoutGeometry.swift.o	4fd2471fcaa5e38256555abc496ad6506f7de6321d8edb9e2a92bad66b1ba8a6
build/swiftpm/arm64-apple-macosx/release/GiftUILayout-tool.build/LayoutPublication.swift.o	3ef06a71da5f5171717c4a410aec9b5c0a4816ccffcd639874ebe689968c6c5a
build/swiftpm/arm64-apple-macosx/release/GiftUILayout-tool.build/LayoutResultSink.swift.o	a63c284e80d565dece57a52a876c5f3d3cb5b34bd39fbd88e9c1e15d454ca943
build/swiftpm/arm64-apple-macosx/release/GiftUILayout-tool.build/LayoutSemanticValidation.swift.o	7799658f968250bf50e8c0c13ec70155fb9b13d909f992612a6307d7f32bc57c
build/swiftpm/arm64-apple-macosx/release/GiftUILayout-tool.build/LayoutValues.swift.o	3561c72d723d73c8615c53f58608e9d3e36abae66226b7c02bd2ccaa8430ad14
build/swiftpm/arm64-apple-macosx/release/GiftUILayout-tool.build/LayoutWorkspace.swift.o	e2779e3829d5edb13560053233902ea209f70b76f016506a30e86169ff1dd448
build/swiftpm/arm64-apple-macosx/release/GiftUILayout-tool.build/ResolvedRenderLayoutView.swift.o	636c8c115892667924a07758da951a6740fa015a19255ad3a3f8d85b8e95790f
build/swiftpm/arm64-apple-macosx/release/GiftUILayout-tool.build/include/GiftUILayout-Swift.h	4f5ad8bee8e05e0bac108851a9173684da17c41dee1349b2019956d7666a8068
build/swiftpm/arm64-apple-macosx/release/GiftUILayout-tool.build/include/module.modulemap	12db549618bc14db1bac42beeb625601873e79120e2806b2599851eca9081a50
build/swiftpm/arm64-apple-macosx/release/GiftUILayout-tool.build/output-file-map.json	5f4c28eb9532af56579d4131efcee24da76e45f9713c4ae80a893d394c29ae14
build/swiftpm/arm64-apple-macosx/release/GiftUILayout-tool.build/sources	cb5411dbb9ba2fde4139082eda404c9af84509589104f3f1f593c7a6ddd7e4c5
build/swiftpm/arm64-apple-macosx/release/GiftUILayoutFailureAdapterFixture-tool.build/GiftUILayoutFailureAdapterFixture.d	3fb6d5cc5dd8de31702a9e9a04703fff1fd3b21ebbb60c312d5532d567eb3e95
build/swiftpm/arm64-apple-macosx/release/GiftUILayoutFailureAdapterFixture-tool.build/GiftUILayoutFailureAdapterFixture.dia	2c72d5afff8cce441f2f8299a18215b0bf79605aa7eb05839e38f7949b46c0e2
build/swiftpm/arm64-apple-macosx/release/GiftUILayoutFailureAdapterFixture-tool.build/LayoutFailureAdapter.swift.o	907f0bf678db41f5b1999b3ef0d40bcfdf1cb7a8637be65967f9c2865595a22a
build/swiftpm/arm64-apple-macosx/release/GiftUILayoutFailureAdapterFixture-tool.build/include/GiftUILayoutFailureAdapterFixture-Swift.h	c1925784808aa24de979ca717c7fe230d38ca9dfd5de960dc420d769407292ef
build/swiftpm/arm64-apple-macosx/release/GiftUILayoutFailureAdapterFixture-tool.build/include/module.modulemap	2434e03dedec88be845ec6298bfe3e9a640dc95e95df6ab464daee75ccd32ad7
build/swiftpm/arm64-apple-macosx/release/GiftUILayoutFailureAdapterFixture-tool.build/output-file-map.json	d3765eff068b5b7a46f200964b30fc16d3e96a1cfbe81e7ccdc93a6ea8abde60
build/swiftpm/arm64-apple-macosx/release/GiftUILayoutFailureAdapterFixture-tool.build/sources	dc0b7fdd248893e73ceaa18cd718a6807bc8b350d17fa1470d6ee995c6ed60b0
build/swiftpm/arm64-apple-macosx/release/GiftUILayoutFailureAdapterTests-tool.build/output-file-map.json	12c334be882f1713b4b162c05b6b78183fb080e651576909b8f542dbc87003a1
build/swiftpm/arm64-apple-macosx/release/GiftUILayoutTests-tool.build/output-file-map.json	d6e86de7e8349e21c3b6e456ab9b6350422c5b1c6dc2f54d7bfdbca3ac809c26
build/swiftpm/arm64-apple-macosx/release/GiftUIMacros-tool	f08af683f25b1e735e9d83c748f5e174480c196b06ca8c3cabed0544cb5c35b5
build/swiftpm/arm64-apple-macosx/release/GiftUIMacros-tool.build/GiftUIMacros.d	7c6126497d17377d1ae8ae9eaa2a84fbc9f7611dd7e0ccef1d4f0308311760f6
build/swiftpm/arm64-apple-macosx/release/GiftUIMacros-tool.build/GiftUIMacros.dia	2c72d5afff8cce441f2f8299a18215b0bf79605aa7eb05839e38f7949b46c0e2
build/swiftpm/arm64-apple-macosx/release/GiftUIMacros-tool.build/GiftUIMacros.swift.o	453bdc796bf7df68af86232af5cfb5296704da4d03a9bf274e3241839ec39d8b
build/swiftpm/arm64-apple-macosx/release/GiftUIMacros-tool.build/ObservableStateHostMacro.swift.o	2443ce2879afa23c3dcb744b1cb580506ae3628d771a575dde3f6e4fd03b3076
build/swiftpm/arm64-apple-macosx/release/GiftUIMacros-tool.build/output-file-map.json	4b1a29d3c072d9ab06cc3eb38fd52791ff64177c8d0afe88a4b31c3afe9d3b2f
build/swiftpm/arm64-apple-macosx/release/GiftUIMacros-tool.build/sources	1760c37b5bdf05065c7ff51489bebb8eabb413dded9cda6b1eadb3d7acb9b0da
build/swiftpm/arm64-apple-macosx/release/GiftUIMacros-tool.dSYM/Contents/Info.plist	5cd590500becd54cb98d02ec9a86e8f6bfb96a8e44a3b160b13ff93efdfa618e
build/swiftpm/arm64-apple-macosx/release/GiftUIMacros-tool.dSYM/Contents/Resources/DWARF/GiftUIMacros-tool	93e53425f3f8644aa705f65fb1806b663085b36969cd15fcccc21791756ee734
build/swiftpm/arm64-apple-macosx/release/GiftUIMacros-tool.dSYM/Contents/Resources/Relocations/aarch64/GiftUIMacros-tool.yml	8bd92430b2e11e3ec021dd52a32bb9e9a748358d1110b2658427b07c31894751
build/swiftpm/arm64-apple-macosx/release/GiftUIMacros-tool.product/Objects.LinkFileList	97014010393007f2d16a3e58e0bfb3e479ab1b6393a7cafd0df7477ab9a4ce91
build/swiftpm/arm64-apple-macosx/release/GiftUIMacrosTests-tool.build/output-file-map.json	6cd8ef296459842184358a6cee606ac07a82bc2c1e94d91d85f7f78b7fa8858c
build/swiftpm/arm64-apple-macosx/release/GiftUIObservableState-tool.build/GiftUIObservableState.d	ffbb768d2ee0500d1496a909f06572a066b1c54dc110e52b0e9d97e2e6e13fbe
build/swiftpm/arm64-apple-macosx/release/GiftUIObservableState-tool.build/GiftUIObservableState.dia	2c72d5afff8cce441f2f8299a18215b0bf79605aa7eb05839e38f7949b46c0e2
build/swiftpm/arm64-apple-macosx/release/GiftUIObservableState-tool.build/ObservableStateAssociationLifecycle.swift.o	0118744d9a2184198acab5dd43254c0e5b3b1f6c1b9d439cda00cc18051a9e5e
build/swiftpm/arm64-apple-macosx/release/GiftUIObservableState-tool.build/ObservableStateAttachmentGenerationAllocator.swift.o	9ddc9207dff56cedcf9af337fa9f2bf2c6072b63d161e8c9cbcdd80dec54b8c2
build/swiftpm/arm64-apple-macosx/release/GiftUIObservableState-tool.build/ObservableStateBindingDecorator.swift.o	88615bcca9f66b41370e485173e5f0e284d5db8080a7bf1dd8b167d1b58174b9
build/swiftpm/arm64-apple-macosx/release/GiftUIObservableState-tool.build/ObservableStateCandidateLifecycle.swift.o	d47c3cf4a7a2903f8fe008fd3771636560a3d527933270841372a87d9d97c578
build/swiftpm/arm64-apple-macosx/release/GiftUIObservableState-tool.build/ObservableStateDirtyDerivation.swift.o	1854cc8cb42676564366bc917c05208eba60d70319c85b24350b608665e1a08e
build/swiftpm/arm64-apple-macosx/release/GiftUIObservableState-tool.build/ObservableStateMutationResultSlot.swift.o	597240d295bc431e39427f3dfd6b3165890593324462e37ba719cb054b774ef7
build/swiftpm/arm64-apple-macosx/release/GiftUIObservableState-tool.build/ObservableStateProtocols.swift.o	06e5c0a708258dd803c6351bd9bb752bc569b89ad53cbd225ec39cd30d69e980
build/swiftpm/arm64-apple-macosx/release/GiftUIObservableState-tool.build/ObservableStateRegistrationBridge.swift.o	6ce0a7294e9331223d402f3fd848b8105c9c4f01f351e6f288c1416ecd27853b
build/swiftpm/arm64-apple-macosx/release/GiftUIObservableState-tool.build/ObservableStateRegistrationLifecycle.swift.o	f7bc553585d8107b38f138a1a44aaaf8253990145fe0daa66ae60e2425bb2749
build/swiftpm/arm64-apple-macosx/release/GiftUIObservableState-tool.build/ObservableStateReplacementBridge.swift.o	0aaedc51f3dd98c47232df609ea8445f54ff8b73f9066824438e6c1ab0b45b0a
build/swiftpm/arm64-apple-macosx/release/GiftUIObservableState-tool.build/ObservableStateReplacementTransaction.swift.o	7337bf2237c0018b16ae8808842d326f30ba0b6b482127410da483d42779d303
build/swiftpm/arm64-apple-macosx/release/GiftUIObservableState-tool.build/ObservableStateReportGuard.swift.o	18ab9fa38691ae4157a3aeba7429cd5a565d9bfb272edeb1eb737f056c0b0e4f
build/swiftpm/arm64-apple-macosx/release/GiftUIObservableState-tool.build/ObservableStateReportRoute.swift.o	cfee595b04bc7f09472dc93396a7de2679abd7ddd46dffa45b3e8d1f548a7310
build/swiftpm/arm64-apple-macosx/release/GiftUIObservableState-tool.build/ObservableStateTargetLifetime.swift.o	e583496052e8a2ebbaefb132dcf3944098fe624ae3bc7f5703d66ee5df83ffd9
build/swiftpm/arm64-apple-macosx/release/GiftUIObservableState-tool.build/ObservableStateTargetLookupSlot.swift.o	af1fc1fb50c6541acc64e549b5085444b699865b631909ba2d30785c8f81764c
build/swiftpm/arm64-apple-macosx/release/GiftUIObservableState-tool.build/ObservableStateValues.swift.o	13ee8aa81d16f7a38d80a6f4fadb46f38ae93847377aed1d132f0ffaed6b62f5
build/swiftpm/arm64-apple-macosx/release/GiftUIObservableState-tool.build/PresentationFactAdmission.swift.o	d6b167116e1e01b498b1a398adbdf1402a9c3c0a24087974d392a04f771e01da
build/swiftpm/arm64-apple-macosx/release/GiftUIObservableState-tool.build/include/GiftUIObservableState-Swift.h	737be4dc594275483276b75c5c72af9ac4d34972d1a747e3014d4e9149e762f5
build/swiftpm/arm64-apple-macosx/release/GiftUIObservableState-tool.build/include/module.modulemap	961d51fefcdafa9e722bade1ccb5bc21fb1aa33ab13e59778861eb50fbed10e2
build/swiftpm/arm64-apple-macosx/release/GiftUIObservableState-tool.build/output-file-map.json	6795715fe9ebeffaade0fd6f9c0c53688da60eedb24c55c7b79cd49bcc45ab6c
build/swiftpm/arm64-apple-macosx/release/GiftUIObservableState-tool.build/sources	e7411f49f5b50eb2cf4b59764235314d9804fc4421816e6a584d64e0fd046c20
build/swiftpm/arm64-apple-macosx/release/GiftUIObservableStateFailureAdapterFixture-tool.build/GiftUIObservableStateFailureAdapterFixture.d	c0953613942a0ca931b0b01d83309199332d7d3318aa856a0cfdfe09d219cf08
build/swiftpm/arm64-apple-macosx/release/GiftUIObservableStateFailureAdapterFixture-tool.build/GiftUIObservableStateFailureAdapterFixture.dia	2c72d5afff8cce441f2f8299a18215b0bf79605aa7eb05839e38f7949b46c0e2
build/swiftpm/arm64-apple-macosx/release/GiftUIObservableStateFailureAdapterFixture-tool.build/ObservableStateFailureAdapter.swift.o	43c4c63ebdf3e9173f082b727590d125fefddb261e70b08d8d1a34439213b0b6
build/swiftpm/arm64-apple-macosx/release/GiftUIObservableStateFailureAdapterFixture-tool.build/include/GiftUIObservableStateFailureAdapterFixture-Swift.h	8eb00d46afaae70b70e8cb7fada9ec8a296690692118ca4808982c6d9a5d6d04
build/swiftpm/arm64-apple-macosx/release/GiftUIObservableStateFailureAdapterFixture-tool.build/include/module.modulemap	67cd208f226c2e069697e7b7c2141dce416097f5973708fad23dfa8c02e6a2a6
build/swiftpm/arm64-apple-macosx/release/GiftUIObservableStateFailureAdapterFixture-tool.build/output-file-map.json	e4c409e50751adb68684bc9c9d96da22145d33c0fd72d549a0e1854f09d487aa
build/swiftpm/arm64-apple-macosx/release/GiftUIObservableStateFailureAdapterFixture-tool.build/sources	bdc582fa7257852e0d0763f48247aecfc7c831222c92ca72be4c6797a102303f
build/swiftpm/arm64-apple-macosx/release/GiftUIObservableStateFailureAdapterTests-tool.build/output-file-map.json	7b26fabcfd48af0d4f16e6082ed19d02768bae8ffd4c97592c7eea006939e147
build/swiftpm/arm64-apple-macosx/release/GiftUIObservableStateTests-tool.build/output-file-map.json	0c16c3576a840eb026f5f3a9ea6e4a86f9fff95b39a6c495970834bc370ec437
build/swiftpm/arm64-apple-macosx/release/GiftUIPackageDiscoveredTests-tool.build/include/module.modulemap	ce0e8d19bf31f35d6686cddab6a41a0839a3337b952bfa158200054779d842a6
build/swiftpm/arm64-apple-macosx/release/GiftUIPackageDiscoveredTests-tool.build/output-file-map.json	faa713b7c00c5ed807d9c65659721011fb7ea0ca8559b40d343f8e47c6398f74
build/swiftpm/arm64-apple-macosx/release/GiftUIPackageTests-tool.build/include/module.modulemap	fabd45b26fc2a2c9e251f2b10fa05f80f42ed9c2e86bae5be1d1a8ec2be5b301
build/swiftpm/arm64-apple-macosx/release/GiftUIPackageTests-tool.build/output-file-map.json	f4338761f17030a99ed30e2a03084cf618909c6daccb0d0e08e342e05b8dd779
build/swiftpm/arm64-apple-macosx/release/GiftUIPlatformRaspberryPi-tool.build/GiftUIPlatformRaspberryPi.d	f62c6f52f98b242aee28551fbf0f5752d3bebb8a78dff739a16c28873973b236
build/swiftpm/arm64-apple-macosx/release/GiftUIPlatformRaspberryPi-tool.build/GiftUIPlatformRaspberryPi.dia	2c72d5afff8cce441f2f8299a18215b0bf79605aa7eb05839e38f7949b46c0e2
build/swiftpm/arm64-apple-macosx/release/GiftUIPlatformRaspberryPi-tool.build/LinuxPiScreenDevices.swift.o	e96f645bdde240e2d5a7c484141a0520f2b92f09596aad75329b0343ccd61511
build/swiftpm/arm64-apple-macosx/release/GiftUIPlatformRaspberryPi-tool.build/LinuxPiScreenExercise.swift.o	9b595543fdf057fa735a51cb6fc1220a4c4050725c86c9df8c082a2e2f7b3502
build/swiftpm/arm64-apple-macosx/release/GiftUIPlatformRaspberryPi-tool.build/PiScreenConsoleModeOwner.swift.o	19d68669bfefbdbbb9e860f7ad0809585f2ca8d8a68f147dffce3dbe30105819
build/swiftpm/arm64-apple-macosx/release/GiftUIPlatformRaspberryPi-tool.build/PiScreenDisplayTarget.swift.o	ab3102449496a7f4519cdcb4278ac4aee5d31b3168ae04f29c70b500af268cf1
build/swiftpm/arm64-apple-macosx/release/GiftUIPlatformRaspberryPi-tool.build/PiScreenFramebufferProjection.swift.o	676ab465b379ced3007435100857cf4f5995e2f853f004361e425ba280cb07e8
build/swiftpm/arm64-apple-macosx/release/GiftUIPlatformRaspberryPi-tool.build/PiScreenGeometry.swift.o	bf18b587504fe8a3df1885312402b7f38e259750410d493e2fef8e3faba17f68
build/swiftpm/arm64-apple-macosx/release/GiftUIPlatformRaspberryPi-tool.build/PiScreenInputEventDecoder.swift.o	611b14ce6d392124b2f6fef3011b7a67bfb597b6ae4693f47e6a8026ae9b5baf
build/swiftpm/arm64-apple-macosx/release/GiftUIPlatformRaspberryPi-tool.build/include/GiftUIPlatformRaspberryPi-Swift.h	fd861a356598ab61dd326a86ae1a56061bf5fdf29eb205f9c754b14d98e1900a
build/swiftpm/arm64-apple-macosx/release/GiftUIPlatformRaspberryPi-tool.build/include/module.modulemap	682afd8b5ea73745f7b94b20ffa975afaf3b4c414af2723a70cf2269e9cf110a
build/swiftpm/arm64-apple-macosx/release/GiftUIPlatformRaspberryPi-tool.build/output-file-map.json	c01aa8baf30bb4f73f95a64d7011b302290a7a66dcc52c0461a4878f4b05382b
build/swiftpm/arm64-apple-macosx/release/GiftUIPlatformRaspberryPi-tool.build/sources	639397242b7e663942d586edd7f9a5fe4f8023b3d97c84336f0b05dd95576313
build/swiftpm/arm64-apple-macosx/release/GiftUIPlatformRaspberryPiTests-tool.build/output-file-map.json	40d3615cde2ed268c35c0ab39a47f5ef7c9d66b2300d7fc01237070417b35af5
build/swiftpm/arm64-apple-macosx/release/GiftUIRasterCore-tool.build/FullSurfaceRGB565Framebuffer.swift.o	8dd254dcc0eb66d087a5bc0615821bae7bd1b9bdfa5e93034a5558bb3475bfca
build/swiftpm/arm64-apple-macosx/release/GiftUIRasterCore-tool.build/FullSurfaceRGBA8888Buffer.swift.o	59cd9fde8632f5b0dc14ffb17f62cbb8f41c8728f52d461fc131e981005d0e87
build/swiftpm/arm64-apple-macosx/release/GiftUIRasterCore-tool.build/GiftUIRasterCore.d	e5fd20befa0ca6f2e5597652681fb71859dce995ac7b0ed14f9339ed13313b44
build/swiftpm/arm64-apple-macosx/release/GiftUIRasterCore-tool.build/GiftUIRasterCore.dia	2c72d5afff8cce441f2f8299a18215b0bf79605aa7eb05839e38f7949b46c0e2
build/swiftpm/arm64-apple-macosx/release/GiftUIRasterCore-tool.build/RGB565TileWorkspace.swift.o	6bf2bf52c3f484cb4d75838503411e5f852f3c0cc32ac0d282a359170e9fd437
build/swiftpm/arm64-apple-macosx/release/GiftUIRasterCore-tool.build/RasterBackendContributionAdapter.swift.o	dd4a5d3d2afa3948c64f9ef305aa0af07fbbe234505df733a9444470998ff2f4
build/swiftpm/arm64-apple-macosx/release/GiftUIRasterCore-tool.build/RasterFillCoverage.swift.o	e3b6aa6c2432b33e5cd8aadf2a95a7289de75f286617dfc5e309362c1f5c3419
build/swiftpm/arm64-apple-macosx/release/GiftUIRasterCore-tool.build/RasterFrameSink.swift.o	9f88e04667c7c7ad60ff2af94cfeed9f91e6cedc92c9c9b1fc130c676fc874c7
build/swiftpm/arm64-apple-macosx/release/GiftUIRasterCore-tool.build/RasterFrameWork.swift.o	b7e3347643df12ae65cbdc6058900d4859f0f600219de1e7f89281902526107c
build/swiftpm/arm64-apple-macosx/release/GiftUIRasterCore-tool.build/RasterGlyphCoverage.swift.o	981ed82e59bc9b4c7dd404d1b48f8a4c86d47c139a5842cddcacff26571787b3
build/swiftpm/arm64-apple-macosx/release/GiftUIRasterCore-tool.build/RasterPayloadLimits.swift.o	92b4eaa04c3324018c9e967ff2139e13b5a6263b1e33cbe3895c09bfeb54d689
build/swiftpm/arm64-apple-macosx/release/GiftUIRasterCore-tool.build/RasterStrokeCoverage.swift.o	a2733a618d1ea878c34688b78a84e832f865512678a7f09e6f426d8a46227e56
build/swiftpm/arm64-apple-macosx/release/GiftUIRasterCore-tool.build/RasterWorkTracker.swift.o	7a260579d78343e4a0e9761a0bbd77b5f1fbfd69c8684df982c4b41fbec1edcb
build/swiftpm/arm64-apple-macosx/release/GiftUIRasterCore-tool.build/include/GiftUIRasterCore-Swift.h	68282ab8793582d8a01b106a8bd54dfe709a812dc4363f979496199b74976af4
build/swiftpm/arm64-apple-macosx/release/GiftUIRasterCore-tool.build/include/module.modulemap	a03ef03230bf459f7748bc20a0e47d29893e5ca0131c909ca5325570a5be9637
build/swiftpm/arm64-apple-macosx/release/GiftUIRasterCore-tool.build/output-file-map.json	2cd22d7f55ca77e487de2785b263214001c39eba9b18f06ec24c90ab104b9d16
build/swiftpm/arm64-apple-macosx/release/GiftUIRasterCore-tool.build/sources	950b7dc1dbe0e0a7ae0aef6236fb6eacb6c60806262b4f23046884180f12a0f2
build/swiftpm/arm64-apple-macosx/release/GiftUIRasterCoreTests-tool.build/output-file-map.json	a3d81e829530e9f136486afee6a56f0e18b43b1ef4ad86b2abc6271eb80b1ca7
build/swiftpm/arm64-apple-macosx/release/GiftUIReferenceTextResources-tool.build/GiftUIPiCompactTextResources.swift.o	5d23a751c428794585c470fe434e791144f53de72edd7cc7d9ddafcb71505fb2
build/swiftpm/arm64-apple-macosx/release/GiftUIReferenceTextResources-tool.build/GiftUIReferenceTextResources.d	acecfebc5a9071ece2f88dbb91976f40a5e57b4dc0b17e5d9d99406e5e81d0db
build/swiftpm/arm64-apple-macosx/release/GiftUIReferenceTextResources-tool.build/GiftUIReferenceTextResources.dia	2c72d5afff8cce441f2f8299a18215b0bf79605aa7eb05839e38f7949b46c0e2
build/swiftpm/arm64-apple-macosx/release/GiftUIReferenceTextResources-tool.build/GiftUIReferenceTextResources.swift.o	8ac89a22b5202715c04d8b5026b3475043bb6487b14e2fc699ce27943a716db9
build/swiftpm/arm64-apple-macosx/release/GiftUIReferenceTextResources-tool.build/PiCompactBitmapPayload.generated.swift.o	661a2da01e8c1b2b464ceb81f6b17ab48790e22e31f188c3d8ea9b5b2c8ee5ad
build/swiftpm/arm64-apple-macosx/release/GiftUIReferenceTextResources-tool.build/PiCompactCatalogue.generated.swift.o	78cc93ee42358d0068e78041789ab1b2db5819924a6d9b7b1308dd97879f9cbc
build/swiftpm/arm64-apple-macosx/release/GiftUIReferenceTextResources-tool.build/ReferenceBitmapPayload.generated.swift.o	59789915eca21ec8d4e4a6fe9e7b713d1a0a38148105c2fcc79ce9fce97d58c5
build/swiftpm/arm64-apple-macosx/release/GiftUIReferenceTextResources-tool.build/ReferenceCatalogue.generated.swift.o	2427de90734016a131b67863670768b316dba691aab4e0a0167c4536dd5fa928
build/swiftpm/arm64-apple-macosx/release/GiftUIReferenceTextResources-tool.build/ReferenceOutlinePayload.generated.swift.o	f5cf4a7180b6243d28b6504003db5ccdf6a57c389d72583835f59df6b176f366
build/swiftpm/arm64-apple-macosx/release/GiftUIReferenceTextResources-tool.build/include/GiftUIReferenceTextResources-Swift.h	fd94563125a4973de177fedf6412a20e671acc0cf1ad6bea61a7fbf15786a313
build/swiftpm/arm64-apple-macosx/release/GiftUIReferenceTextResources-tool.build/include/module.modulemap	6ccc4c76cd46ea3adc4e3d7f40669a649078cc8a2cfb30189b876c8f9fdaa3a2
build/swiftpm/arm64-apple-macosx/release/GiftUIReferenceTextResources-tool.build/output-file-map.json	63696eb478afc741f64a9e8a666cd7e0f35c38f2fa708c1b82c883c0b410a99f
build/swiftpm/arm64-apple-macosx/release/GiftUIReferenceTextResources-tool.build/sources	84e56cdf60622da0a3eb75834d01313d81b4f6f9f4536b74c7e84f18fcddcbde
build/swiftpm/arm64-apple-macosx/release/GiftUIReferenceTextResourcesTests-tool.build/output-file-map.json	0654bdfb15d50f6b04269e8358b3006c2d42eaa7db8266362c0eb00de366f473
build/swiftpm/arm64-apple-macosx/release/GiftUIRenderCore-tool.build/DrawingOperationSink.swift.o	a7d95655dcc7a9888dcfbd3788da2a585cd2b05b37e6413a1256b5561325a140
build/swiftpm/arm64-apple-macosx/release/GiftUIRenderCore-tool.build/GiftUIRenderCore.d	5af5cf9f6351c9453d5d470529bdfcf4489ad78958be94c7115c8f964a4cac01
build/swiftpm/arm64-apple-macosx/release/GiftUIRenderCore-tool.build/GiftUIRenderCore.dia	2c72d5afff8cce441f2f8299a18215b0bf79605aa7eb05839e38f7949b46c0e2
build/swiftpm/arm64-apple-macosx/release/GiftUIRenderCore-tool.build/RenderOperationSink.swift.o	a3285fcdd8211b3703f6f08f9e50db86b63a9684a74612b1fc55b44df8c58aa0
build/swiftpm/arm64-apple-macosx/release/GiftUIRenderCore-tool.build/RenderRecordingSink.swift.o	02f8f90f7dd2a8b13bd385a8f02f540522240ba7019ccaab0757af3ccb99a29d
build/swiftpm/arm64-apple-macosx/release/GiftUIRenderCore-tool.build/RenderValues.swift.o	a66daa189300d28a4e5e1bf369377176d73d1d7b1c617cfc0891e09351e6b3e2
build/swiftpm/arm64-apple-macosx/release/GiftUIRenderCore-tool.build/include/GiftUIRenderCore-Swift.h	2ad219d62d8d9a67f3eab8e3c84d3f78fda26ca3f51adfa1ecfab41f6f2e5d0a
build/swiftpm/arm64-apple-macosx/release/GiftUIRenderCore-tool.build/include/module.modulemap	3b43525c1f7b9c43abc68179cfea16dd1eae6312e66a12fb65d07a8dd04aa88f
build/swiftpm/arm64-apple-macosx/release/GiftUIRenderCore-tool.build/output-file-map.json	a0e33b9498659717ce88a9559eab0359f5f915a1fa05b2a40a5346c05bd48686
build/swiftpm/arm64-apple-macosx/release/GiftUIRenderCore-tool.build/sources	39f055f3aa816e1a17b9b189a66f5fe01a0fee8f3b4d68120ac41c1bb7895fe7
build/swiftpm/arm64-apple-macosx/release/GiftUIRenderCoreTests-tool.build/output-file-map.json	4972623067966e6fd5526746fb09f1c5eb338ef60e8ceb68ca717a54016491f0
build/swiftpm/arm64-apple-macosx/release/GiftUIRenderFailureAdapterFixture-tool.build/GiftUIRenderFailureAdapterFixture.d	7f619a4939e77ec921c2c3c5e02509c3f8f96f8b8eee76b7bb78dddcd38fc0a9
build/swiftpm/arm64-apple-macosx/release/GiftUIRenderFailureAdapterFixture-tool.build/GiftUIRenderFailureAdapterFixture.dia	2c72d5afff8cce441f2f8299a18215b0bf79605aa7eb05839e38f7949b46c0e2
build/swiftpm/arm64-apple-macosx/release/GiftUIRenderFailureAdapterFixture-tool.build/RenderFailureAdapter.swift.o	c3e78635b6d37c73dba1e8f80555e8a74ed22a9bcd3fb524a9c1ae3017adff05
build/swiftpm/arm64-apple-macosx/release/GiftUIRenderFailureAdapterFixture-tool.build/include/GiftUIRenderFailureAdapterFixture-Swift.h	8349001b6d068250a178e776c8a2633ecd2f794a98449ca6d1cf0a49cd7126c2
build/swiftpm/arm64-apple-macosx/release/GiftUIRenderFailureAdapterFixture-tool.build/include/module.modulemap	b170d0a6f561d351f7a713e30bd8bea9f9b978bf298bf9a4cb5a82cebc1adfb2
build/swiftpm/arm64-apple-macosx/release/GiftUIRenderFailureAdapterFixture-tool.build/output-file-map.json	9ee8b6f0d5232d7816bf2d6b99a278773c97c19843ff695674ac0e520eb4bc08
build/swiftpm/arm64-apple-macosx/release/GiftUIRenderFailureAdapterFixture-tool.build/sources	2b51d93abfb54c403474d060ff00cb4ff83ff9af6a63753b32173463b3ede321
build/swiftpm/arm64-apple-macosx/release/GiftUIRenderFailureAdapterTests-tool.build/output-file-map.json	6704c155b5d171892af560eb6fd28d51742a533f3834f4e4920c11f7a956ac71
build/swiftpm/arm64-apple-macosx/release/GiftUIRenderLowering-tool.build/GiftUIRenderLowering.d	cee3c160834c4f9f9db68dc15de949afbad02a75aae0a0385d9a8f3be04f7e3c
build/swiftpm/arm64-apple-macosx/release/GiftUIRenderLowering-tool.build/GiftUIRenderLowering.dia	2c72d5afff8cce441f2f8299a18215b0bf79605aa7eb05839e38f7949b46c0e2
build/swiftpm/arm64-apple-macosx/release/GiftUIRenderLowering-tool.build/RenderExtensions.swift.o	4ac8232d936047cc12a7467183e4845b99a700fcdf2cc1b42c435eda8cfcdf25
build/swiftpm/arm64-apple-macosx/release/GiftUIRenderLowering-tool.build/RenderPreflight.swift.o	d9889efc744d2806d0c680ba4c6bf5d785bf2dc4aa40ac80de8aa21610f1624c
build/swiftpm/arm64-apple-macosx/release/GiftUIRenderLowering-tool.build/RenderProducer.swift.o	176169f234e5422c24a825f2042e114003b286c2b5c84bd443da9ab62b044e11
build/swiftpm/arm64-apple-macosx/release/GiftUIRenderLowering-tool.build/RenderProductionValues.swift.o	67186f50b7de24a9022408f0e640d516d110677be11f50c15cb2a9d1439de8e1
build/swiftpm/arm64-apple-macosx/release/GiftUIRenderLowering-tool.build/RenderStreaming.swift.o	6bde5d6f20fd1a3adbacecb8f76052981cf1894ec24720b3a42d7755faacb318
build/swiftpm/arm64-apple-macosx/release/GiftUIRenderLowering-tool.build/include/GiftUIRenderLowering-Swift.h	3dd5fc95cdec2ad6222a180da06a95bee94cafcfce2acb6ce0c1d6fe879d3c7c
build/swiftpm/arm64-apple-macosx/release/GiftUIRenderLowering-tool.build/include/module.modulemap	4380c6c680686fb1b7d1f0b249afbd3ff49a232ffff7bc012e95268ab854ac6e
build/swiftpm/arm64-apple-macosx/release/GiftUIRenderLowering-tool.build/output-file-map.json	97b4ca5af09ce406b23c8bcec93ce63ce19b9e7cea65cc200f23521283929fb8
build/swiftpm/arm64-apple-macosx/release/GiftUIRenderLowering-tool.build/sources	6935a1a3c32caf705f279327459cea8f255925b976d548a2778a7a27fb260f72
build/swiftpm/arm64-apple-macosx/release/GiftUIRenderLoweringTests-tool.build/output-file-map.json	95fed0b7198e2d9ec571593581eceace0575a9f3627e9bd9e6ae381250076924
build/swiftpm/arm64-apple-macosx/release/GiftUIRuntimeConformanceTests-tool.build/output-file-map.json	005aa2bfe7f847a73d18f508e8f6f34d6801e127de6292933182a5866d0b2846
build/swiftpm/arm64-apple-macosx/release/GiftUIRuntimeCore-tool.build/GiftUIRuntimeCore.d	4467ad17eaf222cec9a2e7fd8fc3658a482561f89a146f7b6e0ae9c72ed0909f
build/swiftpm/arm64-apple-macosx/release/GiftUIRuntimeCore-tool.build/GiftUIRuntimeCore.dia	2c72d5afff8cce441f2f8299a18215b0bf79605aa7eb05839e38f7949b46c0e2
build/swiftpm/arm64-apple-macosx/release/GiftUIRuntimeCore-tool.build/RuntimeCompletePipeline.swift.o	745b84057918cb32d644fcf51ffc7ea6d4af0eeac05c259956b1823229919209
build/swiftpm/arm64-apple-macosx/release/GiftUIRuntimeCore-tool.build/RuntimeCoordinatorCleanup.swift.o	38ac5716135b192333fc6685e8ded473252948f444d0609a6ace5cb10c1eb360
build/swiftpm/arm64-apple-macosx/release/GiftUIRuntimeCore-tool.build/RuntimeCoordinatorContracts.swift.o	8c638f85dc0987e19c19229aeedde2a79455add3b0f30f9c0a63cdc839ca02d0
build/swiftpm/arm64-apple-macosx/release/GiftUIRuntimeCore-tool.build/RuntimeCoordinatorLifecycle.swift.o	0e7d45f4c4e2c597ca41ac2b3ccb4478ac33272d3d8412adfe691afffbf00840
build/swiftpm/arm64-apple-macosx/release/GiftUIRuntimeCore-tool.build/RuntimeCoordinatorQuiescence.swift.o	0fd52175cc5763c3c1e0f31647593f2667d86976db2e529a2825d00fab46c1ac
build/swiftpm/arm64-apple-macosx/release/GiftUIRuntimeCore-tool.build/RuntimeCoreBoundary.swift.o	fe6df7ec6c776b7888941eb1a418f4aeb471d02058f5f0d8dfa449b647c3795a
build/swiftpm/arm64-apple-macosx/release/GiftUIRuntimeCore-tool.build/RuntimeFocusedFailureState.swift.o	3a23ff02c256f043230305f39eaeb5d1be236a8730803b7b3ca0eadbdec19a2c
build/swiftpm/arm64-apple-macosx/release/GiftUIRuntimeCore-tool.build/RuntimeInteractionCandidateCoordinator.swift.o	c76a2a28dadf42fed14588b1f0f176ba91ac08b757a3ca58e1b522812094e99a
build/swiftpm/arm64-apple-macosx/release/GiftUIRuntimeCore-tool.build/RuntimeInteractionCandidateTransaction.swift.o	468c7d3cbb701466a3846c8c6f7a194e996c62a1136ff145e25186e406e6d79f
build/swiftpm/arm64-apple-macosx/release/GiftUIRuntimeCore-tool.build/RuntimeInteractionDispatcher.swift.o	4bb9870aae531d480e78453ddeab2ad3cbcdc3105c99adcdb8df2210880e9eee
build/swiftpm/arm64-apple-macosx/release/GiftUIRuntimeCore-tool.build/RuntimeInteractionMutationOwner.swift.o	f6e3d054ee2257090c6924b1c647279437d84806c7e26b4dd4f885a19a595383
build/swiftpm/arm64-apple-macosx/release/GiftUIRuntimeCore-tool.build/RuntimeObservableProfileWorkspace.swift.o	bff02fed3a11aa91f912dd95980ba0295ce2a3c9430bf4c2bccfa29424296033
build/swiftpm/arm64-apple-macosx/release/GiftUIRuntimeCore-tool.build/RuntimeOwnerFailure.swift.o	bfccb5a36031e1da738f01bfa64a56c2e82cd700d0d5ddf8042b577945c2c918
build/swiftpm/arm64-apple-macosx/release/GiftUIRuntimeCore-tool.build/RuntimeProfileStorage.swift.o	077e43e021247c8620e0b768f12e88f3f0d78052412b1e5b400af96241f20ea4
build/swiftpm/arm64-apple-macosx/release/GiftUIRuntimeCore-tool.build/RuntimeProfileValidation.swift.o	0709ff961594388bde36cd2d8be9fa4f24a0029b66540a14e34b8e01a49f0d7f
build/swiftpm/arm64-apple-macosx/release/GiftUIRuntimeCore-tool.build/RuntimeProfileValues.swift.o	6a838dec7a65a6c1d67f15f282966fc086c4c692a911e2e4a96e69f5223bed20
build/swiftpm/arm64-apple-macosx/release/GiftUIRuntimeCore-tool.build/RuntimeStorageRegistry.swift.o	d7b1ffea02f114af93555d7c038548009d07acb0ba69cf8aec94e7312371e0f6
build/swiftpm/arm64-apple-macosx/release/GiftUIRuntimeCore-tool.build/include/GiftUIRuntimeCore-Swift.h	a0460ade4678d14595c9747151892532a57aee83e879b6bcd69ffe1741f598c9
build/swiftpm/arm64-apple-macosx/release/GiftUIRuntimeCore-tool.build/include/module.modulemap	b10e1fd6565372eba07ce74c4ac6df715de29aa1b977b6f0377d7afd5ed6f02c
build/swiftpm/arm64-apple-macosx/release/GiftUIRuntimeCore-tool.build/output-file-map.json	8e652acf7c5363a1e5eadad27521017ac6aa19d52000bc2bfbe96f4eb0ec5310
build/swiftpm/arm64-apple-macosx/release/GiftUIRuntimeCore-tool.build/sources	28f26c83197304f4a7d818817667d7f668ab6d17acebabb791fa341170cbd834
build/swiftpm/arm64-apple-macosx/release/GiftUIRuntimeCoreTests-tool.build/output-file-map.json	f6976bdc026dcc3e11b7166b8a4b50ba6cdfa7848c185afe3b87d413bf51f30e
build/swiftpm/arm64-apple-macosx/release/GiftUIRuntimeDynamic-tool.build/DynamicCanvasCallableStorage.swift.o	996f251134fd10ccd5e0a91d27aa957bb6348c46a8028f25628bbdd0b7731b62
build/swiftpm/arm64-apple-macosx/release/GiftUIRuntimeDynamic-tool.build/DynamicDrawingPlanWorkspace.swift.o	c3bf4623dd39e6d70dfd7ed7cdc107aee0f32e99785af8e11d90e3b46f7f6f2d
build/swiftpm/arm64-apple-macosx/release/GiftUIRuntimeDynamic-tool.build/DynamicInteractionStorage.swift.o	f52703cc0d8cdf9ee2856924507a45b5b096fc84cae555d86734aacadfc89bb5
build/swiftpm/arm64-apple-macosx/release/GiftUIRuntimeDynamic-tool.build/DynamicLayoutHostStorage.swift.o	4b7e2c77b1fadeb8913c17cd9055a95567ac7c483b8891e00e887661485847e1
build/swiftpm/arm64-apple-macosx/release/GiftUIRuntimeDynamic-tool.build/DynamicLivePathStorage.swift.o	470092feb1bf0395c4a521b119d80f59e4ea41ba0475e797b62ae8a8a03f0eb2
build/swiftpm/arm64-apple-macosx/release/GiftUIRuntimeDynamic-tool.build/DynamicObservableModelRegistration.swift.o	a3e71e5472dc30eb9f03c7f4dd97ad351a9269294a2656de0ddc77b8473d3753
build/swiftpm/arm64-apple-macosx/release/GiftUIRuntimeDynamic-tool.build/DynamicObservableModelStorage.swift.o	9666312118778024d8841be69f0009593208a9bd4aff8e074e5bf578b030d5c5
build/swiftpm/arm64-apple-macosx/release/GiftUIRuntimeDynamic-tool.build/DynamicObservableProfileSlotStorage.swift.o	6d8decf5087e1140227074854e964532d97de9bca3c12a89cbeb8c9c82574217
build/swiftpm/arm64-apple-macosx/release/GiftUIRuntimeDynamic-tool.build/DynamicObservableRootAdapter.swift.o	cb9cceaf7d778cc29fd758a00f375e411174c14217d880b0668e57e8b2a671e8
build/swiftpm/arm64-apple-macosx/release/GiftUIRuntimeDynamic-tool.build/DynamicObservableRootTargetAccess.swift.o	f59abbbfe0ba3fded78e93e9f4d0d4f953e48548e24343bec0273887d6c332e8
build/swiftpm/arm64-apple-macosx/release/GiftUIRuntimeDynamic-tool.build/DynamicObservableStateReconciler.swift.o	072cff996efa92e7ce65aa2e16d6a861b576625e9da2c6304b5e99cb37e1fcb5
build/swiftpm/arm64-apple-macosx/release/GiftUIRuntimeDynamic-tool.build/DynamicProfileBoundary.swift.o	4429d0af8d435a9323d764a28b09d458cfefb0810a6f3430e97858e104bb05a4
build/swiftpm/arm64-apple-macosx/release/GiftUIRuntimeDynamic-tool.build/DynamicProfileStorage.swift.o	aa75393ec470d8e607eb4b08a84cf7af9b047e6a1c3d3cdfed103f2e3207a18b
build/swiftpm/arm64-apple-macosx/release/GiftUIRuntimeDynamic-tool.build/DynamicRenderWorkspace.swift.o	00919d4a1f75dcf0f7a9b87586ef1d4c67d0fda8c958b8d15c1d2c95b9562c28
build/swiftpm/arm64-apple-macosx/release/GiftUIRuntimeDynamic-tool.build/DynamicRuntimeExecutionCoordinator.swift.o	02030dbf14ac369a3bd8d9d1cf5dc911cd69cae71f4befd2216866af8da50c83
build/swiftpm/arm64-apple-macosx/release/GiftUIRuntimeDynamic-tool.build/DynamicRuntimeProfileBinding.swift.o	2863f781fa6b071560f268d36dbda85dc5df65fbda2d0b18b8ca2a4dcaf58791
build/swiftpm/arm64-apple-macosx/release/GiftUIRuntimeDynamic-tool.build/DynamicSemanticHostStorage.swift.o	67a0ee66baa38bdb7d3f4aae9eec0a2fe358f483bfe6ea5b7e64a19409446db3
build/swiftpm/arm64-apple-macosx/release/GiftUIRuntimeDynamic-tool.build/GiftUIRuntimeDynamic.d	b4afc57957e46ccebe6050aea7a01d02e93ace262fcfd011b7df6eacc6cf248f
build/swiftpm/arm64-apple-macosx/release/GiftUIRuntimeDynamic-tool.build/GiftUIRuntimeDynamic.dia	2c72d5afff8cce441f2f8299a18215b0bf79605aa7eb05839e38f7949b46c0e2
build/swiftpm/arm64-apple-macosx/release/GiftUIRuntimeDynamic-tool.build/include/GiftUIRuntimeDynamic-Swift.h	d07bb78dee5b046664d14025eb91049cd5c5a0e5bc225dee5575060f4ea749eb
build/swiftpm/arm64-apple-macosx/release/GiftUIRuntimeDynamic-tool.build/include/module.modulemap	8afa314e16b27610d2603fe8c3c2b0c1dde71d6936c11310aaf22e85fa256552
build/swiftpm/arm64-apple-macosx/release/GiftUIRuntimeDynamic-tool.build/output-file-map.json	9b75d9d45cde1dc51f281039293e9b05c81be8edfe6568edbbf995adb017bab2
build/swiftpm/arm64-apple-macosx/release/GiftUIRuntimeDynamic-tool.build/sources	2e7ffd80a86de164b55462f1059e84d37c5fc8148478a1de1bd75222e69d05a7
build/swiftpm/arm64-apple-macosx/release/GiftUIRuntimeDynamicTests-tool.build/output-file-map.json	0c956ecbdccbe1ee1a6e5468b605822533d486478e1d9eb0deebe59a23aa46ed
build/swiftpm/arm64-apple-macosx/release/GiftUIRuntimeFailureAdapterFixture-tool.build/GiftUIRuntimeFailureAdapterFixture.d	d6d32935c80022d7ad568a733e4801080c9120ce9b4b8bdc4498d2bf6ed32d6b
build/swiftpm/arm64-apple-macosx/release/GiftUIRuntimeFailureAdapterFixture-tool.build/GiftUIRuntimeFailureAdapterFixture.dia	2c72d5afff8cce441f2f8299a18215b0bf79605aa7eb05839e38f7949b46c0e2
build/swiftpm/arm64-apple-macosx/release/GiftUIRuntimeFailureAdapterFixture-tool.build/RuntimeFailureAdapterBoundary.swift.o	e90718e251e2099215282d4ac13d6f511a66ee548417cfa6f8b57d894d89528a
build/swiftpm/arm64-apple-macosx/release/GiftUIRuntimeFailureAdapterFixture-tool.build/include/GiftUIRuntimeFailureAdapterFixture-Swift.h	e1ebf3c464369ad610b6b549e24acb14788486ea0f807351541b013d4276c5f8
build/swiftpm/arm64-apple-macosx/release/GiftUIRuntimeFailureAdapterFixture-tool.build/include/module.modulemap	3170ba5575123f65c8d75d3a033f5eea7b103a91452e48ca045c47b221ac13f5
build/swiftpm/arm64-apple-macosx/release/GiftUIRuntimeFailureAdapterFixture-tool.build/output-file-map.json	cd3e78bdf1e6755c63d10377aa779ea5528f65d093e6ba40f8f51b10df869138
build/swiftpm/arm64-apple-macosx/release/GiftUIRuntimeFailureAdapterFixture-tool.build/sources	69bd739b2515b59ead97fad03ebaa06b6252f7322e0b51ebf08dabb5ba05e669
build/swiftpm/arm64-apple-macosx/release/GiftUIRuntimeFailureAdapterTests-tool.build/output-file-map.json	d21dedb493e8aa6d9de64257c483ed2506d80fcf1edcb4398e6452068ced65e5
build/swiftpm/arm64-apple-macosx/release/GiftUIRuntimeStatic-tool.build/GiftUIRuntimeStatic.d	560069830e848a4087ea61090f5976385ff52f3317f9c2282fd4c9145f14202c
build/swiftpm/arm64-apple-macosx/release/GiftUIRuntimeStatic-tool.build/GiftUIRuntimeStatic.dia	2c72d5afff8cce441f2f8299a18215b0bf79605aa7eb05839e38f7949b46c0e2
build/swiftpm/arm64-apple-macosx/release/GiftUIRuntimeStatic-tool.build/StaticCanvasHostHandle.swift.o	b318d83783c52ed5a9a39de6976839b268b0eb4f6e29244e531e459e3ddcb1e0
build/swiftpm/arm64-apple-macosx/release/GiftUIRuntimeStatic-tool.build/StaticCanvasOccurrence.swift.o	4627d1d54a91594dfe6c1e0f7657d90710e69e634c2d13335b8680df6f4612d2
build/swiftpm/arm64-apple-macosx/release/GiftUIRuntimeStatic-tool.build/StaticGeneratedProfileMetadata.swift.o	f8aaebd756d4743b16f04639d5fa6e0b08918b83f784ea5fc5855b459ae33b06
build/swiftpm/arm64-apple-macosx/release/GiftUIRuntimeStatic-tool.build/StaticInteractionStorage.swift.o	42350ca4872b9bb777406aa347d862fc20a0e9e003f0cf539dc8d76402db7f08
build/swiftpm/arm64-apple-macosx/release/GiftUIRuntimeStatic-tool.build/StaticObservableModelStorage.swift.o	651977aa45716669dc8d0d7a12b8dbb71f2e0266895c7d3c215342b2c5e85742
build/swiftpm/arm64-apple-macosx/release/GiftUIRuntimeStatic-tool.build/StaticObservableProfileSlotStorage.swift.o	6a3f2e03f6bf99af484aa76bc32533e2db0dc4afecaa11d02a1f30a6b1cffd08
build/swiftpm/arm64-apple-macosx/release/GiftUIRuntimeStatic-tool.build/StaticObservableRegistrationRecord.swift.o	4d6dbff154826926b674c45edaf56dec8422efbdffce26a03cbfc8d234d7060a
build/swiftpm/arm64-apple-macosx/release/GiftUIRuntimeStatic-tool.build/StaticObservableRootAdapter.swift.o	4c6971fb2df7eb8b10353d2e0c727d6570c8f283489812597b45c77d044fbc35
build/swiftpm/arm64-apple-macosx/release/GiftUIRuntimeStatic-tool.build/StaticObservableRootTargetAccess.swift.o	920f42b32fb355995bbe6f5effcef32dfc1571066e01162f7516c2d981c7427d
build/swiftpm/arm64-apple-macosx/release/GiftUIRuntimeStatic-tool.build/StaticProfileBoundary.swift.o	dd2120eb81d4561c549954ad38e20bcf15e118e8df35cd0216e349c0a06ee044
build/swiftpm/arm64-apple-macosx/release/GiftUIRuntimeStatic-tool.build/StaticProfileStorage.swift.o	63c3804f236f1fb791096fb8027fe4e8befdb110501cfbb21dce9d34d99b1da7
build/swiftpm/arm64-apple-macosx/release/GiftUIRuntimeStatic-tool.build/StaticRuntimeExecutionCoordinator.swift.o	e065c77d710c3e2e994abdc35dcf702f72c2c5f00a41938b9c017cb41c7f85bf
build/swiftpm/arm64-apple-macosx/release/GiftUIRuntimeStatic-tool.build/StaticRuntimeProfileBinding.swift.o	5f49681c425ffba47ae3307b805530e522b6907ef1a9dd71e5d1b5d05ff8041f
build/swiftpm/arm64-apple-macosx/release/GiftUIRuntimeStatic-tool.build/include/GiftUIRuntimeStatic-Swift.h	4b640bc58838137bafbec96deaad1afd3d3d31f094114e54bef4640c1f2f6fd3
build/swiftpm/arm64-apple-macosx/release/GiftUIRuntimeStatic-tool.build/include/module.modulemap	00914feb67c410ffb0e0c4d768c978293a1cea089c08ab5c86b4c3644e03846f
build/swiftpm/arm64-apple-macosx/release/GiftUIRuntimeStatic-tool.build/output-file-map.json	924879691f29caca0c8c5ad8911fc964a594a584c4a5b56a476b4c0ec26b2a58
build/swiftpm/arm64-apple-macosx/release/GiftUIRuntimeStatic-tool.build/sources	9849481b33b517236f2276478cd35890ecce16ca3f7797992d13ed06db8f7acd
build/swiftpm/arm64-apple-macosx/release/GiftUIRuntimeStaticTests-tool.build/output-file-map.json	2891e2a0451bd0918e6789ebd42c78c219ac2c6776ab4cb3213d4feb50f234d5
build/swiftpm/arm64-apple-macosx/release/GiftUISemanticCore-tool.build/GiftUISemanticCore.d	45451d4aeaf1698b3a8a44a99c131d53a44577e3507d5874ca52aef8e1bec057
build/swiftpm/arm64-apple-macosx/release/GiftUISemanticCore-tool.build/GiftUISemanticCore.dia	2c72d5afff8cce441f2f8299a18215b0bf79605aa7eb05839e38f7949b46c0e2
build/swiftpm/arm64-apple-macosx/release/GiftUISemanticCore-tool.build/GiftUISemanticCore.swift.o	ca20f8baae0eaf29ec92840661917368ff67599da43cc2caf73606bc22c16749
build/swiftpm/arm64-apple-macosx/release/GiftUISemanticCore-tool.build/SemanticLayoutView.swift.o	76fece0a97cb967cacefdc6a8dad8853e841965137331b772ca2f645bf7c6970
build/swiftpm/arm64-apple-macosx/release/GiftUISemanticCore-tool.build/SemanticRenderView.swift.o	3a46d5a3c722d2c37385a74f158311224db2d5ee4777e2b780cbdec191a05764
build/swiftpm/arm64-apple-macosx/release/GiftUISemanticCore-tool.build/include/GiftUISemanticCore-Swift.h	ead45df058fb86feb0f6685aa471c845e1469f189664335ed55143fe1d8130d2
build/swiftpm/arm64-apple-macosx/release/GiftUISemanticCore-tool.build/include/module.modulemap	41d1298b15103c5f766a497861d668b6916534612abcb5e5ca0df5918a61fbe4
build/swiftpm/arm64-apple-macosx/release/GiftUISemanticCore-tool.build/output-file-map.json	e4cae8aac91664825c2b93e5b691f15707151e81319f9c92dba2f9a65856a7d4
build/swiftpm/arm64-apple-macosx/release/GiftUISemanticCore-tool.build/sources	439219a0a59c49a9ebe73915ec39871b520374c0b9399b21a0267a1ff212bb12
build/swiftpm/arm64-apple-macosx/release/GiftUISemanticCoreTests-tool.build/output-file-map.json	fc941a1239ebd578a5e39557e5344c2001de8fadea54378a36c238df491cd90d
build/swiftpm/arm64-apple-macosx/release/GiftUISemanticFailureAdapterFixture-tool.build/GiftUISemanticFailureAdapterFixture.d	0698aa164532595b40ca660f52cf1ea6f722054f79311431c9f0f0a6c6d8a991
build/swiftpm/arm64-apple-macosx/release/GiftUISemanticFailureAdapterFixture-tool.build/GiftUISemanticFailureAdapterFixture.dia	2c72d5afff8cce441f2f8299a18215b0bf79605aa7eb05839e38f7949b46c0e2
build/swiftpm/arm64-apple-macosx/release/GiftUISemanticFailureAdapterFixture-tool.build/SemanticFailureAdapter.swift.o	36b122c0435efd342bef2f858d0b1adfa7128771eedf12968340fd07a942600a
build/swiftpm/arm64-apple-macosx/release/GiftUISemanticFailureAdapterFixture-tool.build/include/GiftUISemanticFailureAdapterFixture-Swift.h	fb5cd7c774869892f8c0c82cdda2371926e723a3070e3ecd6f76ab2a3ffe0a28
build/swiftpm/arm64-apple-macosx/release/GiftUISemanticFailureAdapterFixture-tool.build/include/module.modulemap	7c0f0f7eb1c3a645bc731af16adb6a366fd46adc648a1e16341aaaf3fafe04e5
build/swiftpm/arm64-apple-macosx/release/GiftUISemanticFailureAdapterFixture-tool.build/output-file-map.json	fe4dfea963f316b0d8a3784d06a37c56ebdb0a24efba25c584f9e8309a8f18c5
build/swiftpm/arm64-apple-macosx/release/GiftUISemanticFailureAdapterFixture-tool.build/sources	cb8c4d6e349caf0f6f9e5f665b8ffed63b33e33e637e5aacab119b7ef1e5231d
build/swiftpm/arm64-apple-macosx/release/GiftUISemanticFailureAdapterTests-tool.build/output-file-map.json	38ffb0b80b83b14e40f4627fbc50cd6923918cf67b6ac114f5423fb1c529d536
build/swiftpm/arm64-apple-macosx/release/GiftUISurfaceCore-tool.build/GiftUISurfaceCore.d	667d57f39a5f300ad55bde3350927cbe41c8a56a60998a0a5065981f8b502df1
build/swiftpm/arm64-apple-macosx/release/GiftUISurfaceCore-tool.build/GiftUISurfaceCore.dia	2c72d5afff8cce441f2f8299a18215b0bf79605aa7eb05839e38f7949b46c0e2
build/swiftpm/arm64-apple-macosx/release/GiftUISurfaceCore-tool.build/RasterSurface.swift.o	34f832ed277c61bfbb32bebdba487828545412b19b8394cbfac62e6ef7f0d0ba
build/swiftpm/arm64-apple-macosx/release/GiftUISurfaceCore-tool.build/SurfaceValues.swift.o	04f8e2f901a55853eb74bfb7261572c7526b8ce45f53ce329853d99971444047
build/swiftpm/arm64-apple-macosx/release/GiftUISurfaceCore-tool.build/include/GiftUISurfaceCore-Swift.h	0e7770eff7ec865c448fd31d43587b19d014aee92ed3f641e5ae75b5548d564c
build/swiftpm/arm64-apple-macosx/release/GiftUISurfaceCore-tool.build/include/module.modulemap	b220533fe3ad34e29731241170c2e0716f80e54ef5d35863ca3864654566c0ff
build/swiftpm/arm64-apple-macosx/release/GiftUISurfaceCore-tool.build/output-file-map.json	3d7ef88fed7a3c611c682c3e05d812fc37244896ebe4069b3fcecb586cd9dc52
build/swiftpm/arm64-apple-macosx/release/GiftUISurfaceCore-tool.build/sources	0c3c28bdde8dfc9a832118442b9a5a1cb33f98136630644882d14bf06a053e8c
build/swiftpm/arm64-apple-macosx/release/GiftUISurfaceCoreTests-tool.build/output-file-map.json	438b08341edc6e44e85173feabbe9d7e54e5846cde6013b869c1ad50c5ebdf78
build/swiftpm/arm64-apple-macosx/release/GiftUITests-tool.build/output-file-map.json	7a67a0ed6c9fe3a1266dfd982054a169b9b3a1975a41b589b7c50b1078f473df
build/swiftpm/arm64-apple-macosx/release/GiftUITextResourceFailureAdapterFixture-tool.build/GiftUITextResourceFailureAdapterFixture.d	b14ddfa727745b07bae82fa13a2be485a237c6a9add24da512910a4fa9377bdd
build/swiftpm/arm64-apple-macosx/release/GiftUITextResourceFailureAdapterFixture-tool.build/GiftUITextResourceFailureAdapterFixture.dia	2c72d5afff8cce441f2f8299a18215b0bf79605aa7eb05839e38f7949b46c0e2
build/swiftpm/arm64-apple-macosx/release/GiftUITextResourceFailureAdapterFixture-tool.build/GiftUITextResourceFailureAdapterFixture.swift.o	abfe2eadb5a017e30dc5f644b61a47746c44dcc655867ae0c4d422ccf37d4773
build/swiftpm/arm64-apple-macosx/release/GiftUITextResourceFailureAdapterFixture-tool.build/include/GiftUITextResourceFailureAdapterFixture-Swift.h	a240d1190e87a783568a783edc6434fc5e51f7524f97296f7b83b02694d388dd
build/swiftpm/arm64-apple-macosx/release/GiftUITextResourceFailureAdapterFixture-tool.build/include/module.modulemap	1d59533d6312c334c80447058986c2e00033b987ddb101c810064e9559a0b476
build/swiftpm/arm64-apple-macosx/release/GiftUITextResourceFailureAdapterFixture-tool.build/output-file-map.json	58e93d01b223242261b3f2e8b2f33d5baecef4611cb52764307004c4b259a534
build/swiftpm/arm64-apple-macosx/release/GiftUITextResourceFailureAdapterFixture-tool.build/sources	68f32815074638d34018764880835d7fc93107688f3fc27bd31ed423a64b8901
build/swiftpm/arm64-apple-macosx/release/GiftUITextResourceOwnerAdapterTests-tool.build/output-file-map.json	ac110130fd49ebd8fb54f5392d4086a1a6f60444ea57f9ee12e9b17716331fe2
build/swiftpm/arm64-apple-macosx/release/GiftUITextResources-tool.build/GiftUITextResources.d	5e98a46a87f0438723d0f44bbb591919af57fa86ac43cdc86c411f62a2e65e22
build/swiftpm/arm64-apple-macosx/release/GiftUITextResources-tool.build/GiftUITextResources.dia	2c72d5afff8cce441f2f8299a18215b0bf79605aa7eb05839e38f7949b46c0e2
build/swiftpm/arm64-apple-macosx/release/GiftUITextResources-tool.build/GiftUITextResources.swift.o	0ae238aeb8620b443d52410a96e5ed30445b8d86adb1fdd9f6146d1f2e0276dd
build/swiftpm/arm64-apple-macosx/release/GiftUITextResources-tool.build/include/GiftUITextResources-Swift.h	2c2e63be63f2bf66b6ca14ab94252ee9d40fdc4cb0add8b93a419082bb7c660d
build/swiftpm/arm64-apple-macosx/release/GiftUITextResources-tool.build/include/module.modulemap	bb5343d44024649e6e82ab2f60a092da618b8c78ffafa862b7c776141e005585
build/swiftpm/arm64-apple-macosx/release/GiftUITextResources-tool.build/output-file-map.json	6e65bd7d5bcad8346aa7a843c88a64138bde7151195a69b59447d24286079c7f
build/swiftpm/arm64-apple-macosx/release/GiftUITextResources-tool.build/sources	264d51c9cf08831330a4e521e8fca04f9088a22df7f4971c9efd2e6571ed34d9
build/swiftpm/arm64-apple-macosx/release/GiftUITextResourcesTests-tool.build/output-file-map.json	bdaff42b1e23d3f0228abbf5211dde84e8667a24dce9900bf794adfbf9185218
build/swiftpm/arm64-apple-macosx/release/ModuleCache/172PRR6C9UKQM/Darwin-1FXX23EKWOBA9.pcm	c3beadab2a086aa5cc2a35547026c31d30708b7ed681052df743490b5b86690d
build/swiftpm/arm64-apple-macosx/release/ModuleCache/172PRR6C9UKQM/MachO-20RPYVQSX341K.pcm	b94d77007e4575fdc313d47d371f3dd3c67336411627a378c5122e009f78fbe6
build/swiftpm/arm64-apple-macosx/release/ModuleCache/172PRR6C9UKQM/ObjectiveC-1G8H182PQX3QE.pcm	06c5b4d94d1fc3cfa40081c22ef09877e09452170692ed5d79058761e0b71e7a
build/swiftpm/arm64-apple-macosx/release/ModuleCache/172PRR6C9UKQM/SwiftShims-19EWHCF94MGNA.pcm	0b1c34f5c5d22ab3c77889ad14316eb85e4e0d83e9eb0e9d38c3f8b35fb33783
build/swiftpm/arm64-apple-macosx/release/ModuleCache/172PRR6C9UKQM/_AvailabilityInternal-2YSBQADOLX02V.pcm	3309a7ee97fac80600d24e651040a81ec97188a004ef6d8a0625bb00d80b0b01
build/swiftpm/arm64-apple-macosx/release/ModuleCache/172PRR6C9UKQM/_Builtin_float-2RYO0GH1POOPJ.pcm	0b5b4680872eee9011cc6e625984a62c34b0b9dc45fa493b0c190a6f80bdb879
build/swiftpm/arm64-apple-macosx/release/ModuleCache/172PRR6C9UKQM/_Builtin_inttypes-2RYO0GH1POOPJ.pcm	69af0e977dbc1528cfc9dc26da13407037770aaaf8e115cc7d431d621203126f
build/swiftpm/arm64-apple-macosx/release/ModuleCache/172PRR6C9UKQM/_Builtin_limits-2RYO0GH1POOPJ.pcm	35641e7f2c2c0f9719d293bddb07d0459422293bf38b7383e6cf38749ef1edbe
build/swiftpm/arm64-apple-macosx/release/ModuleCache/172PRR6C9UKQM/_Builtin_stdarg-2RYO0GH1POOPJ.pcm	d9f41e8ccbb7581ed4c6ee8ee0d1d194c5065eb60f373f960d105128a41c2b86
build/swiftpm/arm64-apple-macosx/release/ModuleCache/172PRR6C9UKQM/_Builtin_stdbool-2RYO0GH1POOPJ.pcm	f551028ca77c625868abb5366fdd5dd2db150cc3cf75eecd40ee7b171471e3ff
build/swiftpm/arm64-apple-macosx/release/ModuleCache/172PRR6C9UKQM/_Builtin_stddef-2RYO0GH1POOPJ.pcm	0bc11f47f5d2e2959eb9e752aebc33d95d0c16e0d0f3ce0069827383b4b37531
build/swiftpm/arm64-apple-macosx/release/ModuleCache/172PRR6C9UKQM/_Builtin_stdint-2RYO0GH1POOPJ.pcm	0999dd0c1158757de7b081677745957f0cbbb88bc47433d2b74836244286ff86
build/swiftpm/arm64-apple-macosx/release/ModuleCache/172PRR6C9UKQM/_DarwinFoundation1-2YSBQADOLX02V.pcm	cdcdc847d5bf7d9023faa659e26a06c3a178e0b01c584f6d3aab18e347c11503
build/swiftpm/arm64-apple-macosx/release/ModuleCache/172PRR6C9UKQM/_DarwinFoundation2-3J4ZFA06I5V1P.pcm	5f6729a71a71cd268174e70c1f6c6779c3e7cc5b5c8f61cff66abdeeb93e1618
build/swiftpm/arm64-apple-macosx/release/ModuleCache/172PRR6C9UKQM/_DarwinFoundation3-2NSGASPTSNBVQ.pcm	7679706bb8651e719a714663f9e1fe182a9d12ac7187742e56e773fed1279901
build/swiftpm/arm64-apple-macosx/release/ModuleCache/172PRR6C9UKQM/_SwiftConcurrencyShims-19EWHCF94MGNA.pcm	ca171ef948c82d8d65a254c4446c480aab7444102d3b1a9c5ecf7b178f57c1be
build/swiftpm/arm64-apple-macosx/release/ModuleCache/172PRR6C9UKQM/ptrcheck-2RYO0GH1POOPJ.pcm	73e404e13e3ec60a87ca8aa780a5418f35cc09857fba987eaa67de29323c568e
build/swiftpm/arm64-apple-macosx/release/ModuleCache/172PRR6C9UKQM/sys_types-3J4ZFA06I5V1P.pcm	109e134748133238abd4c9e57e4875db3c51a88aa1c62b9e372b1191b7e74e5f
build/swiftpm/arm64-apple-macosx/release/ModuleCache/18SLE3VSNCNPA/Darwin-1FXX23EKWOBA9.pcm	05b157524d6ae87e82c198b30710f4dc539e25040dab7af2422589b8e1174909
build/swiftpm/arm64-apple-macosx/release/ModuleCache/18SLE3VSNCNPA/Dispatch-R76HXUP80TVL.pcm	55126cd7b8be3b237502e4770ddb9b89d41932ed663de1ddbf114f899db8addb
build/swiftpm/arm64-apple-macosx/release/ModuleCache/18SLE3VSNCNPA/MachO-20RPYVQSX341K.pcm	98b50390d087789a7e01fe0345538c4f08c2adda7808812720eec47478507140
build/swiftpm/arm64-apple-macosx/release/ModuleCache/18SLE3VSNCNPA/ObjectiveC-1G8H182PQX3QE.pcm	21745509d43e1631eb26d023e86c976e55f5d84fc0b88f863787b685e224a684
build/swiftpm/arm64-apple-macosx/release/ModuleCache/18SLE3VSNCNPA/SwiftShims-19EWHCF94MGNA.pcm	bc2f597ae2a1d76b184a3743ac3e7064ab1681f51f35b75b29501d95a8956fa1
build/swiftpm/arm64-apple-macosx/release/ModuleCache/18SLE3VSNCNPA/XPC-T0ZXCAST7PE3.pcm	766e495222d12b51a6db9db6a6ff3b152a40ebb96d24254ed3304c3a0a42fa61
build/swiftpm/arm64-apple-macosx/release/ModuleCache/18SLE3VSNCNPA/_AvailabilityInternal-2YSBQADOLX02V.pcm	d42c660c477e06375b1e41991650f2db5822fb94f48cf3def4921f0313491fea
build/swiftpm/arm64-apple-macosx/release/ModuleCache/18SLE3VSNCNPA/_Builtin_float-2RYO0GH1POOPJ.pcm	4e6ad57c51e716c5e813e45c7309ead2247108b0cc4799063f9959bf793362cd
build/swiftpm/arm64-apple-macosx/release/ModuleCache/18SLE3VSNCNPA/_Builtin_inttypes-2RYO0GH1POOPJ.pcm	e7e755e1be8ae61cc185359027347026053b5ea0288f4af07305de025a28abd9
build/swiftpm/arm64-apple-macosx/release/ModuleCache/18SLE3VSNCNPA/_Builtin_limits-2RYO0GH1POOPJ.pcm	2e285ae73b4c20030d91ed54cf784d7671a1317e96fc957d67909d58b97d8ec4
build/swiftpm/arm64-apple-macosx/release/ModuleCache/18SLE3VSNCNPA/_Builtin_stdarg-2RYO0GH1POOPJ.pcm	6e43825e0bedb32d2695302c3757381cbfdd0e1a0a367fe1f2e2d26fc8a3adbb
build/swiftpm/arm64-apple-macosx/release/ModuleCache/18SLE3VSNCNPA/_Builtin_stdatomic-2RYO0GH1POOPJ.pcm	8f2eb214eb16cb1006e4e9b9087a77b2c8e04785afb58761807afa4e4351167b
build/swiftpm/arm64-apple-macosx/release/ModuleCache/18SLE3VSNCNPA/_Builtin_stdbool-2RYO0GH1POOPJ.pcm	9da8fb00fe3e4fcb7477a8b02a8ca5159776b95c1d51bf5d0e77a43945888a56
build/swiftpm/arm64-apple-macosx/release/ModuleCache/18SLE3VSNCNPA/_Builtin_stddef-2RYO0GH1POOPJ.pcm	b996f196128005dfbfdaa7c7c20b7bfa50c2f109c0d7cb73039d71048f38cc3d
build/swiftpm/arm64-apple-macosx/release/ModuleCache/18SLE3VSNCNPA/_Builtin_stdint-2RYO0GH1POOPJ.pcm	b38ab0e4280f78bb0bb38e49140345b7492cb7b2f73070220757572e01e0fa69
build/swiftpm/arm64-apple-macosx/release/ModuleCache/18SLE3VSNCNPA/_DarwinFoundation1-2YSBQADOLX02V.pcm	221f1eed10cad9d644f9e45914736097db6dfd61f5a72b9a3a41cc9fc9737b2c
build/swiftpm/arm64-apple-macosx/release/ModuleCache/18SLE3VSNCNPA/_DarwinFoundation2-3J4ZFA06I5V1P.pcm	75e84e47407bbce7ff10883c95ed0413e0224292db68c561ac2f26acb114cc71
build/swiftpm/arm64-apple-macosx/release/ModuleCache/18SLE3VSNCNPA/_DarwinFoundation3-2NSGASPTSNBVQ.pcm	1fcf6c566aef9416d4041f71ebc181dc69aa4db121894e8cb20850ec4278bef4
build/swiftpm/arm64-apple-macosx/release/ModuleCache/18SLE3VSNCNPA/_SwiftConcurrencyShims-19EWHCF94MGNA.pcm	1295717283c31147a37b75025cfbd0d4bad969015d719f1d2deec374d84a1cd8
build/swiftpm/arm64-apple-macosx/release/ModuleCache/18SLE3VSNCNPA/launch-3T3BU4MASLMUM.pcm	946f3fc330b7c75b34fbdd606d9900abfa21cc5a80c2217d2d0c24860f4824f9
build/swiftpm/arm64-apple-macosx/release/ModuleCache/18SLE3VSNCNPA/os-2MV8OP7R98AN8.pcm	c58bf5e8ac47676d0489b7de69297881b938c8dcbe3ad3b224b49c1869f470eb
build/swiftpm/arm64-apple-macosx/release/ModuleCache/18SLE3VSNCNPA/os_object-2MV8OP7R98AN8.pcm	5adf969928c6f791f5fe46cc54a1e40b3174c65c6759957e1ee9cbf6ad44675d
build/swiftpm/arm64-apple-macosx/release/ModuleCache/18SLE3VSNCNPA/os_workgroup-2MV8OP7R98AN8.pcm	a6fe92f3404118089293c119b4a41d3d537cb3cbd1011503a03a97f3062696cb
build/swiftpm/arm64-apple-macosx/release/ModuleCache/18SLE3VSNCNPA/ptrcheck-2RYO0GH1POOPJ.pcm	3db26e5d35f7d65559f0375e5da00ba79eb4b3dc76cdac9c22b3650e2518f326
build/swiftpm/arm64-apple-macosx/release/ModuleCache/18SLE3VSNCNPA/sys_types-3J4ZFA06I5V1P.pcm	599438948595827dd2ad015238efe74f9a562583532cb7a9a319d40a877bf8ac
build/swiftpm/arm64-apple-macosx/release/ModuleCache/1EOOYTKTXOWZL/Darwin-1FXX23EKWOBA9.pcm	a971be6a44eeece47b555e9f8884155e985e2b32e5f06b98222e2ca82bb12ef9
build/swiftpm/arm64-apple-macosx/release/ModuleCache/1EOOYTKTXOWZL/Dispatch-R76HXUP80TVL.pcm	fe1ef8e776cc6e6aa7d26b3fa16c15a482ff7d0704098651d50cb95b40f5694b
build/swiftpm/arm64-apple-macosx/release/ModuleCache/1EOOYTKTXOWZL/MachO-20RPYVQSX341K.pcm	15495214480689ac8c1bc06ad74ef3f20d3da35529f127af1cdf372f03e43826
build/swiftpm/arm64-apple-macosx/release/ModuleCache/1EOOYTKTXOWZL/ObjectiveC-1G8H182PQX3QE.pcm	1778fe1a064b4c4d2e669e61deaba509cfabefead72f8857298c58ae0bb3093b
build/swiftpm/arm64-apple-macosx/release/ModuleCache/1EOOYTKTXOWZL/SwiftShims-19EWHCF94MGNA.pcm	7ee769a2b00f018d86598d8fdf9a317919ef5e9c6f63b716679ebaca91e94af2
build/swiftpm/arm64-apple-macosx/release/ModuleCache/1EOOYTKTXOWZL/XPC-T0ZXCAST7PE3.pcm	4af10f85439cf8b052d4a744d75335c5e4db50de36c33e24ff149894795809a2
build/swiftpm/arm64-apple-macosx/release/ModuleCache/1EOOYTKTXOWZL/_AvailabilityInternal-2YSBQADOLX02V.pcm	071ac97fd1b8a89fc3c43042443cfa3aa8465e5896ee3112bb9a428abc988066
build/swiftpm/arm64-apple-macosx/release/ModuleCache/1EOOYTKTXOWZL/_Builtin_float-2RYO0GH1POOPJ.pcm	77d20244d69b67ca563e2a065f29870683465da90848ebd47ba5a584d10f7467
build/swiftpm/arm64-apple-macosx/release/ModuleCache/1EOOYTKTXOWZL/_Builtin_inttypes-2RYO0GH1POOPJ.pcm	38cef0245cfee695b850190d822f1f7b77add5fe9cd47480cc2a054bad6e42a0
build/swiftpm/arm64-apple-macosx/release/ModuleCache/1EOOYTKTXOWZL/_Builtin_limits-2RYO0GH1POOPJ.pcm	4798250d327d688fbae3a134c880c7e6322a64c3ecdf7a3b088d43695de1e2f4
build/swiftpm/arm64-apple-macosx/release/ModuleCache/1EOOYTKTXOWZL/_Builtin_stdarg-2RYO0GH1POOPJ.pcm	64a1b772f02866c3dc2efe42f0f351979c0959833da7f7fb4a312df8af9581d8
build/swiftpm/arm64-apple-macosx/release/ModuleCache/1EOOYTKTXOWZL/_Builtin_stdatomic-2RYO0GH1POOPJ.pcm	7456a76af04a5f2754df30fa7e39662f22f4838167acfcbddcb8e52ce29cd22b
build/swiftpm/arm64-apple-macosx/release/ModuleCache/1EOOYTKTXOWZL/_Builtin_stdbool-2RYO0GH1POOPJ.pcm	7b68714daa565c295621a9b5b04ba2b9a71e8a17935496a21579d6d74332d8e2
build/swiftpm/arm64-apple-macosx/release/ModuleCache/1EOOYTKTXOWZL/_Builtin_stddef-2RYO0GH1POOPJ.pcm	de92526177ccb50c3a34d29f9a368d6bac3cd22805fbf9184d4076245a2fe6b4
build/swiftpm/arm64-apple-macosx/release/ModuleCache/1EOOYTKTXOWZL/_Builtin_stdint-2RYO0GH1POOPJ.pcm	130ef2c90f54f938bb22c4182b96357ddb55d80632032fbe2a72a64c68d0c43e
build/swiftpm/arm64-apple-macosx/release/ModuleCache/1EOOYTKTXOWZL/_DarwinFoundation1-2YSBQADOLX02V.pcm	36becee31eac5b523fb3ebf8f81de457e6186cb02bd49559f6ee9f7c35531aac
build/swiftpm/arm64-apple-macosx/release/ModuleCache/1EOOYTKTXOWZL/_DarwinFoundation2-3J4ZFA06I5V1P.pcm	17085dd8e95d812b92b7433fb66008e3e6baa86baf24d33f4f9a24e1a83ad97b
build/swiftpm/arm64-apple-macosx/release/ModuleCache/1EOOYTKTXOWZL/_DarwinFoundation3-2NSGASPTSNBVQ.pcm	0b8fe2df533c0248d4312d0fbd479dd5f988509aa62b9b76e96f8948eb3537fa
build/swiftpm/arm64-apple-macosx/release/ModuleCache/1EOOYTKTXOWZL/_SwiftConcurrencyShims-19EWHCF94MGNA.pcm	80703b7d40ed832bfc61f92cd0d00dbc9649644a242cb7231a5858963efa7e49
build/swiftpm/arm64-apple-macosx/release/ModuleCache/1EOOYTKTXOWZL/_SwiftSyntaxCShims-QPQCW1T7YMC3.pcm	20e8ede7d0bd9c273a2e504fb29592bb8ad30d910a80cc533a62d72ddcb68c19
build/swiftpm/arm64-apple-macosx/release/ModuleCache/1EOOYTKTXOWZL/launch-3T3BU4MASLMUM.pcm	5a5593484a94831c6c86f834f37a2588633f8503084bbd5ad68f9f5276d8cb00
build/swiftpm/arm64-apple-macosx/release/ModuleCache/1EOOYTKTXOWZL/os-2MV8OP7R98AN8.pcm	66ecb070ca2dcda4678910601ae52d8810d0dbba383b224671173259e8dc6de7
build/swiftpm/arm64-apple-macosx/release/ModuleCache/1EOOYTKTXOWZL/os_object-2MV8OP7R98AN8.pcm	65502c0fe5215d7b66e70395bfd88b8e53e2d047b70194ba55f9a2f4d298eeab
build/swiftpm/arm64-apple-macosx/release/ModuleCache/1EOOYTKTXOWZL/os_workgroup-2MV8OP7R98AN8.pcm	6b85ea2c9e578922b21a5ebb6977fad221140d348c765649addfdff4af9692d2
build/swiftpm/arm64-apple-macosx/release/ModuleCache/1EOOYTKTXOWZL/ptrcheck-2RYO0GH1POOPJ.pcm	d91de0d041f2d879aca8b19ea00a992bf992d90dbccc4324ff519a874ea14286
build/swiftpm/arm64-apple-macosx/release/ModuleCache/1EOOYTKTXOWZL/sys_types-3J4ZFA06I5V1P.pcm	39efeef44fc1119c5c0126bfe95ae6b13869fa579fd4898017b87f98d971443a
build/swiftpm/arm64-apple-macosx/release/ModuleCache/2LDLHZ4AZKH2E/Darwin-1FXX23EKWOBA9.pcm	e99e61e21d74a9072b1c7142cc9bda306975dbe7f6becd7df2313f1cde2572ca
build/swiftpm/arm64-apple-macosx/release/ModuleCache/2LDLHZ4AZKH2E/Dispatch-R76HXUP80TVL.pcm	e51e981502e580078f9d03793b18cc61ddd09bde6e944fc9db664202bef75e35
build/swiftpm/arm64-apple-macosx/release/ModuleCache/2LDLHZ4AZKH2E/MachO-20RPYVQSX341K.pcm	fb270ca390b8d5f3a0a3b5c1662c0f2999256bc19b99a9468447ce674dd35bd4
build/swiftpm/arm64-apple-macosx/release/ModuleCache/2LDLHZ4AZKH2E/ObjectiveC-1G8H182PQX3QE.pcm	3def5fafd64d704b4a06a93b92dd7f100f0d365f9f4d4adb2fb3fbcb143e6355
build/swiftpm/arm64-apple-macosx/release/ModuleCache/2LDLHZ4AZKH2E/SwiftShims-19EWHCF94MGNA.pcm	9ce8beef6dbaa04ebdf0433fb67d6b96847a10484cae0ee22b03426895322f20
build/swiftpm/arm64-apple-macosx/release/ModuleCache/2LDLHZ4AZKH2E/XPC-T0ZXCAST7PE3.pcm	2c46317c2b77b8bf0db248c8cced40b96bb119000a506f8bbccedc4f9d83bdd1
build/swiftpm/arm64-apple-macosx/release/ModuleCache/2LDLHZ4AZKH2E/_AvailabilityInternal-2YSBQADOLX02V.pcm	23781064579a254830c03720f0faba0d2c04b8c13ad54438c52583247349cf52
build/swiftpm/arm64-apple-macosx/release/ModuleCache/2LDLHZ4AZKH2E/_Builtin_float-2RYO0GH1POOPJ.pcm	bc886395cc2b27cdae8fff9189af255f335f4e393759be4529a48861bc6bba2e
build/swiftpm/arm64-apple-macosx/release/ModuleCache/2LDLHZ4AZKH2E/_Builtin_inttypes-2RYO0GH1POOPJ.pcm	748338f269167cd8d02e40867d6a084a4919a254d8c81334508c1677fe959c02
build/swiftpm/arm64-apple-macosx/release/ModuleCache/2LDLHZ4AZKH2E/_Builtin_limits-2RYO0GH1POOPJ.pcm	b511274c8596fd9f661746b9a6e71d110b2b56a925dc93afeb8ff1a009581da1
build/swiftpm/arm64-apple-macosx/release/ModuleCache/2LDLHZ4AZKH2E/_Builtin_stdarg-2RYO0GH1POOPJ.pcm	9196b70ba896c549e690cb9d1b44e21267a79436d16761994da327e2d5ee2f87
build/swiftpm/arm64-apple-macosx/release/ModuleCache/2LDLHZ4AZKH2E/_Builtin_stdatomic-2RYO0GH1POOPJ.pcm	cd49a2e888c928b95524596ba3b310fedf61b0d355185b23d80becba62aeb3d6
build/swiftpm/arm64-apple-macosx/release/ModuleCache/2LDLHZ4AZKH2E/_Builtin_stdbool-2RYO0GH1POOPJ.pcm	c747d5287a69adc98d04a7cd07a3cbf5bf25d9bffdf06c016f1fa3cb378100b8
build/swiftpm/arm64-apple-macosx/release/ModuleCache/2LDLHZ4AZKH2E/_Builtin_stddef-2RYO0GH1POOPJ.pcm	139c7ba465b65a840d341df4409beb2e6955245cb5fcdb9d079290f96d0c8238
build/swiftpm/arm64-apple-macosx/release/ModuleCache/2LDLHZ4AZKH2E/_Builtin_stdint-2RYO0GH1POOPJ.pcm	d373b88be4daa98779a01005ceb0ac7602b8db3a5fac0611271654d38aa63277
build/swiftpm/arm64-apple-macosx/release/ModuleCache/2LDLHZ4AZKH2E/_DarwinFoundation1-2YSBQADOLX02V.pcm	3054a110dc8d2b5b1e00b4cb65d1e5da66d45e52359f07a7f64f47143440d706
build/swiftpm/arm64-apple-macosx/release/ModuleCache/2LDLHZ4AZKH2E/_DarwinFoundation2-3J4ZFA06I5V1P.pcm	f268525eb1a82941679c4bf4e17cf208edfd86bbf9328ae4909c5198e6b48f05
build/swiftpm/arm64-apple-macosx/release/ModuleCache/2LDLHZ4AZKH2E/_DarwinFoundation3-2NSGASPTSNBVQ.pcm	5bfc785421a534783bc0257f8ac0b8579d9e27dfb1c2a39654eedead75339b44
build/swiftpm/arm64-apple-macosx/release/ModuleCache/2LDLHZ4AZKH2E/_SwiftConcurrencyShims-19EWHCF94MGNA.pcm	148d592ed4ef744adf35d6c17a998a941e3246290aa9d8a4652df693b8e1ba8b
build/swiftpm/arm64-apple-macosx/release/ModuleCache/2LDLHZ4AZKH2E/_SwiftSyntaxCShims-QPQCW1T7YMC3.pcm	7bd2f79aaa35ac31f8990db31d8e208c57394dc38b676e8994178863d3d70232
build/swiftpm/arm64-apple-macosx/release/ModuleCache/2LDLHZ4AZKH2E/launch-3T3BU4MASLMUM.pcm	86aeb5212c7ae936a3a3bdfe1ff6fa45341575d458c908dd7a9387f6f5463ee6
build/swiftpm/arm64-apple-macosx/release/ModuleCache/2LDLHZ4AZKH2E/os-2MV8OP7R98AN8.pcm	c493da1381782484015500b9fd86a8d69460e23ab01cad81d4f62d8e48d0982a
build/swiftpm/arm64-apple-macosx/release/ModuleCache/2LDLHZ4AZKH2E/os_object-2MV8OP7R98AN8.pcm	eca6ab4131bddf01b01f6b1f9edef57b8c2be8c802b2acc6c1c1d27b68006360
build/swiftpm/arm64-apple-macosx/release/ModuleCache/2LDLHZ4AZKH2E/os_workgroup-2MV8OP7R98AN8.pcm	92b1dd06268600835212dc8f7de03ef51fda9e615a1bfb1c0549f1eda18649cf
build/swiftpm/arm64-apple-macosx/release/ModuleCache/2LDLHZ4AZKH2E/ptrcheck-2RYO0GH1POOPJ.pcm	e1adb4af75347da7787079026f761459da33622b600747bd39d4849c4d7ff9b6
build/swiftpm/arm64-apple-macosx/release/ModuleCache/2LDLHZ4AZKH2E/sys_types-3J4ZFA06I5V1P.pcm	070977f93539dcc1dd4f5feb3a673a6a5c28e0e0b7c9f6ee6cbbb95c6fd50edb
build/swiftpm/arm64-apple-macosx/release/ModuleCache/Combine-12VGLFQX5WK65.swiftmodule	0002408d8d89378608df6758fc02cbfebf78c62d5013b52d0f2e80577027ec9f
build/swiftpm/arm64-apple-macosx/release/ModuleCache/Darwin-KAMM2KBRX1UD.swiftmodule	5ceab9bc8242c671bffc9def4550ced42f6886fd6d61b945853f3b5c353f38e5
build/swiftpm/arm64-apple-macosx/release/ModuleCache/Dispatch-2SVB8VHYDEVHE.swiftmodule	f71ab4408bf86bfc82416dccd78f64005fdbd7af312b288823680a0fa6dcbd72
build/swiftpm/arm64-apple-macosx/release/ModuleCache/FB66QPGDF940/Darwin-1FXX23EKWOBA9.pcm	d8e53dafccb341407e9dabeac3336ba9e8737a896766b83e59a539dc231f0a20
build/swiftpm/arm64-apple-macosx/release/ModuleCache/FB66QPGDF940/_AvailabilityInternal-2YSBQADOLX02V.pcm	b49b044de461d1c11b7dbe234e730f4d4d17fd6486aecff6a076fc4a212b7cfc
build/swiftpm/arm64-apple-macosx/release/ModuleCache/FB66QPGDF940/_Builtin_inttypes-2RYO0GH1POOPJ.pcm	ea72294f09d717d86f0907b13d23b147e07428f049e746a803746094cc928033
build/swiftpm/arm64-apple-macosx/release/ModuleCache/FB66QPGDF940/_Builtin_limits-2RYO0GH1POOPJ.pcm	9b6427924b8bef65bb5be7a4c763c1b72eb12d60809e92123949bb688aa16502
build/swiftpm/arm64-apple-macosx/release/ModuleCache/FB66QPGDF940/_Builtin_stdarg-2RYO0GH1POOPJ.pcm	f3c631e8503ae632463b0b36d2e71d2b8833302484005328248aaf3eb8d8d1c0
build/swiftpm/arm64-apple-macosx/release/ModuleCache/FB66QPGDF940/_Builtin_stdbool-2RYO0GH1POOPJ.pcm	7bd6fb2f982b9c541024b66494259f605e8ed5eb4e0dc209699923549ad18d30
build/swiftpm/arm64-apple-macosx/release/ModuleCache/FB66QPGDF940/_Builtin_stddef-2RYO0GH1POOPJ.pcm	7daa2cfcaf7c7cfbcd811ae3335c205e779fc5cf5023b5cb1ae7a1b23efa61e6
build/swiftpm/arm64-apple-macosx/release/ModuleCache/FB66QPGDF940/_Builtin_stdint-2RYO0GH1POOPJ.pcm	552b762d05f58c4f27d980f5ccab7f7c5d8b72f9e6b5816305792acb0a6eb36e
build/swiftpm/arm64-apple-macosx/release/ModuleCache/FB66QPGDF940/_DarwinFoundation1-2YSBQADOLX02V.pcm	6b5c911c23bd8b4d914125057b757d62546d48fbdbefac24a45444f24c121e30
build/swiftpm/arm64-apple-macosx/release/ModuleCache/FB66QPGDF940/_DarwinFoundation2-3J4ZFA06I5V1P.pcm	fb65e7f7904e06c9629b6347e490d82b9560ef8bc1fb475403e8d0b3fe9d94a9
build/swiftpm/arm64-apple-macosx/release/ModuleCache/FB66QPGDF940/_DarwinFoundation3-2NSGASPTSNBVQ.pcm	6c0b38ebdd48a5048b1cc9838ef80226fa2f6e070116481f9ba672c6b42d3500
build/swiftpm/arm64-apple-macosx/release/ModuleCache/FB66QPGDF940/modules.idx	3756fdfb3606295b49eea63e5b5bd4e3f0c84a7955fbea726d5a431871b0c394
build/swiftpm/arm64-apple-macosx/release/ModuleCache/FB66QPGDF940/ptrcheck-2RYO0GH1POOPJ.pcm	f73a9874b76bb0c764cb4b3176f2adef81e8b27a74ceef277a85e05c345566ff
build/swiftpm/arm64-apple-macosx/release/ModuleCache/ObjectiveC-1CAF64Z98ZQ1C.swiftmodule	003c4d995aa2438c6787b23e5cda32612d05009377e3c597ab6ce0ec103f12d7
build/swiftpm/arm64-apple-macosx/release/ModuleCache/XPC-1531KTDZFOPQT.swiftmodule	02e8827fcaa8c46037ab212d457425bd4c0db3528d2ff5af4e52244c5f31c48c
build/swiftpm/arm64-apple-macosx/release/ModuleCache/_DarwinFoundation1-2G59DTQTZVHQ8.swiftmodule	284f5ecad1554e446671f02666a9cea9b4229a7572b82aa02d76ea43a5ddfc1a
build/swiftpm/arm64-apple-macosx/release/ModuleCache/_DarwinFoundation2-3PYWV2IF5DC9B.swiftmodule	cbf34a2a4d1d832d804c0c055b280153c451b6057de342b10d883a6dcaa37fc1
build/swiftpm/arm64-apple-macosx/release/ModuleCache/_DarwinFoundation3-NL56UP74R7KV.swiftmodule	24c3a20d03f4389efbf24b43f8034a289e402a37640199e464108dff89c9906c
build/swiftpm/arm64-apple-macosx/release/ModuleCache/modules.timestamp	e3b0c44298fc1c149afbf4c8996fb92427ae41e4649b934ca495991b7852b855
build/swiftpm/arm64-apple-macosx/release/ModuleCache/os-2R992ODAQORC5.swiftmodule	a1240c00df2766f7c6af3a34533c7ce55c64be5eff54f6f8c2b0e2c456e7635d
build/swiftpm/arm64-apple-macosx/release/Modules-tool/GiftUI.abi.json	4277ac6b49f8511196028a5ac20f5b1b1dfa754c24615d34068089f0b1739728
build/swiftpm/arm64-apple-macosx/release/Modules-tool/GiftUI.swiftdoc	4ab010ec93e07a698d36823f116d945864bb48a724981cc885d7ef756152d310
build/swiftpm/arm64-apple-macosx/release/Modules-tool/GiftUI.swiftmodule	a86808210d098438f42911662dad9e458c584bd54483092f2f9c3c3a5b4c9dce
build/swiftpm/arm64-apple-macosx/release/Modules-tool/GiftUI.swiftsourceinfo	cbb1acc8e0a30d0ab615b97d2839da80aa13adbac04bb776992b1e02960c2446
build/swiftpm/arm64-apple-macosx/release/Modules-tool/GiftUIBackendIntegration.abi.json	4277ac6b49f8511196028a5ac20f5b1b1dfa754c24615d34068089f0b1739728
build/swiftpm/arm64-apple-macosx/release/Modules-tool/GiftUIBackendIntegration.swiftdoc	166669f005cf8a9995688759c1a8f24f75f32f934090dcf683fdb857baf20ead
build/swiftpm/arm64-apple-macosx/release/Modules-tool/GiftUIBackendIntegration.swiftmodule	ba97a6ba4cd66cd5d4047afc0a5c8a8d21abc5f3459b00e67262ef13db5d9abb
build/swiftpm/arm64-apple-macosx/release/Modules-tool/GiftUIBackendIntegration.swiftsourceinfo	89b43dc3f1fc05eb9913210a6bceaecfde812d8e4f9966cfa4dde8b3c514dc50
build/swiftpm/arm64-apple-macosx/release/Modules-tool/GiftUICapabilities.abi.json	4277ac6b49f8511196028a5ac20f5b1b1dfa754c24615d34068089f0b1739728
build/swiftpm/arm64-apple-macosx/release/Modules-tool/GiftUICapabilities.swiftdoc	5dd1c8a26a8fb4cb2db306d95e1c1a65e5d9397a4646bf42ee440eb13e9dec88
build/swiftpm/arm64-apple-macosx/release/Modules-tool/GiftUICapabilities.swiftmodule	2f6cba59b9cf94ab984c56d60df6fb516e00e801038b6fa300fdec78d4777702
build/swiftpm/arm64-apple-macosx/release/Modules-tool/GiftUICapabilities.swiftsourceinfo	10bd8a816c5bcaa50514612c0d92e09ca10ac60b630701e9fee5d2e38800d502
build/swiftpm/arm64-apple-macosx/release/Modules-tool/GiftUICapabilityFailureAdapterFixture.abi.json	4277ac6b49f8511196028a5ac20f5b1b1dfa754c24615d34068089f0b1739728
build/swiftpm/arm64-apple-macosx/release/Modules-tool/GiftUICapabilityFailureAdapterFixture.swiftdoc	6a9ce618174490a450d8d6005b0c97727902bc8c44b3e8805cf2e2be686bb0e8
build/swiftpm/arm64-apple-macosx/release/Modules-tool/GiftUICapabilityFailureAdapterFixture.swiftmodule	5967a1ab90d45aef4ca4ef37fd3c5b61f53d3cbd3b8ba440546b17875654bab6
build/swiftpm/arm64-apple-macosx/release/Modules-tool/GiftUICapabilityFailureAdapterFixture.swiftsourceinfo	e3eae9806d02ab031d34476474905cefdcae26cf4a8dedfe686114eebb959c88
build/swiftpm/arm64-apple-macosx/release/Modules-tool/GiftUIDisplayCore.abi.json	4277ac6b49f8511196028a5ac20f5b1b1dfa754c24615d34068089f0b1739728
build/swiftpm/arm64-apple-macosx/release/Modules-tool/GiftUIDisplayCore.swiftdoc	b3b2fda4ece42d3a751af77d74806df0de43b18bbf0c45f0bb2f479eb2bcc65f
build/swiftpm/arm64-apple-macosx/release/Modules-tool/GiftUIDisplayCore.swiftmodule	1bef39bf67e6e458712a1e98724bba1e2e04e9ae7283db7f1fd2b42a78429041
build/swiftpm/arm64-apple-macosx/release/Modules-tool/GiftUIDisplayCore.swiftsourceinfo	5e060ad1a612b279727d6fc2bcfbcf0340c05cd3e267ce13085e7139f69e206e
build/swiftpm/arm64-apple-macosx/release/Modules-tool/GiftUIDrawing.abi.json	4277ac6b49f8511196028a5ac20f5b1b1dfa754c24615d34068089f0b1739728
build/swiftpm/arm64-apple-macosx/release/Modules-tool/GiftUIDrawing.swiftdoc	4e1eea893855260446fa9aa905643e3d9bd06ebedd7d56adbbe0d388bc2dd249
build/swiftpm/arm64-apple-macosx/release/Modules-tool/GiftUIDrawing.swiftmodule	164b82716df121180ad2c98483cb5be42dfaa7b672f4096f59c1db37669873d3
build/swiftpm/arm64-apple-macosx/release/Modules-tool/GiftUIDrawing.swiftsourceinfo	a2a4937ba75e30b52e18bee0f314e26d509c8322e9e5c0d70ea575f1df41a0ff
build/swiftpm/arm64-apple-macosx/release/Modules-tool/GiftUIDrawingFailureAdapterFixture.abi.json	4277ac6b49f8511196028a5ac20f5b1b1dfa754c24615d34068089f0b1739728
build/swiftpm/arm64-apple-macosx/release/Modules-tool/GiftUIDrawingFailureAdapterFixture.swiftdoc	03fe954e2b7a2d79cd01a013bdadec140d4b8db14c2de16505b265a8f57502ba
build/swiftpm/arm64-apple-macosx/release/Modules-tool/GiftUIDrawingFailureAdapterFixture.swiftmodule	b1f0e75d1432ee8d91702f6cad8425cbe63a96de234cb693d7fbc03eafbc7638
build/swiftpm/arm64-apple-macosx/release/Modules-tool/GiftUIDrawingFailureAdapterFixture.swiftsourceinfo	c65ebde0f3da6f7d5c387c211469dfe210eadf9ca21cb7f6586ef14f3687a2cc
build/swiftpm/arm64-apple-macosx/release/Modules-tool/GiftUIDynamicConveniences.abi.json	4277ac6b49f8511196028a5ac20f5b1b1dfa754c24615d34068089f0b1739728
build/swiftpm/arm64-apple-macosx/release/Modules-tool/GiftUIDynamicConveniences.swiftdoc	f57a35b6d064ad7855f16a46e7141d37b1902a93e315a91be9efd2011dde5cca
build/swiftpm/arm64-apple-macosx/release/Modules-tool/GiftUIDynamicConveniences.swiftmodule	2c01fd7f8796df7a66df2879af52e8bbfcbfd5eef7d722be961502c160555d4f
build/swiftpm/arm64-apple-macosx/release/Modules-tool/GiftUIDynamicConveniences.swiftsourceinfo	1cbe468b252fdce009b9cc5ab475bf86629c89e9ab22b76ef607bec236d7909d
build/swiftpm/arm64-apple-macosx/release/Modules-tool/GiftUIExecution.abi.json	4277ac6b49f8511196028a5ac20f5b1b1dfa754c24615d34068089f0b1739728
build/swiftpm/arm64-apple-macosx/release/Modules-tool/GiftUIExecution.swiftdoc	978cc0aff9bb82715485b118dee0c13f370aadb8e927ce192656ba3f991bb0de
build/swiftpm/arm64-apple-macosx/release/Modules-tool/GiftUIExecution.swiftmodule	e2fd83f54f6c93f009a8b4b599519af15b5c7ddcfa4b98fbf14d860544a1f561
build/swiftpm/arm64-apple-macosx/release/Modules-tool/GiftUIExecution.swiftsourceinfo	bfe0113e56a1217dfbdcff5b02f914e060ce64df30c10596e4a39b8e0bae5a30
build/swiftpm/arm64-apple-macosx/release/Modules-tool/GiftUIFailureCore.abi.json	4277ac6b49f8511196028a5ac20f5b1b1dfa754c24615d34068089f0b1739728
build/swiftpm/arm64-apple-macosx/release/Modules-tool/GiftUIFailureCore.swiftdoc	a6150393e659623bd109b2fa33ee5ad1003d48a326ff6d05c62b566e4858b230
build/swiftpm/arm64-apple-macosx/release/Modules-tool/GiftUIFailureCore.swiftmodule	d0063f5d95632169750e72ffa60793062491d4e76ac204477573597825a55e60
build/swiftpm/arm64-apple-macosx/release/Modules-tool/GiftUIFailureCore.swiftsourceinfo	8abef9ae59770e36bb31466f3929a4b8d532c529bc7a91d75566678d5863cc8b
build/swiftpm/arm64-apple-macosx/release/Modules-tool/GiftUIFailureDiagnostics.abi.json	4277ac6b49f8511196028a5ac20f5b1b1dfa754c24615d34068089f0b1739728
build/swiftpm/arm64-apple-macosx/release/Modules-tool/GiftUIFailureDiagnostics.swiftdoc	0e92c1e0eae5f0d3f210e609b093f5734f2380b02e355bbaceb9fb22b6b4d493
build/swiftpm/arm64-apple-macosx/release/Modules-tool/GiftUIFailureDiagnostics.swiftmodule	bd965dcceaa4677a7937f194664dadf57706ea984dba2eb85e09e743ddf3c72d
build/swiftpm/arm64-apple-macosx/release/Modules-tool/GiftUIFailureDiagnostics.swiftsourceinfo	7578926ac36d9b4d550e918c10e6e2713cb21a863f37c5ba1da19607a227f541
build/swiftpm/arm64-apple-macosx/release/Modules-tool/GiftUIFailureExecution.abi.json	4277ac6b49f8511196028a5ac20f5b1b1dfa754c24615d34068089f0b1739728
build/swiftpm/arm64-apple-macosx/release/Modules-tool/GiftUIFailureExecution.swiftdoc	0e6e51276ad78ca9b9b4e61952dbe7739dd12ac13781f22c8c12114eb9011f28
build/swiftpm/arm64-apple-macosx/release/Modules-tool/GiftUIFailureExecution.swiftmodule	96a317dfef0f04959b650394bc4946ad6c023aae829b87c336437638ddc4a6d0
build/swiftpm/arm64-apple-macosx/release/Modules-tool/GiftUIFailureExecution.swiftsourceinfo	dce921963f79c75c6ee62f2ac8eb61d3f3be04599e488beedd026cd5d4a0f833
build/swiftpm/arm64-apple-macosx/release/Modules-tool/GiftUIHostConfiguration.abi.json	4277ac6b49f8511196028a5ac20f5b1b1dfa754c24615d34068089f0b1739728
build/swiftpm/arm64-apple-macosx/release/Modules-tool/GiftUIHostConfiguration.swiftdoc	064225ce3acef921d87b76fb92658c27bf06515fa0fbd8cf8930a9c7f08e2379
build/swiftpm/arm64-apple-macosx/release/Modules-tool/GiftUIHostConfiguration.swiftmodule	869cd387d65b7b91b74fdd944359ebd5f7cde066f5ceb6ea77bf475b2e806ef1
build/swiftpm/arm64-apple-macosx/release/Modules-tool/GiftUIHostConfiguration.swiftsourceinfo	fd4b0c8a50f09338cc0b72ab68b4beccbaf5cc51d3eb2aac2145684a16ad0962
build/swiftpm/arm64-apple-macosx/release/Modules-tool/GiftUIInteraction.abi.json	4277ac6b49f8511196028a5ac20f5b1b1dfa754c24615d34068089f0b1739728
build/swiftpm/arm64-apple-macosx/release/Modules-tool/GiftUIInteraction.swiftdoc	67288e8c307e287e4fcd824eb202bc3d6d24db6b95787f2919b342d500f1d7f0
build/swiftpm/arm64-apple-macosx/release/Modules-tool/GiftUIInteraction.swiftmodule	4b9a118e61eda8960648ff307b609148c29dc878c9aea7b90531b67adfde2c62
build/swiftpm/arm64-apple-macosx/release/Modules-tool/GiftUIInteraction.swiftsourceinfo	a3e0ca56d1a7a2d3f991076452f28115792e064e16030680ddbc73b6f38c2b7b
build/swiftpm/arm64-apple-macosx/release/Modules-tool/GiftUIInteractionFailureAdapterFixture.abi.json	4277ac6b49f8511196028a5ac20f5b1b1dfa754c24615d34068089f0b1739728
build/swiftpm/arm64-apple-macosx/release/Modules-tool/GiftUIInteractionFailureAdapterFixture.swiftdoc	7e3eb1ecb90a6a93d8fd034e40fffe9cf623e956107523a927423aad86309460
build/swiftpm/arm64-apple-macosx/release/Modules-tool/GiftUIInteractionFailureAdapterFixture.swiftmodule	d29b7c72dbc059a5bda5991a989c16616035b0b09314d18fb2ad0ad401b056ff
build/swiftpm/arm64-apple-macosx/release/Modules-tool/GiftUIInteractionFailureAdapterFixture.swiftsourceinfo	1de73690609725c8f7309317fb5ce5249c1d3ae08142a18b019ea793e7137ead
build/swiftpm/arm64-apple-macosx/release/Modules-tool/GiftUILayout.abi.json	4277ac6b49f8511196028a5ac20f5b1b1dfa754c24615d34068089f0b1739728
build/swiftpm/arm64-apple-macosx/release/Modules-tool/GiftUILayout.swiftdoc	f6ad975159bf738b415da7df8956433435425c787bcffd04db1caa347d8331a4
build/swiftpm/arm64-apple-macosx/release/Modules-tool/GiftUILayout.swiftmodule	13ea11aad8d306e860575d66288ddef18d4d63ce34bc417a2164828d5e445181
build/swiftpm/arm64-apple-macosx/release/Modules-tool/GiftUILayout.swiftsourceinfo	04d99204b8b0c4cf12da2fcddaf5c68753c1380930e05baf1391031d1333769d
build/swiftpm/arm64-apple-macosx/release/Modules-tool/GiftUILayoutFailureAdapterFixture.abi.json	4277ac6b49f8511196028a5ac20f5b1b1dfa754c24615d34068089f0b1739728
build/swiftpm/arm64-apple-macosx/release/Modules-tool/GiftUILayoutFailureAdapterFixture.swiftdoc	411c7601c59d4a7046a1d4a206a4b1c58f4a620881431b4374c16f9e8b6ca61b
build/swiftpm/arm64-apple-macosx/release/Modules-tool/GiftUILayoutFailureAdapterFixture.swiftmodule	64ae46ff86ac0ac6f2bc564a2e7848a15282e3621783ae7efade9e08467ca2bc
build/swiftpm/arm64-apple-macosx/release/Modules-tool/GiftUILayoutFailureAdapterFixture.swiftsourceinfo	e0ef287fb68d69ba153c056ed7b4d7cb7f208cc9b79fb2390dd5ebd53628ee23
build/swiftpm/arm64-apple-macosx/release/Modules-tool/GiftUIMacros.abi.json	4277ac6b49f8511196028a5ac20f5b1b1dfa754c24615d34068089f0b1739728
build/swiftpm/arm64-apple-macosx/release/Modules-tool/GiftUIMacros.swiftdoc	98c7a914c24baa1da6ce3bc9998006fcd3d05d8701f90f3fd3d68ae62bb75543
build/swiftpm/arm64-apple-macosx/release/Modules-tool/GiftUIMacros.swiftmodule	c34050c67afe52d54723901bacfcb1c736e4ef6f18eca105fe941bfa5d27bc4e
build/swiftpm/arm64-apple-macosx/release/Modules-tool/GiftUIMacros.swiftsourceinfo	0d1932be20d9597d9486824aa6c03d8b43c8f356d26b8166d672d7af1623639e
build/swiftpm/arm64-apple-macosx/release/Modules-tool/GiftUIObservableState.abi.json	4277ac6b49f8511196028a5ac20f5b1b1dfa754c24615d34068089f0b1739728
build/swiftpm/arm64-apple-macosx/release/Modules-tool/GiftUIObservableState.swiftdoc	efdc4b966cd63970137a286f313bed3e2fe31c8b3b183e8370cd6208766eb367
build/swiftpm/arm64-apple-macosx/release/Modules-tool/GiftUIObservableState.swiftmodule	a0f8d994092ee7ee65b8dfc9130f3ad77578e22de7dc6ff5c9437ba51dde6bcd
build/swiftpm/arm64-apple-macosx/release/Modules-tool/GiftUIObservableState.swiftsourceinfo	f3aeb9f180837a9d2be8083c4af00a13bb531fc0135978ed0d576714fa7b7f95
build/swiftpm/arm64-apple-macosx/release/Modules-tool/GiftUIObservableStateFailureAdapterFixture.abi.json	4277ac6b49f8511196028a5ac20f5b1b1dfa754c24615d34068089f0b1739728
build/swiftpm/arm64-apple-macosx/release/Modules-tool/GiftUIObservableStateFailureAdapterFixture.swiftdoc	5fb74470b7ea2ce2ac13a3319f3357380d88446f2df444a46f0b4dd78117c158
build/swiftpm/arm64-apple-macosx/release/Modules-tool/GiftUIObservableStateFailureAdapterFixture.swiftmodule	555163608e34001b3adebac683efe90b32e008c6e1e302cf18684b70882e920d
build/swiftpm/arm64-apple-macosx/release/Modules-tool/GiftUIObservableStateFailureAdapterFixture.swiftsourceinfo	a46bacf7dfaa561ca2dfda35e70e25cb735c07653fd38251cbc0e4fc0d18d0a3
build/swiftpm/arm64-apple-macosx/release/Modules-tool/GiftUIPlatformRaspberryPi.abi.json	4277ac6b49f8511196028a5ac20f5b1b1dfa754c24615d34068089f0b1739728
build/swiftpm/arm64-apple-macosx/release/Modules-tool/GiftUIPlatformRaspberryPi.swiftdoc	8d3ebe20831181393f83bb9c13dc36010bb5ccef10b267659be202131fcbcba2
build/swiftpm/arm64-apple-macosx/release/Modules-tool/GiftUIPlatformRaspberryPi.swiftmodule	8cc79d3a0851f66ebeabcee0eb4fc66bff25772eb6d35332aaf152af38042128
build/swiftpm/arm64-apple-macosx/release/Modules-tool/GiftUIPlatformRaspberryPi.swiftsourceinfo	2215df578bf22fb1874b99866d148191b2045b080d42a3655117aa53e197b596
build/swiftpm/arm64-apple-macosx/release/Modules-tool/GiftUIRasterCore.abi.json	4277ac6b49f8511196028a5ac20f5b1b1dfa754c24615d34068089f0b1739728
build/swiftpm/arm64-apple-macosx/release/Modules-tool/GiftUIRasterCore.swiftdoc	17ca48ac96eef943b1ed4284914dce288c62ff9728f5e61b30944095c39640c8
build/swiftpm/arm64-apple-macosx/release/Modules-tool/GiftUIRasterCore.swiftmodule	2390e50804791e75eeedcb74314d1bac6c57c2569cd7c4e2c74f4d7f40f627e3
build/swiftpm/arm64-apple-macosx/release/Modules-tool/GiftUIRasterCore.swiftsourceinfo	2daf936afb9dd5121f85ed02d10fe78f83805af7178e895d0f50457342d320eb
build/swiftpm/arm64-apple-macosx/release/Modules-tool/GiftUIReferenceTextResources.abi.json	4277ac6b49f8511196028a5ac20f5b1b1dfa754c24615d34068089f0b1739728
build/swiftpm/arm64-apple-macosx/release/Modules-tool/GiftUIReferenceTextResources.swiftdoc	e1a7db13400acd4ea426c044afc57e94e26a6033f7eb94a88eb36ab9183c1566
build/swiftpm/arm64-apple-macosx/release/Modules-tool/GiftUIReferenceTextResources.swiftmodule	89cf9f65bc97d0b2431c12bd05c9004ded3b74725b7ba77477b10b0cf7167e9e
build/swiftpm/arm64-apple-macosx/release/Modules-tool/GiftUIReferenceTextResources.swiftsourceinfo	211613e5410af4fb2b4ad074a02495bf992f62520f4f3b324c5bf0b217bf054e
build/swiftpm/arm64-apple-macosx/release/Modules-tool/GiftUIRenderCore.abi.json	4277ac6b49f8511196028a5ac20f5b1b1dfa754c24615d34068089f0b1739728
build/swiftpm/arm64-apple-macosx/release/Modules-tool/GiftUIRenderCore.swiftdoc	1764bacd582fe155242eb7d6702196d66534b7dc2cf8d5c8c6866fc60f2f51c3
build/swiftpm/arm64-apple-macosx/release/Modules-tool/GiftUIRenderCore.swiftmodule	5b153ebb68a0a799f990520712efaabe8020b1c0ab83524ef0c17a89a7f6c426
build/swiftpm/arm64-apple-macosx/release/Modules-tool/GiftUIRenderCore.swiftsourceinfo	1e5a97e3069aaaab5e75db2f3e7596a2c7ed85d66ca88c4dea686730a73fe19c
build/swiftpm/arm64-apple-macosx/release/Modules-tool/GiftUIRenderFailureAdapterFixture.abi.json	4277ac6b49f8511196028a5ac20f5b1b1dfa754c24615d34068089f0b1739728
build/swiftpm/arm64-apple-macosx/release/Modules-tool/GiftUIRenderFailureAdapterFixture.swiftdoc	31ac97cd756c94779561b1282c74e487664de041ffdb30da9fe9e4211a72e2e3
build/swiftpm/arm64-apple-macosx/release/Modules-tool/GiftUIRenderFailureAdapterFixture.swiftmodule	e2f9ac60dd91e67f0e966742fe00aaff63717e2f32b047f66ebe7f0ca8f0323a
build/swiftpm/arm64-apple-macosx/release/Modules-tool/GiftUIRenderFailureAdapterFixture.swiftsourceinfo	9cb01c8542c5b691bfad4d60be4e73defc8aa9e9ad9ff983664884ee2e77f1aa
build/swiftpm/arm64-apple-macosx/release/Modules-tool/GiftUIRenderLowering.abi.json	4277ac6b49f8511196028a5ac20f5b1b1dfa754c24615d34068089f0b1739728
build/swiftpm/arm64-apple-macosx/release/Modules-tool/GiftUIRenderLowering.swiftdoc	246f8d442a759bbd5dd2b4f10d245d70cfaf48ecd26fd30666ff3231e1e6a3be
build/swiftpm/arm64-apple-macosx/release/Modules-tool/GiftUIRenderLowering.swiftmodule	710b5d3acb5f7a2348bf21c121d686bd9c7982cb537b97d3dcb2875681102960
build/swiftpm/arm64-apple-macosx/release/Modules-tool/GiftUIRenderLowering.swiftsourceinfo	122279fabfb949190607bc97a2d8ff36e54cbdd6687057495728e6a08d046457
build/swiftpm/arm64-apple-macosx/release/Modules-tool/GiftUIRuntimeCore.abi.json	4277ac6b49f8511196028a5ac20f5b1b1dfa754c24615d34068089f0b1739728
build/swiftpm/arm64-apple-macosx/release/Modules-tool/GiftUIRuntimeCore.swiftdoc	ff5df4c266bbca0537bfedfce474b2e42ec2b2b060c4494ffe738ccf6f98f96d
build/swiftpm/arm64-apple-macosx/release/Modules-tool/GiftUIRuntimeCore.swiftmodule	fccbddbf116a467092a9d83824af3e8abdf5baadd0717eabd064f714f2785292
build/swiftpm/arm64-apple-macosx/release/Modules-tool/GiftUIRuntimeCore.swiftsourceinfo	50ba59c218ebcff8ccee760acb2fd728627817761959c169fdd868245d7a4938
build/swiftpm/arm64-apple-macosx/release/Modules-tool/GiftUIRuntimeDynamic.abi.json	4277ac6b49f8511196028a5ac20f5b1b1dfa754c24615d34068089f0b1739728
build/swiftpm/arm64-apple-macosx/release/Modules-tool/GiftUIRuntimeDynamic.swiftdoc	f4595c8544843e37849e1d774fd6279cd651a2334d089ef11678193cf571081e
build/swiftpm/arm64-apple-macosx/release/Modules-tool/GiftUIRuntimeDynamic.swiftmodule	bbaf111437f3ffcba35075753696d48a22b02604f52ebde26b069741d7d86913
build/swiftpm/arm64-apple-macosx/release/Modules-tool/GiftUIRuntimeDynamic.swiftsourceinfo	9b3aea7d7967a30f0c65a47b94539c787c0c7515a8a79bb65d22f0ab9bfe16fd
build/swiftpm/arm64-apple-macosx/release/Modules-tool/GiftUIRuntimeFailureAdapterFixture.abi.json	4277ac6b49f8511196028a5ac20f5b1b1dfa754c24615d34068089f0b1739728
build/swiftpm/arm64-apple-macosx/release/Modules-tool/GiftUIRuntimeFailureAdapterFixture.swiftdoc	d16f601edf1dff47e6ba62314c2607a4751b3cff50591fcf8158f3e018c11bb6
build/swiftpm/arm64-apple-macosx/release/Modules-tool/GiftUIRuntimeFailureAdapterFixture.swiftmodule	f13c0b7704b19422d1616530b4658f002d6730f97d9c4ea75a70f098553fa569
build/swiftpm/arm64-apple-macosx/release/Modules-tool/GiftUIRuntimeFailureAdapterFixture.swiftsourceinfo	e3812eaa1664b021e1c95d7042511f4b9077ce25021e85e56310582c061bb401
build/swiftpm/arm64-apple-macosx/release/Modules-tool/GiftUIRuntimeStatic.abi.json	4277ac6b49f8511196028a5ac20f5b1b1dfa754c24615d34068089f0b1739728
build/swiftpm/arm64-apple-macosx/release/Modules-tool/GiftUIRuntimeStatic.swiftdoc	bbaaa1307230bea8666ee28db0ebb758500157c7cd7c147571334273716c3952
build/swiftpm/arm64-apple-macosx/release/Modules-tool/GiftUIRuntimeStatic.swiftmodule	6986f5283082bb84d8b06fcbc052b49c4d3627cbc5182b867c9b1c7b382a9241
build/swiftpm/arm64-apple-macosx/release/Modules-tool/GiftUIRuntimeStatic.swiftsourceinfo	15dcd3606a691d9c479a490cfc46c0235ad17cbd9bc6bb91d6dcc64879809d82
build/swiftpm/arm64-apple-macosx/release/Modules-tool/GiftUISemanticCore.abi.json	4277ac6b49f8511196028a5ac20f5b1b1dfa754c24615d34068089f0b1739728
build/swiftpm/arm64-apple-macosx/release/Modules-tool/GiftUISemanticCore.swiftdoc	3fe3d7360eb660423e304b72cf202b73d700c73c7be8995a8ef982d424e27275
build/swiftpm/arm64-apple-macosx/release/Modules-tool/GiftUISemanticCore.swiftmodule	f15acadf022c36f26bfa93958a66507b28e9765e1ba2e3f5d8b523759ec34e06
build/swiftpm/arm64-apple-macosx/release/Modules-tool/GiftUISemanticCore.swiftsourceinfo	fc60159b9707feb90ab375d1284c1d27e6db17b8649194dd75459eccc5a9eb42
build/swiftpm/arm64-apple-macosx/release/Modules-tool/GiftUISemanticFailureAdapterFixture.abi.json	4277ac6b49f8511196028a5ac20f5b1b1dfa754c24615d34068089f0b1739728
build/swiftpm/arm64-apple-macosx/release/Modules-tool/GiftUISemanticFailureAdapterFixture.swiftdoc	e3d32e34f3f2b5c73e565b75bfcec6e8da5d31733c9edfa5ccb4bfc8bb221a88
build/swiftpm/arm64-apple-macosx/release/Modules-tool/GiftUISemanticFailureAdapterFixture.swiftmodule	2f65234fd90566ba6805eabdbd6adff5e60afd7f12ce240bfe9c008311b1433f
build/swiftpm/arm64-apple-macosx/release/Modules-tool/GiftUISemanticFailureAdapterFixture.swiftsourceinfo	56b28fa609b7e57a682b7f5237070fa012ef60ef98eeccf98a7a835fcf30d04d
build/swiftpm/arm64-apple-macosx/release/Modules-tool/GiftUISurfaceCore.abi.json	4277ac6b49f8511196028a5ac20f5b1b1dfa754c24615d34068089f0b1739728
build/swiftpm/arm64-apple-macosx/release/Modules-tool/GiftUISurfaceCore.swiftdoc	9ea063666e8f1e9761e4f2d440a57441753b2c0a4bfcfeb383ab3a2b1b228ce9
build/swiftpm/arm64-apple-macosx/release/Modules-tool/GiftUISurfaceCore.swiftmodule	bfe0b6019d35a149be7c4deccc68aa24831e1a9a596ba110eefa56e0addfafca
build/swiftpm/arm64-apple-macosx/release/Modules-tool/GiftUISurfaceCore.swiftsourceinfo	75ea1d1b9112f90fd73d6e8ca8078233d6c337b8048bc1bc4ca61578ad06c0d7
build/swiftpm/arm64-apple-macosx/release/Modules-tool/GiftUITextResourceFailureAdapterFixture.abi.json	4277ac6b49f8511196028a5ac20f5b1b1dfa754c24615d34068089f0b1739728
build/swiftpm/arm64-apple-macosx/release/Modules-tool/GiftUITextResourceFailureAdapterFixture.swiftdoc	272eb69fa7c5378add477754a6afe5244753832cc293b255670a20aa88f59791
build/swiftpm/arm64-apple-macosx/release/Modules-tool/GiftUITextResourceFailureAdapterFixture.swiftmodule	44fd451d8b53f6aacf6f6d02743352205fdb5ae3e80245a8c887aaed9d374e6e
build/swiftpm/arm64-apple-macosx/release/Modules-tool/GiftUITextResourceFailureAdapterFixture.swiftsourceinfo	fb1c4d5fba282b21406aca76a1acf0fd840a5621bde5077f1f7a4de4ab6278de
build/swiftpm/arm64-apple-macosx/release/Modules-tool/GiftUITextResources.abi.json	4277ac6b49f8511196028a5ac20f5b1b1dfa754c24615d34068089f0b1739728
build/swiftpm/arm64-apple-macosx/release/Modules-tool/GiftUITextResources.swiftdoc	a627c677d5bf30bbfff9315343d33935b7ea479389464f8a6dba0fb79847e078
build/swiftpm/arm64-apple-macosx/release/Modules-tool/GiftUITextResources.swiftmodule	9406515f9cac2d63977c547e119e90ace6354f951476501b3878751b12ccd7a0
build/swiftpm/arm64-apple-macosx/release/Modules-tool/GiftUITextResources.swiftsourceinfo	c43b99587d40e9d173df458b2bf198fa450cc4da8e84c6ec6a891cd167d7c7bf
build/swiftpm/arm64-apple-macosx/release/Modules-tool/SignalAnalyzerData.abi.json	4277ac6b49f8511196028a5ac20f5b1b1dfa754c24615d34068089f0b1739728
build/swiftpm/arm64-apple-macosx/release/Modules-tool/SignalAnalyzerData.swiftdoc	2938985ee1002005d4c9051b84b1bfb054f48f4d65d8a953cf71c0cfca456ba7
build/swiftpm/arm64-apple-macosx/release/Modules-tool/SignalAnalyzerData.swiftmodule	a128d4c8f7b4774f70590c487efc9f3f9a7c99f18a69a895f3ca01d8f26f14c8
build/swiftpm/arm64-apple-macosx/release/Modules-tool/SignalAnalyzerData.swiftsourceinfo	96602e2edf3fca3f8a2f48e2a6120eb8ffe2ad9a3d27f08a3e66ad1e6e35b0d2
build/swiftpm/arm64-apple-macosx/release/Modules-tool/SignalAnalyzerDomain.abi.json	4277ac6b49f8511196028a5ac20f5b1b1dfa754c24615d34068089f0b1739728
build/swiftpm/arm64-apple-macosx/release/Modules-tool/SignalAnalyzerDomain.swiftdoc	be958e3ea442d0cd88e8292e4da539bc608e27276f1f8649a1ecaeb8cc83c0b9
build/swiftpm/arm64-apple-macosx/release/Modules-tool/SignalAnalyzerDomain.swiftmodule	2b70159d6cd05e1c8f35fba19d7c4d352e5e44c12054d0a58e670a96dd283251
build/swiftpm/arm64-apple-macosx/release/Modules-tool/SignalAnalyzerDomain.swiftsourceinfo	cb889a8297845f2c77df451a11d44e904f453fcd21474541a0ac69ca722993f5
build/swiftpm/arm64-apple-macosx/release/Modules-tool/SignalAnalyzerHost.abi.json	4277ac6b49f8511196028a5ac20f5b1b1dfa754c24615d34068089f0b1739728
build/swiftpm/arm64-apple-macosx/release/Modules-tool/SignalAnalyzerHost.swiftdoc	75e037d1d0f3644aa0ea99f9843ed3b819d31a6d608307c2ec383e2b5868923d
build/swiftpm/arm64-apple-macosx/release/Modules-tool/SignalAnalyzerHost.swiftmodule	3fb0f009b53d31b4e334ac66dcc73e4e939d2bf2e7d9ad58cde4da7f915c4300
build/swiftpm/arm64-apple-macosx/release/Modules-tool/SignalAnalyzerHost.swiftsourceinfo	ad31191f108a54573227880eb32d2ba428576ae9811ed16957c3aa024187b22c
build/swiftpm/arm64-apple-macosx/release/Modules-tool/SignalAnalyzerPresentation.abi.json	4277ac6b49f8511196028a5ac20f5b1b1dfa754c24615d34068089f0b1739728
build/swiftpm/arm64-apple-macosx/release/Modules-tool/SignalAnalyzerPresentation.swiftdoc	44690e964e8ed049645d8b44571756d0bf49d5aeb801deeddb6eec8b4202a85e
build/swiftpm/arm64-apple-macosx/release/Modules-tool/SignalAnalyzerPresentation.swiftmodule	6e279e43820204647021beb91c94ab597bc48053f789fcbc98fb31146f8588b1
build/swiftpm/arm64-apple-macosx/release/Modules-tool/SignalAnalyzerPresentation.swiftsourceinfo	cd19c829cabd70302b9a1014bcc1e3f33137e092832ceacd6bdf4b76b343e1f3
build/swiftpm/arm64-apple-macosx/release/Modules-tool/SignalAnalyzerPresetHarness.abi.json	4277ac6b49f8511196028a5ac20f5b1b1dfa754c24615d34068089f0b1739728
build/swiftpm/arm64-apple-macosx/release/Modules-tool/SignalAnalyzerPresetHarness.swiftdoc	cc70b209c64bbda33a2db3bc7e811dac6389ca3870204a811cb9a3f9b6479f2a
build/swiftpm/arm64-apple-macosx/release/Modules-tool/SignalAnalyzerPresetHarness.swiftmodule	52d56f4267a80cc9654664babddbb96b1277959b3060dc04776e2199a8857768
build/swiftpm/arm64-apple-macosx/release/Modules-tool/SignalAnalyzerPresetHarness.swiftsourceinfo	2d51920746fa6cd5295fcc42fd92f708762e3f597d1911ed9b05a511ac5c8d6e
build/swiftpm/arm64-apple-macosx/release/Modules-tool/SignalAnalyzerTargetHost.abi.json	4277ac6b49f8511196028a5ac20f5b1b1dfa754c24615d34068089f0b1739728
build/swiftpm/arm64-apple-macosx/release/Modules-tool/SignalAnalyzerTargetHost.swiftdoc	0b3f7c3ad3f9d7b50f31a3c0d3c2df15a310f3125a9b77612bd2fe351776bc21
build/swiftpm/arm64-apple-macosx/release/Modules-tool/SignalAnalyzerTargetHost.swiftmodule	b2b91f6cbd951b4ae176d38fcab3bbf0e7d967bf910227873688d3b32ee3d4fb
build/swiftpm/arm64-apple-macosx/release/Modules-tool/SignalAnalyzerTargetHost.swiftsourceinfo	e98f2bebe009045e5c2d75c877769018dfc75d1d14afc8bb3951dbbbb5a68d8e
build/swiftpm/arm64-apple-macosx/release/Modules-tool/SwiftBasicFormat.abi.json	4277ac6b49f8511196028a5ac20f5b1b1dfa754c24615d34068089f0b1739728
build/swiftpm/arm64-apple-macosx/release/Modules-tool/SwiftBasicFormat.swiftdoc	84795cd8402c8c196e39438f9975ebeb8c044561f14818037640d6cc19c6fded
build/swiftpm/arm64-apple-macosx/release/Modules-tool/SwiftBasicFormat.swiftmodule	2b33d9cc99cd63598d825feb8b667759835e3d68ebfe801ad3eb614ea9d5cde4
build/swiftpm/arm64-apple-macosx/release/Modules-tool/SwiftBasicFormat.swiftsourceinfo	b60f72079f39bb60c34d20ceff0193e6acfecd5a80b90dc909bf4a60fd229487
build/swiftpm/arm64-apple-macosx/release/Modules-tool/SwiftCompilerPlugin.abi.json	4277ac6b49f8511196028a5ac20f5b1b1dfa754c24615d34068089f0b1739728
build/swiftpm/arm64-apple-macosx/release/Modules-tool/SwiftCompilerPlugin.swiftdoc	20ebfa7ae8fec6ac7b675f1945ca5a372667f8e24d388f0ddef88fb38bd2d86c
build/swiftpm/arm64-apple-macosx/release/Modules-tool/SwiftCompilerPlugin.swiftmodule	a6e24e5f525c3cc1da3be3340ecdfa1c0c3c9c911e1af163007457f6e9a577ba
build/swiftpm/arm64-apple-macosx/release/Modules-tool/SwiftCompilerPlugin.swiftsourceinfo	709aa5b4424a42ecbe405623761f3236ae48499877eb523f7ab11425e0d4dbc2
build/swiftpm/arm64-apple-macosx/release/Modules-tool/SwiftCompilerPluginMessageHandling.abi.json	4277ac6b49f8511196028a5ac20f5b1b1dfa754c24615d34068089f0b1739728
build/swiftpm/arm64-apple-macosx/release/Modules-tool/SwiftCompilerPluginMessageHandling.swiftdoc	aa8f0b5f2c0b31104aa8be38585a56db13599f2eee03523815c7e6ff0f09c8d2
build/swiftpm/arm64-apple-macosx/release/Modules-tool/SwiftCompilerPluginMessageHandling.swiftmodule	67465cb736a67f261fbced6104168d593c636d044c1c9ab3f07e9b0ea39bbff1
build/swiftpm/arm64-apple-macosx/release/Modules-tool/SwiftCompilerPluginMessageHandling.swiftsourceinfo	12835eee9fffb7cd7a40e477dd122800e1d4d40e4e56dba1bd7a9f4145005d2d
build/swiftpm/arm64-apple-macosx/release/Modules-tool/SwiftDiagnostics.abi.json	4277ac6b49f8511196028a5ac20f5b1b1dfa754c24615d34068089f0b1739728
build/swiftpm/arm64-apple-macosx/release/Modules-tool/SwiftDiagnostics.swiftdoc	5cbf6b9d5ad41941abbf8b282f6a399dbc75508d421279334b5f1bb07d14f9fc
build/swiftpm/arm64-apple-macosx/release/Modules-tool/SwiftDiagnostics.swiftmodule	e4c2163afb89b4e75ae369afdea6e60e6385212d621d337f63e220c1f14acd2d
build/swiftpm/arm64-apple-macosx/release/Modules-tool/SwiftDiagnostics.swiftsourceinfo	457f35287ce9127a329a7fd754d5b5ed4d0a40819438cb5aee0305e3ad34407e
build/swiftpm/arm64-apple-macosx/release/Modules-tool/SwiftIfConfig.abi.json	4277ac6b49f8511196028a5ac20f5b1b1dfa754c24615d34068089f0b1739728
build/swiftpm/arm64-apple-macosx/release/Modules-tool/SwiftIfConfig.swiftdoc	a76584673ee1ff90ff314ccaa2ecb7197b29f82eb886d7d266307368779da7b9
build/swiftpm/arm64-apple-macosx/release/Modules-tool/SwiftIfConfig.swiftmodule	8d505b8b909dd62b9fff73f4353cadbf2900d50f7b6cf1f7f9d6dbf5372de8d5
build/swiftpm/arm64-apple-macosx/release/Modules-tool/SwiftIfConfig.swiftsourceinfo	9b1a5672b9cd236f23e1fab71e1defce443fe7d370c818dacdc4f559c3d7396a
build/swiftpm/arm64-apple-macosx/release/Modules-tool/SwiftOperators.abi.json	4277ac6b49f8511196028a5ac20f5b1b1dfa754c24615d34068089f0b1739728
build/swiftpm/arm64-apple-macosx/release/Modules-tool/SwiftOperators.swiftdoc	ba01291e8153bb92626e29a8597a9bfbe562b58fcca2f64cce2b9b3c2d75ba77
build/swiftpm/arm64-apple-macosx/release/Modules-tool/SwiftOperators.swiftmodule	a47163a08157d0cbe5d14f1a3c6fb1b62a61ea1896463a4ce80e0ebac9228576
build/swiftpm/arm64-apple-macosx/release/Modules-tool/SwiftOperators.swiftsourceinfo	4590ddf3d473817bbf9d83e1b88c93f3064925a3184400e6516bd4b60dcd9e11
build/swiftpm/arm64-apple-macosx/release/Modules-tool/SwiftParser.abi.json	4277ac6b49f8511196028a5ac20f5b1b1dfa754c24615d34068089f0b1739728
build/swiftpm/arm64-apple-macosx/release/Modules-tool/SwiftParser.swiftdoc	7c97e26cdfbad4e7b710b76f1fa8e39265ef7575ee97aee5c07d488ab5d77bcf
build/swiftpm/arm64-apple-macosx/release/Modules-tool/SwiftParser.swiftmodule	074269868774d251acea67bb20b8e0c36aa67245830deb904814e05ae62775ea
build/swiftpm/arm64-apple-macosx/release/Modules-tool/SwiftParser.swiftsourceinfo	a3ce2299c2212ec38553857730c510901a051ed129af6425956bbf337e2d722e
build/swiftpm/arm64-apple-macosx/release/Modules-tool/SwiftParserDiagnostics.abi.json	4277ac6b49f8511196028a5ac20f5b1b1dfa754c24615d34068089f0b1739728
build/swiftpm/arm64-apple-macosx/release/Modules-tool/SwiftParserDiagnostics.swiftdoc	0c5dcadb6a9b39347e469057737793e5b01bf9b66b6f1e11243a0a1a046a8b92
build/swiftpm/arm64-apple-macosx/release/Modules-tool/SwiftParserDiagnostics.swiftmodule	8c626a01c57d28786dfb6addfc696addc63fe49135e29c4e9aa471ecf1738261
build/swiftpm/arm64-apple-macosx/release/Modules-tool/SwiftParserDiagnostics.swiftsourceinfo	9f68cf01e5ebf4e20261cee0518cc4615e0ebd88798a5558ed195ade1b750cb2
build/swiftpm/arm64-apple-macosx/release/Modules-tool/SwiftSyntax.abi.json	4277ac6b49f8511196028a5ac20f5b1b1dfa754c24615d34068089f0b1739728
build/swiftpm/arm64-apple-macosx/release/Modules-tool/SwiftSyntax.swiftdoc	9b720dc50d379040c1a867bb636bc48d3bce231cb90f0544af95e94af5c0e380
build/swiftpm/arm64-apple-macosx/release/Modules-tool/SwiftSyntax.swiftmodule	80d111730b38956ff9a5b48253e626d4ab39645b926f48f93b1e25aa2ec5a4fb
build/swiftpm/arm64-apple-macosx/release/Modules-tool/SwiftSyntax.swiftsourceinfo	97aef37b78879baeaf5e50cbd29437fd432b062acdf0d2bba7ded510514010c1
build/swiftpm/arm64-apple-macosx/release/Modules-tool/SwiftSyntax509.abi.json	4277ac6b49f8511196028a5ac20f5b1b1dfa754c24615d34068089f0b1739728
build/swiftpm/arm64-apple-macosx/release/Modules-tool/SwiftSyntax509.swiftdoc	8ac704e6501ece514b9a4b1191d13e27c4af8f76dc9398b7182d91c73ed39352
build/swiftpm/arm64-apple-macosx/release/Modules-tool/SwiftSyntax509.swiftmodule	4bc65453eecdca49d37f936abdea8f0f8b2d51c721260101dadad0d71a7f5fb9
build/swiftpm/arm64-apple-macosx/release/Modules-tool/SwiftSyntax509.swiftsourceinfo	3cd846259592199b7a9754d66b1e7adba49840310428058936496124f0989e31
build/swiftpm/arm64-apple-macosx/release/Modules-tool/SwiftSyntax510.abi.json	4277ac6b49f8511196028a5ac20f5b1b1dfa754c24615d34068089f0b1739728
build/swiftpm/arm64-apple-macosx/release/Modules-tool/SwiftSyntax510.swiftdoc	47054b26fda719f008f0bec4b4e29e7972e79f9e5f4a3605e7c94ead78061bd2
build/swiftpm/arm64-apple-macosx/release/Modules-tool/SwiftSyntax510.swiftmodule	3345be2cfcd3268dd271c994bae0348e9ffa910ef315a86b17ea275394901146
build/swiftpm/arm64-apple-macosx/release/Modules-tool/SwiftSyntax510.swiftsourceinfo	4c3ff76ee1859a35934d735f2d2d855d9788100fc182d67265487fb97d82bc65
build/swiftpm/arm64-apple-macosx/release/Modules-tool/SwiftSyntax600.abi.json	4277ac6b49f8511196028a5ac20f5b1b1dfa754c24615d34068089f0b1739728
build/swiftpm/arm64-apple-macosx/release/Modules-tool/SwiftSyntax600.swiftdoc	feae735ebb35ff3e45c3f600f557dd528f22ff7c74c0f43ec8d1f853f8097314
build/swiftpm/arm64-apple-macosx/release/Modules-tool/SwiftSyntax600.swiftmodule	30c19c72a6e63a9d3598950d76600bc4017ff606765c096b292b43fe4b6630a3
build/swiftpm/arm64-apple-macosx/release/Modules-tool/SwiftSyntax600.swiftsourceinfo	8c3774540b0f1ed92fea8575966fd5391b3d771df3e7f73ebe886f280c709a1e
build/swiftpm/arm64-apple-macosx/release/Modules-tool/SwiftSyntax601.abi.json	4277ac6b49f8511196028a5ac20f5b1b1dfa754c24615d34068089f0b1739728
build/swiftpm/arm64-apple-macosx/release/Modules-tool/SwiftSyntax601.swiftdoc	24ccbdbe9a6fc6971b45efe8b6bde32b20714e8c227f149e4d22cdc3eba0763a
build/swiftpm/arm64-apple-macosx/release/Modules-tool/SwiftSyntax601.swiftmodule	8a1356e58d71a38e2ca644f4ec055c6d690fad0f944cccbd7bf006e8a56ab935
build/swiftpm/arm64-apple-macosx/release/Modules-tool/SwiftSyntax601.swiftsourceinfo	1690757556b9caa77a40fd648bb0c8e52c9db77744a09f9d248ac8f9a792fc88
build/swiftpm/arm64-apple-macosx/release/Modules-tool/SwiftSyntax602.abi.json	4277ac6b49f8511196028a5ac20f5b1b1dfa754c24615d34068089f0b1739728
build/swiftpm/arm64-apple-macosx/release/Modules-tool/SwiftSyntax602.swiftdoc	2670bfb4726808beaf4dbcdc7e956c4b90864d900efae86a666d4e43242c3720
build/swiftpm/arm64-apple-macosx/release/Modules-tool/SwiftSyntax602.swiftmodule	8128a3f2a91a92ab7dfd3343d025c0c36a117e4428c9bee911c2c2065c4d4144
build/swiftpm/arm64-apple-macosx/release/Modules-tool/SwiftSyntax602.swiftsourceinfo	cc79de14d5adefbd77326308fa92610e68b1438656957d5787bd37c95698f607
build/swiftpm/arm64-apple-macosx/release/Modules-tool/SwiftSyntax603.abi.json	4277ac6b49f8511196028a5ac20f5b1b1dfa754c24615d34068089f0b1739728
build/swiftpm/arm64-apple-macosx/release/Modules-tool/SwiftSyntax603.swiftdoc	75c8af2fa662f3e491f037855965e47ddfd7e9a6d23727a55f737c6e6ae70c65
build/swiftpm/arm64-apple-macosx/release/Modules-tool/SwiftSyntax603.swiftmodule	f74f4e2aac6fa1044986adbe59662fa5535fb516fc07274766f488e216f0feea
build/swiftpm/arm64-apple-macosx/release/Modules-tool/SwiftSyntax603.swiftsourceinfo	29ae60254016da425844d567064fb0dd71581e8e0936f7e8b165bf8878e905a3
build/swiftpm/arm64-apple-macosx/release/Modules-tool/SwiftSyntaxBuilder.abi.json	4277ac6b49f8511196028a5ac20f5b1b1dfa754c24615d34068089f0b1739728
build/swiftpm/arm64-apple-macosx/release/Modules-tool/SwiftSyntaxBuilder.swiftdoc	282ed069c89f101841ddff07a828d40f92dcab774b59689281fdcd07e46c1757
build/swiftpm/arm64-apple-macosx/release/Modules-tool/SwiftSyntaxBuilder.swiftmodule	5a356d5813cc61ebfd965ef560c5c3c800bcd06ac4e2390bdec3ba11f6bb5b0f
build/swiftpm/arm64-apple-macosx/release/Modules-tool/SwiftSyntaxBuilder.swiftsourceinfo	eda14a933e1aac36b2e75655a92caaf685699257f43d5d575a36b7cdc07316a4
build/swiftpm/arm64-apple-macosx/release/Modules-tool/SwiftSyntaxMacroExpansion.abi.json	4277ac6b49f8511196028a5ac20f5b1b1dfa754c24615d34068089f0b1739728
build/swiftpm/arm64-apple-macosx/release/Modules-tool/SwiftSyntaxMacroExpansion.swiftdoc	a28fddc4bcb88e2369ece9f873f8052c27ac8c2bb3150e19cb9b72e6442ef90d
build/swiftpm/arm64-apple-macosx/release/Modules-tool/SwiftSyntaxMacroExpansion.swiftmodule	fe9fc4eb0aaa55f69a9e9f07f0531d3dcd026de639630780c3ea291609037d26
build/swiftpm/arm64-apple-macosx/release/Modules-tool/SwiftSyntaxMacroExpansion.swiftsourceinfo	8eec6255b97f15927cf0705fe08c53eee86ff534a18a387e63b4205a889299b2
build/swiftpm/arm64-apple-macosx/release/Modules-tool/SwiftSyntaxMacros.abi.json	4277ac6b49f8511196028a5ac20f5b1b1dfa754c24615d34068089f0b1739728
build/swiftpm/arm64-apple-macosx/release/Modules-tool/SwiftSyntaxMacros.swiftdoc	2391a270faf1a3e9d343725038160e5eb0b5844c40585d719372e2df2e01dd33
build/swiftpm/arm64-apple-macosx/release/Modules-tool/SwiftSyntaxMacros.swiftmodule	76fdb63d3294a73340740bcff352d93465b0b721210c72c9bc9c6967fdc7a073
build/swiftpm/arm64-apple-macosx/release/Modules-tool/SwiftSyntaxMacros.swiftsourceinfo	cfb58126de55e234da5debeb42b9a09764329020d1b75917cf8dc505a56e050a
build/swiftpm/arm64-apple-macosx/release/SignalAnalyzerData-tool.build/DefaultSignalAcquisitionRepository.swift.o	a80d4947f966b4373accd5fe34548631a2f5d98f853afbc9c38e40a522b7df97
build/swiftpm/arm64-apple-macosx/release/SignalAnalyzerData-tool.build/DeterministicSignalDataSource.swift.o	b0abbb90ef384093be9cdbae1d58be320e4057c7b59db8eda38d166a8400277e
build/swiftpm/arm64-apple-macosx/release/SignalAnalyzerData-tool.build/DeterministicSignalGenerator.swift.o	7068ad1cf198ece583e417d2e841f8270875ac0152de68ad9a2ab5e6d8fa07c6
build/swiftpm/arm64-apple-macosx/release/SignalAnalyzerData-tool.build/ModuleBoundary.swift.o	20c3b47da8951155451e304ef4c203405b56a89e533c5762e10aac34dec9acd6
build/swiftpm/arm64-apple-macosx/release/SignalAnalyzerData-tool.build/SignalAnalyzerData.d	0a5ce383912066bceddd0011c010d1c04a578d3ca9896c517afae90a3359a02d
build/swiftpm/arm64-apple-macosx/release/SignalAnalyzerData-tool.build/SignalAnalyzerData.dia	2c72d5afff8cce441f2f8299a18215b0bf79605aa7eb05839e38f7949b46c0e2
build/swiftpm/arm64-apple-macosx/release/SignalAnalyzerData-tool.build/SignalCaptureStore.swift.o	bb8c8017021fda2afa58f0150beaa76b13db8aa34312afe547c54924d726b44c
build/swiftpm/arm64-apple-macosx/release/SignalAnalyzerData-tool.build/include/SignalAnalyzerData-Swift.h	7376b24aec60d25c91b0551fe22b206038290a06d1148bfc73d0d1af03154875
build/swiftpm/arm64-apple-macosx/release/SignalAnalyzerData-tool.build/include/module.modulemap	2e6fa0218e27d22d505fabf4be56859a9e7b83215faec2cd88ab48636767c255
build/swiftpm/arm64-apple-macosx/release/SignalAnalyzerData-tool.build/output-file-map.json	e9d711f446fdfde1e2abcb5fcad7cab7df29f1dd665629139c48dd1d2f7367c1
build/swiftpm/arm64-apple-macosx/release/SignalAnalyzerData-tool.build/sources	b80894b6c4f2546bd712a3877f655834c22af5abba0b33f66097be4c8f67302f
build/swiftpm/arm64-apple-macosx/release/SignalAnalyzerDataTests-tool.build/output-file-map.json	9c2dbb94eb7dca90649ecad005c8097edb6c414e12629881394970dd9cae622b
build/swiftpm/arm64-apple-macosx/release/SignalAnalyzerDomain-tool.build/AcquisitionState.swift.o	e1b30b3c2dcad85e4d0cb00c4c3a1265a863f7343d440a076c36830dcea156a3
build/swiftpm/arm64-apple-macosx/release/SignalAnalyzerDomain-tool.build/ModuleBoundary.swift.o	6b056f5f627511a415c9c5e1a608878e1d4613aeb1fb76376ad71b4501337eda
build/swiftpm/arm64-apple-macosx/release/SignalAnalyzerDomain-tool.build/SignalAcquisitionContracts.swift.o	c221edfdbe214d68c00fe238ef96f7cf3b06226371f78f002f72bdec0f2f3a1c
build/swiftpm/arm64-apple-macosx/release/SignalAnalyzerDomain-tool.build/SignalAnalyzerDiagnostic.swift.o	ffc106d87560a549de67a481fd7ed91d59bc9001f344c8c35de9d0d4e24da65a
build/swiftpm/arm64-apple-macosx/release/SignalAnalyzerDomain-tool.build/SignalAnalyzerDomain.d	3eda16eede6fceb6b1d6459456fff7c2a420bc2f0c40dec857e3224681d02ec6
build/swiftpm/arm64-apple-macosx/release/SignalAnalyzerDomain-tool.build/SignalAnalyzerDomain.dia	2c72d5afff8cce441f2f8299a18215b0bf79605aa7eb05839e38f7949b46c0e2
build/swiftpm/arm64-apple-macosx/release/SignalAnalyzerDomain-tool.build/SignalCaptureChange.swift.o	80b9c84e3bd27b7d72eed9f37cdb7caec9f225459ff366ee9c42a1565bf7598d
build/swiftpm/arm64-apple-macosx/release/SignalAnalyzerDomain-tool.build/SignalCapturePublication.swift.o	c54c9d19fcb4e7ed9b66bded8f2666d41644f5f4368af2ff284cbe5504f2b64b
build/swiftpm/arm64-apple-macosx/release/SignalAnalyzerDomain-tool.build/SignalPrimitiveValues.swift.o	aefb4c8aa361547c33d4a00516fc5bc0c37954502ce79a54e94518382f483660
build/swiftpm/arm64-apple-macosx/release/SignalAnalyzerDomain-tool.build/SignalValues.swift.o	892aecf778f0f13ba929742180e1d2f1277e5145ea45b1df4be816952059943c
build/swiftpm/arm64-apple-macosx/release/SignalAnalyzerDomain-tool.build/include/SignalAnalyzerDomain-Swift.h	ca7f48378998bef444f7793c3fb4a3d582f37d639c7fdd54ed33d02b60c4a968
build/swiftpm/arm64-apple-macosx/release/SignalAnalyzerDomain-tool.build/include/module.modulemap	b1c0fee533b3e8467d783f5d2cf914d8dcacf749cc06f89b9bd812d96276f8c8
build/swiftpm/arm64-apple-macosx/release/SignalAnalyzerDomain-tool.build/output-file-map.json	be1abbe36f25cd06880c8d0b908557decca185a44fd8d52234fe580aede83ba6
build/swiftpm/arm64-apple-macosx/release/SignalAnalyzerDomain-tool.build/sources	3df274c570712fef89465f8fd5d6953cfaf5f6c89adf17dcd1adcadbe87d62e9
build/swiftpm/arm64-apple-macosx/release/SignalAnalyzerDomainTests-tool.build/output-file-map.json	c8738373c1cc8f06097fd72860c2b8a72cf4794b60ebd8e4573770bd39e9a958
build/swiftpm/arm64-apple-macosx/release/SignalAnalyzerHost-tool.build/SignalAnalyzerHost.d	e69b3ce304eb70ff27fbb201faf10586e8d8c1eb55c15e24540674c4be772cdd
build/swiftpm/arm64-apple-macosx/release/SignalAnalyzerHost-tool.build/SignalAnalyzerHost.dia	2c72d5afff8cce441f2f8299a18215b0bf79605aa7eb05839e38f7949b46c0e2
build/swiftpm/arm64-apple-macosx/release/SignalAnalyzerHost-tool.build/SignalAnalyzerHostFactAdmission.swift.o	067b5e1068b71a8d7275f45a4984d743e03e5b8b37d65ad333975cf486d63923
build/swiftpm/arm64-apple-macosx/release/SignalAnalyzerHost-tool.build/include/SignalAnalyzerHost-Swift.h	aa71b308661dadedb277ac16a9699f7f0351c9be2c54d8047aeab4d6621cf3d7
build/swiftpm/arm64-apple-macosx/release/SignalAnalyzerHost-tool.build/include/module.modulemap	ee3697adf1cccb6a9332209669dbd83ce1fa81e67a077b197d158979e3b4217b
build/swiftpm/arm64-apple-macosx/release/SignalAnalyzerHost-tool.build/output-file-map.json	d5e86b7b3795ac96be7ce84d5c0f78a2beae8f6b110496fef0956bdfde186937
build/swiftpm/arm64-apple-macosx/release/SignalAnalyzerHost-tool.build/sources	b7461ede26647017130a47b9a92c6779fe3a05432b5925892bfeed029eef53dc
build/swiftpm/arm64-apple-macosx/release/SignalAnalyzerPresentation-tool.build/ModuleBoundary.swift.o	f5f9b5b6a524211d440486a5e01b6209dc41bae8200f9272e4869a94cd542756
build/swiftpm/arm64-apple-macosx/release/SignalAnalyzerPresentation-tool.build/SignalAnalyzerDiagnostic+BoundedText.swift.o	7a430b990bb63d1d228cdaf448dd37708f27cee470e91ca38f4546f6d2defc8c
build/swiftpm/arm64-apple-macosx/release/SignalAnalyzerPresentation-tool.build/SignalAnalyzerFailureNormalizer.swift.o	85c52a1d464f8bd625ba5ecee3d7e8b92e1a9047a53d16bd7b9f36a30987fd2e
build/swiftpm/arm64-apple-macosx/release/SignalAnalyzerPresentation-tool.build/SignalAnalyzerFailurePolicyValues.swift.o	7676f5c3eca2f1ea0a3655ef8e8c0ae9a8e5bfc7d9182e707cff05c2e4e0cc3c
build/swiftpm/arm64-apple-macosx/release/SignalAnalyzerPresentation-tool.build/SignalAnalyzerLayoutConstraints.swift.o	d95b1b8175a7149d79f19a36c1df545142ad08b58dbca4ff31c598e476d88740
build/swiftpm/arm64-apple-macosx/release/SignalAnalyzerPresentation-tool.build/SignalAnalyzerOwnerFailureAdapter.swift.o	1c290c6d20c624fefd0308691de07f18611ef8676e4104d6e650874b9e6b3a5c
build/swiftpm/arm64-apple-macosx/release/SignalAnalyzerPresentation-tool.build/SignalAnalyzerPresentation.d	90b202af82977036a58a89a79e69f4f5162b0d0968839e41fd911eeac176d9da
build/swiftpm/arm64-apple-macosx/release/SignalAnalyzerPresentation-tool.build/SignalAnalyzerPresentation.dia	2c72d5afff8cce441f2f8299a18215b0bf79605aa7eb05839e38f7949b46c0e2
build/swiftpm/arm64-apple-macosx/release/SignalAnalyzerPresentation-tool.build/SignalAnalyzerPresentationAdmissionAdapter.swift.o	b57f95f755939990c9b967f4c2fbc65776871c0e612aeddb2eb114dee077fbd4
build/swiftpm/arm64-apple-macosx/release/SignalAnalyzerPresentation-tool.build/SignalAnalyzerPresentationValues.swift.o	5b32f0f0e7b690adace60b625e32a1241c4f7b734a9ef91638b8da0f2b7b42da
build/swiftpm/arm64-apple-macosx/release/SignalAnalyzerPresentation-tool.build/SignalAnalyzerRuntimeCondition.swift.o	b9eb88e9a87fabc819ce10440b86b80c31066df66fb043f92aebc1b7017346e4
build/swiftpm/arm64-apple-macosx/release/SignalAnalyzerPresentation-tool.build/SignalAnalyzerRuntimeFailureNormalizer.swift.o	4d183f276e4676df297c02f3ca9d571ee7ef0de940cde12e1f2d7aeae44605ec
build/swiftpm/arm64-apple-macosx/release/SignalAnalyzerPresentation-tool.build/SignalAnalyzerRuntimeFailureRule.swift.o	348004df2e5e7b9c242e014fd4c73c92e6d7e4db4d191d4fecc481b462cdb2df
build/swiftpm/arm64-apple-macosx/release/SignalAnalyzerPresentation-tool.build/SignalAnalyzerTimelineFormatting.swift.o	666092560a7964845e64f0da980ceb2fc0c477094393bd9b899efd32a9c50c35
build/swiftpm/arm64-apple-macosx/release/SignalAnalyzerPresentation-tool.build/SignalAnalyzerView.swift.o	eb4c30e1aed8a9fbe8edc4f64d67549ffb7ee3f413a699f0bc8c440008273921
build/swiftpm/arm64-apple-macosx/release/SignalAnalyzerPresentation-tool.build/SignalAnalyzerWaveformGeometry.swift.o	c04bd539a2ba9b5db131a3d730637b26b732a010db8c44ea1c2f11af14a8a0f2
build/swiftpm/arm64-apple-macosx/release/SignalAnalyzerPresentation-tool.build/include/SignalAnalyzerPresentation-Swift.h	22422425013aebb1e99341004263ec8d8d1b89cb7ce5550d60b7410d96ac4957
build/swiftpm/arm64-apple-macosx/release/SignalAnalyzerPresentation-tool.build/include/module.modulemap	884b3e5492285611783a4a397b5ba5115998e0c997f8f5e97f4fc9035b633c88
build/swiftpm/arm64-apple-macosx/release/SignalAnalyzerPresentation-tool.build/output-file-map.json	d0c174a125b399d78714e3595eca238e81f743e6fd3c8327a2c997dd4569b35c
build/swiftpm/arm64-apple-macosx/release/SignalAnalyzerPresentation-tool.build/sources	3f4293b3257a46588ff262f0dd50c5bed30db62dbb78f10db2227149cefb3206
build/swiftpm/arm64-apple-macosx/release/SignalAnalyzerPresentationTests-tool.build/output-file-map.json	bef9db72672476068c889ac487ee05882c430817c5ba75d46806dea78b0ae7ab
build/swiftpm/arm64-apple-macosx/release/SignalAnalyzerPresetHarness-tool.build/HardwareFreePresetRunner.swift.o	152bf7535c92edfbc99c6891d6be80928422906457218d33dbf35b6dc5ea95f6
build/swiftpm/arm64-apple-macosx/release/SignalAnalyzerPresetHarness-tool.build/SignalAnalyzerPresetHarness.d	4ddc0cddf4e79fdc5f5832c9ac64e820c3091eed0ce7ffe3b579d1d03e00a15e
build/swiftpm/arm64-apple-macosx/release/SignalAnalyzerPresetHarness-tool.build/SignalAnalyzerPresetHarness.dia	2c72d5afff8cce441f2f8299a18215b0bf79605aa7eb05839e38f7949b46c0e2
build/swiftpm/arm64-apple-macosx/release/SignalAnalyzerPresetHarness-tool.build/include/SignalAnalyzerPresetHarness-Swift.h	14129101906eb736739a552e1d3c577f30c07e7b82a5ca0e64187f77b32a61e9
build/swiftpm/arm64-apple-macosx/release/SignalAnalyzerPresetHarness-tool.build/include/module.modulemap	49db22b4af302a121ec98817d721cc78bccc757c6efea051a24e4fb7ad99d744
build/swiftpm/arm64-apple-macosx/release/SignalAnalyzerPresetHarness-tool.build/output-file-map.json	7c71b1a29b6e44d6161f685bdf5d43b8224c5b3843051209c898f55910374e63
build/swiftpm/arm64-apple-macosx/release/SignalAnalyzerPresetHarness-tool.build/sources	7176caf74f9c463cadda98408fa77aebb8e23ede2a03e2ed81a80203c0b0ee70
build/swiftpm/arm64-apple-macosx/release/SignalAnalyzerTargetHost-tool.build/DynamicSignalAnalyzerActionDispatcher.swift.o	c3bb8b813dd24139b2fb30e6a7162c72bfcac8d98e906cd3454388958712a21e
build/swiftpm/arm64-apple-macosx/release/SignalAnalyzerTargetHost-tool.build/DynamicSignalAnalyzerApplicationFailureOwner.swift.o	8400435daa14af9c3f26ce33e544a05821eac0ca918498b84d3cdd55bcb8c9d1
build/swiftpm/arm64-apple-macosx/release/SignalAnalyzerTargetHost-tool.build/DynamicSignalAnalyzerPiAssembly.swift.o	d9c2f8c4ca7f5c7fc0a195bbc15ba485a22859350328dfe99bab74ede2a72e35
build/swiftpm/arm64-apple-macosx/release/SignalAnalyzerTargetHost-tool.build/DynamicSignalAnalyzerPiContactIngress.swift.o	ec9ac4d97e97baf04283e658cddcc2905bf28b049851a3d754d0c12b39f7f003
build/swiftpm/arm64-apple-macosx/release/SignalAnalyzerTargetHost-tool.build/DynamicSignalAnalyzerPiCorrelationOwner.swift.o	1785c6b44fa2a122e4e3a8c749569c20d0c36495719450c0e78a489e75dca9a3
build/swiftpm/arm64-apple-macosx/release/SignalAnalyzerTargetHost-tool.build/DynamicSignalAnalyzerPiEndpoint.swift.o	946df7c031acf52a71e1a882276fbd9227831dbe98fcf0fc9fe483bf98c4d0cd
build/swiftpm/arm64-apple-macosx/release/SignalAnalyzerTargetHost-tool.build/DynamicSignalAnalyzerPiInitialPresentationOwner.swift.o	8fb0b039c274d54cb94804a6f274444f99734ad24b12ae8d74cc8db118f5de5d
build/swiftpm/arm64-apple-macosx/release/SignalAnalyzerTargetHost-tool.build/DynamicSignalAnalyzerPiInputCoordinator.swift.o	eedda6e19f33af5cd9e7cf01cd522c4c5192eae0a2022a6a938bf1baec3f4b30
build/swiftpm/arm64-apple-macosx/release/SignalAnalyzerTargetHost-tool.build/DynamicSignalAnalyzerPiLifecycleOwner.swift.o	e62ec9e2cbaf46b1ffd0e1d76ed397ef73f9cf467f57af090ee1b93698e48e4b
build/swiftpm/arm64-apple-macosx/release/SignalAnalyzerTargetHost-tool.build/DynamicSignalAnalyzerPiWakeAdmission.swift.o	7bfd2c64b5542a6dc570be34b70cabd0475453b007f3da646e26b3840a8242e4
build/swiftpm/arm64-apple-macosx/release/SignalAnalyzerTargetHost-tool.build/DynamicSignalAnalyzerPiWakePacingOwner.swift.o	69e48fe5de7169a06e4328c7779af0b49e8e90653cff267d21c3229672e61542
build/swiftpm/arm64-apple-macosx/release/SignalAnalyzerTargetHost-tool.build/DynamicSignalAnalyzerPresentationPipeline.swift.o	52c9a636a0e081f1ea91318156d064ce1b42b0f2d978ff7a04249522d9666993
build/swiftpm/arm64-apple-macosx/release/SignalAnalyzerTargetHost-tool.build/SignalAnalyzerCycleFailureNormalizer.swift.o	db4320b5fad284b51f87dfe92947b74ae06d61c7348f13d9a55fe7e3c997c979
build/swiftpm/arm64-apple-macosx/release/SignalAnalyzerTargetHost-tool.build/SignalAnalyzerCycleOwnerFailure.swift.o	91ad943a1d2f5da093392a5da5612bfa9eb27d85280d2a05771a1ebf05d3d9b3
build/swiftpm/arm64-apple-macosx/release/SignalAnalyzerTargetHost-tool.build/SignalAnalyzerCycleResidualPolicyOwner.swift.o	383608e48d2fe5cbffa68a33ca21dacecabafe1502edc1b275ec7a6f8fac4b5c
build/swiftpm/arm64-apple-macosx/release/SignalAnalyzerTargetHost-tool.build/SignalAnalyzerTargetHost.d	4f82238f4345825c5dbb5d6ac1286b6c672b36d9f7b68c6b336fc53d627923db
build/swiftpm/arm64-apple-macosx/release/SignalAnalyzerTargetHost-tool.build/SignalAnalyzerTargetHost.dia	2c72d5afff8cce441f2f8299a18215b0bf79605aa7eb05839e38f7949b46c0e2
build/swiftpm/arm64-apple-macosx/release/SignalAnalyzerTargetHost-tool.build/StaticSignalAnalyzerActionDispatcher.swift.o	391faf7258f895532fb176499088c3b0417951ec0852edba43fda02db64030d6
build/swiftpm/arm64-apple-macosx/release/SignalAnalyzerTargetHost-tool.build/StaticSignalAnalyzerNRFApplicationInputOwner.swift.o	e4442cbabb9f4694b88bac65ff32b493e2bbf1846b5043658cd8ef877192995b
build/swiftpm/arm64-apple-macosx/release/SignalAnalyzerTargetHost-tool.build/StaticSignalAnalyzerNRFApplicationStorage.swift.o	05535e5a4f39cb35773fecee1fd10ed8fb5c091eb51f94a1781f05746451ea30
build/swiftpm/arm64-apple-macosx/release/SignalAnalyzerTargetHost-tool.build/StaticSignalAnalyzerNRFAssembly.swift.o	025279536f68f452265f5c592f90f2cac79253704a8013498ad0b73abcdc7f22
build/swiftpm/arm64-apple-macosx/release/SignalAnalyzerTargetHost-tool.build/StaticSignalAnalyzerNRFCanvasInvocationSource.swift.o	5745a20e76be68e0c02538135fa1ff5fdac10e9d6bbeeb05aba61678a69de448
build/swiftpm/arm64-apple-macosx/release/SignalAnalyzerTargetHost-tool.build/StaticSignalAnalyzerNRFCanvasPass.swift.o	bdefb813339996db812d8670d12b12b8280e237b1c65d8536a8b6d6e77fc807a
build/swiftpm/arm64-apple-macosx/release/SignalAnalyzerTargetHost-tool.build/StaticSignalAnalyzerNRFCanvasTable.generated.swift.o	cb996c7771dd7e06894b76e94643705a7c0dc112142672a7122b7fa7071b61db
build/swiftpm/arm64-apple-macosx/release/SignalAnalyzerTargetHost-tool.build/StaticSignalAnalyzerNRFCaptureFactAdmission.swift.o	ff1825b89cf662d67ce3e5afcf2e8818dc8ad229dbd3bcf047a15bf16f30135d
build/swiftpm/arm64-apple-macosx/release/SignalAnalyzerTargetHost-tool.build/StaticSignalAnalyzerNRFCaptureHistory.swift.o	5dcef567c0360297ec2ebd371f7340c92cf1e061e5864cd2160a6d53b3e8b032
build/swiftpm/arm64-apple-macosx/release/SignalAnalyzerTargetHost-tool.build/StaticSignalAnalyzerNRFCaptureRecord.swift.o	e1d2293596abd06782929a688c20a0e3cd45949f7ae5800d0c5d5200c3bf0361
build/swiftpm/arm64-apple-macosx/release/SignalAnalyzerTargetHost-tool.build/StaticSignalAnalyzerNRFCaptureSnapshotView.swift.o	c85443b47596ddde2ab82de227776c41352834adfc3491624d306e56e1a772e2
build/swiftpm/arm64-apple-macosx/release/SignalAnalyzerTargetHost-tool.build/StaticSignalAnalyzerNRFCaptureStorage.swift.o	c2d4e908b711fea2479314b5b0ae8f5b6116a17bf6a14498c9ecd9b6f0c27f40
build/swiftpm/arm64-apple-macosx/release/SignalAnalyzerTargetHost-tool.build/StaticSignalAnalyzerNRFCompactCaptureFact.swift.o	f42ae20a5581a86d2b90ea50f7e331b535e1eeee3d20dc90233020be7aaad43b
build/swiftpm/arm64-apple-macosx/release/SignalAnalyzerTargetHost-tool.build/StaticSignalAnalyzerNRFCompactFactRing.swift.o	2372a92cb798e793b8070d10cc0d99b500394a8e4dcd1ce16c0b3ab8c0a22631
build/swiftpm/arm64-apple-macosx/release/SignalAnalyzerTargetHost-tool.build/StaticSignalAnalyzerNRFCompactPresentationFact.swift.o	08490ff3f7486a75b6d528e03cfc807624ff812466f127ecacb396c4551020c0
build/swiftpm/arm64-apple-macosx/release/SignalAnalyzerTargetHost-tool.build/StaticSignalAnalyzerNRFDeterministicSource.swift.o	325033284d9c798e15fe0952010238b6b839660f0ddb7fd62ddaffe89d3a51f7
build/swiftpm/arm64-apple-macosx/release/SignalAnalyzerTargetHost-tool.build/StaticSignalAnalyzerNRFDisplayTarget.swift.o	80e66d9b7575a8d348e51e0866aa7cea2e199e5fb2daca7f2964a0186ccd704d
build/swiftpm/arm64-apple-macosx/release/SignalAnalyzerTargetHost-tool.build/StaticSignalAnalyzerNRFDrawingPlanRecords.swift.o	e69c609a1e016a9dae3fc1d9c531d798068219fc6532905dd7b7a094f6d5b62b
build/swiftpm/arm64-apple-macosx/release/SignalAnalyzerTargetHost-tool.build/StaticSignalAnalyzerNRFDrawingPlanStorage.swift.o	3c214e72ec7694e874e75b0be33bd72d63ca0620e66f58016cf16a759d945bbe
build/swiftpm/arm64-apple-macosx/release/SignalAnalyzerTargetHost-tool.build/StaticSignalAnalyzerNRFDrawingWorkspace.swift.o	da1b595fa749ce9fb71d28c6e0962f8f95d8c5ab2a9438e735f78043ed8f0439
build/swiftpm/arm64-apple-macosx/release/SignalAnalyzerTargetHost-tool.build/StaticSignalAnalyzerNRFEmbeddedCanvasTable.generated.swift.o	7817fdb427ee1f7791999f8eeb42400bab960e357b3846c0d76ecbccd1ff2374
build/swiftpm/arm64-apple-macosx/release/SignalAnalyzerTargetHost-tool.build/StaticSignalAnalyzerNRFEmbeddedLayoutInterfaces.swift.o	4a09366edfc0bc1058f433ceac7c2d124b1003a8f04e0b3fc886a578095e6b61
build/swiftpm/arm64-apple-macosx/release/SignalAnalyzerTargetHost-tool.build/StaticSignalAnalyzerNRFEmbeddedLayoutModifier.swift.o	15cae59fee10e63342aa8dd234c33a5d3e1c18f5841f9476b709fc7d91c30ac9
build/swiftpm/arm64-apple-macosx/release/SignalAnalyzerTargetHost-tool.build/StaticSignalAnalyzerNRFEmbeddedLayoutPrimitive.swift.o	8477d976a8f9cd2abb0ff3c4cbc16912071b7ce53cc41c04242901c6578528ad
build/swiftpm/arm64-apple-macosx/release/SignalAnalyzerTargetHost-tool.build/StaticSignalAnalyzerNRFEmbeddedLayoutScopeCodec.swift.o	c4e4a60d0954431125b9cfdb5f4413a6e86ce3a064ee50bd719f8c375962e94d
build/swiftpm/arm64-apple-macosx/release/SignalAnalyzerTargetHost-tool.build/StaticSignalAnalyzerNRFEmbeddedLayoutTextCodec.swift.o	5a05f0b4873a80d5969191dda828e24258e1dfbd959b93726bf72d6854ee8038
build/swiftpm/arm64-apple-macosx/release/SignalAnalyzerTargetHost-tool.build/StaticSignalAnalyzerNRFEmbeddedLayoutWorkspace.swift.o	e4534bf3d74517b0f89d25b2d8d15e27a73d72d7e026c0af52ac90917373fa98
build/swiftpm/arm64-apple-macosx/release/SignalAnalyzerTargetHost-tool.build/StaticSignalAnalyzerNRFEmbeddedResolvedLayoutView.swift.o	87366c3843d22c35e6b2a6b8d9d51178feb4ed9bdfbe5f8bf566f692162d3eb3
build/swiftpm/arm64-apple-macosx/release/SignalAnalyzerTargetHost-tool.build/StaticSignalAnalyzerNRFEmbeddedSemanticRegion.swift.o	663a12acab295e4e2dff8f2772d7984c23026dacbe08b6397d72f58bc361c8cc
build/swiftpm/arm64-apple-macosx/release/SignalAnalyzerTargetHost-tool.build/StaticSignalAnalyzerNRFEmbeddedSemanticValidator.swift.o	670cab12ae3309380765dc62dce5a32f00c2b19518f76c5dfc949327f4a08096
build/swiftpm/arm64-apple-macosx/release/SignalAnalyzerTargetHost-tool.build/StaticSignalAnalyzerNRFEmbeddedSemanticView.swift.o	a71ce5371b067294bc3fd42b9e79fdddba9a001cf161f3fc84af79d6963c39b2
build/swiftpm/arm64-apple-macosx/release/SignalAnalyzerTargetHost-tool.build/StaticSignalAnalyzerNRFEndpoint.swift.o	46064207e4cbbe76358ec77425918e02a79adeb931d090324718cec26a27fea3
build/swiftpm/arm64-apple-macosx/release/SignalAnalyzerTargetHost-tool.build/StaticSignalAnalyzerNRFGeneratedMetadata.swift.o	ad4a80a2d68cfad93cfebd2ff77e7ed661bfb2b2986a5a4557001577b0d60351
build/swiftpm/arm64-apple-macosx/release/SignalAnalyzerTargetHost-tool.build/StaticSignalAnalyzerNRFInputABI.swift.o	eebbcd58365c69510dc96999f4f60253ed11bc1597046284d2857d709a1df477
build/swiftpm/arm64-apple-macosx/release/SignalAnalyzerTargetHost-tool.build/StaticSignalAnalyzerNRFInputCoordinator.swift.o	7da1765b84202f0fe25cdacebb2ef2021a0f47d415b0bf4d4401f59ed18c71b5
build/swiftpm/arm64-apple-macosx/release/SignalAnalyzerTargetHost-tool.build/StaticSignalAnalyzerNRFInteractionCandidateProducer.swift.o	e9b103a2b4728eaf4d5adfeb4bf4aacdf2dd77cd747b09ba9197af4722df2f73
build/swiftpm/arm64-apple-macosx/release/SignalAnalyzerTargetHost-tool.build/StaticSignalAnalyzerNRFInteractionHandler.swift.o	b3e9b9c5abc062d21cdd0fbfcf4b302a6c51203ef4f76ae0abcfe9e68117154e
build/swiftpm/arm64-apple-macosx/release/SignalAnalyzerTargetHost-tool.build/StaticSignalAnalyzerNRFInteractionOccurrences.swift.o	e206198ad9bb4dc2908785cba90dbfadea503528a35f90ec933a2bf88998ab23
build/swiftpm/arm64-apple-macosx/release/SignalAnalyzerTargetHost-tool.build/StaticSignalAnalyzerNRFInteractionTargetProjection.swift.o	a8ae569ea690f427ea5650e1c453a03f7c968aac348135cd211c9c85eeaed1ef
build/swiftpm/arm64-apple-macosx/release/SignalAnalyzerTargetHost-tool.build/StaticSignalAnalyzerNRFLayoutPass.swift.o	4537297df7a1ad5e6dd9e43c389a4d5bf649109e8f278ba070548d3a31da3083
build/swiftpm/arm64-apple-macosx/release/SignalAnalyzerTargetHost-tool.build/StaticSignalAnalyzerNRFLayoutScopeCodec.swift.o	07131e48ac4c647dea75576cf3cacda79f28f3342d065c256c7c870cda1d6e66
build/swiftpm/arm64-apple-macosx/release/SignalAnalyzerTargetHost-tool.build/StaticSignalAnalyzerNRFLayoutTextCodec.swift.o	3021fd83ad5150df72f5c1fd082836a9f3f046fba47c0e82e194ce5720280d9d
build/swiftpm/arm64-apple-macosx/release/SignalAnalyzerTargetHost-tool.build/StaticSignalAnalyzerNRFLayoutWorkspace.swift.o	89a4c9393def7d95749eaf08e3b4f02898b28a6001a9b3493548008e8125b430
build/swiftpm/arm64-apple-macosx/release/SignalAnalyzerTargetHost-tool.build/StaticSignalAnalyzerNRFLivePathStorage.swift.o	461cdfe762064ac2c79c1abc552a689377f1719f0ed0ef95cb271123d2aab66b
build/swiftpm/arm64-apple-macosx/release/SignalAnalyzerTargetHost-tool.build/StaticSignalAnalyzerNRFModelCaptureState.swift.o	9ff0951f15506b4bd1d25f364d5dc93bd051c944692b94ff703de7c3bb0b1262
build/swiftpm/arm64-apple-macosx/release/SignalAnalyzerTargetHost-tool.build/StaticSignalAnalyzerNRFModelDescriptor.generated.swift.o	5c8c898ccbd038bfb248e7270896a55eac590ad5d8f119581c36fbf970c5c62d
build/swiftpm/arm64-apple-macosx/release/SignalAnalyzerTargetHost-tool.build/StaticSignalAnalyzerNRFModelLocation.swift.o	be537cb33d11dd03900870cbdb3df6659cc3b1706cf060fcd9119d3f25c23b90
build/swiftpm/arm64-apple-macosx/release/SignalAnalyzerTargetHost-tool.build/StaticSignalAnalyzerNRFModelModifierWriter.swift.o	3dc1ad5938cb95adf325008ccb846102e4cc1e859acf005bceafca2f75273cdc
build/swiftpm/arm64-apple-macosx/release/SignalAnalyzerTargetHost-tool.build/StaticSignalAnalyzerNRFModelTextWriter.swift.o	c11a1c4ed8868e1df7b938b53d3c0c8dab18f1c19925bb952b1ed3212237b9aa
build/swiftpm/arm64-apple-macosx/release/SignalAnalyzerTargetHost-tool.build/StaticSignalAnalyzerNRFModifierPayload.generated.swift.o	4acf2d755d8f79aec7ba88ec343acb0a920aeccc40433657b15af24120d5a27c
build/swiftpm/arm64-apple-macosx/release/SignalAnalyzerTargetHost-tool.build/StaticSignalAnalyzerNRFOperationalFailureBridge.swift.o	c651b9b90f2913a8e2df87411b75fd4763c090fbbc3703f261e7bc85267548db
build/swiftpm/arm64-apple-macosx/release/SignalAnalyzerTargetHost-tool.build/StaticSignalAnalyzerNRFOperationalFailureFact.swift.o	92740e94ca904ce79bf694bb2b963cc0df8910a783dbee32b68695f7e5a369b0
build/swiftpm/arm64-apple-macosx/release/SignalAnalyzerTargetHost-tool.build/StaticSignalAnalyzerNRFPacedApplicationStage.swift.o	9f45df9e3e005fbbb3c5bada8ee486c62e9e17932e0a684aabb30cf084d6a6c1
build/swiftpm/arm64-apple-macosx/release/SignalAnalyzerTargetHost-tool.build/StaticSignalAnalyzerNRFPackedSemanticRecords.generated.swift.o	0bdb35e78cd1131f0acc4d080b36f6d5dc18e5e6ce838b630d95931201eefa40
build/swiftpm/arm64-apple-macosx/release/SignalAnalyzerTargetHost-tool.build/StaticSignalAnalyzerNRFPresentationCommitter.swift.o	1c9fce06406bead828c015fff0ff655461c1b4d182d52789c5f80e102faca9b5
build/swiftpm/arm64-apple-macosx/release/SignalAnalyzerTargetHost-tool.build/StaticSignalAnalyzerNRFPresentationComposition.swift.o	73d00be948863b894776ba59042d7e572758db531eaf8b5caf21208290805947
build/swiftpm/arm64-apple-macosx/release/SignalAnalyzerTargetHost-tool.build/StaticSignalAnalyzerNRFPresentationHandoff.swift.o	55c53afaeaea7302771db38fccbeebbfd0629659f925028c388c11300070b7e8
build/swiftpm/arm64-apple-macosx/release/SignalAnalyzerTargetHost-tool.build/StaticSignalAnalyzerNRFPresentationHealth.swift.o	c197e5f4b52966f3ad339dbb9ec8281bb7c2187f02d3df5fad8eb02eba6812c6
build/swiftpm/arm64-apple-macosx/release/SignalAnalyzerTargetHost-tool.build/StaticSignalAnalyzerNRFPresentationIdentityOwner.swift.o	e86d49f70285f5d4731872f3b990efe2ca4baf72a9a945b15d718669431af4e7
build/swiftpm/arm64-apple-macosx/release/SignalAnalyzerTargetHost-tool.build/StaticSignalAnalyzerNRFPresentationInputs.generated.swift.o	2673d2fb4ed4422784319834c102070600bb67c5888f060504ca2818063b5562
build/swiftpm/arm64-apple-macosx/release/SignalAnalyzerTargetHost-tool.build/StaticSignalAnalyzerNRFPresentationPreparation.swift.o	d3fbbe4a550357817bd7527b2e771e905693ab9644707e578300c70db41159c5
build/swiftpm/arm64-apple-macosx/release/SignalAnalyzerTargetHost-tool.build/StaticSignalAnalyzerNRFPresentationTransaction.swift.o	81ac0b2a9605fd9571dd81ef8ff22d4918b86f87ce614a1e749b0f9749d7a8bd
build/swiftpm/arm64-apple-macosx/release/SignalAnalyzerTargetHost-tool.build/StaticSignalAnalyzerNRFPrimitivePayload.generated.swift.o	caa9e7361168fba0610d09e56dca46804895cc93a54a365c1429e13b7382b28d
build/swiftpm/arm64-apple-macosx/release/SignalAnalyzerTargetHost-tool.build/StaticSignalAnalyzerNRFProfileBinding.swift.o	e4ea0d9b795cdbf265c225385b16ef9c7135d1179bf76e0ef57a806afca37fd7
build/swiftpm/arm64-apple-macosx/release/SignalAnalyzerTargetHost-tool.build/StaticSignalAnalyzerNRFProfileRegions.swift.o	c046599f01eaf44ce6052c0dbeec22dfb186084cd3db2344002e111919132582
build/swiftpm/arm64-apple-macosx/release/SignalAnalyzerTargetHost-tool.build/StaticSignalAnalyzerNRFReferenceMetrics.generated.swift.o	ec149b57005bb91cd1b31d890ef24ec29dc1cb86ce0714633c95e252202f3071
build/swiftpm/arm64-apple-macosx/release/SignalAnalyzerTargetHost-tool.build/StaticSignalAnalyzerNRFRegionMap.swift.o	3e7b090e717131f6fe2f30a6defdfa46e06d7a2c8d61062f3109d100eda0133e
build/swiftpm/arm64-apple-macosx/release/SignalAnalyzerTargetHost-tool.build/StaticSignalAnalyzerNRFRenderOffer.swift.o	45c88b7c0f0262206fe0bde5756fcf43d08c7a9a369d68e3eb023c1b15b03472
build/swiftpm/arm64-apple-macosx/release/SignalAnalyzerTargetHost-tool.build/StaticSignalAnalyzerNRFRenderWorkspace.swift.o	f32f85f1fea2304e2a287773929f7a77373861db0354154c7e85f21145b440b2
build/swiftpm/arm64-apple-macosx/release/SignalAnalyzerTargetHost-tool.build/StaticSignalAnalyzerNRFRepositoryProducer.swift.o	cb5f15756fcab63906d30b1848af39600875d3d1e77d6d5b624be4f9b10f057b
build/swiftpm/arm64-apple-macosx/release/SignalAnalyzerTargetHost-tool.build/StaticSignalAnalyzerNRFResidualRouting.swift.o	907584783b4450be6042287637654e0300d562a19ee44c8e76125335961c9525
build/swiftpm/arm64-apple-macosx/release/SignalAnalyzerTargetHost-tool.build/StaticSignalAnalyzerNRFResolvedLayout.swift.o	889ef93107c3a94fd55dcc5a42dd4e49a862705619347ddc6ec06172947e279a
build/swiftpm/arm64-apple-macosx/release/SignalAnalyzerTargetHost-tool.build/StaticSignalAnalyzerNRFRuntimeStorage.swift.o	6323bd106687a3406137d834e8c1f46e481b5edc404d834b6a76fd152aa93108
build/swiftpm/arm64-apple-macosx/release/SignalAnalyzerTargetHost-tool.build/StaticSignalAnalyzerNRFSPITFTTransport.swift.o	b1157087183478b22ba588187cf3b90b81d648230eec255e6af8fbdd7925c3cd
build/swiftpm/arm64-apple-macosx/release/SignalAnalyzerTargetHost-tool.build/StaticSignalAnalyzerNRFSealedFactApplication.swift.o	ff847f273d0f4da1bc7c793f5b105733c328a39364685ef520a22a1f910ffd66
build/swiftpm/arm64-apple-macosx/release/SignalAnalyzerTargetHost-tool.build/StaticSignalAnalyzerNRFSemanticPublication.swift.o	ac69c3cdb0147ede7ff232f5438cb4c70978b18dc4615ffe99f54192fec27c5b
build/swiftpm/arm64-apple-macosx/release/SignalAnalyzerTargetHost-tool.build/StaticSignalAnalyzerNRFSemanticRegion.generated.swift.o	6721181b5ab8927009e9639a2c7d9ac8105d1642957b09347f276d2a6e01ae0c
build/swiftpm/arm64-apple-macosx/release/SignalAnalyzerTargetHost-tool.build/StaticSignalAnalyzerNRFSnapshotFact.swift.o	321e9e3193c2ae74b13abce709cb04bc1090c0a5eb79f5b5b3ed7879487444a7
build/swiftpm/arm64-apple-macosx/release/SignalAnalyzerTargetHost-tool.build/StaticSignalAnalyzerNRFTextPoolWriter.generated.swift.o	9351e723583d3ebc05fe20e5708e49c0d5dd0710447072ef1d20996aa0e3ec1c
build/swiftpm/arm64-apple-macosx/release/SignalAnalyzerTargetHost-tool.build/StaticSignalAnalyzerNRFTileStorage.swift.o	8aee775c23e6435ba2c4b54252cc5897a22133bf38ebff569ec78ed7538ff9fa
build/swiftpm/arm64-apple-macosx/release/SignalAnalyzerTargetHost-tool.build/StaticSignalAnalyzerNRFTopologyWriter.generated.swift.o	9f24c487737afb0286c06e3c1ca732da9fdc03169db596ec572ece3a7d4f5075
build/swiftpm/arm64-apple-macosx/release/SignalAnalyzerTargetHost-tool.build/StaticSignalAnalyzerNRFUTF8LayoutView.generated.swift.o	57c2b5b33b61687f10477fcdb70a0e842848f776642ff25b8a275a88d7d184a8
build/swiftpm/arm64-apple-macosx/release/SignalAnalyzerTargetHost-tool.build/StaticSignalAnalyzerNRFUTF8RenderView.generated.swift.o	d3c3e74f76e98341a42c80bb4353db7f0f763812b496fc4b0977fe40de749f80
build/swiftpm/arm64-apple-macosx/release/SignalAnalyzerTargetHost-tool.build/StaticSignalAnalyzerNRFUTF8TextPool.generated.swift.o	21df84bd81416575eaee04ebc6a5615dda82ede991fcdf780d0bb309a7c7e337
build/swiftpm/arm64-apple-macosx/release/SignalAnalyzerTargetHost-tool.build/include/SignalAnalyzerTargetHost-Swift.h	362d850117d21e1d5082b3f0f7863fdb553480766abc0fc16032536c78e5592a
build/swiftpm/arm64-apple-macosx/release/SignalAnalyzerTargetHost-tool.build/include/module.modulemap	777d2b33300e62c43262896abff569fa3a71cca26e83a2a6a5277d0eae1be952
build/swiftpm/arm64-apple-macosx/release/SignalAnalyzerTargetHost-tool.build/output-file-map.json	1e7a3ad53f6cca5849f2bc17dff31d6fe565c4a6afdcd94efb437d07554bd417
build/swiftpm/arm64-apple-macosx/release/SignalAnalyzerTargetHost-tool.build/sources	4f46f0f094a0c171245b1175549b04b3f45bd22689a785b281950db252a206ba
build/swiftpm/arm64-apple-macosx/release/SwiftBasicFormat-tool.build/BasicFormat.swift.o	b315607ec105f90ece0e39c0a7467a76ddd03e1d5c5ac52fedc58c33fd8214ef
build/swiftpm/arm64-apple-macosx/release/SwiftBasicFormat-tool.build/Indenter.swift.o	4618bfc46a4f394bc43be149b9513b5d36f3c400b58322c29634b8af4bed177b
build/swiftpm/arm64-apple-macosx/release/SwiftBasicFormat-tool.build/InferIndentation.swift.o	b9d882e3fdddd0bd3c8fad9162e46db34585e244bcecf269b1f37f09d6a18a58
build/swiftpm/arm64-apple-macosx/release/SwiftBasicFormat-tool.build/SwiftBasicFormat.d	4c5f30ac6c404def4b194292a1f91d365ed4811d04547a8fbdd00f426fc7433f
build/swiftpm/arm64-apple-macosx/release/SwiftBasicFormat-tool.build/SwiftBasicFormat.dia	2c72d5afff8cce441f2f8299a18215b0bf79605aa7eb05839e38f7949b46c0e2
build/swiftpm/arm64-apple-macosx/release/SwiftBasicFormat-tool.build/Syntax+Extensions.swift.o	0e8275f8f88ead578524d997d5fc46c0e84920a1b82c6e85a293d2e2c3b1aee3
build/swiftpm/arm64-apple-macosx/release/SwiftBasicFormat-tool.build/SyntaxProtocol+Formatted.swift.o	73b9ed96aacab86af73ddaf92f015caa4a9b0d14f5bea292f93a05038cdff0af
build/swiftpm/arm64-apple-macosx/release/SwiftBasicFormat-tool.build/Trivia+FormatExtensions.swift.o	af87cd6693d8f2128fad28868fe124a2e3e0ea007132125f4d448b823937f7f8
build/swiftpm/arm64-apple-macosx/release/SwiftBasicFormat-tool.build/include/SwiftBasicFormat-Swift.h	3e7c40b594c95d10cd6a02490894281ea017d66ed0c77d8b1e75afd1ab7f9dde
build/swiftpm/arm64-apple-macosx/release/SwiftBasicFormat-tool.build/include/module.modulemap	499fd755abcbf78c813330b7702a7b8ba16035ae560cd03f3180d5d09e528084
build/swiftpm/arm64-apple-macosx/release/SwiftBasicFormat-tool.build/output-file-map.json	89e3639db5844ff7b245e533208e4e89b0833de63f4de261c12f2d37ab1e308f
build/swiftpm/arm64-apple-macosx/release/SwiftBasicFormat-tool.build/sources	258c14f92dffd50735b742767bcea05c05736cf8f41f18028f2bc36aac5b8ef4
build/swiftpm/arm64-apple-macosx/release/SwiftCompilerPlugin-tool.build/CompilerPlugin.swift.o	4359165e2594b4ac892c694a18781832a461b901f3cdbc7cbab54b968218c9a8
build/swiftpm/arm64-apple-macosx/release/SwiftCompilerPlugin-tool.build/SwiftCompilerPlugin.d	20ea855e88dd910d57049fdabc94ea33c826a2f9343b95d2897a44ba7a54e695
build/swiftpm/arm64-apple-macosx/release/SwiftCompilerPlugin-tool.build/SwiftCompilerPlugin.dia	2c72d5afff8cce441f2f8299a18215b0bf79605aa7eb05839e38f7949b46c0e2
build/swiftpm/arm64-apple-macosx/release/SwiftCompilerPlugin-tool.build/include/SwiftCompilerPlugin-Swift.h	d24344fa37b55096f0c1fd781fd9131cae48b845bba915ddd9b85c17094af8a2
build/swiftpm/arm64-apple-macosx/release/SwiftCompilerPlugin-tool.build/include/module.modulemap	aaa728eae8b329745331c2af709ec72a857dc5de11692188baf876f1c588598b
build/swiftpm/arm64-apple-macosx/release/SwiftCompilerPlugin-tool.build/output-file-map.json	550356e037ff962706ee5e15202d07514b8f7b17c2747f6919a73652775cd253
build/swiftpm/arm64-apple-macosx/release/SwiftCompilerPlugin-tool.build/sources	0aa61251edee6e6b64d93292c02523d6bfa7d65ec7a9e7d50e8dfc1ea1bb0fbb
build/swiftpm/arm64-apple-macosx/release/SwiftCompilerPluginMessageHandling-tool.build/CodingUtilities.swift.o	c8643c5cca2022d191e0a82cd52e8f4397c36a12c38491771720f3c25047ef6e
build/swiftpm/arm64-apple-macosx/release/SwiftCompilerPluginMessageHandling-tool.build/CompilerPluginMessageHandler.swift.o	1bbf9f83929335659eeb8812b7ce93523fb9278ac26e2613af40acf1fd2bf488
build/swiftpm/arm64-apple-macosx/release/SwiftCompilerPluginMessageHandling-tool.build/Diagnostics.swift.o	242a00ae428eab3d6b787513d5405cb04975da287540cc8fb8b2ed6e77f15007
build/swiftpm/arm64-apple-macosx/release/SwiftCompilerPluginMessageHandling-tool.build/JSON.swift.o	ab5964292bf8c2d9a7e7b90374ff4458730227dcd175d99775e3850d2c48dbe8
build/swiftpm/arm64-apple-macosx/release/SwiftCompilerPluginMessageHandling-tool.build/JSONDecoding.swift.o	ef42a71880f395ad9c0f2afc43cbef18b63c5eb1ecad449b192ce9f88e9cd14c
build/swiftpm/arm64-apple-macosx/release/SwiftCompilerPluginMessageHandling-tool.build/JSONEncoding.swift.o	3bfc049532d6098773e5fb0047ac141f69d318c88739da01257653caed30462f
build/swiftpm/arm64-apple-macosx/release/SwiftCompilerPluginMessageHandling-tool.build/LRUCache.swift.o	e4b01c2631edb5274edd25eff485fa18eebbd24c08aab9ad4122d22d30dc07de
build/swiftpm/arm64-apple-macosx/release/SwiftCompilerPluginMessageHandling-tool.build/Macros.swift.o	520c63a74a7d97fd1e03fabf58619d2dd8eb9cfd6629e935c0318a25d79c2ce2
build/swiftpm/arm64-apple-macosx/release/SwiftCompilerPluginMessageHandling-tool.build/PluginMacroExpansionContext.swift.o	e9241ddb271c511ed5c9590592c3e04f4560a88646b16e5cf5c0a2d8f353018d
build/swiftpm/arm64-apple-macosx/release/SwiftCompilerPluginMessageHandling-tool.build/PluginMessageCompatibility.swift.o	ae02a7e94fd43e134a482a28a94acb005ba485dc74231411a9ba1d7efe8a81d0
build/swiftpm/arm64-apple-macosx/release/SwiftCompilerPluginMessageHandling-tool.build/PluginMessages.swift.o	e53790c667f844961009ae9e43c78c984f9c8dbf8e0fcdca61c795dbf2614d31
build/swiftpm/arm64-apple-macosx/release/SwiftCompilerPluginMessageHandling-tool.build/StandardIOMessageConnection.swift.o	eee66215fea27a23ffb7d532039f5b935038a073d3c61e046ca2df93de4fccd7
build/swiftpm/arm64-apple-macosx/release/SwiftCompilerPluginMessageHandling-tool.build/SwiftCompilerPluginMessageHandling.d	6f7903178b50a6ecd2031c0c62cb9b2262d84edb5fb6f29643efafb21501c4bf
build/swiftpm/arm64-apple-macosx/release/SwiftCompilerPluginMessageHandling-tool.build/SwiftCompilerPluginMessageHandling.dia	2c72d5afff8cce441f2f8299a18215b0bf79605aa7eb05839e38f7949b46c0e2
build/swiftpm/arm64-apple-macosx/release/SwiftCompilerPluginMessageHandling-tool.build/include/SwiftCompilerPluginMessageHandling-Swift.h	dab8b4ca5c4bca9f4adbafc1a17134fda38d4c13f8eacd13ca5ce890c259d0bc
build/swiftpm/arm64-apple-macosx/release/SwiftCompilerPluginMessageHandling-tool.build/include/module.modulemap	e736ccfd85f9a8019ab7c03ac40a9c59be9d0611bc5078b3b4e4f373be5dbebf
build/swiftpm/arm64-apple-macosx/release/SwiftCompilerPluginMessageHandling-tool.build/output-file-map.json	feda831ca62199f5b34b836046d2976ed7814c90fff65237ab49c428e54e1734
build/swiftpm/arm64-apple-macosx/release/SwiftCompilerPluginMessageHandling-tool.build/sources	9387b9e798dbdfecec812ee0b28a40e3f4c644df1fd5525fc8811873cc8e6fa3
build/swiftpm/arm64-apple-macosx/release/SwiftDiagnostics-tool.build/ANSIDiagnosticDecorator.swift.o	12c845d1c708280c03eb277d841e75a1e393baae87fb42680d08a80739a7c865
build/swiftpm/arm64-apple-macosx/release/SwiftDiagnostics-tool.build/BasicDiagnosticDecorator.swift.o	b14948d5ea7095192097adf6d2d986cba8c913b9f98c4a2a06eccd058c77589b
build/swiftpm/arm64-apple-macosx/release/SwiftDiagnostics-tool.build/Convenience.swift.o	afb31292e93d6f34076ff9a8a54892196122f88ad69faf2ede28e11fedae2f41
build/swiftpm/arm64-apple-macosx/release/SwiftDiagnostics-tool.build/Diagnostic.swift.o	ad993a4419dbe2081f9d69eef76b04e76ff452db84188017951d790b52d1edc5
build/swiftpm/arm64-apple-macosx/release/SwiftDiagnostics-tool.build/DiagnosticDecorator.swift.o	b44d5aa37a42e591922f3d68bc6aa4cc3e1bd2f9e5874fe268ac29b3184d01b1
build/swiftpm/arm64-apple-macosx/release/SwiftDiagnostics-tool.build/DiagnosticsFormatter.swift.o	74fdb2b7a59ea70576990c5ace3b9a8277a27534a49b3291da575ae2fddc2936
build/swiftpm/arm64-apple-macosx/release/SwiftDiagnostics-tool.build/FixIt.swift.o	6263a73a58d18602db6a3bcf2bf65c1503ef92819051cafb6fdf4ab0a93266f8
build/swiftpm/arm64-apple-macosx/release/SwiftDiagnostics-tool.build/GroupedDiagnostics.swift.o	a1365c705ccdf8c8b905e9f7bccd7ed5a14e634cf3370d8251a49be9a80eef1a
build/swiftpm/arm64-apple-macosx/release/SwiftDiagnostics-tool.build/Message.swift.o	b91b4a99127f0ae06a11c1875dfa38a385baa56b299f65f4acee8d54ed0ae0d3
build/swiftpm/arm64-apple-macosx/release/SwiftDiagnostics-tool.build/Note.swift.o	0fcc98599386572fe85ea4e137b7c25140532f99d1bfb86284e39f0f49d4c555
build/swiftpm/arm64-apple-macosx/release/SwiftDiagnostics-tool.build/SwiftDiagnostics.d	ff0d0133c044fd700a713dcbe8b34cd5bf460c608d45bdae5eca67955b7954a2
build/swiftpm/arm64-apple-macosx/release/SwiftDiagnostics-tool.build/SwiftDiagnostics.dia	2c72d5afff8cce441f2f8299a18215b0bf79605aa7eb05839e38f7949b46c0e2
build/swiftpm/arm64-apple-macosx/release/SwiftDiagnostics-tool.build/include/SwiftDiagnostics-Swift.h	361c4e3ed42c92e8f4e86eb92a33edc28f30f80e94bf672693a9ebd16c2ca17d
build/swiftpm/arm64-apple-macosx/release/SwiftDiagnostics-tool.build/include/module.modulemap	b269ac5133e8160f54747b2500991c64ca5d3116da2f1df9527e542fd083abd0
build/swiftpm/arm64-apple-macosx/release/SwiftDiagnostics-tool.build/output-file-map.json	d56112a0e5146c68fb83248634f8877ef3d769a8e98d6a94f1b32eca86fcf847
build/swiftpm/arm64-apple-macosx/release/SwiftDiagnostics-tool.build/sources	e9a96ca62ef3282da7380b8819dec290683c39a780bb60868f45368d0b578acc
build/swiftpm/arm64-apple-macosx/release/SwiftIDEUtils-tool.build/include/module.modulemap	81db7ae183bfed371de4f3c51f2bb2bccc6fa78e0e9ae5016563df0c920ebe62
build/swiftpm/arm64-apple-macosx/release/SwiftIDEUtils-tool.build/output-file-map.json	c646435a6f74f52fa63bf2788218b899aeb1bcc5a9630e699e6bd9d7751ab8c1
build/swiftpm/arm64-apple-macosx/release/SwiftIfConfig-tool.build/ActiveClauseEvaluator.swift.o	140c4f787f58dbc56307712cb81f8d592f9b7fbd3db3ce902b4e62ad6dc8d88b
build/swiftpm/arm64-apple-macosx/release/SwiftIfConfig-tool.build/ActiveSyntaxRewriter.swift.o	78309c7f0d239f47744f993ed19341264031682c768c4701b81ed9667b26ee49
build/swiftpm/arm64-apple-macosx/release/SwiftIfConfig-tool.build/ActiveSyntaxVisitor.swift.o	78f2cdcce349a04df2e3987486d601eecbc96d8e0bf37d1f60a3a95a1656854f
build/swiftpm/arm64-apple-macosx/release/SwiftIfConfig-tool.build/BuildConfiguration.swift.o	8bb8d9837341880e17a6b67e00c62c1a10ff6f123630a531f49b669fc6403caf
build/swiftpm/arm64-apple-macosx/release/SwiftIfConfig-tool.build/ConfiguredRegions.swift.o	668c734abe7ef58565a9ec2096248bbe66017d3fa11e94d2cbf344a76e5f2e5c
build/swiftpm/arm64-apple-macosx/release/SwiftIfConfig-tool.build/IfConfigDecl+IfConfig.swift.o	8e8d89206bd1a43caa5da1acc72b88d708c332605d7032940cca7052559a013a
build/swiftpm/arm64-apple-macosx/release/SwiftIfConfig-tool.build/IfConfigDiagnostic.swift.o	cc4d690aa796cb2f7f28299df292ef1b326133efb3a357ec51a2576692a10853
build/swiftpm/arm64-apple-macosx/release/SwiftIfConfig-tool.build/IfConfigEvaluation.swift.o	2cff49329b3839d62babc1816feb2b51cadefe4777d945ea1b697aeb50fd20f2
build/swiftpm/arm64-apple-macosx/release/SwiftIfConfig-tool.build/IfConfigFunctions.swift.o	16f61de763bb492e6cd5c7e7043260579beb838e570923775e5c15295ef8c678
build/swiftpm/arm64-apple-macosx/release/SwiftIfConfig-tool.build/IfConfigRegionState.swift.o	71d34b724ea4912d636114a269ca71b764b1af7b1d06b9aa897a4904222723b9
build/swiftpm/arm64-apple-macosx/release/SwiftIfConfig-tool.build/StaticBuildConfiguration.swift.o	24b7a39ac70ff1f0f9b64943bf9eed7bb23562b9d44c39c6c1282cde554dfcbd
build/swiftpm/arm64-apple-macosx/release/SwiftIfConfig-tool.build/SwiftIfConfig.d	fcabcf6b4db4013018c789b70bf488f2c63b2391b26719c23c9d1cfce50a8dc7
build/swiftpm/arm64-apple-macosx/release/SwiftIfConfig-tool.build/SwiftIfConfig.dia	2c72d5afff8cce441f2f8299a18215b0bf79605aa7eb05839e38f7949b46c0e2
build/swiftpm/arm64-apple-macosx/release/SwiftIfConfig-tool.build/SyntaxLiteralUtils.swift.o	c401b5e8b7c22e7df0145a41d00f43133a0468a5f0b68a2a4367dbaef129695e
build/swiftpm/arm64-apple-macosx/release/SwiftIfConfig-tool.build/SyntaxProtocol+IfConfig.swift.o	c24c3311c579bf8120e3874436fd98ed51da4d304d2278641afd1f94553b059b
build/swiftpm/arm64-apple-macosx/release/SwiftIfConfig-tool.build/VersionTuple+Parsing.swift.o	2872bd04fe8394185027f7e22ab89f1c42df89d8a258a2941aacfded20420652
build/swiftpm/arm64-apple-macosx/release/SwiftIfConfig-tool.build/VersionTuple.swift.o	884e03e10749a34ac3ea5d46aa052a5014abbcadd963f1250fa8b92f11b5d355
build/swiftpm/arm64-apple-macosx/release/SwiftIfConfig-tool.build/include/SwiftIfConfig-Swift.h	5f34640e44ef1cda4e06f4c401e6b77e6c3ca0c1d13c38ce959331d75f223856
build/swiftpm/arm64-apple-macosx/release/SwiftIfConfig-tool.build/include/module.modulemap	f1e0ae205104fe66eace8a8e08cc20a51ab4397ea89ab9226bb952b5265c90ea
build/swiftpm/arm64-apple-macosx/release/SwiftIfConfig-tool.build/output-file-map.json	a59c2292b3fb0b14d4a336d2b62f738f7325e1c1da71e49f72c169d2ab0305c1
build/swiftpm/arm64-apple-macosx/release/SwiftIfConfig-tool.build/sources	9d953cfac5f43b707e9e4be061a7e05a3ac568f721923a094e113b743fd8ccc2
build/swiftpm/arm64-apple-macosx/release/SwiftOperators-tool.build/Operator.swift.o	418cf27745006f30e2f3b5aaf0ca5737d7d27c9d95ef3b43e588c6d0884aa34a
build/swiftpm/arm64-apple-macosx/release/SwiftOperators-tool.build/OperatorError+Diagnostics.swift.o	86ba9700571a82dbb472d53bfb9cf5ead01c20ba1a42a6b44088ca4848b6c96e
build/swiftpm/arm64-apple-macosx/release/SwiftOperators-tool.build/OperatorError.swift.o	7c637e87f25a1667a51d96ed8a390566704c265c7ebac0cf779deda1651af85a
build/swiftpm/arm64-apple-macosx/release/SwiftOperators-tool.build/OperatorTable+Defaults.swift.o	c10d84cf2410670b45b13a3058b6f7c0b4dd9f0f37de4ecd9f3dfdf197924f22
build/swiftpm/arm64-apple-macosx/release/SwiftOperators-tool.build/OperatorTable+Folding.swift.o	5cc133e40f9bae450f06297cc731babd4ae33ff7c74a570b05329ee13f3be1af
build/swiftpm/arm64-apple-macosx/release/SwiftOperators-tool.build/OperatorTable+Semantics.swift.o	03c42eb97e9e9cbfc1e3289bf2e787004c2c6a39ea56e99efc22096d610caa00
build/swiftpm/arm64-apple-macosx/release/SwiftOperators-tool.build/OperatorTable.swift.o	a1d4986610c868c38b4b0954bb15c9fb41c1f3846ae5523932f03a3d8bb954f5
build/swiftpm/arm64-apple-macosx/release/SwiftOperators-tool.build/PrecedenceGraph.swift.o	858431def0dc4eab8f167f0cd36f9c8eca2f654ba988a5f86a2f73885960a57c
build/swiftpm/arm64-apple-macosx/release/SwiftOperators-tool.build/PrecedenceGroup.swift.o	eed0e013234cdc9741b6c564c935428393d400502878c3295f06c22cfe8a2987
build/swiftpm/arm64-apple-macosx/release/SwiftOperators-tool.build/SwiftOperators.d	e73bccdc753dab9f38c9354130f88d5064b1f3435507400736d02168cd387405
build/swiftpm/arm64-apple-macosx/release/SwiftOperators-tool.build/SwiftOperators.dia	2c72d5afff8cce441f2f8299a18215b0bf79605aa7eb05839e38f7949b46c0e2
build/swiftpm/arm64-apple-macosx/release/SwiftOperators-tool.build/SyntaxSynthesis.swift.o	6e27bb5e640ca459a09ac9edbbe395e710ee48a811c736c87ffa86be622e49d8
build/swiftpm/arm64-apple-macosx/release/SwiftOperators-tool.build/include/SwiftOperators-Swift.h	b5462aa2854d13c0c9106d1a156949163d138329b498689eb34456dda3abd487
build/swiftpm/arm64-apple-macosx/release/SwiftOperators-tool.build/include/module.modulemap	9b8c79360425d257367976ebd28360b7355a14ee76d17d4f1ffefe4387b7d742
build/swiftpm/arm64-apple-macosx/release/SwiftOperators-tool.build/output-file-map.json	d88094a122fbb270b0fa5a19313d52543294906a91b0de91949396612f304c33
build/swiftpm/arm64-apple-macosx/release/SwiftOperators-tool.build/sources	99e9cf6afb0b8c94678b0b6affbf7f1af9d37d2bb1f56980c86794167d7e6fb1
build/swiftpm/arm64-apple-macosx/release/SwiftParser-tool.build/Attributes.swift.o	65bd5b924c19a8bc41e88362faea4d08196214ebba19bd7d692087d8e989c810
build/swiftpm/arm64-apple-macosx/release/SwiftParser-tool.build/Availability.swift.o	375b0cbb6fffc8997aa174b279cba7dcc92acc91ffb781fbe66d2734e4041eae
build/swiftpm/arm64-apple-macosx/release/SwiftParser-tool.build/CharacterInfo.swift.o	4d3021e2e270c8a9ac016aeaa2cb68d3a9a86160130ecf0d7b284e78b1d00029
build/swiftpm/arm64-apple-macosx/release/SwiftParser-tool.build/CollectionNodes+Parsable.swift.o	1523162b9f06a33666558f0f9e52b7f542ddbe603f613a418934f1ed9a015b79
build/swiftpm/arm64-apple-macosx/release/SwiftParser-tool.build/CompilerFiles.swift.o	b0cb971cc36032ec520119a058238c42f63e6bf2b6ca96cc2296ec6d9293c505
build/swiftpm/arm64-apple-macosx/release/SwiftParser-tool.build/Cursor.swift.o	b4287d836214bf678ac67d6c3aa8ac5d6586f9847610ce46117106536e396575
build/swiftpm/arm64-apple-macosx/release/SwiftParser-tool.build/Declarations.swift.o	5b95b4d32a78a050504c4b2ad60c3e285a8ba9e4bd8904560e1e05bf5faeac57
build/swiftpm/arm64-apple-macosx/release/SwiftParser-tool.build/Directives.swift.o	c5b036b420c489370da1403920203f697f3228ed331b6e3db98d02af195fde1e
build/swiftpm/arm64-apple-macosx/release/SwiftParser-tool.build/ExperimentalFeatures.swift.o	1f2bd6daecf65f3cecd9b5b8fe25f93c2ec3a90bb1ff98bbd4f6475240cf5d5d
build/swiftpm/arm64-apple-macosx/release/SwiftParser-tool.build/ExpressionInterpretedAsVersionTuple.swift.o	845df7ac8c1049b139aa41a91a2660f4321b2e842916cfac5502d6af0995ed93
build/swiftpm/arm64-apple-macosx/release/SwiftParser-tool.build/Expressions.swift.o	b0cdff91d2d4cf82dea3ec712ab0ae4c4391cc0e2612333574e7f26d9746cd69
build/swiftpm/arm64-apple-macosx/release/SwiftParser-tool.build/IncrementalParseTransition.swift.o	1ff7843a0ae997227e111c338adea177e4897aa513c1922d2089b0c288d9f2fb
build/swiftpm/arm64-apple-macosx/release/SwiftParser-tool.build/IsLexerClassified.swift.o	4cfc2a31fc5f17d6a22936b68d078d4b7abbfe4a0e2f9bd942cdde95ace20f1c
build/swiftpm/arm64-apple-macosx/release/SwiftParser-tool.build/IsValidIdentifier.swift.o	064d44e606c225967dc3a91887001d352e502891ab19c10163b10bc40c336f1e
build/swiftpm/arm64-apple-macosx/release/SwiftParser-tool.build/LayoutNodes+Parsable.swift.o	37753cce4e78166346feecc6023bd7d397484887d98c3101a01f50c6e7e0568f
build/swiftpm/arm64-apple-macosx/release/SwiftParser-tool.build/Lexeme.swift.o	137d99da5b89309bcd4b5dd1f56a57b9c0c93a50776afa5b7aec6794bac5cb4b
build/swiftpm/arm64-apple-macosx/release/SwiftParser-tool.build/LexemeSequence.swift.o	9c429928374a91d940eaed262df841b52398ca6503e8ff579ca65b90ce7cf1e7
build/swiftpm/arm64-apple-macosx/release/SwiftParser-tool.build/Lexer.swift.o	33fb762f0a037db233695cbd0f424e3161400cd1277f305c918d036cf4160715
build/swiftpm/arm64-apple-macosx/release/SwiftParser-tool.build/Lookahead.swift.o	4e4b09aed5c15177f249792ed9ea0c7d55ff57313f9a68964682ecda4043b05b
build/swiftpm/arm64-apple-macosx/release/SwiftParser-tool.build/LoopProgressCondition.swift.o	cf8d3b26e89cd408f9c2cc75019cb19f6c4108901297e94cafc250e4c7847ed6
build/swiftpm/arm64-apple-macosx/release/SwiftParser-tool.build/Modifiers.swift.o	f69d28f4844b306b496591cb2b7e70503b06c1be0509e69771fab7245906968d
build/swiftpm/arm64-apple-macosx/release/SwiftParser-tool.build/Names.swift.o	0e9c60f5f84171b0d22a6477ce378b60fef7e702e83a455666a5df647a9c8b0d
build/swiftpm/arm64-apple-macosx/release/SwiftParser-tool.build/Nominals.swift.o	7f4fd741c3d331ca0a910ce24f2d6e6a5f45e55e790e836bb9e7f99d13dbf6a6
build/swiftpm/arm64-apple-macosx/release/SwiftParser-tool.build/Parameters.swift.o	8ca1bdad19fa4c074438fe65261f4e8accf08c12b10aa3f7b86cfa8543400c20
build/swiftpm/arm64-apple-macosx/release/SwiftParser-tool.build/ParseSourceFile.swift.o	12ac52ac3e7dd49f7662f67b9774c3bec5a36f89e7ec7ad9f82fa727f9e0f29a
build/swiftpm/arm64-apple-macosx/release/SwiftParser-tool.build/Parser+TokenSpecSet.swift.o	a175511f1e43b17b6bf442ac727f88b4eb79756e26133a76a5049fe7772cd7e8
build/swiftpm/arm64-apple-macosx/release/SwiftParser-tool.build/Parser.swift.o	4cc56c1ba5b449c1fafe8c050f52d2ef0b2d149dea988e3127017eef58d74c62
build/swiftpm/arm64-apple-macosx/release/SwiftParser-tool.build/Patterns.swift.o	2c048c62e42b5847bba335e8c3db4b0086031c403c344c4a271e12029cd39448
build/swiftpm/arm64-apple-macosx/release/SwiftParser-tool.build/Recovery.swift.o	0732d25a9620c89652059bc290272b6e3670757098ccc6459b86ab4d78345bf1
build/swiftpm/arm64-apple-macosx/release/SwiftParser-tool.build/RegexLiteralLexer.swift.o	821b0e98581b1b5c48aa384cf613cc93ea52d7dbfec79d415f3cbb4041871a72
build/swiftpm/arm64-apple-macosx/release/SwiftParser-tool.build/Specifiers.swift.o	d99a92bb0a55e997562963f27308709fb1def2931195e11e14bd7f0f77598544
build/swiftpm/arm64-apple-macosx/release/SwiftParser-tool.build/Statements.swift.o	5c56923bdaf0dc52b4338f6c1d64f8ecf4a78562792b6f368879243b32b41260
build/swiftpm/arm64-apple-macosx/release/SwiftParser-tool.build/StringLiteralRepresentedLiteralValue.swift.o	c4fec0218a9ac15c1a84be6990b75b2ae3c3d43b4a59f6321b3562c28b601a2e
build/swiftpm/arm64-apple-macosx/release/SwiftParser-tool.build/StringLiterals.swift.o	042b3be5097c7e879398619c98cc5c72e926701410b921ae1ff423d9ae8c087a
build/swiftpm/arm64-apple-macosx/release/SwiftParser-tool.build/SwiftParser.d	7cefea36bcf7a00d646bd16788e0fac782e0a27799ccb9d44713952eecb9e7c6
build/swiftpm/arm64-apple-macosx/release/SwiftParser-tool.build/SwiftParser.dia	2c72d5afff8cce441f2f8299a18215b0bf79605aa7eb05839e38f7949b46c0e2
build/swiftpm/arm64-apple-macosx/release/SwiftParser-tool.build/SwiftParserCompatibility.swift.o	4d7c7cdc6acdda0d80dce4ca5a3d42ac95ad2d00202251e4d42009d3ce7d6d0c
build/swiftpm/arm64-apple-macosx/release/SwiftParser-tool.build/SwiftVersion.swift.o	2717dbb484fe674d147d74418ffd676823b284cf8058e84b98306647748d8c24
build/swiftpm/arm64-apple-macosx/release/SwiftParser-tool.build/SyntaxUtils.swift.o	ccd889b279fa6fcbbad2ec2989b35c91d63bcf35771128bcbddf5860c8c20dd6
build/swiftpm/arm64-apple-macosx/release/SwiftParser-tool.build/TokenConsumer.swift.o	a427f620278f7e02b51a9c1392a7bdae9fd868501641ec797067e127f153e011
build/swiftpm/arm64-apple-macosx/release/SwiftParser-tool.build/TokenPrecedence.swift.o	b31ec620cc30e68e64111ab17d15f7e4ef050a691d56889cecd50c567246c897
build/swiftpm/arm64-apple-macosx/release/SwiftParser-tool.build/TokenSpec.swift.o	af43d3fe5ffd77dc553fa806022742d8ed4c00ec6753b13d0be2c61aba0d121d
build/swiftpm/arm64-apple-macosx/release/SwiftParser-tool.build/TokenSpecSet.swift.o	db006eeb7aa85fe88e7d19026d0d52fca0885c48b9f8e711df03c938d16f9861
build/swiftpm/arm64-apple-macosx/release/SwiftParser-tool.build/TokenSpecStaticMembers.swift.o	cfe08aec9681656244f40cef53d9ed0abf77f8085b6906f52ae1c215d27e4e90
build/swiftpm/arm64-apple-macosx/release/SwiftParser-tool.build/TopLevel.swift.o	cd4d84af420383f26e3ae31eec1ee1248f2b50f41ec0b0d958b7a4c61a279270
build/swiftpm/arm64-apple-macosx/release/SwiftParser-tool.build/TriviaParser.swift.o	3fc8b32236d144173a732dd839d7a664ec304a6da55bdc3efe2da9e515f9ce1a
build/swiftpm/arm64-apple-macosx/release/SwiftParser-tool.build/Types.swift.o	cea7bc678f02e58da6dd85708df387027d823ed8ebc5c6fc506dc03c4cd6bd53
build/swiftpm/arm64-apple-macosx/release/SwiftParser-tool.build/UnicodeScalarExtensions.swift.o	8ea3b7bebce6647d64ff68230d188c34e14eae7fb2142f925b3e1535e01e2d67
build/swiftpm/arm64-apple-macosx/release/SwiftParser-tool.build/include/SwiftParser-Swift.h	c6773798280ae2fe0cbdbc25226b500c555c16868342a7c2dfdd2a4bf482074c
build/swiftpm/arm64-apple-macosx/release/SwiftParser-tool.build/include/module.modulemap	74db40cf95c7cb42900c53698c3410f1b1859cc618dbb01a112cfb6df19bc178
build/swiftpm/arm64-apple-macosx/release/SwiftParser-tool.build/output-file-map.json	6f19047ff3c1f4898ff40714a07da894f60e9138965fb3f7f9cec3bd60c53ed8
build/swiftpm/arm64-apple-macosx/release/SwiftParser-tool.build/sources	b12e45a60d6f2ea8bebf8f0cb453e405a250fb8d6ddfd7df75fd1d348678c5ba
build/swiftpm/arm64-apple-macosx/release/SwiftParserDiagnostics-tool.build/ChildNameForDiagnostics.swift.o	6d639017f0c4081b0101cca4a6d02678eed1a417efbdd89adbd10695b0afdbf1
build/swiftpm/arm64-apple-macosx/release/SwiftParserDiagnostics-tool.build/DiagnosticExtensions.swift.o	ee5bb7715c3d816d853db30a1984a71a8562ac5649df96790cc6631b2439894c
build/swiftpm/arm64-apple-macosx/release/SwiftParserDiagnostics-tool.build/LexerDiagnosticMessages.swift.o	7c292ae78e7428b2a88acee8ff0d50f05d2943e605e30425299c3ee2687f8a80
build/swiftpm/arm64-apple-macosx/release/SwiftParserDiagnostics-tool.build/MissingNodesError.swift.o	a5b5c9bc1c8ed6e740a3d3d489597fa94fdb610483c484f161423e9e9a501186
build/swiftpm/arm64-apple-macosx/release/SwiftParserDiagnostics-tool.build/MissingTokenError.swift.o	e989feb4b8f6507b0d59152a62b7ee0e5517c45e3dcfe82e9249c4081d72a932
build/swiftpm/arm64-apple-macosx/release/SwiftParserDiagnostics-tool.build/MultiLineStringLiteralDiagnosticsGenerator.swift.o	f120c2f14bbcba381cfeb665c358b81505f76d9cd8d3f11ea63a61f9036947d1
build/swiftpm/arm64-apple-macosx/release/SwiftParserDiagnostics-tool.build/ParseDiagnosticsGenerator.swift.o	11d47a330083a7b5645b4305d3e91e6d90b93d8fd9dcf0c084d7e9635b01c1dc
build/swiftpm/arm64-apple-macosx/release/SwiftParserDiagnostics-tool.build/ParserDiagnosticMessages.swift.o	34d35a835d000913e75fd22792406d871814368a188e516ebead1618cc3dd4b7
build/swiftpm/arm64-apple-macosx/release/SwiftParserDiagnostics-tool.build/PresenceUtils.swift.o	548a3ac04e2e57acf8be5d614fc5ade7e117120cbca81657d0bdaf4b6cb95801
build/swiftpm/arm64-apple-macosx/release/SwiftParserDiagnostics-tool.build/SwiftParserDiagnostics.d	eafd9aaefe0e27de1eb752f0acce1dc5c9ab907d58b2c96b8d7f818346af0776
build/swiftpm/arm64-apple-macosx/release/SwiftParserDiagnostics-tool.build/SwiftParserDiagnostics.dia	2c72d5afff8cce441f2f8299a18215b0bf79605aa7eb05839e38f7949b46c0e2
build/swiftpm/arm64-apple-macosx/release/SwiftParserDiagnostics-tool.build/SyntaxExtensions.swift.o	3c5c7168b9805446c6e7d45e1952c0334d47ab6eb0d8b7c2d62ef0dd8c7ef1a8
build/swiftpm/arm64-apple-macosx/release/SwiftParserDiagnostics-tool.build/SyntaxKindNameForDiagnostics.swift.o	8d5dada5279a02c5037e39fbcd06026e1b9b274f740e1a64d453417dee32c418
build/swiftpm/arm64-apple-macosx/release/SwiftParserDiagnostics-tool.build/TokenNameForDiagnostics.swift.o	64dd6f12c736e28163674fe9127ea2138178af97dd317ed5d080468ad8f683dd
build/swiftpm/arm64-apple-macosx/release/SwiftParserDiagnostics-tool.build/Utils.swift.o	a388e5008c8190bdf7ff39b8d0906d251e80e4e19585a3913ba4b8b4be41f6c8
build/swiftpm/arm64-apple-macosx/release/SwiftParserDiagnostics-tool.build/include/SwiftParserDiagnostics-Swift.h	d005dc305d6fa0d0f13893531d4bec47f179edd94eb30b2e6ac28ff73836a4f3
build/swiftpm/arm64-apple-macosx/release/SwiftParserDiagnostics-tool.build/include/module.modulemap	b0e6e58a5c6330d10c9bd7be11fe36c662a74c6b8c77e866b808ea60fa06b461
build/swiftpm/arm64-apple-macosx/release/SwiftParserDiagnostics-tool.build/output-file-map.json	c8c9d027b23c6233b2a9a28d47676d5cbb2b551d73049ca6d676ac4aed2ef810
build/swiftpm/arm64-apple-macosx/release/SwiftParserDiagnostics-tool.build/sources	698de3014d2ed820198098326e81e149a5ad9b25eadc761ace0ddcf6c411ab51
build/swiftpm/arm64-apple-macosx/release/SwiftSyntax-tool.build/AbsolutePosition.swift.o	4e24c3120c7f0ca3a2a9f55d0b17c7331a182045951315229d3f8e0d14fe8145
build/swiftpm/arm64-apple-macosx/release/SwiftSyntax-tool.build/AbsoluteSyntaxInfo.swift.o	b437849bef42cf52a46e053fc01bbcd395e6c8238423dc58ff8c9dba4171685c
build/swiftpm/arm64-apple-macosx/release/SwiftSyntax-tool.build/ArenaAllocatedBuffer.swift.o	c33a730e09db17cb5c95d6677ee5071e6b80ff1f7cca0836209e4ca100eefbc2
build/swiftpm/arm64-apple-macosx/release/SwiftSyntax-tool.build/Assert.swift.o	8b447a212a966b19973055af7b770e34c2153581e320fd3155130ad4ec67fee2
build/swiftpm/arm64-apple-macosx/release/SwiftSyntax-tool.build/BumpPtrAllocator.swift.o	1495b285d2ddeec45e02c0a0cd41c891e84855d5dad20ec2d4730053f7f9af07
build/swiftpm/arm64-apple-macosx/release/SwiftSyntax-tool.build/ChildNameForKeyPath.swift.o	1a0636532ad6d7baf2e0e5bed0bf2a534d1519cf35b18929c41ede9ddb860611
build/swiftpm/arm64-apple-macosx/release/SwiftSyntax-tool.build/CommonAncestor.swift.o	bb0b03e5f866a2b4449708eb96a0170d903c8a57348ab764ef570c0ebe7ee880
build/swiftpm/arm64-apple-macosx/release/SwiftSyntax-tool.build/Convenience.swift.o	c42c13fc83e8d95fba345102fd63f4d061cc5a8588bce1321642767f9515d378
build/swiftpm/arm64-apple-macosx/release/SwiftSyntax-tool.build/CustomTraits.swift.o	21a5ba5e04493615eee8c595f0569bf24eecd1470f9cfca853b7fbe071794d07
build/swiftpm/arm64-apple-macosx/release/SwiftSyntax-tool.build/EditorPlaceholder.swift.o	68c3396968bca8dd667b2b96b3bf75d8500e7d3e95b2d27832c45525ed8a5078
build/swiftpm/arm64-apple-macosx/release/SwiftSyntax-tool.build/Identifier.swift.o	fb57cb022129939c6d6b10e63aeb59db11ade9e2e7be56928a35881e670b4646
build/swiftpm/arm64-apple-macosx/release/SwiftSyntax-tool.build/Keyword.swift.o	148b861c5ace684de5782679e60acb37b38a9d76ab37e63d7974ba8cda64426e
build/swiftpm/arm64-apple-macosx/release/SwiftSyntax-tool.build/MemoryLayout.swift.o	5d0fbd52ae60a6ae93c9d60bdcf0ea2bc03e38c789054583044025f8801d3adf
build/swiftpm/arm64-apple-macosx/release/SwiftSyntax-tool.build/MissingNodeInitializers.swift.o	c3e770222c417945ceefd3f1409bd153407fcfb6747c806b6594c11ac26f2ab2
build/swiftpm/arm64-apple-macosx/release/SwiftSyntax-tool.build/RawSyntax.swift.o	d3966834b1dc26e0c6341c63a011b15c5705164e7b7689809494875f586ac9b9
build/swiftpm/arm64-apple-macosx/release/SwiftSyntax-tool.build/RawSyntaxArena.swift.o	3cc737ac2932b98ea80b5022736cc410cdf209233e540f862a97804ea43c5570
build/swiftpm/arm64-apple-macosx/release/SwiftSyntax-tool.build/RawSyntaxLayoutView.swift.o	1bc02d22dd96746c73ce25158c201a30ee8f66e2d3371472925e38b70e54a35e
build/swiftpm/arm64-apple-macosx/release/SwiftSyntax-tool.build/RawSyntaxNodeProtocol.swift.o	e6a943bebc77cec8525793870b0b7a6f474d580e2f1c3d107672d275443d41d5
build/swiftpm/arm64-apple-macosx/release/SwiftSyntax-tool.build/RawSyntaxNodesAB.swift.o	2d02bedfb1c69033004cec171dd144cf158f21a12ffb7c6250fbbb9a51fc8f7a
build/swiftpm/arm64-apple-macosx/release/SwiftSyntax-tool.build/RawSyntaxNodesC.swift.o	cde4a67336b78c3564d6e1e8e35dda6b08ff6c610cc582daf4c7170bc283b6a5
build/swiftpm/arm64-apple-macosx/release/SwiftSyntax-tool.build/RawSyntaxNodesD.swift.o	dd4ee9cfdd35497c2e0c40cebc86e3a4d9a081f3a6bfbe430d90fe2394101d92
build/swiftpm/arm64-apple-macosx/release/SwiftSyntax-tool.build/RawSyntaxNodesEF.swift.o	54a3ebea7e776584cebd6948b5956ed88a397b17285be385e011b42410a51469
build/swiftpm/arm64-apple-macosx/release/SwiftSyntax-tool.build/RawSyntaxNodesGHI.swift.o	342da6ff8c2bf36ad2c7b2f142a62711c3f660b52574c23b4fc1aa969deac8fa
build/swiftpm/arm64-apple-macosx/release/SwiftSyntax-tool.build/RawSyntaxNodesJKLMN.swift.o	4064a2bb228cd3f987d5c469d0b6c49db80bca46bf22f80ce47b2b5c940ad42a
build/swiftpm/arm64-apple-macosx/release/SwiftSyntax-tool.build/RawSyntaxNodesOP.swift.o	d0d8cb4b5c020e1152b9bd81dc9b480dbfb0717e14a251b96fd8f5d3fb980b95
build/swiftpm/arm64-apple-macosx/release/SwiftSyntax-tool.build/RawSyntaxNodesQRS.swift.o	7cdaa2ea3b13cfd21db37df062f94e40ac72bfa1c6347f0e0beadc63453f0f2a
build/swiftpm/arm64-apple-macosx/release/SwiftSyntax-tool.build/RawSyntaxNodesTUVWXYZ.swift.o	55938ad42fd90acae2040b3f7c6e8fcaf049b3de7879e3d485aa7db1cc87786e
build/swiftpm/arm64-apple-macosx/release/SwiftSyntax-tool.build/RawSyntaxTokenView.swift.o	053135b9244d08621637007d4c75f5d047559389cd560d6e25993f375d2d8c79
build/swiftpm/arm64-apple-macosx/release/SwiftSyntax-tool.build/RawSyntaxValidation.swift.o	79074cc28dbff8422da443443a4cbb48581f628e3f6a43f07fcab65c1933aa3a
build/swiftpm/arm64-apple-macosx/release/SwiftSyntax-tool.build/RenamedChildrenCompatibility.swift.o	4c32fd8ebd8ca052e5f8b38a10ae55624375d27bb1e2643859b469116afba5f5
build/swiftpm/arm64-apple-macosx/release/SwiftSyntax-tool.build/RenamedNodesCompatibility.swift.o	c9634b09d53f4a2c587696ca36cea80e267387821f76517fb709dddfc7b413bd
build/swiftpm/arm64-apple-macosx/release/SwiftSyntax-tool.build/SourceEdit.swift.o	6a7f8bd32b7918cc9c0527c1774f7a388e70d3ce04d208054195f0d5d01ca757
build/swiftpm/arm64-apple-macosx/release/SwiftSyntax-tool.build/SourceLength.swift.o	eb3e0865c63a23c7769a8c3eaf8ae3d38bf8f0af9f99b6d6ca0497eab6d49b36
build/swiftpm/arm64-apple-macosx/release/SwiftSyntax-tool.build/SourceLocation.swift.o	f4cc00a7e40e2358a0ad9a2c7ac9129ccbb893344b2c601bc9a6b9729946eac6
build/swiftpm/arm64-apple-macosx/release/SwiftSyntax-tool.build/SourcePresence.swift.o	11bcf2875d88b583865e4e59dd6ed1552122d437bc78760a0184b31e5b180276
build/swiftpm/arm64-apple-macosx/release/SwiftSyntax-tool.build/SwiftSyntax.d	234b647444b7802ae793edf8da250b228eec298f7bdb1bbe8036b5001aa6abb8
build/swiftpm/arm64-apple-macosx/release/SwiftSyntax-tool.build/SwiftSyntax.dia	2c72d5afff8cce441f2f8299a18215b0bf79605aa7eb05839e38f7949b46c0e2
build/swiftpm/arm64-apple-macosx/release/SwiftSyntax-tool.build/SwiftSyntaxCompatibility.swift.o	4997e18b9f3655c005cab5ed10d4c6623932499e684ce479377345ca70e48eb4
build/swiftpm/arm64-apple-macosx/release/SwiftSyntax-tool.build/Syntax.swift.o	2b7da93574917e07aae49c3da14e4220bf1a87614d73179e058c5228c372a9b0
build/swiftpm/arm64-apple-macosx/release/SwiftSyntax-tool.build/SyntaxAnyVisitor.swift.o	8966a9c5cbf378bcf1c09fb8328048b4e130422f1958a3d42bb29e70e6b473b9
build/swiftpm/arm64-apple-macosx/release/SwiftSyntax-tool.build/SyntaxBaseNodes.swift.o	a54580ab75ab7c1a68da3efbc12a9ee8a38371ed5a57c7f096ba15df9ce77250
build/swiftpm/arm64-apple-macosx/release/SwiftSyntax-tool.build/SyntaxChildren.swift.o	6a31509234987e103ad59f214e56ccaa8325165d447de4d3cc338b9109c83669
build/swiftpm/arm64-apple-macosx/release/SwiftSyntax-tool.build/SyntaxCollection.swift.o	8cc24828e72f885f839a5256c391a97f22ef8c39d80ce013945ae09b11386742
build/swiftpm/arm64-apple-macosx/release/SwiftSyntax-tool.build/SyntaxCollections.swift.o	217cfba1976e1ef6d94062184d529487b1feecf918753d3160246d86a1a024c6
build/swiftpm/arm64-apple-macosx/release/SwiftSyntax-tool.build/SyntaxEnum.swift.o	8ee2faa3f9c16aa18c3c8ee44eb92557646b206680b914a06c4607c67f856e79
build/swiftpm/arm64-apple-macosx/release/SwiftSyntax-tool.build/SyntaxHashable.swift.o	bd29d2f1b8c62411a4b14df8938dddb955751d3348561c9846632b86597d673c
build/swiftpm/arm64-apple-macosx/release/SwiftSyntax-tool.build/SyntaxIdentifier.swift.o	0572cd521d50d3d3ffcfe5f42feac037334abedd5e710b5b8983e8962384c151
build/swiftpm/arm64-apple-macosx/release/SwiftSyntax-tool.build/SyntaxKind.swift.o	278482eb4aa70f389c7474056621999681430d2bba143e517a61a7f8a9a61fdc
build/swiftpm/arm64-apple-macosx/release/SwiftSyntax-tool.build/SyntaxNodeStructure.swift.o	bf8bb0b17933f519cf798c92d8b373379b27a392d2f21f35ee57cca2bcf7e885
build/swiftpm/arm64-apple-macosx/release/SwiftSyntax-tool.build/SyntaxNodesAB.swift.o	2b2aa8793ec9a8f79ab3a4cc1c7358dd0072223e28d52eac209d76aa6aecee76
build/swiftpm/arm64-apple-macosx/release/SwiftSyntax-tool.build/SyntaxNodesC.swift.o	5cf798bac85f6aa30e33f9b4a867946b460246a9c6045eb29c228fd0ba0fa512
build/swiftpm/arm64-apple-macosx/release/SwiftSyntax-tool.build/SyntaxNodesD.swift.o	5dbab770aa5064a26ec5cfd570e4ae055924d8652b692c2d51461fb7981704e9
build/swiftpm/arm64-apple-macosx/release/SwiftSyntax-tool.build/SyntaxNodesEF.swift.o	8ef680050c6c019970dee77936903a5c11f47ca981b84eb37f2e87b49c675ed9
build/swiftpm/arm64-apple-macosx/release/SwiftSyntax-tool.build/SyntaxNodesGHI.swift.o	3befce28288ba29627ff7f8909a6364c551e63182c4712d31abf3da5191a2f97
build/swiftpm/arm64-apple-macosx/release/SwiftSyntax-tool.build/SyntaxNodesJKLMN.swift.o	1f32466e969182f9aba62ef78ff92cd6cefe8f90ca18e856b479ac05b3b9f509
build/swiftpm/arm64-apple-macosx/release/SwiftSyntax-tool.build/SyntaxNodesOP.swift.o	0d162202cdced09f84a2d83160288089738408344662b81718a7ebc16211a1f4
build/swiftpm/arm64-apple-macosx/release/SwiftSyntax-tool.build/SyntaxNodesQRS.swift.o	3c3a7535669bcdc153f3322789d0ee1774d8a2bc67bc6ae45cedad836e29dc83
build/swiftpm/arm64-apple-macosx/release/SwiftSyntax-tool.build/SyntaxNodesTUVWXYZ.swift.o	721663e191c44e6c0810fa20f30f22ce34fef442884cc96672f884ce96e61443
build/swiftpm/arm64-apple-macosx/release/SwiftSyntax-tool.build/SyntaxProtocol.swift.o	5cce51a83f1336acc7dc023fcd675e72c7c2a59e928e0326a2609f9902368cb8
build/swiftpm/arm64-apple-macosx/release/SwiftSyntax-tool.build/SyntaxRewriter.swift.o	bcfcde06502f584ed2dfd0030adc70a85472897d99dcaaa8c317a1775dece982
build/swiftpm/arm64-apple-macosx/release/SwiftSyntax-tool.build/SyntaxText.swift.o	97ce7f129b9da5161bd74f9481d30e4802205c910aa92b1e05edd5bad1332afd
build/swiftpm/arm64-apple-macosx/release/SwiftSyntax-tool.build/SyntaxTraits.swift.o	28d3d1d6255cef3172385ccf8f77ac69dc8bde853375dcd8f198e9f18c20c572
build/swiftpm/arm64-apple-macosx/release/SwiftSyntax-tool.build/SyntaxTreeViewMode.swift.o	1ece404b0b5633d1a6485e27d011ecbc9616db255139979bc00836733e265780
build/swiftpm/arm64-apple-macosx/release/SwiftSyntax-tool.build/SyntaxVisitor.swift.o	3535fa0b18ccd07b973112332a1aab1cec232ebd4885987b3b90ba282517a2ef
build/swiftpm/arm64-apple-macosx/release/SwiftSyntax-tool.build/TokenDiagnostic.swift.o	25485d55a642002783b24422678bbd08679dbb9d6a28ed27d31aed8a65eb5872
build/swiftpm/arm64-apple-macosx/release/SwiftSyntax-tool.build/TokenKind.swift.o	5f2dcd1c0a272f9faff2d6c8f2e38f87b06d5b682ebf8c3e3f03ad8b3079399e
build/swiftpm/arm64-apple-macosx/release/SwiftSyntax-tool.build/TokenSequence.swift.o	2be13f327d64fc53950759be7043970cbfe8bc5c2e4a96cb93b96ac8ba70af0a
build/swiftpm/arm64-apple-macosx/release/SwiftSyntax-tool.build/TokenSyntax.swift.o	9ee71e5bea01502ef35bbc48eb6b1e24cf77d401631879a927a15cff72858e5e
build/swiftpm/arm64-apple-macosx/release/SwiftSyntax-tool.build/Tokens.swift.o	df78bc493afb173a69acc8b665f31927b74d1c236fe37d9ea5051430adac83fd
build/swiftpm/arm64-apple-macosx/release/SwiftSyntax-tool.build/Trivia.swift.o	970bd36a42eaa673319f3a0d5e415f564649ddda84798dd9abf4d2fae69e37b9
build/swiftpm/arm64-apple-macosx/release/SwiftSyntax-tool.build/TriviaPieces.swift.o	412ee001d6bd498a117ff18c94c7ff6fff6b1faecefd2f11a5566fbd73c26d99
build/swiftpm/arm64-apple-macosx/release/SwiftSyntax-tool.build/Utils.swift.o	0fc253d402f768a3e8284cd16024ac70bcea77c68a6f5716d554beca58c015e0
build/swiftpm/arm64-apple-macosx/release/SwiftSyntax-tool.build/include/SwiftSyntax-Swift.h	741552fea62f3e49875ace0e928d8fb5d352f03939252260940453c3ba1c0e79
build/swiftpm/arm64-apple-macosx/release/SwiftSyntax-tool.build/include/module.modulemap	692db8f27d5cff188ec1ab03a32121f0c7af8a7710de255bd1ba6c30aa051748
build/swiftpm/arm64-apple-macosx/release/SwiftSyntax-tool.build/output-file-map.json	851f9ee7d28dc104235ed0976c5272bbd5d16fc48e83358fe2fa2b8f08661d9c
build/swiftpm/arm64-apple-macosx/release/SwiftSyntax-tool.build/sources	0ef1e6ce4c2c3d4e9f60e76188baf24ab2d4d4f657fe7f330b65d4655a850dd1
build/swiftpm/arm64-apple-macosx/release/SwiftSyntax509-tool.build/Empty.swift.o	e067ffc3514b909b5e7e1e605dddea7588bdf6fd1b56bade9d9834473f73aeb1
build/swiftpm/arm64-apple-macosx/release/SwiftSyntax509-tool.build/SwiftSyntax509.d	3e27b0c8416a695515677896ac12129a346099ee15a70aa2ed8f0d00ed0a75f6
build/swiftpm/arm64-apple-macosx/release/SwiftSyntax509-tool.build/SwiftSyntax509.dia	2c72d5afff8cce441f2f8299a18215b0bf79605aa7eb05839e38f7949b46c0e2
build/swiftpm/arm64-apple-macosx/release/SwiftSyntax509-tool.build/include/SwiftSyntax509-Swift.h	eb3de6e540629488f1a5b7e3cedb802c1f03aba94f85ef19aa292343c9fbf136
build/swiftpm/arm64-apple-macosx/release/SwiftSyntax509-tool.build/include/module.modulemap	d2a244ef3a1bf037faee37947057405dc95784b743f9ec35ab8133cee0ae6991
build/swiftpm/arm64-apple-macosx/release/SwiftSyntax509-tool.build/output-file-map.json	0f127681d6af73ba18a1321b7882c3649469e397c6f4ab36750ae87e2c39e755
build/swiftpm/arm64-apple-macosx/release/SwiftSyntax509-tool.build/sources	e5b3c6dc91ce3c791e6ff82c6a8d929c85f7f8b8588348c69c0227cbc6986255
build/swiftpm/arm64-apple-macosx/release/SwiftSyntax510-tool.build/Empty.swift.o	46bc6a5437b00ac7cb0670f11fee46f5893a8d9d2c6308bbd617aeb0f6a88b32
build/swiftpm/arm64-apple-macosx/release/SwiftSyntax510-tool.build/SwiftSyntax510.d	98b29f918436e2a9ea2ce69c95335c634e9fad9790b53c22a84590b0e4a9272a
build/swiftpm/arm64-apple-macosx/release/SwiftSyntax510-tool.build/SwiftSyntax510.dia	2c72d5afff8cce441f2f8299a18215b0bf79605aa7eb05839e38f7949b46c0e2
build/swiftpm/arm64-apple-macosx/release/SwiftSyntax510-tool.build/include/SwiftSyntax510-Swift.h	f37443c1e1cc128b438488e4989701594d462d174b0b07516981237cddeeb9f5
build/swiftpm/arm64-apple-macosx/release/SwiftSyntax510-tool.build/include/module.modulemap	673e0f27801d198bf555fa641998fbd4f85fbb923ab3dbdb204483bc55ebef8e
build/swiftpm/arm64-apple-macosx/release/SwiftSyntax510-tool.build/output-file-map.json	28dbfe7cd03a3c8e1d0424b5bfb9b7cabb4b236346f013a1abe9495be28032e3
build/swiftpm/arm64-apple-macosx/release/SwiftSyntax510-tool.build/sources	25c9e790b69c6017009479af808fd71f9c70bc2318802aef0029f03098535fab
build/swiftpm/arm64-apple-macosx/release/SwiftSyntax600-tool.build/Empty.swift.o	c5955cdbb1973a8927c6d97ff442588d80e21eee12b2163e1d3a11a2a73e0be9
build/swiftpm/arm64-apple-macosx/release/SwiftSyntax600-tool.build/SwiftSyntax600.d	0841586d77c8dec21d30f557bdb122cd507a08558b9449ed7ad27253fb3178e6
build/swiftpm/arm64-apple-macosx/release/SwiftSyntax600-tool.build/SwiftSyntax600.dia	2c72d5afff8cce441f2f8299a18215b0bf79605aa7eb05839e38f7949b46c0e2
build/swiftpm/arm64-apple-macosx/release/SwiftSyntax600-tool.build/include/SwiftSyntax600-Swift.h	c3f172dc825f3fcf995dd68b5bf58a8bbdfc727ec827a6c09ea2d81a6044e10a
build/swiftpm/arm64-apple-macosx/release/SwiftSyntax600-tool.build/include/module.modulemap	7dcf6c2c307518e8fc6a4d498e98b7cd9c5c20bd489886ff418d225412d787fa
build/swiftpm/arm64-apple-macosx/release/SwiftSyntax600-tool.build/output-file-map.json	101d7e3df939fdcbce43bb6407608f8ceac732cf9314993b6df6b10d22ccb1ff
build/swiftpm/arm64-apple-macosx/release/SwiftSyntax600-tool.build/sources	a8bc46702e271ec93b6e5aba34c619ea96f9dcd6cab95f2f58181f1d28540a56
build/swiftpm/arm64-apple-macosx/release/SwiftSyntax601-tool.build/Empty.swift.o	451add9cadee4eb613ff6c65fbe2f199c862911b8009b6f70c58100080984c66
build/swiftpm/arm64-apple-macosx/release/SwiftSyntax601-tool.build/SwiftSyntax601.d	229a2fcdd384338100521d4aa40e5d2d9962b74568958a0ccb3d980da1b97460
build/swiftpm/arm64-apple-macosx/release/SwiftSyntax601-tool.build/SwiftSyntax601.dia	2c72d5afff8cce441f2f8299a18215b0bf79605aa7eb05839e38f7949b46c0e2
build/swiftpm/arm64-apple-macosx/release/SwiftSyntax601-tool.build/include/SwiftSyntax601-Swift.h	6dac6a52666d61d7904d3ef01a75fe732c5f07339bb392c0ab1b1be5adfba735
build/swiftpm/arm64-apple-macosx/release/SwiftSyntax601-tool.build/include/module.modulemap	d0f14cb0251918fcf60bb2958319097f7f5ac8277c763356c526d77b1e995bef
build/swiftpm/arm64-apple-macosx/release/SwiftSyntax601-tool.build/output-file-map.json	47027fde2090cbed7fe05f7b7c3fe8d4802873b8e2e10bbe2a47b2b3860f1ca1
build/swiftpm/arm64-apple-macosx/release/SwiftSyntax601-tool.build/sources	61014538a171b180cec7acf843591f41556f76d8a0c3029b85c78c3babe9c753
build/swiftpm/arm64-apple-macosx/release/SwiftSyntax602-tool.build/Empty.swift.o	ffaa0d585ce536199dd622875e7179dd0c56051bb22b67765133e0729c3fc2ce
build/swiftpm/arm64-apple-macosx/release/SwiftSyntax602-tool.build/SwiftSyntax602.d	40d2529505ee38bdc5be0fd713fdef2116442178c860dd25a7f4e9909b764f2d
build/swiftpm/arm64-apple-macosx/release/SwiftSyntax602-tool.build/SwiftSyntax602.dia	2c72d5afff8cce441f2f8299a18215b0bf79605aa7eb05839e38f7949b46c0e2
build/swiftpm/arm64-apple-macosx/release/SwiftSyntax602-tool.build/include/SwiftSyntax602-Swift.h	a018e69df2fbb099de261e1050933a102ed6373cce60c7836475b68fd34d39b9
build/swiftpm/arm64-apple-macosx/release/SwiftSyntax602-tool.build/include/module.modulemap	83c98734545be6a4c875a72a3a133aafbf5a079e6d1092dcbe2cc337fd41be6c
build/swiftpm/arm64-apple-macosx/release/SwiftSyntax602-tool.build/output-file-map.json	fe9fe4827be6c296776439ef84626fd98882c6098527a3972bfed2be49cedb7e
build/swiftpm/arm64-apple-macosx/release/SwiftSyntax602-tool.build/sources	6c074c31e0cb83013ae9ab10d2ca8c53750f859c93e829e50cd0a67b91727130
build/swiftpm/arm64-apple-macosx/release/SwiftSyntax603-tool.build/Empty.swift.o	1f4e3013d0d5af0ab81717d8793778470aede84272525401b84a1c93b4f74b71
build/swiftpm/arm64-apple-macosx/release/SwiftSyntax603-tool.build/SwiftSyntax603.d	ccb04038360136e89a1adac5d7a232a8475fbb24d32d36ec9d0e993e36952b9a
build/swiftpm/arm64-apple-macosx/release/SwiftSyntax603-tool.build/SwiftSyntax603.dia	2c72d5afff8cce441f2f8299a18215b0bf79605aa7eb05839e38f7949b46c0e2
build/swiftpm/arm64-apple-macosx/release/SwiftSyntax603-tool.build/include/SwiftSyntax603-Swift.h	92c8dc0d38ea6db7851bc645e179226d5cfcd29fd82fdb5782ec3ef36115e449
build/swiftpm/arm64-apple-macosx/release/SwiftSyntax603-tool.build/include/module.modulemap	65ea1385b37d573fa09bbcca073b9d6af4658eaaa8448006029d068147f3997f
build/swiftpm/arm64-apple-macosx/release/SwiftSyntax603-tool.build/output-file-map.json	0fd8e450e7d262d58264baa3b98a0abfce1ff6f1e47239940bf4f00ae5f50f78
build/swiftpm/arm64-apple-macosx/release/SwiftSyntax603-tool.build/sources	cc6c00cdf4d26d59143fc8f516fb4c5abcc1cad39b99c2cef81939ee9e3ec2ec
build/swiftpm/arm64-apple-macosx/release/SwiftSyntaxBuilder-tool.build/BuildableNodes.swift.o	d29d54462146a8c6bb02b55975e6e60ce1de993b2000239205ac90afe6b06722
build/swiftpm/arm64-apple-macosx/release/SwiftSyntaxBuilder-tool.build/ConvenienceInitializers.swift.o	a95e97edc157c2c27b2deeaa46b46eb7581eb65f97699a44e4b7b06b52cd2905
build/swiftpm/arm64-apple-macosx/release/SwiftSyntaxBuilder-tool.build/DeclSyntaxParseable.swift.o	41612928e43137739fe396d1612da7b415bb72b215f62110fa3a96c3ae120175
build/swiftpm/arm64-apple-macosx/release/SwiftSyntaxBuilder-tool.build/Indenter.swift.o	970031a86d8473275599e5fe50cfc5182f8ac52edadea1683cab8e5f9a979ca0
build/swiftpm/arm64-apple-macosx/release/SwiftSyntaxBuilder-tool.build/ListBuilder.swift.o	618a0b6b91c7ed6d6e30dfea91c8cb91c4e5ae4339b4a0e8657ff8d849d4f640
build/swiftpm/arm64-apple-macosx/release/SwiftSyntaxBuilder-tool.build/RenamedChildrenBuilderCompatibility.swift.o	e4b3698008b423e08f91cfa9091e0ee68bf595059dbdd231c2f5c69cf206f60c
build/swiftpm/arm64-apple-macosx/release/SwiftSyntaxBuilder-tool.build/ResultBuilderExtensions.swift.o	3e302a0594390b276bd9705bbe6c081acf04df24f216c811ab379d40bf710f7d
build/swiftpm/arm64-apple-macosx/release/SwiftSyntaxBuilder-tool.build/ResultBuilders.swift.o	eae22621a080e02d3eac5548e933ab257c7fef037186fda3c08c2f04603421c6
build/swiftpm/arm64-apple-macosx/release/SwiftSyntaxBuilder-tool.build/SwiftSyntaxBuilder.d	0d622d23726ccb2770d90dad56555a947ef27591a2231d93282eaccba5bf034f
build/swiftpm/arm64-apple-macosx/release/SwiftSyntaxBuilder-tool.build/SwiftSyntaxBuilder.dia	2c72d5afff8cce441f2f8299a18215b0bf79605aa7eb05839e38f7949b46c0e2
build/swiftpm/arm64-apple-macosx/release/SwiftSyntaxBuilder-tool.build/SwiftSyntaxBuilderCompatibility.swift.o	270eb4991413df4b87e520f540ba78fb0cdfc151545813ea77b1f0b6a8c982c4
build/swiftpm/arm64-apple-macosx/release/SwiftSyntaxBuilder-tool.build/Syntax+StringInterpolation.swift.o	ce4431821f10a638342dc7adde1d8cb038699622a62128b80dc95a184f686499
build/swiftpm/arm64-apple-macosx/release/SwiftSyntaxBuilder-tool.build/SyntaxExpressibleByStringInterpolationConformances.swift.o	a9e972ffdee9301446cd3f88af596fbb6f3cec7d480ea6bcbda1633669ba00b6
build/swiftpm/arm64-apple-macosx/release/SwiftSyntaxBuilder-tool.build/SyntaxNodeWithBody.swift.o	d50f647353f5d9a6e5a4e56e49b79aa1c80c80c502c39afb35a30b6526beb173
build/swiftpm/arm64-apple-macosx/release/SwiftSyntaxBuilder-tool.build/SyntaxParsable+ExpressibleByStringInterpolation.swift.o	b4beb1741d169c898b26c82cc25461ff44e18e3c7e658a886b99031df8ccf607
build/swiftpm/arm64-apple-macosx/release/SwiftSyntaxBuilder-tool.build/ValidatingSyntaxNodes.swift.o	015ea529f937df8b547ee2d20fc3f116afd09a917dc7069db2291071fe9606fa
build/swiftpm/arm64-apple-macosx/release/SwiftSyntaxBuilder-tool.build/WithTrailingCommaSyntax+EnsuringTrailingComma.swift.o	5bdd443cfb06f746284ea2e9431acc9dfc120d71ae9d18c2381b1f2681dc5a11
build/swiftpm/arm64-apple-macosx/release/SwiftSyntaxBuilder-tool.build/include/SwiftSyntaxBuilder-Swift.h	b70afc4c69f67b20de24ae76bf6269688f6fabd1ca8c7d43e5062354ada9567f
build/swiftpm/arm64-apple-macosx/release/SwiftSyntaxBuilder-tool.build/include/module.modulemap	ae97900db5c974f2df1d8f4fe00a7a5b062cf23aa9e9b9eb66d8ae4061ef2bb4
build/swiftpm/arm64-apple-macosx/release/SwiftSyntaxBuilder-tool.build/output-file-map.json	1994301f77dc763f87ed49e73dbbd7d28b6699dab1b43e20bf7076ac7554577b
build/swiftpm/arm64-apple-macosx/release/SwiftSyntaxBuilder-tool.build/sources	4fb0653b2e0951bec47029bee7eaf64cc5a32b9d65e0963ff066e58ade406fb1
build/swiftpm/arm64-apple-macosx/release/SwiftSyntaxMacroExpansion-tool.build/BasicMacroExpansionContext.swift.o	b91fb92fa67cbf90cb66e33d6e65437fbbcb04914b584576f07538111d675950
build/swiftpm/arm64-apple-macosx/release/SwiftSyntaxMacroExpansion-tool.build/FunctionParameterUtils.swift.o	d882bddf832599203acd72e2fe2dbeb259e0162a63d3ac09558598eb29a5502e
build/swiftpm/arm64-apple-macosx/release/SwiftSyntaxMacroExpansion-tool.build/IndentationUtils.swift.o	f95716492a3e0015c7da344cfa61728ced57152a6067d0d6e3dd15157ae46c95
build/swiftpm/arm64-apple-macosx/release/SwiftSyntaxMacroExpansion-tool.build/MacroArgument.swift.o	e40e1faaa549571f8efc88baf9711df16cafa6d29bfe28f3c127ae7bd5468bde
build/swiftpm/arm64-apple-macosx/release/SwiftSyntaxMacroExpansion-tool.build/MacroExpansion.swift.o	981ba5175442f0fdca1fe65277bff76b8db2d61667101fdae10a37d1aeaf021f
build/swiftpm/arm64-apple-macosx/release/SwiftSyntaxMacroExpansion-tool.build/MacroExpansionDiagnosticMessages.swift.o	db7a8dd9ac321636d0c7490b39afe55267e4703cfe08282bde45c992a268242d
build/swiftpm/arm64-apple-macosx/release/SwiftSyntaxMacroExpansion-tool.build/MacroReplacement.swift.o	0109197eccf2b5aceacedcb3deeaf17fd6936df8349d0a704353cc2198141743
build/swiftpm/arm64-apple-macosx/release/SwiftSyntaxMacroExpansion-tool.build/MacroSpec.swift.o	fd6775c16f6f824472386fd663609f05d8f35f9cb23e7d3ce7bd0b652fe525c6
build/swiftpm/arm64-apple-macosx/release/SwiftSyntaxMacroExpansion-tool.build/MacroSystem.swift.o	313d2bef51f47115a0a1c8a5b81ab9e6670dcabc2d975cd4de57947d4204ee35
build/swiftpm/arm64-apple-macosx/release/SwiftSyntaxMacroExpansion-tool.build/SwiftSyntaxMacroExpansion.d	fc8b324724f0e46c1aef509f3210a6f60fe928b8c1bc8754ef1f29829c67eb46
build/swiftpm/arm64-apple-macosx/release/SwiftSyntaxMacroExpansion-tool.build/SwiftSyntaxMacroExpansion.dia	2c72d5afff8cce441f2f8299a18215b0bf79605aa7eb05839e38f7949b46c0e2
build/swiftpm/arm64-apple-macosx/release/SwiftSyntaxMacroExpansion-tool.build/include/SwiftSyntaxMacroExpansion-Swift.h	099ffdc783ed96b125d7571011e57eeca4fd322d4aa789e6b1a09c2e4de6f4ad
build/swiftpm/arm64-apple-macosx/release/SwiftSyntaxMacroExpansion-tool.build/include/module.modulemap	5e60c2cafc029b09b04b3c6ab2d9813af8839ae8bcf4982fd34e2e5a294a9296
build/swiftpm/arm64-apple-macosx/release/SwiftSyntaxMacroExpansion-tool.build/output-file-map.json	7560f4016ad75b4132b2fa60da474b144b258a6e39fcff7ddb6fb8fd87ff5ed2
build/swiftpm/arm64-apple-macosx/release/SwiftSyntaxMacroExpansion-tool.build/sources	61c7d569ec78b23dbfdb7296baed33ab3c55008d2fdf1efce76538d3ce846e39
build/swiftpm/arm64-apple-macosx/release/SwiftSyntaxMacros-tool.build/AbstractSourceLocation.swift.o	dace033f6da1822d292ba363f78ac44b9100b724b1d012698dddcb31a8898160
build/swiftpm/arm64-apple-macosx/release/SwiftSyntaxMacros-tool.build/AccessorMacro.swift.o	d7464fe96eeecbb460af8571daf7a86144738551627f06105ee595040048007f
build/swiftpm/arm64-apple-macosx/release/SwiftSyntaxMacros-tool.build/AttachedMacro.swift.o	8a5513abff64374dd386e6a081d616b47be40dc713c7735dc708651d43ad0753
build/swiftpm/arm64-apple-macosx/release/SwiftSyntaxMacros-tool.build/BodyMacro.swift.o	801ecfa65bd056a69aa39c6dd9002b789dde6c9e3602ec12315696955b523c5e
build/swiftpm/arm64-apple-macosx/release/SwiftSyntaxMacros-tool.build/CodeItemMacro.swift.o	76547952bb875b78f535847484a1e49a330bb794267ee78ecd7a8d20aaddb057
build/swiftpm/arm64-apple-macosx/release/SwiftSyntaxMacros-tool.build/DeclarationMacro.swift.o	2d578781516a20589a932a418ccada855b24d79407b8b894027ef1ca700e8e00
build/swiftpm/arm64-apple-macosx/release/SwiftSyntaxMacros-tool.build/ExpressionMacro.swift.o	fa371921ce0969987af3a48033260d2e2b8b4379a18e1c6293a0059b928c08eb
build/swiftpm/arm64-apple-macosx/release/SwiftSyntaxMacros-tool.build/ExtensionMacro.swift.o	20c87ac4de29de926663e1c30b136b95204518a9a6888dc45bc9fd81882ef123
build/swiftpm/arm64-apple-macosx/release/SwiftSyntaxMacros-tool.build/FreestandingMacro.swift.o	37963d6cffc694f85bacb2f2d2cb331cccc0b13cf45e6bc1cc188d406e07e904
build/swiftpm/arm64-apple-macosx/release/SwiftSyntaxMacros-tool.build/Macro+Format.swift.o	0b3e9adac900ad0217d0b24be4e25e65642bba0418f818aa6b19e7e000a15722
build/swiftpm/arm64-apple-macosx/release/SwiftSyntaxMacros-tool.build/Macro.swift.o	3f2dbb99aa9d2f545ed545363c33f21c1d0f4b097d35a9fd9a8eeb02a1aeb667
build/swiftpm/arm64-apple-macosx/release/SwiftSyntaxMacros-tool.build/MacroExpansionContext.swift.o	9fa63a7a136cf03aa926167afffcbc1b35a0385a10fa5ac8dac70e37fcc8efe1
build/swiftpm/arm64-apple-macosx/release/SwiftSyntaxMacros-tool.build/MacroExpansionDiagnosticMessages.swift.o	bf78861ff4afc1e4a810eebc9c2317185f66c39052a5974f28b9dcb5a2f750d1
build/swiftpm/arm64-apple-macosx/release/SwiftSyntaxMacros-tool.build/MemberAttributeMacro.swift.o	f399a023e5a6ce0cc77deb8484714046210531f31a262e38cd811c2f281eb031
build/swiftpm/arm64-apple-macosx/release/SwiftSyntaxMacros-tool.build/MemberMacro.swift.o	357bc546b6beb5a0e56f96a993318a4275b2426c5c55e515c5b3a1bbfa1adf7f
build/swiftpm/arm64-apple-macosx/release/SwiftSyntaxMacros-tool.build/PeerMacro.swift.o	4d6e44487d9abebf44f025a68ed03ccd7f912ef8b4242dca80c3e9a27f2c47d7
build/swiftpm/arm64-apple-macosx/release/SwiftSyntaxMacros-tool.build/PreambleMacro.swift.o	5c83f251eb63a8a86dd078acbd14365cf959691b02adec4576a23c6f8927662b
build/swiftpm/arm64-apple-macosx/release/SwiftSyntaxMacros-tool.build/SwiftSyntaxMacros.d	64e122dc082dfcc17e64b2cd4e2a6e2db7d14c4f8247bbab12608734c454f8a3
build/swiftpm/arm64-apple-macosx/release/SwiftSyntaxMacros-tool.build/SwiftSyntaxMacros.dia	2c72d5afff8cce441f2f8299a18215b0bf79605aa7eb05839e38f7949b46c0e2
build/swiftpm/arm64-apple-macosx/release/SwiftSyntaxMacros-tool.build/Syntax+LexicalContext.swift.o	6fad507bdea16c66b49b3612ad6d8f4cb7f60f506c617def163c6ef1a36907b7
build/swiftpm/arm64-apple-macosx/release/SwiftSyntaxMacros-tool.build/include/SwiftSyntaxMacros-Swift.h	cbc14d095aabebae3b6473ca07a65960f6a585ced7fe7b6fea78763150a52dba
build/swiftpm/arm64-apple-macosx/release/SwiftSyntaxMacros-tool.build/include/module.modulemap	6863c6f0a6251d12f9dccc91316cd40378e5f82b236940341249013f3bb49728
build/swiftpm/arm64-apple-macosx/release/SwiftSyntaxMacros-tool.build/output-file-map.json	042959eef242d6230efaab7682e7f758ca50c67756414153463079788bd788fa
build/swiftpm/arm64-apple-macosx/release/SwiftSyntaxMacros-tool.build/sources	cdd8f788ed1c220336f9bf7e5d5b90058db9ba34949211eb0671a8a96b422ce6
build/swiftpm/arm64-apple-macosx/release/SwiftSyntaxMacrosGenericTestSupport-tool.build/include/module.modulemap	2c91183d7add32c2102dc030ac0717c347b6183726cb10dcd3141b984710aa87
build/swiftpm/arm64-apple-macosx/release/SwiftSyntaxMacrosGenericTestSupport-tool.build/output-file-map.json	c01e52343d3e23d51feddb0cfcfa8b662ed47016e0268109385854c733b0e3b8
build/swiftpm/arm64-apple-macosx/release/SwiftSyntaxMacrosTestSupport-tool.build/include/module.modulemap	09e1ab380fa0b407c43c20318493eb4549e81273624f61de827e97f85385001a
build/swiftpm/arm64-apple-macosx/release/SwiftSyntaxMacrosTestSupport-tool.build/output-file-map.json	25823a62df0aeb7bcd013f27ef5860cfa4f795d4769cdb6fa9f89db92d57d842
build/swiftpm/arm64-apple-macosx/release/_SwiftSyntaxCShims-tool.build/PlatformMutex.c.d	14cfca5059d242049f0d79eed26573de581556f0f4451e0a4a63472dcab7356e
build/swiftpm/arm64-apple-macosx/release/_SwiftSyntaxCShims-tool.build/PlatformMutex.c.o	9683c1f1a2453fa97819caa048e04f619825614a01aaac1ff2a0c9a9e1ddcc62
build/swiftpm/arm64-apple-macosx/release/_SwiftSyntaxGenericTestSupport-tool.build/include/module.modulemap	9f637d0db535a6f45dce768794a30fa0108c552157967b270aeb2c5ab8e918ad
build/swiftpm/arm64-apple-macosx/release/_SwiftSyntaxGenericTestSupport-tool.build/output-file-map.json	720cfd526ee3465b7cea75135de946715d8c2cbb491e1de2c8380f056dce6756
build/swiftpm/arm64-apple-macosx/release/plugin-tools-description.json	0b5759e4f887366b575319fa67e3fc602640dc68c3e3df457e3f0bdbdc0fc743
build/swiftpm/armv6-unknown-linux-gnueabihf/release/GiftUI.build/ActionHandler.swift.o	fe5fa6af6f9982d9abe55bb80e319387cef70140c72b21b31617ffa81316d47f
build/swiftpm/armv6-unknown-linux-gnueabihf/release/GiftUI.build/BoundedText.swift.o	650a182639450d9d5a10148e83aeaef4fe89c35199892446f205da211a5d165e
build/swiftpm/armv6-unknown-linux-gnueabihf/release/GiftUI.build/Button.swift.o	93c9cd550a4a594d1dbd968e2e60e72389bded5fcfa3e1028c6bd77812a82549
build/swiftpm/armv6-unknown-linux-gnueabihf/release/GiftUI.build/Canvas.swift.o	9bb26c39cbddf170d0297bd5a33045a9a0cca93fa648f9821a687451c0722b4a
build/swiftpm/armv6-unknown-linux-gnueabihf/release/GiftUI.build/Color.swift.o	6ae9246ccc2a3f27359cc995f7a8a50c59c29373fbfae37d9470fc61dfc64706
build/swiftpm/armv6-unknown-linux-gnueabihf/release/GiftUI.build/DeclarativeView.swift.o	a557c70db591fb97a966588007febad9a7813c139c4ea8e8fb3df170211df60a
build/swiftpm/armv6-unknown-linux-gnueabihf/release/GiftUI.build/Disabled.swift.o	da2420b041affc29eac79ad9b1f6d74e7c1253fa506c0f706ac84bac2b0b7b42
build/swiftpm/armv6-unknown-linux-gnueabihf/release/GiftUI.build/DrawingStyles.swift.o	f5c008bc810e71ecf313d0a00be0b3b7cbcb2f88b873e94e7689cbebb0f0797e
build/swiftpm/armv6-unknown-linux-gnueabihf/release/GiftUI.build/DrawingSurface.swift.o	6817823734b3496accbca782c002f1704a8da4d02c28c1dff1dea4faaa49d9ca
build/swiftpm/armv6-unknown-linux-gnueabihf/release/GiftUI.build/GiftUI.d	0005e57f1c9cb2adefc8cbc585ad8d171b1eab38ebd7bd0ef3246f875cce20aa
build/swiftpm/armv6-unknown-linux-gnueabihf/release/GiftUI.build/GiftUI.dia	2c72d5afff8cce441f2f8299a18215b0bf79605aa7eb05839e38f7949b46c0e2
build/swiftpm/armv6-unknown-linux-gnueabihf/release/GiftUI.build/GiftUI.swift.o	38824b97b08a66158b9383e30f9729f333ec476946ab232052535bb0057f3ed7
build/swiftpm/armv6-unknown-linux-gnueabihf/release/GiftUI.build/LayoutContainers.swift.o	105140931d304dea8ee58108122e643d59d1bee064f16f23b8eefcd03d8af541
build/swiftpm/armv6-unknown-linux-gnueabihf/release/GiftUI.build/LayoutModifiers.swift.o	c43236a3bc60e7a84bf146fad4ea49dbdd4c87979d3c6107eee251bf381f335b
build/swiftpm/armv6-unknown-linux-gnueabihf/release/GiftUI.build/LayoutValues.swift.o	67a8f2a7079109f9e8a8e24411a70bc02841f580b65d653b296219ab1e30cb0c
build/swiftpm/armv6-unknown-linux-gnueabihf/release/GiftUI.build/ObservableState.swift.o	2f8d0d47df9a541e86ee394472d7ef6e3716e70e649a64b41400c3c191945131
build/swiftpm/armv6-unknown-linux-gnueabihf/release/GiftUI.build/SignalAnalyzerMacOSDynamic.autolink	c8409c1b6293ba4333bfb14a52c9e1d855af8bc921999e28b1985af792273a33
build/swiftpm/armv6-unknown-linux-gnueabihf/release/GiftUI.build/SignalAnalyzerMacOSStatic.autolink	c8409c1b6293ba4333bfb14a52c9e1d855af8bc921999e28b1985af792273a33
build/swiftpm/armv6-unknown-linux-gnueabihf/release/GiftUI.build/SignalAnalyzerNRF52840HostOracle.autolink	c8409c1b6293ba4333bfb14a52c9e1d855af8bc921999e28b1985af792273a33
build/swiftpm/armv6-unknown-linux-gnueabihf/release/GiftUI.build/SignalAnalyzerRaspberryPiARMv6.autolink	51ace0599d8d78d17f5277f89c7c079ae431b4c811148b9c41d060aa03f4c360
build/swiftpm/armv6-unknown-linux-gnueabihf/release/GiftUI.build/StyleModifiers.swift.o	1c27611bccb4d69e0aeba59a4523169820ca7e9a8c29192c812ebd41e7356934
build/swiftpm/armv6-unknown-linux-gnueabihf/release/GiftUI.build/Text.swift.o	257ba7227f4d825618e175e165dff956ec020d5129b08d66cf5ba5bad6a9b4bd
build/swiftpm/armv6-unknown-linux-gnueabihf/release/GiftUI.build/include/GiftUI-Swift.h	f4465491d68feb590458c6633678ee17574c5e36fff9b654a61764403a8053bf
build/swiftpm/armv6-unknown-linux-gnueabihf/release/GiftUI.build/include/module.modulemap	91f53642c4df2d9b098b5e3629de443c5733af8e628467b40da920a265396e69
build/swiftpm/armv6-unknown-linux-gnueabihf/release/GiftUI.build/output-file-map.json	e53db2f0fa543f327094ab608bf85d457b26ba9ee3e2c8ce8bab5f8e48452a64
build/swiftpm/armv6-unknown-linux-gnueabihf/release/GiftUI.build/sources	69ba40856431dc63ab6b0ec024591665f65e51f67d5824626ee2128f0b71ac6f
build/swiftpm/armv6-unknown-linux-gnueabihf/release/GiftUIBackendIntegration.build/FullSurfacePayloadEmitter.swift.o	033c8d7d743f92fa6d17c39a40a2b640345aa6ca4f38f3187b0e3f2a7d07044c
build/swiftpm/armv6-unknown-linux-gnueabihf/release/GiftUIBackendIntegration.build/GiftUIBackendIntegration.d	d41ff29e181c85aa6cd71f777ce906db5420d76b225f8f99d14fcad0566fb491
build/swiftpm/armv6-unknown-linux-gnueabihf/release/GiftUIBackendIntegration.build/GiftUIBackendIntegration.dia	2c72d5afff8cce441f2f8299a18215b0bf79605aa7eb05839e38f7949b46c0e2
build/swiftpm/armv6-unknown-linux-gnueabihf/release/GiftUIBackendIntegration.build/OneShotRasterBackendEndpoint.swift.o	9faf7bfc58f20e672c4fa1778500f72d7c50eeb992ceb0924b8f77498e8d3a20
build/swiftpm/armv6-unknown-linux-gnueabihf/release/GiftUIBackendIntegration.build/OperationMajorRGB565RasterSession.swift.o	5e5b5314b7d46c0081758e3ebfabd9a179efa835d574a13226da86c85d9fce8d
build/swiftpm/armv6-unknown-linux-gnueabihf/release/GiftUIBackendIntegration.build/OperationMajorTileTraversal.swift.o	5e42c21de95e9c375ad5f40c1288680e25f7e9a6cfb1d000d0a4471a877caecb
build/swiftpm/armv6-unknown-linux-gnueabihf/release/GiftUIBackendIntegration.build/RGB565TilePayloadEmitter.swift.o	3283d9a7872577b16c008644cdfeaed8bce9cc545cb240fa2b728ba9004688ab
build/swiftpm/armv6-unknown-linux-gnueabihf/release/GiftUIBackendIntegration.build/RasterBackendEndpoint.swift.o	ba94108956bff407dc0c5fe6501f199528f3b15d83257f315b5289c3761ce360
build/swiftpm/armv6-unknown-linux-gnueabihf/release/GiftUIBackendIntegration.build/RasterBackendOwnerFailureAdapter.swift.o	251db267f2c75f2bdca10b0d905df7cafa752cb2520e7480063b47f0af3419be
build/swiftpm/armv6-unknown-linux-gnueabihf/release/GiftUIBackendIntegration.build/RasterBackendStartupValidator.swift.o	ba3a8380816a0829ff6e6e9d44cbb2bcdcc9c826dda52984bfa1a646067455cc
build/swiftpm/armv6-unknown-linux-gnueabihf/release/GiftUIBackendIntegration.build/RasterFrameWorkAdmission.swift.o	8680d90f91b42b9eac05c8f83920aecc251290cf6162a619287544a4d2c502e1
build/swiftpm/armv6-unknown-linux-gnueabihf/release/GiftUIBackendIntegration.build/RasterTextResourceValidation.swift.o	d0269ea0d2b2a69737826bb33a91330b942ec3de3d6352eb45fff46415988283
build/swiftpm/armv6-unknown-linux-gnueabihf/release/GiftUIBackendIntegration.build/include/GiftUIBackendIntegration-Swift.h	080e4a46760c8417d90f3697ae962b871c11bd7f186ab62919955fc89eca7bff
build/swiftpm/armv6-unknown-linux-gnueabihf/release/GiftUIBackendIntegration.build/include/module.modulemap	c9d7969299a26c4ebedc0ed7742d56c6fb78f5665d5e584cc240345e2351ba51
build/swiftpm/armv6-unknown-linux-gnueabihf/release/GiftUIBackendIntegration.build/output-file-map.json	a65a3ed0436e6f73c5d77d217e989cae1609061cf47669ec7db4574b5d338d1f
build/swiftpm/armv6-unknown-linux-gnueabihf/release/GiftUIBackendIntegration.build/sources	e7a6c349925cf27b6de87fff9efc24c1df8f43b0cd9dd5c9eab319f9f354c316
build/swiftpm/armv6-unknown-linux-gnueabihf/release/GiftUICapabilities.build/GiftUICapabilities.d	d7611be6667d47506711c76c48e8c10a335c1d0b0de827982f9b6dc415a09c6c
build/swiftpm/armv6-unknown-linux-gnueabihf/release/GiftUICapabilities.build/GiftUICapabilities.dia	2c72d5afff8cce441f2f8299a18215b0bf79605aa7eb05839e38f7949b46c0e2
build/swiftpm/armv6-unknown-linux-gnueabihf/release/GiftUICapabilities.build/GiftUICapabilities.swift.o	98dca1fcd2dcce405da0e4c99d54d5185d37b4d6a9856bd2462664ef1baa56ef
build/swiftpm/armv6-unknown-linux-gnueabihf/release/GiftUICapabilities.build/include/GiftUICapabilities-Swift.h	32f911f94c72bb566dc6c6f4bc74747e239706c6456fa4da5c944e848120b1e9
build/swiftpm/armv6-unknown-linux-gnueabihf/release/GiftUICapabilities.build/include/module.modulemap	c22e41e8e7520c50173e85635aa2f18818cf3f20bc0660e61a55703288c38b80
build/swiftpm/armv6-unknown-linux-gnueabihf/release/GiftUICapabilities.build/output-file-map.json	b9c2abf13a4c3963698c4eee0b1e45991461fb80cb62c16a7c8ee5f55f70c60d
build/swiftpm/armv6-unknown-linux-gnueabihf/release/GiftUICapabilities.build/sources	cbe0bb35354e9e7974748b0bd2b61d8c403c880b5f21c06a5fa1b386cf4fc025
build/swiftpm/armv6-unknown-linux-gnueabihf/release/GiftUICapabilityFailureAdapterFixture.build/CapabilityFailureAdapter.swift.o	e075db356dfe36248c1fc11cf73d29f008b13ba3796bb3671605cd5a76e763a9
build/swiftpm/armv6-unknown-linux-gnueabihf/release/GiftUICapabilityFailureAdapterFixture.build/GiftUICapabilityFailureAdapterFixture.d	f6e0e8aa84cefac9ae9fb10dc493bd0e72ae914cfa7c09e22fbeb31c6ca81337
build/swiftpm/armv6-unknown-linux-gnueabihf/release/GiftUICapabilityFailureAdapterFixture.build/GiftUICapabilityFailureAdapterFixture.dia	2c72d5afff8cce441f2f8299a18215b0bf79605aa7eb05839e38f7949b46c0e2
build/swiftpm/armv6-unknown-linux-gnueabihf/release/GiftUICapabilityFailureAdapterFixture.build/include/GiftUICapabilityFailureAdapterFixture-Swift.h	04f0b9dc68f3407f721679b1492a96899e8c4725f0cf880a6992363f80eaf68a
build/swiftpm/armv6-unknown-linux-gnueabihf/release/GiftUICapabilityFailureAdapterFixture.build/include/module.modulemap	8dd641eb10ca4c37743d7d98c4ea7049cf3ba77ad33a7e40b70c9a17882712a5
build/swiftpm/armv6-unknown-linux-gnueabihf/release/GiftUICapabilityFailureAdapterFixture.build/output-file-map.json	362444d3ac0979fc9c20f058393731c00fc80cdaa157bc67447a3385bec0cab9
build/swiftpm/armv6-unknown-linux-gnueabihf/release/GiftUICapabilityFailureAdapterFixture.build/sources	749027b898b80f7c9a7976605a2090a1ad98eeb5781e4db57b0a5c96a063863e
build/swiftpm/armv6-unknown-linux-gnueabihf/release/GiftUIDisplayCore.build/DisplayContracts.swift.o	54acead788b22113a98c71f9ef2f98fa01ce2d0f9c26a4f6e80d3c9e110a9bbf
build/swiftpm/armv6-unknown-linux-gnueabihf/release/GiftUIDisplayCore.build/GiftUIDisplayCore.d	b2423213260a8ea0170820a6ce9373dd138ee18b8a2723804adfd128949c0cfb
build/swiftpm/armv6-unknown-linux-gnueabihf/release/GiftUIDisplayCore.build/GiftUIDisplayCore.dia	2c72d5afff8cce441f2f8299a18215b0bf79605aa7eb05839e38f7949b46c0e2
build/swiftpm/armv6-unknown-linux-gnueabihf/release/GiftUIDisplayCore.build/SurfaceDisplayContributionAdapter.swift.o	82ebf9413ddd48955294256430a469e7e544624ffced3fe1066d344f6bc740b5
build/swiftpm/armv6-unknown-linux-gnueabihf/release/GiftUIDisplayCore.build/include/GiftUIDisplayCore-Swift.h	d32751adcba2685e19b4beb75c185ee923e5cccc3000d5057f6323d8966646ab
build/swiftpm/armv6-unknown-linux-gnueabihf/release/GiftUIDisplayCore.build/include/module.modulemap	2e9ccedbfc686435677684b43bb5134da9c6d2c70a5bc7d99b91485b6386445f
build/swiftpm/armv6-unknown-linux-gnueabihf/release/GiftUIDisplayCore.build/output-file-map.json	338453fadfc6a9d69d880686f39d60c1260810f89f4cf8348d83dbd625e8bc49
build/swiftpm/armv6-unknown-linux-gnueabihf/release/GiftUIDisplayCore.build/sources	6b5406274d8fb531b8465dfe752b45337de183d82199d7c744e4e4865ed918a1
build/swiftpm/armv6-unknown-linux-gnueabihf/release/GiftUIDrawing.build/CanvasInvocationSource.swift.o	9f95b09c3018ed5a8fb6da15f3adfa73298e650aa0ebee4244d761213916e504
build/swiftpm/armv6-unknown-linux-gnueabihf/release/GiftUIDrawing.build/CanvasPlanProducer.swift.o	8f52f4fa5fe30849acee7bc872347ee8834c4ed23f2f9b0f69508e9f3770b1a5
build/swiftpm/armv6-unknown-linux-gnueabihf/release/GiftUIDrawing.build/CanvasRenderProducer.swift.o	97f0212e1673c1f882dceea34f0692d293958c63cbbe137bb8baac4cb1591234
build/swiftpm/armv6-unknown-linux-gnueabihf/release/GiftUIDrawing.build/DrawingLimits.swift.o	f570becfe665d2068be7749185a5981e3b33622bd883f04426716345db482ed3
build/swiftpm/armv6-unknown-linux-gnueabihf/release/GiftUIDrawing.build/DrawingPlan.swift.o	2371a9aa719b28a6768f81da33e7f7d5dc7554aba40a2f315224536a62bdea1a
build/swiftpm/armv6-unknown-linux-gnueabihf/release/GiftUIDrawing.build/DrawingValues.swift.o	782dbe3eaeb2998b254ba0bf4b5805890509c37074600a5b9a1854381af3b217
build/swiftpm/armv6-unknown-linux-gnueabihf/release/GiftUIDrawing.build/GiftUIDrawing.d	cd697d60c5a19442cc39c7822a814f013a0dcb84f0a875839bf3dc244e436df8
build/swiftpm/armv6-unknown-linux-gnueabihf/release/GiftUIDrawing.build/GiftUIDrawing.dia	2c72d5afff8cce441f2f8299a18215b0bf79605aa7eb05839e38f7949b46c0e2
build/swiftpm/armv6-unknown-linux-gnueabihf/release/GiftUIDrawing.build/GiftUIDrawing.swift.o	d7feb52f38efa4b5668f2adb41f9692c16e57a7ad4bbab46b180e6dad52c9e99
build/swiftpm/armv6-unknown-linux-gnueabihf/release/GiftUIDrawing.build/PathConstruction.swift.o	07eb94235a591c64fc133b39416a5e6c92e8d0fa972e0c4e9f26357bb4b3ff72
build/swiftpm/armv6-unknown-linux-gnueabihf/release/GiftUIDrawing.build/StaticCanvasCallableTable.swift.o	e4c04f486f69290478655c07916ab5df22ecbd64bf9768853fa3288549ad70f2
build/swiftpm/armv6-unknown-linux-gnueabihf/release/GiftUIDrawing.build/StrokeSnapshot.swift.o	693540216dd16e507cd5f3d1b07a0dc50b2a122162f5b79bcf17981b2f117de5
build/swiftpm/armv6-unknown-linux-gnueabihf/release/GiftUIDrawing.build/include/GiftUIDrawing-Swift.h	f64a8962fe20bd954dab92c3f72f3df1488ae15d5a1ec3372f1b86cbe17bddcc
build/swiftpm/armv6-unknown-linux-gnueabihf/release/GiftUIDrawing.build/include/module.modulemap	7d5c93b854186787066def82ef26a9ec08fe0f3e2fb600672d444813ed55318e
build/swiftpm/armv6-unknown-linux-gnueabihf/release/GiftUIDrawing.build/output-file-map.json	77a0231dc29a77050fae7f911e3652a39a425ae0853ccb3f15acebb5425de923
build/swiftpm/armv6-unknown-linux-gnueabihf/release/GiftUIDrawing.build/sources	26e4362166c465faf22723279d85bbb67eb0a8a63914e55d532cea5d648aae76
build/swiftpm/armv6-unknown-linux-gnueabihf/release/GiftUIDrawingFailureAdapterFixture.build/GiftUIDrawingFailureAdapterFixture.d	7ceab1983c01fecfe9d3d011cd421b5a331bee8cfdcbda4871915d28fdf97769
build/swiftpm/armv6-unknown-linux-gnueabihf/release/GiftUIDrawingFailureAdapterFixture.build/GiftUIDrawingFailureAdapterFixture.dia	2c72d5afff8cce441f2f8299a18215b0bf79605aa7eb05839e38f7949b46c0e2
build/swiftpm/armv6-unknown-linux-gnueabihf/release/GiftUIDrawingFailureAdapterFixture.build/GiftUIDrawingFailureAdapterFixture.swift.o	8b4eca707811042fc83c13775938d075aa6021d06c60c1e71620ff5619785927
build/swiftpm/armv6-unknown-linux-gnueabihf/release/GiftUIDrawingFailureAdapterFixture.build/include/GiftUIDrawingFailureAdapterFixture-Swift.h	57222d34e83d9bd176283f2a12a2880bc733c615a9fe2ee90a69809dc0ec0879
build/swiftpm/armv6-unknown-linux-gnueabihf/release/GiftUIDrawingFailureAdapterFixture.build/include/module.modulemap	6777bae91567a644fc66e80799f1a264eb2fde4fef8e1b4759465ed58a13e493
build/swiftpm/armv6-unknown-linux-gnueabihf/release/GiftUIDrawingFailureAdapterFixture.build/output-file-map.json	5f669d3b44f45d8989058d53f24b7ee1fad66f096947caffee221634cb7c7b42
build/swiftpm/armv6-unknown-linux-gnueabihf/release/GiftUIDrawingFailureAdapterFixture.build/sources	16cbe44acc919257e182aa592cb216b819240e4e03b476165881c35506e345e5
build/swiftpm/armv6-unknown-linux-gnueabihf/release/GiftUIDynamicConveniences.build/DynamicCanvas.swift.o	9237b18cc3ed04ef21d6d44302e0b649d4efb2e47cacd78fd0a3965888b2ef23
build/swiftpm/armv6-unknown-linux-gnueabihf/release/GiftUIDynamicConveniences.build/GiftUIDynamicConveniences.d	27ad084fa462ab304b19fe6fd4ead4f8d2cecb2c219d668a0a7fd12c13356bfa
build/swiftpm/armv6-unknown-linux-gnueabihf/release/GiftUIDynamicConveniences.build/GiftUIDynamicConveniences.dia	2c72d5afff8cce441f2f8299a18215b0bf79605aa7eb05839e38f7949b46c0e2
build/swiftpm/armv6-unknown-linux-gnueabihf/release/GiftUIDynamicConveniences.build/include/GiftUIDynamicConveniences-Swift.h	71ddc3675e715bd7c9ed3b6e535395c9ecb4af13a756b55f51d04442cc51326c
build/swiftpm/armv6-unknown-linux-gnueabihf/release/GiftUIDynamicConveniences.build/include/module.modulemap	e70db99f0db2354d407f8b277df41cf98d4ddaa147f44378cb6e5143a7d53010
build/swiftpm/armv6-unknown-linux-gnueabihf/release/GiftUIDynamicConveniences.build/output-file-map.json	af133a3a0339aaf7f41917c2c224979cfe86e67a5839d1be78e28dffa7d652c6
build/swiftpm/armv6-unknown-linux-gnueabihf/release/GiftUIDynamicConveniences.build/sources	009a3310b9836bd5cc4735fc44d145cdba9e73e0c43a02f9c9ee7fba0d114f51
build/swiftpm/armv6-unknown-linux-gnueabihf/release/GiftUIExecution.build/AdmissionValues.swift.o	1d9addec4704d23017573956ee29891e4750c1928249270326533426ab5a3bf5
build/swiftpm/armv6-unknown-linux-gnueabihf/release/GiftUIExecution.build/ExecutionAdmissionController.swift.o	79824176a84b4e338191621a0425d4fb54320351be4bc8027893993e6de69384
build/swiftpm/armv6-unknown-linux-gnueabihf/release/GiftUIExecution.build/ExecutionAdmissionSealTransaction.swift.o	6f1742ec10a417471bdf8bc91e7d758de9f9e98a9b4f7ac9d5dcafa4081b900a
build/swiftpm/armv6-unknown-linux-gnueabihf/release/GiftUIExecution.build/ExecutionAdmissionSealer.swift.o	6b579cad66bf0f749df6c57179771585f3746ba178dd7eb851253d39e617a9d3
build/swiftpm/armv6-unknown-linux-gnueabihf/release/GiftUIExecution.build/ExecutionMutationBatch.swift.o	bfdb9955240d1f9eda47efdffcbcc487e516d80a3019acfa9104e3b55042cdd4
build/swiftpm/armv6-unknown-linux-gnueabihf/release/GiftUIExecution.build/ExecutionOpportunityRunner.swift.o	0e6634e608b2c125a85fec25f41969cd3a4164f91244ffde94ae1e376e55216e
build/swiftpm/armv6-unknown-linux-gnueabihf/release/GiftUIExecution.build/ExecutionPhaseMachine.swift.o	88a3e567e9a5cb43f6809b6b6c512a271cc4ab4f22486c9cfff6c8685355ff48
build/swiftpm/armv6-unknown-linux-gnueabihf/release/GiftUIExecution.build/ExecutionValues.swift.o	2d3c70e4cff484338e387dc9c18572a81ee53e67f4695d3604f93409bc854ffb
build/swiftpm/armv6-unknown-linux-gnueabihf/release/GiftUIExecution.build/ExecutionWakeAccumulator.swift.o	c7dc8fd13e623876d48f50d8fb6b70421358cbc8909658f9b3c255b0603c779c
build/swiftpm/armv6-unknown-linux-gnueabihf/release/GiftUIExecution.build/FrameHandoffValues.swift.o	bfcd3050ff8e270383deac6914817b3450bc20ddb25a7cc1928f7bb086254563
build/swiftpm/armv6-unknown-linux-gnueabihf/release/GiftUIExecution.build/FrameOfferNormalization.swift.o	4c85bbfa18c5d8441903dddf4416531155db9e8b1accce6e018d156d0a82af7f
build/swiftpm/armv6-unknown-linux-gnueabihf/release/GiftUIExecution.build/GiftUIExecution.d	59fb7f763d58759a082cd5add129329abb811ab2708aa1b292f8ad6bdfca3ca8
build/swiftpm/armv6-unknown-linux-gnueabihf/release/GiftUIExecution.build/GiftUIExecution.dia	2c72d5afff8cce441f2f8299a18215b0bf79605aa7eb05839e38f7949b46c0e2
build/swiftpm/armv6-unknown-linux-gnueabihf/release/GiftUIExecution.build/IdentityAllocators.swift.o	b1d1cbde1152a0529481a7de16453af60b69fed6cf73bf8633795aa692a78b9d
build/swiftpm/armv6-unknown-linux-gnueabihf/release/GiftUIExecution.build/InputSourceSequenceState.swift.o	ad2c5dc377365887cc8ab84f521e0a2d7ad0d4b49f7503632a53b04866070397
build/swiftpm/armv6-unknown-linux-gnueabihf/release/GiftUIExecution.build/PointerActionCapture.swift.o	279c0cfc716730c69b42aac60e1fb3d3ac39f0bce997550641db98b98ef12da5
build/swiftpm/armv6-unknown-linux-gnueabihf/release/GiftUIExecution.build/RecordingCandidateOfferCoordinator.swift.o	7cdd111cbdddbc687d5b2eb5155c4d1ee54ae47dc5db5b98bbba9c95b10669ff
build/swiftpm/armv6-unknown-linux-gnueabihf/release/GiftUIExecution.build/RecordingCycleCoordinator.swift.o	520976c7c25e12d85affe648da5b30fac0cf0a9b62241dae47d840e7ce0cb2ae
build/swiftpm/armv6-unknown-linux-gnueabihf/release/GiftUIExecution.build/RecordingCycleFinalizer.swift.o	5caafd8b3628a465104cd65941194bafd466324db95f1f50b6e086a59b653d8c
build/swiftpm/armv6-unknown-linux-gnueabihf/release/GiftUIExecution.build/RecordingDerivationRecovery.swift.o	054f154b129b3442898ddbc9f791f881960b87d4d75557fc68be75f6cdbb6157
build/swiftpm/armv6-unknown-linux-gnueabihf/release/GiftUIExecution.build/RecordingDerivationTransaction.swift.o	c7634246e703862add606b6b7f5ed1d15ef3ce9560838914960f54c211e99317
build/swiftpm/armv6-unknown-linux-gnueabihf/release/GiftUIExecution.build/RecordingFocusedFailureSelection.swift.o	ce879fdfa9c532f5cce87aeed1819b888e767b86d3809c889b6a573c80614683
build/swiftpm/armv6-unknown-linux-gnueabihf/release/GiftUIExecution.build/RecordingFrameCommitTransaction.swift.o	a2fb5b2e38c45d1de1a1f24105e2bf09e97f1cb7ceb98bbc1390de0ba1d81bbf
build/swiftpm/armv6-unknown-linux-gnueabihf/release/GiftUIExecution.build/RecordingFrameEndpoint.swift.o	035bbfd3bcb0ea68ec6acdadab7fa77d058c9f385611382512f19b7124a62e85
build/swiftpm/armv6-unknown-linux-gnueabihf/release/GiftUIExecution.build/RecordingMutationBatch.swift.o	a1b4bb0214a419dfb7d26fec623346d672056b1a4411d00f6aa60f125782eee8
build/swiftpm/armv6-unknown-linux-gnueabihf/release/GiftUIExecution.build/RecordingPresentationPendingCoordinator.swift.o	2b58fd4d2cbf67c2b02fc2eae68bc4747677bc69b59070049c409605a710d8d7
build/swiftpm/armv6-unknown-linux-gnueabihf/release/GiftUIExecution.build/RecordingPresentationTerminalRecovery.swift.o	aa8f7217c6809ce0bd91bc7aaf5a8881511bb4c028bcd405c83ea4c357979d4a
build/swiftpm/armv6-unknown-linux-gnueabihf/release/GiftUIExecution.build/RunCycleValues.swift.o	f2416c9f6c497a4f2fdb339376a57a7b80c07ff01b5ad4d39b4667cbe328bf2d
build/swiftpm/armv6-unknown-linux-gnueabihf/release/GiftUIExecution.build/WakeValues.swift.o	9897042449662ef8089b61265915975666157ea74d0d020fe036cd1f4c3dcc89
build/swiftpm/armv6-unknown-linux-gnueabihf/release/GiftUIExecution.build/include/GiftUIExecution-Swift.h	f605e811fc46c784a2edd113187743b6df38f868ba7af2f73b426dc69ec1d6a9
build/swiftpm/armv6-unknown-linux-gnueabihf/release/GiftUIExecution.build/include/module.modulemap	406e683dd708818d99d264f8a42483c507b9911e0986317e94dbf85ba771a1c9
build/swiftpm/armv6-unknown-linux-gnueabihf/release/GiftUIExecution.build/output-file-map.json	6bd86a6c15cf0c53aadf7ec509826ebc98862a02bb545ffce72eac11b7309376
build/swiftpm/armv6-unknown-linux-gnueabihf/release/GiftUIExecution.build/sources	a2752ecb0c45bf2199a7e5f76071198519459d6afb5e1b9b07c49283c4b64d64
build/swiftpm/armv6-unknown-linux-gnueabihf/release/GiftUIFailureCore.build/GiftUIFailureCore.d	116169db164c1f686fc0b72a45b9f0286ff8bb96ddc1af95e0e1e2153ca1292f
build/swiftpm/armv6-unknown-linux-gnueabihf/release/GiftUIFailureCore.build/GiftUIFailureCore.dia	2c72d5afff8cce441f2f8299a18215b0bf79605aa7eb05839e38f7949b46c0e2
build/swiftpm/armv6-unknown-linux-gnueabihf/release/GiftUIFailureCore.build/GiftUIFailureCore.swift.o	93cb1b16991678b4de3aec05e22636d43480f912382cb51b568974c7567da141
build/swiftpm/armv6-unknown-linux-gnueabihf/release/GiftUIFailureCore.build/include/GiftUIFailureCore-Swift.h	9e98387fe1eb4caff12c327babd632ca81b369cfb67dcb9936ddb78543049160
build/swiftpm/armv6-unknown-linux-gnueabihf/release/GiftUIFailureCore.build/include/module.modulemap	8addeb64f1ca153542054e204d838d586fdc00e8dea76b8bc9d700db14538acf
build/swiftpm/armv6-unknown-linux-gnueabihf/release/GiftUIFailureCore.build/output-file-map.json	a7b4d08047efd5056a48bea877094a4a488f38833636ed28211865b44713f268
build/swiftpm/armv6-unknown-linux-gnueabihf/release/GiftUIFailureCore.build/sources	e93a61ff9daec0a29293f62049bca4740d8b87d0e352ca6c9987e2b4cd5c824c
build/swiftpm/armv6-unknown-linux-gnueabihf/release/GiftUIFailureDiagnostics.build/GiftUIDiagnosticProjector.swift.o	bedef6066cd354cdc97ffb9243d2e3c122c9653a13364a2f217d2bf5a70a4cb1
build/swiftpm/armv6-unknown-linux-gnueabihf/release/GiftUIFailureDiagnostics.build/GiftUIFailureDiagnostics.d	b5a0893f949c489b16b95914a1ee434598d74811c490db2b873f4df0e8249cce
build/swiftpm/armv6-unknown-linux-gnueabihf/release/GiftUIFailureDiagnostics.build/GiftUIFailureDiagnostics.dia	2c72d5afff8cce441f2f8299a18215b0bf79605aa7eb05839e38f7949b46c0e2
build/swiftpm/armv6-unknown-linux-gnueabihf/release/GiftUIFailureDiagnostics.build/GiftUIFixedDiagnosticBuffer.swift.o	cdbb20603a42d74fb86331185b81ec7788c273a5879a1324acb59ccc1baad70e
build/swiftpm/armv6-unknown-linux-gnueabihf/release/GiftUIFailureDiagnostics.build/include/GiftUIFailureDiagnostics-Swift.h	2bf823229fe0da7b8a22d60b876e8d01529ecb5c6308ec9d68152e7eaa2ef080
build/swiftpm/armv6-unknown-linux-gnueabihf/release/GiftUIFailureDiagnostics.build/include/module.modulemap	79205c574a9ddc133e6452309176dacae5be6351da1b7bd74633118447e00e8c
build/swiftpm/armv6-unknown-linux-gnueabihf/release/GiftUIFailureDiagnostics.build/output-file-map.json	346b69b24417b7aec3c70e009432d7ef945d07339396731879a4b8f8a403a7a3
build/swiftpm/armv6-unknown-linux-gnueabihf/release/GiftUIFailureDiagnostics.build/sources	eff03abc65af2033bdb86c07c17c32159254c067125cc2c7277fc3293a224cc8
build/swiftpm/armv6-unknown-linux-gnueabihf/release/GiftUIFailureExecution.build/GiftUICorrelatedFailure.swift.o	64debd480aed5ce6f1b5aba9003f7c5b8b7f0c18e6abcd54bfe373bf57b1fad6
build/swiftpm/armv6-unknown-linux-gnueabihf/release/GiftUIFailureExecution.build/GiftUIFailureExecution.d	023da20090679a8b1d004ac7a70d0c533fca7fa421da5fe33fef590e3e0f86d8
build/swiftpm/armv6-unknown-linux-gnueabihf/release/GiftUIFailureExecution.build/GiftUIFailureExecution.dia	2c72d5afff8cce441f2f8299a18215b0bf79605aa7eb05839e38f7949b46c0e2
build/swiftpm/armv6-unknown-linux-gnueabihf/release/GiftUIFailureExecution.build/GiftUIFailureExecution.swift.o	3ff90f6f196d10c84173398a37c77d17c6bbfbe726aff3395c2d8a50471b95b2
build/swiftpm/armv6-unknown-linux-gnueabihf/release/GiftUIFailureExecution.build/include/GiftUIFailureExecution-Swift.h	5592cbad13c9acdd4afee259b758be3435a56a379beb6b9b3901ab481f87ba10
build/swiftpm/armv6-unknown-linux-gnueabihf/release/GiftUIFailureExecution.build/include/module.modulemap	4fb2301d0df7eba974a307da451ec9510fdc071dbc0d58a7d0730e58dc1a6d90
build/swiftpm/armv6-unknown-linux-gnueabihf/release/GiftUIFailureExecution.build/output-file-map.json	a43ecd558dc1a02e2d4d5f89aa5a93bb980371ae20066064d282df510eaf7d7a
build/swiftpm/armv6-unknown-linux-gnueabihf/release/GiftUIFailureExecution.build/sources	b67a9cbb2f3b2b21d73b45ce463ccb588b7903297ec8c79797cd1fb185689495
build/swiftpm/armv6-unknown-linux-gnueabihf/release/GiftUIHostConfiguration.build/CheckedMVPHostConfigurationValidator.swift.o	f21b052d49714b586431bd04ddc76f2ed30d9fa43f898a5445e6c2155182442d
build/swiftpm/armv6-unknown-linux-gnueabihf/release/GiftUIHostConfiguration.build/GiftUIHostConfiguration.d	299c5604a660bb2c287042e9d61f8547831a4634f6693018dc7a894b165f4753
build/swiftpm/armv6-unknown-linux-gnueabihf/release/GiftUIHostConfiguration.build/GiftUIHostConfiguration.dia	2c72d5afff8cce441f2f8299a18215b0bf79605aa7eb05839e38f7949b46c0e2
build/swiftpm/armv6-unknown-linux-gnueabihf/release/GiftUIHostConfiguration.build/HostActivationController.swift.o	487bdbeb5770fb7febfe790ca857618ab63d2bd3f239d3d265ac5a889141769a
build/swiftpm/armv6-unknown-linux-gnueabihf/release/GiftUIHostConfiguration.build/HostApplicationOpportunityGate.swift.o	ca05a51d06731335d56fd784a0f0fa4ce2af4719ac90a8049ab50d2502f587ac
build/swiftpm/armv6-unknown-linux-gnueabihf/release/GiftUIHostConfiguration.build/HostApplicationStartupValidation.swift.o	d454bc0f37db9566a79597f3827cb93742c379594005384e5c551dd1a3487d1f
build/swiftpm/armv6-unknown-linux-gnueabihf/release/GiftUIHostConfiguration.build/HostComponentGraphValidation.swift.o	1efc66aa093bb591fe33af7f092f412560390a94f7c1d3f60e33b0a0b74def18
build/swiftpm/armv6-unknown-linux-gnueabihf/release/GiftUIHostConfiguration.build/HostConfigurationResults.swift.o	bfd4c2068868253cc39a715037581ed3029bf5d7c7c7613b5d23f5f98feae103
build/swiftpm/armv6-unknown-linux-gnueabihf/release/GiftUIHostConfiguration.build/HostConfigurationValues.swift.o	cf721689bec9ec39ecf7e14e8087632eb45b039238832ca53040c318119a6120
build/swiftpm/armv6-unknown-linux-gnueabihf/release/GiftUIHostConfiguration.build/HostEndpointHealthController.swift.o	c3196f0c6974fb5dc1e364a01c047189ded95e4774b92130f32d8bf322f45901
build/swiftpm/armv6-unknown-linux-gnueabihf/release/GiftUIHostConfiguration.build/HostEndpointStartupValidation.swift.o	e1a330135afda2026a2bfaa99e1a35a46cb5e6a1b72187c774a67c6c9930a0ae
build/swiftpm/armv6-unknown-linux-gnueabihf/release/GiftUIHostConfiguration.build/HostFailureAdapter.swift.o	735eed819de68df1d4bed8ba4f86f9068ca39f76e66fa073cba9f8abc3bac708
build/swiftpm/armv6-unknown-linux-gnueabihf/release/GiftUIHostConfiguration.build/HostNormalizedInputGate.swift.o	15eb15e1aef4b4df8449646f15884132203852280868a3dbf803ff64e63babe0
build/swiftpm/armv6-unknown-linux-gnueabihf/release/GiftUIHostConfiguration.build/HostPresentationRecovery.swift.o	518d91946967d3db00ca278ad55b53b3d92d63b23180e711a22878d41c448a75
build/swiftpm/armv6-unknown-linux-gnueabihf/release/GiftUIHostConfiguration.build/HostPresetBootstrap.swift.o	7a2df3b1870888b796a2985c7a38f5eca415fe87b47699ce9ceda1d22cf28a52
build/swiftpm/armv6-unknown-linux-gnueabihf/release/GiftUIHostConfiguration.build/HostResidualFailureRouting.swift.o	09bb72dd2f113c009517be228abe8a60cdeded45966dc21e07e2e3d5f1583ae2
build/swiftpm/armv6-unknown-linux-gnueabihf/release/GiftUIHostConfiguration.build/HostResidualPolicyContracts.swift.o	23f8d2ef084bc24f587a1a6c11ff330f35e9cd2018fd1c5325709c4a114dab75
build/swiftpm/armv6-unknown-linux-gnueabihf/release/GiftUIHostConfiguration.build/HostResidualPolicyTableValidation.swift.o	836e83a9a9660cf21479d1478b7de4f55979db4f20f5bc8ef93228a90297b86b
build/swiftpm/armv6-unknown-linux-gnueabihf/release/GiftUIHostConfiguration.build/HostScheduledOpportunityController.swift.o	3a8ea55cc89f994bcb4c84e099cb4faa693a31ffbc66188848775cf1dcd631b2
build/swiftpm/armv6-unknown-linux-gnueabihf/release/GiftUIHostConfiguration.build/HostSequencedFactAdmission.swift.o	e9b48f0cf03c4bc451b0e17ef234df28e3a58d32c21aa01fb6efc6c197eb5808
build/swiftpm/armv6-unknown-linux-gnueabihf/release/GiftUIHostConfiguration.build/HostWakePacingController.swift.o	fc4654980e61926e72e48030dada2d8ec0404bafdd304573834d2e852e2dce79
build/swiftpm/armv6-unknown-linux-gnueabihf/release/GiftUIHostConfiguration.build/SignalAnalyzerDrawingStartupValidation.swift.o	a90b61fd3ff4e325047c036089afd8c42b514315ddb80c6ebb71be294935004b
build/swiftpm/armv6-unknown-linux-gnueabihf/release/GiftUIHostConfiguration.build/SignalAnalyzerPresetHostInstance.swift.o	106f6b9d3e34af595af3ba03ddb26cc3777fab7b5da2593c95b72d60e71efb23
build/swiftpm/armv6-unknown-linux-gnueabihf/release/GiftUIHostConfiguration.build/SignalAnalyzerPresets.generated.swift.o	d0c894e17f1d145b7d2f9940ba246ec88f1b745b746ea59c9a5da83a009ab452
build/swiftpm/armv6-unknown-linux-gnueabihf/release/GiftUIHostConfiguration.build/SignalAnalyzerWorkloadStartupValidation.swift.o	76e4d39a5a4b2161250919879155b68998cad77b1684038c02235f1006754829
build/swiftpm/armv6-unknown-linux-gnueabihf/release/GiftUIHostConfiguration.build/include/GiftUIHostConfiguration-Swift.h	d34de6d61e2027838d65ef807f436e9091d4ecaf6c6a50c206481bbaaeffc030
build/swiftpm/armv6-unknown-linux-gnueabihf/release/GiftUIHostConfiguration.build/include/module.modulemap	a202863d6ea5c9febfd07d4785dffc7cb8f89292f8bbde5909aa4223b455475a
build/swiftpm/armv6-unknown-linux-gnueabihf/release/GiftUIHostConfiguration.build/output-file-map.json	e8e8aee60115b263665c82c67291b46173ea68beb0634c4c048a414703a76586
build/swiftpm/armv6-unknown-linux-gnueabihf/release/GiftUIHostConfiguration.build/sources	e62a60cc0cb58ef37006107c10ec6fd4b3b0f7c4ef00b75e5ce6e2a7c1b49c00
build/swiftpm/armv6-unknown-linux-gnueabihf/release/GiftUIInteraction.build/EffectiveActionEnabledState.swift.o	9663f50dd315c22219fbb31102fc8b7e0f56ef73de0d89c9a235a56765464fa5
build/swiftpm/armv6-unknown-linux-gnueabihf/release/GiftUIInteraction.build/ExecutionGestureAdapter.swift.o	8645f1d3942ea653e5ec8c7c6a6c41d185ceec8e57253e934ce61e055e6f920b
build/swiftpm/armv6-unknown-linux-gnueabihf/release/GiftUIInteraction.build/GiftUIInteraction.d	953830eb6c6dd2752247d2f18b713ad40f93dea4e0dd41a9ae893508ec7fe383
build/swiftpm/armv6-unknown-linux-gnueabihf/release/GiftUIInteraction.build/GiftUIInteraction.dia	2c72d5afff8cce441f2f8299a18215b0bf79605aa7eb05839e38f7949b46c0e2
build/swiftpm/armv6-unknown-linux-gnueabihf/release/GiftUIInteraction.build/InteractionFailurePrecedence.swift.o	5996513c49724eeafd5cddb7bded4fbde608133bafc9969b2ca4ce4fb689e0e3
build/swiftpm/armv6-unknown-linux-gnueabihf/release/GiftUIInteraction.build/InteractionState.swift.o	9b3d07199f668f68e9a0e71f8b1878325dbb867f8c7be43fe4f30d4d117cd2de
build/swiftpm/armv6-unknown-linux-gnueabihf/release/GiftUIInteraction.build/InteractionStorage.swift.o	1d25c402a41ccbd1dfc7514cd51e371a1fa6bfbe368660b32619dfd53a4d6905
build/swiftpm/armv6-unknown-linux-gnueabihf/release/GiftUIInteraction.build/InteractionValues.swift.o	2afd5b9668ec67c4bbe34e4c1cb43bb91171446116fec87b6621ce36cfe1eed8
build/swiftpm/armv6-unknown-linux-gnueabihf/release/GiftUIInteraction.build/include/GiftUIInteraction-Swift.h	0d9cd89b779e66de778ab3e35c2575dd0f9f69a218cb2b7cad93d5a5356b7c62
build/swiftpm/armv6-unknown-linux-gnueabihf/release/GiftUIInteraction.build/include/module.modulemap	fa23c48f20e1b8c73708452653a464236182e5abaf2d0f435b1d6f2287bf1b6d
build/swiftpm/armv6-unknown-linux-gnueabihf/release/GiftUIInteraction.build/output-file-map.json	4ffd7d09b36185f47fca3bcc5a0614774ed80ebe6d111cfd3f45f5e285101c53
build/swiftpm/armv6-unknown-linux-gnueabihf/release/GiftUIInteraction.build/sources	e3b54b03ba8ee6a89dee9e8ac9af88e1ae60f0e6ee8303accea1ce4b2fed6f5b
build/swiftpm/armv6-unknown-linux-gnueabihf/release/GiftUIInteractionFailureAdapterFixture.build/GiftUIInteractionFailureAdapterFixture.d	22e0c57997162a569b6f00614841932325726cd4e00be7c12cc773187cc4446f
build/swiftpm/armv6-unknown-linux-gnueabihf/release/GiftUIInteractionFailureAdapterFixture.build/GiftUIInteractionFailureAdapterFixture.dia	2c72d5afff8cce441f2f8299a18215b0bf79605aa7eb05839e38f7949b46c0e2
build/swiftpm/armv6-unknown-linux-gnueabihf/release/GiftUIInteractionFailureAdapterFixture.build/InteractionFailureAdapter.swift.o	47e0596aa0f850ac747b2cd2d42c3f8f434f61ff7d41cee18abfc2a6e2094b59
build/swiftpm/armv6-unknown-linux-gnueabihf/release/GiftUIInteractionFailureAdapterFixture.build/InteractionFailureContainment.swift.o	f614cf476510f5bbff739c220c40fb317c9805f896cf8d51a74843e471468bb9
build/swiftpm/armv6-unknown-linux-gnueabihf/release/GiftUIInteractionFailureAdapterFixture.build/include/GiftUIInteractionFailureAdapterFixture-Swift.h	590506de760bf124552e58600f77d5e3337b2a186dc516ef91ac69578f035e92
build/swiftpm/armv6-unknown-linux-gnueabihf/release/GiftUIInteractionFailureAdapterFixture.build/include/module.modulemap	558edb172a716c46bea2e9a9a1e69d99bd8074fcb76ece9fa2a6b7e8f7b4855d
build/swiftpm/armv6-unknown-linux-gnueabihf/release/GiftUIInteractionFailureAdapterFixture.build/output-file-map.json	4575a3553972ed52770e69e3974fab11485f792bd3c4b988e5a27e324e728175
build/swiftpm/armv6-unknown-linux-gnueabihf/release/GiftUIInteractionFailureAdapterFixture.build/sources	5c1d9e47dc048f028e118c14e7d2ccd4217f89301abd5e25571c81764a575d01
build/swiftpm/armv6-unknown-linux-gnueabihf/release/GiftUILayout.build/GiftUILayout.d	b4cd6132aa5898d95116bdd073611f07412fec578edbb0907788687407237be0
build/swiftpm/armv6-unknown-linux-gnueabihf/release/GiftUILayout.build/GiftUILayout.dia	2c72d5afff8cce441f2f8299a18215b0bf79605aa7eb05839e38f7949b46c0e2
build/swiftpm/armv6-unknown-linux-gnueabihf/release/GiftUILayout.build/Layout.swift.o	e497f10a70e1afedddfde4e611efe5d4beae8f268c2e8b1793c8293129188dfc
build/swiftpm/armv6-unknown-linux-gnueabihf/release/GiftUILayout.build/LayoutCounters.swift.o	50d80cfc5ee0480bde5fd4cc9832736d53188db10a05978b74b9a53cb2a30a5c
build/swiftpm/armv6-unknown-linux-gnueabihf/release/GiftUILayout.build/LayoutEngine.swift.o	9c554dd856b38025eac5a3fec591bd588e1a4f96cb6d26c2b0c9136063398146
build/swiftpm/armv6-unknown-linux-gnueabihf/release/GiftUILayout.build/LayoutError.swift.o	10bb03fa0679acf7317f29f0ec9dc652384762cf051b1ad6449219c7de1b30da
build/swiftpm/armv6-unknown-linux-gnueabihf/release/GiftUILayout.build/LayoutGeometry.swift.o	64bf0fc5705b6c1024663fb15d91d251c9338a6a76ba404cb5eb9a002c544f1c
build/swiftpm/armv6-unknown-linux-gnueabihf/release/GiftUILayout.build/LayoutPublication.swift.o	4878d80a1a5120ce22dbeb8e0cb09ac3a7fb16dd611b2f51a1dc72fff850c57c
build/swiftpm/armv6-unknown-linux-gnueabihf/release/GiftUILayout.build/LayoutResultSink.swift.o	3f19706d2474cb5291ca5d7b093266f2eb7d1e8459f5451231dd0b3ff257a5bd
build/swiftpm/armv6-unknown-linux-gnueabihf/release/GiftUILayout.build/LayoutSemanticValidation.swift.o	0be3a2ac450d9ce2af4922091844031f40e2a19220778f90e07a065179bd9190
build/swiftpm/armv6-unknown-linux-gnueabihf/release/GiftUILayout.build/LayoutValues.swift.o	71e495d444653a676d4eb8f667438edb24a4db52d613e9f1015b7d6d45f2273c
build/swiftpm/armv6-unknown-linux-gnueabihf/release/GiftUILayout.build/LayoutWorkspace.swift.o	c8f5b6602ad045dc5c2e2cd8c88bd8b60bf4f6e5f2657500291fca69aa937047
build/swiftpm/armv6-unknown-linux-gnueabihf/release/GiftUILayout.build/ResolvedRenderLayoutView.swift.o	a6a0c0ce7d381aa026dc0eb8c3430d5e2dd16cc97315d91f80d458d76ce70b22
build/swiftpm/armv6-unknown-linux-gnueabihf/release/GiftUILayout.build/include/GiftUILayout-Swift.h	5a1301eccd42b72722359501f1e5b64cc2c39afe309b59078aa399ea56dab68a
build/swiftpm/armv6-unknown-linux-gnueabihf/release/GiftUILayout.build/include/module.modulemap	8ffac651fbc3d5b6f562879a17810a61ef36c80e3f95739560e86bcd96f7691b
build/swiftpm/armv6-unknown-linux-gnueabihf/release/GiftUILayout.build/output-file-map.json	c12f6ec057d5c8e4b91c8d130849cebaa3ff4cf2c64a06747709a2fd238fcb67
build/swiftpm/armv6-unknown-linux-gnueabihf/release/GiftUILayout.build/sources	cb5411dbb9ba2fde4139082eda404c9af84509589104f3f1f593c7a6ddd7e4c5
build/swiftpm/armv6-unknown-linux-gnueabihf/release/GiftUILayoutFailureAdapterFixture.build/GiftUILayoutFailureAdapterFixture.d	b368c3c83910739d01ddc4dd911fdc9345bcbc8bc070f96cf321ebb56ef458cb
build/swiftpm/armv6-unknown-linux-gnueabihf/release/GiftUILayoutFailureAdapterFixture.build/GiftUILayoutFailureAdapterFixture.dia	2c72d5afff8cce441f2f8299a18215b0bf79605aa7eb05839e38f7949b46c0e2
build/swiftpm/armv6-unknown-linux-gnueabihf/release/GiftUILayoutFailureAdapterFixture.build/LayoutFailureAdapter.swift.o	f30155ff731f73771a0dbe4ce71aeed4d4e0105ae54105350020ff050e7da6c9
build/swiftpm/armv6-unknown-linux-gnueabihf/release/GiftUILayoutFailureAdapterFixture.build/include/GiftUILayoutFailureAdapterFixture-Swift.h	7c9b69600911f9421d8f11b106fea737d9b41b025e0bc8ef4500cb17dd9f6168
build/swiftpm/armv6-unknown-linux-gnueabihf/release/GiftUILayoutFailureAdapterFixture.build/include/module.modulemap	42bdd24418da271f7eaae6511a8cc15c1be4161cdbb3422de8c2cda38a031dd7
build/swiftpm/armv6-unknown-linux-gnueabihf/release/GiftUILayoutFailureAdapterFixture.build/output-file-map.json	cdef3786b40db7adde5d0d14c09daf159c7fa398c43410e4b75ad20395dcd07b
build/swiftpm/armv6-unknown-linux-gnueabihf/release/GiftUILayoutFailureAdapterFixture.build/sources	dc0b7fdd248893e73ceaa18cd718a6807bc8b350d17fa1470d6ee995c6ed60b0
build/swiftpm/armv6-unknown-linux-gnueabihf/release/GiftUIObservableState.build/GiftUIObservableState.d	5d8afdd629f884e5cf146ee98125a38b5e88f90fc19b47178145a77e871d6fa4
build/swiftpm/armv6-unknown-linux-gnueabihf/release/GiftUIObservableState.build/GiftUIObservableState.dia	2c72d5afff8cce441f2f8299a18215b0bf79605aa7eb05839e38f7949b46c0e2
build/swiftpm/armv6-unknown-linux-gnueabihf/release/GiftUIObservableState.build/ObservableStateAssociationLifecycle.swift.o	e36f342a9a9513ae65dc54160150c8e7e2e5f6055f5204b16230785fce207da3
build/swiftpm/armv6-unknown-linux-gnueabihf/release/GiftUIObservableState.build/ObservableStateAttachmentGenerationAllocator.swift.o	2435da7f2bb9a381fd8d13257c0031901ba1bb5edf181c586eeaa5cfc98cb71e
build/swiftpm/armv6-unknown-linux-gnueabihf/release/GiftUIObservableState.build/ObservableStateBindingDecorator.swift.o	9e227821d6e7f9132a89b0ecbbd6ab01440d483b2e783e573ff48567af1f1d47
build/swiftpm/armv6-unknown-linux-gnueabihf/release/GiftUIObservableState.build/ObservableStateCandidateLifecycle.swift.o	052b7b2f23892e65e07a50af36b5cee3e32dbc06b20d92538215eee3294b22f6
build/swiftpm/armv6-unknown-linux-gnueabihf/release/GiftUIObservableState.build/ObservableStateDirtyDerivation.swift.o	2049a9cfbcd36be3b610c942a2a9c3414019850539d96b5571485ba2a195956d
build/swiftpm/armv6-unknown-linux-gnueabihf/release/GiftUIObservableState.build/ObservableStateMutationResultSlot.swift.o	fa425ba0c25162b04f31b2c760e7bca2d270b830e56f3e92cc19b3134ec886b5
build/swiftpm/armv6-unknown-linux-gnueabihf/release/GiftUIObservableState.build/ObservableStateProtocols.swift.o	67ed9eb28a4eeb2bce8807fd013fd12692ab3cc4e7605f71e5d9ef0a5f102dfb
build/swiftpm/armv6-unknown-linux-gnueabihf/release/GiftUIObservableState.build/ObservableStateRegistrationBridge.swift.o	8a8c9de1bccf5434e82a0fa636e045953a662f6eaf782e24dc88adaab8b72db1
build/swiftpm/armv6-unknown-linux-gnueabihf/release/GiftUIObservableState.build/ObservableStateRegistrationLifecycle.swift.o	1c9f3440b792706678080f47a67a49e4f5a24e71c46e4d8869dae6f44e5c0b3a
build/swiftpm/armv6-unknown-linux-gnueabihf/release/GiftUIObservableState.build/ObservableStateReplacementBridge.swift.o	c98ad95e971fc1247e68d6ff334a92c022380baba847c51db5088ae2fdc4a766
build/swiftpm/armv6-unknown-linux-gnueabihf/release/GiftUIObservableState.build/ObservableStateReplacementTransaction.swift.o	29b17fa3403e1d750485b6cedb14392a1d184e5178e191c579b859e24e18d52d
build/swiftpm/armv6-unknown-linux-gnueabihf/release/GiftUIObservableState.build/ObservableStateReportGuard.swift.o	69c9b9b1487f2b9941201e0c3285824130a53d013e3c0824ea213d873f59c824
build/swiftpm/armv6-unknown-linux-gnueabihf/release/GiftUIObservableState.build/ObservableStateReportRoute.swift.o	34327c9108e42f2fd0b1cbc3a5c0851e6e5671602c243f77790a96a5bf21168e
build/swiftpm/armv6-unknown-linux-gnueabihf/release/GiftUIObservableState.build/ObservableStateTargetLifetime.swift.o	d71f64997fc311d944285dd137f6b55ddf831d7eafee2d8769e0cb9c0b5d6b07
build/swiftpm/armv6-unknown-linux-gnueabihf/release/GiftUIObservableState.build/ObservableStateTargetLookupSlot.swift.o	c071dd2770dcf79a5e57a28558e53dea0805b8d1b710d2cb7f59e5f8163405e0
build/swiftpm/armv6-unknown-linux-gnueabihf/release/GiftUIObservableState.build/ObservableStateValues.swift.o	2b9924f396443280ab35f3ed4357fd14f46b88bc1ee4fc5fc4824fde69590159
build/swiftpm/armv6-unknown-linux-gnueabihf/release/GiftUIObservableState.build/PresentationFactAdmission.swift.o	2523296be70f65873c37ad718e4ce189123ee2ad48bd224320cb2e2739610540
build/swiftpm/armv6-unknown-linux-gnueabihf/release/GiftUIObservableState.build/include/GiftUIObservableState-Swift.h	20f9d018d7d61e09a3a1c4b87933e7bfb8fede8fb8ab51991ab906484af9e855
build/swiftpm/armv6-unknown-linux-gnueabihf/release/GiftUIObservableState.build/include/module.modulemap	7428301335a21bd4dfa27060f6cf0334d5f4d89c1503c869998f33520ffe8f99
build/swiftpm/armv6-unknown-linux-gnueabihf/release/GiftUIObservableState.build/output-file-map.json	7bb7d2ae9e0d645ff8a83af6ae734a7c73dfc5e9f4e58c019c3a1e46e329bfa9
build/swiftpm/armv6-unknown-linux-gnueabihf/release/GiftUIObservableState.build/sources	e7411f49f5b50eb2cf4b59764235314d9804fc4421816e6a584d64e0fd046c20
build/swiftpm/armv6-unknown-linux-gnueabihf/release/GiftUIObservableStateFailureAdapterFixture.build/GiftUIObservableStateFailureAdapterFixture.d	a823a94890a2bbbb1e57900866f094dd4afe59ebc4671aa1f6910755f16db7b1
build/swiftpm/armv6-unknown-linux-gnueabihf/release/GiftUIObservableStateFailureAdapterFixture.build/GiftUIObservableStateFailureAdapterFixture.dia	2c72d5afff8cce441f2f8299a18215b0bf79605aa7eb05839e38f7949b46c0e2
build/swiftpm/armv6-unknown-linux-gnueabihf/release/GiftUIObservableStateFailureAdapterFixture.build/ObservableStateFailureAdapter.swift.o	719ea9e3b7466cf857fe378632feaea1e19cadd2c05c0ba3703c35268402f986
build/swiftpm/armv6-unknown-linux-gnueabihf/release/GiftUIObservableStateFailureAdapterFixture.build/include/GiftUIObservableStateFailureAdapterFixture-Swift.h	e4a3e73447b114bc6d6f1488e7b6498ab79617955bb9726e1a86d42be0c66e65
build/swiftpm/armv6-unknown-linux-gnueabihf/release/GiftUIObservableStateFailureAdapterFixture.build/include/module.modulemap	aa154e945d65ed443e0dd75253c24c6b08949c5e9c0515566e1d0af983262fc2
build/swiftpm/armv6-unknown-linux-gnueabihf/release/GiftUIObservableStateFailureAdapterFixture.build/output-file-map.json	140776786c97cef6865cb241f51f44a1014c333a0cb37644a0be5767b5f0b5ed
build/swiftpm/armv6-unknown-linux-gnueabihf/release/GiftUIObservableStateFailureAdapterFixture.build/sources	bdc582fa7257852e0d0763f48247aecfc7c831222c92ca72be4c6797a102303f
build/swiftpm/armv6-unknown-linux-gnueabihf/release/GiftUIPlatformRaspberryPi.build/GiftUIPlatformRaspberryPi.d	5707e89cb3b16f0eece9348f747c13abd9ea521c7e8899dfacf74efc2e1d48da
build/swiftpm/armv6-unknown-linux-gnueabihf/release/GiftUIPlatformRaspberryPi.build/GiftUIPlatformRaspberryPi.dia	2c72d5afff8cce441f2f8299a18215b0bf79605aa7eb05839e38f7949b46c0e2
build/swiftpm/armv6-unknown-linux-gnueabihf/release/GiftUIPlatformRaspberryPi.build/LinuxPiScreenDevices.swift.o	3d04b7baec7d74d756500d9bbad4c675aeacbee2c6a11d1ad33fcc4be98c6f2e
build/swiftpm/armv6-unknown-linux-gnueabihf/release/GiftUIPlatformRaspberryPi.build/LinuxPiScreenExercise.swift.o	3eb9a2c92e1780b1efb651f4d792407cff7032a72935589b00b724f62864c232
build/swiftpm/armv6-unknown-linux-gnueabihf/release/GiftUIPlatformRaspberryPi.build/PiScreenConsoleModeOwner.swift.o	8b4241bbf9ec8b8ad427fdaa3f03a934a7bf6c4b3676d46aeec6a66aaf17e91c
build/swiftpm/armv6-unknown-linux-gnueabihf/release/GiftUIPlatformRaspberryPi.build/PiScreenDisplayTarget.swift.o	63ed35f51e0b6811c49a0fd1a47b1a39ff4a3c67efc85191eda5a1139e094142
build/swiftpm/armv6-unknown-linux-gnueabihf/release/GiftUIPlatformRaspberryPi.build/PiScreenFramebufferProjection.swift.o	d3eb3b524c033d04781f99dca023e0945da13bf1cef427c67cec2fba2802a566
build/swiftpm/armv6-unknown-linux-gnueabihf/release/GiftUIPlatformRaspberryPi.build/PiScreenGeometry.swift.o	d25c638312122bae08a2ebdbb9cb8603f2e698566bea2ec4ea19378f1d0de31a
build/swiftpm/armv6-unknown-linux-gnueabihf/release/GiftUIPlatformRaspberryPi.build/PiScreenInputEventDecoder.swift.o	71545f5bde739a9704a9b07747dbb40c2d209aa604421231e751ca10ebaddfda
build/swiftpm/armv6-unknown-linux-gnueabihf/release/GiftUIPlatformRaspberryPi.build/include/GiftUIPlatformRaspberryPi-Swift.h	01804018d5c72bfa480f9246eb70a7ada4c76618dbc12ab19fcbb822f9fb6a0e
build/swiftpm/armv6-unknown-linux-gnueabihf/release/GiftUIPlatformRaspberryPi.build/include/module.modulemap	524d46af4381f6e2bbe5547d8188fd36a3a98d99616242d23905f658309f10d6
build/swiftpm/armv6-unknown-linux-gnueabihf/release/GiftUIPlatformRaspberryPi.build/output-file-map.json	21d7711865f8629ada9be5239c5e5099cd8e0c712f6f3c8bc7b965812473f97b
build/swiftpm/armv6-unknown-linux-gnueabihf/release/GiftUIPlatformRaspberryPi.build/sources	639397242b7e663942d586edd7f9a5fe4f8023b3d97c84336f0b05dd95576313
build/swiftpm/armv6-unknown-linux-gnueabihf/release/GiftUIRasterCore.build/FullSurfaceRGB565Framebuffer.swift.o	013359f7b034c86751f3d2f0b71811932eb400ef008d4766de2b48dfd5fc9d21
build/swiftpm/armv6-unknown-linux-gnueabihf/release/GiftUIRasterCore.build/FullSurfaceRGBA8888Buffer.swift.o	e8bd142e7c5dd4779fb22578033496dd886e1bb398fc38fc5891dfdd522b6ed0
build/swiftpm/armv6-unknown-linux-gnueabihf/release/GiftUIRasterCore.build/GiftUIRasterCore.d	2a77b091ce923a9dbdf2b1352c71b96229e89a0a22d0c89a4cfdcf7ddc553819
build/swiftpm/armv6-unknown-linux-gnueabihf/release/GiftUIRasterCore.build/GiftUIRasterCore.dia	2c72d5afff8cce441f2f8299a18215b0bf79605aa7eb05839e38f7949b46c0e2
build/swiftpm/armv6-unknown-linux-gnueabihf/release/GiftUIRasterCore.build/RGB565TileWorkspace.swift.o	7f5ec5a471110b969dc641adcb71d309e11ada5478988711a04c15259298756b
build/swiftpm/armv6-unknown-linux-gnueabihf/release/GiftUIRasterCore.build/RasterBackendContributionAdapter.swift.o	416696d7cc8aebfbf75649039c098348af20a881e37d9058a581c041e01c24f3
build/swiftpm/armv6-unknown-linux-gnueabihf/release/GiftUIRasterCore.build/RasterFillCoverage.swift.o	911ddbd067c5e747251c03e690a0331c3d17e8fdce18851f6720b1b7e9c535ed
build/swiftpm/armv6-unknown-linux-gnueabihf/release/GiftUIRasterCore.build/RasterFrameSink.swift.o	13e1f79dd3df9e061752f0b4e5a0d3551aa1c9d33ab7da2c75d31522c1e79deb
build/swiftpm/armv6-unknown-linux-gnueabihf/release/GiftUIRasterCore.build/RasterFrameWork.swift.o	12ce14f73eb3ab4ac8cabb96c420d4db587183d775107bf79e243bca921a44e8
build/swiftpm/armv6-unknown-linux-gnueabihf/release/GiftUIRasterCore.build/RasterGlyphCoverage.swift.o	14bf3f2dc8e13196efdee43cb1f7ef817adec94bb5d69d71fa5c47d7059ada22
build/swiftpm/armv6-unknown-linux-gnueabihf/release/GiftUIRasterCore.build/RasterPayloadLimits.swift.o	1fff94acf5efbbb89cc77eef0c24d06399192efa7d648e0fbc61a23930a86c5e
build/swiftpm/armv6-unknown-linux-gnueabihf/release/GiftUIRasterCore.build/RasterStrokeCoverage.swift.o	e24b06b56d33dbc1b48caa50a6668b5aac8ba480ec3750e8d2c3b746d09c3587
build/swiftpm/armv6-unknown-linux-gnueabihf/release/GiftUIRasterCore.build/RasterWorkTracker.swift.o	0bf22584a1614c4179b7a3d4dcfcdd81e10cccdd33cf3d5fa30f715f743bbff9
build/swiftpm/armv6-unknown-linux-gnueabihf/release/GiftUIRasterCore.build/include/GiftUIRasterCore-Swift.h	4dc4ce556a79769a75e3d719f8334800553cfecddfe71e6bddf28964bc66a672
build/swiftpm/armv6-unknown-linux-gnueabihf/release/GiftUIRasterCore.build/include/module.modulemap	c02a23f3dfed9a4f1347c324674af6bde03887f6aa547e547dba026bb3aad6b9
build/swiftpm/armv6-unknown-linux-gnueabihf/release/GiftUIRasterCore.build/output-file-map.json	73fefe2f26335ac74c82d1831bd3f82795b17fa4464ed3874d7bca9564257d67
build/swiftpm/armv6-unknown-linux-gnueabihf/release/GiftUIRasterCore.build/sources	950b7dc1dbe0e0a7ae0aef6236fb6eacb6c60806262b4f23046884180f12a0f2
build/swiftpm/armv6-unknown-linux-gnueabihf/release/GiftUIReferenceTextResources.build/GiftUIPiCompactTextResources.swift.o	d9b9ce75f7d66b0d120df20d1309474c4d8d7067f9206d1a41acdde106c689c0
build/swiftpm/armv6-unknown-linux-gnueabihf/release/GiftUIReferenceTextResources.build/GiftUIReferenceTextResources.d	2dbab4af64c4df969dcc4ee38319502507247b201dd2a8458b15509d2bbd41f2
build/swiftpm/armv6-unknown-linux-gnueabihf/release/GiftUIReferenceTextResources.build/GiftUIReferenceTextResources.dia	2c72d5afff8cce441f2f8299a18215b0bf79605aa7eb05839e38f7949b46c0e2
build/swiftpm/armv6-unknown-linux-gnueabihf/release/GiftUIReferenceTextResources.build/GiftUIReferenceTextResources.swift.o	a609f6b885388c32f90c7aaa9c63b898ae8ae18b14a8f302308499512d83c15f
build/swiftpm/armv6-unknown-linux-gnueabihf/release/GiftUIReferenceTextResources.build/PiCompactBitmapPayload.generated.swift.o	8b56c41346424f8fa150a4942e609a8be7b7d8312d702094fb72ace102d3ad83
build/swiftpm/armv6-unknown-linux-gnueabihf/release/GiftUIReferenceTextResources.build/PiCompactCatalogue.generated.swift.o	156b247aa30505e536a9d035b9e9861e284ead7bf28140a8ffe5e4b5f0612039
build/swiftpm/armv6-unknown-linux-gnueabihf/release/GiftUIReferenceTextResources.build/ReferenceBitmapPayload.generated.swift.o	b0f82386673355bdb769c97b674af84084748bbfee38ab67faf49ea69ae672cb
build/swiftpm/armv6-unknown-linux-gnueabihf/release/GiftUIReferenceTextResources.build/ReferenceCatalogue.generated.swift.o	9e24e0adb24eef0172e5d754afcbf11a3a39acc3c58dd8de35e8d297c96d70d2
build/swiftpm/armv6-unknown-linux-gnueabihf/release/GiftUIReferenceTextResources.build/ReferenceOutlinePayload.generated.swift.o	6ae524dbc5a10bb800b4ba200bc01362041395d181ef900bdcf28b584a225930
build/swiftpm/armv6-unknown-linux-gnueabihf/release/GiftUIReferenceTextResources.build/include/GiftUIReferenceTextResources-Swift.h	2c247caf9a5775ec6bc9c1ac1295a6022b14c38aa4d1a44d946a6b0bc628a7f3
build/swiftpm/armv6-unknown-linux-gnueabihf/release/GiftUIReferenceTextResources.build/include/module.modulemap	b1e9feec90533492623901f3eca115afe0b5586e2ba2be5c816f6119db74ce63
build/swiftpm/armv6-unknown-linux-gnueabihf/release/GiftUIReferenceTextResources.build/output-file-map.json	2d7d8837908e9aef67c78ca8ec61ead1bf5290a29f1678015beb1cb8317eb109
build/swiftpm/armv6-unknown-linux-gnueabihf/release/GiftUIReferenceTextResources.build/sources	84e56cdf60622da0a3eb75834d01313d81b4f6f9f4536b74c7e84f18fcddcbde
build/swiftpm/armv6-unknown-linux-gnueabihf/release/GiftUIRenderCore.build/DrawingOperationSink.swift.o	2af9ba7baadcd9176d81f0e0962b8102fd3eea26ea5055b56a47fc3f3fad24f1
build/swiftpm/armv6-unknown-linux-gnueabihf/release/GiftUIRenderCore.build/GiftUIRenderCore.d	460ad20d900db33a1cd89b41b1ab1cfbc31df6b56abd73970a3bab37c069bf59
build/swiftpm/armv6-unknown-linux-gnueabihf/release/GiftUIRenderCore.build/GiftUIRenderCore.dia	2c72d5afff8cce441f2f8299a18215b0bf79605aa7eb05839e38f7949b46c0e2
build/swiftpm/armv6-unknown-linux-gnueabihf/release/GiftUIRenderCore.build/RenderOperationSink.swift.o	4e5ed4169b6b00621cfd8905e08c4da76f1c6a74243ac6d78dfab2499af5ca2f
build/swiftpm/armv6-unknown-linux-gnueabihf/release/GiftUIRenderCore.build/RenderRecordingSink.swift.o	97b2ac02c2d74859a72d0e1940ac6bf3524cbf1b23d7913539078fc05a007882
build/swiftpm/armv6-unknown-linux-gnueabihf/release/GiftUIRenderCore.build/RenderValues.swift.o	c3294c9888ff5d20f95407d62acbe8cbdc5fe9c04c5e4fec841f07d1bc8ec658
build/swiftpm/armv6-unknown-linux-gnueabihf/release/GiftUIRenderCore.build/include/GiftUIRenderCore-Swift.h	798a376fd1a89614c53b68dc3d107805583c640f14f8e4ff1dde5b6b15704519
build/swiftpm/armv6-unknown-linux-gnueabihf/release/GiftUIRenderCore.build/include/module.modulemap	36ffaa3b6819affa35958a9021544c09141b49778590a3c9b120789cf47941ec
build/swiftpm/armv6-unknown-linux-gnueabihf/release/GiftUIRenderCore.build/output-file-map.json	1a5f10246683f699716294e9e6471877b960206bd37442f88b25a0c00889238a
build/swiftpm/armv6-unknown-linux-gnueabihf/release/GiftUIRenderCore.build/sources	39f055f3aa816e1a17b9b189a66f5fe01a0fee8f3b4d68120ac41c1bb7895fe7
build/swiftpm/armv6-unknown-linux-gnueabihf/release/GiftUIRenderFailureAdapterFixture.build/GiftUIRenderFailureAdapterFixture.d	4088c0e82d831f4a37910fff775e4808613bbc2a4c6c637410fb765efeaff6c0
build/swiftpm/armv6-unknown-linux-gnueabihf/release/GiftUIRenderFailureAdapterFixture.build/GiftUIRenderFailureAdapterFixture.dia	2c72d5afff8cce441f2f8299a18215b0bf79605aa7eb05839e38f7949b46c0e2
build/swiftpm/armv6-unknown-linux-gnueabihf/release/GiftUIRenderFailureAdapterFixture.build/RenderFailureAdapter.swift.o	952454fb6f54c6c012df6067e025a53d1d180d499515abbed1899df11f20197e
build/swiftpm/armv6-unknown-linux-gnueabihf/release/GiftUIRenderFailureAdapterFixture.build/include/GiftUIRenderFailureAdapterFixture-Swift.h	6e82d735db6fa888f9d37964d5e155afcd62dd50c7882e681495514fbd3cd3d5
build/swiftpm/armv6-unknown-linux-gnueabihf/release/GiftUIRenderFailureAdapterFixture.build/include/module.modulemap	db0b8a1d943a1cb8728f96f7d13805065e4e70ed3b987c64701dad552bbaf63e
build/swiftpm/armv6-unknown-linux-gnueabihf/release/GiftUIRenderFailureAdapterFixture.build/output-file-map.json	ed4c7e91b5d17b38fd53b075db9b0133dee715c366ccdddca079a09f233a921a
build/swiftpm/armv6-unknown-linux-gnueabihf/release/GiftUIRenderFailureAdapterFixture.build/sources	2b51d93abfb54c403474d060ff00cb4ff83ff9af6a63753b32173463b3ede321
build/swiftpm/armv6-unknown-linux-gnueabihf/release/GiftUIRenderLowering.build/GiftUIRenderLowering.d	5b7e0f421cf2e999bbde45a21a2fb1d4193a420d9cf9b8fc28ff25088f4b22b5
build/swiftpm/armv6-unknown-linux-gnueabihf/release/GiftUIRenderLowering.build/GiftUIRenderLowering.dia	2c72d5afff8cce441f2f8299a18215b0bf79605aa7eb05839e38f7949b46c0e2
build/swiftpm/armv6-unknown-linux-gnueabihf/release/GiftUIRenderLowering.build/RenderExtensions.swift.o	ef06491e624f8f75f8ef3a99cf8747f07025932dc343aa5264873afd86ebebb0
build/swiftpm/armv6-unknown-linux-gnueabihf/release/GiftUIRenderLowering.build/RenderPreflight.swift.o	d11a14761c8554946236457b0b93fe07db23e85b0a02f42635307bfae8b15d1a
build/swiftpm/armv6-unknown-linux-gnueabihf/release/GiftUIRenderLowering.build/RenderProducer.swift.o	561357359501d9ddd72aa41a5e96f8322c1e5cdc9e58abfe6f8d723c533ff144
build/swiftpm/armv6-unknown-linux-gnueabihf/release/GiftUIRenderLowering.build/RenderProductionValues.swift.o	323870ad43ae44be3936621aaa4547273b05454dd96bd85dc0f7dd0de465b913
build/swiftpm/armv6-unknown-linux-gnueabihf/release/GiftUIRenderLowering.build/RenderStreaming.swift.o	ef39fdcec16d14d5ced118e2105267315b6c722341f03f9b8134acb71456d491
build/swiftpm/armv6-unknown-linux-gnueabihf/release/GiftUIRenderLowering.build/include/GiftUIRenderLowering-Swift.h	0ad402476a1c996bff1407a8b50f0f1730a5fd62824bee74dcfeaafe48b7ab75
build/swiftpm/armv6-unknown-linux-gnueabihf/release/GiftUIRenderLowering.build/include/module.modulemap	70d3b98033dedf6cf5e917e0edbe8a991353ed1ae36c585323c0c8534c24da2b
build/swiftpm/armv6-unknown-linux-gnueabihf/release/GiftUIRenderLowering.build/output-file-map.json	11d7fdbcb0271b1468de0e6c80425a59f31317bfc9f33b1dce7880e9dc138845
build/swiftpm/armv6-unknown-linux-gnueabihf/release/GiftUIRenderLowering.build/sources	6935a1a3c32caf705f279327459cea8f255925b976d548a2778a7a27fb260f72
build/swiftpm/armv6-unknown-linux-gnueabihf/release/GiftUIRuntimeCore.build/GiftUIRuntimeCore.d	22785600566d2d084472234b0cf0a1201b11e95fbad3efc0af201ee0f3447eae
build/swiftpm/armv6-unknown-linux-gnueabihf/release/GiftUIRuntimeCore.build/GiftUIRuntimeCore.dia	2c72d5afff8cce441f2f8299a18215b0bf79605aa7eb05839e38f7949b46c0e2
build/swiftpm/armv6-unknown-linux-gnueabihf/release/GiftUIRuntimeCore.build/RuntimeCompletePipeline.swift.o	ee7d16ccc729ab4c360dc0d75fa0dc8f8269912af9f7e7ebd826e6b2dda6e8e6
build/swiftpm/armv6-unknown-linux-gnueabihf/release/GiftUIRuntimeCore.build/RuntimeCoordinatorCleanup.swift.o	604fc0c0bbae1a91366fa8e65e63aa430d6fe213e351ecb98e69ba869d0358d0
build/swiftpm/armv6-unknown-linux-gnueabihf/release/GiftUIRuntimeCore.build/RuntimeCoordinatorContracts.swift.o	fe209bae3c94e4c3afba5d01166ee1a24d2f61dc2e26384c99c7ea778c8d1925
build/swiftpm/armv6-unknown-linux-gnueabihf/release/GiftUIRuntimeCore.build/RuntimeCoordinatorLifecycle.swift.o	aff921617d302d0dea5290ab220ddf6e5f97399a749838df63d072bd61b1e97d
build/swiftpm/armv6-unknown-linux-gnueabihf/release/GiftUIRuntimeCore.build/RuntimeCoordinatorQuiescence.swift.o	994a15cff7094e0068cb893c749a01095f92aa9b6a87f2be9ef520aa9e0baff4
build/swiftpm/armv6-unknown-linux-gnueabihf/release/GiftUIRuntimeCore.build/RuntimeCoreBoundary.swift.o	f428894642f49ebee7f1367475714855a29b5617fd2e355c90c419e561c428a9
build/swiftpm/armv6-unknown-linux-gnueabihf/release/GiftUIRuntimeCore.build/RuntimeFocusedFailureState.swift.o	340ecda57ce7dadb5b792e5ea0d910368077b020e58cdba8941170a75c3d6984
build/swiftpm/armv6-unknown-linux-gnueabihf/release/GiftUIRuntimeCore.build/RuntimeInteractionCandidateCoordinator.swift.o	09a61391d5e142d2258e66c28a6a09ac8adab20d7c84fcb8de0a069e9142cfb4
build/swiftpm/armv6-unknown-linux-gnueabihf/release/GiftUIRuntimeCore.build/RuntimeInteractionCandidateTransaction.swift.o	b1b195327eb372f94b5eed386d5000b2842c2e933f36171c47d611602f9a181f
build/swiftpm/armv6-unknown-linux-gnueabihf/release/GiftUIRuntimeCore.build/RuntimeInteractionDispatcher.swift.o	571ce0b79e3774592e365e5ad3718a2e92c6910512c1703a3a048102192f2f75
build/swiftpm/armv6-unknown-linux-gnueabihf/release/GiftUIRuntimeCore.build/RuntimeInteractionMutationOwner.swift.o	d8943ed0e484b5d5f3897453350c39383d77b3933c1cfa1917961a7c474b35f7
build/swiftpm/armv6-unknown-linux-gnueabihf/release/GiftUIRuntimeCore.build/RuntimeObservableProfileWorkspace.swift.o	fcb954791d8e342320106a511a0bdd8d60588c1a38088574888caa9e22799e58
build/swiftpm/armv6-unknown-linux-gnueabihf/release/GiftUIRuntimeCore.build/RuntimeOwnerFailure.swift.o	dd6e70815af42b70b9b4a49e621bbb6e22564e75d5f4558ae4a45e5e212ecf9a
build/swiftpm/armv6-unknown-linux-gnueabihf/release/GiftUIRuntimeCore.build/RuntimeProfileStorage.swift.o	984b333169797fb58a4f67c4b2357b4d70d04bdc2086bfc92cd9c5234b3ee52a
build/swiftpm/armv6-unknown-linux-gnueabihf/release/GiftUIRuntimeCore.build/RuntimeProfileValidation.swift.o	d818d427d777391665df760c93b9c6abc63fd85001d204e579f18ceda8c5d9f8
build/swiftpm/armv6-unknown-linux-gnueabihf/release/GiftUIRuntimeCore.build/RuntimeProfileValues.swift.o	423c3f2882cf815a882313dfa6c2f4988d23db1441b161b251956eb96258d8db
build/swiftpm/armv6-unknown-linux-gnueabihf/release/GiftUIRuntimeCore.build/RuntimeStorageRegistry.swift.o	83ffe6aca0aec540bcee3b39ed061e28ab5c24ad350d5ac02b0201f357962899
build/swiftpm/armv6-unknown-linux-gnueabihf/release/GiftUIRuntimeCore.build/include/GiftUIRuntimeCore-Swift.h	68ac3e89af4a957773070b3a50437e068154475ee972618f4bd4f43b9d4be475
build/swiftpm/armv6-unknown-linux-gnueabihf/release/GiftUIRuntimeCore.build/include/module.modulemap	69e377fe12b5dc5fdcdd0bf3393b6ff8ecab38f3ad9fe6bc179f181b69cbd1a0
build/swiftpm/armv6-unknown-linux-gnueabihf/release/GiftUIRuntimeCore.build/output-file-map.json	4adbd80358aae779cedb0c0bc346cffc2cd33e6d0a77229a017ea8c78e075e63
build/swiftpm/armv6-unknown-linux-gnueabihf/release/GiftUIRuntimeCore.build/sources	28f26c83197304f4a7d818817667d7f668ab6d17acebabb791fa341170cbd834
build/swiftpm/armv6-unknown-linux-gnueabihf/release/GiftUIRuntimeDynamic.build/DynamicCanvasCallableStorage.swift.o	3742c92db845dee8cb7a73c82e36e1061face387c6e38810513ade7bdb420507
build/swiftpm/armv6-unknown-linux-gnueabihf/release/GiftUIRuntimeDynamic.build/DynamicDrawingPlanWorkspace.swift.o	f449741d3ca389a91392cf045678fb57a91d3fac5a60c245bc04a7ef4c79db4d
build/swiftpm/armv6-unknown-linux-gnueabihf/release/GiftUIRuntimeDynamic.build/DynamicInteractionStorage.swift.o	2173087ed06cbd09849a90477b9fb007c457a54bb075ccddff43bb116d28f6b3
build/swiftpm/armv6-unknown-linux-gnueabihf/release/GiftUIRuntimeDynamic.build/DynamicLayoutHostStorage.swift.o	b4b9b02a7a7c79a8f8d5490943319b273d09a6f7d990910d4c2458de1a68fc1e
build/swiftpm/armv6-unknown-linux-gnueabihf/release/GiftUIRuntimeDynamic.build/DynamicLivePathStorage.swift.o	713e41edebecfabdf23ac2aaf0ce121ff479dfe07613e29d6a7645d737bcc22b
build/swiftpm/armv6-unknown-linux-gnueabihf/release/GiftUIRuntimeDynamic.build/DynamicObservableModelRegistration.swift.o	aebd47c0a36865d2329681c1c93ef98e3b0c5b025e7dcf913d7af624d49e4e08
build/swiftpm/armv6-unknown-linux-gnueabihf/release/GiftUIRuntimeDynamic.build/DynamicObservableModelStorage.swift.o	c21ddd3f9a674ced77a986ca13cf763b2b3ac947ba6e2b28ad7650bc18482b00
build/swiftpm/armv6-unknown-linux-gnueabihf/release/GiftUIRuntimeDynamic.build/DynamicObservableProfileSlotStorage.swift.o	fae8b680cd638d9e36cfd31bff27ee540a4b8798ec18ece7a4133630e07a9b16
build/swiftpm/armv6-unknown-linux-gnueabihf/release/GiftUIRuntimeDynamic.build/DynamicObservableRootAdapter.swift.o	c4efbb4649b8e36e44bcfdc3c52a0ae3dbb40ce52a9725db8c1135e1fa97da2e
build/swiftpm/armv6-unknown-linux-gnueabihf/release/GiftUIRuntimeDynamic.build/DynamicObservableRootTargetAccess.swift.o	e04af6a3ca6a3bd1ca6c5e78609d6bb1cbcdc7b1b011b5c45d5d24dd9c78d6dc
build/swiftpm/armv6-unknown-linux-gnueabihf/release/GiftUIRuntimeDynamic.build/DynamicObservableStateReconciler.swift.o	7d98f7a2ebe6ac403615c808e1f4dca383a8aba37854ce0e8c2593b55bc972be
build/swiftpm/armv6-unknown-linux-gnueabihf/release/GiftUIRuntimeDynamic.build/DynamicProfileBoundary.swift.o	df1327f75eadd093dab3aea5b43c85a6b37003b94e0fc7f04b18ea651a255f04
build/swiftpm/armv6-unknown-linux-gnueabihf/release/GiftUIRuntimeDynamic.build/DynamicProfileStorage.swift.o	5c79d082fb683fa8ad2b926e49d0ffabb1342a6abc586a5d707c10ba2029a9de
build/swiftpm/armv6-unknown-linux-gnueabihf/release/GiftUIRuntimeDynamic.build/DynamicRenderWorkspace.swift.o	5c678ac224d5f1a8980ed7fa13131c336360db24c40c33c1966173c0ec510fab
build/swiftpm/armv6-unknown-linux-gnueabihf/release/GiftUIRuntimeDynamic.build/DynamicRuntimeExecutionCoordinator.swift.o	73a55cfddf91640a45a69555aea2a4cb50b13e040b84aad727db30d1e587d38b
build/swiftpm/armv6-unknown-linux-gnueabihf/release/GiftUIRuntimeDynamic.build/DynamicRuntimeProfileBinding.swift.o	d4c0314bc30425c17a96799901462b32641213f6920a2ea49221007103286e68
build/swiftpm/armv6-unknown-linux-gnueabihf/release/GiftUIRuntimeDynamic.build/DynamicSemanticHostStorage.swift.o	695ec8ba085d876a6baca0f49ef508c9d6bf14839cea89a9cba88b1bcc476c8e
build/swiftpm/armv6-unknown-linux-gnueabihf/release/GiftUIRuntimeDynamic.build/GiftUIRuntimeDynamic.d	53082cab33638345ca46a1a9f8082ce8028481ec1c8bcaa0fb5e6a645bf24e7c
build/swiftpm/armv6-unknown-linux-gnueabihf/release/GiftUIRuntimeDynamic.build/GiftUIRuntimeDynamic.dia	2c72d5afff8cce441f2f8299a18215b0bf79605aa7eb05839e38f7949b46c0e2
build/swiftpm/armv6-unknown-linux-gnueabihf/release/GiftUIRuntimeDynamic.build/include/GiftUIRuntimeDynamic-Swift.h	78da9b9b15d619b5bd7172c8fde33df3bfb60ca0c9025305365b9ec012c9e69e
build/swiftpm/armv6-unknown-linux-gnueabihf/release/GiftUIRuntimeDynamic.build/include/module.modulemap	32dc4c4c81dbf580de4d184e44937488a41d4220f8eebff1cfbbfac9c050f69f
build/swiftpm/armv6-unknown-linux-gnueabihf/release/GiftUIRuntimeDynamic.build/output-file-map.json	ccc30856ac670ed392816ad4fbf836a307f4e475f9e98369b0c5b0c1dc102414
build/swiftpm/armv6-unknown-linux-gnueabihf/release/GiftUIRuntimeDynamic.build/sources	2e7ffd80a86de164b55462f1059e84d37c5fc8148478a1de1bd75222e69d05a7
build/swiftpm/armv6-unknown-linux-gnueabihf/release/GiftUIRuntimeFailureAdapterFixture.build/GiftUIRuntimeFailureAdapterFixture.d	19f6ea81de364e0037f3ec42f875e59786b4c3ca8ede265304655571520229c3
build/swiftpm/armv6-unknown-linux-gnueabihf/release/GiftUIRuntimeFailureAdapterFixture.build/GiftUIRuntimeFailureAdapterFixture.dia	2c72d5afff8cce441f2f8299a18215b0bf79605aa7eb05839e38f7949b46c0e2
build/swiftpm/armv6-unknown-linux-gnueabihf/release/GiftUIRuntimeFailureAdapterFixture.build/RuntimeFailureAdapterBoundary.swift.o	80cdd44ab703db28e692a1aefccdbfe0818bbcde9ae316ed5279adb26c9f89e1
build/swiftpm/armv6-unknown-linux-gnueabihf/release/GiftUIRuntimeFailureAdapterFixture.build/include/GiftUIRuntimeFailureAdapterFixture-Swift.h	05e076bddf411281c2574684de9771c45e4b6ba9345a54eca68c52ec1a9a8f78
build/swiftpm/armv6-unknown-linux-gnueabihf/release/GiftUIRuntimeFailureAdapterFixture.build/include/module.modulemap	b2a3bbcf89e7de33eb77874c2001029f05866201ac97e7e7998cda1718e9e9af
build/swiftpm/armv6-unknown-linux-gnueabihf/release/GiftUIRuntimeFailureAdapterFixture.build/output-file-map.json	e99a909e087b06dcd4e2d0a9170e25fbc906f3525f7db5644b22222c06803fb9
build/swiftpm/armv6-unknown-linux-gnueabihf/release/GiftUIRuntimeFailureAdapterFixture.build/sources	69bd739b2515b59ead97fad03ebaa06b6252f7322e0b51ebf08dabb5ba05e669
build/swiftpm/armv6-unknown-linux-gnueabihf/release/GiftUIRuntimeStatic.build/GiftUIRuntimeStatic.d	1790e8f95b75747d97f013394f1b02ffa8f34c52b75c76b906590a8f19796782
build/swiftpm/armv6-unknown-linux-gnueabihf/release/GiftUIRuntimeStatic.build/GiftUIRuntimeStatic.dia	2c72d5afff8cce441f2f8299a18215b0bf79605aa7eb05839e38f7949b46c0e2
build/swiftpm/armv6-unknown-linux-gnueabihf/release/GiftUIRuntimeStatic.build/StaticCanvasHostHandle.swift.o	5b8d90d213335641dbe6bcb375d54ac4a49ac2c2ccda23bcae3de2d1ec23996e
build/swiftpm/armv6-unknown-linux-gnueabihf/release/GiftUIRuntimeStatic.build/StaticCanvasOccurrence.swift.o	896704b4180874fc570649ef512def0335816ba4641a7c6b04419594b2f186bb
build/swiftpm/armv6-unknown-linux-gnueabihf/release/GiftUIRuntimeStatic.build/StaticGeneratedProfileMetadata.swift.o	cad98c4c7d4be861250c0235aa08aa7185565df4bf3cbde1f12038d217985c63
build/swiftpm/armv6-unknown-linux-gnueabihf/release/GiftUIRuntimeStatic.build/StaticInteractionStorage.swift.o	7356d1de4d824c5df05ed3f5ab2cc2f1610d1f624db57d1d5a70169c9a777307
build/swiftpm/armv6-unknown-linux-gnueabihf/release/GiftUIRuntimeStatic.build/StaticObservableModelStorage.swift.o	a39887bd638a3cdc339dccc5b439038d14528427f55a33c2e1f29d670f552daf
build/swiftpm/armv6-unknown-linux-gnueabihf/release/GiftUIRuntimeStatic.build/StaticObservableProfileSlotStorage.swift.o	3be03f2ab374dc6028bc3f5f89dffef964becbd5104c8faad0f0156e4adb946c
build/swiftpm/armv6-unknown-linux-gnueabihf/release/GiftUIRuntimeStatic.build/StaticObservableRegistrationRecord.swift.o	33100c9d966cf7f37b66bd91a275d1ee1cd52ecff07f99889f1fc97fdf91804c
build/swiftpm/armv6-unknown-linux-gnueabihf/release/GiftUIRuntimeStatic.build/StaticObservableRootAdapter.swift.o	042c779bb9e51ee7cc8e796cff941a94df561ca2f3a2cb207caacaa2cb334fc0
build/swiftpm/armv6-unknown-linux-gnueabihf/release/GiftUIRuntimeStatic.build/StaticObservableRootTargetAccess.swift.o	2ff1fca6c39432a806b29eff0ebf0a31b98ca213320d10ce7122d9bd4c74c6e5
build/swiftpm/armv6-unknown-linux-gnueabihf/release/GiftUIRuntimeStatic.build/StaticProfileBoundary.swift.o	ff809f1d836fb1846f3fd0e6a9b2f90301f235803e68c82bf6b28038cd42d5e3
build/swiftpm/armv6-unknown-linux-gnueabihf/release/GiftUIRuntimeStatic.build/StaticProfileStorage.swift.o	864d52f4efcb572c80543cc47ed32b88b7426d0dc942202d474b1c4b3c29c54c
build/swiftpm/armv6-unknown-linux-gnueabihf/release/GiftUIRuntimeStatic.build/StaticRuntimeExecutionCoordinator.swift.o	3843aa8721e51d722670e84886265a4eba3290a79685e64649669fbd19418f21
build/swiftpm/armv6-unknown-linux-gnueabihf/release/GiftUIRuntimeStatic.build/StaticRuntimeProfileBinding.swift.o	4b3e18ccf5f0b22c788ffc1e72af548b0721ff9919caa8e0e523988643f06b2a
build/swiftpm/armv6-unknown-linux-gnueabihf/release/GiftUIRuntimeStatic.build/include/GiftUIRuntimeStatic-Swift.h	480152446d0586c1c89e617139d2aabd29c09e75e8f27a1126e8b1c8a6606524
build/swiftpm/armv6-unknown-linux-gnueabihf/release/GiftUIRuntimeStatic.build/include/module.modulemap	e708968364aac4d1114fc71a9808e4b510a40a104340d1d6f91873260aafc192
build/swiftpm/armv6-unknown-linux-gnueabihf/release/GiftUIRuntimeStatic.build/output-file-map.json	8fb52d8d0edddacc862e5b67df00930b0e63bebb112696265568631f10fa10e7
build/swiftpm/armv6-unknown-linux-gnueabihf/release/GiftUIRuntimeStatic.build/sources	9849481b33b517236f2276478cd35890ecce16ca3f7797992d13ed06db8f7acd
build/swiftpm/armv6-unknown-linux-gnueabihf/release/GiftUISemanticCore.build/GiftUISemanticCore.d	173d527a0dbcdf6309ca637abedeff00ce06a8583423fb109b01db337d3b129d
build/swiftpm/armv6-unknown-linux-gnueabihf/release/GiftUISemanticCore.build/GiftUISemanticCore.dia	2c72d5afff8cce441f2f8299a18215b0bf79605aa7eb05839e38f7949b46c0e2
build/swiftpm/armv6-unknown-linux-gnueabihf/release/GiftUISemanticCore.build/GiftUISemanticCore.swift.o	246e5512aa6f54bc61b02f45aa660ee6cd721171906c73206fa64e655f1918db
build/swiftpm/armv6-unknown-linux-gnueabihf/release/GiftUISemanticCore.build/SemanticLayoutView.swift.o	81cde4dc3080ac5a6d6c45cd4854601a6a1b9d2bd1b0acc04213e27ed8d97325
build/swiftpm/armv6-unknown-linux-gnueabihf/release/GiftUISemanticCore.build/SemanticRenderView.swift.o	38a287253ef0d4c6186a4b5e809ef8d10abaf4e45f34ecc44759b0ec7104e0de
build/swiftpm/armv6-unknown-linux-gnueabihf/release/GiftUISemanticCore.build/include/GiftUISemanticCore-Swift.h	6ca2e6120232ea9bca2d7bcace56fa5ec9550419e1a047ab650fd9cba900bc41
build/swiftpm/armv6-unknown-linux-gnueabihf/release/GiftUISemanticCore.build/include/module.modulemap	76b94f14d1bd09e91a4b0594a1d8876d87d04d257866a4e56df832da4a3619fc
build/swiftpm/armv6-unknown-linux-gnueabihf/release/GiftUISemanticCore.build/output-file-map.json	5b50e7ddaf02e03f70f18743ab98abfea7000d73788d2d47d3f769167938d79e
build/swiftpm/armv6-unknown-linux-gnueabihf/release/GiftUISemanticCore.build/sources	439219a0a59c49a9ebe73915ec39871b520374c0b9399b21a0267a1ff212bb12
build/swiftpm/armv6-unknown-linux-gnueabihf/release/GiftUISemanticFailureAdapterFixture.build/GiftUISemanticFailureAdapterFixture.d	d601b3fdbc06662d48e121330ebdc0bb973b8b4ae205ae1b73b17a5128cec39e
build/swiftpm/armv6-unknown-linux-gnueabihf/release/GiftUISemanticFailureAdapterFixture.build/GiftUISemanticFailureAdapterFixture.dia	2c72d5afff8cce441f2f8299a18215b0bf79605aa7eb05839e38f7949b46c0e2
build/swiftpm/armv6-unknown-linux-gnueabihf/release/GiftUISemanticFailureAdapterFixture.build/SemanticFailureAdapter.swift.o	ae1092243a75d1e24d08a43fe85271139a9a2d66b0dd9e0c9e40709829f91957
build/swiftpm/armv6-unknown-linux-gnueabihf/release/GiftUISemanticFailureAdapterFixture.build/include/GiftUISemanticFailureAdapterFixture-Swift.h	992cfefcf4debcb22f6b91196a50504f5feadb06e11f526087d6565ba1cbbf95
build/swiftpm/armv6-unknown-linux-gnueabihf/release/GiftUISemanticFailureAdapterFixture.build/include/module.modulemap	181a4a1c292fa3f3f755ab12396b43437f474b63b71292a5e4e562624af64980
build/swiftpm/armv6-unknown-linux-gnueabihf/release/GiftUISemanticFailureAdapterFixture.build/output-file-map.json	99689ff6389e29c21fa9e9196f76e24f7b481c39c2fbd4d06099537c757454c0
build/swiftpm/armv6-unknown-linux-gnueabihf/release/GiftUISemanticFailureAdapterFixture.build/sources	cb8c4d6e349caf0f6f9e5f665b8ffed63b33e33e637e5aacab119b7ef1e5231d
build/swiftpm/armv6-unknown-linux-gnueabihf/release/GiftUISurfaceCore.build/GiftUISurfaceCore.d	fdd999ac848ab87fff2ae8dfb0046e91123089e16f01c754b240cdeb73a8a1af
build/swiftpm/armv6-unknown-linux-gnueabihf/release/GiftUISurfaceCore.build/GiftUISurfaceCore.dia	2c72d5afff8cce441f2f8299a18215b0bf79605aa7eb05839e38f7949b46c0e2
build/swiftpm/armv6-unknown-linux-gnueabihf/release/GiftUISurfaceCore.build/RasterSurface.swift.o	fd4c4188e71cb5a4e3a795998f0cd5809e920cf14915e93f0ad9ff99c52e00d9
build/swiftpm/armv6-unknown-linux-gnueabihf/release/GiftUISurfaceCore.build/SurfaceValues.swift.o	c2eb3be574377b37f057552906c9cf9e76702da934ed6134eaef5da5fe59959e
build/swiftpm/armv6-unknown-linux-gnueabihf/release/GiftUISurfaceCore.build/include/GiftUISurfaceCore-Swift.h	74d53c15c1a10974b6b40db6fffba787091ee830f3fd881ee71a42e36da7b411
build/swiftpm/armv6-unknown-linux-gnueabihf/release/GiftUISurfaceCore.build/include/module.modulemap	2216649c2250aa307ee0af16a1c303a5f943d4eee1f03f151d54dc09c5bf1df0
build/swiftpm/armv6-unknown-linux-gnueabihf/release/GiftUISurfaceCore.build/output-file-map.json	3719ea1329ded4bf34e33b2eb7b8140fc22c012940275b7674282eaa471f5dc6
build/swiftpm/armv6-unknown-linux-gnueabihf/release/GiftUISurfaceCore.build/sources	0c3c28bdde8dfc9a832118442b9a5a1cb33f98136630644882d14bf06a053e8c
build/swiftpm/armv6-unknown-linux-gnueabihf/release/GiftUITextResourceFailureAdapterFixture.build/GiftUITextResourceFailureAdapterFixture.d	fdb1797fd96ea5493efa8fa4446961d82a6cefba77f3376440dc6d0b87585fce
build/swiftpm/armv6-unknown-linux-gnueabihf/release/GiftUITextResourceFailureAdapterFixture.build/GiftUITextResourceFailureAdapterFixture.dia	2c72d5afff8cce441f2f8299a18215b0bf79605aa7eb05839e38f7949b46c0e2
build/swiftpm/armv6-unknown-linux-gnueabihf/release/GiftUITextResourceFailureAdapterFixture.build/GiftUITextResourceFailureAdapterFixture.swift.o	4d7684708b130f531d344dd9d20dc0c18a0b21cd4898256e1c325d1f73ba5fa1
build/swiftpm/armv6-unknown-linux-gnueabihf/release/GiftUITextResourceFailureAdapterFixture.build/include/GiftUITextResourceFailureAdapterFixture-Swift.h	5fa17ae1c6bdb1349fff00016ae41af8fb3c3b90c9656a6cbab90f7fcb0edc7b
build/swiftpm/armv6-unknown-linux-gnueabihf/release/GiftUITextResourceFailureAdapterFixture.build/include/module.modulemap	0489bbec38b1a5802eab15b2f7e0ac17d2148fc8beccd09f72e6598e8afbab6d
build/swiftpm/armv6-unknown-linux-gnueabihf/release/GiftUITextResourceFailureAdapterFixture.build/output-file-map.json	9f482db2872ce87e4d410cd999cb63cdb7bbecc4aab222dbd2e3b41ed8c23ca5
build/swiftpm/armv6-unknown-linux-gnueabihf/release/GiftUITextResourceFailureAdapterFixture.build/sources	68f32815074638d34018764880835d7fc93107688f3fc27bd31ed423a64b8901
build/swiftpm/armv6-unknown-linux-gnueabihf/release/GiftUITextResources.build/GiftUITextResources.d	94caf574dda2855dc453d9b43ca60ae74207e4736059a33f3c2d3c4ab54a85ea
build/swiftpm/armv6-unknown-linux-gnueabihf/release/GiftUITextResources.build/GiftUITextResources.dia	2c72d5afff8cce441f2f8299a18215b0bf79605aa7eb05839e38f7949b46c0e2
build/swiftpm/armv6-unknown-linux-gnueabihf/release/GiftUITextResources.build/GiftUITextResources.swift.o	82fc7bfc2638ce8e04d4a90b6928478ec592c10d22b61a31886f4babdd552a93
build/swiftpm/armv6-unknown-linux-gnueabihf/release/GiftUITextResources.build/include/GiftUITextResources-Swift.h	5d5b46dc1044ac5b20981c657efe942732bdb0f49d7c045d848bf7609bcd4e99
build/swiftpm/armv6-unknown-linux-gnueabihf/release/GiftUITextResources.build/include/module.modulemap	be96aab6a933755bb651c6ec6e4664c17973b22c070e0c0d5556a2108cb0a470
build/swiftpm/armv6-unknown-linux-gnueabihf/release/GiftUITextResources.build/output-file-map.json	bc326748b305e0683f4dc5f43ac2987c775e2af4a9ae0ca5014128981cbf14b8
build/swiftpm/armv6-unknown-linux-gnueabihf/release/GiftUITextResources.build/sources	264d51c9cf08831330a4e521e8fca04f9088a22df7f4971c9efd2e6571ed34d9
build/swiftpm/armv6-unknown-linux-gnueabihf/release/ModuleCache/3LQI6LCOT1Z3O/SwiftGlibc-L5WNXN02X9B9.pcm	b7f4adfae77b2e5da65bcac7304805c5030ea7baf677ce7d5a30afd363a5660f
build/swiftpm/armv6-unknown-linux-gnueabihf/release/ModuleCache/3LQI6LCOT1Z3O/SwiftOverlayShims-23XBJIVCAZUQI.pcm	5e31a7b7d7336c1800e0fd942924ebb23f0551b28b01f8515eebc92b7808cc59
build/swiftpm/armv6-unknown-linux-gnueabihf/release/ModuleCache/3LQI6LCOT1Z3O/SwiftShims-23XBJIVCAZUQI.pcm	bea8f0559925c24e6d60ceb6d886cc79898ec753139235eb14e85b8f35edb17a
build/swiftpm/armv6-unknown-linux-gnueabihf/release/ModuleCache/3LQI6LCOT1Z3O/_Builtin_stddef-1IVK1BOJ1SPEL.pcm	fe8acf99dab335997c71a266947b0edd4664f528258185871ad7c9be4bc62ad6
build/swiftpm/armv6-unknown-linux-gnueabihf/release/ModuleCache/3LQI6LCOT1Z3O/_SwiftConcurrencyShims-23XBJIVCAZUQI.pcm	fe45571cad8b9be68e2481d4b42fc70ef4cb5f236baaffe899a2b92e0863d28e
build/swiftpm/armv6-unknown-linux-gnueabihf/release/ModuleCache/modules.timestamp	e3b0c44298fc1c149afbf4c8996fb92427ae41e4649b934ca495991b7852b855
build/swiftpm/armv6-unknown-linux-gnueabihf/release/Modules/GiftUI.swiftdoc	1bdf9682c49505b3b35fdbdc6dd038268a660ce07c5cdf5e95a583f4acd78049
build/swiftpm/armv6-unknown-linux-gnueabihf/release/Modules/GiftUI.swiftmodule	ee329afd0c9a287a8e9cae1a436fc7ed21933e73d107a7d77f2dd817c11c1186
build/swiftpm/armv6-unknown-linux-gnueabihf/release/Modules/GiftUI.swiftsourceinfo	886fb70e4adfe848e1639a653b817878d9d8388c1cea180522c60fca98243306
build/swiftpm/armv6-unknown-linux-gnueabihf/release/Modules/GiftUIBackendIntegration.swiftdoc	58f2e86add9f79174835ee2b661b0a28acb8ffae0656d890feb2ef99a4f76407
build/swiftpm/armv6-unknown-linux-gnueabihf/release/Modules/GiftUIBackendIntegration.swiftmodule	c065310f51baef916d2ebe321fb89e3a9d9ddcfbbc0eb611808dda0fc25cbff4
build/swiftpm/armv6-unknown-linux-gnueabihf/release/Modules/GiftUIBackendIntegration.swiftsourceinfo	32eba739990a46d7bc20bc6a6b4fbabb89f23d961cda9541db202140ee088115
build/swiftpm/armv6-unknown-linux-gnueabihf/release/Modules/GiftUICapabilities.swiftdoc	e9bb0c79a10a696a9837476c1db6b3ba688414c807593fa567f37abb767b9238
build/swiftpm/armv6-unknown-linux-gnueabihf/release/Modules/GiftUICapabilities.swiftmodule	55f7144a448ad9bcc6094e924a77e5273445774511382326c2cd7ccf4e8523d9
build/swiftpm/armv6-unknown-linux-gnueabihf/release/Modules/GiftUICapabilities.swiftsourceinfo	fdd1476461c7dc0be2dedf7eb21996b11dde37235bacc9c23cabed451df3b236
build/swiftpm/armv6-unknown-linux-gnueabihf/release/Modules/GiftUICapabilityFailureAdapterFixture.swiftdoc	88d9ebc4af1135257059c8c87c050c05107f3abd86accee61dd7bc9202f70c7e
build/swiftpm/armv6-unknown-linux-gnueabihf/release/Modules/GiftUICapabilityFailureAdapterFixture.swiftmodule	936df1e9bce011f33482e3f442807cc2a51a80ac312444023d54b0f296ccaabd
build/swiftpm/armv6-unknown-linux-gnueabihf/release/Modules/GiftUICapabilityFailureAdapterFixture.swiftsourceinfo	788d5494c1c68218f279d29228dbe3a1d11abcf5bda08ea27256bc713f30e0de
build/swiftpm/armv6-unknown-linux-gnueabihf/release/Modules/GiftUIDisplayCore.swiftdoc	1fa0ef4e32412a4924ffd2590bdf58532b5732e2390d6c1537e71eb63d8fa10b
build/swiftpm/armv6-unknown-linux-gnueabihf/release/Modules/GiftUIDisplayCore.swiftmodule	500cd384df22194b9693b302886ded2e049cd0fc99d5a56bc9eb8ce03d53a395
build/swiftpm/armv6-unknown-linux-gnueabihf/release/Modules/GiftUIDisplayCore.swiftsourceinfo	f6e3cfee9ec727c4812498d891d8ad6ebb2714989343fb7bb8abc69b21635bdc
build/swiftpm/armv6-unknown-linux-gnueabihf/release/Modules/GiftUIDrawing.swiftdoc	0242a6b244b0cd8ac1a8841e4ecd7b61899ad179a11031dc0f7901e69ce59c12
build/swiftpm/armv6-unknown-linux-gnueabihf/release/Modules/GiftUIDrawing.swiftmodule	6ea59b37b24aab50e1006bb8fcc60c1f275de1b8b5a56c8b120832a43a6804d3
build/swiftpm/armv6-unknown-linux-gnueabihf/release/Modules/GiftUIDrawing.swiftsourceinfo	17069abfd3e906718a4ecfbc96f0b928d59813ea67d8de4c3d5f76978f7be040
build/swiftpm/armv6-unknown-linux-gnueabihf/release/Modules/GiftUIDrawingFailureAdapterFixture.swiftdoc	b901de5213c96ea92c68048bf8dac67ddebfa1e5dc29929b72d6a272cbea6bc3
build/swiftpm/armv6-unknown-linux-gnueabihf/release/Modules/GiftUIDrawingFailureAdapterFixture.swiftmodule	24cb8667f0b5dfa3db20da58ddfa73ee369b188d9712f385a795ad3ecf7125cc
build/swiftpm/armv6-unknown-linux-gnueabihf/release/Modules/GiftUIDrawingFailureAdapterFixture.swiftsourceinfo	05b173e2f2e51286011712d5e563333f13c5eb760c07f9f458b63fc204c237ed
build/swiftpm/armv6-unknown-linux-gnueabihf/release/Modules/GiftUIDynamicConveniences.swiftdoc	f103caf3921a02cb969b10dfe372a3a20601a19e300a33b32d315af4d1ae0347
build/swiftpm/armv6-unknown-linux-gnueabihf/release/Modules/GiftUIDynamicConveniences.swiftmodule	38c28e3e1a8d63296d784bff43b9a7cbf107a9492d4f5358c95d0ec2c5b0e3ec
build/swiftpm/armv6-unknown-linux-gnueabihf/release/Modules/GiftUIDynamicConveniences.swiftsourceinfo	c02a73f4bf963731c1f6d03cfdcf3d8b252126731e62743f029c4ebb5db8a441
build/swiftpm/armv6-unknown-linux-gnueabihf/release/Modules/GiftUIExecution.swiftdoc	e8d2c43706064f04b89b67f6664d49fa0eb46910774ffca62d78f51c2b3e3b2f
build/swiftpm/armv6-unknown-linux-gnueabihf/release/Modules/GiftUIExecution.swiftmodule	dae847f4280ae0179090efa4b3470bed670a21534783eaa7fb767bcbe15afccc
build/swiftpm/armv6-unknown-linux-gnueabihf/release/Modules/GiftUIExecution.swiftsourceinfo	4a6ffb666d36e31fbb91f29115441d254a6a4c5df5edfbaba0a8d02ea65a4b32
build/swiftpm/armv6-unknown-linux-gnueabihf/release/Modules/GiftUIFailureCore.swiftdoc	a1cfbf39026b8bfb65f21f68b5c53fcc651aa0f2ac5380154e27176d6584bd1b
build/swiftpm/armv6-unknown-linux-gnueabihf/release/Modules/GiftUIFailureCore.swiftmodule	819422756895126bb581f97bc64a85669a33e925e6304e0bb40c53593ee85c71
build/swiftpm/armv6-unknown-linux-gnueabihf/release/Modules/GiftUIFailureCore.swiftsourceinfo	83f339c44c7ee5c473f60472df2eb1dce99bcadb780813a887ead4ecae62e589
build/swiftpm/armv6-unknown-linux-gnueabihf/release/Modules/GiftUIFailureDiagnostics.swiftdoc	1df3dbcc3c4da5ae12e93294bdc3b10957e7ab0f2452b999762563076d504d1d
build/swiftpm/armv6-unknown-linux-gnueabihf/release/Modules/GiftUIFailureDiagnostics.swiftmodule	a6028dd0bdcea355e67cf2700d04ec9126df04ace60fc2a2c75bbd39ce1d9ccf
build/swiftpm/armv6-unknown-linux-gnueabihf/release/Modules/GiftUIFailureDiagnostics.swiftsourceinfo	ef9ba5ed256b05a5af7d6472dc6fa869a99d57b7c784246c8c363133832851c7
build/swiftpm/armv6-unknown-linux-gnueabihf/release/Modules/GiftUIFailureExecution.swiftdoc	f599b4eb92cfa2ad2bb4bc998c00e3bc394ced2e51d0973856843e2c7516ad57
build/swiftpm/armv6-unknown-linux-gnueabihf/release/Modules/GiftUIFailureExecution.swiftmodule	58f8142632981cd06fe2469da6e0f39ef7ebccf13b4dd5f33234790063df131d
build/swiftpm/armv6-unknown-linux-gnueabihf/release/Modules/GiftUIFailureExecution.swiftsourceinfo	783d5d675c61d3dff9ab35639fa37e605b097e009676bd308d5bdbb902beeb1e
build/swiftpm/armv6-unknown-linux-gnueabihf/release/Modules/GiftUIHostConfiguration.swiftdoc	4f3b8f550b6996e64cffd606092a22885961728c9fbd7531f483a5f0c66beb67
build/swiftpm/armv6-unknown-linux-gnueabihf/release/Modules/GiftUIHostConfiguration.swiftmodule	d6ece91fff692cbe85f2abde74ada2eb8ebd090a4df7d79b129bbb4da43dc8bf
build/swiftpm/armv6-unknown-linux-gnueabihf/release/Modules/GiftUIHostConfiguration.swiftsourceinfo	c2cfcf3e2868c3ab1f060becd0a3eeca1761714c5e57e3a6f97cf469ddcc4902
build/swiftpm/armv6-unknown-linux-gnueabihf/release/Modules/GiftUIInteraction.swiftdoc	57e8db7f6584668baa8768f1012b9a68a31f5b4b01b38edc714974c46d469f01
build/swiftpm/armv6-unknown-linux-gnueabihf/release/Modules/GiftUIInteraction.swiftmodule	9a1b2aa3d1b396f0250ca0dc774a08638e3a593599e6985adc076aa6aa9f83bb
build/swiftpm/armv6-unknown-linux-gnueabihf/release/Modules/GiftUIInteraction.swiftsourceinfo	43dc1cfe87ce68a0fec010fb8f73f848b67ed3107e07929b45de0d0892388c7b
build/swiftpm/armv6-unknown-linux-gnueabihf/release/Modules/GiftUIInteractionFailureAdapterFixture.swiftdoc	3d9894a628059130c5cf6232b05bf174b10f1725b0d684b4c3048039e8bd35a8
build/swiftpm/armv6-unknown-linux-gnueabihf/release/Modules/GiftUIInteractionFailureAdapterFixture.swiftmodule	c05dc88177ef7d464496058b94577862121fc5a3c894fe51cca8091318305c70
build/swiftpm/armv6-unknown-linux-gnueabihf/release/Modules/GiftUIInteractionFailureAdapterFixture.swiftsourceinfo	132cf3105261ddad37aa7151a4d087f531411e6791834502b9834840ebba88ec
build/swiftpm/armv6-unknown-linux-gnueabihf/release/Modules/GiftUILayout.swiftdoc	d19deabfaa6911abda9d95d7a8c1cc69891a03d2e3cb29b50fe59ab8d78bdcbe
build/swiftpm/armv6-unknown-linux-gnueabihf/release/Modules/GiftUILayout.swiftmodule	0107efe68b650708f67d3ddf99476e036940c9941e5338e20588196f0dffe0fa
build/swiftpm/armv6-unknown-linux-gnueabihf/release/Modules/GiftUILayout.swiftsourceinfo	24fb7d8701b9fe1b9f8a2b717f858f39b132cd1044b7d13f5d4d6d971aac9f37
build/swiftpm/armv6-unknown-linux-gnueabihf/release/Modules/GiftUILayoutFailureAdapterFixture.swiftdoc	b7bb752bf89ea29c50ec4e277981bb6aafff452c11bfeb4376c2ab3acc2d7996
build/swiftpm/armv6-unknown-linux-gnueabihf/release/Modules/GiftUILayoutFailureAdapterFixture.swiftmodule	9b7764f965bcc4a0e38939edfdbde8077287d072b4c35ed96f3d5cdef8bde82c
build/swiftpm/armv6-unknown-linux-gnueabihf/release/Modules/GiftUILayoutFailureAdapterFixture.swiftsourceinfo	0e3701307a6c347ba323826d19fda49f87411539d2cef7406953fed16f12f9b1
build/swiftpm/armv6-unknown-linux-gnueabihf/release/Modules/GiftUIObservableState.swiftdoc	81cb3e43b77cd7bd222455f70dd0403535e7c165cb57139c3828e5ef1d92e89a
build/swiftpm/armv6-unknown-linux-gnueabihf/release/Modules/GiftUIObservableState.swiftmodule	1aa78966bedf3e5160176982ddf61727a1a1826446bd24e88f3d50a7aeb6b09f
build/swiftpm/armv6-unknown-linux-gnueabihf/release/Modules/GiftUIObservableState.swiftsourceinfo	b39f3379aa6477092b34552d206de438ecd64dbe19496f7a5f583ab4786a8a02
build/swiftpm/armv6-unknown-linux-gnueabihf/release/Modules/GiftUIObservableStateFailureAdapterFixture.swiftdoc	391dc1a6a5d301ba32d85e891ad18643db251022f797cb92b74040fa56b37294
build/swiftpm/armv6-unknown-linux-gnueabihf/release/Modules/GiftUIObservableStateFailureAdapterFixture.swiftmodule	b7df950b52d21a1f9b38172517f071a785f5dd5ec9371536af76ae867a95e0f6
build/swiftpm/armv6-unknown-linux-gnueabihf/release/Modules/GiftUIObservableStateFailureAdapterFixture.swiftsourceinfo	054004425b68b3f5752c3bbbc6f76eb3f8214d4ac3cc4cb275094c06d7442f91
build/swiftpm/armv6-unknown-linux-gnueabihf/release/Modules/GiftUIPlatformRaspberryPi.swiftdoc	a4fdf014a82232a10320def2137594cc031e2b4190e0e478b434729b7fd62c93
build/swiftpm/armv6-unknown-linux-gnueabihf/release/Modules/GiftUIPlatformRaspberryPi.swiftmodule	5353079c6137e197f1c29d2d9acca6653dfc1961818496a9244c2e2d4eaa4f7e
build/swiftpm/armv6-unknown-linux-gnueabihf/release/Modules/GiftUIPlatformRaspberryPi.swiftsourceinfo	3cf997a5bed0262e09216782ab5d1a939706cffe064f4c3a67b5915e11118a5b
build/swiftpm/armv6-unknown-linux-gnueabihf/release/Modules/GiftUIRasterCore.swiftdoc	a0242702bc4bfb60db1acf0b257b9e17c1401ef2297c6929e647c86655a89d09
build/swiftpm/armv6-unknown-linux-gnueabihf/release/Modules/GiftUIRasterCore.swiftmodule	fc1e2b3c63edd66c10672a2de5e4fd5144aaf03de9555cba5fa69fbf5a4b00ea
build/swiftpm/armv6-unknown-linux-gnueabihf/release/Modules/GiftUIRasterCore.swiftsourceinfo	5ee632708af68a1366335d6af8dbf465333480dd9218ca6705190087b8458f5d
build/swiftpm/armv6-unknown-linux-gnueabihf/release/Modules/GiftUIReferenceTextResources.swiftdoc	a74ad647ce92a8a95ce1015a3bdbbcdf8c6e8d26818215d99cca7e6d6dfdb76d
build/swiftpm/armv6-unknown-linux-gnueabihf/release/Modules/GiftUIReferenceTextResources.swiftmodule	8dbba9219d0988b491fc38eb43455538eb8068ae298e6b3ef51390e0540451c1
build/swiftpm/armv6-unknown-linux-gnueabihf/release/Modules/GiftUIReferenceTextResources.swiftsourceinfo	5fc76dbed9763769e0ee2b02b8256ee827437557f12a2668d1c2fe669b089630
build/swiftpm/armv6-unknown-linux-gnueabihf/release/Modules/GiftUIRenderCore.swiftdoc	e4cb8b558e18ac406d8884e8b2bc60abc9418abefb3d8fe3247e686cdaf50c19
build/swiftpm/armv6-unknown-linux-gnueabihf/release/Modules/GiftUIRenderCore.swiftmodule	c466e11a56662c20b93934f5276da90b71f1ccd123ea98f12af4ad587fe63c8d
build/swiftpm/armv6-unknown-linux-gnueabihf/release/Modules/GiftUIRenderCore.swiftsourceinfo	5d6802877ad1a573e2e672282af1a66221e043834421ae867253c7f6efef16d3
build/swiftpm/armv6-unknown-linux-gnueabihf/release/Modules/GiftUIRenderFailureAdapterFixture.swiftdoc	cf71db859b86de09b6b3fa5ed709fc7c25ac6b0fb9e86c9c5ee319455ccc8d07
build/swiftpm/armv6-unknown-linux-gnueabihf/release/Modules/GiftUIRenderFailureAdapterFixture.swiftmodule	89941717d7503046ee80b963d138c7b403c38735b293aa5531352983bc704b23
build/swiftpm/armv6-unknown-linux-gnueabihf/release/Modules/GiftUIRenderFailureAdapterFixture.swiftsourceinfo	ede81aec1d96f0a93dd36ac766ebb60bd3b989fe53e337d0eac288670465e69a
build/swiftpm/armv6-unknown-linux-gnueabihf/release/Modules/GiftUIRenderLowering.swiftdoc	8f2d0552c9d712e5879b5280c3289e27fe59a1855d1f4322e97476ab03a843fa
build/swiftpm/armv6-unknown-linux-gnueabihf/release/Modules/GiftUIRenderLowering.swiftmodule	f75959ed58cd576a6851397803131be219125bb42d13b311ef05ab9eedff8b97
build/swiftpm/armv6-unknown-linux-gnueabihf/release/Modules/GiftUIRenderLowering.swiftsourceinfo	dd7f6a6b941441be54d06d53c7a3e7f690482b0148697f895dcb6004398c444f
build/swiftpm/armv6-unknown-linux-gnueabihf/release/Modules/GiftUIRuntimeCore.swiftdoc	4f72a15cbe0afd92f73a4993ca846b915d1843c7bfbfe910934b2bb147ed06ea
build/swiftpm/armv6-unknown-linux-gnueabihf/release/Modules/GiftUIRuntimeCore.swiftmodule	02b2530edf01a997e236345f65ac526972dbce9ddeb19acb33a59ea3fe0b90fe
build/swiftpm/armv6-unknown-linux-gnueabihf/release/Modules/GiftUIRuntimeCore.swiftsourceinfo	7162e0a71e85ab41443edb5688ce12263fb4119253e2340657e6478e6a3a08c7
build/swiftpm/armv6-unknown-linux-gnueabihf/release/Modules/GiftUIRuntimeDynamic.swiftdoc	597e6b631ccad43f6169e0dbd75ebc2de7f11ede405d813b3ee488cb3b7291d7
build/swiftpm/armv6-unknown-linux-gnueabihf/release/Modules/GiftUIRuntimeDynamic.swiftmodule	08f7c4ed641b16a029b1774ea279bb9e9c57ed0809b5c209b9025aee37cb9dc9
build/swiftpm/armv6-unknown-linux-gnueabihf/release/Modules/GiftUIRuntimeDynamic.swiftsourceinfo	dca45db7437159b56fd54b2e8d822d2cc7b53bb09ebe3386ba57433e26e29fbc
build/swiftpm/armv6-unknown-linux-gnueabihf/release/Modules/GiftUIRuntimeFailureAdapterFixture.swiftdoc	138895e8015b6d32fa18f6c0d40822e0c9d40a3de929915cb53bf6cde5c6e177
build/swiftpm/armv6-unknown-linux-gnueabihf/release/Modules/GiftUIRuntimeFailureAdapterFixture.swiftmodule	8bc2e34da6e8ba0715f55ba27c0c32ce175fb0452e110cee804f62a3c67c55c7
build/swiftpm/armv6-unknown-linux-gnueabihf/release/Modules/GiftUIRuntimeFailureAdapterFixture.swiftsourceinfo	972734e6e6ad24be950b4828796cbc10510e89263e726ba25d2023902e24daa0
build/swiftpm/armv6-unknown-linux-gnueabihf/release/Modules/GiftUIRuntimeStatic.swiftdoc	fba45f02badf8a364488db71c8137c506b74a7cde3ed15219f191146518d120b
build/swiftpm/armv6-unknown-linux-gnueabihf/release/Modules/GiftUIRuntimeStatic.swiftmodule	752cd2071c7f92b1f341a4afcde2f67a822222b1f015d50c24bf2d2a6364b0fe
build/swiftpm/armv6-unknown-linux-gnueabihf/release/Modules/GiftUIRuntimeStatic.swiftsourceinfo	9ce634f35a80c8597c0124b6b886c5823df86c111d10ddc2730008856a093e26
build/swiftpm/armv6-unknown-linux-gnueabihf/release/Modules/GiftUISemanticCore.swiftdoc	97cb2fef02668c2a334d313c6ddab381096097e0d9bd3df843dfb8822d6c2aa1
build/swiftpm/armv6-unknown-linux-gnueabihf/release/Modules/GiftUISemanticCore.swiftmodule	100540bf32f1567dcd7789590864a8d16e1936f6fc3be65312ed1074e89d7ba7
build/swiftpm/armv6-unknown-linux-gnueabihf/release/Modules/GiftUISemanticCore.swiftsourceinfo	7a178f6fba1882454d85d19cc7da9912eaf9e775a67bd5ab22ac48ea735e5ddf
build/swiftpm/armv6-unknown-linux-gnueabihf/release/Modules/GiftUISemanticFailureAdapterFixture.swiftdoc	e8f74cb11f3261eb09cc2720d66c3d7faff4a554253780b2e65cbaf70cc75061
build/swiftpm/armv6-unknown-linux-gnueabihf/release/Modules/GiftUISemanticFailureAdapterFixture.swiftmodule	35af4ce8b577635e66aac49eb26e34976d0141bfa53c943b5ca3fcc818fbb30e
build/swiftpm/armv6-unknown-linux-gnueabihf/release/Modules/GiftUISemanticFailureAdapterFixture.swiftsourceinfo	b4ff33256fc0c8efd4614f52d5370901fe88452391ca3a0695c9a7fd66665eb7
build/swiftpm/armv6-unknown-linux-gnueabihf/release/Modules/GiftUISurfaceCore.swiftdoc	965cf3a4e7849deca9bfc656b8f428fd3864212212fc9d49b716e9f3a7c7d549
build/swiftpm/armv6-unknown-linux-gnueabihf/release/Modules/GiftUISurfaceCore.swiftmodule	b908b15604079456c78ac5550475fe1e221e18f4d2f1a7bf3459d6260b254831
build/swiftpm/armv6-unknown-linux-gnueabihf/release/Modules/GiftUISurfaceCore.swiftsourceinfo	86ce3634c94779774810f2600e1e3b7d3d5eab202a2bb319b87f7b1b35556945
build/swiftpm/armv6-unknown-linux-gnueabihf/release/Modules/GiftUITextResourceFailureAdapterFixture.swiftdoc	3ba2694814ca310aefb46502dfa720562d2d1738c0cf9bfa35bf1ac4ca6494f7
build/swiftpm/armv6-unknown-linux-gnueabihf/release/Modules/GiftUITextResourceFailureAdapterFixture.swiftmodule	2c5ecd8d730b515d2a11de0f51afc336cb5f91053a2cfae5c1a1407c8d00332d
build/swiftpm/armv6-unknown-linux-gnueabihf/release/Modules/GiftUITextResourceFailureAdapterFixture.swiftsourceinfo	e8d56a2dce329188f3d2995fea36353326f63126ede77e0e746e393f0915b6bb
build/swiftpm/armv6-unknown-linux-gnueabihf/release/Modules/GiftUITextResources.swiftdoc	4344bf49e525242f60bbde730e5b74bddbfbe19a83f93fa70b2b9039e7fa5774
build/swiftpm/armv6-unknown-linux-gnueabihf/release/Modules/GiftUITextResources.swiftmodule	a986f55ba7fa34bb144f0e554e99e1b7337cd42df36d498af44f536e43990fea
build/swiftpm/armv6-unknown-linux-gnueabihf/release/Modules/GiftUITextResources.swiftsourceinfo	0151f4c305320ec39264461998547bb0437b810520839602bff008b7b2b14c7b
build/swiftpm/armv6-unknown-linux-gnueabihf/release/Modules/SignalAnalyzerData.swiftdoc	ba749d625635f567fa8025f3d66c0069e1038e185db128cdcaeae47930ff7af3
build/swiftpm/armv6-unknown-linux-gnueabihf/release/Modules/SignalAnalyzerData.swiftmodule	ec07951a60b88a80682cb517fb62777d5d3cf94fb98b50bf76e11ace53c25939
build/swiftpm/armv6-unknown-linux-gnueabihf/release/Modules/SignalAnalyzerData.swiftsourceinfo	338df51e5c9ccb09eebf3ec582ac1877c4ff10ce1fe8afdec23921b178ddab42
build/swiftpm/armv6-unknown-linux-gnueabihf/release/Modules/SignalAnalyzerDomain.swiftdoc	b49eb40055fa5c5c75d5fce7ae9c0061f55664fe469c9181eb478aff602256c8
build/swiftpm/armv6-unknown-linux-gnueabihf/release/Modules/SignalAnalyzerDomain.swiftmodule	9e3388a8b967eaab5afe9a4a8bea0e8b5c3fd3f93d909226e8211f5d0e02dfb9
build/swiftpm/armv6-unknown-linux-gnueabihf/release/Modules/SignalAnalyzerDomain.swiftsourceinfo	f282b55fb085980060278d322a8c95185f6811f5304166f54b665b9fd81f81de
build/swiftpm/armv6-unknown-linux-gnueabihf/release/Modules/SignalAnalyzerHost.swiftdoc	5722b9812e7a12e5d91b2caf6255189b168dd74a2bf78e36097a35f30ddc6367
build/swiftpm/armv6-unknown-linux-gnueabihf/release/Modules/SignalAnalyzerHost.swiftmodule	cd060777e59b3337bb1b98d042ff118da6b2c5572845397e45da315ac9237e8e
build/swiftpm/armv6-unknown-linux-gnueabihf/release/Modules/SignalAnalyzerHost.swiftsourceinfo	86eb01f51e388a8d9956dc35beaa7662fa61778bf2cf908a69f6f5e22313045b
build/swiftpm/armv6-unknown-linux-gnueabihf/release/Modules/SignalAnalyzerMacOSDynamic.swiftdoc	2c8c1a6a51b5c071b823630cacbef49005a0e119ff540d435f1dcd9a3da5425c
build/swiftpm/armv6-unknown-linux-gnueabihf/release/Modules/SignalAnalyzerMacOSDynamic.swiftmodule	f3164fde9079199db7da95c739dbbeaab9541a27e8a7a90e53cfb2e8a118d389
build/swiftpm/armv6-unknown-linux-gnueabihf/release/Modules/SignalAnalyzerMacOSDynamic.swiftsourceinfo	c4f8c9ed2195b620f9cf810660c22bdff4690c9fbd253e91799b969b83ab838c
build/swiftpm/armv6-unknown-linux-gnueabihf/release/Modules/SignalAnalyzerMacOSStatic.swiftdoc	9cad3995355e21ad6a25a74ab037f848668fe54053163f796c18e98c55353171
build/swiftpm/armv6-unknown-linux-gnueabihf/release/Modules/SignalAnalyzerMacOSStatic.swiftmodule	299ef621dbdb83e787873b10fbdbe30e6d7e44c96550cfdca663d79b5e32acee
build/swiftpm/armv6-unknown-linux-gnueabihf/release/Modules/SignalAnalyzerMacOSStatic.swiftsourceinfo	ac4980e338022e23b0ed5083c79dd6c9b64c0bef1464c770e6df03087beff43a
build/swiftpm/armv6-unknown-linux-gnueabihf/release/Modules/SignalAnalyzerNRF52840HostOracle.swiftdoc	65c379fac443ff171a77a9b85bcb240ed2a7f2fdfff01e1469cb3e16e16933ad
build/swiftpm/armv6-unknown-linux-gnueabihf/release/Modules/SignalAnalyzerNRF52840HostOracle.swiftmodule	290afddd0d6ca91f794a5b35954cfd7cfcabca801faab9922ae75cc07cd1914d
build/swiftpm/armv6-unknown-linux-gnueabihf/release/Modules/SignalAnalyzerNRF52840HostOracle.swiftsourceinfo	7c148060c0fedc81f3b4c4aa37cf9fe897f8d96d1b016470bd4e6d902dfc7a1e
build/swiftpm/armv6-unknown-linux-gnueabihf/release/Modules/SignalAnalyzerPresentation.swiftdoc	286c2e78f7b67cb32df7cc25042f5766b7e6136f552b174074fc2c1cf27357f9
build/swiftpm/armv6-unknown-linux-gnueabihf/release/Modules/SignalAnalyzerPresentation.swiftmodule	d9bf87590eae126fc2d5c5310998d9ed679bf1ae1df7093f00c1277f382f846d
build/swiftpm/armv6-unknown-linux-gnueabihf/release/Modules/SignalAnalyzerPresentation.swiftsourceinfo	2aa6b3d3eb867c3c0948a014cf55a927f51fcf307ba02096f7cf413d89647866
build/swiftpm/armv6-unknown-linux-gnueabihf/release/Modules/SignalAnalyzerPresetHarness.swiftdoc	bb4f04689ab60b98c657232c1c3114a73e58a2f5d9c255fa390e50dc79291bbf
build/swiftpm/armv6-unknown-linux-gnueabihf/release/Modules/SignalAnalyzerPresetHarness.swiftmodule	b8c5af5681c614cf34fe8879aef3bc7a51de891eb0ce76bdbb6ddfac803ec754
build/swiftpm/armv6-unknown-linux-gnueabihf/release/Modules/SignalAnalyzerPresetHarness.swiftsourceinfo	4b3365a4e9ce396a0e3ca4f19b31c338dbf33483b3768e55694a06c0c8dba81a
build/swiftpm/armv6-unknown-linux-gnueabihf/release/Modules/SignalAnalyzerRaspberryPiARMv6.swiftdoc	ab91db3d2de2f0f3effaa173ad84f9b4cfd91f2d11e0bee65e6c15c61005bcb8
build/swiftpm/armv6-unknown-linux-gnueabihf/release/Modules/SignalAnalyzerRaspberryPiARMv6.swiftmodule	3a303ac621872a5d83c12997d1719f210ce4daf80fcb0298335c82769a67a1b3
build/swiftpm/armv6-unknown-linux-gnueabihf/release/Modules/SignalAnalyzerRaspberryPiARMv6.swiftsourceinfo	7e1d50d00b65dea2440d660e6a103c8f2f68bd4bd48d9b2eec5c44ea89ae954d
build/swiftpm/armv6-unknown-linux-gnueabihf/release/Modules/SignalAnalyzerTargetHost.swiftdoc	d16ce1a78dec9d599fda995194aef34d37bf9740fd81eae3f97d731f1d892ae1
build/swiftpm/armv6-unknown-linux-gnueabihf/release/Modules/SignalAnalyzerTargetHost.swiftmodule	85cf7a336f8e15ddb192b142599a02f7c5d6b77f75a421e5a016f7b5aae58a28
build/swiftpm/armv6-unknown-linux-gnueabihf/release/Modules/SignalAnalyzerTargetHost.swiftsourceinfo	dc93667ff3244d6578b01c4b8a5f34025f2405d41d7765f2902ea6d8265f22de
build/swiftpm/armv6-unknown-linux-gnueabihf/release/SignalAnalyzerData.build/DefaultSignalAcquisitionRepository.swift.o	335084bb49cd4cca0be0cf17e0344619fe10c497e4152420bccac742f79804ae
build/swiftpm/armv6-unknown-linux-gnueabihf/release/SignalAnalyzerData.build/DeterministicSignalDataSource.swift.o	26ec5a897777181d638605f1a245150a86af5459896a7c8ec0ae741928fa25a1
build/swiftpm/armv6-unknown-linux-gnueabihf/release/SignalAnalyzerData.build/DeterministicSignalGenerator.swift.o	daa24027dd913d2e49c7e731ea0480cdfb9ec512d844d25ccc078a02ff367120
build/swiftpm/armv6-unknown-linux-gnueabihf/release/SignalAnalyzerData.build/ModuleBoundary.swift.o	6fb1c32a11cb14b38a5e73b8b4832c389af4d85520b8e14a80d7ec5e520033d7
build/swiftpm/armv6-unknown-linux-gnueabihf/release/SignalAnalyzerData.build/SignalAnalyzerData.d	a79584fdda156c66f0c750fc8dc21816a04fcddedd8eba5ecacd47d4dc3a4634
build/swiftpm/armv6-unknown-linux-gnueabihf/release/SignalAnalyzerData.build/SignalAnalyzerData.dia	2c72d5afff8cce441f2f8299a18215b0bf79605aa7eb05839e38f7949b46c0e2
build/swiftpm/armv6-unknown-linux-gnueabihf/release/SignalAnalyzerData.build/SignalCaptureStore.swift.o	de45dbbe711006f0de9420c4a644f0504ecb10a9e158d1c9127756f3070624af
build/swiftpm/armv6-unknown-linux-gnueabihf/release/SignalAnalyzerData.build/include/SignalAnalyzerData-Swift.h	00f48e4f20b017428995cd10d85f70f54fb72fd1406608066d9e185108a0a2c7
build/swiftpm/armv6-unknown-linux-gnueabihf/release/SignalAnalyzerData.build/include/module.modulemap	f64da3cbcb6c50d3ea24c404baddd78c11d8d6b05ab3139e726e5b24a970390e
build/swiftpm/armv6-unknown-linux-gnueabihf/release/SignalAnalyzerData.build/output-file-map.json	9708153d889267d75d74bfde5c1bfeefd0e2bbd2478d4bf129b25f6bb0664f49
build/swiftpm/armv6-unknown-linux-gnueabihf/release/SignalAnalyzerData.build/sources	b80894b6c4f2546bd712a3877f655834c22af5abba0b33f66097be4c8f67302f
build/swiftpm/armv6-unknown-linux-gnueabihf/release/SignalAnalyzerDomain.build/AcquisitionState.swift.o	cb46c47a0a79f6d3141202bc9e0c342b3562895b5e890fb827cc799207b9730b
build/swiftpm/armv6-unknown-linux-gnueabihf/release/SignalAnalyzerDomain.build/ModuleBoundary.swift.o	bb92e36bb575ee166e04bc9bf0e2d173f994e999da2d084697524ba6112acca4
build/swiftpm/armv6-unknown-linux-gnueabihf/release/SignalAnalyzerDomain.build/SignalAcquisitionContracts.swift.o	3fd21bbf218b3248ff1365bf561e2cb10488adb390a08c7fa754653dea3988db
build/swiftpm/armv6-unknown-linux-gnueabihf/release/SignalAnalyzerDomain.build/SignalAnalyzerDiagnostic.swift.o	6a6bcddcac58fd12d9b4cf0ce9f39a97014e7b54ee0084f7eddf868a644cb0f2
build/swiftpm/armv6-unknown-linux-gnueabihf/release/SignalAnalyzerDomain.build/SignalAnalyzerDomain.d	fe428b4ee383f6586cdb77202024e4324aa29c0005213e06375a81a2791e6aee
build/swiftpm/armv6-unknown-linux-gnueabihf/release/SignalAnalyzerDomain.build/SignalAnalyzerDomain.dia	2c72d5afff8cce441f2f8299a18215b0bf79605aa7eb05839e38f7949b46c0e2
build/swiftpm/armv6-unknown-linux-gnueabihf/release/SignalAnalyzerDomain.build/SignalCaptureChange.swift.o	27975c0ef3aac2d3d8558f05b2e6014a3a71b6b8bbf74aa81421a2c192b40564
build/swiftpm/armv6-unknown-linux-gnueabihf/release/SignalAnalyzerDomain.build/SignalCapturePublication.swift.o	128fd00bdfca5020226400d5a01ecca7f42c22446ab5b07aa71df490e34a8055
build/swiftpm/armv6-unknown-linux-gnueabihf/release/SignalAnalyzerDomain.build/SignalPrimitiveValues.swift.o	da0202e054b9d76f12e7c703ddb0440af768d48fc76e568bfbdbeea51fa6d445
build/swiftpm/armv6-unknown-linux-gnueabihf/release/SignalAnalyzerDomain.build/SignalValues.swift.o	042774b87eda6c15f5a83fe0a36826c23b41496863d66f9e3f873ab9ef34acb8
build/swiftpm/armv6-unknown-linux-gnueabihf/release/SignalAnalyzerDomain.build/include/SignalAnalyzerDomain-Swift.h	06d15c481b90efec0a0bbd87f9a658867f9ad40e1ad8ba9e1b67b3cb6495dd6e
build/swiftpm/armv6-unknown-linux-gnueabihf/release/SignalAnalyzerDomain.build/include/module.modulemap	7d78599aeadd67d3eddfe9c8b2706384b21b3afc68beb4930290bff6ca4b234b
build/swiftpm/armv6-unknown-linux-gnueabihf/release/SignalAnalyzerDomain.build/output-file-map.json	eff18a9897a53cf701b30555b57d69c621c77aa13bc3c720265659e339370258
build/swiftpm/armv6-unknown-linux-gnueabihf/release/SignalAnalyzerDomain.build/sources	3df274c570712fef89465f8fd5d6953cfaf5f6c89adf17dcd1adcadbe87d62e9
build/swiftpm/armv6-unknown-linux-gnueabihf/release/SignalAnalyzerHost.build/SignalAnalyzerHost.d	713fd494faeec13ee024838093b5a5faa451da870265167e153f25c0851c7a99
build/swiftpm/armv6-unknown-linux-gnueabihf/release/SignalAnalyzerHost.build/SignalAnalyzerHost.dia	2c72d5afff8cce441f2f8299a18215b0bf79605aa7eb05839e38f7949b46c0e2
build/swiftpm/armv6-unknown-linux-gnueabihf/release/SignalAnalyzerHost.build/SignalAnalyzerHostFactAdmission.swift.o	57abd6a20767d038d4a257dd1d5a5784d82364813f422117c1104150ca85d32b
build/swiftpm/armv6-unknown-linux-gnueabihf/release/SignalAnalyzerHost.build/include/SignalAnalyzerHost-Swift.h	a7d219010714e79dca3cc34184f94317829632aa702a954101cd2aca7a26638d
build/swiftpm/armv6-unknown-linux-gnueabihf/release/SignalAnalyzerHost.build/include/module.modulemap	e93efdf2f61befe2a5f6db68b2d1206f1bbbcee5afe1647e168108267ae564dd
build/swiftpm/armv6-unknown-linux-gnueabihf/release/SignalAnalyzerHost.build/output-file-map.json	fcb54e2d2589ee9860b7f42193e5eab4cf0f2ce2f53495e429232eaa6b94d6bb
build/swiftpm/armv6-unknown-linux-gnueabihf/release/SignalAnalyzerHost.build/sources	b7461ede26647017130a47b9a92c6779fe3a05432b5925892bfeed029eef53dc
build/swiftpm/armv6-unknown-linux-gnueabihf/release/SignalAnalyzerMacOSDynamic	ae92e77a9fcef47245ff51ce4d15ffb1f4c57e0656b03e107a7447eb66e70e3e
build/swiftpm/armv6-unknown-linux-gnueabihf/release/SignalAnalyzerMacOSDynamic.build/SignalAnalyzerMacOSDynamic.d	22d13d030174e9110c8cb243ac6d76ebb1ceb149ad9567575b12d98074e7e3ff
build/swiftpm/armv6-unknown-linux-gnueabihf/release/SignalAnalyzerMacOSDynamic.build/SignalAnalyzerMacOSDynamic.dia	2c72d5afff8cce441f2f8299a18215b0bf79605aa7eb05839e38f7949b46c0e2
build/swiftpm/armv6-unknown-linux-gnueabihf/release/SignalAnalyzerMacOSDynamic.build/main.swift.o	c968b9c9825bfd04040b8925d0ff3d5e3a6bd51298ac11474a2603fc5c1a0c14
build/swiftpm/armv6-unknown-linux-gnueabihf/release/SignalAnalyzerMacOSDynamic.build/output-file-map.json	11c0be7fe9ce1d465c7b6211f4bef213ddf8841e82a4f033d6c99b235f1dc3ff
build/swiftpm/armv6-unknown-linux-gnueabihf/release/SignalAnalyzerMacOSDynamic.build/sources	cb27b3b47758772ec160b4a75c9c18afcfe0d4c5510fe88daed624a39ed9be8c
build/swiftpm/armv6-unknown-linux-gnueabihf/release/SignalAnalyzerMacOSDynamic.product/Objects.LinkFileList	a8ccc6789c6be126a0578e704d67acc2e6938a6f3375e886765ead6e4d385e10
build/swiftpm/armv6-unknown-linux-gnueabihf/release/SignalAnalyzerMacOSStatic	f3b1df88f5ad2937801b48ef92a94a7aa3226a17438c112e3d7d4aa1bb798b01
build/swiftpm/armv6-unknown-linux-gnueabihf/release/SignalAnalyzerMacOSStatic.build/SignalAnalyzerMacOSStatic.d	e08f9ec7095ec42858abc773725e5254f32b418e5bd5a2e943bdc70c08d7953d
build/swiftpm/armv6-unknown-linux-gnueabihf/release/SignalAnalyzerMacOSStatic.build/SignalAnalyzerMacOSStatic.dia	2c72d5afff8cce441f2f8299a18215b0bf79605aa7eb05839e38f7949b46c0e2
build/swiftpm/armv6-unknown-linux-gnueabihf/release/SignalAnalyzerMacOSStatic.build/main.swift.o	b34346797deb5e8e5dfb7ae687c1ae39a34f617c7af80dee1c6dad93fbdd7cab
build/swiftpm/armv6-unknown-linux-gnueabihf/release/SignalAnalyzerMacOSStatic.build/output-file-map.json	87b95c79896f40046d381c3bd3ba2daf94969cd9358e9b3c3cf5f7d1091b741a
build/swiftpm/armv6-unknown-linux-gnueabihf/release/SignalAnalyzerMacOSStatic.build/sources	e88db896c8ed1a75e749b93dffa621f779caf7dc7af7a276e172041daba5969d
build/swiftpm/armv6-unknown-linux-gnueabihf/release/SignalAnalyzerMacOSStatic.product/Objects.LinkFileList	ce76c79abd5af9d14800d3a30806396a925f8020b1597713707a90d1b4d34211
build/swiftpm/armv6-unknown-linux-gnueabihf/release/SignalAnalyzerNRF52840HostOracle	c5b3484f5607e84ad341f69ee910572a9fec4b933d443961063d389a1ab0f50d
build/swiftpm/armv6-unknown-linux-gnueabihf/release/SignalAnalyzerNRF52840HostOracle.build/SignalAnalyzerNRF52840HostOracle.d	589f5635ba1a1a8c40e2d39d28f3c21f6a34d696dc2432bba4b47a51454c4cfc
build/swiftpm/armv6-unknown-linux-gnueabihf/release/SignalAnalyzerNRF52840HostOracle.build/SignalAnalyzerNRF52840HostOracle.dia	2c72d5afff8cce441f2f8299a18215b0bf79605aa7eb05839e38f7949b46c0e2
build/swiftpm/armv6-unknown-linux-gnueabihf/release/SignalAnalyzerNRF52840HostOracle.build/main.swift.o	b528e9c6237369eb08e5dc09fe0bf36737e776b0811e0c0d6eabcd4f57e87e1f
build/swiftpm/armv6-unknown-linux-gnueabihf/release/SignalAnalyzerNRF52840HostOracle.build/output-file-map.json	948b2346d9709d776639c7770be52d09d0be657ee5cfe118fb3b9516c68bda74
build/swiftpm/armv6-unknown-linux-gnueabihf/release/SignalAnalyzerNRF52840HostOracle.build/sources	a263dcebfb1cb1dd1feff0523ebcd283b1bb7aa3790213252fd305750bb41826
build/swiftpm/armv6-unknown-linux-gnueabihf/release/SignalAnalyzerNRF52840HostOracle.product/Objects.LinkFileList	468ee47bdcecbe350a61aa34637c5281475babc5d30327acbad9bd761c196b42
build/swiftpm/armv6-unknown-linux-gnueabihf/release/SignalAnalyzerPresentation.build/ModuleBoundary.swift.o	dc0ebe3be397e1bc7e0ae13e2874caeb16c23fdd3beed0ae9adb7923ce420c1e
build/swiftpm/armv6-unknown-linux-gnueabihf/release/SignalAnalyzerPresentation.build/SignalAnalyzerDiagnostic+BoundedText.swift.o	a399308ea85041cecf3674de889ed2c3967afb0952c3e9f628dc0750783ffc28
build/swiftpm/armv6-unknown-linux-gnueabihf/release/SignalAnalyzerPresentation.build/SignalAnalyzerFailureNormalizer.swift.o	505a8726dcb2e35c0b4c0f532d7c0a6d47df9250c6ca516e224170cb93396761
build/swiftpm/armv6-unknown-linux-gnueabihf/release/SignalAnalyzerPresentation.build/SignalAnalyzerFailurePolicyValues.swift.o	174928d43d8a42437a03cde78d165c7891c3f10f003e0ab351fddd63e654aecc
build/swiftpm/armv6-unknown-linux-gnueabihf/release/SignalAnalyzerPresentation.build/SignalAnalyzerLayoutConstraints.swift.o	f2955c3b3e9d008e017d24a70649e6c87ae2424fec4ee46728b517ae95943094
build/swiftpm/armv6-unknown-linux-gnueabihf/release/SignalAnalyzerPresentation.build/SignalAnalyzerOwnerFailureAdapter.swift.o	3f48b668a66094fce610343696963e28f567f7cefc484f665832726f4a76eb2c
build/swiftpm/armv6-unknown-linux-gnueabihf/release/SignalAnalyzerPresentation.build/SignalAnalyzerPresentation.d	2d74f2c74ecb4448f1102b22c73c1d0636163c63ed9814a39ac3ba9960d7326d
build/swiftpm/armv6-unknown-linux-gnueabihf/release/SignalAnalyzerPresentation.build/SignalAnalyzerPresentation.dia	2c72d5afff8cce441f2f8299a18215b0bf79605aa7eb05839e38f7949b46c0e2
build/swiftpm/armv6-unknown-linux-gnueabihf/release/SignalAnalyzerPresentation.build/SignalAnalyzerPresentationAdmissionAdapter.swift.o	7479c0fd181f0340f4ba9cabe19fcefab33aaa80b036a6b182688b90eb7d34a2
build/swiftpm/armv6-unknown-linux-gnueabihf/release/SignalAnalyzerPresentation.build/SignalAnalyzerPresentationValues.swift.o	cf5258ecac2afd698e5e636e9c0cf62374469cb0a88dfcfab235e594cecd6af2
build/swiftpm/armv6-unknown-linux-gnueabihf/release/SignalAnalyzerPresentation.build/SignalAnalyzerRuntimeCondition.swift.o	6ca5a6729e8cf1d7c19496f42370dd180d5ba0bda7bdf28d086594b763ed41ca
build/swiftpm/armv6-unknown-linux-gnueabihf/release/SignalAnalyzerPresentation.build/SignalAnalyzerRuntimeFailureNormalizer.swift.o	3a990df10a2fa215af07a609c78ef6dffde80b0bb42fc340f4486283c916a62c
build/swiftpm/armv6-unknown-linux-gnueabihf/release/SignalAnalyzerPresentation.build/SignalAnalyzerRuntimeFailureRule.swift.o	95dfe1261926c5744f9e8ecc5bec49e140dc9702cd36ed10f17b290b3f6f84d7
build/swiftpm/armv6-unknown-linux-gnueabihf/release/SignalAnalyzerPresentation.build/SignalAnalyzerTimelineFormatting.swift.o	be650251896e2d4a4772c43674568368970a167ddc6f3c244e46542401fdf349
build/swiftpm/armv6-unknown-linux-gnueabihf/release/SignalAnalyzerPresentation.build/SignalAnalyzerView.swift.o	7db1c58844e63b8dd74c37a31a31f7d471c3e62fa2943cf21fa275cdd6320a3f
build/swiftpm/armv6-unknown-linux-gnueabihf/release/SignalAnalyzerPresentation.build/SignalAnalyzerWaveformGeometry.swift.o	8747831a0cd3bd9148e0d9f12ef3b21b58fe78349eacb3e980cefc339fa4e704
build/swiftpm/armv6-unknown-linux-gnueabihf/release/SignalAnalyzerPresentation.build/include/SignalAnalyzerPresentation-Swift.h	8dd75a6879eed7e431d6daebb141bd8bbe500f5fd070c610e31f94404b991eb7
build/swiftpm/armv6-unknown-linux-gnueabihf/release/SignalAnalyzerPresentation.build/include/module.modulemap	66abeccb5eb83e5dfb53497e1cdd02fe303a80b04a018a5dcab8887c5398a24e
build/swiftpm/armv6-unknown-linux-gnueabihf/release/SignalAnalyzerPresentation.build/output-file-map.json	37a670e1627288a026e77874f6aafc36100346be67bf78b96ddeb979bcc366ca
build/swiftpm/armv6-unknown-linux-gnueabihf/release/SignalAnalyzerPresentation.build/sources	3f4293b3257a46588ff262f0dd50c5bed30db62dbb78f10db2227149cefb3206
build/swiftpm/armv6-unknown-linux-gnueabihf/release/SignalAnalyzerPresetHarness.build/HardwareFreePresetRunner.swift.o	405d6f340744b8d66702240dc1010db9bafdf311d05abd3544f94fe18574e3a8
build/swiftpm/armv6-unknown-linux-gnueabihf/release/SignalAnalyzerPresetHarness.build/SignalAnalyzerPresetHarness.d	7a38152cf49cd12e4dfc456941bac0e3fb017aabe20b311f7e049ea3f1c8a2b2
build/swiftpm/armv6-unknown-linux-gnueabihf/release/SignalAnalyzerPresetHarness.build/SignalAnalyzerPresetHarness.dia	2c72d5afff8cce441f2f8299a18215b0bf79605aa7eb05839e38f7949b46c0e2
build/swiftpm/armv6-unknown-linux-gnueabihf/release/SignalAnalyzerPresetHarness.build/include/SignalAnalyzerPresetHarness-Swift.h	d5440b3b32f0cdcb434a25c70af0ccc5dcbcd71c0de2131df5c793af12532571
build/swiftpm/armv6-unknown-linux-gnueabihf/release/SignalAnalyzerPresetHarness.build/include/module.modulemap	3fba10a549ee02077b1bc1202847b52af712b1cd1136742c523dd6859e83ec2a
build/swiftpm/armv6-unknown-linux-gnueabihf/release/SignalAnalyzerPresetHarness.build/output-file-map.json	7b39d84fe232f5b9f6664fdd7f9b53fbbf95b1db394c51e1f96ebab7bbb9db64
build/swiftpm/armv6-unknown-linux-gnueabihf/release/SignalAnalyzerPresetHarness.build/sources	7176caf74f9c463cadda98408fa77aebb8e23ede2a03e2ed81a80203c0b0ee70
build/swiftpm/armv6-unknown-linux-gnueabihf/release/SignalAnalyzerRaspberryPiARMv6	16ed2535372ff7d43733059bcfff806ce8ca3d3daaa7ea1427ae49b96c55f676
build/swiftpm/armv6-unknown-linux-gnueabihf/release/SignalAnalyzerRaspberryPiARMv6.build/LinuxSignalAnalyzerPiInputPump.swift.o	2820255c941b635f190c63cbb157872b79dab80bc2fb29e1e792ab19a0c1ecd8
build/swiftpm/armv6-unknown-linux-gnueabihf/release/SignalAnalyzerRaspberryPiARMv6.build/LinuxSignalAnalyzerPiProcessLoop.swift.o	ebd66e66e8b4b6d02088121820109cea9216918e88a1a20169ee54bfbd2291cc
build/swiftpm/armv6-unknown-linux-gnueabihf/release/SignalAnalyzerRaspberryPiARMv6.build/PiHostNativeRehearsal.swift.o	86f3625b9a48a7487c30e7d45c1ed6d529b0a70af10552395edaf16d316a0fd7
build/swiftpm/armv6-unknown-linux-gnueabihf/release/SignalAnalyzerRaspberryPiARMv6.build/SignalAnalyzerRaspberryPiARMv6.d	45ad24018c3869d0273532bdea098e631c7c235d9ea620a3a0ee09231c0dc3b1
build/swiftpm/armv6-unknown-linux-gnueabihf/release/SignalAnalyzerRaspberryPiARMv6.build/SignalAnalyzerRaspberryPiARMv6.dia	2c72d5afff8cce441f2f8299a18215b0bf79605aa7eb05839e38f7949b46c0e2
build/swiftpm/armv6-unknown-linux-gnueabihf/release/SignalAnalyzerRaspberryPiARMv6.build/main.swift.o	48537ba9dc21aa934d84a531d2da9c5de05c23ed7073fe06e54b61d46a4b60e2
build/swiftpm/armv6-unknown-linux-gnueabihf/release/SignalAnalyzerRaspberryPiARMv6.build/output-file-map.json	9511b9014ed7486c96ed9e0016781e9757854b42d63cb4ec1fcc926c33211b05
build/swiftpm/armv6-unknown-linux-gnueabihf/release/SignalAnalyzerRaspberryPiARMv6.build/sources	324190635a40c2ff5f2b90ca9efce68efe1cd45903e830677e906a31300cb606
build/swiftpm/armv6-unknown-linux-gnueabihf/release/SignalAnalyzerRaspberryPiARMv6.product/Objects.LinkFileList	9bc36d2fb05b69795392e5c432a810449167ab78fdf813ba71372e46b11ae391
build/swiftpm/armv6-unknown-linux-gnueabihf/release/SignalAnalyzerTargetHost.build/DynamicSignalAnalyzerActionDispatcher.swift.o	5ea4923a53fdb0db41ff60c38b6f9e0d7471b32f231c88448f374217fe3e399d
build/swiftpm/armv6-unknown-linux-gnueabihf/release/SignalAnalyzerTargetHost.build/DynamicSignalAnalyzerApplicationFailureOwner.swift.o	1a1ccf390754739a9ff8ba590ec0f8841dfc8a0653fc2f77220cafd280be9647
build/swiftpm/armv6-unknown-linux-gnueabihf/release/SignalAnalyzerTargetHost.build/DynamicSignalAnalyzerPiAssembly.swift.o	6259af90c12da3f9996e97acc9c3ae375bf7d8a1809b7c269a6d635eaa3cfe82
build/swiftpm/armv6-unknown-linux-gnueabihf/release/SignalAnalyzerTargetHost.build/DynamicSignalAnalyzerPiContactIngress.swift.o	374145be81bcf64d39cee783e33b9124c2ff09654fe847df9ac6054c3fedc8c3
build/swiftpm/armv6-unknown-linux-gnueabihf/release/SignalAnalyzerTargetHost.build/DynamicSignalAnalyzerPiCorrelationOwner.swift.o	665c9e04e51c24ac8391021d626e7dcb3d516fe0bb9d7e030002826e5262bab3
build/swiftpm/armv6-unknown-linux-gnueabihf/release/SignalAnalyzerTargetHost.build/DynamicSignalAnalyzerPiEndpoint.swift.o	ff598dd5e6e1cd3338f1b18efb21d534236193891f0380e57ea575e6d272631c
build/swiftpm/armv6-unknown-linux-gnueabihf/release/SignalAnalyzerTargetHost.build/DynamicSignalAnalyzerPiInitialPresentationOwner.swift.o	99418976ae049a28b6d41beac03c37b5f7fbd304f639c70dc3e7d76e3c237e11
build/swiftpm/armv6-unknown-linux-gnueabihf/release/SignalAnalyzerTargetHost.build/DynamicSignalAnalyzerPiInputCoordinator.swift.o	87388d8cfeb3daf1e1eeace9ed2dc92af3de01709bc3fd4f775f0356c3744a5e
build/swiftpm/armv6-unknown-linux-gnueabihf/release/SignalAnalyzerTargetHost.build/DynamicSignalAnalyzerPiLifecycleOwner.swift.o	9c6a9cefdda7d35ab9b6b19fe922969586b9c49eed75acaa2651f7eefe0bd6a2
build/swiftpm/armv6-unknown-linux-gnueabihf/release/SignalAnalyzerTargetHost.build/DynamicSignalAnalyzerPiWakeAdmission.swift.o	4723544fa2e8dbffa702cda6691e408ee2ce5dfa91bf6dfb4b1a0589405ac8c3
build/swiftpm/armv6-unknown-linux-gnueabihf/release/SignalAnalyzerTargetHost.build/DynamicSignalAnalyzerPiWakePacingOwner.swift.o	e999e78afdc3c32f05531ec49577204a2583be716b402abd0d81f71b1defe047
build/swiftpm/armv6-unknown-linux-gnueabihf/release/SignalAnalyzerTargetHost.build/DynamicSignalAnalyzerPresentationPipeline.swift.o	698f7b560cc81aef1a19a81a2874263648b4168c229b12d643178f9188751744
build/swiftpm/armv6-unknown-linux-gnueabihf/release/SignalAnalyzerTargetHost.build/SignalAnalyzerCycleFailureNormalizer.swift.o	457c8187fbad70533af6a02a51fe8748b02576426b93a25bfc3f5c540ec2d306
build/swiftpm/armv6-unknown-linux-gnueabihf/release/SignalAnalyzerTargetHost.build/SignalAnalyzerCycleOwnerFailure.swift.o	40c06fa7872751557140e42eec81ba6674ae09c45bc5a72ae4884bb2d5bc1694
build/swiftpm/armv6-unknown-linux-gnueabihf/release/SignalAnalyzerTargetHost.build/SignalAnalyzerCycleResidualPolicyOwner.swift.o	e2a6cf6a03631699da8cf5e20724c7d32e37bed981ee27b3e18e2dab0bfd3d9f
build/swiftpm/armv6-unknown-linux-gnueabihf/release/SignalAnalyzerTargetHost.build/SignalAnalyzerTargetHost.d	d2cd774f0d34eb5e2da48b9c5b665d2fb2b987793d97a813af4e002eeb9bdd66
build/swiftpm/armv6-unknown-linux-gnueabihf/release/SignalAnalyzerTargetHost.build/SignalAnalyzerTargetHost.dia	2c72d5afff8cce441f2f8299a18215b0bf79605aa7eb05839e38f7949b46c0e2
build/swiftpm/armv6-unknown-linux-gnueabihf/release/SignalAnalyzerTargetHost.build/StaticSignalAnalyzerActionDispatcher.swift.o	5186071b2e72fba66555253b8932b3168330127544c8b10b44b7658c9a8a15b5
build/swiftpm/armv6-unknown-linux-gnueabihf/release/SignalAnalyzerTargetHost.build/StaticSignalAnalyzerNRFApplicationInputOwner.swift.o	a08c43dfdc13fd346e026bba4373d9928f680173e933fb96a0364be5a776e0c6
build/swiftpm/armv6-unknown-linux-gnueabihf/release/SignalAnalyzerTargetHost.build/StaticSignalAnalyzerNRFApplicationStorage.swift.o	c857467c7640391ac25e2de942d991e0992952b2f19d68083efeafe5f1e2c502
build/swiftpm/armv6-unknown-linux-gnueabihf/release/SignalAnalyzerTargetHost.build/StaticSignalAnalyzerNRFAssembly.swift.o	41269a22de561f9b9365af126d7033d6716ca29b1d24a2c9771d4417d879c37c
build/swiftpm/armv6-unknown-linux-gnueabihf/release/SignalAnalyzerTargetHost.build/StaticSignalAnalyzerNRFCanvasInvocationSource.swift.o	3b3e0e1b1a01d3b9cff5bd40fdc0da9559566199dfaf59e634f87dde334270c6
build/swiftpm/armv6-unknown-linux-gnueabihf/release/SignalAnalyzerTargetHost.build/StaticSignalAnalyzerNRFCanvasPass.swift.o	5ae0b3343c50e6c9eaf2ff1d74dcde01ccfe7c35b1c9097672cadf673b7b194e
build/swiftpm/armv6-unknown-linux-gnueabihf/release/SignalAnalyzerTargetHost.build/StaticSignalAnalyzerNRFCanvasTable.generated.swift.o	91e33c21bac46a9ac852bfe5671fb4c72dd1a09be0202dc04ef03e980312083f
build/swiftpm/armv6-unknown-linux-gnueabihf/release/SignalAnalyzerTargetHost.build/StaticSignalAnalyzerNRFCaptureFactAdmission.swift.o	66613603dfcc13c4133f565c0ec88c3b5f1dc5490a49e544f44072762c78862a
build/swiftpm/armv6-unknown-linux-gnueabihf/release/SignalAnalyzerTargetHost.build/StaticSignalAnalyzerNRFCaptureHistory.swift.o	b69143bcff236708c528731cf56359f8028d944a033977247d276a1c23cb9cb1
build/swiftpm/armv6-unknown-linux-gnueabihf/release/SignalAnalyzerTargetHost.build/StaticSignalAnalyzerNRFCaptureRecord.swift.o	2b4a11e81a482ee5dea2867887d4e340cb3cec56262ea550cbbf8f9820edd0ed
build/swiftpm/armv6-unknown-linux-gnueabihf/release/SignalAnalyzerTargetHost.build/StaticSignalAnalyzerNRFCaptureSnapshotView.swift.o	5550615f2b67586c024d1fa946acfbe1b1a3cb085ea8b56ef703e60b20453467
build/swiftpm/armv6-unknown-linux-gnueabihf/release/SignalAnalyzerTargetHost.build/StaticSignalAnalyzerNRFCaptureStorage.swift.o	0473986192301f994572b3ad99ebf37ce2867ee8497371fc42ff9aee6055f3ca
build/swiftpm/armv6-unknown-linux-gnueabihf/release/SignalAnalyzerTargetHost.build/StaticSignalAnalyzerNRFCompactCaptureFact.swift.o	d5806e54c97b932d4ebb2cca621d5e06cb58fd24cddd28959115428a1b22b169
build/swiftpm/armv6-unknown-linux-gnueabihf/release/SignalAnalyzerTargetHost.build/StaticSignalAnalyzerNRFCompactFactRing.swift.o	2d273efb8fef94c382c4448e9d117abbd53f0e3ea2efe43479cf9226e4247a00
build/swiftpm/armv6-unknown-linux-gnueabihf/release/SignalAnalyzerTargetHost.build/StaticSignalAnalyzerNRFCompactPresentationFact.swift.o	5e9f6c822ec11caed498ac9bc27f5588574e92d4bc47bb2350970473a3e31266
build/swiftpm/armv6-unknown-linux-gnueabihf/release/SignalAnalyzerTargetHost.build/StaticSignalAnalyzerNRFDeterministicSource.swift.o	22eac01b1e487b4a08f4d939805960d50e262b36b1d0a1a6a6e6bf26131fb946
build/swiftpm/armv6-unknown-linux-gnueabihf/release/SignalAnalyzerTargetHost.build/StaticSignalAnalyzerNRFDisplayTarget.swift.o	da5d3e32f272ad6d73abfe35439ee02126788ed5b0e5e4eb96503bd27ec9fed2
build/swiftpm/armv6-unknown-linux-gnueabihf/release/SignalAnalyzerTargetHost.build/StaticSignalAnalyzerNRFDrawingPlanRecords.swift.o	c7fbacc108615d27c08d009655fb7c720ce2fe8aeeee7773da696e2e5b144c3c
build/swiftpm/armv6-unknown-linux-gnueabihf/release/SignalAnalyzerTargetHost.build/StaticSignalAnalyzerNRFDrawingPlanStorage.swift.o	002567c7be536b66e491c88785e472b5ea86b076988ff16fa4ab21e296008041
build/swiftpm/armv6-unknown-linux-gnueabihf/release/SignalAnalyzerTargetHost.build/StaticSignalAnalyzerNRFDrawingWorkspace.swift.o	c7c3f63829d9e6c32102f6e8354de0a7b3a6cc1cc3ff1f088a70b4bafaad481e
build/swiftpm/armv6-unknown-linux-gnueabihf/release/SignalAnalyzerTargetHost.build/StaticSignalAnalyzerNRFEmbeddedCanvasTable.generated.swift.o	d2d5a66159bb0aa1bc8ab42352b8a15419706a8b04db9aa843ae4678ded6970b
build/swiftpm/armv6-unknown-linux-gnueabihf/release/SignalAnalyzerTargetHost.build/StaticSignalAnalyzerNRFEmbeddedLayoutInterfaces.swift.o	4a2b69c9744e7dff4504de2fdb45f73981de8983a43d5d3181a7935e2b09bca2
build/swiftpm/armv6-unknown-linux-gnueabihf/release/SignalAnalyzerTargetHost.build/StaticSignalAnalyzerNRFEmbeddedLayoutModifier.swift.o	067843fbbceeddc5fa1ce2122aa67587ebf02ea39b0600cccccc71f3be744e92
build/swiftpm/armv6-unknown-linux-gnueabihf/release/SignalAnalyzerTargetHost.build/StaticSignalAnalyzerNRFEmbeddedLayoutPrimitive.swift.o	54e1b7aa74fcc047023a4df31bb538df3d72ae0c8c34067a584b78df4a3dc029
build/swiftpm/armv6-unknown-linux-gnueabihf/release/SignalAnalyzerTargetHost.build/StaticSignalAnalyzerNRFEmbeddedLayoutScopeCodec.swift.o	0a0673fdaa38810d85a932d30858f4add776873b297a80b25af530b9d5f806d7
build/swiftpm/armv6-unknown-linux-gnueabihf/release/SignalAnalyzerTargetHost.build/StaticSignalAnalyzerNRFEmbeddedLayoutTextCodec.swift.o	a1c552b9799ab5ea3135b2ff72f841dfd9c430a7c62cf9d88a28fb55e2324b73
build/swiftpm/armv6-unknown-linux-gnueabihf/release/SignalAnalyzerTargetHost.build/StaticSignalAnalyzerNRFEmbeddedLayoutWorkspace.swift.o	50d6e9f35dc00d397977b47dd87f9d99f0d266bf5f0b472827595ab5d492185a
build/swiftpm/armv6-unknown-linux-gnueabihf/release/SignalAnalyzerTargetHost.build/StaticSignalAnalyzerNRFEmbeddedResolvedLayoutView.swift.o	ec2ca6abb49e797919c67b3f21401c330dfe7ca512c1da50e78614deb9c2e1b8
build/swiftpm/armv6-unknown-linux-gnueabihf/release/SignalAnalyzerTargetHost.build/StaticSignalAnalyzerNRFEmbeddedSemanticRegion.swift.o	d395dbc422417e268cd1de744e82ad6c92d7f7d8fde89f5e33e302dc8d7a9db7
build/swiftpm/armv6-unknown-linux-gnueabihf/release/SignalAnalyzerTargetHost.build/StaticSignalAnalyzerNRFEmbeddedSemanticValidator.swift.o	33bdec2bdc29fa82823e28d70187295e9a5fc801a90aa52383eab6cd05f74d62
build/swiftpm/armv6-unknown-linux-gnueabihf/release/SignalAnalyzerTargetHost.build/StaticSignalAnalyzerNRFEmbeddedSemanticView.swift.o	7ce354822d220005e9e2f8f65fc56e94c45ea6d03ab554765bfec2900ab922c3
build/swiftpm/armv6-unknown-linux-gnueabihf/release/SignalAnalyzerTargetHost.build/StaticSignalAnalyzerNRFEndpoint.swift.o	f25333af1468b712b4a06fa89d614b5be6ad93b78bce3782fbc30e7677fb3a20
build/swiftpm/armv6-unknown-linux-gnueabihf/release/SignalAnalyzerTargetHost.build/StaticSignalAnalyzerNRFGeneratedMetadata.swift.o	c74e0fc50fd74f651fa51b2d8f3d3ea5462746ded4896f4600a5e9a809539214
build/swiftpm/armv6-unknown-linux-gnueabihf/release/SignalAnalyzerTargetHost.build/StaticSignalAnalyzerNRFInputABI.swift.o	5e7f8e7db16403395c4ad99571d602c5565d14f7486e3c021a4d8d8baa43977e
build/swiftpm/armv6-unknown-linux-gnueabihf/release/SignalAnalyzerTargetHost.build/StaticSignalAnalyzerNRFInputCoordinator.swift.o	4ef27f70cb50fcbbdac1c67db51ae110b764840f26e0731fafdfc3c6035314ae
build/swiftpm/armv6-unknown-linux-gnueabihf/release/SignalAnalyzerTargetHost.build/StaticSignalAnalyzerNRFInteractionCandidateProducer.swift.o	6baca748a070aef4c28358989b239ba4c092bb44a401beb29dc25f17e7cde117
build/swiftpm/armv6-unknown-linux-gnueabihf/release/SignalAnalyzerTargetHost.build/StaticSignalAnalyzerNRFInteractionHandler.swift.o	a30676c5e617c93ba42c7bbe05059eb794d93e4b6a85039f2be96ad8da8d37d5
build/swiftpm/armv6-unknown-linux-gnueabihf/release/SignalAnalyzerTargetHost.build/StaticSignalAnalyzerNRFInteractionOccurrences.swift.o	6b69350af387874a937e039a5f047481acdbe46054ab93afcd569473c916c886
build/swiftpm/armv6-unknown-linux-gnueabihf/release/SignalAnalyzerTargetHost.build/StaticSignalAnalyzerNRFInteractionTargetProjection.swift.o	a1b3a1e8f8a400a634a762fff009af1ce51be59e8fc5a8be177ec6d2a4d97122
build/swiftpm/armv6-unknown-linux-gnueabihf/release/SignalAnalyzerTargetHost.build/StaticSignalAnalyzerNRFLayoutPass.swift.o	1d6cf63845cb8eb959307f1a7a9dcc9297b1aff8c103010582d0477731d00228
build/swiftpm/armv6-unknown-linux-gnueabihf/release/SignalAnalyzerTargetHost.build/StaticSignalAnalyzerNRFLayoutScopeCodec.swift.o	8d518a572ba25297ceaf38805de7ae0b9abea71e4cf5d09de61d11b963821ec6
build/swiftpm/armv6-unknown-linux-gnueabihf/release/SignalAnalyzerTargetHost.build/StaticSignalAnalyzerNRFLayoutTextCodec.swift.o	246e26d6a9bf92e14dc9d56e7336a419762d0621882444515f49936022a0657c
build/swiftpm/armv6-unknown-linux-gnueabihf/release/SignalAnalyzerTargetHost.build/StaticSignalAnalyzerNRFLayoutWorkspace.swift.o	6af26036f07585c6507c78388a70e0bae0b920e55c64571110335a8813a16d48
build/swiftpm/armv6-unknown-linux-gnueabihf/release/SignalAnalyzerTargetHost.build/StaticSignalAnalyzerNRFLivePathStorage.swift.o	bce4544b746a8919ce516d0c878c5b4e0282428eb1b9146d5e52cb492310700e
build/swiftpm/armv6-unknown-linux-gnueabihf/release/SignalAnalyzerTargetHost.build/StaticSignalAnalyzerNRFModelCaptureState.swift.o	a429a8fe023e1b88ae31e08c745c00c65dc33038b8608d777261fde113b2648d
build/swiftpm/armv6-unknown-linux-gnueabihf/release/SignalAnalyzerTargetHost.build/StaticSignalAnalyzerNRFModelDescriptor.generated.swift.o	36eaf48a960c92765dee18ad004b18c337a6cfabb8ad86cba406cb6933d56374
build/swiftpm/armv6-unknown-linux-gnueabihf/release/SignalAnalyzerTargetHost.build/StaticSignalAnalyzerNRFModelLocation.swift.o	d9dcbf72229428acee0189f5022b60b764622193230116a4ad62fca966b2b2fe
build/swiftpm/armv6-unknown-linux-gnueabihf/release/SignalAnalyzerTargetHost.build/StaticSignalAnalyzerNRFModelModifierWriter.swift.o	d6b2f2f6bad0d32c2f25c2ccd64dcf3dbdb974868d34e519df511557c3a5e21a
build/swiftpm/armv6-unknown-linux-gnueabihf/release/SignalAnalyzerTargetHost.build/StaticSignalAnalyzerNRFModelTextWriter.swift.o	a8879e07ccc9d4212715f3cca5b3dc1d8e032cd876887e8a5f729888aacaacef
build/swiftpm/armv6-unknown-linux-gnueabihf/release/SignalAnalyzerTargetHost.build/StaticSignalAnalyzerNRFModifierPayload.generated.swift.o	6b01c1112212c7b41eb865dc9e3e873a01b6b6fe715ce4ac17e82154379402e3
build/swiftpm/armv6-unknown-linux-gnueabihf/release/SignalAnalyzerTargetHost.build/StaticSignalAnalyzerNRFOperationalFailureBridge.swift.o	f036fbba76ab0e034f92774e56108b78aa1c7853951370cae6d2e6b6fdab894c
build/swiftpm/armv6-unknown-linux-gnueabihf/release/SignalAnalyzerTargetHost.build/StaticSignalAnalyzerNRFOperationalFailureFact.swift.o	9a5185ffe58ad0e76c1f031c105f42ca57fccbf293f567997723f0eaaf425541
build/swiftpm/armv6-unknown-linux-gnueabihf/release/SignalAnalyzerTargetHost.build/StaticSignalAnalyzerNRFPacedApplicationStage.swift.o	7dd735a2a53d30863034365ea7a6709ad136c127acf3e24287c0630f1de002b0
build/swiftpm/armv6-unknown-linux-gnueabihf/release/SignalAnalyzerTargetHost.build/StaticSignalAnalyzerNRFPackedSemanticRecords.generated.swift.o	22547b70a873c9d336e263fdca1f6e6620f52a07bd7d4c5e8a9f2d3628c71443
build/swiftpm/armv6-unknown-linux-gnueabihf/release/SignalAnalyzerTargetHost.build/StaticSignalAnalyzerNRFPresentationCommitter.swift.o	610676d9c99f2863786488966a7d72c3f6af25103dc23eb21982ae53c0911313
build/swiftpm/armv6-unknown-linux-gnueabihf/release/SignalAnalyzerTargetHost.build/StaticSignalAnalyzerNRFPresentationComposition.swift.o	f6ceeebff5fa19cc679bccbbded9b2562f3838877b7ee28ae0b4830e2c7e429d
build/swiftpm/armv6-unknown-linux-gnueabihf/release/SignalAnalyzerTargetHost.build/StaticSignalAnalyzerNRFPresentationHandoff.swift.o	3904fd2026f21baa655695008f3665f1e75ad518a2e99c881ebb2e3283972046
build/swiftpm/armv6-unknown-linux-gnueabihf/release/SignalAnalyzerTargetHost.build/StaticSignalAnalyzerNRFPresentationHealth.swift.o	78176e9d2fbb56b0b2c41093b93ff71afa0ec762ca3f24f8796b8dbc3d4130ef
build/swiftpm/armv6-unknown-linux-gnueabihf/release/SignalAnalyzerTargetHost.build/StaticSignalAnalyzerNRFPresentationIdentityOwner.swift.o	de663f26d86605ff5d24987bfaa7fa3d8789f808aae696bfd9c616a2aea3cb55
build/swiftpm/armv6-unknown-linux-gnueabihf/release/SignalAnalyzerTargetHost.build/StaticSignalAnalyzerNRFPresentationInputs.generated.swift.o	290277185a2ad1c3caa93c8978bf1a2ebb1b805c286b5e79fe127dd55f387419
build/swiftpm/armv6-unknown-linux-gnueabihf/release/SignalAnalyzerTargetHost.build/StaticSignalAnalyzerNRFPresentationPreparation.swift.o	9e686bfae9d52dc66d8101fbcca7da19768d19d6bf03ed269606cee8f4ff6f6b
build/swiftpm/armv6-unknown-linux-gnueabihf/release/SignalAnalyzerTargetHost.build/StaticSignalAnalyzerNRFPresentationTransaction.swift.o	0f99fc76893acbb0a8bd432f2fa9e82abc0715e9ba07e28fad44690b7f147ee0
build/swiftpm/armv6-unknown-linux-gnueabihf/release/SignalAnalyzerTargetHost.build/StaticSignalAnalyzerNRFPrimitivePayload.generated.swift.o	2fd658006ee8af53dca99df300d94426752b87279c4d6dc010894f055df76e10
build/swiftpm/armv6-unknown-linux-gnueabihf/release/SignalAnalyzerTargetHost.build/StaticSignalAnalyzerNRFProfileBinding.swift.o	a87a23b4d0c100c60d1f291c02a54e819de582a37e138a0b8f9245cb5a872233
build/swiftpm/armv6-unknown-linux-gnueabihf/release/SignalAnalyzerTargetHost.build/StaticSignalAnalyzerNRFProfileRegions.swift.o	60f19d89684f8b00e1c2c7558a437d574199500ffa85e20ca85ab7bc22d3211d
build/swiftpm/armv6-unknown-linux-gnueabihf/release/SignalAnalyzerTargetHost.build/StaticSignalAnalyzerNRFReferenceMetrics.generated.swift.o	f52aa234214348e825064f9c420f296f8ea129874474ec31122c0c494cb2fd86
build/swiftpm/armv6-unknown-linux-gnueabihf/release/SignalAnalyzerTargetHost.build/StaticSignalAnalyzerNRFRegionMap.swift.o	78de09ffa0808efc1496bf1c5f72032fbbe850b56bd8c30a873baf0d0e9a54f6
build/swiftpm/armv6-unknown-linux-gnueabihf/release/SignalAnalyzerTargetHost.build/StaticSignalAnalyzerNRFRenderOffer.swift.o	ac72620ff94b081a538969a05b1b2fb6f12fd671a77dc045039ee3d89acb3372
build/swiftpm/armv6-unknown-linux-gnueabihf/release/SignalAnalyzerTargetHost.build/StaticSignalAnalyzerNRFRenderWorkspace.swift.o	e116f5dd7a7d99aa18ba88656be69b1b9f7149bd9ef6a4d233f5f6bfacb4495b
build/swiftpm/armv6-unknown-linux-gnueabihf/release/SignalAnalyzerTargetHost.build/StaticSignalAnalyzerNRFRepositoryProducer.swift.o	6ba6968990524481be8dcd22f25d14c5e46a4da76b92c58b9ec5f80bd9635d35
build/swiftpm/armv6-unknown-linux-gnueabihf/release/SignalAnalyzerTargetHost.build/StaticSignalAnalyzerNRFResidualRouting.swift.o	e762d01bcd1d529f9d34a829ece61397ad6493f5c6a6e8a3aa6519d0bdd71103
build/swiftpm/armv6-unknown-linux-gnueabihf/release/SignalAnalyzerTargetHost.build/StaticSignalAnalyzerNRFResolvedLayout.swift.o	6b5d98edfbbfb371371f3fb98b9cffcafecfe2cb14589ae1cb7dec428f595996
build/swiftpm/armv6-unknown-linux-gnueabihf/release/SignalAnalyzerTargetHost.build/StaticSignalAnalyzerNRFRuntimeStorage.swift.o	b7b6ce4dc5098e5165d1a9ec00ab9f1fe18620f0c6279a75c2d06f132f58565e
build/swiftpm/armv6-unknown-linux-gnueabihf/release/SignalAnalyzerTargetHost.build/StaticSignalAnalyzerNRFSPITFTTransport.swift.o	edc7f08de9a3011df4db099508004982c80510ba778a93883ddf01791afeb3c7
build/swiftpm/armv6-unknown-linux-gnueabihf/release/SignalAnalyzerTargetHost.build/StaticSignalAnalyzerNRFSealedFactApplication.swift.o	0ec1d9a049ae6b90e3b94c6d4b1e5b174801ebf0d53650fc06186f7bb6c446ae
build/swiftpm/armv6-unknown-linux-gnueabihf/release/SignalAnalyzerTargetHost.build/StaticSignalAnalyzerNRFSemanticPublication.swift.o	4054c49c3d8f8bf63ec38fb472127f4148593a08e36fcaf9e76ce44fb62d4fd5
build/swiftpm/armv6-unknown-linux-gnueabihf/release/SignalAnalyzerTargetHost.build/StaticSignalAnalyzerNRFSemanticRegion.generated.swift.o	420366bd80d77c0299e3932efed079827f56e426db4c3f6d02a22d8db10c6f36
build/swiftpm/armv6-unknown-linux-gnueabihf/release/SignalAnalyzerTargetHost.build/StaticSignalAnalyzerNRFSnapshotFact.swift.o	5e51695ea129ec18197f263cfdb24574e862c700dd0abbe567be9e58e000d905
build/swiftpm/armv6-unknown-linux-gnueabihf/release/SignalAnalyzerTargetHost.build/StaticSignalAnalyzerNRFTextPoolWriter.generated.swift.o	f0d31c9127447d6839b3feb229338205e764bc5fcafa883e92f747f60d8230e9
build/swiftpm/armv6-unknown-linux-gnueabihf/release/SignalAnalyzerTargetHost.build/StaticSignalAnalyzerNRFTileStorage.swift.o	d0600148c1023f7dee70512018f4ad0c871721dc8be56b13f637a0fb38296184
build/swiftpm/armv6-unknown-linux-gnueabihf/release/SignalAnalyzerTargetHost.build/StaticSignalAnalyzerNRFTopologyWriter.generated.swift.o	cee6cd8c6f9d60727b607511aa881ce952d722ad0be271403a8347bc475fd493
build/swiftpm/armv6-unknown-linux-gnueabihf/release/SignalAnalyzerTargetHost.build/StaticSignalAnalyzerNRFUTF8LayoutView.generated.swift.o	4c414e7c256b9c7426307fec3de8f649b2fac020b455e8cd2f7892f86b01e1b1
build/swiftpm/armv6-unknown-linux-gnueabihf/release/SignalAnalyzerTargetHost.build/StaticSignalAnalyzerNRFUTF8RenderView.generated.swift.o	2c919ed47441fdb7745d2908d1ecb7d33e5bd0f34cf2a071377ce9c4bea2421a
build/swiftpm/armv6-unknown-linux-gnueabihf/release/SignalAnalyzerTargetHost.build/StaticSignalAnalyzerNRFUTF8TextPool.generated.swift.o	a538c8011460d06321d14e8d55aa61f7e674e0825f31a6b4878bcc62a4c3b32e
build/swiftpm/armv6-unknown-linux-gnueabihf/release/SignalAnalyzerTargetHost.build/include/SignalAnalyzerTargetHost-Swift.h	e1b573718d3e07995c29978a38f648d807dd370f1f4ef36f51988abd5a65efd0
build/swiftpm/armv6-unknown-linux-gnueabihf/release/SignalAnalyzerTargetHost.build/include/module.modulemap	4f63e6b84c9670fa90a62d1fc492a9d1f12185d693c6731388b4b6e5ca5d2ff7
build/swiftpm/armv6-unknown-linux-gnueabihf/release/SignalAnalyzerTargetHost.build/output-file-map.json	e032d72f6fcae5a43477ebb2173a5594c394779bfc28f6fcc4778b04ea9bce6b
build/swiftpm/armv6-unknown-linux-gnueabihf/release/SignalAnalyzerTargetHost.build/sources	4f46f0f094a0c171245b1175549b04b3f45bd22689a785b281950db252a206ba
build/swiftpm/armv6-unknown-linux-gnueabihf/release/SwiftBasicFormat.build/include/module.modulemap	b562f3ec86402779a2175e6a86ecc0cd59c05a0ac84dbd427f27f6362552d4c8
build/swiftpm/armv6-unknown-linux-gnueabihf/release/SwiftBasicFormat.build/output-file-map.json	013eb38d13d67714d10c6e2885c0c5f95db2820b7867423dce5af2c1bb6a34ed
build/swiftpm/armv6-unknown-linux-gnueabihf/release/SwiftCompilerPlugin.build/include/module.modulemap	0454c0f44841a4b03d697160d8e0886feb8120f8cad1d80f51654d14e68caed1
build/swiftpm/armv6-unknown-linux-gnueabihf/release/SwiftCompilerPlugin.build/output-file-map.json	de4f25dc51670dfb3096979515551a2d44a0836c659f12867b000d971e09dd4d
build/swiftpm/armv6-unknown-linux-gnueabihf/release/SwiftCompilerPluginMessageHandling.build/include/module.modulemap	df25dc69d68258a828dde97502b3c40b25469c8ab487ac43d361f9f1d72e2844
build/swiftpm/armv6-unknown-linux-gnueabihf/release/SwiftCompilerPluginMessageHandling.build/output-file-map.json	7655dc7bf5aa3bb55fb578ea55a6d70e8e486d3fe4f622dda0ec9b82d750102f
build/swiftpm/armv6-unknown-linux-gnueabihf/release/SwiftDiagnostics.build/include/module.modulemap	02547ee1cd0a2604062a96b619007df95bba702d3c82a91a2b39e4fe53066174
build/swiftpm/armv6-unknown-linux-gnueabihf/release/SwiftDiagnostics.build/output-file-map.json	fe6e8d3bbb39d2ab722bc6b2ca7a101ffafa3a28e4ee560ea9854fe13531d6c5
build/swiftpm/armv6-unknown-linux-gnueabihf/release/SwiftIDEUtils.build/include/module.modulemap	be0f15a18e9dc15dc8a19bc3b869a5f0e8d729a905b97a02f2e1d04b0b813b04
build/swiftpm/armv6-unknown-linux-gnueabihf/release/SwiftIDEUtils.build/output-file-map.json	437370ab2d56d5c878ca367e554b8bd3287e1a010db9ce75f698d6cbeca19ae4
build/swiftpm/armv6-unknown-linux-gnueabihf/release/SwiftIfConfig.build/include/module.modulemap	822577d86093bf44035e4ebdb7bbfa2f1ec0b2489b7756576c8acc374e4f3337
build/swiftpm/armv6-unknown-linux-gnueabihf/release/SwiftIfConfig.build/output-file-map.json	fc2a8632b60e449e97df2aa01aad45845f0b983e7803d7ea16bc76eedd4b7018
build/swiftpm/armv6-unknown-linux-gnueabihf/release/SwiftLexicalLookup.build/include/module.modulemap	47557b68239f6ca38cadaa71d87908c19a996772b9a7c816004adff4560fbe38
build/swiftpm/armv6-unknown-linux-gnueabihf/release/SwiftLexicalLookup.build/output-file-map.json	94a67664e02e59784daa7c62a8315f05b916bc111199713afe4f859a9ae520a4
build/swiftpm/armv6-unknown-linux-gnueabihf/release/SwiftLibraryPluginProvider.build/include/module.modulemap	b23c4a17ea26cfb997314355574d6a12829dec1095f71ad1e1e7787cf25c9fad
build/swiftpm/armv6-unknown-linux-gnueabihf/release/SwiftLibraryPluginProvider.build/output-file-map.json	f58bc273622009d1d200dd9b81716d0a11c4707f638c6e39ad5bf4ffb133c72b
build/swiftpm/armv6-unknown-linux-gnueabihf/release/SwiftOperators.build/include/module.modulemap	bb407ea67ad9cbb680b3d77a3920021694740a3f7214051880749ba677bca055
build/swiftpm/armv6-unknown-linux-gnueabihf/release/SwiftOperators.build/output-file-map.json	c598d237a8591d69b93c7805cf3b01eb8c4a5c721a1a594dd3b8ed44f51ab56a
build/swiftpm/armv6-unknown-linux-gnueabihf/release/SwiftParser.build/include/module.modulemap	d9a9c4a952b62672422452f841491c75231f53f0901dfe5381304aaed0b43045
build/swiftpm/armv6-unknown-linux-gnueabihf/release/SwiftParser.build/output-file-map.json	631f8984c7bea53020dbed5c1e47543dee6550788a0f6d876a70583037175206
build/swiftpm/armv6-unknown-linux-gnueabihf/release/SwiftParserDiagnostics.build/include/module.modulemap	d4bfa1ad96a98e6684d0a90f652cdea5cf58f76204c75392ef331de0c98a59d4
build/swiftpm/armv6-unknown-linux-gnueabihf/release/SwiftParserDiagnostics.build/output-file-map.json	202821605272013dca1be93561aba07846cd9c8aba1b461c5993a5215b988613
build/swiftpm/armv6-unknown-linux-gnueabihf/release/SwiftRefactor.build/include/module.modulemap	6041b790bd3b8b7fdd758bf637b85d8d068bee8d7d1c53cf03a109dcd41a6994
build/swiftpm/armv6-unknown-linux-gnueabihf/release/SwiftRefactor.build/output-file-map.json	a5c51b921ff626d4217ddb600c8aca7baad23a8028fe12844425b27f0c26fad2
build/swiftpm/armv6-unknown-linux-gnueabihf/release/SwiftSyntax.build/include/module.modulemap	8fbe940574361a82469c86859d4324f368db9108d48fa48d94b5c10a3f85427f
build/swiftpm/armv6-unknown-linux-gnueabihf/release/SwiftSyntax.build/output-file-map.json	1b49ee4d16a47d140f9ac7ba06edb0b84190fe72078b3ce19218f1570405ff8e
build/swiftpm/armv6-unknown-linux-gnueabihf/release/SwiftSyntax509.build/include/module.modulemap	336c60bf897f795a0522383de0d21b059dca1c7ced18c56b373bbbbb68bfc406
build/swiftpm/armv6-unknown-linux-gnueabihf/release/SwiftSyntax509.build/output-file-map.json	1888ad424b40064f05d57c0e542ab1ed11e70e237a4df8ec6e8006095d1b4b0e
build/swiftpm/armv6-unknown-linux-gnueabihf/release/SwiftSyntax510.build/include/module.modulemap	ff11f217369a455ef8a74a19e078296ad2f848c4c019a4cc04783c64a00bc826
build/swiftpm/armv6-unknown-linux-gnueabihf/release/SwiftSyntax510.build/output-file-map.json	1bcd545d43d20c544c2ba682be321bcad96036f7400e108a4948becbdb37c0cf
build/swiftpm/armv6-unknown-linux-gnueabihf/release/SwiftSyntax600.build/include/module.modulemap	fa125706a61c6f94bd336f7809417b1fbdfab8fdb66dcaf1ecad14ddf4adcdd3
build/swiftpm/armv6-unknown-linux-gnueabihf/release/SwiftSyntax600.build/output-file-map.json	f8b3bdfe72f7f30578e264a86be881be9ccf7f2d3c3ded9dc48db4f702556722
build/swiftpm/armv6-unknown-linux-gnueabihf/release/SwiftSyntax601.build/include/module.modulemap	196a0f78eb245b13d0a0c6f6dee6636a9480adf050cd69184dbf6d8f8f90927e
build/swiftpm/armv6-unknown-linux-gnueabihf/release/SwiftSyntax601.build/output-file-map.json	5146c63394b243cab8e3ef879579918804c50dd701caf429583d11dda4beff40
build/swiftpm/armv6-unknown-linux-gnueabihf/release/SwiftSyntax602.build/include/module.modulemap	c35192d559d45587d9926aa1c545fb7c11bd10ea0d616e788e4c4d60d806e5e7
build/swiftpm/armv6-unknown-linux-gnueabihf/release/SwiftSyntax602.build/output-file-map.json	5bb449d7e76799c096fe0bbd11d14b31b0b94e681baa41eadc007b72faee0ff3
build/swiftpm/armv6-unknown-linux-gnueabihf/release/SwiftSyntax603.build/include/module.modulemap	09957b21d6620d2e8fff110d576fa99f98cdac0064508bce3b915b4d31c43f07
build/swiftpm/armv6-unknown-linux-gnueabihf/release/SwiftSyntax603.build/output-file-map.json	6461bf80ff66b95ab2f4ef18b6b7b8e8937b2ac9dd3d4170b531fbadf19d80d0
build/swiftpm/armv6-unknown-linux-gnueabihf/release/SwiftSyntaxBuilder.build/include/module.modulemap	5fe1b6995b981ff858bf2507a5937e43cebaa12d0babdf9fb84fb00d2f9c61fd
build/swiftpm/armv6-unknown-linux-gnueabihf/release/SwiftSyntaxBuilder.build/output-file-map.json	f821b84f00bd6f60e2f2ee224dee9cce0ec86741908dcfb046841672e9ce4064
build/swiftpm/armv6-unknown-linux-gnueabihf/release/SwiftSyntaxMacroExpansion.build/include/module.modulemap	c66a1066701c0a9105887d415f336a76d94793c3e4230a74993740112ca54073
build/swiftpm/armv6-unknown-linux-gnueabihf/release/SwiftSyntaxMacroExpansion.build/output-file-map.json	e8598fd26067d61e6b929afdc18cf02655e152b6c0bd1dd81828018bc6b1a5b3
build/swiftpm/armv6-unknown-linux-gnueabihf/release/SwiftSyntaxMacros.build/include/module.modulemap	d4edf05e1d83b834204fdc5c50dd6b28c8c0c845af7bb10299cd8f3c93a0ebe6
build/swiftpm/armv6-unknown-linux-gnueabihf/release/SwiftSyntaxMacros.build/output-file-map.json	fb76d958ac6e896eb15bc192ab763a7eee46b0cae8cc086bd90c013c32782e01
build/swiftpm/armv6-unknown-linux-gnueabihf/release/SwiftSyntaxMacrosGenericTestSupport.build/include/module.modulemap	44fdb8c97be17215fe6e487b9e583cdb8dcbf9a2b85b0d650533578aa6114bc3
build/swiftpm/armv6-unknown-linux-gnueabihf/release/SwiftSyntaxMacrosGenericTestSupport.build/output-file-map.json	1bf8ca64fab4bff6415ea38afedf4c63991dce0b56818b726c812c6e9dd359c8
build/swiftpm/armv6-unknown-linux-gnueabihf/release/SwiftSyntaxMacrosTestSupport.build/include/module.modulemap	f9109cbbb1dfe4f693650d6b93ee0dec189c695b87358f31c07974958b4b103a
build/swiftpm/armv6-unknown-linux-gnueabihf/release/SwiftSyntaxMacrosTestSupport.build/output-file-map.json	85f9b4fa7a22ac0ce35521436c95b334aaeb5f2e1555ee8b8c59ad1a32954743
build/swiftpm/armv6-unknown-linux-gnueabihf/release/SwiftWarningControl.build/include/module.modulemap	c79aea06dbd71b9749eba766bc9897d8ff4be571950972a0aff795bf00555ef6
build/swiftpm/armv6-unknown-linux-gnueabihf/release/SwiftWarningControl.build/output-file-map.json	a020b98350e582949f4b43ffc1a30ff691ff7bd2f77edd25bf99e4daf3f63a6b
build/swiftpm/armv6-unknown-linux-gnueabihf/release/_SwiftSyntaxGenericTestSupport.build/include/module.modulemap	4bd8f1b17e9b2cf05a499e0e395a5089637c0d606e849413554137561648b558
build/swiftpm/armv6-unknown-linux-gnueabihf/release/_SwiftSyntaxGenericTestSupport.build/output-file-map.json	e9ca0b2fa696047382a714ecb415b98d71ceaa1665ec30065ae831523452c128
build/swiftpm/armv6-unknown-linux-gnueabihf/release/description.json	0b5759e4f887366b575319fa67e3fc602640dc68c3e3df457e3f0bdbdc0fc743
build/swiftpm/armv6-unknown-linux-gnueabihf/release/swift-version-3DE8B4069F7AB4E6.txt	56c0f49031e9998c3fa6a85fb65ba183104d94aac2a27588469c95dd62530e72
build/swiftpm/build.db	8c100087e307d868387d77254cf2079d34cf6d27e55c2ab5b3fe7e7c82e5e205
build/swiftpm/checkouts/swift-syntax/BUILD.bazel	2c531378bef5e2a195b47ab890a8718e9b8f52366b30edb227c548dbf198cf0e
build/swiftpm/checkouts/swift-syntax/CMakeLists.txt	c2a48ab42911b139f2ac2ecd130a821c287a0bded26f72129b20b20e335eaf66
build/swiftpm/checkouts/swift-syntax/CONTRIBUTING.md	85946d4a54c8dbf885f20af89b75107c1fe3e7efd7b09e7db2e7555e4bb8ce81
build/swiftpm/checkouts/swift-syntax/Changelog.md	088da10806f9ac7baa681fc80006da72e06f9bf8158397c3925bb01cbd6b23d9
build/swiftpm/checkouts/swift-syntax/CodeGeneration/Package.swift	5dbea657942726413f7d1ef6c09da00b38380eb071fdfd28ef88169d56d09578
build/swiftpm/checkouts/swift-syntax/CodeGeneration/README.md	7e4917c98719a0228fa7ea69827f84ced67f757fb6909bc022cacd8e93f32d5d
build/swiftpm/checkouts/swift-syntax/CodeGeneration/Sources/SyntaxSupport/AttributeNodes.swift	a45440420c5af0339530a15493722ce789a3e7af32bd549ee23d79acc7fd36f0
build/swiftpm/checkouts/swift-syntax/CodeGeneration/Sources/SyntaxSupport/AvailabilityNodes.swift	74ad863abc7d928ed6c865244c81a60e9da915ec183617e9656dbcbe5f8059b5
build/swiftpm/checkouts/swift-syntax/CodeGeneration/Sources/SyntaxSupport/BuilderInitializableTypes.swift	1ed2dc9393216801ad3a3bacab2b5d82ea5085de74c0e25710928a64237636c4
build/swiftpm/checkouts/swift-syntax/CodeGeneration/Sources/SyntaxSupport/Child.swift	873fbec93a36e851a5a2e1fe489e11ebcba830750b2c4c7aeadd128d317323dd
build/swiftpm/checkouts/swift-syntax/CodeGeneration/Sources/SyntaxSupport/CommonNodes.swift	9bc36c61b85485034132f352a0d38febd9e86b9808e2812b7c8041dfc09ebd96
build/swiftpm/checkouts/swift-syntax/CodeGeneration/Sources/SyntaxSupport/CompatibilityLayer.swift	bffcfbcca16a4927c6a16b9a46215b9e4c8d81ff8365168d780b04282ce37460
build/swiftpm/checkouts/swift-syntax/CodeGeneration/Sources/SyntaxSupport/CompilerNodes.swift	f8dd4cbb2fe312a2ab06fcbbbf2a6d87b7f0b5dfcfb53b802fa98e497b0778a5
build/swiftpm/checkouts/swift-syntax/CodeGeneration/Sources/SyntaxSupport/DeclNodes.swift	451191152aef4664afd2a0dbb9f34eda0c7e8865cdf2794ec419559038a67a35
build/swiftpm/checkouts/swift-syntax/CodeGeneration/Sources/SyntaxSupport/ExperimentalFeatures.swift	04e9bf56084790844803705dff75d300e3813573c367c2b7eb2d39b0686f5cbd
build/swiftpm/checkouts/swift-syntax/CodeGeneration/Sources/SyntaxSupport/ExprNodes.swift	7d2053447967b03a31731ccdde686700e36790ff9ba7b84e4cd7141cae4641f0
build/swiftpm/checkouts/swift-syntax/CodeGeneration/Sources/SyntaxSupport/GenericNodes.swift	01eb52b95fafada25a0a13565aad7f5122289e3379c37986a005b872e88fd102
build/swiftpm/checkouts/swift-syntax/CodeGeneration/Sources/SyntaxSupport/GrammarGenerator.swift	3e3451342ead86a95b7421fe33612c69fd4f48703ab94ef347f043859a8a0a73
build/swiftpm/checkouts/swift-syntax/CodeGeneration/Sources/SyntaxSupport/IdentifierConvertible.swift	aa986de87f5d3b0506ab05c2f23c5b20e42f6a7058972616a8750eb0fe62da66
build/swiftpm/checkouts/swift-syntax/CodeGeneration/Sources/SyntaxSupport/InitSignature.swift	5399f5e53d96f5e231a954bfefeec562c15acce905b9d18a2b39a178d730bc51
build/swiftpm/checkouts/swift-syntax/CodeGeneration/Sources/SyntaxSupport/KeywordSpec.swift	332dbcc792d16e9624f11835d0904e123ed929a06d7e3c0ef78603f74c2f8c5b
build/swiftpm/checkouts/swift-syntax/CodeGeneration/Sources/SyntaxSupport/Node.swift	52cff65d9edf4c77f1d8e40d24244aea07c52ab77e9054140a264ac4290dc51f
build/swiftpm/checkouts/swift-syntax/CodeGeneration/Sources/SyntaxSupport/NodeChoiceConvertible.swift	147d5f0a4ef2134600b4203bd2aa96cd892debcca67455e4bcae911735127a14
build/swiftpm/checkouts/swift-syntax/CodeGeneration/Sources/SyntaxSupport/PatternNodes.swift	1f9463f4ff2087db5ec31bca45e78b2024ed8136114352e59aa54ec57cbf099b
build/swiftpm/checkouts/swift-syntax/CodeGeneration/Sources/SyntaxSupport/RawSyntaxNodeKind.swift	fd64f9fb4fa1fc9fcae5fe2953b2340325edde0dcfb88aa558b76284d7281e04
build/swiftpm/checkouts/swift-syntax/CodeGeneration/Sources/SyntaxSupport/StmtNodes.swift	122c4ef89fb1762ba6dac5d2ffa72e66b3488ad82c0b083ca6b44b5cb5154243
build/swiftpm/checkouts/swift-syntax/CodeGeneration/Sources/SyntaxSupport/String+Extensions.swift	6cde59787781547bdc31e0a02150d33bdd13208a50f2c030a0d38acfd3bc413f
build/swiftpm/checkouts/swift-syntax/CodeGeneration/Sources/SyntaxSupport/SyntaxNodeKind.swift	8df5abb22eae6f92f3c264c8be4aac31aefb1ac475897f155af4b72fbca1e627
build/swiftpm/checkouts/swift-syntax/CodeGeneration/Sources/SyntaxSupport/SyntaxNodes.swift	a9a2aa8b49ab6d71e4f1183801d2faac119b357319585d2caabded92fa6f2e9a
build/swiftpm/checkouts/swift-syntax/CodeGeneration/Sources/SyntaxSupport/TokenSpec.swift	c5e20fcbb35357d5ab1191e4b845a4aa7d29f49b688f087a0bbed730e78a072c
build/swiftpm/checkouts/swift-syntax/CodeGeneration/Sources/SyntaxSupport/Traits.swift	44b3c7e53904477e43ac015dcd575e540d07f686225a116669c8781e0f59b00b
build/swiftpm/checkouts/swift-syntax/CodeGeneration/Sources/SyntaxSupport/Trivia.swift	cab34c891bc3e1c91a073043198dbf4b90ec9740af0e12da53b07ba8c2c75f73
build/swiftpm/checkouts/swift-syntax/CodeGeneration/Sources/SyntaxSupport/TypeConvertible.swift	9363fb025a00eee1836eb09c18ca7ba847da2a29014cc4d620fb0557da9aa73d
build/swiftpm/checkouts/swift-syntax/CodeGeneration/Sources/SyntaxSupport/TypeNodes.swift	b8897f66d4a502be821f90d00e1f2c47d6b28661523cd37e8a63925675f80da0
build/swiftpm/checkouts/swift-syntax/CodeGeneration/Sources/SyntaxSupport/Utils.swift	df04731b6504ed9f092cabb487c5ecc89c0cfcb2478e8e63d1a3654c27011b07
build/swiftpm/checkouts/swift-syntax/CodeGeneration/Sources/Utils/CodeGenerationFormat.swift	2c163d7d27cea4a78af0279c16191b5e64a22605d6c623baf1aa47f58fecb486
build/swiftpm/checkouts/swift-syntax/CodeGeneration/Sources/Utils/CopyrightHeader.swift	a2445ba1687aef55459b853f968c40c59f95fed003a29eb278b71dadbe645671
build/swiftpm/checkouts/swift-syntax/CodeGeneration/Sources/Utils/SyntaxBuildableChild.swift	c4c92fe842891b961c4378cd3ec3ca1d090924d860a2fc74fb0cf3a844eaa3ad
build/swiftpm/checkouts/swift-syntax/CodeGeneration/Sources/Utils/SyntaxBuildableNode.swift	895c44e226cfc243455138de4f367ce6004fc95db5844cc516ef8009f2676ecc
build/swiftpm/checkouts/swift-syntax/CodeGeneration/Sources/Utils/SyntaxBuildableType.swift	542caf639d852ffc227f4095d3f4052a315ae796b402c3fe707f5887ba46270b
build/swiftpm/checkouts/swift-syntax/CodeGeneration/Sources/Utils/Utils.swift	56ccdf7e9909be642976a46ecfab6edaab6e953e1839e703eb0a67fa467cda3b
build/swiftpm/checkouts/swift-syntax/CodeGeneration/Sources/generate-swift-syntax/ChildNodeChoices.swift	e7f864d358a1f40071d6eb295d98803e950a0dabfab4cb592990579a38393418
build/swiftpm/checkouts/swift-syntax/CodeGeneration/Sources/generate-swift-syntax/GenerateSwiftSyntax.swift	022530cfd530f08c30de9b300b80b5f8e13c08f9276a3b6d342925a7aa8fc927
build/swiftpm/checkouts/swift-syntax/CodeGeneration/Sources/generate-swift-syntax/ImportSwiftSyntax.swift	782411f6ce9e3a68a5eb5273291106b565e80a2926def44a56a0cbaf780e4017
build/swiftpm/checkouts/swift-syntax/CodeGeneration/Sources/generate-swift-syntax/InitSignature+Extensions.swift	d8f7b84b2730f2c87fdeddbf89fccd028826399e1b760d6947161f11c21d1f81
build/swiftpm/checkouts/swift-syntax/CodeGeneration/Sources/generate-swift-syntax/templates/swiftparser/ExperimentalFeaturesFile.swift	4f489e27c5967a1937ad96d2bb4586cd4058c6a452d2ed00992f6bf21a26370c
build/swiftpm/checkouts/swift-syntax/CodeGeneration/Sources/generate-swift-syntax/templates/swiftparser/IsLexerClassifiedFile.swift	4602bc7017039fb1daafbab6791469db47012d7bbfc87ea8eb9e7c3319d6dc56
build/swiftpm/checkouts/swift-syntax/CodeGeneration/Sources/generate-swift-syntax/templates/swiftparser/LayoutNodesParsableFile.swift	df19c0c6f1e5ffb5e955a2872be863c7adecba0ed3795631fc1e1ef6fcb3c23d
build/swiftpm/checkouts/swift-syntax/CodeGeneration/Sources/generate-swift-syntax/templates/swiftparser/ParserTokenSpecSetFile.swift	2e8878e30bc9f87a895c8a03c65ad1f9e04584b72a1d1a219d0f5dcd65081506
build/swiftpm/checkouts/swift-syntax/CodeGeneration/Sources/generate-swift-syntax/templates/swiftparser/TokenSpecStaticMembersFile.swift	4cd592026a90fc47fe4ddf7a09ea8a449fe16800609d5d2776f890c5111707f4
build/swiftpm/checkouts/swift-syntax/CodeGeneration/Sources/generate-swift-syntax/templates/swiftparserdiagnostics/ChildNameForDiagnosticsFile.swift	b54a148b30fc3271dd6049a2f1dade74ea451f0d6df7f8be671161f25a118a6c
build/swiftpm/checkouts/swift-syntax/CodeGeneration/Sources/generate-swift-syntax/templates/swiftparserdiagnostics/SyntaxKindNameForDiagnosticsFile.swift	4cfb977affdb15ecb66ef29246df8f8048379e710ea10e9c73e3fcf2af2886d4
build/swiftpm/checkouts/swift-syntax/CodeGeneration/Sources/generate-swift-syntax/templates/swiftparserdiagnostics/TokenNameForDiagnosticsFile.swift	d4899b06bc5642ad11e83cffd099d8fd6703deb4ef893095b98bdb1463642236
build/swiftpm/checkouts/swift-syntax/CodeGeneration/Sources/generate-swift-syntax/templates/swiftsyntax/ChildNameForKeyPathFile.swift	6b83cc8a5f9b4f4fe75bde09cdd8ea8f52f8ff14accb2d674ab54d2dad6716f1
build/swiftpm/checkouts/swift-syntax/CodeGeneration/Sources/generate-swift-syntax/templates/swiftsyntax/KeywordFile.swift	9e9b1fba9b8ff3a349d9ed20c94b5d00e9c31c4199a1c657ec8bbd527664b8eb
build/swiftpm/checkouts/swift-syntax/CodeGeneration/Sources/generate-swift-syntax/templates/swiftsyntax/RawSyntaxNodesFile.swift	ec044596344b1b3552394cdb4c99357e14c250228c07d650b4e6008d1d1d32a1
build/swiftpm/checkouts/swift-syntax/CodeGeneration/Sources/generate-swift-syntax/templates/swiftsyntax/RawSyntaxValidationFile.swift	283a77871bda19f3415cfe8649f984a6dda0a39fceb90924887f83dd66c2fa1e
build/swiftpm/checkouts/swift-syntax/CodeGeneration/Sources/generate-swift-syntax/templates/swiftsyntax/RenamedChildrenCompatibilityFile.swift	909f480d2515a73423b44d88135edab989e50cc202fb764fb37698ec811e462b
build/swiftpm/checkouts/swift-syntax/CodeGeneration/Sources/generate-swift-syntax/templates/swiftsyntax/RenamedSyntaxNodesFile.swift	fed3ac049bb7edd139e5ae059b4fa5e33906e1af39d133dacba6e362a9fce06d
build/swiftpm/checkouts/swift-syntax/CodeGeneration/Sources/generate-swift-syntax/templates/swiftsyntax/SwiftSyntaxDoccIndex.swift	b1b3d1913a4163758136bfd7c2a0ca62e2f7477972f7704bda006edb66770215
build/swiftpm/checkouts/swift-syntax/CodeGeneration/Sources/generate-swift-syntax/templates/swiftsyntax/SwiftSyntaxDoccIndexTemplate.md	21906fca4451badb97c2ec5d92d92ec1d4e4538383e1ada27367896dcc29025a
build/swiftpm/checkouts/swift-syntax/CodeGeneration/Sources/generate-swift-syntax/templates/swiftsyntax/SyntaxAnyVisitorFile.swift	d908d2613fe0770c65fe1b61cfa99d942d37df2646518bac946148c342b9bb67
build/swiftpm/checkouts/swift-syntax/CodeGeneration/Sources/generate-swift-syntax/templates/swiftsyntax/SyntaxBaseNodesFile.swift	c2871e8f17fd7648a2e0381dd469d44993d0de5d838a44c403fb8950f696e9d2
build/swiftpm/checkouts/swift-syntax/CodeGeneration/Sources/generate-swift-syntax/templates/swiftsyntax/SyntaxCollectionsFile.swift	dc07b4b775733973ef41788e9e003dcb9ec220f18d54a57334b67c019b3d18f7
build/swiftpm/checkouts/swift-syntax/CodeGeneration/Sources/generate-swift-syntax/templates/swiftsyntax/SyntaxEnumFile.swift	ce98f99ddf51f8047ef92b3a86ac469c37bd702aebeb9406192b08f8e7d5ad61
build/swiftpm/checkouts/swift-syntax/CodeGeneration/Sources/generate-swift-syntax/templates/swiftsyntax/SyntaxKindFile.swift	10b0d68cd5deb55027c980fe381e4e26383e17fb24324b0c0e5e86f888492f44
build/swiftpm/checkouts/swift-syntax/CodeGeneration/Sources/generate-swift-syntax/templates/swiftsyntax/SyntaxNodeCasting.swift	5770a1c665392e8438cf3dbf05c5b2d53188f875b8c52a6287105272b529f8bf
build/swiftpm/checkouts/swift-syntax/CodeGeneration/Sources/generate-swift-syntax/templates/swiftsyntax/SyntaxNodesFile.swift	f5d326e614e35c2b1c58b599c22efca35cfda8a5e833e0b9f17afa50a7904735
build/swiftpm/checkouts/swift-syntax/CodeGeneration/Sources/generate-swift-syntax/templates/swiftsyntax/SyntaxRewriterFile.swift	7407839def66478711334015e1674d4501326b08b5e6a0045218bc87f2275b49
build/swiftpm/checkouts/swift-syntax/CodeGeneration/Sources/generate-swift-syntax/templates/swiftsyntax/SyntaxTraitsFile.swift	63c77d244b90b0d405aacd29af23dbaffe67fc97d5ee988b7a223e5d76cbca17
build/swiftpm/checkouts/swift-syntax/CodeGeneration/Sources/generate-swift-syntax/templates/swiftsyntax/SyntaxVisitorFile.swift	1be22594ff4bbefcbdda5a7f6c221d08982e1b1138b4ef47969c0a6e193e045f
build/swiftpm/checkouts/swift-syntax/CodeGeneration/Sources/generate-swift-syntax/templates/swiftsyntax/TokenKindFile.swift	edf1895af1078377c2db0be3f78b45328e55c687c36296db410bb129dcc41c92
build/swiftpm/checkouts/swift-syntax/CodeGeneration/Sources/generate-swift-syntax/templates/swiftsyntax/TokensFile.swift	09a55ad374d06141753aea4edabda9b1ce68a670ce86d6c469841536343dec21
build/swiftpm/checkouts/swift-syntax/CodeGeneration/Sources/generate-swift-syntax/templates/swiftsyntax/TriviaPiecesFile.swift	203313c1a907e5f6955ea832398449fa43d97a994c1a22895ec71e25d013666c
build/swiftpm/checkouts/swift-syntax/CodeGeneration/Sources/generate-swift-syntax/templates/swiftsyntaxbuilder/BuildableNodesFile.swift	620aea7c9322ab3b72acb1b57b9fddbf29f0144b3b0fa34394c28024351c23aa
build/swiftpm/checkouts/swift-syntax/CodeGeneration/Sources/generate-swift-syntax/templates/swiftsyntaxbuilder/RenamedChildrenBuilderCompatibilityFile.swift	f174c2a78a1827610e127036257918ee2a7de480780d6f01fc60f1722fff83ea
build/swiftpm/checkouts/swift-syntax/CodeGeneration/Sources/generate-swift-syntax/templates/swiftsyntaxbuilder/ResultBuildersFile.swift	4e010f7b08caf60f9dcc7f28f940de6d9d912007f64561e07a579095f303e1cf
build/swiftpm/checkouts/swift-syntax/CodeGeneration/Sources/generate-swift-syntax/templates/swiftsyntaxbuilder/SyntaxExpressibleByStringInterpolationConformancesFile.swift	1897f71571dd46608bd3d0c8bfbd330f3be9eee5967c161071134f0f364b7c77
build/swiftpm/checkouts/swift-syntax/CodeGeneration/Tests/ValidateSyntaxNodes/Utils.swift	a978e57e93e25d04769dcd12426536f4ecdbd640a3b3364f1f490111d2f1718b
build/swiftpm/checkouts/swift-syntax/CodeGeneration/Tests/ValidateSyntaxNodes/ValidateSyntaxNodes.swift	43159f3be32079b91c0205c322899bb81777ba695c39b8d9ba831855f9ad8c55
build/swiftpm/checkouts/swift-syntax/CodeGeneration/Tests/ValidateSyntaxNodes/ValidationFailure.swift	89b0e378a81a1201b8135e312fd1537223aa6a32a5ffd0944b7a71e0112eaae7
build/swiftpm/checkouts/swift-syntax/Contributor Documentation/API Breakage Checks.md	aa6b3e029a9c2ce82ca96cbe0ce9925bf3b02e97290ae753d17c594aa620aa64
build/swiftpm/checkouts/swift-syntax/Contributor Documentation/Changing Swift Syntax.md	6b14f90bb34ae4543afa4c68527155dde2ef13c343e6b1a4b4c7985908420b08
build/swiftpm/checkouts/swift-syntax/Contributor Documentation/Environment variables.md	a48e1f6c7707e0af1ce568c1b1586a3727f4f85ade7ef6262a28db1b26ea5b83
build/swiftpm/checkouts/swift-syntax/Contributor Documentation/Filing Parser Bug Reports.md	15d2d7f7d5a772e6ba07a55a041d69330b8d6f47c2d02a99f6d46e7f87f5cb1f
build/swiftpm/checkouts/swift-syntax/Contributor Documentation/Fixing Bugs.md	0d61cb206a98c2f617b1aa92c05841e7936036c29ff2bce722ae28557aa3a707
build/swiftpm/checkouts/swift-syntax/Contributor Documentation/Parser Design.md	e4727e89e3557415d122bba8a2382892862f62f658406d2248f7417dddb74b06
build/swiftpm/checkouts/swift-syntax/Contributor Documentation/Parser Recovery.md	e88851542181e303773029c70c0796eb1682eeb132c59aed424bc6f3ea09fcfe
build/swiftpm/checkouts/swift-syntax/Contributor Documentation/Parsing Basics.md	3d6130a0ce37adba15215dfd1a4eb657eeab298440cc0735aa3ce3f9e5d0888c
build/swiftpm/checkouts/swift-syntax/Contributor Documentation/README.md	b28d730a1ae91ebf6060a681b0e2cf2d87741dbd676c99a32f4ab0603d087f84
build/swiftpm/checkouts/swift-syntax/Contributor Documentation/RFC Process.md	c45432fc13fe5f18ef2873441ee74016b7507b974d12ea521b92f76ba60ac481
build/swiftpm/checkouts/swift-syntax/Contributor Documentation/SPI Attribute.md	aaeb6e910c7383808b8c44e5513e4b8bd9f20469c624e6db14e839ba83fb09bc
build/swiftpm/checkouts/swift-syntax/Contributor Documentation/When to use protocols in SwiftSyntax.md	28f3a0f1dfc6e2c64b4c7c02df5f775af90e2481b40ef9ed14c6409e72f5d666
build/swiftpm/checkouts/swift-syntax/EditorExtension/Host/Assets.xcassets/AppIcon.appiconset/Contents.json	884db26f7c9de0dd3e0542d616ba109636a804283b72dc2939a4c572a640d51a
build/swiftpm/checkouts/swift-syntax/EditorExtension/Host/HostApp.swift	f3811ad67a43a6a18512b81ccc4c230aee3ac83e926bdefbdf31530a193d0be6
build/swiftpm/checkouts/swift-syntax/EditorExtension/Host/Info.plist	7634be60ae6031274a5e17320a4293350445e259cdcaecdd94deb5e577f3d664
build/swiftpm/checkouts/swift-syntax/EditorExtension/README.md	66d5e651605f67f957ab656b97c686fa0c63b3e795246d5a8e1d34a43acb5ab7
build/swiftpm/checkouts/swift-syntax/EditorExtension/SwiftRefactorExtension.xcodeproj/project.pbxproj	13a501adaacf91d53125d625f2523162266978a013b1f587266e008bd95ab9a0
build/swiftpm/checkouts/swift-syntax/EditorExtension/SwiftRefactorExtension.xcodeproj/project.xcworkspace/contents.xcworkspacedata	7f3b00b5c3fdb45242d7b87e1e5c4e25d1fa8129a16c94295ecc4e8ea2235c5f
build/swiftpm/checkouts/swift-syntax/EditorExtension/SwiftRefactorExtension.xcodeproj/project.xcworkspace/xcshareddata/IDEWorkspaceChecks.plist	dfa0f9bb85b95ccba9c6811adadf8cb407fb5d52088e89db83ebc308ec448542
build/swiftpm/checkouts/swift-syntax/EditorExtension/SwiftRefactorExtension.xcodeproj/xcshareddata/xcschemes/SwiftRefactorExtension.xcscheme	4b7763aeb58f4a6d31bb5f5baeae3fd2c3c756db0764d8b97a91fec300bd24d9
build/swiftpm/checkouts/swift-syntax/EditorExtension/SwiftRefactorExtension/Bridge.h	4a41af969c0bfb820f89a28ba6a1b009a064d3d8061b6dd659ac1f34e2a76291
build/swiftpm/checkouts/swift-syntax/EditorExtension/SwiftRefactorExtension/CommandDiscovery.swift	e0f5f44459fb3e429f4b0a7b913ca911afc72297e86a62b37bff7f9abcee6907
build/swiftpm/checkouts/swift-syntax/EditorExtension/SwiftRefactorExtension/Info.plist	717846de31c52e131e3775088c2b9912e5c04e305bb2c1079e408cc94fdea3ed
build/swiftpm/checkouts/swift-syntax/EditorExtension/SwiftRefactorExtension/RefactoringRegistry.swift	475c2416c720487eb4a2680ae682ac643a6b1dc8c69bba056303e6af26237172
build/swiftpm/checkouts/swift-syntax/EditorExtension/SwiftRefactorExtension/SourceEditorCommand.swift	4fe98c985e65a63a6f62069c7de580d732beb29c53683d06df7ff741e437b18a
build/swiftpm/checkouts/swift-syntax/EditorExtension/SwiftRefactorExtension/SourceEditorExtension.swift	931ce6c8e71c85ae1203db634cbbeead111981d6f1bea49040fffa8d8401d1b7
build/swiftpm/checkouts/swift-syntax/EditorExtension/SwiftRefactorExtension/SwiftRefactorExtension.entitlements	b746c74b201e6af4e0864fbd1f4f629f96156a7ec4b7208bc995d0a5089bb592
build/swiftpm/checkouts/swift-syntax/Examples/Package.swift	9b4227bcea1378c3cbb609adc2164070ef68418805afb6e80d92ac18cd43c876
build/swiftpm/checkouts/swift-syntax/Examples/README.md	d28e5635fe74c7a75dc7372aff94dceb8ec4410d2509ec7116a6d24a40646acc
build/swiftpm/checkouts/swift-syntax/Examples/Sources/AddOneToIntegerLiterals/AddOneToIntegerLiterals.swift	3dc2189f5e6be827fe94bb0e59911fab355b417b253b7bef9c09b469aa4c4099
build/swiftpm/checkouts/swift-syntax/Examples/Sources/CodeGenerationUsingSwiftSyntaxBuilder/CodeGenerationUsingSwiftSyntaxBuilder.swift	50dca11f3c9321ca001c1758b32f36cf554e0a166e964871a9b3cdbd75437590
build/swiftpm/checkouts/swift-syntax/Examples/Sources/Examples-all/empty.swift	6facebfd24f433372599e8184ba8437c8a9651f593d0a2d773f61c85cfef2e6b
build/swiftpm/checkouts/swift-syntax/Examples/Sources/MacroExamples/Implementation/Accessor/EnvironmentValueMacro.swift	de46936507cb576981cc57760d306479820c4f221a7f5469516750448c7d61b9
build/swiftpm/checkouts/swift-syntax/Examples/Sources/MacroExamples/Implementation/ComplexMacros/DictionaryIndirectionMacro.swift	42fa06621b342b621ca10d4eaef2a5fea4f991e71a8e3b957390a9ffeafcd469
build/swiftpm/checkouts/swift-syntax/Examples/Sources/MacroExamples/Implementation/ComplexMacros/ObservableMacro.swift	70f44eaeb4dbb88ef17c752081e0d55d8723db41dd1f51d11f2285f2dd7b37b0
build/swiftpm/checkouts/swift-syntax/Examples/Sources/MacroExamples/Implementation/ComplexMacros/OptionSetMacro.swift	bc645014955a8e55e51b76842e9e2f4f41a0095cb106f70188da5743a53b468e
build/swiftpm/checkouts/swift-syntax/Examples/Sources/MacroExamples/Implementation/Declaration/FuncUniqueMacro.swift	f8d4cc23eb4bd3ba3c90cfbbfb2f8b54b3a741c0c926fdbbc562fef929839c3e
build/swiftpm/checkouts/swift-syntax/Examples/Sources/MacroExamples/Implementation/Diagnostics.swift	68d0acec4498713cc4b6071cf41a8edfd979837d32d0f822cd035351334ec681
build/swiftpm/checkouts/swift-syntax/Examples/Sources/MacroExamples/Implementation/Expression/AddBlocker.swift	ecd53ce7140e526044f516002a2fa36a240dcaeec9419b51f3ec17eb4af6e7c2
build/swiftpm/checkouts/swift-syntax/Examples/Sources/MacroExamples/Implementation/Expression/FontLiteralMacro.swift	86f21b7e3c17ce1fee9a83d61042eceed990538d9e875485135df58ee9f067f9
build/swiftpm/checkouts/swift-syntax/Examples/Sources/MacroExamples/Implementation/Expression/SourceLocationMacro.swift	ef27641107fc48627cc2c3b4a4a4b3c48c37095e8c794e83585eb1fde6f9dcc1
build/swiftpm/checkouts/swift-syntax/Examples/Sources/MacroExamples/Implementation/Expression/StringifyMacro.swift	869183cdbbe82d67813474a8af776a5a6bd3fccf2d7a12b0b16ce657c79e19e3
build/swiftpm/checkouts/swift-syntax/Examples/Sources/MacroExamples/Implementation/Expression/URLMacro.swift	66ab5d3d18d961db157599594fddb5fe80de055f9f181365443e3cb1ce7d04ea
build/swiftpm/checkouts/swift-syntax/Examples/Sources/MacroExamples/Implementation/Expression/WarningMacro.swift	af7c482ca84027791bcf0024339cab561770a0c42e80612891636cf012c8d2f9
build/swiftpm/checkouts/swift-syntax/Examples/Sources/MacroExamples/Implementation/Extension/DefaultFatalErrorImplementationMacro.swift	ea21f067c2332084ebd1023ec563d82431181b237eaa8bd997f07c1141b5e174
build/swiftpm/checkouts/swift-syntax/Examples/Sources/MacroExamples/Implementation/Extension/EquatableExtensionMacro.swift	23f6612f4092d8a6e9c5aa3cc00b44ce9821d2929cf1efb03e1eb2a27992ef80
build/swiftpm/checkouts/swift-syntax/Examples/Sources/MacroExamples/Implementation/Member/CaseDetectionMacro.swift	e6ef4354325e687806d86b429db2a1e4ccc0729df7205f23be00f9bfb72c7748
build/swiftpm/checkouts/swift-syntax/Examples/Sources/MacroExamples/Implementation/Member/CustomCodable.swift	e0ccee76f887a0c4f5f508d76ce77343f16963f2bf20df791e82fc705e4ff7d8
build/swiftpm/checkouts/swift-syntax/Examples/Sources/MacroExamples/Implementation/Member/MetaEnumMacro.swift	0916c235b624dfed78943a93d45e8c6111eddc9bc91972e0786a2358bb7f80eb
build/swiftpm/checkouts/swift-syntax/Examples/Sources/MacroExamples/Implementation/Member/NewTypeMacro.swift	72652ed0e16da90238d2f5fc8fa552975abaf2d1bf0fb1c7e7a8833987694504
build/swiftpm/checkouts/swift-syntax/Examples/Sources/MacroExamples/Implementation/MemberAttribute/MemberDeprecatedMacro.swift	97e460bee23f02986a5d91582571b0f20cacf18dea2eaed8ed267b27071e3c50
build/swiftpm/checkouts/swift-syntax/Examples/Sources/MacroExamples/Implementation/MemberAttribute/WrapStoredPropertiesMacro.swift	f97e7e6d354fb9852f408a7f3746643ecea42449d4d533a7def0697eadfbe98d
build/swiftpm/checkouts/swift-syntax/Examples/Sources/MacroExamples/Implementation/Peer/AddAsyncMacro.swift	acc8d9c6c8d68722779eb0674c737a29daedd0853b1cd06dc2d06ddb4a6006b1
build/swiftpm/checkouts/swift-syntax/Examples/Sources/MacroExamples/Implementation/Peer/AddCompletionHandlerMacro.swift	38ab04dfc47b0648203650c5ed87a9b3fb7d5d06f1d2a47029df205b2ff3331c
build/swiftpm/checkouts/swift-syntax/Examples/Sources/MacroExamples/Implementation/Peer/PeerValueWithSuffixNameMacro.swift	abf34fbd9ddfa7de79bd8e0e2eed1a70f91d984f9ca34542e5610cb880a2558a
build/swiftpm/checkouts/swift-syntax/Examples/Sources/MacroExamples/Implementation/Plugin.swift	4484697be296bbb5e0b6114a7646709d41ca57220e29716ea8fa0f784cd79189
build/swiftpm/checkouts/swift-syntax/Examples/Sources/MacroExamples/Interface/AccessorMacros.swift	57f7928b04320bb72c2a9c534c33df07323cd240fa8919367b25839776f4f0ee
build/swiftpm/checkouts/swift-syntax/Examples/Sources/MacroExamples/Interface/ComplexMacros.swift	a0ee81f6019aefb47444e1622f336f2f5897f875ac54654651fea7b267982c64
build/swiftpm/checkouts/swift-syntax/Examples/Sources/MacroExamples/Interface/DeclarationMacros.swift	026dfc077dde155bb79b24bc7894f340659e8c0524178f40c5d95954bdefcd5a
build/swiftpm/checkouts/swift-syntax/Examples/Sources/MacroExamples/Interface/ExpressionMacros.swift	6d0f7f2a1c01b4774261ccd79d990b3a009df10bd77299d74e93674551fa7c91
build/swiftpm/checkouts/swift-syntax/Examples/Sources/MacroExamples/Interface/ExtensionMacros.swift	4bcf82dfaa5dd0c0652cad68edbe3cfad1b400f9141052a711239a0ed688cf96
build/swiftpm/checkouts/swift-syntax/Examples/Sources/MacroExamples/Interface/MemberAttributeMacros.swift	fd6db525b020c2e350fcbbab8b2947df6cd9186a6c5ad2a9c97b9fd5d3315844
build/swiftpm/checkouts/swift-syntax/Examples/Sources/MacroExamples/Interface/MemberMacros.swift	2cf9afd2ab1e1dfda63725863d195af6719539a811383a7138fc74acce219b21
build/swiftpm/checkouts/swift-syntax/Examples/Sources/MacroExamples/Interface/PeerMacros.swift	c67b9edb3c7ed3d53e05d339a8519c5852f71f3785189a07697bd1d3539a24a6
build/swiftpm/checkouts/swift-syntax/Examples/Sources/MacroExamples/Interface/SourceLocationMacros.swift	8cd787e9dfda6c66660788d29028a3ac265acda100f11fb8b912e94d3f1e30ba
build/swiftpm/checkouts/swift-syntax/Examples/Sources/MacroExamples/Playground/AccessorMacrosPlayground.swift	9a694cb4b0ff4ea8f0beb5799f69b2e089d7733bf3f23dae75126add01db4aa3
build/swiftpm/checkouts/swift-syntax/Examples/Sources/MacroExamples/Playground/ComplexMacrosPlayground.swift	955e39af3ea9ce4ed097dc22e95e48450f26107ca071115a089f5a57b53b7960
build/swiftpm/checkouts/swift-syntax/Examples/Sources/MacroExamples/Playground/DeclarationMacrosPlayground.swift	2ae73f7013b686fbf8ad95eec75eb85be8fe69cac545e7c7cb88db58c1a297b2
build/swiftpm/checkouts/swift-syntax/Examples/Sources/MacroExamples/Playground/ExpressionMacrosPlayground.swift	a3162b4ae721469fb1a2cb52146b9d6080e70bb1e2403b87ed1c378dc07017b6
build/swiftpm/checkouts/swift-syntax/Examples/Sources/MacroExamples/Playground/ExtensionMacrosPlayground.swift	634c5f5120b6333804d6dfb2b32099d1eb25048e2958fab30bddf3b97b8e531c
build/swiftpm/checkouts/swift-syntax/Examples/Sources/MacroExamples/Playground/MemberAttributeMacrosPlayground.swift	2fa982d03403a960a38b49b4416f2e95d33459e50a52f18e5c204d325cc6c500
build/swiftpm/checkouts/swift-syntax/Examples/Sources/MacroExamples/Playground/MemberMacrosPlayground.swift	976a476edace03439ac6bc71245c136f949ac63ca2a6c9741bc07a4876bf82a4
build/swiftpm/checkouts/swift-syntax/Examples/Sources/MacroExamples/Playground/PeerMacrosPlayground.swift	a0b255bcfa4933a987181d20db143820278a0dc605fc2df1530822d6af48eb7a
build/swiftpm/checkouts/swift-syntax/Examples/Sources/MacroExamples/Playground/SourceLocationMacrosPlayground.swift	0e7b9c589d956eabe10b1484a05524fe91edde5a57abcb152af8aef2fcd61b5b
build/swiftpm/checkouts/swift-syntax/Examples/Sources/MacroExamples/Playground/main.swift	c2251cf356702a167a518546e08ab89acf234241199e72e65d1283ef3ad7deac
build/swiftpm/checkouts/swift-syntax/Examples/Tests/Dummy/Empty.swift	05984f59b51806b860359f1be2cf03b36cdc8029964c5946f2bca6db3ccdfd8d
build/swiftpm/checkouts/swift-syntax/Examples/Tests/MacroExamples/Implementation/Accessor/EnvironmentValueMacroTests.swift	a54b1c9927632881a0a5d05422ae1ff3ecadbedcb3d3aec1ec329e0c2a0a244e
build/swiftpm/checkouts/swift-syntax/Examples/Tests/MacroExamples/Implementation/ComplexMacros/DictionaryIndirectionMacroTests.swift	e0efd579c5a79e3c2d6f4944e3f2e8ef332a0728d1d758b56007cb279e3e6496
build/swiftpm/checkouts/swift-syntax/Examples/Tests/MacroExamples/Implementation/ComplexMacros/ObservableMacroTests.swift	1f38d97f12fdc17c66ca5bdacb46e019949e1bcec1e48cf67c677d34151bb46a
build/swiftpm/checkouts/swift-syntax/Examples/Tests/MacroExamples/Implementation/ComplexMacros/OptionSetMacroTests.swift	372b7d0d3aab41195f760110ea5a8c14f9c4955aef6868ae50682265560d7f18
build/swiftpm/checkouts/swift-syntax/Examples/Tests/MacroExamples/Implementation/Declaration/FuncUniqueMacroTests.swift	146fdf0e9c355f3bec312329eacfe3f0324f16afd9f8421aa7c0e923676436bf
build/swiftpm/checkouts/swift-syntax/Examples/Tests/MacroExamples/Implementation/Expression/AddBlockerTests.swift	7d292def3860610246a7c300c71df44911f5d72314a801623b720ecef230d592
build/swiftpm/checkouts/swift-syntax/Examples/Tests/MacroExamples/Implementation/Expression/FontLiteralMacroTests.swift	2c2d773dd20b57043163ceb9490ede397d2fd1a367e0df6b4a2d1f1fbf3fcaae
build/swiftpm/checkouts/swift-syntax/Examples/Tests/MacroExamples/Implementation/Expression/StringifyMacroTests.swift	9fc43d5ece9daddc8d91c362a28e9034452b7dd810d6e3da98de2bb8783cadd2
build/swiftpm/checkouts/swift-syntax/Examples/Tests/MacroExamples/Implementation/Expression/URLMacroTests.swift	709bf6a5bf761c00650253780b6913a4ee6063c1db77a6c1e8e748c187793d37
build/swiftpm/checkouts/swift-syntax/Examples/Tests/MacroExamples/Implementation/Expression/WarningMacroTests.swift	915226e15022f73f06722666cfdad273ad113e1f318ebb85632fb0643f8dab97
build/swiftpm/checkouts/swift-syntax/Examples/Tests/MacroExamples/Implementation/Extension/DefaultFatalErrorImplementationMacroTests.swift	aa280d120b30d254a36be592d535371927ba80c73aa479ca400cb2a290c0089b
build/swiftpm/checkouts/swift-syntax/Examples/Tests/MacroExamples/Implementation/Extension/EquatableExtensionMacroTests.swift	8147748c663a6d3f13270f38ed7ef6057be69e43ea6f1203b79a0140085eec6b
build/swiftpm/checkouts/swift-syntax/Examples/Tests/MacroExamples/Implementation/Member/CaseDetectionMacroTests.swift	2f27d96e90cf08d73a4e692048e2c2684ce0bc70630e6b7dc15f0883e4c3220b
build/swiftpm/checkouts/swift-syntax/Examples/Tests/MacroExamples/Implementation/Member/CustomCodableTests.swift	754ad9c49859f11cfd42fde16d935dbe94de5332af903f8d064f5ae7a3699b97
build/swiftpm/checkouts/swift-syntax/Examples/Tests/MacroExamples/Implementation/Member/MetaEnumMacroTests.swift	ac5f935e32e55db50fbc7c05ccb873f3768b94805b5025c6c9057c38085ebbdd
build/swiftpm/checkouts/swift-syntax/Examples/Tests/MacroExamples/Implementation/Member/NewTypeMacroTests.swift	5d19ecae858bfbdce27053ced802b0e84942466a3cf705175ec293d72555583a
build/swiftpm/checkouts/swift-syntax/Examples/Tests/MacroExamples/Implementation/MemberAttribute/MemberDeprecatedMacroTests.swift	0c015dcdd365460cd1558e528498e9544f1029876fb3ca874a3ed949d7bf6d25
build/swiftpm/checkouts/swift-syntax/Examples/Tests/MacroExamples/Implementation/MemberAttribute/WrapStoredPropertiesMacroTests.swift	b4d9353c372f24f41cb14b3510531d74982bb9173223d887d0cf26ded2110855
build/swiftpm/checkouts/swift-syntax/Examples/Tests/MacroExamples/Implementation/Peer/AddAsyncMacroTests.swift	23e9f73e17b672e07f709cee04346f8d6228c9354019d261a81f1a6c5908776c
build/swiftpm/checkouts/swift-syntax/Examples/Tests/MacroExamples/Implementation/Peer/AddCompletionHandlerMacroTests.swift	b0870f43118d60d9395d91ba28e7dca0ecbb00413a06605185feb61b08d61482
build/swiftpm/checkouts/swift-syntax/Examples/Tests/MacroExamples/Implementation/Peer/PeerValueWithSuffixNameMacroTests.swift	c663b227672ff0acc0fee88b7d5c79072294a83526a9c9cae091ebbf615d2564
build/swiftpm/checkouts/swift-syntax/LICENSE.txt	770af8291f708538d8ff885a0bbc4e045cd700531741c4f99528d435c14d7f55
build/swiftpm/checkouts/swift-syntax/MODULE.bazel	801223941c75b2403ec145fb20f9b5315d9efe4059e342a82dbc1beaf1fdd99d
build/swiftpm/checkouts/swift-syntax/Package.swift	a9d82d3f7cdd7c1be7baa604173651e51f1711b190516eb9fbfe279c642eacc5
build/swiftpm/checkouts/swift-syntax/README.md	d246184255f253a0f652c6dafb4790b2204e99ac547cbb1498d5cd6a03edffe2
build/swiftpm/checkouts/swift-syntax/Release Notes/510.md	2c2064248969ded6196717e6ea516930a474a82a4731c9a96cf86b01bd1f474f
build/swiftpm/checkouts/swift-syntax/Release Notes/600.md	713c421a47831f865d6c81615a2ff178860ddb36f8843dbe3ec8bdec388447be
build/swiftpm/checkouts/swift-syntax/Release Notes/601.md	67f03c155e2a4d29545ac173395bdeba18009e17cebfd632da56223cf1852ba8
build/swiftpm/checkouts/swift-syntax/Release Notes/602.md	9c0c88339ac36190f9759f63f13bc64c02d2de03a14952f585c0a2de99138039
build/swiftpm/checkouts/swift-syntax/Sources/CMakeLists.txt	7997df7e8ff950cbb219f7178c59918574179adf841224cb9bebdc50cd7ac7a8
build/swiftpm/checkouts/swift-syntax/Sources/SwiftBasicFormat/BasicFormat.swift	f63abf6f5cb3c764ca0ea5983ba93faf8b5f316c3cf83fd76ed22ff6a4087b52
build/swiftpm/checkouts/swift-syntax/Sources/SwiftBasicFormat/CMakeLists.txt	567e4c7874e8ea6cd28040a822e5c70a445b4552c736bae387a978671bc9b81f
build/swiftpm/checkouts/swift-syntax/Sources/SwiftBasicFormat/Indenter.swift	0dd7f8eff8f645eb2dfcc3ea2e540148a31af000a2f02efc45f47d1c62f5b98d
build/swiftpm/checkouts/swift-syntax/Sources/SwiftBasicFormat/InferIndentation.swift	24c34ab9afa7f39d2bd34eaf147bd74a64262b2f5d8b86fe6f2b6a2ff6378968
build/swiftpm/checkouts/swift-syntax/Sources/SwiftBasicFormat/SwiftBasicFormat.docc/FilingBugReports.md	7c9d40c9a64eae4bf84adc7b7a0c724a8c4fc067766f71dff8fc211d75e92d7b
build/swiftpm/checkouts/swift-syntax/Sources/SwiftBasicFormat/SwiftBasicFormat.docc/Info.plist	5570ae99d0255c6bc8f6b053472e8907603717375b169244fd01bcdd3ae27959
build/swiftpm/checkouts/swift-syntax/Sources/SwiftBasicFormat/Syntax+Extensions.swift	ef7106825aa84bcfa8852d6e8a43b628b0b03dd578e1ca127dd67fce05fd73e8
build/swiftpm/checkouts/swift-syntax/Sources/SwiftBasicFormat/SyntaxProtocol+Formatted.swift	fb8c95629251894ed95134cbb9b5e7941081b31ba89774f08f86578aa9ad6992
build/swiftpm/checkouts/swift-syntax/Sources/SwiftBasicFormat/Trivia+FormatExtensions.swift	36a6bfcc6bdad5a2d3bbdb16e7b369fafd7a84468bb3a020f4d267f69698cd90
build/swiftpm/checkouts/swift-syntax/Sources/SwiftCompilerPlugin/CMakeLists.txt	59bc5e24da49496e2adedc0d67da2e3c6b15d42a0ad8fa7181f73306a29b4d5e
build/swiftpm/checkouts/swift-syntax/Sources/SwiftCompilerPlugin/CompilerPlugin.swift	428b8916d36242ae931593b9b194ba4f428c00484150e9d1ef9243072da2c634
build/swiftpm/checkouts/swift-syntax/Sources/SwiftCompilerPluginMessageHandling/CMakeLists.txt	e14a1044f3b249294c9b320652786fbf33415303b50e9b34756449baa2705ad2
build/swiftpm/checkouts/swift-syntax/Sources/SwiftCompilerPluginMessageHandling/CompilerPluginMessageHandler.swift	462382f1536fea751a7a7fa70668faf44d29ce3c13860ad37191283e275440b9
build/swiftpm/checkouts/swift-syntax/Sources/SwiftCompilerPluginMessageHandling/Diagnostics.swift	0684342a031ea8fb2ac0da303b0175f44f4ebbc62e8f609183a0e656a6b0237b
build/swiftpm/checkouts/swift-syntax/Sources/SwiftCompilerPluginMessageHandling/JSON/CodingUtilities.swift	3a6ea2ff5c5b8f553cdfec3a8aae3a32d0652aec59e61fad122d782a10425bf3
build/swiftpm/checkouts/swift-syntax/Sources/SwiftCompilerPluginMessageHandling/JSON/JSON.swift	aa5d4065788186339394798b79cfa2d2f0930d95b7c8316638e51628d67b7ca8
build/swiftpm/checkouts/swift-syntax/Sources/SwiftCompilerPluginMessageHandling/JSON/JSONDecoding.swift	c698e3062636c3dce4467ea89743ddea4fe09e5901cf324b90baf1f91a68b041
build/swiftpm/checkouts/swift-syntax/Sources/SwiftCompilerPluginMessageHandling/JSON/JSONEncoding.swift	15703062c0f47ce2b8fa1f69bcb5e3ce3805a21f17b32db3e836816457a46e41
build/swiftpm/checkouts/swift-syntax/Sources/SwiftCompilerPluginMessageHandling/LRUCache.swift	be4719876b3dc0e41f46092f56ed5896a62e506f3233f4bac6fe5ccaa8b0e5be
build/swiftpm/checkouts/swift-syntax/Sources/SwiftCompilerPluginMessageHandling/Macros.swift	1d8f845e724ce90d734d337bc3591d87ba7102de151cd0b16f03fc6708c986cf
build/swiftpm/checkouts/swift-syntax/Sources/SwiftCompilerPluginMessageHandling/PluginMacroExpansionContext.swift	577b7578b86b5a432b413d3b2a63324016a979bc854403a08356d2dd59316236
build/swiftpm/checkouts/swift-syntax/Sources/SwiftCompilerPluginMessageHandling/PluginMessageCompatibility.swift	911281c8ca00839bfe21187f7dc53604cc7c5b3422cf298daf3994b8bc278270
build/swiftpm/checkouts/swift-syntax/Sources/SwiftCompilerPluginMessageHandling/PluginMessages.swift	e0a3e70bb00dcc72cc04217a10b3065b866a7600ee9441e7903245b01e588144
build/swiftpm/checkouts/swift-syntax/Sources/SwiftCompilerPluginMessageHandling/StandardIOMessageConnection.swift	15e329f745b653f1f79687386b86dbb4d3d3b97d30fc57a9045e2e7cc57655e6
build/swiftpm/checkouts/swift-syntax/Sources/SwiftDiagnostics/CMakeLists.txt	2f2b995c6ef7c9ff9ffd94b123a9e337d61b7bebe17263f91d048f97550c7735
build/swiftpm/checkouts/swift-syntax/Sources/SwiftDiagnostics/Convenience.swift	bfb90949c7d4eb2844abd24e978075395525af9e38af03afa45043c8507e031c
build/swiftpm/checkouts/swift-syntax/Sources/SwiftDiagnostics/Diagnostic.swift	56814888fcf59cf2868f623f0f3fe3bfe516b567b47a4a5fc61506d485e0f89e
build/swiftpm/checkouts/swift-syntax/Sources/SwiftDiagnostics/DiagnosticDecorators/ANSIDiagnosticDecorator.swift	0769faa8fe521b45c4bbd67431dd17fa65bf7e6b1f0117e7ac0fad26215f64c6
build/swiftpm/checkouts/swift-syntax/Sources/SwiftDiagnostics/DiagnosticDecorators/BasicDiagnosticDecorator.swift	d8d74b86aa298b7d65eee84756ec254b1390aebc48de59180edeb4386f6344be
build/swiftpm/checkouts/swift-syntax/Sources/SwiftDiagnostics/DiagnosticDecorators/DiagnosticDecorator.swift	bb752dfd5526eeb900a312ed34e0235e8d477a26d5ace7fa9ae6cf9dd6d9066a
build/swiftpm/checkouts/swift-syntax/Sources/SwiftDiagnostics/DiagnosticsFormatter.swift	1b34df688395a5ce888d5bed2fa3621ca5b59ac80f6da9d9088ebd84a6e5b276
build/swiftpm/checkouts/swift-syntax/Sources/SwiftDiagnostics/FixIt.swift	2f78766f08f46085e19497a17e294512c3616386242b66227d3bdadedbb391d9
build/swiftpm/checkouts/swift-syntax/Sources/SwiftDiagnostics/GroupedDiagnostics.swift	7ba0d631ccaa192347dd90580d8e386765ca8179f1a3b1c19e3a50811af5dd8d
build/swiftpm/checkouts/swift-syntax/Sources/SwiftDiagnostics/Message.swift	a0cc6c3999ddcf6bfad0fac71cb4a70afc8e9f4cb203b69c68c0c173e750b527
build/swiftpm/checkouts/swift-syntax/Sources/SwiftDiagnostics/Note.swift	da618df0ad7349f86cfa69bc01d7ca28b7956646bbee20ec5c9d456fc30000af
build/swiftpm/checkouts/swift-syntax/Sources/SwiftIDEUtils/CMakeLists.txt	10bc0f3014102e8fa7869cb9a22c4188645de1e322e3e79c59cc72bb4920e889
build/swiftpm/checkouts/swift-syntax/Sources/SwiftIDEUtils/DeclNameLocation.swift	6b0d1703bfb2817d24238791cb00a1471009046bac88da8e0efb6fde91308ae5
build/swiftpm/checkouts/swift-syntax/Sources/SwiftIDEUtils/FixItApplier.swift	c36956a237d921a186443d1ea81f43f7a0525464022ddf9a04115c5b1f149404
build/swiftpm/checkouts/swift-syntax/Sources/SwiftIDEUtils/NameMatcher.swift	63e71d1f75486cfaeef545bb777afa3a62b03a21e9bde1e02422b0fa1347db0c
build/swiftpm/checkouts/swift-syntax/Sources/SwiftIDEUtils/SwiftIDEUtilsCompatibility.swift	0abf8ea555dfe5f822b8c4291ddbbf12bfc7e057dc4fb7740ff9fc80b65bc4cf
build/swiftpm/checkouts/swift-syntax/Sources/SwiftIDEUtils/Syntax+Classifications.swift	3e16b2c5202c50d982a3748a9e296fae9fe7ab7775e5c74107b566572476a1a9
build/swiftpm/checkouts/swift-syntax/Sources/SwiftIDEUtils/SyntaxClassification.swift	6a85084fe138e3e0ae2dd966b1be98aa91e9190e758138211f9199448731015b
build/swiftpm/checkouts/swift-syntax/Sources/SwiftIDEUtils/SyntaxClassifier.swift	9450ad8ae163beea3306b2b5d23c921c31742ff6eb37f56e259c2560cf82d9a5
build/swiftpm/checkouts/swift-syntax/Sources/SwiftIDEUtils/Utils.swift	d5567e5f8c6bb22e967f87280fa04750a2ca83e4c8b09739720363b5213d7d1c
build/swiftpm/checkouts/swift-syntax/Sources/SwiftIfConfig/ActiveClauseEvaluator.swift	ce15d77a801a5de375c37b3e6515fd740fa3616cacb403838d88d5aac7d3a24f
build/swiftpm/checkouts/swift-syntax/Sources/SwiftIfConfig/ActiveSyntaxRewriter.swift	60b0ef2bf86b2ec9305c129c51f0f2dd89ebf801fb415c66cc5d6d29dbe1c3af
build/swiftpm/checkouts/swift-syntax/Sources/SwiftIfConfig/ActiveSyntaxVisitor.swift	ed8da03d79333cf31d088b8becbd1e04187eb65c7a0219a67577172b74a9a7de
build/swiftpm/checkouts/swift-syntax/Sources/SwiftIfConfig/BuildConfiguration.swift	1abe8a6fbfc3a3d5ed7c022af6ad620c80f2fbf7b55bf88fc64b76c73090c915
build/swiftpm/checkouts/swift-syntax/Sources/SwiftIfConfig/CMakeLists.txt	89ac93551fa9f3cfc96360498ab226d366e5903758209dea118bbff5884968b0
build/swiftpm/checkouts/swift-syntax/Sources/SwiftIfConfig/ConfiguredRegions.swift	59e44236392dd89ff5467763787c8b09344eb1d4fd31555540f3cab76b53e1f2
build/swiftpm/checkouts/swift-syntax/Sources/SwiftIfConfig/IfConfigDecl+IfConfig.swift	f9ac69e090a08c392c427c578584b26b1f14c5a44ba5289b4b8455239f484b27
build/swiftpm/checkouts/swift-syntax/Sources/SwiftIfConfig/IfConfigDiagnostic.swift	ca6582f33a334ed464b0370b8edfb03f2e77023ebcf267b8f2461f35a183fe85
build/swiftpm/checkouts/swift-syntax/Sources/SwiftIfConfig/IfConfigEvaluation.swift	5404ecb0c2d251af8d0dd55050520e125aecdff917b7232166ffca82f5994127
build/swiftpm/checkouts/swift-syntax/Sources/SwiftIfConfig/IfConfigFunctions.swift	70565e38158e28d81abdb999aeb92729a6267f0bccae08d6ebfa2f3a21efbc13
build/swiftpm/checkouts/swift-syntax/Sources/SwiftIfConfig/IfConfigRegionState.swift	91fbd6c176bb4af9278f7ad71640d9fe70464cff480d2a62a7f7a5f1bafbf1c9
build/swiftpm/checkouts/swift-syntax/Sources/SwiftIfConfig/StaticBuildConfiguration.swift	40a3334cc10d4a42018d5309c8553f28b8ee0dcd2058b0ff3e8551994fd18054
build/swiftpm/checkouts/swift-syntax/Sources/SwiftIfConfig/SwiftIfConfig.docc/Info.plist	aca6387c215981ecbb71bfd8f7861f73f7b6ce2e79c7f29247d0ef6e3769e7f2
build/swiftpm/checkouts/swift-syntax/Sources/SwiftIfConfig/SwiftIfConfig.docc/SwiftIfConfig.md	3bfa6f9eeaa88b9466c308d5ef78e9fc7396c757f66538732441a7803f914bdf
build/swiftpm/checkouts/swift-syntax/Sources/SwiftIfConfig/SyntaxLiteralUtils.swift	f008fc8b8f2478e31870ad6fdf2a90bee733674d2f2ebb69d36180b45a09cb1a
build/swiftpm/checkouts/swift-syntax/Sources/SwiftIfConfig/SyntaxProtocol+IfConfig.swift	63509bebcee0d7a113b4ce2361105ddac4500f0f0b7a86a428ad9a612a57df8b
build/swiftpm/checkouts/swift-syntax/Sources/SwiftIfConfig/VersionTuple+Parsing.swift	6ba76cda6711bd74aa3a3759518b2562e4562c407e1a93988d94f9b91e759d93
build/swiftpm/checkouts/swift-syntax/Sources/SwiftIfConfig/VersionTuple.swift	f39582d8a3a0562a64da4b84a8ac1d98d0e8f698d19d90035c1e132dc77eec8d
build/swiftpm/checkouts/swift-syntax/Sources/SwiftLexicalLookup/CMakeLists.txt	fa379054db2c0577969d0274cca30c35bcf3586de6db6e0e5c2ad8710a13cdda
build/swiftpm/checkouts/swift-syntax/Sources/SwiftLexicalLookup/IdentifiableSyntax.swift	ac7b09fea24929b3349843a9fbfb3d6b3367d551ceb54c4a9bb5b96379a48319
build/swiftpm/checkouts/swift-syntax/Sources/SwiftLexicalLookup/LookupConfig.swift	a03f43c5bead40e6c54d899caa6ce92aa6083e42c694718c2ee00d06c23fe23d
build/swiftpm/checkouts/swift-syntax/Sources/SwiftLexicalLookup/LookupName.swift	1ad215c9c5ed28ec5e1596e07d1f00f8aa26ac66c44e796d6dbe8531a9eb585e
build/swiftpm/checkouts/swift-syntax/Sources/SwiftLexicalLookup/LookupResult.swift	fa1a7999fe209e8ecefc525cc92732913d9f37f6859b19a0cf4af8d19d2f4ce0
build/swiftpm/checkouts/swift-syntax/Sources/SwiftLexicalLookup/Scopes/CanInterleaveResultsLaterScopeSyntax.swift	355050b19cd80880a1c3b83c0b9809193bbd8c76495919dbabf204767f1deba3
build/swiftpm/checkouts/swift-syntax/Sources/SwiftLexicalLookup/Scopes/FunctionScopeSyntax.swift	0d25a30888e455ceec1fac1bdd2930c75d21fc5a10f3d4cb8302b8d878cbd015
build/swiftpm/checkouts/swift-syntax/Sources/SwiftLexicalLookup/Scopes/GenericParameterScopeSyntax.swift	8abbaa9c659129a6e3829e917724d92b46a88ef4a8269e597ef770e21b5061a8
build/swiftpm/checkouts/swift-syntax/Sources/SwiftLexicalLookup/Scopes/IntroducingToSequentialParentScopeSyntax.swift	b2ed6e7aaf8377e3dac85f99ba084ab1d842cf70884248e7e5c532d617812ea8
build/swiftpm/checkouts/swift-syntax/Sources/SwiftLexicalLookup/Scopes/LookInMembersScopeSyntax.swift	fd873b23675201d3984e4dc38f867d5833a33ec2a5f203d9e8b49148d64b3a6f
build/swiftpm/checkouts/swift-syntax/Sources/SwiftLexicalLookup/Scopes/NominalTypeDeclSyntax.swift	13cb90ed79243f0eb8a3d84fb04e2d29dce49603776c76732ae623124b8fcaa1
build/swiftpm/checkouts/swift-syntax/Sources/SwiftLexicalLookup/Scopes/ScopeImplementations.swift	61efab58d4492fa22a6a2785fcca1e27719b23878497935f3072a996326bdc1d
build/swiftpm/checkouts/swift-syntax/Sources/SwiftLexicalLookup/Scopes/ScopeSyntax.swift	e0277cb32dc098e976eea09bca9215ea2dee5bf64c0309d76eec9c5355a538bf
build/swiftpm/checkouts/swift-syntax/Sources/SwiftLexicalLookup/Scopes/SequentialScopeSyntax.swift	b9aa55298a31542f65f00a79eb99ad931abf15fe697d61b6038dd9ddc3064ba8
build/swiftpm/checkouts/swift-syntax/Sources/SwiftLexicalLookup/Scopes/WithGenericParametersScopeSyntax.swift	c2f0f306a9e8b78ef7bf8a434e5e62814c443b9c591d42acbde10716f72d3695
build/swiftpm/checkouts/swift-syntax/Sources/SwiftLexicalLookup/SimpleLookupQueries.swift	a503ef0ac2fd204a991338b09d0a45d1fba5442aa0699a9b33a5a8802ca84852
build/swiftpm/checkouts/swift-syntax/Sources/SwiftLexicalLookup/SwiftLexicalLookup.docc/Info.plist	9314cd1324db679b7ec83ce2ec817edb0d9eac61befc73e41eb94ef30b3f51b6
build/swiftpm/checkouts/swift-syntax/Sources/SwiftLexicalLookup/SwiftLexicalLookup.docc/LookupRules.md	c5a9ba57caf2d91f4d7e60a4ed91b964af0f1e61baf4552c698367e5f59c39d0
build/swiftpm/checkouts/swift-syntax/Sources/SwiftLexicalLookup/SwiftLexicalLookup.docc/SwiftLexicalLookup.md	39b7c60987d404d25c67a06850f04c4273ec7e30de9db8014195f0409d2d77c7
build/swiftpm/checkouts/swift-syntax/Sources/SwiftLibraryPluginProvider/CMakeLists.txt	b7ede5b7bc65f7d05407fb36462ca1a6fbced0e158f5e121cb09b1642b2729a0
build/swiftpm/checkouts/swift-syntax/Sources/SwiftLibraryPluginProvider/LibraryPluginProvider.swift	df12d9c616d0c5928088f7c003b8da016c0f5f64fa67419ead55c43aa9025337
build/swiftpm/checkouts/swift-syntax/Sources/SwiftOperators/CMakeLists.txt	7fa87a60d861a5df5ce29a6489e9ec845975a4554aea88bf72cd415a3e913792
build/swiftpm/checkouts/swift-syntax/Sources/SwiftOperators/Operator.swift	a0c900694069a7dab3f0220766d1f46260f03d3b6aaa785a59d98dd890959993
build/swiftpm/checkouts/swift-syntax/Sources/SwiftOperators/OperatorError+Diagnostics.swift	d02f562e4f7ae8d359af78043bf1a4d2aa238d4564e56e2682442b723a80bacc
build/swiftpm/checkouts/swift-syntax/Sources/SwiftOperators/OperatorError.swift	d2d93b53efb2a837b3d103c01be947178863cbe5af5e872171ee1dbca0b47433
build/swiftpm/checkouts/swift-syntax/Sources/SwiftOperators/OperatorTable+Defaults.swift	8e353ff640d4983961579f0f061944591ccf8954a45468da5a81cedfba258bf7
build/swiftpm/checkouts/swift-syntax/Sources/SwiftOperators/OperatorTable+Folding.swift	185e6197c21e1dcd51ad0d6ba80d573ad38047b9d450f3c5642befa9c6dc6c68
build/swiftpm/checkouts/swift-syntax/Sources/SwiftOperators/OperatorTable+Semantics.swift	04cf6e0c713787865f0cc69cc4149445987178dd9adbe44f253312547a6498dc
build/swiftpm/checkouts/swift-syntax/Sources/SwiftOperators/OperatorTable.swift	de36f43c40ebeea6daf23ab4f441ca2c61ee51d7133f5e7f37ec973184206fc2
build/swiftpm/checkouts/swift-syntax/Sources/SwiftOperators/PrecedenceGraph.swift	0868c2f362dfc6ee059a294fbe6b7b34e1b958fb189a1ecff677947044b7175f
build/swiftpm/checkouts/swift-syntax/Sources/SwiftOperators/PrecedenceGroup.swift	feb3c590ec0c518064b84da57244b20cf333e4567febf9d8a1e559e2d65ee311
build/swiftpm/checkouts/swift-syntax/Sources/SwiftOperators/SwiftOperators.docc/Info.plist	cb8a99053ff8e6eb9f0ff6c5539c8590f57717542b5cf0047a0754717aa68024
build/swiftpm/checkouts/swift-syntax/Sources/SwiftOperators/SwiftOperators.docc/SwiftOperators.md	12a7640e9793598f15f399ee081451bc39efb760efc4f26766eb30944ab5f7a2
build/swiftpm/checkouts/swift-syntax/Sources/SwiftOperators/SyntaxSynthesis.swift	01181650a5eaa08210c930eb7f970df7373459f730945cd6c1404be61181cf50
build/swiftpm/checkouts/swift-syntax/Sources/SwiftParser/Attributes.swift	80699f6ad05ab4dec40d81e98089845e1872d809b855e33aaf0425b2a9225697
build/swiftpm/checkouts/swift-syntax/Sources/SwiftParser/Availability.swift	3a35ea27fd0c3ba551129b4c16543f8e80d863b814487f245802d0a94e56f126
build/swiftpm/checkouts/swift-syntax/Sources/SwiftParser/CMakeLists.txt	d0ec5949a008fac2d71095145a411e19064fa10a4b4254d8ac29e4109207bbdd
build/swiftpm/checkouts/swift-syntax/Sources/SwiftParser/CharacterInfo.swift	1a7c3305c70e77abf6fecceaba064d609b8341926dd2821a2ddd0d7a7d4205ce
build/swiftpm/checkouts/swift-syntax/Sources/SwiftParser/CollectionNodes+Parsable.swift	f09d70cb62dd58b2df03230f65f1b08d08a9f5e382453e03e5a205f88bb184e4
build/swiftpm/checkouts/swift-syntax/Sources/SwiftParser/CompilerFiles.swift	3a19c6b632a0ffa478c840ffbd6f20fa3f3cfb101e6db279fdb20755fe287b5d
build/swiftpm/checkouts/swift-syntax/Sources/SwiftParser/Declarations.swift	b7ef9ed30e81021070d1862d736e714cea1eeaee9dea379a51a97a001e558a8b
build/swiftpm/checkouts/swift-syntax/Sources/SwiftParser/Directives.swift	13006434877fdaca80a1747c566c062f00f5371dea4b2c3509c0b9083b461b10
build/swiftpm/checkouts/swift-syntax/Sources/SwiftParser/ExpressionInterpretedAsVersionTuple.swift	a06b597bf6d81032c320ae772cf4511814845bf0a33b67fefebf2938d6a3e2e8
build/swiftpm/checkouts/swift-syntax/Sources/SwiftParser/Expressions.swift	44304a64080388156b673f0025b71b0dc51e7c02d412ce491cb81c67863a9c0f
build/swiftpm/checkouts/swift-syntax/Sources/SwiftParser/IncrementalParseTransition.swift	9e9416626b7dccfa2cbf88f45f452eee6a05be27052e679a7d5d6719c9084d0a
build/swiftpm/checkouts/swift-syntax/Sources/SwiftParser/IsValidIdentifier.swift	a577a0aa5f74ccc7bb252a5329af2c11569c654aeebbe5808690eab50f64ebc8
build/swiftpm/checkouts/swift-syntax/Sources/SwiftParser/Lexer/Cursor.swift	6dd0c8f7f97928ddc84d87be2841d3d542e6666c975d3f5056bb4d61da0a5b2b
build/swiftpm/checkouts/swift-syntax/Sources/SwiftParser/Lexer/Lexeme.swift	5a59949efb2a74767842b595a639da8458774835c8c1c6ad6e09e7c9a9601ad4
build/swiftpm/checkouts/swift-syntax/Sources/SwiftParser/Lexer/LexemeSequence.swift	dffd3598ac333be58bf8adf7afbb8a7a9ebfdfa13f96d687928575cf98bb51d9
build/swiftpm/checkouts/swift-syntax/Sources/SwiftParser/Lexer/Lexer.swift	674c59e7bcda8865b1b910b7d33ae4c179b90b2d363c1812381442c7b09fa181
build/swiftpm/checkouts/swift-syntax/Sources/SwiftParser/Lexer/RegexLiteralLexer.swift	112dbf88c9b0766d11343685f197f00616f22738c36de9dbe91f8534175f2582
build/swiftpm/checkouts/swift-syntax/Sources/SwiftParser/Lexer/UnicodeScalarExtensions.swift	b0caeb17b2282b728c66216116b46fdd6f25d146019bef49b87d24ab1645abbb
build/swiftpm/checkouts/swift-syntax/Sources/SwiftParser/Lookahead.swift	a0ebd0ef87767f5299f9caf31d82f98e04219113bffac8991327eea7af95c057
build/swiftpm/checkouts/swift-syntax/Sources/SwiftParser/LoopProgressCondition.swift	181ab5233ad4396f1053e53a242c5c44de300c76f58a19ebc60b1b873f1374e2
build/swiftpm/checkouts/swift-syntax/Sources/SwiftParser/Modifiers.swift	b138b33b16f82b629c47d0756d0bac7b6c52c6510b20caee60a9015cf0ca4447
build/swiftpm/checkouts/swift-syntax/Sources/SwiftParser/Names.swift	b7c09b07133311cd85cc2983dd24eaad48d3b46c678a073665dd7b2174a6417f
build/swiftpm/checkouts/swift-syntax/Sources/SwiftParser/Nominals.swift	cb98a5800fb20e9aa0b8185f47b8d2ee0dd3439e309cd3ea18e11ad7a14cffd0
build/swiftpm/checkouts/swift-syntax/Sources/SwiftParser/Parameters.swift	74d4ab1cb18a6334c52b964cbd3cb70cd3effd4313a1528ee897ac280e3711cf
build/swiftpm/checkouts/swift-syntax/Sources/SwiftParser/ParseSourceFile.swift	024e7454f13bd1daa6bad2e438028fc9269eedfaf08bd05405e1957cded7017a
build/swiftpm/checkouts/swift-syntax/Sources/SwiftParser/Parser.swift	98f2089c7c3bbaef22680f243498fd095424a6051b44b5b9416962f6630a5e8c
build/swiftpm/checkouts/swift-syntax/Sources/SwiftParser/Patterns.swift	4cc429cb1f20cefd306b6e964d93442aaee421056e71100cbe94ca39d18e9871
build/swiftpm/checkouts/swift-syntax/Sources/SwiftParser/README.md	f9117b0074a501d8caa4f185ca25b28965ec253cc6218d3242fe046243e9100c
build/swiftpm/checkouts/swift-syntax/Sources/SwiftParser/Recovery.swift	d96dd00b055787dd2b5d1e5fd138393f1e6732c60595eca5a2e7ba944940af94
build/swiftpm/checkouts/swift-syntax/Sources/SwiftParser/Specifiers.swift	18a6c07474ef7f24c9684b8659734629578d2f96491fe2f752a825ea91e88cc4
build/swiftpm/checkouts/swift-syntax/Sources/SwiftParser/Statements.swift	5c7db49e8cb4115229c6ed9f87afec0df934332824928207c39087a56c633796
build/swiftpm/checkouts/swift-syntax/Sources/SwiftParser/StringLiteralRepresentedLiteralValue.swift	03f2ad9e0a675f6324fc6ba65eb5a0632dc8e2c802038d9061a77df2b4d14d7c
build/swiftpm/checkouts/swift-syntax/Sources/SwiftParser/StringLiterals.swift	eabe1d615efd53a9df129ed1c0860e21505a5f567eae00920c0cbecd2b3b4ffe
build/swiftpm/checkouts/swift-syntax/Sources/SwiftParser/SwiftParser.docc/Info.plist	34c01364006da0d4abdc52f6bd5ab62874a545229d134871eea382b92df2dba4
build/swiftpm/checkouts/swift-syntax/Sources/SwiftParser/SwiftParser.docc/SwiftParser.md	27383229480c4181a2c9b39bc93eaca3bc09cc474bead06298d6180d13250846
build/swiftpm/checkouts/swift-syntax/Sources/SwiftParser/SwiftParserCompatibility.swift	917e33cd9fbc93d462826dc964ed1d9a19f3b484d0ffbdcf1aca982b1d7f1efc
build/swiftpm/checkouts/swift-syntax/Sources/SwiftParser/SwiftVersion.swift	03a6fe1923281af24f60b85a5fc261f0b4d871a2306bd78038488efa002bcd84
build/swiftpm/checkouts/swift-syntax/Sources/SwiftParser/SyntaxUtils.swift	2acd636507f047b178790d6c349c737cb426f8bdea393e229aa926f5297f8c16
build/swiftpm/checkouts/swift-syntax/Sources/SwiftParser/TokenConsumer.swift	bfb8b08ae8829bd9ae8cd3a5b3c10449ee71d8816f431844b9c05496bb863af2
build/swiftpm/checkouts/swift-syntax/Sources/SwiftParser/TokenPrecedence.swift	6ca125287b1427c4082b41edf143b366e790ae07966d87c998adee5d04a5b5a9
build/swiftpm/checkouts/swift-syntax/Sources/SwiftParser/TokenSpec.swift	76160f35bd6ab571097c956bb723501204ac8621b5eaf5682358b7440fe6c6a7
build/swiftpm/checkouts/swift-syntax/Sources/SwiftParser/TokenSpecSet.swift	9c3ececf6f5eee3086d77d90a71edc1f743a82cd7df047eb80375f23eb48095f
build/swiftpm/checkouts/swift-syntax/Sources/SwiftParser/TopLevel.swift	b6a0fcacbfae5bc747b4876c00e7dcebeb8fed0aee1b04ea59edbed7702aacfc
build/swiftpm/checkouts/swift-syntax/Sources/SwiftParser/TriviaParser.swift	0b594d7a53963226f9f5002684978d8768117bbc712c78ab3b855bc179c2ba21
build/swiftpm/checkouts/swift-syntax/Sources/SwiftParser/Types.swift	2074238a8c7cae9bd00e7b87af316484503c6437255f634b31d901f8aaad89fe
build/swiftpm/checkouts/swift-syntax/Sources/SwiftParser/generated/ExperimentalFeatures.swift	9a0d99e27319f84af206b8a87a489373cdce30b33c5f2b326f04c8511eb3f985
build/swiftpm/checkouts/swift-syntax/Sources/SwiftParser/generated/IsLexerClassified.swift	e0de1622fcd687b0a2cb4cf58c31350c7d0be8c3c8f35dc8f7f091eb4c39bb30
build/swiftpm/checkouts/swift-syntax/Sources/SwiftParser/generated/LayoutNodes+Parsable.swift	ee7236845c1a48dae0b12f9bcfb241500460be607f0f53ae09c261d9b23c0719
build/swiftpm/checkouts/swift-syntax/Sources/SwiftParser/generated/Parser+TokenSpecSet.swift	e3e9f25e02721e01d0b59fbb491a61c7279b771e3bd9b58a4cb2a37a7965c3f2
build/swiftpm/checkouts/swift-syntax/Sources/SwiftParser/generated/TokenSpecStaticMembers.swift	52709f974b20381380be54dfc13a8532edbb03abefb5fe32c9deea063aa0d0a3
build/swiftpm/checkouts/swift-syntax/Sources/SwiftParserDiagnostics/CMakeLists.txt	984d7c901bbd3ee0c6a8f801177d0c17af52c6f38f15f05666feb9cf98d235df
build/swiftpm/checkouts/swift-syntax/Sources/SwiftParserDiagnostics/DiagnosticExtensions.swift	0bb6349568add8bbbb32346a97596e9d9a4f6b59e898494164d23e11799ffe67
build/swiftpm/checkouts/swift-syntax/Sources/SwiftParserDiagnostics/LexerDiagnosticMessages.swift	fc69b159e4cb3189d014be8064f83619b8ff0f31c3f19a649001ef0146aba118
build/swiftpm/checkouts/swift-syntax/Sources/SwiftParserDiagnostics/MissingNodesError.swift	dfe3ba80e5aba85b438e2eefac074d629cc365aff6da099dbd4f7f288db9b755
build/swiftpm/checkouts/swift-syntax/Sources/SwiftParserDiagnostics/MissingTokenError.swift	675d2e0b0500f54eabf63d5e700d0dbfa3430c05ede13b0137cb9c7ef070a432
build/swiftpm/checkouts/swift-syntax/Sources/SwiftParserDiagnostics/MultiLineStringLiteralDiagnosticsGenerator.swift	d391e608861982f0e810ea1bb6b1d08a2d9d55e691c5fe37d56e6c7b4a049e0b
build/swiftpm/checkouts/swift-syntax/Sources/SwiftParserDiagnostics/ParseDiagnosticsGenerator.swift	90a697ae64c741c40229f0b28d329b8da958cf2a302e520a0778c82ec7114001
build/swiftpm/checkouts/swift-syntax/Sources/SwiftParserDiagnostics/ParserDiagnosticMessages.swift	3118b26417db35481f7f84f70f436130893bead613f3f4ac809d24f163e34983
build/swiftpm/checkouts/swift-syntax/Sources/SwiftParserDiagnostics/PresenceUtils.swift	164f086f02ea16e0d289c0d2699bbe37c85f1b39640d9da898679d41f0505790
build/swiftpm/checkouts/swift-syntax/Sources/SwiftParserDiagnostics/SyntaxExtensions.swift	d14782e58e1d3850244de591f3c39f5d644eb0173d88af31738b46db02d3cecc
build/swiftpm/checkouts/swift-syntax/Sources/SwiftParserDiagnostics/Utils.swift	e5f3448886b9f591cc4051664a6c3ef36770ed335a8d9180b18e4a6dd67211d3
build/swiftpm/checkouts/swift-syntax/Sources/SwiftParserDiagnostics/generated/ChildNameForDiagnostics.swift	33a39b4750a8091421217f5ea5bc2e7439058c1eb25750ac335f0c138a844fab
build/swiftpm/checkouts/swift-syntax/Sources/SwiftParserDiagnostics/generated/SyntaxKindNameForDiagnostics.swift	0b17cec5f76cec6a6aeb675d972bdf93cdc95f841a4fabc424c82fde0d14d4c5
build/swiftpm/checkouts/swift-syntax/Sources/SwiftParserDiagnostics/generated/TokenNameForDiagnostics.swift	c1cfa44c86b333433084499a35ab3139333fff3f8fdce468fc8d564070d65715
build/swiftpm/checkouts/swift-syntax/Sources/SwiftRefactor/AddSeparatorsToIntegerLiteral.swift	a86fa61c14187125d4051ed6a6ed86add457a7cf888960096ad1c88a0e5bd295
build/swiftpm/checkouts/swift-syntax/Sources/SwiftRefactor/CMakeLists.txt	1ae111ab1f9acb263849309c99d8e8fd769491812fa5bc3a5295565a0c20a7ea
build/swiftpm/checkouts/swift-syntax/Sources/SwiftRefactor/CallLikeSyntax.swift	7f90f63854e7dbc4d13d67a8e5c6ea1ffe64330b226a28603e5aaa0d75c08ffc
build/swiftpm/checkouts/swift-syntax/Sources/SwiftRefactor/CallToTrailingClosures.swift	53265d1542057eee677be73260b4461d6f965813781f2b6c146f4ba0637173b4
build/swiftpm/checkouts/swift-syntax/Sources/SwiftRefactor/ConvertComputedPropertyToStored.swift	acf295dea67bc4d3902da1ac15b36c99d413894fa07756820d6dcd41b2fffa5e
build/swiftpm/checkouts/swift-syntax/Sources/SwiftRefactor/ConvertComputedPropertyToZeroParameterFunction.swift	9fb3bfe93575345d0dd39655a9848040f4f3fcb2de9561331d828fd89fd6e253
build/swiftpm/checkouts/swift-syntax/Sources/SwiftRefactor/ConvertStoredPropertyToComputed.swift	2ee041d1cfbe31cad7251086480c5529549fd90e30737ab5b63018e32480e1fe
build/swiftpm/checkouts/swift-syntax/Sources/SwiftRefactor/ConvertZeroParameterFunctionToComputedProperty.swift	82070777f64d746ac1e3e7a51fde62cabb847729c9b4c3d754bbc73c01b84f00
build/swiftpm/checkouts/swift-syntax/Sources/SwiftRefactor/ExpandEditorPlaceholder.swift	989b5d53f050074ad31c6b63f6842b9ab238259bc128601ad9e359d61e9d6e26
build/swiftpm/checkouts/swift-syntax/Sources/SwiftRefactor/FormatRawStringLiteral.swift	5fffc4611d7ac2ecf6e1f7f5910b34fd8e74cdf35ae2a581373958f4d98c118a
build/swiftpm/checkouts/swift-syntax/Sources/SwiftRefactor/IntegerLiteralUtilities.swift	8414030ba70b490f3e7f46caa38a675c95993cbbf8080320ab11a992ebb27477
build/swiftpm/checkouts/swift-syntax/Sources/SwiftRefactor/MigrateToNewIfLetSyntax.swift	f32b1fd190d3fd53e4219ff2d9fc6b9249e770640dfb6254dfdc1b3460f1d1f8
build/swiftpm/checkouts/swift-syntax/Sources/SwiftRefactor/OpaqueParameterToGeneric.swift	bacc238181a793a72ef906e9126c11e01f772b0ac17c02c563298fbb6c60f515
build/swiftpm/checkouts/swift-syntax/Sources/SwiftRefactor/PackageManifest/AddPackageDependency.swift	a4ca1edd5407e390d35e6f6fea78092592ed94e27a44d5062a6e3e8fc9f33536
build/swiftpm/checkouts/swift-syntax/Sources/SwiftRefactor/PackageManifest/AddPackageTarget.swift	b0573a8c42859ea6cfecdb96e21ee71cc152b1a1f1d0e9aedd1e175e9dd0e458
build/swiftpm/checkouts/swift-syntax/Sources/SwiftRefactor/PackageManifest/AddPluginUsage.swift	9684d50aa47feeffcf464933842dfb572ad8d89a26df01efb74117745ef6e49f
build/swiftpm/checkouts/swift-syntax/Sources/SwiftRefactor/PackageManifest/AddProduct.swift	874de2797071f9940b912c04ad1ec7a2d1bc89d7f803a9c5fc224598054e8092
build/swiftpm/checkouts/swift-syntax/Sources/SwiftRefactor/PackageManifest/AddSwiftSetting.swift	0ff1e3a8e8e993bd59b2af8dd68f70845c2ece29d5906743b03cd0306d1389bf
build/swiftpm/checkouts/swift-syntax/Sources/SwiftRefactor/PackageManifest/AddTargetDependency.swift	d8c03f36f60447fa134a4702ff07c739a1aa6529fbcc3c52dfa08101ff4549fc
build/swiftpm/checkouts/swift-syntax/Sources/SwiftRefactor/PackageManifest/ManifestEditError.swift	3a19d8f2fe343862039d107471f48de9a3b6d9689f73e7e151a2361c73fee527
build/swiftpm/checkouts/swift-syntax/Sources/SwiftRefactor/PackageManifest/ManifestSyntaxRepresentable.swift	cd88b6fad43185be8bba0b2bcc1aeb247f8896a4140d2b3c9205b786f247c283
build/swiftpm/checkouts/swift-syntax/Sources/SwiftRefactor/PackageManifest/PackageDependency.swift	1b896016dd4b73dbbae0d8107ca4c125ceb9f600d4edb10cb47f56a2a6aca083
build/swiftpm/checkouts/swift-syntax/Sources/SwiftRefactor/PackageManifest/PackageTarget.swift	3d56c59d6b532fb3486373f2ba0a84cf68b75e90cb071d3a363bcfae66aaa0e5
build/swiftpm/checkouts/swift-syntax/Sources/SwiftRefactor/PackageManifest/ProductDescription.swift	5bab026eb7735173668f42f1330eb2ea18b2c5a03b7dc0be33acfa420558d3c3
build/swiftpm/checkouts/swift-syntax/Sources/SwiftRefactor/PackageManifest/StringUtils.swift	e2826f55c85771e8ae08842a6d9c61f9424fdb17ec5c31b45e2388de1fd84307
build/swiftpm/checkouts/swift-syntax/Sources/SwiftRefactor/PackageManifest/SyntaxEditUtils.swift	75d3ae11b7e41cc37e3d6f7760c9123f23d62875cca47afc59a8e322b71daa4e
build/swiftpm/checkouts/swift-syntax/Sources/SwiftRefactor/RefactoringProvider.swift	8f433a4c4f575984b8487c871218eac20a1d0479a90ed10a2c4aa4fef8a96de9
build/swiftpm/checkouts/swift-syntax/Sources/SwiftRefactor/RemoveSeparatorsFromIntegerLiteral.swift	af1cd3c968dfe16135f69455b38304da87846f2b80c29aa7cd42ee597e2ab35b
build/swiftpm/checkouts/swift-syntax/Sources/SwiftRefactor/SyntaxUtils.swift	f87b383542fed9e340e0127b3a2766258d2c178d98d83936cec150d88fe10383
build/swiftpm/checkouts/swift-syntax/Sources/SwiftSyntax-all/empty.swift	5a99075155d5e14b1f3737cf8227ded12b8fec2408778f7c063c5024448a03f8
build/swiftpm/checkouts/swift-syntax/Sources/SwiftSyntax/AbsolutePosition.swift	0892d2021e7dbf66955028f3726e2a3255914b80b48f20e35e60d85189a5c6d7
build/swiftpm/checkouts/swift-syntax/Sources/SwiftSyntax/AbsoluteSyntaxInfo.swift	5176b885b8ac27320e741065e23b6390a72f4063e5caeeb4b113f605612e1be3
build/swiftpm/checkouts/swift-syntax/Sources/SwiftSyntax/ArenaAllocatedBuffer.swift	aaa3a816a2b09641a01810cd98924c9e36eec8430ea9ee9412a5d36d9334ec3b
build/swiftpm/checkouts/swift-syntax/Sources/SwiftSyntax/Assert.swift	b310fb2a7bac5608f7e35ada9721765fcfddb38f033031cb11c67e3f6650e985
build/swiftpm/checkouts/swift-syntax/Sources/SwiftSyntax/BumpPtrAllocator.swift	bb254e442cded9f6760be5696afa8fdce06d9acda98f5278d7c152c7fcfe798d
build/swiftpm/checkouts/swift-syntax/Sources/SwiftSyntax/CMakeLists.txt	1e4d57baf3414e7062b152ea6bd56c694d13c1bcdd284f69c73b8702badc29bc
build/swiftpm/checkouts/swift-syntax/Sources/SwiftSyntax/CommonAncestor.swift	3a5997ed7212715beb307f6babfc03ae0d94648959022e315bc820625d7b59f8
build/swiftpm/checkouts/swift-syntax/Sources/SwiftSyntax/Convenience.swift	105afc6c945fe6930faa494994a3cf068d27f9e8e2d3ab4e635f23e7741492ee
build/swiftpm/checkouts/swift-syntax/Sources/SwiftSyntax/CustomTraits.swift	0d5434c76d9abd63a660ff5f5eb29ca7ba80f273b17811c5a53c7ec1a54cc575
build/swiftpm/checkouts/swift-syntax/Sources/SwiftSyntax/Documentation.docc/Glossary.md	5d482f836393e74fea5a934c49d2d46509d9d113bb3ecc891215ce986f33ac66
build/swiftpm/checkouts/swift-syntax/Sources/SwiftSyntax/Documentation.docc/Info.plist	23671f6091e205629e3465d943b699a7e89545df2f414246eca694e5ec9b8f4e
build/swiftpm/checkouts/swift-syntax/Sources/SwiftSyntax/Documentation.docc/Macro Versioning.md	ca8f0eb9ce10a031a03699313ff51ac96a998e92327887bdb0bae45727d9f630
build/swiftpm/checkouts/swift-syntax/Sources/SwiftSyntax/Documentation.docc/RawSyntaxValidation.md	5eb415a0a491d07831f7a5a4a5f5335785ff4f35848c3284bed463354242549e
build/swiftpm/checkouts/swift-syntax/Sources/SwiftSyntax/Documentation.docc/Resources/Formatter.step1.swift	5bb2f8234a71c1bc255ab1befb1ca0f2a75d55a023dd99e1a6696a1cfd10da81
build/swiftpm/checkouts/swift-syntax/Sources/SwiftSyntax/Documentation.docc/Resources/Formatter.step10.swift	0ece63729824564b6668d6e193342381512cf06ba021eba877e24cf9eb796dd1
build/swiftpm/checkouts/swift-syntax/Sources/SwiftSyntax/Documentation.docc/Resources/Formatter.step11.swift	2521929239f48a577dcd1a3dedfa9ac3e16e19655f4d908ef80355ccd46d7910
build/swiftpm/checkouts/swift-syntax/Sources/SwiftSyntax/Documentation.docc/Resources/Formatter.step2.swift	61d51188891b8585bda0edd6e892f7b83ce7bedd199fc301e9037d8342ba5778
build/swiftpm/checkouts/swift-syntax/Sources/SwiftSyntax/Documentation.docc/Resources/Formatter.step3.swift	d2717cc9fcdd8cc7323ed5c591a39722fbcb98ec1b2405c6cbd7313f10081c4e
build/swiftpm/checkouts/swift-syntax/Sources/SwiftSyntax/Documentation.docc/Resources/Formatter.step4.swift	a5f60846a2f26c52cf184c294a45e314d9c1f4d4d9cddcb24cae3ce89350988d
build/swiftpm/checkouts/swift-syntax/Sources/SwiftSyntax/Documentation.docc/Resources/Formatter.step5.swift	31cf6c603650ca80ad2a73f4d1dc686560bc3c8b2b46d93f32f3f269c338302d
build/swiftpm/checkouts/swift-syntax/Sources/SwiftSyntax/Documentation.docc/Resources/Formatter.step6.swift	90dd671d8e82ff41223405028367d0205a10b575f000e4c8e9629984b650a715
build/swiftpm/checkouts/swift-syntax/Sources/SwiftSyntax/Documentation.docc/Resources/Formatter.step7.swift	5c5eab857fcbeb49ae5071571eeef329e0d574b770adc178458fd63a1cfbda43
build/swiftpm/checkouts/swift-syntax/Sources/SwiftSyntax/Documentation.docc/Resources/Formatter.step8.swift	e296d92314152ed6c7f4ac42f85c61876a3cac6ae303533b4bdf06da7b877db8
build/swiftpm/checkouts/swift-syntax/Sources/SwiftSyntax/Documentation.docc/Resources/Formatter.step9.swift	c6e9a4dc40772195a78b3626f198fb20f37fd7a0fcebc4fdfd6258afab962db1
build/swiftpm/checkouts/swift-syntax/Sources/SwiftSyntax/Documentation.docc/Resources/Package.step1.swift	51493b16a1bc292a250acf0f959d935f5fbf2b5516215ea2dfb06f87109ef74f
build/swiftpm/checkouts/swift-syntax/Sources/SwiftSyntax/Documentation.docc/Resources/Package.step2.swift	6a9445248c6cd2a42204edf842d5bc391399038451cb013700f40754be28f96d
build/swiftpm/checkouts/swift-syntax/Sources/SwiftSyntax/Documentation.docc/Resources/Package.step3.swift	8acbfc4ed4f907d49ea789ff9ce6abd4fb03c9933f7704326d3f2fd2a16b8b47
build/swiftpm/checkouts/swift-syntax/Sources/SwiftSyntax/Documentation.docc/Resources/Package.step4.swift	f032247bfddf34bf9e912ffb885c2ebf8f90accbff6ef7d4c0753122cd5edbba
build/swiftpm/checkouts/swift-syntax/Sources/SwiftSyntax/Documentation.docc/Resources/Package.step5.swift	5293ec49985d24a33da074dd0ee09249791d0f7f3712609a6537edfa9b19f184
build/swiftpm/checkouts/swift-syntax/Sources/SwiftSyntax/Documentation.docc/Resources/importformatter-package-project.png	381506d855a368550f65a4e5a79950d8200d46e526e6f4ca982b2834d96e964d
build/swiftpm/checkouts/swift-syntax/Sources/SwiftSyntax/Documentation.docc/Resources/swift-syntax.png	392837b8d65ecf0905f9b399f8d4e887e867507e61533fa6d91cc987518bf8c8
build/swiftpm/checkouts/swift-syntax/Sources/SwiftSyntax/Documentation.docc/Resources/swift-syntax@2x.png	392837b8d65ecf0905f9b399f8d4e887e867507e61533fa6d91cc987518bf8c8
build/swiftpm/checkouts/swift-syntax/Sources/SwiftSyntax/Documentation.docc/Tutorials/SwiftSyntax By Example.tutorial	8e0fb604905c1635c650e9dff50911c9814d9495e157d86dd4c243f7aea277f7
build/swiftpm/checkouts/swift-syntax/Sources/SwiftSyntax/Documentation.docc/Tutorials/Tutorial Table of Contents.tutorial	094cc3d8c73ec633dea1f81e8b9d2f7bf73530a50769bf0af7fbb80de7072067
build/swiftpm/checkouts/swift-syntax/Sources/SwiftSyntax/Documentation.docc/Working with SwiftSyntax.md	259d0350cd8f6dd6dd1d089316d4c741007c385a99828d833409de195701357c
build/swiftpm/checkouts/swift-syntax/Sources/SwiftSyntax/Documentation.docc/generated/SwiftSyntax.md	5ad27f49fd77389e71731926c403e71737be24723ad549e6d476c3a83f6dfb06
build/swiftpm/checkouts/swift-syntax/Sources/SwiftSyntax/EditorPlaceholder.swift	0853de4bdb179ea382403c1ac397e9b54eecced167a8ff6aa8f159c155357a56
build/swiftpm/checkouts/swift-syntax/Sources/SwiftSyntax/Identifier.swift	480b253ac2445ca32eb6687fb284c326732d1f5f41fa91848db7a6185baf7dae
build/swiftpm/checkouts/swift-syntax/Sources/SwiftSyntax/MemoryLayout.swift	0e67c6505b8621cd53d54dd8a822a0a907634ebdb023a520b78e824b33f855f0
build/swiftpm/checkouts/swift-syntax/Sources/SwiftSyntax/MissingNodeInitializers.swift	b2fd34ec13b1289fef71d0a790b894c36e2ab4f9c3568039ac7888e89bf323a4
build/swiftpm/checkouts/swift-syntax/Sources/SwiftSyntax/Raw/RawSyntax.swift	c8f4e74d106cb3040292bb94a5e7b937e5a7ea8dd5831550b2087a9f8ddf8b65
build/swiftpm/checkouts/swift-syntax/Sources/SwiftSyntax/Raw/RawSyntaxArena.swift	a690a1dbc3a656124195d4c2cc21c95c840526147472535376da8e97494701e0
build/swiftpm/checkouts/swift-syntax/Sources/SwiftSyntax/Raw/RawSyntaxLayoutView.swift	ffa2f42a689b9101343031b958cadbe4fd09dc3018d14e4e06f3c4054fd94f33
build/swiftpm/checkouts/swift-syntax/Sources/SwiftSyntax/Raw/RawSyntaxNodeProtocol.swift	0bde76394a202c6538c7bae62671ace855e4d096caf40129cde3cb29f31099eb
build/swiftpm/checkouts/swift-syntax/Sources/SwiftSyntax/Raw/RawSyntaxTokenView.swift	9bd32b5e1ccde36c0e9c803ad5e94aaaff37d76aa4d2163ea6311f2031b39228
build/swiftpm/checkouts/swift-syntax/Sources/SwiftSyntax/SourceEdit.swift	932121011eeebd456492ba54899636fa5fe47caee1074b0b7e6c8889a6448f95
build/swiftpm/checkouts/swift-syntax/Sources/SwiftSyntax/SourceLength.swift	16c025aaac9ead07486544fdc9df7bc34fce8aaaf9b52f146bf182fc74a1280b
build/swiftpm/checkouts/swift-syntax/Sources/SwiftSyntax/SourceLocation.swift	82db049bae6b38141140de5c6a10364aacfab1b189d83f3cb7eca7a2190d159e
build/swiftpm/checkouts/swift-syntax/Sources/SwiftSyntax/SourcePresence.swift	a4f16f5bfd00869102fc37075e657c554edab296bc3c0293b47acf4560f544c5
build/swiftpm/checkouts/swift-syntax/Sources/SwiftSyntax/SwiftSyntaxCompatibility.swift	c321b8eec6276c38a92f19e3d593db95a6248d1c8fdddddb1fe79b1fa22d5e01
build/swiftpm/checkouts/swift-syntax/Sources/SwiftSyntax/Syntax.swift	e96fc56dcddc04779f2261e59482a21280e06e891284736ad599b698bbcad6b0
build/swiftpm/checkouts/swift-syntax/Sources/SwiftSyntax/SyntaxChildren.swift	318d18b10a79bdb931e96b501febd63fd59f27354ffb365422df95559a68c7b4
build/swiftpm/checkouts/swift-syntax/Sources/SwiftSyntax/SyntaxCollection.swift	56ddab94053444d19813a7d917f2f9b3f3fb07f6998eaec9d4cd49257b7d51f4
build/swiftpm/checkouts/swift-syntax/Sources/SwiftSyntax/SyntaxHashable.swift	80222af0cb65fb8919373897ea5799fd7f1382ad40d68fdf95746a2c40210a62
build/swiftpm/checkouts/swift-syntax/Sources/SwiftSyntax/SyntaxIdentifier.swift	5a7e18bd3037cfdab8bbf6f153360081bf4ec6d3b7bba784253d7b10685d0ae1
build/swiftpm/checkouts/swift-syntax/Sources/SwiftSyntax/SyntaxNodeStructure.swift	8cb13869a46985ecadbdf32e18ca96942a51df96573deece35517e5020b7e91a
build/swiftpm/checkouts/swift-syntax/Sources/SwiftSyntax/SyntaxProtocol.swift	d1900bc8ac78abe7b560c0b400f682c39e90971619c281139f391e7a7ec89fe5
build/swiftpm/checkouts/swift-syntax/Sources/SwiftSyntax/SyntaxText.swift	7e4f28e77e8828bf5160b3412dea3f54077f0be199379d815534df63d4c10085
build/swiftpm/checkouts/swift-syntax/Sources/SwiftSyntax/SyntaxTreeViewMode.swift	61dd806faa4910c39c6cdfd99927e66854501f70804bd50b206e37815a61d186
build/swiftpm/checkouts/swift-syntax/Sources/SwiftSyntax/TokenDiagnostic.swift	db9ad44cfa0707d58273f1fd65920a53d9dd1f16850f1c45083466eb28f9b75a
build/swiftpm/checkouts/swift-syntax/Sources/SwiftSyntax/TokenSequence.swift	41387986cb243265dcd264dcb62132a5023d53f8eba050d2e9e0f732644565d4
build/swiftpm/checkouts/swift-syntax/Sources/SwiftSyntax/TokenSyntax.swift	de7f422249a7e038559bdaccbd9f807134a7b2f7d170d1dd5dc3a71eef693501
build/swiftpm/checkouts/swift-syntax/Sources/SwiftSyntax/Trivia.swift	e8134f35f6577653700594ab6f8a3a689e1bf1d95fac2ffb1cf471a17bcb3b48
build/swiftpm/checkouts/swift-syntax/Sources/SwiftSyntax/Utils.swift	e48295d6078c671267ccd1e6171f2bb9516ebbc98b3971d0d2c29de213678e6e
build/swiftpm/checkouts/swift-syntax/Sources/SwiftSyntax/generated/ChildNameForKeyPath.swift	ac1d670c8caea8f3b9f4a5d80133af807a004a59fbc8e6249337e68d6c62bf40
build/swiftpm/checkouts/swift-syntax/Sources/SwiftSyntax/generated/Keyword.swift	35fb8a9bab2c4a92c6bd4588bb99faf3a0cc9f6c0cbced473e0cbe40cfe3de02
build/swiftpm/checkouts/swift-syntax/Sources/SwiftSyntax/generated/RenamedChildrenCompatibility.swift	425dc41920636d3eb2cbc50d53967d184745f9a82bdc4fdbab9187f2ef4b1a64
build/swiftpm/checkouts/swift-syntax/Sources/SwiftSyntax/generated/RenamedNodesCompatibility.swift	c459397a4c36a674b50f634e9d67fa8977e811d53567fa64596affacc1ea6bee
build/swiftpm/checkouts/swift-syntax/Sources/SwiftSyntax/generated/SyntaxAnyVisitor.swift	a431ef7cda6f3b038c98b034e51a3c4916174c0a0563cf7f7906264d1d00d2a4
build/swiftpm/checkouts/swift-syntax/Sources/SwiftSyntax/generated/SyntaxBaseNodes.swift	dbd17d74c18180bc3bf9bd4613e419aeb6e0e12b37a827e6a43717dc4d8152f4
build/swiftpm/checkouts/swift-syntax/Sources/SwiftSyntax/generated/SyntaxCollections.swift	2c586ff4213bc3432bb3554cb30de54c59dfceb28905ea330a8227f1489b7f73
build/swiftpm/checkouts/swift-syntax/Sources/SwiftSyntax/generated/SyntaxEnum.swift	f206747f91475a5a97eb8ca45365259d1b67e232e141f71734d5cced30d31483
build/swiftpm/checkouts/swift-syntax/Sources/SwiftSyntax/generated/SyntaxKind.swift	74ec03ffffcb5f6a440a42c3fb0664c98e096a39002b50acac224ab1ef6b6e56
build/swiftpm/checkouts/swift-syntax/Sources/SwiftSyntax/generated/SyntaxRewriter.swift	d8b62c3398a8833d36dceff5ea22a564980c8db63b060b7ffc6fef1e350b4656
build/swiftpm/checkouts/swift-syntax/Sources/SwiftSyntax/generated/SyntaxTraits.swift	b35cb25ce6f3fd297d03b12891cd695156f90a3077093502665a9d1fcff5164f
build/swiftpm/checkouts/swift-syntax/Sources/SwiftSyntax/generated/SyntaxVisitor.swift	4596282cda95dca205563aca8458e296b1f2f52e6e55353ef60ac7c5b5723b6b
build/swiftpm/checkouts/swift-syntax/Sources/SwiftSyntax/generated/TokenKind.swift	227391168c61f2af43aac452b2973428db7a0bfa2f4f3d0234d85b742c41083f
build/swiftpm/checkouts/swift-syntax/Sources/SwiftSyntax/generated/Tokens.swift	80bbb1b19fc78c0f97a919bb938e85ad2ac97a93ddca12d4034841834e4c3b5e
build/swiftpm/checkouts/swift-syntax/Sources/SwiftSyntax/generated/TriviaPieces.swift	9e9b71275555458543056c037c5d6b67e293b60518f816eaf0e5b239e78b54a3
build/swiftpm/checkouts/swift-syntax/Sources/SwiftSyntax/generated/raw/RawSyntaxNodesAB.swift	7871f2614c52d1bede788f6b4460ca48f7929bfab475605ca8ccfe3286f91f1a
build/swiftpm/checkouts/swift-syntax/Sources/SwiftSyntax/generated/raw/RawSyntaxNodesC.swift	0a645f62f2c8699fc43be9d35e772cd0d918233e8f1c093bd5010c94c21aaad0
build/swiftpm/checkouts/swift-syntax/Sources/SwiftSyntax/generated/raw/RawSyntaxNodesD.swift	cf611804b20e6e5f55e440376c00ce98c8f64f3b585bf31f8655c78c9307b56f
build/swiftpm/checkouts/swift-syntax/Sources/SwiftSyntax/generated/raw/RawSyntaxNodesEF.swift	e3fcfdfa1e00a7a76a40c8006ad606bb25fe95bd8366b857160a0919f6cdc0ed
build/swiftpm/checkouts/swift-syntax/Sources/SwiftSyntax/generated/raw/RawSyntaxNodesGHI.swift	2351578be0561955dd4d31c7ffb67cff0f68a42cc3b18b49ef402dea1ed6f12d
build/swiftpm/checkouts/swift-syntax/Sources/SwiftSyntax/generated/raw/RawSyntaxNodesJKLMN.swift	cb2702ff9d7a7b37431350eff9aab8c9d943d9d308d3a24452b39fba919be615
build/swiftpm/checkouts/swift-syntax/Sources/SwiftSyntax/generated/raw/RawSyntaxNodesOP.swift	71f5268e3480d05a85c3c1b0d09f48ef3c7d5f175fb06574326b0aaf0c5e10bb
build/swiftpm/checkouts/swift-syntax/Sources/SwiftSyntax/generated/raw/RawSyntaxNodesQRS.swift	2a06d90b5fe94f0c9262c7405e19655924474da6982f683832da9d98f07ba3a8
build/swiftpm/checkouts/swift-syntax/Sources/SwiftSyntax/generated/raw/RawSyntaxNodesTUVWXYZ.swift	49cee29b0dcc304968ff1f1c93c87e46db3a9b5164f41fea8ad0cda9d15dd7ee
build/swiftpm/checkouts/swift-syntax/Sources/SwiftSyntax/generated/raw/RawSyntaxValidation.swift	a45690aea985bce4edfd6f6e5e31a128d6abb2460e468e61e72659cc435305ff
build/swiftpm/checkouts/swift-syntax/Sources/SwiftSyntax/generated/syntaxNodes/SyntaxNodesAB.swift	fe893e6af742b5dfb3bcc755d7e4a29bac62aa0a329b92cb9cf5a2c4c158e2ed
build/swiftpm/checkouts/swift-syntax/Sources/SwiftSyntax/generated/syntaxNodes/SyntaxNodesC.swift	d3c4e4b91e6dff5d359c6f803d592fe9e1eaa58d84e0d39dd16d761a199871ab
build/swiftpm/checkouts/swift-syntax/Sources/SwiftSyntax/generated/syntaxNodes/SyntaxNodesD.swift	223ce503ae47fc622622fd0699a0180dd345f2d4eba568d9d6c3b0d9bf12f593
build/swiftpm/checkouts/swift-syntax/Sources/SwiftSyntax/generated/syntaxNodes/SyntaxNodesEF.swift	226d3e5d0654a51b6f6ae468830e54b791218b3d60a38ace2437da02aa5776e6
build/swiftpm/checkouts/swift-syntax/Sources/SwiftSyntax/generated/syntaxNodes/SyntaxNodesGHI.swift	c6ac86749390c8f3547afa64d1af555b646d888f98ab75c774eff5f79c93718d
build/swiftpm/checkouts/swift-syntax/Sources/SwiftSyntax/generated/syntaxNodes/SyntaxNodesJKLMN.swift	b787d7b7aa180cbe29b31beb73670780f30463f3b8be27ac1b5c455c4e8dee81
build/swiftpm/checkouts/swift-syntax/Sources/SwiftSyntax/generated/syntaxNodes/SyntaxNodesOP.swift	1b4e1c0b4ad17b3b5eea62f8e64f6b184a0260335b4cad90aa912af2bbe338dc
build/swiftpm/checkouts/swift-syntax/Sources/SwiftSyntax/generated/syntaxNodes/SyntaxNodesQRS.swift	9fcaf78db3996cfd52475e1a40aab86c5bcbcc1737101e71032983cdce11344b
build/swiftpm/checkouts/swift-syntax/Sources/SwiftSyntax/generated/syntaxNodes/SyntaxNodesTUVWXYZ.swift	a5098d0bcdb12f7b5c9a57f96179eab6e5bee9ad180ed23b69b4f0011ba3b2a5
build/swiftpm/checkouts/swift-syntax/Sources/SwiftSyntaxBuilder/CMakeLists.txt	016a1aff1ad9f4f4885a67e21e4d044bb699a5e9b4c5a9264d7b9cfbd9995ed8
build/swiftpm/checkouts/swift-syntax/Sources/SwiftSyntaxBuilder/ConvenienceInitializers.swift	af2054f3da75dc9f7a1be2b1c8bc0433a088da2f82f66b28b2fa7eb83c15fe74
build/swiftpm/checkouts/swift-syntax/Sources/SwiftSyntaxBuilder/DeclSyntaxParseable.swift	e1a5328681d23541a06ef063de855dc176639983ff9692a0a52b18b99ecbc143
build/swiftpm/checkouts/swift-syntax/Sources/SwiftSyntaxBuilder/Documentation.docc/Index.md	a08831c4221eb7a1b80dde60e63ae94c0b226d53341d76a4cdf1489ff93464f9
build/swiftpm/checkouts/swift-syntax/Sources/SwiftSyntaxBuilder/Indenter.swift	3e0c6e58be1be61813162f30e7975c781f4b5176078411ef746c3915bc772759
build/swiftpm/checkouts/swift-syntax/Sources/SwiftSyntaxBuilder/ListBuilder.swift	4986582bb49240c4af3ec1722f129a5da362524137cfaf63a1b2be000027ecee
build/swiftpm/checkouts/swift-syntax/Sources/SwiftSyntaxBuilder/ResultBuilderExtensions.swift	c69dfe4843321ef4f162f7721b5cedd64e6203d9049614faf9904edb8665d9d1
build/swiftpm/checkouts/swift-syntax/Sources/SwiftSyntaxBuilder/SwiftSyntaxBuilderCompatibility.swift	4a580c57bce694440ef2719e60a344ec4f1595bc584467dec37811cbf4747528
build/swiftpm/checkouts/swift-syntax/Sources/SwiftSyntaxBuilder/Syntax+StringInterpolation.swift	977419d00727d3889c568aa3b3f82a5107f781dc16a9e9019a309b6deee24a02
build/swiftpm/checkouts/swift-syntax/Sources/SwiftSyntaxBuilder/SyntaxNodeWithBody.swift	08ff436761347f4ca5e8cf6bb923c6273f2f2c1f45f95364c8dd3ce5c69bddc9
build/swiftpm/checkouts/swift-syntax/Sources/SwiftSyntaxBuilder/SyntaxParsable+ExpressibleByStringInterpolation.swift	e4a9a1a6af34dfd22de3c2c5ce73d27cafd3f75a0d5cae4febbc6eb8b45ac4af
build/swiftpm/checkouts/swift-syntax/Sources/SwiftSyntaxBuilder/ValidatingSyntaxNodes.swift	86b9ce0c1fef14db4dd050294b8996a0f565d7b6c8e37f664937affc3348c94a
build/swiftpm/checkouts/swift-syntax/Sources/SwiftSyntaxBuilder/WithTrailingCommaSyntax+EnsuringTrailingComma.swift	0b8006e7cff796eb2b10f8ca33db1642d53e3e3fc2b89195f91df4b372164e14
build/swiftpm/checkouts/swift-syntax/Sources/SwiftSyntaxBuilder/generated/BuildableNodes.swift	932cb68a1cd95784edea37cd917cb5a107f992ab866b1bf1796322bc953ddc6f
build/swiftpm/checkouts/swift-syntax/Sources/SwiftSyntaxBuilder/generated/RenamedChildrenBuilderCompatibility.swift	511c9b6b6719931cd003218f04d65c64542476b5a3b3142e4191d9b8854a8a1b
build/swiftpm/checkouts/swift-syntax/Sources/SwiftSyntaxBuilder/generated/ResultBuilders.swift	b0f93418f4bdb48f1170c97e341615974234e2dc8cef3402e5331d8df51d5cbf
build/swiftpm/checkouts/swift-syntax/Sources/SwiftSyntaxBuilder/generated/SyntaxExpressibleByStringInterpolationConformances.swift	542328bbf4832bf12749821241748e690707dd309ffe1ba6aa3cd80a055089fb
build/swiftpm/checkouts/swift-syntax/Sources/SwiftSyntaxMacroExpansion/BasicMacroExpansionContext.swift	be76078440a350ed3c5cff5d696f29dcba26ea57a748fde7d1fea65c22e40378
build/swiftpm/checkouts/swift-syntax/Sources/SwiftSyntaxMacroExpansion/CMakeLists.txt	c75461ce8f43894b02a840ca2c27c64efb07b56060bacf340b86190b0d879496
build/swiftpm/checkouts/swift-syntax/Sources/SwiftSyntaxMacroExpansion/FunctionParameterUtils.swift	6f231b221f235e8d9b03ee028c2f6c110636f56780e640efe593f7f0f0eddda6
build/swiftpm/checkouts/swift-syntax/Sources/SwiftSyntaxMacroExpansion/IndentationUtils.swift	44b7e761bc9344e90a105a2c89b08a10a6692cdd725570fcc6f3f2be1650e0d8
build/swiftpm/checkouts/swift-syntax/Sources/SwiftSyntaxMacroExpansion/MacroArgument.swift	a2a30163575ab32c51184ab3991f8e581d9d58de9d095c89d3c6e1156da8801e
build/swiftpm/checkouts/swift-syntax/Sources/SwiftSyntaxMacroExpansion/MacroExpansion.swift	b13816fca994bf43d7ba1ad6e60acb284c71fec9299628287ee508f39aefbe53
build/swiftpm/checkouts/swift-syntax/Sources/SwiftSyntaxMacroExpansion/MacroExpansionDiagnosticMessages.swift	a22c39c26a668c7658b5d60d6d5b6847ce31d5edc5435c0e1ed3737cd648a06f
build/swiftpm/checkouts/swift-syntax/Sources/SwiftSyntaxMacroExpansion/MacroReplacement.swift	ea5db630910eef6b8d8d8665a3a1caae5639669d0fd3c9e3fb0c12452e7a207c
build/swiftpm/checkouts/swift-syntax/Sources/SwiftSyntaxMacroExpansion/MacroSpec.swift	24696d133ec4d27f5b4a132278f6ee1c38d2145b5965763a4f3462e4086d5892
build/swiftpm/checkouts/swift-syntax/Sources/SwiftSyntaxMacroExpansion/MacroSystem.swift	b82ff6db028861a7d534cb11af15f0d190a8776c1ceadebd7d7c01dda4ffd050
build/swiftpm/checkouts/swift-syntax/Sources/SwiftSyntaxMacros/AbstractSourceLocation.swift	190bb7c3d998d669c9fd3a81d2d8ef6f00e5c6a6faa5c9762c231f78108777e1
build/swiftpm/checkouts/swift-syntax/Sources/SwiftSyntaxMacros/CMakeLists.txt	08be611b74ad0214887d57add2742280949390990c1c633479233d68e30a883d
build/swiftpm/checkouts/swift-syntax/Sources/SwiftSyntaxMacros/MacroExpansionContext.swift	500a182236487f954041fdfd15465936b14b875bbc3b16f0928662eaa45dc4ab
build/swiftpm/checkouts/swift-syntax/Sources/SwiftSyntaxMacros/MacroExpansionDiagnosticMessages.swift	1f28b7d05d484c70f9f70a5c9415966390a1efac210133e0c1cecd45be612fe7
build/swiftpm/checkouts/swift-syntax/Sources/SwiftSyntaxMacros/MacroProtocols/AccessorMacro.swift	ff15d005b49ddf9e792d01d0b3289a64c962c767d938af470c566d9a942feb11
build/swiftpm/checkouts/swift-syntax/Sources/SwiftSyntaxMacros/MacroProtocols/AttachedMacro.swift	6e187aef334fb924b44bd70d18df9090ddc1595c68a14998ae6d3d567eaa8540
build/swiftpm/checkouts/swift-syntax/Sources/SwiftSyntaxMacros/MacroProtocols/BodyMacro.swift	0094b0f2670307b16e672162ce7085481027c5113fdd9f92090def64be87a768
build/swiftpm/checkouts/swift-syntax/Sources/SwiftSyntaxMacros/MacroProtocols/CodeItemMacro.swift	30d549ae6b88655a6203d23f4686187f3eca3bca250bfbf47cd76e25a00b4f0d
build/swiftpm/checkouts/swift-syntax/Sources/SwiftSyntaxMacros/MacroProtocols/DeclarationMacro.swift	1d626391d7e8f052ae359c948274636f86a777a199547217a5153adf81bdb586
build/swiftpm/checkouts/swift-syntax/Sources/SwiftSyntaxMacros/MacroProtocols/ExpressionMacro.swift	5c3891a1b6e53d6f0ed51bdf1ac634e82f848742a98c39802bff465bc33136df
build/swiftpm/checkouts/swift-syntax/Sources/SwiftSyntaxMacros/MacroProtocols/ExtensionMacro.swift	7ac52b9c3a23581ad29ab3a31f6369c77dd6afe09adc52c86ecf21a28b5c56cd
build/swiftpm/checkouts/swift-syntax/Sources/SwiftSyntaxMacros/MacroProtocols/FreestandingMacro.swift	f9adb1d584879db0bbd1d92840b70a012a3bf4182985df2ea56eb561a0c8cefd
build/swiftpm/checkouts/swift-syntax/Sources/SwiftSyntaxMacros/MacroProtocols/Macro+Format.swift	3e9a7237013286822bdfab0f18277cff937530bfd6f4cfbcd8ee9d3d4c0d6b11
build/swiftpm/checkouts/swift-syntax/Sources/SwiftSyntaxMacros/MacroProtocols/Macro.swift	5bd6bc729b9d4d6c183336cbdf3e5b10c7fc79eb689d3153a563beb1761a682d
build/swiftpm/checkouts/swift-syntax/Sources/SwiftSyntaxMacros/MacroProtocols/MemberAttributeMacro.swift	95442d6098a6bf6acae1df14f93ba5dceeabf76a711ba91c018c9d11ad2945f8
build/swiftpm/checkouts/swift-syntax/Sources/SwiftSyntaxMacros/MacroProtocols/MemberMacro.swift	f6d7e5ac5a98465b9387a18f850fa7dea5b1958c9a9dcd7b3f74c2d3c55fd38a
build/swiftpm/checkouts/swift-syntax/Sources/SwiftSyntaxMacros/MacroProtocols/PeerMacro.swift	1e7af008e8666a99d704303a15065b59bb4cd70442f8204da50c3466f0c53f75
build/swiftpm/checkouts/swift-syntax/Sources/SwiftSyntaxMacros/MacroProtocols/PreambleMacro.swift	48ec6580945857d6cf8c2e5968bf9152a176fd10a0d5863abe5d00954ced29fc
build/swiftpm/checkouts/swift-syntax/Sources/SwiftSyntaxMacros/SwiftSyntaxMacros.docc/Info.plist	48c419af9f6bfdfbd3e03cac8a824369ee97870dac295d328ec018a310820671
build/swiftpm/checkouts/swift-syntax/Sources/SwiftSyntaxMacros/SwiftSyntaxMacros.docc/SwiftSyntaxMacros.md	4b449348dac8c096e80a0b10ac4c818f6e1b12427b0208418f2d46e50555b3f8
build/swiftpm/checkouts/swift-syntax/Sources/SwiftSyntaxMacros/Syntax+LexicalContext.swift	5fdd1d4f4e76f1b825aa5397281100bde0013de1565d2d6d0b98efa8d8613619
build/swiftpm/checkouts/swift-syntax/Sources/SwiftSyntaxMacrosGenericTestSupport/Assertions.swift	0e2eb09269a9e89b7b58b3a0a67b70f9c005611b6fa545be3e931b6a45a0ef6e
build/swiftpm/checkouts/swift-syntax/Sources/SwiftSyntaxMacrosTestSupport/Assertions.swift	6cd533f958eeb160cf8fdf3fcf59fc7fc28eae110d8ff4e0ee4eea7df4d9ab16
build/swiftpm/checkouts/swift-syntax/Sources/SwiftWarningControl/CMakeLists.txt	0ea8042ea4a9250bce8df9b29d7d957e9c895bf5ab06f46aa6c949e8c16bd28d
build/swiftpm/checkouts/swift-syntax/Sources/SwiftWarningControl/DiagnosticGroupInheritanceTree.swift	260f5a142b707eac5aaf729bef70b5fa7695e47f7b349d10450605a06fe0b416
build/swiftpm/checkouts/swift-syntax/Sources/SwiftWarningControl/SwiftWarningControl.md	07a8a6c96e6dd8a3b584bebec55746360aaf270e7cdc4ff7fe90e4be8e074867
build/swiftpm/checkouts/swift-syntax/Sources/SwiftWarningControl/SyntaxProtocol+WarningControl.swift	22ab67bdf5ff64545bc8b0eaca496715ca4cc6791fe42f984231e5b15ba1674a
build/swiftpm/checkouts/swift-syntax/Sources/SwiftWarningControl/WarningControlDeclSyntax.swift	50a1274579198bd16c124c6e857ee5528e4c69801114f5ff8a308df9eb722018
build/swiftpm/checkouts/swift-syntax/Sources/SwiftWarningControl/WarningControlRegionBuilder.swift	ee6e6d77a67ca661e12db601df62aa232e746d488d18aa3612ba96f945bee4af
build/swiftpm/checkouts/swift-syntax/Sources/SwiftWarningControl/WarningControlRegions.swift	ac37c57160fed29e97af1a2a99c7f383846d008b1ad436ce93d65d339d1d0366
build/swiftpm/checkouts/swift-syntax/Sources/SwiftWarningControl/WarningGroupControl.swift	1a6e37c08951a3eb4ec884a7e3e7420aa3967ff046c928f4e1aafd8106f58ff5
build/swiftpm/checkouts/swift-syntax/Sources/VersionMarkerModules/CMakeLists.txt	0831e67cf8a95bd48602946ad1360b3ab141699fc82f1eb3c12725206da8c996
build/swiftpm/checkouts/swift-syntax/Sources/VersionMarkerModules/SwiftSyntax509/Empty.swift	486d5e1614902a67f1845333e5b423ee2a1a2fddfbb6f6677d0aad08285c9c74
build/swiftpm/checkouts/swift-syntax/Sources/VersionMarkerModules/SwiftSyntax510/Empty.swift	4472433e9ab9a1efb9f7078c9324c663e04cdef009ab6bde240303df8a38f242
build/swiftpm/checkouts/swift-syntax/Sources/VersionMarkerModules/SwiftSyntax600/Empty.swift	68bef2813bfff608a86668515b08b7403f81eaad881fd0a24ebad55625963275
build/swiftpm/checkouts/swift-syntax/Sources/VersionMarkerModules/SwiftSyntax601/Empty.swift	686249e3f05fe25c6ae79684ac5a7edc1aba4d20219b82fba08aead9854412b7
build/swiftpm/checkouts/swift-syntax/Sources/VersionMarkerModules/SwiftSyntax602/Empty.swift	eaa5929a2675797590a4c4729f6b3fb112039c3bf5714e66f0c87810c0262f20
build/swiftpm/checkouts/swift-syntax/Sources/VersionMarkerModules/SwiftSyntax603/Empty.swift	cd3b234d8d94d3810cebad30118cde6c10d4d40d1cda7e028b3aab94273d8537
build/swiftpm/checkouts/swift-syntax/Sources/_InstructionCounter/include/InstructionsExecuted.h	a0586fcd9ffd8f765fe32d6a69187419daac4aa72252e80d77aac7efdc5f340f
build/swiftpm/checkouts/swift-syntax/Sources/_InstructionCounter/src/InstructionsExecuted.c	b81f2c39585511723f73a887a9bc90c8289c150ad2de1a883954e6c398bc1a53
build/swiftpm/checkouts/swift-syntax/Sources/_SwiftLibraryPluginProviderCShims/CMakeLists.txt	bcee49450ea82dfd8101cbac8d69645ad713c59c963384c4d17ae92cb897d747
build/swiftpm/checkouts/swift-syntax/Sources/_SwiftLibraryPluginProviderCShims/LoadLibrary.c	b2ec7c509d9cf8985ebae56a7a0560ff6a1077893a552ac587d8f84b486d4569
build/swiftpm/checkouts/swift-syntax/Sources/_SwiftLibraryPluginProviderCShims/include/LoadLibrary.h	1730863a12d0133f0831ab5a21f4d64614a614140ffbb1cea85adb728263f634
build/swiftpm/checkouts/swift-syntax/Sources/_SwiftLibraryPluginProviderCShims/include/module.modulemap	e0ac78364c2e9049af8bd852656cac2185156a608e9fbf5c4d362a8ce1219e26
build/swiftpm/checkouts/swift-syntax/Sources/_SwiftSyntaxCShims/CMakeLists.txt	a463736c24156782157c5a10dbfc7c17aa8879dd62a712c72fca9e8a093fac83
build/swiftpm/checkouts/swift-syntax/Sources/_SwiftSyntaxCShims/PlatformMutex.c	89f44c72f0f8c50207b9b3aa4811f8d3e5f1d17d936aea11e15d6b0333fbeb50
build/swiftpm/checkouts/swift-syntax/Sources/_SwiftSyntaxCShims/include/Atomics.h	7ae04c18d0928732fa9ae91232f70091cfc94a02bf5a2cc1127351976301ae93
build/swiftpm/checkouts/swift-syntax/Sources/_SwiftSyntaxCShims/include/PlatformMutex.h	8d150395b6b91622ab97fed301c0aec5bb316734ad79666a221023a545db262a
build/swiftpm/checkouts/swift-syntax/Sources/_SwiftSyntaxCShims/include/SwiftSyntaxCShims.h	07405be6c63654f5c025452b61d135abb71ed74bd90db4838b22086937bf9e00
build/swiftpm/checkouts/swift-syntax/Sources/_SwiftSyntaxCShims/include/_bridging.h	cb3f6adea458ebd6061d2a0fd3c34111f6e7f49dec5e2ceefb6e4632141f9404
build/swiftpm/checkouts/swift-syntax/Sources/_SwiftSyntaxCShims/include/_includes.h	b9ac5437a150285824472d65c6c417f335e6f6700de85a538e0556d9b385c1bb
build/swiftpm/checkouts/swift-syntax/Sources/_SwiftSyntaxCShims/include/module.modulemap	cc2aed73f372d241ab3459159b0848d4abfd51a3f28bdada9b32a2fe469b207b
build/swiftpm/checkouts/swift-syntax/Sources/_SwiftSyntaxCShims/include/swiftsyntax_errno.h	76ffcb83e63dcbbec52aa26708d51f560de89e8cabb52b15e51adc9cfb5da3d8
build/swiftpm/checkouts/swift-syntax/Sources/_SwiftSyntaxCShims/include/swiftsyntax_stdio.h	cda57a627b21afddbe4cdfd473d7eec00c824899e4e287a10cff34bb7d0f7c67
build/swiftpm/checkouts/swift-syntax/Sources/_SwiftSyntaxGenericTestSupport/AssertEqualWithDiff.swift	13b1372b267eb2d6f0361ba61b26fca70cb82088e0a6bb4ea81a8474dfbca174
build/swiftpm/checkouts/swift-syntax/Sources/_SwiftSyntaxGenericTestSupport/String+TrimmingTrailingWhitespace.swift	b4c1e4a45644a21bdff8bf3fbce45ffc49a44bfbfd4323d178987a63e3a954b9
build/swiftpm/checkouts/swift-syntax/Sources/_SwiftSyntaxTestSupport/AssertEqualWithDiff.swift	02f8f8ca6326b9d35d3a945ecb14272e78f83e5dcd4ed1cf6364cfb7e738566d
build/swiftpm/checkouts/swift-syntax/Sources/_SwiftSyntaxTestSupport/IncrementalParseTestUtils.swift	153d65a3a63300f958f9a50bf0d9bb9f29dc7e8a2b204fd1f33b5c8ca9b502cf
build/swiftpm/checkouts/swift-syntax/Sources/_SwiftSyntaxTestSupport/LocationMarkers.swift	122ff4e17a0976184bcdfc465ac79f46f78ad9918f3d530aafdf46d4570454ee
build/swiftpm/checkouts/swift-syntax/Sources/_SwiftSyntaxTestSupport/LongTestsDisabled.swift	b29dd8874d26a0e5f3766ee1d38520f4b4df7bfb489e2c48440e5b293b90b7f0
build/swiftpm/checkouts/swift-syntax/Sources/_SwiftSyntaxTestSupport/Syntax+Assertions.swift	037d43555925efa377f1ea9f7d5773562911e56d94ec8ffa7d87d9d3ac39c5fa
build/swiftpm/checkouts/swift-syntax/Sources/_SwiftSyntaxTestSupport/SyntaxComparison.swift	1e2762e4ff0ef0661bab398b3978080a3df28cda54cc0caf1b6d5c1afd27bd29
build/swiftpm/checkouts/swift-syntax/Sources/_SwiftSyntaxTestSupport/SyntaxProtocol+Initializer.swift	41c7f4352af8d9bc5ba583ffe2838411edd5e9b5b5fc773d56444e03aac52487
build/swiftpm/checkouts/swift-syntax/SwiftParserCLI/Package.swift	7568b38499b6e75cfc54c2764d2be9ae379cea9b376996080c843037529ecccc
build/swiftpm/checkouts/swift-syntax/SwiftParserCLI/README.md	746aec2bc1b992f59f424a2afd948953539018c1aff3c4390941ac95618a7dcf
build/swiftpm/checkouts/swift-syntax/SwiftParserCLI/Sources/InstructionCounter/include/InstructionsExecuted.h	a0586fcd9ffd8f765fe32d6a69187419daac4aa72252e80d77aac7efdc5f340f
build/swiftpm/checkouts/swift-syntax/SwiftParserCLI/Sources/InstructionCounter/src/InstructionsExecuted.c	b81f2c39585511723f73a887a9bc90c8289c150ad2de1a883954e6c398bc1a53
build/swiftpm/checkouts/swift-syntax/SwiftParserCLI/Sources/swift-parser-cli/BasicFormat.swift	b8f1dbee568d3d1c9af68eef6082f563896fd0a6d3bcf48524e4a470306f1822
build/swiftpm/checkouts/swift-syntax/SwiftParserCLI/Sources/swift-parser-cli/Commands/PerformanceTest.swift	ffd89a3f8004e098fe59f23820997bc6752776d95ee993fdeb24a989283e7494
build/swiftpm/checkouts/swift-syntax/SwiftParserCLI/Sources/swift-parser-cli/Commands/Print.swift	cddaff1f8c9fe4e15beaf6312bfdb8f375fb369c48b7719bd4f94be88e17af87
build/swiftpm/checkouts/swift-syntax/SwiftParserCLI/Sources/swift-parser-cli/Commands/PrintDiags.swift	e6573d29e690f9f1bac634ccb3edbd38a36b988e7d534edb7dd3f9d991417931
build/swiftpm/checkouts/swift-syntax/SwiftParserCLI/Sources/swift-parser-cli/Commands/PrintTree.swift	ca186c986e0b8677a3b6f441e323f522316254a218c86b1b00b2da0e60f566bf
build/swiftpm/checkouts/swift-syntax/SwiftParserCLI/Sources/swift-parser-cli/Commands/Reduce.swift	f10c245eba0b7ed6aa70f97922cdcd7e78f47d5209161a920c415a708e7b9084
build/swiftpm/checkouts/swift-syntax/SwiftParserCLI/Sources/swift-parser-cli/Commands/VerifyRoundTrip.swift	760d67d38654f5dcff90156ae8ff12f592ec7b9dabec43aac68de7582e509b7f
build/swiftpm/checkouts/swift-syntax/SwiftParserCLI/Sources/swift-parser-cli/ParseCommand.swift	c54bff67308daa1f5c9a6d12341a3d3d9eff1f5c119c9349032f90a8ad5fd8f3
build/swiftpm/checkouts/swift-syntax/SwiftParserCLI/Sources/swift-parser-cli/SyntaxUtils.swift	3af5f7182a14101e2073f8f822620ddd7c37cdb38a5712a01c7037f535d9e9ee
build/swiftpm/checkouts/swift-syntax/SwiftParserCLI/Sources/swift-parser-cli/TerminalUtils.swift	e81d7ab28bb2fbc753072561fc8a33c95e8963819691ade39a4d07aaf9293b39
build/swiftpm/checkouts/swift-syntax/SwiftParserCLI/Sources/swift-parser-cli/Utils.swift	66387329a9e8f490b83af58247588a5f45990db920b27c2e1420b46c94fdc529
build/swiftpm/checkouts/swift-syntax/SwiftParserCLI/Sources/swift-parser-cli/swift-parser-cli.swift	22b1a7f7b3ad0047315cc683dec748c9d631141e7dbe716ae8c9930e87a3b11c
build/swiftpm/checkouts/swift-syntax/SwiftSyntaxDevUtils/Package.swift	bd9d44b808ff96dc499b9b70581dfa9bb6ad957e8a166beb10a30d91b3692795
build/swiftpm/checkouts/swift-syntax/SwiftSyntaxDevUtils/README.md	a6059afceb9655609271980ffb7c4850945818de73531eb86b8b28fc37bdcb17
build/swiftpm/checkouts/swift-syntax/SwiftSyntaxDevUtils/Sources/swift-syntax-dev-utils/SwiftSyntaxDevUtils.swift	fd0a10d062620f503202beffcab67b860b6d17445cc282c47ca26f4fe06b59b3
build/swiftpm/checkouts/swift-syntax/SwiftSyntaxDevUtils/Sources/swift-syntax-dev-utils/commands/Build.swift	3db69086b1891676b931e063d0f21de768f131b0d2693a90b5690ed2c8f25a25
build/swiftpm/checkouts/swift-syntax/SwiftSyntaxDevUtils/Sources/swift-syntax-dev-utils/commands/GenerateSourceCode.swift	1eaa234d0262eefc78d67aa69906a657740d41faac08e3b574be540cf07973aa
build/swiftpm/checkouts/swift-syntax/SwiftSyntaxDevUtils/Sources/swift-syntax-dev-utils/commands/LocalPrPrecheck.swift	81ae56f405e2ca4dcd56664d09fd24136d665a87cced5ffa691f611de855c2db
build/swiftpm/checkouts/swift-syntax/SwiftSyntaxDevUtils/Sources/swift-syntax-dev-utils/commands/Test.swift	c6fc351949856b0b83d4ef8e8da55ceac6b86a41adeefb39997c80f6ce9090bb
build/swiftpm/checkouts/swift-syntax/SwiftSyntaxDevUtils/Sources/swift-syntax-dev-utils/commands/VerifySourceCode.swift	01f948b3451c3c5b9e68c08bb81432587eb8556923e6dacf3482a99b62caf96b
build/swiftpm/checkouts/swift-syntax/SwiftSyntaxDevUtils/Sources/swift-syntax-dev-utils/common/BuildArguments.swift	0e420b62f600ba3023c7412e20cb37651f73b433c3bb6147acbdfc9fddc0638f
build/swiftpm/checkouts/swift-syntax/SwiftSyntaxDevUtils/Sources/swift-syntax-dev-utils/common/Logger.swift	04d23de7b6d50d92a95da3c2d2a28075fb77a3b6b61ee06d0d864718c8d7a6cd
build/swiftpm/checkouts/swift-syntax/SwiftSyntaxDevUtils/Sources/swift-syntax-dev-utils/common/Paths.swift	48ecffa06d8f84a22f893d792bf132de6183f2a813693bca5294c24e82079dfa
build/swiftpm/checkouts/swift-syntax/SwiftSyntaxDevUtils/Sources/swift-syntax-dev-utils/common/ProcessRunner.swift	16d9621e99a573a170cde4134fd8dd6e99852ce409051d7697b5465435a50c4f
build/swiftpm/checkouts/swift-syntax/SwiftSyntaxDevUtils/Sources/swift-syntax-dev-utils/common/ScriptExectutionError.swift	51293174f1ddcea4d274c936b8f547361d4646876fb8a6e0afe32435fbaf66bb
build/swiftpm/checkouts/swift-syntax/SwiftSyntaxDevUtils/Sources/swift-syntax-dev-utils/common/SourceCodeGeneratorArguments.swift	a0c3e3324264645f6ac5793721d56a845bcc98ab1087210b0c58464440eebec2
build/swiftpm/checkouts/swift-syntax/SwiftSyntaxDevUtils/Sources/swift-syntax-dev-utils/common/SwiftPMBuilder.swift	85b697878ef812c53138238531148c63b596944e75f5d17443f15e628c5ef91b
build/swiftpm/checkouts/swift-syntax/SwiftSyntaxDevUtils/Sources/swift-syntax-dev-utils/common/Utils.swift	0ea6e36b4a93cf57efadb8b79a5850b18f99b3f67f127194bb8979338150b132
build/swiftpm/checkouts/swift-syntax/Tests/PerformanceTest/Inputs/MinimalCollections.swift.input	61477ad73e6513e4d4b69c648e9d7b65ec11e74694a79155d60f21d54e22ca41
build/swiftpm/checkouts/swift-syntax/Tests/PerformanceTest/InstructionsCountAssertion.swift	a0ec39bfc9b2734834880fa8029a7accfe9c04cb1f11a0e4d3df43d4d6bd54eb
build/swiftpm/checkouts/swift-syntax/Tests/PerformanceTest/ParsingPerformanceTests.swift	c5e27d19997e48ed8fdbd2fead5a50ab37e6f52f52ed2376cd47d1358a0c7ef7
build/swiftpm/checkouts/swift-syntax/Tests/PerformanceTest/SyntaxClassifierPerformanceTests.swift	7b1f2a900e3b63b5d604a5cee830cbf33f009eeecd74157389b0aae79a825243
build/swiftpm/checkouts/swift-syntax/Tests/PerformanceTest/VisitorPerformanceTests.swift	aef7d48f2c45b228f86238be7230ca82a62de6b51c2675fadd3d40fde75774a8
build/swiftpm/checkouts/swift-syntax/Tests/SwiftBasicFormatTest/BasicFormatTests.swift	83c379544c3b88aa4d52a0b0464e5397a1ac9632f546f9621d6c41f3ae62cd9b
build/swiftpm/checkouts/swift-syntax/Tests/SwiftBasicFormatTest/IndentTests.swift	29273584728b4b29dec1a619153e17c053c5d40205882584a451c17454b695e3
build/swiftpm/checkouts/swift-syntax/Tests/SwiftBasicFormatTest/InferIndentationTests.swift	40304d5195a52d1756675f80d5e308c3241f5e016036f8571d176b14deffe0fd
build/swiftpm/checkouts/swift-syntax/Tests/SwiftCompilerPluginTest/CompilerPluginTests.swift	e5318985cb83d088d5864bb3890937b8628e68842c67b3dcc16e54bbdb17a496
build/swiftpm/checkouts/swift-syntax/Tests/SwiftCompilerPluginTest/JSONTests.swift	5aeb30c6e7ec58480977e303e68890a6e1307515291440a50ac8a0b29bf0112c
build/swiftpm/checkouts/swift-syntax/Tests/SwiftCompilerPluginTest/LRUCacheTests.swift	9fd10d86dadcf8555c82f806d8076b08dcda5c3cfc6d5ac70199694d2fd0aab4
build/swiftpm/checkouts/swift-syntax/Tests/SwiftDiagnosticsTest/DiagnosticDecorators/ANSIDiagnosticDecoratorTests.swift	49e742c180e7aa71fb587d4b03dafc8c46013c99cf44fadc7e4a5f2cb2e4dddb
build/swiftpm/checkouts/swift-syntax/Tests/SwiftDiagnosticsTest/DiagnosticDecorators/BasicDiagnosticDecoratorTests.swift	2a2703b7258cb771220cc3ae869adfe159b1b02ebd37e08a482907198c1ef390
build/swiftpm/checkouts/swift-syntax/Tests/SwiftDiagnosticsTest/DiagnosticFormatterTests.swift	0c378bef6e953048bdc06c8d06c31c49d115cd79fc7bce1f9b63cea1b2ca9ede
build/swiftpm/checkouts/swift-syntax/Tests/SwiftDiagnosticsTest/DiagnosticTestingUtils.swift	4cdc4fd45f466f1c272ffff9f1fa58c145edce460477990d49f8394138f343ad
build/swiftpm/checkouts/swift-syntax/Tests/SwiftDiagnosticsTest/FixItTests.swift	86e014748e17cfe820a5e592727e42758a27b60306e8c8484fec81d5f79cf3ae
build/swiftpm/checkouts/swift-syntax/Tests/SwiftDiagnosticsTest/GroupDiagnosticsFormatterTests.swift	c5fd9c730c26a599cb984d878786616563a8c00ab6577ebb2cba61a905c154e4
build/swiftpm/checkouts/swift-syntax/Tests/SwiftDiagnosticsTest/ParserDiagnosticsFormatterIntegrationTests.swift	d7aed00d283d90c694f0f9210c99b42a582afd2caba54e6bcb6874e5824f7cab
build/swiftpm/checkouts/swift-syntax/Tests/SwiftIDEUtilsTest/Assertions.swift	6d437202157ddd878857ae81623bf26e5101cc4018b2c1e2f53abc9f73605d54
build/swiftpm/checkouts/swift-syntax/Tests/SwiftIDEUtilsTest/ClassificationTests.swift	52f8d3583094c63b0453d4b5f8470f5131e134b5f5cfb3de42752f8b28a149e9
build/swiftpm/checkouts/swift-syntax/Tests/SwiftIDEUtilsTest/FixItApplierTests.swift	185853ea8ff8517c6e1118533397d49c8579dde39fb74a445192b7d18c99199e
build/swiftpm/checkouts/swift-syntax/Tests/SwiftIDEUtilsTest/NameMatcherTests.swift	1e43865ad7a0ee3f08a7e3d07bd34a19613172d757064957e34461a5e49eb01b
build/swiftpm/checkouts/swift-syntax/Tests/SwiftIfConfigTest/ActiveRegionTests.swift	7178e02ac86208a1ac72f467e0929caa9f7df5aed09be13656f46727e7490cba
build/swiftpm/checkouts/swift-syntax/Tests/SwiftIfConfigTest/EvaluateTests.swift	0e3986bbcf7cb1fc3d51886a0f00ef8f2d5b5b1758872549337cab5cb4d241f6
build/swiftpm/checkouts/swift-syntax/Tests/SwiftIfConfigTest/TestingBuildConfiguration.swift	64497733c75814ba4f4ba27cbb7a682141680061fa30b2c668ae533979a5b0f7
build/swiftpm/checkouts/swift-syntax/Tests/SwiftIfConfigTest/VisitorTests.swift	69e761488603ffc5acece3287183820cecb1264730578f566998821805ff968a
build/swiftpm/checkouts/swift-syntax/Tests/SwiftLexicalLookupTest/Assertions.swift	71ab214a9ba5b746da4116e5bcc3c2ae6d6f0294254971d069a35d884dcb1c6f
build/swiftpm/checkouts/swift-syntax/Tests/SwiftLexicalLookupTest/ExpectedName.swift	21ec195548131cc8ff3f311aa7b990a4d261dd13c3be1c29969a5e327fdb9601
build/swiftpm/checkouts/swift-syntax/Tests/SwiftLexicalLookupTest/MarkerExpectation.swift	37670d708bc29702e927aa2f5058aa8b1cb9d61830b6b212c13552852f9026dd
build/swiftpm/checkouts/swift-syntax/Tests/SwiftLexicalLookupTest/NameLookupTests.swift	8e5b1680876aa2e35d0a70875c3cd95eee6b4d33b37130baf66c6ee29b99bb3c
build/swiftpm/checkouts/swift-syntax/Tests/SwiftLexicalLookupTest/ResultExpectation.swift	7a04c1c8a2b51bb3c317257a6ea59dc9150fcf67bbbc3db9facc654359cf58dc
build/swiftpm/checkouts/swift-syntax/Tests/SwiftLexicalLookupTest/SimpleQueryTests.swift	ef516d373a52580b815f7ac73ff8ce2c1842d012ac5db87b94a949a9f64e7cb6
build/swiftpm/checkouts/swift-syntax/Tests/SwiftOperatorsTest/OperatorTableTests.swift	4d9c3cf554a927de056eb2f0ad9f4fcfc5531191358b0a9ab5e237d6e45e9ad7
build/swiftpm/checkouts/swift-syntax/Tests/SwiftOperatorsTest/SyntaxSynthesisTests.swift	c0242129cd6097e49310025d5ed56ba917ff6724c2cee18c4edb596eb439f8a1
build/swiftpm/checkouts/swift-syntax/Tests/SwiftParserDiagnosticsTest/DiagnosticInfrastructureTests.swift	75a3bf34122fa7c6bd7213e625ca9c1ee994db2cab325a703f9a6328395294b8
build/swiftpm/checkouts/swift-syntax/Tests/SwiftParserTest/AbsolutePositionTests.swift	e1e5951710a86b37e4c14b9918df2b96ccf1395e29fbd8a399be615a9c48b43f
build/swiftpm/checkouts/swift-syntax/Tests/SwiftParserTest/Assertions.swift	620311caf150ae35216afd37c67a8dfa9c28d76f443145a5a33b9d5d0010ca45
build/swiftpm/checkouts/swift-syntax/Tests/SwiftParserTest/AttributeTests.swift	9154d67f4b06b74989de4e5ab6498d5226703313be07acce010a7952575fa751
build/swiftpm/checkouts/swift-syntax/Tests/SwiftParserTest/AvailabilityTests.swift	7373bc391464e6feed262b0befc4eae2a7412d160c876fb09b2e2b6795c30966
build/swiftpm/checkouts/swift-syntax/Tests/SwiftParserTest/ClosureMissingInTests.swift	2eeeb397ca7587bf8f4f59c3bd10639a72010fb49a1e9237b3b0dc7b7ebb4cb4
build/swiftpm/checkouts/swift-syntax/Tests/SwiftParserTest/DeclarationTests.swift	867a939c9f5e636ca381ca364c3c44058d1ec34868c061702c88881e47e92294
build/swiftpm/checkouts/swift-syntax/Tests/SwiftParserTest/DirectiveTests.swift	33f7720595f93f4af5edb926dcfae6c903e6609ed5b6fa097ce1f10520731091
build/swiftpm/checkouts/swift-syntax/Tests/SwiftParserTest/DoExpressionTests.swift	edbc67979c2e91674a8f0e3cda0a90b9cb4dd9df7b01b842dd57ee6c6a9d3f75
build/swiftpm/checkouts/swift-syntax/Tests/SwiftParserTest/ExpressionInterpretedAsVersionTupleTests.swift	c199ea518296ea4708353cac3d28f0bf3d30cfabdf3ee1bbb1fe7e65013f29a5
build/swiftpm/checkouts/swift-syntax/Tests/SwiftParserTest/ExpressionTests.swift	a89eac9892a47c26c25f894af169419cf519cc4ea0e9eeaa81c9ac6c30783513
build/swiftpm/checkouts/swift-syntax/Tests/SwiftParserTest/ExpressionTypeTests.swift	7fccf5ab4af5ecaf0cf78127acd55143c40abb33e419caf3541de5f62d8c8486
build/swiftpm/checkouts/swift-syntax/Tests/SwiftParserTest/IncrementalParsingTests.swift	4d846a0dfd0e3ef6df176b9c1b585d219491cacfdcd4cf8ef1e8baed47181dba
build/swiftpm/checkouts/swift-syntax/Tests/SwiftParserTest/IsValidIdentifierTests.swift	a6b00650fad007aa30bf635368e2a1703bd781009d351d2e26387fcd005308a3
build/swiftpm/checkouts/swift-syntax/Tests/SwiftParserTest/LexerTests.swift	9513805999813091c04ac1f45f68f8ec1347a9431352a5c4b7e99d2a90905b85
build/swiftpm/checkouts/swift-syntax/Tests/SwiftParserTest/Parser+EntryTests.swift	9ecd2bdc11902d6a3e825e81aba9432e34882fbfe4d86eeaba39da2c4bcafdb7
build/swiftpm/checkouts/swift-syntax/Tests/SwiftParserTest/ParserTestCase.swift	a8c58be8fa8cb72ecb787295fd925fa51239687fc2c54406d3e6fb403d94c992
build/swiftpm/checkouts/swift-syntax/Tests/SwiftParserTest/ParserTests.swift	7e12de846867e6f1467afba136f3aec63d730d176a51e0dfa6e4df746e663294
build/swiftpm/checkouts/swift-syntax/Tests/SwiftParserTest/PatternTests.swift	9263d54c524f10c670a2189edcd3a295fda0b6820414fb231380962f9bbb2949
build/swiftpm/checkouts/swift-syntax/Tests/SwiftParserTest/RegexLiteralTests.swift	3fd26dac32f6fa78cab819247ff0f199431f7764a51b908c50dfee10c72dcb17
build/swiftpm/checkouts/swift-syntax/Tests/SwiftParserTest/SendingTest.swift	50db4d61ff9658c9049f3b87744cb239c5252e8900c57fc50c580ef1c5d47074
build/swiftpm/checkouts/swift-syntax/Tests/SwiftParserTest/SequentialToConcurrentEditTranslationTests.swift	1843e1bac4e96e724ab8f97f32f42b84759de47d736b1d20ba1145a8847d0439
build/swiftpm/checkouts/swift-syntax/Tests/SwiftParserTest/StatementTests.swift	5b54b38f1bff5456979f94c234a24de6850beb93126cee1febb6864256ea754b
build/swiftpm/checkouts/swift-syntax/Tests/SwiftParserTest/StringLiteralRepresentedLiteralValueTests.swift	830aa133ba474e0da866de020e22c804e1638a5ae2617cdd3618aeb4e1c76cb7
build/swiftpm/checkouts/swift-syntax/Tests/SwiftParserTest/ThenStatementTests.swift	38e529a2448852485da772f1e05b11e1497725042604179dc77f622af120a264
build/swiftpm/checkouts/swift-syntax/Tests/SwiftParserTest/TrailingCommaTests.swift	41c6541c6dccaad950ea296da5aa661d780986490996872cc1fed0bf2619bc84
build/swiftpm/checkouts/swift-syntax/Tests/SwiftParserTest/TriviaParserTests.swift	118419a4a7d3bf95514ff57a83784b4daa49a5c3a0095220da546e88d28c51fe
build/swiftpm/checkouts/swift-syntax/Tests/SwiftParserTest/TypeCompositionTests.swift	f4fd7f2b39f53989ab5c0a13bff5328d01589172d30ab4cd0ea1432c99d1e26d
build/swiftpm/checkouts/swift-syntax/Tests/SwiftParserTest/TypeMemberTests.swift	3270b789e48bfd16ca21121932d733b897af56830447d9c5fb35356b27829a81
build/swiftpm/checkouts/swift-syntax/Tests/SwiftParserTest/TypeMetatypeTests.swift	f832817a385210b601eb0d08bff4c09ccc96dbdcd25b03e03900c78a9a81982a
build/swiftpm/checkouts/swift-syntax/Tests/SwiftParserTest/TypeTests.swift	83b82e915d441cc3dffe1ab8584d3577aea50422d59128c534813e137f87e984
build/swiftpm/checkouts/swift-syntax/Tests/SwiftParserTest/Utils.swift	09539f19c66bc4289b3ee6308ccdf575af48d3fc886a6fa8c2ad0107e2945d6c
build/swiftpm/checkouts/swift-syntax/Tests/SwiftParserTest/ValueGenericsTests.swift	029933680610fcdb480541da7e11ec3405d7e727e2d1ba20d16ddb72de2fa977
build/swiftpm/checkouts/swift-syntax/Tests/SwiftParserTest/VariadicGenericsTests.swift	b4e8465438c9155d5b7e0671942f2ee07d6d4f2afe636b2e4c9f18c3f01fa807
build/swiftpm/checkouts/swift-syntax/Tests/SwiftParserTest/translated/ActorTests.swift	d9abe2040e19ec83c8eb6923d15205bf3c6f4181850945b6afc960247475a58e
build/swiftpm/checkouts/swift-syntax/Tests/SwiftParserTest/translated/AlwaysEmitConformanceMetadataAttrTests.swift	898617ed8f8e0e7dc35db26cd184e0cfb5148d6d0e88350fba797ac22f68e991
build/swiftpm/checkouts/swift-syntax/Tests/SwiftParserTest/translated/AsyncSyntaxTests.swift	ef9dbf2ddcdf8061c8dadd7ce10b60683560dfd7dd0f15572938226566ee8bc4
build/swiftpm/checkouts/swift-syntax/Tests/SwiftParserTest/translated/AsyncTests.swift	2d4d90330a713c7cc5c84ddcd0927911857bbd6a92c35321f6559f6af79903cb
build/swiftpm/checkouts/swift-syntax/Tests/SwiftParserTest/translated/AvailabilityQueryTests.swift	2b4db92bf411564deec3f900afcf7de2574f83e82ca814b7e2fd8f073d6bed9f
build/swiftpm/checkouts/swift-syntax/Tests/SwiftParserTest/translated/AvailabilityQueryUnavailabilityTests.swift	9d50a5358928951c13594be4afcdbeb54d57ba5b5b6311c665227168eadff4be
build/swiftpm/checkouts/swift-syntax/Tests/SwiftParserTest/translated/BorrowExprTests.swift	13c843ce9c719dca53769a7d85ad6fa7765010eae52b3397b9a5ed5f658aabb3
build/swiftpm/checkouts/swift-syntax/Tests/SwiftParserTest/translated/BraceRecoveryEofTests.swift	7a6972110ae99cb9884c2c3b1ceb75d1c274227596cd66e3a66902a070d5ea79
build/swiftpm/checkouts/swift-syntax/Tests/SwiftParserTest/translated/BuiltinBridgeObjectTests.swift	cc6bdfae9b71c449df633aa41ca0e67996de584bc0dca6832c8fe918f7baa785
build/swiftpm/checkouts/swift-syntax/Tests/SwiftParserTest/translated/BuiltinWordTests.swift	5edce5bf6a1151e4b5d68b171b6621ad7f9b683cebc8e0190532937bda71db9d
build/swiftpm/checkouts/swift-syntax/Tests/SwiftParserTest/translated/ConflictMarkersTests.swift	f9eb26ae4c2df16c91c746bea577bc3dfadab61ca615831fdb70ff973b0efb81
build/swiftpm/checkouts/swift-syntax/Tests/SwiftParserTest/translated/ConsecutiveStatementsTests.swift	673a6d6eb773f5f4ea88701d8e25602ae9aaf7f656d3e5dfa07dbe806cbbb594
build/swiftpm/checkouts/swift-syntax/Tests/SwiftParserTest/translated/CopyExprTests.swift	21d5d8139eea3a7aa20966d3b821982079f5a5ee688b384700d91273d1d55d64
build/swiftpm/checkouts/swift-syntax/Tests/SwiftParserTest/translated/DebuggerTests.swift	38515b69b8fbacc0d3740d15e1082bca18c1c94c9e27775425127cc9568092b3
build/swiftpm/checkouts/swift-syntax/Tests/SwiftParserTest/translated/DelayedExtensionTests.swift	5e35b5b50789042fc77b264d838e1b6602cd5bf28dad49b49fb8673b3fccf5d7
build/swiftpm/checkouts/swift-syntax/Tests/SwiftParserTest/translated/DeprecatedWhereTests.swift	79def49c947b14089957b1634687902691278f64bc12d44e16028c78b87a5414
build/swiftpm/checkouts/swift-syntax/Tests/SwiftParserTest/translated/DiagnoseAvailabilityTests.swift	3f080aae1a0e8b6f69782285bf3a3f5dffca8abfc33adea3b2f8559f97b58901
build/swiftpm/checkouts/swift-syntax/Tests/SwiftParserTest/translated/DiagnoseAvailabilityWindowsTests.swift	9d4027c2ce188ec2f7304a2c54ca9d77d37cde605a1b98a4984760ea0c0c6c90
build/swiftpm/checkouts/swift-syntax/Tests/SwiftParserTest/translated/DiagnoseDynamicReplacementTests.swift	492970e36844c8f5ffeb717fb2e19a531a56abff9e4dc81ca9028df50ef6e161
build/swiftpm/checkouts/swift-syntax/Tests/SwiftParserTest/translated/DiagnoseInitializerAsTypedPatternTests.swift	9a86b91e2978d201357dbbf16ec6f715a28f22060ba352d5ff4a4b3158efb477
build/swiftpm/checkouts/swift-syntax/Tests/SwiftParserTest/translated/DiagnosticMissingFuncKeywordTests.swift	2d443949b722a5c5533128508ae025eb1c664d00c2b3e589dcb3a92ea88edb9d
build/swiftpm/checkouts/swift-syntax/Tests/SwiftParserTest/translated/DollarIdentifierTests.swift	6f78ef8a839eea21117bfbe3d9c866823fb0b94340907a8e557e4ccee1873941
build/swiftpm/checkouts/swift-syntax/Tests/SwiftParserTest/translated/EffectfulPropertiesTests.swift	03129c25aae00ba0c5f43b75e94378af2c89bc47bfa01983485495227afc77ca
build/swiftpm/checkouts/swift-syntax/Tests/SwiftParserTest/translated/EnumElementPatternSwift4Tests.swift	56410d14a17d7d0497588badf154a5c267eda0aeedf8a42d0f0334e8c282b2f2
build/swiftpm/checkouts/swift-syntax/Tests/SwiftParserTest/translated/EnumTests.swift	cfd4c865cc5177619db02e9dec42ad8b7d4e21a7e4cd65eeefdcde5cd35f4c47
build/swiftpm/checkouts/swift-syntax/Tests/SwiftParserTest/translated/ErrorsTests.swift	fdc5672691884039f94ab8e2460250c96f4c31ac07fc8d72e3845cdb1db2bb1f
build/swiftpm/checkouts/swift-syntax/Tests/SwiftParserTest/translated/EscapedIdentifiersTests.swift	5f112ceaecfcd5827b263a723e4c48bba36e7f1fa940bd796371788bfd7f70f2
build/swiftpm/checkouts/swift-syntax/Tests/SwiftParserTest/translated/ForeachAsyncTests.swift	4a4d26389c4464e6b4690df9d9e3df0b6cd9d41a0c6926a420f5474618222904
build/swiftpm/checkouts/swift-syntax/Tests/SwiftParserTest/translated/ForeachTests.swift	32d5a22f5b21b8b77e0d47a227eb34aa250cb9bcb020c3156c0237c92ed70450
build/swiftpm/checkouts/swift-syntax/Tests/SwiftParserTest/translated/ForwardSlashRegexSkippingAllowedTests.swift	2b6a970944ac237dc5517b97a7d934e6e007cb375d4c59579f00501d23a8c815
build/swiftpm/checkouts/swift-syntax/Tests/SwiftParserTest/translated/ForwardSlashRegexSkippingInvalidTests.swift	2d4b244e25e264aad972d06736de4dc826c968ee954bcd1e9bb60d62081e5ce0
build/swiftpm/checkouts/swift-syntax/Tests/SwiftParserTest/translated/ForwardSlashRegexSkippingTests.swift	168383ae4211ff4287a54854d5304e17b170371a7467718322e84fc1be885ef4
build/swiftpm/checkouts/swift-syntax/Tests/SwiftParserTest/translated/ForwardSlashRegexTests.swift	c184d6c6ce50fbf2f257a28c8f865710401a376630438c6c6b804e5dc201548e
build/swiftpm/checkouts/swift-syntax/Tests/SwiftParserTest/translated/GenericDisambiguationTests.swift	18c4c44c2d706008578a6a62d5d211b7e153febe119da8df97e3c119286a05ba
build/swiftpm/checkouts/swift-syntax/Tests/SwiftParserTest/translated/GuardTests.swift	9643ca6c87e6baa34ad1e56b16523112610cc969225eece8bdfae496491efe44
build/swiftpm/checkouts/swift-syntax/Tests/SwiftParserTest/translated/GuardTopLevelTests.swift	ec52f0ccc522be5ddaf1971d807a5bd51334151e2f67baedd54155459d4847b7
build/swiftpm/checkouts/swift-syntax/Tests/SwiftParserTest/translated/HashbangLibraryTests.swift	1b7d127db5e6b502677d2a2ab8d6d5cbc5f421eb155dbb1fc7b8a038630edba0
build/swiftpm/checkouts/swift-syntax/Tests/SwiftParserTest/translated/HashbangMainTests.swift	7ae7af8372a916b5460aa1d741773aca9c6ac302e1e2b601f20786451f1c5ca1
build/swiftpm/checkouts/swift-syntax/Tests/SwiftParserTest/translated/IdentifiersTests.swift	51b289d4e96b259a279182646412d2f66d30c0a6287d18707bc52e95b4b66f4f
build/swiftpm/checkouts/swift-syntax/Tests/SwiftParserTest/translated/IfconfigExprTests.swift	f1e0ab47863f1bc08e7c8cb36bfad52837f795bf24872ba45b89147bd3a91e22
build/swiftpm/checkouts/swift-syntax/Tests/SwiftParserTest/translated/ImplicitGetterIncompleteTests.swift	35082d7fa0eec3d194bbfbc61ece6cc21ae66fb1ef90fed0a6cc9729e746cb54
build/swiftpm/checkouts/swift-syntax/Tests/SwiftParserTest/translated/InitDeinitTests.swift	19c81479f8a5430352e6c4b2fbb589fe92ed6cebbf99cc96f41b4417d5875da6
build/swiftpm/checkouts/swift-syntax/Tests/SwiftParserTest/translated/InvalidIfExprTests.swift	0546f9de314b9ecd98066c508f6bbdf7d3105c47807b31beebdc1961de2fb567
build/swiftpm/checkouts/swift-syntax/Tests/SwiftParserTest/translated/InvalidStringInterpolationProtocolTests.swift	f459b425394663a5a1440a82170acdf3b6e7e6ac9349d90e5c85220f9042bc8a
build/swiftpm/checkouts/swift-syntax/Tests/SwiftParserTest/translated/InvalidTests.swift	baccd11c35ab588ab3b39d6c10492bd7e77a24187ec03a4410bc8cdeea0143c9
build/swiftpm/checkouts/swift-syntax/Tests/SwiftParserTest/translated/MatchingPatternsTests.swift	eccf16a5fc91028ca159a17984776e4a7518915a50cd71e2abbdcea7d2415200
build/swiftpm/checkouts/swift-syntax/Tests/SwiftParserTest/translated/MetatypeObjectConversionTests.swift	fb2174587e7e06be84cf06002f2f411c0b65905e932a327688af4c4e3db9ec61
build/swiftpm/checkouts/swift-syntax/Tests/SwiftParserTest/translated/ModuleSelectorTests.swift	6e78263369e1b45966496a61f921d0bfce347a14a0d2a6c3dd82ed9b0d267b57
build/swiftpm/checkouts/swift-syntax/Tests/SwiftParserTest/translated/MoveExprTests.swift	5d45be360a8f23466f9ea9dd17229e6fb7ea9b7ac75fbe1c62ed779793428c67
build/swiftpm/checkouts/swift-syntax/Tests/SwiftParserTest/translated/MultilineErrorsTests.swift	7649cf8323b82d795aa3e24f85344d67c0e6fc27f7d9ef90c50db3c224108bcf
build/swiftpm/checkouts/swift-syntax/Tests/SwiftParserTest/translated/MultilinePoundDiagnosticArgRdar41154797Tests.swift	de051a7a7d51cac7e8f78d7b51a5f791d32aa31fec1dcc3a52fb3e9408918807
build/swiftpm/checkouts/swift-syntax/Tests/SwiftParserTest/translated/MultilineStringTests.swift	9698e469f02385dd25636d2bd220ea3e51b90d86fad7f2bcdf9b445b60b610e9
build/swiftpm/checkouts/swift-syntax/Tests/SwiftParserTest/translated/NoimplicitcopyAttrTests.swift	44c499134bd181a125bd22c5614d9bd61716e5483fe636955b667242e54a3fd1
build/swiftpm/checkouts/swift-syntax/Tests/SwiftParserTest/translated/NumberIdentifierErrorsTests.swift	8d8aaf62a56a9a44d6c7a044c762de1f82744a88d981021f9bb5f8c1e5d0971a
build/swiftpm/checkouts/swift-syntax/Tests/SwiftParserTest/translated/ObjcEnumTests.swift	f1d981d1f927325aced252c7c8c7170220d2ed8254365c09a406f79d53a489d7
build/swiftpm/checkouts/swift-syntax/Tests/SwiftParserTest/translated/ObjectLiteralsTests.swift	8ec4d9d8f56dc3f1a4d1a2135f64edd6301bad5a17346a46ea85f72f08e75af9
build/swiftpm/checkouts/swift-syntax/Tests/SwiftParserTest/translated/OperatorDeclDesignatedTypesTests.swift	8a1c7919184e622d90cbfbf3c75cdc879b473d9d8939d75683f648b49168b2ff
build/swiftpm/checkouts/swift-syntax/Tests/SwiftParserTest/translated/OperatorDeclTests.swift	2b765a244df2070ad86b5f93f4c22344597c57725a861e9fb4dbdea21f2270b3
build/swiftpm/checkouts/swift-syntax/Tests/SwiftParserTest/translated/OperatorsTests.swift	96f5087af8bafe28ede6d768f661bab1e4b151645f93facc3d4a3c892afe7b23
build/swiftpm/checkouts/swift-syntax/Tests/SwiftParserTest/translated/OptionalChainLvaluesTests.swift	5f2b6c608ec621067ac155a058066ec1060a9ae5efcb629fe625b1fab051e0b2
build/swiftpm/checkouts/swift-syntax/Tests/SwiftParserTest/translated/OptionalLvaluesTests.swift	558fd8e2230537c6b5c5dce9f73aaea640ecf2187ae25730029a2b3aebbe31d3
build/swiftpm/checkouts/swift-syntax/Tests/SwiftParserTest/translated/OptionalTests.swift	b46aef572fbb14118890a17599c6f6d53f81766c795445a32d77bc9d6b1f055b
build/swiftpm/checkouts/swift-syntax/Tests/SwiftParserTest/translated/OriginalDefinedInAttrTests.swift	0863aed4e5063284783ba7a2aa3f861ef67e8531ab7d7a84beaf3aadc7fc8db3
build/swiftpm/checkouts/swift-syntax/Tests/SwiftParserTest/translated/PatternWithoutVariablesScriptTests.swift	53da0897137702bc611b96df31d502034809a83a1e7d306f5737281b9f622074
build/swiftpm/checkouts/swift-syntax/Tests/SwiftParserTest/translated/PatternWithoutVariablesTests.swift	15de3d3072426b78415229768973fb3bda0d8f7ebdbd1dc8b26c411d1d78cd42
build/swiftpm/checkouts/swift-syntax/Tests/SwiftParserTest/translated/PlaygroundLvaluesTests.swift	a5ae9991d52b89da7a8abf3e6115cb65cc3e410d9c61a99006b83b4a0bcabdf1
build/swiftpm/checkouts/swift-syntax/Tests/SwiftParserTest/translated/PoundAssertTests.swift	0f2a7b0f948589a3eb96e23fd48a87611619e70b3fc1e12ff7d7aefd884a11e7
build/swiftpm/checkouts/swift-syntax/Tests/SwiftParserTest/translated/PrefixSlashTests.swift	e6646dd3797ff6692c4a16b8a4f4a3b8f0b5e77e00de5868708cfce8bccef2c5
build/swiftpm/checkouts/swift-syntax/Tests/SwiftParserTest/translated/RawStringErrorsTests.swift	fb2e833469604f4aa1321797df4f87bdca1a3d0aa75ad429e4a7827b83eaf58a
build/swiftpm/checkouts/swift-syntax/Tests/SwiftParserTest/translated/RawStringTests.swift	e46cd03630f127333cb7d644a4cb5edfeb9813fff8c6801b4f28451d6e78503e
build/swiftpm/checkouts/swift-syntax/Tests/SwiftParserTest/translated/RecoveryLibraryTests.swift	b71807acbc6ba2697377712963bd7836da4776b87ecb1fe20d6abefe2daf4dd1
build/swiftpm/checkouts/swift-syntax/Tests/SwiftParserTest/translated/RecoveryTests.swift	959a43609f566e019fca00da2304be9f7768d7ac4846894b14ee507ca7d6e38e
build/swiftpm/checkouts/swift-syntax/Tests/SwiftParserTest/translated/RegexParseEndOfBufferTests.swift	8b20046f67a1d82a183c3f88515b2324a600654033e34ead4353b0f36dca0305
build/swiftpm/checkouts/swift-syntax/Tests/SwiftParserTest/translated/RegexParseErrorTests.swift	e9ba5f705f49229df30b2cfcdb0c9da7220f2a9cb54d0d373c738793e0c32d98
build/swiftpm/checkouts/swift-syntax/Tests/SwiftParserTest/translated/RegexTests.swift	f8b6fa5e0bd6762e1e6c04b2c313cdd482df6e0e9a845b689ddc213d8c423cd3
build/swiftpm/checkouts/swift-syntax/Tests/SwiftParserTest/translated/ResultBuilderTests.swift	8b74db8816572f7e484cb67b6c6d5e3d4160d81e8aa1fc40b3c816fc4ff14c7b
build/swiftpm/checkouts/swift-syntax/Tests/SwiftParserTest/translated/SelfRebindingTests.swift	ea0bf396313c77b70165e8ba9b0923d2939e7afaafc6ee622c295f9ef10272b7
build/swiftpm/checkouts/swift-syntax/Tests/SwiftParserTest/translated/SemicolonTests.swift	a76564df395bc3e1f8a5e502c7df93e5a5a23456a5a9f2afd23d24bbad77e613
build/swiftpm/checkouts/swift-syntax/Tests/SwiftParserTest/translated/StringLiteralEofTests.swift	150782e7a01033799807cae1f1a4dc61784ffaf921a3947718103cc16f7bd1f9
build/swiftpm/checkouts/swift-syntax/Tests/SwiftParserTest/translated/SubscriptingTests.swift	4f300ceaccb15c255ee10638ba45abbdb98f86636b4adb0f604e16b89a72ca39
build/swiftpm/checkouts/swift-syntax/Tests/SwiftParserTest/translated/SuperTests.swift	4707ae84ca241ec755492b124229d8ef05fbd6b7aba677c35a022c5e57bb921a
build/swiftpm/checkouts/swift-syntax/Tests/SwiftParserTest/translated/SwitchIncompleteTests.swift	f3c87419bb786e60bfecbff9e696ac3c919b91f9fc47bfdf0348630307c448b7
build/swiftpm/checkouts/swift-syntax/Tests/SwiftParserTest/translated/SwitchTests.swift	3f0e308e2029ad9bddb45d3551f49dab2e66b3ef4421f87d70ecae17b052a590
build/swiftpm/checkouts/swift-syntax/Tests/SwiftParserTest/translated/ToplevelLibraryTests.swift	24d39763c50d499a5085872c1662e74681af5b8ad4302e26de60d8832bad2bf9
build/swiftpm/checkouts/swift-syntax/Tests/SwiftParserTest/translated/TrailingClosuresTests.swift	c1b9ad80913f71a67b1fe904db5811600299ab0781bd0be14039b57925cd260d
build/swiftpm/checkouts/swift-syntax/Tests/SwiftParserTest/translated/TrailingSemiTests.swift	2238ceaeb904784bb05de84da143edf58fa9cd51f0968a5271919724d1635eaf
build/swiftpm/checkouts/swift-syntax/Tests/SwiftParserTest/translated/TryTests.swift	a28256222bd328a25db0c334c8efe48db9d5557edc6db05b876d4fdb5be39067
build/swiftpm/checkouts/swift-syntax/Tests/SwiftParserTest/translated/TypeExprTests.swift	3d01422850b6581b088288f89936ebe9fc7f1ce4de9fe71d9e80b294520babab
build/swiftpm/checkouts/swift-syntax/Tests/SwiftParserTest/translated/TypealiasTests.swift	51a01af1f181014a45950dbc00c43d8662faac47a1a1f7b2de4d6ddb1795708e
build/swiftpm/checkouts/swift-syntax/Tests/SwiftParserTest/translated/UnclosedStringInterpolationTests.swift	abf2a300a90d379a2da965e698cd2a1fc21f88c6153a7449ce2ec71d9850d8c4
build/swiftpm/checkouts/swift-syntax/Tests/SwiftRefactorTest/CallToTrailingClosureTests.swift	c76050cac91bd527e7ba31b877ed56a1280b108ddd0332a437161115891e1c16
build/swiftpm/checkouts/swift-syntax/Tests/SwiftRefactorTest/ConvertComputedPropertyToStoredTest.swift	8ddd0e315e86eec7034e399fe8fa401aff581772455c5d94dd9d922d97c2de32
build/swiftpm/checkouts/swift-syntax/Tests/SwiftRefactorTest/ConvertComputedPropertyToZeroParameterFunctionTests.swift	e1d565b9a342a5f742543419005863087ffa7d3ce6ca7e6e1a8b4683f03882f3
build/swiftpm/checkouts/swift-syntax/Tests/SwiftRefactorTest/ConvertStoredPropertyToComputedTest.swift	d74ee4c0fbb422f78053a0ccc98e4804791463d1e461c2e3dd4e515ac188e238
build/swiftpm/checkouts/swift-syntax/Tests/SwiftRefactorTest/ConvertZeroParameterFunctionToComputedPropertyTests.swift	9b89ee32caed303c0e01f3ed85307f8c90f133e309ee71ab164be5c3a4fb25fd
build/swiftpm/checkouts/swift-syntax/Tests/SwiftRefactorTest/ExpandEditorPlaceholderTests.swift	df9b488ff5545da758d9f9f3a35be5c8019b3d44684ed7171a7f80f7edbf1458
build/swiftpm/checkouts/swift-syntax/Tests/SwiftRefactorTest/FormatRawStringLiteral.swift	35e508028778b799f11a498a65ead323f693f6e811736ca255818f01b79b53cb
build/swiftpm/checkouts/swift-syntax/Tests/SwiftRefactorTest/IntegerLiteralUtilities.swift	0b509c86d72b59172f15f39543eff9917d2cac82252a184a97854ce4904b2edd
build/swiftpm/checkouts/swift-syntax/Tests/SwiftRefactorTest/ManifestEditTests.swift	03b9d7e2ed149891fcf2ae4f3e4d2452736431b7e8fcdbaa0325bcd84f2d56f3
build/swiftpm/checkouts/swift-syntax/Tests/SwiftRefactorTest/MigrateToNewIfLetSyntax.swift	c2cf1450956160dc571684b719f69f6e4150a8a983425f41666fb6745095ab76
build/swiftpm/checkouts/swift-syntax/Tests/SwiftRefactorTest/OpaqueParameterToGeneric.swift	8e5900ca626a890890f13d3425db4103d2ee9f82e8974b0641d20607bb0bf038
build/swiftpm/checkouts/swift-syntax/Tests/SwiftRefactorTest/RefactorTestUtils.swift	943ef7eda4c944e1afb2c4f8eea1f97223d7283699e65fe0461c243e5d4704c9
build/swiftpm/checkouts/swift-syntax/Tests/SwiftRefactorTest/ReformatIntegerLiteral.swift	795b0c91b98b24bf4f059d599592f8bfced32d7eef1f13d5dc2f385a07349a7d
build/swiftpm/checkouts/swift-syntax/Tests/SwiftSyntaxBuilderTest/AccessorDeclTests.swift	b571038118ca5d0a5e875c8fc749b45e1bdef7e454ad7f3e269eae90d25652ab
build/swiftpm/checkouts/swift-syntax/Tests/SwiftSyntaxBuilderTest/ArrayExprTests.swift	9cad89fad54502dd3882fd0ebe1f66e7b70f33377b58d11297963a56654b86d7
build/swiftpm/checkouts/swift-syntax/Tests/SwiftSyntaxBuilderTest/Assertions.swift	a1f9511dbd13a5a23bbe7a393abe747fbbc856c5fa7615602beb9584b40acfca
build/swiftpm/checkouts/swift-syntax/Tests/SwiftSyntaxBuilderTest/AttributeListSyntaxTests.swift	b12abd8a3ca2f8f2780b6a3d22e4175235e46dd586023b4d723d741ce7f66617
build/swiftpm/checkouts/swift-syntax/Tests/SwiftSyntaxBuilderTest/BooleanLiteralTests.swift	2ee12594f35337d5eea524368f79c1f565ddd189cce9f6bd908ac83636cddb4b
build/swiftpm/checkouts/swift-syntax/Tests/SwiftSyntaxBuilderTest/BreakStmtSyntaxTests.swift	c7dd908215a7368a88035803da951fb8f37dd0c617cb7d85a15a8e8c69852feb
build/swiftpm/checkouts/swift-syntax/Tests/SwiftSyntaxBuilderTest/ClassDeclSyntaxTests.swift	73919f627c9711255653498bc0d7b95a614256848725baec27de4c46b4ebf6f8
build/swiftpm/checkouts/swift-syntax/Tests/SwiftSyntaxBuilderTest/ClosureExprTests.swift	a687fc0289fa01d1884ad1a81cdb4f7fd5000983b61a75e8d8421f97886604b4
build/swiftpm/checkouts/swift-syntax/Tests/SwiftSyntaxBuilderTest/CollectionNodeFlatteningTests.swift	9fae5b351ff059d11e2793c02237660653b25e445b0e2acb72d6eeb45f83d3f8
build/swiftpm/checkouts/swift-syntax/Tests/SwiftSyntaxBuilderTest/CustomAttributeTests.swift	d3a493ef1a54fa88399817bfda40dcd4d235a6ca855dfa0e5c3800ff56685875
build/swiftpm/checkouts/swift-syntax/Tests/SwiftSyntaxBuilderTest/DictionaryExprTests.swift	041df8fd2487ae96c1d2f74c67fc632bf28a1dc58ced1a287f4eb9edeab5842b
build/swiftpm/checkouts/swift-syntax/Tests/SwiftSyntaxBuilderTest/DoStmtTests.swift	cf1276f53af34cb383727dfe08f075fd8f496c58640490cf39fda6df313694f1
build/swiftpm/checkouts/swift-syntax/Tests/SwiftSyntaxBuilderTest/EnumCaseElementTests.swift	399a1db347c4f7355340abe07072c65f12a3b01a9f7676c6f4bdbd7bb3ad6518
build/swiftpm/checkouts/swift-syntax/Tests/SwiftSyntaxBuilderTest/ExprListTests.swift	66fe583e582b4d9d9671903130817705ebcd02b2919baef92a678cd8e26cd1b9
build/swiftpm/checkouts/swift-syntax/Tests/SwiftSyntaxBuilderTest/ExtensionDeclTests.swift	de3b13d34fd5265d2cede1d5c06ca917d1968d533c7c7c580e5bc77f495e3eaa
build/swiftpm/checkouts/swift-syntax/Tests/SwiftSyntaxBuilderTest/FloatLiteralTests.swift	a01afdf2c61a34690ef41afcfb61aff5933fff66b16cad79bbd488383b14eca1
build/swiftpm/checkouts/swift-syntax/Tests/SwiftSyntaxBuilderTest/ForInStmtTests.swift	547f6bcb1c6b385d598c7daba08641d02589735b6574140ec56ec8a37ccc7980
build/swiftpm/checkouts/swift-syntax/Tests/SwiftSyntaxBuilderTest/FunctionParameterSyntaxTests.swift	63f0dec89c71ebe862ada7be3c348752d8b9d0ff107052cf0a8e6c687024ed25
build/swiftpm/checkouts/swift-syntax/Tests/SwiftSyntaxBuilderTest/FunctionSignatureSyntaxTests.swift	5d9a1fcbc1342f63558e5ebd3fa149ebb73624b54f7a11604486454dfb9a874e
build/swiftpm/checkouts/swift-syntax/Tests/SwiftSyntaxBuilderTest/FunctionTests.swift	9bff8c6701c9e0f070d4a4d608faaeb8438ff4b98a5960931c702348434f4aa1
build/swiftpm/checkouts/swift-syntax/Tests/SwiftSyntaxBuilderTest/FunctionTypeSyntaxTests.swift	bd5d3d1a19bcbe14f804a7d508eb1c72152923faf62a9820073c46744dba2756
build/swiftpm/checkouts/swift-syntax/Tests/SwiftSyntaxBuilderTest/IfConfigDeclSyntaxTests.swift	3df443d5054265300c7e8403bcf1fb245aee8bab5589c969d77395eff5819a68
build/swiftpm/checkouts/swift-syntax/Tests/SwiftSyntaxBuilderTest/IfStmtTests.swift	51f7728e7818d3650cdd6eefce7c753fda3be6ba8b844ba22c8ce7f4ad6a542c
build/swiftpm/checkouts/swift-syntax/Tests/SwiftSyntaxBuilderTest/ImportDeclSyntaxTests.swift	bf9a1fe1b5e79fbb934b6b41e9a6c7386a9e2b68d1554330289497d4b7d45e4e
build/swiftpm/checkouts/swift-syntax/Tests/SwiftSyntaxBuilderTest/InitializerDeclTests.swift	7a34a52e3bbe241d2e3f3e9ec455426afb657b857f004e2d3b929df6050169cd
build/swiftpm/checkouts/swift-syntax/Tests/SwiftSyntaxBuilderTest/IntegerLiteralTests.swift	767d16119b2185de6140628a96f072844c5790c068fd6315c6e79ec7183613b8
build/swiftpm/checkouts/swift-syntax/Tests/SwiftSyntaxBuilderTest/LabeledExprSyntaxTests.swift	ad02ba3b7aafe9b84aecd0407b8deb5bc3eaf3eef2b18c554d9eb870c8ad073a
build/swiftpm/checkouts/swift-syntax/Tests/SwiftSyntaxBuilderTest/ProtocolDeclTests.swift	dc8a9d96c75a8468b6b2a08302f7944afe8068ffabb005352c61840352f97c9a
build/swiftpm/checkouts/swift-syntax/Tests/SwiftSyntaxBuilderTest/ReturnStmsTests.swift	282b05be6cd1932b299aa74d822689e2de41455d18312a4b85e4964d4c362006
build/swiftpm/checkouts/swift-syntax/Tests/SwiftSyntaxBuilderTest/SourceFileTests.swift	4884eca00251b674c49006e2e600df7d17a27c69afb8dd42e020bec5ba410479
build/swiftpm/checkouts/swift-syntax/Tests/SwiftSyntaxBuilderTest/StringInterpolationTests.swift	96d84aa4f6d83dd31045403279ad9ab9732f50fec737d951ce1513b1d0dd31a6
build/swiftpm/checkouts/swift-syntax/Tests/SwiftSyntaxBuilderTest/StringLiteralExprSyntaxTests.swift	4f84c2abec84b6b24ca51ee688c6d07186bc939282af0065bfcd6ca351948e44
build/swiftpm/checkouts/swift-syntax/Tests/SwiftSyntaxBuilderTest/StructTests.swift	4d262d07c2c2ba1baa5813b3615c49385243532341706ed2881bfa3b04138a31
build/swiftpm/checkouts/swift-syntax/Tests/SwiftSyntaxBuilderTest/SwitchCaseLabelSyntaxTests.swift	83c4e2c48608cfe6229e5ca9dbd6ed9a99b6f317bfc28fa38e9c75c1a561f180
build/swiftpm/checkouts/swift-syntax/Tests/SwiftSyntaxBuilderTest/SwitchTests.swift	0bb3d195f967a9b8b819c9d85c0dadffff7c1fa2827832299de086193002d126
build/swiftpm/checkouts/swift-syntax/Tests/SwiftSyntaxBuilderTest/TernaryExprTests.swift	83e73c2d2c15cff8f7021ef38c1bf44e9d14d9756a25aa5ba983374300420521
build/swiftpm/checkouts/swift-syntax/Tests/SwiftSyntaxBuilderTest/TriviaTests.swift	0eca1e4b02d7cc5c92dfb56a10d9697507ad4ed5db1be9523bfcfc96b546c55b
build/swiftpm/checkouts/swift-syntax/Tests/SwiftSyntaxBuilderTest/TupleTests.swift	e02aaa78bfd7e2630119cd4ea23a2b0968352eba5bec8618654e3973b7468953
build/swiftpm/checkouts/swift-syntax/Tests/SwiftSyntaxBuilderTest/VariableTests.swift	ded3600746c2e11d33cb348c41a9169ef87c9653454c92e824caf359691d403a
build/swiftpm/checkouts/swift-syntax/Tests/SwiftSyntaxMacroExpansionTest/AccessorMacroTests.swift	1a6c4a59584210bcd5a14be1fdd720bc9e97e3a33755fcb60189dedea0f4c0ee
build/swiftpm/checkouts/swift-syntax/Tests/SwiftSyntaxMacroExpansionTest/AttributeRemoverTests.swift	03abd3c543792e71a034d23127bfabec495b8eea2405df9262e3af33ed6f0213
build/swiftpm/checkouts/swift-syntax/Tests/SwiftSyntaxMacroExpansionTest/BodyMacroTests.swift	a7745a04410335637e9c8c98c4fad794398c2158d49d04d7b7f33ae1295843fe
build/swiftpm/checkouts/swift-syntax/Tests/SwiftSyntaxMacroExpansionTest/CodeItemMacroTests.swift	a1511a8b79e5e85f707f13dd7c09ea758ee20cf87e65126daf16affb578d5fe9
build/swiftpm/checkouts/swift-syntax/Tests/SwiftSyntaxMacroExpansionTest/DeclarationMacroTests.swift	00b6d33da5171d38ab3663e066fb450c93f1bb5b159c12a873f044584bfb8cf8
build/swiftpm/checkouts/swift-syntax/Tests/SwiftSyntaxMacroExpansionTest/ExpressionMacroTests.swift	0fcbb9252582f490e38c2e93433ac10782bc5eeff51c98d06d0b625dcff23692
build/swiftpm/checkouts/swift-syntax/Tests/SwiftSyntaxMacroExpansionTest/ExtensionMacroTests.swift	adfbf6161d04ce1f9ec506f8ae9bc3d8649e5dca16853a6cd66b7fd233685f8a
build/swiftpm/checkouts/swift-syntax/Tests/SwiftSyntaxMacroExpansionTest/LexicalContextTests.swift	ceddf935a943d625ef22a3674764024b377b2d09eebf907b4d14894f44a74306
build/swiftpm/checkouts/swift-syntax/Tests/SwiftSyntaxMacroExpansionTest/MacroArgumentTests.swift	25ce0b418161588ac2cb9b18238056af83f53098afcf5f78f183489c79d9061e
build/swiftpm/checkouts/swift-syntax/Tests/SwiftSyntaxMacroExpansionTest/MacroReplacementTests.swift	b9692cfd580f45c327b684f9168c4d3ea06fc92913442bad0c199d5899205226
build/swiftpm/checkouts/swift-syntax/Tests/SwiftSyntaxMacroExpansionTest/MemberAttributeMacroTests.swift	2221265fa57c734e6626207ce2246666371e017de8e03004f8b7aa0feb808da8
build/swiftpm/checkouts/swift-syntax/Tests/SwiftSyntaxMacroExpansionTest/MemberMacroTests.swift	bfb9ee0633e6bf93d672f5812b41e38b9a3dfc4f821290e8a029d59787045c89
build/swiftpm/checkouts/swift-syntax/Tests/SwiftSyntaxMacroExpansionTest/MultiRoleMacroTests.swift	f09533fd7527a71a31ca39027cdd36a1edfad4c59c4315fed4caa3f302ae377b
build/swiftpm/checkouts/swift-syntax/Tests/SwiftSyntaxMacroExpansionTest/PeerMacroTests.swift	cd08ab3f3ee5fea9c7c58e0235a43cd6c353074297f20eebfebe8aa6af074b72
build/swiftpm/checkouts/swift-syntax/Tests/SwiftSyntaxMacroExpansionTest/PreambleMacroTests.swift	4521e8bd60244f181e0c022c989e37dbd42f41c764feb031e564c58cf69b2b5b
build/swiftpm/checkouts/swift-syntax/Tests/SwiftSyntaxMacroExpansionTest/StringInterpolationErrorTests.swift	1f532e4a43dd68ab0c9540fc533b0aa27306d4c16be34f2aedf828c3c2156fa0
build/swiftpm/checkouts/swift-syntax/Tests/SwiftSyntaxMacroExpansionTest/SwiftTestingTests.swift	214e4fc5916f76b2808346fe3b2623b1335cab93e77f5629d2a45967da629adf
build/swiftpm/checkouts/swift-syntax/Tests/SwiftSyntaxMacrosTestSupportTests/AssertionsTests.swift	6e1e0d61bb8ece6282ca21adc753c67e3b055b8e510072880a4df9328f38cbba
build/swiftpm/checkouts/swift-syntax/Tests/SwiftSyntaxTest/AbsolutePositionTests.swift	07f650767dfefec19ba51f553c93c25df8314fde73bc8f788975907f463d37c9
build/swiftpm/checkouts/swift-syntax/Tests/SwiftSyntaxTest/BumpPtrAllocatorTests.swift	f909e933214c6bdd0db813dcc4f4e68e626c6c2270815d85851579536f55178c
build/swiftpm/checkouts/swift-syntax/Tests/SwiftSyntaxTest/DebugDescriptionTests.swift	aaea279a3715657a547c31e7b6c4cf6f4acf23fe3e50f58b658abbc6c95a6389
build/swiftpm/checkouts/swift-syntax/Tests/SwiftSyntaxTest/DummyParseToken.swift	595bb07cd477e1b89316d56ea164a4fc916ad0aea15f921f263bcf7c7909ef89
build/swiftpm/checkouts/swift-syntax/Tests/SwiftSyntaxTest/IdentifierTests.swift	846b93c9ec18f9adbc6ffe0befc49b360000762b411683c820e53207ec886344
build/swiftpm/checkouts/swift-syntax/Tests/SwiftSyntaxTest/MemoryLayoutTest.swift	fdbf60800670ed8eaa8064099ad4a1e24306792dab1bfa83fcac7c77ed79eeca
build/swiftpm/checkouts/swift-syntax/Tests/SwiftSyntaxTest/MultithreadingTests.swift	2b73ab34d2c1d717e385006af4114378a1b03fa557e549227d96ea1679e3d114
build/swiftpm/checkouts/swift-syntax/Tests/SwiftSyntaxTest/RawSyntaxTests.swift	da8442dd78026096a642ac6f3bdcb3e38471315e8d43094358617e28eaf6121c
build/swiftpm/checkouts/swift-syntax/Tests/SwiftSyntaxTest/SourceLocationConverterTests.swift	8b02f5da0794bbe6ac9af2bb30d886e9527c7a1f50959348b0a42d3277d80702
build/swiftpm/checkouts/swift-syntax/Tests/SwiftSyntaxTest/SyntaxChildrenTests.swift	064ed69dafa445a23ddc446701221c889c60542d8dc415465122588bb05e39a5
build/swiftpm/checkouts/swift-syntax/Tests/SwiftSyntaxTest/SyntaxCollectionsTests.swift	a99619977be03901540695179612bc7b30fbc005681c50905af94b4a4995abce
build/swiftpm/checkouts/swift-syntax/Tests/SwiftSyntaxTest/SyntaxCreationTests.swift	1922c84b78b758d5c3d0ba2ddbf285d6861e01839afd40a60ee14f4d9fb91a05
build/swiftpm/checkouts/swift-syntax/Tests/SwiftSyntaxTest/SyntaxTests.swift	b6ac69b6cb84b032168f1d47cf9aebe3fe6998dd2df358c6d3dc02a0d3e78964
build/swiftpm/checkouts/swift-syntax/Tests/SwiftSyntaxTest/SyntaxTextTests.swift	bd3fc2a953fc8fb22fec3fb2773c052d37f0a94c4c31fc60f72c5768869c78cd
build/swiftpm/checkouts/swift-syntax/Tests/SwiftSyntaxTest/SyntaxTreeModifierTests.swift	743e8055782ddd9b92e52b6b184401aa22fe6e32eb014e22821d6967a485f064
build/swiftpm/checkouts/swift-syntax/Tests/SwiftSyntaxTest/SyntaxVisitorTests.swift	310fe339548198fdfc875502f4b70c10950200126b372da87eb86d9bb68438b2
build/swiftpm/checkouts/swift-syntax/Tests/SwiftSyntaxTest/TriviaTests.swift	2afa6c1dde8f29d1df3603278e74b151db5bd22119ca08ca1ac209825ee69ee9
build/swiftpm/checkouts/swift-syntax/Tests/SwiftSyntaxTest/VisitorTests.swift	f0e645db2610c5b7fb114b5f1976a45ac24f8fe3cc2cccfab8b81576f1d32e9c
build/swiftpm/checkouts/swift-syntax/Tests/SwiftSyntaxTestSupportTest/IncrementalParseTestUtilsTest.swift	e0a93ef9e778d6775f2b3845f285b882fba880dc951ab36aa4fd995e36120682
build/swiftpm/checkouts/swift-syntax/Tests/SwiftSyntaxTestSupportTest/SyntaxComparisonTests.swift	0d14d91baadcacc5d1f0261d654cee2ca58dc3077d29f3a7fd418ac347a861f5
build/swiftpm/checkouts/swift-syntax/Tests/SwiftWarningControlTest/WarningControlTests.swift	e0eb74e5e2123aea09e28b4e5cc9a7bf9512d389e3e2a22b930746f1df9a14d1
build/swiftpm/checkouts/swift-syntax/WORKSPACE	e3b0c44298fc1c149afbf4c8996fb92427ae41e4649b934ca495991b7852b855
build/swiftpm/checkouts/swift-syntax/cmake/modules/AddSwiftHostLibrary.cmake	1592d1e2455bbbcf5320d8256c6318cdb9dea1c15b4aebdc9e18e19e132104df
build/swiftpm/checkouts/swift-syntax/cmake/modules/CMakeLists.txt	fd31194658462177b67e96120a108ea31a3a07686b9531290739a5c8d3f4ef3f
build/swiftpm/checkouts/swift-syntax/cmake/modules/SwiftCompilerCapability.cmake	052777af7e56d9ce9112e299c7db448c2c34585ac2a4a3d0981efbf65152f138
build/swiftpm/checkouts/swift-syntax/swift-syntax-dev-utils	3f1a534e467840533118bc6d25eb50916c5f28a55c66dc1f3a12552c89cb18a5
build/swiftpm/checkouts/swift-syntax/utils/bazel/BUILD.bazel	c8f6f211a4ce974aec994d37657c2a71ce5c1975576f66dfcf796688f3be9c65
build/swiftpm/checkouts/swift-syntax/utils/bazel/opt_wrapper.bzl	03f4b951db1e9c567f40804f9eab350e77ad85449751fd5bce76d65a3aa211b2
build/swiftpm/checkouts/swift-syntax/utils/bazel/swift_syntax_library.bzl	9c96bf78872f11d9fdb41430271ce0fea0c5891cff548a0e08b1d1492b78fb04
build/swiftpm/plugin-tools.yaml	76a2174ab0bb84e4b434d1273b2572509314ac76d41bb3856e6c8cb428c6c187
build/swiftpm/prebuilts/swift-syntax/603.0.2/swift-6.3.2-RELEASE-macos_universal-MacroSupport.zip	ee6dd31d80ef4b45508b6736a5eccf7ceac0601cbc0dee89479d83b3a241b73f
build/swiftpm/prebuilts/swift-syntax/603.0.2/swift-6.3.2-RELEASE-macos_universal-MacroSupport/Modules/SwiftBasicFormat.swiftmodule/Project/arm64-apple-macos.swiftsourceinfo	146ff6c3a01bf614f9b0e4ab97d1928c16d2c4302b48af9bb1f271fb1e22b06f
build/swiftpm/prebuilts/swift-syntax/603.0.2/swift-6.3.2-RELEASE-macos_universal-MacroSupport/Modules/SwiftBasicFormat.swiftmodule/Project/x86_64-apple-macos.swiftsourceinfo	3a0f27071b665ad5a7bd0eee1329edc99f1c6f7a934c17d11e70ef71729dc8fa
build/swiftpm/prebuilts/swift-syntax/603.0.2/swift-6.3.2-RELEASE-macos_universal-MacroSupport/Modules/SwiftBasicFormat.swiftmodule/arm64-apple-macos.abi.json	4277ac6b49f8511196028a5ac20f5b1b1dfa754c24615d34068089f0b1739728
build/swiftpm/prebuilts/swift-syntax/603.0.2/swift-6.3.2-RELEASE-macos_universal-MacroSupport/Modules/SwiftBasicFormat.swiftmodule/arm64-apple-macos.swiftdoc	84795cd8402c8c196e39438f9975ebeb8c044561f14818037640d6cc19c6fded
build/swiftpm/prebuilts/swift-syntax/603.0.2/swift-6.3.2-RELEASE-macos_universal-MacroSupport/Modules/SwiftBasicFormat.swiftmodule/arm64-apple-macos.swiftmodule	3b53e5a82ee9cecc527b56c106e16eb7879d850d7c14af9459491178ddacf98d
build/swiftpm/prebuilts/swift-syntax/603.0.2/swift-6.3.2-RELEASE-macos_universal-MacroSupport/Modules/SwiftBasicFormat.swiftmodule/x86_64-apple-macos.abi.json	4277ac6b49f8511196028a5ac20f5b1b1dfa754c24615d34068089f0b1739728
build/swiftpm/prebuilts/swift-syntax/603.0.2/swift-6.3.2-RELEASE-macos_universal-MacroSupport/Modules/SwiftBasicFormat.swiftmodule/x86_64-apple-macos.swiftdoc	fdc15710b4e4c8c45cfd10621db38bea61acd9fee06d44571e3910db282bf58d
build/swiftpm/prebuilts/swift-syntax/603.0.2/swift-6.3.2-RELEASE-macos_universal-MacroSupport/Modules/SwiftBasicFormat.swiftmodule/x86_64-apple-macos.swiftmodule	771779a61ecafe9f2969449770de4d3e6c9519b9dc7da5f38c94ffc4f5fd40ee
build/swiftpm/prebuilts/swift-syntax/603.0.2/swift-6.3.2-RELEASE-macos_universal-MacroSupport/Modules/SwiftCompilerPlugin.swiftmodule/Project/arm64-apple-macos.swiftsourceinfo	cccb15951070f4380091e429f23277dc5c4798eb642de0658507396b8825f81c
build/swiftpm/prebuilts/swift-syntax/603.0.2/swift-6.3.2-RELEASE-macos_universal-MacroSupport/Modules/SwiftCompilerPlugin.swiftmodule/Project/x86_64-apple-macos.swiftsourceinfo	bc197b4840ba0834f025fb00631a353d237995f64714c12847ed0a6dc0872958
build/swiftpm/prebuilts/swift-syntax/603.0.2/swift-6.3.2-RELEASE-macos_universal-MacroSupport/Modules/SwiftCompilerPlugin.swiftmodule/arm64-apple-macos.abi.json	4277ac6b49f8511196028a5ac20f5b1b1dfa754c24615d34068089f0b1739728
build/swiftpm/prebuilts/swift-syntax/603.0.2/swift-6.3.2-RELEASE-macos_universal-MacroSupport/Modules/SwiftCompilerPlugin.swiftmodule/arm64-apple-macos.swiftdoc	20ebfa7ae8fec6ac7b675f1945ca5a372667f8e24d388f0ddef88fb38bd2d86c
build/swiftpm/prebuilts/swift-syntax/603.0.2/swift-6.3.2-RELEASE-macos_universal-MacroSupport/Modules/SwiftCompilerPlugin.swiftmodule/arm64-apple-macos.swiftmodule	af785e93f90b3d91c2fe7cfb18773ca7cf67207453c4604d784370c6c2b567b5
build/swiftpm/prebuilts/swift-syntax/603.0.2/swift-6.3.2-RELEASE-macos_universal-MacroSupport/Modules/SwiftCompilerPlugin.swiftmodule/x86_64-apple-macos.abi.json	4277ac6b49f8511196028a5ac20f5b1b1dfa754c24615d34068089f0b1739728
build/swiftpm/prebuilts/swift-syntax/603.0.2/swift-6.3.2-RELEASE-macos_universal-MacroSupport/Modules/SwiftCompilerPlugin.swiftmodule/x86_64-apple-macos.swiftdoc	71f8f0d3d9fe0db3e2a17dda1f7c1aeb48a5b2a5e9acb2b24398ff9a5d5845a4
build/swiftpm/prebuilts/swift-syntax/603.0.2/swift-6.3.2-RELEASE-macos_universal-MacroSupport/Modules/SwiftCompilerPlugin.swiftmodule/x86_64-apple-macos.swiftmodule	f8ce374e862d54a02546ff45311cd1c604a7437b14b56ee6903929834f0164be
build/swiftpm/prebuilts/swift-syntax/603.0.2/swift-6.3.2-RELEASE-macos_universal-MacroSupport/Modules/SwiftCompilerPluginMessageHandling.swiftmodule/Project/arm64-apple-macos.swiftsourceinfo	ab95d4cbcdcf0a68a6e0c567467aa0e4d7b1cc5f548e3c3996c12e4ad9d1771d
build/swiftpm/prebuilts/swift-syntax/603.0.2/swift-6.3.2-RELEASE-macos_universal-MacroSupport/Modules/SwiftCompilerPluginMessageHandling.swiftmodule/Project/x86_64-apple-macos.swiftsourceinfo	43512ad0c174f93c7e3cc22f71608e316d043df5fcad6445afc8f02128bcbd9f
build/swiftpm/prebuilts/swift-syntax/603.0.2/swift-6.3.2-RELEASE-macos_universal-MacroSupport/Modules/SwiftCompilerPluginMessageHandling.swiftmodule/arm64-apple-macos.abi.json	4277ac6b49f8511196028a5ac20f5b1b1dfa754c24615d34068089f0b1739728
build/swiftpm/prebuilts/swift-syntax/603.0.2/swift-6.3.2-RELEASE-macos_universal-MacroSupport/Modules/SwiftCompilerPluginMessageHandling.swiftmodule/arm64-apple-macos.swiftdoc	aa8f0b5f2c0b31104aa8be38585a56db13599f2eee03523815c7e6ff0f09c8d2
build/swiftpm/prebuilts/swift-syntax/603.0.2/swift-6.3.2-RELEASE-macos_universal-MacroSupport/Modules/SwiftCompilerPluginMessageHandling.swiftmodule/arm64-apple-macos.swiftmodule	c1e29da711732919d09365f72b0e49d7947ea05f8a9a3084cb7c4976c0dc3614
build/swiftpm/prebuilts/swift-syntax/603.0.2/swift-6.3.2-RELEASE-macos_universal-MacroSupport/Modules/SwiftCompilerPluginMessageHandling.swiftmodule/x86_64-apple-macos.abi.json	4277ac6b49f8511196028a5ac20f5b1b1dfa754c24615d34068089f0b1739728
build/swiftpm/prebuilts/swift-syntax/603.0.2/swift-6.3.2-RELEASE-macos_universal-MacroSupport/Modules/SwiftCompilerPluginMessageHandling.swiftmodule/x86_64-apple-macos.swiftdoc	9e857bcb838c3425d90063c8100460a7986638f114161774ff170e03baa13b89
build/swiftpm/prebuilts/swift-syntax/603.0.2/swift-6.3.2-RELEASE-macos_universal-MacroSupport/Modules/SwiftCompilerPluginMessageHandling.swiftmodule/x86_64-apple-macos.swiftmodule	7e0cc08e3e7b6e76ae6df1a791ec8ceb49597ab4a895802a90a21701cb5808c5
build/swiftpm/prebuilts/swift-syntax/603.0.2/swift-6.3.2-RELEASE-macos_universal-MacroSupport/Modules/SwiftDiagnostics.swiftmodule/Project/arm64-apple-macos.swiftsourceinfo	d1f86dddd22b18d6e2ed7a846715a61bda873fdf8a13590ff1eb55359712fce8
build/swiftpm/prebuilts/swift-syntax/603.0.2/swift-6.3.2-RELEASE-macos_universal-MacroSupport/Modules/SwiftDiagnostics.swiftmodule/Project/x86_64-apple-macos.swiftsourceinfo	ec366412f850b68ddfb4b499eedc6cf0a7dc1f679a01df2debfcfef6daccf9fb
build/swiftpm/prebuilts/swift-syntax/603.0.2/swift-6.3.2-RELEASE-macos_universal-MacroSupport/Modules/SwiftDiagnostics.swiftmodule/arm64-apple-macos.abi.json	4277ac6b49f8511196028a5ac20f5b1b1dfa754c24615d34068089f0b1739728
build/swiftpm/prebuilts/swift-syntax/603.0.2/swift-6.3.2-RELEASE-macos_universal-MacroSupport/Modules/SwiftDiagnostics.swiftmodule/arm64-apple-macos.swiftdoc	5cbf6b9d5ad41941abbf8b282f6a399dbc75508d421279334b5f1bb07d14f9fc
build/swiftpm/prebuilts/swift-syntax/603.0.2/swift-6.3.2-RELEASE-macos_universal-MacroSupport/Modules/SwiftDiagnostics.swiftmodule/arm64-apple-macos.swiftmodule	f61a2adc3a72c2977734db32b9b72a6ec4aa2f92c79efd458db30a1d053bdb21
build/swiftpm/prebuilts/swift-syntax/603.0.2/swift-6.3.2-RELEASE-macos_universal-MacroSupport/Modules/SwiftDiagnostics.swiftmodule/x86_64-apple-macos.abi.json	4277ac6b49f8511196028a5ac20f5b1b1dfa754c24615d34068089f0b1739728
build/swiftpm/prebuilts/swift-syntax/603.0.2/swift-6.3.2-RELEASE-macos_universal-MacroSupport/Modules/SwiftDiagnostics.swiftmodule/x86_64-apple-macos.swiftdoc	cc77b8a80866629d5a722ee772f20ca2d9aaa42f7f6d003b5c8b2554a31d3c61
build/swiftpm/prebuilts/swift-syntax/603.0.2/swift-6.3.2-RELEASE-macos_universal-MacroSupport/Modules/SwiftDiagnostics.swiftmodule/x86_64-apple-macos.swiftmodule	ef61b30f3fd0a8bd595f178063697a270f74c4a3483574266bac9435c54241a7
build/swiftpm/prebuilts/swift-syntax/603.0.2/swift-6.3.2-RELEASE-macos_universal-MacroSupport/Modules/SwiftIDEUtils.swiftmodule/Project/arm64-apple-macos.swiftsourceinfo	ee7229026f454cf14a6724743ed441261dcf8e7eae6fc1b25b75e5d695aa6fbd
build/swiftpm/prebuilts/swift-syntax/603.0.2/swift-6.3.2-RELEASE-macos_universal-MacroSupport/Modules/SwiftIDEUtils.swiftmodule/Project/x86_64-apple-macos.swiftsourceinfo	33d13b251d245f4b627a54077e58bc493d5d98f9c14b1c97c7e3b9baca2742bd
build/swiftpm/prebuilts/swift-syntax/603.0.2/swift-6.3.2-RELEASE-macos_universal-MacroSupport/Modules/SwiftIDEUtils.swiftmodule/arm64-apple-macos.abi.json	4277ac6b49f8511196028a5ac20f5b1b1dfa754c24615d34068089f0b1739728
build/swiftpm/prebuilts/swift-syntax/603.0.2/swift-6.3.2-RELEASE-macos_universal-MacroSupport/Modules/SwiftIDEUtils.swiftmodule/arm64-apple-macos.swiftdoc	2dad413c4d2d6af8db92fed20ba813e73d9a1ec0e1091f8f3682603cf4fed653
build/swiftpm/prebuilts/swift-syntax/603.0.2/swift-6.3.2-RELEASE-macos_universal-MacroSupport/Modules/SwiftIDEUtils.swiftmodule/arm64-apple-macos.swiftmodule	a172f7390fea7dd7e13ef4986ead204ef8b5dc4fee5a62829b0fca3237f0e732
build/swiftpm/prebuilts/swift-syntax/603.0.2/swift-6.3.2-RELEASE-macos_universal-MacroSupport/Modules/SwiftIDEUtils.swiftmodule/x86_64-apple-macos.abi.json	4277ac6b49f8511196028a5ac20f5b1b1dfa754c24615d34068089f0b1739728
build/swiftpm/prebuilts/swift-syntax/603.0.2/swift-6.3.2-RELEASE-macos_universal-MacroSupport/Modules/SwiftIDEUtils.swiftmodule/x86_64-apple-macos.swiftdoc	bcf3f4f801153f376fe52e038a36acf5cb989bd46b99b2bb7d0f1ac6aa428b01
build/swiftpm/prebuilts/swift-syntax/603.0.2/swift-6.3.2-RELEASE-macos_universal-MacroSupport/Modules/SwiftIDEUtils.swiftmodule/x86_64-apple-macos.swiftmodule	f5be912ea500243b70bd7c11158281de7b9ccc7fb4aa642c4cd6268e9c7f006c
build/swiftpm/prebuilts/swift-syntax/603.0.2/swift-6.3.2-RELEASE-macos_universal-MacroSupport/Modules/SwiftIfConfig.swiftmodule/Project/arm64-apple-macos.swiftsourceinfo	2e6eb6fafcff683ecd144fc2a3b8226f1daeb150c8a3d604cf02cf852e25e221
build/swiftpm/prebuilts/swift-syntax/603.0.2/swift-6.3.2-RELEASE-macos_universal-MacroSupport/Modules/SwiftIfConfig.swiftmodule/Project/x86_64-apple-macos.swiftsourceinfo	b18c992d3ccc6e6629b02ab93415587f5a6e71db4c0124671abc529e11fb5b28
build/swiftpm/prebuilts/swift-syntax/603.0.2/swift-6.3.2-RELEASE-macos_universal-MacroSupport/Modules/SwiftIfConfig.swiftmodule/arm64-apple-macos.abi.json	4277ac6b49f8511196028a5ac20f5b1b1dfa754c24615d34068089f0b1739728
build/swiftpm/prebuilts/swift-syntax/603.0.2/swift-6.3.2-RELEASE-macos_universal-MacroSupport/Modules/SwiftIfConfig.swiftmodule/arm64-apple-macos.swiftdoc	a76584673ee1ff90ff314ccaa2ecb7197b29f82eb886d7d266307368779da7b9
build/swiftpm/prebuilts/swift-syntax/603.0.2/swift-6.3.2-RELEASE-macos_universal-MacroSupport/Modules/SwiftIfConfig.swiftmodule/arm64-apple-macos.swiftmodule	5146c4cda498d2573e4312ed65171b3bcceaf873c78680b312dddd4628f935a6
build/swiftpm/prebuilts/swift-syntax/603.0.2/swift-6.3.2-RELEASE-macos_universal-MacroSupport/Modules/SwiftIfConfig.swiftmodule/x86_64-apple-macos.abi.json	4277ac6b49f8511196028a5ac20f5b1b1dfa754c24615d34068089f0b1739728
build/swiftpm/prebuilts/swift-syntax/603.0.2/swift-6.3.2-RELEASE-macos_universal-MacroSupport/Modules/SwiftIfConfig.swiftmodule/x86_64-apple-macos.swiftdoc	a8e04f668fe76b336aa2e11d9a7193285b606851ec991bc6078395ef2cddf469
build/swiftpm/prebuilts/swift-syntax/603.0.2/swift-6.3.2-RELEASE-macos_universal-MacroSupport/Modules/SwiftIfConfig.swiftmodule/x86_64-apple-macos.swiftmodule	c5a9c2f69c4924e814bc877d3661f828b2783c98000e03cc018880277266df7a
build/swiftpm/prebuilts/swift-syntax/603.0.2/swift-6.3.2-RELEASE-macos_universal-MacroSupport/Modules/SwiftLexicalLookup.swiftmodule/Project/arm64-apple-macos.swiftsourceinfo	14fca9fa61d8a54f19fdd5849b56afcfcba3aa4ad24c7172ede2c460b35ec09e
build/swiftpm/prebuilts/swift-syntax/603.0.2/swift-6.3.2-RELEASE-macos_universal-MacroSupport/Modules/SwiftLexicalLookup.swiftmodule/Project/x86_64-apple-macos.swiftsourceinfo	798d77f0612f05cf10a66882aeed148c391741621da382ae00f2c0aecb67f5da
build/swiftpm/prebuilts/swift-syntax/603.0.2/swift-6.3.2-RELEASE-macos_universal-MacroSupport/Modules/SwiftLexicalLookup.swiftmodule/arm64-apple-macos.abi.json	4277ac6b49f8511196028a5ac20f5b1b1dfa754c24615d34068089f0b1739728
build/swiftpm/prebuilts/swift-syntax/603.0.2/swift-6.3.2-RELEASE-macos_universal-MacroSupport/Modules/SwiftLexicalLookup.swiftmodule/arm64-apple-macos.swiftdoc	e2ce5ddce4315646c13193412afda19258d71b72378958a1b11c2f709bcf2c78
build/swiftpm/prebuilts/swift-syntax/603.0.2/swift-6.3.2-RELEASE-macos_universal-MacroSupport/Modules/SwiftLexicalLookup.swiftmodule/arm64-apple-macos.swiftmodule	61abcdc44a0798e7d5258dce4babc5995d4ce28a1e7800adf20392f543d71a83
build/swiftpm/prebuilts/swift-syntax/603.0.2/swift-6.3.2-RELEASE-macos_universal-MacroSupport/Modules/SwiftLexicalLookup.swiftmodule/x86_64-apple-macos.abi.json	4277ac6b49f8511196028a5ac20f5b1b1dfa754c24615d34068089f0b1739728
build/swiftpm/prebuilts/swift-syntax/603.0.2/swift-6.3.2-RELEASE-macos_universal-MacroSupport/Modules/SwiftLexicalLookup.swiftmodule/x86_64-apple-macos.swiftdoc	1b66a80690d6687e2fc2bd2130afdcfe989171262bec92465ad75cc36507c201
build/swiftpm/prebuilts/swift-syntax/603.0.2/swift-6.3.2-RELEASE-macos_universal-MacroSupport/Modules/SwiftLexicalLookup.swiftmodule/x86_64-apple-macos.swiftmodule	c5195538dc39c28ea9edc2c2f53957dba3160efdaa9c7d57f34393d71b6454b7
build/swiftpm/prebuilts/swift-syntax/603.0.2/swift-6.3.2-RELEASE-macos_universal-MacroSupport/Modules/SwiftLibraryPluginProvider.swiftmodule/Project/arm64-apple-macos.swiftsourceinfo	14651b41fa6d7045844f12a90592ad5132d184f72a50d824be8aaf48044247f8
build/swiftpm/prebuilts/swift-syntax/603.0.2/swift-6.3.2-RELEASE-macos_universal-MacroSupport/Modules/SwiftLibraryPluginProvider.swiftmodule/Project/x86_64-apple-macos.swiftsourceinfo	d12acc41669e7077cbf26b8164ef965d1e6e49d28b66aa63e5e2c5dd222ec121
build/swiftpm/prebuilts/swift-syntax/603.0.2/swift-6.3.2-RELEASE-macos_universal-MacroSupport/Modules/SwiftLibraryPluginProvider.swiftmodule/arm64-apple-macos.abi.json	4277ac6b49f8511196028a5ac20f5b1b1dfa754c24615d34068089f0b1739728
build/swiftpm/prebuilts/swift-syntax/603.0.2/swift-6.3.2-RELEASE-macos_universal-MacroSupport/Modules/SwiftLibraryPluginProvider.swiftmodule/arm64-apple-macos.swiftdoc	f14ca1048413ec8995a375cb31cbc3f2aec401a8ceb236b1352d4412db5e5dbc
build/swiftpm/prebuilts/swift-syntax/603.0.2/swift-6.3.2-RELEASE-macos_universal-MacroSupport/Modules/SwiftLibraryPluginProvider.swiftmodule/arm64-apple-macos.swiftmodule	86246580557364f9a2ab5b01024a158a0062d82eac2a32e90772116a75e28e89
build/swiftpm/prebuilts/swift-syntax/603.0.2/swift-6.3.2-RELEASE-macos_universal-MacroSupport/Modules/SwiftLibraryPluginProvider.swiftmodule/x86_64-apple-macos.abi.json	4277ac6b49f8511196028a5ac20f5b1b1dfa754c24615d34068089f0b1739728
build/swiftpm/prebuilts/swift-syntax/603.0.2/swift-6.3.2-RELEASE-macos_universal-MacroSupport/Modules/SwiftLibraryPluginProvider.swiftmodule/x86_64-apple-macos.swiftdoc	01ad1fdd0e6244309187260a7db0ab127d2f7cbd19a7cdc0e0f4271efb87b44d
build/swiftpm/prebuilts/swift-syntax/603.0.2/swift-6.3.2-RELEASE-macos_universal-MacroSupport/Modules/SwiftLibraryPluginProvider.swiftmodule/x86_64-apple-macos.swiftmodule	fa5fb0b993292ae14f7caada1d5fef28c2649e996aa7cb4240a980b8dc76f84f
build/swiftpm/prebuilts/swift-syntax/603.0.2/swift-6.3.2-RELEASE-macos_universal-MacroSupport/Modules/SwiftOperators.swiftmodule/Project/arm64-apple-macos.swiftsourceinfo	20061a42e182b8635b3e1fc04280a91488ad99a5ae9ca9a5173d470fdaf795ba
build/swiftpm/prebuilts/swift-syntax/603.0.2/swift-6.3.2-RELEASE-macos_universal-MacroSupport/Modules/SwiftOperators.swiftmodule/Project/x86_64-apple-macos.swiftsourceinfo	946918f9a5c8294a4cb3b01983a8067e2817eed184c4382352f34095f51d6b2f
build/swiftpm/prebuilts/swift-syntax/603.0.2/swift-6.3.2-RELEASE-macos_universal-MacroSupport/Modules/SwiftOperators.swiftmodule/arm64-apple-macos.abi.json	4277ac6b49f8511196028a5ac20f5b1b1dfa754c24615d34068089f0b1739728
build/swiftpm/prebuilts/swift-syntax/603.0.2/swift-6.3.2-RELEASE-macos_universal-MacroSupport/Modules/SwiftOperators.swiftmodule/arm64-apple-macos.swiftdoc	ba01291e8153bb92626e29a8597a9bfbe562b58fcca2f64cce2b9b3c2d75ba77
build/swiftpm/prebuilts/swift-syntax/603.0.2/swift-6.3.2-RELEASE-macos_universal-MacroSupport/Modules/SwiftOperators.swiftmodule/arm64-apple-macos.swiftmodule	94663dfb419cf4ad3d8eb5def9dc8b1ae5b5f5c3658c3c5fabb89c4b18b8bb0d
build/swiftpm/prebuilts/swift-syntax/603.0.2/swift-6.3.2-RELEASE-macos_universal-MacroSupport/Modules/SwiftOperators.swiftmodule/x86_64-apple-macos.abi.json	4277ac6b49f8511196028a5ac20f5b1b1dfa754c24615d34068089f0b1739728
build/swiftpm/prebuilts/swift-syntax/603.0.2/swift-6.3.2-RELEASE-macos_universal-MacroSupport/Modules/SwiftOperators.swiftmodule/x86_64-apple-macos.swiftdoc	4f725c1dbf8a4a5db500d06ed6090d964ac050d4a8f07340eee2df3bb7a0b65f
build/swiftpm/prebuilts/swift-syntax/603.0.2/swift-6.3.2-RELEASE-macos_universal-MacroSupport/Modules/SwiftOperators.swiftmodule/x86_64-apple-macos.swiftmodule	6bcad99995e07257033a33543f2527901252bf074b7a4aa5a67038e7cc92295a
build/swiftpm/prebuilts/swift-syntax/603.0.2/swift-6.3.2-RELEASE-macos_universal-MacroSupport/Modules/SwiftParser.swiftmodule/Project/arm64-apple-macos.swiftsourceinfo	d41d335c2c948506d6941c7768c69ccadd8b05a67167fcffa75c32d895e95973
build/swiftpm/prebuilts/swift-syntax/603.0.2/swift-6.3.2-RELEASE-macos_universal-MacroSupport/Modules/SwiftParser.swiftmodule/Project/x86_64-apple-macos.swiftsourceinfo	b2b3fde8e2cb7882c2706927b65ae37e24e9d69106e339c1bae81d9cf068eb17
build/swiftpm/prebuilts/swift-syntax/603.0.2/swift-6.3.2-RELEASE-macos_universal-MacroSupport/Modules/SwiftParser.swiftmodule/arm64-apple-macos.abi.json	4277ac6b49f8511196028a5ac20f5b1b1dfa754c24615d34068089f0b1739728
build/swiftpm/prebuilts/swift-syntax/603.0.2/swift-6.3.2-RELEASE-macos_universal-MacroSupport/Modules/SwiftParser.swiftmodule/arm64-apple-macos.swiftdoc	7c97e26cdfbad4e7b710b76f1fa8e39265ef7575ee97aee5c07d488ab5d77bcf
build/swiftpm/prebuilts/swift-syntax/603.0.2/swift-6.3.2-RELEASE-macos_universal-MacroSupport/Modules/SwiftParser.swiftmodule/arm64-apple-macos.swiftmodule	14dc647f6015a6627ab1122cb0d2d49b834763693d4e0d16a4f0c906b85977fb
build/swiftpm/prebuilts/swift-syntax/603.0.2/swift-6.3.2-RELEASE-macos_universal-MacroSupport/Modules/SwiftParser.swiftmodule/x86_64-apple-macos.abi.json	4277ac6b49f8511196028a5ac20f5b1b1dfa754c24615d34068089f0b1739728
build/swiftpm/prebuilts/swift-syntax/603.0.2/swift-6.3.2-RELEASE-macos_universal-MacroSupport/Modules/SwiftParser.swiftmodule/x86_64-apple-macos.swiftdoc	cf5b63b259c82e9529b7b5c330fda1db1109b1ecee45dea2a47d74d525e0cc39
build/swiftpm/prebuilts/swift-syntax/603.0.2/swift-6.3.2-RELEASE-macos_universal-MacroSupport/Modules/SwiftParser.swiftmodule/x86_64-apple-macos.swiftmodule	69a8c8222d8bcaae982d8bf48c659b1af0a414a94defa2c49bf1fee2158e5d60
build/swiftpm/prebuilts/swift-syntax/603.0.2/swift-6.3.2-RELEASE-macos_universal-MacroSupport/Modules/SwiftParserDiagnostics.swiftmodule/Project/arm64-apple-macos.swiftsourceinfo	2793a161b122cc4696d0440a0dbed3247e9083afce820150e97092162e1a0551
build/swiftpm/prebuilts/swift-syntax/603.0.2/swift-6.3.2-RELEASE-macos_universal-MacroSupport/Modules/SwiftParserDiagnostics.swiftmodule/Project/x86_64-apple-macos.swiftsourceinfo	ad774c6de8700e334c6974fd5cbe348b32e4836c50a261fb873dc689994213c9
build/swiftpm/prebuilts/swift-syntax/603.0.2/swift-6.3.2-RELEASE-macos_universal-MacroSupport/Modules/SwiftParserDiagnostics.swiftmodule/arm64-apple-macos.abi.json	4277ac6b49f8511196028a5ac20f5b1b1dfa754c24615d34068089f0b1739728
build/swiftpm/prebuilts/swift-syntax/603.0.2/swift-6.3.2-RELEASE-macos_universal-MacroSupport/Modules/SwiftParserDiagnostics.swiftmodule/arm64-apple-macos.swiftdoc	0c5dcadb6a9b39347e469057737793e5b01bf9b66b6f1e11243a0a1a046a8b92
build/swiftpm/prebuilts/swift-syntax/603.0.2/swift-6.3.2-RELEASE-macos_universal-MacroSupport/Modules/SwiftParserDiagnostics.swiftmodule/arm64-apple-macos.swiftmodule	bc98c0560bb5ea584f2d869fd06d0d3802c9bea5d056d73a4194ba7c328741e5
build/swiftpm/prebuilts/swift-syntax/603.0.2/swift-6.3.2-RELEASE-macos_universal-MacroSupport/Modules/SwiftParserDiagnostics.swiftmodule/x86_64-apple-macos.abi.json	4277ac6b49f8511196028a5ac20f5b1b1dfa754c24615d34068089f0b1739728
build/swiftpm/prebuilts/swift-syntax/603.0.2/swift-6.3.2-RELEASE-macos_universal-MacroSupport/Modules/SwiftParserDiagnostics.swiftmodule/x86_64-apple-macos.swiftdoc	05fbabefe06469c436517d84ef054dfc0247d3aedc7a5c2c838f80f43f9986fc
build/swiftpm/prebuilts/swift-syntax/603.0.2/swift-6.3.2-RELEASE-macos_universal-MacroSupport/Modules/SwiftParserDiagnostics.swiftmodule/x86_64-apple-macos.swiftmodule	e7cf0bb9cd52732a00850641d8d626250650d05f73d31de01804ff8aa0a7d53d
build/swiftpm/prebuilts/swift-syntax/603.0.2/swift-6.3.2-RELEASE-macos_universal-MacroSupport/Modules/SwiftRefactor.swiftmodule/Project/arm64-apple-macos.swiftsourceinfo	fca108ec289a01b9b9b66ae2a08284ea374bd122a83b32bf6d9542d9f99d2a0e
build/swiftpm/prebuilts/swift-syntax/603.0.2/swift-6.3.2-RELEASE-macos_universal-MacroSupport/Modules/SwiftRefactor.swiftmodule/Project/x86_64-apple-macos.swiftsourceinfo	5f409500bb35f20206c619ba5071ae4a87f8eda21f0c27929f4ecb9605f5107d
build/swiftpm/prebuilts/swift-syntax/603.0.2/swift-6.3.2-RELEASE-macos_universal-MacroSupport/Modules/SwiftRefactor.swiftmodule/arm64-apple-macos.abi.json	4277ac6b49f8511196028a5ac20f5b1b1dfa754c24615d34068089f0b1739728
build/swiftpm/prebuilts/swift-syntax/603.0.2/swift-6.3.2-RELEASE-macos_universal-MacroSupport/Modules/SwiftRefactor.swiftmodule/arm64-apple-macos.swiftdoc	01d207413ab35d2365012cd20801502463dcd19cf9a9372fc2ba92d61cfb44d1
build/swiftpm/prebuilts/swift-syntax/603.0.2/swift-6.3.2-RELEASE-macos_universal-MacroSupport/Modules/SwiftRefactor.swiftmodule/arm64-apple-macos.swiftmodule	2e1293792b4940530316cf8ca436853070a9b13a41735f78809993c85ef251ce
build/swiftpm/prebuilts/swift-syntax/603.0.2/swift-6.3.2-RELEASE-macos_universal-MacroSupport/Modules/SwiftRefactor.swiftmodule/x86_64-apple-macos.abi.json	4277ac6b49f8511196028a5ac20f5b1b1dfa754c24615d34068089f0b1739728
build/swiftpm/prebuilts/swift-syntax/603.0.2/swift-6.3.2-RELEASE-macos_universal-MacroSupport/Modules/SwiftRefactor.swiftmodule/x86_64-apple-macos.swiftdoc	8d1ab19623fcdc8124e87193fe44dc5fc10db02a5a8414aa9ab07547a23f5f6e
build/swiftpm/prebuilts/swift-syntax/603.0.2/swift-6.3.2-RELEASE-macos_universal-MacroSupport/Modules/SwiftRefactor.swiftmodule/x86_64-apple-macos.swiftmodule	bd7a0bcc1cd0cb4ebc02e63a8c807b9543865d1c29795b157d8d51c2b6fa0f6f
build/swiftpm/prebuilts/swift-syntax/603.0.2/swift-6.3.2-RELEASE-macos_universal-MacroSupport/Modules/SwiftSyntax.swiftmodule/Project/arm64-apple-macos.swiftsourceinfo	290ef64146daa66247b90ce95cd8f5a47ff219091b6cf0f45bafc77ce89ae229
build/swiftpm/prebuilts/swift-syntax/603.0.2/swift-6.3.2-RELEASE-macos_universal-MacroSupport/Modules/SwiftSyntax.swiftmodule/Project/x86_64-apple-macos.swiftsourceinfo	22648c5c3d93c491253294a6a47085c6a386aae780a9b5febecdf6173f5707a1
build/swiftpm/prebuilts/swift-syntax/603.0.2/swift-6.3.2-RELEASE-macos_universal-MacroSupport/Modules/SwiftSyntax.swiftmodule/arm64-apple-macos.abi.json	4277ac6b49f8511196028a5ac20f5b1b1dfa754c24615d34068089f0b1739728
build/swiftpm/prebuilts/swift-syntax/603.0.2/swift-6.3.2-RELEASE-macos_universal-MacroSupport/Modules/SwiftSyntax.swiftmodule/arm64-apple-macos.swiftdoc	9b720dc50d379040c1a867bb636bc48d3bce231cb90f0544af95e94af5c0e380
build/swiftpm/prebuilts/swift-syntax/603.0.2/swift-6.3.2-RELEASE-macos_universal-MacroSupport/Modules/SwiftSyntax.swiftmodule/arm64-apple-macos.swiftmodule	d4375c42b35bd0d36af1d6a95707d2f183e6a5bc03b61878f1c4d50a6111c1a4
build/swiftpm/prebuilts/swift-syntax/603.0.2/swift-6.3.2-RELEASE-macos_universal-MacroSupport/Modules/SwiftSyntax.swiftmodule/x86_64-apple-macos.abi.json	4277ac6b49f8511196028a5ac20f5b1b1dfa754c24615d34068089f0b1739728
build/swiftpm/prebuilts/swift-syntax/603.0.2/swift-6.3.2-RELEASE-macos_universal-MacroSupport/Modules/SwiftSyntax.swiftmodule/x86_64-apple-macos.swiftdoc	703463249c3a0a84c501997a67e6d677f0d75bce95faf77e1fa7ce4b0e67f93a
build/swiftpm/prebuilts/swift-syntax/603.0.2/swift-6.3.2-RELEASE-macos_universal-MacroSupport/Modules/SwiftSyntax.swiftmodule/x86_64-apple-macos.swiftmodule	2e859e512442bded41bcd97b45657651f58f97f4b71a9b49a690cee1d418d106
build/swiftpm/prebuilts/swift-syntax/603.0.2/swift-6.3.2-RELEASE-macos_universal-MacroSupport/Modules/SwiftSyntax509.swiftmodule/Project/arm64-apple-macos.swiftsourceinfo	dda958e6f5a0f28920ab5b3bbf01dd8dc2280724ace6de530629f9c260a34d36
build/swiftpm/prebuilts/swift-syntax/603.0.2/swift-6.3.2-RELEASE-macos_universal-MacroSupport/Modules/SwiftSyntax509.swiftmodule/Project/x86_64-apple-macos.swiftsourceinfo	b8f8ca881cb1c70c75e8a84c05d007b8fc09336510cf30913999fe18d8d591d0
build/swiftpm/prebuilts/swift-syntax/603.0.2/swift-6.3.2-RELEASE-macos_universal-MacroSupport/Modules/SwiftSyntax509.swiftmodule/arm64-apple-macos.abi.json	4277ac6b49f8511196028a5ac20f5b1b1dfa754c24615d34068089f0b1739728
build/swiftpm/prebuilts/swift-syntax/603.0.2/swift-6.3.2-RELEASE-macos_universal-MacroSupport/Modules/SwiftSyntax509.swiftmodule/arm64-apple-macos.swiftdoc	8ac704e6501ece514b9a4b1191d13e27c4af8f76dc9398b7182d91c73ed39352
build/swiftpm/prebuilts/swift-syntax/603.0.2/swift-6.3.2-RELEASE-macos_universal-MacroSupport/Modules/SwiftSyntax509.swiftmodule/arm64-apple-macos.swiftmodule	c1a350fe350ae4eaf33f4fc88339a8806e9097ec140b9ab4eff7e9643bc16cc3
build/swiftpm/prebuilts/swift-syntax/603.0.2/swift-6.3.2-RELEASE-macos_universal-MacroSupport/Modules/SwiftSyntax509.swiftmodule/x86_64-apple-macos.abi.json	4277ac6b49f8511196028a5ac20f5b1b1dfa754c24615d34068089f0b1739728
build/swiftpm/prebuilts/swift-syntax/603.0.2/swift-6.3.2-RELEASE-macos_universal-MacroSupport/Modules/SwiftSyntax509.swiftmodule/x86_64-apple-macos.swiftdoc	82f54e7e0f3a46e38aed845a4c737671bac1f95b3d2c27632df26c65821a4c10
build/swiftpm/prebuilts/swift-syntax/603.0.2/swift-6.3.2-RELEASE-macos_universal-MacroSupport/Modules/SwiftSyntax509.swiftmodule/x86_64-apple-macos.swiftmodule	5be64e8f73bb2a1fe5a2ae41b774f3c4dca6795cee818e4ccff1bb3b76ab3865
build/swiftpm/prebuilts/swift-syntax/603.0.2/swift-6.3.2-RELEASE-macos_universal-MacroSupport/Modules/SwiftSyntax510.swiftmodule/Project/arm64-apple-macos.swiftsourceinfo	ad91d7816ffdc36ba177b4e9860d3eb9413d58fee1a38af8694091c56fd6210f
build/swiftpm/prebuilts/swift-syntax/603.0.2/swift-6.3.2-RELEASE-macos_universal-MacroSupport/Modules/SwiftSyntax510.swiftmodule/Project/x86_64-apple-macos.swiftsourceinfo	a080d5fc7b46e92feb2d892e87ab9297f5c60007d02a4aa30528746b3b87007d
build/swiftpm/prebuilts/swift-syntax/603.0.2/swift-6.3.2-RELEASE-macos_universal-MacroSupport/Modules/SwiftSyntax510.swiftmodule/arm64-apple-macos.abi.json	4277ac6b49f8511196028a5ac20f5b1b1dfa754c24615d34068089f0b1739728
build/swiftpm/prebuilts/swift-syntax/603.0.2/swift-6.3.2-RELEASE-macos_universal-MacroSupport/Modules/SwiftSyntax510.swiftmodule/arm64-apple-macos.swiftdoc	47054b26fda719f008f0bec4b4e29e7972e79f9e5f4a3605e7c94ead78061bd2
build/swiftpm/prebuilts/swift-syntax/603.0.2/swift-6.3.2-RELEASE-macos_universal-MacroSupport/Modules/SwiftSyntax510.swiftmodule/arm64-apple-macos.swiftmodule	1faf16da3531047714d09a14c9822e505afe511609259a08cc32cf4d21ea991e
build/swiftpm/prebuilts/swift-syntax/603.0.2/swift-6.3.2-RELEASE-macos_universal-MacroSupport/Modules/SwiftSyntax510.swiftmodule/x86_64-apple-macos.abi.json	4277ac6b49f8511196028a5ac20f5b1b1dfa754c24615d34068089f0b1739728
build/swiftpm/prebuilts/swift-syntax/603.0.2/swift-6.3.2-RELEASE-macos_universal-MacroSupport/Modules/SwiftSyntax510.swiftmodule/x86_64-apple-macos.swiftdoc	49f53acf940ae80fce0bb3a79207a6da1d0374c27ac7048e81866c8812b70afa
build/swiftpm/prebuilts/swift-syntax/603.0.2/swift-6.3.2-RELEASE-macos_universal-MacroSupport/Modules/SwiftSyntax510.swiftmodule/x86_64-apple-macos.swiftmodule	1f0009b34f67cc1c500f67fc0ba9a1e753ef4f812ab5f4cc93b70e0c55e5eb52
build/swiftpm/prebuilts/swift-syntax/603.0.2/swift-6.3.2-RELEASE-macos_universal-MacroSupport/Modules/SwiftSyntax600.swiftmodule/Project/arm64-apple-macos.swiftsourceinfo	6173fa29b89dac349a1e313be90c5f6db23b1ccf9137113951428b7bd550c49e
build/swiftpm/prebuilts/swift-syntax/603.0.2/swift-6.3.2-RELEASE-macos_universal-MacroSupport/Modules/SwiftSyntax600.swiftmodule/Project/x86_64-apple-macos.swiftsourceinfo	c0fe778f95e330d613f9367420ee35ccd5dd0989c9a971e4bea7e15535ae63cb
build/swiftpm/prebuilts/swift-syntax/603.0.2/swift-6.3.2-RELEASE-macos_universal-MacroSupport/Modules/SwiftSyntax600.swiftmodule/arm64-apple-macos.abi.json	4277ac6b49f8511196028a5ac20f5b1b1dfa754c24615d34068089f0b1739728
build/swiftpm/prebuilts/swift-syntax/603.0.2/swift-6.3.2-RELEASE-macos_universal-MacroSupport/Modules/SwiftSyntax600.swiftmodule/arm64-apple-macos.swiftdoc	feae735ebb35ff3e45c3f600f557dd528f22ff7c74c0f43ec8d1f853f8097314
build/swiftpm/prebuilts/swift-syntax/603.0.2/swift-6.3.2-RELEASE-macos_universal-MacroSupport/Modules/SwiftSyntax600.swiftmodule/arm64-apple-macos.swiftmodule	f6821a93fce1cdccafe8d68602abd0da38160339bdabcb146ccc53681546addb
build/swiftpm/prebuilts/swift-syntax/603.0.2/swift-6.3.2-RELEASE-macos_universal-MacroSupport/Modules/SwiftSyntax600.swiftmodule/x86_64-apple-macos.abi.json	4277ac6b49f8511196028a5ac20f5b1b1dfa754c24615d34068089f0b1739728
build/swiftpm/prebuilts/swift-syntax/603.0.2/swift-6.3.2-RELEASE-macos_universal-MacroSupport/Modules/SwiftSyntax600.swiftmodule/x86_64-apple-macos.swiftdoc	596dec140da910b46258d324ea6cdc4bd015588a3b9341c4f641b80b6be7371a
build/swiftpm/prebuilts/swift-syntax/603.0.2/swift-6.3.2-RELEASE-macos_universal-MacroSupport/Modules/SwiftSyntax600.swiftmodule/x86_64-apple-macos.swiftmodule	b230c747eb9a22dfd236a52c30a63e717f789d5704c7fba5e513301f492c85ed
build/swiftpm/prebuilts/swift-syntax/603.0.2/swift-6.3.2-RELEASE-macos_universal-MacroSupport/Modules/SwiftSyntax601.swiftmodule/Project/arm64-apple-macos.swiftsourceinfo	d8286ee52d62656c877897a2dc2e2f1517a73846f2ca49447e8acf8bc5ca019d
build/swiftpm/prebuilts/swift-syntax/603.0.2/swift-6.3.2-RELEASE-macos_universal-MacroSupport/Modules/SwiftSyntax601.swiftmodule/Project/x86_64-apple-macos.swiftsourceinfo	4ca2765076d990134dd7dd1790f10eea0dbb2471709c432afb4d7faa8e79547d
build/swiftpm/prebuilts/swift-syntax/603.0.2/swift-6.3.2-RELEASE-macos_universal-MacroSupport/Modules/SwiftSyntax601.swiftmodule/arm64-apple-macos.abi.json	4277ac6b49f8511196028a5ac20f5b1b1dfa754c24615d34068089f0b1739728
build/swiftpm/prebuilts/swift-syntax/603.0.2/swift-6.3.2-RELEASE-macos_universal-MacroSupport/Modules/SwiftSyntax601.swiftmodule/arm64-apple-macos.swiftdoc	24ccbdbe9a6fc6971b45efe8b6bde32b20714e8c227f149e4d22cdc3eba0763a
build/swiftpm/prebuilts/swift-syntax/603.0.2/swift-6.3.2-RELEASE-macos_universal-MacroSupport/Modules/SwiftSyntax601.swiftmodule/arm64-apple-macos.swiftmodule	297feb48326cab52390b22c9238be795fad4bf817a171d3bce428c1ac360748c
build/swiftpm/prebuilts/swift-syntax/603.0.2/swift-6.3.2-RELEASE-macos_universal-MacroSupport/Modules/SwiftSyntax601.swiftmodule/x86_64-apple-macos.abi.json	4277ac6b49f8511196028a5ac20f5b1b1dfa754c24615d34068089f0b1739728
build/swiftpm/prebuilts/swift-syntax/603.0.2/swift-6.3.2-RELEASE-macos_universal-MacroSupport/Modules/SwiftSyntax601.swiftmodule/x86_64-apple-macos.swiftdoc	9d397e6fbfe64dee7a8e2b374756d7b4b8bc23165a59ea9d6f905c4a66b52793
build/swiftpm/prebuilts/swift-syntax/603.0.2/swift-6.3.2-RELEASE-macos_universal-MacroSupport/Modules/SwiftSyntax601.swiftmodule/x86_64-apple-macos.swiftmodule	d7a2bd6a9b6e75e3d21546bcf265f664ea6e4393dbc31047f7ec2634f1652a1e
build/swiftpm/prebuilts/swift-syntax/603.0.2/swift-6.3.2-RELEASE-macos_universal-MacroSupport/Modules/SwiftSyntax602.swiftmodule/Project/arm64-apple-macos.swiftsourceinfo	0d4f43223a0d531e0a5686a27f67484130da820ba79bfac6179c69ee3f688dc9
build/swiftpm/prebuilts/swift-syntax/603.0.2/swift-6.3.2-RELEASE-macos_universal-MacroSupport/Modules/SwiftSyntax602.swiftmodule/Project/x86_64-apple-macos.swiftsourceinfo	0b42758f89b5edfb91a52a6a3c2280682f50b8d62595dac9544aac7b24b176e1
build/swiftpm/prebuilts/swift-syntax/603.0.2/swift-6.3.2-RELEASE-macos_universal-MacroSupport/Modules/SwiftSyntax602.swiftmodule/arm64-apple-macos.abi.json	4277ac6b49f8511196028a5ac20f5b1b1dfa754c24615d34068089f0b1739728
build/swiftpm/prebuilts/swift-syntax/603.0.2/swift-6.3.2-RELEASE-macos_universal-MacroSupport/Modules/SwiftSyntax602.swiftmodule/arm64-apple-macos.swiftdoc	2670bfb4726808beaf4dbcdc7e956c4b90864d900efae86a666d4e43242c3720
build/swiftpm/prebuilts/swift-syntax/603.0.2/swift-6.3.2-RELEASE-macos_universal-MacroSupport/Modules/SwiftSyntax602.swiftmodule/arm64-apple-macos.swiftmodule	4d6c6a0072e0b4fe54be693e419a036b38bd09ae726789b5c2e40e807dcf54bf
build/swiftpm/prebuilts/swift-syntax/603.0.2/swift-6.3.2-RELEASE-macos_universal-MacroSupport/Modules/SwiftSyntax602.swiftmodule/x86_64-apple-macos.abi.json	4277ac6b49f8511196028a5ac20f5b1b1dfa754c24615d34068089f0b1739728
build/swiftpm/prebuilts/swift-syntax/603.0.2/swift-6.3.2-RELEASE-macos_universal-MacroSupport/Modules/SwiftSyntax602.swiftmodule/x86_64-apple-macos.swiftdoc	616c9e8709de8137100626b08a1ffc3dcaecb2cef3d2194ff44fae679b3e2980
build/swiftpm/prebuilts/swift-syntax/603.0.2/swift-6.3.2-RELEASE-macos_universal-MacroSupport/Modules/SwiftSyntax602.swiftmodule/x86_64-apple-macos.swiftmodule	76532cc872f228842bad114d256c4ba99ab65f05eeca30265e87d356dbc96415
build/swiftpm/prebuilts/swift-syntax/603.0.2/swift-6.3.2-RELEASE-macos_universal-MacroSupport/Modules/SwiftSyntax603.swiftmodule/Project/arm64-apple-macos.swiftsourceinfo	0f60b11070fed7ce4a48cf57401c8d5d4c73fdb5ba9056e7a7703996485bc54e
build/swiftpm/prebuilts/swift-syntax/603.0.2/swift-6.3.2-RELEASE-macos_universal-MacroSupport/Modules/SwiftSyntax603.swiftmodule/Project/x86_64-apple-macos.swiftsourceinfo	7d894eec9d3d99fc79b6440c53e6767326a89072982a756bcf52aee3017b7246
build/swiftpm/prebuilts/swift-syntax/603.0.2/swift-6.3.2-RELEASE-macos_universal-MacroSupport/Modules/SwiftSyntax603.swiftmodule/arm64-apple-macos.abi.json	4277ac6b49f8511196028a5ac20f5b1b1dfa754c24615d34068089f0b1739728
build/swiftpm/prebuilts/swift-syntax/603.0.2/swift-6.3.2-RELEASE-macos_universal-MacroSupport/Modules/SwiftSyntax603.swiftmodule/arm64-apple-macos.swiftdoc	75c8af2fa662f3e491f037855965e47ddfd7e9a6d23727a55f737c6e6ae70c65
build/swiftpm/prebuilts/swift-syntax/603.0.2/swift-6.3.2-RELEASE-macos_universal-MacroSupport/Modules/SwiftSyntax603.swiftmodule/arm64-apple-macos.swiftmodule	dc86c14e6e208f6c0f9ee309f75369700ce729a32fdda45b92896e2b8588931a
build/swiftpm/prebuilts/swift-syntax/603.0.2/swift-6.3.2-RELEASE-macos_universal-MacroSupport/Modules/SwiftSyntax603.swiftmodule/x86_64-apple-macos.abi.json	4277ac6b49f8511196028a5ac20f5b1b1dfa754c24615d34068089f0b1739728
build/swiftpm/prebuilts/swift-syntax/603.0.2/swift-6.3.2-RELEASE-macos_universal-MacroSupport/Modules/SwiftSyntax603.swiftmodule/x86_64-apple-macos.swiftdoc	29ae9b176c6fca6c02848123cdee48a43a50d7e3e25cbec4ad8f598a0306fa29
build/swiftpm/prebuilts/swift-syntax/603.0.2/swift-6.3.2-RELEASE-macos_universal-MacroSupport/Modules/SwiftSyntax603.swiftmodule/x86_64-apple-macos.swiftmodule	1417ddb3219c30c05c53099b54fcd87d2203e6ac1ee7ee7a0361bf29b79ac15a
build/swiftpm/prebuilts/swift-syntax/603.0.2/swift-6.3.2-RELEASE-macos_universal-MacroSupport/Modules/SwiftSyntaxBuilder.swiftmodule/Project/arm64-apple-macos.swiftsourceinfo	d5a219ca93c0787e82b1b21cf58b3e1f94e9631b06df1ff89500b6b67920c3cc
build/swiftpm/prebuilts/swift-syntax/603.0.2/swift-6.3.2-RELEASE-macos_universal-MacroSupport/Modules/SwiftSyntaxBuilder.swiftmodule/Project/x86_64-apple-macos.swiftsourceinfo	d372d8981d0d5959097c6b49bfdebb572b6e817f8669367591c191823fdf31dd
build/swiftpm/prebuilts/swift-syntax/603.0.2/swift-6.3.2-RELEASE-macos_universal-MacroSupport/Modules/SwiftSyntaxBuilder.swiftmodule/arm64-apple-macos.abi.json	4277ac6b49f8511196028a5ac20f5b1b1dfa754c24615d34068089f0b1739728
build/swiftpm/prebuilts/swift-syntax/603.0.2/swift-6.3.2-RELEASE-macos_universal-MacroSupport/Modules/SwiftSyntaxBuilder.swiftmodule/arm64-apple-macos.swiftdoc	282ed069c89f101841ddff07a828d40f92dcab774b59689281fdcd07e46c1757
build/swiftpm/prebuilts/swift-syntax/603.0.2/swift-6.3.2-RELEASE-macos_universal-MacroSupport/Modules/SwiftSyntaxBuilder.swiftmodule/arm64-apple-macos.swiftmodule	9027b8a5155e2a78ab8feaae9c16cadcaffcdab03561e6bf83bf8e6aadc03cfc
build/swiftpm/prebuilts/swift-syntax/603.0.2/swift-6.3.2-RELEASE-macos_universal-MacroSupport/Modules/SwiftSyntaxBuilder.swiftmodule/x86_64-apple-macos.abi.json	4277ac6b49f8511196028a5ac20f5b1b1dfa754c24615d34068089f0b1739728
build/swiftpm/prebuilts/swift-syntax/603.0.2/swift-6.3.2-RELEASE-macos_universal-MacroSupport/Modules/SwiftSyntaxBuilder.swiftmodule/x86_64-apple-macos.swiftdoc	912c9fcccbf5165ac6a541636b691290e9b8a0deb4f6c5e63dc8994d199bff2b
build/swiftpm/prebuilts/swift-syntax/603.0.2/swift-6.3.2-RELEASE-macos_universal-MacroSupport/Modules/SwiftSyntaxBuilder.swiftmodule/x86_64-apple-macos.swiftmodule	9644d058057a4b960e2c43a82260ec2208f0dc0ef6f19406fa2e4835be327a5b
build/swiftpm/prebuilts/swift-syntax/603.0.2/swift-6.3.2-RELEASE-macos_universal-MacroSupport/Modules/SwiftSyntaxMacroExpansion.swiftmodule/Project/arm64-apple-macos.swiftsourceinfo	a8f65a8db48d2f54946f92a36bc69eb1c8c3242449563ed818c0843e08349f71
build/swiftpm/prebuilts/swift-syntax/603.0.2/swift-6.3.2-RELEASE-macos_universal-MacroSupport/Modules/SwiftSyntaxMacroExpansion.swiftmodule/Project/x86_64-apple-macos.swiftsourceinfo	aea9b54b8e1f95299d05bfce2f6acf61aaa953f162c2bde179ac82fdd0166767
build/swiftpm/prebuilts/swift-syntax/603.0.2/swift-6.3.2-RELEASE-macos_universal-MacroSupport/Modules/SwiftSyntaxMacroExpansion.swiftmodule/arm64-apple-macos.abi.json	4277ac6b49f8511196028a5ac20f5b1b1dfa754c24615d34068089f0b1739728
build/swiftpm/prebuilts/swift-syntax/603.0.2/swift-6.3.2-RELEASE-macos_universal-MacroSupport/Modules/SwiftSyntaxMacroExpansion.swiftmodule/arm64-apple-macos.swiftdoc	a28fddc4bcb88e2369ece9f873f8052c27ac8c2bb3150e19cb9b72e6442ef90d
build/swiftpm/prebuilts/swift-syntax/603.0.2/swift-6.3.2-RELEASE-macos_universal-MacroSupport/Modules/SwiftSyntaxMacroExpansion.swiftmodule/arm64-apple-macos.swiftmodule	d9181d9c8c17a6c3a41b66d230ad09cc95ac6f4efb604c1ed800ece079e72e29
build/swiftpm/prebuilts/swift-syntax/603.0.2/swift-6.3.2-RELEASE-macos_universal-MacroSupport/Modules/SwiftSyntaxMacroExpansion.swiftmodule/x86_64-apple-macos.abi.json	4277ac6b49f8511196028a5ac20f5b1b1dfa754c24615d34068089f0b1739728
build/swiftpm/prebuilts/swift-syntax/603.0.2/swift-6.3.2-RELEASE-macos_universal-MacroSupport/Modules/SwiftSyntaxMacroExpansion.swiftmodule/x86_64-apple-macos.swiftdoc	d25aab014856327f7a40420ee7266d60704f942affef0f1c94641d2dbcf0cad1
build/swiftpm/prebuilts/swift-syntax/603.0.2/swift-6.3.2-RELEASE-macos_universal-MacroSupport/Modules/SwiftSyntaxMacroExpansion.swiftmodule/x86_64-apple-macos.swiftmodule	c93949dd9b7c12d9866140018dbdfb49e620d64bb41076eecb8372d542fc27d6
build/swiftpm/prebuilts/swift-syntax/603.0.2/swift-6.3.2-RELEASE-macos_universal-MacroSupport/Modules/SwiftSyntaxMacros.swiftmodule/Project/arm64-apple-macos.swiftsourceinfo	4bc62ee906975316781c697302313bbf2d2e96036bde180110d2fd53c876a84f
build/swiftpm/prebuilts/swift-syntax/603.0.2/swift-6.3.2-RELEASE-macos_universal-MacroSupport/Modules/SwiftSyntaxMacros.swiftmodule/Project/x86_64-apple-macos.swiftsourceinfo	1998bce2f39bc7fa4f8b5b39f9b70cd096e4c9bb717e3148434331671c64faa6
build/swiftpm/prebuilts/swift-syntax/603.0.2/swift-6.3.2-RELEASE-macos_universal-MacroSupport/Modules/SwiftSyntaxMacros.swiftmodule/arm64-apple-macos.abi.json	4277ac6b49f8511196028a5ac20f5b1b1dfa754c24615d34068089f0b1739728
build/swiftpm/prebuilts/swift-syntax/603.0.2/swift-6.3.2-RELEASE-macos_universal-MacroSupport/Modules/SwiftSyntaxMacros.swiftmodule/arm64-apple-macos.swiftdoc	2391a270faf1a3e9d343725038160e5eb0b5844c40585d719372e2df2e01dd33
build/swiftpm/prebuilts/swift-syntax/603.0.2/swift-6.3.2-RELEASE-macos_universal-MacroSupport/Modules/SwiftSyntaxMacros.swiftmodule/arm64-apple-macos.swiftmodule	05a3f45a29e58acb9b4d172e0dacbac7da81314243e5295d28fb47d1e01dbda1
build/swiftpm/prebuilts/swift-syntax/603.0.2/swift-6.3.2-RELEASE-macos_universal-MacroSupport/Modules/SwiftSyntaxMacros.swiftmodule/x86_64-apple-macos.abi.json	4277ac6b49f8511196028a5ac20f5b1b1dfa754c24615d34068089f0b1739728
build/swiftpm/prebuilts/swift-syntax/603.0.2/swift-6.3.2-RELEASE-macos_universal-MacroSupport/Modules/SwiftSyntaxMacros.swiftmodule/x86_64-apple-macos.swiftdoc	136540f583e9186795fa12f75a7cda2eb83d5f1d82715fd2a07cf1a963b6e55f
build/swiftpm/prebuilts/swift-syntax/603.0.2/swift-6.3.2-RELEASE-macos_universal-MacroSupport/Modules/SwiftSyntaxMacros.swiftmodule/x86_64-apple-macos.swiftmodule	39e7f673d00e8625cf2e80555a9169ec161142709d3fc360c4b82d3ee8c17099
build/swiftpm/prebuilts/swift-syntax/603.0.2/swift-6.3.2-RELEASE-macos_universal-MacroSupport/Modules/SwiftSyntaxMacrosGenericTestSupport.swiftmodule/Project/arm64-apple-macos.swiftsourceinfo	a3507e281e9dd2ef5916cb52b044a88b61eaa5101257cab53e466169ff331e0a
build/swiftpm/prebuilts/swift-syntax/603.0.2/swift-6.3.2-RELEASE-macos_universal-MacroSupport/Modules/SwiftSyntaxMacrosGenericTestSupport.swiftmodule/Project/x86_64-apple-macos.swiftsourceinfo	1f08347e97b2466f99f9ffbb307ef64bec216a0996bac939bd7f5a5d945b2bf1
build/swiftpm/prebuilts/swift-syntax/603.0.2/swift-6.3.2-RELEASE-macos_universal-MacroSupport/Modules/SwiftSyntaxMacrosGenericTestSupport.swiftmodule/arm64-apple-macos.abi.json	4277ac6b49f8511196028a5ac20f5b1b1dfa754c24615d34068089f0b1739728
build/swiftpm/prebuilts/swift-syntax/603.0.2/swift-6.3.2-RELEASE-macos_universal-MacroSupport/Modules/SwiftSyntaxMacrosGenericTestSupport.swiftmodule/arm64-apple-macos.swiftdoc	381679eba47bd5eeb812630ff525d1bdb42b7c4b2bf59a4ff8360ea86580345e
build/swiftpm/prebuilts/swift-syntax/603.0.2/swift-6.3.2-RELEASE-macos_universal-MacroSupport/Modules/SwiftSyntaxMacrosGenericTestSupport.swiftmodule/arm64-apple-macos.swiftmodule	c7f6b9190e3af4fb58fab475ca1b514f26c64c5954da01347f083ddc6d803da2
build/swiftpm/prebuilts/swift-syntax/603.0.2/swift-6.3.2-RELEASE-macos_universal-MacroSupport/Modules/SwiftSyntaxMacrosGenericTestSupport.swiftmodule/x86_64-apple-macos.abi.json	4277ac6b49f8511196028a5ac20f5b1b1dfa754c24615d34068089f0b1739728
build/swiftpm/prebuilts/swift-syntax/603.0.2/swift-6.3.2-RELEASE-macos_universal-MacroSupport/Modules/SwiftSyntaxMacrosGenericTestSupport.swiftmodule/x86_64-apple-macos.swiftdoc	12b2852b9a45463737a01b6961f34f8de6c5c0e403b3cf3cbec29f69650fcfde
build/swiftpm/prebuilts/swift-syntax/603.0.2/swift-6.3.2-RELEASE-macos_universal-MacroSupport/Modules/SwiftSyntaxMacrosGenericTestSupport.swiftmodule/x86_64-apple-macos.swiftmodule	e9f1fd2ce75f20384d46c57ff4b016173fddc238dfa68604f492649ca5204aeb
build/swiftpm/prebuilts/swift-syntax/603.0.2/swift-6.3.2-RELEASE-macos_universal-MacroSupport/Modules/SwiftSyntaxMacrosTestSupport.swiftmodule/Project/arm64-apple-macos.swiftsourceinfo	f4422605fe838e82c963c364aa79f8dd91d32c7d0e4c7bfba8cd70c18ae61b13
build/swiftpm/prebuilts/swift-syntax/603.0.2/swift-6.3.2-RELEASE-macos_universal-MacroSupport/Modules/SwiftSyntaxMacrosTestSupport.swiftmodule/Project/x86_64-apple-macos.swiftsourceinfo	230b37f0d0816c5f7cc64bc8ed55a07a43758f6ec8f02eff0b391f3b63f2802b
build/swiftpm/prebuilts/swift-syntax/603.0.2/swift-6.3.2-RELEASE-macos_universal-MacroSupport/Modules/SwiftSyntaxMacrosTestSupport.swiftmodule/arm64-apple-macos.abi.json	4277ac6b49f8511196028a5ac20f5b1b1dfa754c24615d34068089f0b1739728
build/swiftpm/prebuilts/swift-syntax/603.0.2/swift-6.3.2-RELEASE-macos_universal-MacroSupport/Modules/SwiftSyntaxMacrosTestSupport.swiftmodule/arm64-apple-macos.swiftdoc	d94fbb9e8023e95173793e2b457dcfe99ccc557b5d5e8c61e68544297d2d8efe
build/swiftpm/prebuilts/swift-syntax/603.0.2/swift-6.3.2-RELEASE-macos_universal-MacroSupport/Modules/SwiftSyntaxMacrosTestSupport.swiftmodule/arm64-apple-macos.swiftmodule	fb77d8f75443acab849dfa9815cd1747b08a9e7e89f3fafde20302dff88bf753
build/swiftpm/prebuilts/swift-syntax/603.0.2/swift-6.3.2-RELEASE-macos_universal-MacroSupport/Modules/SwiftSyntaxMacrosTestSupport.swiftmodule/x86_64-apple-macos.abi.json	4277ac6b49f8511196028a5ac20f5b1b1dfa754c24615d34068089f0b1739728
build/swiftpm/prebuilts/swift-syntax/603.0.2/swift-6.3.2-RELEASE-macos_universal-MacroSupport/Modules/SwiftSyntaxMacrosTestSupport.swiftmodule/x86_64-apple-macos.swiftdoc	0b6422a0566f38a7b34f27288846c47c93dc336df6b5abc51ef1b6667f4cc3d6
build/swiftpm/prebuilts/swift-syntax/603.0.2/swift-6.3.2-RELEASE-macos_universal-MacroSupport/Modules/SwiftSyntaxMacrosTestSupport.swiftmodule/x86_64-apple-macos.swiftmodule	a0278c144bf3615c3c36579ded0f4ccee201b66d080f4fdbf803686f0a913970
build/swiftpm/prebuilts/swift-syntax/603.0.2/swift-6.3.2-RELEASE-macos_universal-MacroSupport/Modules/SwiftWarningControl.swiftmodule/Project/arm64-apple-macos.swiftsourceinfo	4063bec10f3876989d771e7fcacd2d7458d7adeb0032f17a12b0427de1b6735d
build/swiftpm/prebuilts/swift-syntax/603.0.2/swift-6.3.2-RELEASE-macos_universal-MacroSupport/Modules/SwiftWarningControl.swiftmodule/Project/x86_64-apple-macos.swiftsourceinfo	ba496293768b10bdbeec454bb08591daaaeda944e244a96e0eaa7bfd8d325ee5
build/swiftpm/prebuilts/swift-syntax/603.0.2/swift-6.3.2-RELEASE-macos_universal-MacroSupport/Modules/SwiftWarningControl.swiftmodule/arm64-apple-macos.abi.json	4277ac6b49f8511196028a5ac20f5b1b1dfa754c24615d34068089f0b1739728
build/swiftpm/prebuilts/swift-syntax/603.0.2/swift-6.3.2-RELEASE-macos_universal-MacroSupport/Modules/SwiftWarningControl.swiftmodule/arm64-apple-macos.swiftdoc	610b8b94f1843cea307e58d47e87a65cfd00411acdf01e256a8ffdf8d7bfb822
build/swiftpm/prebuilts/swift-syntax/603.0.2/swift-6.3.2-RELEASE-macos_universal-MacroSupport/Modules/SwiftWarningControl.swiftmodule/arm64-apple-macos.swiftmodule	8ab21b9bcaf7032a30f5a01ca38cb2a673761f40666887c268906097474fb537
build/swiftpm/prebuilts/swift-syntax/603.0.2/swift-6.3.2-RELEASE-macos_universal-MacroSupport/Modules/SwiftWarningControl.swiftmodule/x86_64-apple-macos.abi.json	4277ac6b49f8511196028a5ac20f5b1b1dfa754c24615d34068089f0b1739728
build/swiftpm/prebuilts/swift-syntax/603.0.2/swift-6.3.2-RELEASE-macos_universal-MacroSupport/Modules/SwiftWarningControl.swiftmodule/x86_64-apple-macos.swiftdoc	c2bddcc135d9a9fa73aefb09e19d88ea6a0ee36c172b20d95a3d11d69e575853
build/swiftpm/prebuilts/swift-syntax/603.0.2/swift-6.3.2-RELEASE-macos_universal-MacroSupport/Modules/SwiftWarningControl.swiftmodule/x86_64-apple-macos.swiftmodule	b32bc23741b1187e91239982441ae10bc475daa9d9917072cfc50a65c8ea21ca
build/swiftpm/prebuilts/swift-syntax/603.0.2/swift-6.3.2-RELEASE-macos_universal-MacroSupport/Modules/_SwiftSyntaxGenericTestSupport.swiftmodule/Project/arm64-apple-macos.swiftsourceinfo	3aea023906aca3cc2fcbd54cbe4f1e24a312ca528e149b64fa7f26d788371372
build/swiftpm/prebuilts/swift-syntax/603.0.2/swift-6.3.2-RELEASE-macos_universal-MacroSupport/Modules/_SwiftSyntaxGenericTestSupport.swiftmodule/Project/x86_64-apple-macos.swiftsourceinfo	a499c014f6ac5440588cbff6ce2d6b7abbd08316adb848f80ced15682fb7ed5c
build/swiftpm/prebuilts/swift-syntax/603.0.2/swift-6.3.2-RELEASE-macos_universal-MacroSupport/Modules/_SwiftSyntaxGenericTestSupport.swiftmodule/arm64-apple-macos.abi.json	4277ac6b49f8511196028a5ac20f5b1b1dfa754c24615d34068089f0b1739728
build/swiftpm/prebuilts/swift-syntax/603.0.2/swift-6.3.2-RELEASE-macos_universal-MacroSupport/Modules/_SwiftSyntaxGenericTestSupport.swiftmodule/arm64-apple-macos.swiftdoc	a9a09dd334fcd433fe6c5c63e3d323811b9b088a51158f3fb662425a60c3d148
build/swiftpm/prebuilts/swift-syntax/603.0.2/swift-6.3.2-RELEASE-macos_universal-MacroSupport/Modules/_SwiftSyntaxGenericTestSupport.swiftmodule/arm64-apple-macos.swiftmodule	b199bfa583357aaea9f4f144887e8d012d321ea4853a310efe88f1d50b1ed9c5
build/swiftpm/prebuilts/swift-syntax/603.0.2/swift-6.3.2-RELEASE-macos_universal-MacroSupport/Modules/_SwiftSyntaxGenericTestSupport.swiftmodule/x86_64-apple-macos.abi.json	4277ac6b49f8511196028a5ac20f5b1b1dfa754c24615d34068089f0b1739728
build/swiftpm/prebuilts/swift-syntax/603.0.2/swift-6.3.2-RELEASE-macos_universal-MacroSupport/Modules/_SwiftSyntaxGenericTestSupport.swiftmodule/x86_64-apple-macos.swiftdoc	337423137032266e39f7e3ed8ddacbc3f4e4a53ab1be4dbd96c23c85e2fc5e58
build/swiftpm/prebuilts/swift-syntax/603.0.2/swift-6.3.2-RELEASE-macos_universal-MacroSupport/Modules/_SwiftSyntaxGenericTestSupport.swiftmodule/x86_64-apple-macos.swiftmodule	87f38273416cd21aafc1cdb27be8a8c72c3d23325dcccede2704ae1d949ca784
build/swiftpm/prebuilts/swift-syntax/603.0.2/swift-6.3.2-RELEASE-macos_universal-MacroSupport/lib/libMacroSupport.a	b3e79ef59e1778527bdefdd1467cd0235bfd05ad0bf6137c23ab464e7fef9e8c
build/swiftpm/prebuilts/swift-syntax/603.0.2/swift-6.3.2-RELEASE-macos_universal.json	7c7ed54ed68a00c1ad0533b9d22fee07b96af75275502cb2b3dc129eea5d5d65
build/swiftpm/release.yaml	76a2174ab0bb84e4b434d1273b2572509314ac76d41bb3856e6c8cb428c6c187
build/swiftpm/repositories/swift-syntax-e1f983d3/FETCH_HEAD	542a85067e9184d3b6761942b3d26e376d7cf687885dd18306415d6e05a8024d
build/swiftpm/repositories/swift-syntax-e1f983d3/HEAD	28d25bf82af4c0e2b72f50959b2beb859e3e60b9630a5e8c603dad4ddb2b6e80
build/swiftpm/repositories/swift-syntax-e1f983d3/config	010d1cd57fb5abd4069259475313897a15160ad396fa03fbf3f9964d469a263a
build/swiftpm/repositories/swift-syntax-e1f983d3/description	85ab6c163d43a17ea9cf7788308bca1466f1b0a8d1cc92e26e9bf63da4062aee
build/swiftpm/repositories/swift-syntax-e1f983d3/hooks/applypatch-msg.sample	0223497a0b8b033aa58a3a521b8629869386cf7ab0e2f101963d328aa62193f7
build/swiftpm/repositories/swift-syntax-e1f983d3/hooks/commit-msg.sample	1f74d5e9292979b573ebd59741d46cb93ff391acdd083d340b94370753d92437
build/swiftpm/repositories/swift-syntax-e1f983d3/hooks/fsmonitor-watchman.sample	e0549964e93897b519bd8e333c037e51fff0f88ba13e086a331592bf801fa1d0
build/swiftpm/repositories/swift-syntax-e1f983d3/hooks/post-update.sample	81765af2daef323061dcbc5e61fc16481cb74b3bac9ad8a174b186523586f6c5
build/swiftpm/repositories/swift-syntax-e1f983d3/hooks/pre-applypatch.sample	e15c5b469ea3e0a695bea6f2c82bcf8e62821074939ddd85b77e0007ff165475
build/swiftpm/repositories/swift-syntax-e1f983d3/hooks/pre-commit.sample	57185b7b9f05239d7ab52db045f5b89eb31348d7b2177eab214f5eb872e1971b
build/swiftpm/repositories/swift-syntax-e1f983d3/hooks/pre-merge-commit.sample	d3825a70337940ebbd0a5c072984e13245920cdf8898bd225c8d27a6dfc9cb53
build/swiftpm/repositories/swift-syntax-e1f983d3/hooks/pre-push.sample	ecce9c7e04d3f5dd9d8ada81753dd1d549a9634b26770042b58dda00217d086a
build/swiftpm/repositories/swift-syntax-e1f983d3/hooks/pre-rebase.sample	4febce867790052338076f4e66cc47efb14879d18097d1d61c8261859eaaa7b3
build/swiftpm/repositories/swift-syntax-e1f983d3/hooks/pre-receive.sample	a4c3d2b9c7bb3fd8d1441c31bd4ee71a595d66b44fcf49ddb310252320169989
build/swiftpm/repositories/swift-syntax-e1f983d3/hooks/prepare-commit-msg.sample	e9ddcaa4189fddd25ed97fc8c789eca7b6ca16390b2392ae3276f0c8e1aa4619
build/swiftpm/repositories/swift-syntax-e1f983d3/hooks/push-to-checkout.sample	a53d0741798b287c6dd7afa64aee473f305e65d3f49463bb9d7408ec3b12bf5f
build/swiftpm/repositories/swift-syntax-e1f983d3/hooks/sendemail-validate.sample	44ebfc923dc5466bc009602f0ecf067b9c65459abfe8868ddc49b78e6ced7a92
build/swiftpm/repositories/swift-syntax-e1f983d3/hooks/update.sample	8d5f2fa83e103cf08b57eaa67521df9194f45cbdbcb37da52ad586097a14d106
build/swiftpm/repositories/swift-syntax-e1f983d3/info/exclude	6671fe83b7a07c8932ee89164d1f2793b2318058eb8b98dc5c06ee0a5a3b0ec1
build/swiftpm/repositories/swift-syntax-e1f983d3/objects/00/2fd74c62fb0af3b8f44560900c980936e0c52c	c8d89c8d4314e1b49b36039633646dcf5568a1fd8365a27a986aa26617dc39c5
build/swiftpm/repositories/swift-syntax-e1f983d3/objects/00/6b412a2dc0918615d179fd0e8cdf97b05d8265	04bda0254696dfd28314104e478725b8f7cecb2e6c7f24a0f2242bfbebdd8689
build/swiftpm/repositories/swift-syntax-e1f983d3/objects/00/9059b7d2ae83a5807ad5af7ac9c60f28bd349a	6e91b64c8fa8cfed06fce328dd29ce5e4a02a20590ab605d709b0ecf87ea3638
build/swiftpm/repositories/swift-syntax-e1f983d3/objects/00/be6e91b3118b73e20ead6a4c25f4983a9c502f	4406bb55cfdf5f310b2b816949be7051cd5c8f21bf73f165dceb41e6f9176e71
build/swiftpm/repositories/swift-syntax-e1f983d3/objects/00/e8a45ead1e25fc0ef9b2d533fc8ef1f463a328	cd6ec99410ef1c7a7b28c20368a7e9745d2b5193d36943162ddb413c545f2917
build/swiftpm/repositories/swift-syntax-e1f983d3/objects/01/6fe36104aeb9bfd32e734b17b18660e63ae0e9	dec2eedb134b9b59ca5fee0774ba76f7f88a2e2872c8195f8c08b5f8f51df1f5
build/swiftpm/repositories/swift-syntax-e1f983d3/objects/01/a494d52dc0b03e3ff9b70d97db6a28da6598ab	cdb5c5a1a76a4059f57a8dce272e26a3e63fa898cd976ff1f4dbce5949718a32
build/swiftpm/repositories/swift-syntax-e1f983d3/objects/01/b303f3127adf2e7778d77529cafc46c6efde61	62522e98f12cd6aa9f17996110754de19ff98e8211e4f72e6e2a45d2cb881c27
build/swiftpm/repositories/swift-syntax-e1f983d3/objects/01/b424b47ce3ca9638db8afbb2d479ea120eae57	3282a62b40b11de5bd662938ee18c5b6819558d923e9c64a981c761b88f0594a
build/swiftpm/repositories/swift-syntax-e1f983d3/objects/02/2745f370e4c99cd8850964ffd691ae2ddd5582	462b2c484cfa8c4098dbd5254dac83be0155ef27f85489d2e4590784b4782b34
build/swiftpm/repositories/swift-syntax-e1f983d3/objects/02/47f59187e6c61f9d2bcf583cc30d2e5c34e619	1ffa0abc923b95a0a5c8564a229ab65663ca26d95df5f95ebf975defa7b2ad82
build/swiftpm/repositories/swift-syntax-e1f983d3/objects/02/c90712fdad99163744adc5c6efa474195e2582	159f34715d7c583c2666b4d0307335a42dc38cb24c8dc31dfa7972229349831e
build/swiftpm/repositories/swift-syntax-e1f983d3/objects/02/f2bc0c4728f8c1c32b241b65b86850dfd24208	4bb6a833f7353202f3baacf23f17bc5a64f5bda04caa977d1aa0fdf6cc63a75a
build/swiftpm/repositories/swift-syntax-e1f983d3/objects/03/6e1096293fec31fe86dc108fbdb471f8fb820f	23cb025b32ffa4892e4153ece72b8b3325fbebaa2142cca8be602877799f88db
build/swiftpm/repositories/swift-syntax-e1f983d3/objects/03/80a38dbf3028de450ad766c699d8bcfbebaf22	7bf645cd9d4213cf5eb2c8ecd58b6ade109e398e540a4423f5e57432de791ae6
build/swiftpm/repositories/swift-syntax-e1f983d3/objects/03/e7e83ef69cff396471596547afda431a905340	924c0ba68962560f5b005517d842c711c645bc42fe36c926f2ac87002dc9913f
build/swiftpm/repositories/swift-syntax-e1f983d3/objects/03/f97f6c7d8443d8db4b0fe8f0248dcd17b53bf2	d100eec16b019e1dd6212276c3fc1da36ffb8dce0000553e242cd382659085a6
build/swiftpm/repositories/swift-syntax-e1f983d3/objects/04/17de6a829c73f0c33ee0f297d62eff3e87e3b0	abbe038437a2015f66e00821b5b586ef3420591856cb429799be93de0a142927
build/swiftpm/repositories/swift-syntax-e1f983d3/objects/04/9dcd9123e5fdc826650743d0b5e8d6ba9df286	84ba2529d72ffe1c9011194a4e1017644ef5232f37b0075055524458f7174a63
build/swiftpm/repositories/swift-syntax-e1f983d3/objects/05/67e92cf01f841765a1527ff4a3ea96e25968e9	8e11d3a3456b64590ed78f96ff487724bf2e500110f0d5ed5f1d637315e50c25
build/swiftpm/repositories/swift-syntax-e1f983d3/objects/05/69c3b248b71a231dd7fb056675616bba31f3b6	9dd1333a4b462ba3b424b39b228edc1e243fcfe1f3c43ec3b04e2a434957f953
build/swiftpm/repositories/swift-syntax-e1f983d3/objects/05/84d4c92531c7272582dd9c4e1abed610774e5a	b5c19c5883a1a9732fd4c7fb03d8e1fa6493c24df3726e31e548ca47ec718570
build/swiftpm/repositories/swift-syntax-e1f983d3/objects/05/cd3b50a8b132e7e2c571165ea9c24ca0b451c5	e02e1e3b51f79a8c1276228a742231c6a43e32b2584d6e2ff69805b2b38713cf
build/swiftpm/repositories/swift-syntax-e1f983d3/objects/05/e238059856e0e6b37ebab2a7f298f84e46700a	6ac671fd8e1f70cab50ed80d7cd1c35415ba52507ce3f3639754483b0dfef66d
build/swiftpm/repositories/swift-syntax-e1f983d3/objects/05/f308c9724e74dbaa8ffe17d49cf33b0a97165a	c424a4b0ff05de2723b429c70d317bf6ba865b5130825894d7de9fe252a8a7b5
build/swiftpm/repositories/swift-syntax-e1f983d3/objects/06/1cf188e9647eb42dfa6370f4bc5a2eaab35e51	9e0317de4cbd629736280c9352d35a07a2ae5c9cee8351b3d628beaa5b74579b
build/swiftpm/repositories/swift-syntax-e1f983d3/objects/06/3fdaf40ea6f2b305caa5e18733b1639cd6ee69	e01176ea292164e36f4db05d8c4fa11636c0ecbd455f2928feb8ecf865f99ec7
build/swiftpm/repositories/swift-syntax-e1f983d3/objects/06/43d84023ea26b4d0d0bd1f81d719d819019ed3	64b9b336fb27a9088d29becf3f7d976a93994ad7da33ec3b8ca56d4559548ace
build/swiftpm/repositories/swift-syntax-e1f983d3/objects/06/623a716e6636ff28594c6aa9bed452cf813067	9c5675dfe6e185dee908431781cc7e5d6c49dbdcf28263e6d58bacaa05de3f84
build/swiftpm/repositories/swift-syntax-e1f983d3/objects/07/2271dcc1b884bd52ed641cd07a52bd69321185	550ab648eb077fa24ac9d68b133a5a7fb70bc0d582e92205ebf1ad55d3fb9ae3
build/swiftpm/repositories/swift-syntax-e1f983d3/objects/07/4737dc0ecb2ebd44ef329928f1159559c28dca	6f1906546785a98d0dc5d1938facd31add94af2110adcd39612b82b203985b09
build/swiftpm/repositories/swift-syntax-e1f983d3/objects/07/4b696f5a9d559f4d25da28fbb762f6747aa217	5d68a2c1269ee431aff9f053b531c34f070117cd524d1d151ef63ac0f9c6e1f1
build/swiftpm/repositories/swift-syntax-e1f983d3/objects/07/71162ef85abbf1859005e39c934ac09721fb0c	3b10888f2809991aed340e27d1a88f63ce587690c127ad3d138a13cd1309d1b9
build/swiftpm/repositories/swift-syntax-e1f983d3/objects/07/ccf9d3622553a007c8620b399761f659c3185d	e0e69f388ea8510357453571bb8fd933acf5c5e362e7afb6627592f4ffa681e6
build/swiftpm/repositories/swift-syntax-e1f983d3/objects/08/33b27fdbd17db34b5df3dc79c9d2a901878214	006c87430ef046ad911cd8e1895310fabb5edb8af27a90301c6aab99d556cb9f
build/swiftpm/repositories/swift-syntax-e1f983d3/objects/08/4e353ee692fe9a4552d8db0bb006f8eb84cd8c	b5ff2e44f64c0b1d3d2c8fec9b750a634fc617e42ab23c38142f65f2361dad6b
build/swiftpm/repositories/swift-syntax-e1f983d3/objects/08/ebd86fdd3477d029bcd3343ed92dc627de076d	f76f5fa98200f0aede726fd4fa02349066442efa54db4adcee59971d4d67056a
build/swiftpm/repositories/swift-syntax-e1f983d3/objects/09/8a4c261cf77573052dcfea50743c9638c8b699	996fef55a92dd7075e533d737ee4645ace6323fe57d61a29fe14dba67d1182d7
build/swiftpm/repositories/swift-syntax-e1f983d3/objects/09/bdc3bc93bed55dcea46cba27dd2b48932e7d17	e8dbaeae6d14cd82ab27cc64696027a8d29853cd01840cfaa2da6e8c34f282a1
build/swiftpm/repositories/swift-syntax-e1f983d3/objects/09/e3b3963b7a98508f69d08cb9be3e98c6636b37	d0394b07e6af1268797f548263c0d505786f558b655a43ebad847bc199507486
build/swiftpm/repositories/swift-syntax-e1f983d3/objects/0a/1bf2971ce0ec3d7e762198d4aab90dd36e978c	618e18be6a5d1f2b139e3a027ce8f0dd7eda6b12fce8f1cca227ce140da5e5a8
build/swiftpm/repositories/swift-syntax-e1f983d3/objects/0b/12c874718c795ef597d5201db3a40f8bcf1d72	6daae97170060e8c19b62fad4c850d0a2910d475e19281a64c1f6902f867f1be
build/swiftpm/repositories/swift-syntax-e1f983d3/objects/0b/747c84c005c04201685662473dd7d01ee584c9	09d27c10cca5ff25f1949df05158577c35c75a76f9da15c931d6dcc409cdb2ca
build/swiftpm/repositories/swift-syntax-e1f983d3/objects/0c/60682f0d8a2022616a697eae8ccd573693f0af	934bca8c92331d7df6542d89139ba5a278b2ba476b560fa28d08bcf00bf9b185
build/swiftpm/repositories/swift-syntax-e1f983d3/objects/0c/647fa871e0463c242459e89e57018f54a126df	ebb6f96419c2d9340e7b0c7e69fd2109da30e9ce1ffc4df2e87e3a8cbdf6581d
build/swiftpm/repositories/swift-syntax-e1f983d3/objects/0c/7469868a7624abcdac1827925ff820f472fe59	be465b6d9be1ea5d47ce50c70ed7b7e4023adfd4bc44f9a8d65c50c03dbd89ab
build/swiftpm/repositories/swift-syntax-e1f983d3/objects/0c/8f60bd715079025b314aac8d13f0cb8252ab62	cb1c6744a20269b06e4990a7c4fafb1fdec208a66e56e20aabc21d0b4e8ed39c
build/swiftpm/repositories/swift-syntax-e1f983d3/objects/0d/823efd35d6154487041eeb130cdbce315cc71b	bd1d50a6235e1ca86ab85ca11b033468e660ed308a0b20d973389629489bc6ed
build/swiftpm/repositories/swift-syntax-e1f983d3/objects/0d/a15f01c06e51e690af34e8ce4370f75690d83d	34a27a1241e4581d1c0723bb2241297f38e6a22c032e912a4d122ca0075af8cb
build/swiftpm/repositories/swift-syntax-e1f983d3/objects/0d/bd6e386c2643a2b610acda8de186258339ca9c	004f8fb63c8bfa0c8f7d27f21cb38781a0118cbf35653d1078df7f4d349f56a8
build/swiftpm/repositories/swift-syntax-e1f983d3/objects/0e/2ad2fc1de15d4743c15520818d3ee2ec9c95d8	94f3dcb4072d81c71260d1d9fe441f73ae0fb9fb0e870be4e3fa2a815f77cd69
build/swiftpm/repositories/swift-syntax-e1f983d3/objects/0e/c21ceb2eb9dedbd051e3dcb5233f44c0856652	7c488df3c871ec6756eff39eede6939d45be12de8b41d2ecdeafda4087a1f89e
build/swiftpm/repositories/swift-syntax-e1f983d3/objects/0e/fb699350043617d264bce8f8b1bc6c92dffa80	fe5e408aecb4bd006c49506599e6d79c4d967f0c2c17e6ae6721706a857b527b
build/swiftpm/repositories/swift-syntax-e1f983d3/objects/0f/21d04eec54a3befda860912abd5af3cbc9965a	3d870d590259011756cb706726acf2434c160a91f933b1dbc65e02ca29a99254
build/swiftpm/repositories/swift-syntax-e1f983d3/objects/0f/2256eb8e378377cd28a146a8f4170e8ba77dad	e04758ad8bbb0220ac80628c6ed5c41bdcf24c6fe7ef1c112bd83bf71bb39d28
build/swiftpm/repositories/swift-syntax-e1f983d3/objects/0f/68f135d5d0ca5ed5125d3e2cb56e30e6117d4b	9bb730ff9e2f56179fd50cd442433cbf8e9896221c2381edabcb1cfe99e692ac
build/swiftpm/repositories/swift-syntax-e1f983d3/objects/0f/7a1b7b1baaedfe03224a751ad152e1d6972d43	3babc9fc683db4014ec71bdd51d55ba25a6755c726ea0a19595be922da536da2
build/swiftpm/repositories/swift-syntax-e1f983d3/objects/0f/7a57c5888ccd0bd599e5b8b6fb928b9641f1b8	3f65d765e56152b3031ce117284ed98e3aa024b150c31b643b06d19baa4b0f0e
build/swiftpm/repositories/swift-syntax-e1f983d3/objects/10/13ca4a2660b9c2f1d9f71a411381f3f9546bc4	f2df7791cdc62e0332399ab4f201a38c60599b40e7e6231bff24c6615bd7c9e5
build/swiftpm/repositories/swift-syntax-e1f983d3/objects/10/5c361081d19bce944522b1a86f75213c390f7a	d38f9309200ef010bc794b0982f609912ce494bd428da0545fcb8add830305e8
build/swiftpm/repositories/swift-syntax-e1f983d3/objects/11/b6410f7188a6c4036d68d5218bf4d88e930b96	a61aa097900f5fc2a748de9a49cd1c140f98742872f59c7660b66da083f649ad
build/swiftpm/repositories/swift-syntax-e1f983d3/objects/13/42294ddf3d8f1052d7972ee6200ac9249fbaa1	9b2eb058fb59ebef51b94932068b0eb01826bf952a6349ecb138ddcade106dd8
build/swiftpm/repositories/swift-syntax-e1f983d3/objects/13/6087a73c898d0cb6d9d1eb70146b3fac081966	e8a1cc5ccdf293a3613ca81b2b870dfbe15b072896aee19e34517d22bf6d51f6
build/swiftpm/repositories/swift-syntax-e1f983d3/objects/14/11d5c9e4b6f4fe71e00ce7580da28c1831277f	8c6d81936f5c1010734adcb0fdad1f08cb9b34d4a2f71f0aed835b587c9afe20
build/swiftpm/repositories/swift-syntax-e1f983d3/objects/14/5fe419527aa816731c2e45ba8acb34663220d5	c4dec58a6d79e6e7245cfaefb32e7dbd9fdd645842eb5fc41f581188e97935cf
build/swiftpm/repositories/swift-syntax-e1f983d3/objects/15/33ec0c6709ec59a57a17b2da014823046cecf7	8d7af0f3e7776f980d2273caa4a66ff085821b6fcb96c9822d165e7b78de5e26
build/swiftpm/repositories/swift-syntax-e1f983d3/objects/15/50d2dda811aee7f4bf6bb149b38c666e8974d9	b3a5682cf4ce1427e4caccf102053437e6981cf234ee7939405a91920d61e349
build/swiftpm/repositories/swift-syntax-e1f983d3/objects/15/813d049e71aae72b10be7ed409f762e4b2bd92	3858e141d1346f28ca9ebb64b85d0fd784972e3f07f7c133151dc81f39f53645
build/swiftpm/repositories/swift-syntax-e1f983d3/objects/15/a382a60ef406c1f6ac768246092732815c3939	1cd79b2b9d1448a7cfd5706afc9091ef1159fe6a8620b2d5b81497168254fac1
build/swiftpm/repositories/swift-syntax-e1f983d3/objects/17/2b7073bcd57138a4e3d279905a1d3c867daa74	d25171ee7d24d126e071918e5b931825385179f35ffb7b16af10b6dcdb3e9a4f
build/swiftpm/repositories/swift-syntax-e1f983d3/objects/17/caace8fb1ca03001ca28b1512399780b305664	8441e03eb8caa9e7b474afc8b779b20230c407adbc2e2e25984a661d4b37daeb
build/swiftpm/repositories/swift-syntax-e1f983d3/objects/18/7d5a8e853b9ce98fb84866bc67d7c399a14c25	538093ae6dbb168d4de7e4a493ae70a7fcde4fac7b4720e1ea0c767ec86f3ec3
build/swiftpm/repositories/swift-syntax-e1f983d3/objects/18/ad1f72b0624e57a63aeedbb64abf76c8fcd67b	5813b7b6cb94c8c71012d669de48c6b3f6e27964533abfed8f3272fd8666e9ac
build/swiftpm/repositories/swift-syntax-e1f983d3/objects/18/cacfefb0a855a3dc4b2e6f50a43e9679127d17	d54ed6ef5342be8e9e36ff00c18aca82fb70149909c1caddd7295c268ab3cbfb
build/swiftpm/repositories/swift-syntax-e1f983d3/objects/19/03f360fb9036a61b8f185a2074f7d39d531f5b	f409a438c79bbe79023eba3d6aa53f0b494c0d7893abcea63728d354d49f53ae
build/swiftpm/repositories/swift-syntax-e1f983d3/objects/19/388223cf076034f1a069b30b4d8872347fbe31	b8251aada7c9f1d75949ceed6cd4fe9288d72c83c160b4dd4d1f20e07a2b058a
build/swiftpm/repositories/swift-syntax-e1f983d3/objects/19/90610f0c771da7c7ab653837d2ce6364500625	52204a41eef598f1a0d3143084ad4631940cd08b5b043c339ec65b50763262ff
build/swiftpm/repositories/swift-syntax-e1f983d3/objects/19/abf6e0402010d10503c03b5027c170ee285829	009bbbf82cc31fe6d3d720a3144f5baf938277b2f3fff96afd9fa4d99c43b1c9
build/swiftpm/repositories/swift-syntax-e1f983d3/objects/1a/313100cd0392b2c2a65878161a9a6dfb0bc4d8	a8d15286ae9eb3598ad7429dc0e7b66ffddf885577ad23f4f9a5dd045309747d
build/swiftpm/repositories/swift-syntax-e1f983d3/objects/1b/68f51f8f6ed58452a32b224d366707a0284cf0	09d9fe56f1a2042159810ddca90a3be8aeaf2e1efe5bac8d82434a1a0bb346ac
build/swiftpm/repositories/swift-syntax-e1f983d3/objects/1b/7c48b549483cc29c8bd283e6248a36ac7cf238	545f347b88b35b1c16dc6f00c78a0d5577ea5320980ae15174fe3e2d59b82746
build/swiftpm/repositories/swift-syntax-e1f983d3/objects/1b/f77df4160a647a7f38369126308d922f45256e	01ffcd473663e0038baa48bc19e8ed8771d1243671287722a4a4bef4ea9e42dd
build/swiftpm/repositories/swift-syntax-e1f983d3/objects/1c/0fe1cb0e2aaf132c43a0b0ea1ba7de7bb07e91	afded8dae7c069ba200fc65ad48681b5ced62d517e76a6e31de12b40afa015a6
build/swiftpm/repositories/swift-syntax-e1f983d3/objects/1c/2ebcc596081d1e33ef47ba11419ef3df94b6a4	1c826b9b8cb2420c5df2a17f8b3215fc72f4a23ddbf74254650ae12cceb83cdf
build/swiftpm/repositories/swift-syntax-e1f983d3/objects/1c/3bb554d1289f4bbbb4e3a6dec78adb8bc00c7f	030bdf0e708697a359195263723e864bbdaa6f097b2f3ba440257bd8c648c368
build/swiftpm/repositories/swift-syntax-e1f983d3/objects/1c/98c058c2b8a12b5e5da083347d5036300018d4	819aa6e89151025edd986de74b225daedb87758cf13f5f67a297f7889b88f632
build/swiftpm/repositories/swift-syntax-e1f983d3/objects/1d/04a088de000e683e6c84fc982fc396fc1bd689	851bf71b563797000efce599d61146fba4a87344943dfdd449f5282bd4529ab0
build/swiftpm/repositories/swift-syntax-e1f983d3/objects/1d/578395caf86274f570e8f7e34b752e6f51bc78	f657424c5568c6cd2de21c3969c513cd02f2d07b76422b7e718b882bb1aeb477
build/swiftpm/repositories/swift-syntax-e1f983d3/objects/1d/b3b9c317eccc40a0bc3e260bcb65bbcb03cc84	65496ee89a4c75436c4b2d9f8122ab03b95d1a8c1cd38682aaa93e506804330d
build/swiftpm/repositories/swift-syntax-e1f983d3/objects/1d/d37fbd76da4feae14409c7f6556d1dc0fe84a9	b682dccbc0542b51145b0b0dfbeb0ffcee119a99ad35273e53f403c88b843cc2
build/swiftpm/repositories/swift-syntax-e1f983d3/objects/1e/048df4dedcb2e588a5c03b64748490a3cb2310	50d3dccc945bf11a8e49a829267140ba530d7097b96451ae7aded0d1438b872c
build/swiftpm/repositories/swift-syntax-e1f983d3/objects/1f/80aacc309c1b3835af2e027a10619abdd62d55	32d8ad2811d9e226a33825e9ec04210f6b20e5fce1e09476a412170429573e83
build/swiftpm/repositories/swift-syntax-e1f983d3/objects/1f/8130d971ca40f31612436045237ec52031633f	0c737103e70e556557378999836f4a39f704a6e3f7596fca72a5679dbad058c6
build/swiftpm/repositories/swift-syntax-e1f983d3/objects/1f/c4ecf7cc8c79cf810fd543be192d8d96927c12	2fd4e8b3827519bef82cf20f5a795a2dc2cc8a1aa700f5e16e837527364c3b3f
build/swiftpm/repositories/swift-syntax-e1f983d3/objects/20/ee3762d81e1e632539e7b9309f234186caf0c6	e75188a219389c46b7436a28f7181dc022e21e4433f630d77bc982694def22d1
build/swiftpm/repositories/swift-syntax-e1f983d3/objects/21/8a395b78cf1beb2aff320e8f0920a71dab07da	b5f36448f5efb5292f54d63a19210424bd679f6792b2377afec5510a88c43983
build/swiftpm/repositories/swift-syntax-e1f983d3/objects/21/e2191124b8a1e584abc6a3644647ba149d3ffa	ff9601227b935dd2e7629dc30f59412244b169ea73dc839dcf00592a864d610d
build/swiftpm/repositories/swift-syntax-e1f983d3/objects/22/5f15e6fa0b645b1853ae8063f5abe3578de494	fed14aa56b95ce7242aad25694e55e3f432b4e7b8674e85c43984ed3a60b18e1
build/swiftpm/repositories/swift-syntax-e1f983d3/objects/22/e5645da86662fa5dd9f072238b62d13e2006aa	e38c997cd0b71066402255340d989e124dc3dfbc9e773dbc8dacefe9b28a2af5
build/swiftpm/repositories/swift-syntax-e1f983d3/objects/23/b81662868466f50bdf4c695082f82d943e201b	5e8468ef4a3bc584e442b4359411b92dcfeb490fa6a4f8db1862cf93d4935d62
build/swiftpm/repositories/swift-syntax-e1f983d3/objects/23/f946af1c3b9df4115ab9180288d0e51ed8d9ff	27baf66a94e59e8223d3c85ee29199051d560df6ce3e6528334cc7ab6a19cefc
build/swiftpm/repositories/swift-syntax-e1f983d3/objects/24/01f62959523b6c5825cb3ee89783703c782b74	4e2e2de75c098d99da135a1529466de67277f68659cbba0a8979d2ef4577ed09
build/swiftpm/repositories/swift-syntax-e1f983d3/objects/24/195e0cd794a71a49e920af6de0557fae7d5925	b57fad090fdd17a5615c3de8711c6738aaecc3b9ded154e84e3a1f948d8893a1
build/swiftpm/repositories/swift-syntax-e1f983d3/objects/24/68c131c646f967134783f401480cc8112ba372	ffde006546a36e608e54a574b9c2bb86247f650878aee72f931d6a44c306d2de
build/swiftpm/repositories/swift-syntax-e1f983d3/objects/24/cbf8e241d6084f2cf6d7be8615586d3d5ccfa0	7eb238573a0e114d02e953d228088532a186d9f231ce88be37064bdaba30f955
build/swiftpm/repositories/swift-syntax-e1f983d3/objects/25/042e950dc8156e7e01b038e78fbcd95659ae83	87699c059a2fc0b15ddd4a5363aed9ed059de46e9c74fe226f7d1d15f2c84620
build/swiftpm/repositories/swift-syntax-e1f983d3/objects/25/3d2b563f4f0961dd444f4ac623887a9a473450	a375f4fa2af66ec97c5112cdc01dcb53844581f0f74db9f0476ca35e173d2739
build/swiftpm/repositories/swift-syntax-e1f983d3/objects/25/8ecf1394ce0e12bf45974f230b55f6dfb28b25	21de7432d2a34a4a53d7d5fff1c1bfe56cc72b8c2ca297636b829d01712b2f46
build/swiftpm/repositories/swift-syntax-e1f983d3/objects/25/932f52120779bf8665196acd251b37284a0732	d875e9a5da66fe44d5312a73ddf4fc8f9022e795b89abd8661e8ea17f08a129c
build/swiftpm/repositories/swift-syntax-e1f983d3/objects/26/2e62210d220fa89978ec3569bc831d0ea2b9dd	6e7917efe792080a9c0f1cfacf2c36fae6feb9890c82b3240fcfc38d6fbe16f1
build/swiftpm/repositories/swift-syntax-e1f983d3/objects/26/6da7fb635abe766ab868a1a8a5715d14d7cc60	c1a58c5cc64f13d7d74f383f06759a00973dbc63ddf9a7d844c9947b9de8513f
build/swiftpm/repositories/swift-syntax-e1f983d3/objects/26/8afac54ba0bb93ea148193ff2141db81b8604e	c3a73329f4e1369a9db50754733926ad46631b81eea5b2d4ffcd4c011bde54a7
build/swiftpm/repositories/swift-syntax-e1f983d3/objects/26/f6f1a8371d03a3ab3d770c9892bfaba05d87ab	a9f5d1896c5ba2a58bc4e9b2f8b3783088aa2288a64865b52270ccbb42bfe1ab
build/swiftpm/repositories/swift-syntax-e1f983d3/objects/27/06ee84bd9f0111dd68279005dcfff726c97bdf	db41767ac34aec0c764df72599c0826ff421e3db00811067be9772ab5e0385f8
build/swiftpm/repositories/swift-syntax-e1f983d3/objects/27/3609466ecd0845a60501e2b0ca35135bb1f81e	48b02e192fa230526259c7611fde999a7f7cc3e5416d733156037b24fac705e3
build/swiftpm/repositories/swift-syntax-e1f983d3/objects/27/4a0710afb0a3da09f339b3699f7b0f2a041aa7	046bd7e9621f35af8716970b6aa45e9e9cba4726f995922d0b95c85014d6f92f
build/swiftpm/repositories/swift-syntax-e1f983d3/objects/27/9670cbf27efc151bfb88f5c5702c6f462a1112	1b861725d5d29e5d41231c49f7261abf6eaa7660fd8e3f16c102eef9f520d17c
build/swiftpm/repositories/swift-syntax-e1f983d3/objects/27/f867e560efa6116ad49289ffe7d31c79b6afa8	d5f4b4b580413181873a7ee6ed0fa3b4affec7921d38e44e98737ff0b81c4b1a
build/swiftpm/repositories/swift-syntax-e1f983d3/objects/28/8bdd92e8dda85f817083b4d2f92b4030479603	1972c4cbc2d354cea3bf5cabd34f62a054155a7be6b295d811c50a9305f6c68b
build/swiftpm/repositories/swift-syntax-e1f983d3/objects/28/a2698916909cb97aa8f9cf3924698d00ace6df	33727a8580c421a63920f691698694951dd98ce9babc5dbf64dc0f81f58e2dc5
build/swiftpm/repositories/swift-syntax-e1f983d3/objects/28/c7c440c983932bb8977598df9b9f0eac133d62	d2abf6b1965cdc3de4cd5d4446e09687f4bb6c585cac59f371a7cc183e078161
build/swiftpm/repositories/swift-syntax-e1f983d3/objects/28/f14c03346770db7ac4e49116b82a6a7be8d92c	1d753ae9efec35ca4b63cb4c5ddcb51cc94b8dc90064e69fc5190ead1e5a5a06
build/swiftpm/repositories/swift-syntax-e1f983d3/objects/29/bcd1d956b5045adf18730e13623b945747d1b9	f422b0a1204e43e09f9e65d9dd91be6052ef4900066946151c43431b22771775
build/swiftpm/repositories/swift-syntax-e1f983d3/objects/29/e7df137276b3cd2a64229180837fee0b2f0db7	8765c13f01fa37ed7aef258793b778011eafd9bc1c684930bdf644a9b95fd4cd
build/swiftpm/repositories/swift-syntax-e1f983d3/objects/29/f79307956854d1d76e5ba1d6f9f8f67a5cf5e1	c844a615259f4911b341951b6f85775645de4d6efa46ba8c43f57b9e0bd99bf6
build/swiftpm/repositories/swift-syntax-e1f983d3/objects/2a/14544a3df64ce7e0cc6cbee4b8f6d560c50158	b18d22541e286938ae3f329f190baa73d0da1dffbe932d6e33149468843b3796
build/swiftpm/repositories/swift-syntax-e1f983d3/objects/2a/4c61a3c06b812d95bb3404545b092cd9699d4a	06cd63db0d78b0297846f3287f4e48a7e9f24284e4d09b6c9be15f40bc142897
build/swiftpm/repositories/swift-syntax-e1f983d3/objects/2a/be3c06b4247a0b7ee91beaa99257e53883ce72	841bcc45888db160e274f4a5852b15e142395c5964872c9b3f1ea46b65a62eec
build/swiftpm/repositories/swift-syntax-e1f983d3/objects/2c/17cefe5be20ccc4b1b538583c7c4850ea511bb	fa149fc34c312d61376eb799ea23e6c829e1c1d09baa5a078ebc2b14d739af76
build/swiftpm/repositories/swift-syntax-e1f983d3/objects/2c/eac1c4b21e97b4a8f975467bfcbc93f3367e9a	93559feaf6f744d63588b31e544003a1ca2d8f25473371c57e67db94e2f087a7
build/swiftpm/repositories/swift-syntax-e1f983d3/objects/2c/fc028711273853308ca3b985d9e16509dd711c	eb929249bb62ffc095d4b903469cbb5854f5b6fd3c9a1627de830128e7987a0a
build/swiftpm/repositories/swift-syntax-e1f983d3/objects/2d/49836ec4bcca367b3c5adff19c4f2587f0dcdd	1bbfc21539847d758afb02f42f2ed25c1049a44ef47ad696ca1a7f488aca69d3
build/swiftpm/repositories/swift-syntax-e1f983d3/objects/2d/ea8219ae0ce651ba2aefa6a5397365ce947d56	4453b8cfe97e089bbf50a94590439184521cb651955cb2b38ea2b3194922e8cb
build/swiftpm/repositories/swift-syntax-e1f983d3/objects/2d/f3b89c08a4915669a67029dc372ca91e126ce5	12d244605c65daf161947060b51ed4dad3aaf94390a054ad0be697824af4022d
build/swiftpm/repositories/swift-syntax-e1f983d3/objects/2e/a2fc52bd1c3e2761638d2182d160a35709f46c	47dad75264715175d9bc9fcc11d497280b4f2a2fb4211ef3d623314c3ebb0179
build/swiftpm/repositories/swift-syntax-e1f983d3/objects/2e/f4aaa55168bd96bb1aa941a9e30f2fe41683fa	803110fb116412658fbc1340238f1585a34d52fb1882f3566068874ebe62cc29
build/swiftpm/repositories/swift-syntax-e1f983d3/objects/2f/024f2a7971cb26bbc706bb34447603c3708bef	07f187156f343bd4136d92700ebf049417876cdbf05fbeda5425701bd321a108
build/swiftpm/repositories/swift-syntax-e1f983d3/objects/2f/0ef5b5acd054c55a555808e9d7d68d6c9b2792	bcca74eba683da1f7fb2494fd8f2f55c5bbc352882054201a9357af8f83c3a1f
build/swiftpm/repositories/swift-syntax-e1f983d3/objects/2f/248e2e87b5dfb8d633a7b0845804db94fba9cb	7eacfca5c4d91cd9319cc8a60d3f57bce049c523e8ca714375390641d22beb5a
build/swiftpm/repositories/swift-syntax-e1f983d3/objects/2f/e54c78c493f4c121375e4af0a75778b87f81f6	12b3672455d454dc6dff101c298b9dc192eb72dafb092cbdfa0fd5451c74be8f
build/swiftpm/repositories/swift-syntax-e1f983d3/objects/30/15be30b79a5ad446c9fa4aae384af811862658	6283a0caffbddbe8280c2d784f4af38537083b717f7adc08f8537ae38f0c0f31
build/swiftpm/repositories/swift-syntax-e1f983d3/objects/30/5e8e90fde9a21787d66b8c9f93773e2e952796	b33c5fa11c5bdacf960a877e4eaf5c68a24f851e09c0a51291d6b5982206dbca
build/swiftpm/repositories/swift-syntax-e1f983d3/objects/30/696fdc4885d1a385e152ad4b7019cc3fc3a71b	014728fa8bbf519ab0592bc6032743c5bc4c63ad5e225d27a8bb3545d094c084
build/swiftpm/repositories/swift-syntax-e1f983d3/objects/30/988e68168430fbd711d399896b92212163b585	98273cdf53ad37a4343c27e711b4ab73a46e32390ae23aa8aa0c721872d88a37
build/swiftpm/repositories/swift-syntax-e1f983d3/objects/30/b1af2c5548c2dc96fd9201148c0a371aa80cc2	81993718e3033b3eb72f995a6f9c60f3a435cb648f2e18a65b86b803e28f9c50
build/swiftpm/repositories/swift-syntax-e1f983d3/objects/30/d9cb0f5b6e233674a9751d032eaaff297aecb7	78778ce4bcd29490b54014ddfe3299797639524478617fed6c90eb1360000247
build/swiftpm/repositories/swift-syntax-e1f983d3/objects/31/5dbf9b67fa4f7156f0e84b98577683ae3bdc04	6415af8778d38402b75c90f04546bf4c10e38feaf116cff3458fded91a449f77
build/swiftpm/repositories/swift-syntax-e1f983d3/objects/32/4dbc5f567784f6fe65f82cfadda835875c28d3	b01aec6e9be9f82a97ac892976ce92ed68d3929c9d068f29a4b064d604552c90
build/swiftpm/repositories/swift-syntax-e1f983d3/objects/32/879019dec88cf9e674ef8e349e481371a87204	dba44643583b5b29eaadb2815cc950904b802ff1c64da9f02828fbde1f5f3a1a
build/swiftpm/repositories/swift-syntax-e1f983d3/objects/32/8ea560fe01aa0174a4a6b95770bdd7ff650fe9	89b36dc346fe7b3708337fd2c39af11c7c00efb9bf82c1ddb04325dbf1ec93a9
build/swiftpm/repositories/swift-syntax-e1f983d3/objects/32/9b5dd555d1143fd30a5bf3fd8233adacbf6ad7	20b4c2857f92615c1cbcc0b56678c021c6262bd9a7b5725523ea7f8fb64e1e09
build/swiftpm/repositories/swift-syntax-e1f983d3/objects/32/d6a26bdd1f2114281a3ed52995ad83dcea96f4	0a346a39ee152a0a8927d7932b0df102fbde13fcebca94256e5f51e9f4a72faa
build/swiftpm/repositories/swift-syntax-e1f983d3/objects/32/e83768800149cb9d177ae65f3021a5d09767f2	d95620b40b707546733abd968c528465d8215ff498cc4d5f79c389aa6e238708
build/swiftpm/repositories/swift-syntax-e1f983d3/objects/33/174df40942796dcefe3ced56aa0c0ce7c9da3c	98b13cabaebfac2a54b1f5f9df1c4ec41119bab2bc1a518fb48380cd9219cf05
build/swiftpm/repositories/swift-syntax-e1f983d3/objects/33/b6307fbb35258a275fbec28c03a9a4b2fe693c	a4f1e8098475db4171ea5fd7e0466ebdb24d41c641b00a11d8cc9dd4495ce2fd
build/swiftpm/repositories/swift-syntax-e1f983d3/objects/33/c593c951aea9ba3f271e8662d1147dd729dd10	340813a874d67f89c499df17cf43721d2e9a11fee8d42efb28dbc839b84d55fd
build/swiftpm/repositories/swift-syntax-e1f983d3/objects/33/ec041875f6d01df7129279cf2b25778145809f	1ee256bdb251ff4f9e0e09d5649f00ca88c37a9d956be326cd63db6907c63d7d
build/swiftpm/repositories/swift-syntax-e1f983d3/objects/34/807b847c6e5e580aac4418ef881df246a5727c	21949d35185356380180662b77de0dd8c9b2b625aa69a3f4eeaf2f58ec86f932
build/swiftpm/repositories/swift-syntax-e1f983d3/objects/34/9a4c38c001fc4ab3402676f49de85903d6da82	1c35e59ff695881141ab1b77a84f96f3c3d2d71f7ad36716f9a073e67b3f2daa
build/swiftpm/repositories/swift-syntax-e1f983d3/objects/34/a8311cdcda240f5263bc0a8e1601ab0811a69d	37724e60dfaf3de62597bbed9565424cc00ce1fc7451f3e30a8c464aea6b8f81
build/swiftpm/repositories/swift-syntax-e1f983d3/objects/34/f770fec0a7884be6999d1661be23b877c2fb41	ad214e3e91fac5d9b96918e00a6ff79b8e68999e972973cfd504316e5718842c
build/swiftpm/repositories/swift-syntax-e1f983d3/objects/35/29a05fdf2e64794417b0d2cf55809561d5a4a6	89fa8e60ec9fae39ff4c55c7ac7a2d20c471140cc053fef96dbe44abe6aa3ddf
build/swiftpm/repositories/swift-syntax-e1f983d3/objects/36/58e16d59781659b33c514cecdb0127062694be	06b8fae6d5d732161cdcf8a3127ae1824d32694629b1bd48e7770d285fd30474
build/swiftpm/repositories/swift-syntax-e1f983d3/objects/36/9cd5d133e73b9316039e8c5aac8f86c3c113fe	9697a18330ad98f3f009e5f9bc8ed1be6e21d086bd2bbc822affb325bfb2a733
build/swiftpm/repositories/swift-syntax-e1f983d3/objects/36/a5def18996d973ba0bdc62928393627ae41ace	3866fff5004e6ffdb43356a432ea32e529807038a13ba3268c7df5606dfcf328
build/swiftpm/repositories/swift-syntax-e1f983d3/objects/36/c7be39575a6ced7ea7e6215fd82683c3761d8d	74892f0116397ef07e0e2ab645b197a2d362e08d8dd676090e1cb82dc6cafccb
build/swiftpm/repositories/swift-syntax-e1f983d3/objects/37/7c0371a8d47e97bab5c260aac2c2a8eaa44162	917b8ba901fa52a5c4c2c61bd5562cab47ccf2c157bcb25b7bd14037b60510d9
build/swiftpm/repositories/swift-syntax-e1f983d3/objects/37/aaab650cbdb55c92c4a341f3bdb929073a8b6d	7814371c3c47a9b46d07929e8575ff4c0e01fdcab4986fb2702a1a171e019fcd
build/swiftpm/repositories/swift-syntax-e1f983d3/objects/37/b33020e8fd938a7038aa03ff3fe92208c8eace	327a08af25a43872629976f91005f29091c9cb2c4a6a5fc55f9660fc78e6508a
build/swiftpm/repositories/swift-syntax-e1f983d3/objects/37/c475b1e9a272b7e1de02702cd5a95782ffb706	d2809f79fea6c3b734fd0651263c612aa40e08301a4c1d6a00f11be867820eee
build/swiftpm/repositories/swift-syntax-e1f983d3/objects/38/dd66475e9c0645aa08626be3034211afe2347a	a429cc3f17a29edeb895cbf87d2166b8650fa64c8b2edf68b247510c09ecc0ff
build/swiftpm/repositories/swift-syntax-e1f983d3/objects/38/ea6aa332ce42d2164a0242e8eefb9f0d50ad95	47866ec3d23776e81724c0b3ace537c9aeffbff8aa0c4954e221de76149e2c28
build/swiftpm/repositories/swift-syntax-e1f983d3/objects/3a/0e0cd2058aa82966df1db975cd3b569c5a09d2	668de91a3a8c3884d5be349f024e160da692e61bd5295528c5799ac6552b4c7d
build/swiftpm/repositories/swift-syntax-e1f983d3/objects/3a/3df899946e31ae735689ba5eabe6c1c3887bb1	4117031d2c8c2c136f8cb79a2661427917c0e2afe1d1248d023a4943215df2ac
build/swiftpm/repositories/swift-syntax-e1f983d3/objects/3a/9831f113af3118ecb5f73a04964633c6e1be19	756b2e6ac8d97a9253837c672eb60c6d0499ccb2be8d8febe88275634aa3acc7
build/swiftpm/repositories/swift-syntax-e1f983d3/objects/3b/d5546d54596738c9ffec0b13acd3b0f61d466c	53d94c38443b8fefcc1b6047f22258c749db361b8e325491765dcc7d0800d337
build/swiftpm/repositories/swift-syntax-e1f983d3/objects/3b/f07352e4c5f3059103b9ceeeb5c470997332f6	89bb4dc303341ec0951a6fd6a32d5314aad8bb30127e31fcb49fbe0f592f4955
build/swiftpm/repositories/swift-syntax-e1f983d3/objects/3c/0fad54d814132347071f32e1bc9034b4ecd698	86ae2edbb001d114c068cac98647e7116a9a6eb627d8efe8f18a2da9d9ae66d1
build/swiftpm/repositories/swift-syntax-e1f983d3/objects/3c/1094705ba028341637a22b771e133e0cc22c21	df78963ce8f3a5fd7fee25e2c3743a8b58e9be6395166d3903c71f65e328f8da
build/swiftpm/repositories/swift-syntax-e1f983d3/objects/3c/3a060c1379701c5b5f0f002769904596e0cc24	4566e11221362e9d710b6c0a4539eb29f83a941735403dd0d5487be6405f50c2
build/swiftpm/repositories/swift-syntax-e1f983d3/objects/3c/903b2d4a873da332607f9e1bc0d07315bc38ad	7af67aa4f2d84bfbb876d208160752620b83465514260c2e754960df25216716
build/swiftpm/repositories/swift-syntax-e1f983d3/objects/3d/da5afbbe6b9900e83eb48a29cf602d11476cb2	d2da70012d7a7d1c340014476281bf52588d9b5a3c7de52968198b8c55b2fe60
build/swiftpm/repositories/swift-syntax-e1f983d3/objects/3e/489c3f79cc99c993b09d6ea701cacb464c21d8	dff78f138be038a73c9db2bd59e04fcf01f6eac0bbe31d4dfeabeee494d81baa
build/swiftpm/repositories/swift-syntax-e1f983d3/objects/3e/aac89171fa821feafb4dcd5cada0ec62204bb6	424ba0b71dd67211cbc05968b3ccf365aafc6c614b93c5e2f43f964893483e88
build/swiftpm/repositories/swift-syntax-e1f983d3/objects/3e/c9c11823cd1be06d45b7dce7d288c2207be7ee	e2268c494a41ffb1b52d81b20028e2a088e973b5c42782c8dae820803938d81f
build/swiftpm/repositories/swift-syntax-e1f983d3/objects/3f/9cb615cbb2f8b306175f6ccaae287af5262cff	3de0f24c7e30fddad8fccee40b12bd52cc6f3b8cd04d5b47ec78953c08ace8c3
build/swiftpm/repositories/swift-syntax-e1f983d3/objects/3f/dbf62401f16d71ca56faf97bc4ae00d147ea30	fe86955577cc79ec918b7f3d37f2ff79fd96487998ede25c4bd09292c3ee38bf
build/swiftpm/repositories/swift-syntax-e1f983d3/objects/41/c7db0011f47cc17f1227acbf900925ebdb5555	f30eaf85691ac3ab4ec86d649e4e9dff1c3d7b0f652be8c9892e96b1a51a37cc
build/swiftpm/repositories/swift-syntax-e1f983d3/objects/41/dbd3932ad1f9889e9e931d911beaab06419341	aa5b55059c55ebec3c5f58e910282a3b43bab94c5583a78ef8128d897af1080b
build/swiftpm/repositories/swift-syntax-e1f983d3/objects/41/ebad1b5021acb48b6026e845e47ab42545f0bb	769b93b96188b8ca415ca59af215c1a9f28a10c84ec3930fa667fc056ae1c301
build/swiftpm/repositories/swift-syntax-e1f983d3/objects/42/0781004f2d3da2082e68c352e52064c79429ff	f3074ea18f574e01f57084afa74ea8baaee63179f1302128dc528e58ae6515f0
build/swiftpm/repositories/swift-syntax-e1f983d3/objects/42/309997b914d58a424611ee3015d3e8020f7c4d	77cfd4b3cadad3ba3f62c1ed187ff7754d323f0f437a956df16f2e5370254fb9
build/swiftpm/repositories/swift-syntax-e1f983d3/objects/42/98034604b16c44c38ec18b4e6b612e648361e7	0d2ce39156ec4bd64d9e47d3818139821d0658e29b4a4b0776548b8d5f09dca8
build/swiftpm/repositories/swift-syntax-e1f983d3/objects/42/d8c4685c8252a2aa4180ff4d466272b7413429	47e8b6836e63af90fa11fd359c55c28b240c1ee4914ea1427b3c70a14cf06fb8
build/swiftpm/repositories/swift-syntax-e1f983d3/objects/43/5281f1f4b62dcdcdcde24a09a512b66d7d3446	3842e58c869812bf9a230a86df1a03bd0f9d0637b37ebcf016a49e3d5cc05967
build/swiftpm/repositories/swift-syntax-e1f983d3/objects/43/6163c0abe502d501e6e3fc9b98b3ea84a4de3b	b373342132b5bc1ae05fc246f24e245c5e5bdcc3673d2afe7545e6d28fa07599
build/swiftpm/repositories/swift-syntax-e1f983d3/objects/43/f4f18278efeaced97c935b606adaeed223dc34	3f56006c6e3f022eeb3394b6b81dbd563075c15e49d1b4afba6f146edd43e41a
build/swiftpm/repositories/swift-syntax-e1f983d3/objects/44/272ec298d96fd88195016e828c2107657805e9	4908586877051612164a274070f7540af9ac885eaae7914108a344987605c608
build/swiftpm/repositories/swift-syntax-e1f983d3/objects/45/1a91a30b79c76c2acd99263669192dd75e17f5	a31d347a34b9532beeed4e2c3ea0cd465077707903d391dac1e6a48610159c3b
build/swiftpm/repositories/swift-syntax-e1f983d3/objects/46/206c0dcb733a0dcf0dc9c6328e8be7e8e0301a	fa53dca269b1211d1cf8040aa95e8057cfc1918f4d3337553dc1e18094a708ad
build/swiftpm/repositories/swift-syntax-e1f983d3/objects/46/cbb21d045b785ee8f8c055acef808606fd2cef	ed3b5ff1e94a59decd254bb06592dbd1b07bd69a2fa61fd6f535c08243488d9b
build/swiftpm/repositories/swift-syntax-e1f983d3/objects/46/e6daef5e0d86c94e6c3d59eb6811a1e21a6571	fb283fc125f084d42862d3de30b179386f67d0347573acc40f2857bf3ed99621
build/swiftpm/repositories/swift-syntax-e1f983d3/objects/46/ec17ef3f98616eb9074b4d5639b45d42b375f9	a7c0dd36fa118ca1057c214fa9a8c27eb2051edad6eed9fb1f5c3c2deb37fd64
build/swiftpm/repositories/swift-syntax-e1f983d3/objects/48/5394bb43da7bff321501dbe0ded0ef1ad7d326	d907860e3b1673edccc4440be9ef20bf8f18d0a2690f940d9c192e25ce32b359
build/swiftpm/repositories/swift-syntax-e1f983d3/objects/48/cfeb769c2c63e6d529853fab81e35b16ac24eb	e6f7da2a0fb03351e13b407749974a6b1849d5f62928a80b535608183b18a744
build/swiftpm/repositories/swift-syntax-e1f983d3/objects/48/cff1ee41283a43ce6116be9a21e2cfd393f1af	27d01c9910b8fedf49fe4d11568f65fe509de7a1fd70e8a4df233fef079ba1a1
build/swiftpm/repositories/swift-syntax-e1f983d3/objects/49/1f45d13ae42b0dce2fd0c31ab95fb2208de139	576ec25055e28aab19f20082875ae0df5c4b6767e3ec0800ca6fdd671fa65681
build/swiftpm/repositories/swift-syntax-e1f983d3/objects/49/2b91ba75f27c5ab2b4610664d6645029c118d4	eef4d7c57bf249f2ba315577d21d4c58136577a6a5c3570c4eb52b178f3cebea
build/swiftpm/repositories/swift-syntax-e1f983d3/objects/49/35a61349739ad57cd8e39304cf98b75e12e93c	d8e8633efec3ed8fd562bc37b8bead65899007a96c27a95bcd7c5d41d3c08254
build/swiftpm/repositories/swift-syntax-e1f983d3/objects/49/965f75d7b44a994e910b27b8ecdd75977d0088	f449b5e9ee5679e87d6c0ad17e16bf09be6902f84a114aa47ba050e6346469e2
build/swiftpm/repositories/swift-syntax-e1f983d3/objects/49/ce00d9acf77b0732be3ee5449b974b4dd87c2c	29666101903715ad29bce5ba8d771e6ddc8e3976688224fe48461f93698d2c56
build/swiftpm/repositories/swift-syntax-e1f983d3/objects/49/ede52ad65b2cdc7e675bcfa5b85dac2ba24d02	8f703fc82331117f0762a506d6f9c112720e67dd3f5b02360f45946746f8102f
build/swiftpm/repositories/swift-syntax-e1f983d3/objects/4a/0060d5d32f6c48723047145824ccd564b377cc	532d265888059137d6d1343d6f84ee8bee579fc80cd5654a01145856418027e9
build/swiftpm/repositories/swift-syntax-e1f983d3/objects/4a/d6f3478a4017e8d95540333c13398d168342e6	763c36f2abaffb4cca00936aca87db51353f6425b1fe7447791286ab25c84c88
build/swiftpm/repositories/swift-syntax-e1f983d3/objects/4b/19f3790ecdef6289e5f862c3237e8747201452	62cf070ca17884ef35097b2f4397196af4fdf32e27f61896036726c6f6a9c034
build/swiftpm/repositories/swift-syntax-e1f983d3/objects/4c/132607d056018cdf9f5d6d5d2ef11a74adf6be	ad346853d5e13b1be42d8c7f19891d8a6a1715d5540cabcb06adcfcc1d32623c
build/swiftpm/repositories/swift-syntax-e1f983d3/objects/4c/72896d0bc83fa9025524889f7a71f57883bad6	310ba3d44c760d944794992ab0618b66e2aa0dbe8ad21348c50285f77ecf896e
build/swiftpm/repositories/swift-syntax-e1f983d3/objects/4c/e673a995591eea6f6d8f57d674ab236ec40266	33f9e81fa3960652fc72622ef12c4c7231dd33d7d96bd3124e30cea385fc0f8a
build/swiftpm/repositories/swift-syntax-e1f983d3/objects/4d/d248ee99506a21c7f56dae67fc2bd3c243e6e4	8232073a4c59fb844e2b6be442211e1275ca0960ededaca414627a25eb534ac3
build/swiftpm/repositories/swift-syntax-e1f983d3/objects/4d/e19be6be9a7fd2227d43de068326ee6c15458c	aed192e53d709efd0f00454e986c3e0336319850d495e831b43de84c3183baed
build/swiftpm/repositories/swift-syntax-e1f983d3/objects/4e/010a5a53407f36ec07e2d15ec4ff6dd403231e	f47b3b7c38b1908f073e2aeddcc4f8d692e513e81e5071de527cf32362e29d9d
build/swiftpm/repositories/swift-syntax-e1f983d3/objects/4e/022705bcbb231cb68a67f378799f2b84e27483	fa7bb5fc89548a50aa7caf954708fdcc907049163e94b7f41e545a5967517ccb
build/swiftpm/repositories/swift-syntax-e1f983d3/objects/4e/2dd25d0a30b0db8f2922c89f8939570795a9d3	91b66bacf7e8f93bce83a78c8d841c7baf56db1d592c731daff23d64fa51290d
build/swiftpm/repositories/swift-syntax-e1f983d3/objects/4e/53aa0eab9943c8271f19be7825014587e5aecd	ac7780c0e899d8f75ed985166e2fc41a1913317b73884aae06491b0893ce5417
build/swiftpm/repositories/swift-syntax-e1f983d3/objects/4e/63cbe994429458343c4f3230b0a3b335b909cd	fc482233201804def9e427730b92ee7e054400d2d36cdad598df889097b9e977
build/swiftpm/repositories/swift-syntax-e1f983d3/objects/4f/6be4b5ff2e5f1966815aa6997c5f2e7638e41a	8f39baf919475b535d0993cbde159221af6ccc2683451583c105d1aaf8579384
build/swiftpm/repositories/swift-syntax-e1f983d3/objects/4f/7fe6d8c37023f0b6bf4b44455a9133dbe9da9d	6e7792c1f3c49ded324ed556bd7e782aee8d8757773bc5da822802b6797d4bfd
build/swiftpm/repositories/swift-syntax-e1f983d3/objects/4f/e9e8b8335f5f83cc3bbb1a28c9482e7cc50f58	cccd496f99abf4692389cb4d31b01a848d34f75496ce5b89fd7904372c084191
build/swiftpm/repositories/swift-syntax-e1f983d3/objects/50/9f25b1352f8c178c9a6c9d01452256a86a3436	d48ae29503379a1a0a4ad04a3349a59b0363d233d39d1261f1dda95affbd806b
build/swiftpm/repositories/swift-syntax-e1f983d3/objects/50/a4143f23a51eae523afae3b41d199c52963d38	98fedfa0f82e5fe3f04d3be89b44248b66af9922c15ee6015bc2cb03f8f22c25
build/swiftpm/repositories/swift-syntax-e1f983d3/objects/51/18b3c24c6563fdf769e4bb15ebab7b2dd11f33	6d8a7741a6feea8d84e6fd5d09781ecebfb29efa2cf51985f1ec959fa5e37aa3
build/swiftpm/repositories/swift-syntax-e1f983d3/objects/52/458d7136b5d38316fd14d59fefd319cc5a7d14	ef147e2a57236c74f494083f706d9b62d84aba4a4e6a1af713fb11ab7f79ce9b
build/swiftpm/repositories/swift-syntax-e1f983d3/objects/52/f80a138f591dfcedb656cfd0868e35e58e6ecd	09f69c8f39e3254342826c870d3a96b6947222ee888052e4f09e5b46d2351910
build/swiftpm/repositories/swift-syntax-e1f983d3/objects/53/403030072387fb06171439dbca0ce429e14789	922c099f92d487c25bc7935fa47219699c5695338c3dde1acd492a753941acee
build/swiftpm/repositories/swift-syntax-e1f983d3/objects/53/634aa614431032266aeda6c86a41d46f562d43	fb03fb765859c9a96417570374d2e0084281b3e418ccd25c33b51ae9ec549910
build/swiftpm/repositories/swift-syntax-e1f983d3/objects/53/ed5c908e7bb8ae26069156d9dff7432bc78621	edc1664164db603fbad5e63247f1374303ed895da1254ac196acb8bf7b8b71c8
build/swiftpm/repositories/swift-syntax-e1f983d3/objects/54/0fa5def32f4d18befbf2e9c3a86a28c0db659e	b2c5743546badae0b42986873d536d928ba7186f74b7982e4cbee440fb184178
build/swiftpm/repositories/swift-syntax-e1f983d3/objects/54/83181fb5c64fc89048963974eb5c0ea3ded628	123432553eb372370df5f703da1252ed5623e79c2a8758a92f2fb7f0af9ae2d5
build/swiftpm/repositories/swift-syntax-e1f983d3/objects/54/929f93dd6fd8f8e40e20c674cc37cd046c5c35	ca9ffae23f88ef90635853527ef2b05c528ba8cbbcf353b69f9d672634a74d09
build/swiftpm/repositories/swift-syntax-e1f983d3/objects/55/1c96dc4173e419c592696743ffb016e776d867	5b1bde4a84a73aa4e9534a406801d7e9f444be3cea492e8d613e66ab0008cdc0
build/swiftpm/repositories/swift-syntax-e1f983d3/objects/55/3802c5a68c9552822584044fa00759587800d2	1ed815588b7cade2e8c0a78e283eef59a7820cf356b1806e490daed0c0525694
build/swiftpm/repositories/swift-syntax-e1f983d3/objects/55/84d08b653d56519b8b272cb2c948c8f7ea8e0a	5d82bf7a4c1243acd37ac258c807483f7a238b4abca5e1ceccd8fd4a0b4d2c1d
build/swiftpm/repositories/swift-syntax-e1f983d3/objects/56/20b7591a0ae3a49e6c1afb0b1587ec10f15af9	955b6e30f6ee59784ff0d00f0b680ee8bd89f421c11bf4f4cf3bab50f175bc34
build/swiftpm/repositories/swift-syntax-e1f983d3/objects/56/306582de530e5f263e30ca254a80be9bdfa9b3	d5a06d021c38646e60efad194c1ba53cddc4f018d26977da206a0ba1898dfc3a
build/swiftpm/repositories/swift-syntax-e1f983d3/objects/56/57d0beb0cbb5d87c8a91d84a8a13bbf2ef6fe3	a167c0909635384701b23408319578214381447fbb3f5c4e8a483df662e732f1
build/swiftpm/repositories/swift-syntax-e1f983d3/objects/57/65c62cf1eb9c39d0176d12c176aeaf310f21cd	a8dd68ef46869772a70856da0f83a184214819318ede9726af7918c01ef9e545
build/swiftpm/repositories/swift-syntax-e1f983d3/objects/58/204a53553e8ff9558283a8600069d4dc4fa15e	2346ac822271bc96f6cb4c3440a57381a8b6aca3dfccb64f82ac428b0bd0e774
build/swiftpm/repositories/swift-syntax-e1f983d3/objects/59/582b949a2fa6763af034d99e3fd497d762162d	ff05832b50f88ea00d2e31b867a6bf97142358fbe443375b13e004794d857144
build/swiftpm/repositories/swift-syntax-e1f983d3/objects/59/69566c5614e2ddda2f41a048f264ea9d2dae63	5c30e34bff8377cf693e6a88cc76df35e8f4e3fa9c5d933381a92479dc15eb4f
build/swiftpm/repositories/swift-syntax-e1f983d3/objects/59/87b0f49303dd70ba28041dcc69ed0ae9f62e97	07bfc95529fbd11214477c33e7515fb52b12c20607f889d4657e1a81b50a73a0
build/swiftpm/repositories/swift-syntax-e1f983d3/objects/59/f1383837cb36413ddfe85dfc7d61d5158f0578	18c3970ccb41aaa892e37ba724dc0e24b7c5e2c5389e366332950c34b34783f2
build/swiftpm/repositories/swift-syntax-e1f983d3/objects/5a/1126d0e9902496a0ac838a26fd43b2c68ae158	fed3ed040ec9775c7a72dc1ae646200d1f61a84842b5481638c9473b11e0535c
build/swiftpm/repositories/swift-syntax-e1f983d3/objects/5a/1f8610eda41eb5fbe90d09c9cf5253e5463dde	0d4bb99df66314da08dd95a06955dcac5c3ab1fa1e5f51d1ec30a5e54678e75c
build/swiftpm/repositories/swift-syntax-e1f983d3/objects/5a/55b1ea8c96e5eed229e0d6a063a33e3efcce14	eae23a39e7c8bfd7d35367ab7cc9cfc16934b02e1c9fc35e1e1270d38ddbac7b
build/swiftpm/repositories/swift-syntax-e1f983d3/objects/5a/84b7113432e0def3b6bc338da11c3125eb7844	63eb32ad72d01dbc85482ed9b42b974b1f6108ba10789e77e99a9753b51ba47d
build/swiftpm/repositories/swift-syntax-e1f983d3/objects/5a/f79665dc2b487cedd0bde7ab5b01106dba77b7	31ecd1fe0cb2afc022a2790f4a2512fb0b834483c4eb677af87f3246b8a25129
build/swiftpm/repositories/swift-syntax-e1f983d3/objects/5b/72a691823c041dcd0f17f0fd500ec584dbc6f5	e7da5ddcb601d3a3b6693d90a156c4814da098f1b04fe7ed435e3a5e558ec1b7
build/swiftpm/repositories/swift-syntax-e1f983d3/objects/5b/8ea41d3877685e2d999e6f1c00437cd9773a9b	7c4e39c0ce6d1413ac0988df79bbafe280e302ec776d466249603b3d8c670893
build/swiftpm/repositories/swift-syntax-e1f983d3/objects/5b/a196a17350847c4549b009bad844b515dcf408	97d0b11c32f99d6cf32c55b20e5ce82420863720f0b543ef3ed6b3ad7b04d09a
build/swiftpm/repositories/swift-syntax-e1f983d3/objects/5c/8b95e34bd7b40cb55ab2c4e0435e2d8efe7bd0	8a5eb6069971113fb808251d55c8ff91c23bedf437ce23a3145d340860df4f34
build/swiftpm/repositories/swift-syntax-e1f983d3/objects/5c/8f6dca662875c168c3753189274ee884dbcbb6	77cf2663a473f0798050810c62869c744e38b3e9eb3500f4a88c3452853501f0
build/swiftpm/repositories/swift-syntax-e1f983d3/objects/5d/3b84a0aad77f33bba6ac7eb2faee5ab6d7f1bf	595f55e6776adc2516ee0235a9add22fe59112d2ad448d2c8bd474984a26d014
build/swiftpm/repositories/swift-syntax-e1f983d3/objects/5d/6efee67ea4a9c96b39bcc1a6a78dd290890e67	68974a7b7ba31122fc310258045b2f16d683a151942a023912b65dcf39806ddc
build/swiftpm/repositories/swift-syntax-e1f983d3/objects/5d/78e5a45000d14b996095e0c241cdbdc66315af	a91d1c75450131112d183f0e8492af15e6bd4eb8b5813e6c0df186f5dcc609e3
build/swiftpm/repositories/swift-syntax-e1f983d3/objects/5d/b310ee52d8e4c0e2627d987723bd1a70e8116d	eb4d40e8e662510b96cc2ad961c5e99500e724f1f6dcc1e2d655f12faadf5188
build/swiftpm/repositories/swift-syntax-e1f983d3/objects/5d/d3a526e2c14f9133f188a9e8d05fd03e96f75e	3fe64fa377cdd4845b26996f03762f49117d161470011dadcda8e2c3323d8ad6
build/swiftpm/repositories/swift-syntax-e1f983d3/objects/5d/da2728ef5a2110b8394142c13fbfc389f47916	600201ba757d58306c9a600363a061afcd8048312f5e31989b41093399968b88
build/swiftpm/repositories/swift-syntax-e1f983d3/objects/5e/20275f4aed457de88b7ba3f9e8f0777a37fad9	a6632c20eacdea30b56e52594ae5a6c686b5f0e7e1bbb4cd1190bb40f4484853
build/swiftpm/repositories/swift-syntax-e1f983d3/objects/5e/932e767f0dc274d12480e56823a4b78ec69485	30d71e26975adae98d19abc4399a610928cd739d449be0131dd743e45a7429d6
build/swiftpm/repositories/swift-syntax-e1f983d3/objects/5e/a69fb5b29f0454b62ac76e86fe9cee56a45455	83e6fda90b7881bea25e0477416e7d65baa69579368289750f8dee0d07002923
build/swiftpm/repositories/swift-syntax-e1f983d3/objects/5e/ed55e6dec63b45d2ea70d5b58af4221b8b5cd7	39413f155a591076e31b23508ce6f3bc80d18c83bcfc75588bbb13c531779886
build/swiftpm/repositories/swift-syntax-e1f983d3/objects/5f/9991818939eff765332b83e79bec0c47776e4e	162065dfe229e964bdf0dabfbe6f3167bae68807085cd5a8f287eb3f143f4dd0
build/swiftpm/repositories/swift-syntax-e1f983d3/objects/5f/9bf3bf330df13a4ce57eef60118261f843d6eb	e229e524e3cf3f3c53eec7a5fb8258d31314736ea28155342992e0039306de14
build/swiftpm/repositories/swift-syntax-e1f983d3/objects/5f/a26a55405dbb56b89c10037a9588c19757c772	33c7ae94ee8396ddd2d519b51a875f25ac5c07c8b9afc2072a6890fc400daf20
build/swiftpm/repositories/swift-syntax-e1f983d3/objects/60/09a5132b130a8af7841b1b3c5a7599d7166483	4955af69c8c11f181af849615b7614579f52aa5332c5dd9478ac2a6fe2441f07
build/swiftpm/repositories/swift-syntax-e1f983d3/objects/60/141818692f745a3c869cc68b24417263a77de8	27518323390a1724ed922efd9f90f3886f5e061b901122b5f017b7779c244663
build/swiftpm/repositories/swift-syntax-e1f983d3/objects/60/5f2aa3c460b485c061b64e3a2f33cf5da0d17a	9c7c226e467e1b2f7e7471b2555d8891f6cf2b5dfa2966c4fbc8451af2365fe6
build/swiftpm/repositories/swift-syntax-e1f983d3/objects/60/7256cf44a7d5d55e686851c4f5108e54c51964	7144b560490411397e830ab89d1244b09af8331091842414ed8393b4eb76b490
build/swiftpm/repositories/swift-syntax-e1f983d3/objects/60/9d6e78cf309a45d94c60688d60afb6a0851f19	4549fa1d24ae2369ccf77972f0f397693a3c222dacba14546d0b5038b381680a
build/swiftpm/repositories/swift-syntax-e1f983d3/objects/61/931d48c2894cc955f75eb073f25d03310d63d9	85e3487f64da181e5ac51c67ed327c040d175ec9d49eaa769a9042f763c4af7d
build/swiftpm/repositories/swift-syntax-e1f983d3/objects/61/d083d289261c01f6e1745c13775fe34d231878	dbbcef9888c75419ee1f7123c392317e285d9bb3400bccaf18b6f17d7bd269ff
build/swiftpm/repositories/swift-syntax-e1f983d3/objects/63/5b5502f2266cc442086278a099be636b98bb8f	ee740df26dfe55ea9d88c9fc1270ee24f3dbb08958b7b0a19e69eb49ba153595
build/swiftpm/repositories/swift-syntax-e1f983d3/objects/63/8532f1caacbe0e3764a18c14ae7822f846f09b	65fe8b4e3b910ed3b2bf993447d4e9a080d60216dcab39777276ff0804521fb6
build/swiftpm/repositories/swift-syntax-e1f983d3/objects/63/d20e3d4d290ff701ff6fcd132e1b652c4a74d2	842183c6507d91a8977534d32291900628f32a69c1a05a619ea00c75126db952
build/swiftpm/repositories/swift-syntax-e1f983d3/objects/63/d8f653bbf03d266c00af00a61650b6cec3ccd9	9b9bd80fd58eb3f7fa8b33a44faf214b5071abd3615d1eaba651cae51d8f7028
build/swiftpm/repositories/swift-syntax-e1f983d3/objects/64/4a461810a630deb85f694306ba01f462036f24	6aae982804b57106c1c10f46addda1f1a8e67a36aa4523de35d0a9055767a8db
build/swiftpm/repositories/swift-syntax-e1f983d3/objects/64/5148c9f6bf2cbd1e51fd1898e740fbe2ec2902	90418755b10e958a27ba3eb27203010c700d774ed1ffef61d51eb19c9cff5ca8
build/swiftpm/repositories/swift-syntax-e1f983d3/objects/64/773a65b7bdfd10225fc41c900567226f6558ad	5ad211459ab70840b756dec8a4e48107c08dfc169f3598e4d807cf7b7e98afbe
build/swiftpm/repositories/swift-syntax-e1f983d3/objects/66/0bfd4ceb6af7e6ca914d38115819588feeffb9	d0673b8ff230f932b435292878abb9bc01980fa6664bb9139e5f93d0e9eb40f7
build/swiftpm/repositories/swift-syntax-e1f983d3/objects/66/76caab131af3151ac4c281dff5805c2695f9ad	2e9a34788ac68fc415cb5653c8e4276d109cbbb453aefa83e8519e62d2cad9d3
build/swiftpm/repositories/swift-syntax-e1f983d3/objects/66/864869b78d9bd569ec178293f1a6b723b7f4bb	bf9a78da38ef5c62d807752f2b73b7bd7a7dc757a73b3a9db4a53c683b56a859
build/swiftpm/repositories/swift-syntax-e1f983d3/objects/66/8b8dc51ffc9ea804aeaa018e78b0ffebe39ebc	24681ff22cd745de7a7e9470afa32e6fc12a3715153a5205985ba09d8defe669
build/swiftpm/repositories/swift-syntax-e1f983d3/objects/66/c3dc1c946ce1009dfbd80b536add0a63bb388e	32d674999d54f2d1e31621415cc74b51b093bc933b8b4bc2c93b7bba98d782cb
build/swiftpm/repositories/swift-syntax-e1f983d3/objects/67/2ae5c51f6e839396769dcaa44483198160841d	b844b772f41a103104ecac25bbc8c731e6aee3f1ce5cdea598d6a89b57ba272a
build/swiftpm/repositories/swift-syntax-e1f983d3/objects/67/3e772e663dd7243099f202de4b4e1fbeb18e17	8a01a5d964da1b94b0e21bb32f7db32116dcd36303001ef36c634d3986227b58
build/swiftpm/repositories/swift-syntax-e1f983d3/objects/67/76b3567d02fcec75835cadada2d9879d4c6ebd	51c203a177945f543b29cc5c2d5dd21047c98c7bd4fed7c86f33049e61719b04
build/swiftpm/repositories/swift-syntax-e1f983d3/objects/67/77b8a07d4a28379f43f033f7d049f088b63343	889ca06dc756ee24db7df082d23ab5629054f6125291121320bb988cef0494cf
build/swiftpm/repositories/swift-syntax-e1f983d3/objects/67/acdb394615e6605d3ca879f42229adbcf4b9ec	e27692c85713cb02db15b508d63669ad1d63d13ebd5134ba637df75c51fcd426
build/swiftpm/repositories/swift-syntax-e1f983d3/objects/67/e4d5af53a4f669dace2cc7b6ce1a5f77e4b50f	9de8b160f3e6c590c64914fcdd5dc2c24025bff1a66e0a1c7bbfba69372b3d8c
build/swiftpm/repositories/swift-syntax-e1f983d3/objects/68/28ee4ad2f5be8d9c9a0ed3c537f3c7b2626e5f	f88da5c02c28a34ec0bec524c32a1bf7cb487637b5a985f6afe91cd808195e40
build/swiftpm/repositories/swift-syntax-e1f983d3/objects/68/3e6206d3cc0f8d1c31b2617540cf5208a9eca7	4068cbc4fac017ee83d54ad1ef62c56f7018d0b953f34d682edb52afda8ff52c
build/swiftpm/repositories/swift-syntax-e1f983d3/objects/68/d532b7bb90c91e4d15ee714e7bb9631bb244ef	8ee03bc4f41160a7cf831ad2143980915f5cbed935b945e569c8a5aba96184e5
build/swiftpm/repositories/swift-syntax-e1f983d3/objects/68/eb10d09ea2001dc1a5eb2f746d1c24861ea0a3	6d64fe5ad63807378d343e4f9f3ea51507b3513d4386f25cce9f3af9f013a10c
build/swiftpm/repositories/swift-syntax-e1f983d3/objects/69/46b415879af1cde04301b9524630f704b5b0f2	641f6cccf092ab2b78f70cb8d32ae53ec45e91e9a06ccf4ee2797a48ff080731
build/swiftpm/repositories/swift-syntax-e1f983d3/objects/69/4fdfc6b62ed2c2662523544591095ae371ea21	1428a9e8d85cc925a0412e1c64073bcaace662323b5fa7a78f684b2af19be488
build/swiftpm/repositories/swift-syntax-e1f983d3/objects/69/6a22e31ce10aff79df2d448805bd33cc98b8f0	29f07e5dda2515392b0eaf3640b4367985ce36317b2d22aed0862dfaa537f1e7
build/swiftpm/repositories/swift-syntax-e1f983d3/objects/69/785dd7e95d9b0ab0193935627bc00cbfc6f1b4	f2e7a94dc929ce930da7fac7bddd09dad5a3664b3bfbbb88a2699b325b3b4b7b
build/swiftpm/repositories/swift-syntax-e1f983d3/objects/6a/014aa1a7da4ebab545c609362518c3005aa317	e4960583178916c561f0f50a8fe6dc793e76df0435a556cf54670931f6b505cb
build/swiftpm/repositories/swift-syntax-e1f983d3/objects/6a/0c63e65823a81b8ec41cfa69fbac2f3d067213	723456be1b838e589006f954bb280069dbb8222e8fb11f48f0596cfdd9b8ed99
build/swiftpm/repositories/swift-syntax-e1f983d3/objects/6a/cdb6e012f6c00dded80c4fe9a890e9b499a8f2	e5b58eb28f1fc6f876dee5d397edc63a0c6130b2b348c808bc80ee9a7b6c7477
build/swiftpm/repositories/swift-syntax-e1f983d3/objects/6b/293ab17733e3b7f0edc47c6ca1d8f3108d8c62	82aa5a163714bb1797cbec03ccf5c059aa06070d9d3ead1913e475e84b774000
build/swiftpm/repositories/swift-syntax-e1f983d3/objects/6b/5b70e8578964cfafa58caf514931af2eb57341	c01e5bfe6f81beb8055650441d63ef0751f5db25dfa10f243b5c79b255a7d2d2
build/swiftpm/repositories/swift-syntax-e1f983d3/objects/6b/8a4133758b4576c39a386a84e4de87dd29810e	f434a0f838c1deebfdf1ddf6cd4dc5b288dbe114aa4b3ccadb6d5193de8e4af4
build/swiftpm/repositories/swift-syntax-e1f983d3/objects/6b/ae1eb2f73a739272a2640724b09ada94c6d527	60ec8dfa8db0ed8d66205c0eedd3825736140edfc3028068396f05e18cb5e60a
build/swiftpm/repositories/swift-syntax-e1f983d3/objects/6c/5ecd4f6b0e2173066ffc5215d135d1311bb2c9	5d75940615d40aa5233f9d32c22497b4c32a0c6a29868c01b3c5580ab2697655
build/swiftpm/repositories/swift-syntax-e1f983d3/objects/6c/7f54e85813709ad142d12dfb48cb1f6cd2c240	f88e99491ea04b5c8c2aea297ba3ead7e571214728bba10725c3cdbec96d72ca
build/swiftpm/repositories/swift-syntax-e1f983d3/objects/6d/14ecae265c49a59501619645b6a2712b9ce9ac	2dea79a143241f19179401d4d188459bd71ed5155880a4a63ebd28185c962a75
build/swiftpm/repositories/swift-syntax-e1f983d3/objects/6d/5539de88066815aa85163e9dbb4588a7fdbd86	de0734cc1c236da7be8b4585edcba2c8f1920854a53f4a240c3905c4f130d692
build/swiftpm/repositories/swift-syntax-e1f983d3/objects/6d/70ff6fb6584054bdd4c8822e0e932cdb3a1d83	bba37b5132a58d3bda8f90921c961d36048ad994e3edfad930884b0d9924f64e
build/swiftpm/repositories/swift-syntax-e1f983d3/objects/6d/d95fb148f2958671c733e303b850c0dbbb0b0b	8c66555b0a82d7f00f46a93a61590c4d3b7964af13ae109b30f6b46a92c7053c
build/swiftpm/repositories/swift-syntax-e1f983d3/objects/6f/58373611ab62e02f2f364c995b655de2ae4c8a	4ca7cea5620add028de552a1fed8f47d924d848b7d5bc2026347330ffcea6017
build/swiftpm/repositories/swift-syntax-e1f983d3/objects/6f/70450fb858d84fdb193f7df96049c37c4a638a	39095fff2fc931ba3a6dd4f7228ad3de7b5e4767d44732bcc50fc461d331f3a5
build/swiftpm/repositories/swift-syntax-e1f983d3/objects/6f/c1302b0fad45444e1cb5ed5c485233b61dc25c	a011d3a8919252ee4babbd077496a58045573fc0b29e24d78224df6374c65f7b
build/swiftpm/repositories/swift-syntax-e1f983d3/objects/70/5ef1a2a322cde757a083b3a28e3139e36a1fe4	d37b8f7a5c75c96b10f71905eef364f4d7d1a79c6b754608bbd7dd9fe87d6758
build/swiftpm/repositories/swift-syntax-e1f983d3/objects/70/8d6b5e5d1c0074aef3ec6790faf28c27e69a8d	b07f19080d028c39313e465cf01d7d70d469268b046f5d9656d84042c4623dd9
build/swiftpm/repositories/swift-syntax-e1f983d3/objects/71/2c895310a7e81d09f6fde1e5f06ef640283d44	41bcf1c44a08b6a714962f424e92ad1b9000705fcab7a0bbfdd340d90620ebda
build/swiftpm/repositories/swift-syntax-e1f983d3/objects/71/33ad983bcfd3cb3dd8cfda99131b8c40ec6734	f050c97095ce028c7b4a7a8c1756b4d786d339184990ddf8cceea1786a8ada3c
build/swiftpm/repositories/swift-syntax-e1f983d3/objects/71/b92c575b52ebb542afec846fccdef31cda5e2d	60fc5ddb2286f689cb33754003766561495bc5e607593e0e4c50eb5fb80fb850
build/swiftpm/repositories/swift-syntax-e1f983d3/objects/72/c014f3e403c31e90f551c9e81179e8a2e650fb	e96587a6bbbb89ecc795ba9eda0885e23897b50e54a3fc710a9af1fda09a4eaa
build/swiftpm/repositories/swift-syntax-e1f983d3/objects/72/db19ea9084a483d42251a5c07448202ae8c1cd	9acb5f69e3f7a650c64793b37bc42db2c14a2914b2b728155aa6740bb9ad408d
build/swiftpm/repositories/swift-syntax-e1f983d3/objects/73/4309001bc047443b603b489a9c59e7f4f09f68	aebdbaefefa6113a1e850db1b18cc332ae8f50c4e3e4e83a90ff827348a55703
build/swiftpm/repositories/swift-syntax-e1f983d3/objects/73/52016d655e0db4f3193f83982acb7c26e58e89	48d866d28023f522c1035604cccda87f27ef556aba94fb5ee96dbe07333fa500
build/swiftpm/repositories/swift-syntax-e1f983d3/objects/73/880c1d5a4e60b985637a511b2339ee8dc6aa64	9ebcf28999c90a86c9b35573f333e8d4482aa6ea2b7f30e6dd8c87a2b4ab3bfc
build/swiftpm/repositories/swift-syntax-e1f983d3/objects/73/ab0d45b32a15411d48427c3c43a9f084e38d1b	1ab734cae40cb417a148aa0ff95e618f2258761380c08f9ef3c43416acc8ee44
build/swiftpm/repositories/swift-syntax-e1f983d3/objects/74/342b91f4dc7ea20d04c798fec2f5c696a37233	130f19d573c1b7ef63992f36737bd2f2fc5911b9c9757cd540fc3112e10c7dcc
build/swiftpm/repositories/swift-syntax-e1f983d3/objects/74/65abf29ea2c8e32ba656433b9a70488274c878	7218f3cdb4f35ba774429f95908b0b61c48bb7de8ba4c5df6d0be90bc95feada
build/swiftpm/repositories/swift-syntax-e1f983d3/objects/74/705bacad62fa4ab9e2d5110b4ee0a47b746d8f	a86ec4903a551d1a2057e25ecabdd77f82a5611010eb56577805515611ac8c16
build/swiftpm/repositories/swift-syntax-e1f983d3/objects/74/af79d9465df8a0d7fdc2a27f0315aef7cbabc8	f66ce6290896bf05ae35cb5f580373406ff61734595694e816981b877633703d
build/swiftpm/repositories/swift-syntax-e1f983d3/objects/74/b1e6d9fb47a6afb41018db1f9d5be216e9e129	369a22002cd965a4b8877e96adbd4dfb170155f5d9da4377b10537f23047a5da
build/swiftpm/repositories/swift-syntax-e1f983d3/objects/74/beb4f475b9a664121b506a8eaceb387b555d2f	392f2a0b3ad4d1b0b09a425d2ee13aa243c103144080d63cc640bc534089f5d1
build/swiftpm/repositories/swift-syntax-e1f983d3/objects/74/cbf8a8a0aefd6c6ed6d09ad4b0324f17b0cc22	cc69d5084b1bd23ded3aa36c29e3fe8145c2b94926112f14b1b8950a0458a1f9
build/swiftpm/repositories/swift-syntax-e1f983d3/objects/75/604d5c865f76565094faebe372491569acd23d	c3eb3b7864f22f3d2855d620c49907272f77985ae67309582bccb8435f32f03c
build/swiftpm/repositories/swift-syntax-e1f983d3/objects/75/b82ce9f06320668c2ea4251a5c855ffb4fc351	4c1c609b3a207b4cdb73b99b1ce2d0aeaf2496755cca3c4853604922b6946f98
build/swiftpm/repositories/swift-syntax-e1f983d3/objects/76/2d85d47071d13d5c7caab90de8d9f37b9aeb04	0436100f109962d3132b874c36f7ef56e9c0aafe22cd4e9304bfb142136f4d74
build/swiftpm/repositories/swift-syntax-e1f983d3/objects/76/7914c7b3775ae2037ae198e4bdd57edc2d2a48	149d9026fcb95c8564a80a14b97080d20235acb645a2edf11c7f0ce367696570
build/swiftpm/repositories/swift-syntax-e1f983d3/objects/77/0306a065673483b67214eccd740ff086c98758	8dceec73dff8cfa1adf88bbc723b54cd7fd5ca3ce1521fbfec74e366d0605dee
build/swiftpm/repositories/swift-syntax-e1f983d3/objects/78/cef3aaf8496ac3624adfe4fea84ea32a9c5fbb	03d7765bbfe13a84173e5ce291fa94b0471dbfd81046caee73400c6122b662a7
build/swiftpm/repositories/swift-syntax-e1f983d3/objects/79/02b9addc8f406b94a4dcbeb331a41419ceacd6	128316dff535def0abb0810ea03ec4bd413386ae1e383f187bd8112dab1cf8f2
build/swiftpm/repositories/swift-syntax-e1f983d3/objects/79/1406eb371b61982f26e694636024b71507f30a	ef128ce52f0a737caf7a014235ed80d9bcb5103c636ba40eea883cfeb79eb649
build/swiftpm/repositories/swift-syntax-e1f983d3/objects/79/1aae7966ca3386f332a25bb7c1e32db0acd5cf	af34ec1e10fd173c2ab06103ddffe313204c9a878edb4f3d843dd2b62a80723c
build/swiftpm/repositories/swift-syntax-e1f983d3/objects/79/29e6402989dc1c3e7e44276adffbd08b7c6950	f0b94b02edb997658246e9f409bd12aa576c891089180df24081472f23bc85e0
build/swiftpm/repositories/swift-syntax-e1f983d3/objects/79/b4d76aaf8bad3aa5afbb525051db0a3e8379c0	ac5775e0c82952825d0c48a3b3e3e42736116c6132deec215ff8e4e5c8dc0585
build/swiftpm/repositories/swift-syntax-e1f983d3/objects/7a/7dc2376d66dc2bcf66c0648c7e5afb68da3884	225c9aa2cc3cd3795a26de7ca5653dee43c0d5b93256c6fb1241d22ff562f447
build/swiftpm/repositories/swift-syntax-e1f983d3/objects/7a/85ca80dcd6994b74f2c2bba38573642a3a19ae	d7e721bbd39881badf00b7a556e8af99c4361d4516752320d489238c40e7380d
build/swiftpm/repositories/swift-syntax-e1f983d3/objects/7a/9d1f20b38dc8aeb55189669e1d4a74add62b9e	301430e7157121d010511d7fead7aea3472299ad1e89cc5ea4eef00820415c3d
build/swiftpm/repositories/swift-syntax-e1f983d3/objects/7a/db478daf2fec4b137bf30208a0e494d7b32cc7	7f3eb5d5847102630cb69ec488dbed81661cd0dff8e3eb4bc5484ded4c029605
build/swiftpm/repositories/swift-syntax-e1f983d3/objects/7a/febf0a1e14fd13faa819ae8cc905f95c6dc557	f30e5c3eb0865766a7cbf8dbedf03c25956b639523b704106e241f0a8b2efaf3
build/swiftpm/repositories/swift-syntax-e1f983d3/objects/7b/05015aeb8799fcd9f1456b813a4b65eddcf864	db7cf1f9fb2fa90fb223d6756586d6df67ad4004d21789769752468151b7da89
build/swiftpm/repositories/swift-syntax-e1f983d3/objects/7b/05b324c68b45b7bde6a039abed93f414f80462	6f5e61301b88d91d1bcce9fe74aa221515401e9dfc307a6f6a00b501ca220309
build/swiftpm/repositories/swift-syntax-e1f983d3/objects/7b/1defd1a3c5d6e483769ada319c02a4d6f484f9	a6df04cec3b8c1c80032de28ccb0aaf59553c77b62f5c5447ad231037f8bbcea
build/swiftpm/repositories/swift-syntax-e1f983d3/objects/7b/70b4cceb39911158bb91a22ad0b0aa49c18e47	25a41075eed15981fe398784ffb49a72dbea5ca6fb454958942b021c682cbf2a
build/swiftpm/repositories/swift-syntax-e1f983d3/objects/7d/8abec7c20a087592819e754bf4c8064ecd09e9	7ed62c86ac708e023474392bb305229c61f14448130478e5518562f973bb6297
build/swiftpm/repositories/swift-syntax-e1f983d3/objects/7d/a1672f4ae22f3bed94b3c59c6bfd3c3f17e2a7	1d03c2845cb8ed53a3b8be35a85e05d8fd8af7fe4fb568dda346b92c34b74005
build/swiftpm/repositories/swift-syntax-e1f983d3/objects/7d/c6ba4c49e2d20602a2df703cff904947ff8897	0e5226a913f6c358839a5e6f0e481a6b0338c4b4752ad8fe9bad2e69276b6fc7
build/swiftpm/repositories/swift-syntax-e1f983d3/objects/7d/e417137cc08f1ce2cfdd4bbb81d8daf1bed502	bde761fe320803d087e84cdec7bac619bf428998e9958dac1b81f038cc2b3fa6
build/swiftpm/repositories/swift-syntax-e1f983d3/objects/7d/f94c35ef01bc9f80946d75ba82fa7fef48bc2d	5a6938db1ec499e61799fcd4916cf467ef8841be6604c9a8aeeeb1faacf32502
build/swiftpm/repositories/swift-syntax-e1f983d3/objects/7e/8c1c91e1e88bb257c67716af4ca49280fbc350	e87104b18e25c2faf5da07750796701826ee1a6c9f12dd0fb0b5cfef036a2b6c
build/swiftpm/repositories/swift-syntax-e1f983d3/objects/7e/c920a8aee48c0355e9e4afb0e3f0ca66a3c8f0	a213e06e9907fca0988d1f0b6f6dd98171b2c3ad54a56bdc0cd4d0e7d852db04
build/swiftpm/repositories/swift-syntax-e1f983d3/objects/7e/e11d8b665132ad1c81a0d28cffd723ba74cceb	e63415c9ed1deb568caa4804ecf6b486e1d3c680336dbac419ae4b81766a4b21
build/swiftpm/repositories/swift-syntax-e1f983d3/objects/7f/01b45dadff41c158633790ddc4434099f29c64	3f499153d3b21e6c99849d01fe10ff4952af364b56472ca6a9ad7fa7d73a42a5
build/swiftpm/repositories/swift-syntax-e1f983d3/objects/80/1c7d13ae2246cfaa6548e3c2592d7334cc1524	32277a7f373019c7d643b541d0b97386fbf2cf728ac0dd2829bdc726772b9e76
build/swiftpm/repositories/swift-syntax-e1f983d3/objects/80/4792cefcb870b97a5476830355eaa06efd2842	947269ab3556802dd1c2875c24329fc5425a46b43d674946f3130522088aef47
build/swiftpm/repositories/swift-syntax-e1f983d3/objects/80/5d31274301c6922765abab47f4cdbbc7ac21ed	6aa7fbb434dd8bc2ddc6884ccccde953b641c4fdf22b08632da7e3ed77392d9e
build/swiftpm/repositories/swift-syntax-e1f983d3/objects/80/a48bfe5e8d14a39d4d5979abdebab3c4ee759e	f1896e07c5e7ace4a3cdda314d27f93adaf3cde3b2e80f3fa4a4f687e707d992
build/swiftpm/repositories/swift-syntax-e1f983d3/objects/81/0139c72863a436e7570d85fd103cd4060488ac	823cf674be28461aa602acfe1e3c37df6b00317cf85df9a3015854d6f6efdc48
build/swiftpm/repositories/swift-syntax-e1f983d3/objects/81/3d43dd2033ff778d335736cd3329fcd5f6b531	77cb6d00933401bd8ecf978eb24fc970f697c6ddb7db95a9567e89042f9ca9cb
build/swiftpm/repositories/swift-syntax-e1f983d3/objects/81/8b8425ddadf25e303cec912207dc67c4dfc21e	7211f0a015e71276d7522fbe70bfb2f4570317fa68b7ccec610bebcc8a327b8a
build/swiftpm/repositories/swift-syntax-e1f983d3/objects/83/084867595b2d0c8376c7ede1b99a50087d542a	7acc9a0595809fc08daf75f43ca49a5e9077c126985d5ca326688fc0e8592c9a
build/swiftpm/repositories/swift-syntax-e1f983d3/objects/83/2894e03381104665856abbd2a2895ef4909ad5	83b8595bdf6bae60ce2fefe8da86da788be250fff5f95e50dc44f0ad290fa970
build/swiftpm/repositories/swift-syntax-e1f983d3/objects/83/8cae829c8b0a7cd072e4be1be9a1671ec33470	8e0580a2e9ee7c41171a4dea7d255bff473642b2ba9ac083f4a1a94fc4a71a54
build/swiftpm/repositories/swift-syntax-e1f983d3/objects/83/ce7e620bc07c65751b7d48a1e4b2ec56f3cdbd	85fe187cc859682f5e3246b2b558c37050b57b6c4b3e6e5c61e8f66e54ceab00
build/swiftpm/repositories/swift-syntax-e1f983d3/objects/83/d9850191a43f4ed992d7940610eafe3ae07500	ed7673a9bce7bf7cba7ab0edcdaa5cc344d5355b8ee29c21e35159294c620f42
build/swiftpm/repositories/swift-syntax-e1f983d3/objects/84/06ab3cd0718c5be63ede6eabb3a7ec33d606ee	befab678ae745daed534ed852961ef1fbebb69b65cb1365d6b76ea812c6fd42d
build/swiftpm/repositories/swift-syntax-e1f983d3/objects/84/cd922ff0982bc50f89650596f08658ae60b95d	4ad0d9ded1db01620d32dfc425281d31f8de1aa7754d723d58bdcfe315651ead
build/swiftpm/repositories/swift-syntax-e1f983d3/objects/85/38b1d6b890942c9203b89568e44fb52540c8eb	de8be3ea68584b75214fbe691f41ae8cf4a85c0039e6f290ba1f50dba2fbf589
build/swiftpm/repositories/swift-syntax-e1f983d3/objects/85/fc78d8860e83681f8c2330a382d531ff5b1df2	501cc992b8b3310b912b3ddcbf11137ec9ef080644b9cdf1e65362b8ec79048b
build/swiftpm/repositories/swift-syntax-e1f983d3/objects/86/1079dc5428edcfc71c80765828f2c9289939cd	376e94b05d6a3911952d27c21376a2e0be378e4a63853b043034f428933cf87a
build/swiftpm/repositories/swift-syntax-e1f983d3/objects/86/8a46c2277f93159a825604545aafae179c2987	e0261b11304f64a788db03c1c2560cf3f39aa189138a62c137f7aa3b4bfd392c
build/swiftpm/repositories/swift-syntax-e1f983d3/objects/86/aee52fd223ae7773949f3c4d59f4c1dd6fa150	61c6a9f9f9af554a27b08b2affc02d0806b78d815695726a6edc8b0da9370636
build/swiftpm/repositories/swift-syntax-e1f983d3/objects/87/b0d0c414ca54f1e3221ae7689e3ca28a981363	15a04f0cfe695ba86c05cb5ad90360f31a66754273228162e421683317b41333
build/swiftpm/repositories/swift-syntax-e1f983d3/objects/87/fc0608731b26f48d032a02f0eb3cb6be5a39ab	25c6c9a7d7367928c57f6b913d65e786d1f3fc5da047e4dd4374530f03b867ed
build/swiftpm/repositories/swift-syntax-e1f983d3/objects/88/62426e4a92c39bb21379a5b45d8775ddc9d5a5	5a9291cd4df3cd73aec2a06f462329aae8349a958354ff87a9707752cad3e431
build/swiftpm/repositories/swift-syntax-e1f983d3/objects/88/b5fa1d0034859afc915ddb5cbe02342d21895f	b3f613027dca961b2b30c43f54b892bce3a25b3023593be67cbbf383d79b2122
build/swiftpm/repositories/swift-syntax-e1f983d3/objects/88/bea29604738a7faa87253fee61eaa85ee0e044	7ff8be8df6f9f3cebb5fc41ff8934a557101db72df82f32d73245b236f0a1233
build/swiftpm/repositories/swift-syntax-e1f983d3/objects/89/19e0cef52a21fe4c9dc2f275a9af556d858520	a287e091d397c700d915873239f0844df85403fc873adeb1ca5f59c9e85ae079
build/swiftpm/repositories/swift-syntax-e1f983d3/objects/89/99cf6141c8cf0cc668eec42f29cc75da4f500c	cf7024ac0d4d2c8fd329b3e3cea4a3180405d4816d1785692cd5120d8f4e1dfa
build/swiftpm/repositories/swift-syntax-e1f983d3/objects/89/fcb8f40324a5a171c672b67c83b721313a9a2d	a5dfd9fd5ea792d258750200b61015186a008f80671ae9667b264689a8e6c3cb
build/swiftpm/repositories/swift-syntax-e1f983d3/objects/8a/140d1928bb71005348cb54582f38f5bba1608c	5dcfb221439e950f022ef0ad98226a15ee92da8b8c40ecf92d8ac4a9fbcde667
build/swiftpm/repositories/swift-syntax-e1f983d3/objects/8a/35cbf15889156b451a96f9de5008da4851647a	49f96ec7c54219e5bf5a91a0b03c536809e1d2c3b44c5aa5b852484b9ed1d461
build/swiftpm/repositories/swift-syntax-e1f983d3/objects/8a/5516d4716203c0be461b9f4b93fa2efa2da462	e09a63dfbf479ca2803a5675ef9e48e4e3ae1d7ad310b31e286125e1739a8a98
build/swiftpm/repositories/swift-syntax-e1f983d3/objects/8a/c35cda234862023df72c767783de90160f8b32	26839bb5bcaf08f69a7da91bffbaf14ff485febcd9b475f20246bba7669a591c
build/swiftpm/repositories/swift-syntax-e1f983d3/objects/8a/e6b4ab4372317063d2cfd3c0a8b81dea619705	794ef8e32a2d38f9f4422a52a826177030bcbbc9b8da53874b8fcf91c432a7e3
build/swiftpm/repositories/swift-syntax-e1f983d3/objects/8b/91423053d943295e768e2a2fdc584a13b266d3	63965777c87e3527f1c74e58431c4d151c4986a1eb96272ede45691c1e5007fd
build/swiftpm/repositories/swift-syntax-e1f983d3/objects/8b/d77eea148ca19774730a58e7e17d1b31f0aebc	4c1f073b10329e0ca082b9ac4265e9b3f8593293676971043f32f92af49e34e6
build/swiftpm/repositories/swift-syntax-e1f983d3/objects/8c/dc3248675486ca352aa4bbd04984160ba9f466	5a85816e39caef610bd861b3f252620622c92dd9bfae98c3eea8dd652d9d39a1
build/swiftpm/repositories/swift-syntax-e1f983d3/objects/8d/4c4f594ae02b860a86b87a721b39df743c512a	33ccc70afd406ed7e88497fbede07034799aac5ce610fd64c57bcd67cadb652c
build/swiftpm/repositories/swift-syntax-e1f983d3/objects/8d/c4c763760704d71f49bd342d511c60d4b1e621	d12ee3bdaa20ea4329af3e19c31eeea1ef6a920dde02c60b1d4b200ccee44977
build/swiftpm/repositories/swift-syntax-e1f983d3/objects/8e/13fe658801597f281ee7b0311aa14ef772bae8	012b7c00438571f6da68109e122962ff878ab12bdbc42bc3194c6f12e61d2467
build/swiftpm/repositories/swift-syntax-e1f983d3/objects/8e/d2755a5fb2d7aa1b7acbca3f4f2e8af89fc482	43e19c764342c0a88b7aba6acea38eb56061ede0641c1f45edf98f07ecd5dd1c
build/swiftpm/repositories/swift-syntax-e1f983d3/objects/8e/d92cfbe8d649bb94ec84a524ccc0949dbfe517	fba3b0d78c1d8b820e3b986c61306b34ff0a218d9bb5c5102de5945372f92c65
build/swiftpm/repositories/swift-syntax-e1f983d3/objects/8e/f4b42f132bfb2d2b73de0cefb455756bf9bf65	2a90c941b1d08e32492a074e05c7c9493629b1152b792e19d8b64d0611d7f51c
build/swiftpm/repositories/swift-syntax-e1f983d3/objects/8f/cf311724733fe744ed0bf0290b567a1af1c9a6	ca708612713c2400b2c895fab18765b76cdeaa23f923fc66d22765ac0e7345d5
build/swiftpm/repositories/swift-syntax-e1f983d3/objects/8f/cffd83adde1f8ec5f179913060fef8b2412199	679ab24411f5eb400a3b731d6ebb7ee70ad631509e6faac5ae0ab95b7e0a3d86
build/swiftpm/repositories/swift-syntax-e1f983d3/objects/90/0b96b64d4647d198df07b72d7a8dc8c0e9c575	641e55d677554916398f09543650bb7a9f39532423abf37c347321542a870b3d
build/swiftpm/repositories/swift-syntax-e1f983d3/objects/90/306c9f10d253984ce95e8e7ab429e6cb724d7d	81c48a9d88c9b9d4958ce7d8dce17d459223a2cbb921c0077a92ce65c2ae6509
build/swiftpm/repositories/swift-syntax-e1f983d3/objects/90/95e4f2243d8c101a87275e6bd79f2ece9969bb	69bd2f434ce07b44215dadecbeb81153c3b0f2e4184cf6ed3357731da98b2dd4
build/swiftpm/repositories/swift-syntax-e1f983d3/objects/90/ce3399ba9bba3f258288442c1b58133b5525ac	828d5d1db3627db64a79c0b059e117ef938630e335f15cdcb77ed60204ee1a62
build/swiftpm/repositories/swift-syntax-e1f983d3/objects/91/1061a6775a6b1216504de882dc205c7b6de3f1	3a1fbf20f70b637906fdf299ac73f26bd8db257c2e18960e2ed1446dc8f8249d
build/swiftpm/repositories/swift-syntax-e1f983d3/objects/91/232dc6d6cffe789eced66d5f3fbeb73c37dccf	588487ca026dafd75689cbbca6d38e87e5b07d74de84b6011676f546b7a8b92d
build/swiftpm/repositories/swift-syntax-e1f983d3/objects/92/9667ce4c1a59b04ea6d5100796099fd014198a	7df8a01969c14852f53b14a91c5431ee680779ead46d68ae7176a7c283b1230d
build/swiftpm/repositories/swift-syntax-e1f983d3/objects/92/efc4c1ccbb40010d1fa7e6ae0f7d822fc7ad03	5467072f73eab3d5d4a3b304f32dad650ba140abad0d971ff258a3d6d4b920c3
build/swiftpm/repositories/swift-syntax-e1f983d3/objects/93/1a481b4ddc25047cdd321966ddafc7a32aa0a7	e815028169af6c4f538cb58ee3959757c8a432d7aaca54e26d45b2b80ff2e813
build/swiftpm/repositories/swift-syntax-e1f983d3/objects/93/c4dacfa1bdc19cbdab74379f77acb2aedf9483	57b1bc51d2aa516392f1be1aebb998f09613ffd37d735513772a6a7dbd39ad42
build/swiftpm/repositories/swift-syntax-e1f983d3/objects/94/34fa459660bb050841d732b964f349c080b2c7	ef3a4ee3f5f3e3b978c49a82a584386632c277a38b7e3c94076f82e2f6a86daf
build/swiftpm/repositories/swift-syntax-e1f983d3/objects/94/fb0be3b57fd7ab200bda26fc0aea73a6e167af	38a94a9d53e0318aace9067d1b601c2cec0000531ad69544c9cb86f9eea28514
build/swiftpm/repositories/swift-syntax-e1f983d3/objects/96/75d71f677ec51127e6a87ec6d2bcf52f8a5781	d25130b7fb0f411923a006498e014db73dba67453e8a064c0ca8c06dfeae9c2b
build/swiftpm/repositories/swift-syntax-e1f983d3/objects/96/d3e4c82bcbaba12f18bc4a119a97bf0fe65494	ff715f6a9be5ef28a7f55d4df746b71f139cf95a200556df0c0e4e442b335ace
build/swiftpm/repositories/swift-syntax-e1f983d3/objects/96/e12bdf3e65ddde6d39d1e8114eb9538569195b	d8db2966e48d39640c7b0b8a8fa1a9dde5a96a539d34e5b13c4ed2a588f8c883
build/swiftpm/repositories/swift-syntax-e1f983d3/objects/96/f07e3c2668ee3a4e3788edf3991b21d5f8ed68	40996275196314d74ef85554674f062559397860870f059a6bdc0c36d89acbe2
build/swiftpm/repositories/swift-syntax-e1f983d3/objects/97/28732b2e43a2ebae9f808907e02df70d418456	781efbce5d79e80ad57d3db8730bd40a4f8488a062fb97b62afd04b33553f1ab
build/swiftpm/repositories/swift-syntax-e1f983d3/objects/97/8b7b4a56c2c257df7ffbd9a4f00edbd237bb6b	9a1ca7998746c613664c443153c8123fa935f8c40bcb599d7da3bf546f32dcd3
build/swiftpm/repositories/swift-syntax-e1f983d3/objects/98/1fcaac12d1aab11d98ca9c2dcd47eecafc7df3	db3f999e8c091302330bdd77c34caf26a477dfad750c41ec647c6461f9f3bf00
build/swiftpm/repositories/swift-syntax-e1f983d3/objects/98/3349e9a372284d0925679055b112a06a622e32	2e6e74fc274493187fc0dbea5179f9a05ad414989539d5e50da5a6acf3850fe5
build/swiftpm/repositories/swift-syntax-e1f983d3/objects/98/7b1e92f7cc2086a3e3229738e1b3b5a1ab11c1	6c239de2ba8afb038afb7a2b5cabe1d474da16598052ff7613c580e61aa6adaf
build/swiftpm/repositories/swift-syntax-e1f983d3/objects/98/d81dbb0166bd8c168fedc8a7c12acdda9dab39	83a3177c2f0d518788dafb1c540d54a543d52680f2485729bb4cbd1394253d8d
build/swiftpm/repositories/swift-syntax-e1f983d3/objects/99/a6c93848f7ff6d6c659c2b1d3270dbc2ab0bf4	23a0a08b54ae8f03792692e1e942782251479abdd042602266064967c59d9a13
build/swiftpm/repositories/swift-syntax-e1f983d3/objects/99/be5dad9035dcd7c0f45163565a174566fdea3c	1217df19d59c76d21ace9ba91ddbc9ee50c6b05a0a66cc5317e0d3d950ea68b1
build/swiftpm/repositories/swift-syntax-e1f983d3/objects/99/df1f2e208419cfda3761e3ca1e07499637004e	b17bb30d80d5a3885977e207c27935c6b0060f49cdc08af565f770231f3340c8
build/swiftpm/repositories/swift-syntax-e1f983d3/objects/9a/13f29ab59d1350af16ad0feb3e5cdd96671c17	2a319e4033be5a3099d0f27bd438c8052df86dc63585863eefa806549cbd9076
build/swiftpm/repositories/swift-syntax-e1f983d3/objects/9b/108f1aa2794882e39cfebad7720c38797c707b	c0313fd139d318c2401b4f99db9707a0ec09e5e3463c7d8e465620210ac97dff
build/swiftpm/repositories/swift-syntax-e1f983d3/objects/9b/9109a14bec3946d756765ac8e75cd7050578db	7af2b43dbfa75ce092e86a40f0392370adaaafe83e34abd69f6e1404e3dcf2a5
build/swiftpm/repositories/swift-syntax-e1f983d3/objects/9b/a83ceff966a47d0588e811a184561c0ac88151	1f35a238fab06761db8b146ce78404e6bf973396c9df1d134c48c4dc5fe74ee8
build/swiftpm/repositories/swift-syntax-e1f983d3/objects/9c/433c723b81cbf22a8e095a3e02c694762fb672	dc7ffe1a4152d2ac483f5f78de19145c91429100bfb7f51e5d010ef4ef07159e
build/swiftpm/repositories/swift-syntax-e1f983d3/objects/9c/b86025710afb11e22bd951cc0b52783a79e7ae	92f8ad89c7f4c314576015bdde1680da7fbd71449ba68e54bdd70ffab1249729
build/swiftpm/repositories/swift-syntax-e1f983d3/objects/9d/0c4df70c3d345fe1c12691a58492081d8e8029	6fe03e035ffa581f90a0cb13a85fd307a98fb41332d7913d5c79f8b752d93756
build/swiftpm/repositories/swift-syntax-e1f983d3/objects/9d/4609667afff70a331bf33d00640f794e490df0	80f7eb43b9821035c9e0d0319b7d24cbadef7acfccfc33fa6b094895758e3560
build/swiftpm/repositories/swift-syntax-e1f983d3/objects/9d/b08e29d9d06e8774dd1485436f4a3c3103403c	6d187d464ac34760150b0771d42e8de0f141966a9077e6b615bd428413d44a34
build/swiftpm/repositories/swift-syntax-e1f983d3/objects/9d/c1b27380f992b77cd1a40534c4c34b216aefc1	2a4822c24811e0543331e51de4b5b4c7bd8bf1a92831633ce7192cc2eaa287a7
build/swiftpm/repositories/swift-syntax-e1f983d3/objects/9e/a6535ef22155657d9c81a64fcfb6ea56705738	98e8dda008ebe8b223fe68153ca68615970c761cd8fec45422e1e46864096006
build/swiftpm/repositories/swift-syntax-e1f983d3/objects/9e/a829e493f78745f1fca108cc8be2fb6bccae1d	7e2120902180a6ddb7e4216798b79701f8f3ecc6a3935841d687ef602a43920d
build/swiftpm/repositories/swift-syntax-e1f983d3/objects/9f/241940fa625d4513d71e7f5e80ea6b7f47fcdd	9c5563b1fd5a5c9096f3a496deaebe091fbffc8f532d1a7a15ddb1e16b217583
build/swiftpm/repositories/swift-syntax-e1f983d3/objects/9f/6a3327b845f2bdaae0e9ef0de35567693c0ee3	f1116e54d5033886941273ba9fab37b5951e57acf68f0dbef3a68e99f09605a9
build/swiftpm/repositories/swift-syntax-e1f983d3/objects/9f/f3014444015ff25639c8915371dbb5aa758f62	e814aa33cde5f7a2b12d69da8567d7897e67722d70b212cfa83d92a74aa47b84
build/swiftpm/repositories/swift-syntax-e1f983d3/objects/a0/a7824d2e733b4797f1585b0fc1a7607b9bd4e7	2ce4ac3e57fca7f94a3dfe5aa087ac2dbe2c20cfe3e3dc37ad8451fb3668882a
build/swiftpm/repositories/swift-syntax-e1f983d3/objects/a1/7b5ade330e9ded5b98866ad71697ea263204d2	b503c2eacd2fcb24d0679461c94608c1a34345b6f66360d3faea9b06bb0d9c6f
build/swiftpm/repositories/swift-syntax-e1f983d3/objects/a2/7430a7aaf6fb76428066bd4588b9ba4f8f0d0a	bce08ff4b32d12525da98bd50b2f052e64653c478207610e3dda97b1d4a70745
build/swiftpm/repositories/swift-syntax-e1f983d3/objects/a2/bcc8ed667d85e964339670eb86ca5eafa2e186	8e7f087a48fb7165c15d917b9e2556f1c0c72ac218d5888e9ee455838ac6ae5f
build/swiftpm/repositories/swift-syntax-e1f983d3/objects/a2/e6ae5916e7372db94da6dcc3970be14db5bd94	86a1e6ef0ef410030e81a364a3510fb73004a601374e05a9e6eca90ddd2937e7
build/swiftpm/repositories/swift-syntax-e1f983d3/objects/a2/fe6db5880f4553ac717e0f7e2c3f14c6485e7f	00fd01fe8187dd7c00cf52c5417572e43fa7c2c19623acb020a2fb5b8e6f252f
build/swiftpm/repositories/swift-syntax-e1f983d3/objects/a3/a6c542583fc9c8ce1c8a84fed5b9cce929e2c0	275133c66ff755377571bfd8554d05ce2786ec28a52c56842eb592db2f9f3611
build/swiftpm/repositories/swift-syntax-e1f983d3/objects/a3/b9fe5e7e0d7822c5f3e01461e776ee8c13b646	46a97bb2abd2d6f2240c24e374912dd5f5111d1754e7a4fd56a4a48243c7ecaf
build/swiftpm/repositories/swift-syntax-e1f983d3/objects/a3/d4e9abc1c625758e6b81d9e40b79089e0b995f	d46071bea3f01a5fc2c7a3d89be4ea976d0d638940cbeaf4de2f7f6199f7f275
build/swiftpm/repositories/swift-syntax-e1f983d3/objects/a3/f148a182e9f5aa48c1c2b3fb620b43743bfaa8	f09c9585fc133c04adef1621d4c70f2cce2ae5c7bd8a4fde4fc99eaa69382d1e
build/swiftpm/repositories/swift-syntax-e1f983d3/objects/a4/06ab3d763f4c2502609bd56a59a78c7ed68733	26791e3954b76c00fa320c587973b5b0c5147ae47ab9d1390fa38356aa5e6e83
build/swiftpm/repositories/swift-syntax-e1f983d3/objects/a4/300c277c6c40c98f1788516bc093567244c34d	0badb035aef8625b987e898b8889489adf55927f4e4e8ceb3e8cc0da8e7bd3e9
build/swiftpm/repositories/swift-syntax-e1f983d3/objects/a4/c6cd977cbc687ea47fe7a3419e5e23e3baa5e0	1000ee93a6261755c0e33bcd5fd509fb6dbd47fd844466defeedbfd3cf96f73b
build/swiftpm/repositories/swift-syntax-e1f983d3/objects/a5/ae42ef3172df46744260fb52d7345277b3932f	a7febf917614e700a42f018030408d8d15b400f91cddc96b65c5d4eefd59205a
build/swiftpm/repositories/swift-syntax-e1f983d3/objects/a5/dd75181c57ab7205be93f9e2c057f7639e39fd	3cc67ea6750598d9320463584c4c7e0aa33a220de1be8b8ad036ed9b6d253a8d
build/swiftpm/repositories/swift-syntax-e1f983d3/objects/a6/f1e5a07766cc79ca127efe3b802ad007e45435	d24c5c9e46297fc3e874db33477194d4578722e83b197a9764d16263035d930d
build/swiftpm/repositories/swift-syntax-e1f983d3/objects/a7/37f09b683f768bb1eef16e4bd870f3fff90761	7ae1f6faec5445c8d0066177919ef9241e07257a98861de4cb0f0b388a6d02e0
build/swiftpm/repositories/swift-syntax-e1f983d3/objects/a7/a346db15b29fa63c8e2c6147ad2c2b2ef996c3	c93047e7bfce9eee3338dd44d4e7b90ff560e561e0dc21dd5ff422c674a200c5
build/swiftpm/repositories/swift-syntax-e1f983d3/objects/a8/1d195af47f3a342018af954eecbf6a0067bd84	ee9df49ec647c4ea3b95ce4bced92b5c46c38d80a36e7d614f9f436a61328625
build/swiftpm/repositories/swift-syntax-e1f983d3/objects/a8/440cda1fd45324acdc742ee8d119fe18aa832f	6457b575af83e062afab74a5149090dde7c427f00c10261110e15b1d60abbe80
build/swiftpm/repositories/swift-syntax-e1f983d3/objects/a8/a101d94e2d0451a5ee4b89c8553a4f2323964e	b7517791c606e75dbb4012df7a999049f5b68d22ae08c10effdcf070e251625b
build/swiftpm/repositories/swift-syntax-e1f983d3/objects/a8/a994ba91bc052810566b9da06081869a9f401a	de7d063e628bea069a658e5bd36215e894db595a9fd3039870936dea5027cf41
build/swiftpm/repositories/swift-syntax-e1f983d3/objects/a9/ac7674b563a06150ebbada1253b7d3724bc869	f411510fa6ef3d1712e626158ee9888e6fd09e7c8e343b7a97c4e9f11adfc650
build/swiftpm/repositories/swift-syntax-e1f983d3/objects/a9/b0a24b7edef838b3ab5bcdc4ff3fd63bf05329	3bcab911de17596c3c6d441760807a6a3c2d1ecc6347b0bea71c02f9dbaf2c12
build/swiftpm/repositories/swift-syntax-e1f983d3/objects/aa/6341f91fbefaa1ea88910ddb43d88b47a7386e	92624684bfb844943e7f9d0b66e65a85f9914922dbb2bd8cae949f93c0f37734
build/swiftpm/repositories/swift-syntax-e1f983d3/objects/aa/7e554c8f7d7d97defb04221e916123b2bcf94a	4bd100b4ecb02b8e193bafd43878b6ede62c87ef736647a8d9ae469776c981b7
build/swiftpm/repositories/swift-syntax-e1f983d3/objects/aa/b6e64aaaeae8f7bbcf7246a9431bd98627db67	3a6f1af1d6a2a83abc8a51df9b8c9fb88681ad8c2b32e6261326e59148f130cb
build/swiftpm/repositories/swift-syntax-e1f983d3/objects/aa/bf67dde1f099c7cb61c1be087ddcc33c85aa4b	5ff5b9683b18e80e7782029f2ad0695e302bce21c76d89727da780ed05c98611
build/swiftpm/repositories/swift-syntax-e1f983d3/objects/aa/c801aac3998ea5a26dfdca9475636047900b14	26d8867a5a821b1f1aafdd286f5668659b1ddb20a559cccb1889f3e683824484
build/swiftpm/repositories/swift-syntax-e1f983d3/objects/aa/e62511a863b067a112cb6a839e0c6485e6f7b9	002ecde56593b44621911bbe64e7449a764819591bb3a82b6d8ed111492e6b06
build/swiftpm/repositories/swift-syntax-e1f983d3/objects/ab/04df4dfcf230501cb3a0254bac6b857579e0c3	3baceb36cd53befb6909e3edb310c9749c72db957d67408abed768600f8c9060
build/swiftpm/repositories/swift-syntax-e1f983d3/objects/ab/191ce48dc84951a74e0388ac26ad7b17593771	0ebc437645ad8a048263b3e857f4e7ba274ff914d172d9df7e026a0779bad319
build/swiftpm/repositories/swift-syntax-e1f983d3/objects/ab/22888cbd6c28a521685d4cabfba489727a7a4e	10c6662a1919e13047bac2df16308ff11b61f3bfa8bf29c48d54b13d0cbc2587
build/swiftpm/repositories/swift-syntax-e1f983d3/objects/ab/62449db1a70430452246113ffa62f8a8df8c71	24fa50b9027ab9ab8faaf08fddd87b602ed29bca326dcf9069d2e3f499a280cc
build/swiftpm/repositories/swift-syntax-e1f983d3/objects/ab/6514277bce949f42d571acb41daa6fa91b8f9c	10089b4b0ba50a481176827393ab1d63730dad863caeeb0676183a6f58e2b5fe
build/swiftpm/repositories/swift-syntax-e1f983d3/objects/ab/e0f2080149dccb22dc7fe10306afa977a9f8f6	849fbb854f2593dde59678f8d6fc84d275e430d66ad7810119e8ca4d89c895a2
build/swiftpm/repositories/swift-syntax-e1f983d3/objects/ac/52caf57d4ad069e4b45c5a2cfc3a3d4bc8ab0c	a6a1b1c282ffc18606682b81eb7251942494e2ad1245066179af20b5610db04a
build/swiftpm/repositories/swift-syntax-e1f983d3/objects/ac/7c00194ce2983578ef250cd4209f3fdaad2f28	fa3d1baa00f81d85e9f8870350de36617723ffa90be87d083989dd1bfd8a6fbf
build/swiftpm/repositories/swift-syntax-e1f983d3/objects/ac/eb9d060c401f4aec1cba5ae9b54087b2b43ce8	14816bfcecee25c15aa1ff31146c1c1ff7b611fa0d32fb39a688e75eb712c44e
build/swiftpm/repositories/swift-syntax-e1f983d3/objects/ad/1b3edf76f26abed9b8e79589deefd857c241eb	15c125eecf9c1462a621cc6ddc781aa810f0b67342f3ea0e048d2632f855061b
build/swiftpm/repositories/swift-syntax-e1f983d3/objects/ad/3971d150de4d6bdb996a10f7c0986d428d262d	9a333d839f890aaffd1cda5e19cc8fc026c737bab03b4779e9c2c56efa9bcee8
build/swiftpm/repositories/swift-syntax-e1f983d3/objects/ad/676afdb9f34b3fafcc373cb83588b4f863b25a	1560e7fc68a058e3b2165b4a3bc615787af0168b85f5fe2a048bd8d1a09033dd
build/swiftpm/repositories/swift-syntax-e1f983d3/objects/ad/e8f85e8a588e23aef010808dea1b18bdb6ed8e	b4565f71dbbbf68a348146702a9ad31e7ac78817786cbd61e3e2c3798a9b2ece
build/swiftpm/repositories/swift-syntax-e1f983d3/objects/ae/23a89d7d077706bb9aec62ea1ec4311b77790d	3f344e017f6db530d9bbdedfdff34853ee6a22bb22eefc26aace033e69d4b922
build/swiftpm/repositories/swift-syntax-e1f983d3/objects/ae/4e119ceb8071867af57b6cca956c12b8bbfe03	dabcb220f3e7d276bb3312037676a259450414132513181c83f951a68828bbce
build/swiftpm/repositories/swift-syntax-e1f983d3/objects/ae/707d086c3b6a9fb0374960a20d55693cab131d	fc727398bd9c586780e6cc11f36d8199bade3ff5313edc16406f0516dc103a38
build/swiftpm/repositories/swift-syntax-e1f983d3/objects/ae/8ea2585cabc7f4eee8dc627dc068d4c91ba5c4	4a8cde494f4ec3a6b6a42492c67e2b69a749c494ef5ba2ce2f9a06d55ea6f855
build/swiftpm/repositories/swift-syntax-e1f983d3/objects/ae/9b6e074877403f3f5ad869dcbce759831d116e	db162c9a912b8eb1be9e313f3636fef77bdaaef66566274e160bbceb43849dbb
build/swiftpm/repositories/swift-syntax-e1f983d3/objects/ae/ab862ae3fd59dec31dd5b7a3ba33e3b08beaf7	b7e823b70edc3c7a84a1e287a8b2b6f570e5a72f17c17bbce653e45cccfd5199
build/swiftpm/repositories/swift-syntax-e1f983d3/objects/b0/60cbd7e190e10acd970c9c74596cb913bfe868	2e77fa0720cbe4a2e7bf7a021355974e886484911ada5dbb5578a54e36a4c276
build/swiftpm/repositories/swift-syntax-e1f983d3/objects/b0/8febe524d3d16d3cb0f4a65bcdd9b8c7ccce50	aeb5d00a86ccbf428b4679fb5229344ac0e4bd57d0b14d2c9b621098066c9985
build/swiftpm/repositories/swift-syntax-e1f983d3/objects/b0/d758a74a4ed52b0597b96ab2512ca7034893ec	b4bece150b03760c10262888133b0edca189d0ddea5016ff58d226dc8142be80
build/swiftpm/repositories/swift-syntax-e1f983d3/objects/b0/dad570fba5e817a93d08f8d579036566d8ac7e	0d6d821359cc99119989b5ee138d3fddad3a5ff7fcf2fe64d4d295773017211b
build/swiftpm/repositories/swift-syntax-e1f983d3/objects/b0/f1bf63813d85fbd2442b9b27be5453e59642aa	652bcd302cfeb56ded53012665e34b872a991fe78f39bb71bade050fbf4c30ee
build/swiftpm/repositories/swift-syntax-e1f983d3/objects/b1/0f622a29d4f24b89d4bc9616180a092b3f5ef8	3adc7ab1e65ad039f1e5d9f187a5ce1cb448d15daf17efddc849e3e28fb3b30c
build/swiftpm/repositories/swift-syntax-e1f983d3/objects/b1/366ade721c17ad85b21530a7aef97bac5f70cd	e96e861aa65ce2d3e11b6bca2823a90162ebff59b8e00b255367a0f2adbd2d2d
build/swiftpm/repositories/swift-syntax-e1f983d3/objects/b1/642480a19ae153b99c1bc2e2cd241e7577d82d	e6106fc2cf79f468f29cfacbb02a2bd007ac428e20db08ea824220eff2ad2446
build/swiftpm/repositories/swift-syntax-e1f983d3/objects/b2/716800c789f46878e7038ac4a9d8907a8cbe5f	e1e09a43a0c31ae48f5f3571551104a90146bd007d9fb9edf99660833f52fb61
build/swiftpm/repositories/swift-syntax-e1f983d3/objects/b2/e4d6e5d4db7075c44832485f74f5fd9a337ef7	27ed74bb2d8dc252b9244115867aaecbe0f345d53a11749df99063313c468245
build/swiftpm/repositories/swift-syntax-e1f983d3/objects/b3/57dad50f977c381b9bbdd40846e31f759b6e82	bc0ff6bc2f01bfa136d9aaafccb3ceea3595f065f4038a932e56396bc8b9a6f2
build/swiftpm/repositories/swift-syntax-e1f983d3/objects/b3/668911cc3254641e6aea792afe5200a610e277	b69846a8d0a576a795dbcee594687d7a0eaea73cd3f8c5802b34892ceaf5d894
build/swiftpm/repositories/swift-syntax-e1f983d3/objects/b3/8e18866ada75418f40e572fe9e29a39cd751cb	55c5c6fef66d5b1f4957dd0415ad1e8642fe1ec80fa9a19510177088d2f570eb
build/swiftpm/repositories/swift-syntax-e1f983d3/objects/b3/caf4ac26b7e0b356af9da80c6c7c113066d1cc	143c015e5697432c3439ab0b1ac10cb460ed133b0a0c6afdc9d5fd2e37846d06
build/swiftpm/repositories/swift-syntax-e1f983d3/objects/b4/49dd3d395f21b6731842517a9a0de1f73d55b5	4f49d911912b077e72d83ef5e6f42fdae130300419a7753405ee8451f729f70b
build/swiftpm/repositories/swift-syntax-e1f983d3/objects/b4/d47b3ec50ded7495461ac2d641395c8a81aa6e	7b9541b7005437d9c5cd8a8c899797503c9efad645b1335ab699329957659898
build/swiftpm/repositories/swift-syntax-e1f983d3/objects/b5/0a6687a7c7d1812b5caa7b866427fa7074dd39	5707fca2994c82026e9f95b206555b597d42aa979b98c7c14803d73e59f30448
build/swiftpm/repositories/swift-syntax-e1f983d3/objects/b5/137df4cc6f7ddfac71ba8bfdb377baf8aaf2ba	4fca22db9aedb1f8babf7dae9d9576f14d272f8bc3750c325b1db552ae111215
build/swiftpm/repositories/swift-syntax-e1f983d3/objects/b7/83893d174a2afdf6ba0e1301f6470e7a9176be	b646895f71259faf7ebb66dfce893a294ec1a6d0cbcf64d5563fd78080489e5f
build/swiftpm/repositories/swift-syntax-e1f983d3/objects/b7/a4ac3d230be96066153af325969e1dfc242905	6587cf804f2f8d8c15d758db71a001cfe718e72901b7f2619e15949bffcda598
build/swiftpm/repositories/swift-syntax-e1f983d3/objects/b7/e2846d2914c27016c14c5bbaa3293dea316a74	5116a30f8908628d6c08769f8a77141debf5ded0eb3e5e6d08014712eec3ff05
build/swiftpm/repositories/swift-syntax-e1f983d3/objects/b7/e589841c3a9e0d4d5bbc417d9055dd74831597	e93d34434eddd93dba05c6ccb5e9a2c732d4656c07a7292051f4db8b7f591ec0
build/swiftpm/repositories/swift-syntax-e1f983d3/objects/b7/fe9fdfd95895c0c5234f214a1b5e23a7993f1f	687a090a94677b820298fd34b53a35fa7f6aa2fbcb8b636ce247f683b56bfdb1
build/swiftpm/repositories/swift-syntax-e1f983d3/objects/b8/ca3eea1b9d8f2357ca3643ceccf9b33cba5b7f	0ef0d005a074e835564106a2383dd1623df5f2e6d7091f3aa3d5a8d9849229b2
build/swiftpm/repositories/swift-syntax-e1f983d3/objects/b8/e5ef0bc4f2ad05bf00897ca495b2cb143f2211	750c45e7b0b6ab0d5fec16956cd237c2d6f1b1351ad42ce39249de303c0fad43
build/swiftpm/repositories/swift-syntax-e1f983d3/objects/b9/b139d99cc4627ed4ef9759ab80efd120b92d44	527ffbd067ed64bd90d29c96de9b95e4c0aa9d924b79475e264e31e59bba048d
build/swiftpm/repositories/swift-syntax-e1f983d3/objects/b9/ba5724bf3745ff6a20cb399fefe868b532c6e5	12f2dddde511cdc4c51b71729d4cc0b82eabd56a73f2f7add3c8dfa59c218874
build/swiftpm/repositories/swift-syntax-e1f983d3/objects/ba/065ab4652a1600bd992f751f611e4e84fa741f	6c5716a29a3acb8ed61bbdda41b96d8113f01db15a3817651b9959ca1d55a6eb
build/swiftpm/repositories/swift-syntax-e1f983d3/objects/ba/d788d48097a7d66133478591b766f46da1f532	734ed7e0c914567f94bdb54253ca740bd9091e199064bbea6f96c484c82aa015
build/swiftpm/repositories/swift-syntax-e1f983d3/objects/bb/30981beaa30c7580300ba9c9ca26f9dd9d3aae	ce95d2957aed964f3c994527ad9f3a3cabe6d25d4c74338d12e7f21851f23a0b
build/swiftpm/repositories/swift-syntax-e1f983d3/objects/bb/4cef7183224e91f54a14526ecccb8e07d944c9	5730e0fe9bae862bf21cb8675bac739e6fc7198246fbc7b28c072d1cbc6fcb82
build/swiftpm/repositories/swift-syntax-e1f983d3/objects/bb/7a08d3fa02e5c38977cb6ce29c1d33ef8bf1c4	9cb0c358700916a1e738fcf351aa2234612861c274e2ca55e7a45b782fbee6ec
build/swiftpm/repositories/swift-syntax-e1f983d3/objects/bb/9496ca29df5573efc887799c58713d5838d337	965b0eb82b2ff5cd68205e14b227e5a01929f877a6995828bce0c993750b76db
build/swiftpm/repositories/swift-syntax-e1f983d3/objects/bb/a615c84416a1c1790c6df5ad59281dbcfb519f	7fe4b53e32a5fdc328215331d0cf8572621ad798a42be354eab13f4a09bc118c
build/swiftpm/repositories/swift-syntax-e1f983d3/objects/bc/389d3cddc3c1b8109b22a24c19c6212ece090d	db25f4c74bdd2053b2df67ad2853e240d5318bc4eee6fd5995d51e1e571fe2d7
build/swiftpm/repositories/swift-syntax-e1f983d3/objects/bc/9ecc9fd7f6d8ebfaf9c36d503f60242ba27d8f	3c959763e68dccc457dc188240b1e87a5469ee8188ca9ac9addfc4420812e785
build/swiftpm/repositories/swift-syntax-e1f983d3/objects/bd/002b623386a2243a2f08e192dd04c1c5d0d335	2b6ad2bcd0994872e94eed6565d27f86f73b1b91440bc4df6e0c4c4f5a44922c
build/swiftpm/repositories/swift-syntax-e1f983d3/objects/bd/4d0721084f199df7c7578bdbe8f95cd8827f51	568a36206e68c4b2d89a75fe36f5f71bb8b51fba33fe180bb59da87d46b4d543
build/swiftpm/repositories/swift-syntax-e1f983d3/objects/bd/84cf38defab96caec662efe0cb5a27f9e9b008	9c0a938ec5604873270c9ae2e62b33e0995b5ffc45d78b3bf468f558b1ea3f7a
build/swiftpm/repositories/swift-syntax-e1f983d3/objects/bd/eb6efc4ea4b00898a6a0ea62f6d5146131acad	a211f4248bdbc15594353b81c108cb3b9a1d845a5777c112cace22062a7bbc0b
build/swiftpm/repositories/swift-syntax-e1f983d3/objects/be/626fb5d980a06aed31bd12648ef7acadf45d73	6129204a794e0e522e586e5e1e38095f9aae17f391c06b3b7c96b635396c4c55
build/swiftpm/repositories/swift-syntax-e1f983d3/objects/be/8045d9c9abb3ab07aa17ed58c38262d8e50b94	b4eb6d33619edf3ad28e23f6d6da469110218240199731cd375fd641633edb00
build/swiftpm/repositories/swift-syntax-e1f983d3/objects/bf/35f78bbb6c46b4f6639f51401e92b20449a197	9508ca771791204c77ea5f2bb33b8bae58bd41a2c1c03b1cb92bdbab413dc7bf
build/swiftpm/repositories/swift-syntax-e1f983d3/objects/bf/9426ec0af0367978a84631d4e63b35f9813e8c	9b49cb5ddbf8882c6359e477a7a55e72aca46ee537ca4e70ce79dc5c2d0ff02c
build/swiftpm/repositories/swift-syntax-e1f983d3/objects/c0/2943e912b35ff088d9912976b91398c763447a	fac9faceec3b091a23b0149a29b43feb685afcf9928d11fc7093b175e535cd83
build/swiftpm/repositories/swift-syntax-e1f983d3/objects/c1/816b978dc8d1dafd96372c05237066a998e9cf	c3153e30620ac9b0a78e954dd33ef050172d3edf53797e332babd0e672faa210
build/swiftpm/repositories/swift-syntax-e1f983d3/objects/c1/a03a82080ef41afaba663ac19a48593a6f24c2	e2c31d8566578dfdd0cc93403d8b41edd27debd4f6d35b076866239f1e902202
build/swiftpm/repositories/swift-syntax-e1f983d3/objects/c1/a9f5dc0106232ceffc324fe4ad4593ccbe146e	26bd79462c6396ebfd96a4f1aad22a5910827de71eb88e5cbd6bf1888f5e5435
build/swiftpm/repositories/swift-syntax-e1f983d3/objects/c1/b21a082b79ff32f644e07542da011b15162bf9	83b7b8a35dfefd959968547699ce422c3e7a25e6aef43b5ab5d8d59ecdafb98c
build/swiftpm/repositories/swift-syntax-e1f983d3/objects/c2/38399626d85dc3a12c5e1c08a08a4150f352cb	8dd9fa9d5612e54b9e00f7d875ba538f6e55983f82f7bb07144a39144ea9e083
build/swiftpm/repositories/swift-syntax-e1f983d3/objects/c2/d089fe4d85e893b649f0a77da8ab13e8f44f84	4fbaef72811ce09cb3cff3f9a899ad27e062759a65af45cfeaccbea9ff5d52d8
build/swiftpm/repositories/swift-syntax-e1f983d3/objects/c2/f78959abd037832cc81da51535b0bc962a6c2a	ea5f5d31155993eeb656b3eaa094177bb8a0ad90b53da23e34a1748697a2b92d
build/swiftpm/repositories/swift-syntax-e1f983d3/objects/c3/4ee76d4bffd30c87ac2e839eecf72b56211c2f	b09196a315f4ff5c0b074b9cb82d76f220506caaa5cb0e3253e347785a1daee6
build/swiftpm/repositories/swift-syntax-e1f983d3/objects/c3/64c868831cf41f26732d54ac22b1d2ec4ee85f	bd628dcdf0cec80690b9e60527886a90109d1eef6d06fec786734c29aee6545d
build/swiftpm/repositories/swift-syntax-e1f983d3/objects/c3/7ee0befb5570b927bf021ae13777e1fcdd488d	77edb0458b972c2786d7568dda3166024dfb1a70b63efe27971636ab6e5e6347
build/swiftpm/repositories/swift-syntax-e1f983d3/objects/c3/f4d7f487a1070403bf9ae4cfab135ec09c09fa	9a095c721bed25f9b8ca2f2d81c83befdd7627cea51ac240a188a299603bbeae
build/swiftpm/repositories/swift-syntax-e1f983d3/objects/c4/326e313efb8d2d8905fb08222e37e35c3ef11b	a49b8d39544067238d6f0cd73f8ae583d1db2a79c2f078181608ea34001c76fc
build/swiftpm/repositories/swift-syntax-e1f983d3/objects/c4/8cfd52369a20c249190ddc974565c49e738616	50403bb3e03712fa1249f7e56cfd4ac02148d41f18c8395aa094a3d0433fb8d7
build/swiftpm/repositories/swift-syntax-e1f983d3/objects/c4/b23a024b942dd8df5099aca6f0ef8a467a405b	72d0869c3787ed677928a34eddc77676c175653882ab5421e91ae70852203435
build/swiftpm/repositories/swift-syntax-e1f983d3/objects/c4/ef0f587141e781965e7a3d0ddaa169268351b6	1327fa144fd3926ca97c17bdb284ea5201b50b064e0eccb4eae85faf3d51fd69
build/swiftpm/repositories/swift-syntax-e1f983d3/objects/c5/ea776e4472c265bd3fcfb7fa6b6f4802a35a19	66c8b8dd66d68b26a8b4f2b7aa44acc485f0220e733458600e0dd10f2d006203
build/swiftpm/repositories/swift-syntax-e1f983d3/objects/c6/1f8f266557c5255c0e07146f82c2d03ec52eb9	d51c6d853c9714e1abcb278890a3ee04a8f9f99a48ff7d2dfc8558e018facd78
build/swiftpm/repositories/swift-syntax-e1f983d3/objects/c6/fb195a813b08275f1a0e4e6b76019ddc32b8d3	83a9960e99de375d77c5315f0b6decca667367d9e071f84de583aa0a07a244ec
build/swiftpm/repositories/swift-syntax-e1f983d3/objects/c7/0188f176ed9585ef1e7bf0bfce2aa8628663e4	585a38207a636c53507dbd54683c22c8d85e2169a3adc006bbb7aff0580995e3
build/swiftpm/repositories/swift-syntax-e1f983d3/objects/c7/2b788521195dd58b55b9dbbcd84951f3b92490	53cdc0f6a6d520c3dff10ee8ed08b1d7c6aa6ec4a977306418fdc1a02566fe6e
build/swiftpm/repositories/swift-syntax-e1f983d3/objects/c7/5a8fd9186b1f608dfabe862133359e2385ce37	06ff0c3b1d9f861e406856c507bce25ebcbee2b8dd95c6dff81052a21a4b1fc6
build/swiftpm/repositories/swift-syntax-e1f983d3/objects/c7/b8e97829c7b42d4416394332a845c65af6f06e	16eb5b8130971dda1541f7a15d9ae0f75e4f9dc889d8a4241132175219d73e89
build/swiftpm/repositories/swift-syntax-e1f983d3/objects/c8/29ccb2848f8120dbe73cb5242c3525bcc240e9	3235d30740211a73880ef4d7d902978c822455295fc89242f797ac9a2df3b955
build/swiftpm/repositories/swift-syntax-e1f983d3/objects/c8/ea4a0178837c025cf075d5b4b3b3ea62f439fc	be21a7438fc48d2effafafbe2f4ed9380a552291685f7ef497a08f942c45b24b
build/swiftpm/repositories/swift-syntax-e1f983d3/objects/c9/47cd2be50a7e9c2e142db4aab349113502e0ff	1e3bae71290e93ac0422d88b71a6ba9127b64baab104af317a04b46689b1f5af
build/swiftpm/repositories/swift-syntax-e1f983d3/objects/c9/87ede1ef80c6cffdccb1f79ee764ded89cd9f1	8966d94b424767cd6e9f01e551977a50fa07cd310f8ee771c0d64d780ae96349
build/swiftpm/repositories/swift-syntax-e1f983d3/objects/ca/878bf3592870347f48a1756f73701f0b5a05e5	027ae32259792ae5002d0364bf9601cc5b8a37d377b56f5974d83bfabade3ac2
build/swiftpm/repositories/swift-syntax-e1f983d3/objects/ca/985b407e8c8ac70130efdff4126b145f5e8728	4a95f5df77f3c5ea84b4c0879337751f24e9c7faac7bfc9de35eedd60b05618c
build/swiftpm/repositories/swift-syntax-e1f983d3/objects/ca/f0640c43017a649a2d852b00d0cc1964957aa6	bbaaf91b8584056bb2527c28df903cd966b9379be5936448313fa3ce3129c89b
build/swiftpm/repositories/swift-syntax-e1f983d3/objects/cb/07fad4defba5960dfd60f0a442b49eb304870e	542116941fff57ee6795a4953eb9f5527d372cfc71f178e1c24ef4075e5389e2
build/swiftpm/repositories/swift-syntax-e1f983d3/objects/cb/61369501eb9cae4a5f43fdaddcbf1464bdab78	a4df91c7137963d356ffcd8205b8fc6eb78441ea099d9ad67b9ea6092ed3adbc
build/swiftpm/repositories/swift-syntax-e1f983d3/objects/cb/8d19552a85b235e1e9bb9e6fce517e3a057e1a	3ff5f0991938cfc037a316b1a1fdea0dbda1f2a518c243b3d95d3e55e7c06672
build/swiftpm/repositories/swift-syntax-e1f983d3/objects/cc/74ded44f137caf64f328b7914870c60001b231	cfd652a5bbe6e39e171f28e10b003858103eda6a2ca6ceb538b6547002c973ab
build/swiftpm/repositories/swift-syntax-e1f983d3/objects/cc/9d04af17cc1748dd5d0b30f951eea0f57fcefd	ca7b2d6e6dbaefb6c749c471e0902ffb814dee7302214339b9a3f50d4a6ab9cd
build/swiftpm/repositories/swift-syntax-e1f983d3/objects/cd/6c32dd254fac3903758eba3c2bbbc5f3588984	10ff1c327bcbd11cd355c0c58733128913c4673a151686feeeb1a602a966777a
build/swiftpm/repositories/swift-syntax-e1f983d3/objects/cd/b926c537a32d9ec40b75803d732e948ea3807c	39906edd5ce7eb0a9141c2e8b51856b989cf15a482bc87bcc23a7c55f9d0120b
build/swiftpm/repositories/swift-syntax-e1f983d3/objects/ce/5218d5b898b5417dd0990abe6d343d1af93109	a9c64b251857c23e4113ae9768a41896c3b6bc6f6ee6c13f39d6f8dde4370483
build/swiftpm/repositories/swift-syntax-e1f983d3/objects/ce/c1b654cd1b42b25732c6fa2677116492c4b9dc	8ae31c45e658184db1868da8a12acafab13a98e35867495ce90cabbc4168a591
build/swiftpm/repositories/swift-syntax-e1f983d3/objects/ce/e84b15d7c4ad182dc05c54f6f42af9f1214d9f	787121da14715f2ad05c68c28bab9bc0c377a83fd3eee8069aff271e379f28af
build/swiftpm/repositories/swift-syntax-e1f983d3/objects/ce/e9c2d78929364f8709e730423b9d3541b9e036	15351bf70a5a5a907f9fc362602b388b02187cefb8ae01e1bef0e56b1527763f
build/swiftpm/repositories/swift-syntax-e1f983d3/objects/ce/ef1def81a80f38cbdc1e3825e3e4efd1a538ac	5aaca5ce4ffbf60b3da4d8e70450bf31b363e0be89a39ec6a29eae51c7a6fa9e
build/swiftpm/repositories/swift-syntax-e1f983d3/objects/cf/6feaa4530092b41018ad31d46555e2a844f55b	4ccca6f218b62dff58d8230d5c84d3c0d121afc7722e87575b569da764702f0e
build/swiftpm/repositories/swift-syntax-e1f983d3/objects/cf/aa83a5b226e7f952587bd77019fd5cdb9f7cb8	6b2e56895e55ec0526f197b7b2d997d3e9c1270cceb47668c812f4ebb776a51e
build/swiftpm/repositories/swift-syntax-e1f983d3/objects/cf/ef1b314fca78aff1bfe7bd5c1be0b542d243cf	f3ae4e0cd02a7fb5b9a78670895ffd1c9a9fac9510ff9f045c0cde653bcdc130
build/swiftpm/repositories/swift-syntax-e1f983d3/objects/d0/1212a7e70d020fc6976b1e05afd184a567a5b4	a2fe88e7d97c8760db07d3aebeb904c900760b6e0c26d88ab328e2631327ea4d
build/swiftpm/repositories/swift-syntax-e1f983d3/objects/d0/4e3f11999ee9f92fac34c0504018bf48c3e014	32fe5819b9fc393602aa79614ad5e038031966dda02682863577e07528a6afe9
build/swiftpm/repositories/swift-syntax-e1f983d3/objects/d1/8044f5290c1ee21ea86c2e9343a778ba3bbfb4	7dfe4972c964a71e2c3245f4834ac608d9905c9589d66c9ec7e4a176c28e3d61
build/swiftpm/repositories/swift-syntax-e1f983d3/objects/d1/ec4b474c33110fc894940c681817b04bc94cf3	799423b906304ffa385a1a5b4f0474e66c3b95ffc2f5ba4cc6126676c4e01871
build/swiftpm/repositories/swift-syntax-e1f983d3/objects/d2/64b594abd8b52116b52b4b765a343f6d2a1e28	8c3daae3f2e9a2a27d58ffbe8821ff2a46fa902ebada4dca805e55c41e7dd815
build/swiftpm/repositories/swift-syntax-e1f983d3/objects/d2/a0ab6b81d6544ad0eb34493a81aa790137896e	656eb4a4ee4933965ab2b7bfd407f6c587141aff923f59e25df944b246b95a35
build/swiftpm/repositories/swift-syntax-e1f983d3/objects/d2/ce47517b06e30cf1aa15b886439ab5964d944c	3393eac4a34483946b9ff6ad2c8204bfa2db2274fa5cc4dec1f4d30324eaebfb
build/swiftpm/repositories/swift-syntax-e1f983d3/objects/d3/16bc8f79b1bda9bf070156bce13f2aeabac19b	378145f4e8da2d2e9ae5804387b6db225442aea7138420208dc4ac21dc8758c3
build/swiftpm/repositories/swift-syntax-e1f983d3/objects/d3/4b69459ddd1f5b22840b55a48d0ad090cda128	ea884a7c2868868472ec1d3d26b33538b833f0d3e0f544c5dc315ae2c4c858eb
build/swiftpm/repositories/swift-syntax-e1f983d3/objects/d3/6d634dc05731abd4f0dc4091ac8c3b8ad742a3	4060e71fbef64cbba0963b27886704754d62667870bcf47160a9b476839d012e
build/swiftpm/repositories/swift-syntax-e1f983d3/objects/d3/e61c21121f0341bbef0cf0d714a40fc566f2b8	e5524b2d34d6180aeafc12d3128c27bcedf5fc439057482162124ea4fb08d3f0
build/swiftpm/repositories/swift-syntax-e1f983d3/objects/d3/f1b560300437f63bfe3511df65ff56f3b2596c	939a86f93df05098433cdf34c67bf532e5765cbbe372da20ea539975f84e6a73
build/swiftpm/repositories/swift-syntax-e1f983d3/objects/d5/a7b85ef61653c6e916ca2818fd91f59222b17c	671257502a91b0717fd1e01123d927cb616aff11b15697be0eac51c778be8477
build/swiftpm/repositories/swift-syntax-e1f983d3/objects/d5/b0059a15a91d95c0e43086a879953e586822ff	a78d96ffbeea38b51913f30a62e8187cb2a3d248ce9215ba6616cc4226332ae6
build/swiftpm/repositories/swift-syntax-e1f983d3/objects/d5/c142ba6d3a20e12685f12d6e574db0918d1bc6	8e0f3e977fa5bad9b18f701140d84eace75a4d86faf2f58eb813005a1a65351a
build/swiftpm/repositories/swift-syntax-e1f983d3/objects/d6/3fdf48747ca18a840ed1d4d699714914feef02	8eb2ae0c316ac0528bfba7c228e8130f41458b28ba155c49f8c59fbafbcecfb7
build/swiftpm/repositories/swift-syntax-e1f983d3/objects/d6/9958867c142718ec2fd43661de1da5761b76af	e3da2c2cd2e67de7db3fcb7fee6eddd6f10e996a35cb7ae156315b82dba94aea
build/swiftpm/repositories/swift-syntax-e1f983d3/objects/d7/0d1884a31c7174561493dfa1895617e0c13334	3004ce626713702b3a6175508fd28f38ff7e11dbc00e3b282cdfe12d4f435a04
build/swiftpm/repositories/swift-syntax-e1f983d3/objects/d7/255e0dec22ecc4915b2b5c22f7ecac37329e3d	8c0be7185ae55d45f05187627b9e60b4ad682c65c66560ccf19158cd89ddd51e
build/swiftpm/repositories/swift-syntax-e1f983d3/objects/d7/6f5ef6c1334a05f3079bdadd9ffa534628c793	163170692703cd192034056022895ea9efe63db91c6e001434dcc47d1435de89
build/swiftpm/repositories/swift-syntax-e1f983d3/objects/d7/916e20bca7a4feda0f21848401e3c836250209	a4c867debbc49a8e7c3cd23bfcad3a721b2c7530c6769dd9b210ea11b4c2be2c
build/swiftpm/repositories/swift-syntax-e1f983d3/objects/d7/9b67cbdf9ac6e296169d84efefd5c8ccd78913	64e6341e9b4c3dae8d9bdc27cd5574e723957cf9c812ed906271f9ae9281a905
build/swiftpm/repositories/swift-syntax-e1f983d3/objects/d8/1236f0d9aa9c1b34db9e40af2650fbb152eac1	de7e2c34fe9e276488fc8d4afa7cbf22503b23a83bfd344b68470feed3b67b56
build/swiftpm/repositories/swift-syntax-e1f983d3/objects/d8/94c9796396a93a4e3c145fd71beb2b066e5f7b	68d06ae24db02848b8d3ab9fdc295720f69eb1a42c0fe445839c4f47d7024a44
build/swiftpm/repositories/swift-syntax-e1f983d3/objects/d8/e70fbabdc4ec13db3c08864b63bc9b716f9cf4	ae54ada36d41bee03a9f28ac2321191aacefae146447e26ecbeb4ae270f3e180
build/swiftpm/repositories/swift-syntax-e1f983d3/objects/d9/d1817a2afee67573d5455c079b6b624bdb608f	9ccc3939feb7699ab10281b9cef20745c7524ad410902ce9b3ba17f7c933a6b0
build/swiftpm/repositories/swift-syntax-e1f983d3/objects/da/1c1cff199f6525f711a193ce5ebb9cd0dbce28	541110c286dc0b2e31ba013cf8e3d58b20c2be1e893be591051592313d2b8aa3
build/swiftpm/repositories/swift-syntax-e1f983d3/objects/da/5d45f60250a01fc0d8d3c12233582dddee3a54	38c2b9d115ab115aa2ebf194d1990409d9c06713a3b274cdeca67bf959009a38
build/swiftpm/repositories/swift-syntax-e1f983d3/objects/da/66b9b55c96da1152d1e3f05b75deb75906f3ed	730d443545ae866551ade6994c7ac3dd1954b041f85eba264d5a54a197a50bdb
build/swiftpm/repositories/swift-syntax-e1f983d3/objects/da/fbd889f273a27c60fcc6d35d0f989222120664	44dacb8582c59bf535287352f65d90c165979b6cd687b0b0ae62adbb47cc0e78
build/swiftpm/repositories/swift-syntax-e1f983d3/objects/db/1c3562ce4b4a69c9cab1f806bdf086267e166f	434421c0f0b69e7eb6a29a380039b94c52c0a313c4aa54a6170a4ae6b2163d21
build/swiftpm/repositories/swift-syntax-e1f983d3/objects/db/2e7943d0ee61b76692fd4c24d5cc98a49f6e6b	6bd531ae89987a0eedcaaf284459a0ed9a1edd1baa8095d2bb8503ef1b62a915
build/swiftpm/repositories/swift-syntax-e1f983d3/objects/db/7febba3e334efd5fc60e7663285898f15a6194	43d129703d728e28728cade2191203227c53681c5d193660154b838eaad420bd
build/swiftpm/repositories/swift-syntax-e1f983d3/objects/db/7ffa8ec88bb0c8ad7db0ac1dbc164e4bb4dd12	7371896dd3b165d206ab12b7b92ff34098cd60feb0bcfaf97b7df424d770a10c
build/swiftpm/repositories/swift-syntax-e1f983d3/objects/db/a87a89e78d138d7ab4b7aa17897c427537a4d3	c62f2c42bcc0a7e505ac9ec23f619ae1960ae110d0236c6acf883243d3ba0e0f
build/swiftpm/repositories/swift-syntax-e1f983d3/objects/dc/328891ba4b52e27e65de5989eda76a3fdb31b6	e31496638941e47268a74ff2605ca32034005c7645bf574ed382a8dbf5c07f16
build/swiftpm/repositories/swift-syntax-e1f983d3/objects/dc/3c2ad9f9f4ceaf0e9a6b57ff27a53e82e10d89	06edf0c517eb85916bd475fa4ff7ad9d6b4a43a9943bcd942501c6f9bfbada10
build/swiftpm/repositories/swift-syntax-e1f983d3/objects/dc/deb0ed75737fdeebbe5ff2c5c8faba891b964a	4c6a64a6602bbc45047dca0174636571ae9473edf56d34b52d20a798c8243ab6
build/swiftpm/repositories/swift-syntax-e1f983d3/objects/dc/f9702c1074ad50841e217eed78382b8da689ca	55992364f2e0bfac40ee5ddf53a0e1d0ba141b33a406bd82863f86b2685d0f9c
build/swiftpm/repositories/swift-syntax-e1f983d3/objects/dd/f9bbaab798f721bc729180fae94617c8441370	efabd08302a7822fb56e8d8018bf0ba368fd5c817cbf1caddad38a4417787a01
build/swiftpm/repositories/swift-syntax-e1f983d3/objects/de/7aa59b24cefa3581327d96146a9c7ce25c711d	b2abbb95cf14e64871273fb16b1fd7b85244026929c6443f64c9a269487feea3
build/swiftpm/repositories/swift-syntax-e1f983d3/objects/de/7e74ecea6334f3e6f31ba7ddbd77d049e7b5c6	1b2c997f5251af55aba36b30e11651933d80cce74c0f8ebb209bb59e4aaf8865
build/swiftpm/repositories/swift-syntax-e1f983d3/objects/de/8eae15ef590b2cc3869052a3033ffc693fa9eb	e9d5a382b44b2206dcaafe41f694a4f85341eb30c95bfd30c861ca508b93a0e0
build/swiftpm/repositories/swift-syntax-e1f983d3/objects/df/0b7a6a04785d8d1de6524fe553cef1e954b0d4	4629a418f08c6c92fb2de7e1252d5ea0dbfc058318f1bf1fcce4dbb401ba43f2
build/swiftpm/repositories/swift-syntax-e1f983d3/objects/df/54658c2abe2f4e5717609b24ddbb4e55949bc2	3ef0199b3c2534e80d2601fc64ef8434bf3ce3f4ea9fcacc35271446f4fb372e
build/swiftpm/repositories/swift-syntax-e1f983d3/objects/df/95ef819d0e4dc207877f9aabb79f030dff966f	ea2fcddf0feb0b88b012eb8939d6d2fc7ef6fbf15cc085f3a959e42e555e0771
build/swiftpm/repositories/swift-syntax-e1f983d3/objects/df/da36418335faa50bc2ba5f900dc5e6bc467148	63aa633bf37c4f2ef616dea92a73ad1874320121559f741cf6ab7e9bac17bd70
build/swiftpm/repositories/swift-syntax-e1f983d3/objects/e0/1534d51b6a52a07e15217e484125a7f29cfb13	62d65077e948ead28a2e02280eecb2495a9a166cef2eae27fd6c78c5bd8304bf
build/swiftpm/repositories/swift-syntax-e1f983d3/objects/e0/73f207d562f2e212328460749e0a7807994c4d	877b34bf53967311830bb5a1456661f4d78473b00fa5aa4e335c4221256e57da
build/swiftpm/repositories/swift-syntax-e1f983d3/objects/e0/745e0c98a43d51dc088be35dd4455ff8f730b3	9cc309f8a7bea180ad80a3cf33f392eb66bdc97aba9e69f5aa92101d92f098f8
build/swiftpm/repositories/swift-syntax-e1f983d3/objects/e0/ab46ed8cb78a1777081b9dc76512a715a96272	5b4191ef73b4fa53a8867cf47e42ebb8844665c3b70dabbea6f21a120af9c76f
build/swiftpm/repositories/swift-syntax-e1f983d3/objects/e0/baffa2a7e7923208069727e35398c3b5d998b1	39487f1e3d73a93788f9e834d81cbe6d057d198ab31371fff51c82986a3282e5
build/swiftpm/repositories/swift-syntax-e1f983d3/objects/e1/26e6aeb2ddfd346e01e57a14a2ef4122e777b4	bf6a657e3e7bb6cf023200cb5d412bbb82a05e7a4b554dfb3052f5647100f5e8
build/swiftpm/repositories/swift-syntax-e1f983d3/objects/e1/b4f7955810893280b5296b52c26518eef39d44	0458607d534f2609e0ce45a316c8cdc8644bee31a042aa7b0af3c9d1085deee8
build/swiftpm/repositories/swift-syntax-e1f983d3/objects/e2/b24ec9fb42ef1268fbb20b21446347acb3f34f	4278f804c8dd0511f0fb3161be9451dc0bbc19635f820c10c67e1116a6e15106
build/swiftpm/repositories/swift-syntax-e1f983d3/objects/e3/5928e786cb7cac33897b7b9275609d10664faa	c7a638bafeab8ed89da9e0d902d461cb3f99239d508a92ea6bf00a928efc3a16
build/swiftpm/repositories/swift-syntax-e1f983d3/objects/e3/706d5df198b7411663792f95bc940fdcf73918	89ce2f178896dddf8637040db7ca4d1e713e3126f5af0a8e5f0582424a59e7db
build/swiftpm/repositories/swift-syntax-e1f983d3/objects/e4/473b1396589a1116685a8cfcbbe89284d71665	7a4f5b77d7b07331fa50162b3301e59512f0ace92c868562a4814227e4c76d4b
build/swiftpm/repositories/swift-syntax-e1f983d3/objects/e4/70b0830d26982a8a76b884902252f14e234cd1	58bebedfa472df6a03a8c06b29257417aa118fc30a120340913a5b2f0a8464e4
build/swiftpm/repositories/swift-syntax-e1f983d3/objects/e4/9e312d1d6dc590452c0e4e4058ad0cb4944577	87525d2a9010a00917a0e86a215b7ddc4ef1fd6527142e0f3c71a499b9ac975e
build/swiftpm/repositories/swift-syntax-e1f983d3/objects/e4/b9dfcdb7fe33b8fbceddf03ccd8afc9eeeb661	97ddb90b617206b48e836dc28e880222e187f4eed834b9ba49d536af20dd8835
build/swiftpm/repositories/swift-syntax-e1f983d3/objects/e4/c86e4093d6779e0d7b90d78f47df99bb6bd770	25fba73d555ab62601bc310c5cb4c257cf31a305f136aca90226e07fa4afe4e4
build/swiftpm/repositories/swift-syntax-e1f983d3/objects/e4/d2cc623b201e8684243404cc1c8382370a2f05	c205ea1016e4ddc2a03104952cd4a5d8d3395c6cd9398db22ca09fbe820dcdf9
build/swiftpm/repositories/swift-syntax-e1f983d3/objects/e5/9e5a9640af1fba6d0a3ce9e93c406abad3a6f6	0e418081fc6f680c1551ba6ca394c5c191573fb3fc5ec52856c47bf3fa13821d
build/swiftpm/repositories/swift-syntax-e1f983d3/objects/e6/6f9dad1d56fb21464760f5c8215c3c51dfa705	0c01b0ba280151352ca62f80ca0f80ec8b88faa066a7a87fc4c0400055533a13
build/swiftpm/repositories/swift-syntax-e1f983d3/objects/e6/8a8f6495a748b53541e76e7be6ca1c0d22f1df	b7054124265419d95b7d1da7b6b290c2ff8cf5d66549aa6cccbc228e04d1e2f0
build/swiftpm/repositories/swift-syntax-e1f983d3/objects/e6/a5859ab7141cb281b49cf84916e17f1a705ade	ac7614847b214d4f99aadc3c84f877b57f523be0bb671355941b14d88cb942de
build/swiftpm/repositories/swift-syntax-e1f983d3/objects/e7/24a992c392783387eb04b8ae13eceb2c240cbc	5b43c1dfe6e2c15e1dae265b92bd61bdb7582f1a4e2ac276d1c2e8fa6a91a2d7
build/swiftpm/repositories/swift-syntax-e1f983d3/objects/e8/35cdbbe592251617129bf9bb06430b50b83b5d	362d9bd0b8948afc6b174f090a530388b9fb464eab2624f93cc199b87e724c05
build/swiftpm/repositories/swift-syntax-e1f983d3/objects/e8/548a1de3c5455072d5a5333d8199e2695e8f6b	73a613af7a06d117c05ff594b36587688256c74cd6022999273fc56895d5e4a6
build/swiftpm/repositories/swift-syntax-e1f983d3/objects/e9/289aa448b50d48e91832efd6e539f01b9e6f92	dbbbd892ed22d4085761fdcd6b3c9f065264d6aaa71decc123c667ce2f419f24
build/swiftpm/repositories/swift-syntax-e1f983d3/objects/e9/97025926965ac6e4d53ed8ebd940f1faf8c06d	16ae1a64a1a1760d2a28164eb26ff18cacfab24b750380ea8d95d8aba41a97d7
build/swiftpm/repositories/swift-syntax-e1f983d3/objects/ea/3286e001bab4a2ff299e5f7dfd2a330085a4cb	69d0d58a1a40642dc0facca2ed85bd5fb9e183a23de63a5a34fd242d5937731f
build/swiftpm/repositories/swift-syntax-e1f983d3/objects/ea/838a518ad6e10b8f00fbfda57bdb1902df44cc	8d6197dbafb7e1dd8bb78a4cdfd708ac9dc1ca6bb2d104c48ed97494dff6cf37
build/swiftpm/repositories/swift-syntax-e1f983d3/objects/ea/942c0e03c53963158e203f40895107c31def4f	81a646510276c06bccce6288afdba33bd804fdb14487aa5616b4a19df797c158
build/swiftpm/repositories/swift-syntax-e1f983d3/objects/ea/99af1ac21b2888e7500163fdc940f3c661f102	4636b1813e36e06139c0c278c85a294425cff5faf25b6db8dde676e5cac6c0a7
build/swiftpm/repositories/swift-syntax-e1f983d3/objects/ea/a8afd7db5c9938d2fc1ca79703cafdbcf38c1d	bb760db28ac3c21fbd596dd0ce3cc4d7040269ca26fc03e205f6e7730060545d
build/swiftpm/repositories/swift-syntax-e1f983d3/objects/eb/1d7973f01275d5defd3deeb98db2ee45f0d576	6ab047f9d726e6b9a71595bcc9cba5409bbb5052e62d018be213ba9591dadfb6
build/swiftpm/repositories/swift-syntax-e1f983d3/objects/eb/adbffeba1207d08d0d7f63e58a5db6b9dd9298	8a0d286c21d07a6b246ee248ce5d372963dfb8eb5986474573af65b828b08f88
build/swiftpm/repositories/swift-syntax-e1f983d3/objects/ec/15d82c3a99fc666f8917237352c5dfdaeb7178	cf42951264186cf9164a296e8ce7edae79d30f334446e0e8bc3ecb49a2fee3be
build/swiftpm/repositories/swift-syntax-e1f983d3/objects/ec/1e978f6392a998ec7ac6081610486ec32862bd	5c7c3391fa839b0420d5e11a4e2a13993dfeec6248a4236c6716e58b780618ff
build/swiftpm/repositories/swift-syntax-e1f983d3/objects/ec/25a5498808a888b828a62c1bb69238f594fe39	4dfcc9e3646f95e3138d9c58718cc37d9a3f2b9cab61f505f18e530fa4c9719c
build/swiftpm/repositories/swift-syntax-e1f983d3/objects/ec/2c8a19e1b57d8d1c397113a8aa63312010717c	337e6c83a89c310735a915184218b4f64d2da979c31bf1d68ed09a6a6b006bd5
build/swiftpm/repositories/swift-syntax-e1f983d3/objects/ec/7e64146e12e8d45f87abf1318bb1fc1178b773	eaa6caf21e19088f0a3be1f517ad9e3ff34ef84e46c20251b06a9d87b5ec9463
build/swiftpm/repositories/swift-syntax-e1f983d3/objects/ec/ae02e15e22cb200f6f575e1a3235f1aac985e3	581f13f5bd9f4558c4b5df67f755c12f78e48d2a91f9f3c7503c326a0992fb0d
build/swiftpm/repositories/swift-syntax-e1f983d3/objects/ec/eeded10e2c1780e47091c278c1d855a3a47eba	675c5bd16ddac24fa5709fcbb85faf836e311dd292344923d3aeea3d4210d0f0
build/swiftpm/repositories/swift-syntax-e1f983d3/objects/ed/09130aefc85b203b33afa9d4e299ee61f83e62	3a4f7be5e66f0cd36c5d335fd3461db6761e37274d0bade9e47b3fa5e2c0a3dc
build/swiftpm/repositories/swift-syntax-e1f983d3/objects/ed/8a06ea67b9d51a927aa7cd0fe0f5b722098283	04fbb0d17da4eb155a1fb609b33d6e969c4ee349228a6fa8929033417b5bab58
build/swiftpm/repositories/swift-syntax-e1f983d3/objects/ed/9ec55e2a44fddd61c3bcb04e5797c3b7d4e9e8	f348e8ef42bd561910d018c144cb4c455458f190c6cd1540378c4206a49ff25c
build/swiftpm/repositories/swift-syntax-e1f983d3/objects/ed/f54f9edfadd2dbf800f27fbe2846e11f096ea4	1fd229af8aca9cc0a94e4aeb45f04c1c99390cd8ccd209008c9af3ce3c3ccb18
build/swiftpm/repositories/swift-syntax-e1f983d3/objects/ee/71031764731ec1d87c3ec28ffa20a9469d8ca5	727889f22aa95f4d928b9683b840d79f6befb73e98ca7118b6c95a4ced53b921
build/swiftpm/repositories/swift-syntax-e1f983d3/objects/ee/e209bacf519c378906b373bf4cce2f3cbe7ba5	d0771fc03461511497619d84b260f6646026737bd2e5ee889e3935a6241dccdd
build/swiftpm/repositories/swift-syntax-e1f983d3/objects/ef/2772666fdc42a490d445b8bed4050f7c425ffe	1f88113a4881dba18b3fae77d9db0eed28a1d05b7065aae146db55a749ce7d7a
build/swiftpm/repositories/swift-syntax-e1f983d3/objects/ef/36a8c69f782983682df524ddba406c14bfe6a8	cadd17e1a6f42a4082f9f3a3ed8e4d45153c905f41e2f4163ccbde4e22735fd6
build/swiftpm/repositories/swift-syntax-e1f983d3/objects/ef/3d7b4b441ee9c090449469df001efc423e0717	c2eba19f3571330c3dd74bc5919f317221a8dc79b59fabbbd9a4356d6e9ce232
build/swiftpm/repositories/swift-syntax-e1f983d3/objects/ef/5c7705fb3771f06b49d3ccf1cdd3b6288409df	4514b00f0db2e20213aa9b8d3ee6c17e0e49ec8e8a43d1502220c344c07103f9
build/swiftpm/repositories/swift-syntax-e1f983d3/objects/ef/83b1fea1b7c7f486a5211e3ddfcbb34b96db98	45d573d84cc6be75b2736866f473414b81a37cc958f612e111f26116518eac90
build/swiftpm/repositories/swift-syntax-e1f983d3/objects/ef/cd0e509dabd2ced7face3b5775a20bf3ffbaf2	a668bd27828ce7a4bc75dd0e3f40366cbcc14bca7c95b371f9bbb24a1e40af58
build/swiftpm/repositories/swift-syntax-e1f983d3/objects/f0/fb08d13449be246a3148aaabe3479c96e5509d	a9676cbc6a1e760c8727b7825a95c5290952022788e19ad48d5679f8c889ee88
build/swiftpm/repositories/swift-syntax-e1f983d3/objects/f1/0bee28f8614dd3007bb16e54353862776bd6ce	1369c7180a96f615d67bfe1813463a68b9c709db166f35e754cf119e3d51c87d
build/swiftpm/repositories/swift-syntax-e1f983d3/objects/f1/3cc4aeb596e9a38d9304d3a6a0b8ab52545b2d	bcf7fe76faf551343d4020252ef94c8a5333c7593004d607e264eff25375f442
build/swiftpm/repositories/swift-syntax-e1f983d3/objects/f1/73744b4bbbf6be830a303845c3f2fae8ef3450	15a08dde266dcd3472674ba897cb2edbb7fdca4576f3358e76a386d37aee082f
build/swiftpm/repositories/swift-syntax-e1f983d3/objects/f1/847d1692bb21c1f47efcf07385cb57bc8dc8c2	58816e2a268b73a1a5075a7729547e3c53e443a09331203cf88ec0cf1b02ae16
build/swiftpm/repositories/swift-syntax-e1f983d3/objects/f2/2aff0b905930323a2755ba15388731ab0b5f52	45b9e553d1c68cc5852dc7f5fff19a04b9de17b25e7a7a972ee7e3c3bfa0649f
build/swiftpm/repositories/swift-syntax-e1f983d3/objects/f2/7fb1c617208175783d6ba476166719edf519e1	d153b8c35773b22ade89f61d2cadd8228f53b0cf193e9fec99bcf5ebca0bb342
build/swiftpm/repositories/swift-syntax-e1f983d3/objects/f2/e99abbf4aad57befa044924f13cdc4f52a3870	e504a90fabb1fc214f4de972914596c1b1d62ba489b7316110206ea25920a486
build/swiftpm/repositories/swift-syntax-e1f983d3/objects/f3/0c48e555f6e4f53acb04bfccda8a215f6ce69f	7053c2272f5c104ed98954de7a6f10def022ad1d38604a9b3f3f00683134f2e0
build/swiftpm/repositories/swift-syntax-e1f983d3/objects/f3/95fe5a1a9c8f8bacd80d42e7ad00cfcf076aa0	cd64b4e2f13eaf7e2bb62b58339b614ee69ef9c69bc2dcde833c9e64d3b89d67
build/swiftpm/repositories/swift-syntax-e1f983d3/objects/f3/b14122be22e29504dfbf59ef697fcef0e0c24f	4c6a1dff3ddf689c582b79cfc6dae2a3f9d659e3d208a8d036541e1ca4b9e0c9
build/swiftpm/repositories/swift-syntax-e1f983d3/objects/f5/ed3a9c6b6f4588e50a34a5659a6b10367f9df7	ed11657530f7d2a4d77c19067cb57774a46ada9cc58ed1d1e53e39d9444f1a8b
build/swiftpm/repositories/swift-syntax-e1f983d3/objects/f6/1b217238a5885068cc50cd21da38bd23a4106f	7b91b53d0543f2acd7aa4e0489d6acb96f4e6fd16edea03b2c8fcc501ff8f0a1
build/swiftpm/repositories/swift-syntax-e1f983d3/objects/f6/2ff272a0763acde234d2dbf611a4d649887942	01746a4b7adfecbc1c3749ad8c3d52704bb3d32092e65d9a84cd1f2155c38630
build/swiftpm/repositories/swift-syntax-e1f983d3/objects/f6/497753f4a17383ebdb6da228ce6dd2b2d5734d	6c1f994f4998a9d3c35258724e581e885e09be17755255f4e0bc32eb000b360d
build/swiftpm/repositories/swift-syntax-e1f983d3/objects/f6/a13482870c723a4ec763ecc04297e510a5037f	751ab82f60abbee9d126aa14c95100d004d607eecb368fd3bfa164e949c8c97b
build/swiftpm/repositories/swift-syntax-e1f983d3/objects/f6/e9f8bbbd758352898f8713b47838b03f13a2e6	bcd6d33dfd9d52ab7686359e347eabd5f0168bb1c56ec29635a6d1036cfdccaa
build/swiftpm/repositories/swift-syntax-e1f983d3/objects/f6/f3251195ab1a7cf0675a56aeb2bf57fb2bf8eb	8090d740a750a7054ad1e859bbad0a8dda308fee36a058a5083d366d8e4b496d
build/swiftpm/repositories/swift-syntax-e1f983d3/objects/f7/01cbdb922e72ee5e9031fe2ea5dd9b79888409	17289201e952c44ea01c12d7b4ccf6c9ee1930b1fb82313d47d05df05203246c
build/swiftpm/repositories/swift-syntax-e1f983d3/objects/f7/5e089784eea88ed4af6687a3332850b5e47736	025801ac077e04428894fa8386df731c3d655f2c661f93a7412f4ce4355e504b
build/swiftpm/repositories/swift-syntax-e1f983d3/objects/f7/812eadaf407734f0adbd74dc87cbb532141eeb	f28d051f89e100651b05872ae3ff4eeb0714bd30a429bc9872a7890335c5325b
build/swiftpm/repositories/swift-syntax-e1f983d3/objects/f8/4ab64c89e1fb01f6d990f4bf832b9a83a712c4	d5f017806df179219f753d4a51e8e180b2d7e763521f55eac1d040db1230ed46
build/swiftpm/repositories/swift-syntax-e1f983d3/objects/f8/72abaa5b3272286bc9ed7575e136dcb6b06b1b	b06eb9fe934c552937dbd072c8be07c7e859fffa93b40ed623ffbd0cef3311f8
build/swiftpm/repositories/swift-syntax-e1f983d3/objects/f8/7a9a90d017dd62f3fdcd871fc39b7807aeac6b	9636070348a575f6a3bc29f93dcabc293d7e4df6fcc3b90459c7f1471bbb1521
build/swiftpm/repositories/swift-syntax-e1f983d3/objects/f8/7b8a11648f700b62a152fcb7f45303d447e38a	bc371d355cdc0bc5ff43f63e355dd9c599dd58a4997c4cbbf01e322fa3bc8870
build/swiftpm/repositories/swift-syntax-e1f983d3/objects/f8/85bff273915d3eb6042516afd8848560476190	41fc1ae4856ef097ce55538386664eadb3afe408678a64055da95a2ab9cd791e
build/swiftpm/repositories/swift-syntax-e1f983d3/objects/f8/dacb8747a5eee1babd791411e2bbcd3769c84f	83df735a0355f28e86ff98104924c6033816787ac72915b72d114fc7036e601b
build/swiftpm/repositories/swift-syntax-e1f983d3/objects/f9/140ab36b09e054e966aade1fe1c69356a4e84c	1e20a540d808c4d45dadd3dbd1ee46b293bf1a9bbe6013a991ef09036341e2e3
build/swiftpm/repositories/swift-syntax-e1f983d3/objects/f9/2e91924efecca613a3407346828b2f4a1d7b5e	f63eae7b4a925919f7742db020a708f170459981eaf41ac7b521a3b5f5585bcc
build/swiftpm/repositories/swift-syntax-e1f983d3/objects/f9/888d25c5c20896736247aba2b76c5da2188f47	57f310b2628d38654f4c060af021c98197058540b9a79af0e10a9ef9e3b5cd65
build/swiftpm/repositories/swift-syntax-e1f983d3/objects/fa/19c5267acf7fef7d9e9f639824439f82acba22	87f5ce8100d08e7bb311e8b3799c62b4919093282e6a083978217f6a4aeaee26
build/swiftpm/repositories/swift-syntax-e1f983d3/objects/fa/86a4b817a974a69ad432c424a32fbaaa0136d1	891ca2d80ab5efd8b3bad3588a09d9c59855dd81e7ee1149ce04207b9bca51aa
build/swiftpm/repositories/swift-syntax-e1f983d3/objects/fa/871200dd052dc8759cf56b66677e51d7bdd547	f92a0b4479da5d2a9e50cdc847fef078adc653cc380dfa2706d39c32119184ab
build/swiftpm/repositories/swift-syntax-e1f983d3/objects/fa/964d49be03f911ffa11a8499b675173278df59	a5efa6b799cc6e31e11986d64b8e125ab8ca448baddcbb5045abeab69c1be50a
build/swiftpm/repositories/swift-syntax-e1f983d3/objects/fa/f09802a610a0389068b6489deb9eaced93f5a2	8aae48904ecaaf5c0d8d563c61cefe936c4520a4005101a3be3462cca4bcb465
build/swiftpm/repositories/swift-syntax-e1f983d3/objects/fb/9b8302b50e6a6f2646e49934d3b0c37d9f1042	876e54a11d0312a65f03cb8992acac26b66109353c8dc63dd0dfa1f6ed45d4b0
build/swiftpm/repositories/swift-syntax-e1f983d3/objects/fc/a2d858164b33fad796110fc6a9fdd2fbda5c51	1287e0b68449e2c0b98a3f3be39f12a87bd0f7d2cf707c30be4199c34ae4259d
build/swiftpm/repositories/swift-syntax-e1f983d3/objects/fc/c6631b586c5fabf0a606fd96fcaaa523afb348	b65e348267289f14ce71ae35cb845af77e1866cc25c21dee29eec7c8c2eceb82
build/swiftpm/repositories/swift-syntax-e1f983d3/objects/fd/0dfae7e6a4d879256e36d1c9c9f3d4943bb2a1	61dd60b5df079e1adf4a67a767eff179b395694403489384857bee763c0c6eac
build/swiftpm/repositories/swift-syntax-e1f983d3/objects/fd/12cad4b90fe4ca4bb9b9d9f56279b8a781a377	752d02593a55a556e5e7b235da68c38a5af2be70c946e4fb633aa6c8d176e8c6
build/swiftpm/repositories/swift-syntax-e1f983d3/objects/fd/12ea59bde3e4af3ba0742531eec747be1ddfc0	a10d8de658fe9e26ae4598baef28546aae08d88b9cebd64abe0fe145b79c52b8
build/swiftpm/repositories/swift-syntax-e1f983d3/objects/fd/3b0d77b832d6ce20ca63ad773ac5dc3b23c135	3cbda08b31f1591a6e3024f6ab739eeca0a9aa73564a8b797a6a7bddb28042f1
build/swiftpm/repositories/swift-syntax-e1f983d3/objects/fd/962fcda361dffed16a12ae266437f1befadfd3	ae3bf9d80e686c0a2d25e9bd0715aa03ee82f6d4aa2f35cb6c2b1effd2c373d8
build/swiftpm/repositories/swift-syntax-e1f983d3/objects/fd/99fe57296966dc0f91b2728fe31ea66d0fbeef	c3ab7b50751ba6b1417f78a7d959c9c05276d2eb9b94083884bbce001ea4600a
build/swiftpm/repositories/swift-syntax-e1f983d3/objects/fd/b66de3690b8921aa27fbba8bdb3be01c5f282b	933e4c9ed67d50b2dc82d52fa20f8ab1685bd1baecca2e28385724be0ce735ab
build/swiftpm/repositories/swift-syntax-e1f983d3/objects/fe/047c15b3c39db5783feab1030c1cf886411882	41cad013c3838a77b0b38a4c6617e9c3c07d262d24865608c36687ad577efaae
build/swiftpm/repositories/swift-syntax-e1f983d3/objects/fe/21abccb4bc9f411671ddba951ea0a7932d9ed6	2e4f1b29c838d0ed87f7cfbec88c80d647c5d70dec5d2c4178975712d6b7e3f8
build/swiftpm/repositories/swift-syntax-e1f983d3/objects/fe/87aa55bc14dff9a87d491f8ae5dfbd43c93317	e6e7acdedd9a28ed9398d3c8c7e3b71bbbf37d79c00b778569c5fb95663e94ee
build/swiftpm/repositories/swift-syntax-e1f983d3/objects/fe/ad8da75bb91049d755fc51efe151ef45e1bc81	fa1a6b0ee045d48e8b2e1b0ccdf1dbbf6dea33f2cf1020e3f641ed41e8785582
build/swiftpm/repositories/swift-syntax-e1f983d3/objects/ff/0ba3eb01d3350e2c47b9d6ad6f99c2548f6c21	fb8ec644911237237f847347314824b5ed888fbf5547a5a0b3d56f79cc2d4ea2
build/swiftpm/repositories/swift-syntax-e1f983d3/objects/ff/98d64e181815e496d2f5d13fd051b9427d441c	4bc804d150e0e809779c5a700178dd4e497220a605edc46565939b36db1b34e8
build/swiftpm/repositories/swift-syntax-e1f983d3/objects/ff/e14759cd34c9460aca7fedc88d4fd40a617f4c	add51dca24f479ede6df3b22a3eef72a98caa9f262c5d35fb2786a92720feadb
build/swiftpm/repositories/swift-syntax-e1f983d3/objects/pack/pack-188cd2ac0f8184403216b6f2e4abd0f8d54ca33e.idx	ebf63c616aeba94970daab0016cc134170c9e04ee2b8556d8eb5c8544b1962e9
build/swiftpm/repositories/swift-syntax-e1f983d3/objects/pack/pack-188cd2ac0f8184403216b6f2e4abd0f8d54ca33e.pack	87c89196f93c1825d3eb49e1523e3e3dc6d6de02457c9a1764201256e32e091c
build/swiftpm/repositories/swift-syntax-e1f983d3/objects/pack/pack-188cd2ac0f8184403216b6f2e4abd0f8d54ca33e.rev	11a8e0694721486e49da73b3b1fa2fff0ff366b9952a507a4254938fa01a8521
build/swiftpm/repositories/swift-syntax-e1f983d3/objects/pack/pack-234b44387b76eed5e8d686706f66bf9691bb1e9d.idx	4985bc4f385e87498f9324308def4f3b0959fd0803e49a4eb19386c6dcdbfdba
build/swiftpm/repositories/swift-syntax-e1f983d3/objects/pack/pack-234b44387b76eed5e8d686706f66bf9691bb1e9d.pack	13277ba68267819d0f44a7745e852ece9ecadec2d03b8848a95639819475c776
build/swiftpm/repositories/swift-syntax-e1f983d3/objects/pack/pack-234b44387b76eed5e8d686706f66bf9691bb1e9d.rev	fee0ea1c5f89dc5c90a6d8391466544374a9106a4f531acc4f53807b90006a2c
build/swiftpm/repositories/swift-syntax-e1f983d3/objects/pack/pack-61b3cdd4e43714d4f38b4d8912b7c0bed8bcdeba.idx	82217804bd9fda2510780742b52b82fe0b64b71c6e5239e0603884aa8832bafb
build/swiftpm/repositories/swift-syntax-e1f983d3/objects/pack/pack-61b3cdd4e43714d4f38b4d8912b7c0bed8bcdeba.pack	899e9c2d3003a40c9ff3c72ee970e01a40eb0818b9c2c8238425a43d763da9e4
build/swiftpm/repositories/swift-syntax-e1f983d3/objects/pack/pack-61b3cdd4e43714d4f38b4d8912b7c0bed8bcdeba.rev	76ad33a20f336b42cca972104792344ba30b8fbf73e04b7afeb9358a54eb378f
build/swiftpm/repositories/swift-syntax-e1f983d3/objects/pack/pack-7e16bf3e1ddf33a9f8083039bfc7c78bf6dab9e1.idx	bf56baf6690671308f437a73c6d228cce658081b1d8198ff36b9bac8bf79f74e
build/swiftpm/repositories/swift-syntax-e1f983d3/objects/pack/pack-7e16bf3e1ddf33a9f8083039bfc7c78bf6dab9e1.pack	bd6437c2d13ede1b0f122171cc11b2f776f91622dfb2437d31bbeed856c2ad03
build/swiftpm/repositories/swift-syntax-e1f983d3/objects/pack/pack-7e16bf3e1ddf33a9f8083039bfc7c78bf6dab9e1.rev	9c79a32a4ff916190895856be1772a682295468430b08a7fbcee25fd293281f7
build/swiftpm/repositories/swift-syntax-e1f983d3/objects/pack/pack-8abdd1e342bc2f2030e5d79ba7c9e59b099c7744.idx	c7af1ab939c86a7fa25f9fdfac4c3f6f7b110ace81a4dd770e07c7b6d1a321a8
build/swiftpm/repositories/swift-syntax-e1f983d3/objects/pack/pack-8abdd1e342bc2f2030e5d79ba7c9e59b099c7744.pack	e68e834dc35b79a928ba201ff53dca5aa998f01e3c9f6b20db22fb72f3a57ada
build/swiftpm/repositories/swift-syntax-e1f983d3/objects/pack/pack-8abdd1e342bc2f2030e5d79ba7c9e59b099c7744.rev	8b44da01e8296a0e189fa23ba71d6be764735e04ffd61a9ada1870847c245cc4
build/swiftpm/repositories/swift-syntax-e1f983d3/objects/pack/pack-b6170f16ea729fd1242b7f2d712556e89314ffae.idx	5830270e84dcd8d65af19e8de5860158a79ddbed13b2e412be8e68c68b7c1ae0
build/swiftpm/repositories/swift-syntax-e1f983d3/objects/pack/pack-b6170f16ea729fd1242b7f2d712556e89314ffae.pack	8dfffa0929f58eb72f06997fe116821f4c744fee07d71549a1060c401163d330
build/swiftpm/repositories/swift-syntax-e1f983d3/objects/pack/pack-b6170f16ea729fd1242b7f2d712556e89314ffae.rev	c39b5fbfbd05f5a01ff2722a857acc45ca30ac86cf5636cc19d2e7d370f46eac
build/swiftpm/repositories/swift-syntax-e1f983d3/objects/pack/pack-ccdbd7ebee35c2f8e65464f978807944225e98b0.idx	24eab8bc5a686b85b4377fc6038c244fa12db7b3cb9d4a21cd24e0c5582e9be9
build/swiftpm/repositories/swift-syntax-e1f983d3/objects/pack/pack-ccdbd7ebee35c2f8e65464f978807944225e98b0.pack	58847d08ec25d018ef943788eec1dfd970a799f6956b66b988485bb3602c9bfc
build/swiftpm/repositories/swift-syntax-e1f983d3/objects/pack/pack-ccdbd7ebee35c2f8e65464f978807944225e98b0.rev	9870090063b809524645db829ca5474c81e8498bb3f5e9ea8fa5b4eb54231fc0
build/swiftpm/repositories/swift-syntax-e1f983d3/objects/pack/pack-d097746657a18edf263e258ac880c3bb9da68727.idx	85a62fd0e54696b5613b2f347b62165d1591c84750102ce872344ad85908f908
build/swiftpm/repositories/swift-syntax-e1f983d3/objects/pack/pack-d097746657a18edf263e258ac880c3bb9da68727.pack	659c5306ca8baedf5720f32c74267d64fd61bdfad510276be9f69f48be7aba15
build/swiftpm/repositories/swift-syntax-e1f983d3/objects/pack/pack-d097746657a18edf263e258ac880c3bb9da68727.rev	e04f81d3600a11f0237a6a87ff5b62228056f83ab244512f84c84251587771df
build/swiftpm/repositories/swift-syntax-e1f983d3/objects/pack/pack-ec86538fabaa909ab4f42902c59df59f728f52d0.idx	1931e09aca9fdd78d4f46eb4cbc6338de93c4ccacca065e8f184416d11499fe5
build/swiftpm/repositories/swift-syntax-e1f983d3/objects/pack/pack-ec86538fabaa909ab4f42902c59df59f728f52d0.pack	0665618fdac8b0629bb437c65364e3ccebed2b9ac17e703f8e179e3959a75d2c
build/swiftpm/repositories/swift-syntax-e1f983d3/objects/pack/pack-ec86538fabaa909ab4f42902c59df59f728f52d0.rev	45279b0eed86668195eb0ab1de13f7852943fa0bca0c447655bae75c61c53f72
build/swiftpm/repositories/swift-syntax-e1f983d3/objects/pack/pack-f3ecf2554e9d1b74b37a108a9f8baebf3fabc738.idx	2afd20d998e7a7e9fd4d7e52edb3a5b73c7e8b9ae8af16ad1221bd416778fcd1
build/swiftpm/repositories/swift-syntax-e1f983d3/objects/pack/pack-f3ecf2554e9d1b74b37a108a9f8baebf3fabc738.pack	bee66bb02bf055d215a6385628871d76b2b584de05472e1007e4bd6cb2dea77b
build/swiftpm/repositories/swift-syntax-e1f983d3/objects/pack/pack-f3ecf2554e9d1b74b37a108a9f8baebf3fabc738.rev	aa37f2738f5d962d83519ca7880f02c543a55e67f2d88cd67c5e6c6203130c36
build/swiftpm/repositories/swift-syntax-e1f983d3/objects/pack/pack-fb1da2c3fc885001dece241b86d8ad1c846e0413.idx	1236653e2dbffa960a156517cc7ea170f5555b77a58597a5c15a806555eeb6d9
build/swiftpm/repositories/swift-syntax-e1f983d3/objects/pack/pack-fb1da2c3fc885001dece241b86d8ad1c846e0413.pack	0ece291b84b7e4cbf667b95a4a8dc0138151a227a1e3d9fb8e8203c0df0e0873
build/swiftpm/repositories/swift-syntax-e1f983d3/objects/pack/pack-fb1da2c3fc885001dece241b86d8ad1c846e0413.rev	0d2b09ac1db7f85b6640b263576ab1169f85ee16bf16dd95d8388f21be9d0a3a
build/swiftpm/repositories/swift-syntax-e1f983d3/packed-refs	63d0a521d7910aa6904a2cc74a77ea64272c9e2d7701c388d206495435daac47
build/swiftpm/repositories/swift-syntax-e1f983d3/refs/heads/main	1487fd782456924763ff46c46a231a2568fa47ef388e67c487e4377c2896d26f
build/swiftpm/repositories/swift-syntax-e1f983d3/refs/heads/release/6.4.2	e7af342444e6f9861a06f82ed356996a45cde905b59ca73f3f63ae397a8ee46d
build/swiftpm/repositories/swift-syntax-e1f983d3/refs/pull/1086/merge	7bd133617953e934e0027b33a3d2a9067a2beb1d3b43aaa4a50e0375f14347c2
build/swiftpm/repositories/swift-syntax-e1f983d3/refs/pull/2201/merge	bcc2c2f6271f0fd9896061064929251b7b04d5ba8f3b2f103daef74626233272
build/swiftpm/repositories/swift-syntax-e1f983d3/refs/pull/2382/merge	b687c920b6b9ef1df257186593c4ae640ddf5a35c87e4a5aa41099f80cc66621
build/swiftpm/repositories/swift-syntax-e1f983d3/refs/pull/2504/merge	e4cb5017332ae221606df30333be4f5543aae869f528a946d913180cf099cc87
build/swiftpm/repositories/swift-syntax-e1f983d3/refs/pull/2840/merge	8c8e1da128e2cd690e515ad52aea2731f6dc12c892914efa85092e39aa49c7a0
build/swiftpm/repositories/swift-syntax-e1f983d3/refs/pull/2892/merge	21db818eb4a31252ab64be56b7551170e68ec7e10edb1c49102e602e0aae4472
build/swiftpm/repositories/swift-syntax-e1f983d3/refs/pull/3046/merge	4692308ccf6e63f82434c5b9681c2b375ed3cfa1827e53b8eb27eeec2dd9148e
build/swiftpm/repositories/swift-syntax-e1f983d3/refs/pull/3054/merge	458451372a6e8dea4d9733fbec454f0889ac6c8a90a11c300c95fcdb8edaa9a6
build/swiftpm/repositories/swift-syntax-e1f983d3/refs/pull/3061/merge	622c30621941c739bc131c69d603b0f79a48c3d219bc145b48976ba425924628
build/swiftpm/repositories/swift-syntax-e1f983d3/refs/pull/3216/merge	71455adfad284720909f5851da49faeaa47173df0b6a9c3f0252cfb31f84b422
build/swiftpm/repositories/swift-syntax-e1f983d3/refs/pull/3217/merge	45971a8a0f9fecfbe06b591aeb18b862aa7532bb4c1bc45ea8af0ce93d923b39
build/swiftpm/repositories/swift-syntax-e1f983d3/refs/pull/3218/merge	d901f5f0c1cb49a9bafea0376d133ddfc64d698ada43bc6c3e41d1fd410fed65
build/swiftpm/repositories/swift-syntax-e1f983d3/refs/pull/3222/merge	3610e1cad737067de2c55630f8a992db2d1648d8e9ce9a07a76e7a6f4c299dab
build/swiftpm/repositories/swift-syntax-e1f983d3/refs/pull/3224/merge	59c04b86ffef93c62ed50290ea17497165928a00b90053b4d790dc295afb8d7f
build/swiftpm/repositories/swift-syntax-e1f983d3/refs/pull/3225/head	d3ef2e61aeb0898d493096fc964b5e9af105cc70e91b5e4186aad3348e07dd02
build/swiftpm/repositories/swift-syntax-e1f983d3/refs/pull/3246/merge	10d012d7e9ce8e024621f3fc3c73a86d83138570057589da446545e9c8bf33a9
build/swiftpm/repositories/swift-syntax-e1f983d3/refs/pull/3248/merge	68e2fe7d8d70bc2498c1b541da7e7236941169365376dd106d6e9a7454fe7ef8
build/swiftpm/repositories/swift-syntax-e1f983d3/refs/pull/3257/merge	94f09ca18d2bd20c2f867e51382edbc8fea2f8d880f79e4534522ecbef2e5522
build/swiftpm/repositories/swift-syntax-e1f983d3/refs/pull/3258/merge	d4a351f8405c01a42d2e4b317a64c5c3c7466b5e479c299344584acc708344a1
build/swiftpm/repositories/swift-syntax-e1f983d3/refs/pull/3276/merge	dc4a55f457e67b5409f6edb8160de777798bbb74a6976a55dd6ef6aa0f32b559
build/swiftpm/repositories/swift-syntax-e1f983d3/refs/pull/3280/merge	73fa88088d3717a8293f007ef2c245befbcbeb723f04bf66ac53703ba2af1854
build/swiftpm/repositories/swift-syntax-e1f983d3/refs/pull/3292/merge	ca2936d2f0ee5e574c221858091bb4d969dd6010b3775a2849358431974ccb5b
build/swiftpm/repositories/swift-syntax-e1f983d3/refs/pull/3318/merge	bf88ff80b2afb62043f6889dcd7eac134514928f357f9c4fd13c9a980428d756
build/swiftpm/repositories/swift-syntax-e1f983d3/refs/pull/3324/merge	d9714786219c806eeeb0996d744865b358af6b9bc8ba8f252feb2f529646438f
build/swiftpm/repositories/swift-syntax-e1f983d3/refs/pull/3331/merge	f6ff4a68c6d67cb0e505d57fdc0e1e383850840f506518fb4d7b5428759f9e04
build/swiftpm/repositories/swift-syntax-e1f983d3/refs/pull/3334/merge	ac9e00548aa33e095851ea320994850e058f0635b281f311088e783f6fa4f01f
build/swiftpm/repositories/swift-syntax-e1f983d3/refs/pull/3335/merge	64b69f431bc7c9c7dc9c9ba54408baaaa7462d4c4eb0ac806c0e3b7056b90a2f
build/swiftpm/repositories/swift-syntax-e1f983d3/refs/pull/3336/merge	cf2d9158fca5cc575d6d41baa57198857a41721d34fb07a6ceaf440c613141d0
build/swiftpm/repositories/swift-syntax-e1f983d3/refs/pull/3338/merge	f6094f133d48522363b1a07bfeb6f560df9640288f32273810dca6392a8292e2
build/swiftpm/repositories/swift-syntax-e1f983d3/refs/pull/3344/merge	2336594b23b438531bdaeb92ca9a4cd9908fedfec29f6b8f2e11bfe17a7237ef
build/swiftpm/repositories/swift-syntax-e1f983d3/refs/pull/3348/merge	a3702203bb4a3cf41474f62db434c6a97585b051582c84c70feb72aab16b1a91
build/swiftpm/repositories/swift-syntax-e1f983d3/refs/pull/3361/merge	10c50993d1a6f7537393ad19c16f3e6ce3fa0e9047645d7ffbca6712b39d2f86
build/swiftpm/repositories/swift-syntax-e1f983d3/refs/pull/3364/merge	62cdf4efd5eff62c95c2f4d12ea7af80dd8b5bfa3b6df4690724e960fc3888b4
build/swiftpm/repositories/swift-syntax-e1f983d3/refs/pull/3366/merge	5ce7aaf55a3fd5a429f572ef3b3d38d0535c56073564fcd6bb73c07c150cc1f2
build/swiftpm/repositories/swift-syntax-e1f983d3/refs/pull/3374/merge	ee920564ca78d0cbd6338b55b5fd52df146af8f2f53df37e755c1fb48be68e59
build/swiftpm/repositories/swift-syntax-e1f983d3/refs/pull/3375/merge	04cf3127e4c80f5089ed5fd16becd27277ea9f7be983138b529b5cd3e512ac63
build/swiftpm/repositories/swift-syntax-e1f983d3/refs/pull/3376/merge	4e44943f6275353a07a650997c5abba54eb2a6d0e2ea872bf2b6cfa60c5b129c
build/swiftpm/repositories/swift-syntax-e1f983d3/refs/pull/3380/merge	c1381ffca909685abf501fcfc4abff21b3af63508d93592bb114b9195dedbb08
build/swiftpm/repositories/swift-syntax-e1f983d3/refs/pull/3386/merge	651abd10295d774d57b69347ebdd5a2d32c6410317c6354e9001236d0a63b97c
build/swiftpm/repositories/swift-syntax-e1f983d3/refs/pull/3395/merge	bd4d178293bd1ab6996bd3aece66cc4b17f2dc402e85ed31ca46c3a5fb03d505
build/swiftpm/repositories/swift-syntax-e1f983d3/refs/pull/3396/merge	97f62c54c915128594f590e9a968fe7126cf9450d344006b9fde6327107fb5ff
build/swiftpm/repositories/swift-syntax-e1f983d3/refs/pull/3398/merge	054cb1afddd077388e28268c14590cd3ac9eedc5ed04b713346c1b0ea5f3cc91
build/swiftpm/repositories/swift-syntax-e1f983d3/refs/pull/3410/merge	cec94e0a8ac95ac8ccf8f03e8d920998d5c2e2219a6e7c45dbb1bc4841308769
build/swiftpm/repositories/swift-syntax-e1f983d3/refs/pull/3411/head	e16460b2a39ac74c9a5567f9ff09e638e068f403f8afdf0521dc86277e955dd1
build/swiftpm/repositories/swift-syntax-e1f983d3/refs/pull/3420/head	2a26dd8fb26736d5370eb79d428c8227d1fe182f264a4a335378b0992032cb0f
build/swiftpm/repositories/swift-syntax-e1f983d3/refs/pull/3421/head	6d31179e5552f84a2c54a3674c1ec3b3847ac8439f71760af223d16941cdeccc
build/swiftpm/repositories/swift-syntax-e1f983d3/refs/pull/3423/head	d2d5542cec075f958f07ca93fee36f365b058276790ebcf6f687d84f93a655ee
build/swiftpm/repositories/swift-syntax-e1f983d3/refs/pull/3423/merge	2aa228b19796a60e28d9282d81a6d280ad60ec190f09bc48952e0d8f0585d78d
build/swiftpm/repositories/swift-syntax-e1f983d3/refs/pull/3424/merge	3a0b7ef863e209c0a102ae4cd6241ee433f3afc2073dd83f3b151946d3d3f2d6
build/swiftpm/repositories/swift-syntax-e1f983d3/refs/pull/3426/head	3e8eb76ffeba6411a467a36ee899cff822cf720b3f45f80ed226e7b0885d1335
build/swiftpm/repositories/swift-syntax-e1f983d3/refs/pull/3428/merge	740d415d2252d13adf3205f18d8a76742017ba2e9b04e4c83e03ddd3b7bbfe43
build/swiftpm/repositories/swift-syntax-e1f983d3/refs/pull/3429/merge	f8ea4d982f07a2319f0c80c39b2e1c3652ca6abec75b20fc4a0453d79097e292
build/swiftpm/repositories/swift-syntax-e1f983d3/refs/pull/3430/head	e06da1c31d19642a4d68dcfa5b2b47c51c198579c716fa621e70c9d42c30c9b9
build/swiftpm/repositories/swift-syntax-e1f983d3/refs/pull/3430/merge	3381af4121b257a9cdcd2b5758df5e228b20d1f39bdcb6b5a4d8423dcfd44730
build/swiftpm/repositories/swift-syntax-e1f983d3/refs/pull/3431/head	e3fd06628dd96bbfc3b1fdfbc9c248b70323be56f82cd6f58b2f1b937f6bed7e
build/swiftpm/repositories/swift-syntax-e1f983d3/refs/pull/3431/merge	62de5a963cbd4bd370d5c9daba533a356b563c2a5e6c0b226c8025df97fd2299
build/swiftpm/repositories/swift-syntax-e1f983d3/refs/pull/3432/head	2f4b1522c1a3b97356b0a6754e748207f91f61aed6e44a8b4197bfa1aa0a6573
build/swiftpm/repositories/swift-syntax-e1f983d3/refs/pull/3433/head	b649c09c97dbfb289d24c1755838d01b10adccde728c1e5713cfd5b1dd757a6a
build/swiftpm/repositories/swift-syntax-e1f983d3/refs/pull/3434/head	95e2cbc9bffb43d8384509f7ef809d511dd45e831ed2988594b4fac595061318
build/swiftpm/repositories/swift-syntax-e1f983d3/refs/pull/3435/head	cc3ea55f51f822540796aacd6aaa69c8e84e8b73bee9faf87a15ea67165efe37
build/swiftpm/repositories/swift-syntax-e1f983d3/refs/pull/3436/head	94037de4fd4b6d928b84b2101c7630d97a50a69e846453cc31ba28659482d738
build/swiftpm/repositories/swift-syntax-e1f983d3/refs/pull/3436/merge	971ae9becc65e85852eb14e106df2349f8329f32a411a8b93ff5da629dc08ee9
build/swiftpm/repositories/swift-syntax-e1f983d3/refs/pull/3437/head	68486f577c34d29ae5b787cf0310115cecc2b961a9825ed527ec8b5e2b1033df
build/swiftpm/repositories/swift-syntax-e1f983d3/refs/pull/3439/head	b00781ac019aab17240e8e629acd086f7354e6ca814dda6d568a6d944dc0d04b
build/swiftpm/repositories/swift-syntax-e1f983d3/refs/pull/3441/head	6d1beb32240ec121ce14af2ff75ef203e7e2f891097c6dd06b2fe534b972f971
build/swiftpm/repositories/swift-syntax-e1f983d3/refs/pull/3442/head	37ae630a978c0df78e6a89077de42d737963edf013f19ad5dbbee8028b3fe9d5
build/swiftpm/repositories/swift-syntax-e1f983d3/refs/pull/3443/head	2d002eed60c12b8d10b6b076b75f3e07836bff5d022361e665c0d4eea4fd10b8
build/swiftpm/repositories/swift-syntax-e1f983d3/refs/pull/3443/merge	854994d77efe705cc8b83ee9a75c0426891439b496a284f9fa138fa00268ee85
build/swiftpm/repositories/swift-syntax-e1f983d3/refs/pull/3445/head	68e62735f503f2ef70d3a6d038e3f62ab53de1e12c3b084c399891891d6131b2
build/swiftpm/repositories/swift-syntax-e1f983d3/refs/pull/3446/head	092790519d9fd06e29be61e568c983226557dedaf29a542eb3ec2e2ec98688c0
build/swiftpm/repositories/swift-syntax-e1f983d3/refs/pull/3447/head	456f6744fb32b5bcac84d68c1d10b3d8abd8f0772ca4db8f544b77e19dd3dc75
build/swiftpm/repositories/swift-syntax-e1f983d3/refs/pull/3447/merge	891edd375bb767c6a5f7455b4658a2a59948e115236a67b6b5392d559ffa5b93
build/swiftpm/repositories/swift-syntax-e1f983d3/refs/pull/3448/head	d6987b97a309a28303fb7b7688c382dd473d0487d7948a2c1bae42f38ab36eba
build/swiftpm/repositories/swift-syntax-e1f983d3/refs/pull/3449/head	b14eb3776d8c24ea5cf2d7046d52ba5635fe76e2f4673f36d9df9855a8b36e18
build/swiftpm/repositories/swift-syntax-e1f983d3/refs/pull/3450/head	57052dfc69001d235077f0e1a83b4bbbeff33620a1196bf440e58ac3e6f26624
build/swiftpm/repositories/swift-syntax-e1f983d3/refs/pull/3450/merge	7b3c8ad7ec1d47df6daf207a0c36c03ed15c5c75c7a238c8bbdc95e8116cb069
build/swiftpm/repositories/swift-syntax-e1f983d3/refs/pull/3451/head	2c123906f4be99acc887294ed5ba309f7c6b61d878b3633061e11f6361bfa500
build/swiftpm/repositories/swift-syntax-e1f983d3/refs/pull/3452/head	c609db66236371de40f41bff518d2cdf3b59077990c235784a08b8509476f314
build/swiftpm/repositories/swift-syntax-e1f983d3/refs/pull/3452/merge	dd27619a7152241091b23dbb7b7901e7edca9a73973812c515ef1bbe2b9ee6a9
build/swiftpm/repositories/swift-syntax-e1f983d3/refs/pull/3453/head	9a7d3efa4b1b58b98d66221730d1706bab6e36f9ae9028c2a286ea00eb1434b2
build/swiftpm/repositories/swift-syntax-e1f983d3/refs/pull/3454/head	2bb87b21f09a215a02f735ff6f1b3d154dfa50658bbdbfd183c4abcc4eeab4f0
build/swiftpm/repositories/swift-syntax-e1f983d3/refs/pull/3455/head	93bdcd4ba13c42713651bda3a3f7164f997f61db28a33a46833df72225b052b4
build/swiftpm/repositories/swift-syntax-e1f983d3/refs/pull/3456/head	f51bd7f7461acfb8defde038a635366362d2490178db66dc7c6d661db4d1fa6d
build/swiftpm/repositories/swift-syntax-e1f983d3/refs/pull/3457/head	881cffdf8adb3cb962ec23721b2c9328c63f64ea78aa8847801ba28a66d272c3
build/swiftpm/repositories/swift-syntax-e1f983d3/refs/pull/3457/merge	35d08752aa5b0722e93805672c5d1fc3afeb0194e03cbe6544a355134f2d6c8a
build/swiftpm/repositories/swift-syntax-e1f983d3/refs/pull/3458/head	58b31c78c8ea84a943066da3975488411b56ce567bdb1b7e7fcb3c8008d1106c
build/swiftpm/repositories/swift-syntax-e1f983d3/refs/pull/3458/merge	0df0b45c3bc6ec26ed57b24bf633209781528b9b3710eca31a9263c1a82fd35a
build/swiftpm/repositories/swift-syntax-e1f983d3/refs/pull/3459/head	d0f68c3edd52da51a0fa9df0812d26b126ed44ef0a51aa4a550901241aedc3fc
build/swiftpm/repositories/swift-syntax-e1f983d3/refs/pull/3459/merge	db31acf4bd931c37e0bb9359092f498e55f0d52c540209146f22df65eafd14d2
build/swiftpm/repositories/swift-syntax-e1f983d3/refs/pull/3460/head	f6693dbf53108289d1bbc4b320f4a19529102d151b5d95cbf90775a1f0cd8554
build/swiftpm/repositories/swift-syntax-e1f983d3/refs/pull/3460/merge	5c8998102bc71c5cab8da8faa84ad647a1c039ba2e3d79819f77f91eb79d3f11
build/swiftpm/repositories/swift-syntax-e1f983d3/refs/tags/604.0.0	e7af342444e6f9861a06f82ed356996a45cde905b59ca73f3f63ae397a8ee46d
build/swiftpm/repositories/swift-syntax-e1f983d3/refs/tags/604.0.0-prerelease-2026-09-15	e7af342444e6f9861a06f82ed356996a45cde905b59ca73f3f63ae397a8ee46d
build/swiftpm/repositories/swift-syntax-e1f983d3/refs/tags/605.0.0-prerelease-2026-09-15	5eb100f996fd71838a7ef89677f9356c7652a8eabec89c809ebd6eaaec6717b4
build/swiftpm/repositories/swift-syntax-e1f983d3/refs/tags/swift-6.4.0-RELEASE	e7af342444e6f9861a06f82ed356996a45cde905b59ca73f3f63ae397a8ee46d
build/swiftpm/repositories/swift-syntax-e1f983d3/refs/tags/swift-6.4.x-DEVELOPMENT-SNAPSHOT-2026-09-04-a	1da7f7c377b6f24e290b51697ba402aab37d649c3dd97722ec6cfccb876f612c
build/swiftpm/repositories/swift-syntax-e1f983d3/refs/tags/swift-6.4.x-DEVELOPMENT-SNAPSHOT-2026-09-10-a	4c6a293c179cfdc872492a39ff9782343fb2be47d28f6d5cd904ed653f7c7465
build/swiftpm/repositories/swift-syntax-e1f983d3/refs/tags/swift-6.4.x-DEVELOPMENT-SNAPSHOT-2026-09-14-a	e38b04eabdfcc0a6cbeb39322ff60ab6f4a058a3c52603bf45e2b54c0f5b13cd
build/swiftpm/repositories/swift-syntax-e1f983d3/refs/tags/swift-6.4.x-DEVELOPMENT-SNAPSHOT-2026-09-15-a	26adc48f9a8cae2a552baf44ef6ca60cf75673d729d14f3b211f647efc008045
build/swiftpm/repositories/swift-syntax-e1f983d3/refs/tags/swift-6.4.x-DEVELOPMENT-SNAPSHOT-2026-09-17-a	a093ad3e1e70eb47de7b73897afc509107bce4c8741c672b1375055fa520b178
build/swiftpm/repositories/swift-syntax-e1f983d3/refs/tags/swift-6.4.x-DEVELOPMENT-SNAPSHOT-2026-09-23-a	1675ab463218e9c5d107edce73a813bddffceb6d19b3ca70862ce43f9d258290
build/swiftpm/repositories/swift-syntax-e1f983d3/refs/tags/swift-6.4.x-DEVELOPMENT-SNAPSHOT-2026-09-24-a	cc09acca84ea536a8f0fca9066e9c1460c5438acdc6b32f91e569b62713f18c8
build/swiftpm/repositories/swift-syntax-e1f983d3/refs/tags/swift-6.4.x-DEVELOPMENT-SNAPSHOT-2026-09-26-a	b0ab9f645a76ba41c1fb926e01863a209a86b4ba8bee20a6f6994d52abb90639
build/swiftpm/repositories/swift-syntax-e1f983d3/refs/tags/swift-DEVELOPMENT-SNAPSHOT-2026-09-05-a	f2ccf49c3fa986779dc0fada2ab06e1f3b1899cfcfa6991e08b795959b72b764
build/swiftpm/repositories/swift-syntax-e1f983d3/refs/tags/swift-DEVELOPMENT-SNAPSHOT-2026-09-10-a	3b6881cf2b8c92b0872aa207aeeebc5a0d026ce0f74d7103621498bee7fa17a0
build/swiftpm/repositories/swift-syntax-e1f983d3/refs/tags/swift-DEVELOPMENT-SNAPSHOT-2026-09-21-a	6d2eaca3f6786940c9f642c221219e3596952ae66d190c98330aff064b1e7948
build/swiftpm/repositories/swift-syntax-e1f983d3/refs/tags/swift-DEVELOPMENT-SNAPSHOT-2026-10-01-a	e2c9b9832a329eb087b35ba5238da8e06d63e368ca1cfd9312c63119db16dc9d
build/swiftpm/workspace-state.json	fd1689c9dcf372bccc22979ef02399ad614c7d70390fc383cde06c9a40571d5d
commands.txt	6cc56bb038e4e02b5c86eb64d8121828b6d98c0083725774ed6d8d4c588e714f
dependency-regressions.log	658c8ff9587807bffd2e8a8e0fcee10d1863750eba39d7092450022270eb89b1
image-hashes.tsv	38cdd103ed096f4802b9d0fba724fbf7d8f02cfdade392d896e92e1647ec5eb5
input-hashes.tsv	72e10f20d749d836665befda9e901898a8b357e9efec6b2f0f9424a1883ea73f
layout-regression.log	22b153b064522ff2e58c95d45dc31010cb7dd640704d78ed7539ebd90e3b9959
metadata.txt	775fcd5571c7c23c9301a4349aec96ea6b88af462244062b93249e4495edf488
package.json	3ac149e5098470c92476f8a3a833cf6b87b6f7e861d4652a63aa13e8d9d1a52b
portable-source-regression.log	1ac7876535f9e01460a0569abf05fcec7c49173f44a6ddeeedfa355224e52a9e
resources/candidate/arm-attributes.txt	54cb53e4a514a00cf13a842a1640d30d585ab64b94b9bde09012914e63ba1a82
run.log	dfa136b9e8aecaf9f5f5ed1ac7f5ff818471a21aae009fe383d3ffb1f9c9b942
semantics/capability-layout.ll	63616b14afc04526454cf04fb81f3d242ab1966062d43aa5d8756a041e7b6790
semantics/capability-layout.tsv	aa995be91997e5c4749c7ec111162f8fcd56a8916434f512776da754044a4252
value-boundary-regression.log	c3f14e38da4758ccd217480bd3d018fd828ff70c526428c793fa70d0dbbbb519
