path	module	lines	generated	opening_if	imports	sha256
Sources/GiftUI/ActionHandler.swift	GiftUI	6	0	0	-	d36a53f45d18892c235c02355cbed0e6bf92a20b7c64bc7e84ac39a03fa34d01
Sources/GiftUI/BoundedText.swift	GiftUI	205	0	0	-	ff468d5e3f17bd2fa05a027a3d487a1db81b4639b60981fd91db3d91f93f68ce
Sources/GiftUI/Button.swift	GiftUI	50	0	0	-	6db4adcd0d267e93fd0a37be769ff997f62ae584efa81ec5b30a72c6da734dbf
Sources/GiftUI/Canvas.swift	GiftUI	47	0	3	-	8b8bded5fb7106d1e9a53bb1076a87d51a3ade22a7cd22a0bb0b40b2591024e3
Sources/GiftUI/Color.swift	GiftUI	18	0	0	-	60009e3d58dcdfe65ba39bf6d036047207707837d73db308a5a25e81fc2ee835
Sources/GiftUI/DeclarativeView.swift	GiftUI	366	0	0	-	4f59508ba6aa85d47e61aa51c1dd8fa6de9a8f27b4ad5418f125641cdb40a415
Sources/GiftUI/Disabled.swift	GiftUI	35	0	0	-	ec3d7d84fab9313af279a037dc1ae59ed07dda7a075b9cb496fcdec41cc20332
Sources/GiftUI/DrawingStyles.swift	GiftUI	33	0	0	-	eb28147b2dd565006f9d6b97c7b98e5bcfc52f42e19ebfae1dad1f79b08d130a
Sources/GiftUI/DrawingSurface.swift	GiftUI	248	0	0	-	2c9f6682548be40b014f985b3ca3b2d82e0c5783c4ec6cd114080d14a4d8609b
Sources/GiftUI/GiftUI.swift	GiftUI	164	0	0	-	d8953ebaa6cdd525bc702e3d8de79eafb9f621e6f7c30c9d756805b251a2fe6c
Sources/GiftUI/LayoutContainers.swift	GiftUI	140	0	0	-	512c94c88cb0e3901c05fdcc4440207aebe6aeaa4f6287f070e07cfce64c1e1c
Sources/GiftUI/LayoutModifiers.swift	GiftUI	135	0	0	-	6c6ae925365aa3ef089b6063754428db22e9d3cf90a87a3e0e1814e3e8087848
Sources/GiftUI/LayoutValues.swift	GiftUI	69	0	0	-	70c7b34276f6f2d41382d14ee844fcf65d92c075f7caa0a12e79d17181c817f5
Sources/GiftUI/ObservableState.swift	GiftUI	124	0	0	-	38cf485a5d5a35dd7234d983a39b66c189039e7a0c77548d226954b68178379d
Sources/GiftUI/StyleModifiers.swift	GiftUI	54	0	0	-	b208b8b4d4b32909567401b6943b94308315e9634509d8da3da8742cf29585c9
Sources/GiftUI/Text.swift	GiftUI	40	0	0	-	ad9a46bfddca57460338dc7b966f141763fe00343dc46f94aaac6f239b1fefe7
Sources/GiftUIBackendIntegration/FullSurfacePayloadEmitter.swift	GiftUIBackendIntegration	166	0	0	GiftUI,GiftUICapabilities,GiftUIDisplayCore,GiftUIRasterCore,GiftUIRenderCore,GiftUISurfaceCore	25ceb74e6fdea87403ae112685960394adcd56012ad7366ec870b0b6217436af
Sources/GiftUIBackendIntegration/OneShotRasterBackendEndpoint.swift	GiftUIBackendIntegration	223	0	0	GiftUICapabilities,GiftUIDisplayCore,GiftUIExecution,GiftUIFailureCore,GiftUIRasterCore,GiftUIRenderCore,GiftUISurfaceCore,GiftUITextResources	fa9c4b3aa3c522a8bd39efa4560abb692f61a1ab578089ed5ea4af182e5dd778
Sources/GiftUIBackendIntegration/OperationMajorRGB565RasterSession.swift	GiftUIBackendIntegration	467	0	0	GiftUI,GiftUICapabilities,GiftUIDisplayCore,GiftUIExecution,GiftUIFailureCore,GiftUIRasterCore,GiftUIRenderCore,GiftUISurfaceCore,GiftUITextResources	8b930d7dd1a226a8d4bdf5c827c1fd4471f0084f634ebe1144696fae2f50b4b5
Sources/GiftUIBackendIntegration/OperationMajorTileTraversal.swift	GiftUIBackendIntegration	86	0	0	GiftUI,GiftUIRasterCore,GiftUISurfaceCore	a61e6fbe4e1cd2ea1f1325e11ea2e37332fa1c9c2e09a4a0d7dabdd5a7a2d765
Sources/GiftUIBackendIntegration/RGB565TilePayloadEmitter.swift	GiftUIBackendIntegration	400	0	0	GiftUI,GiftUICapabilities,GiftUIDisplayCore,GiftUIRasterCore,GiftUISurfaceCore	0d0b245435a848f98bbc1996a0768298b1be2a03563d06d8bbd04d8077cf7c34
Sources/GiftUIBackendIntegration/RasterBackendEndpoint.swift	GiftUIBackendIntegration	22	0	0	GiftUICapabilities,GiftUIDisplayCore,GiftUIExecution,GiftUIFailureCore,GiftUIRasterCore,GiftUIRenderCore,GiftUISurfaceCore,GiftUITextResources	f38c93f26953da1f265aa20b1678d8d1a515fe533707d3646e89556908f62754
Sources/GiftUIBackendIntegration/RasterBackendOwnerFailureAdapter.swift	GiftUIBackendIntegration	115	0	0	GiftUIDisplayCore,GiftUIFailureCore,GiftUIRasterCore	71185f98e32afd8353c6787c209ff671ef277e013df2ad11465ddf991b59d1e4
Sources/GiftUIBackendIntegration/RasterBackendStartupValidator.swift	GiftUIBackendIntegration	103	0	0	GiftUICapabilities,GiftUIRasterCore,GiftUISurfaceCore,GiftUITextResources	37bcf7159a5263b154e76ee84bd6d5592ca5903917b27614f30eeedc99c667e2
Sources/GiftUIBackendIntegration/RasterFrameWorkAdmission.swift	GiftUIBackendIntegration	46	0	0	GiftUIExecution,GiftUIRasterCore,GiftUIRenderCore,GiftUISurfaceCore	0dd3524e69afc0f87cc9b563f395d8fc46dd09d5a40a41072670bec032fb029e
Sources/GiftUIBackendIntegration/RasterTextResourceValidation.swift	GiftUIBackendIntegration	104	0	0	GiftUIRasterCore,GiftUITextResources	8b5b0a273bca73176816366ffdc6d917ef71fe3bebc797113722988b4604579b
Tests/GiftUIBackendIntegrationTests/EndpointContractTests.swift	GiftUIBackendIntegrationTests	178	0	0	GiftUI,GiftUIBackendIntegration,GiftUICapabilities,GiftUIExecution,GiftUIFailureCore,GiftUIRasterCore,GiftUIRenderCore,GiftUISurfaceCore,GiftUITextResources,Testing	9b4d9c831b33224afb7791c65ac285701010ecc0f1ce3dbb195b127791e743b3
Tests/GiftUIBackendIntegrationTests/FullSurfacePayloadEmitterTests.swift	GiftUIBackendIntegrationTests	337	0	0	GiftUI,GiftUIBackendIntegration,GiftUICapabilities,GiftUIDisplayCore,GiftUIFailureCore,GiftUIRasterCore,GiftUIRenderCore,GiftUISurfaceCore,Testing	9125fa856038907e96e7104f2eb96a1203fe70ad0963f8f1faf621408cabbfd7
Tests/GiftUIBackendIntegrationTests/OneShotRasterBackendEndpointTests.swift	GiftUIBackendIntegrationTests	640	0	0	GiftUI,GiftUIBackendIntegration,GiftUICapabilities,GiftUIDisplayCore,GiftUIExecution,GiftUIFailureCore,GiftUIRasterCore,GiftUIRenderCore,GiftUISurfaceCore,GiftUITextResources,Testing	e819dee7379055d4b868516c0d6cf4b44e5ee94561dcb12755a01458a9999d1f
Tests/GiftUIBackendIntegrationTests/OperationMajorRGB565RasterSessionTests.swift	GiftUIBackendIntegrationTests	385	0	0	GiftUI,GiftUIBackendIntegration,GiftUICapabilities,GiftUIDisplayCore,GiftUIExecution,GiftUIFailureCore,GiftUIRasterCore,GiftUIRenderCore,GiftUISurfaceCore,GiftUITextResources,Testing	48dfc39ecf3ae562ac0341d8e6c4956e79e38793810ca8ef8cea283f64feb8c9
Tests/GiftUIBackendIntegrationTests/OperationMajorTileTraversalTests.swift	GiftUIBackendIntegrationTests	270	0	0	GiftUI,GiftUIBackendIntegration,GiftUICapabilities,GiftUIRasterCore,GiftUISurfaceCore,Testing	2b29d7d6ffd6b241c92b47a79d27fb281010ba612dc56204fae85eac68e80cb6
Tests/GiftUIBackendIntegrationTests/RGB565TilePayloadEmitterTests.swift	GiftUIBackendIntegrationTests	1388	0	0	Foundation,GiftUI,GiftUIBackendIntegration,GiftUICapabilities,GiftUIDisplayCore,GiftUIFailureCore,GiftUIRasterCore,GiftUIRenderCore,GiftUISurfaceCore,GiftUITextResources,Testing	54df331285483c50762f257224d1010fa98bce4018b992b8ed3562e92bcc0e57
Tests/GiftUIBackendIntegrationTests/RasterBackendOwnerFailureAdapterTests.swift	GiftUIBackendIntegrationTests	147	0	0	GiftUIBackendIntegration,GiftUIDisplayCore,GiftUIFailureCore,GiftUIRasterCore,Testing	510301566ee30765d0ebee71823721da88dd45dac753d3bc3e1f1ac975d727a9
Tests/GiftUIBackendIntegrationTests/RasterBackendStartupValidatorTests.swift	GiftUIBackendIntegrationTests	277	0	0	GiftUI,GiftUIBackendIntegration,GiftUICapabilities,GiftUIRasterCore,GiftUISurfaceCore,GiftUITextResources,Testing	5043024be8986f666dda02a64e0587d213503e9be843b36e76b621daf5571991
Tests/GiftUIBackendIntegrationTests/RasterFrameWorkAdmissionTests.swift	GiftUIBackendIntegrationTests	123	0	0	GiftUI,GiftUIBackendIntegration,GiftUICapabilities,GiftUIRasterCore,GiftUIRenderCore,GiftUISurfaceCore,Testing	63e8bb640c864d944c89327905414742750521a36e7081fcc579e84b87c61e75
Tests/GiftUIBackendIntegrationTests/RasterTextResourceValidationTests.swift	GiftUIBackendIntegrationTests	328	0	0	GiftUI,GiftUIBackendIntegration,GiftUIRasterCore,GiftUITextResources,Testing	86277cc43aa169093c74c3fc40340841912fc67adf46e98cd6a93efa478e3fc6
Sources/GiftUICapabilities/GiftUICapabilities.swift	GiftUICapabilities	1267	0	5	-	79a2f7a749cbe3e8033d1d118f9c94fadb67b985d36dbc185996fc255e8ba884
Tests/GiftUICapabilitiesTests/GiftUICapabilitiesTests.swift	GiftUICapabilitiesTests	1662	0	0	GiftUICapabilities,XCTest	d29f8c88431e663d35e5021979e503140224514c8dd1e682f615179fcb3b0df5
Tests/GiftUICapabilityAdapterTests/GiftUICapabilityAdapterTests.swift	GiftUICapabilityAdapterTests	342	0	0	GiftUI,GiftUICapabilities,XCTest	9aad8e92213857e58a2893969d0d3a1181624849d6ac9064e22932cbaf56a632
Sources/GiftUICapabilityFailureAdapterFixture/CapabilityFailureAdapter.swift	GiftUICapabilityFailureAdapterFixture	51	0	0	GiftUICapabilities,GiftUIFailureCore	566de744e7c33b295faf7fb0018dd974233200ffdbf1ffe414f13bdd1e9bd515
Tests/GiftUICapabilityFailureAdapterTests/CapabilityFailureAdapterTests.swift	GiftUICapabilityFailureAdapterTests	262	0	0	GiftUICapabilities,GiftUICapabilityFailureAdapterFixture,GiftUIFailureCore,XCTest	08df8eca080e72de3fe50963d820f6d5fc5bff19e515386b987cddbed4e0a6b2
Sources/GiftUIDisplayCore/DisplayContracts.swift	GiftUIDisplayCore	93	0	0	GiftUI,GiftUICapabilities,GiftUIFailureCore,GiftUISurfaceCore	b27ad7489ad1ec6076f0d53b3912d6b9ed85329d355ceda2678707374111f3f0
Sources/GiftUIDisplayCore/SurfaceDisplayContributionAdapter.swift	GiftUIDisplayCore	27	0	0	GiftUICapabilities	6a53a85962e5a821e5d81c32a580f453f6332feceaf31997f8fc04f2d9d548cf
Tests/GiftUIDisplayCoreTests/DisplayContractTests.swift	GiftUIDisplayCoreTests	146	0	0	GiftUI,GiftUICapabilities,GiftUIDisplayCore,GiftUIFailureCore,GiftUISurfaceCore,Testing	8a25c66b76aa707980629b86b65b870daf7425fad4a820c80311bb487715557d
Tests/GiftUIDisplayCoreTests/DisplayReservationTests.swift	GiftUIDisplayCoreTests	143	0	0	GiftUI,GiftUICapabilities,GiftUIDisplayCore,GiftUISurfaceCore,Testing	89a463f1e2f84fb4450a3072e4cdcd6847c9adef3d51f9634ee8c3b40a4a2f86
Tests/GiftUIDisplayCoreTests/DisplayResponsibilityTests.swift	GiftUIDisplayCoreTests	174	0	0	GiftUI,GiftUICapabilities,GiftUIDisplayCore,GiftUISurfaceCore,Testing	f945ee62e4ab3d3626004aea9a064c53ca5c4fdbebb0bdbe919eed09d6613426
Tests/GiftUIDisplayCoreTests/DisplaySubmissionTests.swift	GiftUIDisplayCoreTests	186	0	0	GiftUI,GiftUICapabilities,GiftUIDisplayCore,GiftUISurfaceCore,Testing	0aee2ac723d5d768818cb108d8917cbf363333ed7a147d5b3a273da523a0f967
Tests/GiftUIDisplayCoreTests/DisplayTransactionTests.swift	GiftUIDisplayCoreTests	187	0	0	GiftUI,GiftUICapabilities,GiftUIDisplayCore,GiftUISurfaceCore,Testing	b3bf5b7f389523e06a713e0534b0aa7439e73568d763aa68bebd99c773f1d4e9
Tests/GiftUIDisplayCoreTests/DisplayWriterTests.swift	GiftUIDisplayCoreTests	280	0	0	GiftUI,GiftUICapabilities,GiftUIDisplayCore,GiftUISurfaceCore,Testing	7430ecb24be3134645e771d35a82cad42104049a12bf218ea1f5b7a3f285b771
Tests/GiftUIDisplayCoreTests/RecordingDisplayTarget.swift	GiftUIDisplayCoreTests	520	0	0	GiftUI,GiftUICapabilities,GiftUIDisplayCore,GiftUIFailureCore,GiftUISurfaceCore	8b717697675f2b399f36d9580d1b6ee305020b1813933572a9645986f5c4ff32
Tests/GiftUIDisplayCoreTests/SurfaceDisplayContributionAdapterTests.swift	GiftUIDisplayCoreTests	79	0	0	GiftUICapabilities,GiftUIDisplayCore,Testing	7eccd2d99f86906b10db502a005ad03343b449385338015a5780c7891ac0ec45
Sources/GiftUIDrawing/CanvasInvocationSource.swift	GiftUIDrawing	17	0	0	GiftUI	b526ad4cfc331cbb8d9dd10362919ef163fffe17485fa9bb385d9c4712c807f5
Sources/GiftUIDrawing/CanvasPlanProducer.swift	GiftUIDrawing	190	0	0	GiftUI,GiftUIExecution,GiftUILayout	4d2d5d21dee5920aa9a5e527acb4ffdacdbe47f5ade04af2791689b6ddf33f42
Sources/GiftUIDrawing/CanvasRenderProducer.swift	GiftUIDrawing	335	0	0	GiftUI,GiftUILayout,GiftUIRenderCore,GiftUIRenderLowering,GiftUISemanticCore,GiftUITextResources	6a91501430f7a926c871137a98843368c4006ed87b365de08d65234fad46a749
Sources/GiftUIDrawing/DrawingLimits.swift	GiftUIDrawing	59	0	0	GiftUI	df5dfad39c4b0fc81ac6c21c2cae5979eb11a15ffe373c955ca218215cad3943
Sources/GiftUIDrawing/DrawingPlan.swift	GiftUIDrawing	51	0	0	GiftUI,GiftUIRenderCore	93e3216f2faaee98e2c025deef50cfb7513911efacdd56e90980be3cb6264da9
Sources/GiftUIDrawing/DrawingValues.swift	GiftUIDrawing	38	0	0	-	90b34c17edf1fa531d028fdc9d89e8871482e21ab1128fbc090d9ca4e7302979
Sources/GiftUIDrawing/GiftUIDrawing.swift	GiftUIDrawing	6	0	0	GiftUI,GiftUIExecution,GiftUILayout,GiftUIRenderCore,GiftUIRenderLowering,GiftUISemanticCore	8356154905cc631456d0a51a04a19c52cbbac38fd667b14b9862cc940347868d
Sources/GiftUIDrawing/PathConstruction.swift	GiftUIDrawing	103	0	0	GiftUI,GiftUIRenderCore	7fd45fdc43dc48defcd6edc4e4ba694767ff6c2ac47314a3b613ea72fb6fad41
Sources/GiftUIDrawing/StaticCanvasCallableTable.swift	GiftUIDrawing	14	0	0	GiftUI	de34e32f1df8e3ee6d09ec191e38b95523a419be0b391a3f6b1f5ecaefdc4eae
Sources/GiftUIDrawing/StrokeSnapshot.swift	GiftUIDrawing	117	0	0	GiftUI,GiftUIRenderCore	3345b05fb9f6f219fb09e7aa4e7e7a9a18c70f77d192734c36a08d0f84836a51
Sources/GiftUIDrawingFailureAdapterFixture/GiftUIDrawingFailureAdapterFixture.swift	GiftUIDrawingFailureAdapterFixture	49	0	0	GiftUIDrawing,GiftUIFailureCore	45b4bfd889babb93e8a4bd6fcb7d7199a3808294c9ab51531af0892c6ee9a5b7
Tests/GiftUIDrawingTests/CanvasInvocationAdapterTests.swift	GiftUIDrawingTests	456	0	1	GiftUI,GiftUIDrawing,GiftUISemanticCore,Testing	ee73b4eeddd6fb05d90b10d5b989fc5d4fb0f9ae157c35d5ddbb676f70a73701
Tests/GiftUIDrawingTests/CanvasPlanProducerTests.swift	GiftUIDrawingTests	1065	0	0	GiftUI,GiftUIDrawing,GiftUIExecution,GiftUILayout,GiftUIRenderCore,Testing	99e53ce02fb88710e2a015d47dc17240549d6f096fcab097fba7048b9c721104
Tests/GiftUIDrawingTests/CanvasRenderPreflightTests.swift	GiftUIDrawingTests	1026	0	0	GiftUI,GiftUIDrawing,GiftUILayout,GiftUIRenderCore,GiftUIRenderLowering,GiftUISemanticCore,GiftUITextResources,Testing	c996857ba4d5b76f91fabece8c9942cbab771ef319e24db4b77ed93c4e1b8e97
Tests/GiftUIDrawingTests/DrawingFailureAdapterTests.swift	GiftUIDrawingTests	65	0	0	GiftUIDrawing,GiftUIDrawingFailureAdapterFixture,GiftUIFailureCore,Testing	83d65acb2478cc6a498967b3b2a60a187cfb4967eb3df2d7275e8fa85166d042
Tests/GiftUIDrawingTests/DrawingFaultAndWorkTests.swift	GiftUIDrawingTests	354	0	0	GiftUI,GiftUIDrawing,GiftUIRenderCore,Testing	627175f16f68854c0c7e2a92c41c5fa6350e03b220a2f9dc3355899e311d43a5
Tests/GiftUIDrawingTests/DrawingLifetimeTests.swift	GiftUIDrawingTests	44	0	0	GiftUI,GiftUIDrawing,Testing	e495f0ebb5543d73446485e1d65d1e4446e585b1c3d07a5aa3d6ddace1e14e66
Tests/GiftUIDrawingTests/DrawingPlanWorkspaceTests.swift	GiftUIDrawingTests	251	0	0	GiftUI,GiftUIDrawing,GiftUIRenderCore,Testing	ac5d56b874d504f0ea1b8caa79da03859164ecdd97b377300c27e990ebb3bd14
Tests/GiftUIDrawingTests/DrawingValueTests.swift	GiftUIDrawingTests	136	0	0	GiftUI,GiftUIDrawing,GiftUIRenderCore,Testing	764b0982d67e700c553c48d814e2be526c4b16f7b3e963ab29e7a9b07798bb01
Tests/GiftUIDrawingTests/DrawingWorkspaceFixtures.swift	GiftUIDrawingTests	225	0	0	GiftUI,GiftUIDrawing,GiftUIRenderCore	405aaf58c6c01478d793c25e4fe65615de3ac252b30bb13093d4e5f125191107
Tests/GiftUIDrawingTests/GeneratedStaticCanvasCallableTable.swift	GiftUIDrawingTests	99	1	0	GiftUI,GiftUIDrawing	b6b6ef184887a2a70722713e3d11e9408adf602a5706d72ac02d9a7aca66eca3
Tests/GiftUIDrawingTests/GiftUIDrawingImportTests.swift	GiftUIDrawingTests	7	0	0	GiftUIDrawing,XCTest	8772ea54da9fd62fff3e557c64a416a53488a2e309fd4639e3bf8c5c68b0d03a
Tests/GiftUIDrawingTests/PathConstructionTests.swift	GiftUIDrawingTests	294	0	0	GiftUI,GiftUIDrawing,GiftUIRenderCore,Testing	bcbadd934f1d9510d14fb9b915e6d41209adf5ac1fffff4195b5c13c2ac8bf3b
Tests/GiftUIDrawingTests/StaticCanvasCallableTableTests.swift	GiftUIDrawingTests	315	0	0	GiftUI,GiftUIDrawing,Testing	70c081ce136922187fad0b37af44fa4216e6e8d57e9893034b406d228cefa07c
Tests/GiftUIDrawingTests/StrokeSnapshotTests.swift	GiftUIDrawingTests	223	0	0	GiftUI,GiftUIDrawing,GiftUIRenderCore,Testing	f7721969c468cb273060af55e75b142ce1681eac8127503e574791c9e63e2a11
Sources/GiftUIDynamicConveniences/DynamicCanvas.swift	GiftUIDynamicConveniences	7	0	0	GiftUI	7725f88e232d323ac624022964d626669a6abca262d7c9c79932e03a565058d5
Sources/GiftUIExecution/AdmissionValues.swift	GiftUIExecution	92	0	0	GiftUI	a7ca26cb96dedbd27f0e138186b1c154e0afd663c58ea1190a268d1aeeaccdb1
Sources/GiftUIExecution/ExecutionAdmissionController.swift	GiftUIExecution	177	0	0	GiftUI	cf20c8e96e0b944f1a6d5da9544677d2cd94e75a83d1e10b5c6c1afddc3c2c63
Sources/GiftUIExecution/ExecutionAdmissionSealTransaction.swift	GiftUIExecution	164	0	0	GiftUI	7a88abcca9f437db94ea1f647ae8fd5ec3dbed82bd629b739ba3446ef8cf67d0
Sources/GiftUIExecution/ExecutionAdmissionSealer.swift	GiftUIExecution	50	0	0	-	54f3a7809c277a37cf8acfa931d62086ebc0ae1d3e77839ab6dcc28085885345
Sources/GiftUIExecution/ExecutionMutationBatch.swift	GiftUIExecution	68	0	0	-	a0464225588b3101249112a88f404a3258ccb87e8d9eea5e56671a4975501567
Sources/GiftUIExecution/ExecutionOpportunityRunner.swift	GiftUIExecution	5	0	0	-	1df0417977bd7184509f4dce111bb6682268326ab4b06c8f89e967c8500d96a1
Sources/GiftUIExecution/ExecutionPhaseMachine.swift	GiftUIExecution	82	0	0	-	f2047c05efd5f2f2f7c96f57e3b20fd9b3826635c2fa922bdd1c0d81f545da34
Sources/GiftUIExecution/ExecutionValues.swift	GiftUIExecution	103	0	0	GiftUI,GiftUIRenderCore	eac8904fd800d7b17c1f4362e5a8c2384142683d5acd49f6712e3db645d69c98
Sources/GiftUIExecution/ExecutionWakeAccumulator.swift	GiftUIExecution	34	0	0	-	856db20ee149c555a4d0c33731be4d69980486033592181187d8465b60ecf2d2
Sources/GiftUIExecution/FrameHandoffValues.swift	GiftUIExecution	74	0	0	GiftUIRenderCore	8eb1c0aa7c895fb50517e76ef9b4bd96568b2c2059b9a398c8f05486de0b87ba
Sources/GiftUIExecution/FrameOfferNormalization.swift	GiftUIExecution	130	0	0	GiftUIRenderCore	761740fdf6fb11cb54a52c2817d006ec75a9322e2c9a4351952f893711698a33
Sources/GiftUIExecution/IdentityAllocators.swift	GiftUIExecution	100	0	0	GiftUI	8f9bab781054456d49e210b3700200f10abc7a47c1a2f85e3de6013d9f6a3e35
Sources/GiftUIExecution/InputSourceSequenceState.swift	GiftUIExecution	149	0	0	GiftUI	b69a01de3871a80fa7b9f556bc7d93f12945c9edcc6569d00faa3569d963c5b3
Sources/GiftUIExecution/PointerActionCapture.swift	GiftUIExecution	66	0	0	GiftUI	0acc1d5b8c8f9af3f0aa91959198917bc6868907622d785eab149dee7ceed6a6
Sources/GiftUIExecution/RecordingCandidateOfferCoordinator.swift	GiftUIExecution	166	0	0	GiftUI	66b7d07d657785ba0ebf9fbc46c3b1d983b715cf45d4a7dd27d46b856fecff23
Sources/GiftUIExecution/RecordingCycleCoordinator.swift	GiftUIExecution	201	0	0	GiftUI	ccfffb285dde8e73132ddba6a32fab791eb488b673b316c09b397d10d292a620
Sources/GiftUIExecution/RecordingCycleFinalizer.swift	GiftUIExecution	93	0	0	-	bc9318cd92c095b9473878c575996b8b0b1e500faa3cbf121df1ba774673ffc3
Sources/GiftUIExecution/RecordingDerivationRecovery.swift	GiftUIExecution	151	0	0	GiftUI	e71108078104eb3f294bad9231ee819c3ec77cf11b0c059d3d670a9c95fbef35
Sources/GiftUIExecution/RecordingDerivationTransaction.swift	GiftUIExecution	96	0	0	-	380f3d5ec84f4ab6e45aa1e6054677b3080105fb7c445f79cc3ee6b9558e5bca
Sources/GiftUIExecution/RecordingFocusedFailureSelection.swift	GiftUIExecution	73	0	0	-	c2f005577a0a33d1d46c74d77836ec5ef03857d5716523d8cf6f4ef07a32fb8f
Sources/GiftUIExecution/RecordingFrameCommitTransaction.swift	GiftUIExecution	92	0	0	GiftUI	2cf669bd232c7310fc9650d33ccc242fc717b1071877d8a1b2dcbce32ee7e7c8
Sources/GiftUIExecution/RecordingFrameEndpoint.swift	GiftUIExecution	238	0	0	GiftUIRenderCore	43b75fbc4d7ff5a09db83693f6e557f7256bf62960ed3ab2f4c37f4caca5f849
Sources/GiftUIExecution/RecordingMutationBatch.swift	GiftUIExecution	112	0	0	-	229c26f04e85f737a0c6f41d7bbd76eb9c33ff0955bfa878d70bcf8f2984ff39
Sources/GiftUIExecution/RecordingPresentationPendingCoordinator.swift	GiftUIExecution	98	0	0	GiftUI	4cf681dff108457201638195c68d0a1fc8f33471b614cb9614d3da61e616acbb
Sources/GiftUIExecution/RecordingPresentationTerminalRecovery.swift	GiftUIExecution	66	0	0	GiftUI	c163ff5b21c6a9f920b4b70c0d150403ccd2900c20c212be04d2985be90c53d0
Sources/GiftUIExecution/RunCycleValues.swift	GiftUIExecution	121	0	0	GiftUI,GiftUIRenderCore	4ce7d6c7932e3da3b74d35bb78b946dd1fd8249b3f1e41e5985af9a92bd66cd1
Sources/GiftUIExecution/WakeValues.swift	GiftUIExecution	28	0	0	-	915e835c62177403893bf44318b0d06ded8e017e59ba4f1e11d9f333505275f6
Tests/GiftUIExecutionTests/AdmissionValueTests.swift	GiftUIExecutionTests	225	0	0	GiftUI,GiftUIExecution,Testing	60e04483d5afa050978db58ba7b37d9651ad0538ed476aed20bb61cf27b37e85
Tests/GiftUIExecutionTests/ExecutionAdmissionControllerTests.swift	GiftUIExecutionTests	300	0	0	GiftUI,GiftUIExecution,Testing	828eb74481c395ada188ee7d76c880385814624e9300540082fabc67c0708c30
Tests/GiftUIExecutionTests/ExecutionAdmissionSealTransactionTests.swift	GiftUIExecutionTests	252	0	0	GiftUI,GiftUIExecution,Testing	50211fec58c5157cc0ebd0ca5211f7f60b33fbb0a37d5f531710347456f5baba
Tests/GiftUIExecutionTests/ExecutionAdmissionSealerTests.swift	GiftUIExecutionTests	155	0	0	GiftUIExecution,Testing	2bd0521661758bde80b0aa4560a04a2ed743075354e8dbef16b2d451e0f63fc2
Tests/GiftUIExecutionTests/ExecutionPhaseMachineTests.swift	GiftUIExecutionTests	146	0	0	GiftUIExecution,Testing	7523b690ea01d598bcaba74a641de1da3e5a1d4d24977f87611f5984f8225183
Tests/GiftUIExecutionTests/ExecutionValueTests.swift	GiftUIExecutionTests	93	0	0	GiftUIExecution,Testing	1dc471a10c063c5d6cb6f431b8b4f54fa67e7e88a3080c092ef67d839bc41d3e
Tests/GiftUIExecutionTests/ExecutionWakeAccumulatorTests.swift	GiftUIExecutionTests	134	0	0	GiftUIExecution,Testing	49437cf58e89bffa73484193fdc52a3dc6a8723640b1e78255011b85426800b7
Tests/GiftUIExecutionTests/FrameHandoffValueTests.swift	GiftUIExecutionTests	140	0	0	GiftUIExecution,GiftUIRenderCore,Testing	35765a54d36b416f52a1cccca20ff378e3999d456b86267eb060d3b426b0efea
Tests/GiftUIExecutionTests/FrameOfferNormalizationTests.swift	GiftUIExecutionTests	196	0	0	GiftUIExecution,GiftUIRenderCore,Testing	b6dfee011a02e860f6f0d40b0ac0919fce65f8f16b3f457d318ea3709632f9e7
Tests/GiftUIExecutionTests/IdentityAllocatorTests.swift	GiftUIExecutionTests	78	0	0	GiftUI,GiftUIExecution,Testing	1a195a315aca5268d5cca4a1ccf8d2c53ed0507781c51a6bf3e5d9f3340e820a
Tests/GiftUIExecutionTests/IdentityReservationOrderingTests.swift	GiftUIExecutionTests	201	0	0	GiftUI,GiftUIExecution,Testing	737ed9ab821b5759aa97163c3b4b9b168aefaefa0be166c3556fbc1df8d765c3
Tests/GiftUIExecutionTests/InputSourceSequenceStateTests.swift	GiftUIExecutionTests	264	0	0	GiftUI,GiftUIExecution,Testing	842b9ae05164af69392bdeedcd105b04f8caa1f1533deaef4c9b3d33436f97a1
Tests/GiftUIExecutionTests/PointerActionCaptureTests.swift	GiftUIExecutionTests	177	0	0	GiftUI,GiftUIExecution,Testing	caf0aa80eba2894c7aa5c3f57838c27999d969af4f26360a7326e8e59397f8d2
Tests/GiftUIExecutionTests/RecordingCandidateOfferCoordinatorTests.swift	GiftUIExecutionTests	216	0	0	GiftUI,GiftUIExecution,GiftUIRenderCore,Testing	e1cf7d2af3a922a2dfcf51f10f8ba9b0c28dffa63637d5e593faacf379c054aa
Tests/GiftUIExecutionTests/RecordingCycleCoordinatorTests.swift	GiftUIExecutionTests	151	0	0	GiftUI,GiftUIExecution,Testing	7c4f275fffdbd24ccb9356cb5df6be117b3aea6a2d3238286830e816f1965f54
Tests/GiftUIExecutionTests/RecordingCycleFinalizerTests.swift	GiftUIExecutionTests	186	0	0	GiftUI,GiftUIExecution,Testing	2f53bb9c00752d9d79c9ffcb1399176736f26d63f5d0062bd82acfc62a3ba38d
Tests/GiftUIExecutionTests/RecordingDerivationRecoveryTests.swift	GiftUIExecutionTests	153	0	0	GiftUI,GiftUIExecution,Testing	3ef188b07b19ac99595bd03126021b513ef9d5c7ca0bf0c8d69b6988895f274d
Tests/GiftUIExecutionTests/RecordingDerivationTransactionTests.swift	GiftUIExecutionTests	145	0	0	GiftUIExecution,Testing	17c84bb217e21d53d0cfdddc72f41f966548dbbd2047eed692b013067d18fec5
Tests/GiftUIExecutionTests/RecordingFocusedFailureSelectionTests.swift	GiftUIExecutionTests	155	0	0	GiftUI,GiftUIExecution,Testing	7a68e94117dc38b93978a0106393edc70ab96b18e9c737dc173a491e72dcc503
Tests/GiftUIExecutionTests/RecordingFrameCommitTransactionTests.swift	GiftUIExecutionTests	165	0	0	GiftUI,GiftUIExecution,Testing	2c16375b23b99db4c4c5560e303074b2e97c8419d6b5e9085e566fcd53bfb695
Tests/GiftUIExecutionTests/RecordingFrameEndpointTests.swift	GiftUIExecutionTests	194	0	0	GiftUI,GiftUIExecution,GiftUIRenderCore,Testing	d268f7ff3db83f5bcd0363160d20b6950036883e23e13f717e437ebf93dc5775
Tests/GiftUIExecutionTests/RecordingMutationBatchTests.swift	GiftUIExecutionTests	150	0	0	GiftUIExecution,Testing	f8506d7fe6cb981283d8671266aa9371c9d0d7e98f0a9ee54e0b97bf07663b2a
Tests/GiftUIExecutionTests/RecordingPresentationPendingCoordinatorTests.swift	GiftUIExecutionTests	127	0	0	GiftUIExecution,Testing	817d95aa653325f4b04dd28761c0cf93fcac7e84ea43581da19504dd037ed190
Tests/GiftUIExecutionTests/RecordingPresentationRecoveryMatrixTests.swift	GiftUIExecutionTests	134	0	0	GiftUIExecution,Testing	53013bb9e41a2cddd13c5cfa7402b549e64bee708f2171f7d7d60e16ea04805f
Tests/GiftUIExecutionTests/RunCycleValueTests.swift	GiftUIExecutionTests	279	0	0	GiftUI,GiftUIExecution,GiftUIRenderCore,Testing	00e785b9acdf02937bb2563039cb454a15dad098e3a8ab8149ba471a88bccd53
Tests/GiftUIExecutionTests/SummaryValidationMatrixTests.swift	GiftUIExecutionTests	648	0	0	GiftUI,GiftUIExecution,Testing	b4fb37b7bd4434dbda1dbf104b7e2880d434085c38ed94af436c93dedd58f764
Tests/GiftUIExecutionTests/WakeValueTests.swift	GiftUIExecutionTests	109	0	0	GiftUIExecution,Testing	1cd9d630d6d15e5b45a8fcb66c293b238f302ba03875a2ebbf388c203e43c4e8
Sources/GiftUIFailureCore/GiftUIFailureCore.swift	GiftUIFailureCore	476	0	0	-	9e1e92643cdf2aed4efea9684697481af01034b9ad34ef42aff8c6ff6445cae7
Tests/GiftUIFailureCoreTests/GiftUIFailureCoreTests.swift	GiftUIFailureCoreTests	1152	0	0	Foundation,GiftUIFailureCore,XCTest	700731ce6c7c9287a259703a7a7b9e9f3d2ad3ab44780b4a686b73bc6667fce9
Sources/GiftUIFailureDiagnostics/GiftUIDiagnosticProjector.swift	GiftUIFailureDiagnostics	75	0	0	GiftUIFailureCore	a01cf6f5f113187d19916c23540ce42d83f8167fdc50e87b07798ff4b2fbd9a1
Sources/GiftUIFailureDiagnostics/GiftUIFixedDiagnosticBuffer.swift	GiftUIFailureDiagnostics	377	0	2	GiftUIFailureCore	a76f0e854a7321959a406cedd473cd81261e50da69b1372403915a588d06964f
Tests/GiftUIFailureDiagnosticsTests/DiagnosticIsolationFixtures.swift	GiftUIFailureDiagnosticsTests	77	0	0	GiftUIFailureCore	a330b80c9de0a4c7c848ee2628156a1e50b625d5dcd8d6be2366e198d8fac6ca
Tests/GiftUIFailureDiagnosticsTests/GiftUIFailureDiagnosticsTests.swift	GiftUIFailureDiagnosticsTests	322	0	1	GiftUIFailureCore,GiftUIFailureDiagnostics,XCTest	6e9c106c3e6dcfa2fa446fb4ac38d36cd40dbc8874fc6b18e623cc2c0e406b41
Sources/GiftUIFailureExecution/GiftUICorrelatedFailure.swift	GiftUIFailureExecution	20	0	0	GiftUIFailureCore	23345a54d6d6b161f6ded173b7a0158c17c8d08f7ab07e57faef635b0fcecd3c
Sources/GiftUIFailureExecution/GiftUIFailureExecution.swift	GiftUIFailureExecution	314	0	0	GiftUIExecution,GiftUIFailureCore	a7818b30ee109b166f6b80e20a690c2d36406946351544652380ca58d5e95dc8
Tests/GiftUIFailureExecutionTests/ExecutionDiagnosticIsolationTests.swift	GiftUIFailureExecutionTests	229	0	0	GiftUIExecution,GiftUIFailureCore,GiftUIFailureDiagnostics,GiftUIFailureExecution,GiftUIRenderCore,Testing	a5c6d52147f0e7a7910e688e9c7d3c03311473cadfb2db77439fa4f4ce0b8f0a
Tests/GiftUIFailureExecutionTests/FocusedOwnerFailurePreservationTests.swift	GiftUIFailureExecutionTests	97	0	0	GiftUIExecution,GiftUIFailureCore,GiftUIFailureExecution,Testing	009d4aff68d8d169099d5f19a97518282d283c14a0580753aed61c4706ee7f87
Tests/GiftUIFailureExecutionTests/GiftUIFailureExecutionTests.swift	GiftUIFailureExecutionTests	192	0	0	GiftUIExecution,GiftUIFailureCore,GiftUIFailureExecution,Testing	cb784ddc8c849657ff195525d5fd90037b4c11f5118897e84832d54c84d2ed60
Tests/GiftUIFailureExecutionTests/OperationalFailureMappingTests.swift	GiftUIFailureExecutionTests	170	0	0	GiftUIExecution,GiftUIFailureCore,GiftUIFailureExecution,Testing	944220e71bc0f9cc7b9fbf5fc145693cfff6f6efd3755882b1434e236f4d7cab
Tests/GiftUIFailureExecutionTests/RenderAndOfferFailureMappingTests.swift	GiftUIFailureExecutionTests	115	0	0	GiftUIExecution,GiftUIFailureCore,GiftUIFailureExecution,GiftUIRenderCore,Testing	b285ad331465f8f2857d454905aa19d602e0c32402b2c74ca64dd1061da6a783
Tests/GiftUIFoundationFailureAdapterTests/GiftUIFoundationFailureAdapterTests.swift	GiftUIFoundationFailureAdapterTests	198	0	0	GiftUI,GiftUIFailureCore,XCTest	666d3b867030dd2600d773f103063625fe4daedf50fb1e5394a16748c460d620
Sources/GiftUIHostConfiguration/CheckedMVPHostConfigurationValidator.swift	GiftUIHostConfiguration	201	0	0	GiftUICapabilities,GiftUIFailureCore,GiftUIRuntimeCore,GiftUITextResources	8caf5a83d60ea858e2ecfbe5b1f76232a6dd85efc1a2fb3797adcf3a04810a3e
Sources/GiftUIHostConfiguration/Generated/SignalAnalyzerPresets.generated.swift	GiftUIHostConfiguration	365	1	0	GiftUICapabilities,GiftUIRuntimeCore	0b26f0a4365ca013a4f9afc913b762e6d4e325b0b543eb2ee47ac8ddcd797175
Sources/GiftUIHostConfiguration/HostActivationController.swift	GiftUIHostConfiguration	171	0	0	-	53e47719d7b316b8f8cd15de22ac47cc35624e4ce01da8d3bb4a263dfab79295
Sources/GiftUIHostConfiguration/HostApplicationOpportunityGate.swift	GiftUIHostConfiguration	49	0	0	-	475df591e6c3fbd741a916dd6eefacf77a572a25678c9c4a27b84ce5d6974e03
Sources/GiftUIHostConfiguration/HostApplicationStartupValidation.swift	GiftUIHostConfiguration	59	0	0	-	37bb4fb7d4e0d5069c1f78f9af4a338ad005068b5dfb17e36af8894196013679
Sources/GiftUIHostConfiguration/HostComponentGraphValidation.swift	GiftUIHostConfiguration	62	0	0	-	1fe765b7348bdab18abf6b83da6c9e2cadbb2e7a868a729c8d075f5b5109f913
Sources/GiftUIHostConfiguration/HostConfigurationResults.swift	GiftUIHostConfiguration	137	0	0	GiftUICapabilities,GiftUIExecution,GiftUIFailureCore,GiftUIRuntimeCore,GiftUITextResources	1f48c2d5933c7a7d29bd94df55dfa92b270369545f61a2e575e98cf8f8f3d467
Sources/GiftUIHostConfiguration/HostConfigurationValues.swift	GiftUIHostConfiguration	300	0	0	GiftUI,GiftUICapabilities,GiftUIDisplayCore,GiftUIRasterCore,GiftUIRuntimeCore,GiftUISurfaceCore,GiftUITextResources	bda176ef072e43bb666f8f9391ecbbdd310d7d70e4772584dc75d63b1956c53c
Sources/GiftUIHostConfiguration/HostEndpointHealthController.swift	GiftUIHostConfiguration	174	0	0	GiftUIBackendIntegration,GiftUIFailureCore	b170fb7b19e0627ad7484c81c72bd9c532b4c06455c4d0cd9053e47b1639b434
Sources/GiftUIHostConfiguration/HostEndpointStartupValidation.swift	GiftUIHostConfiguration	48	0	0	GiftUICapabilities,GiftUITextResources	be93841af2abe55c2ac64e1df77219323fc62be40165cd4e89dbec3336fdd2d2
Sources/GiftUIHostConfiguration/HostFailureAdapter.swift	GiftUIHostConfiguration	178	0	0	GiftUICapabilities,GiftUIFailureCore,GiftUIRuntimeCore,GiftUITextResources	6b886b52c8e96892207b7230b8ccf9301b56f9fc62f117d7131c025e0452fde8
Sources/GiftUIHostConfiguration/HostNormalizedInputGate.swift	GiftUIHostConfiguration	220	0	0	GiftUI,GiftUIExecution	7bd20cd33825f33478e54a1921b670a857805f6a2cf83bf089810e83b93773a7
Sources/GiftUIHostConfiguration/HostPresentationRecovery.swift	GiftUIHostConfiguration	126	0	0	GiftUIExecution	c8d261e68ad8096015f070d9e896c4952ac36725ff2c3ccc4b8cce56674d635f
Sources/GiftUIHostConfiguration/HostPresetBootstrap.swift	GiftUIHostConfiguration	184	0	0	-	9657f21277292848b850474fbb1dd881fdaee118a360a72c060f3b5bd91edc3c
Sources/GiftUIHostConfiguration/HostResidualFailureRouting.swift	GiftUIHostConfiguration	191	0	0	GiftUIFailureCore	c7d77a75bc192ccf226c82487e87108d0bd3e5d5a91630d4df3990d6eb3e258c
Sources/GiftUIHostConfiguration/HostResidualPolicyContracts.swift	GiftUIHostConfiguration	26	0	0	GiftUIFailureCore	6215618f39789acfa0a40aca1c0657fa8c66c1760884f44dceee1172ee7e7469
Sources/GiftUIHostConfiguration/HostResidualPolicyTableValidation.swift	GiftUIHostConfiguration	46	0	0	GiftUIFailureCore	b43e1f7bf466c3dea0266e498d579e78504eb1612740f1d24804a2b19e37b84c
Sources/GiftUIHostConfiguration/HostScheduledOpportunityController.swift	GiftUIHostConfiguration	103	0	0	GiftUIExecution	6df01c335403928709dd45e593ac833d02b7ac2790b693e9e18810b764045ca6
Sources/GiftUIHostConfiguration/HostSequencedFactAdmission.swift	GiftUIHostConfiguration	393	0	0	-	4bd12f192077693af4be89b1483be4d4791f256f2ca5798d025cbef577da07cb
Sources/GiftUIHostConfiguration/HostWakePacingController.swift	GiftUIHostConfiguration	180	0	0	GiftUIExecution	457479bb631966220e2bb2d26fb7a78ac0143fbcadae8b66c25b78b27125643b
Sources/GiftUIHostConfiguration/SignalAnalyzerDrawingStartupValidation.swift	GiftUIHostConfiguration	69	0	0	GiftUIRuntimeCore	b30461306456a4a07b6850e151b4e46345ae2b20c43d6f538d9a9633ed1adc0f
Sources/GiftUIHostConfiguration/SignalAnalyzerPresetHostInstance.swift	GiftUIHostConfiguration	138	0	0	GiftUIDisplayCore,GiftUIExecution,GiftUIRasterCore,GiftUIRuntimeCore	28374da1ce23e4053ed695a3befbb3b3400b43b91861b45dab5d421f1b57c4dd
Sources/GiftUIHostConfiguration/SignalAnalyzerWorkloadStartupValidation.swift	GiftUIHostConfiguration	112	0	0	GiftUIRuntimeCore	2796208c79c09a72da5ae0d981b1eb943edf181793a553aae4bf537afb6bec96
Tests/GiftUIHostConfigurationTests/GeneratedSignalAnalyzerPresetTests.swift	GiftUIHostConfigurationTests	164	0	0	GiftUIHostConfiguration,Testing	10f5bde4291f81d6256de9abe14bca1aca25079c25b14ef8906fe4fd38c8fd21
Tests/GiftUIHostConfigurationTests/HardwareFreePresetRunnerTests.swift	GiftUIHostConfigurationTests	66	0	0	GiftUIRuntimeCore,SignalAnalyzerPresetHarness,Testing	68f9a049f0b26c3b96cfa64c44a002083eae16254e5bdd4cdda2aa61f296a7d8
Tests/GiftUIHostConfigurationTests/HostActivationControllerTests.swift	GiftUIHostConfigurationTests	354	0	0	GiftUIHostConfiguration,GiftUIRuntimeCore,Testing	29fbd3789b3721c1442d36b33cb961f5144b200bc095673468b37e88bee248c7
Tests/GiftUIHostConfigurationTests/HostApplicationIntegrationTests.swift	GiftUIHostConfigurationTests	251	0	0	GiftUIFailureCore,GiftUIHostConfiguration,SignalAnalyzerData,SignalAnalyzerDomain,SignalAnalyzerPresentation,Testing	df36f4161c1df4467bb66a3291f30bb146d326b3e3c4d4731b67491b561c792d
Tests/GiftUIHostConfigurationTests/HostApplicationOpportunityGateTests.swift	GiftUIHostConfigurationTests	29	0	0	GiftUIHostConfiguration,Testing	da81072816b13ccba6404d234ff26bbb928aef1a2d90a9024e344ed7660a9ccc
Tests/GiftUIHostConfigurationTests/HostApplicationStartupValidationTests.swift	GiftUIHostConfigurationTests	119	0	0	GiftUIHostConfiguration,Testing	e60228ee5d3c030eeb09284f0aceb7c4eccce9c1977b471a76a96d80d52188b5
Tests/GiftUIHostConfigurationTests/HostComponentGraphValidationTests.swift	GiftUIHostConfigurationTests	71	0	0	GiftUIHostConfiguration,Testing	5dc6299b4e692f677133487b86934256209ea3d4d17068e116274573f68cda8c
Tests/GiftUIHostConfigurationTests/HostConfigurationSurfaceTests.swift	GiftUIHostConfigurationTests	163	0	0	GiftUICapabilities,GiftUIFailureCore,GiftUIHostConfiguration,GiftUIRuntimeCore,GiftUITextResources,Testing	ba8ab8cd4f1319e8dc4c858ef42ec492fa71c50b88fa17840e750245fa9ac7fc
Tests/GiftUIHostConfigurationTests/HostConfigurationTests.swift	GiftUIHostConfigurationTests	84	0	0	GiftUIHostConfiguration,Testing	6e94ab51b466aab3695d2c403bdacb3ea7749159c87cc7d7d1758059b0e2b982
Tests/GiftUIHostConfigurationTests/HostConfigurationValueTests.swift	GiftUIHostConfigurationTests	317	0	0	GiftUI,GiftUICapabilities,GiftUIDisplayCore,GiftUIHostConfiguration,GiftUIRasterCore,GiftUIRuntimeCore,GiftUISurfaceCore,GiftUITextResources,Testing	a8b451809d9a09d9ef7728230571e6928b2ebb86bc4d599cf41bfad7b5845c61
Tests/GiftUIHostConfigurationTests/HostEndpointHealthControllerTests.swift	GiftUIHostConfigurationTests	222	0	0	GiftUIFailureCore,GiftUIHostConfiguration,Testing	c00be65f4f593476476768f1aa3e0d4e076f0656a688f084c542849bb67e148d
Tests/GiftUIHostConfigurationTests/HostEndpointStartupValidationTests.swift	GiftUIHostConfigurationTests	149	0	0	GiftUI,GiftUICapabilities,GiftUIDisplayCore,GiftUIHostConfiguration,GiftUIRasterCore,GiftUISurfaceCore,GiftUITextResources,Testing	807c54e57f2400cb152f3283b66530579392b6c0bc84ab157bd40f91d965e1ec
Tests/GiftUIHostConfigurationTests/HostFailureAdapterTests.swift	GiftUIHostConfigurationTests	265	0	0	GiftUICapabilities,GiftUIFailureCore,GiftUIHostConfiguration,GiftUIRuntimeCore,GiftUITextResources,Testing	9210426262c86137fd8c576c671989efbb175d5f52cf759b2bf03a13bd979e60
Tests/GiftUIHostConfigurationTests/HostNormalizedInputGateTests.swift	GiftUIHostConfigurationTests	257	0	0	GiftUI,GiftUIExecution,GiftUIHostConfiguration,Testing	da01b4a43eaa20881577c61334c07abb138de518d2166314e6becedbb81af1f7
Tests/GiftUIHostConfigurationTests/HostPresentationRecoveryTests.swift	GiftUIHostConfigurationTests	87	0	0	GiftUIExecution,GiftUIHostConfiguration,Testing	a8a483f25657f09f2dd69c056aa48509a3a97569107f7a01388db00b5f0f32a8
Tests/GiftUIHostConfigurationTests/HostPresetBootstrapTests.swift	GiftUIHostConfigurationTests	536	0	0	GiftUICapabilities,GiftUIHostConfiguration,GiftUIRuntimeCore,GiftUITextResources,Testing	b5a99aff5d0b8ae1ac825ff2d259a8c1b8a80dd61e0eaf7b8cedc2f76d3d18dd
Tests/GiftUIHostConfigurationTests/HostResidualFailureRoutingTests.swift	GiftUIHostConfigurationTests	329	0	0	GiftUIFailureCore,GiftUIHostConfiguration,Testing	c780541787daf8233fc858edfb3a653981881f84bd1df0203f8d8fa152146a63
Tests/GiftUIHostConfigurationTests/HostResidualPolicyTableValidationTests.swift	GiftUIHostConfigurationTests	240	0	0	GiftUIFailureCore,GiftUIHostConfiguration,GiftUIRuntimeCore,Testing	2d7cdccd69401ee7076694c5d5e08f8f5695f8d8a0b68a6a22c040fcd6194b51
Tests/GiftUIHostConfigurationTests/HostScheduledOpportunityControllerTests.swift	GiftUIHostConfigurationTests	284	0	0	GiftUIExecution,GiftUIHostConfiguration,GiftUIRuntimeCore,SignalAnalyzerPresentation,Testing	4eaab350edae40c06e5a0258f7ac34cc79a168ae226f5f2e940ee4993c4aff80
Tests/GiftUIHostConfigurationTests/HostSequencedFactAdmissionTests.swift	GiftUIHostConfigurationTests	171	0	0	GiftUIHostConfiguration,Testing	f22e52da4a142b91c457238600ee79f76299c16167c8f557ef5756989a045dac
Tests/GiftUIHostConfigurationTests/HostValidatorCapabilityTests.swift	GiftUIHostConfigurationTests	119	0	0	GiftUICapabilities,GiftUIHostConfiguration,Testing	365179404ab85c5ef2bd3364e7e0f2f76d0e1fbe84c9786862bf4da5b597a718
Tests/GiftUIHostConfigurationTests/HostValidatorFixture.swift	GiftUIHostConfigurationTests	348	0	0	GiftUI,GiftUICapabilities,GiftUIDisplayCore,GiftUIFailureCore,GiftUIHostConfiguration,GiftUIRasterCore,GiftUIRuntimeCore,GiftUISurfaceCore,GiftUITextResources	aefc466ff39a6840c0cbe0a6585c93aab7249fc40c9a40f4719beba9afcb2038
Tests/GiftUIHostConfigurationTests/HostValidatorProfileAndTextTests.swift	GiftUIHostConfigurationTests	69	0	0	GiftUIHostConfiguration,GiftUIRuntimeCore,GiftUITextResources,Testing	b27f16fb720182cae4fc36a8c4cd71114028c3d34eec90d2e2f47cdf596cd05d
Tests/GiftUIHostConfigurationTests/HostWakePacingControllerTests.swift	GiftUIHostConfigurationTests	129	0	0	GiftUIExecution,GiftUIHostConfiguration,Testing	e45164d1bf06b1a214c0eec884280899c91f0558cfe7b6d20b51171c92971097
Tests/GiftUIHostConfigurationTests/HostWorkloadStartupValidationTests.swift	GiftUIHostConfigurationTests	281	0	0	GiftUIExecution,GiftUIHostConfiguration,GiftUIRuntimeCore,Testing	d451062ceeebc8dae0e372f8158f77e4b1f664fe4ffee43c09d9d2d5db4f5006
Tests/GiftUIHostConfigurationTests/SignalAnalyzerDiagnosticProfileMatrixTests.swift	GiftUIHostConfigurationTests	111	0	0	GiftUIFailureCore,GiftUIHostConfiguration,SignalAnalyzerDomain,SignalAnalyzerHost,SignalAnalyzerPresentation,Testing	06279d0a83f179f1d23d79868776a76515cee0ee8ef932966cec68a8e836736f
Tests/GiftUIHostConfigurationTests/SignalAnalyzerDrawingStartupValidationTests.swift	GiftUIHostConfigurationTests	119	0	0	GiftUIHostConfiguration,Testing	e97b376dcd040a8c2876425298544456db0ce710928b3b0b557bba7e57d0d23c
Tests/GiftUIHostConfigurationTests/SignalAnalyzerDynamicSemanticJoinTests.swift	GiftUIHostConfigurationTests	3811	0	8	GiftUI,GiftUIBackendIntegration,GiftUICapabilities,GiftUIDisplayCore,GiftUIDrawing,GiftUIExecution,GiftUIFailureCore,GiftUIHostConfiguration,GiftUILayout,GiftUIObservableState,GiftUIPlatformRaspberryPi,GiftUIRasterCore,GiftUIReferenceTextResources,GiftUIRenderCore,GiftUIRenderLowering,GiftUIRuntimeCore,GiftUIRuntimeDynamic,GiftUISemanticCore,GiftUISurfaceCore,GiftUITextResources,SignalAnalyzerData,SignalAnalyzerDomain,SignalAnalyzerHost,SignalAnalyzerPresentation,SignalAnalyzerTargetHost,Testing	9c1c72765d38c15110f59d6e6c3d7e9c705e44f1a5ed27b21657da439c8db85d
Tests/GiftUIHostConfigurationTests/SignalAnalyzerHostActionDispatchTests.swift	GiftUIHostConfigurationTests	504	0	0	GiftUI,GiftUIExecution,GiftUIInteraction,GiftUIObservableState,GiftUIRuntimeCore,GiftUIRuntimeDynamic,GiftUIRuntimeStatic,SignalAnalyzerDomain,SignalAnalyzerHost,SignalAnalyzerPresentation,SignalAnalyzerTargetHost,Testing	105cf9d9d312bf5d77c69ee9f3dd0bd7ee4437239e01a6daf1aa142092e2f9bb
Tests/GiftUIHostConfigurationTests/SignalAnalyzerHostFactAdmissionTests.swift	GiftUIHostConfigurationTests	466	0	0	GiftUI,GiftUIExecution,GiftUIFailureCore,GiftUIHostConfiguration,GiftUIObservableState,GiftUIRuntimeCore,GiftUIRuntimeDynamic,SignalAnalyzerDomain,SignalAnalyzerHost,SignalAnalyzerPresentation,Testing	fd2c2b28eb96168b8077492326c0a1bf264a940cabf6b0298a48dc9e620ed94c
Tests/GiftUIHostConfigurationTests/SignalAnalyzerIntegratedCycleTests.swift	GiftUIHostConfigurationTests	481	0	0	GiftUI,GiftUIExecution,GiftUIHostConfiguration,GiftUIInteraction,GiftUIObservableState,GiftUIRuntimeCore,GiftUIRuntimeDynamic,GiftUIRuntimeStatic,SignalAnalyzerDomain,SignalAnalyzerHost,SignalAnalyzerPresentation,SignalAnalyzerTargetHost,Testing	a6f443af5e4326709068c0366706ecca1e245f6195a851526b8a02a3d774507e
Tests/GiftUIHostConfigurationTests/SignalAnalyzerPresetHostInstanceTests.swift	GiftUIHostConfigurationTests	244	0	0	GiftUIExecution,GiftUIHostConfiguration,GiftUIRuntimeCore,Testing	87c0b6e886706ca07d18dafc8ec6c9163f1e47f3aff11037b0b8192bb1df5946
Tests/GiftUIHostConfigurationTests/StaticSignalAnalyzerNRFAssemblyTests.swift	GiftUIHostConfigurationTests	296	0	0	GiftUI,GiftUICapabilities,GiftUIExecution,GiftUIHostConfiguration,GiftUIInteraction,GiftUIRuntimeCore,SignalAnalyzerDomain,SignalAnalyzerPresentation,SignalAnalyzerTargetHost,Testing	1e2220d520c7b7484e35fe3ab0d95cda7379b7616445f40d02dd0462fd59f50e
Tests/GiftUIHostConfigurationTests/StaticSignalAnalyzerNRFCanvasTableTests.swift	GiftUIHostConfigurationTests	221	0	0	GiftUI,GiftUIDrawing,GiftUIRuntimeStatic,SignalAnalyzerDomain,SignalAnalyzerPresentation,SignalAnalyzerTargetHost,Testing	3131e7924277ef5f0032af439fd6a679fb2d7b5fc3ad6a91dc64c4f725807bce
Tests/GiftUIHostConfigurationTests/StaticSignalAnalyzerNRFCaptureFactAdmissionTests.swift	GiftUIHostConfigurationTests	362	0	0	GiftUIFailureCore,SignalAnalyzerDomain,SignalAnalyzerPresentation,SignalAnalyzerTargetHost,Testing	21b4571434a7085b4c233d7ee6ba60a610dfa4da5b59081d780ab1a75cef7af4
Tests/GiftUIHostConfigurationTests/StaticSignalAnalyzerNRFCaptureHistoryTests.swift	GiftUIHostConfigurationTests	139	0	0	SignalAnalyzerData,SignalAnalyzerDomain,SignalAnalyzerTargetHost,Testing	107c5f09ba68c9292daea2283aeb7e6f00c8f64358e83c9a6d5e4a6056d525cf
Tests/GiftUIHostConfigurationTests/StaticSignalAnalyzerNRFCaptureRecordTests.swift	GiftUIHostConfigurationTests	68	0	0	SignalAnalyzerDomain,SignalAnalyzerTargetHost,Testing	818c099999b91eda9c64020fffdfb48ec2f64ef40143bd4589598d02ccd6909a
Tests/GiftUIHostConfigurationTests/StaticSignalAnalyzerNRFCaptureSnapshotViewTests.swift	GiftUIHostConfigurationTests	79	0	0	SignalAnalyzerDomain,SignalAnalyzerTargetHost,Testing	c1246120004c015c6d0ad05e9c5447575b9cc1ff96d78bd12f4c3855eca17f3f
Tests/GiftUIHostConfigurationTests/StaticSignalAnalyzerNRFCompactCaptureFactTests.swift	GiftUIHostConfigurationTests	44	0	0	SignalAnalyzerDomain,SignalAnalyzerTargetHost,Testing	bd3d7618f37e74251faf0fb7dd1ff9170c0624774e022bd56e46ad6dd7ed587d
Tests/GiftUIHostConfigurationTests/StaticSignalAnalyzerNRFCompactFactRingTests.swift	GiftUIHostConfigurationTests	73	0	0	SignalAnalyzerDomain,SignalAnalyzerTargetHost,Testing	3b252c4c5157031b70ac6ca48674e8f8ca03135616bfeb61dbf7895be3fefefa
Tests/GiftUIHostConfigurationTests/StaticSignalAnalyzerNRFDeterministicSourceTests.swift	GiftUIHostConfigurationTests	36	0	0	SignalAnalyzerData,SignalAnalyzerDomain,SignalAnalyzerTargetHost,Testing	8bdc771eea1344c91e161a68088f8b887709a7163e84adfbfe44b74d8cdbfbab
Tests/GiftUIHostConfigurationTests/StaticSignalAnalyzerNRFDisplayTargetTests.swift	GiftUIHostConfigurationTests	267	0	0	GiftUI,GiftUIDisplayCore,GiftUIExecution,GiftUIHostConfiguration,GiftUIRasterCore,GiftUIRenderCore,SignalAnalyzerTargetHost,Testing	800a6f9a1dc0b7d5d8d56617ecce2a1ddb4d9079ed831acceb0fe3e4e748c68d
Tests/GiftUIHostConfigurationTests/StaticSignalAnalyzerNRFDrawingPlanRecordsTests.swift	GiftUIHostConfigurationTests	87	0	0	GiftUI,GiftUIRenderCore,SignalAnalyzerTargetHost,Testing	969d916b38aabcb8fa411e77c4250382d2038010b3f206967ecb86ad836ab15b
Tests/GiftUIHostConfigurationTests/StaticSignalAnalyzerNRFDrawingPlanStorageTests.swift	GiftUIHostConfigurationTests	89	0	0	GiftUI,GiftUIDrawing,GiftUIHostConfiguration,GiftUIRenderCore,SignalAnalyzerTargetHost,Testing	b92aad446b2cd4e005ffdf396331c5d55c3b3085fa1db5244ace1c6eb7baad20
Tests/GiftUIHostConfigurationTests/StaticSignalAnalyzerNRFDrawingWorkspaceTests.swift	GiftUIHostConfigurationTests	94	0	0	GiftUI,GiftUIDrawing,GiftUIHostConfiguration,SignalAnalyzerTargetHost,Testing	98ffdc87c0a5639b2931a969f20bdd8a31622d4181877358324f96668d4ef4b6
Tests/GiftUIHostConfigurationTests/StaticSignalAnalyzerNRFEmbeddedLayoutScopeCodecTests.swift	GiftUIHostConfigurationTests	83	0	0	GiftUI,GiftUILayout,SignalAnalyzerTargetHost,Testing	5899b8334bbb80e86d3be93192d8619dd96267fc70af8a1af5c3bd6d3dfb7ec1
Tests/GiftUIHostConfigurationTests/StaticSignalAnalyzerNRFEmbeddedLayoutTextCodecTests.swift	GiftUIHostConfigurationTests	73	0	0	GiftUI,GiftUILayout,GiftUITextResources,SignalAnalyzerTargetHost,Testing	663c9a8915af456587f8e3c8aca5daf921b6206161301347bd88fbc440c47717
Tests/GiftUIHostConfigurationTests/StaticSignalAnalyzerNRFEmbeddedLayoutWorkspaceTests.swift	GiftUIHostConfigurationTests	306	0	0	GiftUI,GiftUILayout,GiftUIReferenceTextResources,GiftUITextResources,SignalAnalyzerTargetHost,Testing	0e628c2c40ac1c1eaa99797c9a70fba35d132596b3d76c7b7a2054b780d7b5c9
Tests/GiftUIHostConfigurationTests/StaticSignalAnalyzerNRFEmbeddedSemanticRegionTests.swift	GiftUIHostConfigurationTests	346	0	0	GiftUI,GiftUILayout,GiftUIReferenceTextResources,GiftUISemanticCore,SignalAnalyzerDomain,SignalAnalyzerTargetHost,Testing	85d72350ed80737719109ff53f5d5dc9d53fec608e8c9235c2276fcb02c7913f
Tests/GiftUIHostConfigurationTests/StaticSignalAnalyzerNRFEndpointTests.swift	GiftUIHostConfigurationTests	200	0	0	GiftUI,GiftUICapabilities,GiftUIDisplayCore,GiftUIExecution,GiftUIFailureCore,GiftUIHostConfiguration,GiftUIRasterCore,GiftUIRenderCore,GiftUISurfaceCore,SignalAnalyzerTargetHost,Testing	835918d089db5bb07197ebe617a8c08a1bb16b798c4f13d9d235bea1469e4c89
Tests/GiftUIHostConfigurationTests/StaticSignalAnalyzerNRFFactPayloadLayoutTests.swift	GiftUIHostConfigurationTests	23	0	0	SignalAnalyzerDomain,SignalAnalyzerPresentation,SignalAnalyzerTargetHost,Testing	65efcf6867e376467bb1a8dace04ea43b4f8d092687b93b9b31a79b896cba9db
Tests/GiftUIHostConfigurationTests/StaticSignalAnalyzerNRFInputABITests.swift	GiftUIHostConfigurationTests	246	0	0	GiftUI,GiftUIHostConfiguration,SignalAnalyzerTargetHost,Testing	5282907c808d5a9ed1f5504cf232897aef22b740d77bd25fccc86fbb2d6cb6fd
Tests/GiftUIHostConfigurationTests/StaticSignalAnalyzerNRFInputCoordinatorTests.swift	GiftUIHostConfigurationTests	245	0	0	GiftUI,GiftUIExecution,GiftUIHostConfiguration,SignalAnalyzerTargetHost,Testing	76ffe0cd96c4e443746bfceeda60b4e0a9d148521bc0a1a473ffea41eaeb8d59
Tests/GiftUIHostConfigurationTests/StaticSignalAnalyzerNRFInteractionHandlerTests.swift	GiftUIHostConfigurationTests	340	0	0	GiftUI,GiftUIExecution,GiftUIInteraction,GiftUIObservableState,GiftUIRuntimeStatic,SignalAnalyzerDomain,SignalAnalyzerPresentation,SignalAnalyzerTargetHost,Testing	5631703e5ea7b2ee831e82d863f58ff39eb6b4cb899f7edf99c61c21a0ab0275
Tests/GiftUIHostConfigurationTests/StaticSignalAnalyzerNRFLayoutScopeCodecTests.swift	GiftUIHostConfigurationTests	115	0	0	GiftUI,GiftUILayout,SignalAnalyzerTargetHost,Testing	c007eefee400a27a626a3459b4dceff04a76e8b1366f508b484538527c119dff
Tests/GiftUIHostConfigurationTests/StaticSignalAnalyzerNRFLayoutTextCodecTests.swift	GiftUIHostConfigurationTests	166	0	0	GiftUI,GiftUITextResources,SignalAnalyzerTargetHost,Testing	848fc86a01a2d7c998298b046d6cbe02d02ea80b0f6dd03539418d3be18c6a29
Tests/GiftUIHostConfigurationTests/StaticSignalAnalyzerNRFLayoutWorkspaceTests.swift	GiftUIHostConfigurationTests	263	0	0	GiftUI,GiftUILayout,GiftUIReferenceTextResources,GiftUITextResources,SignalAnalyzerTargetHost,Testing	054b31def2b355e883e476617093666265c8cbe45595a520ef882b702aafe83d
Tests/GiftUIHostConfigurationTests/StaticSignalAnalyzerNRFLivePathStorageTests.swift	GiftUIHostConfigurationTests	67	0	0	GiftUI,GiftUIDrawing,SignalAnalyzerTargetHost,Testing	7db346b9dc0997fb2b6a4ff7c706a9db04d304d0e8ede076fc835188d73eee8c
Tests/GiftUIHostConfigurationTests/StaticSignalAnalyzerNRFModelCaptureStateTests.swift	GiftUIHostConfigurationTests	197	0	0	SignalAnalyzerData,SignalAnalyzerDomain,SignalAnalyzerTargetHost,Testing	7bd6ee775e4b166da8fe8d133bafae96804e31c7ad93ddb4ec5326535852a44f
Tests/GiftUIHostConfigurationTests/StaticSignalAnalyzerNRFModelLocationTests.swift	GiftUIHostConfigurationTests	88	0	0	GiftUIHostConfiguration,SignalAnalyzerDomain,SignalAnalyzerTargetHost,Testing	4a05660cb7aae92a2572fcb8f2c5795aaa8abab13c7fc6378574a7997a606030
Tests/GiftUIHostConfigurationTests/StaticSignalAnalyzerNRFModelTextWriterTests.swift	GiftUIHostConfigurationTests	177	0	0	GiftUI,GiftUISemanticCore,SignalAnalyzerDomain,SignalAnalyzerPresentation,SignalAnalyzerTargetHost,Testing	de9d66f984d7ad37e1b4fbfbf75a88152b01fae94ce8c7d6dcd9e8c4aec69482
Tests/GiftUIHostConfigurationTests/StaticSignalAnalyzerNRFModifierPayloadTests.swift	GiftUIHostConfigurationTests	58	0	0	GiftUI,GiftUISemanticCore,SignalAnalyzerTargetHost,Testing	5fa56756f5cc37f328bb3a17d79520af9a0528d0eb65e11d5455daf6e969f826
Tests/GiftUIHostConfigurationTests/StaticSignalAnalyzerNRFPackedSemanticRecordsTests.swift	GiftUIHostConfigurationTests	263	0	0	GiftUI,SignalAnalyzerTargetHost,Testing	631958cc328e045378985c818ad603d17b2fe71dcfc5179174d534f0a1b5db56
Tests/GiftUIHostConfigurationTests/StaticSignalAnalyzerNRFPresentationCompositionTests.swift	GiftUIHostConfigurationTests	189	0	0	GiftUIHostConfiguration,SignalAnalyzerDomain,SignalAnalyzerTargetHost,Testing	c761a2a2cd7a475bd3f8414dc0df1ed2401cf286c2ae3e682c42c927dd757452
Tests/GiftUIHostConfigurationTests/StaticSignalAnalyzerNRFPresentationInputsTests.swift	GiftUIHostConfigurationTests	2297	0	0	GiftUI,GiftUIDrawing,GiftUIExecution,GiftUIFailureCore,GiftUIHostConfiguration,GiftUIInteraction,GiftUILayout,GiftUIReferenceTextResources,GiftUIRenderCore,GiftUIRenderLowering,GiftUIRuntimeCore,GiftUIRuntimeStatic,SignalAnalyzerData,SignalAnalyzerDomain,SignalAnalyzerHost,SignalAnalyzerPresentation,SignalAnalyzerTargetHost,Testing	59b9dcf12335bc15b5ea9cf817e12bb2c4621cd5262fa7ac09e28bb5f4b47e50
Tests/GiftUIHostConfigurationTests/StaticSignalAnalyzerNRFPrimitivePayloadTests.swift	GiftUIHostConfigurationTests	41	0	0	GiftUI,GiftUISemanticCore,SignalAnalyzerTargetHost,Testing	b3947752efe1a70ed0ebaaddcea6425b505eba2ce71fa916b5258b777d0f8dd2
Tests/GiftUIHostConfigurationTests/StaticSignalAnalyzerNRFProfileBindingTests.swift	GiftUIHostConfigurationTests	284	0	0	GiftUI,GiftUIDrawing,GiftUIExecution,GiftUIHostConfiguration,GiftUIRuntimeCore,SignalAnalyzerTargetHost,Testing	1b7a54bd08940ea4ae5c0ca83af003ed7b6f7583e7aaee46840c3e1fdf3d227b
Tests/GiftUIHostConfigurationTests/StaticSignalAnalyzerNRFProfileRegionsTests.swift	GiftUIHostConfigurationTests	84	0	0	GiftUIHostConfiguration,GiftUIRuntimeCore,SignalAnalyzerTargetHost,Testing	dc3357ed8cee83b8b3f02724da343d9d0f908886e8039e8a356783da3d63680f
Tests/GiftUIHostConfigurationTests/StaticSignalAnalyzerNRFReferenceMetricsTests.swift	GiftUIHostConfigurationTests	52	0	0	GiftUIReferenceTextResources,GiftUITextResources,SignalAnalyzerTargetHost,Testing	cc7f20f3ff1c95019760d4498454b3e0335495366f3410f9d1fc1493a710a836
Tests/GiftUIHostConfigurationTests/StaticSignalAnalyzerNRFRenderWorkspaceTests.swift	GiftUIHostConfigurationTests	59	0	0	GiftUI,GiftUIHostConfiguration,GiftUIRenderLowering,SignalAnalyzerTargetHost,Testing	8cb00cccca0d1a0cbdbac765b5e855759d76322bf9fb026e612309af80825f08
Tests/GiftUIHostConfigurationTests/StaticSignalAnalyzerNRFRepositoryProducerTests.swift	GiftUIHostConfigurationTests	243	0	0	SignalAnalyzerData,SignalAnalyzerDomain,SignalAnalyzerTargetHost,Testing	ab5954fd4f243e1e2148edc5ad7906036feb45b992384810648a3fa27eb3b7f9
Tests/GiftUIHostConfigurationTests/StaticSignalAnalyzerNRFRuntimeStorageTests.swift	GiftUIHostConfigurationTests	232	0	0	GiftUI,GiftUIDrawing,GiftUIExecution,GiftUIHostConfiguration,GiftUIInteraction,GiftUIRuntimeCore,SignalAnalyzerPresentation,SignalAnalyzerTargetHost,Testing	9f65158db4182a329156f82cf1291d4d9dc618a9836fd997c820ca635bdd184b
Tests/GiftUIHostConfigurationTests/StaticSignalAnalyzerNRFSPITFTTransportTests.swift	GiftUIHostConfigurationTests	31	0	0	SignalAnalyzerTargetHost,Testing	039ad8f3194999ece635b43df5112ec983fd1ebcbae28b94286f05db4b53f140
Tests/GiftUIHostConfigurationTests/StaticSignalAnalyzerNRFSealedFactApplicationTests.swift	GiftUIHostConfigurationTests	212	0	0	SignalAnalyzerDomain,SignalAnalyzerPresentation,SignalAnalyzerTargetHost,Testing	167e93ca654984e7a64ff57873ce8cb6fd1b7c9413450a4859938920456ecccb
Tests/GiftUIHostConfigurationTests/StaticSignalAnalyzerNRFTextPoolWriterTests.swift	GiftUIHostConfigurationTests	65	0	0	GiftUI,SignalAnalyzerTargetHost,Testing	96e2283954f7a39bf78e0902b2a699a32a74377ac95f0ad8b30ffcf46ca44911
Tests/GiftUIHostConfigurationTests/StaticSignalAnalyzerNRFTileStorageTests.swift	GiftUIHostConfigurationTests	75	0	0	SignalAnalyzerTargetHost,Testing	85e05226174861dd993adafcc4c5d54dd3de240da038d552f7818e79f8a0c250
Tests/GiftUIHostConfigurationTests/StaticSignalAnalyzerNRFTopologyWriterTests.swift	GiftUIHostConfigurationTests	114	0	0	SignalAnalyzerPresentation,SignalAnalyzerTargetHost,Testing	36c599aefe9a87426ce0838274a08643211351ac9f0507094ef4009fdcffc9db
Tests/GiftUIHostConfigurationTests/StaticSignalAnalyzerNRFUTF8TextPoolTests.swift	GiftUIHostConfigurationTests	77	0	0	GiftUI,SignalAnalyzerTargetHost,Testing	14bd54fda5b0227f18adc43ed7a821c9e8a4d103c4db59a8555b0db201489582
Sources/GiftUIInteraction/EffectiveActionEnabledState.swift	GiftUIInteraction	18	0	0	GiftUI	89e3dc5744fa9169605a04345ff52a3d483a72b80c7ff5ec56350520d0014f30
Sources/GiftUIInteraction/ExecutionGestureAdapter.swift	GiftUIInteraction	52	0	0	GiftUI,GiftUIExecution	f393fa156862774f0d92fc877a51528b9e5764e10c8678fcc9dca4ea260f107f
Sources/GiftUIInteraction/InteractionFailurePrecedence.swift	GiftUIInteraction	30	0	0	-	ec6e49fd95484273c7fdf8408d1ebbad34d889e75eeb26bcfd923255ea9c644f
Sources/GiftUIInteraction/InteractionState.swift	GiftUIInteraction	390	0	0	GiftUI,GiftUIExecution,GiftUILayout	b3456095eb8063cb811353780386e4e96bb629ad625cbbbb96f161489a30c53a
Sources/GiftUIInteraction/InteractionStorage.swift	GiftUIInteraction	56	0	0	GiftUI,GiftUIExecution	3a2e4e4907316de134814c58cb07735ae87d65965ad45e7634148f15bf4356d3
Sources/GiftUIInteraction/InteractionValues.swift	GiftUIInteraction	155	0	0	GiftUI,GiftUIExecution	49bcf84b9dbbdb93c0990d51c65d61e536579c454978aa42ffc4a5e5e3df97cc
Sources/GiftUIInteractionFailureAdapterFixture/InteractionFailureAdapter.swift	GiftUIInteractionFailureAdapterFixture	85	0	0	GiftUIFailureCore,GiftUIFailureExecution,GiftUIInteraction	deec08a7ef9844f770bf3715a12b0ce187eda3ec2daa89d9b519718014c15b4d
Sources/GiftUIInteractionFailureAdapterFixture/InteractionFailureContainment.swift	GiftUIInteractionFailureAdapterFixture	68	0	0	GiftUIFailureCore,GiftUIInteraction	fbf3a671ec1bcc1890537d0a4d2e6f5195f1fd614de7ea499157ffd40b60010c
Tests/GiftUIInteractionFailureAdapterTests/InteractionDiagnosticIsolationTests.swift	GiftUIInteractionFailureAdapterTests	170	0	0	GiftUIExecution,GiftUIFailureCore,GiftUIFailureDiagnostics,GiftUIInteraction,GiftUIInteractionFailureAdapterFixture,Testing	e820d7f7e3815b809106a1c468d0f77b9394d6efe7d36532ade95ea3cbc536fd
Tests/GiftUIInteractionFailureAdapterTests/InteractionFailureAdapterTests.swift	GiftUIInteractionFailureAdapterTests	116	0	0	GiftUIExecution,GiftUIFailureCore,GiftUIInteraction,GiftUIInteractionFailureAdapterFixture,Testing	68f3fdc4d89f0d6bcbd63e6df32730324a3c32efb27dd5c00663ca4cbbd50002
Tests/GiftUIInteractionFailureAdapterTests/InteractionFailureContainmentTests.swift	GiftUIInteractionFailureAdapterTests	98	0	0	GiftUIFailureCore,GiftUIInteraction,GiftUIInteractionFailureAdapterFixture,Testing	ed5f56ab76a2e5a69fb2360c4d6d1a1cce2751b9d71098126f90b39e9f259f90
Tests/GiftUIInteractionTests/InteractionCandidateAppendTests.swift	GiftUIInteractionTests	484	0	0	GiftUI,GiftUIExecution,GiftUIInteraction,XCTest	a1b08b2737e048891a6b93245445c5eda370099a9e51ceefb4d104223840ca65
Tests/GiftUIInteractionTests/InteractionFailurePrecedenceTests.swift	GiftUIInteractionTests	48	0	0	GiftUIInteraction,Testing	89a61d7a3afb43c088f38237721dd556d08ec6703f64868b37ff266906454c72
Tests/GiftUIInteractionTests/InteractionValueTests.swift	GiftUIInteractionTests	108	0	0	GiftUI,GiftUIExecution,GiftUIInteraction,XCTest	ede65af8f1fe1e5e59e082feba3eca06bcacc466c545572ea55f88f729f098de
Tests/GiftUIInteractionTests/RecordingActionValidationCoordinator.swift	GiftUIInteractionTests	43	0	0	GiftUI,GiftUIInteraction	f6149164839a45074b50310af8fdd39c637f4e4d3dd3d7d5195e96f50ecdf25a
Sources/GiftUILayout/Layout.swift	GiftUILayout	86	0	0	GiftUI,GiftUISemanticCore,GiftUITextResources	53b9ae0aacb3fc4a45f9203a0a8927fa564ea62c6073384a02ccc391544ed6d3
Sources/GiftUILayout/LayoutCounters.swift	GiftUILayout	112	0	0	-	735a80dc1133d7fcae6ba5ba455b520a8f0224494b2357af224ddea8c200bc12
Sources/GiftUILayout/LayoutEngine.swift	GiftUILayout	1797	0	0	GiftUI,GiftUISemanticCore,GiftUITextResources	9d42d8de443f373cb91e264b779a7c25295023c4c72ad9f39265f994ecc5ee02
Sources/GiftUILayout/LayoutError.swift	GiftUILayout	11	0	0	GiftUI,GiftUISemanticCore,GiftUITextResources	5733fe30105131fe00b87c4812e787a4efa6aed7236c84d5f93a0e0ddbcf629b
Sources/GiftUILayout/LayoutGeometry.swift	GiftUILayout	145	0	0	GiftUI	0ac0320ec58947aa4bc7c3f8ec0ff662e57f598d2a7764faa0d1c2bc33acfa92
Sources/GiftUILayout/LayoutPublication.swift	GiftUILayout	127	0	0	GiftUI,GiftUISemanticCore,GiftUITextResources	02e05a2d5e4031cde4940a33f42b52ffd0f87b9b7ad411b87a8e306cd15aad3a
Sources/GiftUILayout/LayoutResultSink.swift	GiftUILayout	36	0	0	GiftUI,GiftUISemanticCore,GiftUITextResources	57a52e0187904a317a7d3b00acf28afcd1854d2e62120cafd4fd12011e2ad06a
Sources/GiftUILayout/LayoutSemanticValidation.swift	GiftUILayout	365	0	0	GiftUI,GiftUISemanticCore,GiftUITextResources	f0bee6ef2764070831263663497a94e1446cd960b60c1a395847056a54a43d13
Sources/GiftUILayout/LayoutValues.swift	GiftUILayout	63	0	0	GiftUI,GiftUISemanticCore,GiftUITextResources	ec168c1eb9bc6dff3cfb5144ab752958dad62d4bc1c419e8f0dea1b4149e704b
Sources/GiftUILayout/LayoutWorkspace.swift	GiftUILayout	123	0	0	GiftUI,GiftUISemanticCore,GiftUITextResources	bbec7289fc9cb6c1f506e895231257c58bdd818ba6d0a020258cb7c97b342f81
Sources/GiftUILayout/ResolvedRenderLayoutView.swift	GiftUILayout	151	0	0	GiftUI,GiftUITextResources	7278d5216c075b499bee43e8b646f00a34f70f6b877ab9b4fc72de1878f10b33
Sources/GiftUILayoutFailureAdapterFixture/LayoutFailureAdapter.swift	GiftUILayoutFailureAdapterFixture	51	0	0	GiftUIFailureCore,GiftUILayout	6a69c9bd7a2f3cb4e15c5df041f29e33a6394ff109814ee650be8abef5330a6b
Tests/GiftUILayoutFailureAdapterTests/LayoutFailureAdapterTests.swift	GiftUILayoutFailureAdapterTests	73	0	0	GiftUIFailureCore,GiftUILayout,GiftUILayoutFailureAdapterFixture,Testing	87eddb9f3b3e3de8f3d59ebaf257fc4e4eab5c1d0bfbe98f87de8a05f2d57ef4
Tests/GiftUILayoutTests/LayoutCollaborationTests.swift	GiftUILayoutTests	860	0	0	GiftUI,GiftUILayout,GiftUISemanticCore,GiftUITextResources,Testing	d8c943ad9ba983e135458220eda1b1fe7afa724688766dd3f0a0dd8b163fbead
Tests/GiftUILayoutTests/LayoutCombinedCorpusTests.swift	GiftUILayoutTests	213	0	0	GiftUI,GiftUILayout,GiftUIReferenceTextResources,GiftUISemanticCore,GiftUITextResources,Testing	b4428ea5c81f69b8ce9a14e7495d7edd8ecc3f1f5f4edae65d92492f20cd61c3
Tests/GiftUILayoutTests/LayoutCounterTests.swift	GiftUILayoutTests	74	0	0	GiftUILayout,Testing	1b19c8e80e229ab19b222fd31eb6b01ae507d0821510d40981c5ce21b3478d4e
Tests/GiftUILayoutTests/LayoutErrorTests.swift	GiftUILayoutTests	53	0	0	GiftUILayout,Testing	5a5faff75166096415455ec4561d5d9d4f3de4e8ee1f3b4152b09a70b1aa7605
Tests/GiftUILayoutTests/LayoutGeometryTests.swift	GiftUILayoutTests	106	0	0	GiftUI,GiftUILayout,Testing	23638473e789d164f44b3964b00673a146564ce429647aa88a5a8752f0e1150b
Tests/GiftUILayoutTests/LayoutProfileEquivalenceTests.swift	GiftUILayoutTests	537	0	0	GiftUI,GiftUILayout,GiftUIReferenceTextResources,GiftUISemanticCore,GiftUITextResources,Testing	b1a1914567307532f134d75bc66d33315ca566b112d3dde65eaf322083a215a0
Tests/GiftUILayoutTests/LayoutSemanticValidationTests.swift	GiftUILayoutTests	526	0	0	GiftUI,GiftUILayout,GiftUISemanticCore,GiftUITextResources,Testing	cd65bc36b62a8724c669a9feeca6bd3ebb6a1651ae15074551e1e3ae231aee69
Tests/GiftUILayoutTests/LayoutStackTests.swift	GiftUILayoutTests	547	0	0	GiftUI,GiftUILayout,GiftUIReferenceTextResources,GiftUISemanticCore,GiftUITextResources,Testing	2cec37c60073d97902cca5e6a67b519a295781f10602ee4a90629455ad7f28fb
Tests/GiftUILayoutTests/LayoutTextTests.swift	GiftUILayoutTests	486	0	0	GiftUI,GiftUILayout,GiftUIReferenceTextResources,GiftUISemanticCore,GiftUITextResources,Testing	a748582241bfe8c2303c5b97be896fcf60e2079145606e7a6e33c409b12e0b05
Tests/GiftUILayoutTests/ResolvedRenderLayoutViewTests.swift	GiftUILayoutTests	403	0	0	GiftUI,GiftUILayout,GiftUIReferenceTextResources,GiftUISemanticCore,GiftUITextResources,Testing	241cc5270eb420576ca2733f580abb043a2426969e363774ecf12f5e14c84528
Sources/GiftUIMacros/GiftUIMacros.swift	GiftUIMacros	9	0	0	SwiftCompilerPlugin,SwiftSyntaxMacros	ef4a6ebefa765ea7581747190c1fc4d7fd97bc1b930a6b3ea26a74032388bc4d
Sources/GiftUIMacros/ObservableStateHostMacro.swift	GiftUIMacros	162	0	0	SwiftDiagnostics,SwiftSyntax,SwiftSyntaxBuilder,SwiftSyntaxMacros	7d418990f00ec3ae55a8ae919681858d0ee1fbdc38e28a760b6bf01417dfdf4f
Tests/GiftUIMacrosTests/ObservableStateHostMacroTests.swift	GiftUIMacrosTests	82	0	0	Foundation,GiftUIMacros,SwiftSyntaxMacroExpansion,SwiftSyntaxMacrosTestSupport,XCTest	2788224b68806faeff145c5fb1c7adb70cc7a26f7c0fb1cc2d95d6fdec7422fd
Sources/GiftUIObservableState/ObservableStateAssociationLifecycle.swift	GiftUIObservableState	139	0	0	-	433becfeee6f29a34a85c5fc07c5df5cb9cbc83bb4d47db061c91f4a8618b96e
Sources/GiftUIObservableState/ObservableStateAttachmentGenerationAllocator.swift	GiftUIObservableState	46	0	0	GiftUI,GiftUIExecution	5d93766c43fc5165f7a4471bd1e1146924fdddaea334103e971f80f9eb045d8a
Sources/GiftUIObservableState/ObservableStateBindingDecorator.swift	GiftUIObservableState	85	0	0	GiftUI,GiftUISemanticCore	c634ab14754b0b4a1ffca5b1ebfc69de992a1163adcd30ef9450a92c631d4755
Sources/GiftUIObservableState/ObservableStateCandidateLifecycle.swift	GiftUIObservableState	166	0	0	GiftUIExecution	5b452e404b01b32a7584b4c42a2cdd928c88a7ceff85dbfc333aa873dc554bcb
Sources/GiftUIObservableState/ObservableStateDirtyDerivation.swift	GiftUIObservableState	91	0	0	GiftUIExecution	d1e4ba239d7b3998f5ee4522ed10b32baadbb9e5b472d6a6ed362ad3b319fdfb
Sources/GiftUIObservableState/ObservableStateMutationResultSlot.swift	GiftUIObservableState	57	0	0	GiftUIExecution	ec70c096e3e84d67a2db4c5edac9241700e9928f90ec064aceab8cc5ab0a6e94
Sources/GiftUIObservableState/ObservableStateProtocols.swift	GiftUIObservableState	46	0	0	GiftUI,GiftUIExecution	a790f77d01df26177e99e2903446bf38dd5c50e463556020781d7e4264ee700c
Sources/GiftUIObservableState/ObservableStateRegistrationBridge.swift	GiftUIObservableState	93	0	0	GiftUI,GiftUIExecution	0cacbf704333fe691de3146bb58ccebc6e521506a281ae2f65517c303087fcaf
Sources/GiftUIObservableState/ObservableStateRegistrationLifecycle.swift	GiftUIObservableState	106	0	0	GiftUI	58367baadd5b6213f1bf3809106c2aba2639ddc86ec01907b6d1e9e79a706774
Sources/GiftUIObservableState/ObservableStateReplacementBridge.swift	GiftUIObservableState	137	0	0	GiftUI,GiftUIExecution	29a648dd19183b1b388e36782def8c952c4eb269002de09e7903d0e646376f64
Sources/GiftUIObservableState/ObservableStateReplacementTransaction.swift	GiftUIObservableState	191	0	0	GiftUI,GiftUIExecution	659b8c2a7a5b76bf54a445a12e2463740df62267f7b2899da5621fea10cc7da9
Sources/GiftUIObservableState/ObservableStateReportGuard.swift	GiftUIObservableState	93	0	0	GiftUI,GiftUIExecution	b586d7b5386f11d13da8f42c8293a04b81cee738541864f4b183de6894ba6999
Sources/GiftUIObservableState/ObservableStateReportRoute.swift	GiftUIObservableState	90	0	0	GiftUI,GiftUIExecution	f02b30c16f1c568072d9280a2bb2b0a89890d822de889f5a014a7346e0870833
Sources/GiftUIObservableState/ObservableStateTargetLifetime.swift	GiftUIObservableState	159	0	0	GiftUI,GiftUIExecution	35eb3304150a34856a4d135b870972935b4c69c7e730adad0d7065567ad6f175
Sources/GiftUIObservableState/ObservableStateTargetLookupSlot.swift	GiftUIObservableState	121	0	0	GiftUIExecution	44583f3fd29db18725080d618140e7f94855e870a7793e09a4b9b0ea2e400d11
Sources/GiftUIObservableState/ObservableStateValues.swift	GiftUIObservableState	59	0	0	GiftUIExecution	e42b180efa69e3fd7bda1aea79beb245c52d372a7e9ea3805f5f2a46548d3024
Sources/GiftUIObservableState/PresentationFactAdmission.swift	GiftUIObservableState	7	0	0	GiftUIExecution	751aa39b158133261c66b591cc82780fc60286b6c5562e48186820cbe3234ceb
Sources/GiftUIObservableStateFailureAdapterFixture/ObservableStateFailureAdapter.swift	GiftUIObservableStateFailureAdapterFixture	171	0	0	GiftUIFailureCore,GiftUIObservableState	f2dd5c9ea01a8dbfc37db6346c579505ce2fd89609f8c4aaa793fadea0195444
Tests/GiftUIObservableStateFailureAdapterTests/ObservableStateDiagnosticIsolationTests.swift	GiftUIObservableStateFailureAdapterTests	169	0	0	GiftUIFailureCore,GiftUIFailureDiagnostics,GiftUIObservableState,GiftUIObservableStateFailureAdapterFixture,Testing	018ecb93e6ad9c2d922cb3858c037950ad29cfefabd4136a110bfadb7c6d3fbc
Tests/GiftUIObservableStateFailureAdapterTests/ObservableStateFailureAdapterTests.swift	GiftUIObservableStateFailureAdapterTests	120	0	0	GiftUIFailureCore,GiftUIObservableState,GiftUIObservableStateFailureAdapterFixture,Testing	0de65b820a95e1aea062129545ac614db96ccadf42cc3e0a945cb85b4c31de5a
Tests/GiftUIObservableStateFailureAdapterTests/ObservableStateFailurePolicyTests.swift	GiftUIObservableStateFailureAdapterTests	196	0	0	GiftUIFailureCore,GiftUIObservableState,GiftUIObservableStateFailureAdapterFixture,Testing	88247eeecb2c417d2d48106cffe5eb06267ce39a264472fa18cdfb96c34ace9b
Tests/GiftUIObservableStateTests/ObservableStateAssociationLifecycleTests.swift	GiftUIObservableStateTests	382	0	0	GiftUI,GiftUIObservableState,Testing	c1e014bdd16230c91bc80c621c503dd4bb249ec78037610e43f2e75cf6bea239
Tests/GiftUIObservableStateTests/ObservableStateAttachmentGenerationAllocatorTests.swift	GiftUIObservableStateTests	114	0	0	GiftUI,GiftUIExecution,GiftUIObservableState,Testing	f454aa8636199fe4fe10ed045ce931e6579caef8651908b8d3d13ef897885365
Tests/GiftUIObservableStateTests/ObservableStateBindingDecoratorTests.swift	GiftUIObservableStateTests	221	0	0	GiftUI,GiftUIObservableState,Testing	b93fc958d7490027e0eb87055d6a7864d45585fc0ec40b936823f0f78227f62f
Tests/GiftUIObservableStateTests/ObservableStateCandidateLifecycleTests.swift	GiftUIObservableStateTests	246	0	0	GiftUIExecution,GiftUIObservableState,Testing	926442e95cf9ab2a0200227d9a492179b184f6b1a5559bcd8b8fedc79239e610
Tests/GiftUIObservableStateTests/ObservableStateDirtyDerivationTests.swift	GiftUIObservableStateTests	120	0	0	GiftUIExecution,GiftUIObservableState,Testing	5d4a99a0e22b2ba6f70590182abc2819cfbc20601390382b10ce49cb69e50ad8
Tests/GiftUIObservableStateTests/ObservableStateMutationResultSlotTests.swift	GiftUIObservableStateTests	117	0	0	GiftUI,GiftUIExecution,GiftUIObservableState,Testing	9b27e3c383acad5cb91b5a2a9966cfeaed422a711781533b0bec4469ed798cc3
Tests/GiftUIObservableStateTests/ObservableStateProtocolTests.swift	GiftUIObservableStateTests	268	0	0	GiftUI,GiftUIExecution,GiftUIObservableState,Testing	e31752b47c564130778b95d0122cb833164d9e95dd43b05f5a99901f56e68983
Tests/GiftUIObservableStateTests/ObservableStateReconciliationFaultTests.swift	GiftUIObservableStateTests	185	0	0	GiftUI,GiftUIExecution,GiftUIObservableState,Testing	d2f185f0e10a07f658c47b53deee7971c226207b65eb0090c0eae2931a3ad1b7
Tests/GiftUIObservableStateTests/ObservableStateRegistrationBridgeTests.swift	GiftUIObservableStateTests	119	0	0	GiftUI,GiftUIExecution,GiftUIObservableState,Testing	674426622e563beee219840bec734ef21852157185da9b078824ddeaa2e157fd
Tests/GiftUIObservableStateTests/ObservableStateReplacementBridgeTests.swift	GiftUIObservableStateTests	80	0	0	GiftUI,GiftUIExecution,GiftUIObservableState,Testing	a50739ba469e00bdfcf11313f7a74b439b2e209e7419d1fb24ce61b192547471
Tests/GiftUIObservableStateTests/ObservableStateReplacementTransactionTests.swift	GiftUIObservableStateTests	253	0	0	GiftUI,GiftUIExecution,GiftUIObservableState,Testing	af2a3f9189bd60bdb1db8f09d21bfe496e7aa7590d0c68a3ec094cb0409c211f
Tests/GiftUIObservableStateTests/ObservableStateReportGuardTests.swift	GiftUIObservableStateTests	197	0	0	GiftUI,GiftUIExecution,GiftUIObservableState,Testing	fd0139b7162b9e3ab604b97e205759ac1fd7e0c4a9643bf65a4576ac8b4ce428
Tests/GiftUIObservableStateTests/ObservableStateReportRouteTests.swift	GiftUIObservableStateTests	188	0	0	GiftUI,GiftUIExecution,GiftUIObservableState,Testing	1eec7d77abf7820c904e7297a18e62abc1b8c619c50b7674988f125c7ab717c5
Tests/GiftUIObservableStateTests/ObservableStateTargetLifetimeTests.swift	GiftUIObservableStateTests	173	0	0	GiftUI,GiftUIExecution,GiftUIObservableState,Testing	7900350b7e74d4f51526a2cfd7df45c0346b7f1c1657149af28c1a81d9f303e7
Tests/GiftUIObservableStateTests/ObservableStateTargetLookupSlotTests.swift	GiftUIObservableStateTests	171	0	0	GiftUIExecution,GiftUIObservableState,Testing	e8bcb7d5864c484352247ad15c8675fb8a97033c7d85818a2558fa10fc9e962f
Tests/GiftUIObservableStateTests/ObservableStateValueTests.swift	GiftUIObservableStateTests	140	0	0	GiftUIObservableState,Testing	ccae10afb239ffaed6a3e13afecc8fb4a58f3c253f1da312b21720e361fc24e6
Tests/GiftUIObservableStateTests/PresentationFactAdmissionTests.swift	GiftUIObservableStateTests	105	0	0	GiftUI,GiftUIExecution,GiftUIObservableState,Testing	12d27bfb75215b0f2c5c3649e78b1e5c23958da05ace5b556dd3d6337e785428
Sources/GiftUIPlatformRaspberryPi/LinuxPiScreenDevices.swift	GiftUIPlatformRaspberryPi	269	0	1	GiftUI,Glibc	417d2e1edbd82b26ac968c5dc162b477600feb33fd5f0ed84823f67854593405
Sources/GiftUIPlatformRaspberryPi/LinuxPiScreenExercise.swift	GiftUIPlatformRaspberryPi	140	0	1	GiftUI,GiftUIDisplayCore,GiftUISurfaceCore,Glibc	01cd9b72c3bb0a21dfdab4952a27d00a1f7756a7f115bf781577362435a235f0
Sources/GiftUIPlatformRaspberryPi/PiScreenConsoleModeOwner.swift	GiftUIPlatformRaspberryPi	77	0	0	-	1ccc05cd1c390c836ac0fdbadbe25bd1759ee047dbb5e1539fa87e1d3ccb7e64
Sources/GiftUIPlatformRaspberryPi/PiScreenDisplayTarget.swift	GiftUIPlatformRaspberryPi	254	0	0	GiftUI,GiftUICapabilities,GiftUIDisplayCore,GiftUIFailureCore,GiftUISurfaceCore	2e6936ae09060d7df28cc031ccfaf66a0e57e55f9320473c7ccc2305f2840a8a
Sources/GiftUIPlatformRaspberryPi/PiScreenFramebufferProjection.swift	GiftUIPlatformRaspberryPi	77	0	0	-	f9de0aafe58f2779fe69914e7f7c584b64076f2b7d5f96441542efa6618dbb5b
Sources/GiftUIPlatformRaspberryPi/PiScreenGeometry.swift	GiftUIPlatformRaspberryPi	253	0	0	GiftUI	a50563bd92756042372fb8eba3a71e13ae37a4b56a3494a9daccc526f49ac1d4
Sources/GiftUIPlatformRaspberryPi/PiScreenInputEventDecoder.swift	GiftUIPlatformRaspberryPi	42	0	0	GiftUI	59a567adef3c0eb90df7bfe612b4a7ed1b87b4760713be8b880e0bad1fb33bd6
Tests/GiftUIPlatformRaspberryPiTests/PiScreenInputEventDecoderTests.swift	GiftUIPlatformRaspberryPiTests	52	0	0	GiftUI,GiftUIPlatformRaspberryPi,Testing	44c74b3037749a9ea58cc9e462201a670b90ee13b8682c32ca1c5936d9b47da1
Tests/GiftUIPlatformRaspberryPiTests/PiScreenPlatformTests.swift	GiftUIPlatformRaspberryPiTests	350	0	0	GiftUI,GiftUICapabilities,GiftUIDisplayCore,GiftUIPlatformRaspberryPi,GiftUISurfaceCore,Testing	fa14ea145fb8964a043098d0887e6e984e7bfa6c1e53ea1fcdc8844b0aa6e269
Sources/GiftUIRasterCore/FullSurfaceRGB565Framebuffer.swift	GiftUIRasterCore	139	0	0	GiftUI,GiftUICapabilities,GiftUIRenderCore,GiftUISurfaceCore	449a1be1050367462f67ab32a98553f6c573a79f1a79a6a26be98e6df06ac5e1
Sources/GiftUIRasterCore/FullSurfaceRGBA8888Buffer.swift	GiftUIRasterCore	139	0	0	GiftUI,GiftUICapabilities,GiftUIRenderCore,GiftUISurfaceCore	27119d052890cad6f40ab4d64ed1f584f32b005d513bf910f23557b6cc86c48d
Sources/GiftUIRasterCore/RGB565TileWorkspace.swift	GiftUIRasterCore	159	0	0	GiftUI,GiftUICapabilities,GiftUISurfaceCore	e7f8fdfe6b23a33aeaad656ffc0ad745d14026dd3e55c8a1d069c1cb60915ce4
Sources/GiftUIRasterCore/RasterBackendContributionAdapter.swift	GiftUIRasterCore	82	0	0	GiftUICapabilities	07daa8c1ac38863bdbe0340061b8c7de703e912a8990155d91560d07fa88dbb6
Sources/GiftUIRasterCore/RasterFillCoverage.swift	GiftUIRasterCore	87	0	0	GiftUI,GiftUIRenderCore,GiftUISurfaceCore	e71a27b6a6e5ee0557bef856d70cfa8b7551ab2d3f93e830f31b414a21b03594
Sources/GiftUIRasterCore/RasterFrameSink.swift	GiftUIRasterCore	8	0	0	GiftUIRenderCore,GiftUISurfaceCore	93e7455f817de8a665933761c3580c59451d4c9cf12d9b9e8773aa4b28e1582a
Sources/GiftUIRasterCore/RasterFrameWork.swift	GiftUIRasterCore	115	0	0	GiftUI,GiftUICapabilities,GiftUIRenderCore,GiftUISurfaceCore	f2433ae30e9ed44bc16e2f1faca715f4c6e1608c7a13545e426e76b72bde5090
Sources/GiftUIRasterCore/RasterGlyphCoverage.swift	GiftUIRasterCore	256	0	0	GiftUI,GiftUICapabilities,GiftUIRenderCore,GiftUISurfaceCore,GiftUITextResources	d73b11eb6382d40bb0e9a0f336fb5d377f5bfb43f484534906b196aea9f26262
Sources/GiftUIRasterCore/RasterPayloadLimits.swift	GiftUIRasterCore	95	0	0	-	23234d9ba4e630bb6279e31a9ab8ae72b8f9e3b2f9477784bf42697ecab544c3
Sources/GiftUIRasterCore/RasterStrokeCoverage.swift	GiftUIRasterCore	881	0	5	GiftUI,GiftUIRenderCore,GiftUISurfaceCore	4a88309a22aee5c30bc828684fd03d0fae858540fe7ab2e43d0cddfd8da012ac
Sources/GiftUIRasterCore/RasterWorkTracker.swift	GiftUIRasterCore	145	0	0	-	16f7c34ef32538f22b340163c402f551e3fd875b66f2e074d8049d6f51d6468f
Tests/GiftUIRasterCoreTests/CanonicalEncodingTests.swift	GiftUIRasterCoreTests	59	0	0	GiftUI,GiftUICapabilities,GiftUIRasterCore,GiftUISurfaceCore,Testing	cfcd01e1995b2e9627262ab2ac0656a2474c8b86b76271d3ffe597c41e2cf089
Tests/GiftUIRasterCoreTests/CanonicalRecordingRasterTests.swift	GiftUIRasterCoreTests	388	0	0	GiftUI,GiftUICapabilities,GiftUIRasterCore,GiftUIRenderCore,GiftUISurfaceCore,GiftUITextResources,Testing	c57dc4804abe7a6173a3b056b084895af80cdff855b788c5b261dc4694cc1656
Tests/GiftUIRasterCoreTests/FullSurfaceRGB565FramebufferTests.swift	GiftUIRasterCoreTests	144	0	0	GiftUI,GiftUICapabilities,GiftUIRasterCore,GiftUIRenderCore,GiftUISurfaceCore,Testing	6f68ea264e6523c2f208af11d6d60edde510c009db8fbdbf97102ac7a321e359
Tests/GiftUIRasterCoreTests/FullSurfaceRGBA8888BufferTests.swift	GiftUIRasterCoreTests	159	0	0	GiftUI,GiftUICapabilities,GiftUIRasterCore,GiftUIRenderCore,GiftUISurfaceCore,Testing	d5ff8b337f8d44175a03f124c44341658d8c1ef2329d052d534fdff51a9f0722
Tests/GiftUIRasterCoreTests/FullSurfaceRasterComparisonTests.swift	GiftUIRasterCoreTests	203	0	0	GiftUI,GiftUICapabilities,GiftUIRasterCore,GiftUIRenderCore,GiftUISurfaceCore,Testing	63d7da44a4196fc0a4597ad985c39cae43da26f7d1cacc302883b78731019d6f
Tests/GiftUIRasterCoreTests/RasterBackendContributionAdapterTests.swift	GiftUIRasterCoreTests	157	0	0	GiftUICapabilities,GiftUIRasterCore,Testing	14c425e1f532b1041ec124b225e90b9cb6defd7a930ada5a6b7aaf6e26a3645a
Tests/GiftUIRasterCoreTests/RasterFillCoverageTests.swift	GiftUIRasterCoreTests	162	0	0	GiftUI,GiftUICapabilities,GiftUIRasterCore,GiftUIRenderCore,GiftUISurfaceCore,Testing	71a59fde32979584a11967277add2abbedc1f76dc8ea9250c6b8efaefac075aa
Tests/GiftUIRasterCoreTests/RasterFrameWorkTests.swift	GiftUIRasterCoreTests	256	0	0	GiftUI,GiftUICapabilities,GiftUIRasterCore,GiftUIRenderCore,GiftUISurfaceCore,Testing	a4f0232a14760f20635b07d1c6f4b0932621bf2a6c92ff02ac4a9080fd52a8ab
Tests/GiftUIRasterCoreTests/RasterGlyphCoverageTests.swift	GiftUIRasterCoreTests	326	0	0	GiftUI,GiftUICapabilities,GiftUIRasterCore,GiftUIRenderCore,GiftUISurfaceCore,GiftUITextResources,Testing	2516224276068224ad39a8a23054f521a8864452d4477f2de348693ac19b5551
Tests/GiftUIRasterCoreTests/RasterPayloadLimitsTests.swift	GiftUIRasterCoreTests	97	0	0	GiftUIRasterCore,Testing	ab90d707e87d9c5b3588575222ee0fce2af79b012a3faf44e75eba68fb50ca4f
Tests/GiftUIRasterCoreTests/RasterStrokeCoverageTests.swift	GiftUIRasterCoreTests	510	0	0	GiftUI,GiftUICapabilities,GiftUIRasterCore,GiftUIRenderCore,GiftUISurfaceCore,Testing	eb811bd83a0739d28d77ab07404a616ac8f55720a91264f7b621a8a6e942ca13
Tests/GiftUIRasterCoreTests/RasterWorkTrackerTests.swift	GiftUIRasterCoreTests	126	0	0	GiftUIRasterCore,Testing	417afb1eb02579b23f9bf82c71e3f3a69bc4b5bcd3bcc4c990c6eb79cb147c2a
Sources/GiftUIReferenceTextResources/Generated/ReferenceBitmapPayload.generated.swift	GiftUIReferenceTextResources	1101	1	0	GiftUITextResources	5c0e5726f559ee9c43815219f7278b6dd75090e86a20b31e02428a53c396a6ef
Sources/GiftUIReferenceTextResources/Generated/ReferenceCatalogue.generated.swift	GiftUIReferenceTextResources	454	1	0	GiftUI,GiftUITextResources	7a4085655de8b4738aeb9e27956922684c2d56235679b4775a7bd4f6de7ff70b
Sources/GiftUIReferenceTextResources/Generated/ReferenceOutlinePayload.generated.swift	GiftUIReferenceTextResources	1806	1	0	GiftUITextResources	acc9dab1fb43cb20cfcb460dfbb2e902d6dc9096c5b2ecbc15d19f4c42d84551
Sources/GiftUIReferenceTextResources/GiftUIPiCompactTextResources.swift	GiftUIReferenceTextResources	97	0	0	GiftUITextResources	fadbaa0ad0a880800339390d1b3f9f3f151d93fba0e9107d9af24087f025cdce
Sources/GiftUIReferenceTextResources/GiftUIReferenceTextResources.swift	GiftUIReferenceTextResources	177	0	6	GiftUITextResources	824fbc8743921029b8682e775c92628de7b65f1198b8682cc3d2c5be645a4922
Sources/GiftUIReferenceTextResources/PiCompactGenerated/PiCompactBitmapPayload.generated.swift	GiftUIReferenceTextResources	977	1	0	GiftUITextResources	6d9ae291e7c780cf049010cd8912742ccc36f8b89452db6132086776e0b7bca3
Sources/GiftUIReferenceTextResources/PiCompactGenerated/PiCompactCatalogue.generated.swift	GiftUIReferenceTextResources	339	1	0	GiftUI,GiftUITextResources	0f8900aaf2433a975276603039af1d4200759ec081394e193d149656d78c0c89
Tests/GiftUIReferenceTextResourcesTests/AssemblyLifecycleTests.swift	GiftUIReferenceTextResourcesTests	264	0	0	GiftUIReferenceTextResources,GiftUITextResources,Testing	aefd4c450b42d09e33e0b2233e82144b1c8890540a2451079120ff8061cb05fa
Tests/GiftUIReferenceTextResourcesTests/GiftUIReferenceTextResourcesTests.swift	GiftUIReferenceTextResourcesTests	65	0	0	GiftUIReferenceTextResources,GiftUITextResources,Testing	a2066b2886cd05063be2c99a127fc95105d12af6cf6351fb757ea0e035bf872b
Tests/GiftUIReferenceTextResourcesTests/SynchronousOfferTests.swift	GiftUIReferenceTextResourcesTests	293	0	0	GiftUI,GiftUIReferenceTextResources,GiftUITextResources,Testing	be42c17891e87f242372821f8f0137a51c109b72903a1a8fdbf1b81b5bd6a532
Sources/GiftUIRenderCore/DrawingOperationSink.swift	GiftUIRenderCore	57	0	0	GiftUI	4d35496afb8dc6b4827b52b3441a8258a5f91754c765a8828cb5ff7ebaafba88
Sources/GiftUIRenderCore/RenderOperationSink.swift	GiftUIRenderCore	13	0	0	-	02ba1989d36434e1e7db7984acce9ccc4a7861857c53de7d49676968aaaf1f43
Sources/GiftUIRenderCore/RenderRecordingSink.swift	GiftUIRenderCore	89	0	0	-	3db5511a8127d03eb51c6e6bf232a817d0eb6a2768583433767a05267ebdead2
Sources/GiftUIRenderCore/RenderValues.swift	GiftUIRenderCore	93	0	0	GiftUI,GiftUITextResources	d4a0e5274c7c8e88a4e7c6c9c0bf5345ea1e83b5086b1f32373f01c7a4940722
Tests/GiftUIRenderCoreTests/DrawingOperationSinkTests.swift	GiftUIRenderCoreTests	101	0	0	GiftUI,GiftUIRenderCore,Testing	3485d6132307778d6ccc02ce74673b40e78c2caf9cdb9dc2ee2c530a89ba3f63
Tests/GiftUIRenderCoreTests/RenderOperationSinkTests.swift	GiftUIRenderCoreTests	325	0	0	GiftUI,GiftUIRenderCore,GiftUITextResources,Testing	20ddb0e04659855c4d1113d926ce9f9c46eba52e7f8a59868223ab64ef4aad49
Tests/GiftUIRenderCoreTests/RenderRecordingSinkTests.swift	GiftUIRenderCoreTests	226	0	0	GiftUI,GiftUIRenderCore,GiftUITextResources,Testing	3bad58bd8af7046d90ce16c3d572781c7d00b0ebf17f1f790f4e84f0623ec5be
Tests/GiftUIRenderCoreTests/RenderRecordingVerificationTests.swift	GiftUIRenderCoreTests	269	0	0	GiftUI,GiftUIRenderCore,GiftUITextResources,Testing	880c920b8fc27f64bed5997835214ff0471e6c627617f1658deab2ac35a08159
Tests/GiftUIRenderCoreTests/RenderValueTests.swift	GiftUIRenderCoreTests	95	0	0	GiftUI,GiftUIRenderCore,GiftUITextResources,Testing	ebca724162969bb69d57b5b86e4d50f10eee48d893ab239b06944e2b7ab37808
Sources/GiftUIRenderFailureAdapterFixture/RenderFailureAdapter.swift	GiftUIRenderFailureAdapterFixture	60	0	0	GiftUIFailureCore,GiftUIRenderLowering	9eef469cedddf44ac3022c4d0b5b215f57027b2113f6a1968cb95e0ca20a5263
Tests/GiftUIRenderFailureAdapterTests/RenderFailureAdapterTests.swift	GiftUIRenderFailureAdapterTests	78	0	0	GiftUIFailureCore,GiftUIRenderFailureAdapterFixture,GiftUIRenderLowering,Testing	9ce688adb756a147fcee847b9e55dc5fe2172b408ee5061ead65a9c4f308762e
Sources/GiftUIRenderLowering/RenderExtensions.swift	GiftUIRenderLowering	50	0	0	GiftUI,GiftUILayout,GiftUIRenderCore,GiftUISemanticCore	b4b73e4193b61650d587b0134e626058da433b2c25176df35e3a9f74618fddf9
Sources/GiftUIRenderLowering/RenderPreflight.swift	GiftUIRenderLowering	565	0	0	GiftUI,GiftUILayout,GiftUIRenderCore,GiftUISemanticCore,GiftUITextResources	5ec59962710165d399f8d13487e4405fc69f53e62a54e8387ae15d914f1fb87e
Sources/GiftUIRenderLowering/RenderProducer.swift	GiftUIRenderLowering	148	0	0	GiftUI,GiftUILayout,GiftUIRenderCore,GiftUISemanticCore,GiftUITextResources	30ddebed47f5092e8e158e7b07912c6bf4ba3460f5a0db416ebcdc5c00aa20a1
Sources/GiftUIRenderLowering/RenderProductionValues.swift	GiftUIRenderLowering	76	0	0	GiftUI,GiftUIRenderCore	0005e5774c9a7658547f91d79b685b2033d59928d01ecd07136b80eaab535bcc
Sources/GiftUIRenderLowering/RenderStreaming.swift	GiftUIRenderLowering	482	0	0	GiftUI,GiftUILayout,GiftUIRenderCore,GiftUISemanticCore,GiftUITextResources	c522f90d0a7e74aeaa6f2109ddbb6b54738de27f2d36e148eda08621633d7371
Tests/GiftUIRenderLoweringTests/DirectRenderViewFixtureTests.swift	GiftUIRenderLoweringTests	263	0	0	GiftUILayout,GiftUIRenderLowering,GiftUISemanticCore,Testing	7f7572e04bde30de09af4f5ceefe063b694c2a0d005823df6853eedfe8432168
Tests/GiftUIRenderLoweringTests/DirectRenderViewFixtures.swift	GiftUIRenderLoweringTests	238	0	0	GiftUI,GiftUILayout,GiftUISemanticCore,GiftUITextResources	320d91b1cbe066ea16d01d6f50153e5cf772d4658fd975f1cdf034990c094b59
Tests/GiftUIRenderLoweringTests/RenderPreflightTests.swift	GiftUIRenderLoweringTests	2856	0	0	GiftUI,GiftUILayout,GiftUIRenderCore,GiftUIRenderLowering,GiftUISemanticCore,GiftUITextResources,Testing	baff7d2d9583fce0884fd91636845ca2b150d6d0ce2dabf1db4c2ffde194b4ea
Tests/GiftUIRenderLoweringTests/RenderProductionValueTests.swift	GiftUIRenderLoweringTests	266	0	0	GiftUI,GiftUIRenderCore,GiftUIRenderLowering,Testing	208b7896b80fe723f3669cf0fa1a7a9df35e6713ff836633ddaff030c5e6b8ac
Tests/GiftUIRenderLoweringTests/RenderProfileEquivalenceTests.swift	GiftUIRenderLoweringTests	676	0	0	GiftUI,GiftUIFailureCore,GiftUILayout,GiftUIRenderCore,GiftUIRenderFailureAdapterFixture,GiftUIRenderLowering,GiftUISemanticCore,GiftUITextResources,Testing	e5ceba1fbcf1c622abb1f487b848af21f627bdb973c452c2227dbaad9ab2dd75
Tests/GiftUIRenderLoweringTests/RenderViewBorrowTests.swift	GiftUIRenderLoweringTests	113	0	0	GiftUI,GiftUILayout,GiftUISemanticCore,Testing	fe9c5fe2e3fb4b14309130f8cb07334512dad74973e762f8c02861e302226ab8
Tests/GiftUIRuntimeConformanceTests/ObservableProfileWorkspaceTests.swift	GiftUIRuntimeConformanceTests	373	0	0	GiftUI,GiftUIExecution,GiftUIObservableState,Testing	7184ae721a5270edabac7165b4725de403615b29cb37f28102380ba415f9a776
Tests/GiftUIRuntimeConformanceTests/ProductionObservableModelStorageTests.swift	GiftUIRuntimeConformanceTests	186	0	0	GiftUI,GiftUIObservableState,GiftUIRuntimeDynamic,GiftUIRuntimeStatic,Testing	7b01d4f7da6bd637c78fcf5d2213e4881bd89f357fd4260d26d4d5537d7458f1
Tests/GiftUIRuntimeConformanceTests/ProductionObservableProfileWorkspaceTests.swift	GiftUIRuntimeConformanceTests	256	0	0	GiftUI,GiftUIExecution,GiftUIObservableState,GiftUIRuntimeCore,GiftUIRuntimeDynamic,GiftUIRuntimeStatic,Testing	5b27b5d5fcd45d19dd85c435e06e8213903a4c043c8ae04bb82355ef7c4de864
Tests/GiftUIRuntimeConformanceTests/ProductionObservableRegistrationTests.swift	GiftUIRuntimeConformanceTests	267	0	0	GiftUI,GiftUIExecution,GiftUIObservableState,GiftUIRuntimeDynamic,GiftUIRuntimeStatic,Testing	7f7c25a1c0368d0481f2efe60911e005054806c3c11543b9d0f6a0bf75382ad3
Tests/GiftUIRuntimeConformanceTests/ProductionObservableRootActionDispatchTests.swift	GiftUIRuntimeConformanceTests	248	0	0	GiftUI,GiftUIExecution,GiftUIInteraction,GiftUIObservableState,GiftUIRuntimeCore,GiftUIRuntimeDynamic,GiftUIRuntimeStatic,Testing	ce4ed74d35d46e68554177a61d72df562928bd7b6665ad76a9cb8666bee574ed
Tests/GiftUIRuntimeConformanceTests/ProductionObservableRootAdapterTests.swift	GiftUIRuntimeConformanceTests	599	0	0	GiftUI,GiftUIExecution,GiftUIObservableState,GiftUIRuntimeDynamic,GiftUIRuntimeStatic,Testing	91e6097b66af09912ec5edfced78d4be437bbc8d9e37e208bdbdee8004fa8ec1
Tests/GiftUIRuntimeConformanceTests/ProfileCanvasStorageDifferentialTests.swift	GiftUIRuntimeConformanceTests	264	0	1	GiftUI,GiftUIDrawing,GiftUIRuntimeCore,GiftUIRuntimeDynamic,GiftUIRuntimeStatic,Testing	c3ff0f9ad6743f362a9a64a629d4440b17b5c4ad39a21cb2ab099b643d58640e
Tests/GiftUIRuntimeConformanceTests/ProfileDifferentialTests.swift	GiftUIRuntimeConformanceTests	794	0	0	GiftUI,GiftUIDrawing,GiftUIExecution,GiftUIInteraction,GiftUILayout,GiftUIObservableState,GiftUIRenderCore,GiftUIRenderLowering,GiftUIRuntimeCore,GiftUIRuntimeDynamic,GiftUIRuntimeStatic,GiftUISemanticCore,Testing	f0f7d8006009dd420fdc8b0fc0b954e6a4507275510bfa6ddf6d2eb081f89853
Tests/GiftUIRuntimeConformanceTests/RuntimeConformanceBoundaryTests.swift	GiftUIRuntimeConformanceTests	7	0	0	GiftUIRuntimeCore,GiftUIRuntimeDynamic,GiftUIRuntimeStatic,Testing	404c74c8a6329996806d2f0fb453e0170adbbd6bd1d46630a5147ff35f239a4b
Sources/GiftUIRuntimeCore/RuntimeCompletePipeline.swift	GiftUIRuntimeCore	454	0	0	GiftUI,GiftUIExecution	d55e75af82a611eb3a47f8bdafcf585f3fd75bdcc364d1a7f18f33d2e5cfc72d
Sources/GiftUIRuntimeCore/RuntimeCoordinatorCleanup.swift	GiftUIRuntimeCore	163	0	0	-	bc912a0f80009ea097042ae4eeb357be895d161602f00add63868ce05a733597
Sources/GiftUIRuntimeCore/RuntimeCoordinatorContracts.swift	GiftUIRuntimeCore	26	0	0	GiftUI,GiftUIDrawing,GiftUIExecution,GiftUIInteraction,GiftUILayout,GiftUIObservableState,GiftUIRenderCore,GiftUISemanticCore	25d36231bc04d6b730a39aee60b9c53017dabb35efd2b7337ddd9696509485f4
Sources/GiftUIRuntimeCore/RuntimeCoordinatorLifecycle.swift	GiftUIRuntimeCore	159	0	0	GiftUIExecution	e205b58cb2a3539dd3a2baff0d76b4de7d2244fd003f962b0b6f9e1d8b41e816
Sources/GiftUIRuntimeCore/RuntimeCoordinatorQuiescence.swift	GiftUIRuntimeCore	108	0	0	-	df6ee95bb5a9a5fdd7b5f325e0c5e8f74556fb515bd429537880e752eadb1f7e
Sources/GiftUIRuntimeCore/RuntimeCoreBoundary.swift	GiftUIRuntimeCore	10	0	0	GiftUI,GiftUIDrawing,GiftUIExecution,GiftUIInteraction,GiftUILayout,GiftUIObservableState,GiftUIRenderCore,GiftUIRenderLowering,GiftUISemanticCore,GiftUITextResources	25eb74d4020f6055e92d15157564c5b0107bc68b815b6fa7cd051b884b98dbaf
Sources/GiftUIRuntimeCore/RuntimeFocusedFailureState.swift	GiftUIRuntimeCore	43	0	0	GiftUIExecution	c1fa51e550f8b3c16364e1c714fe16118c2549cf19191e789e550c7b46d9668d
Sources/GiftUIRuntimeCore/RuntimeInteractionCandidateCoordinator.swift	GiftUIRuntimeCore	152	0	0	GiftUI,GiftUIExecution,GiftUIInteraction,GiftUIObservableState	b0aae41b274a7d76b1a430e10f71e6dac865b681f8743ef2423ff4e37a4415db
Sources/GiftUIRuntimeCore/RuntimeInteractionCandidateTransaction.swift	GiftUIRuntimeCore	117	0	0	GiftUI,GiftUIExecution,GiftUIInteraction,GiftUIObservableState	bdfa6d34c503436084663e22fbabedf2220f2d0d4e7f935ccd0d61bbabc9f0c1
Sources/GiftUIRuntimeCore/RuntimeInteractionDispatcher.swift	GiftUIRuntimeCore	50	0	0	GiftUI,GiftUIExecution,GiftUIInteraction	260298b71d56e47f5a5d52e12f89e584137a7fbc92e031eae7b10d20c711e1aa
Sources/GiftUIRuntimeCore/RuntimeInteractionMutationOwner.swift	GiftUIRuntimeCore	53	0	0	GiftUIExecution,GiftUIInteraction	a0581fb08298386442093a8ca8e6203baa94e040d8c898341f95fb3d98844122
Sources/GiftUIRuntimeCore/RuntimeObservableProfileWorkspace.swift	GiftUIRuntimeCore	273	0	0	GiftUI,GiftUIExecution,GiftUIObservableState	ee7124154e2d49f17324ff6eb4b5dced37e1d8b0457555f7b35903214fdcea1d
Sources/GiftUIRuntimeCore/RuntimeOwnerFailure.swift	GiftUIRuntimeCore	13	0	0	GiftUIDrawing,GiftUIInteraction,GiftUILayout,GiftUIObservableState,GiftUISemanticCore	7728c6631e620e312f006ddc60e8fdec5d58efb3ea702b662b21ea187586ae57
Sources/GiftUIRuntimeCore/RuntimeProfileStorage.swift	GiftUIRuntimeCore	94	0	0	-	9b00d9d6ced10e8b4868953e67c998fb9addf2e55a228c857c2cf317b0367f66
Sources/GiftUIRuntimeCore/RuntimeProfileValidation.swift	GiftUIRuntimeCore	364	0	0	GiftUIDrawing,GiftUIExecution,GiftUIInteraction,GiftUILayout,GiftUIObservableState,GiftUIRenderCore,GiftUIRenderLowering,GiftUISemanticCore	600f1c4430175c4f35a6f0840bcd58547a3c661499bb6b3c2869327cbb94b40a
Sources/GiftUIRuntimeCore/RuntimeProfileValues.swift	GiftUIRuntimeCore	254	0	0	GiftUIDrawing,GiftUIExecution,GiftUIInteraction,GiftUILayout,GiftUIObservableState,GiftUIRenderCore,GiftUIRenderLowering,GiftUISemanticCore	8b9518a0c8be49ae9ca740aaedc35eb3adb9e7f1edd60952bb94ced8e9964089
Sources/GiftUIRuntimeCore/RuntimeStorageRegistry.swift	GiftUIRuntimeCore	270	0	0	GiftUIDrawing,GiftUIExecution,GiftUIInteraction,GiftUILayout,GiftUIObservableState,GiftUIRenderLowering,GiftUISemanticCore	74a16a850ea540c2b0d508a1f12661108f0cfd3e3939f849e337c1d39874523f
Tests/GiftUIRuntimeCoreTests/RuntimeCompletePipelineTests.swift	GiftUIRuntimeCoreTests	511	0	0	GiftUI,GiftUIDrawing,GiftUIExecution,GiftUIInteraction,GiftUILayout,GiftUIObservableState,GiftUIRuntimeCore,GiftUISemanticCore,Testing	b1e889c5fdc1e206cf7776d9c0b374c3d1df77bd257d5593f9170922e020b9ac
Tests/GiftUIRuntimeCoreTests/RuntimeCoordinatorCleanupTests.swift	GiftUIRuntimeCoreTests	157	0	0	GiftUIRuntimeCore,Testing	399ef0cef05396391febab5dfb6a1f218fe8c80a9554d98c18465636f7aa77c6
Tests/GiftUIRuntimeCoreTests/RuntimeCoordinatorLifecycleTests.swift	GiftUIRuntimeCoreTests	160	0	0	GiftUIExecution,GiftUIRuntimeCore,Testing	f17375244066d740f5316f2a5e40a7ee1ba2b47b100b894f46e7c58a82b7fbea
Tests/GiftUIRuntimeCoreTests/RuntimeCoordinatorQuiescenceTests.swift	GiftUIRuntimeCoreTests	88	0	0	GiftUIExecution,GiftUIRuntimeCore,Testing	e22e773812ee7d6ff73a4f4e51ab5bff18eb07370b748adee6d0bc615aa53b45
Tests/GiftUIRuntimeCoreTests/RuntimeCoordinatorTransactionTests.swift	GiftUIRuntimeCoreTests	253	0	0	GiftUI,GiftUIExecution,GiftUIRenderCore,GiftUIRuntimeCore,Testing	d8996c2d6b9f18a3b8e1d3c1bba23601287cb7f7824efcc03881e07bed5cdc71
Tests/GiftUIRuntimeCoreTests/RuntimeCoreBoundaryTests.swift	GiftUIRuntimeCoreTests	5	0	0	GiftUIRuntimeCore,Testing	1eae07abdf665bcf0aa435dcef968d91a2e270c0b609f97ab7f1f06e65374109
Tests/GiftUIRuntimeCoreTests/RuntimeFocusedFailureStateTests.swift	GiftUIRuntimeCoreTests	53	0	0	GiftUIExecution,GiftUIRuntimeCore,Testing	5b8acfaf9b4d9ff2ec628092ae7d1d7ce0fbe0de7c25d9b4c9a5efb1097b0b73
Tests/GiftUIRuntimeCoreTests/RuntimeInteractionCandidateCoordinatorTests.swift	GiftUIRuntimeCoreTests	259	0	0	GiftUI,GiftUIExecution,GiftUIInteraction,GiftUIObservableState,GiftUIRuntimeCore,Testing	88e78e727719c6b879cf74a12d9b412307c8811401aaf91913271985f2316782
Tests/GiftUIRuntimeCoreTests/RuntimeInteractionCandidateTransactionTests.swift	GiftUIRuntimeCoreTests	281	0	0	GiftUI,GiftUIExecution,GiftUIInteraction,GiftUIObservableState,GiftUIRuntimeCore,Testing	2919f00a7984d2cb465893c353326ee863886eb446f94dd828cfa4d4a2659503
Tests/GiftUIRuntimeCoreTests/RuntimeInteractionDispatcherTests.swift	GiftUIRuntimeCoreTests	462	0	0	GiftUI,GiftUIExecution,GiftUIInteraction,GiftUIRuntimeCore,Testing	d88f6f5cf9a822e5d9d2801ffb40bfc590a1bd75800cea4f04e210ede8246fc5
Tests/GiftUIRuntimeCoreTests/RuntimeInteractionMutationOwnerTests.swift	GiftUIRuntimeCoreTests	280	0	0	GiftUI,GiftUIExecution,GiftUIInteraction,GiftUIRuntimeCore,Testing	9b3eaba30122b393b8802e081e653bf794685ea5191766dc76ecb4eb5910e7e0
Tests/GiftUIRuntimeCoreTests/RuntimeProfileLimitsTests.swift	GiftUIRuntimeCoreTests	243	0	0	GiftUI,GiftUIDrawing,GiftUIExecution,GiftUIInteraction,GiftUILayout,GiftUIObservableState,GiftUIRenderCore,GiftUIRenderLowering,GiftUIRuntimeCore,GiftUISemanticCore,Testing	8d0018da6fcf66128d508b92f379c6b22bd6919fe0c1cd1ffc035e3b538fe05e
Tests/GiftUIRuntimeCoreTests/RuntimeProfileStorageTests.swift	GiftUIRuntimeCoreTests	259	0	0	GiftUIDrawing,GiftUIExecution,GiftUIInteraction,GiftUILayout,GiftUIObservableState,GiftUIRenderCore,GiftUIRenderLowering,GiftUIRuntimeCore,GiftUISemanticCore,Testing	41bad805dc5fcecc3891303c5ae44fe001d5806002d5b9885f17e58e0a21a79f
Tests/GiftUIRuntimeCoreTests/RuntimeProfileValidationTests.swift	GiftUIRuntimeCoreTests	559	0	0	GiftUIDrawing,GiftUIExecution,GiftUIInteraction,GiftUILayout,GiftUIObservableState,GiftUIRenderCore,GiftUIRenderLowering,GiftUIRuntimeCore,GiftUISemanticCore,Testing	63230d373d60b8711b5e072aaef139becb11a156253486ca6f0c93f00aa7daac
Tests/GiftUIRuntimeCoreTests/RuntimeStorageAuditTests.swift	GiftUIRuntimeCoreTests	172	0	0	GiftUI,GiftUIDrawing,GiftUIExecution,GiftUIInteraction,GiftUILayout,GiftUIObservableState,GiftUIRenderCore,GiftUIRenderLowering,GiftUIRuntimeCore,GiftUISemanticCore,Testing	fc3d433979d69f7bf17a12459850e15daa3e12f38fb46d4bb65f92515595ada1
Sources/GiftUIRuntimeDynamic/DynamicCanvasCallableStorage.swift	GiftUIRuntimeDynamic	78	0	0	GiftUI,GiftUIDrawing	e7624e4978ee2f3c4c7ad98ec530f71af951c440bf776790af27284fff8e95ec
Sources/GiftUIRuntimeDynamic/DynamicDrawingPlanWorkspace.swift	GiftUIRuntimeDynamic	402	0	0	GiftUI,GiftUIDrawing,GiftUIRenderCore	0a53daae0a3feaf2edf8c2bcfd00c45232711d4e21ce4209fccc8a8f3a4e1728
Sources/GiftUIRuntimeDynamic/DynamicInteractionStorage.swift	GiftUIRuntimeDynamic	129	0	0	GiftUIExecution,GiftUIInteraction	957580a3652077eed285f8023b949cff9736b13fede5a450ff81ef3a9280a008
Sources/GiftUIRuntimeDynamic/DynamicLayoutHostStorage.swift	GiftUIRuntimeDynamic	477	0	0	GiftUI,GiftUILayout,GiftUITextResources	4412df0fd0573a2485548cb4f724a315338d62d737d7ffbec2c500556baf1b44
Sources/GiftUIRuntimeDynamic/DynamicLivePathStorage.swift	GiftUIRuntimeDynamic	83	0	0	GiftUI,GiftUIDrawing,GiftUIRenderCore	ed7d34498d9804a50e9e9e988f7e42c8db182a7be71cc14d1c8bc4aec79b7410
Sources/GiftUIRuntimeDynamic/DynamicObservableModelRegistration.swift	GiftUIRuntimeDynamic	242	0	0	GiftUI,GiftUIExecution,GiftUIObservableState	691ec8bfbc5a0198d48b15fa5ee9a8b3e5ede829bfc389606029614f2de57d06
Sources/GiftUIRuntimeDynamic/DynamicObservableModelStorage.swift	GiftUIRuntimeDynamic	112	0	0	GiftUI,GiftUIObservableState	71609f6d8c77073522d279fe802d5e46f6f0df6673b05e403869087bb8132d23
Sources/GiftUIRuntimeDynamic/DynamicObservableProfileSlotStorage.swift	GiftUIRuntimeDynamic	34	0	0	GiftUIRuntimeCore	5991d552b65e94afea75124d7291b5c5b3ce8d25286b6265daec6b1a76b0a435
Sources/GiftUIRuntimeDynamic/DynamicObservableRootAdapter.swift	GiftUIRuntimeDynamic	233	0	0	GiftUI,GiftUIExecution,GiftUIObservableState,GiftUIRuntimeCore	97010033a9de442d157bf03f37835f457b11a1af7e40ec45431a8a24bdcca6d0
Sources/GiftUIRuntimeDynamic/DynamicObservableRootTargetAccess.swift	GiftUIRuntimeDynamic	24	0	0	GiftUI,GiftUIExecution,GiftUIInteraction	67decd15cb577936ae2dc91527a4c7fdf2bf11b8434d92708fbe577f9e41e8aa
Sources/GiftUIRuntimeDynamic/DynamicObservableStateReconciler.swift	GiftUIRuntimeDynamic	70	0	0	GiftUI,GiftUIExecution,GiftUIObservableState	bb2d1c0637d3701b5eb56d14e0f85f2e0297aa9805ac1ba0b5a1b05b7791d725
Sources/GiftUIRuntimeDynamic/DynamicProfileBoundary.swift	GiftUIRuntimeDynamic	40	0	0	GiftUI,GiftUIDrawing,GiftUIExecution,GiftUIInteraction,GiftUILayout,GiftUIObservableState,GiftUIRenderCore,GiftUIRenderLowering,GiftUIRuntimeCore,GiftUISemanticCore	4f82457985fc7bd411b022dbd527c8fcc005b546ebe44fd65aac75dd8890b168
Sources/GiftUIRuntimeDynamic/DynamicProfileStorage.swift	GiftUIRuntimeDynamic	427	0	0	GiftUIExecution,GiftUIRuntimeCore	fcb7594699584e5c75f6dd08dc8fbb572f533a86cce4915259579042ee219b24
Sources/GiftUIRuntimeDynamic/DynamicRenderWorkspace.swift	GiftUIRuntimeDynamic	91	0	0	GiftUI,GiftUIRenderLowering	d855bfda4d76b5a73456becf1dfcd746dff82f2ef2cf32cb22bb228af67c9706
Sources/GiftUIRuntimeDynamic/DynamicRuntimeExecutionCoordinator.swift	GiftUIRuntimeDynamic	73	0	0	GiftUI,GiftUIExecution,GiftUIRuntimeCore	152528180ec6c60c339fccbdbd4ab5761a7872579df929c030548bf48750fe04
Sources/GiftUIRuntimeDynamic/DynamicRuntimeProfileBinding.swift	GiftUIRuntimeDynamic	155	0	0	GiftUI,GiftUIDrawing,GiftUIExecution,GiftUIRuntimeCore	dd5d51452544c4ba530b511f53735b1581561f674d840abe564d98709fd7bff6
Sources/GiftUIRuntimeDynamic/DynamicSemanticHostStorage.swift	GiftUIRuntimeDynamic	793	0	0	GiftUI,GiftUIDrawing,GiftUIInteraction,GiftUISemanticCore	c0d545e0ac666eb98a7c6649e73ee0e93539faebba780f980e32b51d37f1aca8
Tests/GiftUIRuntimeDynamicTests/DynamicInteractionStorageTests.swift	GiftUIRuntimeDynamicTests	66	0	0	GiftUI,GiftUIExecution,GiftUIInteraction,GiftUIRuntimeDynamic,Testing	88c0a49bba52bb25abdf986d5907c36b5db0c44c6ee4f1a82a3415612591fb44
Tests/GiftUIRuntimeDynamicTests/DynamicLayoutHostStorageTests.swift	GiftUIRuntimeDynamicTests	68	0	0	GiftUI,GiftUILayout,GiftUIRuntimeDynamic,GiftUISemanticCore,Testing	60c0eff2e40573c8f338a9fb6478b02df804ddb83cb1ba978fbc99492e61aee5
Tests/GiftUIRuntimeDynamicTests/DynamicLivePathStorageTests.swift	GiftUIRuntimeDynamicTests	48	0	0	GiftUI,GiftUIDrawing,GiftUIRenderCore,GiftUIRuntimeDynamic,Testing	16133655f3549e86dee047f092dc5f1f6c5aa5f45a184c54d9a8bae1255d0b02
Tests/GiftUIRuntimeDynamicTests/DynamicObservableModelRegistrationTests.swift	GiftUIRuntimeDynamicTests	136	0	0	GiftUI,GiftUIExecution,GiftUIRuntimeDynamic,Testing	ce86df90cd080fd0c080ae5c4fd78cfc33277aba2d363ce9e4632faa997f0b4e
Tests/GiftUIRuntimeDynamicTests/DynamicObservableModelStorageTests.swift	GiftUIRuntimeDynamicTests	82	0	0	GiftUI,GiftUIRuntimeDynamic,Testing	331ba67910e143c6f0f00b20d7cf0c45d9b7043f86123e156c18e5b7609226e0
Tests/GiftUIRuntimeDynamicTests/DynamicObservableRootAdapterTests.swift	GiftUIRuntimeDynamicTests	256	0	0	GiftUI,GiftUIExecution,GiftUIObservableState,GiftUIRuntimeDynamic,Testing	5d5cc81e9bbb15667af0c050d871eba6d83cd46175fc98f410701da70cb237c8
Tests/GiftUIRuntimeDynamicTests/DynamicObservableRootTargetAccessTests.swift	GiftUIRuntimeDynamicTests	66	0	0	GiftUI,GiftUIExecution,GiftUIRuntimeDynamic,Testing	2297bd2eb8befc19530934fb894f8f43bde10fa40c97c2a1900677428d58f2eb
Tests/GiftUIRuntimeDynamicTests/DynamicObservableStateReconcilerTests.swift	GiftUIRuntimeDynamicTests	83	0	0	GiftUI,GiftUIObservableState,GiftUIRuntimeDynamic,Testing	e6de7d9e1292db86d9fd475acef48a0597184b725adb3179fee71d50b8f68ec0
Tests/GiftUIRuntimeDynamicTests/DynamicProfileBoundaryTests.swift	GiftUIRuntimeDynamicTests	488	0	1	GiftUI,GiftUIDrawing,GiftUIDynamicConveniences,GiftUIExecution,GiftUIInteraction,GiftUILayout,GiftUIObservableState,GiftUIRenderCore,GiftUIRenderLowering,GiftUIRuntimeCore,GiftUIRuntimeDynamic,GiftUISemanticCore,Testing	0d7ac3000529f1f6b191049e0fb5f4af709fc2ea72cf24910728a4144034be6b
Tests/GiftUIRuntimeDynamicTests/DynamicRenderWorkspaceTests.swift	GiftUIRuntimeDynamicTests	67	0	0	GiftUI,GiftUIRenderLowering,GiftUIRuntimeDynamic,Testing	05abd6d198744a5d55fdaee73114ea4c35364ec35fe8a0719cc5ff2675e9be3f
Tests/GiftUIRuntimeDynamicTests/DynamicSemanticHostStorageTests.swift	GiftUIRuntimeDynamicTests	184	0	0	GiftUI,GiftUIRuntimeDynamic,GiftUISemanticCore,Testing	7486370f4ced89b8bc816d9cd74bfb2ae41545882d90f5451c1585ccd4db3c90
Sources/GiftUIRuntimeFailureAdapterFixture/RuntimeFailureAdapterBoundary.swift	GiftUIRuntimeFailureAdapterFixture	155	0	0	GiftUIFailureCore,GiftUIFailureExecution,GiftUIRuntimeCore	4e48d40623967716f605794ea527e4849df6d2df2f015dfa093028ec2d4f5c6e
Tests/GiftUIRuntimeFailureAdapterTests/RuntimeFailureAdapterBoundaryTests.swift	GiftUIRuntimeFailureAdapterTests	220	0	0	GiftUIExecution,GiftUIFailureCore,GiftUIFailureExecution,GiftUIRuntimeCore,GiftUIRuntimeFailureAdapterFixture,Testing	6cb79ccde145d05c2a8b4c905e3ed2263b1b6926310f1cd331463ed99e6bd510
Sources/GiftUIRuntimeStatic/StaticCanvasHostHandle.swift	GiftUIRuntimeStatic	57	0	0	GiftUIDrawing,GiftUIRuntimeCore	11d78c634eb3bc0a4b697d9ca36cd753d5d7a4a42d92da458a38a44779ce4f67
Sources/GiftUIRuntimeStatic/StaticCanvasOccurrence.swift	GiftUIRuntimeStatic	71	0	0	GiftUI,GiftUIDrawing,GiftUIRuntimeCore	e71c57803442943d8c18dfdc497b45ed412907e3f8bcecb8e316bf49c53a456d
Sources/GiftUIRuntimeStatic/StaticGeneratedProfileMetadata.swift	GiftUIRuntimeStatic	126	0	0	GiftUI,GiftUIDrawing,GiftUIInteraction,GiftUIRuntimeCore	7539730d2864f6d42f0336918b23cdd949088a0e43f4d5b0aa709bafa2b3ee45
Sources/GiftUIRuntimeStatic/StaticInteractionStorage.swift	GiftUIRuntimeStatic	400	0	0	GiftUIExecution,GiftUIInteraction	dc3648560338f093f912b7e0bc812bdaa95e7a434a3bd836c903560bf3971219
Sources/GiftUIRuntimeStatic/StaticObservableModelStorage.swift	GiftUIRuntimeStatic	165	0	0	GiftUI,GiftUIObservableState	85426dcd1f5b2ebb793996c5ff1b78ffce89a002119ce7f11c91f9cdcd014f19
Sources/GiftUIRuntimeStatic/StaticObservableProfileSlotStorage.swift	GiftUIRuntimeStatic	28	0	0	GiftUIRuntimeCore	2a2c81140cad3f32c3bb4cba5b0dc4c392b908e45c9c7b2c047f242f858eb946
Sources/GiftUIRuntimeStatic/StaticObservableRegistrationRecord.swift	GiftUIRuntimeStatic	237	0	0	GiftUI,GiftUIExecution,GiftUIObservableState	8383b9705c8a111c9b80f5792fe0abcadc1c09a4527de8ff80bcd6d5808c4b90
Sources/GiftUIRuntimeStatic/StaticObservableRootAdapter.swift	GiftUIRuntimeStatic	270	0	0	GiftUI,GiftUIExecution,GiftUIObservableState,GiftUIRuntimeCore	708465a9f0f7ae4f1756743684ff8d582b3133a7e096f6387a41bc2a5dae43c8
Sources/GiftUIRuntimeStatic/StaticObservableRootTargetAccess.swift	GiftUIRuntimeStatic	31	0	0	GiftUI,GiftUIExecution,GiftUIInteraction	9f2521e94e193c6804ab6b4b352f6df9eb965dd9c6bbaf9817180fbe7f61ba47
Sources/GiftUIRuntimeStatic/StaticProfileBoundary.swift	GiftUIRuntimeStatic	10	0	0	GiftUI,GiftUIDrawing,GiftUIExecution,GiftUIInteraction,GiftUILayout,GiftUIObservableState,GiftUIRenderCore,GiftUIRenderLowering,GiftUIRuntimeCore,GiftUISemanticCore	95f0224489c4c38dc2a19a6cad5ac803ede53efbfec32df0891c8230ffbb39eb
Sources/GiftUIRuntimeStatic/StaticProfileStorage.swift	GiftUIRuntimeStatic	398	0	0	GiftUI,GiftUIDrawing,GiftUIRuntimeCore	246c2af21fe8fb5f87852ced9bfec7b2ab50a2c93263ac17e76db407cf52b16b
Sources/GiftUIRuntimeStatic/StaticRuntimeExecutionCoordinator.swift	GiftUIRuntimeStatic	109	0	0	GiftUI,GiftUIDrawing,GiftUIExecution,GiftUIRuntimeCore	ccd0c016221157d381ec68d72bb3c3d01fc539d4e5c2df34aeddc33676ca7801
Sources/GiftUIRuntimeStatic/StaticRuntimeProfileBinding.swift	GiftUIRuntimeStatic	195	0	0	GiftUI,GiftUIDrawing,GiftUIExecution,GiftUIRuntimeCore	f1375857ff8ab65af206155c87f654180ab577d9b60b4ed86fe0cbc9cd2cd81e
Tests/GiftUIRuntimeStaticTests/GeneratedStaticProfileFixture.swift	GiftUIRuntimeStaticTests	242	1	0	GiftUI,GiftUIDrawing,GiftUIRuntimeCore,GiftUIRuntimeStatic	36f66ce4f14cfe40dfce04dc7b15f1afbe5b696f8714301172ea7d5288695be4
Tests/GiftUIRuntimeStaticTests/StaticGeneratedMetadataTests.swift	GiftUIRuntimeStaticTests	658	0	0	GiftUI,GiftUIDrawing,GiftUIExecution,GiftUIInteraction,GiftUILayout,GiftUIObservableState,GiftUIRenderCore,GiftUIRenderLowering,GiftUIRuntimeCore,GiftUIRuntimeStatic,GiftUISemanticCore,Testing	cea05377ec0c0b46a6c795540e4a229b43efa8af26fe79bf80c4a65c967c0d72
Tests/GiftUIRuntimeStaticTests/StaticInteractionStorageTests.swift	GiftUIRuntimeStaticTests	121	0	0	GiftUI,GiftUIExecution,GiftUIInteraction,GiftUIRuntimeStatic,Testing	2609ba5f96492b34f2b21c4cbe1a74e921f191cc5c730830e0656864036d1da7
Tests/GiftUIRuntimeStaticTests/StaticObservableModelStorageTests.swift	GiftUIRuntimeStaticTests	159	0	0	GiftUI,GiftUIRuntimeStatic,Testing	068d37195cfd28c1f15ad865322f5fc8a5778b44b323a62b916baa8cbcc34847
Tests/GiftUIRuntimeStaticTests/StaticObservableRegistrationRecordTests.swift	GiftUIRuntimeStaticTests	319	0	0	GiftUI,GiftUIExecution,GiftUIObservableState,GiftUIRuntimeStatic,Testing	b13bf1f4a94e7c17e5880bf70ba3ad6b596e0c936f33d2591ea7007174123e97
Tests/GiftUIRuntimeStaticTests/StaticObservableRootAdapterTests.swift	GiftUIRuntimeStaticTests	228	0	0	GiftUI,GiftUIExecution,GiftUIObservableState,GiftUIRuntimeStatic,Testing	d04c0fdaf283e05576b41aa62047bb319763618320528381ffc799c0cc6b9c05
Tests/GiftUIRuntimeStaticTests/StaticObservableRootTargetAccessTests.swift	GiftUIRuntimeStaticTests	63	0	0	GiftUI,GiftUIExecution,GiftUIRuntimeStatic,Testing	14958d98542786353e08a75013ba3e6dba621c2ebbedf6ee72c9ce6a7a3baee9
Tests/GiftUIRuntimeStaticTests/StaticProfileBoundaryTests.swift	GiftUIRuntimeStaticTests	5	0	0	GiftUIRuntimeStatic,Testing	4be7ada81339d0664730b12c49f97a4bbd0eb737ad76fbc47c1ccf2e5eb2bfef
Sources/GiftUISemanticCore/GiftUISemanticCore.swift	GiftUISemanticCore	1465	0	0	GiftUI	30223e28b9d4e3de12662d7d1ceac8d1356a16a84e9719555ad581c5dc756dd9
Sources/GiftUISemanticCore/SemanticLayoutView.swift	GiftUISemanticCore	284	0	0	GiftUI	bd8d0cbbf357965f69e72e8883628a53321ed06c7ca5747390e6ab98af611632
Sources/GiftUISemanticCore/SemanticRenderView.swift	GiftUISemanticCore	59	0	0	GiftUI	7563c98fbe2a099e98902662a0aefd6d5645b7a36c5e14fc309a5943533cd344
Tests/GiftUISemanticCoreTests/GiftUISemanticCoreImportTests.swift	GiftUISemanticCoreTests	7	0	0	GiftUISemanticCore,Testing	ce3e194d45de777405f0bd69cfcd149c5c35f85b8a40188136b0dd628524d568
Tests/GiftUISemanticCoreTests/SemanticDeclarationCorpusTests.swift	GiftUISemanticCoreTests	1426	0	0	GiftUI,GiftUISemanticCore,XCTest	d95a7df731713367cf6404e0921e1f5df8c30224a374036df11ef5551e2c1fec
Tests/GiftUISemanticCoreTests/SemanticExpansionAttemptTests.swift	GiftUISemanticCoreTests	1235	0	0	GiftUI,GiftUISemanticCore,XCTest	45309d859da9d541f801e083aad43850d9fdd951cd49a6091d432aea2efd0a1c
Tests/GiftUISemanticCoreTests/SemanticExpansionTraversalTests.swift	GiftUISemanticCoreTests	1302	0	0	GiftUI,GiftUIObservableState,GiftUISemanticCore,XCTest	bd8d1c01b6cfc23777ef427bea6d290a094b345d7aaad4e57074c187ae90b60f
Tests/GiftUISemanticCoreTests/SemanticExpansionValueTests.swift	GiftUISemanticCoreTests	191	0	0	GiftUI,GiftUISemanticCore,XCTest	0d8118f32a089b61fe8f7a53338d1790f94c31ac25722b03702fb2c00f9242b9
Tests/GiftUISemanticCoreTests/SemanticLayoutPayloadTests.swift	GiftUISemanticCoreTests	89	0	0	GiftUI,GiftUISemanticCore,Testing	dc1c8d62cdf7ac2a6998aa080dfa170fe66218df49e61aeed7946dc45cd7cd9a
Tests/GiftUISemanticCoreTests/SemanticLayoutProfileFixtureTests.swift	GiftUISemanticCoreTests	459	0	0	GiftUI,GiftUISemanticCore,Testing	f9b81cfcf21060f416475a3faec8cbb4840de6cab37057602a8928afa04edb53
Tests/GiftUISemanticCoreTests/SemanticLayoutResultAdapterTests.swift	GiftUISemanticCoreTests	655	0	0	GiftUI,GiftUISemanticCore,Testing	b564eb21a9d59729777b92633157dc9e43b2cc63cb5e9fa7ff46a51454cabc48
Tests/GiftUISemanticCoreTests/SemanticLayoutViewTests.swift	GiftUISemanticCoreTests	63	0	0	GiftUISemanticCore,Testing	f4d63c33849e05ec6dab88fbc450cbea0347f25b8e9bcb36d8ce2326a0dff4e5
Tests/GiftUISemanticCoreTests/SemanticRecordingSinkTests.swift	GiftUISemanticCoreTests	461	0	0	GiftUI,GiftUISemanticCore,XCTest	2872038236262d223e549b93f64fd48d8fc528f047bf73df41525bd8bf20518b
Tests/GiftUISemanticCoreTests/SemanticReentrancyTests.swift	GiftUISemanticCoreTests	204	0	0	GiftUI,GiftUISemanticCore,XCTest	d9df727a5205daee3aac419f3bbfa7cce1daa3f028246503e24086490bc38d94
Tests/GiftUISemanticCoreTests/SemanticRenderViewTests.swift	GiftUISemanticCoreTests	162	0	0	GiftUI,GiftUISemanticCore,Testing	f81722752ab0a7601178ddf96d7d5a22a67346190a53d818fabe3a27deb3d82d
Sources/GiftUISemanticFailureAdapterFixture/SemanticFailureAdapter.swift	GiftUISemanticFailureAdapterFixture	38	0	0	GiftUIFailureCore,GiftUISemanticCore	dbc1d4d4928bad9800d2d9fcc4e1d9141ba4b98bdfe5e4954cb00a04c1203d71
Tests/GiftUISemanticFailureAdapterTests/SemanticFailureAdapterImportTests.swift	GiftUISemanticFailureAdapterTests	9	0	0	GiftUIFailureCore,GiftUISemanticCore,GiftUISemanticFailureAdapterFixture,Testing	6d8e10a29f41053b2aa42c2bd020ad55b27f0e4390873a42f3b733290ee8c5f0
Tests/GiftUISemanticFailureAdapterTests/SemanticFailureAdapterTests.swift	GiftUISemanticFailureAdapterTests	126	0	0	GiftUIFailureCore,GiftUISemanticCore,GiftUISemanticFailureAdapterFixture,XCTest	d8376d1ba42012e68b684bd8efe362c7d1e62f2c6699d051ed87c885e2f8f0d5
Sources/GiftUISurfaceCore/RasterSurface.swift	GiftUISurfaceCore	16	0	0	GiftUI,GiftUIRenderCore	cf0aa2fe88d7cf825e5b9bddb8b8e2fc48d76555f4a8ac94ff4ec0b884fe3b42
Sources/GiftUISurfaceCore/SurfaceValues.swift	GiftUISurfaceCore	113	0	0	GiftUI,GiftUICapabilities	96e161fdf3d1f58dd4c1de04c043df647a3fa279d17993c57e2b0ce15e19d60c
Tests/GiftUISurfaceCoreTests/RasterSurfaceTests.swift	GiftUISurfaceCoreTests	135	0	0	GiftUI,GiftUICapabilities,GiftUIRenderCore,GiftUISurfaceCore,Testing	d32e85bf44c9668e2fc07275958d968ffe8b8ba2383c82a5b3738fab1f2c1988
Tests/GiftUISurfaceCoreTests/RecordingRasterSurface.swift	GiftUISurfaceCoreTests	103	0	0	GiftUI,GiftUICapabilities,GiftUIRenderCore,GiftUISurfaceCore	39e13e358a9cb1119714b5b0a0ff0209187849ae81d13b1a190f61a177b3e68c
Tests/GiftUISurfaceCoreTests/SurfaceValueTests.swift	GiftUISurfaceCoreTests	157	0	0	GiftUI,GiftUICapabilities,GiftUISurfaceCore,Testing	dda30919fde343d01d516afed672e996edaf69e27d49be03a6f92d6d32727df2
Tests/GiftUITests/BoundedTextTests.swift	GiftUITests	113	0	0	GiftUI,Testing	f82d399e4f2b3d725d9b89794dbc235e2009a535eafc92e21b9e7c633b2445dd
Tests/GiftUITests/ColorTests.swift	GiftUITests	33	0	0	GiftUI,Testing	3b4d89b2848c387e22c1e2dc5a369f25032340a574897ed7162e2447c3e3c799
Tests/GiftUITests/DeclarativeViewTests.swift	GiftUITests	592	0	0	GiftUI,XCTest	06d1b6f210147d11276dad964245be111a021ff710cb60c7d51dbde172df8dd5
Tests/GiftUITests/DrawingSurfaceTests.swift	GiftUITests	350	0	0	GiftUI,XCTest	d5e539a8898fff08822ca52123d33f6a3f0bb9d5b333e3ce8f298084b32e71a8
Tests/GiftUITests/GiftUITests.swift	GiftUITests	287	0	0	GiftUI,XCTest	d7da294cff74ef673cbed45e0738f243dcabb2723ac3ddafc38ca92ebb7e8a5c
Tests/GiftUITests/LayoutContainerTests.swift	GiftUITests	77	0	0	GiftUI,Testing	bdbee5426f4cea2e62090e9201319c1ec3ea8a70a75af8260a72e91908747072
Tests/GiftUITests/LayoutModifierTests.swift	GiftUITests	74	0	0	GiftUI,Testing	1db866bafe87a2710929d03d92cfb45f9deacaa5c6e96a766b35393d8a5d5ec9
Tests/GiftUITests/LayoutValuesTests.swift	GiftUITests	61	0	0	GiftUI,XCTest	acf837b477c5d8e2874d92bc087c94ec725e599720921a1f3d1133bf5d8a70f9
Tests/GiftUITests/ObservableStateDeclarationsTests.swift	GiftUITests	140	0	0	GiftUI,XCTest	9f59e45b81ea5b0d45a68b7a679fe6a4452ae558565c88774725215aea14dbcb
Tests/GiftUITests/ObservableStateHostIntegrationTests.swift	GiftUITests	53	0	0	GiftUI,XCTest	9c05ce1300654b324074a86509685082f9e6e16f6576f57131a0776af15b6094
Tests/GiftUITests/StyleModifierTests.swift	GiftUITests	32	0	0	GiftUI,Testing	09661b382dc9ed03fdb8a5c5208702974400343cbce5f0aae05108f1ca4675dd
Tests/GiftUITests/TextTests.swift	GiftUITests	49	0	0	GiftUI,Testing	adb6b83738f73d6cd962e133fb4be172f7cc7791a5b5c84d0cf6b590079fd587
Sources/GiftUITextResourceFailureAdapterFixture/GiftUITextResourceFailureAdapterFixture.swift	GiftUITextResourceFailureAdapterFixture	58	0	0	GiftUIFailureCore,GiftUITextResources	2e3cbf403b5f3664939994cfdf6e3645a7ea80774e6c6646e2540a25377519a7
Tests/GiftUITextResourceOwnerAdapterTests/GiftUITextResourceOwnerAdapterTests.swift	GiftUITextResourceOwnerAdapterTests	128	0	0	GiftUIFailureCore,GiftUIFailureDiagnostics,GiftUITextResourceFailureAdapterFixture,GiftUITextResources,XCTest	26150c4788f40e690e8e8aef8295dfd6f063d71d21e5d94724e1202edee4b7ed
Sources/GiftUITextResources/GiftUITextResources.swift	GiftUITextResources	1478	0	0	GiftUI	7dc3dc0e55b22c9edee699d51272d16c8d364073cf43a840467bf98424efbf9f
Tests/GiftUITextResourcesTests/AccessorBehaviorTests.swift	GiftUITextResourcesTests	624	0	0	GiftUI,GiftUITextResources,XCTest	9c7a2128d9fd5b7b90d2ccb714ecf657b1819d2104bcb71368131815fefead2b
Tests/GiftUITextResourcesTests/BoundaryAndLayoutTests.swift	GiftUITextResourcesTests	190	0	0	GiftUITextResources,XCTest	80936dc1c878739dc06dd2bab132f2e6978358b26ba64c8b58af34c55995c1bb
Tests/GiftUITextResourcesTests/CanonicalSerializationTests.swift	GiftUITextResourcesTests	373	0	0	GiftUI,GiftUITextResources,XCTest	606a4ca674e7d44de19448990c525afbe9e87965d946d43ff8d1ef25320b59c4
Tests/GiftUITextResourcesTests/CommonCatalogueValidationTests.swift	GiftUITextResourcesTests	315	0	0	GiftUI,GiftUITextResources,XCTest	4edb8f8a767077f9c499ba2333870bcfbea2c9f50fc2e368f0642d82827cf3d2
Tests/GiftUITextResourcesTests/GiftUITextResourcesTests.swift	GiftUITextResourcesTests	247	0	0	GiftUI,GiftUITextResources,XCTest	7bd3886bba9c0dc87bf7311f0064746f935dd2fbbc1b361797a6bfc5928f19d5
Tests/GiftUITextResourcesTests/PayloadBorrowingTests.swift	GiftUITextResourcesTests	338	0	0	GiftUITextResources,XCTest	4ddcbb1dbf8582284f3eac5953ba2a3e2f38333e023e8b92d0bc3f5cb0bdf2fa
Tests/GiftUITextResourcesTests/ValidatedBehaviorTests.swift	GiftUITextResourcesTests	285	0	0	GiftUI,GiftUITextResources,XCTest	30243c7f987e6faa68389d2337f47f54a85252260dccec2b1f4a05993c6dc4ae
Tests/GiftUITextResourcesTests/ValidationPredicateTests.swift	GiftUITextResourcesTests	847	0	0	GiftUI,GiftUITextResources,XCTest	56a7f038ff290b4a2687fbb0967547ed272e5bc2442b07645d72414f05fac949
Tests/GiftUITextResourcesTests/ValidatorCoreTests.swift	GiftUITextResourcesTests	586	0	0	GiftUI,GiftUITextResources,XCTest	d449f729951cd9bddd4e3133350992f425848644d1d449a27a7840b4cc0082cb
Tests/GiftUITextResourcesTests/WorkBoundTests.swift	GiftUITextResourcesTests	219	0	0	GiftUI,GiftUITextResources,XCTest	68c776d179c6a8d6531de9ce70041ef5c9efcfc6c35a8696fff9498b88ea8fa3
Sources/SignalAnalyzerData/DefaultSignalAcquisitionRepository.swift	SignalAnalyzerData	156	0	0	SignalAnalyzerDomain	1451ad00a9b8e224ac25035ba4dc1e7de3b05bc4c0be2ecf16584567f3887d3d
Sources/SignalAnalyzerData/DeterministicSignalDataSource.swift	SignalAnalyzerData	99	0	0	SignalAnalyzerDomain	3400120bc12b22821ac078e816446df239af662e0175f36f83560aaed8c76b86
Sources/SignalAnalyzerData/DeterministicSignalGenerator.swift	SignalAnalyzerData	133	0	0	SignalAnalyzerDomain	3a7f2debdee49fa129ef8b73f3b7e7a0d8a721c75dd32eefb65fac0dd1aa4e0d
Sources/SignalAnalyzerData/ModuleBoundary.swift	SignalAnalyzerData	5	0	0	SignalAnalyzerDomain	03c5ce88b4c5653ffa7ee4d934820e114a8945c01eb62f26f268c2a3cd5029bf
Sources/SignalAnalyzerData/SignalCaptureStore.swift	SignalAnalyzerData	148	0	0	SignalAnalyzerDomain	f7c2aa4d8c67c69674063443f503647c36a2d7efb3156dffb7135044d99a00c4
Tests/SignalAnalyzerDataTests/DefaultSignalAcquisitionRepositoryTests.swift	SignalAnalyzerDataTests	105	0	0	SignalAnalyzerData,SignalAnalyzerDomain,Testing	fcbe110e94fe5c338b48b69345163bd7d13ed2b8ab577cc6c39134d8b1c7fed5
Tests/SignalAnalyzerDataTests/DeterministicSignalDataSourceTests.swift	SignalAnalyzerDataTests	99	0	0	SignalAnalyzerData,SignalAnalyzerDomain,Testing	184de55c7e5ad9167b96d2aa521acb3df4b3a7ab356374760acb656586da0b02
Tests/SignalAnalyzerDataTests/DeterministicSignalGeneratorTests.swift	SignalAnalyzerDataTests	56	0	0	SignalAnalyzerData,SignalAnalyzerDomain,Testing	5c86dd9f871ab3a1b9d4bdc03ae2753262614590ceddba5eceefd1044479a309
Tests/SignalAnalyzerDataTests/ModuleBoundaryTests.swift	SignalAnalyzerDataTests	7	0	0	SignalAnalyzerData,Testing	46663091746b269d0f143ce54647d259cd02b0edac11db39fd8910ae99336787
Tests/SignalAnalyzerDataTests/SignalAcquisitionRepositoryLifecycleTests.swift	SignalAnalyzerDataTests	257	0	0	SignalAnalyzerData,SignalAnalyzerDomain,Testing	348619e8ec52de76b7e614715cf01b63180da451373ba44c80af52e0f7410c37
Tests/SignalAnalyzerDataTests/SignalAnalyzerWorkloadOracleTests.swift	SignalAnalyzerDataTests	107	0	0	SignalAnalyzerData,SignalAnalyzerDomain,Testing	e35b01b7814583b2e07e59539899f82ae2b49392f443d41448a294644f9f955f
Tests/SignalAnalyzerDataTests/SignalCaptureStoreTests.swift	SignalAnalyzerDataTests	128	0	0	SignalAnalyzerData,SignalAnalyzerDomain,Testing	f6bb1dfd21feed3f18b72fe801b0d7b870a6ce64092eccaca255f834b2c20587
Sources/SignalAnalyzerDomain/AcquisitionState.swift	SignalAnalyzerDomain	7	0	0	-	a2fb47cf52972d8610a78e7ffe4d1e8771ea8fff315ca72aec2d29ca33776755
Sources/SignalAnalyzerDomain/ModuleBoundary.swift	SignalAnalyzerDomain	3	0	0	-	837099cf3d38228e94c4be34dc1cbca3d67b4e62f64a05862843e94186c08293
Sources/SignalAnalyzerDomain/SignalAcquisitionContracts.swift	SignalAnalyzerDomain	98	0	0	-	121a62d4a13b2da15865309dfb3e2e17ca90534c9fc0416521730c5a65201fa9
Sources/SignalAnalyzerDomain/SignalAnalyzerDiagnostic.swift	SignalAnalyzerDomain	180	0	0	-	f44b7d121c9d290f877ad43c361b4d90d79ecb27a3f8ac1e112062077b53dcf4
Sources/SignalAnalyzerDomain/SignalCaptureChange.swift	SignalAnalyzerDomain	16	0	0	-	22b797e24c32d8f4054e22ef2756b056c3d3601d061a02f9438ceb0c71cb6dbc
Sources/SignalAnalyzerDomain/SignalCapturePublication.swift	SignalAnalyzerDomain	142	0	0	-	2d2a648a49e96f6020eb8a55080bc14f24c2f3a9748dd12694bfefb14a940a1b
Sources/SignalAnalyzerDomain/SignalPrimitiveValues.swift	SignalAnalyzerDomain	68	0	0	-	c37d6271a0c077fbc99e694b98d0c094e311a0f42681f1c09bbcc64f1ae101c1
Sources/SignalAnalyzerDomain/SignalValues.swift	SignalAnalyzerDomain	194	0	0	-	310f8a7d0736a363b22dc58a915fb25b03cdc80369ad42f2c28a6b92db37eca2
Tests/SignalAnalyzerDomainTests/ModuleBoundaryTests.swift	SignalAnalyzerDomainTests	7	0	0	SignalAnalyzerDomain,Testing	2f14947aaa663388bc06663cf3ea39fd421f81816c481716656327b35cab9e4f
Tests/SignalAnalyzerDomainTests/SignalAcquisitionContractTests.swift	SignalAnalyzerDomainTests	169	0	0	SignalAnalyzerDomain,Testing	41cd4054229fe00e9ccde73815db8d79926431671587b493b42a61abcc0b2e31
Tests/SignalAnalyzerDomainTests/SignalAnalyzerDiagnosticTests.swift	SignalAnalyzerDomainTests	78	0	0	SignalAnalyzerDomain,Testing	d06abfdaa4f570eae3e57e35187c46c822f487d20bd120c53f5a07a465cec98f
Tests/SignalAnalyzerDomainTests/SignalCapturePublicationTests.swift	SignalAnalyzerDomainTests	222	0	0	SignalAnalyzerDomain,Testing	9a5bedca20c1f1773003739b6cdab276b56df11b27e5fa6918f1c4af8de33d11
Tests/SignalAnalyzerDomainTests/SignalCaptureTests.swift	SignalAnalyzerDomainTests	188	0	0	SignalAnalyzerDomain,Testing	64a5632b32d26edc20d95cc8eda8545dba8752bd005f344496bdbdbdd95e3b71
Sources/SignalAnalyzerHost/SignalAnalyzerHostFactAdmission.swift	SignalAnalyzerHost	186	0	0	GiftUIExecution,GiftUIHostConfiguration,SignalAnalyzerDomain,SignalAnalyzerPresentation	aedfeb0af7a90204df4fc92253fd5a87a07a96b1c0c9a998046f5da29f33b699
Sources/SignalAnalyzerMacOSDynamic/main.swift	SignalAnalyzerMacOSDynamic	15	0	0	GiftUIRuntimeDynamic,SignalAnalyzerPresetHarness	8672b0ff62b4122e52563bfc0ed62d0836fb9ad8ccf00d59f064b97c536c3175
Sources/SignalAnalyzerMacOSStatic/main.swift	SignalAnalyzerMacOSStatic	15	0	0	GiftUIRuntimeStatic,SignalAnalyzerPresetHarness	1bb66c6fe2ac2c8b115dc1c2ded10018cc133a1615f55289f9005d10c42d6098
Sources/SignalAnalyzerNRF52840HostOracle/main.swift	SignalAnalyzerNRF52840HostOracle	9	0	0	SignalAnalyzerPresetHarness	5132eb1582764579f49dbf3c99835ab79916169cae9c63c44222babd26a0e95c
Sources/SignalAnalyzerPresentation/ModuleBoundary.swift	SignalAnalyzerPresentation	7	0	0	GiftUI,GiftUIFailureCore,SignalAnalyzerDomain	918a07946e491dec28f31b6abc69ce8be0f5b19652cce339ce6e7c0faebcfd96
Sources/SignalAnalyzerPresentation/SignalAnalyzerDiagnostic+BoundedText.swift	SignalAnalyzerPresentation	13	0	0	GiftUI,SignalAnalyzerDomain	3fd345937b117b47f61dbcb76de4fbe8daf0776e74fc23bd85750f9c451e3b82
Sources/SignalAnalyzerPresentation/SignalAnalyzerFailureNormalizer.swift	SignalAnalyzerPresentation	89	0	0	GiftUIFailureCore,SignalAnalyzerDomain	c89bc29d4bf757082d5533a283a064357c696e51bdc3e4c7798c39404b16dfea
Sources/SignalAnalyzerPresentation/SignalAnalyzerFailurePolicyValues.swift	SignalAnalyzerPresentation	46	0	0	GiftUIFailureCore	75a5239f50d21d70dfdb7160e758893a76341dd080bd9c89936a0009dab75399
Sources/SignalAnalyzerPresentation/SignalAnalyzerLayoutConstraints.swift	SignalAnalyzerPresentation	31	0	0	GiftUI	22eed0e3ed059faec49a7b32e02527b620996f55803f02721fc17e9b22b533fd
Sources/SignalAnalyzerPresentation/SignalAnalyzerOwnerFailureAdapter.swift	SignalAnalyzerPresentation	164	0	0	GiftUIFailureCore,SignalAnalyzerDomain	4223a225b8ea0c8a572642ec154b8d0baebd75b1689b8ad235ab9324334d9259
Sources/SignalAnalyzerPresentation/SignalAnalyzerPresentationAdmissionAdapter.swift	SignalAnalyzerPresentation	165	0	0	SignalAnalyzerDomain	0f80cfdd8a34286a8b73de2e6a54e153e560a8f8eab4c17635fb264a467a2c12
Sources/SignalAnalyzerPresentation/SignalAnalyzerPresentationValues.swift	SignalAnalyzerPresentation	237	0	0	GiftUI,GiftUIFailureCore,SignalAnalyzerDomain	aa678d815356fb3a73b496f44a2494a29b3f8d0e8a2e68dc973946657a65ee8e
Sources/SignalAnalyzerPresentation/SignalAnalyzerRuntimeCondition.swift	SignalAnalyzerPresentation	14	0	0	-	8c6ea5e9a31288411ae3f6bc2038d925e4789ff27f7270013613cb0354e882f5
Sources/SignalAnalyzerPresentation/SignalAnalyzerRuntimeFailureNormalizer.swift	SignalAnalyzerPresentation	53	0	0	GiftUIFailureCore	2aff2361063dc1d21286d16f7fd899f9df97a403b75b36381385614c40197b4d
Sources/SignalAnalyzerPresentation/SignalAnalyzerRuntimeFailureRule.swift	SignalAnalyzerPresentation	87	0	0	GiftUIFailureCore	fb5aac6db3b4d1f41aa0e4b5e70e4d9661f6d10c255d60cc5f1a09550a54c682
Sources/SignalAnalyzerPresentation/SignalAnalyzerTimelineFormatting.swift	SignalAnalyzerPresentation	49	0	0	SignalAnalyzerDomain	ac98b6acccfb2eef4b7621cc5552c532498df830fde9fa235480b552b4fa6605
Sources/SignalAnalyzerPresentation/SignalAnalyzerView.swift	SignalAnalyzerPresentation	426	0	0	GiftUI,SignalAnalyzerDomain	c21ec7f17548c511a61e36e13000787b07a02746ad1720f70736d05dceb93b2d
Sources/SignalAnalyzerPresentation/SignalAnalyzerWaveformGeometry.swift	SignalAnalyzerPresentation	94	0	0	GiftUI,SignalAnalyzerDomain	288e7f302fe604d9f8a504cd1eeae9f631e5ef2e5b12acf7f883d4e736a2b992
Tests/SignalAnalyzerPresentationTests/ModuleBoundaryTests.swift	SignalAnalyzerPresentationTests	10	0	0	SignalAnalyzerPresentation,Testing	21486742c080b77fb014a49d4a15105a87ac7c3a4c27196869a5e7f7c2269423
Tests/SignalAnalyzerPresentationTests/SignalAnalyzerDiagnosticProjectionTests.swift	SignalAnalyzerPresentationTests	13	0	0	GiftUI,SignalAnalyzerDomain,SignalAnalyzerPresentation,Testing	bd3d17badcfe550dc50f40a3134fa12b11bb0a7c201445e56c56efc64634677d
Tests/SignalAnalyzerPresentationTests/SignalAnalyzerFactApplicationTests.swift	SignalAnalyzerPresentationTests	119	0	0	GiftUI,GiftUIFailureCore,SignalAnalyzerDomain,SignalAnalyzerPresentation,Testing	f899a7f68e9f4721cba7946edf07af93c746c94d5458bc14bd20fe8e54713e3f
Tests/SignalAnalyzerPresentationTests/SignalAnalyzerFailureNormalizerTests.swift	SignalAnalyzerPresentationTests	151	0	0	GiftUIFailureCore,SignalAnalyzerDomain,SignalAnalyzerPresentation,Testing	3e81e9b1bc47e7cdc926d523dec263dc9a733cb0b137769d4fcfe71db47b3676
Tests/SignalAnalyzerPresentationTests/SignalAnalyzerOwnerFailureAdapterTests.swift	SignalAnalyzerPresentationTests	261	0	0	GiftUIFailureCore,SignalAnalyzerDomain,SignalAnalyzerPresentation,Testing	e96b1b399098d16c009a6b456a186f1cbe435c92d6d04e9140e1982b60a38063
Tests/SignalAnalyzerPresentationTests/SignalAnalyzerPresentationAdmissionAdapterTests.swift	SignalAnalyzerPresentationTests	214	0	0	GiftUIFailureCore,SignalAnalyzerDomain,SignalAnalyzerPresentation,Testing	b66e0f75a334ecd247b70f08aa073b73e32a7abab59d8db7fd5c5b6a05131ed2
Tests/SignalAnalyzerPresentationTests/SignalAnalyzerPresentationIntegrationTests.swift	SignalAnalyzerPresentationTests	177	0	0	GiftUI,GiftUIFailureCore,SignalAnalyzerDomain,SignalAnalyzerPresentation,Testing	77f964ec9e81a7b5a78aa65941799d1b908a69a5a35318b7fe3e92194d9a4e67
Tests/SignalAnalyzerPresentationTests/SignalAnalyzerPresentationValueTests.swift	SignalAnalyzerPresentationTests	117	0	0	GiftUI,SignalAnalyzerDomain,SignalAnalyzerPresentation,Testing	f5cd35f8c9a10079bd239f7adabbe3c67c3c4d780a6c7fbefbbc070f86b1b769
Tests/SignalAnalyzerPresentationTests/SignalAnalyzerTouchControlTests.swift	SignalAnalyzerPresentationTests	36	0	0	GiftUI,SignalAnalyzerDomain,SignalAnalyzerPresentation,Testing	33adeebb772d6a35a1ad4683e34646f7c1f74919de5844b3ffe4c003cfb2b15f
Tests/SignalAnalyzerPresentationTests/SignalAnalyzerViewHierarchyTests.swift	SignalAnalyzerPresentationTests	108	0	0	GiftUI,SignalAnalyzerDomain,SignalAnalyzerPresentation,Testing	f9030986b2f4d6827574c7dbf7736bfa9f5c1a8baa57ba9b3f43238cdfd0b269
Tests/SignalAnalyzerPresentationTests/SignalAnalyzerWaveformGeometryTests.swift	SignalAnalyzerPresentationTests	316	0	0	GiftUI,SignalAnalyzerDomain,SignalAnalyzerPresentation,Testing	bed3a07450bcffbbf98469115d61c13e5142dad050ecb5c7e53e3832ef25ff50
Sources/SignalAnalyzerPresetHarness/HardwareFreePresetRunner.swift	SignalAnalyzerPresetHarness	440	0	0	GiftUICapabilities,GiftUIHostConfiguration,GiftUIRuntimeCore,SignalAnalyzerDomain,SignalAnalyzerHost,SignalAnalyzerPresentation	326f66e931c7a7fd5dac510e0b2b8fca3d1e2ec7f3e84256d7f81ba30e13de19
Sources/SignalAnalyzerRaspberryPiARMv6/LinuxSignalAnalyzerPiInputPump.swift	SignalAnalyzerRaspberryPiARMv6	31	0	1	GiftUI,GiftUIDisplayCore,GiftUIPlatformRaspberryPi,Glibc,SignalAnalyzerTargetHost	8db77050f0d9274b29dcd7c6ceff2b738f80ee0765f983198878fcbe01aac368
Sources/SignalAnalyzerRaspberryPiARMv6/LinuxSignalAnalyzerPiProcessLoop.swift	SignalAnalyzerRaspberryPiARMv6	188	0	1	GiftUI,GiftUIDisplayCore,GiftUIHostConfiguration,GiftUIPlatformRaspberryPi,Glibc,SignalAnalyzerTargetHost	b52a20af5dda856ace051ecdbd24beb3779d9e862b53fd0e0a9057fb9ba44140
Sources/SignalAnalyzerRaspberryPiARMv6/PiHostNativeRehearsal.swift	SignalAnalyzerRaspberryPiARMv6	624	0	6	Foundation,GiftUI,GiftUIDisplayCore,GiftUIHostConfiguration,GiftUIPlatformRaspberryPi,SignalAnalyzerData,SignalAnalyzerDomain,SignalAnalyzerPresentation,SignalAnalyzerTargetHost	7f7006d5db9a6d3d7c130a7eadbe3e2ce6a30853065d2ab1da72bd542dddc249
Sources/SignalAnalyzerRaspberryPiARMv6/main.swift	SignalAnalyzerRaspberryPiARMv6	133	0	3	Darwin,GiftUIPlatformRaspberryPi,Glibc,SignalAnalyzerPresetHarness,SignalAnalyzerTargetHost	c2ee44b45b33cc74afa835b100d7ea0a1a1bc5bc3f0f196892a870312829465e
Sources/SignalAnalyzerTargetHost/DynamicSignalAnalyzerActionDispatcher.swift	SignalAnalyzerTargetHost	26	0	0	GiftUIInteraction,GiftUIRuntimeCore,GiftUIRuntimeDynamic,SignalAnalyzerPresentation	b7819b2265cf64114bb0c2287b4e399f3417d9e3abfcbd21f9023af57a7e5c17
Sources/SignalAnalyzerTargetHost/DynamicSignalAnalyzerApplicationFailureOwner.swift	SignalAnalyzerTargetHost	143	0	0	GiftUIFailureCore,SignalAnalyzerDomain,SignalAnalyzerHost,SignalAnalyzerPresentation	af68df510c73f92ce4fbe1ee0ee0e15ad1a3aa168b83e30f701a5b467dc16eed
Sources/SignalAnalyzerTargetHost/DynamicSignalAnalyzerPiAssembly.swift	SignalAnalyzerTargetHost	216	0	0	GiftUI,GiftUICapabilities,GiftUIHostConfiguration,GiftUIRasterCore,GiftUIReferenceTextResources,GiftUIRenderCore,GiftUIRuntimeCore,GiftUISurfaceCore,GiftUITextResources	63e764054ea8b53de9c3b2e5ec62ff34aa4f264f260ff22f1773c1f4f5739fbb
Sources/SignalAnalyzerTargetHost/DynamicSignalAnalyzerPiContactIngress.swift	SignalAnalyzerTargetHost	110	0	0	GiftUI,GiftUIExecution,GiftUIHostConfiguration	225c164a8e180ab05fefb6290a47f0090b834e1dacb8faae45b5e4752d256a1f
Sources/SignalAnalyzerTargetHost/DynamicSignalAnalyzerPiCorrelationOwner.swift	SignalAnalyzerTargetHost	59	0	0	GiftUI,GiftUIExecution	b8718d972fee0e1e1f620a22e5ddfc7a7445ceadbc57b13350c73a4c8b0d48ae
Sources/SignalAnalyzerTargetHost/DynamicSignalAnalyzerPiEndpoint.swift	SignalAnalyzerTargetHost	188	0	0	GiftUI,GiftUIBackendIntegration,GiftUICapabilities,GiftUIDisplayCore,GiftUIExecution,GiftUIHostConfiguration,GiftUIRasterCore,GiftUIReferenceTextResources,GiftUIRenderCore,GiftUISurfaceCore,GiftUITextResources	a2416ca904206756fac4ad581e6f58bbddd12e7b8a3ae607c8c7349e85e71f0c
Sources/SignalAnalyzerTargetHost/DynamicSignalAnalyzerPiInitialPresentationOwner.swift	SignalAnalyzerTargetHost	816	0	1	GiftUI,GiftUICapabilities,GiftUIDisplayCore,GiftUIExecution,GiftUIFailureCore,GiftUIHostConfiguration,GiftUIInteraction,GiftUIReferenceTextResources,GiftUIRuntimeCore,GiftUIRuntimeDynamic,Glibc,SignalAnalyzerHost,SignalAnalyzerPresentation	fe8503d64cbfc53f451f4f923a9951a9205c4ee62aed63197f0e3c61e126cce2
Sources/SignalAnalyzerTargetHost/DynamicSignalAnalyzerPiInputCoordinator.swift	SignalAnalyzerTargetHost	204	0	0	GiftUI,GiftUIDisplayCore,GiftUIExecution,GiftUIHostConfiguration,SignalAnalyzerHost,SignalAnalyzerPresentation	642f61108d659711e7bd10d840facd0a7ab8711797f0915e0317f8e6dfb497aa
Sources/SignalAnalyzerTargetHost/DynamicSignalAnalyzerPiLifecycleOwner.swift	SignalAnalyzerTargetHost	453	0	1	GiftUI,GiftUIDisplayCore,GiftUIExecution,GiftUIHostConfiguration,GiftUIInteraction,GiftUIRuntimeCore,GiftUIRuntimeDynamic,SignalAnalyzerData,SignalAnalyzerDomain,SignalAnalyzerHost,SignalAnalyzerPresentation	caca64a9fa09597dbdff77bcb6cb1d80440e99feed6197beb3994a180b428106
Sources/SignalAnalyzerTargetHost/DynamicSignalAnalyzerPiWakeAdmission.swift	SignalAnalyzerTargetHost	25	0	0	SignalAnalyzerDomain,SignalAnalyzerHost,SignalAnalyzerPresentation	a3b74af8949c97507431a5db007c371a67dd0a19ec8d095feda87b02763f7f7a
Sources/SignalAnalyzerTargetHost/DynamicSignalAnalyzerPiWakePacingOwner.swift	SignalAnalyzerTargetHost	129	0	0	GiftUIDisplayCore,GiftUIExecution,GiftUIHostConfiguration	c638e21cb4be2f3b23f3037e5f77f674117cd5386dc0daffdf77b637db281909
Sources/SignalAnalyzerTargetHost/DynamicSignalAnalyzerPresentationPipeline.swift	SignalAnalyzerTargetHost	743	0	0	GiftUI,GiftUIBackendIntegration,GiftUIDrawing,GiftUIExecution,GiftUIInteraction,GiftUILayout,GiftUIObservableState,GiftUIRenderCore,GiftUIRuntimeCore,GiftUIRuntimeDynamic,GiftUISemanticCore,GiftUITextResources,SignalAnalyzerHost,SignalAnalyzerPresentation	e19185857cac3fb7211113efd0946e09ce9ae92cd9e9b29b26171888e49ec609
Sources/SignalAnalyzerTargetHost/Generated/StaticSignalAnalyzerNRFCanvasTable.generated.swift	SignalAnalyzerTargetHost	117	1	0	GiftUI,GiftUIDrawing,GiftUIRuntimeStatic,SignalAnalyzerDomain,SignalAnalyzerPresentation	5cddb271638c855cefca869e19ce85b939de4a705703750398159a60e44c4c4a
Sources/SignalAnalyzerTargetHost/Generated/StaticSignalAnalyzerNRFEmbeddedCanvasTable.generated.swift	SignalAnalyzerTargetHost	35	1	0	-	a9d5c49c7d88b6357ca70102a699714cd482256982f4d5fafb53eeab66e5246c
Sources/SignalAnalyzerTargetHost/Generated/StaticSignalAnalyzerNRFModelDescriptor.generated.swift	SignalAnalyzerTargetHost	10	1	0	-	86f00450ed7ebce1c886717166bfbbafa6d0b19756aacd49dc1402d4671fa5e5
Sources/SignalAnalyzerTargetHost/Generated/StaticSignalAnalyzerNRFModifierPayload.generated.swift	SignalAnalyzerTargetHost	295	1	0	GiftUI,GiftUISemanticCore	2c47d6a28d5bfd22808b6a9f85d211debcdebd39c346ccd5694f2bdef4c91bb6
Sources/SignalAnalyzerTargetHost/Generated/StaticSignalAnalyzerNRFPackedSemanticRecords.generated.swift	SignalAnalyzerTargetHost	578	1	1	-	c8981c6b36c6622c9f843bacf9fa46e3f95e2ea6be101e113e546fca06139b78
Sources/SignalAnalyzerTargetHost/Generated/StaticSignalAnalyzerNRFPresentationInputs.generated.swift	SignalAnalyzerTargetHost	327	1	0	GiftUI,GiftUIDrawing,GiftUIExecution,GiftUIRuntimeCore,GiftUIRuntimeStatic,GiftUISemanticCore,SignalAnalyzerDomain,SignalAnalyzerPresentation	1db141782f3a3c6a22f751b7245dc2d7ee4699957fbdc909bac8d6b3c94cdf8e
Sources/SignalAnalyzerTargetHost/Generated/StaticSignalAnalyzerNRFPrimitivePayload.generated.swift	SignalAnalyzerTargetHost	150	1	0	GiftUI,GiftUISemanticCore	383f33b602e586308e5c4c4ac42169a30038eb7f3f646e1d6674b7860f99ebe0
Sources/SignalAnalyzerTargetHost/Generated/StaticSignalAnalyzerNRFReferenceMetrics.generated.swift	SignalAnalyzerTargetHost	336	1	0	GiftUITextResources	1b460f1403dae281fdf78349781f7ffee408e7bf65b797c3cc8d5e5c3958c3d6
Sources/SignalAnalyzerTargetHost/Generated/StaticSignalAnalyzerNRFSemanticRegion.generated.swift	SignalAnalyzerTargetHost	631	1	0	GiftUIRuntimeCore,GiftUIRuntimeStatic,GiftUISemanticCore	5820ee61fcd24565bd26428a55c2d4adab8bf310a42ac69efe53d6f8bba63dc8
Sources/SignalAnalyzerTargetHost/Generated/StaticSignalAnalyzerNRFTextPoolWriter.generated.swift	SignalAnalyzerTargetHost	57	1	0	GiftUI	2dafbae6a2293052d51fc796c57c971786266bb502cf39e5eaa1803dd19ec967
Sources/SignalAnalyzerTargetHost/Generated/StaticSignalAnalyzerNRFTopologyWriter.generated.swift	SignalAnalyzerTargetHost	593	1	1	SignalAnalyzerPresentation	02c0ee5b21820f9c5c62e20ae2e867dbf8929ee750f0454271fe7409b75643d0
Sources/SignalAnalyzerTargetHost/Generated/StaticSignalAnalyzerNRFUTF8LayoutView.generated.swift	SignalAnalyzerTargetHost	174	1	0	GiftUISemanticCore	daf0f768823c35a9974e0d413cf5b2d6e450500f50104b89ac5ab0ae3ae37707
Sources/SignalAnalyzerTargetHost/Generated/StaticSignalAnalyzerNRFUTF8RenderView.generated.swift	SignalAnalyzerTargetHost	108	1	0	GiftUISemanticCore	41afeee93288fa58112a17402533cf6acec29450349223483abf6648c81d2e31
Sources/SignalAnalyzerTargetHost/Generated/StaticSignalAnalyzerNRFUTF8TextPool.generated.swift	SignalAnalyzerTargetHost	145	1	2	GiftUI	eef7636059a3afd12eb91c069b09d988c743846601b7fb1841ed84eaa663e4a9
Sources/SignalAnalyzerTargetHost/SignalAnalyzerCycleFailureNormalizer.swift	SignalAnalyzerTargetHost	176	0	0	GiftUIExecution,GiftUIFailureCore,GiftUIRuntimeCore,SignalAnalyzerPresentation	ab74d18e7846df78ae641cfe6d18f0518b37fa7c1f3d6445f9ac854759691cef
Sources/SignalAnalyzerTargetHost/SignalAnalyzerCycleOwnerFailure.swift	SignalAnalyzerTargetHost	8	0	0	GiftUIRuntimeCore,SignalAnalyzerPresentation	6a4d50a4394753b0c8865cc5f5388d8bd03cd3ea4d1732033dfba1e1025f2dfe
Sources/SignalAnalyzerTargetHost/SignalAnalyzerCycleResidualPolicyOwner.swift	SignalAnalyzerTargetHost	68	0	0	GiftUIFailureCore,GiftUIHostConfiguration	aad00cadc59111b5fd1ae7d233b3651565fb7dc509eecf75a814a2796127c0db
Sources/SignalAnalyzerTargetHost/StaticSignalAnalyzerActionDispatcher.swift	SignalAnalyzerTargetHost	28	0	0	GiftUIInteraction,GiftUIRuntimeCore,GiftUIRuntimeStatic,SignalAnalyzerPresentation	d8a4046d3cdadcb32395f6b1327ad06848bab5ba5c9a575ffdfcd0efb2624361
Sources/SignalAnalyzerTargetHost/StaticSignalAnalyzerNRFApplicationInputOwner.swift	SignalAnalyzerTargetHost	69	0	0	GiftUI,GiftUIRuntimeStatic,SignalAnalyzerPresentation	4c29a346e714bc5b13b3db601c961f5311e57578623cc6d8d729f059bf9bc8ba
Sources/SignalAnalyzerTargetHost/StaticSignalAnalyzerNRFApplicationStorage.swift	SignalAnalyzerTargetHost	442	0	0	GiftUI,GiftUIExecution,GiftUIHostConfiguration,GiftUIInteraction,GiftUIObservableState,GiftUIRuntimeCore,GiftUIRuntimeStatic,SignalAnalyzerDomain,SignalAnalyzerHost,SignalAnalyzerPresentation	aa134c1e242d05835478224fb051eb33e3462652dc594581acf2b6b8353afc51
Sources/SignalAnalyzerTargetHost/StaticSignalAnalyzerNRFAssembly.swift	SignalAnalyzerTargetHost	233	0	0	GiftUI,GiftUICapabilities,GiftUIHostConfiguration,GiftUIRasterCore,GiftUIReferenceTextResources,GiftUIRenderCore,GiftUIRuntimeCore,GiftUISurfaceCore,GiftUITextResources	afc2625f2939547561cc547c847892ebd0a32dfca208f6b40aa939846023c723
Sources/SignalAnalyzerTargetHost/StaticSignalAnalyzerNRFCanvasInvocationSource.swift	SignalAnalyzerTargetHost	100	0	0	GiftUI,GiftUIDrawing	4cc31a36666e821dd77e55a61f390138b9266850a69a6f1e0f7c3429ac89c338
Sources/SignalAnalyzerTargetHost/StaticSignalAnalyzerNRFCanvasPass.swift	SignalAnalyzerTargetHost	37	0	0	GiftUIDrawing,GiftUIExecution,GiftUIHostConfiguration	af033e305b7f8486db0a92e6c5a53b885678e88bf344eb06bf2259f2c871e566
Sources/SignalAnalyzerTargetHost/StaticSignalAnalyzerNRFCaptureFactAdmission.swift	SignalAnalyzerTargetHost	385	0	0	SignalAnalyzerDomain	2d87532415bd78cc380bf9517753bed67903b60099570f6741224ee42f074c15
Sources/SignalAnalyzerTargetHost/StaticSignalAnalyzerNRFCaptureHistory.swift	SignalAnalyzerTargetHost	216	0	0	SignalAnalyzerDomain	f3dcbea79f54e4728204444aafbc13f878026e195142d85927e3c80af80053fa
Sources/SignalAnalyzerTargetHost/StaticSignalAnalyzerNRFCaptureRecord.swift	SignalAnalyzerTargetHost	35	0	0	SignalAnalyzerDomain	dfe2907c392cecf2149a574a1d12419cdcea38ef23b2bddbb05320be8f8ec75a
Sources/SignalAnalyzerTargetHost/StaticSignalAnalyzerNRFCaptureSnapshotView.swift	SignalAnalyzerTargetHost	58	0	0	SignalAnalyzerDomain	678e54031fa029dac68b9037bb7b0d82c9b5f9ebd137a8483758f3e53c98b303
Sources/SignalAnalyzerTargetHost/StaticSignalAnalyzerNRFCaptureStorage.swift	SignalAnalyzerTargetHost	90	0	0	-	0944da9988deb156033b059a757022ec7f8d29a03ca72bcf44255d0123dc815b
Sources/SignalAnalyzerTargetHost/StaticSignalAnalyzerNRFCommonLayoutPass.swift	SignalAnalyzerTargetHost	80	0	1	-	14daf96b6e4f18842072de197f7bdf5f7b6d4e51bf97fb2349519d866e991442
Sources/SignalAnalyzerTargetHost/StaticSignalAnalyzerNRFCommonLayoutWorkspace.swift	SignalAnalyzerTargetHost	287	0	1	-	0ca1b2748ef752bcc3af26127655d037625c61b3e4fb4b59fcb9d9ccd357e1ea
Sources/SignalAnalyzerTargetHost/StaticSignalAnalyzerNRFCompactCaptureFact.swift	SignalAnalyzerTargetHost	133	0	0	SignalAnalyzerDomain	2e1ccaac0886f50d0e93d18e57c4485d83d36ad90ca7602a1d606c1224030191
Sources/SignalAnalyzerTargetHost/StaticSignalAnalyzerNRFCompactFactRing.swift	SignalAnalyzerTargetHost	131	0	0	-	c27d3384ad3f04a79c6ca737610f2d52c15316da40531a88238e74fcdd157310
Sources/SignalAnalyzerTargetHost/StaticSignalAnalyzerNRFCompactPresentationFact.swift	SignalAnalyzerTargetHost	24	0	0	SignalAnalyzerDomain	e7edcfe7950fdc68623045c91a7cfbac6d576a32b24c1ef4deae8e43848180f8
Sources/SignalAnalyzerTargetHost/StaticSignalAnalyzerNRFDeterministicSource.swift	SignalAnalyzerTargetHost	63	0	0	SignalAnalyzerData,SignalAnalyzerDomain	7657893418f3c7284870d16f158eee73a201879b4fc1b73c3e3d973d323845ed
Sources/SignalAnalyzerTargetHost/StaticSignalAnalyzerNRFDisplayTarget.swift	SignalAnalyzerTargetHost	252	0	1	GiftUI,GiftUICapabilities,GiftUIDisplayCore,GiftUIFailureCore,GiftUISurfaceCore	7bb7c6b182489ffae9c8297b024387333207f79d6b5480af8cd266e837f07395
Sources/SignalAnalyzerTargetHost/StaticSignalAnalyzerNRFDrawingPlanRecords.swift	SignalAnalyzerTargetHost	266	0	0	GiftUI,GiftUIRenderCore	d64b167157bcae57d20e1bae17c17e5c9d0e2fb554e63f150483366717ca93b2
Sources/SignalAnalyzerTargetHost/StaticSignalAnalyzerNRFDrawingPlanStorage.swift	SignalAnalyzerTargetHost	301	0	0	GiftUI,GiftUIDrawing,GiftUIRenderCore	e3e8680e972cc1c5dbdf188cc30aa007cd6a45a963968b310ead6cc039a0a855
Sources/SignalAnalyzerTargetHost/StaticSignalAnalyzerNRFDrawingWorkspace.swift	SignalAnalyzerTargetHost	294	0	0	GiftUI,GiftUIDrawing,GiftUIRenderCore	af3aeb657ac99ccad65b060ba41584fbdff5e59fd0cfc8e1519039d8a6f0f628
Sources/SignalAnalyzerTargetHost/StaticSignalAnalyzerNRFEmbeddedActionDispatcher.swift	SignalAnalyzerTargetHost	67	0	1	-	740b45bf5d35215150a23d09abc36b078e38f969dd327b8c9943e71836d81035
Sources/SignalAnalyzerTargetHost/StaticSignalAnalyzerNRFEmbeddedCanvasPayload.swift	SignalAnalyzerTargetHost	101	0	1	-	14565a41d01542f4428e8b5d49f7e04371672567010b62aed4d11c6bafb959a0
Sources/SignalAnalyzerTargetHost/StaticSignalAnalyzerNRFEmbeddedCanvasSource.swift	SignalAnalyzerTargetHost	273	0	1	-	21dd27fb7c2fee5329208ad03e4b1fc65863495ee1ea005b533abc1983d5341c
Sources/SignalAnalyzerTargetHost/StaticSignalAnalyzerNRFEmbeddedCountingSink.swift	SignalAnalyzerTargetHost	107	0	1	-	cd424b0ef04ad42c53d5cfd967562ea2d5b09bde74c5774aa0fc7cabb1978b59
Sources/SignalAnalyzerTargetHost/StaticSignalAnalyzerNRFEmbeddedFontRaster.swift	SignalAnalyzerTargetHost	5	0	1	-	280f52af77092b624f7ef03f93e835197cce2d14c79ecef62af208415dc359db
Sources/SignalAnalyzerTargetHost/StaticSignalAnalyzerNRFEmbeddedGestureSession.swift	SignalAnalyzerTargetHost	119	0	1	-	542c33563a304fd5af90084d2fb7758a5f883e4a9a3eeccd2f3026e29448ac6d
Sources/SignalAnalyzerTargetHost/StaticSignalAnalyzerNRFEmbeddedInputHandler.swift	SignalAnalyzerTargetHost	75	0	1	-	e209dd636498363e558ea69f3aff52185fb8392f3f1319c31a17246d78a5ef4c
Sources/SignalAnalyzerTargetHost/StaticSignalAnalyzerNRFEmbeddedInteractionOccurrences.swift	SignalAnalyzerTargetHost	80	0	1	-	bb9cf4d07adf9153bfde470f1163bf8c631fda07f9becb92da63ebb6f4215f9c
Sources/SignalAnalyzerTargetHost/StaticSignalAnalyzerNRFEmbeddedInteractionOwner.swift	SignalAnalyzerTargetHost	98	0	1	-	51c235550a254ef68247adb2dccb7bc295ef8b83c924b9fc28143e4976558703
Sources/SignalAnalyzerTargetHost/StaticSignalAnalyzerNRFEmbeddedLayoutAdapters.swift	SignalAnalyzerTargetHost	106	0	1	-	ea12f252dcb0d847feaf4dad99b9504d6503bdd71be2f35e08f66723dc6b2c6b
Sources/SignalAnalyzerTargetHost/StaticSignalAnalyzerNRFEmbeddedLayoutInterfaces.swift	SignalAnalyzerTargetHost	2	0	0	-	b7646537d99f69d9835d8b80f6c879a5fb0952231df71f7fe2397e4586156bb0
Sources/SignalAnalyzerTargetHost/StaticSignalAnalyzerNRFEmbeddedLayoutModifier.swift	SignalAnalyzerTargetHost	117	0	0	-	79b49370734120c70472fadf293c1ed9509638368cd4cd895386cf53916de5d1
Sources/SignalAnalyzerTargetHost/StaticSignalAnalyzerNRFEmbeddedLayoutPrimitive.swift	SignalAnalyzerTargetHost	65	0	0	-	cf463b66510fc96f213d04dfc891788031a5ba32934655380fe21ed8f8c76c87
Sources/SignalAnalyzerTargetHost/StaticSignalAnalyzerNRFEmbeddedLayoutScopeCodec.swift	SignalAnalyzerTargetHost	158	0	0	-	b814a4df7f26a5cf5806ff52e0a25f6b9904631c912d7de9d273792fcc4c3862
Sources/SignalAnalyzerTargetHost/StaticSignalAnalyzerNRFEmbeddedLayoutTextCodec.swift	SignalAnalyzerTargetHost	195	0	0	-	5fdac8bd138aa36efdc0b521ecd77642a8b36db07268c8294e4029bde1d37b92
Sources/SignalAnalyzerTargetHost/StaticSignalAnalyzerNRFEmbeddedLayoutWorkspace.swift	SignalAnalyzerTargetHost	320	0	0	-	e255de7491bc3aa79c1e84dc767b54337d6282b1cb57d5f92ae391f3a804aa59
Sources/SignalAnalyzerTargetHost/StaticSignalAnalyzerNRFEmbeddedRasterSink.swift	SignalAnalyzerTargetHost	299	0	1	-	00a39976e025e004b16cdb83aef8ceae37a32602ccf44ddf6c4c5d42b152166a
Sources/SignalAnalyzerTargetHost/StaticSignalAnalyzerNRFEmbeddedRenderPreflight.swift	SignalAnalyzerTargetHost	152	0	1	-	4fbf70980b34f9f7ec58660bdbd66a0840c20e4659add161c31dfa622b3b25ad
Sources/SignalAnalyzerTargetHost/StaticSignalAnalyzerNRFEmbeddedRenderSemanticAdapter.swift	SignalAnalyzerTargetHost	64	0	1	-	4bc6eac0a052f34f6b1aa85767e70bbc543b8b943afc18982189aee3afb301c0
Sources/SignalAnalyzerTargetHost/StaticSignalAnalyzerNRFEmbeddedResolvedLayoutView.swift	SignalAnalyzerTargetHost	200	0	1	-	0f9c7501cc5ac1ff7f105ebaded0a7eb49c7f2e6fec774d3803e32345bf0c188
Sources/SignalAnalyzerTargetHost/StaticSignalAnalyzerNRFEmbeddedSemanticRegion.swift	SignalAnalyzerTargetHost	258	0	0	-	1acab6ddd2359481967a4efdc40fb24bc0bf238173a6fd471fb7b866cbbecb15
Sources/SignalAnalyzerTargetHost/StaticSignalAnalyzerNRFEmbeddedSemanticValidator.swift	SignalAnalyzerTargetHost	181	0	0	-	d4c0ba994f8351d177f7b9eda71db5db4f05de620cbaed42acb490a6efe69f7b
Sources/SignalAnalyzerTargetHost/StaticSignalAnalyzerNRFEmbeddedSemanticView.swift	SignalAnalyzerTargetHost	217	0	0	-	bcab71acf146cae5abb15710de87259666e54212f1e6b31c7055c8ad199d4cb8
Sources/SignalAnalyzerTargetHost/StaticSignalAnalyzerNRFEmbeddedTextMeasure.swift	SignalAnalyzerTargetHost	128	0	0	-	4a974ebd6488a061d67bd7ccb19297e8a250688a145989055607308b91b4afcf
Sources/SignalAnalyzerTargetHost/StaticSignalAnalyzerNRFEmbeddedTextPlace.swift	SignalAnalyzerTargetHost	114	0	0	-	61dc3c48366069221f333d6f0c5931254bdfdf784b9eab236b52c768150e64ab
Sources/SignalAnalyzerTargetHost/StaticSignalAnalyzerNRFEmbeddedTileRuns.swift	SignalAnalyzerTargetHost	72	0	1	-	7b0e46a9175e4022ec72f2b09a8afbeea42f8bcbd70155ce6a6620cb8a5ed31a
Sources/SignalAnalyzerTargetHost/StaticSignalAnalyzerNRFEndpoint.swift	SignalAnalyzerTargetHost	118	0	0	GiftUIBackendIntegration,GiftUIDisplayCore,GiftUIExecution,GiftUIHostConfiguration,GiftUIRasterCore,GiftUIReferenceTextResources,GiftUIRenderCore,GiftUITextResources	60464402998de9e51391cf9bc143639e9e3648f21ca5e028efdd921415940d31
Sources/SignalAnalyzerTargetHost/StaticSignalAnalyzerNRFGeneratedMetadata.swift	SignalAnalyzerTargetHost	70	0	0	GiftUIDrawing,GiftUIHostConfiguration,GiftUIRuntimeStatic,SignalAnalyzerPresentation	555aaeeae1f03d58b66abf0735f4121bffcd7b526160a325c85b436ab765da21
Sources/SignalAnalyzerTargetHost/StaticSignalAnalyzerNRFInputABI.swift	SignalAnalyzerTargetHost	178	0	0	GiftUI,GiftUIExecution,GiftUIHostConfiguration	44b837dcddecbba57ef337145b95957df14b0bb3bea760474c5f5ecf37dfaf33
Sources/SignalAnalyzerTargetHost/StaticSignalAnalyzerNRFInputCoordinator.swift	SignalAnalyzerTargetHost	244	0	0	GiftUI,GiftUIExecution,GiftUIHostConfiguration	4f75faa82f7c2470d5cf9d0eef36f927624f578b2c9f09b6502b82465fa2de1d
Sources/SignalAnalyzerTargetHost/StaticSignalAnalyzerNRFInteractionCandidateProducer.swift	SignalAnalyzerTargetHost	34	0	0	GiftUIExecution,GiftUIInteraction,GiftUIRuntimeCore,GiftUIRuntimeStatic	5c41bbbb5594d46ca1dea7680ba8ee45c80ca72c6ca66a2c203ef07da1a39d8c
Sources/SignalAnalyzerTargetHost/StaticSignalAnalyzerNRFInteractionHandler.swift	SignalAnalyzerTargetHost	227	0	0	GiftUI,GiftUIExecution,GiftUIInteraction,GiftUIRuntimeStatic,SignalAnalyzerHost,SignalAnalyzerPresentation	b3154ca1462f8028579c81f1d2059d44583cec31aa7cc2b35db0cf8ab23ea783
Sources/SignalAnalyzerTargetHost/StaticSignalAnalyzerNRFInteractionOccurrences.swift	SignalAnalyzerTargetHost	80	0	0	GiftUIInteraction,GiftUIRuntimeCore	1002ceb9da7ffdac09209ff4c9ace8e984b150ef3c27923a67f03c54527f04eb
Sources/SignalAnalyzerTargetHost/StaticSignalAnalyzerNRFInteractionTargetProjection.swift	SignalAnalyzerTargetHost	51	0	0	GiftUI,GiftUIExecution,GiftUIObservableState	a4b58ce69220e2145480a90a202dfa820290d63b6af77618d65781a56522fac5
Sources/SignalAnalyzerTargetHost/StaticSignalAnalyzerNRFLayoutPass.swift	SignalAnalyzerTargetHost	26	0	0	GiftUI,GiftUIHostConfiguration,GiftUILayout,GiftUIReferenceTextResources	3a0a7802e209bfcfcadda44ed58b3ff2fc56287a34f1167a7bcf410f2c29f04d
Sources/SignalAnalyzerTargetHost/StaticSignalAnalyzerNRFLayoutScopeCodec.swift	SignalAnalyzerTargetHost	176	0	0	GiftUI,GiftUILayout	e7bd705848cda2f0b14ae61599ae86202acaa9fb6d68cfc43a81893d0d212592
Sources/SignalAnalyzerTargetHost/StaticSignalAnalyzerNRFLayoutTextCodec.swift	SignalAnalyzerTargetHost	244	0	0	GiftUI,GiftUILayout,GiftUITextResources	d95f7fb97b8db46781d3b798b82caa33c6faa6bd3e4e97594f9c10806d6f4bfe
Sources/SignalAnalyzerTargetHost/StaticSignalAnalyzerNRFLayoutWorkspace.swift	SignalAnalyzerTargetHost	288	0	0	GiftUI,GiftUILayout,GiftUIReferenceTextResources,GiftUITextResources	2b3fed33ccfeedcb2d25780761089de408080fc328ee9909eb5f2940aa589918
Sources/SignalAnalyzerTargetHost/StaticSignalAnalyzerNRFLivePathStorage.swift	SignalAnalyzerTargetHost	127	0	0	GiftUI,GiftUIDrawing,GiftUIRenderCore	c7cc2e652dafdfd1cbfd2fe8db1ae8d98c2ab628743ecf2d8dafad553d364eef
Sources/SignalAnalyzerTargetHost/StaticSignalAnalyzerNRFModelCaptureState.swift	SignalAnalyzerTargetHost	150	0	0	SignalAnalyzerDomain	37fe877d5f5c7de2fee9a3538ab92494373f762586af79ead456647f3ebc9d15
Sources/SignalAnalyzerTargetHost/StaticSignalAnalyzerNRFModelLocation.swift	SignalAnalyzerTargetHost	265	0	0	SignalAnalyzerDomain	65c5f17074e74d3adf822f7965eb356ec7b2e5b8c778b84b58410935017c7aaa
Sources/SignalAnalyzerTargetHost/StaticSignalAnalyzerNRFModelModifierWriter.swift	SignalAnalyzerTargetHost	104	0	0	SignalAnalyzerDomain	601a92e6cc7a9902c90640fa3ab1dceaa25f6c439c806f1668a330977edfa7ef
Sources/SignalAnalyzerTargetHost/StaticSignalAnalyzerNRFModelTextWriter.swift	SignalAnalyzerTargetHost	123	0	0	SignalAnalyzerDomain,SignalAnalyzerPresentation	a2e7c9e4be86c7f3c18f3d918a6fb856dd507043439b3451ce420092a02d492c
Sources/SignalAnalyzerTargetHost/StaticSignalAnalyzerNRFOperationalFailureBridge.swift	SignalAnalyzerTargetHost	36	0	0	GiftUIFailureCore,SignalAnalyzerPresentation	0e91da1a940a654d6ab946dbfad5752f089bf9f2949ca9d74dbd0aa3188e8b1f
Sources/SignalAnalyzerTargetHost/StaticSignalAnalyzerNRFOperationalFailureFact.swift	SignalAnalyzerTargetHost	32	0	0	SignalAnalyzerDomain	ed48e96650c0dca8c5fc529ea3e3942be44e3db53187f86b48e91fd05ffd322d
Sources/SignalAnalyzerTargetHost/StaticSignalAnalyzerNRFPacedApplicationStage.swift	SignalAnalyzerTargetHost	151	0	0	GiftUI,GiftUIDisplayCore,GiftUIExecution,GiftUIHostConfiguration	51d1065898a7172c898f0ac9f67e62992ec4508d15bda2d35a58c4968f8067a6
Sources/SignalAnalyzerTargetHost/StaticSignalAnalyzerNRFPresentationCommitter.swift	SignalAnalyzerTargetHost	59	0	0	GiftUI,GiftUIExecution,GiftUIInteraction,GiftUIRuntimeCore,GiftUIRuntimeStatic	0728772e27510705790ec1d95f2afd21e70a1fe58431fca3c39d840e2cd02bd7
Sources/SignalAnalyzerTargetHost/StaticSignalAnalyzerNRFPresentationComposition.swift	SignalAnalyzerTargetHost	82	0	0	GiftUIHostConfiguration	9ab375f60e1b2aa8fd7eed0aad7d0ab055786a5916ddb9333bc1cf78b56d5fa8
Sources/SignalAnalyzerTargetHost/StaticSignalAnalyzerNRFPresentationHandoff.swift	SignalAnalyzerTargetHost	83	0	0	GiftUI,GiftUIDisplayCore,GiftUIExecution,GiftUIHostConfiguration,GiftUIRenderCore,GiftUIRuntimeCore	4c983db5901216b5dd3488b5b7edcaf31073fa5e16c89cca6e53f0de23f9de55
Sources/SignalAnalyzerTargetHost/StaticSignalAnalyzerNRFPresentationHealth.swift	SignalAnalyzerTargetHost	49	0	0	GiftUIDisplayCore,GiftUIHostConfiguration,GiftUIRuntimeCore	baf9afb1918990df279e9e2394a936bf52ed1efec92408ad09855b1c0a287c73
Sources/SignalAnalyzerTargetHost/StaticSignalAnalyzerNRFPresentationIdentityOwner.swift	SignalAnalyzerTargetHost	38	0	0	GiftUI,GiftUIExecution	2331c40a96e4697aef298c0cd29db94b310378d835fcfe7f7ae7cfac5f0533aa
Sources/SignalAnalyzerTargetHost/StaticSignalAnalyzerNRFPresentationPreparation.swift	SignalAnalyzerTargetHost	143	0	0	GiftUIDrawing,GiftUIExecution,GiftUIHostConfiguration,GiftUILayout,GiftUIRenderCore,GiftUIRenderLowering	9c324e35ba0874869cb63c5b54a913cfb4d2200969daf7ea7f5a5ef08fbfdbf9
Sources/SignalAnalyzerTargetHost/StaticSignalAnalyzerNRFPresentationTransaction.swift	SignalAnalyzerTargetHost	64	0	0	GiftUI,GiftUIDisplayCore,GiftUIExecution	9e6d71240de69b12b083d3773a8ea330a4fb0b850b170748cdbaa5c29fe93e09
Sources/SignalAnalyzerTargetHost/StaticSignalAnalyzerNRFProfileBinding.swift	SignalAnalyzerTargetHost	52	0	0	GiftUIDrawing,GiftUIHostConfiguration,GiftUIRuntimeCore,GiftUIRuntimeStatic	43144176374c61e6e0581c6c3546fb15249b0215b26b7b9aede076688747feee
Sources/SignalAnalyzerTargetHost/StaticSignalAnalyzerNRFProfileRegions.swift	SignalAnalyzerTargetHost	249	0	0	GiftUIRuntimeCore,GiftUIRuntimeStatic	c5de068b4e506c7ed2ceab5144a8002b64ed465d2b950ca6fd68230ea561f314
Sources/SignalAnalyzerTargetHost/StaticSignalAnalyzerNRFRegionMap.swift	SignalAnalyzerTargetHost	41	0	0	-	e30b971f18576370b89157d9a5527f138089292be6571930c84de1b573dfa6ca
Sources/SignalAnalyzerTargetHost/StaticSignalAnalyzerNRFRenderOffer.swift	SignalAnalyzerTargetHost	85	0	0	GiftUI,GiftUIBackendIntegration,GiftUIDisplayCore,GiftUIDrawing,GiftUIExecution,GiftUIHostConfiguration,GiftUIReferenceTextResources,GiftUIRenderCore,GiftUIRenderLowering	cdad83e7574b9b4d286bbd968f64f412bdc3e6f4eb870dc0274f09d3668123ca
Sources/SignalAnalyzerTargetHost/StaticSignalAnalyzerNRFRenderWorkspace.swift	SignalAnalyzerTargetHost	111	0	1	GiftUI,GiftUIRenderLowering	db981d8dbba39b10ff988eecc4dee43d90c0f92fd14db7939ffffe071daedaab
Sources/SignalAnalyzerTargetHost/StaticSignalAnalyzerNRFRepositoryProducer.swift	SignalAnalyzerTargetHost	202	0	0	SignalAnalyzerDomain	9441cc2ac6efedf435815f95e38ecf4845bb0d9645124720007e1580e4505dad
Sources/SignalAnalyzerTargetHost/StaticSignalAnalyzerNRFResidualRouting.swift	SignalAnalyzerTargetHost	51	0	0	GiftUIHostConfiguration	c780a65d287763341727f5f8f74bab14f2a4b73b27673422428b15cd5426f8a6
Sources/SignalAnalyzerTargetHost/StaticSignalAnalyzerNRFResolvedLayout.swift	SignalAnalyzerTargetHost	303	0	0	GiftUI,GiftUILayout,GiftUIReferenceTextResources,GiftUISemanticCore,GiftUITextResources	c693cff0f81714b57917da5bcf51ae9fe4ec1b81a2d0faef6f7c0782fb6bbf68
Sources/SignalAnalyzerTargetHost/StaticSignalAnalyzerNRFRuntimeStorage.swift	SignalAnalyzerTargetHost	66	0	0	GiftUIDrawing,GiftUIHostConfiguration,GiftUIRuntimeCore,GiftUIRuntimeStatic	7c54e02ad444649e5578bfbe94a0caf9d2cc2a6a4f3f8f9bfd985c6f66bdeb1e
Sources/SignalAnalyzerTargetHost/StaticSignalAnalyzerNRFSPITFTTransport.swift	SignalAnalyzerTargetHost	40	0	0	GiftUI	46345a3e848e150be7b640d73f73055f3327f9ee1019b98025b629f09bba878c
Sources/SignalAnalyzerTargetHost/StaticSignalAnalyzerNRFSealedFactApplication.swift	SignalAnalyzerTargetHost	111	0	0	SignalAnalyzerDomain,SignalAnalyzerPresentation	1b44be9bfae4ac565ec61f6a92b1568a32d4695ddc121cab09162b4305e81f1b
Sources/SignalAnalyzerTargetHost/StaticSignalAnalyzerNRFSemanticPublication.swift	SignalAnalyzerTargetHost	28	0	0	GiftUIRuntimeStatic	d7e481798d1af20aa438f719850f3d57077d0d7add302bbc7212aa39f9100056
Sources/SignalAnalyzerTargetHost/StaticSignalAnalyzerNRFSnapshotFact.swift	SignalAnalyzerTargetHost	61	0	0	SignalAnalyzerDomain	3c907cf9b517cf32239e2f67c565cd0b4c0b59902f7567372023512a8e76f9ca
Sources/SignalAnalyzerTargetHost/StaticSignalAnalyzerNRFTileStorage.swift	SignalAnalyzerTargetHost	92	0	0	GiftUIRasterCore	8276f21643b84c155ba2cd8c9c17b715dbbb3ea1086e50822ec991684eb8f537
